layer,neuron,input_a,input_b,gate_id,gate_name
1,0,32,0,9,not_xor
1,1,50,25,5,b
1,2,25,32,1,and
1,3,80,0,5,b
1,4,25,14,15,one
1,5,42,19,12,not_a
1,6,56,55,3,a
1,7,40,26,6,xor
1,8,11,38,13,implies
1,9,77,41,14,not_and
1,10,72,31,11,implied_by
1,11,5,6,10,not_b
1,12,52,3,10,not_b
1,13,9,38,13,implies
1,14,18,49,4,not_implied_by
1,15,23,55,10,not_b
1,16,13,17,3,a
1,17,49,15,15,one
1,18,36,16,1,and
1,19,51,57,0,zero
1,20,33,6,8,not_or
1,21,82,31,5,b
1,22,70,86,3,a
1,23,35,18,6,xor
1,24,40,10,14,not_and
1,25,1,28,2,not_implies
1,26,55,26,14,not_and
1,27,38,6,13,implies
1,28,77,24,9,not_xor
1,29,46,7,3,a
1,30,42,13,2,not_implies
1,31,81,18,10,not_b
1,32,51,75,6,xor
1,33,48,78,3,a
1,34,61,23,10,not_b
1,35,17,39,4,not_implied_by
1,36,31,80,1,and
1,37,7,59,8,not_or
1,38,15,42,5,b
1,39,9,81,3,a
1,40,51,15,8,not_or
1,41,42,72,4,not_implied_by
1,42,16,17,6,xor
1,43,59,1,0,zero
1,44,81,4,7,or
1,45,87,77,10,not_b
1,46,20,1,11,implied_by
1,47,17,16,5,b
1,48,59,57,14,not_and
1,49,13,64,7,or
1,50,12,27,14,not_and
1,51,68,60,2,not_implies
1,52,87,78,15,one
1,53,72,51,7,or
1,54,18,1,4,not_implied_by
1,55,28,86,4,not_implied_by
1,56,28,44,7,or
1,57,42,15,13,implies
1,58,67,28,12,not_a
1,59,40,63,8,not_or
1,60,85,61,5,b
1,61,79,88,5,b
1,62,11,14,2,not_implies
1,63,89,60,4,not_implied_by
1,64,35,80,3,a
1,65,5,68,7,or
1,66,7,79,5,b
1,67,50,5,3,a
1,68,68,64,0,zero
1,69,70,13,5,b
1,70,81,60,11,implied_by
1,71,2,38,13,implies
1,72,39,44,13,implies
1,73,68,32,1,and
1,74,74,44,15,one
1,75,87,49,11,implied_by
1,76,13,37,14,not_and
1,77,45,4,15,one
1,78,24,65,4,not_implied_by
1,79,47,81,8,not_or
1,80,70,22,4,not_implied_by
1,81,50,82,0,zero
1,82,32,87,1,and
1,83,6,79,15,one
1,84,89,69,12,not_a
1,85,54,76,5,b
1,86,50,85,11,implied_by
1,87,87,49,8,not_or
1,88,79,86,6,xor
1,89,6,6,14,not_and
1,90,74,81,15,one
1,91,42,6,3,a
1,92,84,29,0,zero
1,93,51,52,3,a
1,94,86,5,10,not_b
1,95,1,86,6,xor
1,96,27,30,2,not_implies
1,97,41,80,0,zero
1,98,49,45,6,xor
1,99,40,31,12,not_a
1,100,41,56,8,not_or
1,101,81,16,9,not_xor
1,102,79,22,3,a
1,103,2,31,2,not_implies
1,104,10,84,6,xor
1,105,20,3,2,not_implies
1,106,22,80,2,not_implies
1,107,59,11,5,b
1,108,55,80,3,a
1,109,57,80,0,zero
1,110,34,2,1,and
1,111,1,18,14,not_and
1,112,56,48,1,and
1,113,23,35,1,and
1,114,16,23,2,not_implies
1,115,48,38,15,one
1,116,68,24,5,b
1,117,4,18,11,implied_by
1,118,11,58,6,xor
1,119,43,81,6,xor
1,120,20,62,11,implied_by
1,121,49,71,12,not_a
1,122,27,82,6,xor
1,123,47,9,2,not_implies
1,124,57,20,5,b
1,125,7,74,11,implied_by
1,126,32,44,9,not_xor
1,127,83,36,12,not_a
1,128,12,58,2,not_implies
1,129,28,87,10,not_b
1,130,52,17,11,implied_by
1,131,29,79,0,zero
1,132,33,68,3,a
1,133,34,55,5,b
1,134,54,57,5,b
1,135,1,19,5,b
1,136,63,52,6,xor
1,137,19,47,8,not_or
1,138,38,2,10,not_b
1,139,31,66,8,not_or
1,140,8,80,5,b
1,141,64,7,10,not_b
1,142,36,2,3,a
1,143,81,70,8,not_or
1,144,30,70,9,not_xor
1,145,18,42,15,one
1,146,37,81,1,and
1,147,22,5,4,not_implied_by
1,148,37,45,5,b
1,149,19,15,5,b
1,150,0,19,1,and
1,151,13,49,6,xor
1,152,61,87,13,implies
1,153,80,4,7,or
1,154,4,59,10,not_b
1,155,31,83,14,not_and
1,156,73,71,5,b
1,157,74,9,8,not_or
1,158,80,25,10,not_b
1,159,60,26,6,xor
1,160,43,54,1,and
1,161,51,86,9,not_xor
1,162,8,48,2,not_implies
1,163,33,3,4,not_implied_by
1,164,51,19,2,not_implies
1,165,56,16,0,zero
1,166,56,75,11,implied_by
1,167,16,79,7,or
1,168,87,32,3,a
1,169,58,3,7,or
1,170,48,73,3,a
1,171,17,40,8,not_or
1,172,12,50,15,one
1,173,55,16,0,zero
1,174,72,0,15,one
1,175,13,14,8,not_or
1,176,83,89,6,xor
1,177,32,41,11,implied_by
1,178,12,55,2,not_implies
1,179,59,11,9,not_xor
1,180,39,47,5,b
1,181,15,51,4,not_implied_by
1,182,54,10,5,b
1,183,37,82,11,implied_by
1,184,56,7,12,not_a
1,185,58,23,8,not_or
1,186,45,66,11,implied_by
1,187,47,42,15,one
1,188,34,19,9,not_xor
1,189,56,63,15,one
1,190,66,70,7,or
1,191,39,5,2,not_implies
1,192,67,66,6,xor
1,193,8,39,13,implies
1,194,43,40,7,or
1,195,38,45,4,not_implied_by
1,196,7,69,0,zero
1,197,69,24,13,implies
1,198,37,2,15,one
1,199,18,50,3,a
1,200,71,85,4,not_implied_by
1,201,82,36,12,not_a
1,202,57,20,15,one
1,203,71,49,15,one
1,204,34,66,12,not_a
1,205,55,43,6,xor
1,206,32,62,10,not_b
1,207,69,2,6,xor
1,208,55,85,2,not_implies
1,209,52,87,4,not_implied_by
1,210,35,58,4,not_implied_by
1,211,16,77,1,and
1,212,22,12,7,or
1,213,4,21,0,zero
1,214,5,88,8,not_or
1,215,48,61,0,zero
1,216,66,34,10,not_b
1,217,70,74,8,not_or
1,218,81,77,13,implies
1,219,38,55,2,not_implies
1,220,45,58,3,a
1,221,24,0,12,not_a
1,222,84,33,5,b
1,223,7,57,11,implied_by
1,224,14,38,7,or
1,225,25,23,4,not_implied_by
1,226,57,60,0,zero
1,227,44,49,3,a
1,228,39,20,10,not_b
1,229,1,7,7,or
1,230,11,58,10,not_b
1,231,59,33,6,xor
1,232,15,3,1,and
1,233,89,22,15,one
1,234,74,37,12,not_a
1,235,74,81,13,implies
1,236,8,77,3,a
1,237,69,86,14,not_and
1,238,9,69,7,or
1,239,10,37,13,implies
1,240,38,13,3,a
1,241,65,56,8,not_or
1,242,61,41,10,not_b
1,243,0,0,2,not_implies
1,244,63,36,14,not_and
1,245,73,48,11,implied_by
1,246,72,22,12,not_a
1,247,55,62,11,implied_by
1,248,49,30,6,xor
1,249,89,54,15,one
1,250,85,21,8,not_or
1,251,11,46,2,not_implies
1,252,50,9,8,not_or
1,253,74,85,8,not_or
1,254,9,74,6,xor
1,255,51,16,6,xor
1,256,32,7,12,not_a
1,257,6,29,10,not_b
1,258,69,29,6,xor
1,259,9,83,8,not_or
1,260,42,48,8,not_or
1,261,81,89,13,implies
1,262,8,6,9,not_xor
1,263,49,72,3,a
1,264,48,18,14,not_and
1,265,53,24,6,xor
1,266,26,61,11,implied_by
1,267,7,26,5,b
1,268,69,70,4,not_implied_by
1,269,4,17,4,not_implied_by
1,270,13,34,0,zero
1,271,71,67,7,or
1,272,32,10,0,zero
1,273,43,80,2,not_implies
1,274,14,26,10,not_b
1,275,72,80,14,not_and
1,276,19,72,6,xor
1,277,27,60,15,one
1,278,65,22,5,b
1,279,50,26,11,implied_by
1,280,11,12,3,a
1,281,88,37,7,or
1,282,85,0,8,not_or
1,283,18,18,0,zero
1,284,19,7,11,implied_by
1,285,5,21,0,zero
1,286,29,53,7,or
1,287,68,14,3,a
1,288,14,39,5,b
1,289,74,10,7,or
1,290,16,9,2,not_implies
1,291,63,37,15,one
1,292,67,0,6,xor
1,293,49,18,3,a
1,294,11,5,12,not_a
1,295,6,70,5,b
1,296,65,87,6,xor
1,297,81,79,10,not_b
1,298,86,48,15,one
1,299,12,45,10,not_b
1,300,77,14,12,not_a
1,301,62,85,2,not_implies
1,302,0,62,10,not_b
1,303,37,48,11,implied_by
1,304,86,67,12,not_a
1,305,56,42,11,implied_by
1,306,38,70,15,one
1,307,15,75,1,and
1,308,39,81,1,and
1,309,26,19,1,and
1,310,7,70,11,implied_by
1,311,65,72,3,a
1,312,65,46,0,zero
1,313,5,63,13,implies
1,314,35,16,9,not_xor
1,315,78,21,12,not_a
1,316,66,31,0,zero
1,317,36,71,3,a
1,318,79,38,5,b
1,319,45,88,14,not_and
1,320,70,30,3,a
1,321,13,79,1,and
1,322,87,24,11,implied_by
1,323,43,13,10,not_b
1,324,11,71,8,not_or
1,325,9,51,1,and
1,326,32,3,10,not_b
1,327,69,25,9,not_xor
1,328,54,20,6,xor
1,329,8,70,1,and
1,330,26,79,5,b
1,331,56,63,13,implies
1,332,59,88,6,xor
1,333,44,48,14,not_and
1,334,19,11,3,a
1,335,29,63,1,and
1,336,73,16,14,not_and
1,337,56,27,10,not_b
1,338,41,30,10,not_b
1,339,50,68,0,zero
1,340,83,72,0,zero
1,341,27,17,2,not_implies
1,342,86,1,5,b
1,343,65,4,15,one
1,344,22,88,3,a
1,345,22,47,7,or
1,346,4,50,9,not_xor
1,347,9,66,6,xor
1,348,72,82,15,one
1,349,79,12,14,not_and
1,350,53,48,5,b
1,351,9,54,3,a
1,352,43,76,8,not_or
1,353,4,25,2,not_implies
1,354,25,13,12,not_a
1,355,52,67,12,not_a
1,356,8,18,1,and
1,357,41,74,13,implies
1,358,7,12,10,not_b
1,359,54,20,1,and
1,360,61,44,1,and
1,361,48,12,14,not_and
1,362,74,82,5,b
1,363,68,23,7,or
1,364,18,11,0,zero
1,365,58,88,1,and
1,366,84,77,8,not_or
1,367,74,50,10,not_b
1,368,11,23,6,xor
1,369,78,43,13,implies
1,370,3,25,9,not_xor
1,371,25,75,0,zero
1,372,73,2,15,one
1,373,56,74,11,implied_by
1,374,88,49,1,and
1,375,86,11,4,not_implied_by
1,376,16,30,12,not_a
1,377,43,8,10,not_b
1,378,14,58,13,implies
1,379,15,53,2,not_implies
1,380,18,65,8,not_or
1,381,81,9,11,implied_by
1,382,24,13,4,not_implied_by
1,383,60,59,12,not_a
1,384,12,18,1,and
1,385,41,86,11,implied_by
1,386,9,7,1,and
1,387,22,34,3,a
1,388,14,42,13,implies
1,389,19,18,5,b
1,390,49,72,6,xor
1,391,24,35,2,not_implies
1,392,28,37,1,and
1,393,27,80,1,and
1,394,68,53,11,implied_by
1,395,31,2,1,and
1,396,29,84,3,a
1,397,19,66,1,and
1,398,24,11,0,zero
1,399,59,83,8,not_or
1,400,61,14,2,not_implies
1,401,77,25,8,not_or
1,402,87,0,2,not_implies
1,403,19,81,1,and
1,404,27,22,11,implied_by
1,405,63,48,3,a
1,406,56,71,13,implies
1,407,29,6,7,or
1,408,10,40,10,not_b
1,409,74,68,8,not_or
1,410,9,2,5,b
1,411,13,39,8,not_or
1,412,63,25,8,not_or
1,413,51,28,9,not_xor
1,414,44,83,12,not_a
1,415,24,14,2,not_implies
1,416,25,35,9,not_xor
1,417,38,61,10,not_b
1,418,47,73,12,not_a
1,419,22,30,11,implied_by
1,420,10,44,11,implied_by
1,421,77,50,4,not_implied_by
1,422,1,24,11,implied_by
1,423,14,81,10,not_b
1,424,68,39,4,not_implied_by
1,425,62,1,15,one
1,426,14,89,0,zero
1,427,65,40,15,one
1,428,66,76,8,not_or
1,429,46,44,11,implied_by
1,430,46,71,5,b
1,431,37,59,1,and
1,432,33,64,12,not_a
1,433,82,22,14,not_and
1,434,43,55,6,xor
1,435,6,33,13,implies
1,436,82,30,14,not_and
1,437,20,27,4,not_implied_by
1,438,3,48,1,and
1,439,34,23,9,not_xor
1,440,63,2,7,or
1,441,14,68,0,zero
1,442,65,66,7,or
1,443,77,31,8,not_or
1,444,30,65,5,b
1,445,78,61,2,not_implies
1,446,47,81,5,b
1,447,21,88,11,implied_by
1,448,2,80,6,xor
1,449,71,50,12,not_a
1,450,8,46,2,not_implies
1,451,33,29,6,xor
1,452,32,63,2,not_implies
1,453,54,56,6,xor
1,454,20,5,14,not_and
1,455,9,27,2,not_implies
1,456,18,45,15,one
1,457,40,6,15,one
1,458,64,80,6,xor
1,459,89,37,9,not_xor
1,460,64,61,11,implied_by
1,461,86,41,2,not_implies
1,462,78,25,11,implied_by
1,463,79,79,9,not_xor
1,464,41,67,9,not_xor
1,465,84,74,5,b
1,466,67,24,0,zero
1,467,69,48,3,a
1,468,20,17,9,not_xor
1,469,85,61,3,a
1,470,29,34,15,one
1,471,10,29,11,implied_by
1,472,68,27,6,xor
1,473,59,53,0,zero
1,474,83,45,9,not_xor
1,475,36,84,14,not_and
1,476,41,57,6,xor
1,477,78,71,9,not_xor
1,478,71,55,8,not_or
1,479,1,53,4,not_implied_by
1,480,89,88,5,b
1,481,69,44,6,xor
1,482,58,43,2,not_implies
1,483,47,21,12,not_a
1,484,77,26,8,not_or
1,485,85,29,7,or
1,486,2,9,9,not_xor
1,487,67,30,10,not_b
1,488,51,69,3,a
1,489,76,54,14,not_and
1,490,69,22,5,b
1,491,39,75,11,implied_by
1,492,59,34,7,or
1,493,67,44,7,or
1,494,74,58,14,not_and
1,495,85,15,3,a
1,496,56,77,6,xor
1,497,45,50,3,a
1,498,55,79,1,and
1,499,51,49,11,implied_by
1,500,36,68,4,not_implied_by
1,501,74,21,4,not_implied_by
1,502,66,29,5,b
1,503,22,30,0,zero
1,504,54,66,15,one
1,505,60,24,11,implied_by
1,506,20,18,12,not_a
1,507,5,22,8,not_or
1,508,65,14,11,implied_by
1,509,87,28,0,zero
1,510,22,49,1,and
1,511,56,62,10,not_b
1,512,54,62,3,a
1,513,36,47,6,xor
1,514,80,5,14,not_and
1,515,35,23,6,xor
1,516,87,26,5,b
1,517,30,25,13,implies
1,518,69,49,12,not_a
1,519,47,82,14,not_and
1,520,43,34,0,zero
1,521,34,64,5,b
1,522,33,35,12,not_a
1,523,12,1,12,not_a
1,524,9,53,4,not_implied_by
1,525,78,5,0,zero
1,526,43,12,10,not_b
1,527,37,60,4,not_implied_by
1,528,50,83,0,zero
1,529,55,77,5,b
1,530,41,27,13,implies
1,531,12,42,5,b
1,532,86,81,7,or
1,533,88,43,9,not_xor
1,534,17,80,0,zero
1,535,80,76,5,b
1,536,9,27,12,not_a
1,537,76,15,3,a
1,538,46,15,2,not_implies
1,539,21,82,15,one
1,540,10,78,14,not_and
1,541,85,4,1,and
1,542,54,89,8,not_or
1,543,14,76,15,one
1,544,47,88,3,a
1,545,48,44,6,xor
1,546,40,78,2,not_implies
1,547,66,5,5,b
1,548,46,13,11,implied_by
1,549,18,50,3,a
1,550,51,7,1,and
1,551,22,15,12,not_a
1,552,67,4,9,not_xor
1,553,27,29,9,not_xor
1,554,41,13,13,implies
1,555,77,73,2,not_implies
1,556,50,10,14,not_and
1,557,14,36,13,implies
1,558,50,2,6,xor
1,559,86,10,10,not_b
1,560,55,50,8,not_or
1,561,59,7,15,one
1,562,84,23,7,or
1,563,31,47,5,b
1,564,60,69,14,not_and
1,565,76,81,1,and
1,566,79,46,15,one
1,567,13,4,3,a
1,568,35,43,14,not_and
1,569,60,49,3,a
1,570,74,87,2,not_implies
1,571,28,80,7,or
1,572,13,19,9,not_xor
1,573,83,88,1,and
1,574,78,63,8,not_or
1,575,85,49,5,b
1,576,22,83,10,not_b
1,577,57,47,7,or
1,578,52,78,14,not_and
1,579,17,41,9,not_xor
1,580,41,72,13,implies
1,581,12,75,7,or
1,582,85,27,10,not_b
1,583,33,10,14,not_and
1,584,89,50,4,not_implied_by
1,585,52,63,7,or
1,586,33,36,15,one
1,587,70,23,9,not_xor
1,588,52,66,10,not_b
1,589,81,19,0,zero
1,590,7,82,10,not_b
1,591,58,10,6,xor
1,592,2,61,12,not_a
1,593,65,6,13,implies
1,594,27,65,11,implied_by
1,595,51,72,9,not_xor
1,596,67,67,14,not_and
1,597,17,66,7,or
1,598,14,32,11,implied_by
1,599,66,56,5,b
1,600,11,78,0,zero
1,601,81,39,5,b
1,602,12,70,6,xor
1,603,54,28,9,not_xor
1,604,6,35,0,zero
1,605,29,60,11,implied_by
1,606,9,70,14,not_and
1,607,53,60,3,a
1,608,67,41,10,not_b
1,609,40,58,1,and
1,610,23,30,5,b
1,611,20,45,4,not_implied_by
1,612,83,58,4,not_implied_by
1,613,57,1,7,or
1,614,12,16,4,not_implied_by
1,615,39,41,6,xor
1,616,25,45,10,not_b
1,617,24,62,10,not_b
1,618,65,61,3,a
1,619,45,7,2,not_implies
1,620,72,54,13,implies
1,621,22,28,2,not_implies
1,622,18,20,5,b
1,623,20,85,0,zero
1,624,86,59,13,implies
1,625,41,59,14,not_and
1,626,71,51,15,one
1,627,30,82,1,and
1,628,42,23,2,not_implies
1,629,10,44,14,not_and
1,630,85,57,15,one
1,631,73,85,1,and
1,632,68,82,8,not_or
1,633,59,22,5,b
1,634,41,4,15,one
1,635,88,33,7,or
1,636,14,84,8,not_or
1,637,46,20,1,and
1,638,60,2,13,implies
1,639,8,9,7,or
1,640,40,60,10,not_b
1,641,8,5,1,and
1,642,51,82,3,a
1,643,65,72,14,not_and
1,644,43,77,12,not_a
1,645,18,1,9,not_xor
1,646,7,0,5,b
1,647,58,73,4,not_implied_by
1,648,43,48,4,not_implied_by
1,649,36,26,8,not_or
1,650,68,33,3,a
1,651,13,85,3,a
1,652,79,88,9,not_xor
1,653,37,44,12,not_a
1,654,83,69,12,not_a
1,655,2,14,9,not_xor
1,656,74,72,14,not_and
1,657,56,36,4,not_implied_by
1,658,58,89,8,not_or
1,659,54,87,4,not_implied_by
1,660,60,71,1,and
1,661,58,54,10,not_b
1,662,6,4,14,not_and
1,663,83,76,8,not_or
1,664,2,20,14,not_and
1,665,68,22,3,a
1,666,73,3,3,a
1,667,89,54,2,not_implies
1,668,46,74,8,not_or
1,669,2,73,6,xor
1,670,87,81,7,or
1,671,29,15,8,not_or
1,672,38,9,1,and
1,673,14,42,2,not_implies
1,674,47,60,7,or
1,675,58,15,6,xor
1,676,20,38,4,not_implied_by
1,677,14,47,3,a
1,678,23,45,11,implied_by
1,679,34,44,1,and
1,680,0,12,5,b
1,681,25,11,6,xor
1,682,69,4,8,not_or
1,683,53,17,15,one
1,684,39,67,14,not_and
1,685,62,34,3,a
1,686,8,15,1,and
1,687,30,40,2,not_implies
1,688,44,2,0,zero
1,689,75,42,14,not_and
1,690,81,76,2,not_implies
1,691,38,4,14,not_and
1,692,37,23,14,not_and
1,693,63,88,11,implied_by
1,694,29,62,12,not_a
1,695,77,39,0,zero
1,696,49,15,3,a
1,697,6,8,2,not_implies
1,698,26,39,6,xor
1,699,78,58,6,xor
1,700,28,25,13,implies
1,701,45,47,3,a
1,702,70,8,12,not_a
1,703,52,89,7,or
1,704,33,12,13,implies
1,705,14,23,6,xor
1,706,67,48,12,not_a
1,707,30,41,12,not_a
1,708,81,17,14,not_and
1,709,30,61,5,b
1,710,69,67,4,not_implied_by
1,711,39,2,4,not_implied_by
1,712,63,60,10,not_b
1,713,55,60,1,and
1,714,53,77,13,implies
1,715,78,43,4,not_implied_by
1,716,45,40,2,not_implies
1,717,81,68,12,not_a
1,718,27,79,1,and
1,719,48,7,8,not_or
1,720,60,83,11,implied_by
1,721,28,58,12,not_a
1,722,86,33,11,implied_by
1,723,29,48,7,or
1,724,9,43,0,zero
1,725,71,31,4,not_implied_by
1,726,54,30,12,not_a
1,727,56,76,5,b
1,728,7,38,4,not_implied_by
1,729,60,17,9,not_xor
1,730,73,69,13,implies
1,731,42,17,0,zero
1,732,80,23,12,not_a
1,733,24,50,3,a
1,734,78,6,4,not_implied_by
1,735,71,61,15,one
1,736,87,35,8,not_or
1,737,23,14,6,xor
1,738,70,76,15,one
1,739,40,10,8,not_or
1,740,4,1,10,not_b
1,741,36,40,9,not_xor
1,742,16,21,4,not_implied_by
1,743,82,11,1,and
1,744,89,41,14,not_and
1,745,22,36,15,one
1,746,58,47,11,implied_by
1,747,87,85,7,or
1,748,68,6,12,not_a
1,749,63,4,2,not_implies
1,750,36,88,5,b
1,751,86,88,5,b
1,752,22,47,11,implied_by
1,753,0,12,6,xor
1,754,16,22,6,xor
1,755,36,16,11,implied_by
1,756,14,37,9,not_xor
1,757,75,72,15,one
1,758,62,33,13,implies
1,759,46,81,11,implied_by
1,760,73,21,0,zero
1,761,88,87,5,b
1,762,89,53,2,not_implies
1,763,76,5,4,not_implied_by
1,764,35,36,1,and
1,765,48,68,12,not_a
1,766,76,60,14,not_and
1,767,80,52,7,or
1,768,36,4,3,a
1,769,75,15,13,implies
1,770,74,83,6,xor
1,771,20,28,9,not_xor
1,772,26,54,14,not_and
1,773,42,85,13,implies
1,774,13,53,15,one
1,775,54,56,1,and
1,776,29,24,6,xor
1,777,7,0,7,or
1,778,19,42,11,implied_by
1,779,72,7,8,not_or
1,780,46,52,8,not_or
1,781,24,81,10,not_b
1,782,16,17,13,implies
1,783,49,69,15,one
1,784,3,58,8,not_or
1,785,89,10,2,not_implies
1,786,39,37,0,zero
1,787,8,48,2,not_implies
1,788,7,4,5,b
1,789,80,32,2,not_implies
1,790,29,8,8,not_or
1,791,81,61,7,or
1,792,46,66,4,not_implied_by
1,793,3,5,2,not_implies
1,794,76,15,4,not_implied_by
1,795,88,67,10,not_b
1,796,36,84,13,implies
1,797,38,68,7,or
1,798,65,83,12,not_a
1,799,47,31,9,not_xor
1,800,37,80,4,not_implied_by
1,801,30,41,1,and
1,802,48,52,2,not_implies
1,803,15,75,6,xor
1,804,75,5,3,a
1,805,83,5,11,implied_by
1,806,11,1,9,not_xor
1,807,50,51,9,not_xor
1,808,43,74,12,not_a
1,809,13,82,9,not_xor
1,810,38,41,15,one
1,811,16,37,13,implies
1,812,53,41,12,not_a
1,813,32,2,14,not_and
1,814,4,77,4,not_implied_by
1,815,73,34,4,not_implied_by
1,816,40,72,9,not_xor
1,817,1,21,14,not_and
1,818,62,88,4,not_implied_by
1,819,13,30,5,b
1,820,32,3,1,and
1,821,30,23,3,a
1,822,70,38,13,implies
1,823,21,65,6,xor
1,824,63,28,0,zero
1,825,89,70,13,implies
1,826,42,76,7,or
1,827,20,88,9,not_xor
1,828,31,45,7,or
1,829,23,37,15,one
1,830,15,34,5,b
1,831,7,45,9,not_xor
1,832,28,48,8,not_or
1,833,52,44,12,not_a
1,834,9,36,15,one
1,835,70,57,8,not_or
1,836,81,0,14,not_and
1,837,76,68,9,not_xor
1,838,88,76,10,not_b
1,839,45,51,12,not_a
1,840,38,27,7,or
1,841,31,28,10,not_b
1,842,72,27,4,not_implied_by
1,843,73,11,2,not_implies
1,844,60,41,11,implied_by
1,845,31,39,13,implies
1,846,44,20,5,b
1,847,2,52,2,not_implies
1,848,67,0,15,one
1,849,3,84,11,implied_by
1,850,74,21,1,and
1,851,9,11,5,b
1,852,21,57,13,implies
1,853,84,84,13,implies
1,854,82,11,12,not_a
1,855,9,19,9,not_xor
1,856,79,4,7,or
1,857,58,17,7,or
1,858,87,89,13,implies
1,859,13,41,4,not_implied_by
1,860,12,60,1,and
1,861,50,79,3,a
1,862,37,41,8,not_or
1,863,59,8,0,zero
1,864,57,40,3,a
1,865,61,76,0,zero
1,866,71,63,14,not_and
1,867,3,5,1,and
1,868,58,14,15,one
1,869,28,80,2,not_implies
1,870,59,63,10,not_b
1,871,26,20,1,and
1,872,31,47,11,implied_by
1,873,19,17,0,zero
1,874,60,33,10,not_b
1,875,26,78,10,not_b
1,876,85,89,1,and
1,877,77,33,10,not_b
1,878,55,25,13,implies
1,879,74,48,10,not_b
1,880,57,3,14,not_and
1,881,75,11,14,not_and
1,882,51,17,14,not_and
1,883,30,58,0,zero
1,884,21,23,0,zero
1,885,53,31,2,not_implies
1,886,72,18,4,not_implied_by
1,887,43,6,6,xor
1,888,59,77,14,not_and
1,889,4,39,15,one
1,890,45,85,6,xor
1,891,89,3,14,not_and
1,892,81,0,12,not_a
1,893,65,4,13,implies
1,894,82,45,10,not_b
1,895,5,36,13,implies
1,896,20,35,0,zero
1,897,62,40,7,or
1,898,45,38,7,or
1,899,77,80,13,implies
1,900,68,80,4,not_implied_by
1,901,77,6,14,not_and
1,902,8,64,10,not_b
1,903,59,27,9,not_xor
1,904,3,78,11,implied_by
1,905,57,89,12,not_a
1,906,9,14,12,not_a
1,907,63,29,0,zero
1,908,14,45,2,not_implies
1,909,46,73,5,b
1,910,33,21,1,and
1,911,75,24,13,implies
1,912,74,50,13,implies
1,913,78,15,15,one
1,914,75,34,2,not_implies
1,915,21,35,12,not_a
1,916,24,15,15,one
1,917,57,55,0,zero
1,918,49,47,10,not_b
1,919,60,29,14,not_and
1,920,25,65,9,not_xor
1,921,22,42,0,zero
1,922,57,51,14,not_and
1,923,26,84,7,or
1,924,48,13,9,not_xor
1,925,20,3,10,not_b
1,926,83,64,6,xor
1,927,67,31,12,not_a
1,928,37,22,3,a
1,929,56,42,3,a
1,930,68,85,1,and
1,931,86,65,14,not_and
1,932,60,5,15,one
1,933,11,55,9,not_xor
1,934,45,14,7,or
1,935,8,78,12,not_a
1,936,14,83,15,one
1,937,79,45,2,not_implies
1,938,0,78,7,or
1,939,17,31,9,not_xor
1,940,15,27,2,not_implies
1,941,9,83,2,not_implies
1,942,71,43,8,not_or
1,943,82,28,11,implied_by
1,944,29,85,6,xor
1,945,33,48,11,implied_by
1,946,5,25,4,not_implied_by
1,947,28,15,11,implied_by
1,948,15,17,10,not_b
1,949,87,21,13,implies
1,950,36,23,3,a
1,951,1,31,9,not_xor
1,952,35,77,8,not_or
1,953,36,1,3,a
1,954,48,35,2,not_implies
1,955,16,7,2,not_implies
1,956,66,2,12,not_a
1,957,86,54,9,not_xor
1,958,35,28,15,one
1,959,9,87,14,not_and
1,960,58,84,4,not_implied_by
1,961,15,71,7,or
1,962,71,18,6,xor
1,963,63,41,10,not_b
1,964,73,70,12,not_a
1,965,1,23,4,not_implied_by
1,966,84,35,14,not_and
1,967,26,42,6,xor
1,968,68,11,10,not_b
1,969,48,6,11,implied_by
1,970,37,21,1,and
1,971,21,88,6,xor
1,972,23,19,0,zero
1,973,0,22,7,or
1,974,54,44,12,not_a
1,975,6,41,12,not_a
1,976,32,35,8,not_or
1,977,6,17,1,and
1,978,17,51,9,not_xor
1,979,84,15,7,or
1,980,25,1,1,and
1,981,0,20,12,not_a
1,982,69,82,15,one
1,983,79,54,7,or
1,984,17,50,14,not_and
1,985,72,86,7,or
1,986,1,72,7,or
1,987,17,53,10,not_b
1,988,31,36,13,implies
1,989,33,18,6,xor
1,990,49,42,4,not_implied_by
1,991,30,54,9,not_xor
1,992,32,32,12,not_a
1,993,79,77,4,not_implied_by
1,994,25,3,9,not_xor
1,995,10,76,15,one
1,996,77,53,5,b
1,997,21,75,9,not_xor
1,998,7,62,15,one
1,999,82,42,2,not_implies
1,1000,46,21,14,not_and
1,1001,72,67,15,one
1,1002,10,4,6,xor
1,1003,72,13,5,b
1,1004,88,49,12,not_a
1,1005,34,40,14,not_and
1,1006,3,86,2,not_implies
1,1007,4,75,1,and
1,1008,28,25,11,implied_by
1,1009,23,10,11,implied_by
1,1010,68,37,3,a
1,1011,11,13,4,not_implied_by
1,1012,78,30,5,b
1,1013,54,18,13,implies
1,1014,85,31,8,not_or
1,1015,58,69,2,not_implies
1,1016,23,80,12,not_a
1,1017,40,45,12,not_a
1,1018,83,54,13,implies
1,1019,13,87,5,b
1,1020,77,52,4,not_implied_by
1,1021,29,54,9,not_xor
1,1022,66,84,8,not_or
1,1023,9,4,7,or
1,1024,39,20,10,not_b
1,1025,24,63,3,a
1,1026,70,8,7,or
1,1027,68,3,12,not_a
1,1028,68,23,12,not_a
1,1029,78,2,4,not_implied_by
1,1030,73,45,2,not_implies
1,1031,88,5,12,not_a
1,1032,82,55,14,not_and
1,1033,34,30,13,implies
1,1034,44,35,9,not_xor
1,1035,45,3,7,or
1,1036,57,37,1,and
1,1037,55,76,14,not_and
1,1038,33,62,15,one
1,1039,66,5,7,or
1,1040,28,44,5,b
1,1041,59,34,14,not_and
1,1042,35,18,13,implies
1,1043,64,75,2,not_implies
1,1044,31,18,3,a
1,1045,65,69,7,or
1,1046,64,86,14,not_and
1,1047,45,72,12,not_a
1,1048,44,14,4,not_implied_by
1,1049,53,1,15,one
1,1050,54,66,4,not_implied_by
1,1051,1,82,6,xor
1,1052,3,54,2,not_implies
1,1053,22,18,12,not_a
1,1054,28,50,8,not_or
1,1055,37,88,11,implied_by
1,1056,60,62,4,not_implied_by
1,1057,8,65,14,not_and
1,1058,25,34,3,a
1,1059,67,19,7,or
1,1060,81,10,15,one
1,1061,50,48,5,b
1,1062,27,65,0,zero
1,1063,29,16,6,xor
1,1064,39,9,0,zero
1,1065,63,2,0,zero
1,1066,83,87,0,zero
1,1067,35,78,3,a
1,1068,77,27,5,b
1,1069,47,38,0,zero
1,1070,15,40,7,or
1,1071,27,56,2,not_implies
1,1072,41,29,13,implies
1,1073,16,87,9,not_xor
1,1074,0,72,14,not_and
1,1075,84,30,2,not_implies
1,1076,10,7,6,xor
1,1077,69,47,11,implied_by
1,1078,12,70,4,not_implied_by
1,1079,56,53,2,not_implies
1,1080,85,10,13,implies
1,1081,13,47,2,not_implies
1,1082,58,89,2,not_implies
1,1083,19,12,14,not_and
1,1084,6,56,15,one
1,1085,35,89,8,not_or
1,1086,31,54,6,xor
1,1087,85,73,15,one
1,1088,35,22,11,implied_by
1,1089,58,56,6,xor
1,1090,85,10,5,b
1,1091,55,63,8,not_or
1,1092,34,7,11,implied_by
1,1093,20,61,8,not_or
1,1094,45,86,15,one
1,1095,22,84,0,zero
1,1096,71,52,6,xor
1,1097,85,11,2,not_implies
1,1098,21,33,10,not_b
1,1099,77,14,2,not_implies
1,1100,73,82,12,not_a
1,1101,11,32,9,not_xor
1,1102,60,66,5,b
1,1103,54,61,0,zero
1,1104,84,47,0,zero
1,1105,17,12,12,not_a
1,1106,73,21,12,not_a
1,1107,14,11,7,or
1,1108,82,27,5,b
1,1109,3,36,15,one
1,1110,44,78,5,b
1,1111,0,30,4,not_implied_by
1,1112,47,5,5,b
1,1113,69,66,9,not_xor
1,1114,10,41,7,or
1,1115,46,20,11,implied_by
1,1116,4,76,4,not_implied_by
1,1117,3,20,12,not_a
1,1118,83,75,4,not_implied_by
1,1119,84,54,1,and
1,1120,44,35,12,not_a
1,1121,15,36,10,not_b
1,1122,16,60,14,not_and
1,1123,22,80,10,not_b
1,1124,58,5,10,not_b
1,1125,77,30,11,implied_by
1,1126,8,22,1,and
1,1127,59,55,14,not_and
1,1128,71,18,6,xor
1,1129,41,40,15,one
1,1130,74,30,11,implied_by
1,1131,26,38,13,implies
1,1132,3,55,10,not_b
1,1133,13,76,9,not_xor
1,1134,78,67,15,one
1,1135,31,78,13,implies
1,1136,33,36,10,not_b
1,1137,71,69,2,not_implies
1,1138,14,7,1,and
1,1139,43,5,2,not_implies
1,1140,61,38,14,not_and
1,1141,7,49,6,xor
1,1142,23,30,6,xor
1,1143,77,74,9,not_xor
1,1144,76,50,12,not_a
1,1145,2,82,11,implied_by
1,1146,55,71,8,not_or
1,1147,18,51,14,not_and
1,1148,43,60,11,implied_by
1,1149,31,53,3,a
1,1150,12,67,0,zero
1,1151,69,28,7,or
1,1152,33,13,4,not_implied_by
1,1153,75,88,11,implied_by
1,1154,56,19,4,not_implied_by
1,1155,85,62,9,not_xor
1,1156,1,52,13,implies
1,1157,52,21,5,b
1,1158,38,13,2,not_implies
1,1159,0,63,7,or
1,1160,64,87,9,not_xor
1,1161,74,26,0,zero
1,1162,46,73,14,not_and
1,1163,37,29,0,zero
1,1164,52,72,14,not_and
1,1165,5,12,0,zero
1,1166,19,44,11,implied_by
1,1167,4,59,11,implied_by
1,1168,39,43,3,a
1,1169,28,52,8,not_or
1,1170,39,16,0,zero
1,1171,80,24,7,or
1,1172,21,26,7,or
1,1173,4,4,8,not_or
1,1174,67,66,1,and
1,1175,25,4,3,a
1,1176,23,83,0,zero
1,1177,44,7,12,not_a
1,1178,81,32,7,or
1,1179,72,81,3,a
1,1180,39,82,2,not_implies
1,1181,13,4,15,one
1,1182,43,60,8,not_or
1,1183,56,15,0,zero
1,1184,3,44,14,not_and
1,1185,4,49,2,not_implies
1,1186,25,0,15,one
1,1187,63,21,11,implied_by
1,1188,44,4,6,xor
1,1189,17,15,13,implies
1,1190,24,84,7,or
1,1191,56,13,0,zero
1,1192,68,88,11,implied_by
1,1193,19,38,3,a
1,1194,62,61,6,xor
1,1195,12,43,12,not_a
1,1196,72,48,5,b
1,1197,54,63,15,one
1,1198,72,15,5,b
1,1199,66,63,0,zero
1,1200,21,40,10,not_b
1,1201,33,27,9,not_xor
1,1202,27,75,7,or
1,1203,47,57,4,not_implied_by
1,1204,39,64,15,one
1,1205,1,13,13,implies
1,1206,17,64,9,not_xor
1,1207,32,5,2,not_implies
1,1208,14,83,13,implies
1,1209,76,32,13,implies
1,1210,39,54,0,zero
1,1211,47,80,10,not_b
1,1212,22,35,0,zero
1,1213,16,62,5,b
1,1214,68,8,3,a
1,1215,70,59,1,and
1,1216,35,55,11,implied_by
1,1217,48,28,5,b
1,1218,10,23,14,not_and
1,1219,5,42,1,and
1,1220,68,36,0,zero
1,1221,34,17,3,a
1,1222,1,31,1,and
1,1223,50,50,1,and
1,1224,25,66,11,implied_by
1,1225,71,49,14,not_and
1,1226,38,1,8,not_or
1,1227,73,28,2,not_implies
1,1228,46,48,13,implies
1,1229,20,3,14,not_and
1,1230,86,64,9,not_xor
1,1231,43,4,8,not_or
1,1232,3,12,13,implies
1,1233,64,44,15,one
1,1234,66,46,7,or
1,1235,49,28,5,b
1,1236,41,37,12,not_a
1,1237,40,75,5,b
1,1238,66,42,15,one
1,1239,69,45,1,and
1,1240,55,67,14,not_and
1,1241,84,4,3,a
1,1242,48,36,13,implies
1,1243,73,28,15,one
1,1244,41,75,1,and
1,1245,63,34,5,b
1,1246,82,82,2,not_implies
1,1247,20,18,6,xor
1,1248,2,68,13,implies
1,1249,13,18,10,not_b
1,1250,33,24,8,not_or
1,1251,74,76,2,not_implies
1,1252,29,34,15,one
1,1253,73,25,14,not_and
1,1254,29,18,11,implied_by
1,1255,60,78,3,a
1,1256,61,89,10,not_b
1,1257,29,87,4,not_implied_by
1,1258,11,11,3,a
1,1259,59,65,6,xor
1,1260,7,47,11,implied_by
1,1261,11,50,13,implies
1,1262,40,40,8,not_or
1,1263,78,27,8,not_or
1,1264,1,6,0,zero
1,1265,39,61,4,not_implied_by
1,1266,51,6,4,not_implied_by
1,1267,3,74,9,not_xor
1,1268,80,57,0,zero
1,1269,73,28,4,not_implied_by
1,1270,77,38,13,implies
1,1271,83,69,6,xor
1,1272,13,75,3,a
1,1273,49,49,3,a
1,1274,5,58,5,b
1,1275,22,33,1,and
1,1276,50,32,15,one
1,1277,56,61,5,b
1,1278,82,83,12,not_a
1,1279,50,81,11,implied_by
1,1280,62,57,4,not_implied_by
1,1281,64,23,9,not_xor
1,1282,44,20,7,or
1,1283,37,4,4,not_implied_by
1,1284,60,26,7,or
1,1285,71,54,5,b
1,1286,39,24,8,not_or
1,1287,80,10,0,zero
1,1288,1,75,6,xor
1,1289,27,84,3,a
1,1290,7,68,15,one
1,1291,79,27,7,or
1,1292,41,45,14,not_and
1,1293,63,17,2,not_implies
1,1294,82,56,2,not_implies
1,1295,81,21,4,not_implied_by
1,1296,84,45,0,zero
1,1297,20,25,8,not_or
1,1298,72,38,15,one
1,1299,39,33,13,implies
1,1300,63,69,5,b
1,1301,65,61,11,implied_by
1,1302,71,84,12,not_a
1,1303,53,61,5,b
1,1304,20,29,12,not_a
1,1305,56,29,10,not_b
1,1306,54,11,3,a
1,1307,44,86,15,one
1,1308,45,10,9,not_xor
1,1309,49,72,11,implied_by
1,1310,76,67,1,and
1,1311,66,53,11,implied_by
1,1312,35,84,9,not_xor
1,1313,85,51,11,implied_by
1,1314,75,62,10,not_b
1,1315,84,60,7,or
1,1316,43,78,4,not_implied_by
1,1317,51,12,11,implied_by
1,1318,59,18,4,not_implied_by
1,1319,33,12,7,or
1,1320,86,54,2,not_implies
1,1321,56,51,1,and
1,1322,32,59,5,b
1,1323,56,71,4,not_implied_by
1,1324,36,32,15,one
1,1325,33,69,4,not_implied_by
1,1326,48,71,0,zero
1,1327,83,26,13,implies
1,1328,50,2,13,implies
1,1329,84,76,7,or
1,1330,15,81,11,implied_by
1,1331,82,52,1,and
1,1332,76,77,9,not_xor
1,1333,29,86,4,not_implied_by
1,1334,8,21,8,not_or
1,1335,33,57,13,implies
1,1336,64,36,14,not_and
1,1337,27,77,2,not_implies
1,1338,78,77,8,not_or
1,1339,74,26,13,implies
1,1340,80,58,11,implied_by
1,1341,11,71,6,xor
1,1342,7,23,12,not_a
1,1343,64,16,11,implied_by
1,1344,83,38,6,xor
1,1345,55,54,11,implied_by
1,1346,38,30,4,not_implied_by
1,1347,54,47,10,not_b
1,1348,34,33,15,one
1,1349,39,51,2,not_implies
1,1350,60,79,10,not_b
1,1351,36,54,15,one
1,1352,42,4,5,b
1,1353,63,72,7,or
1,1354,85,40,11,implied_by
1,1355,57,89,6,xor
1,1356,60,82,12,not_a
1,1357,79,9,1,and
1,1358,71,89,6,xor
1,1359,11,74,5,b
1,1360,81,85,12,not_a
1,1361,56,14,1,and
1,1362,49,46,7,or
1,1363,40,8,11,implied_by
1,1364,41,83,4,not_implied_by
1,1365,45,28,9,not_xor
1,1366,51,68,6,xor
1,1367,74,2,6,xor
1,1368,26,57,13,implies
1,1369,75,53,3,a
1,1370,24,73,4,not_implied_by
1,1371,31,10,5,b
1,1372,10,76,11,implied_by
1,1373,32,62,14,not_and
1,1374,15,24,7,or
1,1375,52,22,15,one
1,1376,89,76,3,a
1,1377,24,31,5,b
1,1378,74,70,12,not_a
1,1379,43,66,5,b
1,1380,51,84,15,one
1,1381,31,28,14,not_and
1,1382,39,49,6,xor
1,1383,72,59,10,not_b
1,1384,66,64,10,not_b
1,1385,7,17,10,not_b
1,1386,26,16,5,b
1,1387,69,26,12,not_a
1,1388,9,67,0,zero
1,1389,29,64,6,xor
1,1390,88,3,1,and
1,1391,31,74,11,implied_by
1,1392,48,31,5,b
1,1393,38,61,8,not_or
1,1394,21,58,13,implies
1,1395,70,69,12,not_a
1,1396,85,40,14,not_and
1,1397,78,40,10,not_b
1,1398,16,12,11,implied_by
1,1399,42,83,3,a
1,1400,20,19,7,or
1,1401,50,35,1,and
1,1402,3,13,12,not_a
1,1403,64,17,4,not_implied_by
1,1404,10,57,0,zero
1,1405,4,54,13,implies
1,1406,49,11,7,or
1,1407,84,54,15,one
1,1408,54,9,5,b
1,1409,40,80,12,not_a
1,1410,67,40,9,not_xor
1,1411,55,79,3,a
1,1412,17,8,8,not_or
1,1413,4,1,7,or
1,1414,61,49,10,not_b
1,1415,35,78,10,not_b
1,1416,3,11,12,not_a
1,1417,62,62,12,not_a
1,1418,10,43,0,zero
1,1419,63,59,2,not_implies
1,1420,53,20,0,zero
1,1421,23,0,3,a
1,1422,24,79,8,not_or
1,1423,79,9,12,not_a
1,1424,35,1,4,not_implied_by
1,1425,32,54,7,or
1,1426,19,40,12,not_a
1,1427,15,28,6,xor
1,1428,52,75,5,b
1,1429,86,48,9,not_xor
1,1430,55,87,2,not_implies
1,1431,39,19,2,not_implies
1,1432,52,38,3,a
1,1433,64,17,6,xor
1,1434,19,60,10,not_b
1,1435,12,13,9,not_xor
1,1436,76,85,2,not_implies
1,1437,54,19,0,zero
1,1438,18,74,10,not_b
1,1439,22,36,9,not_xor
1,1440,57,68,2,not_implies
1,1441,1,24,7,or
1,1442,21,51,0,zero
1,1443,5,57,13,implies
1,1444,57,85,9,not_xor
1,1445,36,49,2,not_implies
1,1446,41,4,0,zero
1,1447,42,21,5,b
1,1448,59,48,11,implied_by
1,1449,6,71,6,xor
1,1450,43,55,10,not_b
1,1451,34,12,3,a
1,1452,40,2,2,not_implies
1,1453,31,9,14,not_and
1,1454,35,53,4,not_implied_by
1,1455,17,46,12,not_a
1,1456,9,40,5,b
1,1457,49,10,10,not_b
1,1458,38,50,6,xor
1,1459,39,73,7,or
1,1460,20,10,2,not_implies
1,1461,0,75,10,not_b
1,1462,81,28,6,xor
1,1463,66,74,12,not_a
1,1464,12,0,0,zero
1,1465,83,43,10,not_b
1,1466,69,37,4,not_implied_by
1,1467,48,31,15,one
1,1468,32,27,14,not_and
1,1469,85,58,0,zero
1,1470,32,9,3,a
1,1471,70,71,0,zero
1,1472,40,52,9,not_xor
1,1473,11,38,15,one
1,1474,60,43,6,xor
1,1475,75,84,6,xor
1,1476,49,73,0,zero
1,1477,34,38,10,not_b
1,1478,41,36,15,one
1,1479,34,43,0,zero
1,1480,79,79,10,not_b
1,1481,28,25,1,and
1,1482,66,30,4,not_implied_by
1,1483,3,6,11,implied_by
1,1484,0,64,14,not_and
1,1485,85,67,2,not_implies
1,1486,29,44,9,not_xor
1,1487,58,42,12,not_a
1,1488,28,56,8,not_or
1,1489,54,79,14,not_and
1,1490,76,7,6,xor
1,1491,68,54,11,implied_by
1,1492,38,0,12,not_a
1,1493,61,86,0,zero
1,1494,16,9,1,and
1,1495,41,46,10,not_b
1,1496,64,51,4,not_implied_by
1,1497,54,40,11,implied_by
1,1498,27,36,8,not_or
1,1499,16,73,7,or
1,1500,89,86,15,one
1,1501,20,18,15,one
1,1502,39,63,13,implies
1,1503,44,73,2,not_implies
1,1504,80,29,11,implied_by
1,1505,10,77,10,not_b
1,1506,0,6,2,not_implies
1,1507,68,8,9,not_xor
1,1508,25,2,4,not_implied_by
1,1509,54,44,2,not_implies
1,1510,42,15,4,not_implied_by
1,1511,47,12,14,not_and
1,1512,26,83,15,one
1,1513,80,84,5,b
1,1514,73,53,13,implies
1,1515,21,30,2,not_implies
1,1516,4,59,2,not_implies
1,1517,9,0,7,or
1,1518,49,84,10,not_b
1,1519,38,19,8,not_or
1,1520,74,11,7,or
1,1521,66,19,6,xor
1,1522,31,19,6,xor
1,1523,82,53,9,not_xor
1,1524,24,71,10,not_b
1,1525,30,83,10,not_b
1,1526,62,6,15,one
1,1527,45,30,10,not_b
1,1528,7,16,14,not_and
1,1529,44,30,14,not_and
1,1530,17,3,10,not_b
1,1531,23,68,8,not_or
1,1532,81,78,0,zero
1,1533,66,51,3,a
1,1534,69,56,13,implies
1,1535,30,80,14,not_and
1,1536,64,20,15,one
1,1537,39,11,10,not_b
1,1538,19,68,3,a
1,1539,40,7,9,not_xor
1,1540,28,34,14,not_and
1,1541,57,64,3,a
1,1542,21,65,15,one
1,1543,75,2,0,zero
1,1544,64,8,9,not_xor
1,1545,59,40,14,not_and
1,1546,35,61,7,or
1,1547,81,11,4,not_implied_by
1,1548,58,71,12,not_a
1,1549,24,6,9,not_xor
1,1550,0,26,4,not_implied_by
1,1551,75,88,14,not_and
1,1552,34,12,1,and
1,1553,52,45,2,not_implies
1,1554,36,14,7,or
1,1555,89,61,1,and
1,1556,35,46,8,not_or
1,1557,47,19,4,not_implied_by
1,1558,52,84,0,zero
1,1559,73,18,5,b
1,1560,45,50,7,or
1,1561,40,21,8,not_or
1,1562,39,52,3,a
1,1563,72,87,10,not_b
1,1564,42,85,8,not_or
1,1565,44,13,13,implies
1,1566,62,52,14,not_and
1,1567,69,27,15,one
1,1568,17,9,2,not_implies
1,1569,7,4,1,and
1,1570,65,86,9,not_xor
1,1571,83,64,0,zero
1,1572,49,28,13,implies
1,1573,44,8,7,or
1,1574,26,89,10,not_b
1,1575,61,37,8,not_or
1,1576,82,46,0,zero
1,1577,55,15,10,not_b
1,1578,60,21,6,xor
1,1579,15,12,9,not_xor
1,1580,8,65,6,xor
1,1581,77,33,7,or
1,1582,52,72,13,implies
1,1583,33,82,9,not_xor
1,1584,11,54,1,and
1,1585,38,79,11,implied_by
1,1586,60,74,1,and
1,1587,65,32,10,not_b
1,1588,67,70,12,not_a
1,1589,9,85,7,or
1,1590,61,68,6,xor
1,1591,56,85,3,a
1,1592,83,55,14,not_and
1,1593,47,9,12,not_a
1,1594,3,10,6,xor
1,1595,41,73,9,not_xor
1,1596,57,76,11,implied_by
1,1597,70,19,15,one
1,1598,16,28,7,or
1,1599,56,65,1,and
1,1600,71,33,9,not_xor
1,1601,25,70,2,not_implies
1,1602,36,53,1,and
1,1603,85,32,8,not_or
1,1604,15,88,1,and
1,1605,83,77,4,not_implied_by
1,1606,53,33,0,zero
1,1607,67,70,5,b
1,1608,44,20,13,implies
1,1609,89,28,12,not_a
1,1610,35,28,3,a
1,1611,84,17,12,not_a
1,1612,52,6,12,not_a
1,1613,89,85,13,implies
1,1614,72,48,4,not_implied_by
1,1615,64,32,4,not_implied_by
1,1616,5,21,2,not_implies
1,1617,59,22,13,implies
1,1618,47,14,1,and
1,1619,65,78,11,implied_by
1,1620,7,46,1,and
1,1621,77,61,15,one
1,1622,7,43,10,not_b
1,1623,82,70,7,or
1,1624,35,74,12,not_a
1,1625,68,52,1,and
1,1626,31,20,6,xor
1,1627,81,36,1,and
1,1628,70,42,15,one
1,1629,37,14,0,zero
1,1630,65,78,11,implied_by
1,1631,62,76,9,not_xor
1,1632,14,61,4,not_implied_by
1,1633,54,70,15,one
1,1634,79,33,15,one
1,1635,53,53,3,a
1,1636,20,45,12,not_a
1,1637,89,75,1,and
1,1638,0,2,14,not_and
1,1639,26,26,4,not_implied_by
1,1640,34,43,1,and
1,1641,36,55,10,not_b
1,1642,72,58,9,not_xor
1,1643,18,24,0,zero
1,1644,65,1,11,implied_by
1,1645,86,1,7,or
1,1646,41,18,8,not_or
1,1647,54,7,8,not_or
1,1648,11,32,15,one
1,1649,42,17,7,or
1,1650,47,35,6,xor
1,1651,0,8,7,or
1,1652,43,18,10,not_b
1,1653,66,26,15,one
1,1654,36,63,2,not_implies
1,1655,66,14,1,and
1,1656,80,23,15,one
1,1657,87,74,0,zero
1,1658,39,19,8,not_or
1,1659,48,82,1,and
1,1660,60,33,9,not_xor
1,1661,5,46,6,xor
1,1662,31,29,3,a
1,1663,83,0,2,not_implies
1,1664,57,76,4,not_implied_by
1,1665,80,31,11,implied_by
1,1666,48,56,13,implies
1,1667,4,11,3,a
1,1668,25,75,10,not_b
1,1669,31,25,11,implied_by
1,1670,60,25,6,xor
1,1671,77,26,14,not_and
1,1672,5,62,13,implies
1,1673,39,21,0,zero
1,1674,42,15,6,xor
1,1675,38,78,9,not_xor
1,1676,55,69,3,a
1,1677,6,19,8,not_or
1,1678,34,23,9,not_xor
1,1679,57,46,1,and
1,1680,24,43,14,not_and
1,1681,46,59,11,implied_by
1,1682,24,8,12,not_a
1,1683,7,21,14,not_and
1,1684,30,2,7,or
1,1685,28,24,5,b
1,1686,68,59,9,not_xor
1,1687,67,83,15,one
1,1688,0,58,7,or
1,1689,13,64,9,not_xor
1,1690,43,72,6,xor
1,1691,70,51,10,not_b
1,1692,4,24,12,not_a
1,1693,65,67,11,implied_by
1,1694,57,87,3,a
1,1695,15,3,14,not_and
1,1696,9,20,14,not_and
1,1697,23,2,14,not_and
1,1698,54,79,6,xor
1,1699,60,79,4,not_implied_by
1,1700,45,55,12,not_a
1,1701,15,49,15,one
1,1702,56,71,2,not_implies
1,1703,7,5,4,not_implied_by
1,1704,78,73,3,a
1,1705,2,0,7,or
1,1706,12,6,3,a
1,1707,84,9,0,zero
1,1708,77,85,6,xor
1,1709,15,41,6,xor
1,1710,39,82,14,not_and
1,1711,70,41,11,implied_by
1,1712,0,28,11,implied_by
1,1713,61,2,0,zero
1,1714,41,84,4,not_implied_by
1,1715,55,46,3,a
1,1716,68,34,1,and
1,1717,15,23,0,zero
1,1718,29,1,0,zero
1,1719,50,48,0,zero
1,1720,35,89,13,implies
1,1721,12,51,12,not_a
1,1722,86,2,6,xor
1,1723,21,74,15,one
1,1724,6,25,11,implied_by
1,1725,60,62,11,implied_by
1,1726,74,84,3,a
1,1727,42,13,6,xor
1,1728,69,89,15,one
1,1729,22,60,12,not_a
1,1730,64,14,14,not_and
1,1731,82,30,13,implies
1,1732,65,88,14,not_and
1,1733,16,51,2,not_implies
1,1734,81,36,12,not_a
1,1735,61,27,7,or
1,1736,7,26,13,implies
1,1737,14,25,11,implied_by
1,1738,41,39,12,not_a
1,1739,81,15,5,b
1,1740,68,39,8,not_or
1,1741,0,17,11,implied_by
1,1742,31,16,13,implies
1,1743,24,2,13,implies
1,1744,1,69,6,xor
1,1745,22,54,8,not_or
1,1746,32,53,7,or
1,1747,26,69,9,not_xor
1,1748,25,55,7,or
1,1749,73,65,7,or
1,1750,15,20,6,xor
1,1751,8,37,6,xor
1,1752,14,5,2,not_implies
1,1753,87,43,9,not_xor
1,1754,25,48,3,a
1,1755,59,63,4,not_implied_by
1,1756,64,25,5,b
1,1757,16,29,2,not_implies
1,1758,44,59,11,implied_by
1,1759,38,29,3,a
1,1760,85,7,11,implied_by
1,1761,22,11,12,not_a
1,1762,66,73,7,or
1,1763,66,9,4,not_implied_by
1,1764,26,43,6,xor
1,1765,48,11,15,one
1,1766,70,14,2,not_implies
1,1767,17,59,7,or
1,1768,64,60,1,and
1,1769,43,55,7,or
1,1770,24,21,9,not_xor
1,1771,12,1,10,not_b
1,1772,31,20,8,not_or
1,1773,84,83,0,zero
1,1774,10,25,4,not_implied_by
1,1775,32,40,6,xor
1,1776,69,44,6,xor
1,1777,39,77,5,b
1,1778,30,47,2,not_implies
1,1779,81,11,0,zero
1,1780,19,26,10,not_b
1,1781,23,19,5,b
1,1782,38,76,4,not_implied_by
1,1783,69,20,13,implies
1,1784,71,65,12,not_a
1,1785,2,74,5,b
1,1786,81,28,0,zero
1,1787,34,11,0,zero
1,1788,52,9,11,implied_by
1,1789,55,6,9,not_xor
1,1790,71,27,5,b
1,1791,14,2,4,not_implied_by
1,1792,53,32,4,not_implied_by
1,1793,73,68,5,b
1,1794,61,66,12,not_a
1,1795,75,50,1,and
1,1796,58,78,12,not_a
1,1797,12,17,14,not_and
1,1798,30,46,0,zero
1,1799,15,35,13,implies
1,1800,43,80,11,implied_by
1,1801,26,49,2,not_implies
1,1802,80,69,3,a
1,1803,53,33,0,zero
1,1804,70,85,15,one
1,1805,63,58,11,implied_by
1,1806,15,54,15,one
1,1807,48,19,3,a
1,1808,7,2,15,one
1,1809,36,18,3,a
1,1810,35,39,13,implies
1,1811,32,26,12,not_a
1,1812,51,73,4,not_implied_by
1,1813,86,89,15,one
1,1814,64,84,2,not_implies
1,1815,73,66,3,a
1,1816,86,82,4,not_implied_by
1,1817,14,33,11,implied_by
1,1818,10,42,14,not_and
1,1819,55,69,9,not_xor
1,1820,34,69,12,not_a
1,1821,84,32,14,not_and
1,1822,13,2,0,zero
1,1823,23,70,11,implied_by
1,1824,6,47,2,not_implies
1,1825,50,6,2,not_implies
1,1826,51,59,15,one
1,1827,63,8,13,implies
1,1828,60,57,9,not_xor
1,1829,33,35,3,a
1,1830,39,27,15,one
1,1831,17,10,9,not_xor
1,1832,16,31,8,not_or
1,1833,66,16,4,not_implied_by
1,1834,18,73,6,xor
1,1835,3,77,10,not_b
1,1836,19,22,1,and
1,1837,39,87,6,xor
1,1838,61,43,8,not_or
1,1839,49,46,6,xor
1,1840,6,26,4,not_implied_by
1,1841,73,72,15,one
1,1842,75,18,5,b
1,1843,14,41,1,and
1,1844,50,21,1,and
1,1845,28,53,0,zero
1,1846,38,66,0,zero
1,1847,62,17,15,one
1,1848,20,49,15,one
1,1849,53,59,12,not_a
1,1850,0,1,14,not_and
1,1851,10,55,7,or
1,1852,82,36,0,zero
1,1853,17,47,7,or
1,1854,35,8,4,not_implied_by
1,1855,11,62,14,not_and
1,1856,25,43,12,not_a
1,1857,60,2,8,not_or
1,1858,65,53,12,not_a
1,1859,28,70,8,not_or
1,1860,52,85,9,not_xor
1,1861,79,84,0,zero
1,1862,8,60,2,not_implies
1,1863,89,73,1,and
1,1864,78,5,15,one
1,1865,64,36,10,not_b
1,1866,36,67,4,not_implied_by
1,1867,29,2,15,one
1,1868,63,56,13,implies
1,1869,49,8,7,or
1,1870,43,8,12,not_a
1,1871,10,33,15,one
1,1872,47,79,6,xor
1,1873,75,26,10,not_b
1,1874,58,42,4,not_implied_by
1,1875,58,0,10,not_b
1,1876,12,79,2,not_implies
1,1877,76,14,15,one
1,1878,70,81,0,zero
1,1879,14,4,0,zero
1,1880,9,24,0,zero
1,1881,38,72,1,and
1,1882,13,54,2,not_implies
1,1883,87,74,3,a
1,1884,66,17,4,not_implied_by
1,1885,74,36,9,not_xor
1,1886,89,18,11,implied_by
1,1887,67,45,4,not_implied_by
1,1888,80,13,11,implied_by
1,1889,6,7,15,one
1,1890,38,55,6,xor
1,1891,38,59,0,zero
1,1892,51,25,13,implies
1,1893,78,79,9,not_xor
1,1894,89,31,0,zero
1,1895,47,18,15,one
1,1896,35,75,13,implies
1,1897,59,48,3,a
1,1898,66,88,14,not_and
1,1899,59,45,13,implies
1,1900,81,70,7,or
1,1901,87,20,13,implies
1,1902,26,77,10,not_b
1,1903,33,4,6,xor
1,1904,45,18,8,not_or
1,1905,29,30,13,implies
1,1906,58,35,8,not_or
1,1907,25,65,15,one
1,1908,34,77,11,implied_by
1,1909,48,46,12,not_a
1,1910,15,24,10,not_b
1,1911,32,21,10,not_b
1,1912,12,33,12,not_a
1,1913,61,70,8,not_or
1,1914,52,76,3,a
1,1915,39,86,6,xor
1,1916,8,39,11,implied_by
1,1917,70,46,13,implies
1,1918,88,64,13,implies
1,1919,19,79,6,xor
1,1920,51,81,2,not_implies
1,1921,41,48,12,not_a
1,1922,44,85,5,b
1,1923,73,4,6,xor
1,1924,47,77,6,xor
1,1925,41,75,9,not_xor
1,1926,14,55,3,a
1,1927,84,72,9,not_xor
1,1928,64,3,11,implied_by
1,1929,24,23,15,one
1,1930,21,25,15,one
1,1931,5,66,12,not_a
1,1932,39,88,3,a
1,1933,46,1,12,not_a
1,1934,3,58,8,not_or
1,1935,51,8,15,one
1,1936,46,77,0,zero
1,1937,84,25,10,not_b
1,1938,25,32,10,not_b
1,1939,60,3,9,not_xor
1,1940,2,2,13,implies
1,1941,11,89,12,not_a
1,1942,67,1,3,a
1,1943,77,66,15,one
1,1944,7,87,0,zero
1,1945,18,14,6,xor
1,1946,55,60,1,and
1,1947,8,25,8,not_or
1,1948,78,67,14,not_and
1,1949,25,53,7,or
1,1950,87,45,10,not_b
1,1951,12,58,13,implies
1,1952,5,26,6,xor
1,1953,44,56,9,not_xor
1,1954,17,3,6,xor
1,1955,88,24,10,not_b
1,1956,2,64,11,implied_by
1,1957,81,47,8,not_or
1,1958,79,33,14,not_and
1,1959,89,87,14,not_and
1,1960,56,87,12,not_a
1,1961,59,78,10,not_b
1,1962,57,15,1,and
1,1963,73,43,1,and
1,1964,24,86,1,and
1,1965,62,31,1,and
1,1966,3,3,0,zero
1,1967,29,38,10,not_b
1,1968,1,10,7,or
1,1969,14,67,9,not_xor
1,1970,42,51,14,not_and
1,1971,7,7,12,not_a
1,1972,40,38,9,not_xor
1,1973,54,5,12,not_a
1,1974,52,26,14,not_and
1,1975,79,57,1,and
1,1976,13,42,12,not_a
1,1977,72,66,2,not_implies
1,1978,63,36,5,b
1,1979,36,52,0,zero
1,1980,34,64,2,not_implies
1,1981,71,5,0,zero
1,1982,41,57,10,not_b
1,1983,43,5,1,and
1,1984,84,69,4,not_implied_by
1,1985,79,25,12,not_a
1,1986,68,11,10,not_b
1,1987,18,81,13,implies
1,1988,37,31,9,not_xor
1,1989,45,24,15,one
1,1990,9,0,10,not_b
1,1991,20,8,7,or
1,1992,20,43,7,or
1,1993,13,69,2,not_implies
1,1994,22,43,8,not_or
1,1995,63,24,5,b
1,1996,33,51,11,implied_by
1,1997,17,61,9,not_xor
1,1998,46,0,12,not_a
1,1999,75,72,13,implies
1,2000,75,80,11,implied_by
1,2001,22,37,9,not_xor
1,2002,11,4,15,one
1,2003,58,76,7,or
1,2004,48,27,0,zero
1,2005,28,30,2,not_implies
1,2006,35,27,13,implies
1,2007,67,66,11,implied_by
1,2008,63,89,3,a
1,2009,10,76,5,b
1,2010,2,52,3,a
1,2011,77,61,0,zero
1,2012,89,50,2,not_implies
1,2013,80,76,5,b
1,2014,5,67,10,not_b
1,2015,52,1,0,zero
1,2016,17,38,0,zero
1,2017,62,63,13,implies
1,2018,46,7,8,not_or
1,2019,5,86,9,not_xor
1,2020,67,53,4,not_implied_by
1,2021,22,55,9,not_xor
1,2022,54,46,14,not_and
1,2023,46,21,2,not_implies
1,2024,56,62,3,a
1,2025,69,48,10,not_b
1,2026,41,82,4,not_implied_by
1,2027,69,14,2,not_implies
1,2028,68,62,14,not_and
1,2029,2,72,1,and
1,2030,66,35,15,one
1,2031,52,56,11,implied_by
1,2032,67,80,8,not_or
1,2033,81,74,11,implied_by
1,2034,13,31,9,not_xor
1,2035,89,27,7,or
1,2036,0,38,15,one
1,2037,25,15,5,b
1,2038,24,64,0,zero
1,2039,45,12,0,zero
1,2040,36,74,0,zero
1,2041,19,59,13,implies
1,2042,56,30,9,not_xor
1,2043,18,5,8,not_or
1,2044,8,10,6,xor
1,2045,47,48,5,b
1,2046,23,52,10,not_b
1,2047,58,0,7,or
1,2048,24,65,8,not_or
1,2049,26,18,5,b
1,2050,2,64,12,not_a
1,2051,76,7,8,not_or
1,2052,0,25,0,zero
1,2053,40,18,10,not_b
1,2054,26,56,8,not_or
1,2055,83,78,2,not_implies
1,2056,50,36,1,and
1,2057,20,87,13,implies
1,2058,10,15,15,one
1,2059,76,14,13,implies
1,2060,72,67,13,implies
1,2061,69,9,5,b
1,2062,70,83,15,one
1,2063,69,45,10,not_b
1,2064,15,40,15,one
1,2065,26,6,11,implied_by
1,2066,48,49,9,not_xor
1,2067,74,49,0,zero
1,2068,1,53,11,implied_by
1,2069,89,36,9,not_xor
1,2070,19,51,9,not_xor
1,2071,45,7,9,not_xor
1,2072,18,18,8,not_or
1,2073,50,42,13,implies
1,2074,25,28,5,b
1,2075,71,64,14,not_and
1,2076,24,4,4,not_implied_by
1,2077,21,70,7,or
1,2078,32,27,7,or
1,2079,52,58,8,not_or
1,2080,56,76,7,or
1,2081,63,29,1,and
1,2082,29,5,10,not_b
1,2083,3,24,5,b
1,2084,61,26,13,implies
1,2085,19,10,12,not_a
1,2086,4,26,11,implied_by
1,2087,72,15,15,one
1,2088,26,31,1,and
1,2089,67,4,3,a
1,2090,28,84,8,not_or
1,2091,76,32,11,implied_by
1,2092,50,59,7,or
1,2093,60,35,13,implies
1,2094,60,37,13,implies
1,2095,40,51,11,implied_by
1,2096,13,86,8,not_or
1,2097,88,49,1,and
1,2098,80,75,2,not_implies
1,2099,6,85,5,b
1,2100,89,10,11,implied_by
1,2101,67,46,15,one
1,2102,66,45,8,not_or
1,2103,59,34,3,a
1,2104,8,21,13,implies
1,2105,27,40,14,not_and
1,2106,44,11,12,not_a
1,2107,39,14,2,not_implies
1,2108,21,10,2,not_implies
1,2109,22,41,3,a
1,2110,74,42,0,zero
1,2111,47,14,8,not_or
1,2112,65,60,5,b
1,2113,32,70,1,and
1,2114,48,71,10,not_b
1,2115,41,77,8,not_or
1,2116,13,41,0,zero
1,2117,76,13,8,not_or
1,2118,32,70,13,implies
1,2119,58,16,8,not_or
1,2120,19,21,3,a
1,2121,75,37,11,implied_by
1,2122,26,57,2,not_implies
1,2123,36,62,5,b
1,2124,34,12,6,xor
1,2125,43,21,5,b
1,2126,40,65,0,zero
1,2127,77,34,6,xor
1,2128,13,57,9,not_xor
1,2129,72,7,10,not_b
1,2130,61,5,3,a
1,2131,12,34,14,not_and
1,2132,29,44,3,a
1,2133,68,50,2,not_implies
1,2134,6,31,11,implied_by
1,2135,19,53,13,implies
1,2136,89,16,0,zero
1,2137,42,25,0,zero
1,2138,87,70,5,b
1,2139,43,24,6,xor
1,2140,64,17,15,one
1,2141,11,58,5,b
1,2142,39,89,1,and
1,2143,87,72,0,zero
1,2144,20,37,5,b
1,2145,8,42,12,not_a
1,2146,34,5,0,zero
1,2147,2,85,9,not_xor
1,2148,27,38,9,not_xor
1,2149,72,88,8,not_or
1,2150,7,26,10,not_b
1,2151,24,79,9,not_xor
1,2152,26,24,11,implied_by
1,2153,88,5,11,implied_by
1,2154,40,48,3,a
1,2155,65,58,10,not_b
1,2156,2,86,3,a
1,2157,73,57,12,not_a
1,2158,38,35,8,not_or
1,2159,71,17,2,not_implies
1,2160,9,41,1,and
1,2161,78,4,8,not_or
1,2162,14,59,15,one
1,2163,11,84,15,one
1,2164,45,33,10,not_b
1,2165,42,77,13,implies
1,2166,56,65,13,implies
1,2167,50,53,15,one
1,2168,23,55,3,a
1,2169,64,69,9,not_xor
1,2170,66,63,14,not_and
1,2171,43,5,13,implies
1,2172,42,46,9,not_xor
1,2173,27,71,9,not_xor
1,2174,75,67,5,b
1,2175,77,6,10,not_b
1,2176,8,41,1,and
1,2177,44,19,7,or
1,2178,61,35,1,and
1,2179,87,66,6,xor
1,2180,51,74,4,not_implied_by
1,2181,34,3,1,and
1,2182,10,78,8,not_or
1,2183,59,89,2,not_implies
1,2184,76,52,3,a
1,2185,58,38,10,not_b
1,2186,28,39,12,not_a
1,2187,37,27,15,one
1,2188,56,58,2,not_implies
1,2189,19,74,12,not_a
1,2190,16,56,7,or
1,2191,56,7,3,a
1,2192,11,20,1,and
1,2193,70,72,4,not_implied_by
1,2194,79,71,13,implies
1,2195,37,69,0,zero
1,2196,8,73,7,or
1,2197,67,73,0,zero
1,2198,88,69,8,not_or
1,2199,35,32,9,not_xor
1,2200,56,27,0,zero
1,2201,13,50,9,not_xor
1,2202,37,71,4,not_implied_by
1,2203,56,33,8,not_or
1,2204,33,23,8,not_or
1,2205,10,65,11,implied_by
1,2206,64,15,7,or
1,2207,73,2,2,not_implies
1,2208,68,3,9,not_xor
1,2209,58,77,13,implies
1,2210,77,59,2,not_implies
1,2211,73,86,5,b
1,2212,57,17,3,a
1,2213,12,30,1,and
1,2214,57,30,15,one
1,2215,57,1,5,b
1,2216,50,38,3,a
1,2217,47,45,5,b
1,2218,69,78,4,not_implied_by
1,2219,89,82,12,not_a
1,2220,6,61,15,one
1,2221,15,69,5,b
1,2222,23,55,14,not_and
1,2223,85,69,12,not_a
1,2224,61,50,11,implied_by
1,2225,26,28,3,a
1,2226,4,15,4,not_implied_by
1,2227,79,36,11,implied_by
1,2228,20,73,1,and
1,2229,12,6,4,not_implied_by
1,2230,53,50,2,not_implies
1,2231,25,27,5,b
1,2232,63,8,0,zero
1,2233,84,45,2,not_implies
1,2234,18,88,2,not_implies
1,2235,31,40,11,implied_by
1,2236,76,6,8,not_or
1,2237,43,5,2,not_implies
1,2238,45,37,10,not_b
1,2239,60,21,8,not_or
1,2240,68,62,5,b
1,2241,23,37,11,implied_by
1,2242,60,82,14,not_and
1,2243,46,27,1,and
1,2244,40,33,2,not_implies
1,2245,82,44,8,not_or
1,2246,89,3,10,not_b
1,2247,15,17,8,not_or
1,2248,31,20,8,not_or
1,2249,33,77,15,one
1,2250,47,25,14,not_and
1,2251,84,32,8,not_or
1,2252,42,36,4,not_implied_by
1,2253,35,34,3,a
1,2254,68,63,13,implies
1,2255,41,49,11,implied_by
1,2256,69,22,13,implies
1,2257,72,0,6,xor
1,2258,75,27,2,not_implies
1,2259,80,24,14,not_and
1,2260,46,69,3,a
1,2261,65,23,10,not_b
1,2262,28,75,11,implied_by
1,2263,0,73,5,b
1,2264,86,16,7,or
1,2265,88,46,12,not_a
1,2266,63,57,12,not_a
1,2267,52,79,4,not_implied_by
1,2268,71,59,0,zero
1,2269,9,86,0,zero
1,2270,44,62,1,and
1,2271,38,73,6,xor
1,2272,25,68,9,not_xor
1,2273,12,88,14,not_and
1,2274,79,3,6,xor
1,2275,78,18,15,one
1,2276,58,58,3,a
1,2277,9,32,10,not_b
1,2278,40,72,6,xor
1,2279,0,59,15,one
1,2280,67,57,13,implies
1,2281,2,35,12,not_a
1,2282,47,80,4,not_implied_by
1,2283,58,68,3,a
1,2284,25,24,7,or
1,2285,22,36,11,implied_by
1,2286,14,42,10,not_b
1,2287,43,49,8,not_or
1,2288,87,86,1,and
1,2289,0,33,10,not_b
1,2290,40,85,6,xor
1,2291,44,60,5,b
1,2292,45,8,0,zero
1,2293,63,64,6,xor
1,2294,32,28,0,zero
1,2295,35,59,13,implies
1,2296,63,18,15,one
1,2297,48,37,12,not_a
1,2298,46,20,6,xor
1,2299,24,14,12,not_a
1,2300,59,80,0,zero
1,2301,46,56,15,one
1,2302,36,24,11,implied_by
1,2303,60,42,12,not_a
1,2304,49,40,13,implies
1,2305,47,83,14,not_and
1,2306,80,88,1,and
1,2307,88,61,9,not_xor
1,2308,7,15,8,not_or
1,2309,30,15,1,and
1,2310,4,33,4,not_implied_by
1,2311,2,59,15,one
1,2312,45,24,6,xor
1,2313,17,9,1,and
1,2314,72,48,7,or
1,2315,85,63,2,not_implies
1,2316,73,21,6,xor
1,2317,24,55,7,or
1,2318,7,9,11,implied_by
1,2319,70,26,6,xor
1,2320,61,82,4,not_implied_by
1,2321,19,40,6,xor
1,2322,23,38,7,or
1,2323,74,15,8,not_or
1,2324,20,14,6,xor
1,2325,69,21,2,not_implies
1,2326,76,51,11,implied_by
1,2327,39,84,15,one
1,2328,10,66,3,a
1,2329,48,83,11,implied_by
1,2330,45,83,1,and
1,2331,85,69,11,implied_by
1,2332,33,88,15,one
1,2333,71,72,2,not_implies
1,2334,24,16,11,implied_by
1,2335,11,2,9,not_xor
1,2336,12,66,14,not_and
1,2337,40,57,13,implies
1,2338,60,75,11,implied_by
1,2339,83,65,1,and
1,2340,85,40,12,not_a
1,2341,49,9,6,xor
1,2342,78,49,13,implies
1,2343,6,10,0,zero
1,2344,14,60,0,zero
1,2345,83,7,0,zero
1,2346,63,5,0,zero
1,2347,8,87,15,one
1,2348,78,86,2,not_implies
1,2349,7,33,8,not_or
1,2350,42,89,0,zero
1,2351,53,17,4,not_implied_by
1,2352,45,59,10,not_b
1,2353,58,13,11,implied_by
1,2354,53,83,11,implied_by
1,2355,41,85,6,xor
1,2356,20,31,11,implied_by
1,2357,47,42,4,not_implied_by
1,2358,46,34,2,not_implies
1,2359,85,51,2,not_implies
1,2360,4,15,12,not_a
1,2361,19,67,3,a
1,2362,66,49,11,implied_by
1,2363,46,13,0,zero
1,2364,48,87,1,and
1,2365,57,66,10,not_b
1,2366,81,59,0,zero
1,2367,9,24,14,not_and
1,2368,67,79,2,not_implies
1,2369,79,88,5,b
1,2370,23,23,13,implies
1,2371,7,0,1,and
1,2372,83,78,6,xor
1,2373,40,16,15,one
1,2374,21,19,6,xor
1,2375,45,10,8,not_or
1,2376,25,45,3,a
1,2377,28,71,15,one
1,2378,50,76,2,not_implies
1,2379,63,42,10,not_b
1,2380,63,42,0,zero
1,2381,62,43,3,a
1,2382,60,17,1,and
1,2383,54,64,11,implied_by
1,2384,21,6,4,not_implied_by
1,2385,2,54,8,not_or
1,2386,76,36,5,b
1,2387,80,62,13,implies
1,2388,57,10,5,b
1,2389,32,88,14,not_and
1,2390,88,43,7,or
1,2391,15,1,9,not_xor
1,2392,44,67,11,implied_by
1,2393,63,87,12,not_a
1,2394,39,2,15,one
1,2395,41,67,9,not_xor
1,2396,8,8,4,not_implied_by
1,2397,58,27,13,implies
1,2398,33,88,10,not_b
1,2399,66,50,12,not_a
1,2400,23,9,7,or
1,2401,22,48,1,and
1,2402,62,68,9,not_xor
1,2403,52,54,12,not_a
1,2404,39,21,1,and
1,2405,55,11,13,implies
1,2406,52,86,15,one
1,2407,40,47,8,not_or
1,2408,1,81,13,implies
1,2409,13,7,2,not_implies
1,2410,54,1,9,not_xor
1,2411,68,76,6,xor
1,2412,23,89,5,b
1,2413,56,73,2,not_implies
1,2414,17,55,14,not_and
1,2415,84,69,12,not_a
1,2416,62,74,6,xor
1,2417,20,10,7,or
1,2418,12,5,9,not_xor
1,2419,54,77,5,b
1,2420,16,31,12,not_a
1,2421,66,33,11,implied_by
1,2422,26,21,8,not_or
1,2423,82,73,8,not_or
1,2424,2,75,10,not_b
1,2425,23,36,6,xor
1,2426,42,29,13,implies
1,2427,9,26,4,not_implied_by
1,2428,45,75,2,not_implies
1,2429,52,59,3,a
1,2430,51,0,7,or
1,2431,52,28,13,implies
1,2432,38,53,13,implies
1,2433,45,38,6,xor
1,2434,55,70,4,not_implied_by
1,2435,34,38,0,zero
1,2436,7,37,0,zero
1,2437,86,87,3,a
1,2438,75,44,10,not_b
1,2439,56,58,5,b
1,2440,12,84,14,not_and
1,2441,14,51,3,a
1,2442,59,66,15,one
1,2443,81,80,12,not_a
1,2444,72,1,4,not_implied_by
1,2445,87,81,10,not_b
1,2446,27,34,2,not_implies
1,2447,60,18,14,not_and
1,2448,29,32,1,and
1,2449,89,79,13,implies
1,2450,54,72,13,implies
1,2451,82,3,11,implied_by
1,2452,86,83,3,a
1,2453,56,49,12,not_a
1,2454,26,65,2,not_implies
1,2455,66,23,4,not_implied_by
1,2456,39,4,5,b
1,2457,56,33,2,not_implies
1,2458,43,84,8,not_or
1,2459,24,82,4,not_implied_by
1,2460,36,45,15,one
1,2461,34,5,6,xor
1,2462,88,68,14,not_and
1,2463,61,14,7,or
1,2464,12,62,13,implies
1,2465,80,63,2,not_implies
1,2466,42,37,3,a
1,2467,37,55,14,not_and
1,2468,87,17,6,xor
1,2469,35,78,9,not_xor
1,2470,58,63,2,not_implies
1,2471,5,77,5,b
1,2472,47,59,10,not_b
1,2473,11,51,12,not_a
1,2474,2,9,9,not_xor
1,2475,71,36,2,not_implies
1,2476,68,34,15,one
1,2477,9,24,10,not_b
1,2478,13,14,2,not_implies
1,2479,25,83,1,and
1,2480,74,79,0,zero
1,2481,67,29,14,not_and
1,2482,53,78,15,one
1,2483,4,75,11,implied_by
1,2484,12,63,10,not_b
1,2485,23,67,0,zero
1,2486,42,44,1,and
1,2487,56,46,7,or
1,2488,48,57,0,zero
1,2489,22,70,3,a
1,2490,76,29,8,not_or
1,2491,28,37,3,a
1,2492,17,52,10,not_b
1,2493,54,85,3,a
1,2494,73,74,12,not_a
1,2495,11,24,15,one
1,2496,46,8,13,implies
1,2497,26,88,12,not_a
1,2498,45,32,0,zero
1,2499,37,52,5,b
1,2500,5,71,8,not_or
1,2501,36,57,11,implied_by
1,2502,73,32,8,not_or
1,2503,68,22,13,implies
1,2504,80,34,3,a
1,2505,14,71,10,not_b
1,2506,50,63,1,and
1,2507,67,14,4,not_implied_by
1,2508,82,66,10,not_b
1,2509,79,45,10,not_b
1,2510,50,68,8,not_or
1,2511,73,62,13,implies
1,2512,8,19,9,not_xor
1,2513,4,35,2,not_implies
1,2514,77,12,4,not_implied_by
1,2515,18,55,11,implied_by
1,2516,22,6,13,implies
1,2517,21,4,14,not_and
1,2518,37,75,15,one
1,2519,19,52,7,or
1,2520,2,71,6,xor
1,2521,4,4,7,or
1,2522,53,53,6,xor
1,2523,13,38,3,a
1,2524,35,46,3,a
1,2525,81,61,2,not_implies
1,2526,49,57,15,one
1,2527,10,45,6,xor
1,2528,4,42,15,one
1,2529,11,81,15,one
1,2530,36,1,11,implied_by
1,2531,37,80,3,a
1,2532,44,70,4,not_implied_by
1,2533,35,48,12,not_a
1,2534,21,17,3,a
1,2535,17,13,12,not_a
1,2536,19,21,6,xor
1,2537,15,15,0,zero
1,2538,70,52,1,and
1,2539,89,42,0,zero
1,2540,76,29,5,b
1,2541,17,89,2,not_implies
1,2542,32,86,6,xor
1,2543,33,85,9,not_xor
1,2544,86,67,8,not_or
1,2545,13,75,6,xor
1,2546,42,49,7,or
1,2547,39,3,1,and
1,2548,25,10,4,not_implied_by
1,2549,56,39,1,and
1,2550,28,35,0,zero
1,2551,77,10,11,implied_by
1,2552,42,77,11,implied_by
1,2553,49,51,0,zero
1,2554,77,43,10,not_b
1,2555,53,67,14,not_and
1,2556,56,0,8,not_or
1,2557,34,64,8,not_or
1,2558,69,18,14,not_and
1,2559,87,11,7,or
1,2560,83,3,8,not_or
1,2561,72,67,13,implies
1,2562,28,65,14,not_and
1,2563,51,44,8,not_or
1,2564,72,40,12,not_a
1,2565,57,23,13,implies
1,2566,51,58,8,not_or
1,2567,49,56,9,not_xor
1,2568,23,85,0,zero
1,2569,20,20,8,not_or
1,2570,72,28,0,zero
1,2571,83,39,5,b
1,2572,66,68,6,xor
1,2573,61,45,0,zero
1,2574,49,76,13,implies
1,2575,70,36,14,not_and
1,2576,88,84,4,not_implied_by
1,2577,48,77,11,implied_by
1,2578,34,17,9,not_xor
1,2579,69,58,1,and
1,2580,87,48,10,not_b
1,2581,21,40,0,zero
1,2582,32,65,11,implied_by
1,2583,21,53,3,a
1,2584,49,14,10,not_b
1,2585,29,57,11,implied_by
1,2586,27,12,0,zero
1,2587,67,22,7,or
1,2588,70,52,7,or
1,2589,57,65,12,not_a
1,2590,8,20,6,xor
1,2591,34,36,8,not_or
1,2592,79,12,4,not_implied_by
1,2593,43,3,12,not_a
1,2594,59,21,4,not_implied_by
1,2595,35,46,12,not_a
1,2596,45,34,1,and
1,2597,23,49,4,not_implied_by
1,2598,13,33,4,not_implied_by
1,2599,13,36,8,not_or
1,2600,7,72,7,or
1,2601,54,80,7,or
1,2602,52,18,15,one
1,2603,69,60,0,zero
1,2604,82,23,8,not_or
1,2605,30,36,2,not_implies
1,2606,68,31,4,not_implied_by
1,2607,76,6,8,not_or
1,2608,84,9,10,not_b
1,2609,83,16,9,not_xor
1,2610,9,77,13,implies
1,2611,68,60,14,not_and
1,2612,25,73,1,and
1,2613,10,42,5,b
1,2614,67,28,4,not_implied_by
1,2615,33,59,1,and
1,2616,18,2,3,a
1,2617,71,36,9,not_xor
1,2618,58,18,8,not_or
1,2619,30,56,13,implies
1,2620,2,37,8,not_or
1,2621,54,76,15,one
1,2622,85,88,2,not_implies
1,2623,35,13,7,or
1,2624,2,9,4,not_implied_by
1,2625,53,54,10,not_b
1,2626,56,66,15,one
1,2627,55,85,5,b
1,2628,23,25,9,not_xor
1,2629,0,42,0,zero
1,2630,72,39,4,not_implied_by
1,2631,76,39,13,implies
1,2632,5,74,2,not_implies
1,2633,34,65,9,not_xor
1,2634,16,32,10,not_b
1,2635,35,34,3,a
1,2636,28,7,8,not_or
1,2637,8,61,12,not_a
1,2638,10,3,0,zero
1,2639,12,58,3,a
1,2640,77,42,8,not_or
1,2641,25,16,8,not_or
1,2642,61,50,0,zero
1,2643,81,88,6,xor
1,2644,67,66,9,not_xor
1,2645,51,89,7,or
1,2646,40,55,13,implies
1,2647,85,38,10,not_b
1,2648,84,44,7,or
1,2649,89,41,2,not_implies
1,2650,62,64,1,and
1,2651,17,85,5,b
1,2652,38,79,2,not_implies
1,2653,65,38,9,not_xor
1,2654,64,8,5,b
1,2655,57,76,6,xor
1,2656,37,86,6,xor
1,2657,61,22,4,not_implied_by
1,2658,13,30,4,not_implied_by
1,2659,22,75,9,not_xor
1,2660,36,19,12,not_a
1,2661,77,47,13,implies
1,2662,65,73,0,zero
1,2663,57,68,7,or
1,2664,78,74,14,not_and
1,2665,48,85,1,and
1,2666,60,0,4,not_implied_by
1,2667,34,23,9,not_xor
1,2668,26,84,8,not_or
1,2669,1,66,7,or
1,2670,3,42,11,implied_by
1,2671,65,34,13,implies
1,2672,73,86,8,not_or
1,2673,46,71,12,not_a
1,2674,37,25,15,one
1,2675,70,43,4,not_implied_by
1,2676,14,17,2,not_implies
1,2677,55,75,2,not_implies
1,2678,63,59,6,xor
1,2679,62,41,8,not_or
1,2680,9,50,14,not_and
1,2681,63,63,2,not_implies
1,2682,66,13,3,a
1,2683,55,54,13,implies
1,2684,8,16,2,not_implies
1,2685,72,68,14,not_and
1,2686,25,25,9,not_xor
1,2687,32,13,12,not_a
1,2688,54,48,13,implies
1,2689,39,43,7,or
1,2690,71,12,12,not_a
1,2691,64,86,3,a
1,2692,6,37,0,zero
1,2693,23,37,8,not_or
1,2694,62,53,7,or
1,2695,83,53,6,xor
1,2696,65,28,12,not_a
1,2697,62,26,8,not_or
1,2698,12,54,11,implied_by
1,2699,54,43,14,not_and
1,2700,19,32,8,not_or
1,2701,1,13,0,zero
1,2702,33,50,2,not_implies
1,2703,5,86,15,one
1,2704,2,62,5,b
1,2705,65,42,3,a
1,2706,28,17,4,not_implied_by
1,2707,34,8,6,xor
1,2708,40,28,8,not_or
1,2709,62,44,15,one
1,2710,58,57,15,one
1,2711,88,22,4,not_implied_by
1,2712,34,46,14,not_and
1,2713,61,3,4,not_implied_by
1,2714,38,64,12,not_a
1,2715,57,1,14,not_and
1,2716,6,57,11,implied_by
1,2717,65,22,1,and
1,2718,51,70,4,not_implied_by
1,2719,42,65,11,implied_by
1,2720,16,71,14,not_and
1,2721,69,38,5,b
1,2722,10,42,13,implies
1,2723,35,19,2,not_implies
1,2724,20,43,4,not_implied_by
1,2725,10,81,9,not_xor
1,2726,65,19,4,not_implied_by
1,2727,89,86,7,or
1,2728,88,27,1,and
1,2729,24,19,0,zero
1,2730,43,45,7,or
1,2731,7,43,11,implied_by
1,2732,17,63,12,not_a
1,2733,78,13,2,not_implies
1,2734,49,55,7,or
1,2735,49,4,3,a
1,2736,5,33,8,not_or
1,2737,65,37,12,not_a
1,2738,78,47,9,not_xor
1,2739,24,57,13,implies
1,2740,80,3,11,implied_by
1,2741,67,80,8,not_or
1,2742,48,49,5,b
1,2743,63,66,12,not_a
1,2744,2,62,14,not_and
1,2745,87,53,7,or
1,2746,23,23,0,zero
1,2747,16,46,10,not_b
1,2748,72,83,14,not_and
1,2749,87,85,14,not_and
1,2750,12,87,7,or
1,2751,10,10,13,implies
1,2752,30,63,10,not_b
1,2753,85,57,10,not_b
1,2754,68,39,5,b
1,2755,69,78,5,b
1,2756,88,74,12,not_a
1,2757,66,81,0,zero
1,2758,22,65,11,implied_by
1,2759,36,46,11,implied_by
1,2760,16,5,6,xor
1,2761,37,80,13,implies
1,2762,72,54,6,xor
1,2763,27,44,1,and
1,2764,50,52,1,and
1,2765,49,12,12,not_a
1,2766,63,27,5,b
1,2767,59,41,3,a
1,2768,41,86,12,not_a
1,2769,2,67,4,not_implied_by
1,2770,65,33,6,xor
1,2771,51,14,12,not_a
1,2772,26,72,2,not_implies
1,2773,18,42,2,not_implies
1,2774,40,72,9,not_xor
1,2775,5,68,15,one
1,2776,45,2,13,implies
1,2777,29,55,13,implies
1,2778,58,76,15,one
1,2779,80,41,12,not_a
1,2780,57,9,1,and
1,2781,20,50,14,not_and
1,2782,4,79,5,b
1,2783,79,65,13,implies
1,2784,88,21,10,not_b
1,2785,13,16,8,not_or
1,2786,76,59,10,not_b
1,2787,35,44,13,implies
1,2788,13,38,10,not_b
1,2789,47,27,12,not_a
1,2790,56,70,3,a
1,2791,67,48,1,and
1,2792,44,66,2,not_implies
1,2793,88,64,12,not_a
1,2794,38,41,6,xor
1,2795,36,64,5,b
1,2796,38,54,12,not_a
1,2797,56,1,5,b
1,2798,57,37,8,not_or
1,2799,38,36,15,one
1,2800,38,12,13,implies
1,2801,19,28,13,implies
1,2802,53,20,14,not_and
1,2803,42,27,2,not_implies
1,2804,58,40,15,one
1,2805,11,31,15,one
1,2806,73,20,12,not_a
1,2807,18,60,9,not_xor
1,2808,89,42,6,xor
1,2809,54,41,10,not_b
1,2810,0,81,13,implies
1,2811,49,6,11,implied_by
1,2812,66,6,1,and
1,2813,78,59,12,not_a
1,2814,20,3,12,not_a
1,2815,57,21,1,and
1,2816,37,15,2,not_implies
1,2817,19,48,3,a
1,2818,74,28,5,b
1,2819,42,34,7,or
1,2820,30,21,5,b
1,2821,85,7,9,not_xor
1,2822,21,76,14,not_and
1,2823,55,75,15,one
1,2824,88,19,12,not_a
1,2825,1,79,14,not_and
1,2826,74,80,10,not_b
1,2827,16,85,14,not_and
1,2828,37,85,13,implies
1,2829,34,8,0,zero
1,2830,16,66,9,not_xor
1,2831,62,17,2,not_implies
1,2832,60,29,1,and
1,2833,88,51,4,not_implied_by
1,2834,44,63,4,not_implied_by
1,2835,4,62,10,not_b
1,2836,83,72,9,not_xor
1,2837,59,77,7,or
1,2838,40,62,13,implies
1,2839,66,74,7,or
1,2840,60,46,14,not_and
1,2841,36,86,15,one
1,2842,4,73,1,and
1,2843,80,82,2,not_implies
1,2844,36,35,5,b
1,2845,74,55,6,xor
1,2846,14,3,4,not_implied_by
1,2847,30,68,14,not_and
1,2848,15,12,5,b
1,2849,11,70,0,zero
1,2850,53,82,4,not_implied_by
1,2851,60,39,6,xor
1,2852,86,74,12,not_a
1,2853,89,1,9,not_xor
1,2854,89,50,14,not_and
1,2855,70,67,10,not_b
1,2856,29,66,10,not_b
1,2857,11,88,15,one
1,2858,40,40,9,not_xor
1,2859,63,2,7,or
1,2860,38,39,13,implies
1,2861,5,21,10,not_b
1,2862,60,29,2,not_implies
1,2863,83,79,4,not_implied_by
1,2864,32,84,3,a
1,2865,51,72,2,not_implies
1,2866,2,30,14,not_and
1,2867,45,50,4,not_implied_by
1,2868,89,55,14,not_and
1,2869,64,74,14,not_and
1,2870,41,2,6,xor
1,2871,50,1,9,not_xor
1,2872,8,82,12,not_a
1,2873,28,13,15,one
1,2874,67,23,8,not_or
1,2875,43,19,15,one
1,2876,49,29,11,implied_by
1,2877,55,55,4,not_implied_by
1,2878,20,47,15,one
1,2879,83,77,14,not_and
1,2880,0,65,2,not_implies
1,2881,59,57,6,xor
1,2882,85,88,1,and
1,2883,24,42,11,implied_by
1,2884,78,50,1,and
1,2885,16,68,2,not_implies
1,2886,32,9,3,a
1,2887,26,60,9,not_xor
1,2888,64,42,13,implies
1,2889,15,81,9,not_xor
1,2890,31,71,11,implied_by
1,2891,58,71,4,not_implied_by
1,2892,20,3,10,not_b
1,2893,42,59,15,one
1,2894,65,80,0,zero
1,2895,8,23,12,not_a
1,2896,55,11,7,or
1,2897,59,34,4,not_implied_by
1,2898,72,14,15,one
1,2899,12,27,9,not_xor
1,2900,21,47,6,xor
1,2901,57,89,12,not_a
1,2902,25,15,6,xor
1,2903,8,64,5,b
1,2904,67,24,14,not_and
1,2905,49,88,1,and
1,2906,16,53,10,not_b
1,2907,30,9,3,a
1,2908,23,44,8,not_or
1,2909,57,75,5,b
1,2910,39,14,1,and
1,2911,31,55,12,not_a
1,2912,26,5,0,zero
1,2913,75,41,1,and
1,2914,18,16,1,and
1,2915,71,22,5,b
1,2916,9,66,10,not_b
1,2917,53,54,12,not_a
1,2918,66,28,4,not_implied_by
1,2919,9,60,0,zero
1,2920,70,8,2,not_implies
1,2921,42,73,0,zero
1,2922,80,4,2,not_implies
1,2923,75,60,10,not_b
1,2924,33,87,0,zero
1,2925,87,57,12,not_a
1,2926,44,59,5,b
1,2927,81,8,4,not_implied_by
1,2928,9,36,15,one
1,2929,76,31,14,not_and
1,2930,13,27,4,not_implied_by
1,2931,53,37,3,a
1,2932,76,26,14,not_and
1,2933,16,44,2,not_implies
1,2934,73,62,5,b
1,2935,13,17,0,zero
1,2936,45,38,14,not_and
1,2937,36,5,7,or
1,2938,87,4,7,or
1,2939,63,9,1,and
1,2940,32,82,4,not_implied_by
1,2941,12,10,3,a
1,2942,77,18,7,or
1,2943,56,20,9,not_xor
1,2944,5,37,10,not_b
1,2945,86,31,5,b
1,2946,73,15,7,or
1,2947,70,64,5,b
1,2948,11,71,7,or
1,2949,37,82,0,zero
1,2950,19,69,7,or
1,2951,26,71,15,one
1,2952,17,88,9,not_xor
1,2953,23,48,9,not_xor
1,2954,37,19,7,or
1,2955,53,40,12,not_a
1,2956,1,32,0,zero
1,2957,75,78,6,xor
1,2958,49,21,6,xor
1,2959,59,18,0,zero
1,2960,73,52,0,zero
1,2961,67,25,2,not_implies
1,2962,43,74,10,not_b
1,2963,45,80,15,one
1,2964,61,65,8,not_or
1,2965,37,4,15,one
1,2966,23,50,14,not_and
1,2967,21,12,4,not_implied_by
1,2968,13,3,3,a
1,2969,61,62,9,not_xor
1,2970,30,88,4,not_implied_by
1,2971,6,19,7,or
1,2972,51,57,14,not_and
1,2973,60,50,6,xor
1,2974,78,55,2,not_implies
1,2975,84,17,8,not_or
1,2976,55,4,0,zero
1,2977,46,21,10,not_b
1,2978,82,21,5,b
1,2979,54,2,3,a
1,2980,28,34,10,not_b
1,2981,48,16,13,implies
1,2982,88,86,1,and
1,2983,31,76,11,implied_by
1,2984,14,76,13,implies
1,2985,61,6,9,not_xor
1,2986,35,19,2,not_implies
1,2987,50,88,6,xor
1,2988,66,76,3,a
1,2989,18,86,5,b
1,2990,32,55,14,not_and
1,2991,89,69,4,not_implied_by
1,2992,64,2,10,not_b
1,2993,84,4,13,implies
1,2994,49,44,12,not_a
1,2995,58,38,4,not_implied_by
1,2996,21,68,6,xor
1,2997,43,3,12,not_a
1,2998,53,74,0,zero
1,2999,81,46,14,not_and
1,3000,13,19,9,not_xor
1,3001,36,24,1,and
1,3002,23,22,11,implied_by
1,3003,50,29,11,implied_by
1,3004,76,18,10,not_b
1,3005,46,53,11,implied_by
1,3006,64,54,4,not_implied_by
1,3007,61,12,3,a
1,3008,40,74,15,one
1,3009,78,10,0,zero
1,3010,81,2,8,not_or
1,3011,32,51,2,not_implies
1,3012,65,53,1,and
1,3013,23,10,10,not_b
1,3014,44,26,5,b
1,3015,63,42,13,implies
1,3016,86,13,0,zero
1,3017,81,34,3,a
1,3018,26,48,14,not_and
1,3019,69,27,7,or
1,3020,82,34,14,not_and
1,3021,6,16,3,a
1,3022,29,32,9,not_xor
1,3023,1,65,10,not_b
1,3024,79,37,11,implied_by
1,3025,82,24,6,xor
1,3026,89,6,1,and
1,3027,32,35,11,implied_by
1,3028,81,17,15,one
1,3029,48,55,2,not_implies
1,3030,69,30,3,a
1,3031,85,59,4,not_implied_by
1,3032,8,52,14,not_and
1,3033,7,50,12,not_a
1,3034,42,26,8,not_or
1,3035,58,37,3,a
1,3036,47,24,7,or
1,3037,29,81,14,not_and
1,3038,26,50,11,implied_by
1,3039,15,77,12,not_a
1,3040,56,52,11,implied_by
1,3041,38,7,12,not_a
1,3042,48,11,9,not_xor
1,3043,58,40,0,zero
1,3044,13,8,10,not_b
1,3045,61,58,12,not_a
1,3046,79,87,6,xor
1,3047,7,55,3,a
1,3048,3,39,3,a
1,3049,82,17,15,one
1,3050,29,37,3,a
1,3051,74,67,15,one
1,3052,82,32,5,b
1,3053,12,70,7,or
1,3054,28,68,6,xor
1,3055,83,73,15,one
1,3056,80,34,3,a
1,3057,69,85,6,xor
1,3058,74,72,0,zero
1,3059,20,10,6,xor
1,3060,28,30,10,not_b
1,3061,14,29,6,xor
1,3062,46,21,9,not_xor
1,3063,15,3,4,not_implied_by
1,3064,1,56,15,one
1,3065,64,86,5,b
1,3066,36,53,4,not_implied_by
1,3067,86,27,14,not_and
1,3068,64,35,15,one
1,3069,59,28,0,zero
1,3070,1,19,7,or
1,3071,14,68,1,and
1,3072,65,16,14,not_and
1,3073,31,86,8,not_or
1,3074,20,21,4,not_implied_by
1,3075,40,50,5,b
1,3076,53,88,9,not_xor
1,3077,5,23,12,not_a
1,3078,50,5,8,not_or
1,3079,87,80,3,a
1,3080,82,38,15,one
1,3081,69,70,6,xor
1,3082,64,21,14,not_and
1,3083,57,63,3,a
1,3084,44,36,4,not_implied_by
1,3085,5,44,2,not_implies
1,3086,5,1,9,not_xor
1,3087,35,86,12,not_a
1,3088,75,15,3,a
1,3089,89,35,10,not_b
1,3090,37,27,13,implies
1,3091,37,28,12,not_a
1,3092,83,55,8,not_or
1,3093,53,63,12,not_a
1,3094,89,61,6,xor
1,3095,61,67,5,b
1,3096,42,0,11,implied_by
1,3097,82,46,11,implied_by
1,3098,71,20,2,not_implies
1,3099,59,15,1,and
1,3100,12,72,0,zero
1,3101,44,6,12,not_a
1,3102,23,41,3,a
1,3103,36,66,14,not_and
1,3104,87,29,2,not_implies
1,3105,36,10,7,or
1,3106,52,70,10,not_b
1,3107,62,77,0,zero
1,3108,37,41,9,not_xor
1,3109,86,5,2,not_implies
1,3110,66,54,14,not_and
1,3111,12,38,12,not_a
1,3112,56,75,13,implies
1,3113,54,64,2,not_implies
1,3114,85,89,9,not_xor
1,3115,47,25,10,not_b
1,3116,29,4,11,implied_by
1,3117,81,15,13,implies
1,3118,6,41,0,zero
1,3119,88,35,5,b
1,3120,9,8,9,not_xor
1,3121,70,15,11,implied_by
1,3122,74,59,1,and
1,3123,79,0,1,and
1,3124,16,63,1,and
1,3125,86,79,10,not_b
1,3126,87,56,5,b
1,3127,72,4,15,one
1,3128,65,38,6,xor
1,3129,71,70,0,zero
1,3130,41,68,9,not_xor
1,3131,66,15,3,a
1,3132,4,13,11,implied_by
1,3133,15,2,8,not_or
1,3134,42,20,5,b
1,3135,66,21,10,not_b
1,3136,3,84,10,not_b
1,3137,9,78,8,not_or
1,3138,85,0,6,xor
1,3139,66,84,9,not_xor
1,3140,25,71,6,xor
1,3141,15,28,10,not_b
1,3142,69,76,8,not_or
1,3143,83,73,12,not_a
1,3144,39,83,6,xor
1,3145,9,25,11,implied_by
1,3146,70,65,9,not_xor
1,3147,76,53,4,not_implied_by
1,3148,27,25,7,or
1,3149,31,34,8,not_or
1,3150,1,57,14,not_and
1,3151,88,18,6,xor
1,3152,8,10,15,one
1,3153,76,48,13,implies
1,3154,54,22,14,not_and
1,3155,38,34,7,or
1,3156,3,49,1,and
1,3157,33,4,8,not_or
1,3158,42,87,0,zero
1,3159,81,79,1,and
1,3160,72,29,8,not_or
1,3161,86,68,2,not_implies
1,3162,74,67,1,and
1,3163,5,61,0,zero
1,3164,11,69,3,a
1,3165,67,60,12,not_a
1,3166,16,56,13,implies
1,3167,17,36,8,not_or
1,3168,77,18,13,implies
1,3169,0,54,10,not_b
1,3170,28,33,3,a
1,3171,45,86,13,implies
1,3172,37,74,9,not_xor
1,3173,63,62,4,not_implied_by
1,3174,80,24,4,not_implied_by
1,3175,73,70,13,implies
1,3176,72,7,6,xor
1,3177,6,27,1,and
1,3178,68,40,7,or
1,3179,42,21,1,and
1,3180,68,58,14,not_and
1,3181,62,30,13,implies
1,3182,9,15,15,one
1,3183,38,74,11,implied_by
1,3184,77,5,11,implied_by
1,3185,2,62,1,and
1,3186,85,6,11,implied_by
1,3187,75,68,15,one
1,3188,66,50,11,implied_by
1,3189,31,29,8,not_or
1,3190,33,39,0,zero
1,3191,4,0,7,or
1,3192,79,12,0,zero
1,3193,70,83,3,a
1,3194,57,41,7,or
1,3195,71,28,5,b
1,3196,8,30,1,and
1,3197,33,16,13,implies
1,3198,41,73,14,not_and
1,3199,31,66,4,not_implied_by
1,3200,82,21,7,or
1,3201,25,6,0,zero
1,3202,81,66,7,or
1,3203,81,22,0,zero
1,3204,17,30,6,xor
1,3205,68,86,15,one
1,3206,67,15,12,not_a
1,3207,43,43,8,not_or
1,3208,8,76,11,implied_by
1,3209,36,4,10,not_b
1,3210,23,1,13,implies
1,3211,48,25,14,not_and
1,3212,78,68,2,not_implies
1,3213,6,39,14,not_and
1,3214,58,19,9,not_xor
1,3215,74,0,14,not_and
1,3216,70,35,2,not_implies
1,3217,81,82,15,one
1,3218,18,83,9,not_xor
1,3219,19,19,8,not_or
1,3220,61,27,0,zero
1,3221,38,78,11,implied_by
1,3222,62,15,12,not_a
1,3223,18,76,4,not_implied_by
1,3224,3,8,15,one
1,3225,4,16,14,not_and
1,3226,9,73,10,not_b
1,3227,13,66,6,xor
1,3228,52,79,2,not_implies
1,3229,76,69,15,one
1,3230,63,80,10,not_b
1,3231,23,9,1,and
1,3232,36,72,0,zero
1,3233,46,43,0,zero
1,3234,1,61,5,b
1,3235,16,16,14,not_and
1,3236,81,1,13,implies
1,3237,48,76,1,and
1,3238,0,50,6,xor
1,3239,60,54,6,xor
1,3240,36,21,2,not_implies
1,3241,0,85,10,not_b
1,3242,14,75,6,xor
1,3243,59,27,14,not_and
1,3244,42,23,5,b
1,3245,58,63,12,not_a
1,3246,4,18,7,or
1,3247,15,88,9,not_xor
1,3248,52,52,0,zero
1,3249,74,37,6,xor
1,3250,47,8,8,not_or
1,3251,83,64,1,and
1,3252,23,61,12,not_a
1,3253,30,55,11,implied_by
1,3254,18,61,2,not_implies
1,3255,35,34,3,a
1,3256,75,46,11,implied_by
1,3257,30,80,14,not_and
1,3258,68,23,10,not_b
1,3259,8,46,7,or
1,3260,16,31,9,not_xor
1,3261,3,45,10,not_b
1,3262,88,13,6,xor
1,3263,3,24,4,not_implied_by
1,3264,51,46,6,xor
1,3265,50,5,14,not_and
1,3266,74,52,12,not_a
1,3267,55,49,4,not_implied_by
1,3268,37,7,2,not_implies
1,3269,34,39,10,not_b
1,3270,11,17,9,not_xor
1,3271,49,36,1,and
1,3272,58,6,1,and
1,3273,52,38,1,and
1,3274,80,56,2,not_implies
1,3275,81,65,10,not_b
1,3276,0,79,10,not_b
1,3277,17,18,6,xor
1,3278,15,53,11,implied_by
1,3279,42,88,5,b
1,3280,14,79,3,a
1,3281,83,56,14,not_and
1,3282,79,24,5,b
1,3283,41,83,10,not_b
1,3284,87,19,2,not_implies
1,3285,37,39,13,implies
1,3286,29,88,0,zero
1,3287,28,28,15,one
1,3288,35,31,2,not_implies
1,3289,6,81,6,xor
1,3290,27,81,0,zero
1,3291,62,63,7,or
1,3292,45,82,3,a
1,3293,55,54,0,zero
1,3294,87,18,15,one
1,3295,7,89,14,not_and
1,3296,82,44,6,xor
1,3297,21,80,4,not_implied_by
1,3298,30,22,10,not_b
1,3299,34,5,10,not_b
1,3300,77,1,1,and
1,3301,9,54,12,not_a
1,3302,78,6,7,or
1,3303,78,82,2,not_implies
1,3304,52,34,14,not_and
1,3305,48,27,4,not_implied_by
1,3306,56,43,15,one
1,3307,22,59,4,not_implied_by
1,3308,38,28,4,not_implied_by
1,3309,34,3,11,implied_by
1,3310,30,74,0,zero
1,3311,38,59,6,xor
1,3312,75,68,13,implies
1,3313,82,17,6,xor
1,3314,16,10,3,a
1,3315,7,15,5,b
1,3316,89,65,14,not_and
1,3317,44,1,15,one
1,3318,87,21,10,not_b
1,3319,28,12,14,not_and
1,3320,7,21,8,not_or
1,3321,0,86,15,one
1,3322,26,77,4,not_implied_by
1,3323,82,27,0,zero
1,3324,13,50,4,not_implied_by
1,3325,75,79,5,b
1,3326,2,61,12,not_a
1,3327,60,65,4,not_implied_by
1,3328,85,2,0,zero
1,3329,78,20,2,not_implies
1,3330,40,55,6,xor
1,3331,26,12,2,not_implies
1,3332,5,33,12,not_a
1,3333,42,0,12,not_a
1,3334,21,38,3,a
1,3335,51,7,9,not_xor
1,3336,86,3,14,not_and
1,3337,81,31,9,not_xor
1,3338,3,66,6,xor
1,3339,48,87,2,not_implies
1,3340,35,49,3,a
1,3341,56,30,1,and
1,3342,6,62,2,not_implies
1,3343,76,37,1,and
1,3344,23,41,7,or
1,3345,36,40,0,zero
1,3346,24,27,15,one
1,3347,63,22,15,one
1,3348,81,66,5,b
1,3349,83,0,7,or
1,3350,39,78,0,zero
1,3351,12,54,1,and
1,3352,25,48,2,not_implies
1,3353,26,62,14,not_and
1,3354,87,43,4,not_implied_by
1,3355,24,70,10,not_b
1,3356,14,89,10,not_b
1,3357,45,24,3,a
1,3358,16,78,6,xor
1,3359,82,22,11,implied_by
1,3360,84,84,10,not_b
1,3361,44,44,5,b
1,3362,42,67,9,not_xor
1,3363,73,82,1,and
1,3364,26,9,2,not_implies
1,3365,0,32,8,not_or
1,3366,0,11,14,not_and
1,3367,16,78,8,not_or
1,3368,42,7,5,b
1,3369,50,63,15,one
1,3370,45,3,5,b
1,3371,4,33,2,not_implies
1,3372,44,37,1,and
1,3373,81,58,1,and
1,3374,55,11,6,xor
1,3375,25,21,14,not_and
1,3376,63,38,9,not_xor
1,3377,41,30,0,zero
1,3378,10,43,5,b
1,3379,30,61,7,or
1,3380,47,37,10,not_b
1,3381,4,56,1,and
1,3382,77,13,14,not_and
1,3383,20,74,10,not_b
1,3384,42,71,9,not_xor
1,3385,31,65,15,one
1,3386,88,74,3,a
1,3387,64,62,6,xor
1,3388,23,26,14,not_and
1,3389,37,73,6,xor
1,3390,51,43,2,not_implies
1,3391,59,54,3,a
1,3392,68,86,10,not_b
1,3393,23,31,11,implied_by
1,3394,58,5,11,implied_by
1,3395,29,58,7,or
1,3396,44,44,6,xor
1,3397,23,22,11,implied_by
1,3398,41,36,0,zero
1,3399,6,17,13,implies
1,3400,50,60,2,not_implies
1,3401,23,45,0,zero
1,3402,61,50,14,not_and
1,3403,21,5,12,not_a
1,3404,43,15,2,not_implies
1,3405,60,73,11,implied_by
1,3406,80,22,8,not_or
1,3407,33,66,7,or
1,3408,88,36,10,not_b
1,3409,62,67,10,not_b
1,3410,51,86,9,not_xor
1,3411,29,29,6,xor
1,3412,54,2,0,zero
1,3413,17,85,3,a
1,3414,68,53,8,not_or
1,3415,36,87,6,xor
1,3416,41,2,7,or
1,3417,23,32,10,not_b
1,3418,54,13,14,not_and
1,3419,45,9,1,and
1,3420,64,89,1,and
1,3421,42,10,11,implied_by
1,3422,39,58,12,not_a
1,3423,59,25,9,not_xor
1,3424,74,41,12,not_a
1,3425,34,51,7,or
1,3426,36,83,7,or
1,3427,84,26,7,or
1,3428,83,14,10,not_b
1,3429,64,0,6,xor
1,3430,24,31,8,not_or
1,3431,71,64,14,not_and
1,3432,81,38,9,not_xor
1,3433,43,86,6,xor
1,3434,64,61,13,implies
1,3435,49,57,6,xor
1,3436,37,37,7,or
1,3437,29,15,11,implied_by
1,3438,41,29,11,implied_by
1,3439,67,45,0,zero
1,3440,85,84,4,not_implied_by
1,3441,33,20,12,not_a
1,3442,34,15,10,not_b
1,3443,57,19,15,one
1,3444,82,57,10,not_b
1,3445,29,55,1,and
1,3446,18,36,2,not_implies
1,3447,71,8,0,zero
1,3448,27,3,7,or
1,3449,33,51,2,not_implies
1,3450,84,23,7,or
1,3451,75,66,12,not_a
1,3452,53,1,8,not_or
1,3453,40,10,3,a
1,3454,1,75,5,b
1,3455,24,65,3,a
1,3456,28,48,6,xor
1,3457,6,26,9,not_xor
1,3458,12,21,5,b
1,3459,41,65,9,not_xor
1,3460,39,87,1,and
1,3461,43,15,11,implied_by
1,3462,74,70,7,or
1,3463,19,3,1,and
1,3464,24,11,12,not_a
1,3465,75,11,7,or
1,3466,10,39,9,not_xor
1,3467,1,48,7,or
1,3468,58,20,13,implies
1,3469,89,5,0,zero
1,3470,74,24,5,b
1,3471,18,42,0,zero
1,3472,27,77,1,and
1,3473,32,24,7,or
1,3474,18,11,7,or
1,3475,77,35,5,b
1,3476,57,33,5,b
1,3477,7,85,9,not_xor
1,3478,76,3,0,zero
1,3479,40,22,9,not_xor
1,3480,76,52,0,zero
1,3481,31,27,6,xor
1,3482,42,79,15,one
1,3483,47,81,1,and
1,3484,29,85,14,not_and
1,3485,36,1,13,implies
1,3486,86,78,1,and
1,3487,80,50,6,xor
1,3488,75,89,0,zero
1,3489,62,8,9,not_xor
1,3490,32,11,13,implies
1,3491,8,17,2,not_implies
1,3492,21,43,12,not_a
1,3493,5,63,14,not_and
1,3494,62,11,14,not_and
1,3495,13,47,5,b
1,3496,24,64,2,not_implies
1,3497,39,65,12,not_a
1,3498,3,20,1,and
1,3499,35,33,1,and
1,3500,73,10,7,or
1,3501,68,80,6,xor
1,3502,41,53,1,and
1,3503,78,16,14,not_and
1,3504,6,34,6,xor
1,3505,22,74,9,not_xor
1,3506,31,13,10,not_b
1,3507,36,45,5,b
1,3508,73,42,15,one
1,3509,70,28,8,not_or
1,3510,84,16,15,one
1,3511,32,23,2,not_implies
1,3512,71,41,2,not_implies
1,3513,52,62,9,not_xor
1,3514,27,49,12,not_a
1,3515,7,70,13,implies
1,3516,29,46,1,and
1,3517,86,63,2,not_implies
1,3518,87,48,12,not_a
1,3519,43,35,14,not_and
1,3520,80,36,13,implies
1,3521,31,54,11,implied_by
1,3522,24,33,4,not_implied_by
1,3523,39,4,8,not_or
1,3524,24,88,5,b
1,3525,85,19,2,not_implies
1,3526,31,24,0,zero
1,3527,6,40,6,xor
1,3528,23,46,11,implied_by
1,3529,87,81,13,implies
1,3530,12,8,4,not_implied_by
1,3531,59,74,9,not_xor
1,3532,58,89,8,not_or
1,3533,31,73,1,and
1,3534,39,84,9,not_xor
1,3535,64,53,9,not_xor
1,3536,83,35,9,not_xor
1,3537,31,67,1,and
1,3538,56,30,8,not_or
1,3539,25,63,12,not_a
1,3540,64,71,7,or
1,3541,28,72,3,a
1,3542,89,9,4,not_implied_by
1,3543,82,59,11,implied_by
1,3544,20,88,14,not_and
1,3545,51,88,7,or
1,3546,64,31,2,not_implies
1,3547,18,28,7,or
1,3548,76,27,8,not_or
1,3549,34,34,12,not_a
1,3550,69,84,9,not_xor
1,3551,68,23,9,not_xor
1,3552,17,49,1,and
1,3553,34,12,2,not_implies
1,3554,68,72,10,not_b
1,3555,73,82,5,b
1,3556,18,20,15,one
1,3557,29,62,4,not_implied_by
1,3558,23,9,3,a
1,3559,24,59,12,not_a
1,3560,15,37,9,not_xor
1,3561,16,3,8,not_or
1,3562,29,84,8,not_or
1,3563,79,6,4,not_implied_by
1,3564,30,65,4,not_implied_by
1,3565,23,66,10,not_b
1,3566,36,78,2,not_implies
1,3567,8,15,6,xor
1,3568,75,82,3,a
1,3569,41,46,6,xor
1,3570,81,3,6,xor
1,3571,64,12,4,not_implied_by
1,3572,35,9,8,not_or
1,3573,47,5,11,implied_by
1,3574,28,81,7,or
1,3575,4,12,8,not_or
1,3576,55,32,9,not_xor
1,3577,39,11,7,or
1,3578,0,10,12,not_a
1,3579,61,64,14,not_and
1,3580,67,8,11,implied_by
1,3581,5,71,3,a
1,3582,30,40,3,a
1,3583,42,61,1,and
1,3584,44,20,1,and
1,3585,79,81,3,a
1,3586,23,9,10,not_b
1,3587,59,32,0,zero
1,3588,66,16,12,not_a
1,3589,77,22,10,not_b
1,3590,12,38,8,not_or
1,3591,77,66,6,xor
1,3592,6,13,11,implied_by
1,3593,42,29,6,xor
1,3594,27,42,10,not_b
1,3595,88,53,1,and
1,3596,29,6,4,not_implied_by
1,3597,33,74,8,not_or
1,3598,45,71,7,or
1,3599,66,57,10,not_b
1,3600,83,78,9,not_xor
1,3601,22,43,14,not_and
1,3602,8,44,12,not_a
1,3603,73,84,6,xor
1,3604,87,53,6,xor
1,3605,54,64,0,zero
1,3606,85,19,9,not_xor
1,3607,56,55,6,xor
1,3608,85,12,10,not_b
1,3609,83,51,2,not_implies
1,3610,50,16,12,not_a
1,3611,27,75,5,b
1,3612,28,51,3,a
1,3613,53,81,4,not_implied_by
1,3614,58,59,6,xor
1,3615,51,3,13,implies
1,3616,50,46,10,not_b
1,3617,31,43,14,not_and
1,3618,56,82,5,b
1,3619,77,48,13,implies
1,3620,42,29,14,not_and
1,3621,47,11,13,implies
1,3622,80,24,9,not_xor
1,3623,3,81,13,implies
1,3624,86,12,0,zero
1,3625,73,75,10,not_b
1,3626,40,80,15,one
1,3627,34,25,4,not_implied_by
1,3628,32,85,2,not_implies
1,3629,28,47,3,a
1,3630,27,59,3,a
1,3631,52,20,14,not_and
1,3632,46,67,13,implies
1,3633,3,9,12,not_a
1,3634,29,73,3,a
1,3635,89,1,4,not_implied_by
1,3636,34,87,1,and
1,3637,9,12,4,not_implied_by
1,3638,35,18,6,xor
1,3639,13,46,1,and
1,3640,87,73,2,not_implies
1,3641,14,21,1,and
1,3642,41,86,5,b
1,3643,2,78,11,implied_by
1,3644,75,87,15,one
1,3645,25,60,4,not_implied_by
1,3646,46,30,8,not_or
1,3647,34,14,5,b
1,3648,22,34,3,a
1,3649,54,81,8,not_or
1,3650,78,10,5,b
1,3651,73,56,5,b
1,3652,0,84,12,not_a
1,3653,72,83,12,not_a
1,3654,46,63,0,zero
1,3655,89,0,14,not_and
1,3656,15,76,12,not_a
1,3657,34,22,8,not_or
1,3658,10,86,14,not_and
1,3659,40,40,12,not_a
1,3660,18,61,9,not_xor
1,3661,53,53,15,one
1,3662,73,10,1,and
1,3663,82,16,15,one
1,3664,37,22,1,and
1,3665,16,67,13,implies
1,3666,29,0,4,not_implied_by
1,3667,33,43,2,not_implies
1,3668,78,89,7,or
1,3669,65,20,6,xor
1,3670,49,28,12,not_a
1,3671,86,53,11,implied_by
1,3672,36,17,2,not_implies
1,3673,70,50,11,implied_by
1,3674,71,1,15,one
1,3675,27,77,2,not_implies
1,3676,67,78,8,not_or
1,3677,69,28,0,zero
1,3678,50,8,1,and
1,3679,65,31,10,not_b
1,3680,12,24,1,and
1,3681,39,40,8,not_or
1,3682,70,26,7,or
1,3683,83,51,14,not_and
1,3684,18,19,4,not_implied_by
1,3685,3,13,11,implied_by
1,3686,4,22,15,one
1,3687,30,6,2,not_implies
1,3688,67,62,3,a
1,3689,32,72,8,not_or
1,3690,53,53,9,not_xor
1,3691,89,53,7,or
1,3692,87,6,10,not_b
1,3693,14,32,4,not_implied_by
1,3694,22,18,0,zero
1,3695,31,0,12,not_a
1,3696,48,47,11,implied_by
1,3697,32,35,3,a
1,3698,26,51,4,not_implied_by
1,3699,70,38,13,implies
1,3700,1,7,5,b
1,3701,49,51,8,not_or
1,3702,21,83,4,not_implied_by
1,3703,0,7,13,implies
1,3704,68,14,8,not_or
1,3705,3,20,4,not_implied_by
1,3706,49,43,2,not_implies
1,3707,18,51,1,and
1,3708,57,26,3,a
1,3709,57,12,6,xor
1,3710,33,25,6,xor
1,3711,63,56,10,not_b
1,3712,47,22,0,zero
1,3713,67,83,11,implied_by
1,3714,22,7,8,not_or
1,3715,36,29,4,not_implied_by
1,3716,60,0,11,implied_by
1,3717,40,21,9,not_xor
1,3718,52,83,1,and
1,3719,63,81,13,implies
1,3720,34,51,11,implied_by
1,3721,76,8,10,not_b
1,3722,27,66,2,not_implies
1,3723,66,72,1,and
1,3724,51,73,13,implies
1,3725,64,26,4,not_implied_by
1,3726,54,57,1,and
1,3727,65,29,6,xor
1,3728,20,26,12,not_a
1,3729,68,25,3,a
1,3730,71,46,15,one
1,3731,47,22,10,not_b
1,3732,5,87,8,not_or
1,3733,35,46,0,zero
1,3734,14,58,7,or
1,3735,27,43,11,implied_by
1,3736,45,60,9,not_xor
1,3737,5,53,14,not_and
1,3738,48,4,14,not_and
1,3739,59,22,6,xor
1,3740,69,71,12,not_a
1,3741,39,62,10,not_b
1,3742,33,71,1,and
1,3743,52,75,1,and
1,3744,23,71,7,or
1,3745,50,61,14,not_and
1,3746,78,58,15,one
1,3747,65,15,8,not_or
1,3748,82,68,7,or
1,3749,9,44,5,b
1,3750,64,73,7,or
1,3751,72,39,15,one
1,3752,69,10,14,not_and
1,3753,50,47,4,not_implied_by
1,3754,5,13,11,implied_by
1,3755,66,65,2,not_implies
1,3756,37,75,15,one
1,3757,59,28,15,one
1,3758,75,25,8,not_or
1,3759,30,81,14,not_and
1,3760,80,4,15,one
1,3761,79,79,12,not_a
1,3762,76,50,9,not_xor
1,3763,84,77,9,not_xor
1,3764,58,7,0,zero
1,3765,47,24,2,not_implies
1,3766,50,6,0,zero
1,3767,57,87,7,or
1,3768,35,13,6,xor
1,3769,28,15,10,not_b
1,3770,4,7,7,or
1,3771,74,82,4,not_implied_by
1,3772,62,71,1,and
1,3773,44,47,13,implies
1,3774,66,84,14,not_and
1,3775,85,77,7,or
1,3776,61,79,15,one
1,3777,48,52,15,one
1,3778,19,74,6,xor
1,3779,32,79,6,xor
1,3780,0,18,8,not_or
1,3781,84,57,13,implies
1,3782,17,61,1,and
1,3783,57,84,2,not_implies
1,3784,53,40,0,zero
1,3785,86,72,5,b
1,3786,62,74,13,implies
1,3787,13,65,6,xor
1,3788,34,52,3,a
1,3789,65,17,12,not_a
1,3790,53,89,14,not_and
1,3791,69,16,14,not_and
1,3792,68,88,2,not_implies
1,3793,70,61,7,or
1,3794,75,77,4,not_implied_by
1,3795,87,35,2,not_implies
1,3796,63,22,10,not_b
1,3797,28,28,15,one
1,3798,84,65,1,and
1,3799,81,29,9,not_xor
1,3800,4,16,5,b
1,3801,35,41,3,a
1,3802,6,69,9,not_xor
1,3803,80,24,3,a
1,3804,19,17,15,one
1,3805,26,45,4,not_implied_by
1,3806,12,33,8,not_or
1,3807,21,44,3,a
1,3808,30,26,7,or
1,3809,12,53,3,a
1,3810,26,12,9,not_xor
1,3811,40,23,13,implies
1,3812,47,17,4,not_implied_by
1,3813,11,43,11,implied_by
1,3814,58,58,11,implied_by
1,3815,35,64,11,implied_by
1,3816,69,83,6,xor
1,3817,52,5,12,not_a
1,3818,13,48,13,implies
1,3819,9,32,9,not_xor
1,3820,57,16,14,not_and
1,3821,66,71,13,implies
1,3822,35,12,2,not_implies
1,3823,54,43,13,implies
1,3824,7,62,13,implies
1,3825,45,28,12,not_a
1,3826,67,86,14,not_and
1,3827,67,43,12,not_a
1,3828,80,5,10,not_b
1,3829,77,6,13,implies
1,3830,26,64,13,implies
1,3831,72,61,5,b
1,3832,22,15,4,not_implied_by
1,3833,52,87,3,a
1,3834,74,10,10,not_b
1,3835,58,4,2,not_implies
1,3836,40,3,14,not_and
1,3837,53,22,4,not_implied_by
1,3838,16,68,9,not_xor
1,3839,0,39,4,not_implied_by
1,3840,85,52,3,a
1,3841,0,69,13,implies
1,3842,78,37,1,and
1,3843,31,78,8,not_or
1,3844,1,83,5,b
1,3845,33,10,6,xor
1,3846,27,59,12,not_a
1,3847,18,86,1,and
1,3848,18,87,10,not_b
1,3849,28,30,4,not_implied_by
1,3850,14,26,15,one
1,3851,76,84,10,not_b
1,3852,83,88,8,not_or
1,3853,83,0,3,a
1,3854,50,62,5,b
1,3855,47,87,6,xor
1,3856,34,56,3,a
1,3857,42,76,8,not_or
1,3858,10,88,4,not_implied_by
1,3859,7,63,11,implied_by
1,3860,30,1,15,one
1,3861,3,89,7,or
1,3862,57,11,0,zero
1,3863,4,26,11,implied_by
1,3864,53,45,2,not_implies
1,3865,63,38,10,not_b
1,3866,13,1,8,not_or
1,3867,53,83,5,b
1,3868,4,62,12,not_a
1,3869,60,87,1,and
1,3870,6,49,6,xor
1,3871,75,27,13,implies
1,3872,23,86,10,not_b
1,3873,89,77,2,not_implies
1,3874,1,73,13,implies
1,3875,40,0,7,or
1,3876,22,30,13,implies
1,3877,11,18,3,a
1,3878,5,2,15,one
1,3879,37,57,13,implies
1,3880,46,41,15,one
1,3881,45,33,13,implies
1,3882,86,44,4,not_implied_by
1,3883,5,33,13,implies
1,3884,54,20,15,one
1,3885,67,6,4,not_implied_by
1,3886,19,59,14,not_and
1,3887,68,44,13,implies
1,3888,32,48,4,not_implied_by
1,3889,54,7,1,and
1,3890,34,6,6,xor
1,3891,27,28,12,not_a
1,3892,5,26,5,b
1,3893,35,76,0,zero
1,3894,28,21,9,not_xor
1,3895,27,79,2,not_implies
1,3896,22,88,3,a
1,3897,59,36,5,b
1,3898,44,52,14,not_and
1,3899,84,54,5,b
1,3900,29,31,1,and
1,3901,72,57,1,and
1,3902,43,23,11,implied_by
1,3903,29,39,7,or
1,3904,28,87,11,implied_by
1,3905,46,41,4,not_implied_by
1,3906,0,8,11,implied_by
1,3907,48,78,2,not_implies
1,3908,19,38,3,a
1,3909,59,89,1,and
1,3910,56,63,15,one
1,3911,0,71,15,one
1,3912,49,83,12,not_a
1,3913,17,89,9,not_xor
1,3914,30,38,11,implied_by
1,3915,60,17,2,not_implies
1,3916,27,81,2,not_implies
1,3917,71,89,1,and
1,3918,64,55,14,not_and
1,3919,11,73,5,b
1,3920,73,89,8,not_or
1,3921,80,79,13,implies
1,3922,80,79,10,not_b
1,3923,36,67,15,one
1,3924,41,32,7,or
1,3925,5,23,1,and
1,3926,44,18,13,implies
1,3927,81,72,5,b
1,3928,16,60,3,a
1,3929,30,64,5,b
1,3930,89,22,5,b
1,3931,78,88,10,not_b
1,3932,34,20,4,not_implied_by
1,3933,78,43,12,not_a
1,3934,40,2,9,not_xor
1,3935,2,27,4,not_implied_by
1,3936,7,49,8,not_or
1,3937,50,23,14,not_and
1,3938,37,50,7,or
1,3939,28,44,0,zero
1,3940,24,20,5,b
1,3941,82,12,12,not_a
1,3942,13,8,0,zero
1,3943,20,65,13,implies
1,3944,31,36,10,not_b
1,3945,37,42,12,not_a
1,3946,50,65,9,not_xor
1,3947,19,16,11,implied_by
1,3948,23,21,7,or
1,3949,52,31,14,not_and
1,3950,82,8,3,a
1,3951,89,29,6,xor
1,3952,65,73,13,implies
1,3953,54,22,7,or
1,3954,48,78,14,not_and
1,3955,69,26,14,not_and
1,3956,39,86,4,not_implied_by
1,3957,30,80,2,not_implies
1,3958,2,40,13,implies
1,3959,70,69,11,implied_by
1,3960,60,32,6,xor
1,3961,44,74,9,not_xor
1,3962,43,36,7,or
1,3963,18,30,12,not_a
1,3964,11,21,3,a
1,3965,84,9,13,implies
1,3966,58,29,13,implies
1,3967,17,24,13,implies
1,3968,11,24,6,xor
1,3969,50,19,14,not_and
1,3970,22,45,14,not_and
1,3971,30,45,12,not_a
1,3972,57,47,9,not_xor
1,3973,31,51,3,a
1,3974,75,40,8,not_or
1,3975,32,80,3,a
1,3976,43,17,3,a
1,3977,82,44,9,not_xor
1,3978,55,65,2,not_implies
1,3979,58,58,14,not_and
1,3980,46,60,0,zero
1,3981,45,76,10,not_b
1,3982,25,4,8,not_or
1,3983,56,82,5,b
1,3984,46,1,10,not_b
1,3985,5,48,3,a
1,3986,7,70,13,implies
1,3987,25,41,2,not_implies
1,3988,11,82,2,not_implies
1,3989,29,14,10,not_b
1,3990,12,72,4,not_implied_by
1,3991,62,27,2,not_implies
1,3992,17,19,4,not_implied_by
1,3993,89,77,5,b
1,3994,15,50,10,not_b
1,3995,83,80,9,not_xor
1,3996,52,27,5,b
1,3997,17,28,5,b
1,3998,31,78,3,a
1,3999,29,50,12,not_a
1,4000,40,75,8,not_or
1,4001,61,27,15,one
1,4002,40,44,14,not_and
1,4003,58,75,14,not_and
1,4004,59,51,13,implies
1,4005,3,84,8,not_or
1,4006,78,34,3,a
1,4007,73,81,11,implied_by
1,4008,82,54,1,and
1,4009,15,85,6,xor
1,4010,82,41,5,b
1,4011,47,28,14,not_and
1,4012,66,26,8,not_or
1,4013,46,64,10,not_b
1,4014,26,59,9,not_xor
1,4015,9,9,1,and
1,4016,12,55,7,or
1,4017,20,46,14,not_and
1,4018,30,10,6,xor
1,4019,29,51,2,not_implies
1,4020,22,53,6,xor
1,4021,56,66,14,not_and
1,4022,6,74,10,not_b
1,4023,22,23,4,not_implied_by
1,4024,47,75,7,or
1,4025,20,41,13,implies
1,4026,37,52,7,or
1,4027,77,14,12,not_a
1,4028,56,26,7,or
1,4029,4,48,10,not_b
1,4030,29,74,5,b
1,4031,39,58,15,one
1,4032,40,35,6,xor
1,4033,62,76,0,zero
1,4034,9,51,2,not_implies
1,4035,38,81,9,not_xor
1,4036,62,51,0,zero
1,4037,74,59,3,a
1,4038,23,43,3,a
1,4039,16,10,13,implies
1,4040,48,77,5,b
1,4041,29,63,0,zero
1,4042,51,34,9,not_xor
1,4043,2,44,6,xor
1,4044,62,67,10,not_b
1,4045,27,84,0,zero
1,4046,79,2,4,not_implied_by
1,4047,38,61,14,not_and
1,4048,75,81,2,not_implies
1,4049,71,44,6,xor
1,4050,14,75,12,not_a
1,4051,57,18,8,not_or
1,4052,17,9,14,not_and
1,4053,59,73,8,not_or
1,4054,21,56,6,xor
1,4055,62,18,4,not_implied_by
1,4056,89,83,10,not_b
1,4057,59,61,8,not_or
1,4058,59,70,15,one
1,4059,60,75,3,a
1,4060,76,35,11,implied_by
1,4061,80,37,7,or
1,4062,31,67,1,and
1,4063,12,37,3,a
1,4064,15,54,12,not_a
1,4065,32,82,2,not_implies
1,4066,43,60,8,not_or
1,4067,28,49,2,not_implies
1,4068,17,71,13,implies
1,4069,27,11,7,or
1,4070,83,47,3,a
1,4071,42,13,2,not_implies
1,4072,64,16,12,not_a
1,4073,46,10,7,or
1,4074,47,57,8,not_or
1,4075,80,15,13,implies
1,4076,78,8,4,not_implied_by
1,4077,24,3,8,not_or
1,4078,83,20,2,not_implies
1,4079,22,55,7,or
1,4080,14,47,3,a
1,4081,76,64,1,and
1,4082,0,88,9,not_xor
1,4083,52,43,9,not_xor
1,4084,65,32,11,implied_by
1,4085,76,3,14,not_and
1,4086,35,51,6,xor
1,4087,39,27,0,zero
1,4088,21,41,12,not_a
1,4089,39,76,14,not_and
1,4090,35,37,10,not_b
1,4091,32,59,7,or
1,4092,54,15,2,not_implies
1,4093,57,44,15,one
1,4094,3,76,15,one
1,4095,42,26,4,not_implied_by
1,4096,87,18,13,implies
1,4097,59,37,14,not_and
1,4098,15,76,8,not_or
1,4099,62,57,13,implies
1,4100,27,12,5,b
1,4101,34,25,13,implies
1,4102,69,59,11,implied_by
1,4103,14,82,9,not_xor
1,4104,47,52,14,not_and
1,4105,70,70,1,and
1,4106,31,87,5,b
1,4107,74,2,4,not_implied_by
1,4108,56,55,12,not_a
1,4109,5,42,4,not_implied_by
1,4110,63,2,2,not_implies
1,4111,57,38,1,and
1,4112,57,80,11,implied_by
1,4113,26,6,7,or
1,4114,80,55,11,implied_by
1,4115,29,40,4,not_implied_by
1,4116,68,82,2,not_implies
1,4117,14,45,10,not_b
1,4118,66,57,2,not_implies
1,4119,28,72,4,not_implied_by
1,4120,57,70,2,not_implies
1,4121,40,88,15,one
1,4122,20,66,8,not_or
1,4123,6,46,14,not_and
1,4124,39,28,1,and
1,4125,86,32,3,a
1,4126,58,49,13,implies
1,4127,33,60,7,or
1,4128,25,18,6,xor
1,4129,51,82,9,not_xor
1,4130,31,71,12,not_a
1,4131,1,5,4,not_implied_by
1,4132,16,63,4,not_implied_by
1,4133,59,9,0,zero
1,4134,7,84,8,not_or
1,4135,3,8,4,not_implied_by
1,4136,51,16,3,a
1,4137,86,76,11,implied_by
1,4138,39,49,2,not_implies
1,4139,34,40,5,b
1,4140,44,79,0,zero
1,4141,52,6,15,one
1,4142,62,70,11,implied_by
1,4143,49,24,6,xor
1,4144,46,69,6,xor
1,4145,68,31,13,implies
1,4146,7,43,12,not_a
1,4147,71,5,11,implied_by
1,4148,32,3,2,not_implies
1,4149,47,30,11,implied_by
1,4150,84,56,8,not_or
1,4151,78,53,15,one
1,4152,82,8,4,not_implied_by
1,4153,23,61,0,zero
1,4154,76,17,14,not_and
1,4155,64,16,12,not_a
1,4156,5,35,6,xor
1,4157,41,30,1,and
1,4158,4,71,6,xor
1,4159,74,22,4,not_implied_by
1,4160,35,68,4,not_implied_by
1,4161,81,40,7,or
1,4162,10,86,3,a
1,4163,17,35,0,zero
1,4164,48,24,10,not_b
1,4165,10,84,11,implied_by
1,4166,25,25,12,not_a
1,4167,8,6,6,xor
1,4168,18,23,1,and
1,4169,8,53,5,b
1,4170,28,13,8,not_or
1,4171,29,20,12,not_a
1,4172,20,52,6,xor
1,4173,21,56,6,xor
1,4174,13,24,13,implies
1,4175,38,22,8,not_or
1,4176,84,34,14,not_and
1,4177,38,55,10,not_b
1,4178,47,60,10,not_b
1,4179,41,29,3,a
1,4180,1,0,7,or
1,4181,81,7,2,not_implies
1,4182,79,19,11,implied_by
1,4183,37,46,0,zero
1,4184,52,57,1,and
1,4185,6,27,2,not_implies
1,4186,23,42,7,or
1,4187,57,42,0,zero
1,4188,38,11,5,b
1,4189,79,86,7,or
1,4190,11,75,14,not_and
1,4191,0,71,6,xor
1,4192,75,61,3,a
1,4193,44,5,2,not_implies
1,4194,84,23,2,not_implies
1,4195,72,27,6,xor
1,4196,17,86,10,not_b
1,4197,67,29,5,b
1,4198,25,61,11,implied_by
1,4199,69,86,5,b
1,4200,84,83,14,not_and
1,4201,7,1,5,b
1,4202,86,20,6,xor
1,4203,76,76,15,one
1,4204,22,55,1,and
1,4205,33,27,15,one
1,4206,4,6,0,zero
1,4207,60,69,3,a
1,4208,72,2,10,not_b
1,4209,8,64,5,b
1,4210,87,0,12,not_a
1,4211,38,2,0,zero
1,4212,32,26,11,implied_by
1,4213,80,42,1,and
1,4214,39,81,8,not_or
1,4215,49,56,0,zero
1,4216,52,6,5,b
1,4217,79,32,6,xor
1,4218,80,71,11,implied_by
1,4219,75,33,11,implied_by
1,4220,89,19,5,b
1,4221,14,19,12,not_a
1,4222,76,45,2,not_implies
1,4223,80,71,13,implies
1,4224,52,22,15,one
1,4225,71,57,13,implies
1,4226,79,45,10,not_b
1,4227,57,14,6,xor
1,4228,18,82,8,not_or
1,4229,57,0,14,not_and
1,4230,53,77,3,a
1,4231,62,77,12,not_a
1,4232,18,71,9,not_xor
1,4233,47,75,7,or
1,4234,86,62,8,not_or
1,4235,2,25,7,or
1,4236,84,2,9,not_xor
1,4237,87,34,1,and
1,4238,62,73,15,one
1,4239,24,46,13,implies
1,4240,37,3,11,implied_by
1,4241,69,69,15,one
1,4242,11,35,9,not_xor
1,4243,30,55,0,zero
1,4244,43,63,6,xor
1,4245,38,3,1,and
1,4246,78,12,2,not_implies
1,4247,9,48,15,one
1,4248,3,2,5,b
1,4249,82,57,11,implied_by
1,4250,57,2,0,zero
1,4251,9,48,0,zero
1,4252,33,27,15,one
1,4253,75,60,11,implied_by
1,4254,58,40,12,not_a
1,4255,32,5,0,zero
1,4256,29,2,7,or
1,4257,47,89,15,one
1,4258,60,69,6,xor
1,4259,1,57,2,not_implies
1,4260,18,47,2,not_implies
1,4261,51,16,0,zero
1,4262,36,11,7,or
1,4263,8,50,2,not_implies
1,4264,52,17,7,or
1,4265,3,76,14,not_and
1,4266,36,40,11,implied_by
1,4267,42,15,7,or
1,4268,88,5,15,one
1,4269,61,81,8,not_or
1,4270,45,47,5,b
1,4271,79,36,3,a
1,4272,74,84,4,not_implied_by
1,4273,0,82,5,b
1,4274,65,5,6,xor
1,4275,53,19,4,not_implied_by
1,4276,46,75,1,and
1,4277,15,60,9,not_xor
1,4278,78,61,11,implied_by
1,4279,38,35,12,not_a
1,4280,6,78,6,xor
1,4281,8,18,10,not_b
1,4282,34,43,4,not_implied_by
1,4283,16,63,13,implies
1,4284,7,22,10,not_b
1,4285,85,78,10,not_b
1,4286,51,9,6,xor
1,4287,54,68,12,not_a
1,4288,89,16,6,xor
1,4289,61,83,12,not_a
1,4290,54,88,5,b
1,4291,58,30,4,not_implied_by
1,4292,58,75,1,and
1,4293,6,9,0,zero
1,4294,82,19,12,not_a
1,4295,17,83,10,not_b
1,4296,63,71,2,not_implies
1,4297,50,68,0,zero
1,4298,52,52,0,zero
1,4299,88,35,8,not_or
1,4300,29,1,2,not_implies
1,4301,72,10,9,not_xor
1,4302,75,16,3,a
1,4303,66,4,7,or
1,4304,74,54,12,not_a
1,4305,4,41,9,not_xor
1,4306,17,73,13,implies
1,4307,33,78,15,one
1,4308,12,44,3,a
1,4309,48,27,15,one
1,4310,37,46,0,zero
1,4311,81,8,12,not_a
1,4312,17,22,0,zero
1,4313,65,60,3,a
1,4314,63,54,3,a
1,4315,20,68,7,or
1,4316,64,48,2,not_implies
1,4317,55,65,14,not_and
1,4318,78,28,6,xor
1,4319,31,46,8,not_or
1,4320,85,17,6,xor
1,4321,84,61,6,xor
1,4322,71,82,8,not_or
1,4323,17,67,2,not_implies
1,4324,67,37,8,not_or
1,4325,10,47,9,not_xor
1,4326,61,38,8,not_or
1,4327,46,39,3,a
1,4328,82,29,14,not_and
1,4329,87,81,13,implies
1,4330,50,33,12,not_a
1,4331,63,54,10,not_b
1,4332,9,32,6,xor
1,4333,11,58,10,not_b
1,4334,53,14,2,not_implies
1,4335,2,77,9,not_xor
1,4336,89,28,11,implied_by
1,4337,31,89,12,not_a
1,4338,27,77,12,not_a
1,4339,34,89,7,or
1,4340,84,17,13,implies
1,4341,69,2,2,not_implies
1,4342,57,83,13,implies
1,4343,86,49,4,not_implied_by
1,4344,63,25,1,and
1,4345,58,13,2,not_implies
1,4346,37,33,5,b
1,4347,8,8,0,zero
1,4348,34,1,0,zero
1,4349,51,7,13,implies
1,4350,70,2,6,xor
1,4351,11,4,9,not_xor
1,4352,10,44,15,one
1,4353,2,85,8,not_or
1,4354,22,62,6,xor
1,4355,60,38,10,not_b
1,4356,7,24,7,or
1,4357,7,19,1,and
1,4358,47,77,10,not_b
1,4359,53,71,8,not_or
1,4360,68,59,4,not_implied_by
1,4361,75,23,9,not_xor
1,4362,79,85,1,and
1,4363,73,79,5,b
1,4364,9,85,4,not_implied_by
1,4365,12,41,14,not_and
1,4366,19,68,5,b
1,4367,21,20,5,b
1,4368,48,18,10,not_b
1,4369,52,20,13,implies
1,4370,58,63,13,implies
1,4371,62,40,9,not_xor
1,4372,39,39,15,one
1,4373,55,35,10,not_b
1,4374,25,26,13,implies
1,4375,15,63,13,implies
1,4376,37,51,1,and
1,4377,69,1,1,and
1,4378,30,78,8,not_or
1,4379,72,72,13,implies
1,4380,57,20,10,not_b
1,4381,36,26,2,not_implies
1,4382,61,46,7,or
1,4383,62,70,0,zero
1,4384,52,83,6,xor
1,4385,39,46,15,one
1,4386,72,9,2,not_implies
1,4387,32,24,12,not_a
1,4388,44,87,14,not_and
1,4389,38,46,7,or
1,4390,51,43,13,implies
1,4391,71,46,7,or
1,4392,38,32,0,zero
1,4393,53,55,12,not_a
1,4394,37,61,12,not_a
1,4395,76,75,9,not_xor
1,4396,49,28,2,not_implies
1,4397,18,3,13,implies
1,4398,76,14,14,not_and
1,4399,64,24,15,one
1,4400,11,32,14,not_and
1,4401,53,79,12,not_a
1,4402,30,15,13,implies
1,4403,58,21,8,not_or
1,4404,36,32,12,not_a
1,4405,65,27,12,not_a
1,4406,1,67,8,not_or
1,4407,68,74,4,not_implied_by
1,4408,75,2,15,one
1,4409,87,28,1,and
1,4410,27,33,15,one
1,4411,38,13,14,not_and
1,4412,65,15,9,not_xor
1,4413,12,25,4,not_implied_by
1,4414,13,8,7,or
1,4415,4,73,7,or
1,4416,23,56,8,not_or
1,4417,73,25,7,or
1,4418,55,38,0,zero
1,4419,20,1,8,not_or
1,4420,49,85,0,zero
1,4421,58,19,10,not_b
1,4422,87,79,11,implied_by
1,4423,19,73,15,one
1,4424,70,39,5,b
1,4425,61,41,9,not_xor
1,4426,82,45,9,not_xor
1,4427,6,10,15,one
1,4428,43,75,0,zero
1,4429,40,49,2,not_implies
1,4430,3,43,0,zero
1,4431,42,72,9,not_xor
1,4432,58,68,8,not_or
1,4433,49,52,5,b
1,4434,53,61,10,not_b
1,4435,48,20,4,not_implied_by
1,4436,85,56,12,not_a
1,4437,53,62,0,zero
1,4438,10,17,11,implied_by
1,4439,44,27,2,not_implies
1,4440,22,35,14,not_and
1,4441,60,61,14,not_and
1,4442,78,20,0,zero
1,4443,50,15,4,not_implied_by
1,4444,1,12,15,one
1,4445,68,23,12,not_a
1,4446,56,38,5,b
1,4447,60,70,15,one
1,4448,15,24,0,zero
1,4449,37,10,13,implies
1,4450,87,19,1,and
1,4451,14,88,2,not_implies
1,4452,22,44,14,not_and
1,4453,36,62,6,xor
1,4454,5,55,9,not_xor
1,4455,26,13,3,a
1,4456,22,31,8,not_or
1,4457,34,8,1,and
1,4458,51,30,10,not_b
1,4459,31,3,3,a
1,4460,75,2,5,b
1,4461,43,16,15,one
1,4462,59,20,4,not_implied_by
1,4463,10,72,1,and
1,4464,1,58,14,not_and
1,4465,21,6,9,not_xor
1,4466,7,44,7,or
1,4467,27,39,2,not_implies
1,4468,32,37,6,xor
1,4469,47,49,15,one
1,4470,29,45,6,xor
1,4471,55,0,1,and
1,4472,30,22,11,implied_by
1,4473,29,56,12,not_a
1,4474,24,30,0,zero
1,4475,89,2,12,not_a
1,4476,6,72,3,a
1,4477,69,22,8,not_or
1,4478,2,71,9,not_xor
1,4479,11,56,5,b
1,4480,79,34,7,or
1,4481,32,76,9,not_xor
1,4482,51,46,11,implied_by
1,4483,47,29,14,not_and
1,4484,8,66,14,not_and
1,4485,69,43,1,and
1,4486,49,77,14,not_and
1,4487,72,48,4,not_implied_by
1,4488,0,12,1,and
1,4489,84,38,12,not_a
1,4490,68,80,15,one
1,4491,85,38,12,not_a
1,4492,83,26,6,xor
1,4493,30,33,10,not_b
1,4494,79,82,10,not_b
1,4495,52,70,11,implied_by
1,4496,6,10,3,a
1,4497,67,87,7,or
1,4498,21,78,9,not_xor
1,4499,43,83,1,and
1,4500,6,50,6,xor
1,4501,62,33,11,implied_by
1,4502,2,87,11,implied_by
1,4503,6,1,14,not_and
1,4504,69,61,11,implied_by
1,4505,5,70,1,and
1,4506,50,40,0,zero
1,4507,50,13,4,not_implied_by
1,4508,1,70,13,implies
1,4509,89,35,10,not_b
1,4510,12,77,7,or
1,4511,34,38,5,b
1,4512,1,88,11,implied_by
1,4513,52,20,15,one
1,4514,87,87,9,not_xor
1,4515,23,8,15,one
1,4516,14,16,8,not_or
1,4517,62,6,6,xor
1,4518,87,29,3,a
1,4519,40,31,9,not_xor
1,4520,58,59,4,not_implied_by
1,4521,29,31,12,not_a
1,4522,29,28,8,not_or
1,4523,19,26,8,not_or
1,4524,11,1,14,not_and
1,4525,4,16,3,a
1,4526,53,44,13,implies
1,4527,49,86,0,zero
1,4528,73,87,14,not_and
1,4529,52,24,1,and
1,4530,77,63,15,one
1,4531,68,13,9,not_xor
1,4532,76,61,8,not_or
1,4533,7,35,11,implied_by
1,4534,23,56,7,or
1,4535,71,30,9,not_xor
1,4536,8,21,7,or
1,4537,62,70,8,not_or
1,4538,33,31,9,not_xor
1,4539,29,25,13,implies
1,4540,35,60,15,one
1,4541,8,2,5,b
1,4542,42,59,6,xor
1,4543,47,36,6,xor
1,4544,1,22,4,not_implied_by
1,4545,37,0,9,not_xor
1,4546,72,26,12,not_a
1,4547,64,53,0,zero
1,4548,6,81,10,not_b
1,4549,6,47,14,not_and
1,4550,7,62,8,not_or
1,4551,5,42,12,not_a
1,4552,45,49,8,not_or
1,4553,26,48,0,zero
1,4554,88,25,11,implied_by
1,4555,48,31,14,not_and
1,4556,34,64,3,a
1,4557,12,67,10,not_b
1,4558,31,58,11,implied_by
1,4559,49,67,3,a
1,4560,79,49,6,xor
1,4561,74,48,5,b
1,4562,87,72,0,zero
1,4563,64,65,1,and
1,4564,5,24,10,not_b
1,4565,7,7,9,not_xor
1,4566,89,18,12,not_a
1,4567,33,14,5,b
1,4568,54,25,6,xor
1,4569,55,78,11,implied_by
1,4570,81,86,12,not_a
1,4571,84,4,0,zero
1,4572,20,45,0,zero
1,4573,52,35,1,and
1,4574,83,7,3,a
1,4575,88,1,3,a
1,4576,56,10,8,not_or
1,4577,61,55,2,not_implies
1,4578,77,65,3,a
1,4579,18,71,9,not_xor
1,4580,20,62,7,or
1,4581,59,14,7,or
1,4582,84,76,5,b
1,4583,76,41,12,not_a
1,4584,54,17,4,not_implied_by
1,4585,24,80,8,not_or
1,4586,32,80,2,not_implies
1,4587,51,64,11,implied_by
1,4588,4,87,9,not_xor
1,4589,19,52,8,not_or
1,4590,13,49,14,not_and
1,4591,75,45,0,zero
1,4592,24,43,9,not_xor
1,4593,35,55,14,not_and
1,4594,11,55,1,and
1,4595,51,87,4,not_implied_by
1,4596,34,86,4,not_implied_by
1,4597,51,78,7,or
1,4598,1,73,7,or
1,4599,22,76,15,one
1,4600,53,59,6,xor
1,4601,42,71,9,not_xor
1,4602,19,2,9,not_xor
1,4603,1,83,4,not_implied_by
1,4604,44,77,3,a
1,4605,46,55,11,implied_by
1,4606,9,84,3,a
1,4607,32,86,15,one
1,4608,28,80,12,not_a
1,4609,64,34,6,xor
1,4610,84,30,8,not_or
1,4611,41,41,4,not_implied_by
1,4612,77,42,2,not_implies
1,4613,88,11,5,b
1,4614,88,10,6,xor
1,4615,64,49,3,a
1,4616,89,61,11,implied_by
1,4617,89,13,13,implies
1,4618,0,67,15,one
1,4619,16,80,4,not_implied_by
1,4620,40,76,4,not_implied_by
1,4621,9,36,14,not_and
1,4622,42,14,7,or
1,4623,84,19,6,xor
1,4624,33,43,8,not_or
1,4625,88,21,0,zero
1,4626,26,35,10,not_b
1,4627,65,43,13,implies
1,4628,78,72,12,not_a
1,4629,35,10,7,or
1,4630,82,51,5,b
1,4631,30,69,15,one
1,4632,53,19,11,implied_by
1,4633,85,48,9,not_xor
1,4634,41,33,6,xor
1,4635,65,11,14,not_and
1,4636,42,46,4,not_implied_by
1,4637,62,46,7,or
1,4638,62,32,13,implies
1,4639,18,53,8,not_or
1,4640,67,50,8,not_or
1,4641,68,84,0,zero
1,4642,14,40,1,and
1,4643,41,39,10,not_b
1,4644,0,64,3,a
1,4645,3,8,2,not_implies
1,4646,62,70,15,one
1,4647,56,42,14,not_and
1,4648,76,27,4,not_implied_by
1,4649,84,16,5,b
1,4650,14,47,10,not_b
1,4651,43,25,14,not_and
1,4652,13,9,1,and
1,4653,79,41,7,or
1,4654,60,33,6,xor
1,4655,0,25,13,implies
1,4656,3,86,15,one
1,4657,36,59,5,b
1,4658,41,41,4,not_implied_by
1,4659,20,61,4,not_implied_by
1,4660,63,78,2,not_implies
1,4661,73,54,8,not_or
1,4662,81,86,10,not_b
1,4663,70,33,10,not_b
1,4664,32,40,15,one
1,4665,47,52,8,not_or
1,4666,74,21,8,not_or
1,4667,52,23,12,not_a
1,4668,57,53,15,one
1,4669,75,68,9,not_xor
1,4670,55,89,6,xor
1,4671,0,86,12,not_a
1,4672,30,17,8,not_or
1,4673,84,76,4,not_implied_by
1,4674,19,61,11,implied_by
1,4675,69,9,12,not_a
1,4676,32,5,12,not_a
1,4677,45,55,5,b
1,4678,65,77,1,and
1,4679,67,25,4,not_implied_by
1,4680,60,89,1,and
1,4681,71,60,2,not_implies
1,4682,84,69,8,not_or
1,4683,40,49,10,not_b
1,4684,33,45,7,or
1,4685,17,78,15,one
1,4686,17,28,6,xor
1,4687,78,16,1,and
1,4688,82,20,7,or
1,4689,66,87,11,implied_by
1,4690,64,78,13,implies
1,4691,38,15,10,not_b
1,4692,4,25,1,and
1,4693,69,0,9,not_xor
1,4694,64,9,8,not_or
1,4695,69,44,3,a
1,4696,76,22,8,not_or
1,4697,19,60,0,zero
1,4698,54,44,2,not_implies
1,4699,77,34,3,a
1,4700,16,29,12,not_a
1,4701,60,76,7,or
1,4702,15,11,8,not_or
1,4703,80,52,15,one
1,4704,42,32,9,not_xor
1,4705,61,1,8,not_or
1,4706,74,73,11,implied_by
1,4707,47,45,8,not_or
1,4708,56,13,10,not_b
1,4709,82,84,3,a
1,4710,66,15,15,one
1,4711,80,3,5,b
1,4712,54,20,2,not_implies
1,4713,72,67,1,and
1,4714,14,72,14,not_and
1,4715,3,88,4,not_implied_by
1,4716,43,55,15,one
1,4717,46,0,0,zero
1,4718,37,24,15,one
1,4719,47,34,10,not_b
1,4720,25,3,0,zero
1,4721,85,30,2,not_implies
1,4722,53,9,8,not_or
1,4723,48,67,5,b
1,4724,36,66,7,or
1,4725,60,88,4,not_implied_by
1,4726,49,84,13,implies
1,4727,6,31,0,zero
1,4728,38,17,9,not_xor
1,4729,48,52,0,zero
1,4730,61,8,8,not_or
1,4731,77,9,0,zero
1,4732,67,81,3,a
1,4733,38,36,11,implied_by
1,4734,61,4,9,not_xor
1,4735,27,79,3,a
1,4736,5,76,10,not_b
1,4737,45,33,3,a
1,4738,58,62,10,not_b
1,4739,30,15,1,and
1,4740,12,36,11,implied_by
1,4741,52,52,7,or
1,4742,21,78,13,implies
1,4743,7,77,5,b
1,4744,57,26,4,not_implied_by
1,4745,1,44,7,or
1,4746,46,14,6,xor
1,4747,5,25,7,or
1,4748,47,86,5,b
1,4749,57,14,8,not_or
1,4750,72,75,13,implies
1,4751,32,84,2,not_implies
1,4752,0,74,4,not_implied_by
1,4753,71,39,8,not_or
1,4754,76,82,0,zero
1,4755,57,55,9,not_xor
1,4756,3,83,15,one
1,4757,83,37,12,not_a
1,4758,68,30,12,not_a
1,4759,10,2,13,implies
1,4760,53,41,10,not_b
1,4761,27,42,2,not_implies
1,4762,58,13,12,not_a
1,4763,59,32,10,not_b
1,4764,24,71,9,not_xor
1,4765,18,76,11,implied_by
1,4766,0,51,5,b
1,4767,73,46,15,one
1,4768,30,26,2,not_implies
1,4769,46,39,11,implied_by
1,4770,80,69,7,or
1,4771,85,24,6,xor
1,4772,34,68,3,a
1,4773,80,10,5,b
1,4774,79,64,7,or
1,4775,28,89,6,xor
1,4776,43,19,11,implied_by
1,4777,76,63,4,not_implied_by
1,4778,88,26,0,zero
1,4779,12,86,0,zero
1,4780,64,85,5,b
1,4781,33,22,3,a
1,4782,10,48,4,not_implied_by
1,4783,31,20,8,not_or
1,4784,39,49,9,not_xor
1,4785,68,24,4,not_implied_by
1,4786,15,65,15,one
1,4787,74,82,9,not_xor
1,4788,70,34,12,not_a
1,4789,66,27,15,one
1,4790,73,14,5,b
1,4791,44,57,10,not_b
1,4792,56,48,5,b
1,4793,77,70,9,not_xor
1,4794,19,85,2,not_implies
1,4795,44,49,11,implied_by
1,4796,56,30,4,not_implied_by
1,4797,47,75,15,one
1,4798,6,51,12,not_a
1,4799,64,7,1,and
1,4800,83,49,3,a
1,4801,82,48,4,not_implied_by
1,4802,63,61,0,zero
1,4803,7,64,13,implies
1,4804,20,23,5,b
1,4805,63,4,14,not_and
1,4806,5,27,2,not_implies
1,4807,50,57,7,or
1,4808,66,69,2,not_implies
1,4809,50,46,10,not_b
1,4810,14,71,13,implies
1,4811,21,50,0,zero
1,4812,57,33,2,not_implies
1,4813,87,5,2,not_implies
1,4814,57,47,8,not_or
1,4815,6,47,5,b
1,4816,76,13,13,implies
1,4817,72,87,4,not_implied_by
1,4818,77,41,6,xor
1,4819,30,81,15,one
1,4820,38,41,12,not_a
1,4821,77,82,14,not_and
1,4822,37,27,1,and
1,4823,78,85,10,not_b
1,4824,42,79,12,not_a
1,4825,8,10,13,implies
1,4826,8,52,10,not_b
1,4827,82,0,4,not_implied_by
1,4828,30,0,7,or
1,4829,73,49,9,not_xor
1,4830,13,58,3,a
1,4831,56,85,14,not_and
1,4832,41,52,15,one
1,4833,75,60,2,not_implies
1,4834,81,17,5,b
1,4835,5,76,2,not_implies
1,4836,74,31,2,not_implies
1,4837,39,42,1,and
1,4838,64,7,14,not_and
1,4839,23,14,2,not_implies
1,4840,51,34,14,not_and
1,4841,66,88,15,one
1,4842,64,77,5,b
1,4843,47,29,11,implied_by
1,4844,21,45,1,and
1,4845,87,29,6,xor
1,4846,33,3,7,or
1,4847,64,34,0,zero
1,4848,13,52,6,xor
1,4849,89,42,3,a
1,4850,75,60,14,not_and
1,4851,12,45,13,implies
1,4852,83,82,12,not_a
1,4853,71,42,15,one
1,4854,45,56,0,zero
1,4855,3,85,6,xor
1,4856,44,81,12,not_a
1,4857,85,22,10,not_b
1,4858,26,22,0,zero
1,4859,68,51,0,zero
1,4860,58,70,1,and
1,4861,61,38,5,b
1,4862,25,89,15,one
1,4863,88,43,9,not_xor
1,4864,33,71,15,one
1,4865,25,24,7,or
1,4866,84,58,5,b
1,4867,42,4,8,not_or
1,4868,52,64,13,implies
1,4869,78,80,12,not_a
1,4870,82,69,5,b
1,4871,72,10,6,xor
1,4872,47,81,0,zero
1,4873,59,77,6,xor
1,4874,7,39,8,not_or
1,4875,75,57,10,not_b
1,4876,28,79,7,or
1,4877,26,79,10,not_b
1,4878,12,84,2,not_implies
1,4879,11,58,3,a
1,4880,67,41,6,xor
1,4881,12,33,12,not_a
1,4882,9,47,10,not_b
1,4883,14,56,4,not_implied_by
1,4884,21,41,13,implies
1,4885,33,0,4,not_implied_by
1,4886,55,9,7,or
1,4887,89,47,3,a
1,4888,54,35,2,not_implies
1,4889,21,88,11,implied_by
1,4890,67,6,0,zero
1,4891,50,70,10,not_b
1,4892,4,10,2,not_implies
1,4893,51,31,8,not_or
1,4894,16,79,5,b
1,4895,66,61,1,and
1,4896,35,47,10,not_b
1,4897,45,49,9,not_xor
1,4898,18,48,10,not_b
1,4899,27,39,12,not_a
1,4900,37,2,9,not_xor
1,4901,31,5,0,zero
1,4902,11,3,2,not_implies
1,4903,73,47,8,not_or
1,4904,39,0,8,not_or
1,4905,6,45,12,not_a
1,4906,71,14,8,not_or
1,4907,47,52,9,not_xor
1,4908,17,43,11,implied_by
1,4909,3,29,9,not_xor
1,4910,19,53,7,or
1,4911,87,29,5,b
1,4912,65,24,14,not_and
1,4913,25,17,14,not_and
1,4914,26,61,2,not_implies
1,4915,70,60,12,not_a
1,4916,85,67,8,not_or
1,4917,7,6,6,xor
1,4918,10,74,4,not_implied_by
1,4919,41,40,2,not_implies
1,4920,70,10,4,not_implied_by
1,4921,7,26,15,one
1,4922,49,61,2,not_implies
1,4923,36,49,6,xor
1,4924,22,39,11,implied_by
1,4925,10,79,7,or
1,4926,17,47,6,xor
1,4927,67,62,1,and
1,4928,86,16,3,a
1,4929,16,86,6,xor
1,4930,79,47,5,b
1,4931,56,64,13,implies
1,4932,1,36,15,one
1,4933,5,83,3,a
1,4934,12,16,11,implied_by
1,4935,53,21,2,not_implies
1,4936,80,84,5,b
1,4937,51,64,15,one
1,4938,87,77,10,not_b
1,4939,28,15,9,not_xor
1,4940,52,88,7,or
1,4941,35,54,4,not_implied_by
1,4942,24,27,1,and
1,4943,80,0,3,a
1,4944,70,43,0,zero
1,4945,83,26,9,not_xor
1,4946,66,56,14,not_and
1,4947,12,46,4,not_implied_by
1,4948,85,54,5,b
1,4949,23,3,2,not_implies
1,4950,2,84,7,or
1,4951,80,19,10,not_b
1,4952,62,88,9,not_xor
1,4953,17,17,0,zero
1,4954,80,75,11,implied_by
1,4955,25,45,12,not_a
1,4956,68,69,14,not_and
1,4957,20,28,12,not_a
1,4958,69,46,5,b
1,4959,62,14,12,not_a
1,4960,58,11,1,and
1,4961,36,60,12,not_a
1,4962,67,10,6,xor
1,4963,60,16,14,not_and
1,4964,60,55,9,not_xor
1,4965,77,10,3,a
1,4966,33,31,2,not_implies
1,4967,55,79,0,zero
1,4968,10,1,0,zero
1,4969,45,45,15,one
1,4970,61,26,3,a
1,4971,75,14,15,one
1,4972,9,7,7,or
1,4973,40,21,0,zero
1,4974,5,88,13,implies
1,4975,45,14,9,not_xor
1,4976,85,9,0,zero
1,4977,49,49,7,or
1,4978,43,1,6,xor
1,4979,71,62,1,and
1,4980,84,15,2,not_implies
1,4981,23,73,3,a
1,4982,55,5,4,not_implied_by
1,4983,67,8,9,not_xor
1,4984,69,84,3,a
1,4985,86,18,7,or
1,4986,48,31,8,not_or
1,4987,75,58,1,and
1,4988,72,35,4,not_implied_by
1,4989,70,3,8,not_or
1,4990,61,41,5,b
1,4991,3,46,13,implies
1,4992,69,32,14,not_and
1,4993,66,41,12,not_a
1,4994,53,25,11,implied_by
1,4995,14,65,14,not_and
1,4996,8,48,9,not_xor
1,4997,31,79,15,one
1,4998,14,43,4,not_implied_by
1,4999,32,25,1,and
1,5000,8,10,3,a
1,5001,81,15,11,implied_by
1,5002,16,79,8,not_or
1,5003,62,87,11,implied_by
1,5004,12,52,7,or
1,5005,44,28,4,not_implied_by
1,5006,10,4,9,not_xor
1,5007,80,22,8,not_or
1,5008,80,42,13,implies
1,5009,83,3,10,not_b
1,5010,0,43,3,a
1,5011,47,0,10,not_b
1,5012,71,13,8,not_or
1,5013,13,0,11,implied_by
1,5014,56,1,5,b
1,5015,8,4,4,not_implied_by
1,5016,82,49,9,not_xor
1,5017,79,66,2,not_implies
1,5018,44,56,12,not_a
1,5019,29,4,12,not_a
1,5020,14,56,3,a
1,5021,62,52,4,not_implied_by
1,5022,87,30,10,not_b
1,5023,0,57,12,not_a
1,5024,27,70,0,zero
1,5025,33,32,2,not_implies
1,5026,69,64,5,b
1,5027,57,49,7,or
1,5028,49,73,12,not_a
1,5029,43,12,6,xor
1,5030,16,24,15,one
1,5031,22,44,8,not_or
1,5032,32,73,10,not_b
1,5033,11,85,10,not_b
1,5034,6,75,0,zero
1,5035,22,32,7,or
1,5036,27,21,10,not_b
1,5037,74,61,9,not_xor
1,5038,60,18,15,one
1,5039,72,54,10,not_b
1,5040,79,14,0,zero
1,5041,86,68,6,xor
1,5042,56,46,0,zero
1,5043,51,80,3,a
1,5044,25,41,3,a
1,5045,7,33,11,implied_by
1,5046,17,81,6,xor
1,5047,60,47,0,zero
1,5048,61,71,14,not_and
1,5049,60,50,8,not_or
1,5050,46,52,10,not_b
1,5051,38,35,11,implied_by
1,5052,48,40,8,not_or
1,5053,4,79,1,and
1,5054,67,59,4,not_implied_by
1,5055,29,39,12,not_a
1,5056,67,48,12,not_a
1,5057,23,40,6,xor
1,5058,34,87,15,one
1,5059,13,74,2,not_implies
1,5060,84,68,14,not_and
1,5061,37,88,2,not_implies
1,5062,80,65,14,not_and
1,5063,3,58,2,not_implies
1,5064,7,14,5,b
1,5065,69,39,15,one
1,5066,44,15,3,a
1,5067,82,46,5,b
1,5068,44,83,1,and
1,5069,81,57,4,not_implied_by
1,5070,86,73,11,implied_by
1,5071,7,39,0,zero
1,5072,14,19,6,xor
1,5073,73,11,15,one
1,5074,45,38,0,zero
1,5075,61,58,15,one
1,5076,6,40,13,implies
1,5077,70,63,15,one
1,5078,12,34,6,xor
1,5079,19,65,12,not_a
1,5080,59,21,13,implies
1,5081,50,35,13,implies
1,5082,64,67,6,xor
1,5083,30,86,5,b
1,5084,30,32,15,one
1,5085,19,0,12,not_a
1,5086,79,51,8,not_or
1,5087,23,1,14,not_and
1,5088,54,73,15,one
1,5089,60,51,9,not_xor
1,5090,68,76,10,not_b
1,5091,73,64,14,not_and
1,5092,73,5,0,zero
1,5093,65,48,6,xor
1,5094,79,60,13,implies
1,5095,55,51,14,not_and
1,5096,76,62,13,implies
1,5097,75,28,4,not_implied_by
1,5098,89,1,2,not_implies
1,5099,68,52,5,b
1,5100,37,69,9,not_xor
1,5101,78,17,11,implied_by
1,5102,8,17,12,not_a
1,5103,51,0,8,not_or
1,5104,64,47,2,not_implies
1,5105,75,54,10,not_b
1,5106,8,35,7,or
1,5107,47,21,9,not_xor
1,5108,69,80,6,xor
1,5109,46,57,12,not_a
1,5110,37,60,14,not_and
1,5111,35,47,14,not_and
1,5112,49,31,3,a
1,5113,75,4,2,not_implies
1,5114,11,9,9,not_xor
1,5115,23,4,1,and
1,5116,1,20,10,not_b
1,5117,30,75,7,or
1,5118,9,71,13,implies
1,5119,79,84,12,not_a
1,5120,74,68,14,not_and
1,5121,13,5,7,or
1,5122,74,64,12,not_a
1,5123,15,52,12,not_a
1,5124,74,26,5,b
1,5125,66,78,12,not_a
1,5126,69,16,8,not_or
1,5127,43,89,15,one
1,5128,83,65,12,not_a
1,5129,58,85,13,implies
1,5130,64,30,8,not_or
1,5131,74,4,8,not_or
1,5132,6,77,13,implies
1,5133,4,70,6,xor
1,5134,32,39,4,not_implied_by
1,5135,68,77,8,not_or
1,5136,3,64,13,implies
1,5137,42,84,13,implies
1,5138,8,23,3,a
1,5139,29,10,2,not_implies
1,5140,21,81,1,and
1,5141,64,77,4,not_implied_by
1,5142,52,61,6,xor
1,5143,72,86,9,not_xor
1,5144,36,7,3,a
1,5145,21,3,8,not_or
1,5146,22,82,0,zero
1,5147,36,34,12,not_a
1,5148,80,56,0,zero
1,5149,71,71,15,one
1,5150,6,83,0,zero
1,5151,70,87,14,not_and
1,5152,0,63,6,xor
1,5153,79,73,14,not_and
1,5154,66,28,7,or
1,5155,17,26,5,b
1,5156,11,16,2,not_implies
1,5157,78,80,3,a
1,5158,23,25,6,xor
1,5159,46,89,11,implied_by
1,5160,45,55,4,not_implied_by
1,5161,86,58,10,not_b
1,5162,15,4,8,not_or
1,5163,76,56,10,not_b
1,5164,23,50,7,or
1,5165,55,82,2,not_implies
1,5166,8,74,2,not_implies
1,5167,46,1,4,not_implied_by
1,5168,4,54,2,not_implies
1,5169,71,65,0,zero
1,5170,72,26,8,not_or
1,5171,43,12,1,and
1,5172,12,39,6,xor
1,5173,86,72,12,not_a
1,5174,67,43,12,not_a
1,5175,11,17,13,implies
1,5176,79,2,6,xor
1,5177,18,62,2,not_implies
1,5178,5,37,4,not_implied_by
1,5179,49,8,10,not_b
1,5180,22,37,9,not_xor
1,5181,37,83,2,not_implies
1,5182,56,80,4,not_implied_by
1,5183,35,42,8,not_or
1,5184,69,63,4,not_implied_by
1,5185,11,31,0,zero
1,5186,52,15,10,not_b
1,5187,73,58,0,zero
1,5188,20,49,2,not_implies
1,5189,37,8,3,a
1,5190,0,72,10,not_b
1,5191,16,44,4,not_implied_by
1,5192,13,45,8,not_or
1,5193,5,48,6,xor
1,5194,51,43,15,one
1,5195,61,20,15,one
1,5196,32,31,12,not_a
1,5197,22,51,12,not_a
1,5198,52,64,10,not_b
1,5199,70,8,9,not_xor
1,5200,46,87,14,not_and
1,5201,88,68,8,not_or
1,5202,28,10,0,zero
1,5203,47,67,1,and
1,5204,50,65,0,zero
1,5205,86,44,10,not_b
1,5206,36,27,2,not_implies
1,5207,36,29,0,zero
1,5208,63,69,15,one
1,5209,89,1,2,not_implies
1,5210,44,58,13,implies
1,5211,67,87,4,not_implied_by
1,5212,18,40,5,b
1,5213,50,89,0,zero
1,5214,72,50,10,not_b
1,5215,12,14,8,not_or
1,5216,20,31,6,xor
1,5217,78,11,7,or
1,5218,9,19,12,not_a
1,5219,53,82,4,not_implied_by
1,5220,27,4,15,one
1,5221,35,80,1,and
1,5222,54,56,11,implied_by
1,5223,35,7,14,not_and
1,5224,31,71,3,a
1,5225,61,59,4,not_implied_by
1,5226,63,12,14,not_and
1,5227,60,26,2,not_implies
1,5228,62,1,9,not_xor
1,5229,84,66,2,not_implies
1,5230,67,39,13,implies
1,5231,71,14,11,implied_by
1,5232,80,56,6,xor
1,5233,11,10,6,xor
1,5234,85,83,5,b
1,5235,44,62,5,b
1,5236,55,1,7,or
1,5237,59,14,0,zero
1,5238,83,30,0,zero
1,5239,89,59,13,implies
1,5240,79,2,5,b
1,5241,13,39,8,not_or
1,5242,3,33,11,implied_by
1,5243,40,59,1,and
1,5244,78,45,3,a
1,5245,15,31,10,not_b
1,5246,53,60,10,not_b
1,5247,18,24,13,implies
1,5248,86,49,11,implied_by
1,5249,45,35,6,xor
1,5250,42,39,14,not_and
1,5251,69,6,13,implies
1,5252,77,77,11,implied_by
1,5253,55,89,10,not_b
1,5254,67,16,2,not_implies
1,5255,9,74,7,or
1,5256,12,10,13,implies
1,5257,5,9,3,a
1,5258,56,8,13,implies
1,5259,71,34,3,a
1,5260,47,77,12,not_a
1,5261,35,45,2,not_implies
1,5262,10,1,13,implies
1,5263,36,72,12,not_a
1,5264,37,40,10,not_b
1,5265,19,72,8,not_or
1,5266,86,45,5,b
1,5267,38,11,10,not_b
1,5268,33,87,6,xor
1,5269,28,59,1,and
1,5270,48,56,6,xor
1,5271,45,13,8,not_or
1,5272,39,17,5,b
1,5273,40,22,11,implied_by
1,5274,61,80,11,implied_by
1,5275,72,88,2,not_implies
1,5276,42,40,12,not_a
1,5277,2,48,12,not_a
1,5278,0,70,9,not_xor
1,5279,15,73,8,not_or
1,5280,0,65,2,not_implies
1,5281,15,79,14,not_and
1,5282,6,18,9,not_xor
1,5283,66,38,9,not_xor
1,5284,25,82,1,and
1,5285,22,40,4,not_implied_by
1,5286,25,6,5,b
1,5287,50,24,7,or
1,5288,0,55,7,or
1,5289,68,69,7,or
1,5290,77,35,9,not_xor
1,5291,18,64,0,zero
1,5292,71,69,6,xor
1,5293,5,66,0,zero
1,5294,31,83,0,zero
1,5295,35,61,4,not_implied_by
1,5296,50,81,3,a
1,5297,86,77,2,not_implies
1,5298,30,41,13,implies
1,5299,6,34,3,a
1,5300,25,43,11,implied_by
1,5301,24,88,0,zero
1,5302,84,77,11,implied_by
1,5303,84,89,7,or
1,5304,82,73,7,or
1,5305,60,31,12,not_a
1,5306,12,32,15,one
1,5307,49,76,8,not_or
1,5308,41,46,5,b
1,5309,28,28,4,not_implied_by
1,5310,34,34,3,a
1,5311,26,21,6,xor
1,5312,60,53,12,not_a
1,5313,43,51,15,one
1,5314,37,18,13,implies
1,5315,7,74,13,implies
1,5316,19,88,0,zero
1,5317,15,55,6,xor
1,5318,31,89,6,xor
1,5319,33,83,0,zero
1,5320,46,26,5,b
1,5321,84,13,1,and
1,5322,63,54,7,or
1,5323,72,8,13,implies
1,5324,62,16,10,not_b
1,5325,55,7,6,xor
1,5326,28,84,3,a
1,5327,31,78,0,zero
1,5328,68,51,0,zero
1,5329,79,12,9,not_xor
1,5330,4,35,14,not_and
1,5331,4,64,3,a
1,5332,62,47,5,b
1,5333,31,83,5,b
1,5334,38,39,11,implied_by
1,5335,15,5,3,a
1,5336,63,4,6,xor
1,5337,81,68,6,xor
1,5338,83,78,7,or
1,5339,87,19,14,not_and
1,5340,49,10,0,zero
1,5341,62,39,2,not_implies
1,5342,5,32,5,b
1,5343,25,11,1,and
1,5344,52,11,5,b
1,5345,64,64,9,not_xor
1,5346,60,18,11,implied_by
1,5347,17,71,14,not_and
1,5348,56,13,12,not_a
1,5349,50,40,4,not_implied_by
1,5350,10,32,2,not_implies
1,5351,7,34,1,and
1,5352,13,26,13,implies
1,5353,82,20,11,implied_by
1,5354,30,7,5,b
1,5355,88,89,10,not_b
1,5356,28,71,14,not_and
1,5357,75,64,11,implied_by
1,5358,42,41,5,b
1,5359,46,82,12,not_a
1,5360,88,51,15,one
1,5361,46,5,8,not_or
1,5362,67,13,15,one
1,5363,14,71,2,not_implies
1,5364,68,2,8,not_or
1,5365,39,43,8,not_or
1,5366,46,73,7,or
1,5367,26,83,3,a
1,5368,46,78,2,not_implies
1,5369,19,21,9,not_xor
1,5370,2,67,13,implies
1,5371,41,17,14,not_and
1,5372,44,24,8,not_or
1,5373,19,53,2,not_implies
1,5374,37,8,3,a
1,5375,88,39,14,not_and
1,5376,13,53,13,implies
1,5377,16,20,0,zero
1,5378,34,13,6,xor
1,5379,27,79,6,xor
1,5380,1,32,2,not_implies
1,5381,81,1,13,implies
1,5382,11,24,15,one
1,5383,11,1,10,not_b
1,5384,73,29,14,not_and
1,5385,33,54,0,zero
1,5386,6,49,4,not_implied_by
1,5387,81,46,12,not_a
1,5388,55,35,10,not_b
1,5389,11,19,9,not_xor
1,5390,37,88,12,not_a
1,5391,30,34,8,not_or
1,5392,79,31,4,not_implied_by
1,5393,82,28,6,xor
1,5394,85,65,9,not_xor
1,5395,21,0,9,not_xor
1,5396,63,23,4,not_implied_by
1,5397,62,23,9,not_xor
1,5398,5,39,0,zero
1,5399,55,59,15,one
1,5400,50,80,15,one
1,5401,19,81,12,not_a
1,5402,88,57,13,implies
1,5403,48,15,10,not_b
1,5404,48,7,0,zero
1,5405,57,52,10,not_b
1,5406,47,3,7,or
1,5407,14,55,14,not_and
1,5408,24,87,13,implies
1,5409,49,78,15,one
1,5410,52,28,5,b
1,5411,63,19,11,implied_by
1,5412,11,16,8,not_or
1,5413,79,30,9,not_xor
1,5414,86,87,10,not_b
1,5415,50,80,12,not_a
1,5416,61,12,7,or
1,5417,57,30,0,zero
1,5418,67,42,8,not_or
1,5419,25,45,1,and
1,5420,17,75,6,xor
1,5421,25,35,12,not_a
1,5422,43,4,5,b
1,5423,78,74,9,not_xor
1,5424,70,18,6,xor
1,5425,8,30,8,not_or
1,5426,86,58,13,implies
1,5427,12,78,4,not_implied_by
1,5428,1,24,2,not_implies
1,5429,80,32,1,and
1,5430,81,55,0,zero
1,5431,61,70,0,zero
1,5432,87,30,2,not_implies
1,5433,81,17,4,not_implied_by
1,5434,62,88,8,not_or
1,5435,2,76,10,not_b
1,5436,87,71,12,not_a
1,5437,21,32,12,not_a
1,5438,33,6,13,implies
1,5439,62,47,8,not_or
1,5440,62,51,14,not_and
1,5441,34,38,5,b
1,5442,41,48,4,not_implied_by
1,5443,6,37,15,one
1,5444,59,32,0,zero
1,5445,52,72,5,b
1,5446,46,67,3,a
1,5447,41,14,1,and
1,5448,89,65,7,or
1,5449,21,19,13,implies
1,5450,65,31,13,implies
1,5451,85,76,8,not_or
1,5452,52,30,8,not_or
1,5453,37,69,1,and
1,5454,32,0,6,xor
1,5455,30,18,14,not_and
1,5456,54,65,3,a
1,5457,41,12,3,a
1,5458,34,26,4,not_implied_by
1,5459,48,18,2,not_implies
1,5460,44,20,5,b
1,5461,64,57,11,implied_by
1,5462,26,27,6,xor
1,5463,16,53,5,b
1,5464,42,29,0,zero
1,5465,26,50,3,a
1,5466,88,52,5,b
1,5467,43,78,4,not_implied_by
1,5468,51,18,5,b
1,5469,36,31,4,not_implied_by
1,5470,4,86,11,implied_by
1,5471,59,79,3,a
1,5472,26,8,6,xor
1,5473,9,11,13,implies
1,5474,39,81,9,not_xor
1,5475,67,4,14,not_and
1,5476,42,33,15,one
1,5477,16,56,3,a
1,5478,58,63,0,zero
1,5479,63,19,12,not_a
1,5480,67,24,15,one
1,5481,51,74,7,or
1,5482,80,76,2,not_implies
1,5483,78,3,10,not_b
1,5484,59,8,7,or
1,5485,83,50,11,implied_by
1,5486,19,37,1,and
1,5487,85,11,0,zero
1,5488,49,62,0,zero
1,5489,51,87,3,a
1,5490,11,11,4,not_implied_by
1,5491,20,74,12,not_a
1,5492,42,48,11,implied_by
1,5493,47,73,15,one
1,5494,35,69,1,and
1,5495,41,7,6,xor
1,5496,73,63,1,and
1,5497,81,35,5,b
1,5498,44,34,6,xor
1,5499,72,60,6,xor
1,5500,70,62,10,not_b
1,5501,31,8,15,one
1,5502,66,69,6,xor
1,5503,87,81,6,xor
1,5504,78,45,10,not_b
1,5505,13,41,15,one
1,5506,62,84,13,implies
1,5507,38,52,5,b
1,5508,6,19,6,xor
1,5509,7,87,9,not_xor
1,5510,85,63,2,not_implies
1,5511,32,29,8,not_or
1,5512,27,68,4,not_implied_by
1,5513,37,6,2,not_implies
1,5514,53,3,7,or
1,5515,77,22,4,not_implied_by
1,5516,0,34,15,one
1,5517,51,54,10,not_b
1,5518,56,2,3,a
1,5519,8,85,9,not_xor
1,5520,35,4,5,b
1,5521,79,15,2,not_implies
1,5522,25,34,11,implied_by
1,5523,69,39,11,implied_by
1,5524,2,55,1,and
1,5525,61,47,8,not_or
1,5526,13,30,9,not_xor
1,5527,69,89,0,zero
1,5528,22,70,14,not_and
1,5529,20,68,5,b
1,5530,1,75,7,or
1,5531,72,67,4,not_implied_by
1,5532,37,50,6,xor
1,5533,16,54,3,a
1,5534,31,44,15,one
1,5535,46,51,2,not_implies
1,5536,51,59,4,not_implied_by
1,5537,61,33,15,one
1,5538,17,79,2,not_implies
1,5539,31,5,14,not_and
1,5540,51,58,14,not_and
1,5541,38,82,13,implies
1,5542,69,87,1,and
1,5543,79,77,6,xor
1,5544,69,24,3,a
1,5545,21,16,15,one
1,5546,70,30,4,not_implied_by
1,5547,30,55,8,not_or
1,5548,55,66,3,a
1,5549,70,22,8,not_or
1,5550,77,23,15,one
1,5551,55,1,9,not_xor
1,5552,76,40,6,xor
1,5553,9,65,3,a
1,5554,16,48,10,not_b
1,5555,81,13,3,a
1,5556,44,45,9,not_xor
1,5557,41,56,7,or
1,5558,34,29,14,not_and
1,5559,45,45,0,zero
1,5560,70,27,9,not_xor
1,5561,9,83,12,not_a
1,5562,76,43,15,one
1,5563,45,62,6,xor
1,5564,71,36,13,implies
1,5565,22,25,9,not_xor
1,5566,58,30,8,not_or
1,5567,30,82,14,not_and
1,5568,22,70,10,not_b
1,5569,10,61,6,xor
1,5570,2,83,0,zero
1,5571,54,54,3,a
1,5572,59,4,12,not_a
1,5573,83,53,14,not_and
1,5574,78,9,10,not_b
1,5575,14,47,1,and
1,5576,33,26,0,zero
1,5577,82,88,8,not_or
1,5578,70,0,3,a
1,5579,68,26,9,not_xor
1,5580,73,86,11,implied_by
1,5581,10,78,15,one
1,5582,0,31,12,not_a
1,5583,83,3,0,zero
1,5584,49,46,8,not_or
1,5585,86,14,14,not_and
1,5586,53,43,4,not_implied_by
1,5587,75,68,3,a
1,5588,27,81,14,not_and
1,5589,41,22,3,a
1,5590,19,3,8,not_or
1,5591,9,73,11,implied_by
1,5592,6,53,10,not_b
1,5593,32,78,9,not_xor
1,5594,69,88,7,or
1,5595,11,62,1,and
1,5596,24,34,12,not_a
1,5597,10,4,14,not_and
1,5598,17,64,15,one
1,5599,73,48,2,not_implies
1,5600,66,79,4,not_implied_by
1,5601,62,75,7,or
1,5602,38,88,15,one
1,5603,64,62,14,not_and
1,5604,74,12,2,not_implies
1,5605,49,83,4,not_implied_by
1,5606,26,40,10,not_b
1,5607,49,73,12,not_a
1,5608,88,61,8,not_or
1,5609,25,67,4,not_implied_by
1,5610,56,75,4,not_implied_by
1,5611,15,60,10,not_b
1,5612,29,12,13,implies
1,5613,41,42,15,one
1,5614,50,72,0,zero
1,5615,78,52,0,zero
1,5616,83,20,9,not_xor
1,5617,35,80,1,and
1,5618,71,80,1,and
1,5619,41,3,3,a
1,5620,67,28,11,implied_by
1,5621,33,13,1,and
1,5622,39,27,12,not_a
1,5623,85,77,13,implies
1,5624,89,6,13,implies
1,5625,2,28,0,zero
1,5626,53,85,11,implied_by
1,5627,65,89,13,implies
1,5628,45,75,1,and
1,5629,6,45,12,not_a
1,5630,11,27,7,or
1,5631,58,55,2,not_implies
1,5632,15,33,12,not_a
1,5633,52,73,10,not_b
1,5634,10,8,9,not_xor
1,5635,40,39,8,not_or
1,5636,23,21,3,a
1,5637,39,76,6,xor
1,5638,64,84,7,or
1,5639,29,32,14,not_and
1,5640,68,72,13,implies
1,5641,25,0,5,b
1,5642,82,44,2,not_implies
1,5643,40,65,0,zero
1,5644,66,70,13,implies
1,5645,58,12,5,b
1,5646,1,53,9,not_xor
1,5647,24,39,2,not_implies
1,5648,38,3,10,not_b
1,5649,16,47,4,not_implied_by
1,5650,18,4,10,not_b
1,5651,3,54,0,zero
1,5652,18,44,5,b
1,5653,20,79,4,not_implied_by
1,5654,28,52,8,not_or
1,5655,18,57,15,one
1,5656,75,3,13,implies
1,5657,75,83,13,implies
1,5658,86,44,8,not_or
1,5659,71,47,11,implied_by
1,5660,72,59,12,not_a
1,5661,71,58,8,not_or
1,5662,51,45,11,implied_by
1,5663,9,13,0,zero
1,5664,26,55,7,or
1,5665,8,64,12,not_a
1,5666,62,2,7,or
1,5667,22,21,0,zero
1,5668,2,23,7,or
1,5669,16,0,7,or
1,5670,84,74,8,not_or
1,5671,32,56,15,one
1,5672,27,65,0,zero
1,5673,85,84,7,or
1,5674,21,27,4,not_implied_by
1,5675,29,47,14,not_and
1,5676,62,75,1,and
1,5677,45,79,7,or
1,5678,80,52,2,not_implies
1,5679,53,36,6,xor
1,5680,63,32,10,not_b
1,5681,15,49,11,implied_by
1,5682,44,40,10,not_b
1,5683,41,87,13,implies
1,5684,75,19,11,implied_by
1,5685,16,18,8,not_or
1,5686,23,25,3,a
1,5687,9,22,10,not_b
1,5688,47,74,9,not_xor
1,5689,72,0,14,not_and
1,5690,21,78,13,implies
1,5691,83,29,7,or
1,5692,10,76,9,not_xor
1,5693,53,16,1,and
1,5694,6,84,12,not_a
1,5695,37,42,11,implied_by
1,5696,80,2,12,not_a
1,5697,46,84,13,implies
1,5698,3,74,7,or
1,5699,44,85,9,not_xor
1,5700,13,10,15,one
1,5701,78,68,14,not_and
1,5702,80,20,2,not_implies
1,5703,12,49,14,not_and
1,5704,28,56,14,not_and
1,5705,76,55,2,not_implies
1,5706,0,74,9,not_xor
1,5707,67,48,7,or
1,5708,53,51,15,one
1,5709,23,3,0,zero
1,5710,57,52,9,not_xor
1,5711,6,29,11,implied_by
1,5712,72,50,13,implies
1,5713,13,76,10,not_b
1,5714,40,19,5,b
1,5715,39,8,8,not_or
1,5716,48,31,14,not_and
1,5717,63,63,9,not_xor
1,5718,60,60,1,and
1,5719,40,5,10,not_b
1,5720,64,39,11,implied_by
1,5721,7,59,13,implies
1,5722,56,26,5,b
1,5723,23,2,11,implied_by
1,5724,18,33,13,implies
1,5725,59,19,6,xor
1,5726,30,89,5,b
1,5727,65,40,5,b
1,5728,20,18,7,or
1,5729,24,69,15,one
1,5730,51,48,3,a
1,5731,78,72,6,xor
1,5732,29,38,4,not_implied_by
1,5733,53,13,6,xor
1,5734,62,32,8,not_or
1,5735,75,15,15,one
1,5736,3,62,4,not_implied_by
1,5737,67,67,8,not_or
1,5738,25,89,0,zero
1,5739,22,41,6,xor
1,5740,86,48,14,not_and
1,5741,4,24,1,and
1,5742,83,9,7,or
1,5743,58,83,15,one
1,5744,21,71,8,not_or
1,5745,1,74,6,xor
1,5746,50,32,6,xor
1,5747,27,75,9,not_xor
1,5748,61,37,8,not_or
1,5749,87,72,5,b
1,5750,56,89,7,or
1,5751,66,66,8,not_or
1,5752,85,13,7,or
1,5753,25,65,9,not_xor
1,5754,57,80,2,not_implies
1,5755,80,57,5,b
1,5756,10,36,3,a
1,5757,11,88,3,a
1,5758,11,27,10,not_b
1,5759,63,46,1,and
1,5760,77,13,3,a
1,5761,82,80,10,not_b
1,5762,20,87,8,not_or
1,5763,88,78,8,not_or
1,5764,18,19,4,not_implied_by
1,5765,8,51,0,zero
1,5766,85,33,15,one
1,5767,7,59,6,xor
1,5768,32,84,12,not_a
1,5769,29,1,0,zero
1,5770,72,65,12,not_a
1,5771,17,44,9,not_xor
1,5772,8,41,15,one
1,5773,16,24,15,one
1,5774,30,50,4,not_implied_by
1,5775,47,44,4,not_implied_by
1,5776,83,78,4,not_implied_by
1,5777,33,38,5,b
1,5778,6,2,14,not_and
1,5779,12,71,9,not_xor
1,5780,25,25,15,one
1,5781,44,68,7,or
1,5782,47,79,1,and
1,5783,88,34,6,xor
1,5784,8,66,13,implies
1,5785,57,84,3,a
1,5786,9,50,6,xor
1,5787,62,50,15,one
1,5788,65,41,0,zero
1,5789,74,57,13,implies
1,5790,86,64,12,not_a
1,5791,31,45,5,b
1,5792,20,54,2,not_implies
1,5793,51,36,13,implies
1,5794,75,51,12,not_a
1,5795,85,50,12,not_a
1,5796,54,88,12,not_a
1,5797,2,12,2,not_implies
1,5798,27,20,7,or
1,5799,77,73,9,not_xor
1,5800,73,10,11,implied_by
1,5801,13,21,15,one
1,5802,27,11,4,not_implied_by
1,5803,1,29,7,or
1,5804,79,62,10,not_b
1,5805,36,88,10,not_b
1,5806,86,78,9,not_xor
1,5807,37,70,4,not_implied_by
1,5808,42,52,9,not_xor
1,5809,22,74,2,not_implies
1,5810,75,65,6,xor
1,5811,58,8,15,one
1,5812,25,70,3,a
1,5813,1,88,1,and
1,5814,42,19,10,not_b
1,5815,44,42,13,implies
1,5816,49,70,8,not_or
1,5817,16,54,5,b
1,5818,19,27,3,a
1,5819,67,34,15,one
1,5820,34,30,11,implied_by
1,5821,49,1,11,implied_by
1,5822,34,60,7,or
1,5823,43,23,11,implied_by
1,5824,18,68,5,b
1,5825,79,89,11,implied_by
1,5826,88,65,5,b
1,5827,79,1,11,implied_by
1,5828,48,9,7,or
1,5829,31,37,9,not_xor
1,5830,28,89,4,not_implied_by
1,5831,60,80,8,not_or
1,5832,16,71,14,not_and
1,5833,73,6,1,and
1,5834,47,2,1,and
1,5835,37,38,13,implies
1,5836,33,7,5,b
1,5837,1,69,6,xor
1,5838,29,46,4,not_implied_by
1,5839,56,77,0,zero
1,5840,86,63,13,implies
1,5841,7,39,9,not_xor
1,5842,60,62,9,not_xor
1,5843,76,60,13,implies
1,5844,18,67,15,one
1,5845,14,16,10,not_b
1,5846,47,22,0,zero
1,5847,14,59,13,implies
1,5848,52,80,11,implied_by
1,5849,16,11,13,implies
1,5850,46,63,3,a
1,5851,24,19,15,one
1,5852,70,72,8,not_or
1,5853,50,36,5,b
1,5854,63,0,14,not_and
1,5855,45,77,14,not_and
1,5856,3,82,6,xor
1,5857,74,60,12,not_a
1,5858,51,72,13,implies
1,5859,11,29,4,not_implied_by
1,5860,30,9,10,not_b
1,5861,3,43,2,not_implies
1,5862,46,9,9,not_xor
1,5863,47,1,1,and
1,5864,11,56,12,not_a
1,5865,33,2,14,not_and
1,5866,47,37,10,not_b
1,5867,10,66,13,implies
1,5868,46,63,1,and
1,5869,66,84,2,not_implies
1,5870,10,66,6,xor
1,5871,51,22,14,not_and
1,5872,86,66,3,a
1,5873,38,11,14,not_and
1,5874,81,61,12,not_a
1,5875,30,36,6,xor
1,5876,70,71,11,implied_by
1,5877,20,44,6,xor
1,5878,67,31,4,not_implied_by
1,5879,51,85,13,implies
1,5880,23,39,5,b
1,5881,5,5,1,and
1,5882,70,39,11,implied_by
1,5883,55,53,4,not_implied_by
1,5884,31,11,5,b
1,5885,63,83,15,one
1,5886,53,83,12,not_a
1,5887,85,31,13,implies
1,5888,37,5,10,not_b
1,5889,24,6,8,not_or
1,5890,19,12,15,one
1,5891,38,40,0,zero
1,5892,76,74,9,not_xor
1,5893,29,12,14,not_and
1,5894,56,52,1,and
1,5895,82,5,15,one
1,5896,3,40,14,not_and
1,5897,5,77,14,not_and
1,5898,84,1,10,not_b
1,5899,31,24,12,not_a
1,5900,3,85,14,not_and
1,5901,14,2,3,a
1,5902,75,24,5,b
1,5903,33,58,8,not_or
1,5904,75,50,5,b
1,5905,29,25,12,not_a
1,5906,64,27,1,and
1,5907,31,83,8,not_or
1,5908,9,74,7,or
1,5909,70,66,10,not_b
1,5910,70,85,6,xor
1,5911,67,11,4,not_implied_by
1,5912,72,61,2,not_implies
1,5913,84,65,3,a
1,5914,61,50,9,not_xor
1,5915,4,6,1,and
1,5916,85,89,3,a
1,5917,14,56,1,and
1,5918,82,0,1,and
1,5919,25,26,8,not_or
1,5920,33,8,13,implies
1,5921,7,51,14,not_and
1,5922,10,18,5,b
1,5923,49,39,10,not_b
1,5924,21,16,11,implied_by
1,5925,87,82,12,not_a
1,5926,37,73,6,xor
1,5927,60,63,5,b
1,5928,59,1,13,implies
1,5929,62,81,1,and
1,5930,38,49,0,zero
1,5931,51,39,2,not_implies
1,5932,57,53,11,implied_by
1,5933,40,27,11,implied_by
1,5934,43,0,4,not_implied_by
1,5935,80,61,9,not_xor
1,5936,85,53,5,b
1,5937,15,35,4,not_implied_by
1,5938,58,21,6,xor
1,5939,89,61,10,not_b
1,5940,88,23,0,zero
1,5941,30,12,7,or
1,5942,30,25,9,not_xor
1,5943,33,63,15,one
1,5944,32,74,10,not_b
1,5945,66,73,8,not_or
1,5946,16,45,6,xor
1,5947,89,21,11,implied_by
1,5948,46,63,5,b
1,5949,82,65,0,zero
1,5950,55,50,8,not_or
1,5951,46,44,14,not_and
1,5952,54,85,11,implied_by
1,5953,71,82,15,one
1,5954,59,71,8,not_or
1,5955,64,78,2,not_implies
1,5956,68,0,12,not_a
1,5957,41,53,9,not_xor
1,5958,6,50,5,b
1,5959,2,77,1,and
1,5960,53,76,14,not_and
1,5961,75,65,1,and
1,5962,38,57,10,not_b
1,5963,1,44,14,not_and
1,5964,35,70,4,not_implied_by
1,5965,36,10,5,b
1,5966,69,87,6,xor
1,5967,63,87,6,xor
1,5968,33,89,0,zero
1,5969,19,35,9,not_xor
1,5970,85,40,9,not_xor
1,5971,30,16,3,a
1,5972,32,10,10,not_b
1,5973,7,81,5,b
1,5974,55,79,4,not_implied_by
1,5975,54,74,15,one
1,5976,33,2,14,not_and
1,5977,87,69,6,xor
1,5978,47,77,9,not_xor
1,5979,87,65,5,b
1,5980,65,70,0,zero
1,5981,27,35,13,implies
1,5982,16,86,8,not_or
1,5983,7,12,8,not_or
1,5984,86,36,15,one
1,5985,18,7,11,implied_by
1,5986,71,55,12,not_a
1,5987,26,23,4,not_implied_by
1,5988,85,77,5,b
1,5989,1,20,5,b
1,5990,15,55,15,one
1,5991,75,20,12,not_a
1,5992,3,56,4,not_implied_by
1,5993,17,40,8,not_or
1,5994,68,69,2,not_implies
1,5995,9,9,6,xor
1,5996,86,83,12,not_a
1,5997,81,74,9,not_xor
1,5998,51,22,15,one
1,5999,31,17,7,or
