layer,neuron,input_a,input_b,gate_id,gate_name
1,0,57,75,9,not_xor
1,1,35,42,5,b
1,2,37,49,1,and
1,3,59,74,5,b
1,4,18,37,12,not_a
1,5,6,32,12,not_a
1,6,71,80,9,not_xor
1,7,30,40,13,implies
1,8,29,50,9,not_xor
1,9,24,44,2,not_implies
1,10,67,68,11,implied_by
1,11,6,14,6,xor
1,12,83,85,5,b
1,13,64,70,13,implies
1,14,71,72,7,or
1,15,21,35,10,not_b
1,16,39,45,3,a
1,17,53,76,14,not_and
1,18,54,76,9,not_xor
1,19,0,25,3,a
1,20,13,23,8,not_or
1,21,27,39,5,b
1,22,38,57,3,a
1,23,82,89,6,xor
1,24,15,17,3,a
1,25,73,89,2,not_implies
1,26,16,35,14,not_and
1,27,7,20,13,implies
1,28,14,19,9,not_xor
1,29,8,16,13,implies
1,30,49,72,9,not_xor
1,31,23,35,10,not_b
1,32,2,8,6,xor
1,33,27,28,3,a
1,34,52,65,13,implies
1,35,52,69,11,implied_by
1,36,35,39,1,and
1,37,18,26,8,not_or
1,38,47,60,5,b
1,39,45,49,3,a
1,40,65,82,8,not_or
1,41,20,35,9,not_xor
1,42,37,42,6,xor
1,43,51,53,15,one
1,44,17,34,7,or
1,45,16,22,10,not_b
1,46,58,60,5,b
1,47,17,35,5,b
1,48,74,89,14,not_and
1,49,51,70,7,or
1,50,81,89,9,not_xor
1,51,55,57,2,not_implies
1,52,72,85,4,not_implied_by
1,53,58,81,7,or
1,54,40,53,12,not_a
1,55,5,32,4,not_implied_by
1,56,65,88,7,or
1,57,78,82,13,implies
1,58,9,27,12,not_a
1,59,72,86,2,not_implies
1,60,2,21,4,not_implied_by
1,61,46,58,5,b
1,62,8,22,2,not_implies
1,63,15,27,7,or
1,64,51,76,4,not_implied_by
1,65,53,69,7,or
1,66,30,39,5,b
1,67,53,64,3,a
1,68,6,11,0,zero
1,69,73,79,5,b
1,70,12,27,11,implied_by
1,71,30,52,13,implies
1,72,80,86,10,not_b
1,73,61,74,1,and
1,74,9,31,15,one
1,75,42,51,15,one
1,76,58,70,14,not_and
1,77,61,62,15,one
1,78,43,64,4,not_implied_by
1,79,36,46,8,not_or
1,80,8,11,4,not_implied_by
1,81,51,61,0,zero
1,82,47,73,6,xor
1,83,47,72,15,one
1,84,62,84,12,not_a
1,85,22,48,3,a
1,86,69,82,11,implied_by
1,87,57,67,8,not_or
1,88,41,56,6,xor
1,89,67,71,10,not_b
1,90,83,89,14,not_and
1,91,55,70,3,a
1,92,17,26,13,implies
1,93,10,26,6,xor
1,94,33,55,2,not_implies
1,95,8,23,6,xor
1,96,55,58,2,not_implies
1,97,47,50,0,zero
1,98,18,35,6,xor
1,99,10,21,12,not_a
1,100,74,78,9,not_xor
1,101,49,73,9,not_xor
1,102,81,83,3,a
1,103,44,47,2,not_implies
1,104,60,65,6,xor
1,105,62,66,13,implies
1,106,38,63,6,xor
1,107,62,65,5,b
1,108,10,33,3,a
1,109,16,31,0,zero
1,110,36,55,1,and
1,111,61,68,14,not_and
1,112,75,80,6,xor
1,113,62,73,1,and
1,114,12,23,5,b
1,115,5,31,15,one
1,116,14,23,5,b
1,117,83,86,7,or
1,118,51,52,5,b
1,119,36,41,6,xor
1,120,59,67,11,implied_by
1,121,51,74,8,not_or
1,122,54,67,6,xor
1,123,29,46,2,not_implies
1,124,25,31,13,implies
1,125,8,28,2,not_implies
1,126,0,13,9,not_xor
1,127,8,21,15,one
1,128,21,38,2,not_implies
1,129,43,48,10,not_b
1,130,56,61,3,a
1,131,61,64,0,zero
1,132,50,59,2,not_implies
1,133,81,87,12,not_a
1,134,20,24,9,not_xor
1,135,64,83,5,b
1,136,46,54,6,xor
1,137,49,63,8,not_or
1,138,24,43,10,not_b
1,139,42,56,8,not_or
1,140,67,87,5,b
1,141,28,30,10,not_b
1,142,55,64,3,a
1,143,63,64,8,not_or
1,144,40,43,8,not_or
1,145,22,23,11,implied_by
1,146,77,85,14,not_and
1,147,67,78,4,not_implied_by
1,148,6,25,8,not_or
1,149,69,86,9,not_xor
1,150,56,70,12,not_a
1,151,43,68,6,xor
1,152,58,75,13,implies
1,153,27,34,7,or
1,154,69,80,9,not_xor
1,155,26,31,9,not_xor
1,156,30,37,8,not_or
1,157,24,40,8,not_or
1,158,8,17,0,zero
1,159,22,34,6,xor
1,160,9,34,1,and
1,161,70,79,9,not_xor
1,162,58,84,2,not_implies
1,163,47,71,4,not_implied_by
1,164,56,62,13,implies
1,165,34,47,0,zero
1,166,17,41,7,or
1,167,50,60,3,a
1,168,3,22,3,a
1,169,34,45,7,or
1,170,36,48,3,a
1,171,56,78,9,not_xor
1,172,0,23,2,not_implies
1,173,46,71,0,zero
1,174,64,80,10,not_b
1,175,11,35,8,not_or
1,176,25,39,6,xor
1,177,80,87,7,or
1,178,60,71,11,implied_by
1,179,33,59,9,not_xor
1,180,20,27,12,not_a
1,181,48,68,4,not_implied_by
1,182,19,22,15,one
1,183,30,35,11,implied_by
1,184,15,19,15,one
1,185,79,88,8,not_or
1,186,84,88,3,a
1,187,6,26,4,not_implied_by
1,188,11,36,9,not_xor
1,189,31,48,15,one
1,190,38,61,7,or
1,191,86,88,2,not_implies
1,192,47,65,3,a
1,193,74,85,6,xor
1,194,71,84,7,or
1,195,13,25,4,not_implied_by
1,196,16,30,0,zero
1,197,52,54,13,implies
1,198,37,57,15,one
1,199,33,38,3,a
1,200,52,71,4,not_implied_by
1,201,10,31,4,not_implied_by
1,202,43,50,12,not_a
1,203,25,41,11,implied_by
1,204,67,84,3,a
1,205,33,47,10,not_b
1,206,16,28,10,not_b
1,207,15,16,6,xor
1,208,45,53,1,and
1,209,0,1,7,or
1,210,29,38,8,not_or
1,211,2,11,4,not_implied_by
1,212,44,64,7,or
1,213,57,64,0,zero
1,214,38,41,8,not_or
1,215,0,21,10,not_b
1,216,36,59,10,not_b
1,217,60,82,3,a
1,218,48,54,13,implies
1,219,3,9,7,or
1,220,32,40,3,a
1,221,61,79,12,not_a
1,222,49,53,5,b
1,223,65,89,12,not_a
1,224,83,87,6,xor
1,225,50,57,12,not_a
1,226,3,25,12,not_a
1,227,27,35,3,a
1,228,68,71,9,not_xor
1,229,16,17,11,implied_by
1,230,13,17,10,not_b
1,231,76,88,3,a
1,232,13,26,8,not_or
1,233,49,68,6,xor
1,234,34,39,6,xor
1,235,54,68,0,zero
1,236,27,36,5,b
1,237,63,86,5,b
1,238,66,84,7,or
1,239,68,70,13,implies
1,240,33,42,4,not_implied_by
1,241,46,55,3,a
1,242,42,47,10,not_b
1,243,17,37,2,not_implies
1,244,21,28,14,not_and
1,245,7,9,5,b
1,246,17,39,12,not_a
1,247,0,9,7,or
1,248,53,68,13,implies
1,249,32,43,13,implies
1,250,69,70,0,zero
1,251,61,67,2,not_implies
1,252,42,57,8,not_or
1,253,34,55,15,one
1,254,29,41,6,xor
1,255,64,84,8,not_or
1,256,44,57,1,and
1,257,6,19,10,not_b
1,258,8,9,7,or
1,259,14,25,15,one
1,260,41,67,8,not_or
1,261,22,44,7,or
1,262,46,60,9,not_xor
1,263,43,57,3,a
1,264,67,85,5,b
1,265,28,38,6,xor
1,266,39,43,12,not_a
1,267,46,63,11,implied_by
1,268,63,79,4,not_implied_by
1,269,42,66,4,not_implied_by
1,270,50,70,9,not_xor
1,271,59,77,7,or
1,272,6,23,8,not_or
1,273,26,38,11,implied_by
1,274,19,44,10,not_b
1,275,16,34,14,not_and
1,276,70,89,10,not_b
1,277,69,78,9,not_xor
1,278,62,69,5,b
1,279,1,9,0,zero
1,280,38,60,4,not_implied_by
1,281,5,23,5,b
1,282,52,75,8,not_or
1,283,57,60,0,zero
1,284,53,70,11,implied_by
1,285,38,53,4,not_implied_by
1,286,80,83,6,xor
1,287,34,57,14,not_and
1,288,62,64,5,b
1,289,70,73,7,or
1,290,49,74,9,not_xor
1,291,59,84,15,one
1,292,36,52,6,xor
1,293,8,13,3,a
1,294,10,29,12,not_a
1,295,3,10,5,b
1,296,2,12,6,xor
1,297,26,33,10,not_b
1,298,62,82,15,one
1,299,32,37,10,not_b
1,300,39,62,1,and
1,301,10,30,2,not_implies
1,302,47,51,10,not_b
1,303,69,83,11,implied_by
1,304,24,33,9,not_xor
1,305,26,41,11,implied_by
1,306,56,79,15,one
1,307,44,68,14,not_and
1,308,2,29,1,and
1,309,2,16,1,and
1,310,44,53,11,implied_by
1,311,12,38,10,not_b
1,312,50,72,0,zero
1,313,53,63,9,not_xor
1,314,53,74,9,not_xor
1,315,10,16,12,not_a
1,316,39,60,0,zero
1,317,45,50,3,a
1,318,5,9,10,not_b
1,319,36,45,14,not_and
1,320,46,68,3,a
1,321,62,83,1,and
1,322,20,28,11,implied_by
1,323,22,30,10,not_b
1,324,3,12,9,not_xor
1,325,20,37,13,implies
1,326,53,71,10,not_b
1,327,37,54,9,not_xor
1,328,53,75,6,xor
1,329,35,55,1,and
1,330,61,80,8,not_or
1,331,86,89,14,not_and
1,332,37,62,6,xor
1,333,38,52,12,not_a
1,334,18,28,3,a
1,335,67,81,1,and
1,336,4,9,11,implied_by
1,337,80,89,10,not_b
1,338,20,25,8,not_or
1,339,26,42,2,not_implies
1,340,47,57,2,not_implies
1,341,14,32,14,not_and
1,342,76,79,5,b
1,343,32,55,15,one
1,344,15,25,3,a
1,345,37,58,7,or
1,346,47,53,5,b
1,347,28,41,9,not_xor
1,348,40,64,15,one
1,349,31,37,14,not_and
1,350,60,62,5,b
1,351,73,88,3,a
1,352,26,49,8,not_or
1,353,13,33,8,not_or
1,354,5,18,10,not_b
1,355,56,77,3,a
1,356,20,26,3,a
1,357,31,42,11,implied_by
1,358,11,30,10,not_b
1,359,1,3,12,not_a
1,360,65,71,5,b
1,361,75,88,3,a
1,362,13,28,5,b
1,363,27,30,7,or
1,364,80,88,9,not_xor
1,365,9,23,10,not_b
1,366,17,25,2,not_implies
1,367,35,54,10,not_b
1,368,65,69,5,b
1,369,33,57,6,xor
1,370,4,29,4,not_implied_by
1,371,42,64,3,a
1,372,26,44,2,not_implies
1,373,41,46,6,xor
1,374,7,14,1,and
1,375,27,45,11,implied_by
1,376,23,31,7,or
1,377,18,22,3,a
1,378,13,21,6,xor
1,379,24,38,12,not_a
1,380,56,58,6,xor
1,381,40,54,9,not_xor
1,382,35,36,6,xor
1,383,77,84,12,not_a
1,384,23,27,1,and
1,385,19,24,11,implied_by
1,386,65,74,10,not_b
1,387,76,89,3,a
1,388,0,19,9,not_xor
1,389,27,37,1,and
1,390,33,40,6,xor
1,391,74,87,2,not_implies
1,392,1,19,8,not_or
1,393,31,53,1,and
1,394,1,23,11,implied_by
1,395,1,2,1,and
1,396,71,77,9,not_xor
1,397,57,77,11,implied_by
1,398,70,88,0,zero
1,399,53,62,8,not_or
1,400,5,11,11,implied_by
1,401,44,60,8,not_or
1,402,41,51,2,not_implies
1,403,58,77,11,implied_by
1,404,45,64,8,not_or
1,405,75,89,9,not_xor
1,406,64,87,13,implies
1,407,55,68,7,or
1,408,4,30,14,not_and
1,409,1,21,8,not_or
1,410,65,77,5,b
1,411,2,10,8,not_or
1,412,51,58,14,not_and
1,413,14,15,6,xor
1,414,34,58,12,not_a
1,415,24,39,2,not_implies
1,416,1,14,9,not_xor
1,417,16,27,10,not_b
1,418,45,47,12,not_a
1,419,31,46,11,implied_by
1,420,51,60,11,implied_by
1,421,37,46,8,not_or
1,422,58,82,11,implied_by
1,423,19,39,10,not_b
1,424,71,78,9,not_xor
1,425,31,47,5,b
1,426,65,81,0,zero
1,427,23,42,9,not_xor
1,428,36,50,2,not_implies
1,429,56,81,9,not_xor
1,430,5,24,12,not_a
1,431,34,49,1,and
1,432,63,74,12,not_a
1,433,56,59,14,not_and
1,434,30,48,10,not_b
1,435,13,27,0,zero
1,436,16,18,7,or
1,437,17,36,4,not_implied_by
1,438,7,28,1,and
1,439,25,29,9,not_xor
1,440,35,49,7,or
1,441,60,63,12,not_a
1,442,3,24,10,not_b
1,443,22,46,8,not_or
1,444,30,41,5,b
1,445,48,61,2,not_implies
1,446,41,45,5,b
1,447,44,62,11,implied_by
1,448,17,31,7,or
1,449,64,69,3,a
1,450,81,85,3,a
1,451,21,46,3,a
1,452,55,60,2,not_implies
1,453,57,66,6,xor
1,454,1,4,14,not_and
1,455,37,55,2,not_implies
1,456,33,51,15,one
1,457,10,22,11,implied_by
1,458,74,83,9,not_xor
1,459,31,40,9,not_xor
1,460,41,52,11,implied_by
1,461,27,31,5,b
1,462,30,34,11,implied_by
1,463,25,50,9,not_xor
1,464,63,81,7,or
1,465,21,29,5,b
1,466,20,33,0,zero
1,467,14,37,3,a
1,468,38,49,2,not_implies
1,469,67,69,3,a
1,470,14,27,15,one
1,471,59,83,11,implied_by
1,472,28,32,6,xor
1,473,5,8,9,not_xor
1,474,49,50,9,not_xor
1,475,23,47,14,not_and
1,476,78,87,6,xor
1,477,42,55,4,not_implied_by
1,478,63,80,8,not_or
1,479,36,38,4,not_implied_by
1,480,7,8,5,b
1,481,6,27,9,not_xor
1,482,12,13,10,not_b
1,483,19,23,4,not_implied_by
1,484,56,68,1,and
1,485,2,26,7,or
1,486,31,49,9,not_xor
1,487,1,22,10,not_b
1,488,57,65,3,a
1,489,52,53,14,not_and
1,490,46,64,5,b
1,491,20,46,11,implied_by
1,492,24,34,7,or
1,493,54,59,7,or
1,494,56,64,7,or
1,495,51,62,3,a
1,496,4,18,3,a
1,497,22,42,8,not_or
1,498,44,51,1,and
1,499,47,56,11,implied_by
1,500,69,73,4,not_implied_by
1,501,12,32,4,not_implied_by
1,502,11,14,14,not_and
1,503,7,30,0,zero
1,504,63,78,5,b
1,505,0,18,11,implied_by
1,506,59,68,5,b
1,507,63,70,8,not_or
1,508,82,88,5,b
1,509,15,34,13,implies
1,510,33,52,1,and
1,511,47,59,10,not_b
1,512,4,24,9,not_xor
1,513,80,82,14,not_and
1,514,21,39,14,not_and
1,515,33,53,7,or
1,516,84,85,5,b
1,517,27,50,13,implies
1,518,84,89,15,one
1,519,41,43,12,not_a
1,520,59,80,1,and
1,521,65,79,5,b
1,522,59,66,7,or
1,523,37,39,7,or
1,524,20,22,4,not_implied_by
1,525,8,12,2,not_implies
1,526,41,61,3,a
1,527,4,25,4,not_implied_by
1,528,63,75,6,xor
1,529,13,19,5,b
1,530,73,84,8,not_or
1,531,23,39,11,implied_by
1,532,58,67,3,a
1,533,59,76,9,not_xor
1,534,49,54,0,zero
1,535,69,74,5,b
1,536,23,36,12,not_a
1,537,38,50,4,not_implied_by
1,538,64,68,14,not_and
1,539,24,35,6,xor
1,540,8,31,13,implies
1,541,87,88,9,not_xor
1,542,38,47,8,not_or
1,543,57,58,15,one
1,544,41,58,3,a
1,545,30,50,6,xor
1,546,36,49,2,not_implies
1,547,36,51,5,b
1,548,41,60,11,implied_by
1,549,11,37,3,a
1,550,19,40,4,not_implied_by
1,551,35,37,12,not_a
1,552,34,51,9,not_xor
1,553,1,25,9,not_xor
1,554,54,75,14,not_and
1,555,56,71,2,not_implies
1,556,31,56,14,not_and
1,557,53,55,13,implies
1,558,50,51,6,xor
1,559,52,72,10,not_b
1,560,21,24,8,not_or
1,561,4,7,15,one
1,562,70,84,7,or
1,563,11,31,12,not_a
1,564,24,41,6,xor
1,565,70,77,9,not_xor
1,566,14,20,5,b
1,567,40,55,3,a
1,568,59,71,0,zero
1,569,6,22,10,not_b
1,570,18,34,2,not_implies
1,571,61,78,7,or
1,572,62,78,6,xor
1,573,63,69,1,and
1,574,3,30,6,xor
1,575,49,55,5,b
1,576,70,87,10,not_b
1,577,28,53,10,not_b
1,578,62,79,14,not_and
1,579,23,45,3,a
1,580,53,79,13,implies
1,581,2,24,6,xor
1,582,9,26,10,not_b
1,583,59,75,2,not_implies
1,584,29,53,14,not_and
1,585,49,75,7,or
1,586,46,59,15,one
1,587,67,79,9,not_xor
1,588,66,67,10,not_b
1,589,24,26,5,b
1,590,15,20,4,not_implied_by
1,591,52,60,6,xor
1,592,79,85,7,or
1,593,1,8,13,implies
1,594,45,56,11,implied_by
1,595,41,53,4,not_implied_by
1,596,31,50,5,b
1,597,78,85,13,implies
1,598,24,47,9,not_xor
1,599,52,56,5,b
1,600,7,27,0,zero
1,601,73,83,11,implied_by
1,602,3,15,6,xor
1,603,8,35,3,a
1,604,23,40,9,not_xor
1,605,76,82,8,not_or
1,606,44,55,14,not_and
1,607,2,14,9,not_xor
1,608,23,33,2,not_implies
1,609,46,67,1,and
1,610,0,10,13,implies
1,611,38,62,4,not_implied_by
1,612,21,31,4,not_implied_by
1,613,5,19,7,or
1,614,48,67,4,not_implied_by
1,615,71,73,6,xor
1,616,44,70,3,a
1,617,70,82,10,not_b
1,618,54,80,7,or
1,619,73,75,2,not_implies
1,620,4,16,13,implies
1,621,43,52,8,not_or
1,622,40,42,5,b
1,623,53,54,0,zero
1,624,33,35,13,implies
1,625,59,78,14,not_and
1,626,33,46,15,one
1,627,15,30,1,and
1,628,15,37,2,not_implies
1,629,3,16,14,not_and
1,630,66,68,15,one
1,631,29,31,1,and
1,632,29,32,8,not_or
1,633,3,13,5,b
1,634,29,36,15,one
1,635,20,32,12,not_a
1,636,32,36,9,not_xor
1,637,1,28,1,and
1,638,4,6,13,implies
1,639,35,43,7,or
1,640,71,85,11,implied_by
1,641,72,79,1,and
1,642,37,44,10,not_b
1,643,23,41,14,not_and
1,644,30,56,12,not_a
1,645,78,88,9,not_xor
1,646,78,81,6,xor
1,647,35,44,12,not_a
1,648,82,83,4,not_implied_by
1,649,71,87,8,not_or
1,650,6,15,11,implied_by
1,651,75,76,3,a
1,652,38,39,2,not_implies
1,653,0,8,9,not_xor
1,654,3,14,0,zero
1,655,10,23,9,not_xor
1,656,62,87,14,not_and
1,657,82,87,4,not_implied_by
1,658,14,18,5,b
1,659,5,14,7,or
1,660,57,72,1,and
1,661,50,64,13,implies
1,662,26,40,14,not_and
1,663,24,27,8,not_or
1,664,5,27,14,not_and
1,665,17,24,3,a
1,666,19,28,3,a
1,667,10,37,2,not_implies
1,668,48,60,8,not_or
1,669,32,46,6,xor
1,670,46,52,7,or
1,671,48,72,8,not_or
1,672,12,20,7,or
1,673,53,59,6,xor
1,674,46,61,7,or
1,675,29,34,6,xor
1,676,13,14,4,not_implied_by
1,677,4,10,3,a
1,678,68,85,11,implied_by
1,679,36,61,1,and
1,680,5,30,6,xor
1,681,22,45,0,zero
1,682,9,30,6,xor
1,683,57,62,3,a
1,684,63,68,14,not_and
1,685,52,57,3,a
1,686,4,15,10,not_b
1,687,63,71,11,implied_by
1,688,38,58,6,xor
1,689,52,55,14,not_and
1,690,8,27,9,not_xor
1,691,14,29,1,and
1,692,20,21,14,not_and
1,693,11,24,5,b
1,694,30,47,12,not_a
1,695,26,47,2,not_implies
1,696,31,39,4,not_implied_by
1,697,58,66,2,not_implies
1,698,55,66,8,not_or
1,699,1,10,6,xor
1,700,4,20,6,xor
1,701,55,65,3,a
1,702,4,31,12,not_a
1,703,49,71,8,not_or
1,704,85,87,7,or
1,705,39,52,13,implies
1,706,26,34,12,not_a
1,707,9,21,12,not_a
1,708,74,79,14,not_and
1,709,5,21,5,b
1,710,55,56,4,not_implied_by
1,711,37,43,10,not_b
1,712,58,78,10,not_b
1,713,70,78,1,and
1,714,10,28,13,implies
1,715,56,80,4,not_implied_by
1,716,42,54,2,not_implies
1,717,52,74,12,not_a
1,718,35,38,1,and
1,719,41,66,9,not_xor
1,720,60,73,11,implied_by
1,721,60,78,12,not_a
1,722,1,24,5,b
1,723,34,42,11,implied_by
1,724,0,26,8,not_or
1,725,10,13,4,not_implied_by
1,726,59,62,12,not_a
1,727,86,87,5,b
1,728,64,67,4,not_implied_by
1,729,24,30,14,not_and
1,730,35,51,3,a
1,731,6,16,7,or
1,732,68,89,3,a
1,733,25,51,3,a
1,734,22,35,4,not_implied_by
1,735,46,72,5,b
1,736,35,53,8,not_or
1,737,4,28,6,xor
1,738,48,59,9,not_xor
1,739,34,35,8,not_or
1,740,0,6,6,xor
1,741,13,34,9,not_xor
1,742,2,7,13,implies
1,743,4,13,1,and
1,744,55,61,2,not_implies
1,745,42,52,15,one
1,746,28,47,4,not_implied_by
1,747,20,44,6,xor
1,748,8,29,3,a
1,749,19,43,11,implied_by
1,750,17,42,8,not_or
1,751,76,81,6,xor
1,752,41,63,9,not_xor
1,753,11,17,6,xor
1,754,60,68,3,a
1,755,52,77,11,implied_by
1,756,53,78,7,or
1,757,67,89,4,not_implied_by
1,758,16,36,10,not_b
1,759,41,44,8,not_or
1,760,5,25,12,not_a
1,761,5,17,5,b
1,762,81,82,2,not_implies
1,763,40,50,11,implied_by
1,764,32,50,4,not_implied_by
1,765,25,32,12,not_a
1,766,61,77,5,b
1,767,11,26,7,or
1,768,78,83,6,xor
1,769,68,82,11,implied_by
1,770,58,83,9,not_xor
1,771,13,29,9,not_xor
1,772,9,13,14,not_and
1,773,34,40,8,not_or
1,774,8,25,6,xor
1,775,41,47,8,not_or
1,776,48,51,13,implies
1,777,39,44,7,or
1,778,63,88,11,implied_by
1,779,24,29,11,implied_by
1,780,2,15,8,not_or
1,781,47,69,10,not_b
1,782,60,69,5,b
1,783,27,42,8,not_or
1,784,37,47,13,implies
1,785,61,65,2,not_implies
1,786,9,15,4,not_implied_by
1,787,20,45,2,not_implies
1,788,22,43,12,not_a
1,789,70,86,6,xor
1,790,56,72,8,not_or
1,791,23,24,7,or
1,792,34,43,9,not_xor
1,793,29,33,9,not_xor
1,794,34,41,4,not_implied_by
1,795,58,64,10,not_b
1,796,18,32,4,not_implied_by
1,797,58,80,7,or
1,798,53,57,12,not_a
1,799,48,62,9,not_xor
1,800,52,66,4,not_implied_by
1,801,52,64,7,or
1,802,9,36,2,not_implies
1,803,68,72,2,not_implies
1,804,3,18,2,not_implies
1,805,72,73,7,or
1,806,10,15,4,not_implied_by
1,807,29,45,9,not_xor
1,808,15,31,12,not_a
1,809,1,13,9,not_xor
1,810,20,38,6,xor
1,811,50,53,13,implies
1,812,3,6,12,not_a
1,813,1,26,14,not_and
1,814,57,71,4,not_implied_by
1,815,15,26,3,a
1,816,25,33,9,not_xor
1,817,13,37,0,zero
1,818,21,43,4,not_implied_by
1,819,46,50,14,not_and
1,820,30,33,12,not_a
1,821,39,56,3,a
1,822,46,49,10,not_b
1,823,12,18,12,not_a
1,824,37,48,0,zero
1,825,59,70,2,not_implies
1,826,65,75,7,or
1,827,78,80,9,not_xor
1,828,41,48,7,or
1,829,62,80,15,one
1,830,20,43,5,b
1,831,10,18,5,b
1,832,41,50,8,not_or
1,833,29,30,3,a
1,834,14,33,15,one
1,835,15,23,8,not_or
1,836,68,87,11,implied_by
1,837,70,71,9,not_xor
1,838,64,73,10,not_b
1,839,41,55,12,not_a
1,840,52,62,7,or
1,841,14,40,10,not_b
1,842,37,40,4,not_implied_by
1,843,28,35,2,not_implies
1,844,61,84,11,implied_by
1,845,14,24,10,not_b
1,846,5,15,5,b
1,847,58,69,2,not_implies
1,848,79,89,15,one
1,849,39,48,3,a
1,850,29,43,6,xor
1,851,54,58,5,b
1,852,29,47,13,implies
1,853,8,24,4,not_implied_by
1,854,46,70,0,zero
1,855,31,33,14,not_and
1,856,63,65,7,or
1,857,59,61,7,or
1,858,16,25,13,implies
1,859,20,29,4,not_implied_by
1,860,18,29,15,one
1,861,3,7,1,and
1,862,17,18,12,not_a
1,863,68,88,0,zero
1,864,16,37,3,a
1,865,3,21,0,zero
1,866,51,67,14,not_and
1,867,18,38,1,and
1,868,20,42,11,implied_by
1,869,12,29,7,or
1,870,43,44,6,xor
1,871,54,60,1,and
1,872,14,31,11,implied_by
1,873,45,61,0,zero
1,874,45,63,9,not_xor
1,875,36,60,8,not_or
1,876,59,72,3,a
1,877,24,31,7,or
1,878,26,52,13,implies
1,879,48,52,7,or
1,880,48,64,14,not_and
1,881,32,48,11,implied_by
1,882,12,34,14,not_and
1,883,65,83,5,b
1,884,11,33,12,not_a
1,885,55,76,6,xor
1,886,59,73,15,one
1,887,3,23,6,xor
1,888,65,85,14,not_and
1,889,58,68,15,one
1,890,50,62,6,xor
1,891,51,65,14,not_and
1,892,68,78,3,a
1,893,51,75,13,implies
1,894,25,35,10,not_b
1,895,77,80,13,implies
1,896,28,54,0,zero
1,897,53,66,7,or
1,898,73,82,7,or
1,899,8,30,13,implies
1,900,29,35,4,not_implied_by
1,901,48,65,4,not_implied_by
1,902,28,51,10,not_b
1,903,44,69,6,xor
1,904,25,26,11,implied_by
1,905,23,38,12,not_a
1,906,40,59,12,not_a
1,907,30,38,0,zero
1,908,7,23,5,b
1,909,30,55,8,not_or
1,910,11,29,1,and
1,911,12,24,7,or
1,912,54,62,13,implies
1,913,19,30,15,one
1,914,66,72,2,not_implies
1,915,63,85,12,not_a
1,916,21,30,6,xor
1,917,73,86,6,xor
1,918,60,85,10,not_b
1,919,9,32,4,not_implied_by
1,920,55,79,9,not_xor
1,921,28,34,0,zero
1,922,50,75,14,not_and
1,923,73,81,3,a
1,924,6,10,6,xor
1,925,40,48,10,not_b
1,926,18,39,6,xor
1,927,63,66,12,not_a
1,928,21,37,4,not_implied_by
1,929,10,20,3,a
1,930,74,84,1,and
1,931,40,58,3,a
1,932,2,19,11,implied_by
1,933,8,10,9,not_xor
1,934,1,27,4,not_implied_by
1,935,73,85,6,xor
1,936,61,66,15,one
1,937,45,46,10,not_b
1,938,42,61,7,or
1,939,64,77,9,not_xor
1,940,3,27,2,not_implies
1,941,16,42,7,or
1,942,31,44,14,not_and
1,943,21,41,5,b
1,944,61,69,6,xor
1,945,46,47,11,implied_by
1,946,12,16,4,not_implied_by
1,947,63,67,11,implied_by
1,948,40,66,3,a
1,949,51,64,13,implies
1,950,47,63,3,a
1,951,49,57,9,not_xor
1,952,70,75,8,not_or
1,953,60,76,9,not_xor
1,954,56,67,2,not_implies
1,955,21,27,2,not_implies
1,956,88,89,3,a
1,957,0,12,9,not_xor
1,958,38,64,3,a
1,959,8,33,14,not_and
1,960,65,72,9,not_xor
1,961,9,11,7,or
1,962,34,46,2,not_implies
1,963,59,85,10,not_b
1,964,52,59,12,not_a
1,965,39,47,6,xor
1,966,50,52,14,not_and
1,967,69,89,1,and
1,968,38,51,10,not_b
1,969,30,43,6,xor
1,970,18,33,1,and
1,971,17,20,8,not_or
1,972,28,50,0,zero
1,973,42,43,7,or
1,974,11,25,6,xor
1,975,17,33,12,not_a
1,976,62,86,10,not_b
1,977,49,66,1,and
1,978,0,14,6,xor
1,979,20,36,7,or
1,980,26,32,9,not_xor
1,981,35,47,12,not_a
1,982,15,35,6,xor
1,983,24,42,5,b
1,984,11,16,2,not_implies
1,985,69,75,7,or
1,986,49,61,7,or
1,987,81,86,2,not_implies
1,988,35,60,13,implies
1,989,33,50,6,xor
1,990,42,67,4,not_implied_by
1,991,75,83,9,not_xor
1,992,60,84,12,not_a
1,993,42,58,13,implies
1,994,35,48,13,implies
1,995,71,83,10,not_b
1,996,17,23,7,or
1,997,71,79,10,not_b
1,998,9,19,2,not_implies
1,999,10,32,2,not_implies
1,1000,24,49,14,not_and
1,1001,44,61,15,one
1,1002,25,36,6,xor
1,1003,6,21,10,not_b
1,1004,68,75,1,and
1,1005,58,59,3,a
1,1006,57,63,8,not_or
1,1007,87,89,1,and
1,1008,21,47,11,implied_by
1,1009,28,31,11,implied_by
1,1010,2,4,13,implies
1,1011,60,61,4,not_implied_by
1,1012,77,83,6,xor
1,1013,5,12,12,not_a
1,1014,14,17,8,not_or
1,1015,32,34,13,implies
1,1016,85,86,5,b
1,1017,14,35,6,xor
1,1018,22,39,9,not_xor
1,1019,21,26,6,xor
1,1020,42,59,4,not_implied_by
1,1021,19,35,3,a
1,1022,74,77,13,implies
1,1023,10,14,7,or
1,1024,31,38,6,xor
1,1025,54,74,10,not_b
1,1026,35,56,6,xor
1,1027,65,86,10,not_b
1,1028,15,29,12,not_a
1,1029,68,73,4,not_implied_by
1,1030,26,37,2,not_implies
1,1031,1,11,12,not_a
1,1032,55,59,3,a
1,1033,30,53,6,xor
1,1034,77,88,3,a
1,1035,67,80,7,or
1,1036,31,45,5,b
1,1037,27,29,14,not_and
1,1038,45,52,15,one
1,1039,9,28,7,or
1,1040,34,59,5,b
1,1041,71,76,7,or
1,1042,30,42,6,xor
1,1043,69,88,2,not_implies
1,1044,44,54,3,a
1,1045,43,61,7,or
1,1046,36,57,14,not_and
1,1047,16,24,7,or
1,1048,46,62,4,not_implied_by
1,1049,23,32,15,one
1,1050,13,22,10,not_b
1,1051,72,76,6,xor
1,1052,35,58,2,not_implies
1,1053,5,28,10,not_b
1,1054,15,28,8,not_or
1,1055,5,10,11,implied_by
1,1056,52,68,4,not_implied_by
1,1057,42,60,1,and
1,1058,17,28,3,a
1,1059,23,37,7,or
1,1060,32,42,15,one
1,1061,4,12,5,b
1,1062,7,21,0,zero
1,1063,6,33,6,xor
1,1064,18,40,2,not_implies
1,1065,52,73,0,zero
1,1066,40,60,0,zero
1,1067,67,86,6,xor
1,1068,1,15,11,implied_by
1,1069,11,28,0,zero
1,1070,57,82,12,not_a
1,1071,8,14,7,or
1,1072,19,37,13,implies
1,1073,69,79,9,not_xor
1,1074,66,85,4,not_implied_by
1,1075,50,54,2,not_implies
1,1076,78,79,6,xor
1,1077,50,74,1,and
1,1078,10,24,10,not_b
1,1079,48,50,2,not_implies
1,1080,13,18,6,xor
1,1081,71,81,5,b
1,1082,58,76,4,not_implied_by
1,1083,46,57,14,not_and
1,1084,29,44,15,one
1,1085,68,83,8,not_or
1,1086,42,46,6,xor
1,1087,34,52,0,zero
1,1088,52,78,11,implied_by
1,1089,43,58,6,xor
1,1090,59,65,5,b
1,1091,50,66,9,not_xor
1,1092,42,45,14,not_and
1,1093,7,15,5,b
1,1094,16,33,15,one
1,1095,63,73,12,not_a
1,1096,25,27,6,xor
1,1097,43,62,2,not_implies
1,1098,39,54,9,not_xor
1,1099,23,28,13,implies
1,1100,47,49,12,not_a
1,1101,12,31,9,not_xor
1,1102,60,81,5,b
1,1103,16,20,8,not_or
1,1104,40,44,9,not_xor
1,1105,7,18,11,implied_by
1,1106,62,88,12,not_a
1,1107,10,35,7,or
1,1108,72,89,5,b
1,1109,24,32,15,one
1,1110,50,67,5,b
1,1111,50,69,6,xor
1,1112,7,13,5,b
1,1113,51,77,9,not_xor
1,1114,5,29,7,or
1,1115,56,57,12,not_a
1,1116,5,7,4,not_implied_by
1,1117,9,33,9,not_xor
1,1118,37,41,4,not_implied_by
1,1119,38,45,10,not_b
1,1120,60,77,12,not_a
1,1121,4,21,15,one
1,1122,28,37,14,not_and
1,1123,32,54,13,implies
1,1124,34,36,10,not_b
1,1125,61,87,7,or
1,1126,54,72,12,not_a
1,1127,15,40,13,implies
1,1128,59,69,14,not_and
1,1129,62,85,2,not_implies
1,1130,5,13,13,implies
1,1131,70,85,5,b
1,1132,41,49,8,not_or
1,1133,19,29,3,a
1,1134,65,68,15,one
1,1135,82,86,10,not_b
1,1136,58,74,10,not_b
1,1137,64,81,2,not_implies
1,1138,40,46,1,and
1,1139,61,72,2,not_implies
1,1140,45,71,9,not_xor
1,1141,47,48,6,xor
1,1142,36,62,6,xor
1,1143,27,53,11,implied_by
1,1144,33,44,12,not_a
1,1145,22,47,11,implied_by
1,1146,27,43,8,not_or
1,1147,40,63,9,not_xor
1,1148,39,59,11,implied_by
1,1149,15,18,3,a
1,1150,4,26,0,zero
1,1151,13,20,11,implied_by
1,1152,33,48,4,not_implied_by
1,1153,30,46,11,implied_by
1,1154,51,59,9,not_xor
1,1155,16,41,9,not_xor
1,1156,71,89,10,not_b
1,1157,58,73,11,implied_by
1,1158,13,16,2,not_implies
1,1159,9,14,7,or
1,1160,20,41,9,not_xor
1,1161,83,88,0,zero
1,1162,39,40,3,a
1,1163,44,46,0,zero
1,1164,65,80,14,not_and
1,1165,53,73,0,zero
1,1166,11,23,11,implied_by
1,1167,23,34,8,not_or
1,1168,64,76,8,not_or
1,1169,17,30,8,not_or
1,1170,24,50,14,not_and
1,1171,7,10,7,or
1,1172,23,29,6,xor
1,1173,58,65,8,not_or
1,1174,20,30,13,implies
1,1175,34,50,8,not_or
1,1176,45,59,14,not_and
1,1177,38,40,12,not_a
1,1178,12,22,9,not_xor
1,1179,54,78,3,a
1,1180,27,33,6,xor
1,1181,35,45,5,b
1,1182,63,87,8,not_or
1,1183,37,53,0,zero
1,1184,31,36,14,not_and
1,1185,81,84,6,xor
1,1186,62,71,6,xor
1,1187,21,44,6,xor
1,1188,17,19,3,a
1,1189,69,76,11,implied_by
1,1190,39,64,7,or
1,1191,31,32,7,or
1,1192,45,54,11,implied_by
1,1193,24,48,9,not_xor
1,1194,65,67,6,xor
1,1195,41,42,12,not_a
1,1196,22,31,7,or
1,1197,29,55,15,one
1,1198,62,70,5,b
1,1199,51,54,0,zero
1,1200,33,39,10,not_b
1,1201,39,42,12,not_a
1,1202,49,60,7,or
1,1203,18,20,4,not_implied_by
1,1204,71,88,15,one
1,1205,38,46,7,or
1,1206,8,19,14,not_and
1,1207,29,37,2,not_implies
1,1208,49,52,13,implies
1,1209,51,63,13,implies
1,1210,45,69,0,zero
1,1211,44,50,2,not_implies
1,1212,4,17,7,or
1,1213,83,84,15,one
1,1214,30,31,3,a
1,1215,66,70,1,and
1,1216,14,21,11,implied_by
1,1217,32,47,5,b
1,1218,32,52,9,not_xor
1,1219,2,6,1,and
1,1220,30,51,1,and
1,1221,57,81,7,or
1,1222,18,43,1,and
1,1223,25,30,1,and
1,1224,38,48,11,implied_by
1,1225,47,62,14,not_and
1,1226,77,78,8,not_or
1,1227,7,17,7,or
1,1228,0,2,13,implies
1,1229,43,54,12,not_a
1,1230,32,33,2,not_implies
1,1231,16,26,3,a
1,1232,16,40,13,implies
1,1233,0,27,15,one
1,1234,23,26,7,or
1,1235,59,63,9,not_xor
1,1236,16,32,6,xor
1,1237,40,45,5,b
1,1238,25,38,8,not_or
1,1239,79,81,3,a
1,1240,46,53,14,not_and
1,1241,13,35,13,implies
1,1242,7,25,13,implies
1,1243,23,25,3,a
1,1244,8,18,14,not_and
1,1245,62,76,13,implies
1,1246,33,34,2,not_implies
1,1247,62,75,6,xor
1,1248,61,75,3,a
1,1249,63,89,10,not_b
1,1250,38,59,5,b
1,1251,11,20,2,not_implies
1,1252,44,45,12,not_a
1,1253,57,69,8,not_or
1,1254,18,23,10,not_b
1,1255,47,64,3,a
1,1256,66,76,12,not_a
1,1257,79,87,4,not_implied_by
1,1258,53,58,0,zero
1,1259,44,59,6,xor
1,1260,22,33,3,a
1,1261,3,29,6,xor
1,1262,28,45,7,or
1,1263,75,86,3,a
1,1264,65,70,0,zero
1,1265,50,63,11,implied_by
1,1266,66,69,4,not_implied_by
1,1267,50,68,7,or
1,1268,7,34,10,not_b
1,1269,46,65,13,implies
1,1270,73,76,11,implied_by
1,1271,60,79,15,one
1,1272,21,25,3,a
1,1273,14,34,3,a
1,1274,28,29,5,b
1,1275,28,43,8,not_or
1,1276,53,65,15,one
1,1277,69,77,9,not_xor
1,1278,0,20,4,not_implied_by
1,1279,0,5,11,implied_by
1,1280,59,82,4,not_implied_by
1,1281,76,80,2,not_implies
1,1282,25,47,7,or
1,1283,47,52,8,not_or
1,1284,12,26,7,or
1,1285,34,48,5,b
1,1286,73,74,15,one
1,1287,72,74,11,implied_by
1,1288,43,46,6,xor
1,1289,5,6,11,implied_by
1,1290,6,7,15,one
1,1291,56,76,7,or
1,1292,48,55,2,not_implies
1,1293,26,46,15,one
1,1294,66,78,1,and
1,1295,4,14,9,not_xor
1,1296,18,44,1,and
1,1297,1,12,8,not_or
1,1298,72,77,13,implies
1,1299,16,39,4,not_implied_by
1,1300,60,72,6,xor
1,1301,76,85,8,not_or
1,1302,26,45,6,xor
1,1303,13,36,10,not_b
1,1304,33,36,12,not_a
1,1305,27,51,6,xor
1,1306,2,23,3,a
1,1307,84,87,12,not_a
1,1308,40,61,9,not_xor
1,1309,51,66,8,not_or
1,1310,40,62,1,and
1,1311,22,28,11,implied_by
1,1312,47,58,2,not_implies
1,1313,19,38,9,not_xor
1,1314,17,40,10,not_b
1,1315,1,6,7,or
1,1316,29,49,4,not_implied_by
1,1317,39,50,12,not_a
1,1318,76,87,10,not_b
1,1319,4,22,7,or
1,1320,63,72,0,zero
1,1321,6,24,1,and
1,1322,43,56,5,b
1,1323,55,62,4,not_implied_by
1,1324,25,45,15,one
1,1325,39,61,9,not_xor
1,1326,32,49,0,zero
1,1327,18,30,6,xor
1,1328,24,28,13,implies
1,1329,34,38,7,or
1,1330,47,68,11,implied_by
1,1331,56,65,1,and
1,1332,54,56,6,xor
1,1333,72,82,4,not_implied_by
1,1334,43,49,8,not_or
1,1335,64,86,13,implies
1,1336,39,58,13,implies
1,1337,39,46,8,not_or
1,1338,62,68,8,not_or
1,1339,33,58,13,implies
1,1340,67,77,4,not_implied_by
1,1341,42,65,6,xor
1,1342,57,59,12,not_a
1,1343,26,28,11,implied_by
1,1344,41,64,8,not_or
1,1345,15,21,3,a
1,1346,54,69,4,not_implied_by
1,1347,64,72,10,not_b
1,1348,22,27,15,one
1,1349,76,84,2,not_implies
1,1350,54,64,10,not_b
1,1351,9,18,13,implies
1,1352,69,72,6,xor
1,1353,39,41,7,or
1,1354,19,34,2,not_implies
1,1355,74,88,12,not_a
1,1356,75,81,4,not_implied_by
1,1357,74,81,9,not_xor
1,1358,36,42,6,xor
1,1359,19,25,5,b
1,1360,11,32,12,not_a
1,1361,75,82,1,and
1,1362,53,67,7,or
1,1363,64,88,11,implied_by
1,1364,73,78,15,one
1,1365,2,20,5,b
1,1366,72,80,9,not_xor
1,1367,14,28,13,implies
1,1368,0,15,14,not_and
1,1369,25,34,3,a
1,1370,65,73,4,not_implied_by
1,1371,56,82,5,b
1,1372,44,63,11,implied_by
1,1373,9,20,14,not_and
1,1374,36,47,9,not_xor
1,1375,25,46,7,or
1,1376,13,38,3,a
1,1377,20,23,5,b
1,1378,14,36,11,implied_by
1,1379,20,39,8,not_or
1,1380,45,58,15,one
1,1381,7,26,6,xor
1,1382,34,53,8,not_or
1,1383,72,83,14,not_and
1,1384,30,45,10,not_b
1,1385,46,69,7,or
1,1386,74,75,5,b
1,1387,19,31,4,not_implied_by
1,1388,36,44,0,zero
1,1389,57,61,6,xor
1,1390,64,85,11,implied_by
1,1391,16,38,11,implied_by
1,1392,55,63,7,or
1,1393,60,70,8,not_or
1,1394,11,13,13,implies
1,1395,11,18,9,not_xor
1,1396,7,12,4,not_implied_by
1,1397,15,33,8,not_or
1,1398,16,23,11,implied_by
1,1399,17,29,3,a
1,1400,37,61,7,or
1,1401,80,84,1,and
1,1402,68,79,1,and
1,1403,44,48,4,not_implied_by
1,1404,8,34,0,zero
1,1405,66,71,13,implies
1,1406,66,80,11,implied_by
1,1407,61,83,15,one
1,1408,63,76,5,b
1,1409,64,65,12,not_a
1,1410,67,72,9,not_xor
1,1411,66,82,3,a
1,1412,48,58,8,not_or
1,1413,7,33,7,or
1,1414,49,65,10,not_b
1,1415,35,52,10,not_b
1,1416,43,47,12,not_a
1,1417,21,40,9,not_xor
1,1418,66,89,6,xor
1,1419,11,21,2,not_implies
1,1420,16,21,0,zero
1,1421,34,44,3,a
1,1422,40,52,8,not_or
1,1423,19,45,12,not_a
1,1424,5,16,4,not_implied_by
1,1425,2,25,7,or
1,1426,4,5,12,not_a
1,1427,25,28,6,xor
1,1428,12,36,5,b
1,1429,31,35,15,one
1,1430,71,82,2,not_implies
1,1431,28,42,5,b
1,1432,44,66,3,a
1,1433,36,53,1,and
1,1434,50,73,8,not_or
1,1435,40,57,3,a
1,1436,3,19,2,not_implies
1,1437,18,24,0,zero
1,1438,27,46,10,not_b
1,1439,54,55,9,not_xor
1,1440,28,36,2,not_implies
1,1441,40,49,7,or
1,1442,60,67,0,zero
1,1443,46,51,12,not_a
1,1444,59,60,9,not_xor
1,1445,45,68,14,not_and
1,1446,12,19,6,xor
1,1447,32,38,5,b
1,1448,39,65,3,a
1,1449,18,21,6,xor
1,1450,59,79,10,not_b
1,1451,56,66,3,a
1,1452,31,41,6,xor
1,1453,77,87,14,not_and
1,1454,76,77,4,not_implied_by
1,1455,76,86,12,not_a
1,1456,70,83,5,b
1,1457,77,79,6,xor
1,1458,45,65,11,implied_by
1,1459,54,71,7,or
1,1460,48,70,2,not_implies
1,1461,46,66,10,not_b
1,1462,73,80,6,xor
1,1463,15,24,12,not_a
1,1464,21,32,0,zero
1,1465,17,43,12,not_a
1,1466,39,53,3,a
1,1467,43,69,15,one
1,1468,57,70,14,not_and
1,1469,77,89,7,or
1,1470,49,56,3,a
1,1471,53,60,0,zero
1,1472,19,41,9,not_xor
1,1473,6,12,15,one
1,1474,65,87,6,xor
1,1475,29,42,6,xor
1,1476,31,57,0,zero
1,1477,62,63,6,xor
1,1478,33,37,7,or
1,1479,25,40,10,not_b
1,1480,6,30,13,implies
1,1481,21,45,15,one
1,1482,38,44,4,not_implied_by
1,1483,2,22,10,not_b
1,1484,22,38,14,not_and
1,1485,59,64,2,not_implies
1,1486,6,17,9,not_xor
1,1487,61,63,12,not_a
1,1488,8,15,8,not_or
1,1489,66,74,14,not_and
1,1490,15,39,10,not_b
1,1491,45,70,11,implied_by
1,1492,53,77,10,not_b
1,1493,49,51,0,zero
1,1494,39,63,4,not_implied_by
1,1495,22,24,2,not_implies
1,1496,12,33,4,not_implied_by
1,1497,9,24,11,implied_by
1,1498,27,38,8,not_or
1,1499,54,61,7,or
1,1500,49,62,15,one
1,1501,50,56,15,one
1,1502,41,62,9,not_xor
1,1503,32,57,6,xor
1,1504,15,38,11,implied_by
1,1505,56,75,4,not_implied_by
1,1506,63,84,2,not_implies
1,1507,55,81,9,not_xor
1,1508,24,25,4,not_implied_by
1,1509,54,79,2,not_implies
1,1510,37,59,4,not_implied_by
1,1511,37,51,6,xor
1,1512,12,30,15,one
1,1513,52,67,5,b
1,1514,42,50,13,implies
1,1515,40,47,10,not_b
1,1516,77,82,2,not_implies
1,1517,7,29,7,or
1,1518,73,87,7,or
1,1519,11,22,13,implies
1,1520,28,48,10,not_b
1,1521,54,66,5,b
1,1522,61,82,6,xor
1,1523,11,15,9,not_xor
1,1524,21,23,10,not_b
1,1525,69,87,15,one
1,1526,17,22,11,implied_by
1,1527,26,29,14,not_and
1,1528,11,12,14,not_and
1,1529,18,42,14,not_and
1,1530,12,17,10,not_b
1,1531,52,70,8,not_or
1,1532,17,38,0,zero
1,1533,32,41,3,a
1,1534,22,37,13,implies
1,1535,39,57,12,not_a
1,1536,0,17,11,implied_by
1,1537,84,86,4,not_implied_by
1,1538,61,85,11,implied_by
1,1539,15,36,12,not_a
1,1540,0,24,14,not_and
1,1541,1,20,3,a
1,1542,57,83,15,one
1,1543,23,48,0,zero
1,1544,28,44,9,not_xor
1,1545,9,25,8,not_or
1,1546,66,75,7,or
1,1547,45,55,4,not_implied_by
1,1548,47,67,12,not_a
1,1549,21,34,9,not_xor
1,1550,49,64,13,implies
1,1551,68,81,14,not_and
1,1552,28,46,1,and
1,1553,19,21,6,xor
1,1554,31,52,9,not_xor
1,1555,13,32,1,and
1,1556,0,11,12,not_a
1,1557,56,74,1,and
1,1558,54,73,0,zero
1,1559,37,45,10,not_b
1,1560,45,67,7,or
1,1561,66,73,8,not_or
1,1562,23,44,6,xor
1,1563,16,19,10,not_b
1,1564,30,44,7,or
1,1565,35,57,6,xor
1,1566,14,16,3,a
1,1567,75,79,15,one
1,1568,57,68,2,not_implies
1,1569,0,3,3,a
1,1570,61,73,9,not_xor
1,1571,38,55,0,zero
1,1572,72,88,2,not_implies
1,1573,28,52,7,or
1,1574,11,19,4,not_implied_by
1,1575,42,49,8,not_or
1,1576,45,60,3,a
1,1577,7,24,10,not_b
1,1578,44,65,6,xor
1,1579,50,71,1,and
1,1580,27,44,9,not_xor
1,1581,32,53,7,or
1,1582,21,42,13,implies
1,1583,50,58,9,not_xor
1,1584,23,43,4,not_implied_by
1,1585,3,4,11,implied_by
1,1586,13,30,4,not_implied_by
1,1587,37,50,10,not_b
1,1588,2,27,12,not_a
1,1589,39,49,13,implies
1,1590,3,8,6,xor
1,1591,45,66,6,xor
1,1592,3,17,10,not_b
1,1593,39,55,9,not_xor
1,1594,64,75,6,xor
1,1595,10,34,9,not_xor
1,1596,47,55,1,and
1,1597,80,81,15,one
1,1598,25,49,14,not_and
1,1599,48,53,1,and
1,1600,48,56,9,not_xor
1,1601,66,88,2,not_implies
1,1602,32,44,5,b
1,1603,79,86,7,or
1,1604,60,86,1,and
1,1605,61,71,4,not_implied_by
1,1606,75,85,7,or
1,1607,31,55,5,b
1,1608,9,16,13,implies
1,1609,12,21,2,not_implies
1,1610,33,54,3,a
1,1611,8,20,12,not_a
1,1612,70,81,12,not_a
1,1613,68,86,10,not_b
1,1614,26,39,4,not_implied_by
1,1615,34,54,4,not_implied_by
1,1616,14,22,2,not_implies
1,1617,30,32,13,implies
1,1618,49,67,1,and
1,1619,48,49,11,implied_by
1,1620,48,69,1,and
1,1621,52,63,15,one
1,1622,9,17,10,not_b
1,1623,14,38,11,implied_by
1,1624,4,8,13,implies
1,1625,18,41,6,xor
1,1626,7,31,6,xor
1,1627,3,28,12,not_a
1,1628,77,86,10,not_b
1,1629,44,67,0,zero
1,1630,72,75,12,not_a
1,1631,25,44,9,not_xor
1,1632,4,23,8,not_or
1,1633,19,33,12,not_a
1,1634,12,37,0,zero
1,1635,3,11,3,a
1,1636,27,32,12,not_a
1,1637,42,48,12,not_a
1,1638,26,30,14,not_and
1,1639,50,61,10,not_b
1,1640,55,75,1,and
1,1641,5,26,6,xor
1,1642,55,71,9,not_xor
1,1643,35,46,0,zero
1,1644,50,55,11,implied_by
1,1645,19,27,7,or
1,1646,60,75,11,implied_by
1,1647,67,88,8,not_or
1,1648,61,86,7,or
1,1649,54,65,7,or
1,1650,52,58,6,xor
1,1651,18,31,7,or
1,1652,74,80,6,xor
1,1653,47,54,15,one
1,1654,79,82,2,not_implies
1,1655,32,56,1,and
1,1656,63,83,15,one
1,1657,60,80,0,zero
1,1658,31,34,8,not_or
1,1659,35,50,7,or
1,1660,19,26,9,not_xor
1,1661,30,54,6,xor
1,1662,38,56,13,implies
1,1663,72,81,6,xor
1,1664,34,37,13,implies
1,1665,29,48,11,implied_by
1,1666,24,45,13,implies
1,1667,7,11,3,a
1,1668,12,25,10,not_b
1,1669,53,72,9,not_xor
1,1670,19,36,9,not_xor
1,1671,38,42,14,not_and
1,1672,67,82,6,xor
1,1673,27,49,0,zero
1,1674,0,16,6,xor
1,1675,79,80,10,not_b
1,1676,79,84,7,or
1,1677,66,81,8,not_or
1,1678,2,28,5,b
1,1679,85,89,6,xor
1,1680,63,82,13,implies
1,1681,30,49,11,implied_by
1,1682,53,56,12,not_a
1,1683,48,74,1,and
1,1684,74,82,13,implies
1,1685,34,60,5,b
1,1686,64,78,9,not_xor
1,1687,21,36,15,one
1,1688,71,74,14,not_and
1,1689,29,40,5,b
1,1690,45,48,6,xor
1,1691,43,51,9,not_xor
1,1692,19,42,6,xor
1,1693,41,65,6,xor
1,1694,23,46,14,not_and
1,1695,65,76,14,not_and
1,1696,0,4,14,not_and
1,1697,43,53,13,implies
1,1698,64,79,6,xor
1,1699,58,79,4,not_implied_by
1,1700,64,89,12,not_a
1,1701,59,81,10,not_b
1,1702,63,77,4,not_implied_by
1,1703,52,76,4,not_implied_by
1,1704,76,83,6,xor
1,1705,26,35,9,not_xor
1,1706,34,56,9,not_xor
1,1707,43,66,8,not_or
1,1708,26,36,6,xor
1,1709,64,66,9,not_xor
1,1710,71,75,9,not_xor
1,1711,80,85,5,b
1,1712,58,71,4,not_implied_by
1,1713,3,20,0,zero
1,1714,43,60,4,not_implied_by
1,1715,71,86,9,not_xor
1,1716,75,78,6,xor
1,1717,27,41,0,zero
1,1718,57,80,10,not_b
1,1719,64,74,11,implied_by
1,1720,7,19,12,not_a
1,1721,28,39,6,xor
1,1722,37,38,1,and
1,1723,78,89,6,xor
1,1724,48,71,11,implied_by
1,1725,55,69,11,implied_by
1,1726,58,72,3,a
1,1727,48,73,6,xor
1,1728,0,22,7,or
1,1729,2,13,1,and
1,1730,43,63,7,or
1,1731,13,31,13,implies
1,1732,27,40,4,not_implied_by
1,1733,23,49,12,not_a
1,1734,28,49,1,and
1,1735,57,78,7,or
1,1736,22,29,3,a
1,1737,51,68,7,or
1,1738,36,56,1,and
1,1739,70,74,11,implied_by
1,1740,6,8,10,not_b
1,1741,60,64,11,implied_by
1,1742,64,82,7,or
1,1743,9,12,13,implies
1,1744,47,70,14,not_and
1,1745,31,43,8,not_or
1,1746,22,25,7,or
1,1747,1,17,4,not_implied_by
1,1748,10,12,7,or
1,1749,16,29,7,or
1,1750,26,50,8,not_or
1,1751,7,22,6,xor
1,1752,66,79,2,not_implies
1,1753,10,27,4,not_implied_by
1,1754,26,48,12,not_a
1,1755,76,78,3,a
1,1756,12,28,5,b
1,1757,60,74,9,not_xor
1,1758,72,87,8,not_or
1,1759,72,84,12,not_a
1,1760,74,76,6,xor
1,1761,41,59,9,not_xor
1,1762,75,84,7,or
1,1763,12,35,4,not_implied_by
1,1764,32,45,6,xor
1,1765,75,87,2,not_implies
1,1766,70,76,6,xor
1,1767,77,81,9,not_xor
1,1768,51,57,1,and
1,1769,20,31,5,b
1,1770,23,30,12,not_a
1,1771,67,76,5,b
1,1772,1,5,8,not_or
1,1773,40,41,7,or
1,1774,44,52,4,not_implied_by
1,1775,35,41,13,implies
1,1776,3,26,2,not_implies
1,1777,45,57,9,not_xor
1,1778,32,58,2,not_implies
1,1779,60,66,0,zero
1,1780,33,56,12,not_a
1,1781,1,18,5,b
1,1782,0,7,7,or
1,1783,25,48,8,not_or
1,1784,8,26,5,b
1,1785,82,84,5,b
1,1786,43,55,12,not_a
1,1787,25,43,9,not_xor
1,1788,41,57,6,xor
1,1789,13,15,7,or
1,1790,43,45,9,not_xor
1,1791,68,76,4,not_implied_by
1,1792,22,40,4,not_implied_by
1,1793,51,69,8,not_or
1,1794,42,44,1,and
1,1795,6,13,15,one
1,1796,15,32,3,a
1,1797,48,66,14,not_and
1,1798,30,36,0,zero
1,1799,61,76,11,implied_by
1,1800,10,17,11,implied_by
1,1801,60,83,2,not_implies
1,1802,13,39,9,not_xor
1,1803,48,63,15,one
1,1804,24,36,4,not_implied_by
1,1805,36,58,11,implied_by
1,1806,35,59,13,implies
1,1807,54,77,11,implied_by
1,1808,20,40,14,not_and
1,1809,36,43,3,a
1,1810,48,57,9,not_xor
1,1811,40,65,12,not_a
1,1812,55,67,4,not_implied_by
1,1813,57,73,15,one
1,1814,61,81,2,not_implies
1,1815,40,51,3,a
1,1816,2,3,6,xor
1,1817,41,54,3,a
1,1818,18,25,6,xor
1,1819,68,69,5,b
1,1820,13,24,11,implied_by
1,1821,55,72,2,not_implies
1,1822,15,41,12,not_a
1,1823,57,74,5,b
1,1824,81,88,2,not_implies
1,1825,67,74,2,not_implies
1,1826,78,84,6,xor
1,1827,46,56,13,implies
1,1828,19,32,4,not_implied_by
1,1829,35,40,3,a
1,1830,72,78,13,implies
1,1831,33,45,9,not_xor
1,1832,9,10,8,not_or
1,1833,54,63,4,not_implied_by
1,1834,56,73,13,implies
1,1835,6,28,13,implies
1,1836,18,27,1,and
1,1837,68,74,13,implies
1,1838,57,79,8,not_or
1,1839,18,19,6,xor
1,1840,9,29,4,not_implied_by
1,1841,27,52,15,one
1,1842,49,58,5,b
1,1843,68,84,1,and
1,1844,62,77,1,and
1,1845,6,9,0,zero
1,1846,58,62,0,zero
1,1847,29,39,15,one
1,1848,21,33,15,one
1,1849,55,74,6,xor
1,1850,32,51,14,not_and
1,1851,73,77,7,or
1,1852,33,41,5,b
1,1853,43,59,7,or
1,1854,50,76,1,and
1,1855,42,53,14,not_and
1,1856,51,55,12,not_a
1,1857,65,66,2,not_implies
1,1858,12,15,11,implied_by
1,1859,36,54,8,not_or
1,1860,5,22,8,not_or
1,1861,40,56,0,zero
1,1862,49,70,2,not_implies
1,1863,15,22,3,a
1,1864,39,51,9,not_xor
1,1865,24,37,12,not_a
1,1866,29,51,3,a
1,1867,62,67,15,one
1,1868,22,36,13,implies
1,1869,27,47,7,or
1,1870,42,62,1,and
1,1871,31,54,15,one
1,1872,51,71,7,or
1,1873,33,43,10,not_b
1,1874,3,5,4,not_implied_by
1,1875,10,19,10,not_b
1,1876,56,60,9,not_xor
1,1877,37,56,15,one
1,1878,66,83,0,zero
1,1879,51,73,0,zero
1,1880,29,54,11,implied_by
1,1881,8,32,1,and
1,1882,14,30,2,not_implies
1,1883,17,32,3,a
1,1884,14,39,10,not_b
1,1885,38,43,9,not_xor
1,1886,42,68,14,not_and
1,1887,51,56,2,not_implies
1,1888,49,59,1,and
1,1889,31,51,15,one
1,1890,26,51,8,not_or
1,1891,32,39,6,xor
1,1892,50,65,9,not_xor
1,1893,10,36,7,or
1,1894,56,63,0,zero
1,1895,24,46,15,one
1,1896,69,84,13,implies
1,1897,49,69,3,a
1,1898,66,87,14,not_and
1,1899,26,43,9,not_xor
1,1900,47,66,7,or
1,1901,9,22,6,xor
1,1902,67,83,10,not_b
1,1903,67,75,6,xor
1,1904,17,27,8,not_or
1,1905,78,86,13,implies
1,1906,20,34,2,not_implies
1,1907,2,17,15,one
1,1908,6,31,1,and
1,1909,68,80,12,not_a
1,1910,44,49,12,not_a
1,1911,70,72,10,not_b
1,1912,17,21,12,not_a
1,1913,69,81,5,b
1,1914,51,72,9,not_xor
1,1915,68,77,9,not_xor
1,1916,42,63,2,not_implies
1,1917,38,54,13,implies
1,1918,4,27,5,b
1,1919,45,51,6,xor
1,1920,25,37,13,implies
1,1921,82,85,8,not_or
1,1922,4,11,5,b
1,1923,36,40,9,not_xor
1,1924,53,61,3,a
1,1925,26,27,3,a
1,1926,4,19,3,a
1,1927,55,80,9,not_xor
1,1928,67,70,11,implied_by
1,1929,55,73,15,one
1,1930,62,74,14,not_and
1,1931,36,39,14,not_and
1,1932,45,62,14,not_and
1,1933,55,77,12,not_a
1,1934,21,22,2,not_implies
1,1935,11,34,9,not_xor
1,1936,66,86,6,xor
1,1937,7,16,10,not_b
1,1938,46,48,10,not_b
1,1939,79,83,7,or
1,1940,27,48,13,implies
1,1941,11,27,12,not_a
1,1942,2,5,3,a
1,1943,69,71,11,implied_by
1,1944,62,81,0,zero
1,1945,33,49,6,xor
1,1946,2,18,6,xor
1,1947,32,35,9,not_xor
1,1948,74,86,10,not_b
1,1949,58,61,9,not_xor
1,1950,55,78,6,xor
1,1951,1,7,13,implies
1,1952,2,9,9,not_xor
1,1953,65,78,9,not_xor
1,1954,6,20,11,implied_by
1,1955,18,36,10,not_b
1,1956,28,33,11,implied_by
1,1957,62,72,8,not_or
1,1958,36,37,14,not_and
1,1959,10,25,14,not_and
1,1960,43,65,12,not_a
1,1961,85,88,10,not_b
1,1962,54,57,1,and
1,1963,14,26,1,and
1,1964,61,70,1,and
1,1965,25,42,8,not_or
1,1966,12,14,10,not_b
1,1967,47,61,10,not_b
1,1968,44,58,7,or
1,1969,69,85,6,xor
1,1970,22,32,14,not_and
1,1971,22,26,12,not_a
1,1972,9,35,9,not_xor
1,1973,70,80,12,not_a
1,1974,37,63,14,not_and
1,1975,19,20,13,implies
1,1976,29,52,12,not_a
1,1977,56,69,2,not_implies
1,1978,6,18,5,b
1,1979,43,67,14,not_and
1,1980,28,40,2,not_implies
1,1981,64,71,0,zero
1,1982,75,77,10,not_b
1,1983,66,77,12,not_a
1,1984,10,11,4,not_implied_by
1,1985,6,29,13,implies
1,1986,57,76,10,not_b
1,1987,54,70,13,implies
1,1988,58,63,9,not_xor
1,1989,52,61,15,one
1,1990,35,61,10,not_b
1,1991,37,52,7,or
1,1992,65,84,7,or
1,1993,1,16,2,not_implies
1,1994,7,32,8,not_or
1,1995,37,60,5,b
1,1996,22,41,11,implied_by
1,1997,67,73,5,b
1,1998,5,20,8,not_or
1,1999,44,56,7,or
2,0,70,71,8,not_or
2,1,301,302,10,not_b
2,2,876,877,0,zero
2,3,390,391,9,not_xor
2,4,1392,1393,11,implied_by
2,5,121,122,10,not_b
2,6,1129,1130,11,implied_by
2,7,1398,1399,12,not_a
2,8,1937,1938,14,not_and
2,9,1868,1869,15,one
2,10,1,2,3,a
2,11,913,914,13,implies
2,12,1035,1036,11,implied_by
2,13,1492,1493,7,or
2,14,675,676,11,implied_by
2,15,194,195,1,and
2,16,932,933,7,or
2,17,969,970,6,xor
2,18,157,158,7,or
2,19,682,683,4,not_implied_by
2,20,1907,1908,9,not_xor
2,21,360,361,6,xor
2,22,333,334,3,a
2,23,412,413,1,and
2,24,636,637,8,not_or
2,25,1046,1047,14,not_and
2,26,166,167,1,and
2,27,998,999,13,implies
2,28,625,626,2,not_implies
2,29,1536,1537,9,not_xor
2,30,1885,1886,9,not_xor
2,31,1431,1432,5,b
2,32,416,417,11,implied_by
2,33,1587,1588,13,implies
2,34,1433,1434,1,and
2,35,1576,1577,11,implied_by
2,36,14,15,1,and
2,37,399,400,3,a
2,38,733,734,8,not_or
2,39,1773,1774,3,a
2,40,569,570,3,a
2,41,1553,1554,1,and
2,42,1168,1169,8,not_or
2,43,447,448,10,not_b
2,44,234,235,1,and
2,45,29,30,6,xor
2,46,1497,1498,4,not_implied_by
2,47,1423,1424,15,one
2,48,1007,1008,11,implied_by
2,49,872,873,11,implied_by
2,50,1138,1139,3,a
2,51,475,476,4,not_implied_by
2,52,858,859,5,b
2,53,305,306,1,and
2,54,1785,1786,12,not_a
2,55,100,101,9,not_xor
2,56,1573,1574,7,or
2,57,805,806,7,or
2,58,1807,1808,9,not_xor
2,59,1429,1430,7,or
2,60,557,558,11,implied_by
2,61,321,322,1,and
2,62,951,952,1,and
2,63,1624,1625,10,not_b
2,64,637,638,15,one
2,65,114,115,9,not_xor
2,66,1321,1322,6,xor
2,67,353,354,2,not_implies
2,68,931,932,14,not_and
2,69,1959,1960,10,not_b
2,70,673,674,9,not_xor
2,71,1005,1006,14,not_and
2,72,1499,1500,3,a
2,73,292,293,10,not_b
2,74,543,544,4,not_implied_by
2,75,1943,1944,0,zero
2,76,1985,1986,13,implies
2,77,652,653,3,a
2,78,632,633,9,not_xor
2,79,1779,1780,10,not_b
2,80,1171,1172,1,and
2,81,1167,1168,6,xor
2,82,609,610,13,implies
2,83,1766,1767,5,b
2,84,545,546,14,not_and
2,85,756,757,13,implies
2,86,1941,1942,4,not_implied_by
2,87,32,33,3,a
2,88,19,20,12,not_a
2,89,1736,1737,3,a
2,90,295,296,9,not_xor
2,91,1298,1299,2,not_implies
2,92,970,971,6,xor
2,93,1861,1862,11,implied_by
2,94,1141,1142,3,a
2,95,956,957,10,not_b
2,96,1479,1480,14,not_and
2,97,25,26,5,b
2,98,1879,1880,15,one
2,99,1274,1275,9,not_xor
2,100,331,332,12,not_a
2,101,1074,1075,9,not_xor
2,102,1903,1904,12,not_a
2,103,235,236,0,zero
2,104,15,16,5,b
2,105,1916,1917,9,not_xor
2,106,1165,1166,11,implied_by
2,107,245,246,11,implied_by
2,108,1818,1819,6,xor
2,109,293,294,14,not_and
2,110,1776,1777,5,b
2,111,1772,1773,4,not_implied_by
2,112,1992,1993,15,one
2,113,397,398,3,a
2,114,1482,1483,4,not_implied_by
2,115,1195,1196,8,not_or
2,116,267,268,3,a
2,117,213,214,0,zero
2,118,1761,1762,9,not_xor
2,119,254,255,6,xor
2,120,1468,1469,4,not_implied_by
2,121,828,829,9,not_xor
2,122,930,931,4,not_implied_by
2,123,975,976,14,not_and
2,124,1851,1852,7,or
2,125,155,156,4,not_implied_by
2,126,278,279,14,not_and
2,127,269,270,12,not_a
2,128,537,538,2,not_implies
2,129,1449,1450,8,not_or
2,130,270,271,0,zero
2,131,764,765,7,or
2,132,115,116,10,not_b
2,133,1241,1242,4,not_implied_by
2,134,1415,1416,10,not_b
2,135,285,286,10,not_b
2,136,1855,1856,2,not_implies
2,137,1217,1218,0,zero
2,138,801,802,7,or
2,139,1045,1046,4,not_implied_by
2,140,567,568,6,xor
2,141,1998,1999,0,zero
2,142,1318,1319,10,not_b
2,143,862,863,7,or
2,144,794,795,11,implied_by
2,145,785,786,10,not_b
2,146,1991,1992,15,one
2,147,1148,1149,7,or
2,148,434,435,4,not_implied_by
2,149,283,284,9,not_xor
2,150,946,947,15,one
2,151,1198,1199,12,not_a
2,152,282,283,8,not_or
2,153,1768,1769,4,not_implied_by
2,154,618,619,4,not_implied_by
2,155,738,739,8,not_or
2,156,471,472,15,one
2,157,249,250,10,not_b
2,158,1578,1579,2,not_implies
2,159,710,711,5,b
2,160,134,135,14,not_and
2,161,1839,1840,0,zero
2,162,80,81,9,not_xor
2,163,1881,1882,0,zero
2,164,233,234,9,not_xor
2,165,1599,1600,13,implies
2,166,1379,1380,4,not_implied_by
2,167,342,343,11,implied_by
2,168,205,206,0,zero
2,169,1986,1987,14,not_and
2,170,1463,1464,14,not_and
2,171,1051,1052,3,a
2,172,1748,1749,14,not_and
2,173,481,482,12,not_a
2,174,742,743,11,implied_by
2,175,137,138,2,not_implies
2,176,231,232,11,implied_by
2,177,509,510,8,not_or
2,178,302,303,9,not_xor
2,179,1207,1208,14,not_and
2,180,1223,1224,3,a
2,181,1524,1525,1,and
2,182,1752,1753,8,not_or
2,183,443,444,6,xor
2,184,1079,1080,11,implied_by
2,185,56,57,2,not_implies
2,186,1953,1954,13,implies
2,187,296,297,3,a
2,188,1146,1147,0,zero
2,189,759,760,6,xor
2,190,1731,1732,10,not_b
2,191,1013,1014,13,implies
2,192,45,46,8,not_or
2,193,1639,1640,6,xor
2,194,351,352,10,not_b
2,195,986,987,8,not_or
2,196,639,640,10,not_b
2,197,11,12,10,not_b
2,198,220,221,6,xor
2,199,1565,1566,3,a
2,200,421,422,2,not_implies
2,201,1102,1103,12,not_a
2,202,1224,1225,8,not_or
2,203,48,49,7,or
2,204,1920,1921,13,implies
2,205,208,209,5,b
2,206,500,501,2,not_implies
2,207,1027,1028,12,not_a
2,208,1880,1881,12,not_a
2,209,354,355,5,b
2,210,1972,1973,13,implies
2,211,95,96,9,not_xor
2,212,904,905,10,not_b
2,213,671,672,14,not_and
2,214,352,353,1,and
2,215,1361,1362,9,not_xor
2,216,914,915,13,implies
2,217,1821,1822,8,not_or
2,218,615,616,6,xor
2,219,1391,1392,8,not_or
2,220,944,945,7,or
2,221,687,688,10,not_b
2,222,388,389,9,not_xor
2,223,1435,1436,1,and
2,224,1726,1727,10,not_b
2,225,31,32,10,not_b
2,226,1284,1285,6,xor
2,227,1656,1657,3,a
2,228,1025,1026,3,a
2,229,1900,1901,10,not_b
2,230,1110,1111,10,not_b
2,231,612,613,6,xor
2,232,971,972,9,not_xor
2,233,1603,1604,13,implies
2,234,1877,1878,9,not_xor
2,235,1679,1680,1,and
2,236,163,164,4,not_implied_by
2,237,1106,1107,1,and
2,238,112,113,3,a
2,239,909,910,6,xor
2,240,279,280,9,not_xor
2,241,1244,1245,13,implies
2,242,541,542,3,a
2,243,1360,1361,14,not_and
2,244,1989,1990,1,and
2,245,1089,1090,9,not_xor
2,246,1595,1596,11,implied_by
2,247,30,31,3,a
2,248,1345,1346,7,or
2,249,1349,1350,12,not_a
2,250,39,40,6,xor
2,251,44,45,5,b
2,252,1462,1463,4,not_implied_by
2,253,1077,1078,9,not_xor
2,254,1015,1016,10,not_b
2,255,433,434,15,one
2,256,1152,1153,10,not_b
2,257,1065,1066,6,xor
2,258,1569,1570,1,and
2,259,824,825,7,or
2,260,105,106,9,not_xor
2,261,1834,1835,2,not_implies
2,262,823,824,13,implies
2,263,922,923,2,not_implies
2,264,1704,1705,15,one
2,265,1858,1859,8,not_or
2,266,607,608,14,not_and
2,267,1467,1468,11,implied_by
2,268,1579,1580,6,xor
2,269,1442,1443,10,not_b
2,270,1765,1766,2,not_implies
2,271,657,658,1,and
2,272,775,776,1,and
2,273,1450,1451,2,not_implies
2,274,685,686,2,not_implies
2,275,996,997,14,not_and
2,276,495,496,8,not_or
2,277,435,436,10,not_b
2,278,766,767,1,and
2,279,418,419,12,not_a
2,280,1651,1652,6,xor
2,281,916,917,6,xor
2,282,1701,1702,5,b
2,283,780,781,6,xor
2,284,1831,1832,9,not_xor
2,285,1514,1515,13,implies
2,286,310,311,0,zero
2,287,1738,1739,10,not_b
2,288,1993,1994,5,b
2,289,1562,1563,12,not_a
2,290,404,405,12,not_a
2,291,484,485,9,not_xor
2,292,906,907,3,a
2,293,309,310,0,zero
2,294,635,636,2,not_implies
2,295,1756,1757,7,or
2,296,1154,1155,15,one
2,297,613,614,3,a
2,298,877,878,10,not_b
2,299,1512,1513,15,one
2,300,1724,1725,4,not_implied_by
2,301,133,134,10,not_b
2,302,1797,1798,14,not_and
2,303,751,752,10,not_b
2,304,1933,1934,0,zero
2,305,1594,1595,9,not_xor
2,306,773,774,5,b
2,307,1174,1175,6,xor
2,308,1489,1490,15,one
2,309,1099,1100,12,not_a
2,310,621,622,2,not_implies
2,311,275,276,9,not_xor
2,312,610,611,1,and
2,313,1448,1449,8,not_or
2,314,1983,1984,15,one
2,315,1288,1289,4,not_implied_by
2,316,261,262,12,not_a
2,317,1919,1920,13,implies
2,318,1574,1575,5,b
2,319,1838,1839,13,implies
2,320,1815,1816,3,a
2,321,1271,1272,14,not_and
2,322,1249,1250,14,not_and
2,323,43,44,14,not_and
2,324,1529,1530,2,not_implies
2,325,202,203,3,a
2,326,899,900,15,one
2,327,1282,1283,13,implies
2,328,941,942,0,zero
2,329,1598,1599,5,b
2,330,1618,1619,14,not_and
2,331,1922,1923,5,b
2,332,104,105,10,not_b
2,333,1230,1231,9,not_xor
2,334,230,231,3,a
2,335,683,684,12,not_a
2,336,177,178,6,xor
2,337,1452,1453,5,b
2,338,1456,1457,9,not_xor
2,339,1314,1315,2,not_implies
2,340,1895,1896,12,not_a
2,341,1279,1280,10,not_b
2,342,1971,1972,4,not_implied_by
2,343,1918,1919,6,xor
2,344,1570,1571,13,implies
2,345,1426,1427,6,xor
2,346,1693,1694,12,not_a
2,347,391,392,1,and
2,348,1248,1249,2,not_implies
2,349,341,342,5,b
2,350,1975,1976,10,not_b
2,351,1016,1017,3,a
2,352,784,785,10,not_b
2,353,1395,1396,15,one
2,354,745,746,6,xor
2,355,1721,1722,2,not_implies
2,356,1666,1667,4,not_implied_by
2,357,929,930,5,b
2,358,1108,1109,2,not_implies
2,359,1458,1459,1,and
2,360,1203,1204,11,implied_by
2,361,1866,1867,12,not_a
2,362,597,598,9,not_xor
2,363,1488,1489,4,not_implied_by
2,364,768,769,3,a
2,365,631,632,7,or
2,366,85,86,11,implied_by
2,367,540,541,0,zero
2,368,442,443,3,a
2,369,1105,1106,14,not_and
2,370,1498,1499,10,not_b
2,371,1747,1748,7,or
2,372,1204,1205,12,not_a
2,373,1226,1227,11,implied_by
2,374,765,766,5,b
2,375,949,950,13,implies
2,376,196,197,1,and
2,377,1658,1659,6,xor
2,378,328,329,8,not_or
2,379,1966,1967,12,not_a
2,380,414,415,1,and
2,381,961,962,10,not_b
2,382,1923,1924,3,a
2,383,1988,1989,10,not_b
2,384,680,681,4,not_implied_by
2,385,803,804,5,b
2,386,985,986,2,not_implies
2,387,2,3,9,not_xor
2,388,1667,1668,14,not_and
2,389,959,960,10,not_b
2,390,565,566,11,implied_by
2,391,953,954,9,not_xor
2,392,848,849,13,implies
2,393,1095,1096,14,not_and
2,394,1745,1746,4,not_implied_by
2,395,165,166,10,not_b
2,396,907,908,5,b
2,397,376,377,2,not_implies
2,398,272,273,5,b
2,399,1307,1308,9,not_xor
2,400,585,586,2,not_implies
2,401,1844,1845,15,one
2,402,934,935,12,not_a
2,403,1328,1329,6,xor
2,404,446,447,6,xor
2,405,1507,1508,9,not_xor
2,406,1674,1675,6,xor
2,407,132,133,14,not_and
2,408,129,130,15,one
2,409,1369,1370,15,one
2,410,624,625,6,xor
2,411,252,253,11,implied_by
2,412,1346,1347,13,implies
2,413,1952,1953,12,not_a
2,414,938,939,6,xor
2,415,146,147,8,not_or
2,416,1324,1325,6,xor
2,417,8,9,11,implied_by
2,418,576,577,9,not_xor
2,419,966,967,2,not_implies
2,420,1886,1887,1,and
2,421,1023,1024,14,not_and
2,422,825,826,7,or
2,423,1088,1089,3,a
2,424,747,748,9,not_xor
2,425,1166,1167,1,and
2,426,1854,1855,9,not_xor
2,427,1994,1995,3,a
2,428,1473,1474,2,not_implies
2,429,1769,1770,8,not_or
2,430,150,151,9,not_xor
2,431,1867,1868,10,not_b
2,432,977,978,4,not_implied_by
2,433,62,63,10,not_b
2,434,729,730,0,zero
2,435,113,114,0,zero
2,436,1291,1292,7,or
2,437,601,602,12,not_a
2,438,499,500,7,or
2,439,1219,1220,10,not_b
2,440,470,471,1,and
2,441,1526,1527,3,a
2,442,1833,1834,9,not_xor
2,443,1611,1612,6,xor
2,444,345,346,1,and
2,445,843,844,13,implies
2,446,515,516,10,not_b
2,447,1245,1246,0,zero
2,448,99,100,5,b
2,449,180,181,15,one
2,450,706,707,13,implies
2,451,1700,1701,6,xor
2,452,384,385,4,not_implied_by
2,453,1404,1405,8,not_or
2,454,771,772,11,implied_by
2,455,1796,1797,1,and
2,456,634,635,2,not_implies
2,457,1286,1287,15,one
2,458,365,366,12,not_a
2,459,560,561,11,implied_by
2,460,591,592,15,one
2,461,347,348,4,not_implied_by
2,462,229,230,10,not_b
2,463,346,347,14,not_and
2,464,1261,1262,3,a
2,465,598,599,12,not_a
2,466,943,944,3,a
2,467,1640,1641,12,not_a
2,468,211,212,6,xor
2,469,308,309,7,or
2,470,1592,1593,1,and
2,471,439,440,7,or
2,472,327,328,5,b
2,473,1012,1013,2,not_implies
2,474,994,995,0,zero
2,475,1179,1180,7,or
2,476,553,554,0,zero
2,477,185,186,14,not_and
2,478,88,89,1,and
2,479,660,661,10,not_b
2,480,117,118,3,a
2,481,1414,1415,9,not_xor
2,482,356,357,12,not_a
2,483,1681,1682,5,b
2,484,141,142,9,not_xor
2,485,1343,1344,3,a
2,486,1182,1183,11,implied_by
2,487,1180,1181,12,not_a
2,488,1584,1585,9,not_xor
2,489,1320,1321,7,or
2,490,1315,1316,9,not_xor
2,491,847,848,13,implies
2,492,577,578,12,not_a
2,493,1350,1351,5,b
2,494,248,249,13,implies
2,495,663,664,0,zero
2,496,1931,1932,12,not_a
2,497,1836,1837,3,a
2,498,498,499,6,xor
2,499,1309,1310,2,not_implies
2,500,262,263,9,not_xor
2,501,1757,1758,4,not_implied_by
2,502,148,149,13,implies
2,503,1409,1410,10,not_b
2,504,924,925,2,not_implies
2,505,552,553,9,not_xor
2,506,611,612,12,not_a
2,507,1183,1184,11,implied_by
2,508,648,649,3,a
2,509,149,150,5,b
2,510,1762,1763,4,not_implied_by
2,511,1660,1661,4,not_implied_by
2,512,1763,1764,6,xor
2,513,546,547,13,implies
2,514,884,885,6,xor
2,515,122,123,6,xor
2,516,103,104,14,not_and
2,517,1932,1933,5,b
2,518,1871,1872,2,not_implies
2,519,776,777,10,not_b
2,520,838,839,13,implies
2,521,1904,1905,13,implies
2,522,319,320,14,not_and
2,523,1619,1620,3,a
2,524,1383,1384,12,not_a
2,525,162,163,8,not_or
2,526,727,728,9,not_xor
2,527,1533,1534,1,and
2,528,790,791,5,b
2,529,638,639,7,or
2,530,1661,1662,11,implied_by
2,531,1319,1320,9,not_xor
2,532,1668,1669,6,xor
2,533,1878,1879,8,not_or
2,534,1539,1540,12,not_a
2,535,1733,1734,8,not_or
2,536,1311,1312,2,not_implies
2,537,457,458,9,not_xor
2,538,425,426,11,implied_by
2,539,126,127,14,not_and
2,540,521,522,13,implies
2,541,218,219,6,xor
2,542,375,376,6,xor
2,543,1698,1699,3,a
2,544,1193,1194,9,not_xor
2,545,348,349,8,not_or
2,546,1910,1911,7,or
2,547,456,457,13,implies
2,548,1251,1252,5,b
2,549,524,525,6,xor
2,550,489,490,14,not_and
2,551,903,904,3,a
2,552,198,199,13,implies
2,553,460,461,3,a
2,554,1048,1049,6,xor
2,555,1829,1830,11,implied_by
2,556,349,350,9,not_xor
2,557,1434,1435,7,or
2,558,340,341,12,not_a
2,559,1087,1088,3,a
2,560,318,319,7,or
2,561,974,975,14,not_and
2,562,1236,1237,2,not_implies
2,563,1222,1223,12,not_a
2,564,1197,1198,7,or
2,565,1312,1313,10,not_b
2,566,1002,1003,13,implies
2,567,1521,1522,10,not_b
2,568,677,678,8,not_or
2,569,1103,1104,14,not_and
2,570,669,670,13,implies
2,571,503,504,2,not_implies
2,572,739,740,9,not_xor
2,573,616,617,11,implied_by
2,574,1873,1874,2,not_implies
2,575,596,597,9,not_xor
2,576,1596,1597,3,a
2,577,1582,1583,12,not_a
2,578,1602,1603,10,not_b
2,579,1184,1185,12,not_a
2,580,584,585,5,b
2,581,35,36,14,not_and
2,582,339,340,14,not_and
2,583,1121,1122,2,not_implies
2,584,1439,1440,3,a
2,585,1958,1959,10,not_b
2,586,978,979,12,not_a
2,587,417,418,0,zero
2,588,364,365,6,xor
2,589,578,579,14,not_and
2,590,1638,1639,4,not_implied_by
2,591,184,185,5,b
2,592,176,177,8,not_or
2,593,779,780,10,not_b
2,594,861,862,7,or
2,595,1980,1981,10,not_b
2,596,1176,1177,2,not_implies
2,597,1708,1709,3,a
2,598,65,66,2,not_implies
2,599,886,887,1,and
2,600,1266,1267,13,implies
2,601,720,721,9,not_xor
2,602,1600,1601,11,implied_by
2,603,336,337,15,one
2,604,895,896,8,not_or
2,605,486,487,3,a
2,606,338,339,6,xor
2,607,1440,1441,5,b
2,608,752,753,3,a
2,609,383,384,13,implies
2,610,372,373,15,one
2,611,1011,1012,5,b
2,612,483,484,13,implies
2,613,860,861,12,not_a
2,614,792,793,10,not_b
2,615,726,727,1,and
2,616,1732,1733,6,xor
2,617,96,97,6,xor
2,618,255,256,7,or
2,619,820,821,5,b
2,620,358,359,13,implies
2,621,427,428,12,not_a
2,622,1597,1598,5,b
2,623,1799,1800,13,implies
2,624,960,961,3,a
2,625,1139,1140,12,not_a
2,626,1385,1386,7,or
2,627,674,675,7,or
2,628,1716,1717,12,not_a
2,629,538,539,12,not_a
2,630,1551,1552,14,not_and
2,631,1770,1771,9,not_xor
2,632,1243,1244,3,a
2,633,1513,1514,14,not_and
2,634,12,13,3,a
2,635,1800,1801,3,a
2,636,343,344,1,and
2,637,722,723,2,not_implies
2,638,917,918,12,not_a
2,639,754,755,10,not_b
2,640,1218,1219,6,xor
2,641,506,507,7,or
2,642,1925,1926,6,xor
2,643,1330,1331,10,not_b
2,644,1483,1484,14,not_and
2,645,20,21,6,xor
2,646,604,605,10,not_b
2,647,1425,1426,13,implies
2,648,1216,1217,2,not_implies
2,649,1255,1256,14,not_and
2,650,1469,1470,8,not_or
2,651,769,770,13,implies
2,652,485,486,5,b
2,653,548,549,0,zero
2,654,1209,1210,3,a
2,655,1723,1724,10,not_b
2,656,1889,1890,2,not_implies
2,657,1637,1638,3,a
2,658,1790,1791,2,not_implies
2,659,842,843,12,not_a
2,660,136,137,12,not_a
2,661,373,374,8,not_or
2,662,580,581,2,not_implies
2,663,1459,1460,13,implies
2,664,1673,1674,6,xor
2,665,1577,1578,8,not_or
2,666,1407,1408,6,xor
2,667,1235,1236,8,not_or
2,668,1860,1861,13,implies
2,669,1717,1718,11,implied_by
2,670,1481,1482,15,one
2,671,1613,1614,8,not_or
2,672,958,959,12,not_a
2,673,1893,1894,6,xor
2,674,646,647,6,xor
2,675,1735,1736,5,b
2,676,1634,1635,15,one
2,677,1540,1541,10,not_b
2,678,1061,1062,13,implies
2,679,799,800,0,zero
2,680,201,202,8,not_or
2,681,40,41,10,not_b
2,682,662,663,5,b
2,683,236,237,6,xor
2,684,979,980,10,not_b
2,685,13,14,3,a
2,686,1826,1827,12,not_a
2,687,1234,1235,6,xor
2,688,168,169,1,and
2,689,1720,1721,1,and
2,690,1292,1293,3,a
2,691,1490,1491,11,implied_by
2,692,778,779,6,xor
2,693,239,240,12,not_a
2,694,1671,1672,1,and
2,695,1864,1865,2,not_implies
2,696,271,272,9,not_xor
2,697,1162,1163,2,not_implies
2,698,1096,1097,13,implies
2,699,1150,1151,0,zero
2,700,329,330,12,not_a
2,701,423,424,13,implies
2,702,1630,1631,9,not_xor
2,703,448,449,2,not_implies
2,704,106,107,12,not_a
2,705,1263,1264,12,not_a
2,706,1487,1488,6,xor
2,707,1935,1936,8,not_or
2,708,1951,1952,2,not_implies
2,709,1550,1551,13,implies
2,710,453,454,10,not_b
2,711,1810,1811,14,not_and
2,712,964,965,10,not_b
2,713,1554,1555,5,b
2,714,603,604,2,not_implies
2,715,212,213,12,not_a
2,716,851,852,5,b
2,717,760,761,11,implied_by
2,718,1386,1387,12,not_a
2,719,796,797,3,a
2,720,1968,1969,5,b
2,721,1982,1983,12,not_a
2,722,1491,1492,3,a
2,723,1749,1750,5,b
2,724,1295,1296,10,not_b
2,725,316,317,8,not_or
2,726,1353,1354,12,not_a
2,727,244,245,5,b
2,728,713,714,12,not_a
2,729,973,974,13,implies
2,730,894,895,10,not_b
2,731,896,897,7,or
2,732,181,182,7,or
2,733,519,520,12,not_a
2,734,798,799,10,not_b
2,735,1544,1545,12,not_a
2,736,0,1,6,xor
2,737,550,551,9,not_xor
2,738,1387,1388,10,not_b
2,739,1896,1897,0,zero
2,740,1746,1747,11,implied_by
2,741,1042,1043,6,xor
2,742,1546,1547,15,one
2,743,466,467,14,not_and
2,744,405,406,4,not_implied_by
2,745,1883,1884,10,not_b
2,746,1300,1301,6,xor
2,747,1494,1495,5,b
2,748,1082,1083,4,not_implied_by
2,749,997,998,5,b
2,750,649,650,13,implies
2,751,1451,1452,6,xor
2,752,429,430,2,not_implies
2,753,1620,1621,2,not_implies
2,754,786,787,10,not_b
2,755,257,258,9,not_xor
2,756,1942,1943,2,not_implies
2,757,1474,1475,10,not_b
2,758,488,489,8,not_or
2,759,982,983,5,b
2,760,24,25,14,not_and
2,761,214,215,10,not_b
2,762,1092,1093,11,implied_by
2,763,1739,1740,8,not_or
2,764,1774,1775,5,b
2,765,237,238,14,not_and
2,766,1122,1123,4,not_implied_by
2,767,1946,1947,6,xor
2,768,1537,1538,5,b
2,769,192,193,6,xor
2,770,1090,1091,7,or
2,771,1617,1618,3,a
2,772,1711,1712,2,not_implies
2,773,1754,1755,9,not_xor
2,774,1378,1379,13,implies
2,775,679,680,15,one
2,776,1115,1116,8,not_or
2,777,661,662,0,zero
2,778,549,550,9,not_xor
2,779,1927,1928,12,not_a
2,780,419,420,10,not_b
2,781,928,929,8,not_or
2,782,1997,1998,2,not_implies
2,783,1629,1630,5,b
2,784,1290,1291,13,implies
2,785,313,314,13,implies
2,786,1270,1271,0,zero
2,787,693,694,5,b
2,788,1093,1094,14,not_and
2,789,1402,1403,8,not_or
2,790,1981,1982,2,not_implies
2,791,398,399,15,one
2,792,846,847,3,a
2,793,1186,1187,10,not_b
2,794,589,590,7,or
2,795,815,816,14,not_and
2,796,1978,1979,12,not_a
2,797,1909,1910,10,not_b
2,798,1813,1814,14,not_and
2,799,344,345,2,not_implies
2,800,658,659,11,implied_by
2,801,259,260,5,b
2,802,260,261,3,a
2,803,389,390,10,not_b
2,804,676,677,10,not_b
2,805,1202,1203,11,implied_by
2,806,1734,1735,14,not_and
2,807,1830,1831,2,not_implies
2,808,757,758,14,not_and
2,809,455,456,0,zero
2,810,1259,1260,10,not_b
2,811,905,906,9,not_xor
2,812,93,94,7,or
2,813,1795,1796,3,a
2,814,744,745,6,xor
2,815,817,818,13,implies
2,816,1028,1029,7,or
2,817,1794,1795,7,or
2,818,51,52,14,not_and
2,819,741,742,6,xor
2,820,379,380,2,not_implies
2,821,1670,1671,14,not_and
2,822,49,50,0,zero
2,823,1786,1787,3,a
2,824,1689,1690,15,one
2,825,1438,1439,15,one
2,826,554,555,0,zero
2,827,1672,1673,0,zero
2,828,697,698,14,not_and
2,829,1044,1045,10,not_b
2,830,797,798,5,b
2,831,1260,1261,14,not_and
2,832,1477,1478,0,zero
2,833,450,451,1,and
2,834,1974,1975,0,zero
2,835,1210,1211,12,not_a
2,836,767,768,9,not_xor
2,837,1593,1594,4,not_implied_by
2,838,1153,1154,12,not_a
2,839,1827,1828,4,not_implied_by
2,840,315,316,9,not_xor
2,841,1466,1467,3,a
2,842,539,540,13,implies
2,843,1688,1689,5,b
2,844,1283,1284,1,and
2,845,203,204,8,not_or
2,846,368,369,5,b
2,847,561,562,12,not_a
2,848,1039,1040,4,not_implied_by
2,849,1265,1266,9,not_xor
2,850,1142,1143,13,implies
2,851,1373,1374,5,b
2,852,850,851,3,a
2,853,980,981,12,not_a
2,854,1973,1974,12,not_a
2,855,73,74,5,b
2,856,222,223,3,a
2,857,1706,1707,14,not_and
2,858,1771,1772,12,not_a
2,859,289,290,15,one
2,860,1172,1173,10,not_b
2,861,592,593,7,or
2,862,83,84,3,a
2,863,967,968,5,b
2,864,3,4,2,not_implies
2,865,987,988,9,not_xor
2,866,708,709,15,one
2,867,1405,1406,5,b
2,868,1192,1193,10,not_b
2,869,227,228,1,and
2,870,82,83,15,one
2,871,408,409,13,implies
2,872,1744,1745,8,not_or
2,873,709,710,14,not_and
2,874,574,575,12,not_a
2,875,314,315,14,not_and
2,876,1520,1521,3,a
2,877,1135,1136,14,not_and
2,878,950,951,1,and
2,879,330,331,14,not_and
2,880,131,132,15,one
2,881,902,903,6,xor
2,882,1347,1348,8,not_or
2,883,174,175,8,not_or
2,884,1835,1836,2,not_implies
2,885,161,162,9,not_xor
2,886,1252,1253,6,xor
2,887,1996,1997,0,zero
2,888,1610,1611,6,xor
2,889,1132,1133,3,a
2,890,1144,1145,1,and
2,891,1614,1615,13,implies
2,892,1117,1118,5,b
2,893,642,643,5,b
2,894,1869,1870,4,not_implied_by
2,895,831,832,4,not_implied_by
2,896,1076,1077,0,zero
2,897,761,762,4,not_implied_by
2,898,1564,1565,15,one
2,899,594,595,15,one
2,900,277,278,15,one
2,901,502,503,11,implied_by
2,902,558,559,12,not_a
2,903,357,358,5,b
2,904,1151,1152,12,not_a
2,905,1653,1654,0,zero
2,906,1842,1843,12,not_a
2,907,334,335,8,not_or
2,908,1246,1247,6,xor
2,909,1410,1411,9,not_xor
2,910,1505,1506,7,or
2,911,716,717,14,not_and
2,912,753,754,3,a
2,913,1332,1333,0,zero
2,914,719,720,14,not_and
2,915,482,483,2,not_implies
2,916,1675,1676,12,not_a
2,917,1071,1072,5,b
2,918,1928,1929,8,not_or
2,919,1221,1222,7,or
2,920,57,58,1,and
2,921,1832,1833,6,xor
2,922,171,172,2,not_implies
2,923,1809,1810,13,implies
2,924,1862,1863,11,implied_by
2,925,1702,1703,11,implied_by
2,926,1841,1842,1,and
2,927,1220,1221,7,or
2,928,1375,1376,3,a
2,929,1124,1125,2,not_implies
2,930,963,964,13,implies
2,931,570,571,11,implied_by
2,932,317,318,8,not_or
2,933,298,299,4,not_implied_by
2,934,34,35,6,xor
2,935,53,54,10,not_b
2,936,378,379,12,not_a
2,937,1364,1365,7,or
2,938,311,312,12,not_a
2,939,1743,1744,3,a
2,940,1060,1061,0,zero
2,941,303,304,8,not_or
2,942,1875,1876,9,not_xor
2,943,1428,1429,4,not_implied_by
2,944,461,462,0,zero
2,945,66,67,8,not_or
2,946,396,397,1,and
2,947,1955,1956,15,one
2,948,1609,1610,3,a
2,949,920,921,15,one
2,950,1740,1741,7,or
2,951,608,609,8,not_or
2,952,123,124,13,implies
2,953,1329,1330,10,not_b
2,954,942,943,10,not_b
2,955,1119,1120,13,implies
2,956,1127,1128,3,a
2,957,1865,1866,0,zero
2,958,893,894,10,not_b
2,959,1185,1186,6,xor
2,960,1091,1092,0,zero
2,961,1206,1207,12,not_a
2,962,256,257,5,b
2,963,777,778,4,not_implied_by
2,964,948,949,4,not_implied_by
2,965,772,773,6,xor
2,966,119,120,8,not_or
2,967,1237,1238,12,not_a
2,968,89,90,12,not_a
2,969,1212,1213,1,and
2,970,459,460,12,not_a
2,971,94,95,6,xor
2,972,441,442,10,not_b
2,973,1158,1159,5,b
2,974,734,735,3,a
2,975,721,722,13,implies
2,976,1696,1697,11,implied_by
2,977,933,934,13,implies
2,978,1351,1352,13,implies
2,979,380,381,9,not_xor
2,980,704,705,12,not_a
2,981,1822,1823,12,not_a
2,982,935,936,3,a
2,983,1014,1015,0,zero
2,984,1232,1233,5,b
2,985,52,53,6,xor
2,986,690,691,12,not_a
2,987,1697,1698,3,a
2,988,992,993,3,a
2,989,440,441,9,not_xor
2,990,1372,1373,11,implied_by
2,991,900,901,12,not_a
2,992,1043,1044,2,not_implies
2,993,147,148,10,not_b
2,994,359,360,3,a
2,995,21,22,6,xor
2,996,1874,1875,4,not_implied_by
2,997,1313,1314,8,not_or
2,998,735,736,5,b
2,999,55,56,12,not_a
2,1000,1781,1782,6,xor
2,1001,172,173,6,xor
2,1002,532,533,10,not_b
2,1003,1485,1486,14,not_and
2,1004,1289,1290,0,zero
2,1005,183,184,7,or
2,1006,512,513,7,or
2,1007,290,291,4,not_implied_by
2,1008,730,731,2,not_implies
2,1009,1486,1487,3,a
2,1010,251,252,3,a
2,1011,1692,1693,7,or
2,1012,1367,1368,10,not_b
2,1013,1430,1431,9,not_xor
2,1014,1627,1628,5,b
2,1015,1327,1328,11,implied_by
2,1016,1687,1688,10,not_b
2,1017,1422,1423,11,implied_by
2,1018,16,17,12,not_a
2,1019,1403,1404,12,not_a
2,1020,1784,1785,1,and
2,1021,476,477,10,not_b
2,1022,999,1000,10,not_b
2,1023,46,47,5,b
2,1024,854,855,11,implied_by
2,1025,1147,1148,2,not_implies
2,1026,939,940,9,not_xor
2,1027,1354,1355,7,or
2,1028,190,191,15,one
2,1029,1549,1550,15,one
2,1030,1189,1190,13,implies
2,1031,1944,1945,12,not_a
2,1032,1052,1053,14,not_and
2,1033,1444,1445,14,not_and
2,1034,836,837,8,not_or
2,1035,923,924,1,and
2,1036,1767,1768,1,and
2,1037,1140,1141,3,a
2,1038,808,809,12,not_a
2,1039,159,160,15,one
2,1040,787,788,1,and
2,1041,1461,1462,1,and
2,1042,1026,1027,11,implied_by
2,1043,750,751,13,implies
2,1044,1791,1792,9,not_xor
2,1045,78,79,7,or
2,1046,936,937,7,or
2,1047,1908,1909,6,xor
2,1048,1995,1996,9,not_xor
2,1049,667,668,12,not_a
2,1050,258,259,10,not_b
2,1051,322,323,13,implies
2,1052,286,287,12,not_a
2,1053,1256,1257,15,one
2,1054,395,396,6,xor
2,1055,921,922,15,one
2,1056,1780,1781,10,not_b
2,1057,1083,1084,11,implied_by
2,1058,152,153,8,not_or
2,1059,643,644,4,not_implied_by
2,1060,326,327,0,zero
2,1061,724,725,3,a
2,1062,217,218,4,not_implied_by
2,1063,501,502,10,not_b
2,1064,1472,1473,0,zero
2,1065,1394,1395,13,implies
2,1066,253,254,5,b
2,1067,1276,1277,10,not_b
2,1068,812,813,12,not_a
2,1069,1470,1471,0,zero
2,1070,135,136,1,and
2,1071,81,82,15,one
2,1072,496,497,8,not_or
2,1073,774,775,7,or
2,1074,1437,1438,5,b
2,1075,1664,1665,14,not_and
2,1076,127,128,10,not_b
2,1077,1984,1985,8,not_or
2,1078,1930,1931,2,not_implies
2,1079,819,820,10,not_b
2,1080,1737,1738,14,not_and
2,1081,1876,1877,7,or
2,1082,879,880,2,not_implies
2,1083,1642,1643,7,or
2,1084,204,205,2,not_implies
2,1085,1522,1523,12,not_a
2,1086,1380,1381,3,a
2,1087,242,243,5,b
2,1088,1128,1129,1,and
2,1089,464,465,4,not_implied_by
2,1090,1787,1788,10,not_b
2,1091,1859,1860,6,xor
2,1092,1104,1105,9,not_xor
2,1093,27,28,11,implied_by
2,1094,1644,1645,2,not_implies
2,1095,984,985,10,not_b
2,1096,497,498,6,xor
2,1097,1890,1891,6,xor
2,1098,454,455,12,not_a
2,1099,699,700,2,not_implies
2,1100,852,853,6,xor
2,1101,983,984,3,a
2,1102,1273,1274,10,not_b
2,1103,370,371,1,and
2,1104,1541,1542,3,a
2,1105,1647,1648,7,or
2,1106,1496,1497,14,not_and
2,1107,1055,1056,7,or
2,1108,224,225,7,or
2,1109,880,881,3,a
2,1110,1143,1144,15,one
2,1111,241,242,10,not_b
2,1112,1340,1341,13,implies
2,1113,1718,1719,1,and
2,1114,547,548,10,not_b
2,1115,1009,1010,0,zero
2,1116,1684,1685,13,implies
2,1117,1178,1179,1,and
2,1118,1591,1592,5,b
2,1119,711,712,13,implies
2,1120,140,141,1,and
2,1121,940,941,15,one
2,1122,892,893,8,not_or
2,1123,361,362,8,not_or
2,1124,215,216,12,not_a
2,1125,1453,1454,11,implied_by
2,1126,698,699,7,or
2,1127,1703,1704,10,not_b
2,1128,1363,1364,7,or
2,1129,1626,1627,6,xor
2,1130,139,140,2,not_implies
2,1131,1301,1302,6,xor
2,1132,1824,1825,7,or
2,1133,266,267,7,or
2,1134,1160,1161,5,b
2,1135,1341,1342,7,or
2,1136,406,407,11,implied_by
2,1137,210,211,14,not_and
2,1138,1850,1851,3,a
2,1139,1177,1178,7,or
2,1140,1064,1065,12,not_a
2,1141,1729,1730,14,not_and
2,1142,6,7,12,not_a
2,1143,1059,1060,1,and
2,1144,381,382,9,not_xor
2,1145,1388,1389,7,or
2,1146,1484,1485,10,not_b
2,1147,102,103,4,not_implied_by
2,1148,511,512,14,not_and
2,1149,1586,1587,10,not_b
2,1150,1436,1437,1,and
2,1151,1338,1339,1,and
2,1152,835,836,7,or
2,1153,1777,1778,13,implies
2,1154,1801,1802,10,not_b
2,1155,1905,1906,12,not_a
2,1156,1352,1353,0,zero
2,1157,599,600,3,a
2,1158,291,292,4,not_implied_by
2,1159,1501,1502,15,one
2,1160,422,423,7,or
2,1161,645,646,10,not_b
2,1162,878,879,6,xor
2,1163,957,958,12,not_a
2,1164,718,719,2,not_implies
2,1165,1021,1022,6,xor
2,1166,320,321,13,implies
2,1167,572,573,10,not_b
2,1168,656,657,15,one
2,1169,981,982,14,not_and
2,1170,875,876,15,one
2,1171,1050,1051,14,not_and
2,1172,1938,1939,5,b
2,1173,1420,1421,3,a
2,1174,1605,1606,9,not_xor
2,1175,1730,1731,9,not_xor
2,1176,463,464,9,not_xor
2,1177,1929,1930,5,b
2,1178,1695,1696,12,not_a
2,1179,154,155,12,not_a
2,1180,1816,1817,10,not_b
2,1181,1755,1756,7,or
2,1182,991,992,12,not_a
2,1183,307,308,14,not_and
2,1184,38,39,8,not_or
2,1185,142,143,1,and
2,1186,188,189,14,not_and
2,1187,1401,1402,10,not_b
2,1188,1649,1650,9,not_xor
2,1189,630,631,10,not_b
2,1190,1580,1581,4,not_implied_by
2,1191,614,615,7,or
2,1192,874,875,12,not_a
2,1193,265,266,13,implies
2,1194,1571,1572,10,not_b
2,1195,581,582,2,not_implies
2,1196,990,991,8,not_or
2,1197,1047,1048,3,a
2,1198,1112,1113,6,xor
2,1199,1066,1067,12,not_a
2,1200,1356,1357,3,a
2,1201,151,152,15,one
2,1202,1118,1119,9,not_xor
2,1203,556,557,7,or
2,1204,1208,1209,1,and
2,1205,276,277,14,not_and
2,1206,1606,1607,1,and
2,1207,1384,1385,0,zero
2,1208,1583,1584,6,xor
2,1209,387,388,5,b
2,1210,1764,1765,6,xor
2,1211,865,866,15,one
2,1212,431,432,8,not_or
2,1213,1798,1799,2,not_implies
2,1214,477,478,6,xor
2,1215,1808,1809,8,not_or
2,1216,1511,1512,2,not_implies
2,1217,1751,1752,10,not_b
2,1218,1003,1004,8,not_or
2,1219,1041,1042,9,not_xor
2,1220,1254,1255,4,not_implied_by
2,1221,288,289,6,xor
2,1222,527,528,10,not_b
2,1223,153,154,10,not_b
2,1224,1853,1854,6,xor
2,1225,1337,1338,3,a
2,1226,1205,1206,7,or
2,1227,1572,1573,14,not_and
2,1228,1155,1156,3,a
2,1229,1519,1520,12,not_a
2,1230,1722,1723,8,not_or
2,1231,143,144,5,b
2,1232,1957,1958,0,zero
2,1233,1277,1278,2,not_implies
2,1234,1004,1005,0,zero
2,1235,1114,1115,7,or
2,1236,1478,1479,12,not_a
2,1237,490,491,15,one
2,1238,1604,1605,12,not_a
2,1239,1531,1532,5,b
2,1240,209,210,11,implied_by
2,1241,1250,1251,9,not_xor
2,1242,1447,1448,10,not_b
2,1243,1662,1663,6,xor
2,1244,1758,1759,6,xor
2,1245,1455,1456,4,not_implied_by
2,1246,7,8,8,not_or
2,1247,510,511,1,and
2,1248,1560,1561,3,a
2,1249,522,523,10,not_b
2,1250,323,324,0,zero
2,1251,514,515,13,implies
2,1252,1502,1503,3,a
2,1253,508,509,5,b
2,1254,243,244,14,not_and
2,1255,736,737,13,implies
2,1256,937,938,15,one
2,1257,881,882,1,and
2,1258,619,620,11,implied_by
2,1259,788,789,2,not_implies
2,1260,1240,1241,11,implied_by
2,1261,1843,1844,7,or
2,1262,1432,1433,15,one
2,1263,1589,1590,8,not_or
2,1264,782,783,6,xor
2,1265,1714,1715,10,not_b
2,1266,182,183,14,not_and
2,1267,651,652,5,b
2,1268,1227,1228,1,and
2,1269,620,621,12,not_a
2,1270,763,764,10,not_b
2,1271,1655,1656,7,or
2,1272,1913,1914,3,a
2,1273,1081,1082,6,xor
2,1274,568,569,1,and
2,1275,1441,1442,2,not_implies
2,1276,1310,1311,0,zero
2,1277,1008,1009,4,not_implied_by
2,1278,918,919,14,not_and
2,1279,1557,1558,3,a
2,1280,145,146,9,not_xor
2,1281,1712,1713,5,b
2,1282,452,453,8,not_or
2,1283,1964,1965,14,not_and
2,1284,781,782,8,not_or
2,1285,513,514,1,and
2,1286,1682,1683,12,not_a
2,1287,1371,1372,2,not_implies
2,1288,696,697,7,or
2,1289,925,926,11,implied_by
2,1290,1278,1279,11,implied_by
2,1291,479,480,4,not_implied_by
2,1292,164,165,4,not_implied_by
2,1293,910,911,7,or
2,1294,1547,1548,13,implies
2,1295,590,591,11,implied_by
2,1296,868,869,3,a
2,1297,1510,1511,6,xor
2,1298,1659,1660,1,and
2,1299,107,108,13,implies
2,1300,1669,1670,6,xor
2,1301,684,685,5,b
2,1302,962,963,9,not_xor
2,1303,1528,1529,13,implies
2,1304,1037,1038,1,and
2,1305,945,946,6,xor
2,1306,130,131,14,not_and
2,1307,467,468,2,not_implies
2,1308,1145,1146,2,not_implies
2,1309,1543,1544,6,xor
2,1310,71,72,12,not_a
2,1311,1804,1805,8,not_or
2,1312,1421,1422,11,implied_by
2,1313,1211,1212,10,not_b
2,1314,374,375,2,not_implies
2,1315,1882,1883,9,not_xor
2,1316,1275,1276,8,not_or
2,1317,306,307,12,not_a
2,1318,1334,1335,6,xor
2,1319,430,431,5,b
2,1320,1399,1400,9,not_xor
2,1321,732,733,9,not_xor
2,1322,1911,1912,11,implied_by
2,1323,555,556,10,not_b
2,1324,1029,1030,10,not_b
2,1325,1365,1366,10,not_b
2,1326,1742,1743,13,implies
2,1327,1097,1098,8,not_or
2,1328,1322,1323,13,implies
2,1329,1783,1784,15,one
2,1330,1058,1059,7,or
2,1331,1887,1888,12,not_a
2,1332,1840,1841,12,not_a
2,1333,1424,1425,11,implied_by
2,1334,1303,1304,9,not_xor
2,1335,1898,1899,4,not_implied_by
2,1336,23,24,15,one
2,1337,1199,1200,10,not_b
2,1338,859,860,5,b
2,1339,175,176,8,not_or
2,1340,1848,1849,13,implies
2,1341,1294,1295,9,not_xor
2,1342,469,470,6,xor
2,1343,1072,1073,9,not_xor
2,1344,919,920,6,xor
2,1345,98,99,12,not_a
2,1346,392,393,10,not_b
2,1347,700,701,3,a
2,1348,60,61,3,a
2,1349,393,394,4,not_implied_by
2,1350,1333,1334,2,not_implies
2,1351,1948,1949,6,xor
2,1352,887,888,3,a
2,1353,193,194,12,not_a
2,1354,1308,1309,12,not_a
2,1355,1823,1824,13,implies
2,1356,1113,1114,0,zero
2,1357,1663,1664,4,not_implied_by
2,1358,280,281,10,not_b
2,1359,563,564,11,implied_by
2,1360,101,102,10,not_b
2,1361,1067,1068,3,a
2,1362,1086,1087,13,implies
2,1363,1555,1556,9,not_xor
2,1364,678,679,3,a
2,1365,692,693,2,not_implies
2,1366,1792,1793,4,not_implied_by
2,1367,410,411,9,not_xor
2,1368,1845,1846,15,one
2,1369,1631,1632,7,or
2,1370,1299,1300,12,not_a
2,1371,1126,1127,10,not_b
2,1372,668,669,15,one
2,1373,1811,1812,12,not_a
2,1374,189,190,5,b
2,1375,478,479,6,xor
2,1376,1567,1568,13,implies
2,1377,1789,1790,12,not_a
2,1378,1411,1412,12,not_a
2,1379,1123,1124,9,not_xor
2,1380,18,19,9,not_xor
2,1381,1078,1079,15,one
2,1382,870,871,2,not_implies
2,1383,867,868,0,zero
2,1384,1715,1716,4,not_implied_by
2,1385,571,572,1,and
2,1386,1803,1804,9,not_xor
2,1387,758,759,13,implies
2,1388,664,665,13,implies
2,1389,363,364,0,zero
2,1390,832,833,8,not_or
2,1391,240,241,10,not_b
2,1392,54,55,6,xor
2,1393,1926,1927,2,not_implies
2,1394,118,119,13,implies
2,1395,1010,1011,8,not_or
2,1396,178,179,5,b
2,1397,505,506,9,not_xor
2,1398,449,450,5,b
2,1399,1070,1071,1,and
2,1400,1018,1019,3,a
2,1401,382,383,10,not_b
2,1402,22,23,7,or
2,1403,1231,1232,15,one
2,1404,1175,1176,4,not_implied_by
2,1405,694,695,10,not_b
2,1406,955,956,13,implies
2,1407,1719,1720,7,or
2,1408,844,845,5,b
2,1409,1680,1681,14,not_and
2,1410,304,305,3,a
2,1411,1940,1941,12,not_a
2,1412,1408,1409,9,not_xor
2,1413,504,505,1,and
2,1414,1475,1476,12,not_a
2,1415,451,452,9,not_xor
2,1416,491,492,10,not_b
2,1417,472,473,6,xor
2,1418,1285,1286,15,one
2,1419,1535,1536,3,a
2,1420,1788,1789,10,not_b
2,1421,1225,1226,3,a
2,1422,1131,1132,14,not_and
2,1423,58,59,5,b
2,1424,335,336,10,not_b
2,1425,170,171,9,not_xor
2,1426,795,796,1,and
2,1427,830,831,3,a
2,1428,1068,1069,15,one
2,1429,1750,1751,13,implies
2,1430,1775,1776,12,not_a
2,1431,806,807,9,not_xor
2,1432,1950,1951,14,not_and
2,1433,807,808,12,not_a
2,1434,1374,1375,8,not_or
2,1435,415,416,13,implies
2,1436,1069,1070,13,implies
2,1437,534,535,5,b
2,1438,1538,1539,8,not_or
2,1439,1480,1481,14,not_and
2,1440,1173,1174,11,implied_by
2,1441,1793,1794,11,implied_by
2,1442,1316,1317,10,not_b
2,1443,833,834,1,and
2,1444,1393,1394,15,one
2,1445,1707,1708,9,not_xor
2,1446,1339,1340,10,not_b
2,1447,225,226,9,not_xor
2,1448,167,168,6,xor
2,1449,77,78,10,not_b
2,1450,1969,1970,12,not_a
2,1451,1413,1414,9,not_xor
2,1452,1080,1081,4,not_implied_by
2,1453,1381,1382,14,not_and
2,1454,841,842,7,or
2,1455,1200,1201,10,not_b
2,1456,371,372,13,implies
2,1457,1020,1021,2,not_implies
2,1458,216,217,13,implies
2,1459,1406,1407,6,xor
2,1460,1962,1963,6,xor
2,1461,1377,1378,14,not_and
2,1462,1133,1134,11,implied_by
2,1463,228,229,12,not_a
2,1464,432,433,11,implied_by
2,1465,1107,1108,8,not_or
2,1466,42,43,12,not_a
2,1467,530,531,6,xor
2,1468,1806,1807,1,and
2,1469,965,966,10,not_b
2,1470,988,989,3,a
2,1471,1229,1230,9,not_xor
2,1472,1342,1343,12,not_a
2,1473,1238,1239,6,xor
2,1474,37,38,13,implies
2,1475,74,75,6,xor
2,1476,1075,1076,5,b
2,1477,1390,1391,6,xor
2,1478,1556,1557,15,one
2,1479,840,841,13,implies
2,1480,1607,1608,3,a
2,1481,186,187,5,b
2,1482,1628,1629,9,not_xor
2,1483,1820,1821,5,b
2,1484,1454,1455,5,b
2,1485,1344,1345,6,xor
2,1486,1418,1419,5,b
2,1487,1368,1369,8,not_or
2,1488,707,708,15,one
2,1489,1032,1033,6,xor
2,1490,1710,1711,6,xor
2,1491,200,201,0,zero
2,1492,1389,1390,10,not_b
2,1493,128,129,2,not_implies
2,1494,600,601,13,implies
2,1495,1267,1268,9,not_xor
2,1496,1563,1564,0,zero
2,1497,1163,1164,3,a
2,1498,1187,1188,12,not_a
2,1499,1169,1170,2,not_implies
2,1500,1914,1915,7,or
2,1501,160,161,12,not_a
2,1502,1181,1182,0,zero
2,1503,199,200,8,not_or
2,1504,1945,1946,6,xor
2,1505,63,64,5,b
2,1506,1416,1417,11,implied_by
2,1507,800,801,0,zero
2,1508,1646,1647,1,and
2,1509,1239,1240,9,not_xor
2,1510,1272,1273,9,not_xor
2,1511,1509,1510,4,not_implied_by
2,1512,1100,1101,14,not_and
2,1513,1188,1189,12,not_a
2,1514,1348,1349,2,not_implies
2,1515,366,367,12,not_a
2,1516,1713,1714,14,not_and
2,1517,1500,1501,13,implies
2,1518,701,702,3,a
2,1519,219,220,11,implied_by
2,1520,516,517,14,not_and
2,1521,1085,1086,5,b
2,1522,531,532,13,implies
2,1523,232,233,8,not_or
2,1524,813,814,8,not_or
2,1525,1915,1916,2,not_implies
2,1526,1934,1935,14,not_and
2,1527,1460,1461,6,xor
2,1528,1956,1957,4,not_implied_by
2,1529,665,666,4,not_implied_by
2,1530,1581,1582,9,not_xor
2,1531,507,508,1,and
2,1532,1396,1397,8,not_or
2,1533,1852,1853,9,not_xor
2,1534,564,565,3,a
2,1535,1936,1937,10,not_b
2,1536,695,696,10,not_b
2,1537,41,42,8,not_or
2,1538,1856,1857,12,not_a
2,1539,158,159,12,not_a
2,1540,1924,1925,13,implies
2,1541,1643,1644,8,not_or
2,1542,1641,1642,0,zero
2,1543,1516,1517,11,implied_by
2,1544,299,300,10,not_b
2,1545,1648,1649,7,or
2,1546,1228,1229,6,xor
2,1547,1157,1158,13,implies
2,1548,1559,1560,12,not_a
2,1549,120,121,9,not_xor
2,1550,728,729,12,not_a
2,1551,1645,1646,13,implies
2,1552,789,790,5,b
2,1553,822,823,11,implied_by
2,1554,1949,1950,5,b
2,1555,10,11,12,not_a
2,1556,1253,1254,5,b
2,1557,413,414,4,not_implied_by
2,1558,623,624,1,and
2,1559,1612,1613,5,b
2,1560,369,370,12,not_a
2,1561,1194,1195,9,not_xor
2,1562,207,208,10,not_b
2,1563,655,656,4,not_implied_by
2,1564,28,29,2,not_implies
2,1565,487,488,3,a
2,1566,1040,1041,2,not_implies
2,1567,90,91,13,implies
2,1568,1325,1326,14,not_and
2,1569,1987,1988,3,a
2,1570,1359,1360,3,a
2,1571,92,93,0,zero
2,1572,1685,1686,2,not_implies
2,1573,1370,1371,0,zero
2,1574,1191,1192,9,not_xor
2,1575,915,916,9,not_xor
2,1576,206,207,5,b
2,1577,1728,1729,3,a
2,1578,1961,1962,12,not_a
2,1579,622,623,3,a
2,1580,125,126,6,xor
2,1581,1457,1458,12,not_a
2,1582,520,521,1,and
2,1583,544,545,4,not_implied_by
2,1584,1269,1270,0,zero
2,1585,480,481,1,and
2,1586,617,618,5,b
2,1587,1677,1678,9,not_xor
2,1588,438,439,0,zero
2,1589,1532,1533,6,xor
2,1590,76,77,1,and
2,1591,403,404,7,or
2,1592,67,68,9,not_xor
2,1593,1623,1624,8,not_or
2,1594,818,819,11,implied_by
2,1595,226,227,4,not_implied_by
2,1596,883,884,2,not_implies
2,1597,542,543,10,not_b
2,1598,1709,1710,5,b
2,1599,702,703,6,xor
2,1600,647,648,6,xor
2,1601,69,70,5,b
2,1602,681,682,15,one
2,1603,1837,1838,3,a
2,1604,1901,1902,0,zero
2,1605,474,475,14,not_and
2,1606,1657,1658,13,implies
2,1607,287,288,0,zero
2,1608,890,891,6,xor
2,1609,1863,1864,6,xor
2,1610,821,822,3,a
2,1611,1427,1428,0,zero
2,1612,462,463,4,not_implied_by
2,1613,1317,1318,1,and
2,1614,1686,1687,7,or
2,1615,1258,1259,10,not_b
2,1616,583,584,0,zero
2,1617,1545,1546,14,not_and
2,1618,1825,1826,4,not_implied_by
2,1619,281,282,9,not_xor
2,1620,223,224,8,not_or
2,1621,901,902,4,not_implied_by
2,1622,873,874,4,not_implied_by
2,1623,1518,1519,8,not_or
2,1624,284,285,11,implied_by
2,1625,688,689,3,a
2,1626,723,724,10,not_b
2,1627,746,747,15,one
2,1628,888,889,10,not_b
2,1629,116,117,12,not_a
2,1630,179,180,12,not_a
2,1631,426,427,9,not_xor
2,1632,111,112,10,not_b
2,1633,588,589,15,one
2,1634,1302,1303,12,not_a
2,1635,1947,1948,7,or
2,1636,1725,1726,0,zero
2,1637,1355,1356,6,xor
2,1638,705,706,3,a
2,1639,989,990,8,not_or
2,1640,400,401,9,not_xor
2,1641,559,560,5,b
2,1642,1683,1684,5,b
2,1643,337,338,9,not_xor
2,1644,1034,1035,6,xor
2,1645,731,732,0,zero
2,1646,1053,1054,14,not_and
2,1647,1120,1121,7,or
2,1648,670,671,5,b
2,1649,1305,1306,15,one
2,1650,1242,1243,1,and
2,1651,1542,1543,12,not_a
2,1652,593,594,14,not_and
2,1653,87,88,4,not_implied_by
2,1654,587,588,5,b
2,1655,394,395,3,a
2,1656,47,48,5,b
2,1657,367,368,7,or
2,1658,409,410,9,not_xor
2,1659,1525,1526,5,b
2,1660,1870,1871,9,not_xor
2,1661,885,886,1,and
2,1662,5,6,10,not_b
2,1663,606,607,3,a
2,1664,1884,1885,4,not_implied_by
2,1665,644,645,5,b
2,1666,1615,1616,5,b
2,1667,1650,1651,7,or
2,1668,1017,1018,9,not_xor
2,1669,1464,1465,0,zero
2,1670,659,660,1,and
2,1671,641,642,1,and
2,1672,856,857,2,not_implies
2,1673,749,750,3,a
2,1674,1331,1332,7,or
2,1675,1705,1706,2,not_implies
2,1676,809,810,12,not_a
2,1677,1636,1637,2,not_implies
2,1678,827,828,15,one
2,1679,993,994,6,xor
2,1680,1445,1446,9,not_xor
2,1681,1280,1281,5,b
2,1682,91,92,12,not_a
2,1683,1635,1636,14,not_and
2,1684,1506,1507,13,implies
2,1685,1568,1569,10,not_b
2,1686,689,690,6,xor
2,1687,138,139,5,b
2,1688,420,421,5,b
2,1689,1530,1531,12,not_a
2,1690,1608,1609,9,not_xor
2,1691,64,65,14,not_and
2,1692,1111,1112,5,b
2,1693,1676,1677,5,b
2,1694,1970,1971,10,not_b
2,1695,1515,1516,5,b
2,1696,1828,1829,1,and
2,1697,762,763,13,implies
2,1698,1590,1591,11,implied_by
2,1699,1293,1294,7,or
2,1700,187,188,3,a
2,1701,853,854,1,and
2,1702,855,856,7,or
2,1703,1699,1700,8,not_or
2,1704,672,673,14,not_and
2,1705,1366,1367,13,implies
2,1706,1632,1633,11,implied_by
2,1707,436,437,8,not_or
2,1708,1358,1359,5,b
2,1709,1038,1039,8,not_or
2,1710,686,687,1,and
2,1711,197,198,9,not_xor
2,1712,857,858,15,one
2,1713,633,634,1,and
2,1714,1741,1742,9,not_xor
2,1715,1476,1477,2,not_implies
2,1716,1164,1165,3,a
2,1717,536,537,12,not_a
2,1718,1049,1050,10,not_b
2,1719,1575,1576,10,not_b
2,1720,1727,1728,5,b
2,1721,1201,1202,12,not_a
2,1722,927,928,0,zero
2,1723,566,567,1,and
2,1724,4,5,13,implies
2,1725,1400,1401,3,a
2,1726,715,716,5,b
2,1727,1899,1900,6,xor
2,1728,1006,1007,4,not_implied_by
2,1729,1213,1214,11,implied_by
2,1730,703,704,5,b
2,1731,84,85,9,not_xor
2,1732,1264,1265,4,not_implied_by
2,1733,976,977,4,not_implied_by
2,1734,1912,1913,3,a
2,1735,1495,1496,8,not_or
2,1736,493,494,2,not_implies
2,1737,654,655,9,not_xor
2,1738,629,630,6,xor
2,1739,586,587,4,not_implied_by
2,1740,897,898,0,zero
2,1741,882,883,5,b
2,1742,1000,1001,6,xor
2,1743,1979,1980,9,not_xor
2,1744,1094,1095,3,a
2,1745,804,805,6,xor
2,1746,1306,1307,9,not_xor
2,1747,1504,1505,2,not_implies
2,1748,1782,1783,5,b
2,1749,1527,1528,5,b
2,1750,605,606,9,not_xor
2,1751,300,301,4,not_implied_by
2,1752,535,536,12,not_a
2,1753,169,170,9,not_xor
2,1754,1846,1847,15,one
2,1755,1960,1961,12,not_a
2,1756,401,402,2,not_implies
2,1757,1101,1102,6,xor
2,1758,402,403,12,not_a
2,1759,1262,1263,12,not_a
2,1760,263,264,5,b
2,1761,1621,1622,6,xor
2,1762,0,2,0,zero
2,1763,1814,1815,4,not_implied_by
2,1764,1622,1623,1,and
2,1765,579,580,0,zero
2,1766,1857,1858,14,not_and
2,1767,1397,1398,6,xor
2,1768,191,192,12,not_a
2,1769,650,651,7,or
2,1770,1196,1197,12,not_a
2,1771,826,827,15,one
2,1772,1063,1064,6,xor
2,1773,770,771,6,xor
2,1774,518,519,13,implies
2,1775,898,899,1,and
2,1776,1161,1162,5,b
2,1777,829,830,6,xor
2,1778,61,62,10,not_b
2,1779,1917,1918,15,one
2,1780,1665,1666,12,not_a
2,1781,814,815,10,not_b
2,1782,863,864,10,not_b
2,1783,1778,1779,7,or
2,1784,445,446,5,b
2,1785,717,718,8,not_or
2,1786,424,425,6,xor
2,1787,1149,1150,3,a
2,1788,97,98,4,not_implied_by
2,1789,1902,1903,9,not_xor
2,1790,866,867,3,a
2,1791,1508,1509,10,not_b
2,1792,714,715,2,not_implies
2,1793,221,222,13,implies
2,1794,1130,1131,6,xor
2,1795,1601,1602,8,not_or
2,1796,627,628,14,not_and
2,1797,533,534,7,or
2,1798,86,87,5,b
2,1799,908,909,11,implied_by
2,1800,274,275,3,a
2,1801,889,890,8,not_or
2,1802,473,474,12,not_a
2,1803,755,756,12,not_a
2,1804,995,996,5,b
2,1805,871,872,3,a
2,1806,324,325,12,not_a
2,1807,1493,1494,8,not_or
2,1808,1585,1586,4,not_implied_by
2,1809,294,295,4,not_implied_by
2,1810,725,726,0,zero
2,1811,1190,1191,1,and
2,1812,523,524,15,one
2,1813,355,356,4,not_implied_by
2,1814,1019,1020,10,not_b
2,1815,1036,1037,0,zero
2,1816,912,913,7,or
2,1817,1872,1873,8,not_or
2,1818,575,576,2,not_implies
2,1819,1517,1518,2,not_implies
2,1820,1033,1034,12,not_a
2,1821,640,641,10,not_b
2,1822,1566,1567,5,b
2,1823,1891,1892,10,not_b
2,1824,972,973,10,not_b
2,1825,108,109,2,not_implies
2,1826,653,654,12,not_a
2,1827,1247,1248,0,zero
2,1828,1976,1977,8,not_or
2,1829,1054,1055,6,xor
2,1830,1888,1889,8,not_or
2,1831,1137,1138,9,not_xor
2,1832,783,784,14,not_and
2,1833,911,912,9,not_xor
2,1834,1897,1898,4,not_implied_by
2,1835,1690,1691,10,not_b
2,1836,1336,1337,9,not_xor
2,1837,1967,1968,1,and
2,1838,1817,1818,6,xor
2,1839,1056,1057,8,not_or
2,1840,68,69,8,not_or
2,1841,947,948,8,not_or
2,1842,837,838,1,and
2,1843,1233,1234,14,not_and
2,1844,1084,1085,6,xor
2,1845,17,18,5,b
2,1846,1024,1025,15,one
2,1847,437,438,0,zero
2,1848,362,363,14,not_and
2,1849,864,865,12,not_a
2,1850,1136,1137,11,implied_by
2,1851,602,603,11,implied_by
2,1852,743,744,6,xor
2,1853,59,60,12,not_a
2,1854,1073,1074,5,b
2,1855,465,466,1,and
2,1856,628,629,14,not_and
2,1857,386,387,5,b
2,1858,1552,1553,4,not_implied_by
2,1859,834,835,15,one
2,1860,79,80,12,not_a
2,1861,968,969,3,a
2,1862,350,351,8,not_or
2,1863,1214,1215,1,and
2,1864,325,326,11,implied_by
2,1865,1965,1966,9,not_xor
2,1866,173,174,14,not_and
2,1867,1678,1679,4,not_implied_by
2,1868,110,111,7,or
2,1869,458,459,13,implies
2,1870,1281,1282,4,not_implied_by
2,1871,1098,1099,12,not_a
2,1872,273,274,9,not_xor
2,1873,1297,1298,1,and
2,1874,1847,1848,13,implies
2,1875,791,792,6,xor
2,1876,737,738,11,implied_by
2,1877,891,892,15,one
2,1878,1759,1760,9,not_xor
2,1879,1465,1466,13,implies
2,1880,411,412,8,not_or
2,1881,1990,1991,12,not_a
2,1882,109,110,7,or
2,1883,1812,1813,7,or
2,1884,740,741,1,and
2,1885,297,298,3,a
2,1886,1326,1327,11,implied_by
2,1887,517,518,6,xor
2,1888,385,386,13,implies
2,1889,250,251,9,not_xor
2,1890,75,76,1,and
2,1891,494,495,0,zero
2,1892,1616,1617,6,xor
2,1893,1805,1806,5,b
2,1894,1382,1383,2,not_implies
2,1895,9,10,2,not_implies
2,1896,246,247,14,not_and
2,1897,1633,1634,10,not_b
2,1898,952,953,5,b
2,1899,1760,1761,11,implied_by
2,1900,839,840,9,not_xor
2,1901,1116,1117,1,and
2,1902,1443,1444,8,not_or
2,1903,1030,1031,14,not_and
2,1904,1939,1940,10,not_b
2,1905,468,469,7,or
2,1906,793,794,8,not_or
2,1907,1156,1157,2,not_implies
2,1908,691,692,12,not_a
2,1909,712,713,3,a
2,1910,1419,1420,12,not_a
2,1911,1977,1978,4,not_implied_by
2,1912,1109,1110,11,implied_by
2,1913,1170,1171,13,implies
2,1914,926,927,1,and
2,1915,1257,1258,10,not_b
2,1916,1625,1626,3,a
2,1917,1057,1058,10,not_b
2,1918,954,955,7,or
2,1919,444,445,13,implies
2,1920,144,145,14,not_and
2,1921,849,850,10,not_b
2,1922,1906,1907,6,xor
2,1923,1534,1535,1,and
2,1924,1694,1695,11,implied_by
2,1925,1159,1160,3,a
2,1926,816,817,11,implied_by
2,1927,1412,1413,0,zero
2,1928,1296,1297,5,b
2,1929,573,574,5,b
2,1930,312,313,5,b
2,1931,72,73,12,not_a
2,1932,492,493,7,or
2,1933,1558,1559,5,b
2,1934,1031,1032,9,not_xor
2,1935,1523,1524,10,not_b
2,1936,811,812,3,a
2,1937,1022,1023,11,implied_by
2,1938,1819,1820,7,or
2,1939,1802,1803,12,not_a
2,1940,1335,1336,5,b
2,1941,377,378,6,xor
2,1942,1362,1363,6,xor
2,1943,1691,1692,10,not_b
2,1944,528,529,7,or
2,1945,595,596,9,not_xor
2,1946,33,34,2,not_implies
2,1947,1357,1358,8,not_or
2,1948,124,125,11,implied_by
2,1949,1892,1893,4,not_implied_by
2,1950,1417,1418,3,a
2,1951,1134,1135,3,a
2,1952,1268,1269,5,b
2,1953,529,530,12,not_a
2,1954,36,37,4,not_implied_by
2,1955,1753,1754,4,not_implied_by
2,1956,1376,1377,6,xor
2,1957,1471,1472,4,not_implied_by
2,1958,1921,1922,3,a
2,1959,156,157,9,not_xor
2,1960,238,239,6,xor
2,1961,526,527,2,not_implies
2,1962,264,265,15,one
2,1963,1323,1324,6,xor
2,1964,562,563,5,b
2,1965,802,803,2,not_implies
2,1966,1963,1964,6,xor
2,1967,1588,1589,4,not_implied_by
2,1968,1954,1955,10,not_b
2,1969,845,846,10,not_b
2,1970,810,811,14,not_and
2,1971,551,552,11,implied_by
2,1972,869,870,13,implies
2,1973,1849,1850,13,implies
2,1974,1652,1653,14,not_and
2,1975,195,196,13,implies
2,1976,1304,1305,12,not_a
2,1977,1001,1002,4,not_implied_by
2,1978,26,27,5,b
2,1979,525,526,10,not_b
2,1980,247,248,13,implies
2,1981,626,627,2,not_implies
2,1982,666,667,13,implies
2,1983,50,51,15,one
2,1984,1125,1126,7,or
2,1985,1287,1288,5,b
2,1986,1561,1562,14,not_and
2,1987,1215,1216,13,implies
2,1988,1503,1504,1,and
2,1989,428,429,11,implied_by
2,1990,1654,1655,15,one
2,1991,1446,1447,9,not_xor
2,1992,268,269,3,a
2,1993,407,408,10,not_b
2,1994,332,333,1,and
2,1995,1894,1895,6,xor
2,1996,748,749,10,not_b
2,1997,1062,1063,12,not_a
2,1998,1548,1549,8,not_or
2,1999,582,583,8,not_or
3,0,1930,1931,8,not_or
3,1,1521,1522,6,xor
3,2,546,547,14,not_and
3,3,1601,1602,7,or
3,4,1761,1762,3,a
3,5,347,348,12,not_a
3,6,639,640,1,and
3,7,877,878,12,not_a
3,8,1832,1833,3,a
3,9,537,538,8,not_or
3,10,1284,1285,9,not_xor
3,11,1903,1904,4,not_implied_by
3,12,209,210,7,or
3,13,937,938,11,implied_by
3,14,1922,1923,11,implied_by
3,15,495,496,1,and
3,16,641,642,0,zero
3,17,638,639,0,zero
3,18,210,211,5,b
3,19,575,576,6,xor
3,20,403,404,6,xor
3,21,381,382,14,not_and
3,22,220,221,1,and
3,23,594,595,5,b
3,24,1815,1816,6,xor
3,25,1685,1686,2,not_implies
3,26,1459,1460,13,implies
3,27,1864,1865,4,not_implied_by
3,28,1066,1067,1,and
3,29,1717,1718,12,not_a
3,30,1970,1971,10,not_b
3,31,665,666,12,not_a
3,32,1032,1033,15,one
3,33,412,413,10,not_b
3,34,772,773,6,xor
3,35,1098,1099,14,not_and
3,36,803,804,6,xor
3,37,241,242,11,implied_by
3,38,288,289,5,b
3,39,298,299,7,or
3,40,1774,1775,15,one
3,41,7,8,15,one
3,42,1101,1102,4,not_implied_by
3,43,430,431,5,b
3,44,1277,1278,4,not_implied_by
3,45,16,17,12,not_a
3,46,688,689,7,or
3,47,1301,1302,5,b
3,48,1932,1933,13,implies
3,49,1564,1565,9,not_xor
3,50,1621,1622,11,implied_by
3,51,1064,1065,3,a
3,52,1431,1432,9,not_xor
3,53,1354,1355,7,or
3,54,886,887,5,b
3,55,490,491,3,a
3,56,1541,1542,0,zero
3,57,1462,1463,10,not_b
3,58,1827,1828,6,xor
3,59,988,989,14,not_and
3,60,1883,1884,4,not_implied_by
3,61,1963,1964,9,not_xor
3,62,1778,1779,1,and
3,63,1987,1988,5,b
3,64,683,684,7,or
3,65,1182,1183,8,not_or
3,66,249,250,13,implies
3,67,1836,1837,15,one
3,68,1013,1014,15,one
3,69,539,540,13,implies
3,70,1762,1763,13,implies
3,71,338,339,13,implies
3,72,659,660,0,zero
3,73,1246,1247,0,zero
3,74,970,971,5,b
3,75,1742,1743,5,b
3,76,502,503,6,xor
3,77,1916,1917,4,not_implied_by
3,78,1861,1862,5,b
3,79,1307,1308,13,implies
3,80,529,530,5,b
3,81,1728,1729,8,not_or
3,82,465,466,12,not_a
3,83,689,690,6,xor
3,84,1795,1796,14,not_and
3,85,564,565,12,not_a
3,86,918,919,4,not_implied_by
3,87,15,16,10,not_b
3,88,1211,1212,10,not_b
3,89,1905,1906,11,implied_by
3,90,311,312,9,not_xor
3,91,1128,1129,8,not_or
3,92,859,860,3,a
3,93,1174,1175,8,not_or
3,94,1308,1309,7,or
3,95,1189,1190,0,zero
3,96,916,917,6,xor
3,97,710,711,11,implied_by
3,98,1364,1365,12,not_a
3,99,121,122,6,xor
3,100,1919,1920,1,and
3,101,900,901,12,not_a
3,102,1481,1482,10,not_b
3,103,200,201,3,a
3,104,1038,1039,3,a
3,105,1155,1156,3,a
3,106,475,476,9,not_xor
3,107,182,183,1,and
3,108,826,827,7,or
3,109,1605,1606,0,zero
3,110,1055,1056,3,a
3,111,1494,1495,10,not_b
3,112,797,798,12,not_a
3,113,1316,1317,6,xor
3,114,1620,1621,10,not_b
3,115,1608,1609,3,a
3,116,364,365,1,and
3,117,755,756,10,not_b
3,118,1613,1614,6,xor
3,119,1483,1484,8,not_or
3,120,335,336,4,not_implied_by
3,121,1852,1853,1,and
3,122,865,866,0,zero
3,123,692,693,9,not_xor
3,124,339,340,4,not_implied_by
3,125,64,65,10,not_b
3,126,59,60,10,not_b
3,127,1478,1479,15,one
3,128,426,427,3,a
3,129,840,841,15,one
3,130,1327,1328,3,a
3,131,48,49,0,zero
3,132,107,108,10,not_b
3,133,906,907,3,a
3,134,698,699,6,xor
3,135,676,677,8,not_or
3,136,1144,1145,11,implied_by
3,137,1112,1113,5,b
3,138,814,815,1,and
3,139,1618,1619,4,not_implied_by
3,140,796,797,13,implies
3,141,1734,1735,15,one
3,142,809,810,10,not_b
3,143,421,422,10,not_b
3,144,1474,1475,3,a
3,145,342,343,4,not_implied_by
3,146,729,730,11,implied_by
3,147,703,704,12,not_a
3,148,1729,1730,1,and
3,149,724,725,7,or
3,150,1578,1579,5,b
3,151,169,170,1,and
3,152,950,951,9,not_xor
3,153,281,282,3,a
3,154,1628,1629,13,implies
3,155,394,395,7,or
3,156,1638,1639,8,not_or
3,157,86,87,5,b
3,158,722,723,0,zero
3,159,691,692,12,not_a
3,160,433,434,13,implies
3,161,1428,1429,7,or
3,162,1392,1393,0,zero
3,163,518,519,9,not_xor
3,164,556,557,10,not_b
3,165,1186,1187,14,not_and
3,166,1271,1272,15,one
3,167,845,846,2,not_implies
3,168,1911,1912,8,not_or
3,169,1254,1255,11,implied_by
3,170,721,722,14,not_and
3,171,273,274,3,a
3,172,1976,1977,2,not_implies
3,173,1497,1498,9,not_xor
3,174,482,483,0,zero
3,175,1435,1436,3,a
3,176,773,774,3,a
3,177,839,840,14,not_and
3,178,1071,1072,0,zero
3,179,1170,1171,5,b
3,180,1446,1447,10,not_b
3,181,1775,1776,5,b
3,182,65,66,9,not_xor
3,183,1572,1573,1,and
3,184,1089,1090,13,implies
3,185,1811,1812,9,not_xor
3,186,1161,1162,5,b
3,187,106,107,14,not_and
3,188,1425,1426,11,implied_by
3,189,1053,1054,2,not_implies
3,190,58,59,9,not_xor
3,191,292,293,3,a
3,192,1826,1827,10,not_b
3,193,397,398,6,xor
3,194,453,454,14,not_and
3,195,525,526,8,not_or
3,196,1747,1748,15,one
3,197,800,801,4,not_implied_by
3,198,1058,1059,15,one
3,199,97,98,3,a
3,200,1718,1719,15,one
3,201,648,649,14,not_and
3,202,632,633,12,not_a
3,203,1006,1007,4,not_implied_by
3,204,592,593,13,implies
3,205,1825,1826,6,xor
3,206,1945,1946,5,b
3,207,1765,1766,3,a
3,208,70,71,3,a
3,209,1093,1094,8,not_or
3,210,596,597,5,b
3,211,733,734,12,not_a
3,212,1872,1873,2,not_implies
3,213,488,489,10,not_b
3,214,736,737,4,not_implied_by
3,215,1181,1182,9,not_xor
3,216,1874,1875,11,implied_by
3,217,715,716,1,and
3,218,1444,1445,6,xor
3,219,1119,1120,9,not_xor
3,220,1797,1798,10,not_b
3,221,526,527,10,not_b
3,222,303,304,15,one
3,223,672,673,5,b
3,224,395,396,9,not_xor
3,225,489,490,12,not_a
3,226,1003,1004,10,not_b
3,227,1918,1919,5,b
3,228,245,246,12,not_a
3,229,1669,1670,11,implied_by
3,230,84,85,10,not_b
3,231,885,886,5,b
3,232,1654,1655,13,implies
3,233,447,448,15,one
3,234,1274,1275,2,not_implies
3,235,499,500,3,a
3,236,1869,1870,3,a
3,237,1300,1301,3,a
3,238,74,75,13,implies
3,239,1551,1552,12,not_a
3,240,265,266,1,and
3,241,652,653,13,implies
3,242,72,73,15,one
3,243,739,740,5,b
3,244,1406,1407,12,not_a
3,245,191,192,1,and
3,246,456,457,1,and
3,247,1873,1874,8,not_or
3,248,345,346,12,not_a
3,249,1104,1105,10,not_b
3,250,1833,1834,13,implies
3,251,872,873,9,not_xor
3,252,765,766,9,not_xor
3,253,1345,1346,3,a
3,254,152,153,9,not_xor
3,255,1796,1797,9,not_xor
3,256,1206,1207,12,not_a
3,257,848,849,8,not_or
3,258,1057,1058,11,implied_by
3,259,602,603,8,not_or
3,260,113,114,3,a
3,261,125,126,15,one
3,262,1007,1008,14,not_and
3,263,1944,1945,1,and
3,264,427,428,10,not_b
3,265,1279,1280,5,b
3,266,793,794,12,not_a
3,267,1824,1825,7,or
3,268,262,263,2,not_implies
3,269,1984,1985,13,implies
3,270,1787,1788,14,not_and
3,271,1676,1677,8,not_or
3,272,1192,1193,11,implied_by
3,273,187,188,9,not_xor
3,274,785,786,15,one
3,275,972,973,14,not_and
3,276,851,852,9,not_xor
3,277,458,459,4,not_implied_by
3,278,1499,1500,3,a
3,279,1633,1634,1,and
3,280,446,447,10,not_b
3,281,153,154,8,not_or
3,282,1863,1864,11,implied_by
3,283,1302,1303,14,not_and
3,284,1402,1403,8,not_or
3,285,1363,1364,11,implied_by
3,286,1846,1847,14,not_and
3,287,33,34,0,zero
3,288,211,212,14,not_and
3,289,1129,1130,10,not_b
3,290,1298,1299,10,not_b
3,291,1197,1198,13,implies
3,292,538,539,0,zero
3,293,1708,1709,4,not_implied_by
3,294,272,273,2,not_implies
3,295,615,616,6,xor
3,296,876,877,10,not_b
3,297,1333,1334,6,xor
3,298,117,118,5,b
3,299,1141,1142,0,zero
3,300,1044,1045,7,or
3,301,205,206,5,b
3,302,1045,1046,14,not_and
3,303,1292,1293,10,not_b
3,304,725,726,10,not_b
3,305,746,747,3,a
3,306,232,233,9,not_xor
3,307,732,733,6,xor
3,308,1283,1284,3,a
3,309,225,226,2,not_implies
3,310,572,573,9,not_xor
3,311,675,676,3,a
3,312,1419,1420,12,not_a
3,313,158,159,1,and
3,314,786,787,12,not_a
3,315,384,385,13,implies
3,316,1677,1678,5,b
3,317,66,67,1,and
3,318,217,218,2,not_implies
3,319,1534,1535,11,implied_by
3,320,437,438,6,xor
3,321,3,4,12,not_a
3,322,1335,1336,9,not_xor
3,323,1893,1894,6,xor
3,324,51,52,12,not_a
3,325,1929,1930,8,not_or
3,326,49,50,15,one
3,327,35,36,14,not_and
3,328,1632,1633,3,a
3,329,1379,1380,12,not_a
3,330,917,918,8,not_or
3,331,223,224,4,not_implied_by
3,332,334,335,9,not_xor
3,333,607,608,13,implies
3,334,1215,1216,4,not_implied_by
3,335,485,486,1,and
3,336,1062,1063,0,zero
3,337,778,779,3,a
3,338,194,195,0,zero
3,339,1907,1908,10,not_b
3,340,115,116,12,not_a
3,341,1212,1213,6,xor
3,342,1731,1732,3,a
3,343,1154,1155,5,b
3,344,867,868,13,implies
3,345,1650,1651,12,not_a
3,346,1744,1745,5,b
3,347,1314,1315,3,a
3,348,466,467,12,not_a
3,349,318,319,5,b
3,350,1390,1391,3,a
3,351,1083,1084,15,one
3,352,11,12,4,not_implied_by
3,353,196,197,11,implied_by
3,354,747,748,0,zero
3,355,1514,1515,5,b
3,356,1133,1134,5,b
3,357,1973,1974,10,not_b
3,358,1281,1282,1,and
3,359,940,941,10,not_b
3,360,467,468,3,a
3,361,898,899,0,zero
3,362,956,957,13,implies
3,363,244,245,2,not_implies
3,364,1635,1636,8,not_or
3,365,348,349,12,not_a
3,366,901,902,10,not_b
3,367,1928,1929,10,not_b
3,368,612,613,3,a
3,369,1934,1935,7,or
3,370,333,334,4,not_implied_by
3,371,1400,1401,14,not_and
3,372,307,308,10,not_b
3,373,1198,1199,7,or
3,374,165,166,13,implies
3,375,1171,1172,3,a
3,376,1115,1116,2,not_implies
3,377,1175,1176,10,not_b
3,378,1528,1529,2,not_implies
3,379,1657,1658,10,not_b
3,380,1408,1409,9,not_xor
3,381,1223,1224,14,not_and
3,382,1764,1765,3,a
3,383,1746,1747,9,not_xor
3,384,380,381,11,implied_by
3,385,1409,1410,4,not_implied_by
3,386,1587,1588,6,xor
3,387,1270,1271,15,one
3,388,1162,1163,7,or
3,389,854,855,5,b
3,390,743,744,6,xor
3,391,807,808,3,a
3,392,1046,1047,13,implies
3,393,1575,1576,13,implies
3,394,811,812,5,b
3,395,1662,1663,5,b
3,396,994,995,6,xor
3,397,322,323,5,b
3,398,1850,1851,10,not_b
3,399,961,962,3,a
3,400,1272,1273,1,and
3,401,278,279,4,not_implied_by
3,402,1586,1587,14,not_and
3,403,601,602,15,one
3,404,1559,1560,5,b
3,405,1482,1483,12,not_a
3,406,1614,1615,4,not_implied_by
3,407,441,442,8,not_or
3,408,105,106,14,not_and
3,409,1378,1379,11,implied_by
3,410,1496,1497,8,not_or
3,411,435,436,15,one
3,412,1232,1233,10,not_b
3,413,1854,1855,3,a
3,414,1994,1995,10,not_b
3,415,327,328,11,implied_by
3,416,1385,1386,15,one
3,417,1672,1673,5,b
3,418,1187,1188,3,a
3,419,1504,1505,9,not_xor
3,420,171,172,12,not_a
3,421,1265,1266,12,not_a
3,422,1213,1214,5,b
3,423,1169,1170,9,not_xor
3,424,1420,1421,14,not_and
3,425,1763,1764,12,not_a
3,426,507,508,10,not_b
3,427,277,278,2,not_implies
3,428,1149,1150,6,xor
3,429,1313,1314,3,a
3,430,631,632,8,not_or
3,431,1125,1126,3,a
3,432,742,743,7,or
3,433,82,83,9,not_xor
3,434,379,380,15,one
3,435,1527,1528,11,implied_by
3,436,977,978,15,one
3,437,919,920,11,implied_by
3,438,40,41,5,b
3,439,858,859,10,not_b
3,440,1954,1955,8,not_or
3,441,1295,1296,8,not_or
3,442,1752,1753,11,implied_by
3,443,50,51,13,implies
3,444,1461,1462,7,or
3,445,1522,1523,1,and
3,446,1546,1547,9,not_xor
3,447,1568,1569,7,or
3,448,1158,1159,8,not_or
3,449,1339,1340,12,not_a
3,450,1531,1532,5,b
3,451,1604,1605,10,not_b
3,452,173,174,4,not_implied_by
3,453,32,33,12,not_a
3,454,1464,1465,2,not_implies
3,455,921,922,10,not_b
3,456,1706,1707,8,not_or
3,457,819,820,13,implies
3,458,1661,1662,5,b
3,459,762,763,10,not_b
3,460,523,524,3,a
3,461,1269,1270,3,a
3,462,202,203,5,b
3,463,1766,1767,2,not_implies
3,464,1894,1895,13,implies
3,465,13,14,6,xor
3,466,1700,1701,7,or
3,467,1670,1671,7,or
3,468,1289,1290,6,xor
3,469,555,556,4,not_implied_by
3,470,1644,1645,3,a
3,471,373,374,3,a
3,472,1165,1166,1,and
3,473,234,235,8,not_or
3,474,1909,1910,3,a
3,475,188,189,0,zero
3,476,767,768,3,a
3,477,764,765,6,xor
3,478,1375,1376,6,xor
3,479,1228,1229,10,not_b
3,480,958,959,7,or
3,481,1828,1829,1,and
3,482,1097,1098,12,not_a
3,483,758,759,12,not_a
3,484,91,92,12,not_a
3,485,98,99,5,b
3,486,140,141,13,implies
3,487,1596,1597,4,not_implied_by
3,488,799,800,3,a
3,489,111,112,12,not_a
3,490,835,836,5,b
3,491,1733,1734,4,not_implied_by
3,492,1585,1586,11,implied_by
3,493,887,888,15,one
3,494,636,637,7,or
3,495,1816,1817,15,one
3,496,781,782,10,not_b
3,497,1884,1885,2,not_implies
3,498,560,561,6,xor
3,499,1079,1080,5,b
3,500,989,990,13,implies
3,501,1296,1297,1,and
3,502,1356,1357,4,not_implied_by
3,503,2,3,3,a
3,504,542,543,9,not_xor
3,505,1210,1211,15,one
3,506,114,115,6,xor
3,507,1362,1363,11,implied_by
3,508,1091,1092,1,and
3,509,986,987,3,a
3,510,455,456,2,not_implies
3,511,576,577,13,implies
3,512,975,976,4,not_implied_by
3,513,1948,1949,11,implied_by
3,514,21,22,3,a
3,515,1799,1800,13,implies
3,516,1668,1669,3,a
3,517,180,181,5,b
3,518,1127,1128,11,implied_by
3,519,501,502,12,not_a
3,520,696,697,1,and
3,521,1910,1911,9,not_xor
3,522,1095,1096,2,not_implies
3,523,941,942,12,not_a
3,524,1977,1978,2,not_implies
3,525,563,564,6,xor
3,526,291,292,13,implies
3,527,491,492,7,or
3,528,167,168,14,not_and
3,529,1015,1016,7,or
3,530,116,117,12,not_a
3,531,104,105,10,not_b
3,532,260,261,10,not_b
3,533,1612,1613,10,not_b
3,534,1426,1427,10,not_b
3,535,310,311,11,implied_by
3,536,533,534,13,implies
3,537,1173,1174,10,not_b
3,538,1582,1583,1,and
3,539,486,487,1,and
3,540,1588,1589,3,a
3,541,83,84,1,and
3,542,135,136,3,a
3,543,1537,1538,3,a
3,544,805,806,3,a
3,545,1492,1493,0,zero
3,546,222,223,12,not_a
3,547,1553,1554,7,or
3,548,1320,1321,3,a
3,549,1243,1244,10,not_b
3,550,163,164,5,b
3,551,1923,1924,12,not_a
3,552,981,982,7,or
3,553,613,614,4,not_implied_by
3,554,834,835,0,zero
3,555,450,451,2,not_implies
3,556,825,826,9,not_xor
3,557,361,362,8,not_or
3,558,700,701,1,and
3,559,816,817,14,not_and
3,560,336,337,4,not_implied_by
3,561,547,548,13,implies
3,562,1680,1681,1,and
3,563,1000,1001,15,one
3,564,682,683,5,b
3,565,932,933,0,zero
3,566,684,685,3,a
3,567,1636,1637,13,implies
3,568,248,249,3,a
3,569,727,728,3,a
3,570,1804,1805,12,not_a
3,571,1502,1503,15,one
3,572,1023,1024,2,not_implies
3,573,1609,1610,5,b
3,574,1024,1025,8,not_or
3,575,1273,1274,2,not_implies
3,576,14,15,7,or
3,577,1429,1430,9,not_xor
3,578,1012,1013,10,not_b
3,579,574,575,5,b
3,580,506,507,1,and
3,581,1371,1372,15,one
3,582,1782,1783,13,implies
3,583,1132,1133,11,implied_by
3,584,1526,1527,12,not_a
3,585,186,187,6,xor
3,586,990,991,7,or
3,587,368,369,7,or
3,588,1070,1071,8,not_or
3,589,1358,1359,15,one
3,590,1329,1330,10,not_b
3,591,593,594,9,not_xor
3,592,1225,1226,8,not_or
3,593,1581,1582,5,b
3,594,1523,1524,6,xor
3,595,1860,1861,9,not_xor
3,596,926,927,4,not_implied_by
3,597,1659,1660,0,zero
3,598,927,928,3,a
3,599,531,532,8,not_or
3,600,1328,1329,6,xor
3,601,949,950,10,not_b
3,602,550,551,5,b
3,603,1849,1850,8,not_or
3,604,522,523,3,a
3,605,1716,1717,9,not_xor
3,606,646,647,11,implied_by
3,607,1080,1081,8,not_or
3,608,1450,1451,7,or
3,609,477,478,6,xor
3,610,1282,1283,15,one
3,611,717,718,4,not_implied_by
3,612,1398,1399,2,not_implies
3,613,1256,1257,2,not_implies
3,614,1892,1893,2,not_implies
3,615,1777,1778,4,not_implied_by
3,616,1231,1232,1,and
3,617,1924,1925,15,one
3,618,1391,1392,5,b
3,619,963,964,5,b
3,620,1359,1360,6,xor
3,621,685,686,11,implied_by
3,622,1876,1877,6,xor
3,623,9,10,5,b
3,624,1205,1206,6,xor
3,625,1598,1599,15,one
3,626,681,682,9,not_xor
3,627,991,992,11,implied_by
3,628,388,389,3,a
3,629,1943,1944,6,xor
3,630,1536,1537,13,implies
3,631,780,781,3,a
3,632,5,6,13,implies
3,633,494,495,0,zero
3,634,623,624,0,zero
3,635,589,590,6,xor
3,636,605,606,7,or
3,637,1245,1246,9,not_xor
3,638,1753,1754,3,a
3,639,1278,1279,5,b
3,640,276,277,0,zero
3,641,1990,1991,9,not_xor
3,642,1968,1969,0,zero
3,643,207,208,2,not_implies
3,644,579,580,2,not_implies
3,645,57,58,1,and
3,646,1705,1706,9,not_xor
3,647,406,407,7,or
3,648,1557,1558,3,a
3,649,1648,1649,6,xor
3,650,777,778,7,or
3,651,1366,1367,3,a
3,652,471,472,10,not_b
3,653,143,144,11,implied_by
3,654,590,591,1,and
3,655,1257,1258,4,not_implied_by
3,656,1434,1435,13,implies
3,657,407,408,8,not_or
3,658,469,470,5,b
3,659,1139,1140,3,a
3,660,853,854,7,or
3,661,873,874,12,not_a
3,662,159,160,15,one
3,663,1207,1208,0,zero
3,664,1642,1643,10,not_b
3,665,1090,1091,14,not_and
3,666,1913,1914,5,b
3,667,1535,1536,10,not_b
3,668,1357,1358,6,xor
3,669,687,688,9,not_xor
3,670,56,57,8,not_or
3,671,470,471,11,implied_by
3,672,452,453,7,or
3,673,154,155,10,not_b
3,674,68,69,3,a
3,675,1422,1423,9,not_xor
3,676,41,42,11,implied_by
3,677,1036,1037,8,not_or
3,678,1088,1089,1,and
3,679,622,623,5,b
3,680,1886,1887,12,not_a
3,681,320,321,11,implied_by
3,682,1061,1062,15,one
3,683,246,247,14,not_and
3,684,1204,1205,3,a
3,685,1113,1114,5,b
3,686,414,415,7,or
3,687,175,176,2,not_implies
3,688,944,945,15,one
3,689,802,803,2,not_implies
3,690,90,91,10,not_b
3,691,1485,1486,5,b
3,692,712,713,6,xor
3,693,530,531,10,not_b
3,694,358,359,1,and
3,695,934,935,2,not_implies
3,696,1785,1786,5,b
3,697,595,596,0,zero
3,698,1001,1002,15,one
3,699,933,934,10,not_b
3,700,239,240,15,one
3,701,904,905,4,not_implied_by
3,702,1188,1189,9,not_xor
3,703,1960,1961,10,not_b
3,704,103,104,6,xor
3,705,1107,1108,2,not_implies
3,706,1600,1601,0,zero
3,707,832,833,9,not_xor
3,708,1085,1086,11,implied_by
3,709,459,460,3,a
3,710,1692,1693,8,not_or
3,711,150,151,5,b
3,712,251,252,8,not_or
3,713,649,650,5,b
3,714,1437,1438,6,xor
3,715,1583,1584,7,or
3,716,1069,1070,8,not_or
3,717,983,984,13,implies
3,718,127,128,7,or
3,719,1865,1866,6,xor
3,720,1674,1675,5,b
3,721,1103,1104,0,zero
3,722,374,375,9,not_xor
3,723,92,93,3,a
3,724,1486,1487,8,not_or
3,725,544,545,7,or
3,726,1898,1899,0,zero
3,727,1322,1323,12,not_a
3,728,1683,1684,9,not_xor
3,729,1487,1488,0,zero
3,730,1022,1023,7,or
3,731,524,525,15,one
3,732,164,165,3,a
3,733,861,862,3,a
3,734,304,305,10,not_b
3,735,61,62,6,xor
3,736,606,607,3,a
3,737,79,80,3,a
3,738,63,64,3,a
3,739,584,585,8,not_or
3,740,720,721,0,zero
3,741,363,364,7,or
3,742,1447,1448,4,not_implied_by
3,743,1780,1781,10,not_b
3,744,203,204,0,zero
3,745,965,966,2,not_implies
3,746,1473,1474,4,not_implied_by
3,747,673,674,11,implied_by
3,748,1589,1590,6,xor
3,749,1715,1716,11,implied_by
3,750,1890,1891,6,xor
3,751,1887,1888,10,not_b
3,752,1209,1210,3,a
3,753,1403,1404,13,implies
3,754,716,717,14,not_and
3,755,1122,1123,2,not_implies
3,756,643,644,3,a
3,757,124,125,14,not_and
3,758,1421,1422,6,xor
3,759,1626,1627,3,a
3,760,236,237,1,and
3,761,1759,1760,0,zero
3,762,1951,1952,5,b
3,763,609,610,12,not_a
3,764,1255,1256,2,not_implies
3,765,1074,1075,10,not_b
3,766,830,831,15,one
3,767,1266,1267,2,not_implies
3,768,481,482,0,zero
3,769,468,469,3,a
3,770,512,513,7,or
3,771,1926,1927,14,not_and
3,772,1294,1295,0,zero
3,773,1655,1656,7,or
3,774,511,512,3,a
3,775,620,621,0,zero
3,776,697,698,9,not_xor
3,777,439,440,12,not_a
3,778,551,552,2,not_implies
3,779,80,81,8,not_or
3,780,409,410,0,zero
3,781,1726,1727,3,a
3,782,1120,1121,5,b
3,783,1111,1112,6,xor
3,784,1784,1785,11,implied_by
3,785,1159,1160,14,not_and
3,786,332,333,9,not_xor
3,787,1381,1382,12,not_a
3,788,275,276,7,or
3,789,1305,1306,8,not_or
3,790,1002,1003,0,zero
3,791,1267,1268,12,not_a
3,792,1931,1932,12,not_a
3,793,95,96,9,not_xor
3,794,626,627,15,one
3,795,301,302,4,not_implied_by
3,796,1143,1144,10,not_b
3,797,31,32,8,not_or
3,798,1214,1215,4,not_implied_by
3,799,582,583,7,or
3,800,1460,1461,5,b
3,801,1688,1689,10,not_b
3,802,45,46,15,one
3,803,701,702,13,implies
3,804,942,943,6,xor
3,805,1981,1982,8,not_or
3,806,891,892,14,not_and
3,807,726,727,0,zero
3,808,1275,1276,13,implies
3,809,660,661,1,and
3,810,233,234,1,and
3,811,1835,1836,3,a
3,812,955,956,14,not_and
3,813,1967,1968,4,not_implied_by
3,814,1599,1600,15,one
3,815,1384,1385,7,or
3,816,1988,1989,5,b
3,817,1025,1026,12,not_a
3,818,1239,1240,6,xor
3,819,1004,1005,3,a
3,820,1533,1534,12,not_a
3,821,1312,1313,12,not_a
3,822,1439,1440,12,not_a
3,823,1540,1541,15,one
3,824,255,256,6,xor
3,825,909,910,6,xor
3,826,957,958,0,zero
3,827,804,805,8,not_or
3,828,240,241,13,implies
3,829,1352,1353,2,not_implies
3,830,1360,1361,6,xor
3,831,808,809,5,b
3,832,1792,1793,0,zero
3,833,460,461,6,xor
3,834,314,315,5,b
3,835,1823,1824,1,and
3,836,1414,1415,2,not_implies
3,837,1933,1934,12,not_a
3,838,219,220,4,not_implied_by
3,839,661,662,6,xor
3,840,1693,1694,7,or
3,841,419,420,3,a
3,842,305,306,15,one
3,843,1544,1545,11,implied_by
3,844,1921,1922,5,b
3,845,393,394,1,and
3,846,1121,1122,6,xor
3,847,1495,1496,4,not_implied_by
3,848,1242,1243,15,one
3,849,1241,1242,3,a
3,850,984,985,10,not_b
3,851,1851,1852,15,one
3,852,354,355,5,b
3,853,527,528,12,not_a
3,854,213,214,6,xor
3,855,1105,1106,2,not_implies
3,856,1453,1454,10,not_b
3,857,1293,1294,3,a
3,858,26,27,15,one
3,859,1349,1350,3,a
3,860,1949,1950,11,implied_by
3,861,1619,1620,3,a
3,862,738,739,4,not_implied_by
3,863,425,426,6,xor
3,864,1719,1720,12,not_a
3,865,145,146,8,not_or
3,866,157,158,12,not_a
3,867,1627,1628,8,not_or
3,868,1664,1665,13,implies
3,869,1039,1040,14,not_and
3,870,737,738,5,b
3,871,540,541,5,b
3,872,1993,1994,6,xor
3,873,1939,1940,3,a
3,874,1166,1167,2,not_implies
3,875,860,861,4,not_implied_by
3,876,561,562,9,not_xor
3,877,728,729,14,not_and
3,878,577,578,5,b
3,879,1875,1876,10,not_b
3,880,1748,1749,6,xor
3,881,1348,1349,5,b
3,882,1891,1892,7,or
3,883,18,19,3,a
3,884,1532,1533,11,implied_by
3,885,375,376,14,not_and
3,886,656,657,9,not_xor
3,887,1711,1712,0,zero
3,888,128,129,4,not_implied_by
3,889,1840,1841,3,a
3,890,998,999,12,not_a
3,891,571,572,3,a
3,892,1285,1286,10,not_b
3,893,775,776,0,zero
3,894,568,569,9,not_xor
3,895,312,313,7,or
3,896,1592,1593,12,not_a
3,897,674,675,5,b
3,898,1982,1983,5,b
3,899,892,893,13,implies
3,900,1361,1362,15,one
3,901,1660,1661,0,zero
3,902,833,834,5,b
3,903,1016,1017,9,not_xor
3,904,315,316,2,not_implies
3,905,611,612,5,b
3,906,1839,1840,2,not_implies
3,907,635,636,15,one
3,908,176,177,11,implied_by
3,909,81,82,14,not_and
3,910,651,652,3,a
3,911,1678,1679,13,implies
3,912,1736,1737,11,implied_by
3,913,1306,1307,9,not_xor
3,914,952,953,4,not_implied_by
3,915,1177,1178,9,not_xor
3,916,514,515,13,implies
3,917,496,497,2,not_implies
3,918,1703,1704,12,not_a
3,919,569,570,9,not_xor
3,920,1489,1490,15,one
3,921,520,521,3,a
3,922,1134,1135,12,not_a
3,923,1201,1202,1,and
3,924,1848,1849,10,not_b
3,925,1118,1119,3,a
3,926,101,102,0,zero
3,927,1102,1103,5,b
3,928,1183,1184,10,not_b
3,929,1991,1992,3,a
3,930,1077,1078,0,zero
3,931,1260,1261,6,xor
3,932,122,123,10,not_b
3,933,1565,1566,12,not_a
3,934,6,7,10,not_b
3,935,768,769,9,not_xor
3,936,19,20,15,one
3,937,1509,1510,10,not_b
3,938,226,227,4,not_implied_by
3,939,766,767,5,b
3,940,985,986,6,xor
3,941,1915,1916,10,not_b
3,942,1226,1227,4,not_implied_by
3,943,1440,1441,12,not_a
3,944,360,361,0,zero
3,945,1303,1304,0,zero
3,946,628,629,9,not_xor
3,947,1663,1664,1,and
3,948,483,484,14,not_and
3,949,264,265,8,not_or
3,950,12,13,13,implies
3,951,1319,1320,1,and
3,952,461,462,12,not_a
3,953,484,485,6,xor
3,954,36,37,9,not_xor
3,955,1184,1185,4,not_implied_by
3,956,1317,1318,6,xor
3,957,1377,1378,7,or
3,958,578,579,10,not_b
3,959,745,746,5,b
3,960,4,5,0,zero
3,961,1896,1897,12,not_a
3,962,464,465,10,not_b
3,963,136,137,1,and
3,964,473,474,3,a
3,965,1180,1181,1,and
3,966,837,838,12,not_a
3,967,155,156,15,one
3,968,1376,1377,10,not_b
3,969,1026,1027,5,b
3,970,386,387,2,not_implies
3,971,449,450,4,not_implied_by
3,972,545,546,0,zero
3,973,896,897,5,b
3,974,75,76,11,implied_by
3,975,890,891,10,not_b
3,976,1667,1668,5,b
3,977,1087,1088,8,not_or
3,978,1100,1101,5,b
3,979,1168,1169,10,not_b
3,980,20,21,13,implies
3,981,824,825,7,or
3,982,366,367,0,zero
3,983,1452,1453,12,not_a
3,984,1927,1928,5,b
3,985,1542,1543,11,implied_by
3,986,1138,1139,11,implied_by
3,987,1845,1846,10,not_b
3,988,1029,1030,1,and
3,989,392,393,8,not_or
3,990,1781,1782,1,and
3,991,1449,1450,4,not_implied_by
3,992,1783,1784,5,b
3,993,1153,1154,5,b
3,994,206,207,12,not_a
3,995,973,974,10,not_b
3,996,1323,1324,11,implied_by
3,997,1418,1419,2,not_implies
3,998,1682,1683,1,and
3,999,1904,1905,1,and
3,1000,1394,1395,0,zero
3,1001,1789,1790,2,not_implies
3,1002,1651,1652,12,not_a
3,1003,1980,1981,7,or
3,1004,1983,1984,13,implies
3,1005,313,314,1,and
3,1006,1047,1048,5,b
3,1007,1925,1926,15,one
3,1008,316,317,15,one
3,1009,1563,1564,2,not_implies
3,1010,420,421,5,b
3,1011,195,196,2,not_implies
3,1012,17,18,11,implied_by
3,1013,257,258,3,a
3,1014,1476,1477,3,a
3,1015,1584,1585,13,implies
3,1016,1157,1158,6,xor
3,1017,1096,1097,15,one
3,1018,922,923,7,or
3,1019,694,695,5,b
3,1020,296,297,10,not_b
3,1021,1730,1731,5,b
3,1022,879,880,6,xor
3,1023,929,930,9,not_xor
3,1024,1441,1442,6,xor
3,1025,713,714,7,or
3,1026,1617,1618,8,not_or
3,1027,884,885,8,not_or
3,1028,1798,1799,5,b
3,1029,428,429,7,or
3,1030,1438,1439,1,and
3,1031,1005,1006,2,not_implies
3,1032,1844,1845,5,b
3,1033,1714,1715,6,xor
3,1034,893,894,12,not_a
3,1035,1920,1921,3,a
3,1036,852,853,10,not_b
3,1037,939,940,7,or
3,1038,1114,1115,14,not_and
3,1039,899,900,2,not_implies
3,1040,1964,1965,4,not_implied_by
3,1041,337,338,5,b
3,1042,1597,1598,4,not_implied_by
3,1043,172,173,8,not_or
3,1044,1386,1387,2,not_implies
3,1045,1351,1352,2,not_implies
3,1046,1707,1708,7,or
3,1047,1021,1022,12,not_a
3,1048,1500,1501,2,not_implies
3,1049,1770,1771,11,implied_by
3,1050,714,715,3,a
3,1051,581,582,0,zero
3,1052,1622,1623,3,a
3,1053,1698,1699,3,a
3,1054,1545,1546,3,a
3,1055,1051,1052,14,not_and
3,1056,709,710,3,a
3,1057,279,280,5,b
3,1058,1666,1667,8,not_or
3,1059,1870,1871,1,and
3,1060,1106,1107,9,not_xor
3,1061,903,904,7,or
3,1062,1167,1168,7,or
3,1063,1142,1143,5,b
3,1064,971,972,12,not_a
3,1065,528,529,8,not_or
3,1066,1773,1774,8,not_or
3,1067,1488,1489,10,not_b
3,1068,1463,1464,10,not_b
3,1069,1399,1400,5,b
3,1070,1251,1252,2,not_implies
3,1071,218,219,2,not_implies
3,1072,1249,1250,1,and
3,1073,562,563,2,not_implies
3,1074,1723,1724,1,and
3,1075,1123,1124,9,not_xor
3,1076,508,509,3,a
3,1077,1248,1249,4,not_implied_by
3,1078,1318,1319,11,implied_by
3,1079,1334,1335,0,zero
3,1080,915,916,4,not_implied_by
3,1081,290,291,8,not_or
3,1082,629,630,3,a
3,1083,149,150,8,not_or
3,1084,208,209,9,not_xor
3,1085,1937,1938,12,not_a
3,1086,67,68,15,one
3,1087,197,198,3,a
3,1088,178,179,15,one
3,1089,1647,1648,11,implied_by
3,1090,432,433,6,xor
3,1091,282,283,7,or
3,1092,910,911,1,and
3,1093,980,981,10,not_b
3,1094,1493,1494,9,not_xor
3,1095,1952,1953,14,not_and
3,1096,378,379,6,xor
3,1097,751,752,15,one
3,1098,1558,1559,11,implied_by
3,1099,1790,1791,8,not_or
3,1100,170,171,9,not_xor
3,1101,235,236,13,implies
3,1102,936,937,11,implied_by
3,1103,1433,1434,2,not_implies
3,1104,177,178,12,not_a
3,1105,880,881,5,b
3,1106,987,988,15,one
3,1107,1337,1338,13,implies
3,1108,1975,1976,10,not_b
3,1109,573,574,13,implies
3,1110,902,903,13,implies
3,1111,1880,1881,5,b
3,1112,1749,1750,11,implied_by
3,1113,1445,1446,3,a
3,1114,1550,1551,7,or
3,1115,1900,1901,15,one
3,1116,1603,1604,3,a
3,1117,1580,1581,10,not_b
3,1118,1250,1251,2,not_implies
3,1119,1117,1118,8,not_or
3,1120,138,139,6,xor
3,1121,1353,1354,5,b
3,1122,451,452,12,not_a
3,1123,655,656,1,and
3,1124,1897,1898,0,zero
3,1125,931,932,12,not_a
3,1126,505,506,12,not_a
3,1127,1311,1312,6,xor
3,1128,1258,1259,4,not_implied_by
3,1129,1779,1780,1,and
3,1130,1562,1563,9,not_xor
3,1131,1040,1041,13,implies
3,1132,1525,1526,7,or
3,1133,1199,1200,3,a
3,1134,295,296,14,not_and
3,1135,28,29,5,b
3,1136,1829,1830,9,not_xor
3,1137,535,536,6,xor
3,1138,55,56,11,implied_by
3,1139,790,791,6,xor
3,1140,1240,1241,10,not_b
3,1141,565,566,5,b
3,1142,1686,1687,8,not_or
3,1143,270,271,15,one
3,1144,1866,1867,1,and
3,1145,73,74,1,and
3,1146,1297,1298,12,not_a
3,1147,1791,1792,2,not_implies
3,1148,1202,1203,7,or
3,1149,1576,1577,13,implies
3,1150,1324,1325,10,not_b
3,1151,1935,1936,3,a
3,1152,1814,1815,12,not_a
3,1153,352,353,13,implies
3,1154,1936,1937,15,one
3,1155,212,213,1,and
3,1156,78,79,6,xor
3,1157,324,325,3,a
3,1158,625,626,8,not_or
3,1159,1643,1644,10,not_b
3,1160,162,163,7,or
3,1161,1838,1839,3,a
3,1162,1817,1818,2,not_implies
3,1163,371,372,15,one
3,1164,1867,1868,8,not_or
3,1165,1380,1381,14,not_and
3,1166,1290,1291,2,not_implies
3,1167,979,980,12,not_a
3,1168,1750,1751,12,not_a
3,1169,1737,1738,5,b
3,1170,252,253,3,a
3,1171,438,439,6,xor
3,1172,1081,1082,13,implies
3,1173,263,264,4,not_implied_by
3,1174,587,588,10,not_b
3,1175,1794,1795,9,not_xor
3,1176,1998,1999,10,not_b
3,1177,1009,1010,13,implies
3,1178,1665,1666,1,and
3,1179,770,771,4,not_implied_by
3,1180,1372,1373,1,and
3,1181,476,477,4,not_implied_by
3,1182,1411,1412,14,not_and
3,1183,1577,1578,9,not_xor
3,1184,168,169,15,one
3,1185,493,494,7,or
3,1186,559,560,6,xor
3,1187,398,399,8,not_or
3,1188,549,550,3,a
3,1189,231,232,2,not_implies
3,1190,1343,1344,3,a
3,1191,405,406,10,not_b
3,1192,870,871,9,not_xor
3,1193,259,260,10,not_b
3,1194,1050,1051,1,and
3,1195,144,145,5,b
3,1196,874,875,10,not_b
3,1197,642,643,5,b
3,1198,355,356,9,not_xor
3,1199,480,481,8,not_or
3,1200,1917,1918,12,not_a
3,1201,1543,1544,4,not_implied_by
3,1202,1185,1186,4,not_implied_by
3,1203,383,384,3,a
3,1204,1625,1626,10,not_b
3,1205,1458,1459,14,not_and
3,1206,855,856,9,not_xor
3,1207,1287,1288,14,not_and
3,1208,1760,1761,13,implies
3,1209,359,360,6,xor
3,1210,1216,1217,11,implied_by
3,1211,978,979,0,zero
3,1212,664,665,5,b
3,1213,1368,1369,3,a
3,1214,997,998,3,a
3,1215,1383,1384,3,a
3,1216,1224,1225,1,and
3,1217,62,63,14,not_and
3,1218,415,416,10,not_b
3,1219,1465,1466,5,b
3,1220,1806,1807,10,not_b
3,1221,1745,1746,12,not_a
3,1222,1094,1095,6,xor
3,1223,1028,1029,4,not_implied_by
3,1224,614,615,4,not_implied_by
3,1225,844,845,4,not_implied_by
3,1226,1995,1996,5,b
3,1227,306,307,14,not_and
3,1228,1033,1034,9,not_xor
3,1229,1416,1417,12,not_a
3,1230,846,847,5,b
3,1231,1220,1221,10,not_b
3,1232,1805,1806,8,not_or
3,1233,1172,1173,15,one
3,1234,913,914,12,not_a
3,1235,553,554,11,implied_by
3,1236,1230,1231,10,not_b
3,1237,1179,1180,3,a
3,1238,317,318,1,and
3,1239,497,498,1,and
3,1240,96,97,13,implies
3,1241,948,949,2,not_implies
3,1242,1739,1740,4,not_implied_by
3,1243,1868,1869,6,xor
3,1244,789,790,8,not_or
3,1245,1813,1814,9,not_xor
3,1246,179,180,11,implied_by
3,1247,1221,1222,1,and
3,1248,847,848,11,implied_by
3,1249,748,749,15,one
3,1250,353,354,7,or
3,1251,1355,1356,9,not_xor
3,1252,671,672,9,not_xor
3,1253,76,77,0,zero
3,1254,1941,1942,9,not_xor
3,1255,1639,1640,6,xor
3,1256,1010,1011,0,zero
3,1257,1574,1575,14,not_and
3,1258,1178,1179,12,not_a
3,1259,1247,1248,10,not_b
3,1260,1054,1055,0,zero
3,1261,1471,1472,8,not_or
3,1262,1227,1228,10,not_b
3,1263,1561,1562,15,one
3,1264,1519,1520,4,not_implied_by
3,1265,1448,1449,12,not_a
3,1266,1679,1680,13,implies
3,1267,1992,1993,6,xor
3,1268,1529,1530,12,not_a
3,1269,1330,1331,11,implied_by
3,1270,960,961,1,and
3,1271,1075,1076,9,not_xor
3,1272,1244,1245,10,not_b
3,1273,492,493,12,not_a
3,1274,30,31,9,not_xor
3,1275,1800,1801,13,implies
3,1276,1510,1511,5,b
3,1277,1401,1402,3,a
3,1278,330,331,7,or
3,1279,396,397,1,and
3,1280,1443,1444,12,not_a
3,1281,130,131,6,xor
3,1282,299,300,13,implies
3,1283,749,750,14,not_and
3,1284,1291,1292,9,not_xor
3,1285,504,505,10,not_b
3,1286,1938,1939,6,xor
3,1287,608,609,13,implies
3,1288,109,110,6,xor
3,1289,532,533,15,one
3,1290,1520,1521,11,implied_by
3,1291,653,654,3,a
3,1292,401,402,15,one
3,1293,634,635,6,xor
3,1294,1082,1083,14,not_and
3,1295,600,601,4,not_implied_by
3,1296,1424,1425,6,xor
3,1297,463,464,6,xor
3,1298,1953,1954,7,or
3,1299,670,671,5,b
3,1300,1882,1883,12,not_a
3,1301,753,754,9,not_xor
3,1302,792,793,9,not_xor
3,1303,1610,1611,12,not_a
3,1304,1758,1759,5,b
3,1305,662,663,6,xor
3,1306,627,628,5,b
3,1307,1649,1650,9,not_xor
3,1308,269,270,6,xor
3,1309,1332,1333,15,one
3,1310,945,946,15,one
3,1311,376,377,10,not_b
3,1312,329,330,10,not_b
3,1313,1193,1194,1,and
3,1314,1946,1947,6,xor
3,1315,1914,1915,0,zero
3,1316,52,53,13,implies
3,1317,558,559,5,b
3,1318,827,828,8,not_or
3,1319,331,332,7,or
3,1320,1966,1967,5,b
3,1321,0,1,6,xor
3,1322,1346,1347,8,not_or
3,1323,1014,1015,14,not_and
3,1324,822,823,10,not_b
3,1325,102,103,13,implies
3,1326,1971,1972,5,b
3,1327,510,511,11,implied_by
3,1328,1793,1794,1,and
3,1329,866,867,6,xor
3,1330,1552,1553,3,a
3,1331,871,872,3,a
3,1332,60,61,15,one
3,1333,1196,1197,11,implied_by
3,1334,806,807,8,not_or
3,1335,1018,1019,3,a
3,1336,1475,1476,5,b
3,1337,534,535,5,b
3,1338,1724,1725,6,xor
3,1339,1451,1452,15,one
3,1340,969,970,3,a
3,1341,44,45,4,not_implied_by
3,1342,1140,1141,11,implied_by
3,1343,823,824,11,implied_by
3,1344,1771,1772,8,not_or
3,1345,89,90,0,zero
3,1346,297,298,12,not_a
3,1347,911,912,10,not_b
3,1348,1234,1235,12,not_a
3,1349,1889,1890,6,xor
3,1350,229,230,5,b
3,1351,1503,1504,1,and
3,1352,1548,1549,8,not_or
3,1353,440,441,1,and
3,1354,868,869,12,not_a
3,1355,1203,1204,14,not_and
3,1356,1116,1117,7,or
3,1357,271,272,9,not_xor
3,1358,237,238,5,b
3,1359,214,215,1,and
3,1360,1709,1710,6,xor
3,1361,1704,1705,6,xor
3,1362,1501,1502,15,one
3,1363,1417,1418,6,xor
3,1364,266,267,14,not_and
3,1365,1772,1773,7,or
3,1366,1901,1902,13,implies
3,1367,390,391,12,not_a
3,1368,77,78,3,a
3,1369,1235,1236,4,not_implied_by
3,1370,1885,1886,2,not_implies
3,1371,666,667,3,a
3,1372,821,822,13,implies
3,1373,1538,1539,2,not_implies
3,1374,1469,1470,5,b
3,1375,326,327,8,not_or
3,1376,370,371,5,b
3,1377,1802,1803,12,not_a
3,1378,567,568,13,implies
3,1379,1554,1555,4,not_implied_by
3,1380,1755,1756,12,not_a
3,1381,1147,1148,13,implies
3,1382,1961,1962,0,zero
3,1383,1629,1630,10,not_b
3,1384,350,351,9,not_xor
3,1385,1222,1223,14,not_and
3,1386,1217,1218,8,not_or
3,1387,1498,1499,10,not_b
3,1388,1259,1260,14,not_and
3,1389,362,363,10,not_b
3,1390,1109,1110,3,a
3,1391,756,757,11,implied_by
3,1392,658,659,8,not_or
3,1393,1150,1151,0,zero
3,1394,1830,1831,9,not_xor
3,1395,42,43,3,a
3,1396,992,993,9,not_xor
3,1397,1048,1049,3,a
3,1398,1466,1467,14,not_and
3,1399,644,645,12,not_a
3,1400,416,417,12,not_a
3,1401,1190,1191,7,or
3,1402,387,388,9,not_xor
3,1403,769,770,5,b
3,1404,1078,1079,6,xor
3,1405,1321,1322,4,not_implied_by
3,1406,774,775,15,one
3,1407,1262,1263,10,not_b
3,1408,1735,1736,5,b
3,1409,221,222,1,and
3,1410,1264,1265,5,b
3,1411,1388,1389,2,not_implies
3,1412,1017,1018,7,or
3,1413,744,745,10,not_b
3,1414,570,571,11,implied_by
3,1415,663,664,12,not_a
3,1416,1468,1469,8,not_or
3,1417,783,784,10,not_b
3,1418,1969,1970,2,not_implies
3,1419,624,625,15,one
3,1420,250,251,6,xor
3,1421,875,876,12,not_a
3,1422,160,161,12,not_a
3,1423,1653,1654,0,zero
3,1424,1701,1702,11,implied_by
3,1425,418,419,10,not_b
3,1426,554,555,6,xor
3,1427,1549,1550,6,xor
3,1428,513,514,1,and
3,1429,190,191,6,xor
3,1430,1834,1835,1,and
3,1431,1810,1811,11,implied_by
3,1432,1634,1635,14,not_and
3,1433,928,929,13,implies
3,1434,618,619,6,xor
3,1435,1985,1986,15,one
3,1436,1280,1281,12,not_a
3,1437,1413,1414,15,one
3,1438,585,586,12,not_a
3,1439,319,320,5,b
3,1440,1997,1998,8,not_or
3,1441,1725,1726,10,not_b
3,1442,610,611,3,a
3,1443,280,281,9,not_xor
3,1444,1342,1343,5,b
3,1445,1513,1514,14,not_and
3,1446,454,455,9,not_xor
3,1447,907,908,15,one
3,1448,707,708,9,not_xor
3,1449,1899,1900,10,not_b
3,1450,1484,1485,6,xor
3,1451,603,604,8,not_or
3,1452,24,25,12,not_a
3,1453,151,152,14,not_and
3,1454,1942,1943,15,one
3,1455,690,691,5,b
3,1456,323,324,12,not_a
3,1457,1740,1741,2,not_implies
3,1458,410,411,12,not_a
3,1459,1710,1711,3,a
3,1460,389,390,8,not_or
3,1461,503,504,0,zero
3,1462,434,435,8,not_or
3,1463,1160,1161,10,not_b
3,1464,302,303,15,one
3,1465,812,813,5,b
3,1466,53,54,8,not_or
3,1467,1658,1659,7,or
3,1468,1697,1698,1,and
3,1469,1843,1844,15,one
3,1470,134,135,14,not_and
3,1471,343,344,10,not_b
3,1472,1350,1351,6,xor
3,1473,1068,1069,0,zero
3,1474,1702,1703,9,not_xor
3,1475,914,915,2,not_implies
3,1476,201,202,4,not_implied_by
3,1477,1219,1220,7,or
3,1478,1233,1234,6,xor
3,1479,1820,1821,10,not_b
3,1480,976,977,11,implied_by
3,1481,1325,1326,12,not_a
3,1482,828,829,10,not_b
3,1483,637,638,11,implied_by
3,1484,258,259,15,one
3,1485,1517,1518,12,not_a
3,1486,184,185,2,not_implies
3,1487,1136,1137,4,not_implied_by
3,1488,1491,1492,6,xor
3,1489,1673,1674,12,not_a
3,1490,888,889,10,not_b
3,1491,1135,1136,1,and
3,1492,189,190,7,or
3,1493,1456,1457,1,and
3,1494,1084,1085,5,b
3,1495,1912,1913,2,not_implies
3,1496,37,38,8,not_or
3,1497,119,120,13,implies
3,1498,1427,1428,7,or
3,1499,1506,1507,11,implied_by
3,1500,878,879,6,xor
3,1501,274,275,8,not_or
3,1502,1611,1612,7,or
3,1503,1776,1777,12,not_a
3,1504,679,680,13,implies
3,1505,377,378,14,not_and
3,1506,667,668,9,not_xor
3,1507,794,795,0,zero
3,1508,294,295,12,not_a
3,1509,1996,1997,10,not_b
3,1510,54,55,5,b
3,1511,1555,1556,10,not_b
3,1512,1163,1164,5,b
3,1513,1842,1843,2,not_implies
3,1514,1569,1570,2,not_implies
3,1515,1412,1413,9,not_xor
3,1516,1871,1872,14,not_and
3,1517,356,357,9,not_xor
3,1518,1156,1157,14,not_and
3,1519,141,142,5,b
3,1520,1131,1132,13,implies
3,1521,1837,1838,13,implies
3,1522,29,30,3,a
3,1523,1423,1424,12,not_a
3,1524,1751,1752,8,not_or
3,1525,1812,1813,4,not_implied_by
3,1526,1687,1688,11,implied_by
3,1527,1721,1722,9,not_xor
3,1528,309,310,1,and
3,1529,591,592,13,implies
3,1530,142,143,3,a
3,1531,1299,1300,10,not_b
3,1532,283,284,12,not_a
3,1533,1699,1700,12,not_a
3,1534,131,132,10,not_b
3,1535,541,542,12,not_a
3,1536,1524,1525,12,not_a
3,1537,147,148,12,not_a
3,1538,1331,1332,3,a
3,1539,1041,1042,7,or
3,1540,1347,1348,10,not_b
3,1541,23,24,1,and
3,1542,850,851,11,implied_by
3,1543,181,182,15,one
3,1544,750,751,7,or
3,1545,1146,1147,4,not_implied_by
3,1546,100,101,10,not_b
3,1547,856,857,12,not_a
3,1548,996,997,8,not_or
3,1549,702,703,1,and
3,1550,964,965,5,b
3,1551,1430,1431,8,not_or
3,1552,408,409,3,a
3,1553,227,228,7,or
3,1554,1690,1691,6,xor
3,1555,1689,1690,2,not_implies
3,1556,1712,1713,2,not_implies
3,1557,1276,1277,12,not_a
3,1558,1515,1516,12,not_a
3,1559,1365,1366,8,not_or
3,1560,1126,1127,8,not_or
3,1561,759,760,5,b
3,1562,882,883,13,implies
3,1563,325,326,2,not_implies
3,1564,411,412,3,a
3,1565,650,651,15,one
3,1566,604,605,13,implies
3,1567,1288,1289,1,and
3,1568,487,488,12,not_a
3,1569,431,432,12,not_a
3,1570,1972,1973,9,not_xor
3,1571,982,983,8,not_or
3,1572,557,558,8,not_or
3,1573,668,669,12,not_a
3,1574,1630,1631,9,not_xor
3,1575,357,358,11,implied_by
3,1576,448,449,1,and
3,1577,760,761,2,not_implies
3,1578,242,243,14,not_and
3,1579,1019,1020,10,not_b
3,1580,1218,1219,5,b
3,1581,704,705,3,a
3,1582,798,799,10,not_b
3,1583,999,1000,10,not_b
3,1584,1959,1960,14,not_and
3,1585,776,777,7,or
3,1586,1877,1878,4,not_implied_by
3,1587,1940,1941,3,a
3,1588,1566,1567,0,zero
3,1589,1556,1557,10,not_b
3,1590,1108,1109,8,not_or
3,1591,1020,1021,3,a
3,1592,372,373,14,not_and
3,1593,838,839,15,one
3,1594,930,931,12,not_a
3,1595,536,537,13,implies
3,1596,1888,1889,11,implied_by
3,1597,1261,1262,4,not_implied_by
3,1598,1056,1057,9,not_xor
3,1599,1455,1456,6,xor
3,1600,1480,1481,3,a
3,1601,1878,1879,11,implied_by
3,1602,1743,1744,3,a
3,1603,1631,1632,10,not_b
3,1604,995,996,4,not_implied_by
3,1605,1238,1239,1,and
3,1606,230,231,14,not_and
3,1607,8,9,3,a
3,1608,820,821,15,one
3,1609,1336,1337,10,not_b
3,1610,247,248,2,not_implies
3,1611,621,622,3,a
3,1612,741,742,3,a
3,1613,1344,1345,2,not_implies
3,1614,43,44,14,not_and
3,1615,1130,1131,10,not_b
3,1616,1722,1723,4,not_implied_by
3,1617,1819,1820,5,b
3,1618,1974,1975,11,implied_by
3,1619,99,100,15,one
3,1620,782,783,15,one
3,1621,436,437,4,not_implied_by
3,1622,285,286,9,not_xor
3,1623,1895,1896,5,b
3,1624,422,423,11,implied_by
3,1625,462,463,5,b
3,1626,1059,1060,6,xor
3,1627,1374,1375,3,a
3,1628,779,780,1,and
3,1629,478,479,0,zero
3,1630,1237,1238,7,or
3,1631,1340,1341,14,not_and
3,1632,1467,1468,12,not_a
3,1633,705,706,12,not_a
3,1634,1341,1342,12,not_a
3,1635,108,109,3,a
3,1636,583,584,13,implies
3,1637,192,193,12,not_a
3,1638,22,23,5,b
3,1639,185,186,12,not_a
3,1640,293,294,9,not_xor
3,1641,1624,1625,4,not_implied_by
3,1642,905,906,4,not_implied_by
3,1643,25,26,6,xor
3,1644,1268,1269,11,implied_by
3,1645,1978,1979,13,implies
3,1646,548,549,13,implies
3,1647,920,921,11,implied_by
3,1648,763,764,4,not_implied_by
3,1649,708,709,1,and
3,1650,85,86,3,a
3,1651,895,896,10,not_b
3,1652,1757,1758,2,not_implies
3,1653,1593,1594,6,xor
3,1654,110,111,1,and
3,1655,1656,1657,12,not_a
3,1656,156,157,15,one
3,1657,1407,1408,6,xor
3,1658,1479,1480,11,implied_by
3,1659,1769,1770,5,b
3,1660,1957,1958,5,b
3,1661,444,445,12,not_a
3,1662,711,712,4,not_implied_by
3,1663,836,837,1,and
3,1664,1507,1508,5,b
3,1665,723,724,7,or
3,1666,925,926,1,and
3,1667,1786,1787,10,not_b
3,1668,1803,1804,5,b
3,1669,1263,1264,14,not_and
3,1670,908,909,6,xor
3,1671,1338,1339,13,implies
3,1672,308,309,13,implies
3,1673,788,789,13,implies
3,1674,369,370,2,not_implies
3,1675,1072,1073,9,not_xor
3,1676,146,147,2,not_implies
3,1677,640,641,4,not_implied_by
3,1678,757,758,5,b
3,1679,1615,1616,9,not_xor
3,1680,500,501,1,and
3,1681,1788,1789,3,a
3,1682,1965,1966,11,implied_by
3,1683,400,401,10,not_b
3,1684,1696,1697,7,or
3,1685,1768,1769,5,b
3,1686,1808,1809,4,not_implied_by
3,1687,1809,1810,14,not_and
3,1688,695,696,3,a
3,1689,1315,1316,7,or
3,1690,1857,1858,9,not_xor
3,1691,1691,1692,9,not_xor
3,1692,515,516,8,not_or
3,1693,289,290,12,not_a
3,1694,1410,1411,12,not_a
3,1695,1616,1617,8,not_or
3,1696,123,124,3,a
3,1697,1822,1823,10,not_b
3,1698,300,301,8,not_or
3,1699,843,844,2,not_implies
3,1700,1195,1196,14,not_and
3,1701,174,175,14,not_and
3,1702,1606,1607,1,and
3,1703,1956,1957,3,a
3,1704,261,262,14,not_and
3,1705,1405,1406,3,a
3,1706,619,620,6,xor
3,1707,118,119,12,not_a
3,1708,1432,1433,5,b
3,1709,1881,1882,13,implies
3,1710,243,244,11,implied_by
3,1711,1027,1028,12,not_a
3,1712,38,39,0,zero
3,1713,795,796,7,or
3,1714,139,140,3,a
3,1715,962,963,5,b
3,1716,974,975,3,a
3,1717,1738,1739,10,not_b
3,1718,429,430,2,not_implies
3,1719,791,792,10,not_b
3,1720,1590,1591,2,not_implies
3,1721,580,581,6,xor
3,1722,831,832,2,not_implies
3,1723,1727,1728,10,not_b
3,1724,1137,1138,13,implies
3,1725,1253,1254,11,implied_by
3,1726,1110,1111,4,not_implied_by
3,1727,1086,1087,5,b
3,1728,253,254,9,not_xor
3,1729,474,475,6,xor
3,1730,1958,1959,2,not_implies
3,1731,810,811,3,a
3,1732,1694,1695,4,not_implied_by
3,1733,1570,1571,6,xor
3,1734,1571,1572,4,not_implied_by
3,1735,284,285,11,implied_by
3,1736,445,446,5,b
3,1737,1208,1209,10,not_b
3,1738,894,895,0,zero
3,1739,1092,1093,5,b
3,1740,1623,1624,2,not_implies
3,1741,1286,1287,9,not_xor
3,1742,912,913,5,b
3,1743,599,600,0,zero
3,1744,1470,1471,10,not_b
3,1745,818,819,6,xor
3,1746,647,648,7,or
3,1747,588,589,12,not_a
3,1748,1034,1035,5,b
3,1749,719,720,5,b
3,1750,137,138,3,a
3,1751,1855,1856,5,b
3,1752,633,634,8,not_or
3,1753,402,403,12,not_a
3,1754,862,863,15,one
3,1755,1397,1398,6,xor
3,1756,1646,1647,6,xor
3,1757,947,948,4,not_implied_by
3,1758,87,88,13,implies
3,1759,1560,1561,10,not_b
3,1760,1035,1036,15,one
3,1761,1457,1458,2,not_implies
3,1762,120,121,10,not_b
3,1763,883,884,14,not_and
3,1764,954,955,0,zero
3,1765,516,517,8,not_or
3,1766,1194,1195,6,xor
3,1767,1567,1568,11,implied_by
3,1768,616,617,12,not_a
3,1769,943,944,15,one
3,1770,1229,1230,8,not_or
3,1771,1801,1802,11,implied_by
3,1772,517,518,13,implies
3,1773,1382,1383,1,and
3,1774,1947,1948,3,a
3,1775,132,133,11,implied_by
3,1776,1986,1987,12,not_a
3,1777,617,618,3,a
3,1778,1595,1596,2,not_implies
3,1779,341,342,3,a
3,1780,1859,1860,1,and
3,1781,349,350,10,not_b
3,1782,148,149,12,not_a
3,1783,815,816,1,and
3,1784,686,687,9,not_xor
3,1785,198,199,8,not_or
3,1786,1052,1053,4,not_implied_by
3,1787,1200,1201,4,not_implied_by
3,1788,1902,1903,5,b
3,1789,1304,1305,10,not_b
3,1790,654,655,12,not_a
3,1791,112,113,6,xor
3,1792,1145,1146,11,implied_by
3,1793,1415,1416,3,a
3,1794,344,345,9,not_xor
3,1795,385,386,2,not_implies
3,1796,1853,1854,1,and
3,1797,771,772,1,and
3,1798,71,72,13,implies
3,1799,27,28,10,not_b
3,1800,1862,1863,10,not_b
3,1801,951,952,14,not_and
3,1802,94,95,8,not_or
3,1803,216,217,2,not_implies
3,1804,328,329,5,b
3,1805,597,598,5,b
3,1806,1370,1371,11,implied_by
3,1807,678,679,4,not_implied_by
3,1808,268,269,12,not_a
3,1809,1671,1672,10,not_b
3,1810,730,731,14,not_and
3,1811,1395,1396,1,and
3,1812,199,200,14,not_and
3,1813,1754,1755,14,not_and
3,1814,1847,1848,8,not_or
3,1815,1741,1742,10,not_b
3,1816,0,2,9,not_xor
3,1817,1637,1638,12,not_a
3,1818,829,830,0,zero
3,1819,88,89,11,implied_by
3,1820,1042,1043,2,not_implies
3,1821,869,870,4,not_implied_by
3,1822,1031,1032,5,b
3,1823,1906,1907,11,implied_by
3,1824,498,499,3,a
3,1825,457,458,8,not_or
3,1826,1821,1822,4,not_implied_by
3,1827,1472,1473,6,xor
3,1828,1602,1603,12,not_a
3,1829,849,850,12,not_a
3,1830,784,785,6,xor
3,1831,521,522,2,not_implies
3,1832,1908,1909,9,not_xor
3,1833,657,658,15,one
3,1834,509,510,15,one
3,1835,881,882,11,implied_by
3,1836,735,736,14,not_and
3,1837,1512,1513,3,a
3,1838,734,735,5,b
3,1839,1049,1050,14,not_and
3,1840,1962,1963,2,not_implies
3,1841,254,255,12,not_a
3,1842,1373,1374,5,b
3,1843,1508,1509,9,not_xor
3,1844,166,167,6,xor
3,1845,1008,1009,8,not_or
3,1846,443,444,1,and
3,1847,391,392,8,not_or
3,1848,1060,1061,8,not_or
3,1849,1310,1311,7,or
3,1850,1152,1153,0,zero
3,1851,1518,1519,0,zero
3,1852,787,788,12,not_a
3,1853,228,229,5,b
3,1854,731,732,10,not_b
3,1855,215,216,3,a
3,1856,566,567,9,not_xor
3,1857,1191,1192,6,xor
3,1858,1043,1044,12,not_a
3,1859,967,968,3,a
3,1860,1436,1437,0,zero
3,1861,1124,1125,10,not_b
3,1862,238,239,2,not_implies
3,1863,1856,1857,2,not_implies
3,1864,1148,1149,6,xor
3,1865,1067,1068,4,not_implied_by
3,1866,1236,1237,12,not_a
3,1867,1547,1548,11,implied_by
3,1868,740,741,12,not_a
3,1869,161,162,5,b
3,1870,183,184,13,implies
3,1871,817,818,6,xor
3,1872,10,11,10,not_b
3,1873,752,753,7,or
3,1874,479,480,1,and
3,1875,1841,1842,4,not_implied_by
3,1876,1732,1733,12,not_a
3,1877,1516,1517,13,implies
3,1878,129,130,12,not_a
3,1879,1767,1768,10,not_b
3,1880,1955,1956,14,not_and
3,1881,1454,1455,14,not_and
3,1882,1369,1370,5,b
3,1883,1675,1676,2,not_implies
3,1884,857,858,6,xor
3,1885,1164,1165,10,not_b
3,1886,1065,1066,12,not_a
3,1887,321,322,11,implied_by
3,1888,1979,1980,5,b
3,1889,1076,1077,10,not_b
3,1890,1404,1405,1,and
3,1891,367,368,9,not_xor
3,1892,1389,1390,6,xor
3,1893,543,544,12,not_a
3,1894,1684,1685,5,b
3,1895,519,520,3,a
3,1896,340,341,13,implies
3,1897,801,802,10,not_b
3,1898,1387,1388,7,or
3,1899,1641,1642,9,not_xor
3,1900,935,936,6,xor
3,1901,1,2,12,not_a
3,1902,46,47,6,xor
3,1903,404,405,7,or
3,1904,993,994,11,implied_by
3,1905,813,814,10,not_b
3,1906,1591,1592,10,not_b
3,1907,1539,1540,2,not_implies
3,1908,693,694,9,not_xor
3,1909,365,366,10,not_b
3,1910,1393,1394,2,not_implies
3,1911,1073,1074,12,not_a
3,1912,669,670,14,not_and
3,1913,39,40,3,a
3,1914,923,924,5,b
3,1915,1477,1478,6,xor
3,1916,1490,1491,2,not_implies
3,1917,680,681,2,not_implies
3,1918,287,288,10,not_b
3,1919,34,35,14,not_and
3,1920,1030,1031,12,not_a
3,1921,1530,1531,6,xor
3,1922,754,755,13,implies
3,1923,842,843,1,and
3,1924,256,257,13,implies
3,1925,1858,1859,12,not_a
3,1926,1807,1808,12,not_a
3,1927,1652,1653,10,not_b
3,1928,93,94,2,not_implies
3,1929,286,287,1,and
3,1930,959,960,13,implies
3,1931,1756,1757,5,b
3,1932,133,134,4,not_implied_by
3,1933,677,678,4,not_implied_by
3,1934,382,383,15,one
3,1935,1505,1506,10,not_b
3,1936,1309,1310,15,one
3,1937,699,700,9,not_xor
3,1938,413,414,10,not_b
3,1939,224,225,8,not_or
3,1940,841,842,4,not_implied_by
3,1941,586,587,12,not_a
3,1942,645,646,11,implied_by
3,1943,1573,1574,14,not_and
3,1944,1367,1368,14,not_and
3,1945,126,127,2,not_implies
3,1946,351,352,10,not_b
3,1947,442,443,1,and
3,1948,47,48,9,not_xor
3,1949,1442,1443,12,not_a
3,1950,193,194,13,implies
3,1951,1989,1990,4,not_implied_by
3,1952,1176,1177,10,not_b
3,1953,1645,1646,15,one
3,1954,472,473,13,implies
3,1955,552,553,15,one
3,1956,1011,1012,15,one
3,1957,953,954,10,not_b
3,1958,598,599,6,xor
3,1959,1326,1327,14,not_and
3,1960,1063,1064,0,zero
3,1961,946,947,6,xor
3,1962,1099,1100,13,implies
3,1963,1037,1038,10,not_b
3,1964,204,205,9,not_xor
3,1965,1818,1819,12,not_a
3,1966,966,967,2,not_implies
3,1967,706,707,8,not_or
3,1968,1640,1641,6,xor
3,1969,1511,1512,2,not_implies
3,1970,423,424,5,b
3,1971,897,898,8,not_or
3,1972,1396,1397,13,implies
3,1973,424,425,2,not_implies
3,1974,69,70,1,and
3,1975,938,939,1,and
3,1976,399,400,12,not_a
3,1977,1594,1595,7,or
3,1978,1713,1714,9,not_xor
3,1979,718,719,0,zero
3,1980,761,762,4,not_implied_by
3,1981,1720,1721,0,zero
3,1982,863,864,6,xor
3,1983,889,890,9,not_xor
3,1984,630,631,13,implies
3,1985,1695,1696,9,not_xor
3,1986,1879,1880,14,not_and
3,1987,267,268,8,not_or
3,1988,1831,1832,8,not_or
3,1989,1607,1608,13,implies
3,1990,1252,1253,0,zero
3,1991,924,925,11,implied_by
3,1992,864,865,5,b
3,1993,968,969,9,not_xor
3,1994,417,418,0,zero
3,1995,1681,1682,9,not_xor
3,1996,1950,1951,3,a
3,1997,1579,1580,12,not_a
3,1998,1151,1152,9,not_xor
3,1999,346,347,7,or
