layer,neuron,input_a,input_b,gate_id,gate_name
1,0,57,75,13,implies
1,1,35,42,5,b
1,2,37,49,1,and
1,3,59,74,5,b
1,4,18,37,15,one
1,5,6,32,12,not_a
1,6,71,80,9,not_xor
1,7,30,40,7,or
1,8,29,50,13,implies
1,9,24,44,14,not_and
1,10,67,68,12,not_a
1,11,6,14,1,and
1,12,83,85,10,not_b
1,13,64,70,13,implies
1,14,71,72,3,a
1,15,21,35,9,not_xor
1,16,39,45,3,a
1,17,53,76,5,b
1,18,54,76,6,xor
1,19,0,25,0,zero
1,20,13,23,8,not_or
1,21,27,39,5,b
1,22,38,57,3,a
1,23,82,89,6,xor
1,24,15,17,14,not_and
1,25,73,89,5,b
1,26,16,35,14,not_and
1,27,7,20,8,not_or
1,28,14,19,14,not_and
1,29,8,16,13,implies
1,30,49,72,9,not_xor
1,31,23,35,10,not_b
1,32,2,8,6,xor
1,33,27,28,3,a
1,34,52,65,13,implies
1,35,52,69,11,implied_by
1,36,35,39,1,and
1,37,18,26,8,not_or
1,38,47,60,5,b
1,39,45,49,8,not_or
1,40,65,82,8,not_or
1,41,20,35,6,xor
1,42,37,42,6,xor
1,43,51,53,15,one
1,44,17,34,7,or
1,45,16,22,4,not_implied_by
1,46,58,60,11,implied_by
1,47,17,35,6,xor
1,48,74,89,9,not_xor
1,49,51,70,7,or
1,50,81,89,4,not_implied_by
1,51,55,57,4,not_implied_by
1,52,72,85,12,not_a
1,53,58,81,7,or
1,54,40,53,4,not_implied_by
1,55,5,32,11,implied_by
1,56,65,88,7,or
1,57,78,82,13,implies
1,58,9,27,12,not_a
1,59,72,86,13,implies
1,60,2,21,5,b
1,61,46,58,5,b
1,62,8,22,2,not_implies
1,63,15,27,12,not_a
1,64,51,76,2,not_implies
1,65,53,69,7,or
1,66,30,39,5,b
1,67,53,64,3,a
1,68,6,11,0,zero
1,69,73,79,5,b
1,70,12,27,11,implied_by
1,71,30,52,13,implies
1,72,80,86,10,not_b
1,73,61,74,11,implied_by
1,74,9,31,15,one
1,75,42,51,13,implies
1,76,58,70,14,not_and
1,77,61,62,10,not_b
1,78,43,64,4,not_implied_by
1,79,36,46,13,implies
1,80,8,11,4,not_implied_by
1,81,51,61,0,zero
1,82,47,73,4,not_implied_by
1,83,47,72,6,xor
1,84,62,84,12,not_a
1,85,22,48,4,not_implied_by
1,86,69,82,11,implied_by
1,87,57,67,6,xor
1,88,41,56,2,not_implies
1,89,67,71,14,not_and
1,90,83,89,14,not_and
1,91,55,70,3,a
1,92,17,26,13,implies
1,93,10,26,13,implies
1,94,33,55,10,not_b
1,95,8,23,6,xor
1,96,55,58,15,one
1,97,47,50,0,zero
1,98,18,35,9,not_xor
1,99,10,21,9,not_xor
1,100,74,78,10,not_b
1,101,49,73,9,not_xor
1,102,81,83,3,a
1,103,44,47,7,or
1,104,60,65,6,xor
1,105,62,66,2,not_implies
1,106,38,63,2,not_implies
1,107,62,65,5,b
1,108,10,33,9,not_xor
1,109,16,31,0,zero
1,110,36,55,1,and
1,111,61,68,14,not_and
1,112,75,80,6,xor
1,113,62,73,11,implied_by
1,114,12,23,9,not_xor
1,115,5,31,15,one
1,116,14,23,5,b
1,117,83,86,8,not_or
1,118,51,52,6,xor
1,119,36,41,4,not_implied_by
1,120,59,67,11,implied_by
1,121,51,74,2,not_implies
1,122,54,67,12,not_a
1,123,29,46,14,not_and
1,124,25,31,5,b
1,125,8,28,8,not_or
1,126,0,13,9,not_xor
1,127,8,21,2,not_implies
1,128,21,38,12,not_a
1,129,43,48,10,not_b
1,130,56,61,3,a
1,131,61,64,0,zero
1,132,50,59,2,not_implies
1,133,81,87,12,not_a
1,134,20,24,1,and
1,135,64,83,10,not_b
1,136,46,54,6,xor
1,137,49,63,8,not_or
1,138,24,43,10,not_b
1,139,42,56,7,or
1,140,67,87,11,implied_by
1,141,28,30,10,not_b
1,142,55,64,8,not_or
1,143,63,64,8,not_or
1,144,40,43,8,not_or
1,145,22,23,11,implied_by
1,146,77,85,5,b
1,147,67,78,4,not_implied_by
1,148,6,25,7,or
1,149,69,86,6,xor
1,150,56,70,1,and
1,151,43,68,12,not_a
1,152,58,75,13,implies
1,153,27,34,11,implied_by
1,154,69,80,9,not_xor
1,155,26,31,2,not_implies
1,156,30,37,5,b
1,157,24,40,8,not_or
1,158,8,17,13,implies
1,159,22,34,6,xor
1,160,9,34,13,implies
1,161,70,79,9,not_xor
1,162,58,84,2,not_implies
1,163,47,71,7,or
1,164,56,62,13,implies
1,165,34,47,0,zero
1,166,17,41,3,a
1,167,50,60,7,or
1,168,3,22,13,implies
1,169,34,45,11,implied_by
1,170,36,48,8,not_or
1,171,56,78,4,not_implied_by
1,172,0,23,12,not_a
1,173,46,71,11,implied_by
1,174,64,80,10,not_b
1,175,11,35,8,not_or
1,176,25,39,6,xor
1,177,80,87,11,implied_by
1,178,60,71,2,not_implies
1,179,33,59,9,not_xor
1,180,20,27,12,not_a
1,181,48,68,4,not_implied_by
1,182,19,22,5,b
1,183,30,35,11,implied_by
1,184,15,19,12,not_a
1,185,79,88,8,not_or
1,186,84,88,11,implied_by
1,187,6,26,11,implied_by
1,188,11,36,9,not_xor
1,189,31,48,15,one
1,190,38,61,7,or
1,191,86,88,2,not_implies
1,192,47,65,3,a
1,193,74,85,5,b
1,194,71,84,7,or
1,195,13,25,4,not_implied_by
1,196,16,30,13,implies
1,197,52,54,13,implies
1,198,37,57,2,not_implies
1,199,33,38,11,implied_by
1,200,52,71,11,implied_by
1,201,10,31,12,not_a
1,202,43,50,12,not_a
1,203,25,41,11,implied_by
1,204,67,84,3,a
1,205,33,47,6,xor
1,206,16,28,10,not_b
1,207,15,16,6,xor
1,208,45,53,1,and
1,209,0,1,7,or
1,210,29,38,8,not_or
1,211,2,11,6,xor
1,212,44,64,7,or
1,213,57,64,0,zero
1,214,38,41,8,not_or
1,215,0,21,10,not_b
1,216,36,59,10,not_b
1,217,60,82,3,a
1,218,48,54,13,implies
1,219,3,9,3,a
1,220,32,40,3,a
1,221,61,79,12,not_a
1,222,49,53,11,implied_by
1,223,65,89,8,not_or
1,224,83,87,13,implies
1,225,50,57,9,not_xor
1,226,3,25,12,not_a
1,227,27,35,6,xor
1,228,68,71,10,not_b
1,229,16,17,11,implied_by
1,230,13,17,10,not_b
1,231,76,88,11,implied_by
1,232,13,26,8,not_or
1,233,49,68,15,one
1,234,34,39,6,xor
1,235,54,68,13,implies
1,236,27,36,2,not_implies
1,237,63,86,10,not_b
1,238,66,84,3,a
1,239,68,70,7,or
1,240,33,42,3,a
1,241,46,55,8,not_or
1,242,42,47,10,not_b
1,243,17,37,2,not_implies
1,244,21,28,9,not_xor
1,245,7,9,15,one
1,246,17,39,11,implied_by
1,247,0,9,9,not_xor
1,248,53,68,13,implies
1,249,32,43,13,implies
1,250,69,70,7,or
1,251,61,67,2,not_implies
1,252,42,57,8,not_or
1,253,34,55,8,not_or
1,254,29,41,6,xor
1,255,64,84,8,not_or
1,256,44,57,1,and
1,257,6,19,15,one
1,258,8,9,15,one
1,259,14,25,15,one
1,260,41,67,8,not_or
1,261,22,44,13,implies
1,262,46,60,9,not_xor
1,263,43,57,8,not_or
1,264,67,85,14,not_and
1,265,28,38,6,xor
1,266,39,43,12,not_a
1,267,46,63,0,zero
1,268,63,79,4,not_implied_by
1,269,42,66,4,not_implied_by
1,270,50,70,3,a
1,271,59,77,7,or
1,272,6,23,8,not_or
1,273,26,38,9,not_xor
1,274,19,44,3,a
1,275,16,34,14,not_and
1,276,70,89,6,xor
1,277,69,78,15,one
1,278,62,69,10,not_b
1,279,1,9,0,zero
1,280,38,60,3,a
1,281,5,23,7,or
1,282,52,75,3,a
1,283,57,60,1,and
1,284,53,70,11,implied_by
1,285,38,53,10,not_b
1,286,80,83,6,xor
1,287,34,57,14,not_and
1,288,62,64,5,b
1,289,70,73,7,or
1,290,49,74,9,not_xor
1,291,59,84,13,implies
1,292,36,52,6,xor
1,293,8,13,3,a
1,294,10,29,12,not_a
1,295,3,10,5,b
1,296,2,12,9,not_xor
1,297,26,33,2,not_implies
1,298,62,82,15,one
1,299,32,37,10,not_b
1,300,39,62,12,not_a
1,301,10,30,2,not_implies
1,302,47,51,9,not_xor
1,303,69,83,4,not_implied_by
1,304,24,33,9,not_xor
1,305,26,41,11,implied_by
1,306,56,79,15,one
1,307,44,68,14,not_and
1,308,2,29,12,not_a
1,309,2,16,2,not_implies
1,310,44,53,11,implied_by
1,311,12,38,10,not_b
1,312,50,72,6,xor
1,313,53,63,13,implies
1,314,53,74,9,not_xor
1,315,10,16,12,not_a
1,316,39,60,12,not_a
1,317,45,50,3,a
1,318,5,9,10,not_b
1,319,36,45,14,not_and
1,320,46,68,3,a
1,321,62,83,1,and
1,322,20,28,13,implies
1,323,22,30,8,not_or
1,324,3,12,9,not_xor
1,325,20,37,13,implies
1,326,53,71,10,not_b
1,327,37,54,9,not_xor
1,328,53,75,6,xor
1,329,35,55,1,and
1,330,61,80,8,not_or
1,331,86,89,1,and
1,332,37,62,15,one
1,333,38,52,2,not_implies
1,334,18,28,13,implies
1,335,67,81,4,not_implied_by
1,336,4,9,2,not_implies
1,337,80,89,12,not_a
1,338,20,25,8,not_or
1,339,26,42,4,not_implied_by
1,340,47,57,5,b
1,341,14,32,14,not_and
1,342,76,79,5,b
1,343,32,55,11,implied_by
1,344,15,25,3,a
1,345,37,58,7,or
1,346,47,53,9,not_xor
1,347,28,41,6,xor
1,348,40,64,15,one
1,349,31,37,14,not_and
1,350,60,62,5,b
1,351,73,88,3,a
1,352,26,49,3,a
1,353,13,33,7,or
1,354,5,18,8,not_or
1,355,56,77,11,implied_by
1,356,20,26,2,not_implies
1,357,31,42,11,implied_by
1,358,11,30,10,not_b
1,359,1,3,11,implied_by
1,360,65,71,1,and
1,361,75,88,3,a
1,362,13,28,5,b
1,363,27,30,7,or
1,364,80,88,9,not_xor
1,365,9,23,10,not_b
1,366,17,25,2,not_implies
1,367,35,54,9,not_xor
1,368,65,69,6,xor
1,369,33,57,6,xor
1,370,4,29,4,not_implied_by
1,371,42,64,3,a
1,372,26,44,2,not_implies
1,373,41,46,6,xor
1,374,7,14,1,and
1,375,27,45,4,not_implied_by
1,376,23,31,12,not_a
1,377,18,22,8,not_or
1,378,13,21,6,xor
1,379,24,38,6,xor
1,380,56,58,8,not_or
1,381,40,54,7,or
1,382,35,36,15,one
1,383,77,84,12,not_a
1,384,23,27,1,and
1,385,19,24,11,implied_by
1,386,65,74,10,not_b
1,387,76,89,12,not_a
1,388,0,19,3,a
1,389,27,37,2,not_implies
1,390,33,40,7,or
1,391,74,87,2,not_implies
1,392,1,19,8,not_or
1,393,31,53,1,and
1,394,1,23,11,implied_by
1,395,1,2,15,one
1,396,71,77,6,xor
1,397,57,77,11,implied_by
1,398,70,88,0,zero
1,399,53,62,8,not_or
1,400,5,11,11,implied_by
1,401,44,60,11,implied_by
1,402,41,51,3,a
1,403,58,77,11,implied_by
1,404,45,64,8,not_or
1,405,75,89,6,xor
1,406,64,87,13,implies
1,407,55,68,7,or
1,408,4,30,14,not_and
1,409,1,21,8,not_or
1,410,65,77,5,b
1,411,2,10,8,not_or
1,412,51,58,8,not_or
1,413,14,15,14,not_and
1,414,34,58,12,not_a
1,415,24,39,10,not_b
1,416,1,14,3,a
1,417,16,27,10,not_b
1,418,45,47,12,not_a
1,419,31,46,11,implied_by
1,420,51,60,11,implied_by
1,421,37,46,8,not_or
1,422,58,82,11,implied_by
1,423,19,39,10,not_b
1,424,71,78,8,not_or
1,425,31,47,8,not_or
1,426,65,81,0,zero
1,427,23,42,12,not_a
1,428,36,50,3,a
1,429,56,81,9,not_xor
1,430,5,24,3,a
1,431,34,49,1,and
1,432,63,74,2,not_implies
1,433,56,59,14,not_and
1,434,30,48,6,xor
1,435,13,27,13,implies
1,436,16,18,7,or
1,437,17,36,3,a
1,438,7,28,8,not_or
1,439,25,29,9,not_xor
1,440,35,49,7,or
1,441,60,63,4,not_implied_by
1,442,3,24,14,not_and
1,443,22,46,12,not_a
1,444,30,41,4,not_implied_by
1,445,48,61,2,not_implies
1,446,41,45,6,xor
1,447,44,62,11,implied_by
1,448,17,31,7,or
1,449,64,69,3,a
1,450,81,85,3,a
1,451,21,46,3,a
1,452,55,60,2,not_implies
1,453,57,66,6,xor
1,454,1,4,3,a
1,455,37,55,2,not_implies
1,456,33,51,6,xor
1,457,10,22,6,xor
1,458,74,83,6,xor
1,459,31,40,0,zero
1,460,41,52,13,implies
1,461,27,31,5,b
1,462,30,34,11,implied_by
1,463,25,50,9,not_xor
1,464,63,81,5,b
1,465,21,29,5,b
1,466,20,33,0,zero
1,467,14,37,3,a
1,468,38,49,2,not_implies
1,469,67,69,5,b
1,470,14,27,6,xor
1,471,59,83,11,implied_by
1,472,28,32,6,xor
1,473,5,8,0,zero
1,474,49,50,3,a
1,475,23,47,12,not_a
1,476,78,87,14,not_and
1,477,42,55,4,not_implied_by
1,478,63,80,12,not_a
1,479,36,38,4,not_implied_by
1,480,7,8,5,b
1,481,6,27,9,not_xor
1,482,12,13,1,and
1,483,19,23,4,not_implied_by
1,484,56,68,2,not_implies
1,485,2,26,2,not_implies
1,486,31,49,3,a
1,487,1,22,6,xor
1,488,57,65,3,a
1,489,52,53,14,not_and
1,490,46,64,5,b
1,491,20,46,12,not_a
1,492,24,34,7,or
1,493,54,59,7,or
1,494,56,64,7,or
1,495,51,62,2,not_implies
1,496,4,18,6,xor
1,497,22,42,3,a
1,498,44,51,9,not_xor
1,499,47,56,3,a
1,500,69,73,4,not_implied_by
1,501,12,32,4,not_implied_by
1,502,11,14,10,not_b
1,503,7,30,0,zero
1,504,63,78,11,implied_by
1,505,0,18,9,not_xor
1,506,59,68,5,b
1,507,63,70,7,or
1,508,82,88,11,implied_by
1,509,15,34,0,zero
1,510,33,52,1,and
1,511,47,59,10,not_b
1,512,4,24,10,not_b
1,513,80,82,14,not_and
1,514,21,39,14,not_and
1,515,33,53,7,or
1,516,84,85,5,b
1,517,27,50,8,not_or
1,518,84,89,15,one
1,519,41,43,12,not_a
1,520,59,80,1,and
1,521,65,79,5,b
1,522,59,66,12,not_a
1,523,37,39,10,not_b
1,524,20,22,12,not_a
1,525,8,12,15,one
1,526,41,61,3,a
1,527,4,25,4,not_implied_by
1,528,63,75,13,implies
1,529,13,19,5,b
1,530,73,84,13,implies
1,531,23,39,11,implied_by
1,532,58,67,3,a
1,533,59,76,9,not_xor
1,534,49,54,0,zero
1,535,69,74,5,b
1,536,23,36,12,not_a
1,537,38,50,7,or
1,538,64,68,2,not_implies
1,539,24,35,6,xor
1,540,8,31,13,implies
1,541,87,88,3,a
1,542,38,47,8,not_or
1,543,57,58,15,one
1,544,41,58,3,a
1,545,30,50,6,xor
1,546,36,49,2,not_implies
1,547,36,51,5,b
1,548,41,60,7,or
1,549,11,37,3,a
1,550,19,40,11,implied_by
1,551,35,37,12,not_a
1,552,34,51,9,not_xor
1,553,1,25,9,not_xor
1,554,54,75,14,not_and
1,555,56,71,2,not_implies
1,556,31,56,14,not_and
1,557,53,55,7,or
1,558,50,51,11,implied_by
1,559,52,72,6,xor
1,560,21,24,15,one
1,561,4,7,2,not_implies
1,562,70,84,7,or
1,563,11,31,10,not_b
1,564,24,41,5,b
1,565,70,77,9,not_xor
1,566,14,20,13,implies
1,567,40,55,3,a
1,568,59,71,11,implied_by
1,569,6,22,10,not_b
1,570,18,34,4,not_implied_by
1,571,61,78,7,or
1,572,62,78,13,implies
1,573,63,69,10,not_b
1,574,3,30,6,xor
1,575,49,55,13,implies
1,576,70,87,10,not_b
1,577,28,53,10,not_b
1,578,62,79,14,not_and
1,579,23,45,3,a
1,580,53,79,13,implies
1,581,2,24,7,or
1,582,9,26,10,not_b
1,583,59,75,2,not_implies
1,584,29,53,4,not_implied_by
1,585,49,75,7,or
1,586,46,59,15,one
1,587,67,79,9,not_xor
1,588,66,67,13,implies
1,589,24,26,5,b
1,590,15,20,2,not_implies
1,591,52,60,12,not_a
1,592,79,85,10,not_b
1,593,1,8,3,a
1,594,45,56,8,not_or
1,595,41,53,4,not_implied_by
1,596,31,50,5,b
1,597,78,85,13,implies
1,598,24,47,8,not_or
1,599,52,56,5,b
1,600,7,27,0,zero
1,601,73,83,11,implied_by
1,602,3,15,6,xor
1,603,8,35,3,a
1,604,23,40,3,a
1,605,76,82,8,not_or
1,606,44,55,14,not_and
1,607,2,14,5,b
1,608,23,33,2,not_implies
1,609,46,67,1,and
1,610,0,10,10,not_b
1,611,38,62,4,not_implied_by
1,612,21,31,13,implies
1,613,5,19,4,not_implied_by
1,614,48,67,12,not_a
1,615,71,73,0,zero
1,616,44,70,13,implies
1,617,70,82,0,zero
1,618,54,80,7,or
1,619,73,75,15,one
1,620,4,16,10,not_b
1,621,43,52,14,not_and
1,622,40,42,5,b
1,623,53,54,6,xor
1,624,33,35,1,and
1,625,59,78,14,not_and
1,626,33,46,15,one
1,627,15,30,8,not_or
1,628,15,37,2,not_implies
1,629,3,16,14,not_and
1,630,66,68,15,one
1,631,29,31,12,not_a
1,632,29,32,8,not_or
1,633,3,13,5,b
1,634,29,36,15,one
1,635,20,32,7,or
1,636,32,36,8,not_or
1,637,1,28,10,not_b
1,638,4,6,10,not_b
1,639,35,43,7,or
1,640,71,85,8,not_or
1,641,72,79,3,a
1,642,37,44,3,a
1,643,23,41,12,not_a
1,644,30,56,0,zero
1,645,78,88,1,and
1,646,78,81,6,xor
1,647,35,44,12,not_a
1,648,82,83,4,not_implied_by
1,649,71,87,6,xor
1,650,6,15,11,implied_by
1,651,75,76,5,b
1,652,38,39,5,b
1,653,0,8,12,not_a
1,654,3,14,0,zero
1,655,10,23,9,not_xor
1,656,62,87,12,not_a
1,657,82,87,12,not_a
1,658,14,18,1,and
1,659,5,14,4,not_implied_by
1,660,57,72,7,or
1,661,50,64,10,not_b
1,662,26,40,10,not_b
1,663,24,27,8,not_or
1,664,5,27,7,or
1,665,17,24,3,a
1,666,19,28,3,a
1,667,10,37,9,not_xor
1,668,48,60,0,zero
1,669,32,46,7,or
1,670,46,52,0,zero
1,671,48,72,8,not_or
1,672,12,20,7,or
1,673,53,59,6,xor
1,674,46,61,13,implies
1,675,29,34,10,not_b
1,676,13,14,8,not_or
1,677,4,10,3,a
1,678,68,85,11,implied_by
1,679,36,61,1,and
1,680,5,30,15,one
1,681,22,45,7,or
1,682,9,30,4,not_implied_by
1,683,57,62,15,one
1,684,63,68,4,not_implied_by
1,685,52,57,3,a
1,686,4,15,4,not_implied_by
1,687,63,71,2,not_implies
1,688,38,58,6,xor
1,689,52,55,8,not_or
1,690,8,27,2,not_implies
1,691,14,29,14,not_and
1,692,20,21,13,implies
1,693,11,24,5,b
1,694,30,47,10,not_b
1,695,26,47,0,zero
1,696,31,39,4,not_implied_by
1,697,58,66,7,or
1,698,55,66,6,xor
1,699,1,10,11,implied_by
1,700,4,20,6,xor
1,701,55,65,3,a
1,702,4,31,12,not_a
1,703,49,71,7,or
1,704,85,87,4,not_implied_by
1,705,39,52,6,xor
1,706,26,34,11,implied_by
1,707,9,21,6,xor
1,708,74,79,14,not_and
1,709,5,21,5,b
1,710,55,56,4,not_implied_by
1,711,37,43,15,one
1,712,58,78,10,not_b
1,713,70,78,6,xor
1,714,10,28,6,xor
1,715,56,80,4,not_implied_by
1,716,42,54,8,not_or
1,717,52,74,7,or
1,718,35,38,1,and
1,719,41,66,9,not_xor
1,720,60,73,11,implied_by
1,721,60,78,12,not_a
1,722,1,24,11,implied_by
1,723,34,42,7,or
1,724,0,26,12,not_a
1,725,10,13,4,not_implied_by
1,726,59,62,12,not_a
1,727,86,87,13,implies
1,728,64,67,13,implies
1,729,24,30,12,not_a
1,730,35,51,13,implies
1,731,6,16,0,zero
1,732,68,89,2,not_implies
1,733,25,51,12,not_a
1,734,22,35,15,one
1,735,46,72,8,not_or
1,736,35,53,8,not_or
1,737,4,28,10,not_b
1,738,48,59,9,not_xor
1,739,34,35,3,a
1,740,0,6,9,not_xor
1,741,13,34,9,not_xor
1,742,2,7,13,implies
1,743,4,13,1,and
1,744,55,61,2,not_implies
1,745,42,52,15,one
1,746,28,47,15,one
1,747,20,44,7,or
1,748,8,29,3,a
1,749,19,43,2,not_implies
1,750,17,42,12,not_a
1,751,76,81,0,zero
1,752,41,63,7,or
1,753,11,17,5,b
1,754,60,68,2,not_implies
1,755,52,77,11,implied_by
1,756,53,78,7,or
1,757,67,89,15,one
1,758,16,36,13,implies
1,759,41,44,12,not_a
1,760,5,25,0,zero
1,761,5,17,5,b
1,762,81,82,2,not_implies
1,763,40,50,3,a
1,764,32,50,4,not_implied_by
1,765,25,32,10,not_b
1,766,61,77,14,not_and
1,767,11,26,4,not_implied_by
1,768,78,83,9,not_xor
1,769,68,82,11,implied_by
1,770,58,83,9,not_xor
1,771,13,29,9,not_xor
1,772,9,13,14,not_and
1,773,34,40,6,xor
1,774,8,25,6,xor
1,775,41,47,8,not_or
1,776,48,51,6,xor
1,777,39,44,7,or
1,778,63,88,5,b
1,779,24,29,8,not_or
1,780,2,15,4,not_implied_by
1,781,47,69,14,not_and
1,782,60,69,7,or
1,783,27,42,9,not_xor
1,784,37,47,5,b
1,785,61,65,8,not_or
1,786,9,15,5,b
1,787,20,45,2,not_implies
1,788,22,43,12,not_a
1,789,70,86,9,not_xor
1,790,56,72,7,or
1,791,23,24,11,implied_by
1,792,34,43,4,not_implied_by
1,793,29,33,2,not_implies
1,794,34,41,4,not_implied_by
1,795,58,64,10,not_b
1,796,18,32,9,not_xor
1,797,58,80,7,or
1,798,53,57,10,not_b
1,799,48,62,9,not_xor
1,800,52,66,11,implied_by
1,801,52,64,11,implied_by
1,802,9,36,10,not_b
1,803,68,72,10,not_b
1,804,3,18,3,a
1,805,72,73,7,or
1,806,10,15,9,not_xor
1,807,29,45,9,not_xor
1,808,15,31,7,or
1,809,1,13,9,not_xor
1,810,20,38,7,or
1,811,50,53,15,one
1,812,3,6,12,not_a
1,813,1,26,10,not_b
1,814,57,71,9,not_xor
1,815,15,26,3,a
1,816,25,33,9,not_xor
1,817,13,37,0,zero
1,818,21,43,9,not_xor
1,819,46,50,5,b
1,820,30,33,12,not_a
1,821,39,56,3,a
1,822,46,49,10,not_b
1,823,12,18,6,xor
1,824,37,48,4,not_implied_by
1,825,59,70,10,not_b
1,826,65,75,7,or
1,827,78,80,9,not_xor
1,828,41,48,7,or
1,829,62,80,7,or
1,830,20,43,1,and
1,831,10,18,9,not_xor
1,832,41,50,6,xor
1,833,29,30,12,not_a
1,834,14,33,15,one
1,835,15,23,5,b
1,836,68,87,8,not_or
1,837,70,71,9,not_xor
1,838,64,73,10,not_b
1,839,41,55,12,not_a
1,840,52,62,7,or
1,841,14,40,10,not_b
1,842,37,40,4,not_implied_by
1,843,28,35,13,implies
1,844,61,84,11,implied_by
1,845,14,24,6,xor
1,846,5,15,5,b
1,847,58,69,14,not_and
1,848,79,89,15,one
1,849,39,48,3,a
1,850,29,43,13,implies
1,851,54,58,12,not_a
1,852,29,47,13,implies
1,853,8,24,13,implies
1,854,46,70,12,not_a
1,855,31,33,9,not_xor
1,856,63,65,7,or
1,857,59,61,1,and
1,858,16,25,2,not_implies
1,859,20,29,4,not_implied_by
1,860,18,29,15,one
1,861,3,7,14,not_and
1,862,17,18,2,not_implies
1,863,68,88,6,xor
1,864,16,37,3,a
1,865,3,21,13,implies
1,866,51,67,14,not_and
1,867,18,38,2,not_implies
1,868,20,42,7,or
1,869,12,29,7,or
1,870,43,44,6,xor
1,871,54,60,1,and
1,872,14,31,8,not_or
1,873,45,61,8,not_or
1,874,45,63,9,not_xor
1,875,36,60,8,not_or
1,876,59,72,1,and
1,877,24,31,8,not_or
1,878,26,52,13,implies
1,879,48,52,7,or
1,880,48,64,4,not_implied_by
1,881,32,48,11,implied_by
1,882,12,34,5,b
1,883,65,83,5,b
1,884,11,33,3,a
1,885,55,76,2,not_implies
1,886,59,73,15,one
1,887,3,23,6,xor
1,888,65,85,13,implies
1,889,58,68,15,one
1,890,50,62,3,a
1,891,51,65,6,xor
1,892,68,78,1,and
1,893,51,75,9,not_xor
1,894,25,35,4,not_implied_by
1,895,77,80,13,implies
1,896,28,54,0,zero
1,897,53,66,7,or
1,898,73,82,7,or
1,899,8,30,1,and
1,900,29,35,9,not_xor
1,901,48,65,5,b
1,902,28,51,5,b
1,903,44,69,6,xor
1,904,25,26,11,implied_by
1,905,23,38,12,not_a
1,906,40,59,12,not_a
1,907,30,38,0,zero
1,908,7,23,8,not_or
1,909,30,55,0,zero
1,910,11,29,1,and
1,911,12,24,7,or
1,912,54,62,13,implies
1,913,19,30,13,implies
1,914,66,72,6,xor
1,915,63,85,4,not_implied_by
1,916,21,30,8,not_or
1,917,73,86,0,zero
1,918,60,85,10,not_b
1,919,9,32,7,or
1,920,55,79,9,not_xor
1,921,28,34,0,zero
1,922,50,75,14,not_and
1,923,73,81,9,not_xor
1,924,6,10,9,not_xor
1,925,40,48,10,not_b
1,926,18,39,6,xor
1,927,63,66,12,not_a
1,928,21,37,4,not_implied_by
1,929,10,20,4,not_implied_by
1,930,74,84,1,and
1,931,40,58,3,a
1,932,2,19,11,implied_by
1,933,8,10,9,not_xor
1,934,1,27,4,not_implied_by
1,935,73,85,6,xor
1,936,61,66,15,one
1,937,45,46,12,not_a
1,938,42,61,7,or
1,939,64,77,9,not_xor
1,940,3,27,2,not_implies
1,941,16,42,7,or
1,942,31,44,14,not_and
1,943,21,41,5,b
1,944,61,69,1,and
1,945,46,47,6,xor
1,946,12,16,4,not_implied_by
1,947,63,67,11,implied_by
1,948,40,66,3,a
1,949,51,64,13,implies
1,950,47,63,6,xor
1,951,49,57,9,not_xor
1,952,70,75,8,not_or
1,953,60,76,9,not_xor
1,954,56,67,2,not_implies
1,955,21,27,2,not_implies
1,956,88,89,3,a
1,957,0,12,9,not_xor
1,958,38,64,3,a
1,959,8,33,6,xor
1,960,65,72,4,not_implied_by
1,961,9,11,9,not_xor
1,962,34,46,2,not_implies
1,963,59,85,9,not_xor
1,964,52,59,12,not_a
1,965,39,47,4,not_implied_by
1,966,50,52,14,not_and
1,967,69,89,1,and
1,968,38,51,10,not_b
1,969,30,43,11,implied_by
1,970,18,33,10,not_b
1,971,17,20,6,xor
1,972,28,50,5,b
1,973,42,43,12,not_a
1,974,11,25,12,not_a
1,975,17,33,12,not_a
1,976,62,86,10,not_b
1,977,49,66,1,and
1,978,0,14,4,not_implied_by
1,979,20,36,9,not_xor
1,980,26,32,3,a
1,981,35,47,13,implies
1,982,15,35,12,not_a
1,983,24,42,6,xor
1,984,11,16,2,not_implies
1,985,69,75,9,not_xor
1,986,49,61,9,not_xor
1,987,81,86,2,not_implies
1,988,35,60,1,and
1,989,33,50,10,not_b
1,990,42,67,7,or
1,991,75,83,10,not_b
1,992,60,84,2,not_implies
1,993,42,58,13,implies
1,994,35,48,9,not_xor
1,995,71,83,15,one
1,996,17,23,7,or
1,997,71,79,2,not_implies
1,998,9,19,10,not_b
1,999,10,32,2,not_implies
1,1000,24,49,12,not_a
1,1001,44,61,1,and
1,1002,25,36,6,xor
1,1003,6,21,11,implied_by
1,1004,68,75,1,and
1,1005,58,59,14,not_and
1,1006,57,63,4,not_implied_by
1,1007,87,89,1,and
1,1008,21,47,12,not_a
1,1009,28,31,11,implied_by
1,1010,2,4,3,a
1,1011,60,61,4,not_implied_by
1,1012,77,83,14,not_and
1,1013,5,12,5,b
1,1014,14,17,13,implies
1,1015,32,34,13,implies
1,1016,85,86,11,implied_by
1,1017,14,35,6,xor
1,1018,22,39,3,a
1,1019,21,26,7,or
1,1020,42,59,9,not_xor
1,1021,19,35,9,not_xor
1,1022,74,77,8,not_or
1,1023,10,14,0,zero
1,1024,31,38,10,not_b
1,1025,54,74,3,a
1,1026,35,56,7,or
1,1027,65,86,12,not_a
1,1028,15,29,3,a
1,1029,68,73,4,not_implied_by
1,1030,26,37,2,not_implies
1,1031,1,11,12,not_a
1,1032,55,59,14,not_and
1,1033,30,53,10,not_b
1,1034,77,88,9,not_xor
1,1035,67,80,15,one
1,1036,31,45,5,b
1,1037,27,29,14,not_and
1,1038,45,52,7,or
1,1039,9,28,15,one
1,1040,34,59,5,b
1,1041,71,76,5,b
1,1042,30,42,9,not_xor
1,1043,69,88,2,not_implies
1,1044,44,54,3,a
1,1045,43,61,7,or
1,1046,36,57,11,implied_by
1,1047,16,24,7,or
1,1048,46,62,4,not_implied_by
1,1049,23,32,9,not_xor
1,1050,13,22,4,not_implied_by
1,1051,72,76,1,and
1,1052,35,58,13,implies
1,1053,5,28,10,not_b
1,1054,15,28,8,not_or
1,1055,5,10,11,implied_by
1,1056,52,68,4,not_implied_by
1,1057,42,60,14,not_and
1,1058,17,28,3,a
1,1059,23,37,7,or
1,1060,32,42,2,not_implies
1,1061,4,12,14,not_and
1,1062,7,21,5,b
1,1063,6,33,6,xor
1,1064,18,40,2,not_implies
1,1065,52,73,0,zero
1,1066,40,60,1,and
1,1067,67,86,9,not_xor
1,1068,1,15,11,implied_by
1,1069,11,28,3,a
1,1070,57,82,1,and
1,1071,8,14,11,implied_by
1,1072,19,37,13,implies
1,1073,69,79,9,not_xor
1,1074,66,85,14,not_and
1,1075,50,54,2,not_implies
1,1076,78,79,6,xor
1,1077,50,74,14,not_and
1,1078,10,24,4,not_implied_by
1,1079,48,50,2,not_implies
1,1080,13,18,8,not_or
1,1081,71,81,9,not_xor
1,1082,58,76,4,not_implied_by
1,1083,46,57,14,not_and
1,1084,29,44,15,one
1,1085,68,83,5,b
1,1086,42,46,13,implies
1,1087,34,52,0,zero
1,1088,52,78,0,zero
1,1089,43,58,6,xor
1,1090,59,65,2,not_implies
1,1091,50,66,8,not_or
1,1092,42,45,14,not_and
1,1093,7,15,5,b
1,1094,16,33,15,one
1,1095,63,73,0,zero
1,1096,25,27,9,not_xor
1,1097,43,62,3,a
1,1098,39,54,9,not_xor
1,1099,23,28,2,not_implies
1,1100,47,49,14,not_and
1,1101,12,31,9,not_xor
1,1102,60,81,5,b
1,1103,16,20,8,not_or
1,1104,40,44,1,and
1,1105,7,18,4,not_implied_by
1,1106,62,88,12,not_a
1,1107,10,35,7,or
1,1108,72,89,6,xor
1,1109,24,32,3,a
1,1110,50,67,5,b
1,1111,50,69,1,and
1,1112,7,13,5,b
1,1113,51,77,9,not_xor
1,1114,5,29,7,or
1,1115,56,57,11,implied_by
1,1116,5,7,4,not_implied_by
1,1117,9,33,2,not_implies
1,1118,37,41,1,and
1,1119,38,45,10,not_b
1,1120,60,77,12,not_a
1,1121,4,21,10,not_b
1,1122,28,37,14,not_and
1,1123,32,54,13,implies
1,1124,34,36,10,not_b
1,1125,61,87,7,or
1,1126,54,72,4,not_implied_by
1,1127,15,40,6,xor
1,1128,59,69,13,implies
1,1129,62,85,2,not_implies
1,1130,5,13,11,implied_by
1,1131,70,85,5,b
1,1132,41,49,3,a
1,1133,19,29,1,and
1,1134,65,68,15,one
1,1135,82,86,10,not_b
1,1136,58,74,6,xor
1,1137,64,81,2,not_implies
1,1138,40,46,12,not_a
1,1139,61,72,2,not_implies
1,1140,45,71,3,a
1,1141,47,48,6,xor
1,1142,36,62,13,implies
1,1143,27,53,6,xor
1,1144,33,44,7,or
1,1145,22,47,11,implied_by
1,1146,27,43,8,not_or
1,1147,40,63,15,one
1,1148,39,59,11,implied_by
1,1149,15,18,5,b
1,1150,4,26,4,not_implied_by
1,1151,13,20,7,or
1,1152,33,48,12,not_a
1,1153,30,46,12,not_a
1,1154,51,59,15,one
1,1155,16,41,6,xor
1,1156,71,89,13,implies
1,1157,58,73,11,implied_by
1,1158,13,16,2,not_implies
1,1159,9,14,9,not_xor
1,1160,20,41,9,not_xor
1,1161,83,88,0,zero
1,1162,39,40,3,a
1,1163,44,46,0,zero
1,1164,65,80,14,not_and
1,1165,53,73,0,zero
1,1166,11,23,14,not_and
1,1167,23,34,8,not_or
1,1168,64,76,8,not_or
1,1169,17,30,3,a
1,1170,24,50,8,not_or
1,1171,7,10,7,or
1,1172,23,29,2,not_implies
1,1173,58,65,8,not_or
1,1174,20,30,6,xor
1,1175,34,50,3,a
1,1176,45,59,9,not_xor
1,1177,38,40,12,not_a
1,1178,12,22,7,or
1,1179,54,78,14,not_and
1,1180,27,33,8,not_or
1,1181,35,45,7,or
1,1182,63,87,2,not_implies
1,1183,37,53,0,zero
1,1184,31,36,11,implied_by
1,1185,81,84,6,xor
1,1186,62,71,14,not_and
1,1187,21,44,9,not_xor
1,1188,17,19,3,a
1,1189,69,76,5,b
1,1190,39,64,7,or
1,1191,31,32,0,zero
1,1192,45,54,7,or
1,1193,24,48,3,a
1,1194,65,67,11,implied_by
1,1195,41,42,12,not_a
1,1196,22,31,7,or
1,1197,29,55,15,one
1,1198,62,70,5,b
1,1199,51,54,0,zero
1,1200,33,39,13,implies
1,1201,39,42,12,not_a
1,1202,49,60,3,a
1,1203,18,20,4,not_implied_by
1,1204,71,88,15,one
1,1205,38,46,0,zero
1,1206,8,19,5,b
1,1207,29,37,2,not_implies
1,1208,49,52,13,implies
1,1209,51,63,6,xor
1,1210,45,69,4,not_implied_by
1,1211,44,50,14,not_and
1,1212,4,17,0,zero
1,1213,83,84,15,one
1,1214,30,31,12,not_a
1,1215,66,70,1,and
1,1216,14,21,0,zero
1,1217,32,47,5,b
1,1218,32,52,14,not_and
1,1219,2,6,8,not_or
1,1220,30,51,1,and
1,1221,57,81,7,or
1,1222,18,43,9,not_xor
1,1223,25,30,1,and
1,1224,38,48,11,implied_by
1,1225,47,62,2,not_implies
1,1226,77,78,6,xor
1,1227,7,17,2,not_implies
1,1228,0,2,13,implies
1,1229,43,54,12,not_a
1,1230,32,33,2,not_implies
1,1231,16,26,8,not_or
1,1232,16,40,7,or
1,1233,0,27,13,implies
1,1234,23,26,7,or
1,1235,59,63,9,not_xor
1,1236,16,32,12,not_a
1,1237,40,45,2,not_implies
1,1238,25,38,7,or
1,1239,79,81,4,not_implied_by
1,1240,46,53,11,implied_by
1,1241,13,35,3,a
1,1242,7,25,13,implies
1,1243,23,25,15,one
1,1244,8,18,14,not_and
1,1245,62,76,13,implies
1,1246,33,34,2,not_implies
1,1247,62,75,6,xor
1,1248,61,75,13,implies
1,1249,63,89,5,b
1,1250,38,59,3,a
1,1251,11,20,2,not_implies
1,1252,44,45,4,not_implied_by
1,1253,57,69,8,not_or
1,1254,18,23,10,not_b
1,1255,47,64,0,zero
1,1256,66,76,11,implied_by
1,1257,79,87,4,not_implied_by
1,1258,53,58,10,not_b
1,1259,44,59,6,xor
1,1260,22,33,12,not_a
1,1261,3,29,1,and
1,1262,28,45,7,or
1,1263,75,86,3,a
1,1264,65,70,0,zero
1,1265,50,63,11,implied_by
1,1266,66,69,7,or
1,1267,50,68,10,not_b
1,1268,7,34,10,not_b
1,1269,46,65,4,not_implied_by
1,1270,73,76,11,implied_by
1,1271,60,79,15,one
1,1272,21,25,3,a
1,1273,14,34,5,b
1,1274,28,29,5,b
1,1275,28,43,8,not_or
1,1276,53,65,3,a
1,1277,69,77,6,xor
1,1278,0,20,5,b
1,1279,0,5,11,implied_by
1,1280,59,82,4,not_implied_by
1,1281,76,80,2,not_implies
1,1282,25,47,7,or
1,1283,47,52,8,not_or
1,1284,12,26,7,or
1,1285,34,48,5,b
1,1286,73,74,8,not_or
1,1287,72,74,0,zero
1,1288,43,46,6,xor
1,1289,5,6,6,xor
1,1290,6,7,15,one
1,1291,56,76,7,or
1,1292,48,55,2,not_implies
1,1293,26,46,2,not_implies
1,1294,66,78,2,not_implies
1,1295,4,14,10,not_b
1,1296,18,44,0,zero
1,1297,1,12,8,not_or
1,1298,72,77,14,not_and
1,1299,16,39,4,not_implied_by
1,1300,60,72,6,xor
1,1301,76,85,10,not_b
1,1302,26,45,6,xor
1,1303,13,36,5,b
1,1304,33,36,9,not_xor
1,1305,27,51,8,not_or
1,1306,2,23,10,not_b
1,1307,84,87,15,one
1,1308,40,61,9,not_xor
1,1309,51,66,11,implied_by
1,1310,40,62,12,not_a
1,1311,22,28,11,implied_by
1,1312,47,58,4,not_implied_by
1,1313,19,38,9,not_xor
1,1314,17,40,8,not_or
1,1315,1,6,1,and
1,1316,29,49,4,not_implied_by
1,1317,39,50,11,implied_by
1,1318,76,87,3,a
1,1319,4,22,7,or
1,1320,63,72,1,and
1,1321,6,24,1,and
1,1322,43,56,5,b
1,1323,55,62,15,one
1,1324,25,45,4,not_implied_by
1,1325,39,61,3,a
1,1326,32,49,0,zero
1,1327,18,30,4,not_implied_by
1,1328,24,28,13,implies
1,1329,34,38,7,or
1,1330,47,68,11,implied_by
1,1331,56,65,1,and
1,1332,54,56,9,not_xor
1,1333,72,82,9,not_xor
1,1334,43,49,8,not_or
1,1335,64,86,8,not_or
1,1336,39,58,13,implies
1,1337,39,46,2,not_implies
1,1338,62,68,2,not_implies
1,1339,33,58,1,and
1,1340,67,77,11,implied_by
1,1341,42,65,6,xor
1,1342,57,59,12,not_a
1,1343,26,28,11,implied_by
1,1344,41,64,6,xor
1,1345,15,21,8,not_or
1,1346,54,69,4,not_implied_by
1,1347,64,72,10,not_b
1,1348,22,27,12,not_a
1,1349,76,84,3,a
1,1350,54,64,10,not_b
1,1351,9,18,9,not_xor
1,1352,69,72,3,a
1,1353,39,41,7,or
1,1354,19,34,2,not_implies
1,1355,74,88,12,not_a
1,1356,75,81,9,not_xor
1,1357,74,81,6,xor
1,1358,36,42,5,b
1,1359,19,25,13,implies
1,1360,11,32,0,zero
1,1361,75,82,1,and
1,1362,53,67,7,or
1,1363,64,88,11,implied_by
1,1364,73,78,4,not_implied_by
1,1365,2,20,6,xor
1,1366,72,80,6,xor
1,1367,14,28,7,or
1,1368,0,15,14,not_and
1,1369,25,34,3,a
1,1370,65,73,10,not_b
1,1371,56,82,5,b
1,1372,44,63,9,not_xor
1,1373,9,20,5,b
1,1374,36,47,9,not_xor
1,1375,25,46,15,one
1,1376,13,38,3,a
1,1377,20,23,5,b
1,1378,14,36,11,implied_by
1,1379,20,39,5,b
1,1380,45,58,15,one
1,1381,7,26,6,xor
1,1382,34,53,6,xor
1,1383,72,83,9,not_xor
1,1384,30,45,10,not_b
1,1385,46,69,10,not_b
1,1386,74,75,15,one
1,1387,19,31,12,not_a
1,1388,36,44,12,not_a
1,1389,57,61,5,b
1,1390,64,85,11,implied_by
1,1391,16,38,11,implied_by
1,1392,55,63,6,xor
1,1393,60,70,6,xor
1,1394,11,13,0,zero
1,1395,11,18,9,not_xor
1,1396,7,12,2,not_implies
1,1397,15,33,8,not_or
1,1398,16,23,11,implied_by
1,1399,17,29,3,a
1,1400,37,61,7,or
1,1401,80,84,13,implies
1,1402,68,79,7,or
1,1403,44,48,4,not_implied_by
1,1404,8,34,8,not_or
1,1405,66,71,14,not_and
1,1406,66,80,7,or
1,1407,61,83,15,one
1,1408,63,76,5,b
1,1409,64,65,12,not_a
1,1410,67,72,9,not_xor
1,1411,66,82,3,a
1,1412,48,58,8,not_or
1,1413,7,33,14,not_and
1,1414,49,65,7,or
1,1415,35,52,10,not_b
1,1416,43,47,12,not_a
1,1417,21,40,12,not_a
1,1418,66,89,7,or
1,1419,11,21,2,not_implies
1,1420,16,21,4,not_implied_by
1,1421,34,44,3,a
1,1422,40,52,8,not_or
1,1423,19,45,12,not_a
1,1424,5,16,4,not_implied_by
1,1425,2,25,7,or
1,1426,4,5,12,not_a
1,1427,25,28,11,implied_by
1,1428,12,36,5,b
1,1429,31,35,11,implied_by
1,1430,71,82,2,not_implies
1,1431,28,42,5,b
1,1432,44,66,8,not_or
1,1433,36,53,1,and
1,1434,50,73,8,not_or
1,1435,40,57,13,implies
1,1436,3,19,9,not_xor
1,1437,18,24,11,implied_by
1,1438,27,46,10,not_b
1,1439,54,55,9,not_xor
1,1440,28,36,2,not_implies
1,1441,40,49,7,or
1,1442,60,67,0,zero
1,1443,46,51,3,a
1,1444,59,60,9,not_xor
1,1445,45,68,14,not_and
1,1446,12,19,0,zero
1,1447,32,38,5,b
1,1448,39,65,3,a
1,1449,18,21,7,or
1,1450,59,79,10,not_b
1,1451,56,66,11,implied_by
1,1452,31,41,6,xor
1,1453,77,87,12,not_a
1,1454,76,77,6,xor
1,1455,76,86,13,implies
1,1456,70,83,5,b
1,1457,77,79,6,xor
1,1458,45,65,6,xor
1,1459,54,71,7,or
1,1460,48,70,2,not_implies
1,1461,46,66,14,not_and
1,1462,73,80,6,xor
1,1463,15,24,12,not_a
1,1464,21,32,13,implies
1,1465,17,43,8,not_or
1,1466,39,53,12,not_a
1,1467,43,69,15,one
1,1468,57,70,1,and
1,1469,77,89,9,not_xor
1,1470,49,56,3,a
1,1471,53,60,0,zero
1,1472,19,41,5,b
1,1473,6,12,15,one
1,1474,65,87,6,xor
1,1475,29,42,6,xor
1,1476,31,57,0,zero
1,1477,62,63,6,xor
1,1478,33,37,7,or
1,1479,25,40,10,not_b
1,1480,6,30,5,b
1,1481,21,45,12,not_a
1,1482,38,44,5,b
1,1483,2,22,2,not_implies
1,1484,22,38,3,a
1,1485,59,64,2,not_implies
1,1486,6,17,9,not_xor
1,1487,61,63,12,not_a
1,1488,8,15,6,xor
1,1489,66,74,14,not_and
1,1490,15,39,12,not_a
1,1491,45,70,8,not_or
1,1492,53,77,5,b
1,1493,49,51,0,zero
1,1494,39,63,1,and
1,1495,22,24,2,not_implies
1,1496,12,33,4,not_implied_by
1,1497,9,24,11,implied_by
1,1498,27,38,5,b
1,1499,54,61,9,not_xor
1,1500,49,62,15,one
1,1501,50,56,2,not_implies
1,1502,41,62,9,not_xor
1,1503,32,57,6,xor
1,1504,15,38,3,a
1,1505,56,75,10,not_b
1,1506,63,84,5,b
1,1507,55,81,9,not_xor
1,1508,24,25,6,xor
1,1509,54,79,2,not_implies
1,1510,37,59,4,not_implied_by
1,1511,37,51,14,not_and
1,1512,12,30,15,one
1,1513,52,67,15,one
1,1514,42,50,13,implies
1,1515,40,47,10,not_b
1,1516,77,82,13,implies
1,1517,7,29,7,or
1,1518,73,87,7,or
1,1519,11,22,2,not_implies
1,1520,28,48,12,not_a
1,1521,54,66,5,b
1,1522,61,82,6,xor
1,1523,11,15,9,not_xor
1,1524,21,23,10,not_b
1,1525,69,87,11,implied_by
1,1526,17,22,12,not_a
1,1527,26,29,9,not_xor
1,1528,11,12,14,not_and
1,1529,18,42,14,not_and
1,1530,12,17,5,b
1,1531,52,70,8,not_or
1,1532,17,38,8,not_or
1,1533,32,41,9,not_xor
1,1534,22,37,13,implies
1,1535,39,57,3,a
1,1536,0,17,13,implies
1,1537,84,86,10,not_b
1,1538,61,85,6,xor
1,1539,15,36,3,a
1,1540,0,24,11,implied_by
1,1541,1,20,10,not_b
1,1542,57,83,4,not_implied_by
1,1543,23,48,0,zero
1,1544,28,44,9,not_xor
1,1545,9,25,14,not_and
1,1546,66,75,7,or
1,1547,45,55,4,not_implied_by
1,1548,47,67,3,a
1,1549,21,34,9,not_xor
1,1550,49,64,13,implies
1,1551,68,81,14,not_and
1,1552,28,46,4,not_implied_by
1,1553,19,21,6,xor
1,1554,31,52,7,or
1,1555,13,32,1,and
1,1556,0,11,12,not_a
1,1557,56,74,4,not_implied_by
1,1558,54,73,11,implied_by
1,1559,37,45,10,not_b
1,1560,45,67,7,or
1,1561,66,73,2,not_implies
1,1562,23,44,6,xor
1,1563,16,19,4,not_implied_by
1,1564,30,44,10,not_b
1,1565,35,57,6,xor
1,1566,14,16,3,a
1,1567,75,79,12,not_a
1,1568,57,68,3,a
1,1569,0,3,3,a
1,1570,61,73,9,not_xor
1,1571,38,55,0,zero
1,1572,72,88,2,not_implies
1,1573,28,52,15,one
1,1574,11,19,10,not_b
1,1575,42,49,7,or
1,1576,45,60,3,a
1,1577,7,24,10,not_b
1,1578,44,65,1,and
1,1579,50,71,14,not_and
1,1580,27,44,6,xor
1,1581,32,53,13,implies
1,1582,21,42,13,implies
1,1583,50,58,15,one
1,1584,23,43,1,and
1,1585,3,4,15,one
1,1586,13,30,1,and
1,1587,37,50,10,not_b
1,1588,2,27,2,not_implies
1,1589,39,49,7,or
1,1590,3,8,6,xor
1,1591,45,66,3,a
1,1592,3,17,10,not_b
1,1593,39,55,12,not_a
1,1594,64,75,13,implies
1,1595,10,34,3,a
1,1596,47,55,1,and
1,1597,80,81,15,one
1,1598,25,49,14,not_and
1,1599,48,53,1,and
1,1600,48,56,9,not_xor
1,1601,66,88,13,implies
1,1602,32,44,9,not_xor
1,1603,79,86,8,not_or
1,1604,60,86,1,and
1,1605,61,71,4,not_implied_by
1,1606,75,85,7,or
1,1607,31,55,5,b
1,1608,9,16,13,implies
1,1609,12,21,12,not_a
1,1610,33,54,0,zero
1,1611,8,20,12,not_a
1,1612,70,81,8,not_or
1,1613,68,86,10,not_b
1,1614,26,39,4,not_implied_by
1,1615,34,54,4,not_implied_by
1,1616,14,22,14,not_and
1,1617,30,32,13,implies
1,1618,49,67,14,not_and
1,1619,48,49,11,implied_by
1,1620,48,69,9,not_xor
1,1621,52,63,15,one
1,1622,9,17,10,not_b
1,1623,14,38,11,implied_by
1,1624,4,8,10,not_b
1,1625,18,41,4,not_implied_by
1,1626,7,31,6,xor
1,1627,3,28,2,not_implies
1,1628,77,86,10,not_b
1,1629,44,67,0,zero
1,1630,72,75,11,implied_by
1,1631,25,44,0,zero
1,1632,4,23,8,not_or
1,1633,19,33,15,one
1,1634,12,37,0,zero
1,1635,3,11,6,xor
1,1636,27,32,14,not_and
1,1637,42,48,12,not_a
1,1638,26,30,2,not_implies
1,1639,50,61,4,not_implied_by
1,1640,55,75,1,and
1,1641,5,26,10,not_b
1,1642,55,71,2,not_implies
1,1643,35,46,0,zero
1,1644,50,55,6,xor
1,1645,19,27,7,or
1,1646,60,75,11,implied_by
1,1647,67,88,8,not_or
1,1648,61,86,9,not_xor
1,1649,54,65,7,or
1,1650,52,58,6,xor
1,1651,18,31,7,or
1,1652,74,80,8,not_or
1,1653,47,54,15,one
1,1654,79,82,2,not_implies
1,1655,32,56,1,and
1,1656,63,83,5,b
1,1657,60,80,9,not_xor
1,1658,31,34,8,not_or
1,1659,35,50,7,or
1,1660,19,26,9,not_xor
1,1661,30,54,13,implies
1,1662,38,56,2,not_implies
1,1663,72,81,14,not_and
1,1664,34,37,13,implies
1,1665,29,48,11,implied_by
1,1666,24,45,13,implies
1,1667,7,11,3,a
1,1668,12,25,13,implies
1,1669,53,72,2,not_implies
1,1670,19,36,6,xor
1,1671,38,42,8,not_or
1,1672,67,82,6,xor
1,1673,27,49,0,zero
1,1674,0,16,12,not_a
1,1675,79,80,10,not_b
1,1676,79,84,7,or
1,1677,66,81,6,xor
1,1678,2,28,9,not_xor
1,1679,85,89,11,implied_by
1,1680,63,82,14,not_and
1,1681,30,49,11,implied_by
1,1682,53,56,11,implied_by
1,1683,48,74,14,not_and
1,1684,74,82,7,or
1,1685,34,60,14,not_and
1,1686,64,78,9,not_xor
1,1687,21,36,13,implies
1,1688,71,74,9,not_xor
1,1689,29,40,5,b
1,1690,45,48,6,xor
1,1691,43,51,12,not_a
1,1692,19,42,6,xor
1,1693,41,65,14,not_and
1,1694,23,46,3,a
1,1695,65,76,10,not_b
1,1696,0,4,9,not_xor
1,1697,43,53,13,implies
1,1698,64,79,6,xor
1,1699,58,79,4,not_implied_by
1,1700,64,89,9,not_xor
1,1701,59,81,13,implies
1,1702,63,77,4,not_implied_by
1,1703,52,76,4,not_implied_by
1,1704,76,83,4,not_implied_by
1,1705,26,35,9,not_xor
1,1706,34,56,14,not_and
1,1707,43,66,8,not_or
1,1708,26,36,6,xor
1,1709,64,66,9,not_xor
1,1710,71,75,9,not_xor
1,1711,80,85,7,or
1,1712,58,71,11,implied_by
1,1713,3,20,0,zero
1,1714,43,60,13,implies
1,1715,71,86,11,implied_by
1,1716,75,78,8,not_or
1,1717,27,41,8,not_or
1,1718,57,80,0,zero
1,1719,64,74,0,zero
1,1720,7,19,8,not_or
1,1721,28,39,6,xor
1,1722,37,38,6,xor
1,1723,78,89,3,a
1,1724,48,71,7,or
1,1725,55,69,0,zero
1,1726,58,72,4,not_implied_by
1,1727,48,73,13,implies
1,1728,0,22,10,not_b
1,1729,2,13,1,and
1,1730,43,63,7,or
1,1731,13,31,5,b
1,1732,27,40,4,not_implied_by
1,1733,23,49,2,not_implies
1,1734,28,49,1,and
1,1735,57,78,7,or
1,1736,22,29,12,not_a
1,1737,51,68,7,or
1,1738,36,56,1,and
1,1739,70,74,5,b
1,1740,6,8,10,not_b
1,1741,60,64,11,implied_by
1,1742,64,82,13,implies
1,1743,9,12,13,implies
1,1744,47,70,14,not_and
1,1745,31,43,4,not_implied_by
1,1746,22,25,11,implied_by
1,1747,1,17,4,not_implied_by
1,1748,10,12,7,or
1,1749,16,29,7,or
1,1750,26,50,9,not_xor
1,1751,7,22,6,xor
1,1752,66,79,2,not_implies
1,1753,10,27,9,not_xor
1,1754,26,48,3,a
1,1755,76,78,3,a
1,1756,12,28,5,b
1,1757,60,74,2,not_implies
1,1758,72,87,6,xor
1,1759,72,84,11,implied_by
1,1760,74,76,6,xor
1,1761,41,59,6,xor
1,1762,75,84,7,or
1,1763,12,35,13,implies
1,1764,32,45,6,xor
1,1765,75,87,0,zero
1,1766,70,76,6,xor
1,1767,77,81,6,xor
1,1768,51,57,1,and
1,1769,20,31,5,b
1,1770,23,30,12,not_a
1,1771,67,76,10,not_b
1,1772,1,5,8,not_or
1,1773,40,41,7,or
1,1774,44,52,4,not_implied_by
1,1775,35,41,6,xor
1,1776,3,26,5,b
1,1777,45,57,5,b
1,1778,32,58,2,not_implies
1,1779,60,66,0,zero
1,1780,33,56,10,not_b
1,1781,1,18,5,b
1,1782,0,7,4,not_implied_by
1,1783,25,48,2,not_implies
1,1784,8,26,5,b
1,1785,82,84,12,not_a
1,1786,43,55,14,not_and
1,1787,25,43,9,not_xor
1,1788,41,57,6,xor
1,1789,13,15,7,or
1,1790,43,45,5,b
1,1791,68,76,1,and
1,1792,22,40,11,implied_by
1,1793,51,69,11,implied_by
1,1794,42,44,1,and
1,1795,6,13,1,and
1,1796,15,32,12,not_a
1,1797,48,66,14,not_and
1,1798,30,36,4,not_implied_by
1,1799,61,76,13,implies
1,1800,10,17,11,implied_by
1,1801,60,83,14,not_and
1,1802,13,39,9,not_xor
1,1803,48,63,9,not_xor
1,1804,24,36,8,not_or
1,1805,36,58,2,not_implies
1,1806,35,59,9,not_xor
1,1807,54,77,5,b
1,1808,20,40,12,not_a
1,1809,36,43,3,a
1,1810,48,57,13,implies
1,1811,40,65,12,not_a
1,1812,55,67,4,not_implied_by
1,1813,57,73,15,one
1,1814,61,81,4,not_implied_by
1,1815,40,51,8,not_or
1,1816,2,3,6,xor
1,1817,41,54,3,a
1,1818,18,25,6,xor
1,1819,68,69,12,not_a
1,1820,13,24,12,not_a
1,1821,55,72,2,not_implies
1,1822,15,41,6,xor
1,1823,57,74,10,not_b
1,1824,81,88,2,not_implies
1,1825,67,74,2,not_implies
1,1826,78,84,15,one
1,1827,46,56,2,not_implies
1,1828,19,32,3,a
1,1829,35,40,3,a
1,1830,72,78,6,xor
1,1831,33,45,9,not_xor
1,1832,9,10,7,or
1,1833,54,63,9,not_xor
1,1834,56,73,6,xor
1,1835,6,28,2,not_implies
1,1836,18,27,3,a
1,1837,68,74,13,implies
1,1838,57,79,8,not_or
1,1839,18,19,6,xor
1,1840,9,29,7,or
1,1841,27,52,15,one
1,1842,49,58,9,not_xor
1,1843,68,84,2,not_implies
1,1844,62,77,1,and
1,1845,6,9,5,b
1,1846,58,62,0,zero
1,1847,29,39,1,and
1,1848,21,33,15,one
1,1849,55,74,6,xor
1,1850,32,51,14,not_and
1,1851,73,77,7,or
1,1852,33,41,5,b
1,1853,43,59,8,not_or
1,1854,50,76,1,and
1,1855,42,53,14,not_and
1,1856,51,55,8,not_or
1,1857,65,66,8,not_or
1,1858,12,15,5,b
1,1859,36,54,0,zero
1,1860,5,22,8,not_or
1,1861,40,56,4,not_implied_by
1,1862,49,70,13,implies
1,1863,15,22,1,and
1,1864,39,51,7,or
1,1865,24,37,6,xor
1,1866,29,51,3,a
1,1867,62,67,15,one
1,1868,22,36,13,implies
1,1869,27,47,2,not_implies
1,1870,42,62,12,not_a
1,1871,31,54,3,a
1,1872,51,71,7,or
1,1873,33,43,10,not_b
1,1874,3,5,4,not_implied_by
1,1875,10,19,10,not_b
1,1876,56,60,14,not_and
1,1877,37,56,8,not_or
1,1878,66,83,10,not_b
1,1879,51,73,13,implies
1,1880,29,54,1,and
1,1881,8,32,15,one
1,1882,14,30,2,not_implies
1,1883,17,32,4,not_implied_by
1,1884,14,39,10,not_b
1,1885,38,43,3,a
1,1886,42,68,3,a
1,1887,51,56,6,xor
1,1888,49,59,11,implied_by
1,1889,31,51,15,one
1,1890,26,51,8,not_or
1,1891,32,39,6,xor
1,1892,50,65,9,not_xor
1,1893,10,36,7,or
1,1894,56,63,0,zero
1,1895,24,46,7,or
1,1896,69,84,13,implies
1,1897,49,69,3,a
1,1898,66,87,4,not_implied_by
1,1899,26,43,12,not_a
1,1900,47,66,8,not_or
1,1901,9,22,8,not_or
1,1902,67,83,10,not_b
1,1903,67,75,10,not_b
1,1904,17,27,2,not_implies
1,1905,78,86,2,not_implies
1,1906,20,34,8,not_or
1,1907,2,17,10,not_b
1,1908,6,31,11,implied_by
1,1909,68,80,12,not_a
1,1910,44,49,6,xor
1,1911,70,72,10,not_b
1,1912,17,21,12,not_a
1,1913,69,81,8,not_or
1,1914,51,72,10,not_b
1,1915,68,77,6,xor
1,1916,42,63,2,not_implies
1,1917,38,54,13,implies
1,1918,4,27,5,b
1,1919,45,51,9,not_xor
1,1920,25,37,2,not_implies
1,1921,82,85,8,not_or
1,1922,4,11,14,not_and
1,1923,36,40,2,not_implies
1,1924,53,61,3,a
1,1925,26,27,3,a
1,1926,4,19,3,a
1,1927,55,80,9,not_xor
1,1928,67,70,5,b
1,1929,55,73,3,a
1,1930,62,74,15,one
1,1931,36,39,14,not_and
1,1932,45,62,15,one
1,1933,55,77,14,not_and
1,1934,21,22,8,not_or
1,1935,11,34,15,one
1,1936,66,86,6,xor
1,1937,7,16,10,not_b
1,1938,46,48,8,not_or
1,1939,79,83,9,not_xor
1,1940,27,48,4,not_implied_by
1,1941,11,27,12,not_a
1,1942,2,5,6,xor
1,1943,69,71,15,one
1,1944,62,81,10,not_b
1,1945,33,49,13,implies
1,1946,2,18,6,xor
1,1947,32,35,9,not_xor
1,1948,74,86,7,or
1,1949,58,61,7,or
1,1950,55,78,6,xor
1,1951,1,7,13,implies
1,1952,2,9,13,implies
1,1953,65,78,9,not_xor
1,1954,6,20,6,xor
1,1955,18,36,10,not_b
1,1956,28,33,6,xor
1,1957,62,72,9,not_xor
1,1958,36,37,8,not_or
1,1959,10,25,14,not_and
1,1960,43,65,12,not_a
1,1961,85,88,3,a
1,1962,54,57,1,and
1,1963,14,26,7,or
1,1964,61,70,1,and
1,1965,25,42,8,not_or
1,1966,12,14,0,zero
1,1967,47,61,7,or
1,1968,44,58,13,implies
1,1969,69,85,9,not_xor
1,1970,22,32,14,not_and
1,1971,22,26,12,not_a
1,1972,9,35,7,or
1,1973,70,80,6,xor
1,1974,37,63,9,not_xor
1,1975,19,20,13,implies
1,1976,29,52,11,implied_by
1,1977,56,69,2,not_implies
1,1978,6,18,5,b
1,1979,43,67,14,not_and
1,1980,28,40,2,not_implies
1,1981,64,71,0,zero
1,1982,75,77,10,not_b
1,1983,66,77,8,not_or
1,1984,10,11,4,not_implied_by
1,1985,6,29,13,implies
1,1986,57,76,10,not_b
1,1987,54,70,13,implies
1,1988,58,63,14,not_and
1,1989,52,61,15,one
1,1990,35,61,10,not_b
1,1991,37,52,7,or
1,1992,65,84,7,or
1,1993,1,16,11,implied_by
1,1994,7,32,8,not_or
1,1995,37,60,5,b
1,1996,22,41,11,implied_by
1,1997,67,73,9,not_xor
1,1998,5,20,9,not_xor
1,1999,44,56,13,implies
2,0,70,71,0,zero
2,1,301,302,10,not_b
2,2,876,877,11,implied_by
2,3,390,391,1,and
2,4,1392,1393,11,implied_by
2,5,121,122,10,not_b
2,6,1129,1130,10,not_b
2,7,1398,1399,12,not_a
2,8,1937,1938,14,not_and
2,9,1868,1869,15,one
2,10,1,2,9,not_xor
2,11,913,914,9,not_xor
2,12,1035,1036,6,xor
2,13,1492,1493,7,or
2,14,675,676,11,implied_by
2,15,194,195,1,and
2,16,932,933,7,or
2,17,969,970,6,xor
2,18,157,158,2,not_implies
2,19,682,683,5,b
2,20,1907,1908,9,not_xor
2,21,360,361,6,xor
2,22,333,334,6,xor
2,23,412,413,10,not_b
2,24,636,637,4,not_implied_by
2,25,1046,1047,11,implied_by
2,26,166,167,4,not_implied_by
2,27,998,999,13,implies
2,28,625,626,3,a
2,29,1536,1537,12,not_a
2,30,1885,1886,5,b
2,31,1431,1432,3,a
2,32,416,417,11,implied_by
2,33,1587,1588,13,implies
2,34,1433,1434,1,and
2,35,1576,1577,3,a
2,36,14,15,15,one
2,37,399,400,3,a
2,38,733,734,8,not_or
2,39,1773,1774,9,not_xor
2,40,569,570,3,a
2,41,1553,1554,9,not_xor
2,42,1168,1169,8,not_or
2,43,447,448,7,or
2,44,234,235,6,xor
2,45,29,30,6,xor
2,46,1497,1498,4,not_implied_by
2,47,1423,1424,15,one
2,48,1007,1008,11,implied_by
2,49,872,873,11,implied_by
2,50,1138,1139,3,a
2,51,475,476,12,not_a
2,52,858,859,9,not_xor
2,53,305,306,1,and
2,54,1785,1786,12,not_a
2,55,100,101,9,not_xor
2,56,1573,1574,10,not_b
2,57,805,806,2,not_implies
2,58,1807,1808,9,not_xor
2,59,1429,1430,1,and
2,60,557,558,9,not_xor
2,61,321,322,4,not_implied_by
2,62,951,952,1,and
2,63,1624,1625,7,or
2,64,637,638,15,one
2,65,114,115,11,implied_by
2,66,1321,1322,3,a
2,67,353,354,2,not_implies
2,68,931,932,14,not_and
2,69,1959,1960,14,not_and
2,70,673,674,7,or
2,71,1005,1006,15,one
2,72,1499,1500,12,not_a
2,73,292,293,6,xor
2,74,543,544,5,b
2,75,1943,1944,2,not_implies
2,76,1985,1986,9,not_xor
2,77,652,653,3,a
2,78,632,633,0,zero
2,79,1779,1780,10,not_b
2,80,1171,1172,1,and
2,81,1167,1168,4,not_implied_by
2,82,609,610,13,implies
2,83,1766,1767,4,not_implied_by
2,84,545,546,14,not_and
2,85,756,757,3,a
2,86,1941,1942,14,not_and
2,87,32,33,3,a
2,88,19,20,11,implied_by
2,89,1736,1737,14,not_and
2,90,295,296,8,not_or
2,91,1298,1299,1,and
2,92,970,971,6,xor
2,93,1861,1862,11,implied_by
2,94,1141,1142,3,a
2,95,956,957,10,not_b
2,96,1479,1480,14,not_and
2,97,25,26,5,b
2,98,1879,1880,15,one
2,99,1274,1275,9,not_xor
2,100,331,332,12,not_a
2,101,1074,1075,9,not_xor
2,102,1903,1904,12,not_a
2,103,235,236,0,zero
2,104,15,16,5,b
2,105,1916,1917,12,not_a
2,106,1165,1166,11,implied_by
2,107,245,246,15,one
2,108,1818,1819,14,not_and
2,109,293,294,1,and
2,110,1776,1777,3,a
2,111,1772,1773,1,and
2,112,1992,1993,15,one
2,113,397,398,3,a
2,114,1482,1483,4,not_implied_by
2,115,1195,1196,8,not_or
2,116,267,268,12,not_a
2,117,213,214,10,not_b
2,118,1761,1762,9,not_xor
2,119,254,255,6,xor
2,120,1468,1469,4,not_implied_by
2,121,828,829,6,xor
2,122,930,931,4,not_implied_by
2,123,975,976,14,not_and
2,124,1851,1852,7,or
2,125,155,156,8,not_or
2,126,278,279,14,not_and
2,127,269,270,12,not_a
2,128,537,538,15,one
2,129,1449,1450,1,and
2,130,270,271,14,not_and
2,131,764,765,7,or
2,132,115,116,6,xor
2,133,1241,1242,1,and
2,134,1415,1416,10,not_b
2,135,285,286,4,not_implied_by
2,136,1855,1856,2,not_implies
2,137,1217,1218,5,b
2,138,801,802,14,not_and
2,139,1045,1046,4,not_implied_by
2,140,567,568,12,not_a
2,141,1998,1999,6,xor
2,142,1318,1319,10,not_b
2,143,862,863,7,or
2,144,794,795,14,not_and
2,145,785,786,10,not_b
2,146,1991,1992,15,one
2,147,1148,1149,7,or
2,148,434,435,4,not_implied_by
2,149,283,284,6,xor
2,150,946,947,15,one
2,151,1198,1199,11,implied_by
2,152,282,283,15,one
2,153,1768,1769,12,not_a
2,154,618,619,4,not_implied_by
2,155,738,739,9,not_xor
2,156,471,472,15,one
2,157,249,250,9,not_xor
2,158,1578,1579,9,not_xor
2,159,710,711,12,not_a
2,160,134,135,2,not_implies
2,161,1839,1840,4,not_implied_by
2,162,80,81,9,not_xor
2,163,1881,1882,0,zero
2,164,233,234,9,not_xor
2,165,1599,1600,13,implies
2,166,1379,1380,4,not_implied_by
2,167,342,343,7,or
2,168,205,206,12,not_a
2,169,1986,1987,14,not_and
2,170,1463,1464,2,not_implies
2,171,1051,1052,0,zero
2,172,1748,1749,14,not_and
2,173,481,482,7,or
2,174,742,743,11,implied_by
2,175,137,138,2,not_implies
2,176,231,232,7,or
2,177,509,510,6,xor
2,178,302,303,13,implies
2,179,1207,1208,7,or
2,180,1223,1224,11,implied_by
2,181,1524,1525,11,implied_by
2,182,1752,1753,8,not_or
2,183,443,444,5,b
2,184,1079,1080,11,implied_by
2,185,56,57,2,not_implies
2,186,1953,1954,15,one
2,187,296,297,3,a
2,188,1146,1147,12,not_a
2,189,759,760,3,a
2,190,1731,1732,10,not_b
2,191,1013,1014,5,b
2,192,45,46,8,not_or
2,193,1639,1640,15,one
2,194,351,352,10,not_b
2,195,986,987,9,not_xor
2,196,639,640,5,b
2,197,11,12,6,xor
2,198,220,221,6,xor
2,199,1565,1566,3,a
2,200,421,422,2,not_implies
2,201,1102,1103,8,not_or
2,202,1224,1225,8,not_or
2,203,48,49,6,xor
2,204,1920,1921,7,or
2,205,208,209,5,b
2,206,500,501,2,not_implies
2,207,1027,1028,4,not_implied_by
2,208,1880,1881,12,not_a
2,209,354,355,4,not_implied_by
2,210,1972,1973,2,not_implies
2,211,95,96,11,implied_by
2,212,904,905,10,not_b
2,213,671,672,14,not_and
2,214,352,353,1,and
2,215,1361,1362,3,a
2,216,914,915,13,implies
2,217,1821,1822,8,not_or
2,218,615,616,7,or
2,219,1391,1392,8,not_or
2,220,944,945,1,and
2,221,687,688,10,not_b
2,222,388,389,7,or
2,223,1435,1436,3,a
2,224,1726,1727,4,not_implied_by
2,225,31,32,13,implies
2,226,1284,1285,3,a
2,227,1656,1657,3,a
2,228,1025,1026,3,a
2,229,1900,1901,14,not_and
2,230,1110,1111,10,not_b
2,231,612,613,3,a
2,232,971,972,11,implied_by
2,233,1603,1604,12,not_a
2,234,1877,1878,9,not_xor
2,235,1679,1680,2,not_implies
2,236,163,164,7,or
2,237,1106,1107,10,not_b
2,238,112,113,12,not_a
2,239,909,910,6,xor
2,240,279,280,0,zero
2,241,1244,1245,15,one
2,242,541,542,7,or
2,243,1360,1361,14,not_and
2,244,1989,1990,1,and
2,245,1089,1090,9,not_xor
2,246,1595,1596,11,implied_by
2,247,30,31,3,a
2,248,1345,1346,7,or
2,249,1349,1350,3,a
2,250,39,40,9,not_xor
2,251,44,45,4,not_implied_by
2,252,1462,1463,0,zero
2,253,1077,1078,10,not_b
2,254,1015,1016,10,not_b
2,255,433,434,15,one
2,256,1152,1153,10,not_b
2,257,1065,1066,6,xor
2,258,1569,1570,12,not_a
2,259,824,825,14,not_and
2,260,105,106,9,not_xor
2,261,1834,1835,2,not_implies
2,262,823,824,13,implies
2,263,922,923,14,not_and
2,264,1704,1705,3,a
2,265,1858,1859,7,or
2,266,607,608,6,xor
2,267,1467,1468,11,implied_by
2,268,1579,1580,5,b
2,269,1442,1443,1,and
2,270,1765,1766,2,not_implies
2,271,657,658,5,b
2,272,775,776,3,a
2,273,1450,1451,10,not_b
2,274,685,686,7,or
2,275,996,997,14,not_and
2,276,495,496,8,not_or
2,277,435,436,10,not_b
2,278,766,767,1,and
2,279,418,419,11,implied_by
2,280,1651,1652,6,xor
2,281,916,917,6,xor
2,282,1701,1702,9,not_xor
2,283,780,781,6,xor
2,284,1831,1832,13,implies
2,285,1514,1515,13,implies
2,286,310,311,0,zero
2,287,1738,1739,10,not_b
2,288,1993,1994,2,not_implies
2,289,1562,1563,12,not_a
2,290,404,405,12,not_a
2,291,484,485,10,not_b
2,292,906,907,3,a
2,293,309,310,5,b
2,294,635,636,3,a
2,295,1756,1757,13,implies
2,296,1154,1155,15,one
2,297,613,614,3,a
2,298,877,878,3,a
2,299,1512,1513,15,one
2,300,1724,1725,4,not_implied_by
2,301,133,134,10,not_b
2,302,1797,1798,14,not_and
2,303,751,752,10,not_b
2,304,1933,1934,5,b
2,305,1594,1595,9,not_xor
2,306,773,774,3,a
2,307,1174,1175,6,xor
2,308,1489,1490,15,one
2,309,1099,1100,3,a
2,310,621,622,3,a
2,311,275,276,9,not_xor
2,312,610,611,1,and
2,313,1448,1449,5,b
2,314,1983,1984,15,one
2,315,1288,1289,14,not_and
2,316,261,262,12,not_a
2,317,1919,1920,13,implies
2,318,1574,1575,5,b
2,319,1838,1839,13,implies
2,320,1815,1816,9,not_xor
2,321,1271,1272,14,not_and
2,322,1249,1250,14,not_and
2,323,43,44,14,not_and
2,324,1529,1530,2,not_implies
2,325,202,203,3,a
2,326,899,900,10,not_b
2,327,1282,1283,13,implies
2,328,941,942,4,not_implied_by
2,329,1598,1599,5,b
2,330,1618,1619,14,not_and
2,331,1922,1923,5,b
2,332,104,105,10,not_b
2,333,1230,1231,10,not_b
2,334,230,231,14,not_and
2,335,683,684,12,not_a
2,336,177,178,6,xor
2,337,1452,1453,12,not_a
2,338,1456,1457,1,and
2,339,1314,1315,2,not_implies
2,340,1895,1896,12,not_a
2,341,1279,1280,10,not_b
2,342,1971,1972,4,not_implied_by
2,343,1918,1919,7,or
2,344,1570,1571,13,implies
2,345,1426,1427,6,xor
2,346,1693,1694,4,not_implied_by
2,347,391,392,1,and
2,348,1248,1249,2,not_implies
2,349,341,342,5,b
2,350,1975,1976,0,zero
2,351,1016,1017,2,not_implies
2,352,784,785,11,implied_by
2,353,1395,1396,15,one
2,354,745,746,0,zero
2,355,1721,1722,2,not_implies
2,356,1666,1667,1,and
2,357,929,930,12,not_a
2,358,1108,1109,13,implies
2,359,1458,1459,12,not_a
2,360,1203,1204,1,and
2,361,1866,1867,8,not_or
2,362,597,598,1,and
2,363,1488,1489,4,not_implied_by
2,364,768,769,3,a
2,365,631,632,15,one
2,366,85,86,9,not_xor
2,367,540,541,0,zero
2,368,442,443,3,a
2,369,1105,1106,3,a
2,370,1498,1499,9,not_xor
2,371,1747,1748,7,or
2,372,1204,1205,2,not_implies
2,373,1226,1227,13,implies
2,374,765,766,10,not_b
2,375,949,950,13,implies
2,376,196,197,1,and
2,377,1658,1659,6,xor
2,378,328,329,12,not_a
2,379,1966,1967,10,not_b
2,380,414,415,1,and
2,381,961,962,14,not_and
2,382,1923,1924,3,a
2,383,1988,1989,9,not_xor
2,384,680,681,10,not_b
2,385,803,804,9,not_xor
2,386,985,986,10,not_b
2,387,2,3,9,not_xor
2,388,1667,1668,14,not_and
2,389,959,960,13,implies
2,390,565,566,10,not_b
2,391,953,954,9,not_xor
2,392,848,849,13,implies
2,393,1095,1096,8,not_or
2,394,1745,1746,4,not_implied_by
2,395,165,166,12,not_a
2,396,907,908,5,b
2,397,376,377,2,not_implies
2,398,272,273,3,a
2,399,1307,1308,1,and
2,400,585,586,2,not_implies
2,401,1844,1845,2,not_implies
2,402,934,935,7,or
2,403,1328,1329,5,b
2,404,446,447,6,xor
2,405,1507,1508,3,a
2,406,1674,1675,14,not_and
2,407,132,133,3,a
2,408,129,130,14,not_and
2,409,1369,1370,15,one
2,410,624,625,8,not_or
2,411,252,253,9,not_xor
2,412,1346,1347,12,not_a
2,413,1952,1953,12,not_a
2,414,938,939,6,xor
2,415,146,147,8,not_or
2,416,1324,1325,12,not_a
2,417,8,9,11,implied_by
2,418,576,577,1,and
2,419,966,967,2,not_implies
2,420,1886,1887,1,and
2,421,1023,1024,5,b
2,422,825,826,8,not_or
2,423,1088,1089,12,not_a
2,424,747,748,11,implied_by
2,425,1166,1167,1,and
2,426,1854,1855,8,not_or
2,427,1994,1995,9,not_xor
2,428,1473,1474,2,not_implies
2,429,1769,1770,8,not_or
2,430,150,151,9,not_xor
2,431,1867,1868,10,not_b
2,432,977,978,10,not_b
2,433,62,63,11,implied_by
2,434,729,730,0,zero
2,435,113,114,0,zero
2,436,1291,1292,7,or
2,437,601,602,12,not_a
2,438,499,500,3,a
2,439,1219,1220,7,or
2,440,470,471,1,and
2,441,1526,1527,3,a
2,442,1833,1834,9,not_xor
2,443,1611,1612,8,not_or
2,444,345,346,8,not_or
2,445,843,844,13,implies
2,446,515,516,9,not_xor
2,447,1245,1246,6,xor
2,448,99,100,5,b
2,449,180,181,15,one
2,450,706,707,1,and
2,451,1700,1701,5,b
2,452,384,385,4,not_implied_by
2,453,1404,1405,9,not_xor
2,454,771,772,2,not_implies
2,455,1796,1797,1,and
2,456,634,635,8,not_or
2,457,1286,1287,15,one
2,458,365,366,11,implied_by
2,459,560,561,11,implied_by
2,460,591,592,10,not_b
2,461,347,348,4,not_implied_by
2,462,229,230,10,not_b
2,463,346,347,14,not_and
2,464,1261,1262,1,and
2,465,598,599,13,implies
2,466,943,944,3,a
2,467,1640,1641,10,not_b
2,468,211,212,13,implies
2,469,308,309,15,one
2,470,1592,1593,5,b
2,471,439,440,7,or
2,472,327,328,5,b
2,473,1012,1013,2,not_implies
2,474,994,995,3,a
2,475,1179,1180,7,or
2,476,553,554,0,zero
2,477,185,186,0,zero
2,478,88,89,3,a
2,479,660,661,10,not_b
2,480,117,118,11,implied_by
2,481,1414,1415,9,not_xor
2,482,356,357,5,b
2,483,1681,1682,12,not_a
2,484,141,142,0,zero
2,485,1343,1344,6,xor
2,486,1182,1183,6,xor
2,487,1180,1181,7,or
2,488,1584,1585,3,a
2,489,1320,1321,5,b
2,490,1315,1316,9,not_xor
2,491,847,848,13,implies
2,492,577,578,12,not_a
2,493,1350,1351,5,b
2,494,248,249,4,not_implied_by
2,495,663,664,7,or
2,496,1931,1932,12,not_a
2,497,1836,1837,10,not_b
2,498,498,499,8,not_or
2,499,1309,1310,10,not_b
2,500,262,263,3,a
2,501,1757,1758,4,not_implied_by
2,502,148,149,1,and
2,503,1409,1410,10,not_b
2,504,924,925,2,not_implies
2,505,552,553,4,not_implied_by
2,506,611,612,12,not_a
2,507,1183,1184,6,xor
2,508,648,649,14,not_and
2,509,149,150,9,not_xor
2,510,1762,1763,5,b
2,511,1660,1661,14,not_and
2,512,1763,1764,6,xor
2,513,546,547,13,implies
2,514,884,885,14,not_and
2,515,122,123,8,not_or
2,516,103,104,14,not_and
2,517,1932,1933,5,b
2,518,1871,1872,4,not_implied_by
2,519,776,777,11,implied_by
2,520,838,839,13,implies
2,521,1904,1905,2,not_implies
2,522,319,320,5,b
2,523,1619,1620,3,a
2,524,1383,1384,11,implied_by
2,525,162,163,8,not_or
2,526,727,728,11,implied_by
2,527,1533,1534,1,and
2,528,790,791,5,b
2,529,638,639,7,or
2,530,1661,1662,1,and
2,531,1319,1320,7,or
2,532,1668,1669,6,xor
2,533,1878,1879,9,not_xor
2,534,1539,1540,15,one
2,535,1733,1734,8,not_or
2,536,1311,1312,4,not_implied_by
2,537,457,458,5,b
2,538,425,426,4,not_implied_by
2,539,126,127,3,a
2,540,521,522,14,not_and
2,541,218,219,6,xor
2,542,375,376,10,not_b
2,543,1698,1699,3,a
2,544,1193,1194,12,not_a
2,545,348,349,8,not_or
2,546,1910,1911,9,not_xor
2,547,456,457,8,not_or
2,548,1251,1252,5,b
2,549,524,525,12,not_a
2,550,489,490,14,not_and
2,551,903,904,3,a
2,552,198,199,13,implies
2,553,460,461,1,and
2,554,1048,1049,8,not_or
2,555,1829,1830,5,b
2,556,349,350,13,implies
2,557,1434,1435,7,or
2,558,340,341,6,xor
2,559,1087,1088,3,a
2,560,318,319,7,or
2,561,974,975,5,b
2,562,1236,1237,2,not_implies
2,563,1222,1223,12,not_a
2,564,1197,1198,7,or
2,565,1312,1313,9,not_xor
2,566,1002,1003,8,not_or
2,567,1521,1522,15,one
2,568,677,678,2,not_implies
2,569,1103,1104,9,not_xor
2,570,669,670,0,zero
2,571,503,504,2,not_implies
2,572,739,740,9,not_xor
2,573,616,617,3,a
2,574,1873,1874,0,zero
2,575,596,597,9,not_xor
2,576,1596,1597,4,not_implied_by
2,577,1582,1583,1,and
2,578,1602,1603,10,not_b
2,579,1184,1185,13,implies
2,580,584,585,5,b
2,581,35,36,14,not_and
2,582,339,340,14,not_and
2,583,1121,1122,3,a
2,584,1439,1440,3,a
2,585,1958,1959,3,a
2,586,978,979,15,one
2,587,417,418,0,zero
2,588,364,365,6,xor
2,589,578,579,13,implies
2,590,1638,1639,2,not_implies
2,591,184,185,0,zero
2,592,176,177,4,not_implied_by
2,593,779,780,5,b
2,594,861,862,12,not_a
2,595,1980,1981,3,a
2,596,1176,1177,15,one
2,597,1708,1709,3,a
2,598,65,66,2,not_implies
2,599,886,887,8,not_or
2,600,1266,1267,13,implies
2,601,720,721,11,implied_by
2,602,1600,1601,11,implied_by
2,603,336,337,15,one
2,604,895,896,8,not_or
2,605,486,487,6,xor
2,606,338,339,3,a
2,607,1440,1441,5,b
2,608,752,753,5,b
2,609,383,384,6,xor
2,610,372,373,5,b
2,611,1011,1012,2,not_implies
2,612,483,484,3,a
2,613,860,861,15,one
2,614,792,793,3,a
2,615,726,727,5,b
2,616,1732,1733,5,b
2,617,96,97,14,not_and
2,618,255,256,7,or
2,619,820,821,5,b
2,620,358,359,1,and
2,621,427,428,11,implied_by
2,622,1597,1598,5,b
2,623,1799,1800,14,not_and
2,624,960,961,10,not_b
2,625,1139,1140,6,xor
2,626,1385,1386,7,or
2,627,674,675,4,not_implied_by
2,628,1716,1717,4,not_implied_by
2,629,538,539,10,not_b
2,630,1551,1552,8,not_or
2,631,1770,1771,11,implied_by
2,632,1243,1244,6,xor
2,633,1513,1514,10,not_b
2,634,12,13,8,not_or
2,635,1800,1801,3,a
2,636,343,344,1,and
2,637,722,723,2,not_implies
2,638,917,918,11,implied_by
2,639,754,755,10,not_b
2,640,1218,1219,10,not_b
2,641,506,507,7,or
2,642,1925,1926,3,a
2,643,1330,1331,6,xor
2,644,1483,1484,3,a
2,645,20,21,1,and
2,646,604,605,5,b
2,647,1425,1426,13,implies
2,648,1216,1217,2,not_implies
2,649,1255,1256,14,not_and
2,650,1469,1470,3,a
2,651,769,770,5,b
2,652,485,486,13,implies
2,653,548,549,1,and
2,654,1209,1210,3,a
2,655,1723,1724,10,not_b
2,656,1889,1890,2,not_implies
2,657,1637,1638,3,a
2,658,1790,1791,10,not_b
2,659,842,843,10,not_b
2,660,136,137,7,or
2,661,373,374,8,not_or
2,662,580,581,2,not_implies
2,663,1459,1460,13,implies
2,664,1673,1674,14,not_and
2,665,1577,1578,11,implied_by
2,666,1407,1408,9,not_xor
2,667,1235,1236,8,not_or
2,668,1860,1861,13,implies
2,669,1717,1718,3,a
2,670,1481,1482,8,not_or
2,671,1613,1614,8,not_or
2,672,958,959,14,not_and
2,673,1893,1894,6,xor
2,674,646,647,13,implies
2,675,1735,1736,12,not_a
2,676,1634,1635,15,one
2,677,1540,1541,5,b
2,678,1061,1062,13,implies
2,679,799,800,0,zero
2,680,201,202,8,not_or
2,681,40,41,5,b
2,682,662,663,4,not_implied_by
2,683,236,237,11,implied_by
2,684,979,980,10,not_b
2,685,13,14,3,a
2,686,1826,1827,10,not_b
2,687,1234,1235,6,xor
2,688,168,169,4,not_implied_by
2,689,1720,1721,10,not_b
2,690,1292,1293,14,not_and
2,691,1490,1491,12,not_a
2,692,778,779,6,xor
2,693,239,240,12,not_a
2,694,1671,1672,0,zero
2,695,1864,1865,2,not_implies
2,696,271,272,9,not_xor
2,697,1162,1163,2,not_implies
2,698,1096,1097,13,implies
2,699,1150,1151,9,not_xor
2,700,329,330,13,implies
2,701,423,424,13,implies
2,702,1630,1631,7,or
2,703,448,449,2,not_implies
2,704,106,107,14,not_and
2,705,1263,1264,6,xor
2,706,1487,1488,6,xor
2,707,1935,1936,2,not_implies
2,708,1951,1952,13,implies
2,709,1550,1551,13,implies
2,710,453,454,10,not_b
2,711,1810,1811,14,not_and
2,712,964,965,10,not_b
2,713,1554,1555,5,b
2,714,603,604,2,not_implies
2,715,212,213,12,not_a
2,716,851,852,3,a
2,717,760,761,11,implied_by
2,718,1386,1387,12,not_a
2,719,796,797,3,a
2,720,1968,1969,5,b
2,721,1982,1983,10,not_b
2,722,1491,1492,3,a
2,723,1749,1750,5,b
2,724,1295,1296,10,not_b
2,725,316,317,3,a
2,726,1353,1354,7,or
2,727,244,245,11,implied_by
2,728,713,714,3,a
2,729,973,974,13,implies
2,730,894,895,10,not_b
2,731,896,897,7,or
2,732,181,182,7,or
2,733,519,520,5,b
2,734,798,799,6,xor
2,735,1544,1545,12,not_a
2,736,0,1,10,not_b
2,737,550,551,3,a
2,738,1387,1388,10,not_b
2,739,1896,1897,13,implies
2,740,1746,1747,9,not_xor
2,741,1042,1043,6,xor
2,742,1546,1547,7,or
2,743,466,467,8,not_or
2,744,405,406,14,not_and
2,745,1883,1884,13,implies
2,746,1300,1301,6,xor
2,747,1494,1495,5,b
2,748,1082,1083,4,not_implied_by
2,749,997,998,9,not_xor
2,750,649,650,10,not_b
2,751,1451,1452,0,zero
2,752,429,430,2,not_implies
2,753,1620,1621,2,not_implies
2,754,786,787,9,not_xor
2,755,257,258,9,not_xor
2,756,1942,1943,2,not_implies
2,757,1474,1475,11,implied_by
2,758,488,489,8,not_or
2,759,982,983,12,not_a
2,760,24,25,14,not_and
2,761,214,215,2,not_implies
2,762,1092,1093,11,implied_by
2,763,1739,1740,8,not_or
2,764,1774,1775,5,b
2,765,237,238,3,a
2,766,1122,1123,4,not_implied_by
2,767,1946,1947,4,not_implied_by
2,768,1537,1538,3,a
2,769,192,193,4,not_implied_by
2,770,1090,1091,15,one
2,771,1617,1618,3,a
2,772,1711,1712,2,not_implies
2,773,1754,1755,9,not_xor
2,774,1378,1379,13,implies
2,775,679,680,15,one
2,776,1115,1116,8,not_or
2,777,661,662,0,zero
2,778,549,550,9,not_xor
2,779,1927,1928,3,a
2,780,419,420,9,not_xor
2,781,928,929,8,not_or
2,782,1997,1998,1,and
2,783,1629,1630,5,b
2,784,1290,1291,10,not_b
2,785,313,314,12,not_a
2,786,1270,1271,4,not_implied_by
2,787,693,694,4,not_implied_by
2,788,1093,1094,14,not_and
2,789,1402,1403,8,not_or
2,790,1981,1982,2,not_implies
2,791,398,399,1,and
2,792,846,847,12,not_a
2,793,1186,1187,1,and
2,794,589,590,14,not_and
2,795,815,816,14,not_and
2,796,1978,1979,6,xor
2,797,1909,1910,10,not_b
2,798,1813,1814,10,not_b
2,799,344,345,2,not_implies
2,800,658,659,11,implied_by
2,801,259,260,5,b
2,802,260,261,12,not_a
2,803,389,390,10,not_b
2,804,676,677,10,not_b
2,805,1202,1203,5,b
2,806,1734,1735,14,not_and
2,807,1830,1831,4,not_implied_by
2,808,757,758,14,not_and
2,809,455,456,0,zero
2,810,1259,1260,12,not_a
2,811,905,906,7,or
2,812,93,94,4,not_implied_by
2,813,1795,1796,8,not_or
2,814,744,745,8,not_or
2,815,817,818,13,implies
2,816,1028,1029,7,or
2,817,1794,1795,7,or
2,818,51,52,14,not_and
2,819,741,742,15,one
2,820,379,380,4,not_implied_by
2,821,1670,1671,6,xor
2,822,49,50,2,not_implies
2,823,1786,1787,3,a
2,824,1689,1690,13,implies
2,825,1438,1439,3,a
2,826,554,555,3,a
2,827,1672,1673,0,zero
2,828,697,698,14,not_and
2,829,1044,1045,9,not_xor
2,830,797,798,5,b
2,831,1260,1261,14,not_and
2,832,1477,1478,1,and
2,833,450,451,12,not_a
2,834,1974,1975,0,zero
2,835,1210,1211,12,not_a
2,836,767,768,2,not_implies
2,837,1593,1594,4,not_implied_by
2,838,1153,1154,8,not_or
2,839,1827,1828,13,implies
2,840,315,316,14,not_and
2,841,1466,1467,3,a
2,842,539,540,13,implies
2,843,1688,1689,5,b
2,844,1283,1284,1,and
2,845,203,204,8,not_or
2,846,368,369,10,not_b
2,847,561,562,12,not_a
2,848,1039,1040,4,not_implied_by
2,849,1265,1266,15,one
2,850,1142,1143,13,implies
2,851,1373,1374,0,zero
2,852,850,851,3,a
2,853,980,981,9,not_xor
2,854,1973,1974,9,not_xor
2,855,73,74,5,b
2,856,222,223,3,a
2,857,1706,1707,14,not_and
2,858,1771,1772,6,xor
2,859,289,290,15,one
2,860,1172,1173,12,not_a
2,861,592,593,2,not_implies
2,862,83,84,3,a
2,863,967,968,9,not_xor
2,864,3,4,3,a
2,865,987,988,3,a
2,866,708,709,10,not_b
2,867,1405,1406,5,b
2,868,1192,1193,12,not_a
2,869,227,228,1,and
2,870,82,83,5,b
2,871,408,409,13,implies
2,872,1744,1745,5,b
2,873,709,710,14,not_and
2,874,574,575,3,a
2,875,314,315,14,not_and
2,876,1520,1521,10,not_b
2,877,1135,1136,3,a
2,878,950,951,1,and
2,879,330,331,5,b
2,880,131,132,15,one
2,881,902,903,6,xor
2,882,1347,1348,14,not_and
2,883,174,175,1,and
2,884,1835,1836,1,and
2,885,161,162,3,a
2,886,1252,1253,13,implies
2,887,1996,1997,14,not_and
2,888,1610,1611,4,not_implied_by
2,889,1132,1133,3,a
2,890,1144,1145,10,not_b
2,891,1614,1615,13,implies
2,892,1117,1118,14,not_and
2,893,642,643,11,implied_by
2,894,1869,1870,10,not_b
2,895,831,832,4,not_implied_by
2,896,1076,1077,6,xor
2,897,761,762,4,not_implied_by
2,898,1564,1565,1,and
2,899,594,595,5,b
2,900,277,278,15,one
2,901,502,503,11,implied_by
2,902,558,559,0,zero
2,903,357,358,3,a
2,904,1151,1152,4,not_implied_by
2,905,1653,1654,0,zero
2,906,1842,1843,10,not_b
2,907,334,335,12,not_a
2,908,1246,1247,15,one
2,909,1410,1411,1,and
2,910,1505,1506,7,or
2,911,716,717,9,not_xor
2,912,753,754,3,a
2,913,1332,1333,5,b
2,914,719,720,8,not_or
2,915,482,483,4,not_implied_by
2,916,1675,1676,12,not_a
2,917,1071,1072,5,b
2,918,1928,1929,8,not_or
2,919,1221,1222,7,or
2,920,57,58,1,and
2,921,1832,1833,5,b
2,922,171,172,2,not_implies
2,923,1809,1810,9,not_xor
2,924,1862,1863,11,implied_by
2,925,1702,1703,11,implied_by
2,926,1841,1842,1,and
2,927,1220,1221,7,or
2,928,1375,1376,14,not_and
2,929,1124,1125,2,not_implies
2,930,963,964,13,implies
2,931,570,571,10,not_b
2,932,317,318,2,not_implies
2,933,298,299,4,not_implied_by
2,934,34,35,8,not_or
2,935,53,54,10,not_b
2,936,378,379,12,not_a
2,937,1364,1365,11,implied_by
2,938,311,312,12,not_a
2,939,1743,1744,3,a
2,940,1060,1061,8,not_or
2,941,303,304,4,not_implied_by
2,942,1875,1876,13,implies
2,943,1428,1429,3,a
2,944,461,462,0,zero
2,945,66,67,0,zero
2,946,396,397,12,not_a
2,947,1955,1956,3,a
2,948,1609,1610,3,a
2,949,920,921,15,one
2,950,1740,1741,14,not_and
2,951,608,609,1,and
2,952,123,124,13,implies
2,953,1329,1330,10,not_b
2,954,942,943,10,not_b
2,955,1119,1120,3,a
2,956,1127,1128,11,implied_by
2,957,1865,1866,0,zero
2,958,893,894,5,b
2,959,1185,1186,6,xor
2,960,1091,1092,0,zero
2,961,1206,1207,5,b
2,962,256,257,3,a
2,963,777,778,2,not_implies
2,964,948,949,4,not_implied_by
2,965,772,773,6,xor
2,966,119,120,8,not_or
2,967,1237,1238,12,not_a
2,968,89,90,10,not_b
2,969,1212,1213,15,one
2,970,459,460,7,or
2,971,94,95,12,not_a
2,972,441,442,10,not_b
2,973,1158,1159,5,b
2,974,734,735,3,a
2,975,721,722,5,b
2,976,1696,1697,11,implied_by
2,977,933,934,13,implies
2,978,1351,1352,13,implies
2,979,380,381,9,not_xor
2,980,704,705,6,xor
2,981,1822,1823,12,not_a
2,982,935,936,15,one
2,983,1014,1015,0,zero
2,984,1232,1233,1,and
2,985,52,53,6,xor
2,986,690,691,12,not_a
2,987,1697,1698,3,a
2,988,992,993,3,a
2,989,440,441,6,xor
2,990,1372,1373,6,xor
2,991,900,901,12,not_a
2,992,1043,1044,6,xor
2,993,147,148,1,and
2,994,359,360,14,not_and
2,995,21,22,11,implied_by
2,996,1874,1875,5,b
2,997,1313,1314,8,not_or
2,998,735,736,5,b
2,999,55,56,11,implied_by
2,1000,1781,1782,6,xor
2,1001,172,173,9,not_xor
2,1002,532,533,10,not_b
2,1003,1485,1486,1,and
2,1004,1289,1290,3,a
2,1005,183,184,7,or
2,1006,512,513,7,or
2,1007,290,291,4,not_implied_by
2,1008,730,731,2,not_implies
2,1009,1486,1487,7,or
2,1010,251,252,3,a
2,1011,1692,1693,7,or
2,1012,1367,1368,10,not_b
2,1013,1430,1431,11,implied_by
2,1014,1627,1628,14,not_and
2,1015,1327,1328,4,not_implied_by
2,1016,1687,1688,7,or
2,1017,1422,1423,11,implied_by
2,1018,16,17,5,b
2,1019,1403,1404,10,not_b
2,1020,1784,1785,1,and
2,1021,476,477,10,not_b
2,1022,999,1000,10,not_b
2,1023,46,47,12,not_a
2,1024,854,855,1,and
2,1025,1147,1148,10,not_b
2,1026,939,940,4,not_implied_by
2,1027,1354,1355,7,or
2,1028,190,191,15,one
2,1029,1549,1550,15,one
2,1030,1189,1190,13,implies
2,1031,1944,1945,6,xor
2,1032,1052,1053,14,not_and
2,1033,1444,1445,8,not_or
2,1034,836,837,8,not_or
2,1035,923,924,6,xor
2,1036,1767,1768,2,not_implies
2,1037,1140,1141,3,a
2,1038,808,809,12,not_a
2,1039,159,160,11,implied_by
2,1040,787,788,1,and
2,1041,1461,1462,7,or
2,1042,1026,1027,14,not_and
2,1043,750,751,12,not_a
2,1044,1791,1792,9,not_xor
2,1045,78,79,7,or
2,1046,936,937,7,or
2,1047,1908,1909,3,a
2,1048,1995,1996,9,not_xor
2,1049,667,668,10,not_b
2,1050,258,259,10,not_b
2,1051,322,323,13,implies
2,1052,286,287,4,not_implied_by
2,1053,1256,1257,3,a
2,1054,395,396,10,not_b
2,1055,921,922,11,implied_by
2,1056,1780,1781,12,not_a
2,1057,1083,1084,11,implied_by
2,1058,152,153,8,not_or
2,1059,643,644,2,not_implies
2,1060,326,327,0,zero
2,1061,724,725,3,a
2,1062,217,218,4,not_implied_by
2,1063,501,502,14,not_and
2,1064,1472,1473,9,not_xor
2,1065,1394,1395,7,or
2,1066,253,254,5,b
2,1067,1276,1277,3,a
2,1068,812,813,6,xor
2,1069,1470,1471,0,zero
2,1070,135,136,13,implies
2,1071,81,82,15,one
2,1072,496,497,11,implied_by
2,1073,774,775,9,not_xor
2,1074,1437,1438,1,and
2,1075,1664,1665,9,not_xor
2,1076,127,128,10,not_b
2,1077,1984,1985,8,not_or
2,1078,1930,1931,2,not_implies
2,1079,819,820,13,implies
2,1080,1737,1738,14,not_and
2,1081,1876,1877,6,xor
2,1082,879,880,2,not_implies
2,1083,1642,1643,2,not_implies
2,1084,204,205,10,not_b
2,1085,1522,1523,6,xor
2,1086,1380,1381,3,a
2,1087,242,243,5,b
2,1088,1128,1129,1,and
2,1089,464,465,4,not_implied_by
2,1090,1787,1788,10,not_b
2,1091,1859,1860,7,or
2,1092,1104,1105,6,xor
2,1093,27,28,2,not_implies
2,1094,1644,1645,7,or
2,1095,984,985,10,not_b
2,1096,497,498,3,a
2,1097,1890,1891,7,or
2,1098,454,455,10,not_b
2,1099,699,700,2,not_implies
2,1100,852,853,8,not_or
2,1101,983,984,3,a
2,1102,1273,1274,12,not_a
2,1103,370,371,1,and
2,1104,1541,1542,10,not_b
2,1105,1647,1648,5,b
2,1106,1496,1497,14,not_and
2,1107,1055,1056,7,or
2,1108,224,225,7,or
2,1109,880,881,1,and
2,1110,1143,1144,15,one
2,1111,241,242,0,zero
2,1112,1340,1341,5,b
2,1113,1718,1719,1,and
2,1114,547,548,10,not_b
2,1115,1009,1010,10,not_b
2,1116,1684,1685,12,not_a
2,1117,1178,1179,3,a
2,1118,1591,1592,5,b
2,1119,711,712,1,and
2,1120,140,141,14,not_and
2,1121,940,941,5,b
2,1122,892,893,12,not_a
2,1123,361,362,1,and
2,1124,215,216,6,xor
2,1125,1453,1454,6,xor
2,1126,698,699,12,not_a
2,1127,1703,1704,10,not_b
2,1128,1363,1364,9,not_xor
2,1129,1626,1627,6,xor
2,1130,139,140,2,not_implies
2,1131,1301,1302,12,not_a
2,1132,1824,1825,7,or
2,1133,266,267,2,not_implies
2,1134,1160,1161,5,b
2,1135,1341,1342,14,not_and
2,1136,406,407,11,implied_by
2,1137,210,211,14,not_and
2,1138,1850,1851,13,implies
2,1139,1177,1178,5,b
2,1140,1064,1065,12,not_a
2,1141,1729,1730,14,not_and
2,1142,6,7,12,not_a
2,1143,1059,1060,8,not_or
2,1144,381,382,4,not_implied_by
2,1145,1388,1389,7,or
2,1146,1484,1485,11,implied_by
2,1147,102,103,4,not_implied_by
2,1148,511,512,14,not_and
2,1149,1586,1587,15,one
2,1150,1436,1437,6,xor
2,1151,1338,1339,1,and
2,1152,835,836,12,not_a
2,1153,1777,1778,13,implies
2,1154,1801,1802,10,not_b
2,1155,1905,1906,12,not_a
2,1156,1352,1353,4,not_implied_by
2,1157,599,600,14,not_and
2,1158,291,292,6,xor
2,1159,1501,1502,14,not_and
2,1160,422,423,10,not_b
2,1161,645,646,11,implied_by
2,1162,878,879,6,xor
2,1163,957,958,3,a
2,1164,718,719,2,not_implies
2,1165,1021,1022,10,not_b
2,1166,320,321,10,not_b
2,1167,572,573,10,not_b
2,1168,656,657,4,not_implied_by
2,1169,981,982,10,not_b
2,1170,875,876,15,one
2,1171,1050,1051,8,not_or
2,1172,1938,1939,11,implied_by
2,1173,1420,1421,3,a
2,1174,1605,1606,9,not_xor
2,1175,1730,1731,9,not_xor
2,1176,463,464,8,not_or
2,1177,1929,1930,9,not_xor
2,1178,1695,1696,14,not_and
2,1179,154,155,3,a
2,1180,1816,1817,10,not_b
2,1181,1755,1756,7,or
2,1182,991,992,12,not_a
2,1183,307,308,14,not_and
2,1184,38,39,11,implied_by
2,1185,142,143,6,xor
2,1186,188,189,14,not_and
2,1187,1401,1402,10,not_b
2,1188,1649,1650,9,not_xor
2,1189,630,631,10,not_b
2,1190,1580,1581,4,not_implied_by
2,1191,614,615,7,or
2,1192,874,875,14,not_and
2,1193,265,266,12,not_a
2,1194,1571,1572,5,b
2,1195,581,582,5,b
2,1196,990,991,8,not_or
2,1197,1047,1048,15,one
2,1198,1112,1113,6,xor
2,1199,1066,1067,12,not_a
2,1200,1356,1357,1,and
2,1201,151,152,15,one
2,1202,1118,1119,10,not_b
2,1203,556,557,7,or
2,1204,1208,1209,1,and
2,1205,276,277,0,zero
2,1206,1606,1607,12,not_a
2,1207,1384,1385,3,a
2,1208,1583,1584,6,xor
2,1209,387,388,5,b
2,1210,1764,1765,2,not_implies
2,1211,865,866,12,not_a
2,1212,431,432,14,not_and
2,1213,1798,1799,4,not_implied_by
2,1214,477,478,11,implied_by
2,1215,1808,1809,12,not_a
2,1216,1511,1512,8,not_or
2,1217,1751,1752,12,not_a
2,1218,1003,1004,8,not_or
2,1219,1041,1042,6,xor
2,1220,1254,1255,4,not_implied_by
2,1221,288,289,2,not_implies
2,1222,527,528,7,or
2,1223,153,154,0,zero
2,1224,1853,1854,1,and
2,1225,1337,1338,3,a
2,1226,1205,1206,3,a
2,1227,1572,1573,7,or
2,1228,1155,1156,3,a
2,1229,1519,1520,12,not_a
2,1230,1722,1723,1,and
2,1231,143,144,5,b
2,1232,1957,1958,4,not_implied_by
2,1233,1277,1278,2,not_implies
2,1234,1004,1005,5,b
2,1235,1114,1115,7,or
2,1236,1478,1479,12,not_a
2,1237,490,491,15,one
2,1238,1604,1605,12,not_a
2,1239,1531,1532,5,b
2,1240,209,210,11,implied_by
2,1241,1250,1251,9,not_xor
2,1242,1447,1448,10,not_b
2,1243,1662,1663,1,and
2,1244,1758,1759,13,implies
2,1245,1455,1456,9,not_xor
2,1246,7,8,1,and
2,1247,510,511,1,and
2,1248,1560,1561,14,not_and
2,1249,522,523,10,not_b
2,1250,323,324,12,not_a
2,1251,514,515,12,not_a
2,1252,1502,1503,9,not_xor
2,1253,508,509,0,zero
2,1254,243,244,12,not_a
2,1255,736,737,0,zero
2,1256,937,938,2,not_implies
2,1257,881,882,1,and
2,1258,619,620,11,implied_by
2,1259,788,789,2,not_implies
2,1260,1240,1241,11,implied_by
2,1261,1843,1844,2,not_implies
2,1262,1432,1433,12,not_a
2,1263,1589,1590,13,implies
2,1264,782,783,9,not_xor
2,1265,1714,1715,4,not_implied_by
2,1266,182,183,6,xor
2,1267,651,652,7,or
2,1268,1227,1228,0,zero
2,1269,620,621,12,not_a
2,1270,763,764,8,not_or
2,1271,1655,1656,7,or
2,1272,1913,1914,13,implies
2,1273,1081,1082,14,not_and
2,1274,568,569,13,implies
2,1275,1441,1442,9,not_xor
2,1276,1310,1311,3,a
2,1277,1008,1009,4,not_implied_by
2,1278,918,919,14,not_and
2,1279,1557,1558,3,a
2,1280,145,146,3,a
2,1281,1712,1713,5,b
2,1282,452,453,8,not_or
2,1283,1964,1965,5,b
2,1284,781,782,9,not_xor
2,1285,513,514,1,and
2,1286,1682,1683,12,not_a
2,1287,1371,1372,9,not_xor
2,1288,696,697,13,implies
2,1289,925,926,14,not_and
2,1290,1278,1279,4,not_implied_by
2,1291,479,480,10,not_b
2,1292,164,165,4,not_implied_by
2,1293,910,911,7,or
2,1294,1547,1548,12,not_a
2,1295,590,591,3,a
2,1296,868,869,8,not_or
2,1297,1510,1511,3,a
2,1298,1659,1660,1,and
2,1299,107,108,10,not_b
2,1300,1669,1670,10,not_b
2,1301,684,685,0,zero
2,1302,962,963,9,not_xor
2,1303,1528,1529,5,b
2,1304,1037,1038,1,and
2,1305,945,946,6,xor
2,1306,130,131,14,not_and
2,1307,467,468,0,zero
2,1308,1145,1146,7,or
2,1309,1543,1544,5,b
2,1310,71,72,12,not_a
2,1311,1804,1805,3,a
2,1312,1421,1422,11,implied_by
2,1313,1211,1212,10,not_b
2,1314,374,375,2,not_implies
2,1315,1882,1883,9,not_xor
2,1316,1275,1276,15,one
2,1317,306,307,12,not_a
2,1318,1334,1335,6,xor
2,1319,430,431,5,b
2,1320,1399,1400,5,b
2,1321,732,733,3,a
2,1322,1911,1912,11,implied_by
2,1323,555,556,10,not_b
2,1324,1029,1030,7,or
2,1325,1365,1366,13,implies
2,1326,1742,1743,11,implied_by
2,1327,1097,1098,14,not_and
2,1328,1322,1323,13,implies
2,1329,1783,1784,15,one
2,1330,1058,1059,7,or
2,1331,1887,1888,7,or
2,1332,1840,1841,12,not_a
2,1333,1424,1425,11,implied_by
2,1334,1303,1304,3,a
2,1335,1898,1899,4,not_implied_by
2,1336,23,24,15,one
2,1337,1199,1200,10,not_b
2,1338,859,860,12,not_a
2,1339,175,176,8,not_or
2,1340,1848,1849,13,implies
2,1341,1294,1295,9,not_xor
2,1342,469,470,8,not_or
2,1343,1072,1073,9,not_xor
2,1344,919,920,14,not_and
2,1345,98,99,10,not_b
2,1346,392,393,3,a
2,1347,700,701,3,a
2,1348,60,61,3,a
2,1349,393,394,4,not_implied_by
2,1350,1333,1334,2,not_implies
2,1351,1948,1949,12,not_a
2,1352,887,888,3,a
2,1353,193,194,6,xor
2,1354,1308,1309,9,not_xor
2,1355,1823,1824,7,or
2,1356,1113,1114,1,and
2,1357,1663,1664,10,not_b
2,1358,280,281,10,not_b
2,1359,563,564,15,one
2,1360,101,102,15,one
2,1361,1067,1068,2,not_implies
2,1362,1086,1087,5,b
2,1363,1555,1556,10,not_b
2,1364,678,679,3,a
2,1365,692,693,11,implied_by
2,1366,1792,1793,4,not_implied_by
2,1367,410,411,2,not_implies
2,1368,1845,1846,15,one
2,1369,1631,1632,8,not_or
2,1370,1299,1300,12,not_a
2,1371,1126,1127,7,or
2,1372,668,669,3,a
2,1373,1811,1812,12,not_a
2,1374,189,190,5,b
2,1375,478,479,1,and
2,1376,1567,1568,13,implies
2,1377,1789,1790,9,not_xor
2,1378,1411,1412,12,not_a
2,1379,1123,1124,9,not_xor
2,1380,18,19,9,not_xor
2,1381,1078,1079,15,one
2,1382,870,871,2,not_implies
2,1383,867,868,9,not_xor
2,1384,1715,1716,12,not_a
2,1385,571,572,10,not_b
2,1386,1803,1804,1,and
2,1387,758,759,13,implies
2,1388,664,665,0,zero
2,1389,363,364,11,implied_by
2,1390,832,833,12,not_a
2,1391,240,241,10,not_b
2,1392,54,55,8,not_or
2,1393,1926,1927,2,not_implies
2,1394,118,119,13,implies
2,1395,1010,1011,8,not_or
2,1396,178,179,10,not_b
2,1397,505,506,9,not_xor
2,1398,449,450,5,b
2,1399,1070,1071,10,not_b
2,1400,1018,1019,7,or
2,1401,382,383,10,not_b
2,1402,22,23,7,or
2,1403,1231,1232,14,not_and
2,1404,1175,1176,4,not_implied_by
2,1405,694,695,10,not_b
2,1406,955,956,13,implies
2,1407,1719,1720,4,not_implied_by
2,1408,844,845,5,b
2,1409,1680,1681,10,not_b
2,1410,304,305,7,or
2,1411,1940,1941,7,or
2,1412,1408,1409,9,not_xor
2,1413,504,505,1,and
2,1414,1475,1476,12,not_a
2,1415,451,452,13,implies
2,1416,491,492,12,not_a
2,1417,472,473,9,not_xor
2,1418,1285,1286,10,not_b
2,1419,1535,1536,3,a
2,1420,1788,1789,4,not_implied_by
2,1421,1225,1226,11,implied_by
2,1422,1131,1132,11,implied_by
2,1423,58,59,5,b
2,1424,335,336,12,not_a
2,1425,170,171,7,or
2,1426,795,796,13,implies
2,1427,830,831,3,a
2,1428,1068,1069,3,a
2,1429,1750,1751,9,not_xor
2,1430,1775,1776,12,not_a
2,1431,806,807,11,implied_by
2,1432,1950,1951,14,not_and
2,1433,807,808,6,xor
2,1434,1374,1375,1,and
2,1435,415,416,13,implies
2,1436,1069,1070,1,and
2,1437,534,535,5,b
2,1438,1538,1539,8,not_or
2,1439,1480,1481,14,not_and
2,1440,1173,1174,11,implied_by
2,1441,1793,1794,11,implied_by
2,1442,1316,1317,10,not_b
2,1443,833,834,1,and
2,1444,1393,1394,0,zero
2,1445,1707,1708,9,not_xor
2,1446,1339,1340,10,not_b
2,1447,225,226,9,not_xor
2,1448,167,168,4,not_implied_by
2,1449,77,78,10,not_b
2,1450,1969,1970,10,not_b
2,1451,1413,1414,4,not_implied_by
2,1452,1080,1081,7,or
2,1453,1381,1382,14,not_and
2,1454,841,842,11,implied_by
2,1455,1200,1201,10,not_b
2,1456,371,372,9,not_xor
2,1457,1020,1021,6,xor
2,1458,216,217,13,implies
2,1459,1406,1407,12,not_a
2,1460,1962,1963,15,one
2,1461,1377,1378,14,not_and
2,1462,1133,1134,11,implied_by
2,1463,228,229,10,not_b
2,1464,432,433,11,implied_by
2,1465,1107,1108,13,implies
2,1466,42,43,1,and
2,1467,530,531,6,xor
2,1468,1806,1807,1,and
2,1469,965,966,4,not_implied_by
2,1470,988,989,9,not_xor
2,1471,1229,1230,3,a
2,1472,1342,1343,12,not_a
2,1473,1238,1239,6,xor
2,1474,37,38,13,implies
2,1475,74,75,6,xor
2,1476,1075,1076,5,b
2,1477,1390,1391,10,not_b
2,1478,1556,1557,6,xor
2,1479,840,841,13,implies
2,1480,1607,1608,13,implies
2,1481,186,187,5,b
2,1482,1628,1629,9,not_xor
2,1483,1820,1821,13,implies
2,1484,1454,1455,9,not_xor
2,1485,1344,1345,0,zero
2,1486,1418,1419,5,b
2,1487,1368,1369,9,not_xor
2,1488,707,708,10,not_b
2,1489,1032,1033,12,not_a
2,1490,1710,1711,6,xor
2,1491,200,201,0,zero
2,1492,1389,1390,10,not_b
2,1493,128,129,2,not_implies
2,1494,600,601,13,implies
2,1495,1267,1268,9,not_xor
2,1496,1563,1564,0,zero
2,1497,1163,1164,3,a
2,1498,1187,1188,12,not_a
2,1499,1169,1170,2,not_implies
2,1500,1914,1915,7,or
2,1501,160,161,0,zero
2,1502,1181,1182,0,zero
2,1503,199,200,5,b
2,1504,1945,1946,9,not_xor
2,1505,63,64,3,a
2,1506,1416,1417,11,implied_by
2,1507,800,801,0,zero
2,1508,1646,1647,1,and
2,1509,1239,1240,4,not_implied_by
2,1510,1272,1273,14,not_and
2,1511,1509,1510,4,not_implied_by
2,1512,1100,1101,11,implied_by
2,1513,1188,1189,10,not_b
2,1514,1348,1349,2,not_implies
2,1515,366,367,12,not_a
2,1516,1713,1714,14,not_and
2,1517,1500,1501,14,not_and
2,1518,701,702,3,a
2,1519,219,220,11,implied_by
2,1520,516,517,6,xor
2,1521,1085,1086,5,b
2,1522,531,532,1,and
2,1523,232,233,3,a
2,1524,813,814,12,not_a
2,1525,1915,1916,8,not_or
2,1526,1934,1935,14,not_and
2,1527,1460,1461,6,xor
2,1528,1956,1957,5,b
2,1529,665,666,12,not_a
2,1530,1581,1582,7,or
2,1531,507,508,1,and
2,1532,1396,1397,9,not_xor
2,1533,1852,1853,11,implied_by
2,1534,564,565,3,a
2,1535,1936,1937,7,or
2,1536,695,696,10,not_b
2,1537,41,42,8,not_or
2,1538,1856,1857,15,one
2,1539,158,159,12,not_a
2,1540,1924,1925,13,implies
2,1541,1643,1644,8,not_or
2,1542,1641,1642,0,zero
2,1543,1516,1517,1,and
2,1544,299,300,10,not_b
2,1545,1648,1649,0,zero
2,1546,1228,1229,6,xor
2,1547,1157,1158,12,not_a
2,1548,1559,1560,12,not_a
2,1549,120,121,9,not_xor
2,1550,728,729,1,and
2,1551,1645,1646,13,implies
2,1552,789,790,5,b
2,1553,822,823,11,implied_by
2,1554,1949,1950,10,not_b
2,1555,10,11,12,not_a
2,1556,1253,1254,5,b
2,1557,413,414,4,not_implied_by
2,1558,623,624,1,and
2,1559,1612,1613,5,b
2,1560,369,370,12,not_a
2,1561,1194,1195,10,not_b
2,1562,207,208,14,not_and
2,1563,655,656,3,a
2,1564,28,29,11,implied_by
2,1565,487,488,3,a
2,1566,1040,1041,13,implies
2,1567,90,91,13,implies
2,1568,1325,1326,1,and
2,1569,1987,1988,3,a
2,1570,1359,1360,3,a
2,1571,92,93,8,not_or
2,1572,1685,1686,2,not_implies
2,1573,1370,1371,0,zero
2,1574,1191,1192,4,not_implied_by
2,1575,915,916,4,not_implied_by
2,1576,206,207,13,implies
2,1577,1728,1729,3,a
2,1578,1961,1962,12,not_a
2,1579,622,623,3,a
2,1580,125,126,13,implies
2,1581,1457,1458,9,not_xor
2,1582,520,521,6,xor
2,1583,544,545,1,and
2,1584,1269,1270,0,zero
2,1585,480,481,1,and
2,1586,617,618,5,b
2,1587,1677,1678,9,not_xor
2,1588,438,439,0,zero
2,1589,1532,1533,6,xor
2,1590,76,77,1,and
2,1591,403,404,11,implied_by
2,1592,67,68,5,b
2,1593,1623,1624,8,not_or
2,1594,818,819,8,not_or
2,1595,226,227,6,xor
2,1596,883,884,5,b
2,1597,542,543,10,not_b
2,1598,1709,1710,5,b
2,1599,702,703,8,not_or
2,1600,647,648,15,one
2,1601,69,70,10,not_b
2,1602,681,682,12,not_a
2,1603,1837,1838,3,a
2,1604,1901,1902,2,not_implies
2,1605,474,475,6,xor
2,1606,1657,1658,14,not_and
2,1607,287,288,0,zero
2,1608,890,891,14,not_and
2,1609,1863,1864,2,not_implies
2,1610,821,822,3,a
2,1611,1427,1428,0,zero
2,1612,462,463,4,not_implied_by
2,1613,1317,1318,3,a
2,1614,1686,1687,12,not_a
2,1615,1258,1259,5,b
2,1616,583,584,10,not_b
2,1617,1545,1546,14,not_and
2,1618,1825,1826,3,a
2,1619,281,282,13,implies
2,1620,223,224,10,not_b
2,1621,901,902,4,not_implied_by
2,1622,873,874,10,not_b
2,1623,1518,1519,4,not_implied_by
2,1624,284,285,11,implied_by
2,1625,688,689,3,a
2,1626,723,724,4,not_implied_by
2,1627,746,747,15,one
2,1628,888,889,12,not_a
2,1629,116,117,12,not_a
2,1630,179,180,11,implied_by
2,1631,426,427,5,b
2,1632,111,112,13,implies
2,1633,588,589,6,xor
2,1634,1302,1303,6,xor
2,1635,1947,1948,5,b
2,1636,1725,1726,0,zero
2,1637,1355,1356,6,xor
2,1638,705,706,3,a
2,1639,989,990,1,and
2,1640,400,401,4,not_implied_by
2,1641,559,560,12,not_a
2,1642,1683,1684,12,not_a
2,1643,337,338,5,b
2,1644,1034,1035,4,not_implied_by
2,1645,731,732,15,one
2,1646,1053,1054,10,not_b
2,1647,1120,1121,7,or
2,1648,670,671,5,b
2,1649,1305,1306,7,or
2,1650,1242,1243,1,and
2,1651,1542,1543,12,not_a
2,1652,593,594,14,not_and
2,1653,87,88,4,not_implied_by
2,1654,587,588,5,b
2,1655,394,395,4,not_implied_by
2,1656,47,48,10,not_b
2,1657,367,368,8,not_or
2,1658,409,410,9,not_xor
2,1659,1525,1526,15,one
2,1660,1870,1871,2,not_implies
2,1661,885,886,1,and
2,1662,5,6,10,not_b
2,1663,606,607,12,not_a
2,1664,1884,1885,5,b
2,1665,644,645,13,implies
2,1666,1615,1616,8,not_or
2,1667,1650,1651,7,or
2,1668,1017,1018,9,not_xor
2,1669,1464,1465,14,not_and
2,1670,659,660,1,and
2,1671,641,642,1,and
2,1672,856,857,3,a
2,1673,749,750,7,or
2,1674,1331,1332,6,xor
2,1675,1705,1706,8,not_or
2,1676,809,810,1,and
2,1677,1636,1637,2,not_implies
2,1678,827,828,6,xor
2,1679,993,994,1,and
2,1680,1445,1446,9,not_xor
2,1681,1280,1281,5,b
2,1682,91,92,4,not_implied_by
2,1683,1635,1636,14,not_and
2,1684,1506,1507,11,implied_by
2,1685,1568,1569,10,not_b
2,1686,689,690,1,and
2,1687,138,139,5,b
2,1688,420,421,4,not_implied_by
2,1689,1530,1531,12,not_a
2,1690,1608,1609,3,a
2,1691,64,65,14,not_and
2,1692,1111,1112,12,not_a
2,1693,1676,1677,6,xor
2,1694,1970,1971,14,not_and
2,1695,1515,1516,10,not_b
2,1696,1828,1829,3,a
2,1697,762,763,13,implies
2,1698,1590,1591,9,not_xor
2,1699,1293,1294,7,or
2,1700,187,188,2,not_implies
2,1701,853,854,1,and
2,1702,855,856,7,or
2,1703,1699,1700,10,not_b
2,1704,672,673,14,not_and
2,1705,1366,1367,13,implies
2,1706,1632,1633,11,implied_by
2,1707,436,437,11,implied_by
2,1708,1358,1359,5,b
2,1709,1038,1039,11,implied_by
2,1710,686,687,1,and
2,1711,197,198,11,implied_by
2,1712,857,858,15,one
2,1713,633,634,0,zero
2,1714,1741,1742,9,not_xor
2,1715,1476,1477,2,not_implies
2,1716,1164,1165,3,a
2,1717,536,537,12,not_a
2,1718,1049,1050,10,not_b
2,1719,1575,1576,5,b
2,1720,1727,1728,10,not_b
2,1721,1201,1202,12,not_a
2,1722,927,928,0,zero
2,1723,566,567,1,and
2,1724,4,5,15,one
2,1725,1400,1401,3,a
2,1726,715,716,5,b
2,1727,1899,1900,3,a
2,1728,1006,1007,7,or
2,1729,1213,1214,11,implied_by
2,1730,703,704,5,b
2,1731,84,85,4,not_implied_by
2,1732,1264,1265,4,not_implied_by
2,1733,976,977,4,not_implied_by
2,1734,1912,1913,5,b
2,1735,1495,1496,8,not_or
2,1736,493,494,2,not_implies
2,1737,654,655,9,not_xor
2,1738,629,630,4,not_implied_by
2,1739,586,587,4,not_implied_by
2,1740,897,898,0,zero
2,1741,882,883,5,b
2,1742,1000,1001,6,xor
2,1743,1979,1980,10,not_b
2,1744,1094,1095,3,a
2,1745,804,805,6,xor
2,1746,1306,1307,9,not_xor
2,1747,1504,1505,11,implied_by
2,1748,1782,1783,1,and
2,1749,1527,1528,13,implies
2,1750,605,606,6,xor
2,1751,300,301,2,not_implies
2,1752,535,536,13,implies
2,1753,169,170,3,a
2,1754,1846,1847,15,one
2,1755,1960,1961,12,not_a
2,1756,401,402,2,not_implies
2,1757,1101,1102,9,not_xor
2,1758,402,403,10,not_b
2,1759,1262,1263,9,not_xor
2,1760,263,264,5,b
2,1761,1621,1622,1,and
2,1762,0,2,0,zero
2,1763,1814,1815,4,not_implied_by
2,1764,1622,1623,3,a
2,1765,579,580,8,not_or
2,1766,1857,1858,4,not_implied_by
2,1767,1397,1398,6,xor
2,1768,191,192,12,not_a
2,1769,650,651,12,not_a
2,1770,1196,1197,12,not_a
2,1771,826,827,4,not_implied_by
2,1772,1063,1064,6,xor
2,1773,770,771,6,xor
2,1774,518,519,13,implies
2,1775,898,899,1,and
2,1776,1161,1162,10,not_b
2,1777,829,830,2,not_implies
2,1778,61,62,10,not_b
2,1779,1917,1918,15,one
2,1780,1665,1666,2,not_implies
2,1781,814,815,10,not_b
2,1782,863,864,10,not_b
2,1783,1778,1779,7,or
2,1784,445,446,11,implied_by
2,1785,717,718,15,one
2,1786,424,425,6,xor
2,1787,1149,1150,6,xor
2,1788,97,98,10,not_b
2,1789,1902,1903,9,not_xor
2,1790,866,867,14,not_and
2,1791,1508,1509,12,not_a
2,1792,714,715,7,or
2,1793,221,222,15,one
2,1794,1130,1131,14,not_and
2,1795,1601,1602,1,and
2,1796,627,628,13,implies
2,1797,533,534,7,or
2,1798,86,87,7,or
2,1799,908,909,12,not_a
2,1800,274,275,3,a
2,1801,889,890,8,not_or
2,1802,473,474,12,not_a
2,1803,755,756,12,not_a
2,1804,995,996,14,not_and
2,1805,871,872,3,a
2,1806,324,325,13,implies
2,1807,1493,1494,8,not_or
2,1808,1585,1586,10,not_b
2,1809,294,295,4,not_implied_by
2,1810,725,726,14,not_and
2,1811,1190,1191,1,and
2,1812,523,524,3,a
2,1813,355,356,13,implies
2,1814,1019,1020,10,not_b
2,1815,1036,1037,3,a
2,1816,912,913,7,or
2,1817,1872,1873,6,xor
2,1818,575,576,10,not_b
2,1819,1517,1518,2,not_implies
2,1820,1033,1034,10,not_b
2,1821,640,641,10,not_b
2,1822,1566,1567,10,not_b
2,1823,1891,1892,6,xor
2,1824,972,973,11,implied_by
2,1825,108,109,7,or
2,1826,653,654,3,a
2,1827,1247,1248,0,zero
2,1828,1976,1977,3,a
2,1829,1054,1055,6,xor
2,1830,1888,1889,8,not_or
2,1831,1137,1138,15,one
2,1832,783,784,14,not_and
2,1833,911,912,9,not_xor
2,1834,1897,1898,4,not_implied_by
2,1835,1690,1691,10,not_b
2,1836,1336,1337,5,b
2,1837,1967,1968,1,and
2,1838,1817,1818,3,a
2,1839,1056,1057,8,not_or
2,1840,68,69,12,not_a
2,1841,947,948,5,b
2,1842,837,838,7,or
2,1843,1233,1234,3,a
2,1844,1084,1085,10,not_b
2,1845,17,18,12,not_a
2,1846,1024,1025,2,not_implies
2,1847,437,438,3,a
2,1848,362,363,14,not_and
2,1849,864,865,6,xor
2,1850,1136,1137,10,not_b
2,1851,602,603,9,not_xor
2,1852,743,744,14,not_and
2,1853,59,60,3,a
2,1854,1073,1074,6,xor
2,1855,465,466,10,not_b
2,1856,628,629,9,not_xor
2,1857,386,387,5,b
2,1858,1552,1553,4,not_implied_by
2,1859,834,835,2,not_implies
2,1860,79,80,12,not_a
2,1861,968,969,3,a
2,1862,350,351,9,not_xor
2,1863,1214,1215,1,and
2,1864,325,326,12,not_a
2,1865,1965,1966,15,one
2,1866,173,174,14,not_and
2,1867,1678,1679,3,a
2,1868,110,111,12,not_a
2,1869,458,459,12,not_a
2,1870,1281,1282,3,a
2,1871,1098,1099,8,not_or
2,1872,273,274,13,implies
2,1873,1297,1298,0,zero
2,1874,1847,1848,13,implies
2,1875,791,792,3,a
2,1876,737,738,11,implied_by
2,1877,891,892,3,a
2,1878,1759,1760,9,not_xor
2,1879,1465,1466,13,implies
2,1880,411,412,4,not_implied_by
2,1881,1990,1991,10,not_b
2,1882,109,110,8,not_or
2,1883,1812,1813,7,or
2,1884,740,741,1,and
2,1885,297,298,3,a
2,1886,1326,1327,11,implied_by
2,1887,517,518,6,xor
2,1888,385,386,13,implies
2,1889,250,251,9,not_xor
2,1890,75,76,1,and
2,1891,494,495,10,not_b
2,1892,1616,1617,7,or
2,1893,1805,1806,5,b
2,1894,1382,1383,2,not_implies
2,1895,9,10,0,zero
2,1896,246,247,14,not_and
2,1897,1633,1634,13,implies
2,1898,952,953,11,implied_by
2,1899,1760,1761,11,implied_by
2,1900,839,840,9,not_xor
2,1901,1116,1117,1,and
2,1902,1443,1444,8,not_or
2,1903,1030,1031,14,not_and
2,1904,1939,1940,3,a
2,1905,468,469,12,not_a
2,1906,793,794,7,or
2,1907,1156,1157,11,implied_by
2,1908,691,692,5,b
2,1909,712,713,3,a
2,1910,1419,1420,12,not_a
2,1911,1977,1978,13,implies
2,1912,1109,1110,11,implied_by
2,1913,1170,1171,13,implies
2,1914,926,927,1,and
2,1915,1257,1258,2,not_implies
2,1916,1625,1626,8,not_or
2,1917,1057,1058,5,b
2,1918,954,955,7,or
2,1919,444,445,3,a
2,1920,144,145,9,not_xor
2,1921,849,850,10,not_b
2,1922,1906,1907,6,xor
2,1923,1534,1535,9,not_xor
2,1924,1694,1695,9,not_xor
2,1925,1159,1160,5,b
2,1926,816,817,0,zero
2,1927,1412,1413,0,zero
2,1928,1296,1297,5,b
2,1929,573,574,5,b
2,1930,312,313,6,xor
2,1931,72,73,8,not_or
2,1932,492,493,7,or
2,1933,1558,1559,5,b
2,1934,1031,1032,4,not_implied_by
2,1935,1523,1524,3,a
2,1936,811,812,0,zero
2,1937,1022,1023,7,or
2,1938,1819,1820,10,not_b
2,1939,1802,1803,14,not_and
2,1940,1335,1336,5,b
2,1941,377,378,14,not_and
2,1942,1362,1363,1,and
2,1943,1691,1692,1,and
2,1944,528,529,13,implies
2,1945,595,596,9,not_xor
2,1946,33,34,2,not_implies
2,1947,1357,1358,3,a
2,1948,124,125,11,implied_by
2,1949,1892,1893,4,not_implied_by
2,1950,1417,1418,3,a
2,1951,1134,1135,3,a
2,1952,1268,1269,5,b
2,1953,529,530,11,implied_by
2,1954,36,37,4,not_implied_by
2,1955,1753,1754,13,implies
2,1956,1376,1377,5,b
2,1957,1471,1472,4,not_implied_by
2,1958,1921,1922,15,one
2,1959,156,157,11,implied_by
2,1960,238,239,6,xor
2,1961,526,527,2,not_implies
2,1962,264,265,15,one
2,1963,1323,1324,4,not_implied_by
2,1964,562,563,9,not_xor
2,1965,802,803,10,not_b
2,1966,1963,1964,6,xor
2,1967,1588,1589,4,not_implied_by
2,1968,1954,1955,3,a
2,1969,845,846,5,b
2,1970,810,811,14,not_and
2,1971,551,552,11,implied_by
2,1972,869,870,13,implies
2,1973,1849,1850,1,and
2,1974,1652,1653,14,not_and
2,1975,195,196,9,not_xor
2,1976,1304,1305,5,b
2,1977,1001,1002,4,not_implied_by
2,1978,26,27,11,implied_by
2,1979,525,526,10,not_b
2,1980,247,248,2,not_implies
2,1981,626,627,2,not_implies
2,1982,666,667,3,a
2,1983,50,51,3,a
2,1984,1125,1126,7,or
2,1985,1287,1288,13,implies
2,1986,1561,1562,14,not_and
2,1987,1215,1216,13,implies
2,1988,1503,1504,1,and
2,1989,428,429,11,implied_by
2,1990,1654,1655,11,implied_by
2,1991,1446,1447,3,a
2,1992,268,269,15,one
2,1993,407,408,10,not_b
2,1994,332,333,10,not_b
2,1995,1894,1895,6,xor
2,1996,748,749,10,not_b
2,1997,1062,1063,10,not_b
2,1998,1548,1549,8,not_or
2,1999,582,583,8,not_or
3,0,1930,1931,6,xor
3,1,1521,1522,6,xor
3,2,546,547,9,not_xor
3,3,1601,1602,3,a
3,4,1761,1762,3,a
3,5,347,348,12,not_a
3,6,639,640,1,and
3,7,877,878,12,not_a
3,8,1832,1833,3,a
3,9,537,538,8,not_or
3,10,1284,1285,4,not_implied_by
3,11,1903,1904,4,not_implied_by
3,12,209,210,7,or
3,13,937,938,11,implied_by
3,14,1922,1923,11,implied_by
3,15,495,496,1,and
3,16,641,642,0,zero
3,17,638,639,6,xor
3,18,210,211,5,b
3,19,575,576,4,not_implied_by
3,20,403,404,6,xor
3,21,381,382,14,not_and
3,22,220,221,6,xor
3,23,594,595,5,b
3,24,1815,1816,12,not_a
3,25,1685,1686,2,not_implies
3,26,1459,1460,1,and
3,27,1864,1865,4,not_implied_by
3,28,1066,1067,1,and
3,29,1717,1718,12,not_a
3,30,1970,1971,1,and
3,31,665,666,12,not_a
3,32,1032,1033,11,implied_by
3,33,412,413,10,not_b
3,34,772,773,10,not_b
3,35,1098,1099,14,not_and
3,36,803,804,12,not_a
3,37,241,242,0,zero
3,38,288,289,2,not_implies
3,39,298,299,7,or
3,40,1774,1775,3,a
3,41,7,8,1,and
3,42,1101,1102,12,not_a
3,43,430,431,11,implied_by
3,44,1277,1278,15,one
3,45,16,17,12,not_a
3,46,688,689,5,b
3,47,1301,1302,5,b
3,48,1932,1933,13,implies
3,49,1564,1565,5,b
3,50,1621,1622,1,and
3,51,1064,1065,3,a
3,52,1431,1432,14,not_and
3,53,1354,1355,8,not_or
3,54,886,887,5,b
3,55,490,491,5,b
3,56,1541,1542,0,zero
3,57,1462,1463,9,not_xor
3,58,1827,1828,6,xor
3,59,988,989,13,implies
3,60,1883,1884,4,not_implied_by
3,61,1963,1964,14,not_and
3,62,1778,1779,3,a
3,63,1987,1988,5,b
3,64,683,684,7,or
3,65,1182,1183,8,not_or
3,66,249,250,10,not_b
3,67,1836,1837,12,not_a
3,68,1013,1014,15,one
3,69,539,540,13,implies
3,70,1762,1763,13,implies
3,71,338,339,13,implies
3,72,659,660,0,zero
3,73,1246,1247,6,xor
3,74,970,971,4,not_implied_by
3,75,1742,1743,13,implies
3,76,502,503,1,and
3,77,1916,1917,10,not_b
3,78,1861,1862,5,b
3,79,1307,1308,13,implies
3,80,529,530,5,b
3,81,1728,1729,8,not_or
3,82,465,466,5,b
3,83,689,690,4,not_implied_by
3,84,1795,1796,14,not_and
3,85,564,565,2,not_implies
3,86,918,919,10,not_b
3,87,15,16,10,not_b
3,88,1211,1212,10,not_b
3,89,1905,1906,12,not_a
3,90,311,312,2,not_implies
3,91,1128,1129,8,not_or
3,92,859,860,14,not_and
3,93,1174,1175,3,a
3,94,1308,1309,3,a
3,95,1189,1190,0,zero
3,96,916,917,6,xor
3,97,710,711,11,implied_by
3,98,1364,1365,12,not_a
3,99,121,122,6,xor
3,100,1919,1920,1,and
3,101,900,901,12,not_a
3,102,1481,1482,10,not_b
3,103,200,201,8,not_or
3,104,1038,1039,5,b
3,105,1155,1156,3,a
3,106,475,476,9,not_xor
3,107,182,183,1,and
3,108,826,827,7,or
3,109,1605,1606,0,zero
3,110,1055,1056,2,not_implies
3,111,1494,1495,15,one
3,112,797,798,12,not_a
3,113,1316,1317,6,xor
3,114,1620,1621,10,not_b
3,115,1608,1609,3,a
3,116,364,365,1,and
3,117,755,756,10,not_b
3,118,1613,1614,7,or
3,119,1483,1484,8,not_or
3,120,335,336,10,not_b
3,121,1852,1853,10,not_b
3,122,865,866,4,not_implied_by
3,123,692,693,9,not_xor
3,124,339,340,4,not_implied_by
3,125,64,65,10,not_b
3,126,59,60,13,implies
3,127,1478,1479,2,not_implies
3,128,426,427,11,implied_by
3,129,840,841,4,not_implied_by
3,130,1327,1328,3,a
3,131,48,49,4,not_implied_by
3,132,107,108,5,b
3,133,906,907,3,a
3,134,698,699,6,xor
3,135,676,677,6,xor
3,136,1144,1145,7,or
3,137,1112,1113,2,not_implies
3,138,814,815,1,and
3,139,1618,1619,4,not_implied_by
3,140,796,797,14,not_and
3,141,1734,1735,9,not_xor
3,142,809,810,10,not_b
3,143,421,422,7,or
3,144,1474,1475,3,a
3,145,342,343,4,not_implied_by
3,146,729,730,13,implies
3,147,703,704,12,not_a
3,148,1729,1730,1,and
3,149,724,725,10,not_b
3,150,1578,1579,13,implies
3,151,169,170,1,and
3,152,950,951,10,not_b
3,153,281,282,2,not_implies
3,154,1628,1629,13,implies
3,155,394,395,7,or
3,156,1638,1639,8,not_or
3,157,86,87,2,not_implies
3,158,722,723,0,zero
3,159,691,692,15,one
3,160,433,434,13,implies
3,161,1428,1429,14,not_and
3,162,1392,1393,0,zero
3,163,518,519,5,b
3,164,556,557,10,not_b
3,165,1186,1187,14,not_and
3,166,1271,1272,15,one
3,167,845,846,2,not_implies
3,168,1911,1912,8,not_or
3,169,1254,1255,8,not_or
3,170,721,722,6,xor
3,171,273,274,10,not_b
3,172,1976,1977,14,not_and
3,173,1497,1498,9,not_xor
3,174,482,483,0,zero
3,175,1435,1436,12,not_a
3,176,773,774,13,implies
3,177,839,840,10,not_b
3,178,1071,1072,0,zero
3,179,1170,1171,5,b
3,180,1446,1447,12,not_a
3,181,1775,1776,6,xor
3,182,65,66,7,or
3,183,1572,1573,1,and
3,184,1089,1090,13,implies
3,185,1811,1812,5,b
3,186,1161,1162,3,a
3,187,106,107,14,not_and
3,188,1425,1426,13,implies
3,189,1053,1054,2,not_implies
3,190,58,59,12,not_a
3,191,292,293,3,a
3,192,1826,1827,10,not_b
3,193,397,398,1,and
3,194,453,454,14,not_and
3,195,525,526,14,not_and
3,196,1747,1748,15,one
3,197,800,801,10,not_b
3,198,1058,1059,15,one
3,199,97,98,4,not_implied_by
3,200,1718,1719,15,one
3,201,648,649,14,not_and
3,202,632,633,12,not_a
3,203,1006,1007,11,implied_by
3,204,592,593,13,implies
3,205,1825,1826,6,xor
3,206,1945,1946,5,b
3,207,1765,1766,12,not_a
3,208,70,71,12,not_a
3,209,1093,1094,8,not_or
3,210,596,597,2,not_implies
3,211,733,734,5,b
3,212,1872,1873,9,not_xor
3,213,488,489,8,not_or
3,214,736,737,3,a
3,215,1181,1182,12,not_a
3,216,1874,1875,9,not_xor
3,217,715,716,1,and
3,218,1444,1445,5,b
3,219,1119,1120,9,not_xor
3,220,1797,1798,12,not_a
3,221,526,527,9,not_xor
3,222,303,304,4,not_implied_by
3,223,672,673,11,implied_by
3,224,395,396,9,not_xor
3,225,489,490,12,not_a
3,226,1003,1004,10,not_b
3,227,1918,1919,5,b
3,228,245,246,10,not_b
3,229,1669,1670,3,a
3,230,84,85,11,implied_by
3,231,885,886,5,b
3,232,1654,1655,13,implies
3,233,447,448,15,one
3,234,1274,1275,2,not_implies
3,235,499,500,6,xor
3,236,1869,1870,3,a
3,237,1300,1301,3,a
3,238,74,75,13,implies
3,239,1551,1552,5,b
3,240,265,266,1,and
3,241,652,653,13,implies
3,242,72,73,6,xor
3,243,739,740,10,not_b
3,244,1406,1407,6,xor
3,245,191,192,1,and
3,246,456,457,1,and
3,247,1873,1874,8,not_or
3,248,345,346,5,b
3,249,1104,1105,5,b
3,250,1833,1834,8,not_or
3,251,872,873,6,xor
3,252,765,766,9,not_xor
3,253,1345,1346,3,a
3,254,152,153,9,not_xor
3,255,1796,1797,9,not_xor
3,256,1206,1207,12,not_a
3,257,848,849,5,b
3,258,1057,1058,11,implied_by
3,259,602,603,8,not_or
3,260,113,114,3,a
3,261,125,126,12,not_a
3,262,1007,1008,14,not_and
3,263,1944,1945,1,and
3,264,427,428,10,not_b
3,265,1279,1280,5,b
3,266,793,794,12,not_a
3,267,1824,1825,7,or
3,268,262,263,11,implied_by
3,269,1984,1985,14,not_and
3,270,1787,1788,14,not_and
3,271,1676,1677,4,not_implied_by
3,272,1192,1193,5,b
3,273,187,188,3,a
3,274,785,786,8,not_or
3,275,972,973,3,a
3,276,851,852,10,not_b
3,277,458,459,6,xor
3,278,1499,1500,3,a
3,279,1633,1634,10,not_b
3,280,446,447,10,not_b
3,281,153,154,3,a
3,282,1863,1864,12,not_a
3,283,1302,1303,14,not_and
3,284,1402,1403,12,not_a
3,285,1363,1364,11,implied_by
3,286,1846,1847,12,not_a
3,287,33,34,0,zero
3,288,211,212,14,not_and
3,289,1129,1130,13,implies
3,290,1298,1299,10,not_b
3,291,1197,1198,13,implies
3,292,538,539,0,zero
3,293,1708,1709,9,not_xor
3,294,272,273,2,not_implies
3,295,615,616,5,b
3,296,876,877,13,implies
3,297,1333,1334,12,not_a
3,298,117,118,5,b
3,299,1141,1142,5,b
3,300,1044,1045,1,and
3,301,205,206,0,zero
3,302,1045,1046,14,not_and
3,303,1292,1293,3,a
3,304,725,726,3,a
3,305,746,747,1,and
3,306,232,233,9,not_xor
3,307,732,733,9,not_xor
3,308,1283,1284,15,one
3,309,225,226,4,not_implied_by
3,310,572,573,9,not_xor
3,311,675,676,8,not_or
3,312,1419,1420,10,not_b
3,313,158,159,5,b
3,314,786,787,9,not_xor
3,315,384,385,13,implies
3,316,1677,1678,5,b
3,317,66,67,1,and
3,318,217,218,2,not_implies
3,319,1534,1535,11,implied_by
3,320,437,438,12,not_a
3,321,3,4,12,not_a
3,322,1335,1336,8,not_or
3,323,1893,1894,12,not_a
3,324,51,52,12,not_a
3,325,1929,1930,10,not_b
3,326,49,50,15,one
3,327,35,36,14,not_and
3,328,1632,1633,2,not_implies
3,329,1379,1380,0,zero
3,330,917,918,8,not_or
3,331,223,224,4,not_implied_by
3,332,334,335,9,not_xor
3,333,607,608,10,not_b
3,334,1215,1216,7,or
3,335,485,486,13,implies
3,336,1062,1063,0,zero
3,337,778,779,3,a
3,338,194,195,0,zero
3,339,1907,1908,10,not_b
3,340,115,116,12,not_a
3,341,1212,1213,6,xor
3,342,1731,1732,14,not_and
3,343,1154,1155,5,b
3,344,867,868,4,not_implied_by
3,345,1650,1651,13,implies
3,346,1744,1745,10,not_b
3,347,1314,1315,8,not_or
3,348,466,467,12,not_a
3,349,318,319,10,not_b
3,350,1390,1391,12,not_a
3,351,1083,1084,15,one
3,352,11,12,12,not_a
3,353,196,197,5,b
3,354,747,748,4,not_implied_by
3,355,1514,1515,5,b
3,356,1133,1134,5,b
3,357,1973,1974,10,not_b
3,358,1281,1282,1,and
3,359,940,941,10,not_b
3,360,467,468,3,a
3,361,898,899,0,zero
3,362,956,957,13,implies
3,363,244,245,4,not_implied_by
3,364,1635,1636,12,not_a
3,365,348,349,5,b
3,366,901,902,14,not_and
3,367,1928,1929,7,or
3,368,612,613,6,xor
3,369,1934,1935,7,or
3,370,333,334,4,not_implied_by
3,371,1400,1401,5,b
3,372,307,308,10,not_b
3,373,1198,1199,7,or
3,374,165,166,14,not_and
3,375,1171,1172,3,a
3,376,1115,1116,12,not_a
3,377,1175,1176,1,and
3,378,1528,1529,10,not_b
3,379,1657,1658,8,not_or
3,380,1408,1409,9,not_xor
3,381,1223,1224,14,not_and
3,382,1764,1765,3,a
3,383,1746,1747,9,not_xor
3,384,380,381,11,implied_by
3,385,1409,1410,14,not_and
3,386,1587,1588,6,xor
3,387,1270,1271,15,one
3,388,1162,1163,7,or
3,389,854,855,5,b
3,390,743,744,6,xor
3,391,807,808,3,a
3,392,1046,1047,13,implies
3,393,1575,1576,5,b
3,394,811,812,5,b
3,395,1662,1663,12,not_a
3,396,994,995,2,not_implies
3,397,322,323,9,not_xor
3,398,1850,1851,10,not_b
3,399,961,962,4,not_implied_by
3,400,1272,1273,1,and
3,401,278,279,4,not_implied_by
3,402,1586,1587,7,or
3,403,601,602,15,one
3,404,1559,1560,5,b
3,405,1482,1483,3,a
3,406,1614,1615,4,not_implied_by
3,407,441,442,8,not_or
3,408,105,106,14,not_and
3,409,1378,1379,11,implied_by
3,410,1496,1497,8,not_or
3,411,435,436,15,one
3,412,1232,1233,10,not_b
3,413,1854,1855,3,a
3,414,1994,1995,10,not_b
3,415,327,328,11,implied_by
3,416,1385,1386,11,implied_by
3,417,1672,1673,5,b
3,418,1187,1188,3,a
3,419,1504,1505,5,b
3,420,171,172,3,a
3,421,1265,1266,14,not_and
3,422,1213,1214,5,b
3,423,1169,1170,9,not_xor
3,424,1420,1421,14,not_and
3,425,1763,1764,5,b
3,426,507,508,10,not_b
3,427,277,278,2,not_implies
3,428,1149,1150,6,xor
3,429,1313,1314,5,b
3,430,631,632,8,not_or
3,431,1125,1126,3,a
3,432,742,743,3,a
3,433,82,83,6,xor
3,434,379,380,13,implies
3,435,1527,1528,10,not_b
3,436,977,978,11,implied_by
3,437,919,920,11,implied_by
3,438,40,41,12,not_a
3,439,858,859,10,not_b
3,440,1954,1955,2,not_implies
3,441,1295,1296,8,not_or
3,442,1752,1753,11,implied_by
3,443,50,51,13,implies
3,444,1461,1462,7,or
3,445,1522,1523,1,and
3,446,1546,1547,9,not_xor
3,447,1568,1569,7,or
3,448,1158,1159,11,implied_by
3,449,1339,1340,12,not_a
3,450,1531,1532,5,b
3,451,1604,1605,1,and
3,452,173,174,4,not_implied_by
3,453,32,33,12,not_a
3,454,1464,1465,2,not_implies
3,455,921,922,10,not_b
3,456,1706,1707,14,not_and
3,457,819,820,5,b
3,458,1661,1662,5,b
3,459,762,763,2,not_implies
3,460,523,524,4,not_implied_by
3,461,1269,1270,3,a
3,462,202,203,6,xor
3,463,1766,1767,7,or
3,464,1894,1895,1,and
3,465,13,14,10,not_b
3,466,1700,1701,7,or
3,467,1670,1671,7,or
3,468,1289,1290,6,xor
3,469,555,556,12,not_a
3,470,1644,1645,12,not_a
3,471,373,374,3,a
3,472,1165,1166,12,not_a
3,473,234,235,8,not_or
3,474,1909,1910,4,not_implied_by
3,475,188,189,4,not_implied_by
3,476,767,768,3,a
3,477,764,765,6,xor
3,478,1375,1376,12,not_a
3,479,1228,1229,10,not_b
3,480,958,959,7,or
3,481,1828,1829,1,and
3,482,1097,1098,6,xor
3,483,758,759,5,b
3,484,91,92,7,or
3,485,98,99,5,b
3,486,140,141,13,implies
3,487,1596,1597,4,not_implied_by
3,488,799,800,3,a
3,489,111,112,3,a
3,490,835,836,12,not_a
3,491,1733,1734,4,not_implied_by
3,492,1585,1586,11,implied_by
3,493,887,888,12,not_a
3,494,636,637,7,or
3,495,1816,1817,13,implies
3,496,781,782,10,not_b
3,497,1884,1885,2,not_implies
3,498,560,561,7,or
3,499,1079,1080,5,b
3,500,989,990,13,implies
3,501,1296,1297,1,and
3,502,1356,1357,10,not_b
3,503,2,3,3,a
3,504,542,543,3,a
3,505,1210,1211,15,one
3,506,114,115,12,not_a
3,507,1362,1363,11,implied_by
3,508,1091,1092,5,b
3,509,986,987,3,a
3,510,455,456,3,a
3,511,576,577,13,implies
3,512,975,976,4,not_implied_by
3,513,1948,1949,1,and
3,514,21,22,3,a
3,515,1799,1800,13,implies
3,516,1668,1669,10,not_b
3,517,180,181,0,zero
3,518,1127,1128,11,implied_by
3,519,501,502,12,not_a
3,520,696,697,1,and
3,521,1910,1911,9,not_xor
3,522,1095,1096,2,not_implies
3,523,941,942,8,not_or
3,524,1977,1978,11,implied_by
3,525,563,564,12,not_a
3,526,291,292,10,not_b
3,527,491,492,7,or
3,528,167,168,10,not_b
3,529,1015,1016,1,and
3,530,116,117,5,b
3,531,104,105,4,not_implied_by
3,532,260,261,10,not_b
3,533,1612,1613,10,not_b
3,534,1426,1427,10,not_b
3,535,310,311,8,not_or
3,536,533,534,5,b
3,537,1173,1174,10,not_b
3,538,1582,1583,1,and
3,539,486,487,1,and
3,540,1588,1589,5,b
3,541,83,84,1,and
3,542,135,136,2,not_implies
3,543,1537,1538,3,a
3,544,805,806,5,b
3,545,1492,1493,0,zero
3,546,222,223,10,not_b
3,547,1553,1554,7,or
3,548,1320,1321,13,implies
3,549,1243,1244,3,a
3,550,163,164,5,b
3,551,1923,1924,5,b
3,552,981,982,7,or
3,553,613,614,4,not_implied_by
3,554,834,835,0,zero
3,555,450,451,6,xor
3,556,825,826,13,implies
3,557,361,362,8,not_or
3,558,700,701,1,and
3,559,816,817,14,not_and
3,560,336,337,4,not_implied_by
3,561,547,548,5,b
3,562,1680,1681,1,and
3,563,1000,1001,15,one
3,564,682,683,3,a
3,565,932,933,0,zero
3,566,684,685,3,a
3,567,1636,1637,13,implies
3,568,248,249,10,not_b
3,569,727,728,3,a
3,570,1804,1805,12,not_a
3,571,1502,1503,15,one
3,572,1023,1024,1,and
3,573,1609,1610,5,b
3,574,1024,1025,8,not_or
3,575,1273,1274,9,not_xor
3,576,14,15,7,or
3,577,1429,1430,9,not_xor
3,578,1012,1013,10,not_b
3,579,574,575,5,b
3,580,506,507,1,and
3,581,1371,1372,12,not_a
3,582,1782,1783,13,implies
3,583,1132,1133,11,implied_by
3,584,1526,1527,12,not_a
3,585,186,187,2,not_implies
3,586,990,991,7,or
3,587,368,369,3,a
3,588,1070,1071,8,not_or
3,589,1358,1359,15,one
3,590,1329,1330,10,not_b
3,591,593,594,12,not_a
3,592,1225,1226,8,not_or
3,593,1581,1582,3,a
3,594,1523,1524,6,xor
3,595,1860,1861,3,a
3,596,926,927,10,not_b
3,597,1659,1660,0,zero
3,598,927,928,3,a
3,599,531,532,8,not_or
3,600,1328,1329,6,xor
3,601,949,950,10,not_b
3,602,550,551,5,b
3,603,1849,1850,8,not_or
3,604,522,523,8,not_or
3,605,1716,1717,9,not_xor
3,606,646,647,11,implied_by
3,607,1080,1081,8,not_or
3,608,1450,1451,2,not_implies
3,609,477,478,7,or
3,610,1282,1283,15,one
3,611,717,718,4,not_implied_by
3,612,1398,1399,3,a
3,613,1256,1257,12,not_a
3,614,1892,1893,2,not_implies
3,615,1777,1778,4,not_implied_by
3,616,1231,1232,5,b
3,617,1924,1925,13,implies
3,618,1391,1392,1,and
3,619,963,964,5,b
3,620,1359,1360,9,not_xor
3,621,685,686,5,b
3,622,1876,1877,6,xor
3,623,9,10,5,b
3,624,1205,1206,6,xor
3,625,1598,1599,15,one
3,626,681,682,13,implies
3,627,991,992,11,implied_by
3,628,388,389,3,a
3,629,1943,1944,12,not_a
3,630,1536,1537,14,not_and
3,631,780,781,5,b
3,632,5,6,13,implies
3,633,494,495,0,zero
3,634,623,624,12,not_a
3,635,589,590,5,b
3,636,605,606,7,or
3,637,1245,1246,9,not_xor
3,638,1753,1754,5,b
3,639,1278,1279,5,b
3,640,276,277,3,a
3,641,1990,1991,10,not_b
3,642,1968,1969,8,not_or
3,643,207,208,12,not_a
3,644,579,580,12,not_a
3,645,57,58,1,and
3,646,1705,1706,5,b
3,647,406,407,12,not_a
3,648,1557,1558,3,a
3,649,1648,1649,4,not_implied_by
3,650,777,778,7,or
3,651,1366,1367,3,a
3,652,471,472,10,not_b
3,653,143,144,11,implied_by
3,654,590,591,1,and
3,655,1257,1258,4,not_implied_by
3,656,1434,1435,13,implies
3,657,407,408,8,not_or
3,658,469,470,5,b
3,659,1139,1140,3,a
3,660,853,854,7,or
3,661,873,874,12,not_a
3,662,159,160,10,not_b
3,663,1207,1208,10,not_b
3,664,1642,1643,10,not_b
3,665,1090,1091,12,not_a
3,666,1913,1914,5,b
3,667,1535,1536,10,not_b
3,668,1357,1358,6,xor
3,669,687,688,3,a
3,670,56,57,9,not_xor
3,671,470,471,12,not_a
3,672,452,453,7,or
3,673,154,155,10,not_b
3,674,68,69,5,b
3,675,1422,1423,9,not_xor
3,676,41,42,6,xor
3,677,1036,1037,12,not_a
3,678,1088,1089,5,b
3,679,622,623,5,b
3,680,1886,1887,12,not_a
3,681,320,321,4,not_implied_by
3,682,1061,1062,15,one
3,683,246,247,3,a
3,684,1204,1205,12,not_a
3,685,1113,1114,5,b
3,686,414,415,7,or
3,687,175,176,2,not_implies
3,688,944,945,15,one
3,689,802,803,2,not_implies
3,690,90,91,10,not_b
3,691,1485,1486,5,b
3,692,712,713,8,not_or
3,693,530,531,10,not_b
3,694,358,359,1,and
3,695,934,935,2,not_implies
3,696,1785,1786,5,b
3,697,595,596,0,zero
3,698,1001,1002,15,one
3,699,933,934,11,implied_by
3,700,239,240,15,one
3,701,904,905,4,not_implied_by
3,702,1188,1189,9,not_xor
3,703,1960,1961,10,not_b
3,704,103,104,6,xor
3,705,1107,1108,10,not_b
3,706,1600,1601,2,not_implies
3,707,832,833,9,not_xor
3,708,1085,1086,3,a
3,709,459,460,1,and
3,710,1692,1693,3,a
3,711,150,151,5,b
3,712,251,252,12,not_a
3,713,649,650,5,b
3,714,1437,1438,6,xor
3,715,1583,1584,7,or
3,716,1069,1070,10,not_b
3,717,983,984,5,b
3,718,127,128,7,or
3,719,1865,1866,6,xor
3,720,1674,1675,8,not_or
3,721,1103,1104,0,zero
3,722,374,375,8,not_or
3,723,92,93,3,a
3,724,1486,1487,5,b
3,725,544,545,7,or
3,726,1898,1899,5,b
3,727,1322,1323,12,not_a
3,728,1683,1684,5,b
3,729,1487,1488,0,zero
3,730,1022,1023,7,or
3,731,524,525,15,one
3,732,164,165,3,a
3,733,861,862,3,a
3,734,304,305,14,not_and
3,735,61,62,6,xor
3,736,606,607,9,not_xor
3,737,79,80,11,implied_by
3,738,63,64,3,a
3,739,584,585,8,not_or
3,740,720,721,10,not_b
3,741,363,364,3,a
3,742,1447,1448,3,a
3,743,1780,1781,10,not_b
3,744,203,204,0,zero
3,745,965,966,12,not_a
3,746,1473,1474,4,not_implied_by
3,747,673,674,5,b
3,748,1589,1590,3,a
3,749,1715,1716,11,implied_by
3,750,1890,1891,7,or
3,751,1887,1888,10,not_b
3,752,1209,1210,13,implies
3,753,1403,1404,12,not_a
3,754,716,717,10,not_b
3,755,1122,1123,2,not_implies
3,756,643,644,3,a
3,757,124,125,3,a
3,758,1421,1422,9,not_xor
3,759,1626,1627,3,a
3,760,236,237,1,and
3,761,1759,1760,1,and
3,762,1951,1952,10,not_b
3,763,609,610,12,not_a
3,764,1255,1256,10,not_b
3,765,1074,1075,1,and
3,766,830,831,10,not_b
3,767,1266,1267,2,not_implies
3,768,481,482,0,zero
3,769,468,469,11,implied_by
3,770,512,513,7,or
3,771,1926,1927,14,not_and
3,772,1294,1295,1,and
3,773,1655,1656,7,or
3,774,511,512,3,a
3,775,620,621,4,not_implied_by
3,776,697,698,14,not_and
3,777,439,440,9,not_xor
3,778,551,552,2,not_implies
3,779,80,81,7,or
3,780,409,410,14,not_and
3,781,1726,1727,3,a
3,782,1120,1121,5,b
3,783,1111,1112,10,not_b
3,784,1784,1785,11,implied_by
3,785,1159,1160,14,not_and
3,786,332,333,8,not_or
3,787,1381,1382,12,not_a
3,788,275,276,6,xor
3,789,1305,1306,8,not_or
3,790,1002,1003,0,zero
3,791,1267,1268,12,not_a
3,792,1931,1932,14,not_and
3,793,95,96,9,not_xor
3,794,626,627,15,one
3,795,301,302,4,not_implied_by
3,796,1143,1144,12,not_a
3,797,31,32,8,not_or
3,798,1214,1215,3,a
3,799,582,583,7,or
3,800,1460,1461,2,not_implies
3,801,1688,1689,7,or
3,802,45,46,1,and
3,803,701,702,13,implies
3,804,942,943,10,not_b
3,805,1981,1982,8,not_or
3,806,891,892,14,not_and
3,807,726,727,0,zero
3,808,1275,1276,13,implies
3,809,660,661,1,and
3,810,233,234,1,and
3,811,1835,1836,3,a
3,812,955,956,5,b
3,813,1967,1968,4,not_implied_by
3,814,1599,1600,15,one
3,815,1384,1385,7,or
3,816,1988,1989,5,b
3,817,1025,1026,2,not_implies
3,818,1239,1240,3,a
3,819,1004,1005,3,a
3,820,1533,1534,10,not_b
3,821,1312,1313,12,not_a
3,822,1439,1440,2,not_implies
3,823,1540,1541,15,one
3,824,255,256,6,xor
3,825,909,910,6,xor
3,826,957,958,0,zero
3,827,804,805,8,not_or
3,828,240,241,13,implies
3,829,1352,1353,5,b
3,830,1360,1361,6,xor
3,831,808,809,5,b
3,832,1792,1793,0,zero
3,833,460,461,5,b
3,834,314,315,5,b
3,835,1823,1824,1,and
3,836,1414,1415,2,not_implies
3,837,1933,1934,12,not_a
3,838,219,220,2,not_implies
3,839,661,662,6,xor
3,840,1693,1694,7,or
3,841,419,420,8,not_or
3,842,305,306,15,one
3,843,1544,1545,12,not_a
3,844,1921,1922,5,b
3,845,393,394,10,not_b
3,846,1121,1122,6,xor
3,847,1495,1496,9,not_xor
3,848,1242,1243,15,one
3,849,1241,1242,11,implied_by
3,850,984,985,10,not_b
3,851,1851,1852,11,implied_by
3,852,354,355,5,b
3,853,527,528,12,not_a
3,854,213,214,6,xor
3,855,1105,1106,12,not_a
3,856,1453,1454,10,not_b
3,857,1293,1294,3,a
3,858,26,27,15,one
3,859,1349,1350,13,implies
3,860,1949,1950,11,implied_by
3,861,1619,1620,12,not_a
3,862,738,739,12,not_a
3,863,425,426,2,not_implies
3,864,1719,1720,12,not_a
3,865,145,146,12,not_a
3,866,157,158,12,not_a
3,867,1627,1628,8,not_or
3,868,1664,1665,3,a
3,869,1039,1040,10,not_b
3,870,737,738,12,not_a
3,871,540,541,5,b
3,872,1993,1994,5,b
3,873,1939,1940,3,a
3,874,1166,1167,14,not_and
3,875,860,861,5,b
3,876,561,562,3,a
3,877,728,729,14,not_and
3,878,577,578,5,b
3,879,1875,1876,12,not_a
3,880,1748,1749,15,one
3,881,1348,1349,5,b
3,882,1891,1892,7,or
3,883,18,19,3,a
3,884,1532,1533,11,implied_by
3,885,375,376,14,not_and
3,886,656,657,9,not_xor
3,887,1711,1712,0,zero
3,888,128,129,4,not_implied_by
3,889,1840,1841,3,a
3,890,998,999,12,not_a
3,891,571,572,5,b
3,892,1285,1286,13,implies
3,893,775,776,0,zero
3,894,568,569,9,not_xor
3,895,312,313,1,and
3,896,1592,1593,12,not_a
3,897,674,675,12,not_a
3,898,1982,1983,5,b
3,899,892,893,13,implies
3,900,1361,1362,13,implies
3,901,1660,1661,10,not_b
3,902,833,834,0,zero
3,903,1016,1017,9,not_xor
3,904,315,316,2,not_implies
3,905,611,612,5,b
3,906,1839,1840,2,not_implies
3,907,635,636,14,not_and
3,908,176,177,11,implied_by
3,909,81,82,14,not_and
3,910,651,652,3,a
3,911,1678,1679,7,or
3,912,1736,1737,11,implied_by
3,913,1306,1307,9,not_xor
3,914,952,953,4,not_implied_by
3,915,1177,1178,5,b
3,916,514,515,13,implies
3,917,496,497,5,b
3,918,1703,1704,5,b
3,919,569,570,9,not_xor
3,920,1489,1490,15,one
3,921,520,521,2,not_implies
3,922,1134,1135,15,one
3,923,1201,1202,1,and
3,924,1848,1849,10,not_b
3,925,1118,1119,13,implies
3,926,101,102,0,zero
3,927,1102,1103,5,b
3,928,1183,1184,10,not_b
3,929,1991,1992,3,a
3,930,1077,1078,5,b
3,931,1260,1261,9,not_xor
3,932,122,123,10,not_b
3,933,1565,1566,2,not_implies
3,934,6,7,7,or
3,935,768,769,9,not_xor
3,936,19,20,15,one
3,937,1509,1510,10,not_b
3,938,226,227,12,not_a
3,939,766,767,7,or
3,940,985,986,5,b
3,941,1915,1916,10,not_b
3,942,1226,1227,14,not_and
3,943,1440,1441,12,not_a
3,944,360,361,2,not_implies
3,945,1303,1304,12,not_a
3,946,628,629,9,not_xor
3,947,1663,1664,1,and
3,948,483,484,14,not_and
3,949,264,265,8,not_or
3,950,12,13,13,implies
3,951,1319,1320,1,and
3,952,461,462,10,not_b
3,953,484,485,6,xor
3,954,36,37,9,not_xor
3,955,1184,1185,4,not_implied_by
3,956,1317,1318,6,xor
3,957,1377,1378,12,not_a
3,958,578,579,11,implied_by
3,959,745,746,3,a
3,960,4,5,0,zero
3,961,1896,1897,12,not_a
3,962,464,465,10,not_b
3,963,136,137,1,and
3,964,473,474,7,or
3,965,1180,1181,1,and
3,966,837,838,12,not_a
3,967,155,156,15,one
3,968,1376,1377,10,not_b
3,969,1026,1027,5,b
3,970,386,387,2,not_implies
3,971,449,450,4,not_implied_by
3,972,545,546,0,zero
3,973,896,897,5,b
3,974,75,76,11,implied_by
3,975,890,891,9,not_xor
3,976,1667,1668,5,b
3,977,1087,1088,8,not_or
3,978,1100,1101,5,b
3,979,1168,1169,10,not_b
3,980,20,21,13,implies
3,981,824,825,7,or
3,982,366,367,0,zero
3,983,1452,1453,12,not_a
3,984,1927,1928,5,b
3,985,1542,1543,11,implied_by
3,986,1138,1139,8,not_or
3,987,1845,1846,10,not_b
3,988,1029,1030,1,and
3,989,392,393,8,not_or
3,990,1781,1782,1,and
3,991,1449,1450,1,and
3,992,1783,1784,5,b
3,993,1153,1154,5,b
3,994,206,207,10,not_b
3,995,973,974,10,not_b
3,996,1323,1324,11,implied_by
3,997,1418,1419,2,not_implies
3,998,1682,1683,1,and
3,999,1904,1905,1,and
3,1000,1394,1395,0,zero
3,1001,1789,1790,2,not_implies
3,1002,1651,1652,12,not_a
3,1003,1980,1981,4,not_implied_by
3,1004,1983,1984,0,zero
3,1005,313,314,9,not_xor
3,1006,1047,1048,5,b
3,1007,1925,1926,1,and
3,1008,316,317,5,b
3,1009,1563,1564,4,not_implied_by
3,1010,420,421,5,b
3,1011,195,196,2,not_implies
3,1012,17,18,10,not_b
3,1013,257,258,10,not_b
3,1014,1476,1477,10,not_b
3,1015,1584,1585,13,implies
3,1016,1157,1158,9,not_xor
3,1017,1096,1097,10,not_b
3,1018,922,923,7,or
3,1019,694,695,1,and
3,1020,296,297,12,not_a
3,1021,1730,1731,4,not_implied_by
3,1022,879,880,1,and
3,1023,929,930,1,and
3,1024,1441,1442,6,xor
3,1025,713,714,7,or
3,1026,1617,1618,13,implies
3,1027,884,885,8,not_or
3,1028,1798,1799,5,b
3,1029,428,429,7,or
3,1030,1438,1439,11,implied_by
3,1031,1005,1006,2,not_implies
3,1032,1844,1845,13,implies
3,1033,1714,1715,10,not_b
3,1034,893,894,12,not_a
3,1035,1920,1921,5,b
3,1036,852,853,10,not_b
3,1037,939,940,5,b
3,1038,1114,1115,14,not_and
3,1039,899,900,2,not_implies
3,1040,1964,1965,4,not_implied_by
3,1041,337,338,4,not_implied_by
3,1042,1597,1598,4,not_implied_by
3,1043,172,173,8,not_or
3,1044,1386,1387,2,not_implies
3,1045,1351,1352,8,not_or
3,1046,1707,1708,2,not_implies
3,1047,1021,1022,12,not_a
3,1048,1500,1501,2,not_implies
3,1049,1770,1771,9,not_xor
3,1050,714,715,1,and
3,1051,581,582,0,zero
3,1052,1622,1623,3,a
3,1053,1698,1699,12,not_a
3,1054,1545,1546,14,not_and
3,1055,1051,1052,9,not_xor
3,1056,709,710,3,a
3,1057,279,280,5,b
3,1058,1666,1667,3,a
3,1059,1870,1871,7,or
3,1060,1106,1107,2,not_implies
3,1061,903,904,3,a
3,1062,1167,1168,7,or
3,1063,1142,1143,8,not_or
3,1064,971,972,5,b
3,1065,528,529,8,not_or
3,1066,1773,1774,10,not_b
3,1067,1488,1489,10,not_b
3,1068,1463,1464,12,not_a
3,1069,1399,1400,5,b
3,1070,1251,1252,2,not_implies
3,1071,218,219,2,not_implies
3,1072,1249,1250,8,not_or
3,1073,562,563,2,not_implies
3,1074,1723,1724,1,and
3,1075,1123,1124,9,not_xor
3,1076,508,509,11,implied_by
3,1077,1248,1249,14,not_and
3,1078,1318,1319,11,implied_by
3,1079,1334,1335,0,zero
3,1080,915,916,6,xor
3,1081,290,291,14,not_and
3,1082,629,630,3,a
3,1083,149,150,8,not_or
3,1084,208,209,13,implies
3,1085,1937,1938,12,not_a
3,1086,67,68,5,b
3,1087,197,198,3,a
3,1088,178,179,15,one
3,1089,1647,1648,6,xor
3,1090,432,433,12,not_a
3,1091,282,283,3,a
3,1092,910,911,1,and
3,1093,980,981,3,a
3,1094,1493,1494,10,not_b
3,1095,1952,1953,3,a
3,1096,378,379,3,a
3,1097,751,752,15,one
3,1098,1558,1559,9,not_xor
3,1099,1790,1791,3,a
3,1100,170,171,12,not_a
3,1101,235,236,13,implies
3,1102,936,937,11,implied_by
3,1103,1433,1434,12,not_a
3,1104,177,178,12,not_a
3,1105,880,881,12,not_a
3,1106,987,988,6,xor
3,1107,1337,1338,7,or
3,1108,1975,1976,10,not_b
3,1109,573,574,15,one
3,1110,902,903,5,b
3,1111,1880,1881,12,not_a
3,1112,1749,1750,14,not_and
3,1113,1445,1446,3,a
3,1114,1550,1551,7,or
3,1115,1900,1901,13,implies
3,1116,1603,1604,9,not_xor
3,1117,1580,1581,5,b
3,1118,1250,1251,5,b
3,1119,1117,1118,8,not_or
3,1120,138,139,6,xor
3,1121,1353,1354,5,b
3,1122,451,452,7,or
3,1123,655,656,12,not_a
3,1124,1897,1898,0,zero
3,1125,931,932,12,not_a
3,1126,505,506,13,implies
3,1127,1311,1312,6,xor
3,1128,1258,1259,10,not_b
3,1129,1779,1780,11,implied_by
3,1130,1562,1563,1,and
3,1131,1040,1041,3,a
3,1132,1525,1526,5,b
3,1133,1199,1200,5,b
3,1134,295,296,3,a
3,1135,28,29,5,b
3,1136,1829,1830,2,not_implies
3,1137,535,536,2,not_implies
3,1138,55,56,11,implied_by
3,1139,790,791,6,xor
3,1140,1240,1241,10,not_b
3,1141,565,566,12,not_a
3,1142,1686,1687,8,not_or
3,1143,270,271,7,or
3,1144,1866,1867,1,and
3,1145,73,74,1,and
3,1146,1297,1298,7,or
3,1147,1791,1792,2,not_implies
3,1148,1202,1203,1,and
3,1149,1576,1577,13,implies
3,1150,1324,1325,10,not_b
3,1151,1935,1936,3,a
3,1152,1814,1815,12,not_a
3,1153,352,353,11,implied_by
3,1154,1936,1937,5,b
3,1155,212,213,10,not_b
3,1156,78,79,6,xor
3,1157,324,325,10,not_b
3,1158,625,626,8,not_or
3,1159,1643,1644,10,not_b
3,1160,162,163,7,or
3,1161,1838,1839,3,a
3,1162,1817,1818,3,a
3,1163,371,372,3,a
3,1164,1867,1868,10,not_b
3,1165,1380,1381,14,not_and
3,1166,1290,1291,2,not_implies
3,1167,979,980,5,b
3,1168,1750,1751,12,not_a
3,1169,1737,1738,9,not_xor
3,1170,252,253,5,b
3,1171,438,439,6,xor
3,1172,1081,1082,13,implies
3,1173,263,264,4,not_implied_by
3,1174,587,588,4,not_implied_by
3,1175,1794,1795,9,not_xor
3,1176,1998,1999,10,not_b
3,1177,1009,1010,0,zero
3,1178,1665,1666,5,b
3,1179,770,771,14,not_and
3,1180,1372,1373,1,and
3,1181,476,477,4,not_implied_by
3,1182,1411,1412,14,not_and
3,1183,1577,1578,8,not_or
3,1184,168,169,3,a
3,1185,493,494,7,or
3,1186,559,560,6,xor
3,1187,398,399,8,not_or
3,1188,549,550,12,not_a
3,1189,231,232,5,b
3,1190,1343,1344,9,not_xor
3,1191,405,406,10,not_b
3,1192,870,871,9,not_xor
3,1193,259,260,10,not_b
3,1194,1050,1051,10,not_b
3,1195,144,145,6,xor
3,1196,874,875,15,one
3,1197,642,643,5,b
3,1198,355,356,9,not_xor
3,1199,480,481,8,not_or
3,1200,1917,1918,12,not_a
3,1201,1543,1544,10,not_b
3,1202,1185,1186,15,one
3,1203,383,384,0,zero
3,1204,1625,1626,10,not_b
3,1205,1458,1459,14,not_and
3,1206,855,856,9,not_xor
3,1207,1287,1288,14,not_and
3,1208,1760,1761,5,b
3,1209,359,360,6,xor
3,1210,1216,1217,10,not_b
3,1211,978,979,0,zero
3,1212,664,665,5,b
3,1213,1368,1369,3,a
3,1214,997,998,3,a
3,1215,1383,1384,3,a
3,1216,1224,1225,1,and
3,1217,62,63,6,xor
3,1218,415,416,5,b
3,1219,1465,1466,5,b
3,1220,1806,1807,10,not_b
3,1221,1745,1746,1,and
3,1222,1094,1095,6,xor
3,1223,1028,1029,1,and
3,1224,614,615,5,b
3,1225,844,845,4,not_implied_by
3,1226,1995,1996,5,b
3,1227,306,307,14,not_and
3,1228,1033,1034,9,not_xor
3,1229,1416,1417,12,not_a
3,1230,846,847,5,b
3,1231,1220,1221,10,not_b
3,1232,1805,1806,10,not_b
3,1233,1172,1173,3,a
3,1234,913,914,7,or
3,1235,553,554,11,implied_by
3,1236,1230,1231,10,not_b
3,1237,1179,1180,1,and
3,1238,317,318,1,and
3,1239,497,498,6,xor
3,1240,96,97,13,implies
3,1241,948,949,2,not_implies
3,1242,1739,1740,4,not_implied_by
3,1243,1868,1869,6,xor
3,1244,789,790,8,not_or
3,1245,1813,1814,9,not_xor
3,1246,179,180,6,xor
3,1247,1221,1222,1,and
3,1248,847,848,11,implied_by
3,1249,748,749,15,one
3,1250,353,354,7,or
3,1251,1355,1356,9,not_xor
3,1252,671,672,9,not_xor
3,1253,76,77,10,not_b
3,1254,1941,1942,9,not_xor
3,1255,1639,1640,6,xor
3,1256,1010,1011,10,not_b
3,1257,1574,1575,7,or
3,1258,1178,1179,12,not_a
3,1259,1247,1248,10,not_b
3,1260,1054,1055,0,zero
3,1261,1471,1472,10,not_b
3,1262,1227,1228,0,zero
3,1263,1561,1562,15,one
3,1264,1519,1520,4,not_implied_by
3,1265,1448,1449,2,not_implies
3,1266,1679,1680,5,b
3,1267,1992,1993,15,one
3,1268,1529,1530,12,not_a
3,1269,1330,1331,11,implied_by
3,1270,960,961,1,and
3,1271,1075,1076,4,not_implied_by
3,1272,1244,1245,10,not_b
3,1273,492,493,12,not_a
3,1274,30,31,3,a
3,1275,1800,1801,13,implies
3,1276,1510,1511,3,a
3,1277,1401,1402,3,a
3,1278,330,331,0,zero
3,1279,396,397,1,and
3,1280,1443,1444,12,not_a
3,1281,130,131,6,xor
3,1282,299,300,13,implies
3,1283,749,750,3,a
3,1284,1291,1292,3,a
3,1285,504,505,10,not_b
3,1286,1938,1939,6,xor
3,1287,608,609,13,implies
3,1288,109,110,6,xor
3,1289,532,533,3,a
3,1290,1520,1521,11,implied_by
3,1291,653,654,3,a
3,1292,401,402,15,one
3,1293,634,635,4,not_implied_by
3,1294,1082,1083,14,not_and
3,1295,600,601,6,xor
3,1296,1424,1425,12,not_a
3,1297,463,464,6,xor
3,1298,1953,1954,7,or
3,1299,670,671,10,not_b
3,1300,1882,1883,13,implies
3,1301,753,754,6,xor
3,1302,792,793,1,and
3,1303,1610,1611,6,xor
3,1304,1758,1759,5,b
3,1305,662,663,2,not_implies
3,1306,627,628,1,and
3,1307,1649,1650,3,a
3,1308,269,270,6,xor
3,1309,1332,1333,11,implied_by
3,1310,945,946,15,one
3,1311,376,377,10,not_b
3,1312,329,330,10,not_b
3,1313,1193,1194,1,and
3,1314,1946,1947,6,xor
3,1315,1914,1915,0,zero
3,1316,52,53,13,implies
3,1317,558,559,4,not_implied_by
3,1318,827,828,8,not_or
3,1319,331,332,7,or
3,1320,1966,1967,4,not_implied_by
3,1321,0,1,6,xor
3,1322,1346,1347,8,not_or
3,1323,1014,1015,12,not_a
3,1324,822,823,10,not_b
3,1325,102,103,11,implied_by
3,1326,1971,1972,5,b
3,1327,510,511,11,implied_by
3,1328,1793,1794,5,b
3,1329,866,867,6,xor
3,1330,1552,1553,3,a
3,1331,871,872,5,b
3,1332,60,61,15,one
3,1333,1196,1197,11,implied_by
3,1334,806,807,8,not_or
3,1335,1018,1019,12,not_a
3,1336,1475,1476,4,not_implied_by
3,1337,534,535,2,not_implies
3,1338,1724,1725,6,xor
3,1339,1451,1452,10,not_b
3,1340,969,970,15,one
3,1341,44,45,4,not_implied_by
3,1342,1140,1141,11,implied_by
3,1343,823,824,13,implies
3,1344,1771,1772,8,not_or
3,1345,89,90,0,zero
3,1346,297,298,1,and
3,1347,911,912,10,not_b
3,1348,1234,1235,7,or
3,1349,1889,1890,6,xor
3,1350,229,230,5,b
3,1351,1503,1504,1,and
3,1352,1548,1549,8,not_or
3,1353,440,441,1,and
3,1354,868,869,12,not_a
3,1355,1203,1204,10,not_b
3,1356,1116,1117,5,b
3,1357,271,272,9,not_xor
3,1358,237,238,5,b
3,1359,214,215,1,and
3,1360,1709,1710,6,xor
3,1361,1704,1705,12,not_a
3,1362,1501,1502,15,one
3,1363,1417,1418,14,not_and
3,1364,266,267,14,not_and
3,1365,1772,1773,7,or
3,1366,1901,1902,13,implies
3,1367,390,391,9,not_xor
3,1368,77,78,3,a
3,1369,1235,1236,4,not_implied_by
3,1370,1885,1886,2,not_implies
3,1371,666,667,12,not_a
3,1372,821,822,13,implies
3,1373,1538,1539,2,not_implies
3,1374,1469,1470,4,not_implied_by
3,1375,326,327,8,not_or
3,1376,370,371,5,b
3,1377,1802,1803,2,not_implies
3,1378,567,568,0,zero
3,1379,1554,1555,4,not_implied_by
3,1380,1755,1756,10,not_b
3,1381,1147,1148,13,implies
3,1382,1961,1962,3,a
3,1383,1629,1630,3,a
3,1384,350,351,9,not_xor
3,1385,1222,1223,14,not_and
3,1386,1217,1218,14,not_and
3,1387,1498,1499,2,not_implies
3,1388,1259,1260,12,not_a
3,1389,362,363,10,not_b
3,1390,1109,1110,3,a
3,1391,756,757,1,and
3,1392,658,659,13,implies
3,1393,1150,1151,0,zero
3,1394,1830,1831,8,not_or
3,1395,42,43,9,not_xor
3,1396,992,993,9,not_xor
3,1397,1048,1049,3,a
3,1398,1466,1467,14,not_and
3,1399,644,645,2,not_implies
3,1400,416,417,12,not_a
3,1401,1190,1191,7,or
3,1402,387,388,3,a
3,1403,769,770,5,b
3,1404,1078,1079,14,not_and
3,1405,1321,1322,4,not_implied_by
3,1406,774,775,15,one
3,1407,1262,1263,10,not_b
3,1408,1735,1736,3,a
3,1409,221,222,1,and
3,1410,1264,1265,6,xor
3,1411,1388,1389,3,a
3,1412,1017,1018,7,or
3,1413,744,745,10,not_b
3,1414,570,571,3,a
3,1415,663,664,12,not_a
3,1416,1468,1469,8,not_or
3,1417,783,784,9,not_xor
3,1418,1969,1970,3,a
3,1419,624,625,3,a
3,1420,250,251,8,not_or
3,1421,875,876,12,not_a
3,1422,160,161,10,not_b
3,1423,1653,1654,12,not_a
3,1424,1701,1702,11,implied_by
3,1425,418,419,10,not_b
3,1426,554,555,6,xor
3,1427,1549,1550,14,not_and
3,1428,513,514,5,b
3,1429,190,191,6,xor
3,1430,1834,1835,1,and
3,1431,1810,1811,11,implied_by
3,1432,1634,1635,14,not_and
3,1433,928,929,5,b
3,1434,618,619,6,xor
3,1435,1985,1986,15,one
3,1436,1280,1281,3,a
3,1437,1413,1414,11,implied_by
3,1438,585,586,12,not_a
3,1439,319,320,5,b
3,1440,1997,1998,8,not_or
3,1441,1725,1726,10,not_b
3,1442,610,611,3,a
3,1443,280,281,12,not_a
3,1444,1342,1343,7,or
3,1445,1513,1514,10,not_b
3,1446,454,455,9,not_xor
3,1447,907,908,15,one
3,1448,707,708,9,not_xor
3,1449,1899,1900,10,not_b
3,1450,1484,1485,5,b
3,1451,603,604,8,not_or
3,1452,24,25,8,not_or
3,1453,151,152,14,not_and
3,1454,1942,1943,5,b
3,1455,690,691,5,b
3,1456,323,324,12,not_a
3,1457,1740,1741,14,not_and
3,1458,410,411,2,not_implies
3,1459,1710,1711,7,or
3,1460,389,390,8,not_or
3,1461,503,504,12,not_a
3,1462,434,435,8,not_or
3,1463,1160,1161,10,not_b
3,1464,302,303,9,not_xor
3,1465,812,813,5,b
3,1466,53,54,12,not_a
3,1467,1658,1659,8,not_or
3,1468,1697,1698,1,and
3,1469,1843,1844,3,a
3,1470,134,135,12,not_a
3,1471,343,344,10,not_b
3,1472,1350,1351,6,xor
3,1473,1068,1069,13,implies
3,1474,1702,1703,9,not_xor
3,1475,914,915,4,not_implied_by
3,1476,201,202,3,a
3,1477,1219,1220,0,zero
3,1478,1233,1234,12,not_a
3,1479,1820,1821,10,not_b
3,1480,976,977,5,b
3,1481,1325,1326,12,not_a
3,1482,828,829,10,not_b
3,1483,637,638,11,implied_by
3,1484,258,259,15,one
3,1485,1517,1518,12,not_a
3,1486,184,185,2,not_implies
3,1487,1136,1137,5,b
3,1488,1491,1492,10,not_b
3,1489,1673,1674,12,not_a
3,1490,888,889,13,implies
3,1491,1135,1136,1,and
3,1492,189,190,7,or
3,1493,1456,1457,11,implied_by
3,1494,1084,1085,5,b
3,1495,1912,1913,2,not_implies
3,1496,37,38,14,not_and
3,1497,119,120,12,not_a
3,1498,1427,1428,7,or
3,1499,1506,1507,7,or
3,1500,878,879,9,not_xor
3,1501,274,275,8,not_or
3,1502,1611,1612,7,or
3,1503,1776,1777,12,not_a
3,1504,679,680,13,implies
3,1505,377,378,10,not_b
3,1506,667,668,6,xor
3,1507,794,795,2,not_implies
3,1508,294,295,15,one
3,1509,1996,1997,10,not_b
3,1510,54,55,5,b
3,1511,1555,1556,10,not_b
3,1512,1163,1164,5,b
3,1513,1842,1843,14,not_and
3,1514,1569,1570,2,not_implies
3,1515,1412,1413,15,one
3,1516,1871,1872,14,not_and
3,1517,356,357,6,xor
3,1518,1156,1157,14,not_and
3,1519,141,142,5,b
3,1520,1131,1132,14,not_and
3,1521,1837,1838,10,not_b
3,1522,29,30,0,zero
3,1523,1423,1424,12,not_a
3,1524,1751,1752,14,not_and
3,1525,1812,1813,3,a
3,1526,1687,1688,11,implied_by
3,1527,1721,1722,9,not_xor
3,1528,309,310,5,b
3,1529,591,592,1,and
3,1530,142,143,1,and
3,1531,1299,1300,10,not_b
3,1532,283,284,12,not_a
3,1533,1699,1700,5,b
3,1534,131,132,10,not_b
3,1535,541,542,11,implied_by
3,1536,1524,1525,6,xor
3,1537,147,148,1,and
3,1538,1331,1332,15,one
3,1539,1041,1042,7,or
3,1540,1347,1348,3,a
3,1541,23,24,1,and
3,1542,850,851,11,implied_by
3,1543,181,182,15,one
3,1544,750,751,7,or
3,1545,1146,1147,4,not_implied_by
3,1546,100,101,12,not_a
3,1547,856,857,12,not_a
3,1548,996,997,5,b
3,1549,702,703,2,not_implies
3,1550,964,965,5,b
3,1551,1430,1431,10,not_b
3,1552,408,409,3,a
3,1553,227,228,7,or
3,1554,1690,1691,6,xor
3,1555,1689,1690,2,not_implies
3,1556,1712,1713,2,not_implies
3,1557,1276,1277,12,not_a
3,1558,1515,1516,12,not_a
3,1559,1365,1366,13,implies
3,1560,1126,1127,8,not_or
3,1561,759,760,3,a
3,1562,882,883,13,implies
3,1563,325,326,2,not_implies
3,1564,411,412,3,a
3,1565,650,651,15,one
3,1566,604,605,13,implies
3,1567,1288,1289,1,and
3,1568,487,488,2,not_implies
3,1569,431,432,14,not_and
3,1570,1972,1973,9,not_xor
3,1571,982,983,4,not_implied_by
3,1572,557,558,8,not_or
3,1573,668,669,12,not_a
3,1574,1630,1631,9,not_xor
3,1575,357,358,3,a
3,1576,448,449,1,and
3,1577,760,761,5,b
3,1578,242,243,14,not_and
3,1579,1019,1020,10,not_b
3,1580,1218,1219,12,not_a
3,1581,704,705,3,a
3,1582,798,799,10,not_b
3,1583,999,1000,10,not_b
3,1584,1959,1960,14,not_and
3,1585,776,777,10,not_b
3,1586,1877,1878,10,not_b
3,1587,1940,1941,3,a
3,1588,1566,1567,0,zero
3,1589,1556,1557,10,not_b
3,1590,1108,1109,12,not_a
3,1591,1020,1021,3,a
3,1592,372,373,14,not_and
3,1593,838,839,15,one
3,1594,930,931,12,not_a
3,1595,536,537,13,implies
3,1596,1888,1889,6,xor
3,1597,1261,1262,4,not_implied_by
3,1598,1056,1057,3,a
3,1599,1455,1456,11,implied_by
3,1600,1480,1481,3,a
3,1601,1878,1879,11,implied_by
3,1602,1743,1744,3,a
3,1603,1631,1632,3,a
3,1604,995,996,12,not_a
3,1605,1238,1239,1,and
3,1606,230,231,14,not_and
3,1607,8,9,4,not_implied_by
3,1608,820,821,5,b
3,1609,1336,1337,10,not_b
3,1610,247,248,10,not_b
3,1611,621,622,3,a
3,1612,741,742,3,a
3,1613,1344,1345,4,not_implied_by
3,1614,43,44,14,not_and
3,1615,1130,1131,7,or
3,1616,1722,1723,4,not_implied_by
3,1617,1819,1820,5,b
3,1618,1974,1975,11,implied_by
3,1619,99,100,5,b
3,1620,782,783,15,one
3,1621,436,437,4,not_implied_by
3,1622,285,286,9,not_xor
3,1623,1895,1896,6,xor
3,1624,422,423,11,implied_by
3,1625,462,463,6,xor
3,1626,1059,1060,2,not_implies
3,1627,1374,1375,3,a
3,1628,779,780,1,and
3,1629,478,479,0,zero
3,1630,1237,1238,7,or
3,1631,1340,1341,14,not_and
3,1632,1467,1468,3,a
3,1633,705,706,5,b
3,1634,1341,1342,10,not_b
3,1635,108,109,4,not_implied_by
3,1636,583,584,13,implies
3,1637,192,193,0,zero
3,1638,22,23,4,not_implied_by
3,1639,185,186,12,not_a
3,1640,293,294,3,a
3,1641,1624,1625,4,not_implied_by
3,1642,905,906,4,not_implied_by
3,1643,25,26,5,b
3,1644,1268,1269,11,implied_by
3,1645,1978,1979,13,implies
3,1646,548,549,13,implies
3,1647,920,921,11,implied_by
3,1648,763,764,4,not_implied_by
3,1649,708,709,4,not_implied_by
3,1650,85,86,15,one
3,1651,895,896,10,not_b
3,1652,1757,1758,2,not_implies
3,1653,1593,1594,6,xor
3,1654,110,111,1,and
3,1655,1656,1657,8,not_or
3,1656,156,157,10,not_b
3,1657,1407,1408,10,not_b
3,1658,1479,1480,3,a
3,1659,1769,1770,13,implies
3,1660,1957,1958,12,not_a
3,1661,444,445,12,not_a
3,1662,711,712,5,b
3,1663,836,837,8,not_or
3,1664,1507,1508,5,b
3,1665,723,724,6,xor
3,1666,925,926,1,and
3,1667,1786,1787,10,not_b
3,1668,1803,1804,4,not_implied_by
3,1669,1263,1264,14,not_and
3,1670,908,909,11,implied_by
3,1671,1338,1339,13,implies
3,1672,308,309,14,not_and
3,1673,788,789,3,a
3,1674,369,370,2,not_implies
3,1675,1072,1073,9,not_xor
3,1676,146,147,2,not_implies
3,1677,640,641,12,not_a
3,1678,757,758,5,b
3,1679,1615,1616,9,not_xor
3,1680,500,501,12,not_a
3,1681,1788,1789,2,not_implies
3,1682,1965,1966,11,implied_by
3,1683,400,401,9,not_xor
3,1684,1696,1697,4,not_implied_by
3,1685,1768,1769,5,b
3,1686,1808,1809,11,implied_by
3,1687,1809,1810,14,not_and
3,1688,695,696,10,not_b
3,1689,1315,1316,12,not_a
3,1690,1857,1858,14,not_and
3,1691,1691,1692,9,not_xor
3,1692,515,516,8,not_or
3,1693,289,290,8,not_or
3,1694,1410,1411,12,not_a
3,1695,1616,1617,8,not_or
3,1696,123,124,3,a
3,1697,1822,1823,5,b
3,1698,300,301,8,not_or
3,1699,843,844,9,not_xor
3,1700,1195,1196,14,not_and
3,1701,174,175,14,not_and
3,1702,1606,1607,8,not_or
3,1703,1956,1957,8,not_or
3,1704,261,262,14,not_and
3,1705,1405,1406,10,not_b
3,1706,619,620,7,or
3,1707,118,119,5,b
3,1708,1432,1433,5,b
3,1709,1881,1882,13,implies
3,1710,243,244,11,implied_by
3,1711,1027,1028,12,not_a
3,1712,38,39,4,not_implied_by
3,1713,795,796,7,or
3,1714,139,140,3,a
3,1715,962,963,5,b
3,1716,974,975,5,b
3,1717,1738,1739,10,not_b
3,1718,429,430,1,and
3,1719,791,792,14,not_and
3,1720,1590,1591,0,zero
3,1721,580,581,1,and
3,1722,831,832,3,a
3,1723,1727,1728,10,not_b
3,1724,1137,1138,13,implies
3,1725,1253,1254,11,implied_by
3,1726,1110,1111,4,not_implied_by
3,1727,1086,1087,5,b
3,1728,253,254,5,b
3,1729,474,475,3,a
3,1730,1958,1959,14,not_and
3,1731,810,811,10,not_b
3,1732,1694,1695,4,not_implied_by
3,1733,1570,1571,8,not_or
3,1734,1571,1572,4,not_implied_by
3,1735,284,285,11,implied_by
3,1736,445,446,5,b
3,1737,1208,1209,9,not_xor
3,1738,894,895,0,zero
3,1739,1092,1093,3,a
3,1740,1623,1624,2,not_implies
3,1741,1286,1287,9,not_xor
3,1742,912,913,3,a
3,1743,599,600,0,zero
3,1744,1470,1471,10,not_b
3,1745,818,819,5,b
3,1746,647,648,7,or
3,1747,588,589,11,implied_by
3,1748,1034,1035,5,b
3,1749,719,720,3,a
3,1750,137,138,5,b
3,1751,1855,1856,7,or
3,1752,633,634,8,not_or
3,1753,402,403,12,not_a
3,1754,862,863,15,one
3,1755,1397,1398,3,a
3,1756,1646,1647,8,not_or
3,1757,947,948,12,not_a
3,1758,87,88,13,implies
3,1759,1560,1561,9,not_xor
3,1760,1035,1036,10,not_b
3,1761,1457,1458,4,not_implied_by
3,1762,120,121,10,not_b
3,1763,883,884,14,not_and
3,1764,954,955,12,not_a
3,1765,516,517,8,not_or
3,1766,1194,1195,6,xor
3,1767,1567,1568,1,and
3,1768,616,617,3,a
3,1769,943,944,15,one
3,1770,1229,1230,12,not_a
3,1771,1801,1802,15,one
3,1772,517,518,9,not_xor
3,1773,1382,1383,9,not_xor
3,1774,1947,1948,4,not_implied_by
3,1775,132,133,12,not_a
3,1776,1986,1987,12,not_a
3,1777,617,618,3,a
3,1778,1595,1596,9,not_xor
3,1779,341,342,3,a
3,1780,1859,1860,1,and
3,1781,349,350,10,not_b
3,1782,148,149,12,not_a
3,1783,815,816,1,and
3,1784,686,687,1,and
3,1785,198,199,8,not_or
3,1786,1052,1053,11,implied_by
3,1787,1200,1201,12,not_a
3,1788,1902,1903,5,b
3,1789,1304,1305,10,not_b
3,1790,654,655,12,not_a
3,1791,112,113,5,b
3,1792,1145,1146,11,implied_by
3,1793,1415,1416,3,a
3,1794,344,345,9,not_xor
3,1795,385,386,2,not_implies
3,1796,1853,1854,3,a
3,1797,771,772,10,not_b
3,1798,71,72,13,implies
3,1799,27,28,9,not_xor
3,1800,1862,1863,9,not_xor
3,1801,951,952,14,not_and
3,1802,94,95,8,not_or
3,1803,216,217,2,not_implies
3,1804,328,329,8,not_or
3,1805,597,598,5,b
3,1806,1370,1371,11,implied_by
3,1807,678,679,4,not_implied_by
3,1808,268,269,12,not_a
3,1809,1671,1672,3,a
3,1810,730,731,14,not_and
3,1811,1395,1396,3,a
3,1812,199,200,2,not_implies
3,1813,1754,1755,10,not_b
3,1814,1847,1848,8,not_or
3,1815,1741,1742,10,not_b
3,1816,0,2,8,not_or
3,1817,1637,1638,2,not_implies
3,1818,829,830,0,zero
3,1819,88,89,11,implied_by
3,1820,1042,1043,2,not_implies
3,1821,869,870,9,not_xor
3,1822,1031,1032,7,or
3,1823,1906,1907,12,not_a
3,1824,498,499,3,a
3,1825,457,458,1,and
3,1826,1821,1822,4,not_implied_by
3,1827,1472,1473,6,xor
3,1828,1602,1603,6,xor
3,1829,849,850,12,not_a
3,1830,784,785,1,and
3,1831,521,522,2,not_implies
3,1832,1908,1909,12,not_a
3,1833,657,658,9,not_xor
3,1834,509,510,11,implied_by
3,1835,881,882,5,b
3,1836,735,736,14,not_and
3,1837,1512,1513,3,a
3,1838,734,735,5,b
3,1839,1049,1050,14,not_and
3,1840,1962,1963,2,not_implies
3,1841,254,255,12,not_a
3,1842,1373,1374,2,not_implies
3,1843,1508,1509,3,a
3,1844,166,167,6,xor
3,1845,1008,1009,0,zero
3,1846,443,444,3,a
3,1847,391,392,8,not_or
3,1848,1060,1061,8,not_or
3,1849,1310,1311,7,or
3,1850,1152,1153,13,implies
3,1851,1518,1519,0,zero
3,1852,787,788,7,or
3,1853,228,229,5,b
3,1854,731,732,5,b
3,1855,215,216,3,a
3,1856,566,567,8,not_or
3,1857,1191,1192,0,zero
3,1858,1043,1044,10,not_b
3,1859,967,968,3,a
3,1860,1436,1437,0,zero
3,1861,1124,1125,4,not_implied_by
3,1862,238,239,12,not_a
3,1863,1856,1857,15,one
3,1864,1148,1149,6,xor
3,1865,1067,1068,4,not_implied_by
3,1866,1236,1237,12,not_a
3,1867,1547,1548,11,implied_by
3,1868,740,741,12,not_a
3,1869,161,162,5,b
3,1870,183,184,2,not_implies
3,1871,817,818,14,not_and
3,1872,10,11,6,xor
3,1873,752,753,7,or
3,1874,479,480,1,and
3,1875,1841,1842,4,not_implied_by
3,1876,1732,1733,12,not_a
3,1877,1516,1517,13,implies
3,1878,129,130,12,not_a
3,1879,1767,1768,12,not_a
3,1880,1955,1956,14,not_and
3,1881,1454,1455,0,zero
3,1882,1369,1370,10,not_b
3,1883,1675,1676,2,not_implies
3,1884,857,858,5,b
3,1885,1164,1165,10,not_b
3,1886,1065,1066,10,not_b
3,1887,321,322,11,implied_by
3,1888,1979,1980,5,b
3,1889,1076,1077,8,not_or
3,1890,1404,1405,8,not_or
3,1891,367,368,9,not_xor
3,1892,1389,1390,6,xor
3,1893,543,544,7,or
3,1894,1684,1685,1,and
3,1895,519,520,3,a
3,1896,340,341,13,implies
3,1897,801,802,10,not_b
3,1898,1387,1388,3,a
3,1899,1641,1642,1,and
3,1900,935,936,8,not_or
3,1901,1,2,12,not_a
3,1902,46,47,6,xor
3,1903,404,405,6,xor
3,1904,993,994,11,implied_by
3,1905,813,814,6,xor
3,1906,1591,1592,12,not_a
3,1907,1539,1540,14,not_and
3,1908,693,694,11,implied_by
3,1909,365,366,3,a
3,1910,1393,1394,4,not_implied_by
3,1911,1073,1074,12,not_a
3,1912,669,670,14,not_and
3,1913,39,40,5,b
3,1914,923,924,4,not_implied_by
3,1915,1477,1478,9,not_xor
3,1916,1490,1491,2,not_implies
3,1917,680,681,2,not_implies
3,1918,287,288,3,a
3,1919,34,35,14,not_and
3,1920,1030,1031,9,not_xor
3,1921,1530,1531,6,xor
3,1922,754,755,1,and
3,1923,842,843,1,and
3,1924,256,257,5,b
3,1925,1858,1859,3,a
3,1926,1807,1808,12,not_a
3,1927,1652,1653,10,not_b
3,1928,93,94,12,not_a
3,1929,286,287,1,and
3,1930,959,960,13,implies
3,1931,1756,1757,3,a
3,1932,133,134,4,not_implied_by
3,1933,677,678,4,not_implied_by
3,1934,382,383,15,one
3,1935,1505,1506,4,not_implied_by
3,1936,1309,1310,15,one
3,1937,699,700,5,b
3,1938,413,414,2,not_implies
3,1939,224,225,8,not_or
3,1940,841,842,15,one
3,1941,586,587,1,and
3,1942,645,646,11,implied_by
3,1943,1573,1574,5,b
3,1944,1367,1368,14,not_and
3,1945,126,127,2,not_implies
3,1946,351,352,1,and
3,1947,442,443,10,not_b
3,1948,47,48,9,not_xor
3,1949,1442,1443,2,not_implies
3,1950,193,194,6,xor
3,1951,1989,1990,4,not_implied_by
3,1952,1176,1177,10,not_b
3,1953,1645,1646,15,one
3,1954,472,473,13,implies
3,1955,552,553,15,one
3,1956,1011,1012,14,not_and
3,1957,953,954,12,not_a
3,1958,598,599,6,xor
3,1959,1326,1327,14,not_and
3,1960,1063,1064,5,b
3,1961,946,947,6,xor
3,1962,1099,1100,13,implies
3,1963,1037,1038,10,not_b
3,1964,204,205,1,and
3,1965,1818,1819,12,not_a
3,1966,966,967,2,not_implies
3,1967,706,707,3,a
3,1968,1640,1641,13,implies
3,1969,1511,1512,13,implies
3,1970,423,424,5,b
3,1971,897,898,9,not_xor
3,1972,1396,1397,15,one
3,1973,424,425,2,not_implies
3,1974,69,70,1,and
3,1975,938,939,1,and
3,1976,399,400,12,not_a
3,1977,1594,1595,7,or
3,1978,1713,1714,13,implies
3,1979,718,719,0,zero
3,1980,761,762,4,not_implied_by
3,1981,1720,1721,8,not_or
3,1982,863,864,6,xor
3,1983,889,890,9,not_xor
3,1984,630,631,15,one
3,1985,1695,1696,5,b
3,1986,1879,1880,3,a
3,1987,267,268,8,not_or
3,1988,1831,1832,8,not_or
3,1989,1607,1608,8,not_or
3,1990,1252,1253,3,a
3,1991,924,925,10,not_b
3,1992,864,865,3,a
3,1993,968,969,9,not_xor
3,1994,417,418,0,zero
3,1995,1681,1682,9,not_xor
3,1996,1950,1951,5,b
3,1997,1579,1580,12,not_a
3,1998,1151,1152,9,not_xor
3,1999,346,347,7,or
4,0,693,694,12,not_a
4,1,703,704,4,not_implied_by
4,2,1521,1522,3,a
4,3,370,371,12,not_a
4,4,1474,1475,4,not_implied_by
4,5,217,218,10,not_b
4,6,1612,1613,6,xor
4,7,376,377,15,one
4,8,1055,1056,9,not_xor
4,9,1736,1737,3,a
4,10,746,747,8,not_or
4,11,702,703,5,b
4,12,801,802,5,b
4,13,1397,1398,14,not_and
4,14,649,650,12,not_a
4,15,1036,1037,6,xor
4,16,393,394,3,a
4,17,91,92,10,not_b
4,18,575,576,12,not_a
4,19,45,46,11,implied_by
4,20,1438,1439,15,one
4,21,954,955,1,and
4,22,546,547,7,or
4,23,174,175,0,zero
4,24,1973,1974,14,not_and
4,25,1237,1238,10,not_b
4,26,1361,1362,15,one
4,27,1529,1530,10,not_b
4,28,880,881,5,b
4,29,1625,1626,3,a
4,30,427,428,2,not_implies
4,31,226,227,12,not_a
4,32,1863,1864,2,not_implies
4,33,110,111,9,not_xor
4,34,560,561,12,not_a
4,35,1353,1354,10,not_b
4,36,1722,1723,5,b
4,37,847,848,6,xor
4,38,979,980,7,or
4,39,407,408,0,zero
4,40,727,728,3,a
4,41,1259,1260,1,and
4,42,291,292,6,xor
4,43,901,902,3,a
4,44,1581,1582,10,not_b
4,45,1940,1941,4,not_implied_by
4,46,1245,1246,3,a
4,47,696,697,12,not_a
4,48,1909,1910,12,not_a
4,49,865,866,11,implied_by
4,50,1116,1117,14,not_and
4,51,1410,1411,15,one
4,52,1910,1911,3,a
4,53,124,125,6,xor
4,54,1981,1982,12,not_a
4,55,1523,1524,1,and
4,56,1747,1748,1,and
4,57,1067,1068,4,not_implied_by
4,58,1663,1664,12,not_a
4,59,1318,1319,14,not_and
4,60,75,76,12,not_a
4,61,805,806,10,not_b
4,62,798,799,3,a
4,63,1810,1811,7,or
4,64,832,833,12,not_a
4,65,1760,1761,2,not_implies
4,66,758,759,6,xor
4,67,1652,1653,6,xor
4,68,1853,1854,0,zero
4,69,170,171,0,zero
4,70,1348,1349,10,not_b
4,71,955,956,3,a
4,72,1207,1208,10,not_b
4,73,1379,1380,5,b
4,74,477,478,3,a
4,75,1332,1333,1,and
4,76,919,920,5,b
4,77,579,580,2,not_implies
4,78,285,286,8,not_or
4,79,1689,1690,5,b
4,80,1914,1915,7,or
4,81,1372,1373,3,a
4,82,1608,1609,14,not_and
4,83,884,885,10,not_b
4,84,1285,1286,5,b
4,85,744,745,1,and
4,86,1443,1444,5,b
4,87,1615,1616,3,a
4,88,1442,1443,5,b
4,89,1764,1765,12,not_a
4,90,1960,1961,12,not_a
4,91,1344,1345,6,xor
4,92,1759,1760,15,one
4,93,429,430,0,zero
4,94,169,170,10,not_b
4,95,462,463,3,a
4,96,1416,1417,10,not_b
4,97,931,932,5,b
4,98,627,628,8,not_or
4,99,1405,1406,14,not_and
4,100,792,793,6,xor
4,101,1263,1264,5,b
4,102,760,761,2,not_implies
4,103,485,486,7,or
4,104,1829,1830,4,not_implied_by
4,105,1097,1098,4,not_implied_by
4,106,1020,1021,8,not_or
4,107,1002,1003,8,not_or
4,108,1658,1659,11,implied_by
4,109,1558,1559,9,not_xor
4,110,324,325,14,not_and
4,111,717,718,2,not_implies
4,112,1755,1756,8,not_or
4,113,1743,1744,8,not_or
4,114,1599,1600,11,implied_by
4,115,888,889,10,not_b
4,116,1563,1564,14,not_and
4,117,934,935,13,implies
4,118,666,667,8,not_or
4,119,1503,1504,4,not_implied_by
4,120,1458,1459,0,zero
4,121,1584,1585,0,zero
4,122,119,120,5,b
4,123,455,456,1,and
4,124,1165,1166,3,a
4,125,1136,1137,10,not_b
4,126,1104,1105,0,zero
4,127,878,879,0,zero
4,128,1700,1701,12,not_a
4,129,1616,1617,9,not_xor
4,130,1188,1189,15,one
4,131,1261,1262,15,one
4,132,1772,1773,4,not_implied_by
4,133,378,379,3,a
4,134,216,217,3,a
4,135,1602,1603,13,implies
4,136,1930,1931,11,implied_by
4,137,582,583,12,not_a
4,138,1628,1629,5,b
4,139,918,919,3,a
4,140,602,603,12,not_a
4,141,2,3,9,not_xor
4,142,1754,1755,5,b
4,143,1768,1769,3,a
4,144,753,754,10,not_b
4,145,1934,1935,1,and
4,146,764,765,2,not_implies
4,147,1394,1395,10,not_b
4,148,284,285,5,b
4,149,1982,1983,13,implies
4,150,1205,1206,2,not_implies
4,151,879,880,9,not_xor
4,152,239,240,2,not_implies
4,153,1614,1615,11,implied_by
4,154,804,805,11,implied_by
4,155,1432,1433,2,not_implies
4,156,948,949,5,b
4,157,232,233,13,implies
4,158,1074,1075,3,a
4,159,1021,1022,5,b
4,160,1015,1016,8,not_or
4,161,145,146,0,zero
4,162,1381,1382,15,one
4,163,10,11,9,not_xor
4,164,1646,1647,4,not_implied_by
4,165,551,552,12,not_a
4,166,288,289,10,not_b
4,167,1845,1846,2,not_implies
4,168,1571,1572,3,a
4,169,1583,1584,5,b
4,170,1359,1360,6,xor
4,171,1033,1034,13,implies
4,172,130,131,3,a
4,173,1851,1852,2,not_implies
4,174,1840,1841,5,b
4,175,116,117,3,a
4,176,1247,1248,14,not_and
4,177,920,921,9,not_xor
4,178,314,315,0,zero
4,179,1771,1772,10,not_b
4,180,305,306,8,not_or
4,181,406,407,4,not_implied_by
4,182,1235,1236,7,or
4,183,319,320,12,not_a
4,184,894,895,7,or
4,185,1018,1019,7,or
4,186,896,897,3,a
4,187,1378,1379,8,not_or
4,188,1072,1073,10,not_b
4,189,1210,1211,0,zero
4,190,1004,1005,8,not_or
4,191,42,43,6,xor
4,192,507,508,13,implies
4,193,1962,1963,13,implies
4,194,1726,1727,5,b
4,195,676,677,15,one
4,196,1993,1994,6,xor
4,197,21,22,0,zero
4,198,1143,1144,10,not_b
4,199,1780,1781,9,not_xor
4,200,949,950,14,not_and
4,201,932,933,12,not_a
4,202,1204,1205,8,not_or
4,203,501,502,7,or
4,204,900,901,3,a
4,205,76,77,8,not_or
4,206,606,607,11,implied_by
4,207,1000,1001,10,not_b
4,208,991,992,6,xor
4,209,1456,1457,11,implied_by
4,210,549,550,5,b
4,211,907,908,5,b
4,212,1901,1902,2,not_implies
4,213,584,585,8,not_or
4,214,607,608,9,not_xor
4,215,1620,1621,0,zero
4,216,797,798,10,not_b
4,217,1992,1993,0,zero
4,218,238,239,8,not_or
4,219,1182,1183,2,not_implies
4,220,461,462,11,implied_by
4,221,994,995,15,one
4,222,1953,1954,5,b
4,223,1801,1802,14,not_and
4,224,593,594,13,implies
4,225,1213,1214,5,b
4,226,95,96,7,or
4,227,1167,1168,8,not_or
4,228,1831,1832,10,not_b
4,229,1488,1489,8,not_or
4,230,1669,1670,1,and
4,231,1026,1027,6,xor
4,232,635,636,5,b
4,233,1709,1710,2,not_implies
4,234,688,689,13,implies
4,235,1380,1381,1,and
4,236,1550,1551,15,one
4,237,1683,1684,13,implies
4,238,1609,1610,7,or
4,239,1057,1058,2,not_implies
4,240,960,961,6,xor
4,241,422,423,1,and
4,242,1122,1123,14,not_and
4,243,1920,1921,2,not_implies
4,244,871,872,12,not_a
4,245,1805,1806,8,not_or
4,246,135,136,12,not_a
4,247,1983,1984,0,zero
4,248,262,263,5,b
4,249,1803,1804,1,and
4,250,611,612,3,a
4,251,915,916,7,or
4,252,1594,1595,11,implied_by
4,253,1582,1583,6,xor
4,254,1176,1177,8,not_or
4,255,1352,1353,11,implied_by
4,256,1079,1080,12,not_a
4,257,359,360,2,not_implies
4,258,1704,1705,2,not_implies
4,259,1153,1154,6,xor
4,260,654,655,2,not_implies
4,261,1942,1943,7,or
4,262,1573,1574,3,a
4,263,287,288,14,not_and
4,264,678,679,5,b
4,265,1005,1006,5,b
4,266,1264,1265,8,not_or
4,267,1699,1700,5,b
4,268,1885,1886,2,not_implies
4,269,1705,1706,12,not_a
4,270,106,107,6,xor
4,271,355,356,9,not_xor
4,272,1425,1426,10,not_b
4,273,581,582,3,a
4,274,1837,1838,5,b
4,275,1574,1575,10,not_b
4,276,1184,1185,15,one
4,277,1545,1546,14,not_and
4,278,1398,1399,14,not_and
4,279,1808,1809,5,b
4,280,172,173,14,not_and
4,281,1146,1147,14,not_and
4,282,1338,1339,11,implied_by
4,283,646,647,9,not_xor
4,284,1497,1498,10,not_b
4,285,1399,1400,15,one
4,286,1543,1544,7,or
4,287,1271,1272,5,b
4,288,1363,1364,13,implies
4,289,1208,1209,8,not_or
4,290,357,358,13,implies
4,291,1171,1172,13,implies
4,292,1345,1346,0,zero
4,293,600,601,7,or
4,294,1977,1978,6,xor
4,295,1792,1793,4,not_implied_by
4,296,182,183,15,one
4,297,1,2,14,not_and
4,298,993,994,9,not_xor
4,299,1302,1303,13,implies
4,300,27,28,13,implies
4,301,556,557,2,not_implies
4,302,1471,1472,8,not_or
4,303,1721,1722,10,not_b
4,304,1212,1213,11,implied_by
4,305,1836,1837,6,xor
4,306,859,860,5,b
4,307,158,159,9,not_xor
4,308,260,261,14,not_and
4,309,303,304,9,not_xor
4,310,334,335,3,a
4,311,41,42,6,xor
4,312,824,825,5,b
4,313,956,957,4,not_implied_by
4,314,426,427,3,a
4,315,656,657,10,not_b
4,316,339,340,4,not_implied_by
4,317,394,395,12,not_a
4,318,458,459,3,a
4,319,404,405,5,b
4,320,279,280,8,not_or
4,321,1535,1536,4,not_implied_by
4,322,1128,1129,3,a
4,323,1220,1221,10,not_b
4,324,252,253,3,a
4,325,275,276,10,not_b
4,326,1052,1053,5,b
4,327,433,434,7,or
4,328,375,376,12,not_a
4,329,1657,1658,10,not_b
4,330,103,104,3,a
4,331,513,514,4,not_implied_by
4,332,1871,1872,15,one
4,333,1130,1131,5,b
4,334,1965,1966,8,not_or
4,335,939,940,2,not_implies
4,336,245,246,11,implied_by
4,337,321,322,12,not_a
4,338,1924,1925,5,b
4,339,1422,1423,12,not_a
4,340,1124,1125,1,and
4,341,346,347,12,not_a
4,342,1315,1316,12,not_a
4,343,1927,1928,13,implies
4,344,1364,1365,3,a
4,345,1243,1244,2,not_implies
4,346,1818,1819,14,not_and
4,347,286,287,0,zero
4,348,502,503,1,and
4,349,1152,1153,6,xor
4,350,1662,1663,5,b
4,351,32,33,10,not_b
4,352,123,124,10,not_b
4,353,1557,1558,10,not_b
4,354,151,152,8,not_or
4,355,590,591,2,not_implies
4,356,1630,1631,10,not_b
4,357,395,396,5,b
4,358,1674,1675,14,not_and
4,359,1884,1885,5,b
4,360,1633,1634,11,implied_by
4,361,1134,1135,10,not_b
4,362,301,302,4,not_implied_by
4,363,188,189,0,zero
4,364,475,476,9,not_xor
4,365,953,954,11,implied_by
4,366,1964,1965,6,xor
4,367,1105,1106,4,not_implied_by
4,368,690,691,5,b
4,369,1290,1291,1,and
4,370,1312,1313,6,xor
4,371,1510,1511,10,not_b
4,372,163,164,5,b
4,373,849,850,10,not_b
4,374,1542,1543,8,not_or
4,375,743,744,5,b
4,376,205,206,4,not_implied_by
4,377,1806,1807,12,not_a
4,378,828,829,1,and
4,379,926,927,6,xor
4,380,658,659,13,implies
4,381,63,64,2,not_implies
4,382,421,422,8,not_or
4,383,1455,1456,1,and
4,384,425,426,5,b
4,385,53,54,8,not_or
4,386,1619,1620,4,not_implied_by
4,387,701,702,3,a
4,388,228,229,12,not_a
4,389,1177,1178,9,not_xor
4,390,489,490,12,not_a
4,391,152,153,13,implies
4,392,1595,1596,2,not_implies
4,393,1460,1461,7,or
4,394,143,144,2,not_implies
4,395,774,775,10,not_b
4,396,209,210,14,not_and
4,397,796,797,3,a
4,398,669,670,5,b
4,399,118,119,12,not_a
4,400,1666,1667,14,not_and
4,401,1605,1606,11,implied_by
4,402,820,821,14,not_and
4,403,1300,1301,0,zero
4,404,273,274,8,not_or
4,405,1921,1922,2,not_implies
4,406,999,1000,4,not_implied_by
4,407,973,974,1,and
4,408,1533,1534,11,implied_by
4,409,1485,1486,6,xor
4,410,1649,1650,6,xor
4,411,795,796,0,zero
4,412,1158,1159,13,implies
4,413,1240,1241,9,not_xor
4,414,1017,1018,9,not_xor
4,415,175,176,9,not_xor
4,416,443,444,12,not_a
4,417,1642,1643,12,not_a
4,418,1281,1282,7,or
4,419,114,115,5,b
4,420,1731,1732,11,implied_by
4,421,1986,1987,14,not_and
4,422,958,959,3,a
4,423,1779,1780,13,implies
4,424,1475,1476,11,implied_by
4,425,1486,1487,13,implies
4,426,783,784,9,not_xor
4,427,131,132,13,implies
4,428,650,651,1,and
4,429,869,870,12,not_a
4,430,1257,1258,13,implies
4,431,641,642,8,not_or
4,432,24,25,10,not_b
4,433,910,911,10,not_b
4,434,1738,1739,15,one
4,435,963,964,12,not_a
4,436,1670,1671,1,and
4,437,511,512,7,or
4,438,978,979,10,not_b
4,439,564,565,14,not_and
4,440,1531,1532,1,and
4,441,257,258,1,and
4,442,1035,1036,10,not_b
4,443,1606,1607,2,not_implies
4,444,1011,1012,8,not_or
4,445,1408,1409,14,not_and
4,446,405,406,15,one
4,447,1681,1682,11,implied_by
4,448,1600,1601,10,not_b
4,449,1590,1591,7,or
4,450,1120,1121,10,not_b
4,451,638,639,5,b
4,452,514,515,5,b
4,453,1131,1132,10,not_b
4,454,70,71,5,b
4,455,1513,1514,8,not_or
4,456,415,416,12,not_a
4,457,1444,1445,13,implies
4,458,697,698,12,not_a
4,459,1100,1101,0,zero
4,460,1668,1669,10,not_b
4,461,1650,1651,6,xor
4,462,1477,1478,6,xor
4,463,1450,1451,4,not_implied_by
4,464,1762,1763,12,not_a
4,465,1576,1577,13,implies
4,466,700,701,10,not_b
4,467,1769,1770,3,a
4,468,11,12,4,not_implied_by
4,469,1781,1782,2,not_implies
4,470,542,543,5,b
4,471,1516,1517,15,one
4,472,1899,1900,5,b
4,473,1463,1464,3,a
4,474,445,446,13,implies
4,475,1028,1029,10,not_b
4,476,1638,1639,3,a
4,477,1137,1138,1,and
4,478,1445,1446,3,a
4,479,1621,1622,7,or
4,480,1377,1378,7,or
4,481,1716,1717,12,not_a
4,482,1075,1076,1,and
4,483,391,392,9,not_xor
4,484,1215,1216,3,a
4,485,1665,1666,9,not_xor
4,486,57,58,12,not_a
4,487,1255,1256,11,implied_by
4,488,683,684,14,not_and
4,489,752,753,1,and
4,490,1250,1251,7,or
4,491,1022,1023,14,not_and
4,492,1092,1093,10,not_b
4,493,745,746,2,not_implies
4,494,839,840,3,a
4,495,917,918,5,b
4,496,1019,1020,1,and
4,497,1922,1923,8,not_or
4,498,401,402,5,b
4,499,149,150,6,xor
4,500,1014,1015,6,xor
4,501,1622,1623,8,not_or
4,502,428,429,0,zero
4,503,1192,1193,4,not_implied_by
4,504,1008,1009,13,implies
4,505,1816,1817,5,b
4,506,16,17,0,zero
4,507,1807,1808,9,not_xor
4,508,136,137,13,implies
4,509,1314,1315,4,not_implied_by
4,510,1169,1170,3,a
4,511,141,142,5,b
4,512,1967,1968,12,not_a
4,513,1350,1351,6,xor
4,514,706,707,10,not_b
4,515,1275,1276,5,b
4,516,1678,1679,3,a
4,517,181,182,3,a
4,518,1958,1959,14,not_and
4,519,1230,1231,13,implies
4,520,1295,1296,2,not_implies
4,521,447,448,10,not_b
4,522,1296,1297,8,not_or
4,523,868,869,4,not_implied_by
4,524,617,618,8,not_or
4,525,213,214,11,implied_by
4,526,190,191,1,and
4,527,506,507,12,not_a
4,528,1698,1699,12,not_a
4,529,1161,1162,12,not_a
4,530,1293,1294,11,implied_by
4,531,1735,1736,10,not_b
4,532,194,195,12,not_a
4,533,651,652,9,not_xor
4,534,1593,1594,9,not_xor
4,535,1046,1047,0,zero
4,536,449,450,1,and
4,537,1676,1677,12,not_a
4,538,1656,1657,11,implied_by
4,539,1596,1597,3,a
4,540,714,715,13,implies
4,541,1386,1387,15,one
4,542,276,277,11,implied_by
4,543,1283,1284,2,not_implies
4,544,1225,1226,14,not_and
4,545,1501,1502,15,one
4,546,196,197,2,not_implies
4,547,1575,1576,12,not_a
4,548,493,494,6,xor
4,549,82,83,11,implied_by
4,550,591,592,10,not_b
4,551,573,574,14,not_and
4,552,1702,1703,11,implied_by
4,553,310,311,2,not_implies
4,554,84,85,3,a
4,555,470,471,2,not_implies
4,556,306,307,12,not_a
4,557,1369,1370,12,not_a
4,558,178,179,5,b
4,559,782,783,3,a
4,560,466,467,12,not_a
4,561,1429,1430,14,not_and
4,562,1417,1418,1,and
4,563,806,807,12,not_a
4,564,691,692,0,zero
4,565,280,281,12,not_a
4,566,92,93,3,a
4,567,271,272,10,not_b
4,568,102,103,6,xor
4,569,1823,1824,1,and
4,570,724,725,9,not_xor
4,571,1580,1581,5,b
4,572,815,816,4,not_implied_by
4,573,1838,1839,14,not_and
4,574,494,495,10,not_b
4,575,947,948,1,and
4,576,333,334,2,not_implies
4,577,1189,1190,13,implies
4,578,392,393,9,not_xor
4,579,351,352,6,xor
4,580,326,327,14,not_and
4,581,1089,1090,9,not_xor
4,582,1223,1224,5,b
4,583,819,820,7,or
4,584,1201,1202,12,not_a
4,585,364,365,10,not_b
4,586,1491,1492,9,not_xor
4,587,64,65,12,not_a
4,588,1341,1342,11,implied_by
4,589,297,298,10,not_b
4,590,231,232,3,a
4,591,138,139,10,not_b
4,592,1578,1579,3,a
4,593,441,442,0,zero
4,594,498,499,6,xor
4,595,741,742,10,not_b
4,596,776,777,6,xor
4,597,505,506,5,b
4,598,256,257,10,not_b
4,599,1329,1330,14,not_and
4,600,1091,1092,14,not_and
4,601,274,275,5,b
4,602,1761,1762,0,zero
4,603,921,922,12,not_a
4,604,992,993,10,not_b
4,605,488,489,9,not_xor
4,606,924,925,14,not_and
4,607,1672,1673,5,b
4,608,436,437,1,and
4,609,496,497,5,b
4,610,1522,1523,2,not_implies
4,611,872,873,5,b
4,612,1260,1261,15,one
4,613,1904,1905,1,and
4,614,1489,1490,6,xor
4,615,1043,1044,5,b
4,616,873,874,3,a
4,617,1339,1340,11,implied_by
4,618,986,987,2,not_implies
4,619,613,614,10,not_b
4,620,446,447,9,not_xor
4,621,1854,1855,5,b
4,622,1419,1420,1,and
4,623,1227,1228,2,not_implies
4,624,380,381,0,zero
4,625,479,480,12,not_a
4,626,1655,1656,11,implied_by
4,627,558,559,9,not_xor
4,628,895,896,10,not_b
4,629,568,569,9,not_xor
4,630,1717,1718,0,zero
4,631,1129,1130,10,not_b
4,632,1911,1912,5,b
4,633,735,736,5,b
4,634,1183,1184,14,not_and
4,635,85,86,3,a
4,636,1679,1680,0,zero
4,637,251,252,10,not_b
4,638,829,830,12,not_a
4,639,1879,1880,13,implies
4,640,652,653,8,not_or
4,641,229,230,8,not_or
4,642,874,875,6,xor
4,643,439,440,8,not_or
4,644,342,343,5,b
4,645,1848,1849,14,not_and
4,646,312,313,12,not_a
4,647,1254,1255,12,not_a
4,648,1713,1714,12,not_a
4,649,569,570,7,or
4,650,906,907,1,and
4,651,1433,1434,7,or
4,652,51,52,6,xor
4,653,1175,1176,6,xor
4,654,1388,1389,3,a
4,655,1467,1468,10,not_b
4,656,215,216,9,not_xor
4,657,1790,1791,14,not_and
4,658,1841,1842,14,not_and
4,659,328,329,15,one
4,660,988,989,10,not_b
4,661,263,264,5,b
4,662,1209,1210,13,implies
4,663,115,116,7,or
4,664,619,620,7,or
4,665,1673,1674,0,zero
4,666,459,460,11,implied_by
4,667,863,864,12,not_a
4,668,1041,1042,3,a
4,669,1995,1996,13,implies
4,670,1798,1799,0,zero
4,671,192,193,13,implies
4,672,510,511,12,not_a
4,673,272,273,5,b
4,674,965,966,12,not_a
4,675,1001,1002,10,not_b
4,676,1889,1890,1,and
4,677,294,295,6,xor
4,678,94,95,1,and
4,679,356,357,10,not_b
4,680,128,129,3,a
4,681,1524,1525,13,implies
4,682,518,519,7,or
4,683,7,8,4,not_implied_by
4,684,457,458,5,b
4,685,1453,1454,4,not_implied_by
4,686,1277,1278,4,not_implied_by
4,687,1094,1095,0,zero
4,688,28,29,6,xor
4,689,1262,1263,5,b
4,690,946,947,2,not_implies
4,691,434,435,9,not_xor
4,692,1727,1728,7,or
4,693,1010,1011,5,b
4,694,73,74,5,b
4,695,1421,1422,1,and
4,696,1451,1452,10,not_b
4,697,1439,1440,5,b
4,698,1140,1141,12,not_a
4,699,335,336,15,one
4,700,957,958,5,b
4,701,23,24,9,not_xor
4,702,851,852,1,and
4,703,1758,1759,14,not_and
4,704,1824,1825,7,or
4,705,620,621,13,implies
4,706,1087,1088,12,not_a
4,707,1610,1611,9,not_xor
4,708,521,522,7,or
4,709,633,634,5,b
4,710,692,693,8,not_or
4,711,1084,1085,5,b
4,712,668,669,12,not_a
4,713,852,853,12,not_a
4,714,1054,1055,5,b
4,715,870,871,10,not_b
4,716,1560,1561,11,implied_by
4,717,1691,1692,4,not_implied_by
4,718,108,109,4,not_implied_by
4,719,1817,1818,3,a
4,720,1111,1112,1,and
4,721,1784,1785,5,b
4,722,1907,1908,3,a
4,723,1303,1304,13,implies
4,724,1248,1249,7,or
4,725,373,374,15,one
4,726,1925,1926,12,not_a
4,727,185,186,1,and
4,728,35,36,5,b
4,729,1203,1204,11,implied_by
4,730,990,991,3,a
4,731,631,632,14,not_and
4,732,844,845,12,not_a
4,733,811,812,5,b
4,734,1815,1816,3,a
4,735,348,349,12,not_a
4,736,1391,1392,8,not_or
4,737,453,454,4,not_implied_by
4,738,1083,1084,4,not_implied_by
4,739,1939,1940,12,not_a
4,740,580,581,8,not_or
4,741,673,674,13,implies
4,742,1876,1877,10,not_b
4,743,1274,1275,12,not_a
4,744,72,73,1,and
4,745,634,635,13,implies
4,746,1190,1191,6,xor
4,747,642,643,9,not_xor
4,748,596,597,12,not_a
4,749,1414,1415,7,or
4,750,1585,1586,11,implied_by
4,751,198,199,3,a
4,752,244,245,12,not_a
4,753,1935,1936,2,not_implies
4,754,1552,1553,11,implied_by
4,755,22,23,8,not_or
4,756,67,68,12,not_a
4,757,1990,1991,3,a
4,758,785,786,0,zero
4,759,1951,1952,4,not_implied_by
4,760,388,389,2,not_implies
4,761,969,970,3,a
4,762,399,400,6,xor
4,763,30,31,6,xor
4,764,126,127,3,a
4,765,379,380,12,not_a
4,766,1869,1870,14,not_and
4,767,905,906,3,a
4,768,430,431,8,not_or
4,769,1297,1298,1,and
4,770,547,548,11,implied_by
4,771,1365,1366,10,not_b
4,772,1618,1619,0,zero
4,773,157,158,0,zero
4,774,544,545,5,b
4,775,495,496,2,not_implies
4,776,1774,1775,9,not_xor
4,777,1389,1390,10,not_b
4,778,823,824,6,xor
4,779,1970,1971,6,xor
4,780,826,827,13,implies
4,781,160,161,13,implies
4,782,1847,1848,2,not_implies
4,783,698,699,15,one
4,784,1211,1212,1,and
4,785,1680,1681,1,and
4,786,318,319,13,implies
4,787,1081,1082,12,not_a
4,788,750,751,10,not_b
4,789,1918,1919,4,not_implied_by
4,790,810,811,12,not_a
4,791,523,524,4,not_implied_by
4,792,1932,1933,11,implied_by
4,793,1825,1826,2,not_implies
4,794,524,525,7,or
4,795,967,968,2,not_implies
4,796,664,665,5,b
4,797,687,688,1,and
4,798,381,382,5,b
4,799,1534,1535,3,a
4,800,1289,1290,3,a
4,801,1387,1388,8,not_or
4,802,959,960,4,not_implied_by
4,803,1374,1375,6,xor
4,804,889,890,2,not_implies
4,805,254,255,2,not_implies
4,806,109,110,3,a
4,807,1520,1521,12,not_a
4,808,841,842,0,zero
4,809,382,383,3,a
4,810,1732,1733,9,not_xor
4,811,877,878,2,not_implies
4,812,1024,1025,3,a
4,813,127,128,15,one
4,814,951,952,10,not_b
4,815,1040,1041,10,not_b
4,816,1127,1128,2,not_implies
4,817,903,904,14,not_and
4,818,1299,1300,9,not_xor
4,819,456,457,12,not_a
4,820,1492,1493,4,not_implied_by
4,821,255,256,10,not_b
4,822,96,97,12,not_a
4,823,1936,1937,0,zero
4,824,1306,1307,9,not_xor
4,825,793,794,0,zero
4,826,65,66,3,a
4,827,1103,1104,10,not_b
4,828,563,564,7,or
4,829,929,930,3,a
4,830,1039,1040,12,not_a
4,831,165,166,15,one
4,832,1627,1628,15,one
4,833,1912,1913,5,b
4,834,1132,1133,4,not_implied_by
4,835,14,15,12,not_a
4,836,747,748,8,not_or
4,837,504,505,0,zero
4,838,1883,1884,8,not_or
4,839,1465,1466,1,and
4,840,69,70,11,implied_by
4,841,1430,1431,13,implies
4,842,1826,1827,8,not_or
4,843,354,355,5,b
4,844,352,353,3,a
4,845,1163,1164,3,a
4,846,365,366,14,not_and
4,847,1752,1753,10,not_b
4,848,340,341,2,not_implies
4,849,202,203,15,one
4,850,1003,1004,0,zero
4,851,317,318,13,implies
4,852,1242,1243,10,not_b
4,853,1802,1803,3,a
4,854,856,857,3,a
4,855,1991,1992,1,and
4,856,517,518,4,not_implied_by
4,857,883,884,12,not_a
4,858,29,30,12,not_a
4,859,1706,1707,12,not_a
4,860,603,604,9,not_xor
4,861,358,359,3,a
4,862,1875,1876,13,implies
4,863,322,323,6,xor
4,864,1515,1516,6,xor
4,865,941,942,3,a
4,866,911,912,9,not_xor
4,867,156,157,3,a
4,868,1118,1119,2,not_implies
4,869,1059,1060,2,not_implies
4,870,121,122,5,b
4,871,1358,1359,6,xor
4,872,88,89,0,zero
4,873,1162,1163,12,not_a
4,874,1719,1720,6,xor
4,875,1961,1962,14,not_and
4,876,1895,1896,4,not_implied_by
4,877,885,886,15,one
4,878,268,269,13,implies
4,879,592,593,7,or
4,880,1077,1078,3,a
4,881,533,534,5,b
4,882,742,743,6,xor
4,883,1896,1897,10,not_b
4,884,1342,1343,3,a
4,885,1928,1929,2,not_implies
4,886,1269,1270,4,not_implied_by
4,887,1753,1754,9,not_xor
4,888,942,943,1,and
4,889,1472,1473,12,not_a
4,890,482,483,5,b
4,891,1511,1512,3,a
4,892,1466,1467,2,not_implies
4,893,62,63,0,zero
4,894,689,690,12,not_a
4,895,630,631,7,or
4,896,561,562,5,b
4,897,778,779,9,not_xor
4,898,1268,1269,14,not_and
4,899,38,39,7,or
4,900,341,342,9,not_xor
4,901,1267,1268,5,b
4,902,710,711,9,not_xor
4,903,980,981,2,not_implies
4,904,1949,1950,2,not_implies
4,905,1697,1698,0,zero
4,906,1307,1308,3,a
4,907,857,858,6,xor
4,908,469,470,12,not_a
4,909,1917,1918,5,b
4,910,1457,1458,11,implied_by
4,911,1860,1861,0,zero
4,912,267,268,1,and
4,913,1326,1327,2,not_implies
4,914,1049,1050,5,b
4,915,681,682,3,a
4,916,522,523,12,not_a
4,917,618,619,5,b
4,918,224,225,12,not_a
4,919,44,45,1,and
4,920,1117,1118,10,not_b
4,921,1561,1562,9,not_xor
4,922,1226,1227,12,not_a
4,923,1635,1636,5,b
4,924,1842,1843,5,b
4,925,961,962,12,not_a
4,926,140,141,7,or
4,927,48,49,9,not_xor
4,928,1888,1889,13,implies
4,929,1786,1787,7,or
4,930,1482,1483,12,not_a
4,931,968,969,14,not_and
4,932,1298,1299,12,not_a
4,933,761,762,9,not_xor
4,934,1142,1143,9,not_xor
4,935,311,312,11,implied_by
4,936,1330,1331,10,not_b
4,937,1384,1385,6,xor
4,938,971,972,5,b
4,939,491,492,3,a
4,940,539,540,15,one
4,941,1321,1322,6,xor
4,942,1400,1401,13,implies
4,943,538,539,7,or
4,944,679,680,12,not_a
4,945,0,1,5,b
4,946,661,662,10,not_b
4,947,813,814,5,b
4,948,1435,1436,4,not_implied_by
4,949,1941,1942,5,b
4,950,509,510,10,not_b
4,951,802,803,5,b
4,952,1980,1981,3,a
4,953,1518,1519,15,one
4,954,1797,1798,1,and
4,955,503,504,10,not_b
4,956,1551,1552,3,a
4,957,1310,1311,9,not_xor
4,958,720,721,9,not_xor
4,959,93,94,4,not_implied_by
4,960,1336,1337,7,or
4,961,219,220,1,and
4,962,831,832,3,a
4,963,671,672,10,not_b
4,964,234,235,1,and
4,965,1234,1235,14,not_and
4,966,1864,1865,4,not_implied_by
4,967,432,433,12,not_a
4,968,1337,1338,3,a
4,969,12,13,12,not_a
4,970,31,32,1,and
4,971,1462,1463,1,and
4,972,1505,1506,10,not_b
4,973,420,421,5,b
4,974,1537,1538,1,and
4,975,790,791,3,a
4,976,1530,1531,5,b
4,977,54,55,12,not_a
4,978,1479,1480,10,not_b
4,979,266,267,10,not_b
4,980,769,770,6,xor
4,981,799,800,15,one
4,982,1660,1661,4,not_implied_by
4,983,1877,1878,8,not_or
4,984,1325,1326,15,one
4,985,1788,1789,1,and
4,986,1356,1357,5,b
4,987,137,138,2,not_implies
4,988,1976,1977,10,not_b
4,989,1114,1115,7,or
4,990,1793,1794,6,xor
4,991,1232,1233,15,one
4,992,864,865,1,and
4,993,261,262,3,a
4,994,982,983,2,not_implies
4,995,298,299,3,a
4,996,818,819,12,not_a
4,997,386,387,11,implied_by
4,998,1966,1967,3,a
4,999,985,986,7,or
4,1000,1948,1949,9,not_xor
4,1001,1265,1266,1,and
4,1002,1058,1059,10,not_b
4,1003,162,163,7,or
4,1004,308,309,13,implies
4,1005,292,293,12,not_a
4,1006,77,78,3,a
4,1007,1640,1641,12,not_a
4,1008,614,615,3,a
4,1009,1441,1442,3,a
4,1010,1688,1689,10,not_b
4,1011,265,266,14,not_and
4,1012,15,16,8,not_or
4,1013,167,168,1,and
4,1014,474,475,15,one
4,1015,1238,1239,1,and
4,1016,1586,1587,13,implies
4,1017,1631,1632,9,not_xor
4,1018,1231,1232,0,zero
4,1019,648,649,7,or
4,1020,1448,1449,13,implies
4,1021,34,35,12,not_a
4,1022,622,623,11,implied_by
4,1023,639,640,3,a
4,1024,1469,1470,12,not_a
4,1025,1800,1801,14,not_and
4,1026,1045,1046,2,not_implies
4,1027,1006,1007,3,a
4,1028,1454,1455,10,not_b
4,1029,1090,1091,10,not_b
4,1030,1569,1570,10,not_b
4,1031,545,546,10,not_b
4,1032,1766,1767,1,and
4,1033,550,551,5,b
4,1034,59,60,6,xor
4,1035,1750,1751,14,not_and
4,1036,781,782,2,not_implies
4,1037,1266,1267,10,not_b
4,1038,866,867,0,zero
4,1039,120,121,2,not_implies
4,1040,945,946,0,zero
4,1041,770,771,4,not_implied_by
4,1042,1933,1934,1,and
4,1043,887,888,2,not_implies
4,1044,817,818,9,not_xor
4,1045,309,310,15,one
4,1046,1794,1795,10,not_b
4,1047,749,750,10,not_b
4,1048,1126,1127,9,not_xor
4,1049,996,997,10,not_b
4,1050,751,752,1,and
4,1051,672,673,7,or
4,1052,454,455,13,implies
4,1053,616,617,4,not_implied_by
4,1054,1214,1215,11,implied_by
4,1055,987,988,15,one
4,1056,1064,1065,15,one
4,1057,331,332,10,not_b
4,1058,867,868,14,not_and
4,1059,1228,1229,13,implies
4,1060,588,589,7,or
4,1061,626,627,14,not_and
4,1062,347,348,12,not_a
4,1063,1684,1685,5,b
4,1064,525,526,1,and
4,1065,1252,1253,13,implies
4,1066,1791,1792,10,not_b
4,1067,1198,1199,12,not_a
4,1068,1108,1109,7,or
4,1069,343,344,3,a
4,1070,1180,1181,12,not_a
4,1071,1347,1348,9,not_xor
4,1072,1729,1730,10,not_b
4,1073,976,977,3,a
4,1074,1703,1704,7,or
4,1075,1931,1932,11,implied_by
4,1076,486,487,2,not_implies
4,1077,1178,1179,12,not_a
4,1078,43,44,7,or
4,1079,739,740,15,one
4,1080,146,147,14,not_and
4,1081,1519,1520,7,or
4,1082,1687,1688,7,or
4,1083,935,936,1,and
4,1084,726,727,14,not_and
4,1085,595,596,13,implies
4,1086,1740,1741,11,implied_by
4,1087,74,75,4,not_implied_by
4,1088,1470,1471,4,not_implied_by
4,1089,148,149,5,b
4,1090,1138,1139,13,implies
4,1091,712,713,3,a
4,1092,850,851,10,not_b
4,1093,862,863,4,not_implied_by
4,1094,1675,1676,0,zero
4,1095,410,411,9,not_xor
4,1096,1812,1813,8,not_or
4,1097,240,241,3,a
4,1098,1284,1285,8,not_or
4,1099,757,758,6,xor
4,1100,1770,1771,2,not_implies
4,1101,508,509,2,not_implies
4,1102,791,792,6,xor
4,1103,1546,1547,11,implied_by
4,1104,408,409,14,not_and
4,1105,1749,1750,8,not_or
4,1106,1813,1814,0,zero
4,1107,107,108,9,not_xor
4,1108,431,432,9,not_xor
4,1109,249,250,5,b
4,1110,490,491,5,b
4,1111,56,57,1,and
4,1112,981,982,6,xor
4,1113,204,205,12,not_a
4,1114,1782,1783,10,not_b
4,1115,548,549,6,xor
4,1116,1308,1309,12,not_a
4,1117,1279,1280,12,not_a
4,1118,576,577,5,b
4,1119,385,386,11,implied_by
4,1120,40,41,5,b
4,1121,411,412,10,not_b
4,1122,663,664,10,not_b
4,1123,1984,1985,5,b
4,1124,930,931,12,not_a
4,1125,843,844,8,not_or
4,1126,571,572,5,b
4,1127,1701,1702,2,not_implies
4,1128,1196,1197,14,not_and
4,1129,1923,1924,14,not_and
4,1130,361,362,14,not_and
4,1131,1710,1711,4,not_implied_by
4,1132,1446,1447,12,not_a
4,1133,83,84,8,not_or
4,1134,1946,1947,15,one
4,1135,1305,1306,10,not_b
4,1136,977,978,3,a
4,1137,223,224,1,and
4,1138,1063,1064,3,a
4,1139,1919,1920,13,implies
4,1140,1088,1089,11,implied_by
4,1141,304,305,12,not_a
4,1142,320,321,10,not_b
4,1143,1639,1640,2,not_implies
4,1144,403,404,13,implies
4,1145,155,156,11,implied_by
4,1146,1179,1180,0,zero
4,1147,1066,1067,11,implied_by
4,1148,1095,1096,13,implies
4,1149,278,279,13,implies
4,1150,643,644,9,not_xor
4,1151,1401,1402,14,not_and
4,1152,636,637,13,implies
4,1153,173,174,4,not_implied_by
4,1154,1905,1906,13,implies
4,1155,1827,1828,15,one
4,1156,860,861,3,a
4,1157,1440,1441,12,not_a
4,1158,846,847,6,xor
4,1159,473,474,12,not_a
4,1160,1998,1999,14,not_and
4,1161,699,700,7,or
4,1162,1404,1405,9,not_xor
4,1163,890,891,2,not_implies
4,1164,1868,1869,12,not_a
4,1165,1437,1438,11,implied_by
4,1166,520,521,5,b
4,1167,1963,1964,12,not_a
4,1168,827,828,7,or
4,1169,1744,1745,12,not_a
4,1170,451,452,6,xor
4,1171,1286,1287,3,a
4,1172,984,985,13,implies
4,1173,904,905,5,b
4,1174,1577,1578,14,not_and
4,1175,1952,1953,3,a
4,1176,1714,1715,15,one
4,1177,360,361,10,not_b
4,1178,944,945,13,implies
4,1179,1431,1432,15,one
4,1180,1647,1648,8,not_or
4,1181,480,481,13,implies
4,1182,738,739,13,implies
4,1183,837,838,2,not_implies
4,1184,300,301,9,not_xor
4,1185,122,123,1,and
4,1186,540,541,5,b
4,1187,725,726,15,one
4,1188,1915,1916,7,or
4,1189,299,300,5,b
4,1190,1538,1539,14,not_and
4,1191,269,270,0,zero
4,1192,1517,1518,11,implied_by
4,1193,500,501,9,not_xor
4,1194,559,560,12,not_a
4,1195,332,333,1,and
4,1196,1423,1424,10,not_b
4,1197,531,532,3,a
4,1198,90,91,5,b
4,1199,207,208,5,b
4,1200,605,606,3,a
4,1201,1478,1479,3,a
4,1202,632,633,0,zero
4,1203,1839,1840,10,not_b
4,1204,1651,1652,8,not_or
4,1205,923,924,5,b
4,1206,1671,1672,15,one
4,1207,516,517,13,implies
4,1208,476,477,6,xor
4,1209,555,556,3,a
4,1210,1098,1099,6,xor
4,1211,1969,1970,5,b
4,1212,1346,1347,10,not_b
4,1213,1712,1713,4,not_implied_by
4,1214,1623,1624,15,one
4,1215,1490,1491,1,and
4,1216,665,666,5,b
4,1217,1085,1086,11,implied_by
4,1218,1906,1907,5,b
4,1219,807,808,15,one
4,1220,909,910,3,a
4,1221,933,934,4,not_implied_by
4,1222,186,187,12,not_a
4,1223,1133,1134,12,not_a
4,1224,1335,1336,7,or
4,1225,133,134,9,not_xor
4,1226,975,976,10,not_b
4,1227,816,817,1,and
4,1228,1773,1774,7,or
4,1229,587,588,4,not_implied_by
4,1230,644,645,12,not_a
4,1231,840,841,5,b
4,1232,336,337,8,not_or
4,1233,767,768,7,or
4,1234,1822,1823,2,not_implies
4,1235,1849,1850,2,not_implies
4,1236,1464,1465,3,a
4,1237,1536,1537,2,not_implies
4,1238,1748,1749,10,not_b
4,1239,1859,1860,9,not_xor
4,1240,237,238,5,b
4,1241,585,586,11,implied_by
4,1242,1007,1008,5,b
4,1243,1544,1545,6,xor
4,1244,707,708,12,not_a
4,1245,732,733,7,or
4,1246,972,973,4,not_implied_by
4,1247,1730,1731,3,a
4,1248,962,963,4,not_implied_by
4,1249,1974,1975,4,not_implied_by
4,1250,497,498,14,not_and
4,1251,1591,1592,9,not_xor
4,1252,621,622,10,not_b
4,1253,36,37,14,not_and
4,1254,1733,1734,15,one
4,1255,1304,1305,12,not_a
4,1256,1870,1871,8,not_or
4,1257,78,79,8,not_or
4,1258,970,971,13,implies
4,1259,438,439,10,not_b
4,1260,1096,1097,6,xor
4,1261,848,849,5,b
4,1262,653,654,6,xor
4,1263,1373,1374,10,not_b
4,1264,786,787,4,not_implied_by
4,1265,1194,1195,7,or
4,1266,1056,1057,12,not_a
4,1267,694,695,5,b
4,1268,578,579,3,a
4,1269,835,836,6,xor
4,1270,1351,1352,5,b
4,1271,1173,1174,2,not_implies
4,1272,295,296,8,not_or
4,1273,101,102,10,not_b
4,1274,768,769,3,a
4,1275,1333,1334,10,not_b
4,1276,200,201,5,b
4,1277,623,624,12,not_a
4,1278,875,876,6,xor
4,1279,528,529,4,not_implied_by
4,1280,1861,1862,10,not_b
4,1281,1604,1605,13,implies
4,1282,1185,1186,12,not_a
4,1283,1728,1729,15,one
4,1284,1945,1946,13,implies
4,1285,1282,1283,10,not_b
4,1286,902,903,5,b
4,1287,1273,1274,10,not_b
4,1288,1191,1192,15,one
4,1289,117,118,10,not_b
4,1290,1241,1242,7,or
4,1291,259,260,9,not_xor
4,1292,338,339,10,not_b
4,1293,876,877,12,not_a
4,1294,13,14,10,not_b
4,1295,998,999,5,b
4,1296,248,249,12,not_a
4,1297,897,898,0,zero
4,1298,1507,1508,7,or
4,1299,1246,1247,12,not_a
4,1300,1186,1187,10,not_b
4,1301,718,719,10,not_b
4,1302,1830,1831,6,xor
4,1303,609,610,9,not_xor
4,1304,235,236,15,one
4,1305,389,390,12,not_a
4,1306,1926,1927,15,one
4,1307,1572,1573,10,not_b
4,1308,686,687,12,not_a
4,1309,916,917,12,not_a
4,1310,597,598,13,implies
4,1311,1375,1376,0,zero
4,1312,1221,1222,6,xor
4,1313,1648,1649,13,implies
4,1314,414,415,2,not_implies
4,1315,1409,1410,4,not_implied_by
4,1316,1424,1425,10,not_b
4,1317,1637,1638,9,not_xor
4,1318,1080,1081,5,b
4,1319,1174,1175,3,a
4,1320,400,401,8,not_or
4,1321,925,926,7,or
4,1322,1938,1939,7,or
4,1323,159,160,13,implies
4,1324,1294,1295,6,xor
4,1325,1707,1708,1,and
4,1326,1042,1043,11,implied_by
4,1327,1313,1314,10,not_b
4,1328,629,630,12,not_a
4,1329,1559,1560,12,not_a
4,1330,1607,1608,2,not_implies
4,1331,529,530,7,or
4,1332,680,681,13,implies
4,1333,296,297,13,implies
4,1334,17,18,14,not_and
4,1335,1354,1355,6,xor
4,1336,1434,1435,11,implied_by
4,1337,60,61,8,not_or
4,1338,1763,1764,1,and
4,1339,565,566,6,xor
4,1340,773,774,7,or
4,1341,1828,1829,12,not_a
4,1342,713,714,4,not_implied_by
4,1343,1495,1496,11,implied_by
4,1344,1685,1686,3,a
4,1345,435,436,11,implied_by
4,1346,189,190,12,not_a
4,1347,111,112,2,not_implies
4,1348,1686,1687,6,xor
4,1349,315,316,10,not_b
4,1350,164,165,1,and
4,1351,938,939,10,not_b
4,1352,424,425,12,not_a
4,1353,943,944,5,b
4,1354,685,686,10,not_b
4,1355,1368,1369,9,not_xor
4,1356,323,324,7,or
4,1357,383,384,10,not_b
4,1358,50,51,1,and
4,1359,1367,1368,14,not_and
4,1360,1270,1271,2,not_implies
4,1361,253,254,10,not_b
4,1362,444,445,3,a
4,1363,842,843,10,not_b
4,1364,1370,1371,13,implies
4,1365,1170,1171,7,or
4,1366,1525,1526,15,one
4,1367,483,484,10,not_b
4,1368,913,914,2,not_implies
4,1369,1383,1384,0,zero
4,1370,756,757,3,a
4,1371,886,887,7,or
4,1372,755,756,10,not_b
4,1373,532,533,5,b
4,1374,1107,1108,10,not_b
4,1375,1955,1956,14,not_and
4,1376,1954,1955,0,zero
4,1377,247,248,4,not_implied_by
4,1378,527,528,5,b
4,1379,898,899,8,not_or
4,1380,307,308,4,not_implied_by
4,1381,139,140,6,xor
4,1382,1427,1428,13,implies
4,1383,1629,1630,5,b
4,1384,1168,1169,7,or
4,1385,1555,1556,12,not_a
4,1386,1065,1066,14,not_and
4,1387,1476,1477,8,not_or
4,1388,1855,1856,3,a
4,1389,220,221,10,not_b
4,1390,1592,1593,13,implies
4,1391,589,590,10,not_b
4,1392,442,443,5,b
4,1393,481,482,13,implies
4,1394,1598,1599,13,implies
4,1395,1597,1598,11,implied_by
4,1396,1206,1207,8,not_or
4,1397,1867,1868,10,not_b
4,1398,647,648,5,b
4,1399,134,135,12,not_a
4,1400,1626,1627,10,not_b
4,1401,1988,1989,11,implied_by
4,1402,912,913,3,a
4,1403,283,284,14,not_and
4,1404,1343,1344,10,not_b
4,1405,882,883,5,b
4,1406,1280,1281,8,not_or
4,1407,1323,1324,3,a
4,1408,79,80,5,b
4,1409,1834,1835,15,one
4,1410,1514,1515,12,not_a
4,1411,472,473,4,not_implied_by
4,1412,771,772,6,xor
4,1413,838,839,5,b
4,1414,1737,1738,12,not_a
4,1415,448,449,3,a
4,1416,1997,1998,1,and
4,1417,1420,1421,0,zero
4,1418,1327,1328,1,and
4,1419,708,709,0,zero
4,1420,1149,1150,3,a
4,1421,80,81,2,not_implies
4,1422,1708,1709,3,a
4,1423,834,835,7,or
4,1424,290,291,2,not_implies
4,1425,1725,1726,9,not_xor
4,1426,1106,1107,2,not_implies
4,1427,567,568,0,zero
4,1428,499,500,2,not_implies
4,1429,345,346,10,not_b
4,1430,1032,1033,0,zero
4,1431,397,398,10,not_b
4,1432,1913,1914,12,not_a
4,1433,1402,1403,11,implied_by
4,1434,711,712,2,not_implies
4,1435,803,804,1,and
4,1436,371,372,5,b
4,1437,640,641,1,and
4,1438,1613,1614,7,or
4,1439,1937,1938,11,implied_by
4,1440,1564,1565,3,a
4,1441,1776,1777,2,not_implies
4,1442,1272,1273,7,or
4,1443,1406,1407,11,implied_by
4,1444,861,862,14,not_and
4,1445,1244,1245,7,or
4,1446,645,646,10,not_b
4,1447,52,53,6,xor
4,1448,1217,1218,13,implies
4,1449,526,527,7,or
4,1450,601,602,15,one
4,1451,1396,1397,12,not_a
4,1452,662,663,9,not_xor
4,1453,66,67,5,b
4,1454,25,26,9,not_xor
4,1455,800,801,4,not_implied_by
4,1456,704,705,3,a
4,1457,1547,1548,14,not_and
4,1458,1634,1635,12,not_a
4,1459,1016,1017,10,not_b
4,1460,478,479,15,one
4,1461,1777,1778,11,implied_by
4,1462,1073,1074,12,not_a
4,1463,250,251,10,not_b
4,1464,1644,1645,6,xor
4,1465,1382,1383,2,not_implies
4,1466,1415,1416,5,b
4,1467,1548,1549,0,zero
4,1468,212,213,10,not_b
4,1469,246,247,14,not_and
4,1470,171,172,15,one
4,1471,293,294,7,or
4,1472,418,419,5,b
4,1473,113,114,5,b
4,1474,1664,1665,14,not_and
4,1475,598,599,3,a
4,1476,168,169,14,not_and
4,1477,206,207,1,and
4,1478,1334,1335,13,implies
4,1479,655,656,7,or
4,1480,1775,1776,10,not_b
4,1481,682,683,6,xor
4,1482,1233,1234,2,not_implies
4,1483,772,773,9,not_xor
4,1484,1301,1302,12,not_a
4,1485,695,696,4,not_implied_by
4,1486,1677,1678,7,or
4,1487,154,155,8,not_or
4,1488,1783,1784,2,not_implies
4,1489,1682,1683,1,and
4,1490,384,385,3,a
4,1491,1654,1655,13,implies
4,1492,612,613,12,not_a
4,1493,1567,1568,5,b
4,1494,845,846,8,not_or
4,1495,1496,1497,9,not_xor
4,1496,586,587,10,not_b
4,1497,221,222,7,or
4,1498,350,351,0,zero
4,1499,367,368,5,b
4,1500,1110,1111,11,implied_by
4,1501,1322,1323,11,implied_by
4,1502,821,822,12,not_a
4,1503,176,177,4,not_implied_by
4,1504,763,764,2,not_implies
4,1505,460,461,3,a
4,1506,1872,1873,14,not_and
4,1507,535,536,4,not_implied_by
4,1508,467,468,5,b
4,1509,1785,1786,13,implies
4,1510,337,338,3,a
4,1511,1481,1482,7,or
4,1512,1746,1747,15,one
4,1513,100,101,6,xor
4,1514,230,231,1,and
4,1515,184,185,12,not_a
4,1516,1881,1882,11,implied_by
4,1517,1484,1485,11,implied_by
4,1518,1385,1386,5,b
4,1519,1086,1087,13,implies
4,1520,1866,1867,3,a
4,1521,709,710,3,a
4,1522,197,198,14,not_and
4,1523,20,21,6,xor
4,1524,1390,1391,6,xor
4,1525,1051,1052,4,not_implied_by
4,1526,1099,1100,13,implies
4,1527,728,729,3,a
4,1528,1695,1696,5,b
4,1529,1034,1035,10,not_b
4,1530,199,200,5,b
4,1531,1756,1757,10,not_b
4,1532,1898,1899,9,not_xor
4,1533,1461,1462,1,and
4,1534,1504,1505,7,or
4,1535,99,100,10,not_b
4,1536,402,403,14,not_and
4,1537,1139,1140,7,or
4,1538,1487,1488,8,not_or
4,1539,716,717,6,xor
4,1540,1030,1031,10,not_b
4,1541,1123,1124,9,not_xor
4,1542,1667,1668,11,implied_by
4,1543,789,790,10,not_b
4,1544,1502,1503,5,b
4,1545,615,616,12,not_a
4,1546,222,223,8,not_or
4,1547,1070,1071,3,a
4,1548,1765,1766,12,not_a
4,1549,1031,1032,8,not_or
4,1550,1483,1484,7,or
4,1551,450,451,9,not_xor
4,1552,1125,1126,11,implied_by
4,1553,997,998,15,one
4,1554,132,133,15,one
4,1555,1121,1122,5,b
4,1556,1320,1321,7,or
4,1557,19,20,9,not_xor
4,1558,989,990,5,b
4,1559,759,760,3,a
4,1560,487,488,10,not_b
4,1561,1856,1857,1,and
4,1562,398,399,9,not_xor
4,1563,201,202,5,b
4,1564,1734,1735,6,xor
4,1565,574,575,11,implied_by
4,1566,1950,1951,0,zero
4,1567,1956,1957,13,implies
4,1568,553,554,12,not_a
4,1569,1897,1898,10,not_b
4,1570,754,755,4,not_implied_by
4,1571,1202,1203,15,one
4,1572,777,778,15,one
4,1573,1141,1142,1,and
4,1574,950,951,13,implies
4,1575,1850,1851,3,a
4,1576,1809,1810,15,one
4,1577,1692,1693,7,or
4,1578,210,211,3,a
4,1579,1159,1160,8,not_or
4,1580,1611,1612,8,not_or
4,1581,1291,1292,11,implied_by
4,1582,762,763,14,not_and
4,1583,657,658,12,not_a
4,1584,1603,1604,12,not_a
4,1585,784,785,1,and
4,1586,677,678,12,not_a
4,1587,1540,1541,4,not_implied_by
4,1588,534,535,11,implied_by
4,1589,1078,1079,1,and
4,1590,468,469,5,b
4,1591,327,328,7,or
4,1592,729,730,12,not_a
4,1593,705,706,12,not_a
4,1594,282,283,13,implies
4,1595,1145,1146,8,not_or
4,1596,1249,1250,1,and
4,1597,715,716,2,not_implies
4,1598,1222,1223,14,not_and
4,1599,794,795,4,not_implied_by
4,1600,417,418,6,xor
4,1601,604,605,10,not_b
4,1602,227,228,7,or
4,1603,218,219,12,not_a
4,1604,1428,1429,12,not_a
4,1605,787,788,5,b
4,1606,1814,1815,0,zero
4,1607,1371,1372,10,not_b
4,1608,39,40,7,or
4,1609,780,781,1,and
4,1610,1418,1419,9,not_xor
4,1611,1878,1879,14,not_and
4,1612,1820,1821,8,not_or
4,1613,1119,1120,3,a
4,1614,1553,1554,0,zero
4,1615,1892,1893,8,not_or
4,1616,570,571,4,not_implied_by
4,1617,1767,1768,10,not_b
4,1618,1968,1969,7,or
4,1619,1587,1588,12,not_a
4,1620,1903,1904,12,not_a
4,1621,1832,1833,12,not_a
4,1622,258,259,3,a
4,1623,1718,1719,6,xor
4,1624,1071,1072,9,not_xor
4,1625,1804,1805,4,not_implied_by
4,1626,1393,1394,8,not_or
4,1627,1355,1356,6,xor
4,1628,1947,1948,14,not_and
4,1629,374,375,14,not_and
4,1630,419,420,2,not_implies
4,1631,1975,1976,11,implied_by
4,1632,144,145,10,not_b
4,1633,1894,1895,3,a
4,1634,740,741,12,not_a
4,1635,105,106,7,or
4,1636,1376,1377,5,b
4,1637,344,345,13,implies
4,1638,377,378,10,not_b
4,1639,1239,1240,9,not_xor
4,1640,940,941,1,and
4,1641,330,331,11,implied_by
4,1642,1403,1404,2,not_implies
4,1643,3,4,5,b
4,1644,1741,1742,3,a
4,1645,625,626,14,not_and
4,1646,1570,1571,11,implied_by
4,1647,214,215,6,xor
4,1648,1251,1252,12,not_a
4,1649,387,388,7,or
4,1650,1862,1863,2,not_implies
4,1651,637,638,13,implies
4,1652,1195,1196,14,not_and
4,1653,5,6,5,b
4,1654,1316,1317,12,not_a
4,1655,1029,1030,4,not_implied_by
4,1656,409,410,5,b
4,1657,719,720,4,not_implied_by
4,1658,1865,1866,3,a
4,1659,1641,1642,10,not_b
4,1660,368,369,12,not_a
4,1661,610,611,2,not_implies
4,1662,808,809,5,b
4,1663,241,242,1,and
4,1664,1157,1158,12,not_a
4,1665,1311,1312,11,implied_by
4,1666,1328,1329,12,not_a
4,1667,1216,1217,10,not_b
4,1668,1082,1083,12,not_a
4,1669,362,363,13,implies
4,1670,412,413,12,not_a
4,1671,1795,1796,14,not_and
4,1672,660,661,12,not_a
4,1673,1819,1820,2,not_implies
4,1674,1147,1148,3,a
4,1675,1601,1602,1,and
4,1676,566,567,7,or
4,1677,1971,1972,8,not_or
4,1678,1224,1225,5,b
4,1679,1050,1051,4,not_implied_by
4,1680,153,154,4,not_implied_by
4,1681,1200,1201,7,or
4,1682,1047,1048,5,b
4,1683,372,373,2,not_implies
4,1684,1833,1834,9,not_xor
4,1685,748,749,14,not_and
4,1686,853,854,5,b
4,1687,1447,1448,15,one
4,1688,512,513,8,not_or
4,1689,830,831,13,implies
4,1690,1624,1625,10,not_b
4,1691,1711,1712,11,implied_by
4,1692,463,464,11,implied_by
4,1693,1506,1507,2,not_implies
4,1694,1357,1358,12,not_a
4,1695,1193,1194,3,a
4,1696,37,38,9,not_xor
4,1697,1480,1481,3,a
4,1698,775,776,15,one
4,1699,1218,1219,7,or
4,1700,572,573,8,not_or
4,1701,413,414,12,not_a
4,1702,1645,1646,2,not_implies
4,1703,26,27,1,and
4,1704,1528,1529,6,xor
4,1705,881,882,4,not_implied_by
4,1706,1164,1165,5,b
4,1707,1643,1644,3,a
4,1708,1148,1149,12,not_a
4,1709,1278,1279,5,b
4,1710,1500,1501,13,implies
4,1711,1532,1533,6,xor
4,1712,624,625,0,zero
4,1713,1636,1637,7,or
4,1714,1166,1167,7,or
4,1715,1873,1874,9,not_xor
4,1716,166,167,15,one
4,1717,1452,1453,6,xor
4,1718,1151,1152,6,xor
4,1719,150,151,3,a
4,1720,1739,1740,14,not_and
4,1721,812,813,4,not_implied_by
4,1722,390,391,10,not_b
4,1723,147,148,2,not_implies
4,1724,236,237,10,not_b
4,1725,1509,1510,4,not_implied_by
4,1726,1258,1259,13,implies
4,1727,723,724,5,b
4,1728,537,538,3,a
4,1729,1661,1662,0,zero
4,1730,6,7,12,not_a
4,1731,1060,1061,11,implied_by
4,1732,1568,1569,6,xor
4,1733,211,212,13,implies
4,1734,1412,1413,8,not_or
4,1735,1493,1494,10,not_b
4,1736,1979,1980,7,or
4,1737,684,685,3,a
4,1738,353,354,10,not_b
4,1739,396,397,7,or
4,1740,1757,1758,10,not_b
4,1741,519,520,2,not_implies
4,1742,1690,1691,14,not_and
4,1743,1319,1320,5,b
4,1744,1392,1393,2,not_implies
4,1745,1459,1460,10,not_b
4,1746,554,555,6,xor
4,1747,1411,1412,9,not_xor
4,1748,675,676,7,or
4,1749,1309,1310,6,xor
4,1750,183,184,9,not_xor
4,1751,1013,1014,14,not_and
4,1752,264,265,5,b
4,1753,1426,1427,14,not_and
4,1754,1751,1752,15,one
4,1755,4,5,12,not_a
4,1756,1109,1110,12,not_a
4,1757,1886,1887,9,not_xor
4,1758,1324,1325,3,a
4,1759,552,553,14,not_and
4,1760,974,975,10,not_b
4,1761,1799,1800,8,not_or
4,1762,1508,1509,5,b
4,1763,583,584,13,implies
4,1764,47,48,1,and
4,1765,1715,1716,13,implies
4,1766,97,98,1,and
4,1767,1093,1094,12,not_a
4,1768,1659,1660,3,a
4,1769,927,928,12,not_a
4,1770,1887,1888,11,implied_by
4,1771,936,937,1,and
4,1772,437,438,14,not_and
4,1773,893,894,10,not_b
4,1774,225,226,10,not_b
4,1775,1778,1779,0,zero
4,1776,1579,1580,8,not_or
4,1777,1891,1892,3,a
4,1778,1229,1230,14,not_and
4,1779,1219,1220,5,b
4,1780,1449,1450,3,a
4,1781,33,34,13,implies
4,1782,1181,1182,0,zero
4,1783,316,317,9,not_xor
4,1784,1027,1028,2,not_implies
4,1785,1796,1797,12,not_a
4,1786,1565,1566,12,not_a
4,1787,1062,1063,5,b
4,1788,1882,1883,2,not_implies
4,1789,594,595,7,or
4,1790,1821,1822,12,not_a
4,1791,89,90,12,not_a
4,1792,1742,1743,3,a
4,1793,779,780,4,not_implied_by
4,1794,464,465,1,and
4,1795,87,88,12,not_a
4,1796,1436,1437,11,implied_by
4,1797,914,915,15,one
4,1798,1554,1555,1,and
4,1799,177,178,15,one
4,1800,1187,1188,3,a
4,1801,1556,1557,10,not_b
4,1802,1987,1988,4,not_implied_by
4,1803,281,282,11,implied_by
4,1804,766,767,9,not_xor
4,1805,966,967,3,a
4,1806,995,996,9,not_xor
4,1807,899,900,7,or
4,1808,329,330,14,not_and
4,1809,1197,1198,10,not_b
4,1810,1061,1062,11,implied_by
4,1811,1150,1151,11,implied_by
4,1812,1076,1077,1,and
4,1813,1069,1070,10,not_b
4,1814,1858,1859,7,or
4,1815,1696,1697,10,not_b
4,1816,49,50,2,not_implies
4,1817,1473,1474,11,implied_by
4,1818,731,732,1,and
4,1819,1407,1408,9,not_xor
4,1820,1256,1257,9,not_xor
4,1821,1880,1881,12,not_a
4,1822,1566,1567,13,implies
4,1823,937,938,14,not_and
4,1824,1908,1909,2,not_implies
4,1825,8,9,10,not_b
4,1826,61,62,10,not_b
4,1827,983,984,15,one
4,1828,492,493,1,and
4,1829,892,893,0,zero
4,1830,1693,1694,8,not_or
4,1831,1038,1039,12,not_a
4,1832,302,303,12,not_a
4,1833,423,424,5,b
4,1834,1155,1156,12,not_a
4,1835,659,660,3,a
4,1836,1900,1901,5,b
4,1837,208,209,8,not_or
4,1838,1720,1721,9,not_xor
4,1839,1023,1024,10,not_b
4,1840,1199,1200,10,not_b
4,1841,1852,1853,2,not_implies
4,1842,833,834,6,xor
4,1843,1745,1746,15,one
4,1844,737,738,8,not_or
4,1845,58,59,11,implied_by
4,1846,1957,1958,11,implied_by
4,1847,825,826,13,implies
4,1848,1154,1155,6,xor
4,1849,277,278,14,not_and
4,1850,203,204,10,not_b
4,1851,952,953,12,not_a
4,1852,1539,1540,4,not_implied_by
4,1853,270,271,9,not_xor
4,1854,1053,1054,3,a
4,1855,1541,1542,0,zero
4,1856,416,417,9,not_xor
4,1857,922,923,9,not_xor
4,1858,125,126,3,a
4,1859,577,578,3,a
4,1860,440,441,12,not_a
4,1861,1653,1654,2,not_implies
4,1862,1959,1960,0,zero
4,1863,1362,1363,3,a
4,1864,161,162,3,a
4,1865,471,472,10,not_b
4,1866,1944,1945,15,one
4,1867,908,909,10,not_b
4,1868,822,823,1,and
4,1869,515,516,8,not_or
4,1870,733,734,2,not_implies
4,1871,730,731,15,one
4,1872,1874,1875,8,not_or
4,1873,854,855,10,not_b
4,1874,179,180,9,not_xor
4,1875,1978,1979,3,a
4,1876,928,929,14,not_and
4,1877,1395,1396,5,b
4,1878,452,453,8,not_or
4,1879,1562,1563,9,not_xor
4,1880,1287,1288,11,implied_by
4,1881,98,99,9,not_xor
4,1882,0,2,14,not_and
4,1883,674,675,2,not_implies
4,1884,1617,1618,7,or
4,1885,46,47,13,implies
4,1886,1985,1986,13,implies
4,1887,369,370,11,implied_by
4,1888,1331,1332,0,zero
4,1889,1102,1103,6,xor
4,1890,112,113,13,implies
4,1891,1276,1277,1,and
4,1892,1048,1049,0,zero
4,1893,628,629,1,and
4,1894,1172,1173,2,not_implies
4,1895,1135,1136,8,not_or
4,1896,1101,1102,15,one
4,1897,1468,1469,11,implied_by
4,1898,187,188,9,not_xor
4,1899,1527,1528,14,not_and
4,1900,18,19,6,xor
4,1901,1857,1858,15,one
4,1902,1498,1499,12,not_a
4,1903,1843,1844,4,not_implied_by
4,1904,1724,1725,5,b
4,1905,734,735,12,not_a
4,1906,1694,1695,3,a
4,1907,1972,1973,1,and
4,1908,1893,1894,10,not_b
4,1909,1349,1350,12,not_a
4,1910,1009,1010,12,not_a
4,1911,1112,1113,2,not_implies
4,1912,1526,1527,10,not_b
4,1913,1366,1367,15,one
4,1914,1588,1589,5,b
4,1915,142,143,15,one
4,1916,68,69,3,a
4,1917,1494,1495,8,not_or
4,1918,1317,1318,4,not_implied_by
4,1919,129,130,5,b
4,1920,1846,1847,9,not_xor
4,1921,465,466,14,not_and
4,1922,858,859,11,implied_by
4,1923,195,196,8,not_or
4,1924,9,10,15,one
4,1925,81,82,8,not_or
4,1926,325,326,4,not_implied_by
4,1927,599,600,12,not_a
4,1928,1890,1891,5,b
4,1929,180,181,5,b
4,1930,289,290,8,not_or
4,1931,1012,1013,8,not_or
4,1932,1044,1045,4,not_implied_by
4,1933,814,815,2,not_implies
4,1934,1589,1590,6,xor
4,1935,855,856,5,b
4,1936,1787,1788,11,implied_by
4,1937,1156,1157,4,not_implied_by
4,1938,1512,1513,12,not_a
4,1939,1068,1069,3,a
4,1940,243,244,10,not_b
4,1941,536,537,10,not_b
4,1942,1632,1633,3,a
4,1943,530,531,5,b
4,1944,366,367,9,not_xor
4,1945,1253,1254,5,b
4,1946,1916,1917,14,not_and
4,1947,193,194,14,not_and
4,1948,1549,1550,10,not_b
4,1949,1144,1145,5,b
4,1950,1360,1361,3,a
4,1951,667,668,12,not_a
4,1952,71,72,8,not_or
4,1953,484,485,0,zero
4,1954,233,234,5,b
4,1955,721,722,5,b
4,1956,1113,1114,10,not_b
4,1957,1236,1237,4,not_implied_by
4,1958,1160,1161,5,b
4,1959,55,56,2,not_implies
4,1960,891,892,5,b
4,1961,1943,1944,2,not_implies
4,1962,1413,1414,13,implies
4,1963,191,192,12,not_a
4,1964,1844,1845,14,not_and
4,1965,1835,1836,5,b
4,1966,722,723,14,not_and
4,1967,1811,1812,12,not_a
4,1968,809,810,13,implies
4,1969,543,544,12,not_a
4,1970,964,965,1,and
4,1971,608,609,7,or
4,1972,1723,1724,2,not_implies
4,1973,1989,1990,7,or
4,1974,562,563,14,not_and
4,1975,1288,1289,10,not_b
4,1976,1499,1500,12,not_a
4,1977,1292,1293,5,b
4,1978,541,542,7,or
4,1979,363,364,5,b
4,1980,1996,1997,1,and
4,1981,765,766,10,not_b
4,1982,242,243,0,zero
4,1983,1025,1026,3,a
4,1984,557,558,13,implies
4,1985,1115,1116,5,b
4,1986,670,671,8,not_or
4,1987,788,789,12,not_a
4,1988,1902,1903,10,not_b
4,1989,1929,1930,11,implied_by
4,1990,86,87,9,not_xor
4,1991,736,737,14,not_and
4,1992,1789,1790,3,a
4,1993,1340,1341,14,not_and
4,1994,1037,1038,3,a
4,1995,1994,1995,5,b
4,1996,313,314,9,not_xor
4,1997,349,350,5,b
4,1998,836,837,14,not_and
4,1999,104,105,10,not_b
5,0,421,422,2,not_implies
5,1,1175,1176,0,zero
5,2,1266,1267,11,implied_by
5,3,1555,1556,3,a
5,4,464,465,7,or
5,5,1013,1014,10,not_b
5,6,1481,1482,7,or
5,7,850,851,15,one
5,8,1764,1765,4,not_implied_by
5,9,51,52,3,a
5,10,1048,1049,13,implies
5,11,1599,1600,13,implies
5,12,762,763,11,implied_by
5,13,1493,1494,3,a
5,14,1285,1286,3,a
5,15,344,345,1,and
5,16,1331,1332,2,not_implies
5,17,1238,1239,9,not_xor
5,18,769,770,11,implied_by
5,19,1816,1817,3,a
5,20,1424,1425,1,and
5,21,554,555,6,xor
5,22,1776,1777,11,implied_by
5,23,1856,1857,5,b
5,24,1152,1153,5,b
5,25,1195,1196,3,a
5,26,312,313,11,implied_by
5,27,1212,1213,12,not_a
5,28,644,645,11,implied_by
5,29,576,577,10,not_b
5,30,177,178,3,a
5,31,1812,1813,2,not_implies
5,32,1633,1634,4,not_implied_by
5,33,1833,1834,12,not_a
5,34,1663,1664,5,b
5,35,539,540,3,a
5,36,1269,1270,8,not_or
5,37,1606,1607,5,b
5,38,183,184,13,implies
5,39,505,506,12,not_a
5,40,1101,1102,3,a
5,41,1483,1484,3,a
5,42,884,885,11,implied_by
5,43,1008,1009,0,zero
5,44,213,214,6,xor
5,45,968,969,12,not_a
5,46,329,330,12,not_a
5,47,552,553,14,not_and
5,48,1499,1500,10,not_b
5,49,1917,1918,12,not_a
5,50,985,986,10,not_b
5,51,1652,1653,10,not_b
5,52,819,820,3,a
5,53,85,86,8,not_or
5,54,356,357,11,implied_by
5,55,917,918,0,zero
5,56,1616,1617,4,not_implied_by
5,57,1136,1137,3,a
5,58,113,114,12,not_a
5,59,1344,1345,1,and
5,60,1556,1557,14,not_and
5,61,29,30,2,not_implies
5,62,713,714,4,not_implied_by
5,63,1047,1048,9,not_xor
5,64,249,250,14,not_and
5,65,1162,1163,9,not_xor
5,66,1115,1116,10,not_b
5,67,1037,1038,3,a
5,68,237,238,13,implies
5,69,1160,1161,3,a
5,70,1143,1144,12,not_a
5,71,1992,1993,11,implied_by
5,72,1950,1951,10,not_b
5,73,289,290,0,zero
5,74,206,207,4,not_implied_by
5,75,1761,1762,12,not_a
5,76,1497,1498,10,not_b
5,77,427,428,10,not_b
5,78,1000,1001,5,b
5,79,564,565,11,implied_by
5,80,847,848,3,a
5,81,611,612,9,not_xor
5,82,269,270,8,not_or
5,83,926,927,1,and
5,84,776,777,6,xor
5,85,104,105,12,not_a
5,86,362,363,5,b
5,87,1378,1379,1,and
5,88,605,606,13,implies
5,89,133,134,15,one
5,90,232,233,5,b
5,91,974,975,0,zero
5,92,343,344,2,not_implies
5,93,1349,1350,3,a
5,94,1390,1391,14,not_and
5,95,1532,1533,0,zero
5,96,722,723,3,a
5,97,1194,1195,5,b
5,98,599,600,4,not_implied_by
5,99,1444,1445,2,not_implies
5,100,355,356,1,and
5,101,1983,1984,2,not_implies
5,102,54,55,6,xor
5,103,569,570,3,a
5,104,1646,1647,9,not_xor
5,105,1392,1393,12,not_a
5,106,1533,1534,14,not_and
5,107,1781,1782,1,and
5,108,635,636,15,one
5,109,1785,1786,15,one
5,110,1145,1146,5,b
5,111,668,669,2,not_implies
5,112,1995,1996,14,not_and
5,113,1851,1852,11,implied_by
5,114,1972,1973,8,not_or
5,115,1506,1507,10,not_b
5,116,1270,1271,11,implied_by
5,117,1738,1739,0,zero
5,118,717,718,8,not_or
5,119,1492,1493,1,and
5,120,1319,1320,6,xor
5,121,1674,1675,1,and
5,122,174,175,10,not_b
5,123,1515,1516,0,zero
5,124,1448,1449,14,not_and
5,125,1740,1741,10,not_b
5,126,1929,1930,4,not_implied_by
5,127,1576,1577,5,b
5,128,629,630,9,not_xor
5,129,366,367,12,not_a
5,130,1376,1377,9,not_xor
5,131,4,5,8,not_or
5,132,265,266,14,not_and
5,133,80,81,15,one
5,134,1739,1740,1,and
5,135,653,654,4,not_implied_by
5,136,901,902,12,not_a
5,137,1850,1851,10,not_b
5,138,1359,1360,6,xor
5,139,1534,1535,7,or
5,140,1002,1003,12,not_a
5,141,272,273,4,not_implied_by
5,142,316,317,3,a
5,143,393,394,12,not_a
5,144,33,34,10,not_b
5,145,890,891,10,not_b
5,146,431,432,5,b
5,147,1190,1191,0,zero
5,148,115,116,8,not_or
5,149,1352,1353,15,one
5,150,235,236,8,not_or
5,151,1752,1753,11,implied_by
5,152,823,824,8,not_or
5,153,1711,1712,15,one
5,154,785,786,7,or
5,155,1800,1801,12,not_a
5,156,523,524,11,implied_by
5,157,1863,1864,9,not_xor
5,158,1353,1354,9,not_xor
5,159,1078,1079,14,not_and
5,160,1709,1710,15,one
5,161,303,304,15,one
5,162,1619,1620,3,a
5,163,1910,1911,3,a
5,164,171,172,9,not_xor
5,165,800,801,10,not_b
5,166,320,321,2,not_implies
5,167,1242,1243,1,and
5,168,688,689,3,a
5,169,93,94,10,not_b
5,170,1099,1100,8,not_or
5,171,894,895,3,a
5,172,1743,1744,0,zero
5,173,471,472,0,zero
5,174,347,348,14,not_and
5,175,866,867,10,not_b
5,176,244,245,12,not_a
5,177,1072,1073,12,not_a
5,178,278,279,7,or
5,179,891,892,4,not_implied_by
5,180,1231,1232,12,not_a
5,181,1064,1065,8,not_or
5,182,439,440,1,and
5,183,1473,1474,12,not_a
5,184,1441,1442,14,not_and
5,185,507,508,10,not_b
5,186,1680,1681,9,not_xor
5,187,528,529,15,one
5,188,1182,1183,1,and
5,189,1547,1548,3,a
5,190,814,815,12,not_a
5,191,1594,1595,14,not_and
5,192,664,665,0,zero
5,193,1638,1639,3,a
5,194,162,163,3,a
5,195,865,866,12,not_a
5,196,1279,1280,5,b
5,197,1804,1805,10,not_b
5,198,398,399,4,not_implied_by
5,199,1712,1713,5,b
5,200,1799,1800,9,not_xor
5,201,940,941,11,implied_by
5,202,1055,1056,7,or
5,203,634,635,5,b
5,204,57,58,5,b
5,205,433,434,8,not_or
5,206,1149,1150,3,a
5,207,108,109,7,or
5,208,437,438,14,not_and
5,209,1973,1974,0,zero
5,210,1501,1502,14,not_and
5,211,1928,1929,11,implied_by
5,212,630,631,10,not_b
5,213,99,100,10,not_b
5,214,1681,1682,5,b
5,215,1288,1289,9,not_xor
5,216,395,396,6,xor
5,217,1215,1216,7,or
5,218,67,68,4,not_implied_by
5,219,188,189,14,not_and
5,220,1030,1031,12,not_a
5,221,1083,1084,15,one
5,222,1852,1853,5,b
5,223,1952,1953,12,not_a
5,224,607,608,13,implies
5,225,89,90,4,not_implied_by
5,226,1922,1923,1,and
5,227,1787,1788,13,implies
5,228,958,959,15,one
5,229,1168,1169,1,and
5,230,518,519,9,not_xor
5,231,1426,1427,8,not_or
5,232,228,229,3,a
5,233,1866,1867,10,not_b
5,234,763,764,11,implied_by
5,235,1446,1447,0,zero
5,236,1830,1831,6,xor
5,237,84,85,7,or
5,238,704,705,15,one
5,239,623,624,13,implies
5,240,1482,1483,3,a
5,241,1676,1677,0,zero
5,242,649,650,14,not_and
5,243,1166,1167,0,zero
5,244,1872,1873,7,or
5,245,809,810,9,not_xor
5,246,417,418,13,implies
5,247,1229,1230,10,not_b
5,248,1641,1642,11,implied_by
5,249,594,595,1,and
5,250,709,710,1,and
5,251,297,298,6,xor
5,252,1417,1418,2,not_implies
5,253,1819,1820,10,not_b
5,254,624,625,13,implies
5,255,1014,1015,2,not_implies
5,256,824,825,15,one
5,257,71,72,9,not_xor
5,258,1373,1374,9,not_xor
5,259,401,402,11,implied_by
5,260,667,668,10,not_b
5,261,73,74,10,not_b
5,262,1915,1916,8,not_or
5,263,1694,1695,7,or
5,264,979,980,7,or
5,265,1639,1640,3,a
5,266,1088,1089,5,b
5,267,1239,1240,14,not_and
5,268,547,548,15,one
5,269,1096,1097,5,b
5,270,657,658,14,not_and
5,271,1053,1054,11,implied_by
5,272,615,616,8,not_or
5,273,238,239,10,not_b
5,274,1610,1611,15,one
5,275,176,177,5,b
5,276,1537,1538,15,one
5,277,1701,1702,3,a
5,278,217,218,11,implied_by
5,279,1748,1749,9,not_xor
5,280,954,955,4,not_implied_by
5,281,1900,1901,7,or
5,282,367,368,10,not_b
5,283,1897,1898,5,b
5,284,1640,1641,10,not_b
5,285,185,186,9,not_xor
5,286,1226,1227,2,not_implies
5,287,1508,1509,13,implies
5,288,1063,1064,6,xor
5,289,955,956,5,b
5,290,274,275,12,not_a
5,291,563,564,6,xor
5,292,397,398,14,not_and
5,293,1583,1584,14,not_and
5,294,1496,1497,15,one
5,295,1113,1114,8,not_or
5,296,1147,1148,8,not_or
5,297,764,765,2,not_implies
5,298,283,284,12,not_a
5,299,1128,1129,5,b
5,300,152,153,11,implied_by
5,301,1671,1672,0,zero
5,302,1398,1399,5,b
5,303,1988,1989,7,or
5,304,1133,1134,5,b
5,305,1213,1214,4,not_implied_by
5,306,1696,1697,12,not_a
5,307,1666,1667,10,not_b
5,308,1399,1400,1,and
5,309,112,113,3,a
5,310,325,326,1,and
5,311,1993,1994,5,b
5,312,1722,1723,9,not_xor
5,313,1351,1352,12,not_a
5,314,116,117,15,one
5,315,778,779,10,not_b
5,316,1721,1722,4,not_implied_by
5,317,1546,1547,1,and
5,318,1982,1983,7,or
5,319,1317,1318,10,not_b
5,320,79,80,14,not_and
5,321,972,973,8,not_or
5,322,22,23,14,not_and
5,323,90,91,11,implied_by
5,324,739,740,8,not_or
5,325,898,899,11,implied_by
5,326,1486,1487,2,not_implies
5,327,698,699,3,a
5,328,1715,1716,12,not_a
5,329,1412,1413,13,implies
5,330,186,187,4,not_implied_by
5,331,1172,1173,10,not_b
5,332,1054,1055,12,not_a
5,333,1768,1769,11,implied_by
5,334,1877,1878,14,not_and
5,335,746,747,5,b
5,336,102,103,10,not_b
5,337,939,940,8,not_or
5,338,1326,1327,13,implies
5,339,1923,1924,10,not_b
5,340,1510,1511,4,not_implied_by
5,341,864,865,11,implied_by
5,342,720,721,10,not_b
5,343,1642,1643,12,not_a
5,344,408,409,0,zero
5,345,438,439,3,a
5,346,436,437,0,zero
5,347,145,146,3,a
5,348,1320,1321,6,xor
5,349,290,291,14,not_and
5,350,424,425,11,implied_by
5,351,1682,1683,7,or
5,352,1284,1285,9,not_xor
5,353,1976,1977,4,not_implied_by
5,354,1382,1383,3,a
5,355,662,663,6,xor
5,356,1071,1072,10,not_b
5,357,394,395,15,one
5,358,1860,1861,0,zero
5,359,761,762,7,or
5,360,1459,1460,8,not_or
5,361,1713,1714,7,or
5,362,1080,1081,14,not_and
5,363,1762,1763,15,one
5,364,1814,1815,6,xor
5,365,1822,1823,12,not_a
5,366,1763,1764,8,not_or
5,367,684,685,11,implied_by
5,368,1845,1846,9,not_xor
5,369,1500,1501,15,one
5,370,1159,1160,5,b
5,371,111,112,5,b
5,372,628,629,3,a
5,373,1621,1622,7,or
5,374,1491,1492,6,xor
5,375,595,596,10,not_b
5,376,1488,1489,2,not_implies
5,377,924,925,7,or
5,378,1450,1451,5,b
5,379,973,974,5,b
5,380,352,353,11,implied_by
5,381,1127,1128,9,not_xor
5,382,1575,1576,0,zero
5,383,428,429,14,not_and
5,384,1777,1778,0,zero
5,385,1956,1957,3,a
5,386,1542,1543,5,b
5,387,1543,1544,6,xor
5,388,676,677,10,not_b
5,389,1824,1825,11,implied_by
5,390,1259,1260,8,not_or
5,391,147,148,12,not_a
5,392,799,800,12,not_a
5,393,1046,1047,13,implies
5,394,1103,1104,14,not_and
5,395,705,706,7,or
5,396,1146,1147,14,not_and
5,397,1927,1928,15,one
5,398,830,831,6,xor
5,399,708,709,11,implied_by
5,400,902,903,1,and
5,401,1667,1668,12,not_a
5,402,990,991,15,one
5,403,1313,1314,15,one
5,404,396,397,10,not_b
5,405,727,728,11,implied_by
5,406,473,474,9,not_xor
5,407,1323,1324,0,zero
5,408,419,420,12,not_a
5,409,1644,1645,5,b
5,410,927,928,2,not_implies
5,411,511,512,1,and
5,412,66,67,3,a
5,413,455,456,12,not_a
5,414,723,724,8,not_or
5,415,1698,1699,8,not_or
5,416,544,545,9,not_xor
5,417,1551,1552,4,not_implied_by
5,418,1531,1532,6,xor
5,419,491,492,2,not_implies
5,420,391,392,12,not_a
5,421,1798,1799,11,implied_by
5,422,373,374,8,not_or
5,423,1597,1598,14,not_and
5,424,180,181,9,not_xor
5,425,1440,1441,3,a
5,426,1789,1790,14,not_and
5,427,182,183,7,or
5,428,1750,1751,12,not_a
5,429,469,470,2,not_implies
5,430,581,582,1,and
5,431,128,129,5,b
5,432,655,656,11,implied_by
5,433,1060,1061,5,b
5,434,885,886,3,a
5,435,1907,1908,5,b
5,436,910,911,15,one
5,437,1609,1610,1,and
5,438,414,415,14,not_and
5,439,1228,1229,6,xor
5,440,13,14,9,not_xor
5,441,267,268,15,one
5,442,109,110,7,or
5,443,1783,1784,15,one
5,444,1559,1560,0,zero
5,445,857,858,12,not_a
5,446,1490,1491,12,not_a
5,447,1905,1906,8,not_or
5,448,1225,1226,5,b
5,449,1117,1118,10,not_b
5,450,849,850,15,one
5,451,311,312,5,b
5,452,121,122,3,a
5,453,1294,1295,2,not_implies
5,454,1706,1707,2,not_implies
5,455,1164,1165,13,implies
5,456,573,574,14,not_and
5,457,1946,1947,2,not_implies
5,458,1375,1376,6,xor
5,459,214,215,5,b
5,460,1052,1053,15,one
5,461,1287,1288,4,not_implied_by
5,462,1720,1721,13,implies
5,463,909,910,11,implied_by
5,464,513,514,2,not_implies
5,465,1957,1958,3,a
5,466,137,138,2,not_implies
5,467,759,760,0,zero
5,468,904,905,1,and
5,469,567,568,4,not_implied_by
5,470,1979,1980,0,zero
5,471,844,845,2,not_implies
5,472,1340,1341,6,xor
5,473,300,301,4,not_implied_by
5,474,859,860,10,not_b
5,475,1591,1592,7,or
5,476,1192,1193,8,not_or
5,477,1308,1309,4,not_implied_by
5,478,750,751,3,a
5,479,886,887,3,a
5,480,1966,1967,14,not_and
5,481,1427,1428,0,zero
5,482,1155,1156,5,b
5,483,1024,1025,9,not_xor
5,484,1958,1959,8,not_or
5,485,772,773,9,not_xor
5,486,1561,1562,10,not_b
5,487,1138,1139,12,not_a
5,488,1834,1835,3,a
5,489,1478,1479,13,implies
5,490,1844,1845,6,xor
5,491,95,96,6,xor
5,492,1572,1573,15,one
5,493,1157,1158,1,and
5,494,1057,1058,12,not_a
5,495,702,703,4,not_implied_by
5,496,474,475,0,zero
5,497,3,4,9,not_xor
5,498,1560,1561,12,not_a
5,499,388,389,9,not_xor
5,500,1590,1591,1,and
5,501,1751,1752,13,implies
5,502,157,158,6,xor
5,503,1369,1370,3,a
5,504,442,443,12,not_a
5,505,994,995,2,not_implies
5,506,1391,1392,15,one
5,507,1205,1206,14,not_and
5,508,1018,1019,7,or
5,509,100,101,12,not_a
5,510,882,883,10,not_b
5,511,1643,1644,3,a
5,512,1221,1222,12,not_a
5,513,1536,1537,7,or
5,514,1939,1940,10,not_b
5,515,614,615,7,or
5,516,1570,1571,3,a
5,517,296,297,2,not_implies
5,518,1495,1496,2,not_implies
5,519,1207,1208,4,not_implied_by
5,520,821,822,8,not_or
5,521,946,947,11,implied_by
5,522,519,520,0,zero
5,523,140,141,12,not_a
5,524,358,359,13,implies
5,525,633,634,12,not_a
5,526,794,795,5,b
5,527,1754,1755,2,not_implies
5,528,1909,1910,1,and
5,529,556,557,1,and
5,530,305,306,4,not_implied_by
5,531,1452,1453,0,zero
5,532,1505,1506,5,b
5,533,1370,1371,5,b
5,534,568,569,2,not_implies
5,535,810,811,13,implies
5,536,6,7,3,a
5,537,1826,1827,12,not_a
5,538,1967,1968,10,not_b
5,539,1347,1348,1,and
5,540,1105,1106,1,and
5,541,1124,1125,13,implies
5,542,1615,1616,0,zero
5,543,600,601,1,and
5,544,35,36,13,implies
5,545,1571,1572,4,not_implied_by
5,546,1069,1070,12,not_a
5,547,820,821,4,not_implied_by
5,548,1480,1481,2,not_implies
5,549,20,21,10,not_b
5,550,906,907,3,a
5,551,1727,1728,1,and
5,552,1710,1711,13,implies
5,553,15,16,1,and
5,554,1714,1715,1,and
5,555,1969,1970,3,a
5,556,1249,1250,2,not_implies
5,557,1305,1306,7,or
5,558,88,89,1,and
5,559,1925,1926,10,not_b
5,560,683,684,0,zero
5,561,829,830,8,not_or
5,562,1056,1057,2,not_implies
5,563,376,377,6,xor
5,564,1041,1042,7,or
5,565,1961,1962,12,not_a
5,566,200,201,10,not_b
5,567,893,894,0,zero
5,568,1600,1601,3,a
5,569,1985,1986,12,not_a
5,570,1849,1850,10,not_b
5,571,691,692,10,not_b
5,572,499,500,11,implied_by
5,573,1574,1575,0,zero
5,574,793,794,1,and
5,575,912,913,14,not_and
5,576,199,200,1,and
5,577,1702,1703,11,implied_by
5,578,548,549,10,not_b
5,579,1165,1166,4,not_implied_by
5,580,675,676,6,xor
5,581,426,427,9,not_xor
5,582,323,324,5,b
5,583,241,242,6,xor
5,584,1817,1818,5,b
5,585,578,579,5,b
5,586,387,388,5,b
5,587,450,451,12,not_a
5,588,1372,1373,10,not_b
5,589,468,469,13,implies
5,590,875,876,7,or
5,591,745,746,15,one
5,592,773,774,4,not_implied_by
5,593,791,792,14,not_and
5,594,1766,1767,13,implies
5,595,463,464,13,implies
5,596,335,336,9,not_xor
5,597,874,875,8,not_or
5,598,642,643,6,xor
5,599,1774,1775,4,not_implied_by
5,600,1742,1743,2,not_implies
5,601,1842,1843,12,not_a
5,602,735,736,4,not_implied_by
5,603,1602,1603,5,b
5,604,1233,1234,6,xor
5,605,1438,1439,5,b
5,606,1261,1262,15,one
5,607,510,511,3,a
5,608,645,646,13,implies
5,609,529,530,13,implies
5,610,370,371,5,b
5,611,1346,1347,15,one
5,612,796,797,6,xor
5,613,144,145,7,or
5,614,1401,1402,13,implies
5,615,801,802,9,not_xor
5,616,1719,1720,6,xor
5,617,1411,1412,11,implied_by
5,618,1477,1478,8,not_or
5,619,842,843,1,and
5,620,805,806,8,not_or
5,621,107,108,1,and
5,622,55,56,9,not_xor
5,623,155,156,6,xor
5,624,287,288,3,a
5,625,531,532,10,not_b
5,626,1222,1223,0,zero
5,627,1386,1387,1,and
5,628,1026,1027,8,not_or
5,629,1098,1099,9,not_xor
5,630,1981,1982,7,or
5,631,964,965,12,not_a
5,632,10,11,13,implies
5,633,1862,1863,1,and
5,634,280,281,3,a
5,635,123,124,3,a
5,636,521,522,3,a
5,637,292,293,6,xor
5,638,212,213,6,xor
5,639,1516,1517,15,one
5,640,1227,1228,0,zero
5,641,58,59,10,not_b
5,642,1201,1202,12,not_a
5,643,687,688,5,b
5,644,1665,1666,5,b
5,645,1960,1961,5,b
5,646,559,560,9,not_xor
5,647,1932,1933,6,xor
5,648,302,303,8,not_or
5,649,577,578,12,not_a
5,650,364,365,0,zero
5,651,1292,1293,2,not_implies
5,652,460,461,12,not_a
5,653,641,642,2,not_implies
5,654,1169,1170,2,not_implies
5,655,170,171,5,b
5,656,1882,1883,4,not_implied_by
5,657,1181,1182,1,and
5,658,1723,1724,5,b
5,659,1879,1880,4,not_implied_by
5,660,574,575,0,zero
5,661,164,165,5,b
5,662,1193,1194,0,zero
5,663,1649,1650,10,not_b
5,664,1061,1062,3,a
5,665,1156,1157,4,not_implied_by
5,666,1107,1108,11,implied_by
5,667,1614,1615,3,a
5,668,1691,1692,14,not_and
5,669,16,17,4,not_implied_by
5,670,1132,1133,2,not_implies
5,671,1114,1115,13,implies
5,672,1654,1655,15,one
5,673,163,164,11,implied_by
5,674,696,697,11,implied_by
5,675,1631,1632,8,not_or
5,676,777,778,0,zero
5,677,1236,1237,14,not_and
5,678,803,804,14,not_and
5,679,591,592,8,not_or
5,680,999,1000,13,implies
5,681,530,531,2,not_implies
5,682,903,904,9,not_xor
5,683,943,944,5,b
5,684,617,618,8,not_or
5,685,1058,1059,4,not_implied_by
5,686,60,61,8,not_or
5,687,236,237,10,not_b
5,688,911,912,6,xor
5,689,1996,1997,9,not_xor
5,690,501,502,2,not_implies
5,691,1511,1512,14,not_and
5,692,1553,1554,3,a
5,693,1039,1040,12,not_a
5,694,738,739,13,implies
5,695,1688,1689,7,or
5,696,130,131,15,one
5,697,129,130,3,a
5,698,264,265,12,not_a
5,699,1379,1380,7,or
5,700,40,41,3,a
5,701,161,162,2,not_implies
5,702,550,551,3,a
5,703,1538,1539,7,or
5,704,472,473,10,not_b
5,705,867,868,4,not_implied_by
5,706,331,332,12,not_a
5,707,1029,1030,14,not_and
5,708,790,791,5,b
5,709,562,563,6,xor
5,710,210,211,10,not_b
5,711,127,128,9,not_xor
5,712,1322,1323,12,not_a
5,713,572,573,6,xor
5,714,907,908,1,and
5,715,386,387,6,xor
5,716,1296,1297,2,not_implies
5,717,124,125,11,implied_by
5,718,38,39,9,not_xor
5,719,1339,1340,8,not_or
5,720,1216,1217,11,implied_by
5,721,648,649,14,not_and
5,722,1558,1559,10,not_b
5,723,1330,1331,10,not_b
5,724,1699,1700,10,not_b
5,725,944,945,1,and
5,726,1657,1658,8,not_or
5,727,789,790,15,one
5,728,619,620,3,a
5,729,1186,1187,4,not_implied_by
5,730,382,383,6,xor
5,731,1303,1304,8,not_or
5,732,389,390,12,not_a
5,733,122,123,10,not_b
5,734,1467,1468,10,not_b
5,735,443,444,1,and
5,736,1253,1254,0,zero
5,737,146,147,10,not_b
5,738,636,637,3,a
5,739,1871,1872,6,xor
5,740,1325,1326,11,implied_by
5,741,1400,1401,6,xor
5,742,1281,1282,1,and
5,743,621,622,2,not_implies
5,744,1986,1987,8,not_or
5,745,1827,1828,4,not_implied_by
5,746,1258,1259,13,implies
5,747,1423,1424,3,a
5,748,753,754,15,one
5,749,545,546,9,not_xor
5,750,1938,1939,7,or
5,751,1125,1126,2,not_implies
5,752,816,817,14,not_and
5,753,1944,1945,13,implies
5,754,496,497,15,one
5,755,413,414,11,implied_by
5,756,151,152,10,not_b
5,757,1962,1963,8,not_or
5,758,1342,1343,14,not_and
5,759,970,971,6,xor
5,760,345,346,1,and
5,761,802,803,5,b
5,762,840,841,5,b
5,763,1245,1246,5,b
5,764,1858,1859,6,xor
5,765,760,761,15,one
5,766,1240,1241,15,one
5,767,1049,1050,9,not_xor
5,768,690,691,10,not_b
5,769,310,311,13,implies
5,770,671,672,3,a
5,771,677,678,8,not_or
5,772,1461,1462,3,a
5,773,1,2,5,b
5,774,68,69,4,not_implied_by
5,775,781,782,14,not_and
5,776,638,639,5,b
5,777,817,818,4,not_implied_by
5,778,743,744,5,b
5,779,873,874,15,one
5,780,1422,1423,5,b
5,781,627,628,1,and
5,782,1076,1077,10,not_b
5,783,876,877,11,implied_by
5,784,246,247,12,not_a
5,785,1383,1384,1,and
5,786,422,423,13,implies
5,787,1244,1245,13,implies
5,788,365,366,6,xor
5,789,263,264,8,not_or
5,790,195,196,2,not_implies
5,791,983,984,14,not_and
5,792,1343,1344,5,b
5,793,416,417,3,a
5,794,1187,1188,6,xor
5,795,7,8,11,implied_by
5,796,158,159,10,not_b
5,797,692,693,12,not_a
5,798,45,46,9,not_xor
5,799,1302,1303,6,xor
5,800,966,967,9,not_xor
5,801,1211,1212,10,not_b
5,802,1891,1892,15,one
5,803,1920,1921,3,a
5,804,1180,1181,11,implied_by
5,805,454,455,4,not_implied_by
5,806,1998,1999,15,one
5,807,1457,1458,1,and
5,808,1179,1180,9,not_xor
5,809,1880,1881,2,not_implies
5,810,1623,1624,6,xor
5,811,680,681,10,not_b
5,812,50,51,3,a
5,813,1358,1359,8,not_or
5,814,1784,1785,5,b
5,815,1821,1822,10,not_b
5,816,478,479,14,not_and
5,817,402,403,9,not_xor
5,818,1901,1902,5,b
5,819,1062,1063,7,or
5,820,243,244,0,zero
5,821,409,410,6,xor
5,822,219,220,1,and
5,823,967,968,8,not_or
5,824,1174,1175,7,or
5,825,1357,1358,7,or
5,826,1250,1251,3,a
5,827,359,360,10,not_b
5,828,1324,1325,10,not_b
5,829,538,539,0,zero
5,830,647,648,13,implies
5,831,1758,1759,4,not_implied_by
5,832,1123,1124,3,a
5,833,250,251,11,implied_by
5,834,1129,1130,7,or
5,835,252,253,0,zero
5,836,1820,1821,14,not_and
5,837,271,272,6,xor
5,838,488,489,15,one
5,839,832,833,10,not_b
5,840,141,142,10,not_b
5,841,543,544,4,not_implied_by
5,842,1926,1927,13,implies
5,843,317,318,5,b
5,844,168,169,15,one
5,845,845,846,8,not_or
5,846,565,566,13,implies
5,847,276,277,1,and
5,848,484,485,10,not_b
5,849,1916,1917,13,implies
5,850,1618,1619,7,or
5,851,575,576,5,b
5,852,1204,1205,10,not_b
5,853,838,839,2,not_implies
5,854,701,702,6,xor
5,855,1522,1523,8,not_or
5,856,14,15,12,not_a
5,857,1513,1514,1,and
5,858,462,463,12,not_a
5,859,1433,1434,9,not_xor
5,860,149,150,14,not_and
5,861,1829,1830,12,not_a
5,862,537,538,9,not_xor
5,863,1038,1039,5,b
5,864,1065,1066,5,b
5,865,752,753,12,not_a
5,866,1612,1613,13,implies
5,867,665,666,15,one
5,868,815,816,10,not_b
5,869,1658,1659,6,xor
5,870,527,528,13,implies
5,871,159,160,4,not_implied_by
5,872,1414,1415,10,not_b
5,873,342,343,14,not_and
5,874,936,937,14,not_and
5,875,245,246,11,implied_by
5,876,1686,1687,6,xor
5,877,661,662,7,or
5,878,304,305,11,implied_by
5,879,1733,1734,2,not_implies
5,880,1569,1570,5,b
5,881,1042,1043,15,one
5,882,1247,1248,14,not_and
5,883,949,950,3,a
5,884,156,157,0,zero
5,885,270,271,13,implies
5,886,153,154,7,or
5,887,1015,1016,11,implied_by
5,888,175,176,11,implied_by
5,889,1005,1006,1,and
5,890,956,957,11,implied_by
5,891,363,364,8,not_or
5,892,1067,1068,3,a
5,893,44,45,6,xor
5,894,1611,1612,2,not_implies
5,895,1528,1529,13,implies
5,896,1582,1583,12,not_a
5,897,786,787,2,not_implies
5,898,602,603,10,not_b
5,899,1430,1431,10,not_b
5,900,806,807,5,b
5,901,1421,1422,10,not_b
5,902,900,901,10,not_b
5,903,1673,1674,0,zero
5,904,19,20,9,not_xor
5,905,851,852,10,not_b
5,906,1636,1637,0,zero
5,907,1749,1750,10,not_b
5,908,937,938,7,or
5,909,1626,1627,10,not_b
5,910,1589,1590,7,or
5,911,561,562,9,not_xor
5,912,1737,1738,15,one
5,913,96,97,5,b
5,914,1942,1943,12,not_a
5,915,1131,1132,12,not_a
5,916,1350,1351,10,not_b
5,917,733,734,13,implies
5,918,1635,1636,12,not_a
5,919,17,18,3,a
5,920,598,599,8,not_or
5,921,319,320,9,not_xor
5,922,1437,1438,6,xor
5,923,486,487,10,not_b
5,924,1951,1952,8,not_or
5,925,834,835,7,or
5,926,1141,1142,10,not_b
5,927,1947,1948,10,not_b
5,928,448,449,0,zero
5,929,194,195,8,not_or
5,930,1410,1411,10,not_b
5,931,216,217,0,zero
5,932,1178,1179,6,xor
5,933,1475,1476,9,not_xor
5,934,477,478,6,xor
5,935,106,107,3,a
5,936,1670,1671,9,not_xor
5,937,224,225,7,or
5,938,1093,1094,10,not_b
5,939,706,707,11,implied_by
5,940,1434,1435,3,a
5,941,32,33,10,not_b
5,942,1003,1004,9,not_xor
5,943,1341,1342,8,not_or
5,944,549,550,5,b
5,945,498,499,0,zero
5,946,862,863,8,not_or
5,947,1091,1092,5,b
5,948,1021,1022,12,not_a
5,949,1514,1515,8,not_or
5,950,1311,1312,15,one
5,951,1293,1294,5,b
5,952,580,581,13,implies
5,953,1150,1151,14,not_and
5,954,268,269,1,and
5,955,340,341,13,implies
5,956,459,460,9,not_xor
5,957,341,342,15,one
5,958,1173,1174,12,not_a
5,959,1732,1733,12,not_a
5,960,288,289,12,not_a
5,961,1859,1860,0,zero
5,962,1690,1691,12,not_a
5,963,193,194,3,a
5,964,1035,1036,10,not_b
5,965,1933,1934,3,a
5,966,640,641,0,zero
5,967,1153,1154,3,a
5,968,1100,1101,1,and
5,969,1085,1086,15,one
5,970,1549,1550,8,not_or
5,971,1586,1587,4,not_implied_by
5,972,1086,1087,14,not_and
5,973,1595,1596,3,a
5,974,710,711,10,not_b
5,975,299,300,1,and
5,976,69,70,6,xor
5,977,1689,1690,10,not_b
5,978,571,572,0,zero
5,979,1813,1814,1,and
5,980,1977,1978,10,not_b
5,981,360,361,10,not_b
5,982,787,788,10,not_b
5,983,991,992,11,implied_by
5,984,1214,1215,5,b
5,985,895,896,5,b
5,986,1984,1985,10,not_b
5,987,855,856,14,not_and
5,988,201,202,12,not_a
5,989,703,704,9,not_xor
5,990,166,167,15,one
5,991,105,106,5,b
5,992,1771,1772,14,not_and
5,993,136,137,10,not_b
5,994,1044,1045,15,one
5,995,23,24,4,not_implied_by
5,996,1617,1618,11,implied_by
5,997,349,350,10,not_b
5,998,977,978,13,implies
5,999,728,729,14,not_and
5,1000,25,26,1,and
5,1001,508,509,7,or
5,1002,980,981,15,one
5,1003,1788,1789,14,not_and
5,1004,189,190,0,zero
5,1005,1241,1242,11,implied_by
5,1006,324,325,1,and
5,1007,1087,1088,15,one
5,1008,1717,1718,4,not_implied_by
5,1009,117,118,9,not_xor
5,1010,1299,1300,10,not_b
5,1011,337,338,10,not_b
5,1012,266,267,2,not_implies
5,1013,1345,1346,2,not_implies
5,1014,925,926,12,not_a
5,1015,504,505,5,b
5,1016,685,686,9,not_xor
5,1017,1759,1760,1,and
5,1018,1277,1278,12,not_a
5,1019,1158,1159,14,not_and
5,1020,61,62,3,a
5,1021,1943,1944,11,implied_by
5,1022,754,755,13,implies
5,1023,1628,1629,10,not_b
5,1024,1106,1107,4,not_implied_by
5,1025,1304,1305,14,not_and
5,1026,1170,1171,10,not_b
5,1027,406,407,9,not_xor
5,1028,257,258,5,b
5,1029,1489,1490,13,implies
5,1030,1307,1308,4,not_implied_by
5,1031,1896,1897,1,and
5,1032,1832,1833,5,b
5,1033,1254,1255,14,not_and
5,1034,1661,1662,0,zero
5,1035,461,462,5,b
5,1036,1930,1931,10,not_b
5,1037,1032,1033,5,b
5,1038,1109,1110,5,b
5,1039,1163,1164,7,or
5,1040,87,88,10,not_b
5,1041,451,452,2,not_implies
5,1042,603,604,7,or
5,1043,1460,1461,5,b
5,1044,558,559,3,a
5,1045,1111,1112,11,implied_by
5,1046,138,139,8,not_or
5,1047,470,471,5,b
5,1048,1074,1075,2,not_implies
5,1049,65,66,10,not_b
5,1050,782,783,10,not_b
5,1051,374,375,2,not_implies
5,1052,1630,1631,2,not_implies
5,1053,261,262,12,not_a
5,1054,1082,1083,6,xor
5,1055,1584,1585,3,a
5,1056,165,166,15,one
5,1057,1381,1382,11,implied_by
5,1058,1130,1131,9,not_xor
5,1059,306,307,6,xor
5,1060,1692,1693,10,not_b
5,1061,1767,1768,5,b
5,1062,1518,1519,13,implies
5,1063,673,674,6,xor
5,1064,211,212,4,not_implied_by
5,1065,449,450,1,and
5,1066,1729,1730,10,not_b
5,1067,375,376,13,implies
5,1068,975,976,13,implies
5,1069,1335,1336,7,or
5,1070,1235,1236,10,not_b
5,1071,502,503,8,not_or
5,1072,1770,1771,15,one
5,1073,119,120,6,xor
5,1074,579,580,12,not_a
5,1075,143,144,10,not_b
5,1076,226,227,12,not_a
5,1077,1234,1235,13,implies
5,1078,125,126,2,not_implies
5,1079,797,798,2,not_implies
5,1080,1309,1310,14,not_and
5,1081,1997,1998,9,not_xor
5,1082,1898,1899,12,not_a
5,1083,783,784,6,xor
5,1084,1779,1780,5,b
5,1085,420,421,13,implies
5,1086,959,960,12,not_a
5,1087,650,651,7,or
5,1088,1104,1105,10,not_b
5,1089,27,28,6,xor
5,1090,1469,1470,14,not_and
5,1091,205,206,3,a
5,1092,941,942,1,and
5,1093,744,745,5,b
5,1094,1081,1082,7,or
5,1095,1945,1946,10,not_b
5,1096,976,977,14,not_and
5,1097,1744,1745,14,not_and
5,1098,42,43,8,not_or
5,1099,957,958,2,not_implies
5,1100,1607,1608,0,zero
5,1101,1297,1298,1,and
5,1102,1416,1417,10,not_b
5,1103,1708,1709,10,not_b
5,1104,1394,1395,5,b
5,1105,351,352,3,a
5,1106,1903,1904,4,not_implied_by
5,1107,53,54,14,not_and
5,1108,218,219,0,zero
5,1109,1336,1337,3,a
5,1110,1847,1848,0,zero
5,1111,1456,1457,12,not_a
5,1112,1918,1919,14,not_and
5,1113,411,412,10,not_b
5,1114,1669,1670,6,xor
5,1115,1507,1508,10,not_b
5,1116,1112,1113,4,not_implied_by
5,1117,313,314,2,not_implies
5,1118,856,857,14,not_and
5,1119,118,119,5,b
5,1120,1066,1067,10,not_b
5,1121,1924,1925,10,not_b
5,1122,1197,1198,1,and
5,1123,1045,1046,7,or
5,1124,1731,1732,5,b
5,1125,707,708,11,implied_by
5,1126,18,19,10,not_b
5,1127,279,280,1,and
5,1128,807,808,13,implies
5,1129,1919,1920,15,one
5,1130,490,491,6,xor
5,1131,714,715,5,b
5,1132,656,657,13,implies
5,1133,1191,1192,11,implied_by
5,1134,197,198,6,xor
5,1135,589,590,12,not_a
5,1136,1332,1333,1,and
5,1137,1418,1419,5,b
5,1138,103,104,2,not_implies
5,1139,1587,1588,8,not_or
5,1140,780,781,12,not_a
5,1141,1883,1884,5,b
5,1142,293,294,0,zero
5,1143,1385,1386,9,not_xor
5,1144,880,881,3,a
5,1145,1290,1291,14,not_and
5,1146,1904,1905,8,not_or
5,1147,982,983,3,a
5,1148,1527,1528,0,zero
5,1149,1274,1275,13,implies
5,1150,1730,1731,9,not_xor
5,1151,407,408,6,xor
5,1152,678,679,5,b
5,1153,965,966,2,not_implies
5,1154,1888,1889,14,not_and
5,1155,1604,1605,10,not_b
5,1156,251,252,7,or
5,1157,509,510,11,implied_by
5,1158,1389,1390,12,not_a
5,1159,1974,1975,5,b
5,1160,618,619,3,a
5,1161,1380,1381,5,b
5,1162,368,369,7,or
5,1163,1364,1365,3,a
5,1164,1881,1882,1,and
5,1165,1865,1866,10,not_b
5,1166,479,480,9,not_xor
5,1167,98,99,8,not_or
5,1168,63,64,15,one
5,1169,724,725,3,a
5,1170,877,878,7,or
5,1171,381,382,6,xor
5,1172,1530,1531,7,or
5,1173,1031,1032,13,implies
5,1174,609,610,0,zero
5,1175,1246,1247,12,not_a
5,1176,1936,1937,13,implies
5,1177,392,393,1,and
5,1178,914,915,12,not_a
5,1179,466,467,14,not_and
5,1180,74,75,7,or
5,1181,1089,1090,12,not_a
5,1182,1660,1661,11,implied_by
5,1183,1931,1932,5,b
5,1184,503,504,6,xor
5,1185,1704,1705,5,b
5,1186,1753,1754,6,xor
5,1187,1289,1290,2,not_implies
5,1188,919,920,14,not_and
5,1189,322,323,12,not_a
5,1190,826,827,12,not_a
5,1191,1629,1630,9,not_xor
5,1192,1994,1995,12,not_a
5,1193,1736,1737,2,not_implies
5,1194,1503,1504,5,b
5,1195,1565,1566,8,not_or
5,1196,1867,1868,3,a
5,1197,1110,1111,10,not_b
5,1198,31,32,3,a
5,1199,651,652,6,xor
5,1200,1318,1319,10,not_b
5,1201,945,946,5,b
5,1202,1878,1879,11,implied_by
5,1203,336,337,5,b
5,1204,1520,1521,11,implied_by
5,1205,984,985,14,not_and
5,1206,142,143,6,xor
5,1207,1512,1513,5,b
5,1208,689,690,11,implied_by
5,1209,1797,1798,4,not_implied_by
5,1210,1980,1981,3,a
5,1211,1935,1936,10,not_b
5,1212,1135,1136,10,not_b
5,1213,1948,1949,6,xor
5,1214,542,543,0,zero
5,1215,240,241,5,b
5,1216,1257,1258,2,not_implies
5,1217,1857,1858,13,implies
5,1218,811,812,9,not_xor
5,1219,1171,1172,8,not_or
5,1220,1329,1330,13,implies
5,1221,1356,1357,14,not_and
5,1222,1119,1120,6,xor
5,1223,637,638,9,not_xor
5,1224,412,413,11,implied_by
5,1225,719,720,11,implied_by
5,1226,1454,1455,12,not_a
5,1227,1209,1210,13,implies
5,1228,534,535,1,and
5,1229,72,73,6,xor
5,1230,1458,1459,5,b
5,1231,533,534,11,implied_by
5,1232,822,823,3,a
5,1233,952,953,3,a
5,1234,1280,1281,10,not_b
5,1235,1653,1654,7,or
5,1236,1368,1369,0,zero
5,1237,1954,1955,5,b
5,1238,1409,1410,12,not_a
5,1239,220,221,6,xor
5,1240,1622,1623,10,not_b
5,1241,1494,1495,10,not_b
5,1242,1059,1060,4,not_implied_by
5,1243,1425,1426,10,not_b
5,1244,784,785,6,xor
5,1245,1377,1378,6,xor
5,1246,1940,1941,13,implies
5,1247,1955,1956,3,a
5,1248,1485,1486,10,not_b
5,1249,1825,1826,5,b
5,1250,62,63,11,implied_by
5,1251,1540,1541,0,zero
5,1252,43,44,0,zero
5,1253,1384,1385,5,b
5,1254,592,593,4,not_implied_by
5,1255,1116,1117,9,not_xor
5,1256,1327,1328,8,not_or
5,1257,582,583,5,b
5,1258,1142,1143,7,or
5,1259,1022,1023,5,b
5,1260,1184,1185,5,b
5,1261,1068,1069,1,and
5,1262,726,727,3,a
5,1263,172,173,0,zero
5,1264,281,282,8,not_or
5,1265,553,554,0,zero
5,1266,1808,1809,10,not_b
5,1267,825,826,3,a
5,1268,608,609,15,one
5,1269,1769,1770,3,a
5,1270,1841,1842,4,not_implied_by
5,1271,1001,1002,7,or
5,1272,34,35,9,not_xor
5,1273,357,358,3,a
5,1274,771,772,15,one
5,1275,881,882,10,not_b
5,1276,452,453,13,implies
5,1277,1429,1430,5,b
5,1278,1251,1252,3,a
5,1279,353,354,8,not_or
5,1280,928,929,1,and
5,1281,854,855,4,not_implied_by
5,1282,234,235,7,or
5,1283,860,861,11,implied_by
5,1284,1206,1207,6,xor
5,1285,1801,1802,12,not_a
5,1286,1151,1152,5,b
5,1287,808,809,1,and
5,1288,1703,1704,15,one
5,1289,1608,1609,1,and
5,1290,92,93,15,one
5,1291,1395,1396,2,not_implies
5,1292,971,972,6,xor
5,1293,1199,1200,8,not_or
5,1294,889,890,15,one
5,1295,1782,1783,2,not_implies
5,1296,1637,1638,10,not_b
5,1297,583,584,9,not_xor
5,1298,1464,1465,3,a
5,1299,1716,1717,4,not_implied_by
5,1300,1010,1011,7,or
5,1301,989,990,3,a
5,1302,1185,1186,12,not_a
5,1303,992,993,3,a
5,1304,1498,1499,10,not_b
5,1305,1745,1746,12,not_a
5,1306,1656,1657,7,or
5,1307,1006,1007,12,not_a
5,1308,1687,1688,11,implied_by
5,1309,97,98,12,not_a
5,1310,230,231,12,not_a
5,1311,361,362,0,zero
5,1312,1544,1545,5,b
5,1313,1300,1301,12,not_a
5,1314,610,611,10,not_b
5,1315,64,65,11,implied_by
5,1316,813,814,5,b
5,1317,616,617,15,one
5,1318,346,347,12,not_a
5,1319,913,914,2,not_implies
5,1320,931,932,14,not_and
5,1321,1439,1440,6,xor
5,1322,1301,1302,6,xor
5,1323,1552,1553,6,xor
5,1324,517,518,3,a
5,1325,626,627,10,not_b
5,1326,432,433,10,not_b
5,1327,1465,1466,0,zero
5,1328,1484,1485,12,not_a
5,1329,36,37,5,b
5,1330,295,296,9,not_xor
5,1331,1585,1586,3,a
5,1332,560,561,12,not_a
5,1333,1893,1894,2,not_implies
5,1334,1408,1409,3,a
5,1335,1802,1803,1,and
5,1336,1884,1885,15,one
5,1337,1566,1567,15,one
5,1338,1365,1366,15,one
5,1339,447,448,1,and
5,1340,321,322,10,not_b
5,1341,1263,1264,4,not_implied_by
5,1342,1806,1807,7,or
5,1343,846,847,0,zero
5,1344,1914,1915,9,not_xor
5,1345,1548,1549,14,not_and
5,1346,768,769,4,not_implied_by
5,1347,1735,1736,5,b
5,1348,148,149,1,and
5,1349,1815,1816,3,a
5,1350,1073,1074,11,implied_by
5,1351,1200,1201,5,b
5,1352,951,952,1,and
5,1353,1315,1316,3,a
5,1354,961,962,10,not_b
5,1355,1677,1678,7,or
5,1356,998,999,8,not_or
5,1357,1577,1578,0,zero
5,1358,546,547,3,a
5,1359,307,308,12,not_a
5,1360,1803,1804,8,not_or
5,1361,737,738,10,not_b
5,1362,8,9,12,not_a
5,1363,1567,1568,12,not_a
5,1364,1647,1648,12,not_a
5,1365,770,771,0,zero
5,1366,660,661,2,not_implies
5,1367,837,838,4,not_implied_by
5,1368,632,633,5,b
5,1369,334,335,8,not_or
5,1370,798,799,15,one
5,1371,693,694,5,b
5,1372,1019,1020,15,one
5,1373,938,939,12,not_a
5,1374,1755,1756,7,or
5,1375,28,29,12,not_a
5,1376,557,558,9,not_xor
5,1377,229,230,0,zero
5,1378,489,490,2,not_implies
5,1379,555,556,5,b
5,1380,1746,1747,9,not_xor
5,1381,379,380,8,not_or
5,1382,131,132,0,zero
5,1383,716,717,5,b
5,1384,1502,1503,5,b
5,1385,181,182,7,or
5,1386,231,232,2,not_implies
5,1387,1899,1900,12,not_a
5,1388,0,2,12,not_a
5,1389,262,263,9,not_xor
5,1390,285,286,6,xor
5,1391,674,675,3,a
5,1392,712,713,5,b
5,1393,1097,1098,14,not_and
5,1394,434,435,15,one
5,1395,371,372,11,implied_by
5,1396,1580,1581,15,one
5,1397,301,302,4,not_implied_by
5,1398,1707,1708,12,not_a
5,1399,1092,1093,14,not_and
5,1400,440,441,12,not_a
5,1401,1367,1368,3,a
5,1402,1772,1773,2,not_implies
5,1403,1419,1420,8,not_or
5,1404,734,735,0,zero
5,1405,1593,1594,14,not_and
5,1406,167,168,9,not_xor
5,1407,774,775,7,or
5,1408,863,864,2,not_implies
5,1409,686,687,12,not_a
5,1410,1402,1403,1,and
5,1411,354,355,10,not_b
5,1412,1203,1204,13,implies
5,1413,332,333,1,and
5,1414,1941,1942,2,not_implies
5,1415,1252,1253,0,zero
5,1416,41,42,9,not_xor
5,1417,1306,1307,8,not_or
5,1418,1991,1992,12,not_a
5,1419,1140,1141,10,not_b
5,1420,286,287,14,not_and
5,1421,1404,1405,10,not_b
5,1422,853,854,5,b
5,1423,1964,1965,4,not_implied_by
5,1424,541,542,14,not_and
5,1425,83,84,2,not_implies
5,1426,1517,1518,7,or
5,1427,326,327,14,not_and
5,1428,1613,1614,6,xor
5,1429,338,339,5,b
5,1430,1436,1437,8,not_or
5,1431,49,50,14,not_and
5,1432,1009,1010,14,not_and
5,1433,1403,1404,1,and
5,1434,663,664,2,not_implies
5,1435,587,588,6,xor
5,1436,1273,1274,0,zero
5,1437,1271,1272,7,or
5,1438,1334,1335,15,one
5,1439,1603,1604,4,not_implied_by
5,1440,812,813,6,xor
5,1441,465,466,10,not_b
5,1442,526,527,12,not_a
5,1443,70,71,1,and
5,1444,1084,1085,5,b
5,1445,24,25,5,b
5,1446,483,484,4,not_implied_by
5,1447,747,748,12,not_a
5,1448,282,283,5,b
5,1449,993,994,14,not_and
5,1450,732,733,9,not_xor
5,1451,899,900,14,not_and
5,1452,933,934,6,xor
5,1453,695,696,10,not_b
5,1454,380,381,12,not_a
5,1455,923,924,9,not_xor
5,1456,1470,1471,9,not_xor
5,1457,879,880,3,a
5,1458,1237,1238,7,or
5,1459,996,997,7,or
5,1460,870,871,15,one
5,1461,1050,1051,8,not_or
5,1462,536,537,14,not_and
5,1463,485,486,7,or
5,1464,400,401,4,not_implied_by
5,1465,1632,1633,5,b
5,1466,871,872,4,not_implied_by
5,1467,669,670,5,b
5,1468,385,386,5,b
5,1469,1855,1856,0,zero
5,1470,56,57,8,not_or
5,1471,59,60,2,not_implies
5,1472,1023,1024,6,xor
5,1473,1276,1277,4,not_implied_by
5,1474,1664,1665,10,not_b
5,1475,1262,1263,10,not_b
5,1476,1355,1356,9,not_xor
5,1477,1811,1812,5,b
5,1478,506,507,7,or
5,1479,828,829,14,not_and
5,1480,30,31,8,not_or
5,1481,126,127,15,one
5,1482,1070,1071,10,not_b
5,1483,1818,1819,9,not_xor
5,1484,758,759,10,not_b
5,1485,942,943,4,not_implied_by
5,1486,631,632,1,and
5,1487,1040,1041,1,and
5,1488,1121,1122,14,not_and
5,1489,584,585,8,not_or
5,1490,1316,1317,13,implies
5,1491,1196,1197,12,not_a
5,1492,1362,1363,15,one
5,1493,1873,1874,6,xor
5,1494,978,979,14,not_and
5,1495,1934,1935,3,a
5,1496,1144,1145,6,xor
5,1497,1161,1162,7,or
5,1498,1272,1273,4,not_implied_by
5,1499,947,948,3,a
5,1500,223,224,2,not_implies
5,1501,1854,1855,9,not_xor
5,1502,1218,1219,15,one
5,1503,725,726,4,not_implied_by
5,1504,328,329,4,not_implied_by
5,1505,1971,1972,6,xor
5,1506,858,859,5,b
5,1507,256,257,13,implies
5,1508,330,331,9,not_xor
5,1509,1539,1540,15,one
5,1510,1805,1806,3,a
5,1511,1354,1355,9,not_xor
5,1512,458,459,14,not_and
5,1513,482,483,11,implied_by
5,1514,21,22,7,or
5,1515,1773,1774,6,xor
5,1516,1230,1231,5,b
5,1517,1541,1542,6,xor
5,1518,1455,1456,10,not_b
5,1519,1148,1149,9,not_xor
5,1520,500,501,5,b
5,1521,869,870,4,not_implied_by
5,1522,1970,1971,5,b
5,1523,0,1,12,not_a
5,1524,47,48,14,not_and
5,1525,1741,1742,10,not_b
5,1526,1361,1362,10,not_b
5,1527,831,832,4,not_implied_by
5,1528,339,340,2,not_implies
5,1529,222,223,14,not_and
5,1530,315,316,0,zero
5,1531,1007,1008,9,not_xor
5,1532,1775,1776,15,one
5,1533,1090,1091,6,xor
5,1534,1102,1103,12,not_a
5,1535,225,226,3,a
5,1536,94,95,5,b
5,1537,1232,1233,6,xor
5,1538,207,208,1,and
5,1539,1793,1794,9,not_xor
5,1540,1892,1893,11,implied_by
5,1541,248,249,12,not_a
5,1542,1017,1018,3,a
5,1543,1255,1256,12,not_a
5,1544,26,27,8,not_or
5,1545,596,597,11,implied_by
5,1546,788,789,7,or
5,1547,1519,1520,2,not_implies
5,1548,1794,1795,7,or
5,1549,497,498,8,not_or
5,1550,1846,1847,8,not_or
5,1551,659,660,10,not_b
5,1552,1965,1966,12,not_a
5,1553,1634,1635,1,and
5,1554,766,767,5,b
5,1555,255,256,8,not_or
5,1556,1004,1005,4,not_implied_by
5,1557,908,909,3,a
5,1558,1034,1035,2,not_implies
5,1559,625,626,10,not_b
5,1560,1760,1761,12,not_a
5,1561,1853,1854,10,not_b
5,1562,868,869,12,not_a
5,1563,654,655,15,one
5,1564,1202,1203,2,not_implies
5,1565,883,884,1,and
5,1566,960,961,7,or
5,1567,570,571,0,zero
5,1568,878,879,5,b
5,1569,969,970,15,one
5,1570,699,700,13,implies
5,1571,1792,1793,8,not_or
5,1572,921,922,10,not_b
5,1573,1978,1979,3,a
5,1574,203,204,0,zero
5,1575,1885,1886,0,zero
5,1576,1028,1029,3,a
5,1577,101,102,9,not_xor
5,1578,1655,1656,5,b
5,1579,995,996,13,implies
5,1580,1679,1680,15,one
5,1581,1453,1454,11,implied_by
5,1582,134,135,11,implied_by
5,1583,748,749,6,xor
5,1584,1921,1922,10,not_b
5,1585,1278,1279,8,not_or
5,1586,456,457,10,not_b
5,1587,1476,1477,5,b
5,1588,948,949,8,not_or
5,1589,935,936,14,not_and
5,1590,1321,1322,5,b
5,1591,1876,1877,13,implies
5,1592,1210,1211,0,zero
5,1593,1579,1580,6,xor
5,1594,1596,1597,15,one
5,1595,711,712,5,b
5,1596,39,40,7,or
5,1597,48,49,10,not_b
5,1598,804,805,8,not_or
5,1599,1312,1313,15,one
5,1600,1953,1954,7,or
5,1601,1545,1546,8,not_or
5,1602,1428,1429,2,not_implies
5,1603,192,193,8,not_or
5,1604,135,136,14,not_and
5,1605,1524,1525,10,not_b
5,1606,1809,1810,12,not_a
5,1607,1807,1808,1,and
5,1608,233,234,13,implies
5,1609,37,38,12,not_a
5,1610,1705,1706,0,zero
5,1611,755,756,2,not_implies
5,1612,779,780,3,a
5,1613,1328,1329,10,not_b
5,1614,604,605,10,not_b
5,1615,1413,1414,14,not_and
5,1616,1108,1109,2,not_implies
5,1617,1397,1398,15,one
5,1618,861,862,2,not_implies
5,1619,372,373,4,not_implied_by
5,1620,1554,1555,8,not_or
5,1621,1183,1184,8,not_or
5,1622,1868,1869,4,not_implied_by
5,1623,835,836,8,not_or
5,1624,445,446,5,b
5,1625,1757,1758,3,a
5,1626,1790,1791,10,not_b
5,1627,1672,1673,6,xor
5,1628,327,328,6,xor
5,1629,1509,1510,12,not_a
5,1630,1118,1119,1,and
5,1631,742,743,0,zero
5,1632,795,796,13,implies
5,1633,1861,1862,14,not_and
5,1634,833,834,2,not_implies
5,1635,1468,1469,3,a
5,1636,52,53,1,and
5,1637,1396,1397,4,not_implied_by
5,1638,9,10,13,implies
5,1639,2,3,10,not_b
5,1640,1447,1448,1,and
5,1641,1094,1095,7,or
5,1642,403,404,12,not_a
5,1643,597,598,12,not_a
5,1644,888,889,1,and
5,1645,586,587,9,not_xor
5,1646,425,426,10,not_b
5,1647,1189,1190,3,a
5,1648,204,205,1,and
5,1649,1248,1249,11,implied_by
5,1650,1810,1811,4,not_implied_by
5,1651,430,431,15,one
5,1652,1592,1593,10,not_b
5,1653,1521,1522,8,not_or
5,1654,75,76,4,not_implied_by
5,1655,1840,1841,1,and
5,1656,169,170,13,implies
5,1657,1913,1914,1,and
5,1658,1445,1446,5,b
5,1659,202,203,9,not_xor
5,1660,369,370,0,zero
5,1661,1025,1026,7,or
5,1662,1033,1034,3,a
5,1663,1471,1472,1,and
5,1664,1747,1748,3,a
5,1665,1823,1824,14,not_and
5,1666,275,276,15,one
5,1667,1224,1225,12,not_a
5,1668,1557,1558,14,not_and
5,1669,1275,1276,13,implies
5,1670,836,837,14,not_and
5,1671,896,897,10,not_b
5,1672,987,988,4,not_implied_by
5,1673,11,12,5,b
5,1674,1906,1907,5,b
5,1675,1095,1096,13,implies
5,1676,1839,1840,7,or
5,1677,718,719,6,xor
5,1678,1836,1837,12,not_a
5,1679,405,406,7,or
5,1680,532,533,5,b
5,1681,1282,1283,10,not_b
5,1682,843,844,1,and
5,1683,1795,1796,3,a
5,1684,997,998,9,not_xor
5,1685,1120,1121,11,implied_by
5,1686,1223,1224,0,zero
5,1687,930,931,8,not_or
5,1688,415,416,10,not_b
5,1689,446,447,0,zero
5,1690,535,536,10,not_b
5,1691,670,671,11,implied_by
5,1692,767,768,7,or
5,1693,622,623,10,not_b
5,1694,1188,1189,0,zero
5,1695,953,954,15,one
5,1696,1848,1849,14,not_and
5,1697,922,923,0,zero
5,1698,350,351,3,a
5,1699,1734,1735,3,a
5,1700,1659,1660,1,and
5,1701,1442,1443,12,not_a
5,1702,184,185,6,xor
5,1703,841,842,1,and
5,1704,12,13,11,implied_by
5,1705,227,228,6,xor
5,1706,749,750,11,implied_by
5,1707,208,209,0,zero
5,1708,715,716,7,or
5,1709,1625,1626,2,not_implies
5,1710,429,430,3,a
5,1711,1387,1388,5,b
5,1712,1728,1729,12,not_a
5,1713,1718,1719,14,not_and
5,1714,1838,1839,13,implies
5,1715,1684,1685,7,or
5,1716,308,309,3,a
5,1717,1176,1177,13,implies
5,1718,258,259,15,one
5,1719,1662,1663,7,or
5,1720,681,682,13,implies
5,1721,495,496,10,not_b
5,1722,721,722,0,zero
5,1723,1208,1209,12,not_a
5,1724,1581,1582,9,not_xor
5,1725,1449,1450,6,xor
5,1726,672,673,10,not_b
5,1727,242,243,7,or
5,1728,1431,1432,3,a
5,1729,1786,1787,1,and
5,1730,1535,1536,0,zero
5,1731,1295,1296,3,a
5,1732,444,445,11,implied_by
5,1733,494,495,14,not_and
5,1734,1198,1199,6,xor
5,1735,818,819,10,not_b
5,1736,1043,1044,14,not_and
5,1737,988,989,4,not_implied_by
5,1738,514,515,11,implied_by
5,1739,191,192,15,one
5,1740,1126,1127,4,not_implied_by
5,1741,132,133,5,b
5,1742,294,295,5,b
5,1743,751,752,4,not_implied_by
5,1744,1139,1140,9,not_xor
5,1745,1828,1829,12,not_a
5,1746,1598,1599,3,a
5,1747,1894,1895,9,not_xor
5,1748,390,391,8,not_or
5,1749,110,111,14,not_and
5,1750,639,640,13,implies
5,1751,1256,1257,7,or
5,1752,1333,1334,5,b
5,1753,178,179,11,implied_by
5,1754,221,222,12,not_a
5,1755,77,78,13,implies
5,1756,1648,1649,12,not_a
5,1757,377,378,10,not_b
5,1758,418,419,5,b
5,1759,620,621,8,not_or
5,1760,1697,1698,8,not_or
5,1761,1700,1701,3,a
5,1762,1432,1433,14,not_and
5,1763,179,180,12,not_a
5,1764,1314,1315,7,or
5,1765,254,255,4,not_implied_by
5,1766,1217,1218,5,b
5,1767,1075,1076,12,not_a
5,1768,1016,1017,10,not_b
5,1769,1949,1950,9,not_xor
5,1770,986,987,5,b
5,1771,253,254,0,zero
5,1772,1780,1781,1,and
5,1773,259,260,3,a
5,1774,1451,1452,8,not_or
5,1775,524,525,8,not_or
5,1776,1796,1797,14,not_and
5,1777,1835,1836,12,not_a
5,1778,1683,1684,7,or
5,1779,1298,1299,10,not_b
5,1780,731,732,2,not_implies
5,1781,756,757,13,implies
5,1782,1310,1311,5,b
5,1783,1645,1646,9,not_xor
5,1784,318,319,13,implies
5,1785,1725,1726,9,not_xor
5,1786,1668,1669,8,not_or
5,1787,1420,1421,3,a
5,1788,694,695,5,b
5,1789,606,607,8,not_or
5,1790,1337,1338,6,xor
5,1791,1624,1625,6,xor
5,1792,1578,1579,6,xor
5,1793,1134,1135,15,one
5,1794,1407,1408,13,implies
5,1795,827,828,4,not_implied_by
5,1796,1937,1938,8,not_or
5,1797,1765,1766,2,not_implies
5,1798,765,766,3,a
5,1799,1122,1123,5,b
5,1800,1219,1220,10,not_b
5,1801,1831,1832,4,not_implied_by
5,1802,540,541,5,b
5,1803,1963,1964,3,a
5,1804,1012,1013,15,one
5,1805,682,683,5,b
5,1806,187,188,0,zero
5,1807,475,476,9,not_xor
5,1808,1550,1551,8,not_or
5,1809,1650,1651,8,not_or
5,1810,384,385,10,not_b
5,1811,348,349,1,and
5,1812,1463,1464,2,not_implies
5,1813,588,589,14,not_and
5,1814,1870,1871,10,not_b
5,1815,196,197,4,not_implied_by
5,1816,383,384,9,not_xor
5,1817,423,424,15,one
5,1818,441,442,5,b
5,1819,566,567,11,implied_by
5,1820,198,199,3,a
5,1821,273,274,3,a
5,1822,1588,1589,5,b
5,1823,775,776,6,xor
5,1824,1011,1012,7,or
5,1825,872,873,10,not_b
5,1826,1726,1727,13,implies
5,1827,1036,1037,15,one
5,1828,950,951,12,not_a
5,1829,493,494,0,zero
5,1830,309,310,13,implies
5,1831,1791,1792,5,b
5,1832,480,481,12,not_a
5,1833,404,405,10,not_b
5,1834,1415,1416,15,one
5,1835,1504,1505,7,or
5,1836,91,92,10,not_b
5,1837,1564,1565,2,not_implies
5,1838,1627,1628,3,a
5,1839,757,758,9,not_xor
5,1840,82,83,3,a
5,1841,1435,1436,6,xor
5,1842,697,698,7,or
5,1843,260,261,12,not_a
5,1844,585,586,2,not_implies
5,1845,277,278,4,not_implied_by
5,1846,1264,1265,14,not_and
5,1847,1685,1686,15,one
5,1848,1406,1407,10,not_b
5,1849,916,917,12,not_a
5,1850,1077,1078,1,and
5,1851,190,191,4,not_implied_by
5,1852,1360,1361,12,not_a
5,1853,1291,1292,11,implied_by
5,1854,1472,1473,3,a
5,1855,590,591,11,implied_by
5,1856,792,793,5,b
5,1857,1220,1221,12,not_a
5,1858,1260,1261,14,not_and
5,1859,1651,1652,9,not_xor
5,1860,551,552,7,or
5,1861,1265,1266,13,implies
5,1862,512,513,10,not_b
5,1863,1568,1569,6,xor
5,1864,1154,1155,3,a
5,1865,643,644,4,not_implied_by
5,1866,1466,1467,7,or
5,1867,5,6,14,not_and
5,1868,1908,1909,10,not_b
5,1869,1778,1779,10,not_b
5,1870,522,523,10,not_b
5,1871,1405,1406,12,not_a
5,1872,1526,1527,9,not_xor
5,1873,1177,1178,15,one
5,1874,1887,1888,5,b
5,1875,1283,1284,9,not_xor
5,1876,173,174,5,b
5,1877,963,964,15,one
5,1878,515,516,10,not_b
5,1879,1889,1890,3,a
5,1880,929,930,9,not_xor
5,1881,1363,1364,5,b
5,1882,1987,1988,5,b
5,1883,1843,1844,7,or
5,1884,1911,1912,15,one
5,1885,918,919,7,or
5,1886,612,613,10,not_b
5,1887,139,140,15,one
5,1888,1487,1488,3,a
5,1889,736,737,1,and
5,1890,920,921,3,a
5,1891,1895,1896,11,implied_by
5,1892,1990,1991,2,not_implies
5,1893,1573,1574,14,not_and
5,1894,410,411,15,one
5,1895,1989,1990,12,not_a
5,1896,658,659,15,one
5,1897,284,285,1,and
5,1898,1975,1976,11,implied_by
5,1899,1695,1696,2,not_implies
5,1900,1869,1870,6,xor
5,1901,1268,1269,12,not_a
5,1902,887,888,13,implies
5,1903,209,210,15,one
5,1904,892,893,9,not_xor
5,1905,1756,1757,5,b
5,1906,1286,1287,1,and
5,1907,1874,1875,11,implied_by
5,1908,730,731,5,b
5,1909,1890,1891,10,not_b
5,1910,81,82,3,a
5,1911,1348,1349,12,not_a
5,1912,1605,1606,8,not_or
5,1913,1366,1367,1,and
5,1914,1374,1375,12,not_a
5,1915,516,517,1,and
5,1916,915,916,10,not_b
5,1917,1137,1138,12,not_a
5,1918,1693,1694,0,zero
5,1919,481,482,5,b
5,1920,1525,1526,10,not_b
5,1921,150,151,2,not_implies
5,1922,1620,1621,10,not_b
5,1923,1079,1080,5,b
5,1924,378,379,12,not_a
5,1925,1912,1913,8,not_or
5,1926,1837,1838,12,not_a
5,1927,1529,1530,9,not_xor
5,1928,1462,1463,3,a
5,1929,215,216,8,not_or
5,1930,593,594,5,b
5,1931,435,436,9,not_xor
5,1932,1479,1480,11,implied_by
5,1933,78,79,1,and
5,1934,729,730,7,or
5,1935,487,488,8,not_or
5,1936,525,526,2,not_implies
5,1937,1959,1960,11,implied_by
5,1938,666,667,1,and
5,1939,1393,1394,9,not_xor
5,1940,1243,1244,10,not_b
5,1941,1388,1389,8,not_or
5,1942,467,468,6,xor
5,1943,457,458,12,not_a
5,1944,298,299,2,not_implies
5,1945,652,653,12,not_a
5,1946,1675,1676,12,not_a
5,1947,1167,1168,15,one
5,1948,981,982,1,and
5,1949,897,898,12,not_a
5,1950,154,155,2,not_implies
5,1951,1601,1602,3,a
5,1952,839,840,0,zero
5,1953,247,248,9,not_xor
5,1954,114,115,0,zero
5,1955,1020,1021,3,a
5,1956,333,334,3,a
5,1957,613,614,9,not_xor
5,1958,1338,1339,9,not_xor
5,1959,601,602,3,a
5,1960,453,454,10,not_b
5,1961,1886,1887,10,not_b
5,1962,1864,1865,9,not_xor
5,1963,852,853,7,or
5,1964,120,121,7,or
5,1965,848,849,4,not_implied_by
5,1966,700,701,3,a
5,1967,1371,1372,8,not_or
5,1968,1474,1475,8,not_or
5,1969,962,963,1,and
5,1970,76,77,14,not_and
5,1971,1523,1524,7,or
5,1972,399,400,2,not_implies
5,1973,1563,1564,3,a
5,1974,1267,1268,0,zero
5,1975,1724,1725,5,b
5,1976,1968,1969,7,or
5,1977,520,521,10,not_b
5,1978,1875,1876,1,and
5,1979,679,680,10,not_b
5,1980,476,477,10,not_b
5,1981,741,742,3,a
5,1982,905,906,7,or
5,1983,46,47,10,not_b
5,1984,932,933,11,implied_by
5,1985,1027,1028,13,implies
5,1986,1902,1903,11,implied_by
5,1987,160,161,8,not_or
5,1988,934,935,10,not_b
5,1989,1678,1679,14,not_and
5,1990,646,647,5,b
5,1991,740,741,0,zero
5,1992,492,493,3,a
5,1993,1051,1052,1,and
5,1994,86,87,3,a
5,1995,314,315,1,and
5,1996,1562,1563,3,a
5,1997,291,292,6,xor
5,1998,1443,1444,10,not_b
5,1999,239,240,7,or
