layer,neuron,input_a,input_b,gate_id,gate_name
1,0,651,653,3,a
1,1,325,326,3,a
1,2,178,180,5,b
1,3,431,433,5,b
1,4,684,686,13,implies
1,5,366,369,12,not_a
1,6,727,728,0,zero
1,7,12,14,8,not_or
1,8,54,57,13,implies
1,9,761,763,13,implies
1,10,156,157,1,and
1,11,433,434,1,and
1,12,344,345,1,and
1,13,215,216,13,implies
1,14,160,161,4,not_implied_by
1,15,317,319,12,not_a
1,16,165,166,15,one
1,17,215,218,11,implied_by
1,18,148,151,9,not_xor
1,19,295,298,5,b
1,20,773,774,6,xor
1,21,168,170,5,b
1,22,704,706,6,xor
1,23,419,420,8,not_or
1,24,208,209,14,not_and
1,25,520,522,5,b
1,26,682,684,12,not_a
1,27,226,228,8,not_or
1,28,728,729,14,not_and
1,29,437,438,3,a
1,30,211,214,6,xor
1,31,164,166,8,not_or
1,32,91,92,7,or
1,33,116,117,7,or
1,34,271,273,10,not_b
1,35,573,575,14,not_and
1,36,598,599,7,or
1,37,457,458,7,or
1,38,266,268,11,implied_by
1,39,618,619,13,implies
1,40,586,588,8,not_or
1,41,392,394,9,not_xor
1,42,774,775,6,xor
1,43,280,281,15,one
1,44,538,540,14,not_and
1,45,119,120,8,not_or
1,46,294,295,9,not_xor
1,47,611,613,7,or
1,48,446,448,7,or
1,49,717,719,8,not_or
1,50,583,584,8,not_or
1,51,288,289,8,not_or
1,52,291,293,12,not_a
1,53,220,223,14,not_and
1,54,259,261,7,or
1,55,429,432,4,not_implied_by
1,56,227,230,14,not_and
1,57,684,685,9,not_xor
1,58,603,605,1,and
1,59,368,370,8,not_or
1,60,668,670,5,b
1,61,187,189,2,not_implies
1,62,304,306,7,or
1,63,156,158,3,a
1,64,346,349,6,xor
1,65,500,502,8,not_or
1,66,645,646,7,or
1,67,115,117,2,not_implies
1,68,712,713,10,not_b
1,69,233,234,9,not_xor
1,70,384,386,3,a
1,71,124,127,7,or
1,72,247,248,13,implies
1,73,280,282,7,or
1,74,103,106,9,not_xor
1,75,669,670,11,implied_by
1,76,199,201,4,not_implied_by
1,77,150,151,15,one
1,78,68,71,6,xor
1,79,18,20,9,not_xor
1,80,370,371,3,a
1,81,33,35,8,not_or
1,82,407,410,3,a
1,83,342,345,6,xor
1,84,156,159,14,not_and
1,85,382,385,5,b
1,86,288,290,1,and
1,87,39,41,12,not_a
1,88,413,415,14,not_and
1,89,662,663,10,not_b
1,90,253,254,8,not_or
1,91,427,429,7,or
1,92,619,620,0,zero
1,93,457,459,13,implies
1,94,127,130,8,not_or
1,95,380,382,0,zero
1,96,464,465,7,or
1,97,448,449,0,zero
1,98,539,541,8,not_or
1,99,72,74,8,not_or
1,100,676,677,8,not_or
1,101,278,281,5,b
1,102,340,341,8,not_or
1,103,442,443,1,and
1,104,37,38,13,implies
1,105,652,653,3,a
1,106,333,336,2,not_implies
1,107,478,479,5,b
1,108,172,175,9,not_xor
1,109,388,390,7,or
1,110,702,704,1,and
1,111,377,378,14,not_and
1,112,67,68,7,or
1,113,124,126,7,or
1,114,74,76,2,not_implies
1,115,365,368,6,xor
1,116,613,614,0,zero
1,117,520,521,5,b
1,118,140,141,8,not_or
1,119,772,773,6,xor
1,120,539,540,9,not_xor
1,121,213,216,5,b
1,122,273,275,8,not_or
1,123,550,552,15,one
1,124,137,138,5,b
1,125,745,747,8,not_or
1,126,219,221,0,zero
1,127,227,229,7,or
1,128,542,544,3,a
1,129,3,4,10,not_b
1,130,29,30,3,a
1,131,476,477,0,zero
1,132,685,686,7,or
1,133,249,250,7,or
1,134,568,569,12,not_a
1,135,730,732,7,or
1,136,513,514,6,xor
1,137,345,347,15,one
1,138,690,692,10,not_b
1,139,338,340,8,not_or
1,140,22,25,14,not_and
1,141,234,235,12,not_a
1,142,695,696,9,not_xor
1,143,152,153,8,not_or
1,144,434,435,7,or
1,145,22,23,2,not_implies
1,146,575,576,1,and
1,147,129,131,9,not_xor
1,148,672,674,5,b
1,149,590,592,14,not_and
1,150,352,354,1,and
1,151,338,341,12,not_a
1,152,579,581,1,and
1,153,309,310,11,implied_by
1,154,131,133,14,not_and
1,155,752,753,0,zero
1,156,315,316,4,not_implied_by
1,157,471,473,8,not_or
1,158,601,602,6,xor
1,159,163,165,6,xor
1,160,304,307,5,b
1,161,725,726,9,not_xor
1,162,418,421,9,not_xor
1,163,276,279,8,not_or
1,164,199,200,13,implies
1,165,253,255,2,not_implies
1,166,246,249,4,not_implied_by
1,167,32,34,8,not_or
1,168,669,671,3,a
1,169,96,98,5,b
1,170,177,179,8,not_or
1,171,150,153,12,not_a
1,172,162,165,8,not_or
1,173,341,344,14,not_and
1,174,511,513,4,not_implied_by
1,175,240,243,7,or
1,176,321,323,7,or
1,177,415,416,8,not_or
1,178,122,124,6,xor
1,179,393,396,8,not_or
1,180,295,296,7,or
1,181,3,6,3,a
1,182,392,393,1,and
1,183,760,761,8,not_or
1,184,558,559,12,not_a
1,185,743,744,3,a
1,186,696,697,8,not_or
1,187,743,745,8,not_or
1,188,306,309,13,implies
1,189,552,554,10,not_b
1,190,200,203,7,or
1,191,350,351,12,not_a
1,192,641,643,6,xor
1,193,136,138,4,not_implied_by
1,194,290,292,1,and
1,195,154,156,12,not_a
1,196,312,314,5,b
1,197,282,283,6,xor
1,198,774,776,7,or
1,199,766,767,2,not_implies
1,200,718,720,11,implied_by
1,201,35,38,7,or
1,202,341,342,7,or
1,203,472,474,6,xor
1,204,588,590,8,not_or
1,205,329,331,10,not_b
1,206,157,159,3,a
1,207,104,105,6,xor
1,208,511,512,1,and
1,209,0,1,4,not_implied_by
1,210,643,644,8,not_or
1,211,589,590,10,not_b
1,212,781,783,7,or
1,213,369,370,3,a
1,214,430,431,8,not_or
1,215,25,28,6,xor
1,216,198,201,8,not_or
1,217,154,157,3,a
1,218,183,184,13,implies
1,219,93,94,8,not_or
1,220,485,486,3,a
1,221,655,657,12,not_a
1,222,626,627,7,or
1,223,294,297,8,not_or
1,224,694,695,7,or
1,225,355,356,5,b
1,226,97,100,0,zero
1,227,475,476,3,a
1,228,490,491,6,xor
1,229,16,17,7,or
1,230,554,555,10,not_b
1,231,217,219,1,and
1,232,232,234,3,a
1,233,715,717,15,one
1,234,768,769,10,not_b
1,235,350,352,5,b
1,236,639,640,4,not_implied_by
1,237,225,228,8,not_or
1,238,660,662,7,or
1,239,314,315,12,not_a
1,240,651,652,6,xor
1,241,677,678,9,not_xor
1,242,1,2,15,one
1,243,754,756,1,and
1,244,297,298,14,not_and
1,245,192,193,8,not_or
1,246,111,114,12,not_a
1,247,585,586,9,not_xor
1,248,425,427,7,or
1,249,94,96,11,implied_by
1,250,158,159,8,not_or
1,251,209,210,5,b
1,252,414,416,8,not_or
1,253,59,62,8,not_or
1,254,170,172,6,xor
1,255,19,22,14,not_and
1,256,263,265,13,implies
1,257,225,227,8,not_or
1,258,8,9,6,xor
1,259,76,78,15,one
1,260,401,404,3,a
1,261,116,119,7,or
1,262,342,344,9,not_xor
1,263,339,341,7,or
1,264,661,663,9,not_xor
1,265,10,12,6,xor
1,266,606,607,12,not_a
1,267,567,569,3,a
1,268,510,512,11,implied_by
1,269,271,274,7,or
1,270,5,8,5,b
1,271,653,655,7,or
1,272,527,529,5,b
1,273,167,169,1,and
1,274,314,317,2,not_implies
1,275,610,612,1,and
1,276,736,738,6,xor
1,277,723,724,12,not_a
1,278,379,380,7,or
1,279,423,424,6,xor
1,280,132,135,7,or
1,281,599,601,7,or
1,282,214,217,8,not_or
1,283,468,469,5,b
1,284,574,576,11,implied_by
1,285,410,412,8,not_or
1,286,514,515,7,or
1,287,196,199,9,not_xor
1,288,302,303,5,b
1,289,494,495,4,not_implied_by
1,290,344,347,12,not_a
1,291,354,357,13,implies
1,292,483,485,8,not_or
1,293,716,717,6,xor
1,294,676,678,12,not_a
1,295,261,262,7,or
1,296,751,752,6,xor
1,297,307,308,10,not_b
1,298,17,20,9,not_xor
1,299,764,765,10,not_b
1,300,201,204,8,not_or
1,301,747,749,3,a
1,302,622,623,8,not_or
1,303,365,367,4,not_implied_by
1,304,633,634,6,xor
1,305,398,400,11,implied_by
1,306,218,221,7,or
1,307,273,276,1,and
1,308,426,429,3,a
1,309,298,300,2,not_implies
1,310,673,674,2,not_implies
1,311,372,375,9,not_xor
1,312,144,147,15,one
1,313,35,37,8,not_or
1,314,78,81,9,not_xor
1,315,107,108,12,not_a
1,316,64,67,9,not_xor
1,317,7,8,4,not_implied_by
1,318,538,539,7,or
1,319,657,658,14,not_and
1,320,140,143,3,a
1,321,87,90,11,implied_by
1,322,461,462,6,xor
1,323,465,466,10,not_b
1,324,591,592,11,implied_by
1,325,541,543,13,implies
1,326,647,649,6,xor
1,327,558,560,11,implied_by
1,328,147,150,8,not_or
1,329,772,774,1,and
1,330,727,729,1,and
1,331,526,527,10,not_b
1,332,332,335,6,xor
1,333,334,336,3,a
1,334,0,2,13,implies
1,335,363,365,5,b
1,336,708,709,8,not_or
1,337,745,746,8,not_or
1,338,740,741,8,not_or
1,339,473,475,3,a
1,340,29,31,0,zero
1,341,608,610,14,not_and
1,342,506,507,7,or
1,343,194,197,11,implied_by
1,344,777,778,12,not_a
1,345,62,65,7,or
1,346,181,182,7,or
1,347,247,249,7,or
1,348,269,272,11,implied_by
1,349,149,150,7,or
1,350,298,299,1,and
1,351,445,447,3,a
1,352,188,191,3,a
1,353,750,752,6,xor
1,354,224,226,4,not_implied_by
1,355,81,84,12,not_a
1,356,127,128,7,or
1,357,93,95,3,a
1,358,677,679,0,zero
1,359,180,181,12,not_a
1,360,217,218,1,and
1,361,294,296,14,not_and
1,362,385,387,5,b
1,363,408,409,7,or
1,364,581,582,2,not_implies
1,365,305,307,8,not_or
1,366,455,456,5,b
1,367,701,703,3,a
1,368,658,659,5,b
1,369,262,265,12,not_a
1,370,299,302,14,not_and
1,371,136,139,0,zero
1,372,620,622,7,or
1,373,782,783,8,not_or
1,374,269,270,8,not_or
1,375,621,623,8,not_or
1,376,467,468,12,not_a
1,377,564,565,5,b
1,378,447,448,6,xor
1,379,320,322,12,not_a
1,380,290,291,8,not_or
1,381,336,338,7,or
1,382,124,125,8,not_or
1,383,409,410,8,not_or
1,384,574,575,1,and
1,385,738,739,0,zero
1,386,715,716,2,not_implies
1,387,295,297,0,zero
1,388,666,668,8,not_or
1,389,9,11,7,or
1,390,321,322,7,or
1,391,293,295,7,or
1,392,595,597,7,or
1,393,125,128,3,a
1,394,95,98,10,not_b
1,395,90,91,3,a
1,396,229,230,3,a
1,397,12,15,14,not_and
1,398,664,666,9,not_xor
1,399,691,692,8,not_or
1,400,97,98,8,not_or
1,401,491,493,6,xor
1,402,23,25,12,not_a
1,403,724,726,9,not_xor
1,404,711,713,6,xor
1,405,371,373,3,a
1,406,226,229,12,not_a
1,407,274,276,5,b
1,408,364,367,10,not_b
1,409,738,740,8,not_or
1,410,206,208,7,or
1,411,425,426,8,not_or
1,412,357,358,8,not_or
1,413,14,15,6,xor
1,414,263,266,12,not_a
1,415,396,398,6,xor
1,416,220,222,0,zero
1,417,78,80,13,implies
1,418,268,269,0,zero
1,419,403,405,11,implied_by
1,420,687,688,8,not_or
1,421,659,660,14,not_and
1,422,287,290,9,not_xor
1,423,756,758,10,not_b
1,424,397,398,8,not_or
1,425,478,480,12,not_a
1,426,512,514,0,zero
1,427,689,691,7,or
1,428,332,334,8,not_or
1,429,351,354,9,not_xor
1,430,671,673,10,not_b
1,431,406,408,3,a
1,432,125,127,12,not_a
1,433,466,467,14,not_and
1,434,624,626,10,not_b
1,435,309,311,8,not_or
1,436,210,211,14,not_and
1,437,683,685,10,not_b
1,438,32,35,8,not_or
1,439,578,579,13,implies
1,440,331,333,4,not_implied_by
1,441,474,475,10,not_b
1,442,28,31,7,or
1,443,251,254,6,xor
1,444,92,94,4,not_implied_by
1,445,267,269,2,not_implies
1,446,610,611,5,b
1,447,638,640,11,implied_by
1,448,313,315,2,not_implies
1,449,45,46,3,a
1,450,690,691,3,a
1,451,316,319,3,a
1,452,27,28,2,not_implies
1,453,699,700,6,xor
1,454,356,357,9,not_xor
1,455,631,633,6,xor
1,456,627,629,5,b
1,457,151,153,5,b
1,458,733,734,6,xor
1,459,647,648,3,a
1,460,103,105,0,zero
1,461,582,583,7,or
1,462,588,589,11,implied_by
1,463,320,323,10,not_b
1,464,657,659,9,not_xor
1,465,463,464,1,and
1,466,239,241,10,not_b
1,467,176,179,3,a
1,468,100,102,10,not_b
1,469,312,313,4,not_implied_by
1,470,233,235,14,not_and
1,471,288,291,14,not_and
1,472,584,585,8,not_or
1,473,364,365,7,or
1,474,138,139,5,b
1,475,252,255,10,not_b
1,476,741,742,1,and
1,477,261,263,7,or
1,478,584,586,9,not_xor
1,479,250,251,7,or
1,480,96,97,7,or
1,481,31,34,7,or
1,482,12,13,7,or
1,483,566,567,12,not_a
1,484,197,199,7,or
1,485,231,234,7,or
1,486,625,627,6,xor
1,487,26,29,13,implies
1,488,535,536,3,a
1,489,52,53,14,not_and
1,490,640,642,11,implied_by
1,491,380,383,1,and
1,492,6,8,3,a
1,493,25,26,7,or
1,494,533,534,7,or
1,495,113,115,14,not_and
1,496,300,302,8,not_or
1,497,759,761,11,implied_by
1,498,343,344,1,and
1,499,679,680,14,not_and
1,500,666,667,6,xor
1,501,749,751,6,xor
1,502,376,377,9,not_xor
1,503,169,172,14,not_and
1,504,435,437,7,or
1,505,594,596,8,not_or
1,506,703,704,7,or
1,507,381,382,9,not_xor
1,508,251,252,10,not_b
1,509,681,683,1,and
1,510,699,701,1,and
1,511,188,190,15,one
1,512,741,743,6,xor
1,513,338,339,8,not_or
1,514,615,617,7,or
1,515,770,772,7,or
1,516,84,85,13,implies
1,517,189,192,9,not_xor
1,518,85,86,12,not_a
1,519,260,261,8,not_or
1,520,84,87,0,zero
1,521,361,363,12,not_a
1,522,373,374,12,not_a
1,523,252,253,0,zero
1,524,218,219,13,implies
1,525,544,545,12,not_a
1,526,778,780,3,a
1,527,29,32,4,not_implied_by
1,528,204,206,5,b
1,529,113,114,5,b
1,530,135,137,13,implies
1,531,470,472,5,b
1,532,701,702,7,or
1,533,580,582,4,not_implied_by
1,534,15,16,2,not_implies
1,535,55,56,2,not_implies
1,536,242,244,0,zero
1,537,179,181,2,not_implies
1,538,656,657,10,not_b
1,539,86,88,14,not_and
1,540,170,173,13,implies
1,541,176,177,3,a
1,542,661,662,8,not_or
1,543,146,147,9,not_xor
1,544,562,564,6,xor
1,545,767,769,1,and
1,546,255,257,7,or
1,547,408,410,1,and
1,548,707,709,14,not_and
1,549,371,374,3,a
1,550,44,47,6,xor
1,551,248,249,8,not_or
1,552,555,557,8,not_or
1,553,230,233,9,not_xor
1,554,79,82,14,not_and
1,555,428,430,7,or
1,556,326,329,13,implies
1,557,284,285,7,or
1,558,50,51,6,xor
1,559,7,10,8,not_or
1,560,396,397,8,not_or
1,561,362,363,7,or
1,562,366,368,5,b
1,563,748,750,5,b
1,564,545,547,14,not_and
1,565,395,396,10,not_b
1,566,115,116,12,not_a
1,567,412,414,3,a
1,568,200,202,12,not_a
1,569,453,455,8,not_or
1,570,465,467,2,not_implies
1,571,582,584,7,or
1,572,509,511,15,one
1,573,213,214,7,or
1,574,427,430,4,not_implied_by
1,575,185,186,7,or
1,576,591,593,10,not_b
1,577,323,326,14,not_and
1,578,583,585,7,or
1,579,117,120,8,not_or
1,580,413,416,12,not_a
1,581,96,99,2,not_implies
1,582,530,532,0,zero
1,583,506,508,8,not_or
1,584,258,261,14,not_and
1,585,409,412,2,not_implies
1,586,265,267,10,not_b
1,587,208,210,11,implied_by
1,588,66,67,8,not_or
1,589,226,227,5,b
1,590,730,731,10,not_b
1,591,525,526,1,and
1,592,245,246,12,not_a
1,593,257,258,7,or
1,594,107,109,11,implied_by
1,595,182,184,9,not_xor
1,596,697,699,9,not_xor
1,597,411,412,7,or
1,598,186,189,8,not_or
1,599,632,633,7,or
1,600,744,746,4,not_implied_by
1,601,55,57,2,not_implies
1,602,144,146,7,or
1,603,432,435,5,b
1,604,544,546,3,a
1,605,239,240,12,not_a
1,606,106,108,8,not_or
1,607,143,145,3,a
1,608,5,7,5,b
1,609,71,74,12,not_a
1,610,747,748,7,or
1,611,267,270,10,not_b
1,612,3,5,0,zero
1,613,301,303,3,a
1,614,714,716,6,xor
1,615,320,321,6,xor
1,616,404,407,10,not_b
1,617,211,213,4,not_implied_by
1,618,414,417,7,or
1,619,324,325,8,not_or
1,620,145,147,8,not_or
1,621,671,672,14,not_and
1,622,258,259,6,xor
1,623,142,143,6,xor
1,624,244,245,13,implies
1,625,725,727,9,not_xor
1,626,252,254,9,not_xor
1,627,387,389,5,b
1,628,109,112,8,not_or
1,629,222,224,9,not_xor
1,630,310,311,15,one
1,631,236,237,7,or
1,632,412,413,14,not_and
1,633,753,754,5,b
1,634,313,314,15,one
1,635,161,163,7,or
1,636,592,593,8,not_or
1,637,425,428,3,a
1,638,186,187,3,a
1,639,491,492,7,or
1,640,367,369,10,not_b
1,641,399,400,7,or
1,642,329,330,15,one
1,643,617,619,8,not_or
1,644,390,393,12,not_a
1,645,60,62,14,not_and
1,646,510,511,11,implied_by
1,647,655,656,7,or
1,648,82,83,13,implies
1,649,518,520,6,xor
1,650,597,598,3,a
1,651,164,165,0,zero
1,652,38,39,5,b
1,653,421,422,12,not_a
1,654,65,67,8,not_or
1,655,229,231,9,not_xor
1,656,357,360,15,one
1,657,81,82,11,implied_by
1,658,556,557,14,not_and
1,659,595,596,10,not_b
1,660,429,431,3,a
1,661,346,348,10,not_b
1,662,322,324,0,zero
1,663,402,403,8,not_or
1,664,99,102,12,not_a
1,665,289,290,3,a
1,666,623,624,7,or
1,667,434,437,14,not_and
1,668,189,191,8,not_or
1,669,328,330,5,b
1,670,179,180,7,or
1,671,277,280,8,not_or
1,672,445,446,7,or
1,673,193,194,15,one
1,674,418,420,15,one
1,675,758,759,6,xor
1,676,102,103,7,or
1,677,95,96,3,a
1,678,589,591,7,or
1,679,331,334,5,b
1,680,300,303,6,xor
1,681,184,187,0,zero
1,682,34,37,11,implied_by
1,683,31,32,7,or
1,684,43,44,14,not_and
1,685,21,22,5,b
1,686,66,68,4,not_implied_by
1,687,547,548,2,not_implies
1,688,775,777,12,not_a
1,689,458,459,8,not_or
1,690,674,676,2,not_implies
1,691,386,388,7,or
1,692,20,21,1,and
1,693,230,232,8,not_or
1,694,551,553,12,not_a
1,695,51,54,0,zero
1,696,483,484,3,a
1,697,537,538,7,or
1,698,117,119,14,not_and
1,699,587,588,11,implied_by
1,700,451,453,11,implied_by
1,701,37,39,3,a
1,702,428,431,1,and
1,703,143,146,7,or
1,704,348,349,11,implied_by
1,705,258,260,0,zero
1,706,473,474,12,not_a
1,707,150,152,8,not_or
1,708,65,66,10,not_b
1,709,452,454,2,not_implies
1,710,144,145,7,or
1,711,161,162,10,not_b
1,712,13,16,10,not_b
1,713,561,562,1,and
1,714,604,606,10,not_b
1,715,285,288,7,or
1,716,183,185,7,or
1,717,146,149,12,not_a
1,718,424,425,2,not_implies
1,719,336,339,8,not_or
1,720,279,281,11,implied_by
1,721,654,656,6,xor
1,722,163,166,2,not_implies
1,723,489,490,7,or
1,724,360,363,8,not_or
1,725,374,375,4,not_implied_by
1,726,472,473,12,not_a
1,727,86,87,5,b
1,728,482,483,4,not_implied_by
1,729,135,136,8,not_or
1,730,482,484,7,or
1,731,759,760,0,zero
1,732,93,96,3,a
1,733,385,388,7,or
1,734,241,243,8,not_or
1,735,406,409,8,not_or
1,736,629,631,8,not_or
1,737,233,236,7,or
1,738,110,112,15,one
1,739,34,35,5,b
1,740,87,88,12,not_a
1,741,38,41,9,not_xor
1,742,704,705,13,implies
1,743,593,594,0,zero
1,744,197,198,4,not_implied_by
1,745,24,26,15,one
1,746,694,696,7,or
1,747,249,252,1,and
1,748,33,36,12,not_a
1,749,248,251,3,a
1,750,312,315,9,not_xor
1,751,69,70,7,or
1,752,135,138,8,not_or
1,753,109,110,5,b
1,754,541,542,0,zero
1,755,347,350,11,implied_by
1,756,348,351,15,one
1,757,161,164,6,xor
1,758,753,755,10,not_b
1,759,436,437,11,implied_by
1,760,742,744,8,not_or
1,761,146,148,6,xor
1,762,170,171,7,or
1,763,22,24,11,implied_by
1,764,626,628,7,or
1,765,305,306,8,not_or
1,766,508,510,5,b
1,767,383,385,1,and
1,768,73,74,3,a
1,769,364,366,8,not_or
1,770,353,356,2,not_implies
1,771,460,462,3,a
1,772,546,547,8,not_or
1,773,155,156,6,xor
1,774,529,531,15,one
1,775,169,170,11,implied_by
1,776,450,451,6,xor
1,777,778,779,15,one
1,778,358,361,5,b
1,779,748,749,12,not_a
1,780,221,223,8,not_or
1,781,141,144,10,not_b
1,782,705,706,8,not_or
1,783,399,401,7,or
1,784,19,21,8,not_or
1,785,650,651,7,or
1,786,105,106,7,or
1,787,315,318,13,implies
1,788,47,50,2,not_implies
1,789,517,519,12,not_a
1,790,503,505,6,xor
1,791,112,113,11,implied_by
1,792,653,654,3,a
1,793,586,587,9,not_xor
1,794,323,324,9,not_xor
1,795,203,204,10,not_b
1,796,314,316,7,or
1,797,152,155,7,or
1,798,634,635,0,zero
1,799,344,346,9,not_xor
1,800,348,350,4,not_implied_by
1,801,193,195,2,not_implies
1,802,433,436,2,not_implies
1,803,664,665,2,not_implies
1,804,375,377,3,a
1,805,72,73,11,implied_by
1,806,720,721,9,not_xor
1,807,476,478,9,not_xor
1,808,462,464,12,not_a
1,809,142,144,9,not_xor
1,810,614,616,15,one
1,811,454,455,13,implies
1,812,360,361,12,not_a
1,813,296,299,14,not_and
1,814,353,355,3,a
1,815,77,79,15,one
1,816,471,472,8,not_or
1,817,242,245,2,not_implies
1,818,115,118,4,not_implied_by
1,819,620,621,7,or
1,820,414,415,1,and
1,821,560,562,6,xor
1,822,446,447,10,not_b
1,823,111,112,12,not_a
1,824,99,101,8,not_or
1,825,121,123,8,not_or
1,826,47,49,7,or
1,827,334,335,8,not_or
1,828,337,338,12,not_a
1,829,656,658,7,or
1,830,182,185,3,a
1,831,441,442,2,not_implies
1,832,667,668,14,not_and
1,833,118,119,7,or
1,834,680,682,13,implies
1,835,451,452,8,not_or
1,836,734,736,10,not_b
1,837,70,71,9,not_xor
1,838,713,714,10,not_b
1,839,337,339,8,not_or
1,840,34,36,9,not_xor
1,841,374,377,12,not_a
1,842,428,429,7,or
1,843,311,312,2,not_implies
1,844,223,226,10,not_b
1,845,775,776,10,not_b
1,846,757,758,15,one
1,847,120,122,12,not_a
1,848,61,63,13,implies
1,849,663,664,3,a
1,850,325,327,13,implies
1,851,636,637,7,or
1,852,623,625,4,not_implied_by
1,853,455,457,3,a
1,854,275,278,12,not_a
1,855,240,241,4,not_implied_by
1,856,304,305,7,or
1,857,296,297,7,or
1,858,617,618,0,zero
1,859,625,626,12,not_a
1,860,80,82,1,and
1,861,534,535,13,implies
1,862,106,107,9,not_xor
1,863,23,26,0,zero
1,864,41,44,3,a
1,865,597,599,15,one
1,866,498,500,5,b
1,867,755,757,1,and
1,868,114,117,15,one
1,869,533,535,7,or
1,870,132,133,10,not_b
1,871,195,196,1,and
1,872,535,537,0,zero
1,873,492,494,7,or
1,874,639,641,13,implies
1,875,265,268,8,not_or
1,876,278,280,0,zero
1,877,303,304,8,not_or
1,878,386,389,7,or
1,879,624,625,8,not_or
1,880,495,497,12,not_a
1,881,479,481,5,b
1,882,106,109,12,not_a
1,883,659,661,7,or
1,884,105,108,8,not_or
1,885,80,83,7,or
1,886,355,357,4,not_implied_by
1,887,740,742,6,xor
1,888,20,23,14,not_and
1,889,40,42,8,not_or
1,890,191,193,12,not_a
1,891,347,349,6,xor
1,892,50,52,12,not_a
1,893,280,283,4,not_implied_by
1,894,7,9,10,not_b
1,895,508,509,0,zero
1,896,388,391,7,or
1,897,272,274,1,and
1,898,731,732,3,a
1,899,102,105,8,not_or
1,900,145,146,7,or
1,901,569,571,4,not_implied_by
1,902,190,193,10,not_b
1,903,339,342,9,not_xor
1,904,114,115,11,implied_by
1,905,395,397,4,not_implied_by
1,906,706,708,4,not_implied_by
1,907,481,482,4,not_implied_by
1,908,454,456,8,not_or
1,909,325,328,5,b
1,910,605,607,7,or
1,911,153,155,1,and
1,912,529,530,13,implies
1,913,81,83,9,not_xor
1,914,219,220,7,or
1,915,157,160,8,not_or
1,916,627,628,11,implied_by
1,917,292,294,12,not_a
1,918,355,358,3,a
1,919,171,174,14,not_and
1,920,284,287,3,a
1,921,143,144,9,not_xor
1,922,345,348,14,not_and
1,923,567,568,10,not_b
1,924,540,541,10,not_b
1,925,501,502,12,not_a
1,926,43,46,6,xor
1,927,480,481,9,not_xor
1,928,468,470,3,a
1,929,767,768,3,a
1,930,56,58,1,and
1,931,634,636,14,not_and
1,932,523,525,5,b
1,933,194,195,7,or
1,934,361,364,8,not_or
1,935,214,216,12,not_a
1,936,39,40,8,not_or
1,937,134,135,8,not_or
1,938,708,710,7,or
1,939,283,285,8,not_or
1,940,232,235,8,not_or
1,941,376,379,11,implied_by
1,942,250,252,4,not_implied_by
1,943,758,760,5,b
1,944,543,544,6,xor
1,945,46,47,9,not_xor
1,946,552,553,0,zero
1,947,654,655,14,not_and
1,948,400,403,3,a
1,949,270,272,11,implied_by
1,950,494,496,14,not_and
1,951,519,520,3,a
1,952,57,58,8,not_or
1,953,507,509,3,a
1,954,118,120,7,or
1,955,129,130,13,implies
1,956,88,89,11,implied_by
1,957,141,143,9,not_xor
1,958,398,401,3,a
1,959,303,306,12,not_a
1,960,385,386,5,b
1,961,196,197,9,not_xor
1,962,175,177,7,or
1,963,419,422,7,or
1,964,359,360,10,not_b
1,965,499,500,12,not_a
1,966,278,279,5,b
1,967,24,27,13,implies
1,968,257,259,8,not_or
1,969,249,251,11,implied_by
1,970,390,392,15,one
1,971,388,389,15,one
1,972,122,125,8,not_or
1,973,42,43,7,or
1,974,307,309,4,not_implied_by
1,975,464,466,14,not_and
1,976,291,294,6,xor
1,977,570,572,8,not_or
1,978,296,298,8,not_or
1,979,467,469,3,a
1,980,139,140,7,or
1,981,176,178,12,not_a
1,982,752,754,8,not_or
1,983,618,620,7,or
1,984,722,723,8,not_or
1,985,225,226,7,or
1,986,190,192,5,b
1,987,79,80,3,a
1,988,330,333,12,not_a
1,989,554,556,7,or
1,990,337,340,4,not_implied_by
1,991,571,572,9,not_xor
1,992,289,292,3,a
1,993,489,491,4,not_implied_by
1,994,254,256,8,not_or
1,995,212,214,8,not_or
1,996,121,122,5,b
1,997,563,564,8,not_or
1,998,765,766,12,not_a
1,999,104,107,1,and
1,1000,319,322,4,not_implied_by
1,1001,565,567,8,not_or
1,1002,87,89,11,implied_by
1,1003,378,380,11,implied_by
1,1004,391,392,5,b
1,1005,58,59,14,not_and
1,1006,201,202,8,not_or
1,1007,352,353,1,and
1,1008,381,384,14,not_and
1,1009,410,411,2,not_implies
1,1010,182,183,7,or
1,1011,60,61,7,or
1,1012,241,242,7,or
1,1013,265,266,13,implies
1,1014,382,383,6,xor
1,1015,242,243,2,not_implies
1,1016,174,175,8,not_or
1,1017,39,42,14,not_and
1,1018,543,545,13,implies
1,1019,742,743,7,or
1,1020,563,565,8,not_or
1,1021,466,468,1,and
1,1022,502,503,8,not_or
1,1023,548,549,14,not_and
1,1024,317,318,14,not_and
1,1025,9,12,10,not_b
1,1026,60,63,6,xor
1,1027,90,93,9,not_xor
1,1028,311,313,12,not_a
1,1029,53,54,4,not_implied_by
1,1030,88,90,6,xor
1,1031,749,750,4,not_implied_by
1,1032,638,639,8,not_or
1,1033,192,195,6,xor
1,1034,139,141,10,not_b
1,1035,286,288,8,not_or
1,1036,327,329,7,or
1,1037,232,233,8,not_or
1,1038,345,346,12,not_a
1,1039,675,677,7,or
1,1040,329,332,7,or
1,1041,59,60,7,or
1,1042,171,173,5,b
1,1043,735,737,8,not_or
1,1044,26,28,3,a
1,1045,637,639,7,or
1,1046,61,64,14,not_and
1,1047,453,454,8,not_or
1,1048,493,495,13,implies
1,1049,631,632,4,not_implied_by
1,1050,611,612,5,b
1,1051,672,673,10,not_b
1,1052,197,200,5,b
1,1053,167,170,12,not_a
1,1054,234,236,8,not_or
1,1055,710,711,11,implied_by
1,1056,499,501,7,or
1,1057,636,638,8,not_or
1,1058,79,81,3,a
1,1059,319,321,0,zero
1,1060,14,16,3,a
1,1061,429,430,14,not_and
1,1062,303,305,4,not_implied_by
1,1063,430,433,6,xor
1,1064,112,115,6,xor
1,1065,77,80,15,one
1,1066,777,779,8,not_or
1,1067,733,735,3,a
1,1068,297,299,4,not_implied_by
1,1069,532,534,0,zero
1,1070,352,355,14,not_and
1,1071,103,104,15,one
1,1072,613,615,12,not_a
1,1073,51,53,0,zero
1,1074,732,734,14,not_and
1,1075,628,629,8,not_or
1,1076,78,79,14,not_and
1,1077,279,282,9,not_xor
1,1078,306,308,8,not_or
1,1079,274,275,2,not_implies
1,1080,726,727,13,implies
1,1081,53,55,2,not_implies
1,1082,652,654,8,not_or
1,1083,108,110,3,a
1,1084,401,403,3,a
1,1085,440,442,13,implies
1,1086,612,613,11,implied_by
1,1087,628,630,5,b
1,1088,412,415,2,not_implies
1,1089,415,417,7,or
1,1090,205,206,7,or
1,1091,497,499,8,not_or
1,1092,438,439,11,implied_by
1,1093,435,436,9,not_xor
1,1094,537,539,10,not_b
1,1095,45,47,6,xor
1,1096,228,229,7,or
1,1097,709,711,12,not_a
1,1098,411,413,10,not_b
1,1099,746,747,0,zero
1,1100,272,273,12,not_a
1,1101,678,680,9,not_xor
1,1102,85,88,8,not_or
1,1103,560,561,0,zero
1,1104,608,609,1,and
1,1105,69,71,1,and
1,1106,422,425,5,b
1,1107,305,308,9,not_xor
1,1108,593,595,12,not_a
1,1109,469,470,8,not_or
1,1110,571,573,15,one
1,1111,716,718,7,or
1,1112,101,102,5,b
1,1113,411,414,7,or
1,1114,234,237,7,or
1,1115,56,57,5,b
1,1116,188,189,3,a
1,1117,238,241,15,one
1,1118,602,603,9,not_xor
1,1119,331,332,4,not_implied_by
1,1120,581,583,7,or
1,1121,525,527,8,not_or
1,1122,641,642,12,not_a
1,1123,126,129,10,not_b
1,1124,246,247,8,not_or
1,1125,421,424,4,not_implied_by
1,1126,648,650,10,not_b
1,1127,310,313,7,or
1,1128,41,43,14,not_and
1,1129,224,227,2,not_implies
1,1130,431,432,15,one
1,1131,442,444,5,b
1,1132,503,504,14,not_and
1,1133,1,3,9,not_xor
1,1134,484,485,15,one
1,1135,692,693,12,not_a
1,1136,505,507,9,not_xor
1,1137,585,587,11,implied_by
1,1138,167,168,2,not_implies
1,1139,123,125,3,a
1,1140,405,408,8,not_or
1,1141,136,137,8,not_or
1,1142,396,399,10,not_b
1,1143,387,390,7,or
1,1144,95,97,7,or
1,1145,317,320,11,implied_by
1,1146,474,476,8,not_or
1,1147,202,205,2,not_implies
1,1148,776,778,11,implied_by
1,1149,384,385,8,not_or
1,1150,98,101,0,zero
1,1151,281,282,11,implied_by
1,1152,405,407,12,not_a
1,1153,477,479,8,not_or
1,1154,523,524,1,and
1,1155,311,314,12,not_a
1,1156,665,667,8,not_or
1,1157,430,432,5,b
1,1158,380,381,13,implies
1,1159,718,719,7,or
1,1160,45,48,9,not_xor
1,1161,83,84,6,xor
1,1162,128,129,14,not_and
1,1163,266,267,7,or
1,1164,437,439,10,not_b
1,1165,8,11,8,not_or
1,1166,152,154,3,a
1,1167,85,87,5,b
1,1168,205,207,7,or
1,1169,236,238,5,b
1,1170,384,387,10,not_b
1,1171,368,369,11,implied_by
1,1172,133,134,6,xor
1,1173,371,372,8,not_or
1,1174,2,4,13,implies
1,1175,481,483,7,or
1,1176,341,343,10,not_b
1,1177,254,255,8,not_or
1,1178,771,772,10,not_b
1,1179,283,286,7,or
1,1180,141,142,2,not_implies
1,1181,17,19,0,zero
1,1182,292,295,10,not_b
1,1183,484,486,10,not_b
1,1184,762,763,8,not_or
1,1185,516,517,6,xor
1,1186,709,710,8,not_or
1,1187,183,186,7,or
1,1188,212,213,15,one
1,1189,393,394,9,not_xor
1,1190,334,337,7,or
1,1191,120,121,15,one
1,1192,675,676,8,not_or
1,1193,253,256,9,not_xor
1,1194,308,309,15,one
1,1195,130,131,12,not_a
1,1196,629,630,6,xor
1,1197,389,392,15,one
1,1198,545,546,9,not_xor
1,1199,456,457,15,one
1,1200,153,154,12,not_a
1,1201,432,433,9,not_xor
1,1202,111,113,7,or
1,1203,214,215,1,and
1,1204,592,594,7,or
1,1205,497,498,8,not_or
1,1206,70,72,8,not_or
1,1207,479,480,2,not_implies
1,1208,452,453,6,xor
1,1209,192,194,6,xor
1,1210,274,277,10,not_b
1,1211,175,176,10,not_b
1,1212,223,225,0,zero
1,1213,172,173,7,or
1,1214,30,31,12,not_a
1,1215,660,661,7,or
1,1216,283,284,0,zero
1,1217,404,406,4,not_implied_by
1,1218,769,771,14,not_and
1,1219,532,533,1,and
1,1220,55,58,2,not_implies
1,1221,286,289,7,or
1,1222,313,316,2,not_implies
1,1223,750,751,7,or
1,1224,20,22,11,implied_by
1,1225,419,421,7,or
1,1226,166,167,8,not_or
1,1227,761,762,2,not_implies
1,1228,178,179,13,implies
1,1229,105,107,7,or
1,1230,32,33,7,or
1,1231,779,780,3,a
1,1232,245,248,7,or
1,1233,424,427,8,not_or
1,1234,400,401,12,not_a
1,1235,646,647,9,not_xor
1,1236,463,465,5,b
1,1237,780,781,2,not_implies
1,1238,244,246,7,or
1,1239,336,337,1,and
1,1240,347,348,14,not_and
1,1241,107,110,3,a
1,1242,601,603,13,implies
1,1243,224,225,15,one
1,1244,763,764,7,or
1,1245,358,360,13,implies
1,1246,122,123,12,not_a
1,1247,281,283,7,or
1,1248,357,359,12,not_a
1,1249,423,426,10,not_b
1,1250,63,66,5,b
1,1251,607,608,6,xor
1,1252,44,45,8,not_or
1,1253,198,200,2,not_implies
1,1254,736,737,1,and
1,1255,568,570,3,a
1,1256,48,50,12,not_a
1,1257,579,580,6,xor
1,1258,23,24,10,not_b
1,1259,416,418,7,or
1,1260,84,86,2,not_implies
1,1261,363,366,5,b
1,1262,549,551,2,not_implies
1,1263,137,139,8,not_or
1,1264,47,48,3,a
1,1265,269,271,4,not_implied_by
1,1266,486,487,9,not_xor
1,1267,644,646,14,not_and
1,1268,431,434,14,not_and
1,1269,712,714,14,not_and
1,1270,500,501,9,not_xor
1,1271,726,728,6,xor
1,1272,570,571,5,b
1,1273,751,753,7,or
1,1274,28,29,5,b
1,1275,400,402,1,and
1,1276,194,196,0,zero
1,1277,559,560,14,not_and
1,1278,737,739,8,not_or
1,1279,700,701,11,implied_by
1,1280,221,224,9,not_xor
1,1281,680,681,2,not_implies
1,1282,119,122,12,not_a
1,1283,11,12,6,xor
1,1284,308,310,7,or
1,1285,330,332,5,b
1,1286,162,163,8,not_or
1,1287,322,323,11,implied_by
1,1288,440,441,11,implied_by
1,1289,94,95,3,a
1,1290,6,7,8,not_or
1,1291,11,14,12,not_a
1,1292,351,352,7,or
1,1293,763,765,2,not_implies
1,1294,207,209,3,a
1,1295,755,756,9,not_xor
1,1296,378,381,1,and
1,1297,63,65,8,not_or
1,1298,61,62,8,not_or
1,1299,178,181,14,not_and
1,1300,201,203,7,or
1,1301,737,738,13,implies
1,1302,692,694,7,or
1,1303,175,178,7,or
1,1304,420,421,12,not_a
1,1305,256,259,8,not_or
1,1306,27,30,3,a
1,1307,522,523,15,one
1,1308,65,68,8,not_or
1,1309,423,425,3,a
1,1310,134,137,8,not_or
1,1311,131,132,7,or
1,1312,109,111,8,not_or
1,1313,685,687,14,not_and
1,1314,179,182,10,not_b
1,1315,702,703,9,not_xor
1,1316,766,768,6,xor
1,1317,101,103,5,b
1,1318,138,140,8,not_or
1,1319,598,600,7,or
1,1320,711,712,2,not_implies
1,1321,600,602,14,not_and
1,1322,262,264,7,or
1,1323,365,366,6,xor
1,1324,762,764,13,implies
1,1325,133,136,9,not_xor
1,1326,553,555,8,not_or
1,1327,159,161,13,implies
1,1328,576,577,7,or
1,1329,596,597,7,or
1,1330,72,75,8,not_or
1,1331,697,698,3,a
1,1332,286,287,8,not_or
1,1333,54,56,4,not_implied_by
1,1334,173,174,1,and
1,1335,158,161,13,implies
1,1336,705,707,5,b
1,1337,333,334,9,not_xor
1,1338,211,212,10,not_b
1,1339,328,331,7,or
1,1340,49,51,9,not_xor
1,1341,204,207,6,xor
1,1342,292,293,12,not_a
1,1343,230,231,11,implied_by
1,1344,203,206,7,or
1,1345,117,118,8,not_or
1,1346,426,428,12,not_a
1,1347,549,550,0,zero
1,1348,744,745,8,not_or
1,1349,573,574,1,and
1,1350,36,38,8,not_or
1,1351,603,604,9,not_xor
1,1352,492,493,5,b
1,1353,256,257,7,or
1,1354,391,393,5,b
1,1355,370,372,12,not_a
1,1356,237,238,12,not_a
1,1357,403,404,11,implied_by
1,1358,159,160,0,zero
1,1359,125,126,12,not_a
1,1360,36,39,5,b
1,1361,405,406,5,b
1,1362,349,351,11,implied_by
1,1363,293,296,10,not_b
1,1364,63,64,12,not_a
1,1365,596,598,9,not_xor
1,1366,565,566,6,xor
1,1367,310,312,0,zero
1,1368,372,374,14,not_and
1,1369,635,636,7,or
1,1370,551,552,8,not_or
1,1371,416,419,12,not_a
1,1372,710,712,9,not_xor
1,1373,71,73,14,not_and
1,1374,98,100,7,or
1,1375,50,53,7,or
1,1376,308,311,14,not_and
1,1377,394,395,7,or
1,1378,108,111,15,one
1,1379,686,688,3,a
1,1380,264,266,6,xor
1,1381,673,675,1,and
1,1382,700,702,15,one
1,1383,134,136,7,or
1,1384,402,404,10,not_b
1,1385,208,211,8,not_or
1,1386,74,75,8,not_or
1,1387,160,162,6,xor
1,1388,493,494,0,zero
1,1389,642,643,12,not_a
1,1390,89,92,10,not_b
1,1391,110,113,11,implied_by
1,1392,531,532,7,or
1,1393,42,44,12,not_a
1,1394,200,201,13,implies
1,1395,277,278,7,or
1,1396,714,715,13,implies
1,1397,609,611,15,one
1,1398,287,288,7,or
1,1399,158,160,12,not_a
1,1400,266,269,12,not_a
1,1401,688,689,1,and
1,1402,130,132,8,not_or
1,1403,616,617,0,zero
1,1404,368,371,8,not_or
1,1405,49,50,13,implies
1,1406,362,364,7,or
1,1407,155,158,15,one
1,1408,282,284,5,b
1,1409,64,65,12,not_a
1,1410,51,52,9,not_xor
1,1411,513,515,3,a
1,1412,30,32,7,or
1,1413,367,370,7,or
1,1414,496,498,14,not_and
1,1415,556,558,10,not_b
1,1416,614,615,12,not_a
1,1417,687,689,9,not_xor
1,1418,228,231,8,not_or
1,1419,769,770,6,xor
1,1420,732,733,0,zero
1,1421,16,18,3,a
1,1422,181,183,8,not_or
1,1423,379,382,14,not_and
1,1424,67,69,7,or
1,1425,164,167,12,not_a
1,1426,4,5,12,not_a
1,1427,404,405,6,xor
1,1428,241,244,6,xor
1,1429,590,591,9,not_xor
1,1430,133,135,11,implied_by
1,1431,324,326,4,not_implied_by
1,1432,138,141,11,implied_by
1,1433,557,559,13,implies
1,1434,212,215,8,not_or
1,1435,561,563,7,or
1,1436,450,452,2,not_implies
1,1437,123,124,7,or
1,1438,693,695,9,not_xor
1,1439,54,55,5,b
1,1440,477,478,7,or
1,1441,665,666,7,or
1,1442,375,376,0,zero
1,1443,9,10,8,not_or
1,1444,148,149,4,not_implied_by
1,1445,207,210,14,not_and
1,1446,279,280,6,xor
1,1447,151,152,5,b
1,1448,399,402,4,not_implied_by
1,1449,390,391,7,or
1,1450,14,17,1,and
1,1451,38,40,4,not_implied_by
1,1452,13,15,6,xor
1,1453,59,61,0,zero
1,1454,76,77,4,not_implied_by
1,1455,58,60,9,not_xor
1,1456,289,291,7,or
1,1457,332,333,7,or
1,1458,0,3,11,implied_by
1,1459,575,577,7,or
1,1460,142,145,5,b
1,1461,1,4,10,not_b
1,1462,401,402,7,or
1,1463,615,616,15,one
1,1464,83,85,9,not_xor
1,1465,377,380,10,not_b
1,1466,335,337,5,b
1,1467,403,406,10,not_b
1,1468,276,278,11,implied_by
1,1469,218,220,10,not_b
1,1470,353,354,10,not_b
1,1471,361,362,8,not_or
1,1472,113,116,9,not_xor
1,1473,99,100,15,one
1,1474,159,162,11,implied_by
1,1475,248,250,6,xor
1,1476,391,394,6,xor
1,1477,62,63,8,not_or
1,1478,594,595,7,or
1,1479,397,399,0,zero
1,1480,235,238,10,not_b
1,1481,250,253,3,a
1,1482,163,164,13,implies
1,1483,739,741,9,not_xor
1,1484,469,471,3,a
1,1485,35,36,8,not_or
1,1486,68,70,7,or
1,1487,300,301,12,not_a
1,1488,271,272,7,or
1,1489,553,554,14,not_and
1,1490,244,247,3,a
1,1491,340,343,10,not_b
1,1492,282,285,12,not_a
1,1493,276,277,3,a
1,1494,268,271,13,implies
1,1495,222,223,12,not_a
1,1496,37,40,6,xor
1,1497,381,383,11,implied_by
1,1498,89,91,3,a
1,1499,363,364,14,not_and
1,1500,268,270,14,not_and
1,1501,187,188,6,xor
1,1502,66,69,8,not_or
1,1503,327,330,14,not_and
1,1504,177,180,11,implied_by
1,1505,722,724,9,not_xor
1,1506,88,91,0,zero
1,1507,415,418,8,not_or
1,1508,24,25,14,not_and
1,1509,349,352,5,b
1,1510,131,134,10,not_b
1,1511,333,335,14,not_and
1,1512,606,608,8,not_or
1,1513,424,426,8,not_or
1,1514,505,506,8,not_or
1,1515,335,336,10,not_b
1,1516,71,72,3,a
1,1517,101,104,7,or
1,1518,369,371,7,or
1,1519,73,75,9,not_xor
1,1520,765,767,12,not_a
1,1521,195,197,6,xor
1,1522,86,89,9,not_xor
1,1523,550,551,2,not_implies
1,1524,220,221,10,not_b
1,1525,663,665,11,implied_by
1,1526,734,735,11,implied_by
1,1527,406,407,9,not_xor
1,1528,100,101,14,not_and
1,1529,247,250,9,not_xor
1,1530,724,725,7,or
1,1531,646,648,8,not_or
1,1532,42,45,7,or
1,1533,649,650,15,one
1,1534,394,396,13,implies
1,1535,633,635,14,not_and
1,1536,521,523,7,or
1,1537,346,347,8,not_or
1,1538,290,293,11,implied_by
1,1539,40,43,11,implied_by
1,1540,229,232,12,not_a
1,1541,667,669,7,or
1,1542,417,420,9,not_xor
1,1543,318,321,5,b
1,1544,475,477,9,not_xor
1,1545,456,458,14,not_and
1,1546,717,718,7,or
1,1547,27,29,4,not_implied_by
1,1548,2,5,12,not_a
1,1549,240,242,9,not_xor
1,1550,421,423,13,implies
1,1551,287,289,7,or
1,1552,622,624,1,and
1,1553,216,217,7,or
1,1554,56,59,7,or
1,1555,679,681,7,or
1,1556,62,64,0,zero
1,1557,650,652,4,not_implied_by
1,1558,720,722,6,xor
1,1559,495,496,9,not_xor
1,1560,139,142,7,or
1,1561,387,388,8,not_or
1,1562,48,51,11,implied_by
1,1563,386,387,8,not_or
1,1564,326,328,6,xor
1,1565,129,132,2,not_implies
1,1566,206,207,3,a
1,1567,678,679,8,not_or
1,1568,119,121,2,not_implies
1,1569,354,355,1,and
1,1570,202,204,12,not_a
1,1571,559,561,0,zero
1,1572,519,521,12,not_a
1,1573,257,260,7,or
1,1574,443,444,8,not_or
1,1575,339,340,7,or
1,1576,417,419,3,a
1,1577,528,530,10,not_b
1,1578,69,72,3,a
1,1579,75,78,5,b
1,1580,548,550,6,xor
1,1581,57,60,7,or
1,1582,46,49,12,not_a
1,1583,521,522,14,not_and
1,1584,760,762,11,implied_by
1,1585,92,93,6,xor
1,1586,534,536,3,a
1,1587,256,258,8,not_or
1,1588,297,300,10,not_b
1,1589,21,23,9,not_xor
1,1590,706,707,3,a
1,1591,70,73,3,a
1,1592,299,301,12,not_a
1,1593,486,488,12,not_a
1,1594,126,128,6,xor
1,1595,239,242,3,a
1,1596,515,516,1,and
1,1597,80,81,15,one
1,1598,254,257,8,not_or
1,1599,13,14,7,or
1,1600,517,518,5,b
1,1601,160,163,7,or
1,1602,173,175,7,or
1,1603,413,414,12,not_a
1,1604,420,423,0,zero
1,1605,43,45,10,not_b
1,1606,57,59,7,or
1,1607,260,263,7,or
1,1608,273,274,8,not_or
1,1609,609,610,8,not_or
1,1610,58,61,6,xor
1,1611,149,151,8,not_or
1,1612,132,134,13,implies
1,1613,662,664,12,not_a
1,1614,245,247,4,not_implied_by
1,1615,771,773,3,a
1,1616,449,450,8,not_or
1,1617,238,239,10,not_b
1,1618,643,645,1,and
1,1619,48,49,11,implied_by
1,1620,73,76,8,not_or
1,1621,114,116,10,not_b
1,1622,439,440,12,not_a
1,1623,243,246,2,not_implies
1,1624,536,537,8,not_or
1,1625,180,183,1,and
1,1626,236,239,12,not_a
1,1627,298,301,6,xor
1,1628,739,740,8,not_or
1,1629,206,209,0,zero
1,1630,498,499,8,not_or
1,1631,691,693,11,implied_by
1,1632,670,672,4,not_implied_by
1,1633,315,317,7,or
1,1634,307,310,0,zero
1,1635,427,428,7,or
1,1636,754,755,12,not_a
1,1637,171,172,1,and
1,1638,580,581,14,not_and
1,1639,112,114,4,not_implied_by
1,1640,10,13,1,and
1,1641,30,33,14,not_and
1,1642,502,504,2,not_implies
1,1643,97,99,12,not_a
1,1644,17,18,5,b
1,1645,459,460,9,not_xor
1,1646,432,434,2,not_implies
1,1647,92,95,8,not_or
1,1648,356,359,15,one
1,1649,116,118,7,or
1,1650,191,192,5,b
1,1651,237,239,7,or
1,1652,235,236,10,not_b
1,1653,349,350,15,one
1,1654,512,513,0,zero
1,1655,261,264,11,implied_by
1,1656,18,21,15,one
1,1657,15,18,8,not_or
1,1658,416,417,8,not_or
1,1659,407,409,9,not_xor
1,1660,293,294,8,not_or
1,1661,259,262,10,not_b
1,1662,632,634,2,not_implies
1,1663,729,730,14,not_and
1,1664,422,423,8,not_or
1,1665,695,697,11,implied_by
1,1666,49,52,12,not_a
1,1667,542,543,11,implied_by
1,1668,231,233,6,xor
1,1669,719,721,7,or
1,1670,540,542,6,xor
1,1671,604,605,10,not_b
1,1672,439,441,7,or
1,1673,121,124,3,a
1,1674,447,449,10,not_b
1,1675,168,169,11,implied_by
1,1676,75,76,5,b
1,1677,438,440,14,not_and
1,1678,362,365,5,b
1,1679,698,699,6,xor
1,1680,729,731,0,zero
1,1681,696,698,11,implied_by
1,1682,460,461,7,or
1,1683,408,411,12,not_a
1,1684,569,570,13,implies
1,1685,394,397,8,not_or
1,1686,360,362,8,not_or
1,1687,393,395,5,b
1,1688,496,497,8,not_or
1,1689,91,93,8,not_or
1,1690,444,445,8,not_or
1,1691,507,508,8,not_or
1,1692,181,184,3,a
1,1693,270,273,11,implied_by
1,1694,185,188,2,not_implies
1,1695,127,129,12,not_a
1,1696,528,529,13,implies
1,1697,25,27,14,not_and
1,1698,436,438,6,xor
1,1699,83,86,4,not_implied_by
1,1700,359,362,8,not_or
1,1701,153,156,12,not_a
1,1702,359,361,5,b
1,1703,281,284,8,not_or
1,1704,407,408,3,a
1,1705,637,638,4,not_implied_by
1,1706,128,131,3,a
1,1707,205,208,8,not_or
1,1708,8,10,9,not_xor
1,1709,306,307,7,or
1,1710,670,671,14,not_and
1,1711,77,78,7,or
1,1712,277,279,8,not_or
1,1713,524,526,3,a
1,1714,564,566,8,not_or
1,1715,443,445,7,or
1,1716,504,505,14,not_and
1,1717,323,325,8,not_or
1,1718,219,222,0,zero
1,1719,46,48,0,zero
1,1720,148,150,8,not_or
1,1721,90,92,12,not_a
1,1722,126,127,6,xor
1,1723,140,142,6,xor
1,1724,210,213,11,implied_by
1,1725,351,353,5,b
1,1726,354,356,3,a
1,1727,343,346,7,or
1,1728,94,97,7,or
1,1729,64,66,3,a
1,1730,780,782,4,not_implied_by
1,1731,607,609,2,not_implies
1,1732,246,248,8,not_or
1,1733,383,386,8,not_or
1,1734,53,56,12,not_a
1,1735,82,85,15,one
1,1736,299,300,3,a
1,1737,572,574,11,implied_by
1,1738,773,775,12,not_a
1,1739,668,669,5,b
1,1740,190,191,12,not_a
1,1741,648,649,7,or
1,1742,658,660,3,a
1,1743,372,373,13,implies
1,1744,209,212,8,not_or
1,1745,172,174,3,a
1,1746,398,399,7,or
1,1747,448,450,8,not_or
1,1748,198,199,8,not_or
1,1749,235,237,5,b
1,1750,255,258,8,not_or
1,1751,379,381,5,b
1,1752,285,287,7,or
1,1753,531,533,6,xor
1,1754,120,123,3,a
1,1755,330,331,3,a
1,1756,459,461,5,b
1,1757,356,358,2,not_implies
1,1758,444,446,5,b
1,1759,213,215,8,not_or
1,1760,326,327,6,xor
1,1761,635,637,3,a
1,1762,735,736,7,or
1,1763,174,177,4,not_implied_by
1,1764,251,253,5,b
1,1765,216,218,12,not_a
1,1766,227,228,7,or
1,1767,682,683,7,or
1,1768,189,190,5,b
1,1769,82,84,7,or
1,1770,301,302,8,not_or
1,1771,719,720,10,not_b
1,1772,530,531,8,not_or
1,1773,40,41,7,or
1,1774,509,510,8,not_or
1,1775,157,158,7,or
1,1776,165,168,7,or
1,1777,186,188,9,not_xor
1,1778,392,395,7,or
1,1779,207,208,8,not_or
1,1780,195,198,10,not_b
1,1781,522,524,5,b
1,1782,255,256,10,not_b
1,1783,187,190,12,not_a
1,1784,602,604,4,not_implied_by
1,1785,342,343,1,and
1,1786,184,186,7,or
1,1787,619,621,8,not_or
1,1788,488,490,5,b
1,1789,204,205,13,implies
1,1790,264,265,15,one
1,1791,557,558,4,not_implied_by
1,1792,616,618,4,not_implied_by
1,1793,645,647,8,not_or
1,1794,262,263,8,not_or
1,1795,267,268,7,or
1,1796,536,538,6,xor
1,1797,642,644,14,not_and
1,1798,147,148,7,or
1,1799,433,435,10,not_b
1,1800,275,276,11,implied_by
1,1801,222,225,6,xor
1,1802,373,376,3,a
1,1803,420,422,8,not_or
1,1804,165,167,10,not_b
1,1805,130,133,10,not_b
1,1806,264,267,1,and
1,1807,216,219,3,a
1,1808,757,759,15,one
1,1809,327,328,12,not_a
1,1810,681,682,8,not_or
1,1811,335,338,8,not_or
1,1812,196,198,7,or
1,1813,504,506,7,or
1,1814,16,19,5,b
1,1815,102,104,3,a
1,1816,2,3,4,not_implied_by
1,1817,260,262,5,b
1,1818,291,292,14,not_and
1,1819,68,69,13,implies
1,1820,75,77,12,not_a
1,1821,576,578,14,not_and
1,1822,375,378,11,implied_by
1,1823,578,580,11,implied_by
1,1824,417,418,7,or
1,1825,389,390,3,a
1,1826,243,244,13,implies
1,1827,28,30,3,a
1,1828,238,240,3,a
1,1829,770,771,11,implied_by
1,1830,231,232,8,not_or
1,1831,174,176,10,not_b
1,1832,98,99,8,not_or
1,1833,693,694,6,xor
1,1834,577,579,6,xor
1,1835,100,103,8,not_or
1,1836,621,622,8,not_or
1,1837,223,224,13,implies
1,1838,151,154,15,one
1,1839,18,19,6,xor
1,1840,746,748,0,zero
1,1841,322,325,5,b
1,1842,683,684,7,or
1,1843,515,517,5,b
1,1844,434,436,6,xor
1,1845,366,367,7,or
1,1846,644,645,0,zero
1,1847,11,13,7,or
1,1848,162,164,15,one
1,1849,721,723,1,and
1,1850,698,700,8,not_or
1,1851,674,675,7,or
1,1852,487,488,3,a
1,1853,490,492,15,one
1,1854,410,413,1,and
1,1855,104,106,8,not_or
1,1856,630,631,3,a
1,1857,154,155,8,not_or
1,1858,378,379,11,implied_by
1,1859,630,632,9,not_xor
1,1860,526,528,7,or
1,1861,487,489,4,not_implied_by
1,1862,74,77,13,implies
1,1863,285,286,7,or
1,1864,180,182,15,one
1,1865,243,245,10,not_b
1,1866,123,126,4,not_implied_by
1,1867,41,42,7,or
1,1868,318,320,2,not_implies
1,1869,764,766,7,or
1,1870,779,781,10,not_b
1,1871,193,196,8,not_or
1,1872,6,9,2,not_implies
1,1873,15,17,2,not_implies
1,1874,184,185,6,xor
1,1875,605,606,8,not_or
1,1876,640,641,10,not_b
1,1877,703,705,8,not_or
1,1878,587,589,0,zero
1,1879,145,148,0,zero
1,1880,324,327,11,implied_by
1,1881,237,240,15,one
1,1882,461,463,6,xor
1,1883,389,391,7,or
1,1884,309,312,7,or
1,1885,776,777,8,not_or
1,1886,402,405,11,implied_by
1,1887,19,20,7,or
1,1888,31,33,11,implied_by
1,1889,768,770,15,one
1,1890,321,324,10,not_b
1,1891,319,320,0,zero
1,1892,422,424,6,xor
1,1893,370,373,12,not_a
1,1894,367,368,0,zero
1,1895,118,121,9,not_xor
1,1896,441,443,13,implies
1,1897,4,7,2,not_implies
1,1898,91,94,4,not_implied_by
1,1899,547,549,13,implies
1,1900,713,715,7,or
1,1901,228,230,6,xor
1,1902,514,516,10,not_b
1,1903,555,556,15,one
1,1904,781,782,13,implies
1,1905,577,578,14,not_and
1,1906,316,318,12,not_a
1,1907,374,376,0,zero
1,1908,301,304,1,and
1,1909,209,211,12,not_a
1,1910,5,6,10,not_b
1,1911,318,319,12,not_a
1,1912,562,563,9,not_xor
1,1913,210,212,7,or
1,1914,76,79,8,not_or
1,1915,721,722,6,xor
1,1916,67,70,10,not_b
1,1917,485,487,2,not_implies
1,1918,166,169,2,not_implies
1,1919,177,178,6,xor
1,1920,166,168,13,implies
1,1921,518,519,3,a
1,1922,263,264,5,b
1,1923,600,601,12,not_a
1,1924,527,528,7,or
1,1925,26,27,14,not_and
1,1926,376,378,7,or
1,1927,350,353,2,not_implies
1,1928,488,489,11,implied_by
1,1929,649,651,15,one
1,1930,203,205,4,not_implied_by
1,1931,426,427,8,not_or
1,1932,566,568,5,b
1,1933,149,152,3,a
1,1934,110,111,11,implied_by
1,1935,173,176,9,not_xor
1,1936,21,24,0,zero
1,1937,599,600,8,not_or
1,1938,270,271,1,and
1,1939,686,687,7,or
1,1940,52,55,4,not_implied_by
1,1941,458,460,0,zero
1,1942,358,359,3,a
1,1943,316,317,7,or
1,1944,728,730,3,a
1,1945,480,482,15,one
1,1946,449,451,12,not_a
1,1947,418,419,8,not_or
1,1948,215,217,4,not_implied_by
1,1949,470,471,7,or
1,1950,217,220,8,not_or
1,1951,89,90,8,not_or
1,1952,259,260,7,or
1,1953,284,286,8,not_or
1,1954,302,304,14,not_and
1,1955,612,614,10,not_b
1,1956,756,757,2,not_implies
1,1957,44,46,8,not_or
1,1958,36,37,8,not_or
1,1959,382,384,14,not_and
1,1960,137,140,14,not_and
1,1961,524,525,10,not_b
1,1962,462,463,6,xor
1,1963,155,157,7,or
1,1964,707,708,7,or
1,1965,546,548,4,not_implied_by
1,1966,202,203,8,not_or
1,1967,343,345,10,not_b
1,1968,340,342,8,not_or
1,1969,516,518,13,implies
1,1970,4,6,14,not_and
1,1971,572,573,10,not_b
1,1972,369,372,9,not_xor
1,1973,52,54,12,not_a
1,1974,397,400,14,not_and
1,1975,108,109,7,or
1,1976,191,194,12,not_a
1,1977,275,277,1,and
1,1978,147,149,7,or
1,1979,272,275,10,not_b
1,1980,169,171,5,b
1,1981,383,384,7,or
1,1982,328,329,8,not_or
1,1983,128,130,9,not_xor
1,1984,10,11,4,not_implied_by
1,1985,168,171,6,xor
1,1986,723,725,1,and
1,1987,501,503,15,one
1,1988,33,34,9,not_xor
1,1989,689,690,15,one
1,1990,395,398,8,not_or
1,1991,409,411,9,not_xor
1,1992,731,733,7,or
1,1993,373,375,1,and
1,1994,302,305,10,not_b
1,1995,199,202,10,not_b
1,1996,688,690,7,or
1,1997,221,222,9,not_xor
1,1998,377,379,9,not_xor
1,1999,185,187,5,b
2,0,70,71,3,a
2,1,301,302,4,not_implied_by
2,2,876,877,8,not_or
2,3,390,391,3,a
2,4,1392,1393,5,b
2,5,121,122,10,not_b
2,6,1129,1130,1,and
2,7,1398,1399,12,not_a
2,8,1937,1938,9,not_xor
2,9,1868,1869,5,b
2,10,1,2,1,and
2,11,913,914,13,implies
2,12,1035,1036,8,not_or
2,13,1492,1493,7,or
2,14,675,676,8,not_or
2,15,194,195,7,or
2,16,932,933,7,or
2,17,969,970,6,xor
2,18,157,158,7,or
2,19,682,683,7,or
2,20,1907,1908,10,not_b
2,21,360,361,5,b
2,22,333,334,15,one
2,23,412,413,3,a
2,24,636,637,2,not_implies
2,25,1046,1047,10,not_b
2,26,166,167,6,xor
2,27,998,999,4,not_implied_by
2,28,625,626,3,a
2,29,1536,1537,1,and
2,30,1885,1886,4,not_implied_by
2,31,1431,1432,15,one
2,32,416,417,2,not_implies
2,33,1587,1588,8,not_or
2,34,1433,1434,11,implied_by
2,35,1576,1577,11,implied_by
2,36,14,15,8,not_or
2,37,399,400,3,a
2,38,733,734,2,not_implies
2,39,1773,1774,3,a
2,40,569,570,8,not_or
2,41,1553,1554,1,and
2,42,1168,1169,8,not_or
2,43,447,448,11,implied_by
2,44,234,235,10,not_b
2,45,29,30,5,b
2,46,1497,1498,9,not_xor
2,47,1423,1424,15,one
2,48,1007,1008,4,not_implied_by
2,49,872,873,10,not_b
2,50,1138,1139,5,b
2,51,475,476,10,not_b
2,52,858,859,5,b
2,53,305,306,5,b
2,54,1785,1786,3,a
2,55,100,101,8,not_or
2,56,1573,1574,8,not_or
2,57,805,806,0,zero
2,58,1807,1808,0,zero
2,59,1429,1430,11,implied_by
2,60,557,558,12,not_a
2,61,321,322,15,one
2,62,951,952,1,and
2,63,1624,1625,10,not_b
2,64,637,638,7,or
2,65,114,115,8,not_or
2,66,1321,1322,7,or
2,67,353,354,2,not_implies
2,68,931,932,4,not_implied_by
2,69,1959,1960,14,not_and
2,70,673,674,15,one
2,71,1005,1006,14,not_and
2,72,1499,1500,10,not_b
2,73,292,293,9,not_xor
2,74,543,544,2,not_implies
2,75,1943,1944,0,zero
2,76,1985,1986,9,not_xor
2,77,652,653,12,not_a
2,78,632,633,7,or
2,79,1779,1780,14,not_and
2,80,1171,1172,1,and
2,81,1167,1168,5,b
2,82,609,610,13,implies
2,83,1766,1767,4,not_implied_by
2,84,545,546,10,not_b
2,85,756,757,5,b
2,86,1941,1942,5,b
2,87,32,33,3,a
2,88,19,20,12,not_a
2,89,1736,1737,7,or
2,90,295,296,2,not_implies
2,91,1298,1299,1,and
2,92,970,971,0,zero
2,93,1861,1862,9,not_xor
2,94,1141,1142,10,not_b
2,95,956,957,8,not_or
2,96,1479,1480,10,not_b
2,97,25,26,5,b
2,98,1879,1880,15,one
2,99,1274,1275,0,zero
2,100,331,332,13,implies
2,101,1074,1075,5,b
2,102,1903,1904,8,not_or
2,103,235,236,0,zero
2,104,15,16,3,a
2,105,1916,1917,13,implies
2,106,1165,1166,5,b
2,107,245,246,11,implied_by
2,108,1818,1819,14,not_and
2,109,293,294,12,not_a
2,110,1776,1777,3,a
2,111,1772,1773,8,not_or
2,112,1992,1993,13,implies
2,113,397,398,13,implies
2,114,1482,1483,4,not_implied_by
2,115,1195,1196,8,not_or
2,116,267,268,3,a
2,117,213,214,10,not_b
2,118,1761,1762,15,one
2,119,254,255,1,and
2,120,1468,1469,5,b
2,121,828,829,12,not_a
2,122,930,931,13,implies
2,123,975,976,13,implies
2,124,1851,1852,5,b
2,125,155,156,4,not_implied_by
2,126,278,279,10,not_b
2,127,269,270,8,not_or
2,128,537,538,4,not_implied_by
2,129,1449,1450,8,not_or
2,130,270,271,4,not_implied_by
2,131,764,765,14,not_and
2,132,115,116,3,a
2,133,1241,1242,3,a
2,134,1415,1416,14,not_and
2,135,285,286,8,not_or
2,136,1855,1856,10,not_b
2,137,1217,1218,5,b
2,138,801,802,7,or
2,139,1045,1046,4,not_implied_by
2,140,567,568,14,not_and
2,141,1998,1999,10,not_b
2,142,1318,1319,10,not_b
2,143,862,863,7,or
2,144,794,795,5,b
2,145,785,786,12,not_a
2,146,1991,1992,7,or
2,147,1148,1149,1,and
2,148,434,435,14,not_and
2,149,283,284,1,and
2,150,946,947,11,implied_by
2,151,1198,1199,3,a
2,152,282,283,2,not_implies
2,153,1768,1769,8,not_or
2,154,618,619,2,not_implies
2,155,738,739,8,not_or
2,156,471,472,14,not_and
2,157,249,250,10,not_b
2,158,1578,1579,14,not_and
2,159,710,711,12,not_a
2,160,134,135,2,not_implies
2,161,1839,1840,0,zero
2,162,80,81,1,and
2,163,1881,1882,10,not_b
2,164,233,234,5,b
2,165,1599,1600,7,or
2,166,1379,1380,4,not_implied_by
2,167,342,343,7,or
2,168,205,206,8,not_or
2,169,1986,1987,1,and
2,170,1463,1464,14,not_and
2,171,1051,1052,0,zero
2,172,1748,1749,14,not_and
2,173,481,482,8,not_or
2,174,742,743,11,implied_by
2,175,137,138,10,not_b
2,176,231,232,10,not_b
2,177,509,510,6,xor
2,178,302,303,4,not_implied_by
2,179,1207,1208,14,not_and
2,180,1223,1224,3,a
2,181,1524,1525,9,not_xor
2,182,1752,1753,9,not_xor
2,183,443,444,7,or
2,184,1079,1080,11,implied_by
2,185,56,57,10,not_b
2,186,1953,1954,13,implies
2,187,296,297,3,a
2,188,1146,1147,10,not_b
2,189,759,760,5,b
2,190,1731,1732,10,not_b
2,191,1013,1014,13,implies
2,192,45,46,10,not_b
2,193,1639,1640,6,xor
2,194,351,352,12,not_a
2,195,986,987,9,not_xor
2,196,639,640,14,not_and
2,197,11,12,2,not_implies
2,198,220,221,10,not_b
2,199,1565,1566,5,b
2,200,421,422,2,not_implies
2,201,1102,1103,0,zero
2,202,1224,1225,5,b
2,203,48,49,1,and
2,204,1920,1921,15,one
2,205,208,209,4,not_implied_by
2,206,500,501,10,not_b
2,207,1027,1028,8,not_or
2,208,1880,1881,12,not_a
2,209,354,355,5,b
2,210,1972,1973,13,implies
2,211,95,96,5,b
2,212,904,905,10,not_b
2,213,671,672,2,not_implies
2,214,352,353,1,and
2,215,1361,1362,3,a
2,216,914,915,7,or
2,217,1821,1822,9,not_xor
2,218,615,616,4,not_implied_by
2,219,1391,1392,8,not_or
2,220,944,945,8,not_or
2,221,687,688,10,not_b
2,222,388,389,1,and
2,223,1435,1436,3,a
2,224,1726,1727,2,not_implies
2,225,31,32,10,not_b
2,226,1284,1285,7,or
2,227,1656,1657,10,not_b
2,228,1025,1026,3,a
2,229,1900,1901,10,not_b
2,230,1110,1111,10,not_b
2,231,612,613,6,xor
2,232,971,972,11,implied_by
2,233,1603,1604,13,implies
2,234,1877,1878,15,one
2,235,1679,1680,8,not_or
2,236,163,164,4,not_implied_by
2,237,1106,1107,1,and
2,238,112,113,10,not_b
2,239,909,910,12,not_a
2,240,279,280,0,zero
2,241,1244,1245,15,one
2,242,541,542,6,xor
2,243,1360,1361,12,not_a
2,244,1989,1990,2,not_implies
2,245,1089,1090,3,a
2,246,1595,1596,13,implies
2,247,30,31,5,b
2,248,1345,1346,7,or
2,249,1349,1350,14,not_and
2,250,39,40,6,xor
2,251,44,45,4,not_implied_by
2,252,1462,1463,4,not_implied_by
2,253,1077,1078,2,not_implies
2,254,1015,1016,10,not_b
2,255,433,434,7,or
2,256,1152,1153,10,not_b
2,257,1065,1066,6,xor
2,258,1569,1570,1,and
2,259,824,825,7,or
2,260,105,106,10,not_b
2,261,1834,1835,11,implied_by
2,262,823,824,2,not_implies
2,263,922,923,2,not_implies
2,264,1704,1705,15,one
2,265,1858,1859,5,b
2,266,607,608,8,not_or
2,267,1467,1468,11,implied_by
2,268,1579,1580,7,or
2,269,1442,1443,9,not_xor
2,270,1765,1766,0,zero
2,271,657,658,1,and
2,272,775,776,7,or
2,273,1450,1451,11,implied_by
2,274,685,686,3,a
2,275,996,997,14,not_and
2,276,495,496,8,not_or
2,277,435,436,9,not_xor
2,278,766,767,1,and
2,279,418,419,15,one
2,280,1651,1652,3,a
2,281,916,917,6,xor
2,282,1701,1702,3,a
2,283,780,781,14,not_and
2,284,1831,1832,1,and
2,285,1514,1515,13,implies
2,286,310,311,0,zero
2,287,1738,1739,10,not_b
2,288,1993,1994,10,not_b
2,289,1562,1563,10,not_b
2,290,404,405,12,not_a
2,291,484,485,8,not_or
2,292,906,907,2,not_implies
2,293,309,310,1,and
2,294,635,636,1,and
2,295,1756,1757,7,or
2,296,1154,1155,15,one
2,297,613,614,0,zero
2,298,877,878,13,implies
2,299,1512,1513,11,implied_by
2,300,1724,1725,4,not_implied_by
2,301,133,134,10,not_b
2,302,1797,1798,14,not_and
2,303,751,752,1,and
2,304,1933,1934,0,zero
2,305,1594,1595,7,or
2,306,773,774,5,b
2,307,1174,1175,6,xor
2,308,1489,1490,3,a
2,309,1099,1100,8,not_or
2,310,621,622,10,not_b
2,311,275,276,8,not_or
2,312,610,611,3,a
2,313,1448,1449,8,not_or
2,314,1983,1984,8,not_or
2,315,1288,1289,8,not_or
2,316,261,262,5,b
2,317,1919,1920,13,implies
2,318,1574,1575,5,b
2,319,1838,1839,6,xor
2,320,1815,1816,9,not_xor
2,321,1271,1272,14,not_and
2,322,1249,1250,12,not_a
2,323,43,44,2,not_implies
2,324,1529,1530,12,not_a
2,325,202,203,6,xor
2,326,899,900,10,not_b
2,327,1282,1283,13,implies
2,328,941,942,0,zero
2,329,1598,1599,9,not_xor
2,330,1618,1619,13,implies
2,331,1922,1923,12,not_a
2,332,104,105,10,not_b
2,333,1230,1231,11,implied_by
2,334,230,231,3,a
2,335,683,684,12,not_a
2,336,177,178,3,a
2,337,1452,1453,1,and
2,338,1456,1457,13,implies
2,339,1314,1315,8,not_or
2,340,1895,1896,1,and
2,341,1279,1280,6,xor
2,342,1971,1972,15,one
2,343,1918,1919,0,zero
2,344,1570,1571,13,implies
2,345,1426,1427,5,b
2,346,1693,1694,14,not_and
2,347,391,392,1,and
2,348,1248,1249,15,one
2,349,341,342,12,not_a
2,350,1975,1976,11,implied_by
2,351,1016,1017,2,not_implies
2,352,784,785,15,one
2,353,1395,1396,14,not_and
2,354,745,746,6,xor
2,355,1721,1722,5,b
2,356,1666,1667,3,a
2,357,929,930,8,not_or
2,358,1108,1109,4,not_implied_by
2,359,1458,1459,1,and
2,360,1203,1204,10,not_b
2,361,1866,1867,8,not_or
2,362,597,598,14,not_and
2,363,1488,1489,12,not_a
2,364,768,769,11,implied_by
2,365,631,632,7,or
2,366,85,86,7,or
2,367,540,541,0,zero
2,368,442,443,3,a
2,369,1105,1106,3,a
2,370,1498,1499,10,not_b
2,371,1747,1748,9,not_xor
2,372,1204,1205,3,a
2,373,1226,1227,7,or
2,374,765,766,5,b
2,375,949,950,13,implies
2,376,196,197,1,and
2,377,1658,1659,1,and
2,378,328,329,8,not_or
2,379,1966,1967,3,a
2,380,414,415,13,implies
2,381,961,962,10,not_b
2,382,1923,1924,13,implies
2,383,1988,1989,9,not_xor
2,384,680,681,10,not_b
2,385,803,804,7,or
2,386,985,986,9,not_xor
2,387,2,3,10,not_b
2,388,1667,1668,10,not_b
2,389,959,960,10,not_b
2,390,565,566,11,implied_by
2,391,953,954,10,not_b
2,392,848,849,6,xor
2,393,1095,1096,8,not_or
2,394,1745,1746,8,not_or
2,395,165,166,12,not_a
2,396,907,908,4,not_implied_by
2,397,376,377,2,not_implies
2,398,272,273,3,a
2,399,1307,1308,1,and
2,400,585,586,4,not_implied_by
2,401,1844,1845,0,zero
2,402,934,935,12,not_a
2,403,1328,1329,5,b
2,404,446,447,4,not_implied_by
2,405,1507,1508,3,a
2,406,1674,1675,14,not_and
2,407,132,133,11,implied_by
2,408,129,130,11,implied_by
2,409,1369,1370,4,not_implied_by
2,410,624,625,11,implied_by
2,411,252,253,9,not_xor
2,412,1346,1347,4,not_implied_by
2,413,1952,1953,4,not_implied_by
2,414,938,939,4,not_implied_by
2,415,146,147,8,not_or
2,416,1324,1325,14,not_and
2,417,8,9,2,not_implies
2,418,576,577,1,and
2,419,966,967,2,not_implies
2,420,1886,1887,5,b
2,421,1023,1024,10,not_b
2,422,825,826,3,a
2,423,1088,1089,7,or
2,424,747,748,8,not_or
2,425,1166,1167,1,and
2,426,1854,1855,10,not_b
2,427,1994,1995,11,implied_by
2,428,1473,1474,8,not_or
2,429,1769,1770,11,implied_by
2,430,150,151,5,b
2,431,1867,1868,12,not_a
2,432,977,978,3,a
2,433,62,63,11,implied_by
2,434,729,730,2,not_implies
2,435,113,114,1,and
2,436,1291,1292,13,implies
2,437,601,602,9,not_xor
2,438,499,500,1,and
2,439,1219,1220,10,not_b
2,440,470,471,3,a
2,441,1526,1527,1,and
2,442,1833,1834,12,not_a
2,443,1611,1612,14,not_and
2,444,345,346,13,implies
2,445,843,844,0,zero
2,446,515,516,9,not_xor
2,447,1245,1246,8,not_or
2,448,99,100,3,a
2,449,180,181,8,not_or
2,450,706,707,14,not_and
2,451,1700,1701,3,a
2,452,384,385,8,not_or
2,453,1404,1405,9,not_xor
2,454,771,772,11,implied_by
2,455,1796,1797,3,a
2,456,634,635,2,not_implies
2,457,1286,1287,0,zero
2,458,365,366,11,implied_by
2,459,560,561,2,not_implies
2,460,591,592,12,not_a
2,461,347,348,4,not_implied_by
2,462,229,230,14,not_and
2,463,346,347,8,not_or
2,464,1261,1262,3,a
2,465,598,599,10,not_b
2,466,943,944,8,not_or
2,467,1640,1641,1,and
2,468,211,212,6,xor
2,469,308,309,9,not_xor
2,470,1592,1593,5,b
2,471,439,440,7,or
2,472,327,328,5,b
2,473,1012,1013,14,not_and
2,474,994,995,3,a
2,475,1179,1180,2,not_implies
2,476,553,554,0,zero
2,477,185,186,14,not_and
2,478,88,89,5,b
2,479,660,661,10,not_b
2,480,117,118,3,a
2,481,1414,1415,9,not_xor
2,482,356,357,8,not_or
2,483,1681,1682,12,not_a
2,484,141,142,14,not_and
2,485,1343,1344,3,a
2,486,1182,1183,8,not_or
2,487,1180,1181,7,or
2,488,1584,1585,1,and
2,489,1320,1321,7,or
2,490,1315,1316,13,implies
2,491,847,848,1,and
2,492,577,578,14,not_and
2,493,1350,1351,12,not_a
2,494,248,249,4,not_implied_by
2,495,663,664,2,not_implies
2,496,1931,1932,9,not_xor
2,497,1836,1837,13,implies
2,498,498,499,5,b
2,499,1309,1310,10,not_b
2,500,262,263,13,implies
2,501,1757,1758,13,implies
2,502,148,149,4,not_implied_by
2,503,1409,1410,12,not_a
2,504,924,925,1,and
2,505,552,553,13,implies
2,506,611,612,12,not_a
2,507,1183,1184,12,not_a
2,508,648,649,10,not_b
2,509,149,150,5,b
2,510,1762,1763,5,b
2,511,1660,1661,4,not_implied_by
2,512,1763,1764,8,not_or
2,513,546,547,8,not_or
2,514,884,885,2,not_implies
2,515,122,123,12,not_a
2,516,103,104,12,not_a
2,517,1932,1933,5,b
2,518,1871,1872,15,one
2,519,776,777,7,or
2,520,838,839,6,xor
2,521,1904,1905,8,not_or
2,522,319,320,12,not_a
2,523,1619,1620,10,not_b
2,524,1383,1384,12,not_a
2,525,162,163,8,not_or
2,526,727,728,11,implied_by
2,527,1533,1534,5,b
2,528,790,791,1,and
2,529,638,639,7,or
2,530,1661,1662,12,not_a
2,531,1319,1320,14,not_and
2,532,1668,1669,6,xor
2,533,1878,1879,14,not_and
2,534,1539,1540,10,not_b
2,535,1733,1734,9,not_xor
2,536,1311,1312,0,zero
2,537,457,458,11,implied_by
2,538,425,426,12,not_a
2,539,126,127,10,not_b
2,540,521,522,12,not_a
2,541,218,219,2,not_implies
2,542,375,376,10,not_b
2,543,1698,1699,3,a
2,544,1193,1194,12,not_a
2,545,348,349,10,not_b
2,546,1910,1911,7,or
2,547,456,457,13,implies
2,548,1251,1252,4,not_implied_by
2,549,524,525,12,not_a
2,550,489,490,0,zero
2,551,903,904,3,a
2,552,198,199,13,implies
2,553,460,461,10,not_b
2,554,1048,1049,10,not_b
2,555,1829,1830,11,implied_by
2,556,349,350,13,implies
2,557,1434,1435,7,or
2,558,340,341,0,zero
2,559,1087,1088,3,a
2,560,318,319,12,not_a
2,561,974,975,13,implies
2,562,1236,1237,4,not_implied_by
2,563,1222,1223,10,not_b
2,564,1197,1198,13,implies
2,565,1312,1313,13,implies
2,566,1002,1003,7,or
2,567,1521,1522,1,and
2,568,677,678,4,not_implied_by
2,569,1103,1104,14,not_and
2,570,669,670,5,b
2,571,503,504,7,or
2,572,739,740,9,not_xor
2,573,616,617,11,implied_by
2,574,1873,1874,2,not_implies
2,575,596,597,13,implies
2,576,1596,1597,9,not_xor
2,577,1582,1583,1,and
2,578,1602,1603,4,not_implied_by
2,579,1184,1185,12,not_a
2,580,584,585,1,and
2,581,35,36,14,not_and
2,582,339,340,9,not_xor
2,583,1121,1122,1,and
2,584,1439,1440,4,not_implied_by
2,585,1958,1959,10,not_b
2,586,978,979,15,one
2,587,417,418,8,not_or
2,588,364,365,7,or
2,589,578,579,14,not_and
2,590,1638,1639,6,xor
2,591,184,185,5,b
2,592,176,177,1,and
2,593,779,780,6,xor
2,594,861,862,7,or
2,595,1980,1981,11,implied_by
2,596,1176,1177,11,implied_by
2,597,1708,1709,5,b
2,598,65,66,2,not_implies
2,599,886,887,1,and
2,600,1266,1267,4,not_implied_by
2,601,720,721,15,one
2,602,1600,1601,3,a
2,603,336,337,5,b
2,604,895,896,0,zero
2,605,486,487,13,implies
2,606,338,339,6,xor
2,607,1440,1441,7,or
2,608,752,753,8,not_or
2,609,383,384,6,xor
2,610,372,373,15,one
2,611,1011,1012,9,not_xor
2,612,483,484,1,and
2,613,860,861,15,one
2,614,792,793,3,a
2,615,726,727,5,b
2,616,1732,1733,3,a
2,617,96,97,3,a
2,618,255,256,7,or
2,619,820,821,9,not_xor
2,620,358,359,9,not_xor
2,621,427,428,12,not_a
2,622,1597,1598,5,b
2,623,1799,1800,14,not_and
2,624,960,961,3,a
2,625,1139,1140,12,not_a
2,626,1385,1386,1,and
2,627,674,675,7,or
2,628,1716,1717,15,one
2,629,538,539,12,not_a
2,630,1551,1552,4,not_implied_by
2,631,1770,1771,1,and
2,632,1243,1244,6,xor
2,633,1513,1514,14,not_and
2,634,12,13,3,a
2,635,1800,1801,10,not_b
2,636,343,344,7,or
2,637,722,723,13,implies
2,638,917,918,2,not_implies
2,639,754,755,10,not_b
2,640,1218,1219,15,one
2,641,506,507,7,or
2,642,1925,1926,6,xor
2,643,1330,1331,2,not_implies
2,644,1483,1484,2,not_implies
2,645,20,21,6,xor
2,646,604,605,10,not_b
2,647,1425,1426,13,implies
2,648,1216,1217,14,not_and
2,649,1255,1256,14,not_and
2,650,1469,1470,8,not_or
2,651,769,770,13,implies
2,652,485,486,5,b
2,653,548,549,1,and
2,654,1209,1210,10,not_b
2,655,1723,1724,14,not_and
2,656,1889,1890,2,not_implies
2,657,1637,1638,9,not_xor
2,658,1790,1791,5,b
2,659,842,843,12,not_a
2,660,136,137,12,not_a
2,661,373,374,8,not_or
2,662,580,581,2,not_implies
2,663,1459,1460,13,implies
2,664,1673,1674,8,not_or
2,665,1577,1578,10,not_b
2,666,1407,1408,6,xor
2,667,1235,1236,8,not_or
2,668,1860,1861,12,not_a
2,669,1717,1718,3,a
2,670,1481,1482,10,not_b
2,671,1613,1614,11,implied_by
2,672,958,959,1,and
2,673,1893,1894,2,not_implies
2,674,646,647,10,not_b
2,675,1735,1736,5,b
2,676,1634,1635,15,one
2,677,1540,1541,10,not_b
2,678,1061,1062,13,implies
2,679,799,800,3,a
2,680,201,202,8,not_or
2,681,40,41,1,and
2,682,662,663,9,not_xor
2,683,236,237,8,not_or
2,684,979,980,1,and
2,685,13,14,3,a
2,686,1826,1827,12,not_a
2,687,1234,1235,0,zero
2,688,168,169,5,b
2,689,1720,1721,1,and
2,690,1292,1293,7,or
2,691,1490,1491,11,implied_by
2,692,778,779,4,not_implied_by
2,693,239,240,12,not_a
2,694,1671,1672,5,b
2,695,1864,1865,2,not_implies
2,696,271,272,15,one
2,697,1162,1163,2,not_implies
2,698,1096,1097,13,implies
2,699,1150,1151,8,not_or
2,700,329,330,12,not_a
2,701,423,424,14,not_and
2,702,1630,1631,1,and
2,703,448,449,3,a
2,704,106,107,9,not_xor
2,705,1263,1264,5,b
2,706,1487,1488,3,a
2,707,1935,1936,2,not_implies
2,708,1951,1952,2,not_implies
2,709,1550,1551,13,implies
2,710,453,454,10,not_b
2,711,1810,1811,14,not_and
2,712,964,965,15,one
2,713,1554,1555,5,b
2,714,603,604,7,or
2,715,212,213,7,or
2,716,851,852,5,b
2,717,760,761,13,implies
2,718,1386,1387,12,not_a
2,719,796,797,3,a
2,720,1968,1969,12,not_a
2,721,1982,1983,7,or
2,722,1491,1492,10,not_b
2,723,1749,1750,5,b
2,724,1295,1296,10,not_b
2,725,316,317,3,a
2,726,1353,1354,7,or
2,727,244,245,5,b
2,728,713,714,12,not_a
2,729,973,974,8,not_or
2,730,894,895,7,or
2,731,896,897,1,and
2,732,181,182,7,or
2,733,519,520,5,b
2,734,798,799,13,implies
2,735,1544,1545,14,not_and
2,736,0,1,3,a
2,737,550,551,8,not_or
2,738,1387,1388,4,not_implied_by
2,739,1896,1897,13,implies
2,740,1746,1747,1,and
2,741,1042,1043,2,not_implies
2,742,1546,1547,7,or
2,743,466,467,8,not_or
2,744,405,406,4,not_implied_by
2,745,1883,1884,5,b
2,746,1300,1301,3,a
2,747,1494,1495,11,implied_by
2,748,1082,1083,12,not_a
2,749,997,998,14,not_and
2,750,649,650,14,not_and
2,751,1451,1452,8,not_or
2,752,429,430,4,not_implied_by
2,753,1620,1621,8,not_or
2,754,786,787,9,not_xor
2,755,257,258,5,b
2,756,1942,1943,2,not_implies
2,757,1474,1475,0,zero
2,758,488,489,12,not_a
2,759,982,983,6,xor
2,760,24,25,14,not_and
2,761,214,215,13,implies
2,762,1092,1093,11,implied_by
2,763,1739,1740,14,not_and
2,764,1774,1775,7,or
2,765,237,238,2,not_implies
2,766,1122,1123,4,not_implied_by
2,767,1946,1947,10,not_b
2,768,1537,1538,5,b
2,769,192,193,0,zero
2,770,1090,1091,14,not_and
2,771,1617,1618,3,a
2,772,1711,1712,8,not_or
2,773,1754,1755,12,not_a
2,774,1378,1379,4,not_implied_by
2,775,679,680,1,and
2,776,1115,1116,7,or
2,777,661,662,2,not_implies
2,778,549,550,8,not_or
2,779,1927,1928,12,not_a
2,780,419,420,10,not_b
2,781,928,929,12,not_a
2,782,1997,1998,1,and
2,783,1629,1630,5,b
2,784,1290,1291,3,a
2,785,313,314,5,b
2,786,1270,1271,0,zero
2,787,693,694,5,b
2,788,1093,1094,11,implied_by
2,789,1402,1403,8,not_or
2,790,1981,1982,2,not_implies
2,791,398,399,10,not_b
2,792,846,847,15,one
2,793,1186,1187,1,and
2,794,589,590,14,not_and
2,795,815,816,2,not_implies
2,796,1978,1979,12,not_a
2,797,1909,1910,4,not_implied_by
2,798,1813,1814,14,not_and
2,799,344,345,10,not_b
2,800,658,659,12,not_a
2,801,259,260,5,b
2,802,260,261,13,implies
2,803,389,390,8,not_or
2,804,676,677,10,not_b
2,805,1202,1203,11,implied_by
2,806,1734,1735,0,zero
2,807,1830,1831,14,not_and
2,808,757,758,3,a
2,809,455,456,6,xor
2,810,1259,1260,12,not_a
2,811,905,906,15,one
2,812,93,94,1,and
2,813,1795,1796,2,not_implies
2,814,744,745,12,not_a
2,815,817,818,13,implies
2,816,1028,1029,2,not_implies
2,817,1794,1795,7,or
2,818,51,52,14,not_and
2,819,741,742,6,xor
2,820,379,380,5,b
2,821,1670,1671,6,xor
2,822,49,50,2,not_implies
2,823,1786,1787,1,and
2,824,1689,1690,2,not_implies
2,825,1438,1439,12,not_a
2,826,554,555,6,xor
2,827,1672,1673,9,not_xor
2,828,697,698,14,not_and
2,829,1044,1045,9,not_xor
2,830,797,798,0,zero
2,831,1260,1261,14,not_and
2,832,1477,1478,1,and
2,833,450,451,8,not_or
2,834,1974,1975,4,not_implied_by
2,835,1210,1211,10,not_b
2,836,767,768,6,xor
2,837,1593,1594,1,and
2,838,1153,1154,7,or
2,839,1827,1828,4,not_implied_by
2,840,315,316,2,not_implies
2,841,1466,1467,3,a
2,842,539,540,15,one
2,843,1688,1689,10,not_b
2,844,1283,1284,5,b
2,845,203,204,10,not_b
2,846,368,369,4,not_implied_by
2,847,561,562,12,not_a
2,848,1039,1040,4,not_implied_by
2,849,1265,1266,2,not_implies
2,850,1142,1143,13,implies
2,851,1373,1374,2,not_implies
2,852,850,851,3,a
2,853,980,981,9,not_xor
2,854,1973,1974,6,xor
2,855,73,74,5,b
2,856,222,223,3,a
2,857,1706,1707,5,b
2,858,1771,1772,14,not_and
2,859,289,290,15,one
2,860,1172,1173,10,not_b
2,861,592,593,10,not_b
2,862,83,84,3,a
2,863,967,968,5,b
2,864,3,4,14,not_and
2,865,987,988,5,b
2,866,708,709,15,one
2,867,1405,1406,1,and
2,868,1192,1193,10,not_b
2,869,227,228,9,not_xor
2,870,82,83,3,a
2,871,408,409,2,not_implies
2,872,1744,1745,8,not_or
2,873,709,710,11,implied_by
2,874,574,575,4,not_implied_by
2,875,314,315,1,and
2,876,1520,1521,3,a
2,877,1135,1136,14,not_and
2,878,950,951,11,implied_by
2,879,330,331,15,one
2,880,131,132,11,implied_by
2,881,902,903,8,not_or
2,882,1347,1348,10,not_b
2,883,174,175,8,not_or
2,884,1835,1836,2,not_implies
2,885,161,162,3,a
2,886,1252,1253,13,implies
2,887,1996,1997,14,not_and
2,888,1610,1611,6,xor
2,889,1132,1133,15,one
2,890,1144,1145,11,implied_by
2,891,1614,1615,11,implied_by
2,892,1117,1118,5,b
2,893,642,643,5,b
2,894,1869,1870,9,not_xor
2,895,831,832,0,zero
2,896,1076,1077,1,and
2,897,761,762,13,implies
2,898,1564,1565,11,implied_by
2,899,594,595,15,one
2,900,277,278,14,not_and
2,901,502,503,5,b
2,902,558,559,4,not_implied_by
2,903,357,358,12,not_a
2,904,1151,1152,1,and
2,905,1653,1654,4,not_implied_by
2,906,1842,1843,12,not_a
2,907,334,335,2,not_implies
2,908,1246,1247,12,not_a
2,909,1410,1411,1,and
2,910,1505,1506,3,a
2,911,716,717,3,a
2,912,753,754,3,a
2,913,1332,1333,8,not_or
2,914,719,720,8,not_or
2,915,482,483,10,not_b
2,916,1675,1676,5,b
2,917,1071,1072,5,b
2,918,1928,1929,8,not_or
2,919,1221,1222,6,xor
2,920,57,58,1,and
2,921,1832,1833,2,not_implies
2,922,171,172,2,not_implies
2,923,1809,1810,13,implies
2,924,1862,1863,14,not_and
2,925,1702,1703,11,implied_by
2,926,1841,1842,2,not_implies
2,927,1220,1221,7,or
2,928,1375,1376,14,not_and
2,929,1124,1125,8,not_or
2,930,963,964,13,implies
2,931,570,571,11,implied_by
2,932,317,318,10,not_b
2,933,298,299,12,not_a
2,934,34,35,6,xor
2,935,53,54,10,not_b
2,936,378,379,7,or
2,937,1364,1365,14,not_and
2,938,311,312,12,not_a
2,939,1743,1744,1,and
2,940,1060,1061,5,b
2,941,303,304,12,not_a
2,942,1875,1876,11,implied_by
2,943,1428,1429,14,not_and
2,944,461,462,0,zero
2,945,66,67,0,zero
2,946,396,397,1,and
2,947,1955,1956,3,a
2,948,1609,1610,6,xor
2,949,920,921,15,one
2,950,1740,1741,11,implied_by
2,951,608,609,8,not_or
2,952,123,124,10,not_b
2,953,1329,1330,2,not_implies
2,954,942,943,10,not_b
2,955,1119,1120,13,implies
2,956,1127,1128,11,implied_by
2,957,1865,1866,0,zero
2,958,893,894,8,not_or
2,959,1185,1186,6,xor
2,960,1091,1092,1,and
2,961,1206,1207,12,not_a
2,962,256,257,1,and
2,963,777,778,14,not_and
2,964,948,949,4,not_implied_by
2,965,772,773,6,xor
2,966,119,120,0,zero
2,967,1237,1238,12,not_a
2,968,89,90,10,not_b
2,969,1212,1213,6,xor
2,970,459,460,3,a
2,971,94,95,12,not_a
2,972,441,442,11,implied_by
2,973,1158,1159,5,b
2,974,734,735,7,or
2,975,721,722,13,implies
2,976,1696,1697,2,not_implies
2,977,933,934,13,implies
2,978,1351,1352,15,one
2,979,380,381,3,a
2,980,704,705,12,not_a
2,981,1822,1823,10,not_b
2,982,935,936,3,a
2,983,1014,1015,0,zero
2,984,1232,1233,4,not_implied_by
2,985,52,53,12,not_a
2,986,690,691,2,not_implies
2,987,1697,1698,10,not_b
2,988,992,993,14,not_and
2,989,440,441,13,implies
2,990,1372,1373,11,implied_by
2,991,900,901,10,not_b
2,992,1043,1044,2,not_implies
2,993,147,148,6,xor
2,994,359,360,3,a
2,995,21,22,6,xor
2,996,1874,1875,4,not_implied_by
2,997,1313,1314,4,not_implied_by
2,998,735,736,5,b
2,999,55,56,13,implies
2,1000,1781,1782,12,not_a
2,1001,172,173,5,b
2,1002,532,533,7,or
2,1003,1485,1486,2,not_implies
2,1004,1289,1290,9,not_xor
2,1005,183,184,4,not_implied_by
2,1006,512,513,11,implied_by
2,1007,290,291,4,not_implied_by
2,1008,730,731,2,not_implies
2,1009,1486,1487,7,or
2,1010,251,252,4,not_implied_by
2,1011,1692,1693,7,or
2,1012,1367,1368,8,not_or
2,1013,1430,1431,11,implied_by
2,1014,1627,1628,15,one
2,1015,1327,1328,11,implied_by
2,1016,1687,1688,9,not_xor
2,1017,1422,1423,11,implied_by
2,1018,16,17,5,b
2,1019,1403,1404,10,not_b
2,1020,1784,1785,12,not_a
2,1021,476,477,14,not_and
2,1022,999,1000,5,b
2,1023,46,47,5,b
2,1024,854,855,11,implied_by
2,1025,1147,1148,2,not_implies
2,1026,939,940,12,not_a
2,1027,1354,1355,7,or
2,1028,190,191,7,or
2,1029,1549,1550,15,one
2,1030,1189,1190,13,implies
2,1031,1944,1945,12,not_a
2,1032,1052,1053,12,not_a
2,1033,1444,1445,13,implies
2,1034,836,837,11,implied_by
2,1035,923,924,1,and
2,1036,1767,1768,9,not_xor
2,1037,1140,1141,3,a
2,1038,808,809,10,not_b
2,1039,159,160,11,implied_by
2,1040,787,788,9,not_xor
2,1041,1461,1462,1,and
2,1042,1026,1027,14,not_and
2,1043,750,751,12,not_a
2,1044,1791,1792,6,xor
2,1045,78,79,5,b
2,1046,936,937,5,b
2,1047,1908,1909,3,a
2,1048,1995,1996,14,not_and
2,1049,667,668,8,not_or
2,1050,258,259,10,not_b
2,1051,322,323,13,implies
2,1052,286,287,8,not_or
2,1053,1256,1257,7,or
2,1054,395,396,6,xor
2,1055,921,922,11,implied_by
2,1056,1780,1781,2,not_implies
2,1057,1083,1084,11,implied_by
2,1058,152,153,8,not_or
2,1059,643,644,5,b
2,1060,326,327,5,b
2,1061,724,725,15,one
2,1062,217,218,4,not_implied_by
2,1063,501,502,1,and
2,1064,1472,1473,0,zero
2,1065,1394,1395,13,implies
2,1066,253,254,5,b
2,1067,1276,1277,2,not_implies
2,1068,812,813,7,or
2,1069,1470,1471,7,or
2,1070,135,136,1,and
2,1071,81,82,15,one
2,1072,496,497,1,and
2,1073,774,775,7,or
2,1074,1437,1438,5,b
2,1075,1664,1665,9,not_xor
2,1076,127,128,12,not_a
2,1077,1984,1985,8,not_or
2,1078,1930,1931,14,not_and
2,1079,819,820,10,not_b
2,1080,1737,1738,14,not_and
2,1081,1876,1877,6,xor
2,1082,879,880,1,and
2,1083,1642,1643,7,or
2,1084,204,205,1,and
2,1085,1522,1523,1,and
2,1086,1380,1381,0,zero
2,1087,242,243,0,zero
2,1088,1128,1129,12,not_a
2,1089,464,465,4,not_implied_by
2,1090,1787,1788,7,or
2,1091,1859,1860,7,or
2,1092,1104,1105,3,a
2,1093,27,28,11,implied_by
2,1094,1644,1645,7,or
2,1095,984,985,10,not_b
2,1096,497,498,13,implies
2,1097,1890,1891,7,or
2,1098,454,455,10,not_b
2,1099,699,700,2,not_implies
2,1100,852,853,8,not_or
2,1101,983,984,11,implied_by
2,1102,1273,1274,12,not_a
2,1103,370,371,12,not_a
2,1104,1541,1542,10,not_b
2,1105,1647,1648,12,not_a
2,1106,1496,1497,14,not_and
2,1107,1055,1056,7,or
2,1108,224,225,7,or
2,1109,880,881,15,one
2,1110,1143,1144,5,b
2,1111,241,242,3,a
2,1112,1340,1341,5,b
2,1113,1718,1719,1,and
2,1114,547,548,4,not_implied_by
2,1115,1009,1010,9,not_xor
2,1116,1684,1685,10,not_b
2,1117,1178,1179,1,and
2,1118,1591,1592,5,b
2,1119,711,712,13,implies
2,1120,140,141,14,not_and
2,1121,940,941,12,not_a
2,1122,892,893,1,and
2,1123,361,362,1,and
2,1124,215,216,9,not_xor
2,1125,1453,1454,6,xor
2,1126,698,699,7,or
2,1127,1703,1704,8,not_or
2,1128,1363,1364,5,b
2,1129,1626,1627,2,not_implies
2,1130,139,140,1,and
2,1131,1301,1302,11,implied_by
2,1132,1824,1825,11,implied_by
2,1133,266,267,10,not_b
2,1134,1160,1161,9,not_xor
2,1135,1341,1342,4,not_implied_by
2,1136,406,407,3,a
2,1137,210,211,14,not_and
2,1138,1850,1851,5,b
2,1139,1177,1178,11,implied_by
2,1140,1064,1065,1,and
2,1141,1729,1730,12,not_a
2,1142,6,7,14,not_and
2,1143,1059,1060,10,not_b
2,1144,381,382,4,not_implied_by
2,1145,1388,1389,7,or
2,1146,1484,1485,5,b
2,1147,102,103,1,and
2,1148,511,512,14,not_and
2,1149,1586,1587,14,not_and
2,1150,1436,1437,4,not_implied_by
2,1151,1338,1339,1,and
2,1152,835,836,5,b
2,1153,1777,1778,12,not_a
2,1154,1801,1802,8,not_or
2,1155,1905,1906,12,not_a
2,1156,1352,1353,0,zero
2,1157,599,600,12,not_a
2,1158,291,292,12,not_a
2,1159,1501,1502,11,implied_by
2,1160,422,423,4,not_implied_by
2,1161,645,646,8,not_or
2,1162,878,879,14,not_and
2,1163,957,958,4,not_implied_by
2,1164,718,719,5,b
2,1165,1021,1022,15,one
2,1166,320,321,10,not_b
2,1167,572,573,5,b
2,1168,656,657,15,one
2,1169,981,982,10,not_b
2,1170,875,876,15,one
2,1171,1050,1051,8,not_or
2,1172,1938,1939,5,b
2,1173,1420,1421,3,a
2,1174,1605,1606,8,not_or
2,1175,1730,1731,2,not_implies
2,1176,463,464,3,a
2,1177,1929,1930,5,b
2,1178,1695,1696,12,not_a
2,1179,154,155,0,zero
2,1180,1816,1817,11,implied_by
2,1181,1755,1756,7,or
2,1182,991,992,14,not_and
2,1183,307,308,5,b
2,1184,38,39,2,not_implies
2,1185,142,143,2,not_implies
2,1186,188,189,14,not_and
2,1187,1401,1402,6,xor
2,1188,1649,1650,11,implied_by
2,1189,630,631,4,not_implied_by
2,1190,1580,1581,4,not_implied_by
2,1191,614,615,7,or
2,1192,874,875,11,implied_by
2,1193,265,266,8,not_or
2,1194,1571,1572,10,not_b
2,1195,581,582,3,a
2,1196,990,991,2,not_implies
2,1197,1047,1048,3,a
2,1198,1112,1113,4,not_implied_by
2,1199,1066,1067,4,not_implied_by
2,1200,1356,1357,8,not_or
2,1201,151,152,11,implied_by
2,1202,1118,1119,11,implied_by
2,1203,556,557,7,or
2,1204,1208,1209,1,and
2,1205,276,277,7,or
2,1206,1606,1607,4,not_implied_by
2,1207,1384,1385,0,zero
2,1208,1583,1584,8,not_or
2,1209,387,388,5,b
2,1210,1764,1765,14,not_and
2,1211,865,866,5,b
2,1212,431,432,2,not_implies
2,1213,1798,1799,8,not_or
2,1214,477,478,1,and
2,1215,1808,1809,12,not_a
2,1216,1511,1512,2,not_implies
2,1217,1751,1752,10,not_b
2,1218,1003,1004,8,not_or
2,1219,1041,1042,7,or
2,1220,1254,1255,1,and
2,1221,288,289,2,not_implies
2,1222,527,528,7,or
2,1223,153,154,0,zero
2,1224,1853,1854,14,not_and
2,1225,1337,1338,3,a
2,1226,1205,1206,2,not_implies
2,1227,1572,1573,7,or
2,1228,1155,1156,5,b
2,1229,1519,1520,5,b
2,1230,1722,1723,5,b
2,1231,143,144,13,implies
2,1232,1957,1958,1,and
2,1233,1277,1278,1,and
2,1234,1004,1005,6,xor
2,1235,1114,1115,11,implied_by
2,1236,1478,1479,12,not_a
2,1237,490,491,15,one
2,1238,1604,1605,5,b
2,1239,1531,1532,1,and
2,1240,209,210,2,not_implies
2,1241,1250,1251,9,not_xor
2,1242,1447,1448,7,or
2,1243,1662,1663,13,implies
2,1244,1758,1759,10,not_b
2,1245,1455,1456,9,not_xor
2,1246,7,8,8,not_or
2,1247,510,511,1,and
2,1248,1560,1561,5,b
2,1249,522,523,11,implied_by
2,1250,323,324,11,implied_by
2,1251,514,515,13,implies
2,1252,1502,1503,3,a
2,1253,508,509,5,b
2,1254,243,244,1,and
2,1255,736,737,2,not_implies
2,1256,937,938,14,not_and
2,1257,881,882,3,a
2,1258,619,620,0,zero
2,1259,788,789,2,not_implies
2,1260,1240,1241,8,not_or
2,1261,1843,1844,7,or
2,1262,1432,1433,13,implies
2,1263,1589,1590,1,and
2,1264,782,783,12,not_a
2,1265,1714,1715,13,implies
2,1266,182,183,15,one
2,1267,651,652,5,b
2,1268,1227,1228,5,b
2,1269,620,621,3,a
2,1270,763,764,10,not_b
2,1271,1655,1656,12,not_a
2,1272,1913,1914,4,not_implied_by
2,1273,1081,1082,0,zero
2,1274,568,569,13,implies
2,1275,1441,1442,2,not_implies
2,1276,1310,1311,14,not_and
2,1277,1008,1009,12,not_a
2,1278,918,919,14,not_and
2,1279,1557,1558,5,b
2,1280,145,146,3,a
2,1281,1712,1713,13,implies
2,1282,452,453,8,not_or
2,1283,1964,1965,14,not_and
2,1284,781,782,10,not_b
2,1285,513,514,1,and
2,1286,1682,1683,5,b
2,1287,1371,1372,1,and
2,1288,696,697,7,or
2,1289,925,926,3,a
2,1290,1278,1279,11,implied_by
2,1291,479,480,4,not_implied_by
2,1292,164,165,1,and
2,1293,910,911,7,or
2,1294,1547,1548,0,zero
2,1295,590,591,11,implied_by
2,1296,868,869,5,b
2,1297,1510,1511,10,not_b
2,1298,1659,1660,1,and
2,1299,107,108,14,not_and
2,1300,1669,1670,15,one
2,1301,684,685,6,xor
2,1302,962,963,9,not_xor
2,1303,1528,1529,4,not_implied_by
2,1304,1037,1038,1,and
2,1305,945,946,11,implied_by
2,1306,130,131,14,not_and
2,1307,467,468,7,or
2,1308,1145,1146,2,not_implies
2,1309,1543,1544,5,b
2,1310,71,72,12,not_a
2,1311,1804,1805,5,b
2,1312,1421,1422,11,implied_by
2,1313,1211,1212,3,a
2,1314,374,375,2,not_implies
2,1315,1882,1883,10,not_b
2,1316,1275,1276,8,not_or
2,1317,306,307,13,implies
2,1318,1334,1335,3,a
2,1319,430,431,5,b
2,1320,1399,1400,7,or
2,1321,732,733,11,implied_by
2,1322,1911,1912,3,a
2,1323,555,556,4,not_implied_by
2,1324,1029,1030,10,not_b
2,1325,1365,1366,13,implies
2,1326,1742,1743,13,implies
2,1327,1097,1098,8,not_or
2,1328,1322,1323,8,not_or
2,1329,1783,1784,15,one
2,1330,1058,1059,1,and
2,1331,1887,1888,4,not_implied_by
2,1332,1840,1841,7,or
2,1333,1424,1425,3,a
2,1334,1303,1304,3,a
2,1335,1898,1899,0,zero
2,1336,23,24,6,xor
2,1337,1199,1200,5,b
2,1338,859,860,7,or
2,1339,175,176,5,b
2,1340,1848,1849,13,implies
2,1341,1294,1295,9,not_xor
2,1342,469,470,6,xor
2,1343,1072,1073,12,not_a
2,1344,919,920,11,implied_by
2,1345,98,99,10,not_b
2,1346,392,393,6,xor
2,1347,700,701,3,a
2,1348,60,61,3,a
2,1349,393,394,4,not_implied_by
2,1350,1333,1334,2,not_implies
2,1351,1948,1949,4,not_implied_by
2,1352,887,888,3,a
2,1353,193,194,4,not_implied_by
2,1354,1308,1309,13,implies
2,1355,1823,1824,13,implies
2,1356,1113,1114,1,and
2,1357,1663,1664,10,not_b
2,1358,280,281,0,zero
2,1359,563,564,15,one
2,1360,101,102,10,not_b
2,1361,1067,1068,1,and
2,1362,1086,1087,5,b
2,1363,1555,1556,7,or
2,1364,678,679,7,or
2,1365,692,693,7,or
2,1366,1792,1793,4,not_implied_by
2,1367,410,411,1,and
2,1368,1845,1846,12,not_a
2,1369,1631,1632,1,and
2,1370,1299,1300,10,not_b
2,1371,1126,1127,4,not_implied_by
2,1372,668,669,15,one
2,1373,1811,1812,13,implies
2,1374,189,190,12,not_a
2,1375,478,479,2,not_implies
2,1376,1567,1568,12,not_a
2,1377,1789,1790,7,or
2,1378,1411,1412,2,not_implies
2,1379,1123,1124,5,b
2,1380,18,19,12,not_a
2,1381,1078,1079,7,or
2,1382,870,871,8,not_or
2,1383,867,868,0,zero
2,1384,1715,1716,4,not_implied_by
2,1385,571,572,3,a
2,1386,1803,1804,14,not_and
2,1387,758,759,5,b
2,1388,664,665,13,implies
2,1389,363,364,0,zero
2,1390,832,833,10,not_b
2,1391,240,241,3,a
2,1392,54,55,11,implied_by
2,1393,1926,1927,13,implies
2,1394,118,119,1,and
2,1395,1010,1011,8,not_or
2,1396,178,179,10,not_b
2,1397,505,506,13,implies
2,1398,449,450,5,b
2,1399,1070,1071,1,and
2,1400,1018,1019,10,not_b
2,1401,382,383,2,not_implies
2,1402,22,23,5,b
2,1403,1231,1232,14,not_and
2,1404,1175,1176,4,not_implied_by
2,1405,694,695,3,a
2,1406,955,956,7,or
2,1407,1719,1720,7,or
2,1408,844,845,5,b
2,1409,1680,1681,13,implies
2,1410,304,305,4,not_implied_by
2,1411,1940,1941,12,not_a
2,1412,1408,1409,5,b
2,1413,504,505,1,and
2,1414,1475,1476,5,b
2,1415,451,452,0,zero
2,1416,491,492,7,or
2,1417,472,473,15,one
2,1418,1285,1286,15,one
2,1419,1535,1536,3,a
2,1420,1788,1789,12,not_a
2,1421,1225,1226,13,implies
2,1422,1131,1132,11,implied_by
2,1423,58,59,12,not_a
2,1424,335,336,11,implied_by
2,1425,170,171,9,not_xor
2,1426,795,796,10,not_b
2,1427,830,831,3,a
2,1428,1068,1069,3,a
2,1429,1750,1751,7,or
2,1430,1775,1776,13,implies
2,1431,806,807,1,and
2,1432,1950,1951,14,not_and
2,1433,807,808,11,implied_by
2,1434,1374,1375,13,implies
2,1435,415,416,3,a
2,1436,1069,1070,1,and
2,1437,534,535,5,b
2,1438,1538,1539,7,or
2,1439,1480,1481,14,not_and
2,1440,1173,1174,11,implied_by
2,1441,1793,1794,0,zero
2,1442,1316,1317,5,b
2,1443,833,834,2,not_implies
2,1444,1393,1394,4,not_implied_by
2,1445,1707,1708,6,xor
2,1446,1339,1340,11,implied_by
2,1447,225,226,9,not_xor
2,1448,167,168,8,not_or
2,1449,77,78,10,not_b
2,1450,1969,1970,0,zero
2,1451,1413,1414,9,not_xor
2,1452,1080,1081,3,a
2,1453,1381,1382,10,not_b
2,1454,841,842,13,implies
2,1455,1200,1201,7,or
2,1456,371,372,10,not_b
2,1457,1020,1021,3,a
2,1458,216,217,13,implies
2,1459,1406,1407,6,xor
2,1460,1962,1963,12,not_a
2,1461,1377,1378,12,not_a
2,1462,1133,1134,0,zero
2,1463,228,229,10,not_b
2,1464,432,433,4,not_implied_by
2,1465,1107,1108,8,not_or
2,1466,42,43,1,and
2,1467,530,531,2,not_implies
2,1468,1806,1807,1,and
2,1469,965,966,4,not_implied_by
2,1470,988,989,2,not_implies
2,1471,1229,1230,9,not_xor
2,1472,1342,1343,1,and
2,1473,1238,1239,10,not_b
2,1474,37,38,13,implies
2,1475,74,75,6,xor
2,1476,1075,1076,5,b
2,1477,1390,1391,10,not_b
2,1478,1556,1557,15,one
2,1479,840,841,13,implies
2,1480,1607,1608,3,a
2,1481,186,187,5,b
2,1482,1628,1629,12,not_a
2,1483,1820,1821,7,or
2,1484,1454,1455,2,not_implies
2,1485,1344,1345,4,not_implied_by
2,1486,1418,1419,8,not_or
2,1487,1368,1369,8,not_or
2,1488,707,708,14,not_and
2,1489,1032,1033,12,not_a
2,1490,1710,1711,6,xor
2,1491,200,201,10,not_b
2,1492,1389,1390,3,a
2,1493,128,129,2,not_implies
2,1494,600,601,13,implies
2,1495,1267,1268,9,not_xor
2,1496,1563,1564,1,and
2,1497,1163,1164,10,not_b
2,1498,1187,1188,12,not_a
2,1499,1169,1170,2,not_implies
2,1500,1914,1915,3,a
2,1501,160,161,2,not_implies
2,1502,1181,1182,10,not_b
2,1503,199,200,12,not_a
2,1504,1945,1946,1,and
2,1505,63,64,5,b
2,1506,1416,1417,3,a
2,1507,800,801,8,not_or
2,1508,1646,1647,3,a
2,1509,1239,1240,12,not_a
2,1510,1272,1273,13,implies
2,1511,1509,1510,7,or
2,1512,1100,1101,14,not_and
2,1513,1188,1189,10,not_b
2,1514,1348,1349,10,not_b
2,1515,366,367,13,implies
2,1516,1713,1714,7,or
2,1517,1500,1501,13,implies
2,1518,701,702,9,not_xor
2,1519,219,220,2,not_implies
2,1520,516,517,10,not_b
2,1521,1085,1086,7,or
2,1522,531,532,14,not_and
2,1523,232,233,1,and
2,1524,813,814,12,not_a
2,1525,1915,1916,11,implied_by
2,1526,1934,1935,2,not_implies
2,1527,1460,1461,10,not_b
2,1528,1956,1957,5,b
2,1529,665,666,14,not_and
2,1530,1581,1582,7,or
2,1531,507,508,7,or
2,1532,1396,1397,9,not_xor
2,1533,1852,1853,9,not_xor
2,1534,564,565,5,b
2,1535,1936,1937,10,not_b
2,1536,695,696,10,not_b
2,1537,41,42,14,not_and
2,1538,1856,1857,15,one
2,1539,158,159,15,one
2,1540,1924,1925,1,and
2,1541,1643,1644,14,not_and
2,1542,1641,1642,1,and
2,1543,1516,1517,7,or
2,1544,299,300,10,not_b
2,1545,1648,1649,10,not_b
2,1546,1228,1229,2,not_implies
2,1547,1157,1158,13,implies
2,1548,1559,1560,1,and
2,1549,120,121,4,not_implied_by
2,1550,728,729,4,not_implied_by
2,1551,1645,1646,13,implies
2,1552,789,790,9,not_xor
2,1553,822,823,8,not_or
2,1554,1949,1950,9,not_xor
2,1555,10,11,5,b
2,1556,1253,1254,0,zero
2,1557,413,414,4,not_implied_by
2,1558,623,624,1,and
2,1559,1612,1613,13,implies
2,1560,369,370,12,not_a
2,1561,1194,1195,0,zero
2,1562,207,208,8,not_or
2,1563,655,656,4,not_implied_by
2,1564,28,29,10,not_b
2,1565,487,488,3,a
2,1566,1040,1041,13,implies
2,1567,90,91,11,implied_by
2,1568,1325,1326,14,not_and
2,1569,1987,1988,7,or
2,1570,1359,1360,2,not_implies
2,1571,92,93,2,not_implies
2,1572,1685,1686,2,not_implies
2,1573,1370,1371,8,not_or
2,1574,1191,1192,4,not_implied_by
2,1575,915,916,13,implies
2,1576,206,207,13,implies
2,1577,1728,1729,7,or
2,1578,1961,1962,4,not_implied_by
2,1579,622,623,9,not_xor
2,1580,125,126,12,not_a
2,1581,1457,1458,12,not_a
2,1582,520,521,1,and
2,1583,544,545,10,not_b
2,1584,1269,1270,12,not_a
2,1585,480,481,1,and
2,1586,617,618,5,b
2,1587,1677,1678,8,not_or
2,1588,438,439,8,not_or
2,1589,1532,1533,6,xor
2,1590,76,77,1,and
2,1591,403,404,7,or
2,1592,67,68,9,not_xor
2,1593,1623,1624,10,not_b
2,1594,818,819,11,implied_by
2,1595,226,227,3,a
2,1596,883,884,14,not_and
2,1597,542,543,10,not_b
2,1598,1709,1710,5,b
2,1599,702,703,2,not_implies
2,1600,647,648,12,not_a
2,1601,69,70,5,b
2,1602,681,682,10,not_b
2,1603,1837,1838,7,or
2,1604,1901,1902,0,zero
2,1605,474,475,14,not_and
2,1606,1657,1658,10,not_b
2,1607,287,288,13,implies
2,1608,890,891,14,not_and
2,1609,1863,1864,4,not_implied_by
2,1610,821,822,3,a
2,1611,1427,1428,12,not_a
2,1612,462,463,5,b
2,1613,1317,1318,1,and
2,1614,1686,1687,7,or
2,1615,1258,1259,5,b
2,1616,583,584,10,not_b
2,1617,1545,1546,14,not_and
2,1618,1825,1826,12,not_a
2,1619,281,282,4,not_implied_by
2,1620,223,224,8,not_or
2,1621,901,902,4,not_implied_by
2,1622,873,874,8,not_or
2,1623,1518,1519,0,zero
2,1624,284,285,11,implied_by
2,1625,688,689,3,a
2,1626,723,724,11,implied_by
2,1627,746,747,2,not_implies
2,1628,888,889,10,not_b
2,1629,116,117,5,b
2,1630,179,180,5,b
2,1631,426,427,5,b
2,1632,111,112,10,not_b
2,1633,588,589,6,xor
2,1634,1302,1303,10,not_b
2,1635,1947,1948,3,a
2,1636,1725,1726,2,not_implies
2,1637,1355,1356,8,not_or
2,1638,705,706,10,not_b
2,1639,989,990,7,or
2,1640,400,401,13,implies
2,1641,559,560,13,implies
2,1642,1683,1684,12,not_a
2,1643,337,338,1,and
2,1644,1034,1035,14,not_and
2,1645,731,732,15,one
2,1646,1053,1054,14,not_and
2,1647,1120,1121,7,or
2,1648,670,671,1,and
2,1649,1305,1306,15,one
2,1650,1242,1243,13,implies
2,1651,1542,1543,12,not_a
2,1652,593,594,14,not_and
2,1653,87,88,4,not_implied_by
2,1654,587,588,14,not_and
2,1655,394,395,6,xor
2,1656,47,48,10,not_b
2,1657,367,368,5,b
2,1658,409,410,9,not_xor
2,1659,1525,1526,15,one
2,1660,1870,1871,10,not_b
2,1661,885,886,1,and
2,1662,5,6,3,a
2,1663,606,607,13,implies
2,1664,1884,1885,14,not_and
2,1665,644,645,1,and
2,1666,1615,1616,9,not_xor
2,1667,1650,1651,7,or
2,1668,1017,1018,12,not_a
2,1669,1464,1465,14,not_and
2,1670,659,660,4,not_implied_by
2,1671,641,642,1,and
2,1672,856,857,4,not_implied_by
2,1673,749,750,3,a
2,1674,1331,1332,9,not_xor
2,1675,1705,1706,2,not_implies
2,1676,809,810,12,not_a
2,1677,1636,1637,11,implied_by
2,1678,827,828,9,not_xor
2,1679,993,994,14,not_and
2,1680,1445,1446,9,not_xor
2,1681,1280,1281,7,or
2,1682,91,92,12,not_a
2,1683,1635,1636,4,not_implied_by
2,1684,1506,1507,11,implied_by
2,1685,1568,1569,10,not_b
2,1686,689,690,3,a
2,1687,138,139,14,not_and
2,1688,420,421,5,b
2,1689,1530,1531,4,not_implied_by
2,1690,1608,1609,14,not_and
2,1691,64,65,14,not_and
2,1692,1111,1112,5,b
2,1693,1676,1677,8,not_or
2,1694,1970,1971,1,and
2,1695,1515,1516,10,not_b
2,1696,1828,1829,15,one
2,1697,762,763,12,not_a
2,1698,1590,1591,9,not_xor
2,1699,1293,1294,5,b
2,1700,187,188,2,not_implies
2,1701,853,854,1,and
2,1702,855,856,7,or
2,1703,1699,1700,8,not_or
2,1704,672,673,14,not_and
2,1705,1366,1367,12,not_a
2,1706,1632,1633,11,implied_by
2,1707,436,437,14,not_and
2,1708,1358,1359,5,b
2,1709,1038,1039,10,not_b
2,1710,686,687,1,and
2,1711,197,198,4,not_implied_by
2,1712,857,858,4,not_implied_by
2,1713,633,634,0,zero
2,1714,1741,1742,9,not_xor
2,1715,1476,1477,2,not_implies
2,1716,1164,1165,3,a
2,1717,536,537,14,not_and
2,1718,1049,1050,3,a
2,1719,1575,1576,6,xor
2,1720,1727,1728,12,not_a
2,1721,1201,1202,5,b
2,1722,927,928,8,not_or
2,1723,566,567,1,and
2,1724,4,5,3,a
2,1725,1400,1401,10,not_b
2,1726,715,716,3,a
2,1727,1899,1900,2,not_implies
2,1728,1006,1007,12,not_a
2,1729,1213,1214,12,not_a
2,1730,703,704,2,not_implies
2,1731,84,85,4,not_implied_by
2,1732,1264,1265,11,implied_by
2,1733,976,977,4,not_implied_by
2,1734,1912,1913,5,b
2,1735,1495,1496,10,not_b
2,1736,493,494,7,or
2,1737,654,655,9,not_xor
2,1738,629,630,4,not_implied_by
2,1739,586,587,12,not_a
2,1740,897,898,13,implies
2,1741,882,883,1,and
2,1742,1000,1001,13,implies
2,1743,1979,1980,13,implies
2,1744,1094,1095,3,a
2,1745,804,805,12,not_a
2,1746,1306,1307,2,not_implies
2,1747,1504,1505,13,implies
2,1748,1782,1783,5,b
2,1749,1527,1528,10,not_b
2,1750,605,606,4,not_implied_by
2,1751,300,301,11,implied_by
2,1752,535,536,1,and
2,1753,169,170,13,implies
2,1754,1846,1847,4,not_implied_by
2,1755,1960,1961,12,not_a
2,1756,401,402,12,not_a
2,1757,1101,1102,4,not_implied_by
2,1758,402,403,9,not_xor
2,1759,1262,1263,12,not_a
2,1760,263,264,4,not_implied_by
2,1761,1621,1622,1,and
2,1762,0,2,11,implied_by
2,1763,1814,1815,1,and
2,1764,1622,1623,3,a
2,1765,579,580,2,not_implies
2,1766,1857,1858,14,not_and
2,1767,1397,1398,10,not_b
2,1768,191,192,12,not_a
2,1769,650,651,12,not_a
2,1770,1196,1197,5,b
2,1771,826,827,4,not_implied_by
2,1772,1063,1064,1,and
2,1773,770,771,14,not_and
2,1774,518,519,13,implies
2,1775,898,899,5,b
2,1776,1161,1162,9,not_xor
2,1777,829,830,2,not_implies
2,1778,61,62,11,implied_by
2,1779,1917,1918,8,not_or
2,1780,1665,1666,14,not_and
2,1781,814,815,1,and
2,1782,863,864,10,not_b
2,1783,1778,1779,4,not_implied_by
2,1784,445,446,0,zero
2,1785,717,718,12,not_a
2,1786,424,425,6,xor
2,1787,1149,1150,2,not_implies
2,1788,97,98,10,not_b
2,1789,1902,1903,11,implied_by
2,1790,866,867,12,not_a
2,1791,1508,1509,10,not_b
2,1792,714,715,2,not_implies
2,1793,221,222,3,a
2,1794,1130,1131,2,not_implies
2,1795,1601,1602,7,or
2,1796,627,628,14,not_and
2,1797,533,534,7,or
2,1798,86,87,7,or
2,1799,908,909,13,implies
2,1800,274,275,10,not_b
2,1801,889,890,4,not_implied_by
2,1802,473,474,12,not_a
2,1803,755,756,12,not_a
2,1804,995,996,14,not_and
2,1805,871,872,3,a
2,1806,324,325,0,zero
2,1807,1493,1494,11,implied_by
2,1808,1585,1586,14,not_and
2,1809,294,295,1,and
2,1810,725,726,6,xor
2,1811,1190,1191,1,and
2,1812,523,524,15,one
2,1813,355,356,4,not_implied_by
2,1814,1019,1020,12,not_a
2,1815,1036,1037,7,or
2,1816,912,913,7,or
2,1817,1872,1873,10,not_b
2,1818,575,576,10,not_b
2,1819,1517,1518,8,not_or
2,1820,1033,1034,11,implied_by
2,1821,640,641,10,not_b
2,1822,1566,1567,5,b
2,1823,1891,1892,10,not_b
2,1824,972,973,2,not_implies
2,1825,108,109,1,and
2,1826,653,654,12,not_a
2,1827,1247,1248,10,not_b
2,1828,1976,1977,3,a
2,1829,1054,1055,14,not_and
2,1830,1888,1889,8,not_or
2,1831,1137,1138,15,one
2,1832,783,784,14,not_and
2,1833,911,912,1,and
2,1834,1897,1898,15,one
2,1835,1690,1691,12,not_a
2,1836,1336,1337,15,one
2,1837,1967,1968,1,and
2,1838,1817,1818,12,not_a
2,1839,1056,1057,4,not_implied_by
2,1840,68,69,14,not_and
2,1841,947,948,6,xor
2,1842,837,838,5,b
2,1843,1233,1234,6,xor
2,1844,1084,1085,2,not_implies
2,1845,17,18,7,or
2,1846,1024,1025,8,not_or
2,1847,437,438,3,a
2,1848,362,363,11,implied_by
2,1849,864,865,12,not_a
2,1850,1136,1137,1,and
2,1851,602,603,11,implied_by
2,1852,743,744,1,and
2,1853,59,60,3,a
2,1854,1073,1074,5,b
2,1855,465,466,10,not_b
2,1856,628,629,9,not_xor
2,1857,386,387,7,or
2,1858,1552,1553,4,not_implied_by
2,1859,834,835,2,not_implies
2,1860,79,80,5,b
2,1861,968,969,7,or
2,1862,350,351,8,not_or
2,1863,1214,1215,1,and
2,1864,325,326,11,implied_by
2,1865,1965,1966,3,a
2,1866,173,174,7,or
2,1867,1678,1679,3,a
2,1868,110,111,7,or
2,1869,458,459,4,not_implied_by
2,1870,1281,1282,13,implies
2,1871,1098,1099,12,not_a
2,1872,273,274,13,implies
2,1873,1297,1298,1,and
2,1874,1847,1848,13,implies
2,1875,791,792,8,not_or
2,1876,737,738,11,implied_by
2,1877,891,892,15,one
2,1878,1759,1760,11,implied_by
2,1879,1465,1466,11,implied_by
2,1880,411,412,12,not_a
2,1881,1990,1991,3,a
2,1882,109,110,7,or
2,1883,1812,1813,7,or
2,1884,740,741,14,not_and
2,1885,297,298,9,not_xor
2,1886,1326,1327,11,implied_by
2,1887,517,518,6,xor
2,1888,385,386,14,not_and
2,1889,250,251,5,b
2,1890,75,76,4,not_implied_by
2,1891,494,495,10,not_b
2,1892,1616,1617,7,or
2,1893,1805,1806,5,b
2,1894,1382,1383,14,not_and
2,1895,9,10,14,not_and
2,1896,246,247,8,not_or
2,1897,1633,1634,8,not_or
2,1898,952,953,5,b
2,1899,1760,1761,11,implied_by
2,1900,839,840,11,implied_by
2,1901,1116,1117,1,and
2,1902,1443,1444,12,not_a
2,1903,1030,1031,13,implies
2,1904,1939,1940,14,not_and
2,1905,468,469,13,implies
2,1906,793,794,3,a
2,1907,1156,1157,3,a
2,1908,691,692,12,not_a
2,1909,712,713,8,not_or
2,1910,1419,1420,4,not_implied_by
2,1911,1977,1978,4,not_implied_by
2,1912,1109,1110,3,a
2,1913,1170,1171,3,a
2,1914,926,927,1,and
2,1915,1257,1258,2,not_implies
2,1916,1625,1626,10,not_b
2,1917,1057,1058,13,implies
2,1918,954,955,8,not_or
2,1919,444,445,9,not_xor
2,1920,144,145,14,not_and
2,1921,849,850,10,not_b
2,1922,1906,1907,3,a
2,1923,1534,1535,1,and
2,1924,1694,1695,5,b
2,1925,1159,1160,3,a
2,1926,816,817,1,and
2,1927,1412,1413,10,not_b
2,1928,1296,1297,5,b
2,1929,573,574,5,b
2,1930,312,313,10,not_b
2,1931,72,73,10,not_b
2,1932,492,493,14,not_and
2,1933,1558,1559,4,not_implied_by
2,1934,1031,1032,8,not_or
2,1935,1523,1524,8,not_or
2,1936,811,812,3,a
2,1937,1022,1023,11,implied_by
2,1938,1819,1820,10,not_b
2,1939,1802,1803,4,not_implied_by
2,1940,1335,1336,8,not_or
2,1941,377,378,14,not_and
2,1942,1362,1363,1,and
2,1943,1691,1692,1,and
2,1944,528,529,9,not_xor
2,1945,595,596,9,not_xor
2,1946,33,34,2,not_implies
2,1947,1357,1358,4,not_implied_by
2,1948,124,125,11,implied_by
2,1949,1892,1893,4,not_implied_by
2,1950,1417,1418,7,or
2,1951,1134,1135,12,not_a
2,1952,1268,1269,5,b
2,1953,529,530,11,implied_by
2,1954,36,37,7,or
2,1955,1753,1754,4,not_implied_by
2,1956,1376,1377,15,one
2,1957,1471,1472,3,a
2,1958,1921,1922,3,a
2,1959,156,157,11,implied_by
2,1960,238,239,4,not_implied_by
2,1961,526,527,2,not_implies
2,1962,264,265,13,implies
2,1963,1323,1324,6,xor
2,1964,562,563,7,or
2,1965,802,803,0,zero
2,1966,1963,1964,8,not_or
2,1967,1588,1589,11,implied_by
2,1968,1954,1955,4,not_implied_by
2,1969,845,846,0,zero
2,1970,810,811,2,not_implies
2,1971,551,552,11,implied_by
2,1972,869,870,6,xor
2,1973,1849,1850,2,not_implies
2,1974,1652,1653,9,not_xor
2,1975,195,196,13,implies
2,1976,1304,1305,10,not_b
2,1977,1001,1002,4,not_implied_by
2,1978,26,27,11,implied_by
2,1979,525,526,7,or
2,1980,247,248,2,not_implies
2,1981,626,627,2,not_implies
2,1982,666,667,1,and
2,1983,50,51,13,implies
2,1984,1125,1126,4,not_implied_by
2,1985,1287,1288,12,not_a
2,1986,1561,1562,14,not_and
2,1987,1215,1216,3,a
2,1988,1503,1504,3,a
2,1989,428,429,12,not_a
2,1990,1654,1655,2,not_implies
2,1991,1446,1447,11,implied_by
2,1992,268,269,14,not_and
2,1993,407,408,3,a
2,1994,332,333,9,not_xor
2,1995,1894,1895,4,not_implied_by
2,1996,748,749,5,b
2,1997,1062,1063,10,not_b
2,1998,1548,1549,8,not_or
2,1999,582,583,8,not_or
3,0,1930,1931,3,a
3,1,1521,1522,0,zero
3,2,546,547,0,zero
3,3,1601,1602,3,a
3,4,1761,1762,3,a
3,5,347,348,13,implies
3,6,639,640,3,a
3,7,877,878,12,not_a
3,8,1832,1833,3,a
3,9,537,538,8,not_or
3,10,1284,1285,5,b
3,11,1903,1904,4,not_implied_by
3,12,209,210,7,or
3,13,937,938,12,not_a
3,14,1922,1923,11,implied_by
3,15,495,496,1,and
3,16,641,642,0,zero
3,17,638,639,12,not_a
3,18,210,211,3,a
3,19,575,576,12,not_a
3,20,403,404,1,and
3,21,381,382,14,not_and
3,22,220,221,6,xor
3,23,594,595,5,b
3,24,1815,1816,8,not_or
3,25,1685,1686,2,not_implies
3,26,1459,1460,1,and
3,27,1864,1865,14,not_and
3,28,1066,1067,6,xor
3,29,1717,1718,3,a
3,30,1970,1971,1,and
3,31,665,666,12,not_a
3,32,1032,1033,15,one
3,33,412,413,10,not_b
3,34,772,773,10,not_b
3,35,1098,1099,14,not_and
3,36,803,804,5,b
3,37,241,242,10,not_b
3,38,288,289,5,b
3,39,298,299,11,implied_by
3,40,1774,1775,11,implied_by
3,41,7,8,1,and
3,42,1101,1102,4,not_implied_by
3,43,430,431,11,implied_by
3,44,1277,1278,4,not_implied_by
3,45,16,17,12,not_a
3,46,688,689,7,or
3,47,1301,1302,3,a
3,48,1932,1933,13,implies
3,49,1564,1565,5,b
3,50,1621,1622,12,not_a
3,51,1064,1065,4,not_implied_by
3,52,1431,1432,11,implied_by
3,53,1354,1355,5,b
3,54,886,887,5,b
3,55,490,491,5,b
3,56,1541,1542,14,not_and
3,57,1462,1463,10,not_b
3,58,1827,1828,10,not_b
3,59,988,989,15,one
3,60,1883,1884,4,not_implied_by
3,61,1963,1964,6,xor
3,62,1778,1779,1,and
3,63,1987,1988,5,b
3,64,683,684,1,and
3,65,1182,1183,12,not_a
3,66,249,250,13,implies
3,67,1836,1837,5,b
3,68,1013,1014,15,one
3,69,539,540,1,and
3,70,1762,1763,12,not_a
3,71,338,339,12,not_a
3,72,659,660,0,zero
3,73,1246,1247,6,xor
3,74,970,971,5,b
3,75,1742,1743,5,b
3,76,502,503,0,zero
3,77,1916,1917,11,implied_by
3,78,1861,1862,5,b
3,79,1307,1308,5,b
3,80,529,530,5,b
3,81,1728,1729,6,xor
3,82,465,466,6,xor
3,83,689,690,12,not_a
3,84,1795,1796,10,not_b
3,85,564,565,2,not_implies
3,86,918,919,4,not_implied_by
3,87,15,16,0,zero
3,88,1211,1212,10,not_b
3,89,1905,1906,12,not_a
3,90,311,312,7,or
3,91,1128,1129,12,not_a
3,92,859,860,6,xor
3,93,1174,1175,7,or
3,94,1308,1309,12,not_a
3,95,1189,1190,5,b
3,96,916,917,12,not_a
3,97,710,711,10,not_b
3,98,1364,1365,12,not_a
3,99,121,122,6,xor
3,100,1919,1920,3,a
3,101,900,901,12,not_a
3,102,1481,1482,2,not_implies
3,103,200,201,1,and
3,104,1038,1039,5,b
3,105,1155,1156,3,a
3,106,475,476,9,not_xor
3,107,182,183,8,not_or
3,108,826,827,14,not_and
3,109,1605,1606,5,b
3,110,1055,1056,2,not_implies
3,111,1494,1495,15,one
3,112,797,798,12,not_a
3,113,1316,1317,10,not_b
3,114,1620,1621,14,not_and
3,115,1608,1609,10,not_b
3,116,364,365,3,a
3,117,755,756,5,b
3,118,1613,1614,5,b
3,119,1483,1484,12,not_a
3,120,335,336,4,not_implied_by
3,121,1852,1853,1,and
3,122,865,866,0,zero
3,123,692,693,9,not_xor
3,124,339,340,4,not_implied_by
3,125,64,65,10,not_b
3,126,59,60,14,not_and
3,127,1478,1479,15,one
3,128,426,427,11,implied_by
3,129,840,841,5,b
3,130,1327,1328,5,b
3,131,48,49,1,and
3,132,107,108,15,one
3,133,906,907,13,implies
3,134,698,699,2,not_implies
3,135,676,677,6,xor
3,136,1144,1145,11,implied_by
3,137,1112,1113,2,not_implies
3,138,814,815,1,and
3,139,1618,1619,4,not_implied_by
3,140,796,797,13,implies
3,141,1734,1735,15,one
3,142,809,810,10,not_b
3,143,421,422,13,implies
3,144,1474,1475,2,not_implies
3,145,342,343,4,not_implied_by
3,146,729,730,11,implied_by
3,147,703,704,12,not_a
3,148,1729,1730,1,and
3,149,724,725,10,not_b
3,150,1578,1579,5,b
3,151,169,170,1,and
3,152,950,951,10,not_b
3,153,281,282,10,not_b
3,154,1628,1629,13,implies
3,155,394,395,14,not_and
3,156,1638,1639,8,not_or
3,157,86,87,2,not_implies
3,158,722,723,10,not_b
3,159,691,692,0,zero
3,160,433,434,13,implies
3,161,1428,1429,3,a
3,162,1392,1393,5,b
3,163,518,519,5,b
3,164,556,557,14,not_and
3,165,1186,1187,14,not_and
3,166,1271,1272,7,or
3,167,845,846,10,not_b
3,168,1911,1912,13,implies
3,169,1254,1255,10,not_b
3,170,721,722,10,not_b
3,171,273,274,7,or
3,172,1976,1977,2,not_implies
3,173,1497,1498,12,not_a
3,174,482,483,0,zero
3,175,1435,1436,14,not_and
3,176,773,774,7,or
3,177,839,840,8,not_or
3,178,1071,1072,0,zero
3,179,1170,1171,5,b
3,180,1446,1447,11,implied_by
3,181,1775,1776,5,b
3,182,65,66,14,not_and
3,183,1572,1573,1,and
3,184,1089,1090,13,implies
3,185,1811,1812,4,not_implied_by
3,186,1161,1162,5,b
3,187,106,107,5,b
3,188,1425,1426,15,one
3,189,1053,1054,2,not_implies
3,190,58,59,13,implies
3,191,292,293,3,a
3,192,1826,1827,10,not_b
3,193,397,398,2,not_implies
3,194,453,454,14,not_and
3,195,525,526,14,not_and
3,196,1747,1748,13,implies
3,197,800,801,12,not_a
3,198,1058,1059,10,not_b
3,199,97,98,3,a
3,200,1718,1719,3,a
3,201,648,649,9,not_xor
3,202,632,633,10,not_b
3,203,1006,1007,10,not_b
3,204,592,593,12,not_a
3,205,1825,1826,8,not_or
3,206,1945,1946,5,b
3,207,1765,1766,5,b
3,208,70,71,5,b
3,209,1093,1094,8,not_or
3,210,596,597,2,not_implies
3,211,733,734,13,implies
3,212,1872,1873,13,implies
3,213,488,489,14,not_and
3,214,736,737,9,not_xor
3,215,1181,1182,12,not_a
3,216,1874,1875,4,not_implied_by
3,217,715,716,1,and
3,218,1444,1445,3,a
3,219,1119,1120,15,one
3,220,1797,1798,12,not_a
3,221,526,527,10,not_b
3,222,303,304,9,not_xor
3,223,672,673,1,and
3,224,395,396,9,not_xor
3,225,489,490,8,not_or
3,226,1003,1004,3,a
3,227,1918,1919,10,not_b
3,228,245,246,12,not_a
3,229,1669,1670,7,or
3,230,84,85,3,a
3,231,885,886,5,b
3,232,1654,1655,5,b
3,233,447,448,11,implied_by
3,234,1274,1275,2,not_implies
3,235,499,500,2,not_implies
3,236,1869,1870,2,not_implies
3,237,1300,1301,10,not_b
3,238,74,75,12,not_a
3,239,1551,1552,12,not_a
3,240,265,266,1,and
3,241,652,653,13,implies
3,242,72,73,11,implied_by
3,243,739,740,5,b
3,244,1406,1407,10,not_b
3,245,191,192,15,one
3,246,456,457,1,and
3,247,1873,1874,4,not_implied_by
3,248,345,346,10,not_b
3,249,1104,1105,5,b
3,250,1833,1834,13,implies
3,251,872,873,14,not_and
3,252,765,766,6,xor
3,253,1345,1346,3,a
3,254,152,153,10,not_b
3,255,1796,1797,9,not_xor
3,256,1206,1207,12,not_a
3,257,848,849,8,not_or
3,258,1057,1058,11,implied_by
3,259,602,603,14,not_and
3,260,113,114,3,a
3,261,125,126,7,or
3,262,1007,1008,10,not_b
3,263,1944,1945,1,and
3,264,427,428,8,not_or
3,265,1279,1280,5,b
3,266,793,794,14,not_and
3,267,1824,1825,7,or
3,268,262,263,11,implied_by
3,269,1984,1985,14,not_and
3,270,1787,1788,14,not_and
3,271,1676,1677,9,not_xor
3,272,1192,1193,10,not_b
3,273,187,188,3,a
3,274,785,786,15,one
3,275,972,973,2,not_implies
3,276,851,852,11,implied_by
3,277,458,459,6,xor
3,278,1499,1500,5,b
3,279,1633,1634,1,and
3,280,446,447,10,not_b
3,281,153,154,8,not_or
3,282,1863,1864,7,or
3,283,1302,1303,2,not_implies
3,284,1402,1403,3,a
3,285,1363,1364,9,not_xor
3,286,1846,1847,14,not_and
3,287,33,34,7,or
3,288,211,212,14,not_and
3,289,1129,1130,12,not_a
3,290,1298,1299,2,not_implies
3,291,1197,1198,3,a
3,292,538,539,0,zero
3,293,1708,1709,4,not_implied_by
3,294,272,273,5,b
3,295,615,616,6,xor
3,296,876,877,12,not_a
3,297,1333,1334,8,not_or
3,298,117,118,12,not_a
3,299,1141,1142,12,not_a
3,300,1044,1045,1,and
3,301,205,206,5,b
3,302,1045,1046,14,not_and
3,303,1292,1293,8,not_or
3,304,725,726,3,a
3,305,746,747,7,or
3,306,232,233,9,not_xor
3,307,732,733,8,not_or
3,308,1283,1284,10,not_b
3,309,225,226,8,not_or
3,310,572,573,14,not_and
3,311,675,676,13,implies
3,312,1419,1420,12,not_a
3,313,158,159,1,and
3,314,786,787,12,not_a
3,315,384,385,15,one
3,316,1677,1678,5,b
3,317,66,67,2,not_implies
3,318,217,218,2,not_implies
3,319,1534,1535,14,not_and
3,320,437,438,12,not_a
3,321,3,4,12,not_a
3,322,1335,1336,8,not_or
3,323,1893,1894,10,not_b
3,324,51,52,11,implied_by
3,325,1929,1930,8,not_or
3,326,49,50,7,or
3,327,35,36,13,implies
3,328,1632,1633,10,not_b
3,329,1379,1380,12,not_a
3,330,917,918,13,implies
3,331,223,224,9,not_xor
3,332,334,335,3,a
3,333,607,608,13,implies
3,334,1215,1216,7,or
3,335,485,486,13,implies
3,336,1062,1063,7,or
3,337,778,779,3,a
3,338,194,195,1,and
3,339,1907,1908,2,not_implies
3,340,115,116,4,not_implied_by
3,341,1212,1213,4,not_implied_by
3,342,1731,1732,3,a
3,343,1154,1155,4,not_implied_by
3,344,867,868,3,a
3,345,1650,1651,13,implies
3,346,1744,1745,3,a
3,347,1314,1315,8,not_or
3,348,466,467,15,one
3,349,318,319,3,a
3,350,1390,1391,2,not_implies
3,351,1083,1084,7,or
3,352,11,12,3,a
3,353,196,197,12,not_a
3,354,747,748,8,not_or
3,355,1514,1515,5,b
3,356,1133,1134,3,a
3,357,1973,1974,10,not_b
3,358,1281,1282,3,a
3,359,940,941,10,not_b
3,360,467,468,3,a
3,361,898,899,7,or
3,362,956,957,13,implies
3,363,244,245,5,b
3,364,1635,1636,12,not_a
3,365,348,349,5,b
3,366,901,902,10,not_b
3,367,1928,1929,10,not_b
3,368,612,613,2,not_implies
3,369,1934,1935,7,or
3,370,333,334,4,not_implied_by
3,371,1400,1401,14,not_and
3,372,307,308,10,not_b
3,373,1198,1199,7,or
3,374,165,166,14,not_and
3,375,1171,1172,8,not_or
3,376,1115,1116,10,not_b
3,377,1175,1176,1,and
3,378,1528,1529,14,not_and
3,379,1657,1658,10,not_b
3,380,1408,1409,7,or
3,381,1223,1224,10,not_b
3,382,1764,1765,7,or
3,383,1746,1747,5,b
3,384,380,381,11,implied_by
3,385,1409,1410,4,not_implied_by
3,386,1587,1588,2,not_implies
3,387,1270,1271,5,b
3,388,1162,1163,3,a
3,389,854,855,5,b
3,390,743,744,5,b
3,391,807,808,2,not_implies
3,392,1046,1047,2,not_implies
3,393,1575,1576,4,not_implied_by
3,394,811,812,5,b
3,395,1662,1663,1,and
3,396,994,995,2,not_implies
3,397,322,323,5,b
3,398,1850,1851,14,not_and
3,399,961,962,10,not_b
3,400,1272,1273,0,zero
3,401,278,279,12,not_a
3,402,1586,1587,14,not_and
3,403,601,602,7,or
3,404,1559,1560,5,b
3,405,1482,1483,13,implies
3,406,1614,1615,13,implies
3,407,441,442,4,not_implied_by
3,408,105,106,14,not_and
3,409,1378,1379,11,implied_by
3,410,1496,1497,4,not_implied_by
3,411,435,436,12,not_a
3,412,1232,1233,12,not_a
3,413,1854,1855,3,a
3,414,1994,1995,11,implied_by
3,415,327,328,12,not_a
3,416,1385,1386,5,b
3,417,1672,1673,8,not_or
3,418,1187,1188,3,a
3,419,1504,1505,10,not_b
3,420,171,172,4,not_implied_by
3,421,1265,1266,12,not_a
3,422,1213,1214,12,not_a
3,423,1169,1170,7,or
3,424,1420,1421,14,not_and
3,425,1763,1764,8,not_or
3,426,507,508,5,b
3,427,277,278,8,not_or
3,428,1149,1150,14,not_and
3,429,1313,1314,6,xor
3,430,631,632,8,not_or
3,431,1125,1126,6,xor
3,432,742,743,10,not_b
3,433,82,83,12,not_a
3,434,379,380,15,one
3,435,1527,1528,10,not_b
3,436,977,978,11,implied_by
3,437,919,920,10,not_b
3,438,40,41,11,implied_by
3,439,858,859,12,not_a
3,440,1954,1955,10,not_b
3,441,1295,1296,8,not_or
3,442,1752,1753,1,and
3,443,50,51,13,implies
3,444,1461,1462,3,a
3,445,1522,1523,5,b
3,446,1546,1547,3,a
3,447,1568,1569,5,b
3,448,1158,1159,11,implied_by
3,449,1339,1340,12,not_a
3,450,1531,1532,5,b
3,451,1604,1605,1,and
3,452,173,174,12,not_a
3,453,32,33,5,b
3,454,1464,1465,9,not_xor
3,455,921,922,10,not_b
3,456,1706,1707,14,not_and
3,457,819,820,5,b
3,458,1661,1662,5,b
3,459,762,763,12,not_a
3,460,523,524,11,implied_by
3,461,1269,1270,3,a
3,462,202,203,8,not_or
3,463,1766,1767,5,b
3,464,1894,1895,9,not_xor
3,465,13,14,10,not_b
3,466,1700,1701,7,or
3,467,1670,1671,7,or
3,468,1289,1290,6,xor
3,469,555,556,8,not_or
3,470,1644,1645,6,xor
3,471,373,374,15,one
3,472,1165,1166,1,and
3,473,234,235,8,not_or
3,474,1909,1910,3,a
3,475,188,189,3,a
3,476,767,768,11,implied_by
3,477,764,765,15,one
3,478,1375,1376,14,not_and
3,479,1228,1229,11,implied_by
3,480,958,959,7,or
3,481,1828,1829,1,and
3,482,1097,1098,10,not_b
3,483,758,759,12,not_a
3,484,91,92,3,a
3,485,98,99,5,b
3,486,140,141,13,implies
3,487,1596,1597,12,not_a
3,488,799,800,5,b
3,489,111,112,9,not_xor
3,490,835,836,12,not_a
3,491,1733,1734,12,not_a
3,492,1585,1586,11,implied_by
3,493,887,888,5,b
3,494,636,637,7,or
3,495,1816,1817,13,implies
3,496,781,782,12,not_a
3,497,1884,1885,1,and
3,498,560,561,7,or
3,499,1079,1080,8,not_or
3,500,989,990,9,not_xor
3,501,1296,1297,1,and
3,502,1356,1357,10,not_b
3,503,2,3,7,or
3,504,542,543,7,or
3,505,1210,1211,10,not_b
3,506,114,115,2,not_implies
3,507,1362,1363,3,a
3,508,1091,1092,1,and
3,509,986,987,10,not_b
3,510,455,456,2,not_implies
3,511,576,577,13,implies
3,512,975,976,2,not_implies
3,513,1948,1949,3,a
3,514,21,22,3,a
3,515,1799,1800,13,implies
3,516,1668,1669,10,not_b
3,517,180,181,11,implied_by
3,518,1127,1128,11,implied_by
3,519,501,502,11,implied_by
3,520,696,697,13,implies
3,521,1910,1911,10,not_b
3,522,1095,1096,2,not_implies
3,523,941,942,8,not_or
3,524,1977,1978,11,implied_by
3,525,563,564,6,xor
3,526,291,292,13,implies
3,527,491,492,7,or
3,528,167,168,10,not_b
3,529,1015,1016,11,implied_by
3,530,116,117,4,not_implied_by
3,531,104,105,13,implies
3,532,260,261,8,not_or
3,533,1612,1613,10,not_b
3,534,1426,1427,12,not_a
3,535,310,311,11,implied_by
3,536,533,534,4,not_implied_by
3,537,1173,1174,10,not_b
3,538,1582,1583,0,zero
3,539,486,487,12,not_a
3,540,1588,1589,3,a
3,541,83,84,1,and
3,542,135,136,11,implied_by
3,543,1537,1538,15,one
3,544,805,806,11,implied_by
3,545,1492,1493,1,and
3,546,222,223,2,not_implies
3,547,1553,1554,3,a
3,548,1320,1321,5,b
3,549,1243,1244,3,a
3,550,163,164,5,b
3,551,1923,1924,3,a
3,552,981,982,14,not_and
3,553,613,614,8,not_or
3,554,834,835,6,xor
3,555,450,451,10,not_b
3,556,825,826,1,and
3,557,361,362,8,not_or
3,558,700,701,13,implies
3,559,816,817,14,not_and
3,560,336,337,12,not_a
3,561,547,548,13,implies
3,562,1680,1681,3,a
3,563,1000,1001,4,not_implied_by
3,564,682,683,10,not_b
3,565,932,933,0,zero
3,566,684,685,10,not_b
3,567,1636,1637,2,not_implies
3,568,248,249,5,b
3,569,727,728,3,a
3,570,1804,1805,4,not_implied_by
3,571,1502,1503,12,not_a
3,572,1023,1024,1,and
3,573,1609,1610,5,b
3,574,1024,1025,8,not_or
3,575,1273,1274,10,not_b
3,576,14,15,7,or
3,577,1429,1430,9,not_xor
3,578,1012,1013,10,not_b
3,579,574,575,5,b
3,580,506,507,1,and
3,581,1371,1372,13,implies
3,582,1782,1783,12,not_a
3,583,1132,1133,14,not_and
3,584,1526,1527,12,not_a
3,585,186,187,8,not_or
3,586,990,991,2,not_implies
3,587,368,369,12,not_a
3,588,1070,1071,8,not_or
3,589,1358,1359,5,b
3,590,1329,1330,10,not_b
3,591,593,594,1,and
3,592,1225,1226,8,not_or
3,593,1581,1582,5,b
3,594,1523,1524,3,a
3,595,1860,1861,3,a
3,596,926,927,10,not_b
3,597,1659,1660,0,zero
3,598,927,928,12,not_a
3,599,531,532,8,not_or
3,600,1328,1329,6,xor
3,601,949,950,10,not_b
3,602,550,551,5,b
3,603,1849,1850,5,b
3,604,522,523,2,not_implies
3,605,1716,1717,3,a
3,606,646,647,11,implied_by
3,607,1080,1081,8,not_or
3,608,1450,1451,7,or
3,609,477,478,7,or
3,610,1282,1283,15,one
3,611,717,718,4,not_implied_by
3,612,1398,1399,7,or
3,613,1256,1257,2,not_implies
3,614,1892,1893,10,not_b
3,615,1777,1778,4,not_implied_by
3,616,1231,1232,5,b
3,617,1924,1925,13,implies
3,618,1391,1392,1,and
3,619,963,964,3,a
3,620,1359,1360,10,not_b
3,621,685,686,12,not_a
3,622,1876,1877,4,not_implied_by
3,623,9,10,7,or
3,624,1205,1206,3,a
3,625,1598,1599,15,one
3,626,681,682,3,a
3,627,991,992,11,implied_by
3,628,388,389,3,a
3,629,1943,1944,12,not_a
3,630,1536,1537,3,a
3,631,780,781,5,b
3,632,5,6,13,implies
3,633,494,495,12,not_a
3,634,623,624,12,not_a
3,635,589,590,8,not_or
3,636,605,606,7,or
3,637,1245,1246,9,not_xor
3,638,1753,1754,3,a
3,639,1278,1279,5,b
3,640,276,277,8,not_or
3,641,1990,1991,12,not_a
3,642,1968,1969,0,zero
3,643,207,208,2,not_implies
3,644,579,580,7,or
3,645,57,58,1,and
3,646,1705,1706,1,and
3,647,406,407,15,one
3,648,1557,1558,3,a
3,649,1648,1649,12,not_a
3,650,777,778,3,a
3,651,1366,1367,1,and
3,652,471,472,7,or
3,653,143,144,11,implied_by
3,654,590,591,3,a
3,655,1257,1258,3,a
3,656,1434,1435,13,implies
3,657,407,408,3,a
3,658,469,470,5,b
3,659,1139,1140,3,a
3,660,853,854,13,implies
3,661,873,874,1,and
3,662,159,160,14,not_and
3,663,1207,1208,0,zero
3,664,1642,1643,10,not_b
3,665,1090,1091,12,not_a
3,666,1913,1914,12,not_a
3,667,1535,1536,10,not_b
3,668,1357,1358,3,a
3,669,687,688,8,not_or
3,670,56,57,12,not_a
3,671,470,471,11,implied_by
3,672,452,453,7,or
3,673,154,155,10,not_b
3,674,68,69,5,b
3,675,1422,1423,4,not_implied_by
3,676,41,42,11,implied_by
3,677,1036,1037,8,not_or
3,678,1088,1089,12,not_a
3,679,622,623,1,and
3,680,1886,1887,12,not_a
3,681,320,321,4,not_implied_by
3,682,1061,1062,15,one
3,683,246,247,14,not_and
3,684,1204,1205,9,not_xor
3,685,1113,1114,1,and
3,686,414,415,14,not_and
3,687,175,176,3,a
3,688,944,945,15,one
3,689,802,803,2,not_implies
3,690,90,91,10,not_b
3,691,1485,1486,13,implies
3,692,712,713,6,xor
3,693,530,531,12,not_a
3,694,358,359,2,not_implies
3,695,934,935,10,not_b
3,696,1785,1786,5,b
3,697,595,596,10,not_b
3,698,1001,1002,14,not_and
3,699,933,934,3,a
3,700,239,240,15,one
3,701,904,905,6,xor
3,702,1188,1189,9,not_xor
3,703,1960,1961,7,or
3,704,103,104,6,xor
3,705,1107,1108,12,not_a
3,706,1600,1601,2,not_implies
3,707,832,833,5,b
3,708,1085,1086,15,one
3,709,459,460,3,a
3,710,1692,1693,2,not_implies
3,711,150,151,5,b
3,712,251,252,12,not_a
3,713,649,650,4,not_implied_by
3,714,1437,1438,15,one
3,715,1583,1584,2,not_implies
3,716,1069,1070,12,not_a
3,717,983,984,13,implies
3,718,127,128,4,not_implied_by
3,719,1865,1866,11,implied_by
3,720,1674,1675,1,and
3,721,1103,1104,10,not_b
3,722,374,375,12,not_a
3,723,92,93,5,b
3,724,1486,1487,12,not_a
3,725,544,545,7,or
3,726,1898,1899,5,b
3,727,1322,1323,12,not_a
3,728,1683,1684,13,implies
3,729,1487,1488,9,not_xor
3,730,1022,1023,7,or
3,731,524,525,15,one
3,732,164,165,3,a
3,733,861,862,11,implied_by
3,734,304,305,10,not_b
3,735,61,62,8,not_or
3,736,606,607,3,a
3,737,79,80,12,not_a
3,738,63,64,5,b
3,739,584,585,6,xor
3,740,720,721,2,not_implies
3,741,363,364,1,and
3,742,1447,1448,1,and
3,743,1780,1781,12,not_a
3,744,203,204,0,zero
3,745,965,966,11,implied_by
3,746,1473,1474,10,not_b
3,747,673,674,5,b
3,748,1589,1590,10,not_b
3,749,1715,1716,9,not_xor
3,750,1890,1891,13,implies
3,751,1887,1888,14,not_and
3,752,1209,1210,13,implies
3,753,1403,1404,1,and
3,754,716,717,2,not_implies
3,755,1122,1123,1,and
3,756,643,644,2,not_implies
3,757,124,125,4,not_implied_by
3,758,1421,1422,11,implied_by
3,759,1626,1627,3,a
3,760,236,237,8,not_or
3,761,1759,1760,4,not_implied_by
3,762,1951,1952,10,not_b
3,763,609,610,12,not_a
3,764,1255,1256,2,not_implies
3,765,1074,1075,10,not_b
3,766,830,831,5,b
3,767,1266,1267,2,not_implies
3,768,481,482,13,implies
3,769,468,469,10,not_b
3,770,512,513,1,and
3,771,1926,1927,14,not_and
3,772,1294,1295,0,zero
3,773,1655,1656,12,not_a
3,774,511,512,1,and
3,775,620,621,0,zero
3,776,697,698,14,not_and
3,777,439,440,9,not_xor
3,778,551,552,8,not_or
3,779,80,81,7,or
3,780,409,410,8,not_or
3,781,1726,1727,5,b
3,782,1120,1121,7,or
3,783,1111,1112,15,one
3,784,1784,1785,11,implied_by
3,785,1159,1160,14,not_and
3,786,332,333,8,not_or
3,787,1381,1382,12,not_a
3,788,275,276,6,xor
3,789,1305,1306,10,not_b
3,790,1002,1003,3,a
3,791,1267,1268,12,not_a
3,792,1931,1932,6,xor
3,793,95,96,9,not_xor
3,794,626,627,15,one
3,795,301,302,11,implied_by
3,796,1143,1144,12,not_a
3,797,31,32,8,not_or
3,798,1214,1215,4,not_implied_by
3,799,582,583,7,or
3,800,1460,1461,9,not_xor
3,801,1688,1689,10,not_b
3,802,45,46,1,and
3,803,701,702,13,implies
3,804,942,943,8,not_or
3,805,1981,1982,8,not_or
3,806,891,892,14,not_and
3,807,726,727,0,zero
3,808,1275,1276,3,a
3,809,660,661,12,not_a
3,810,233,234,3,a
3,811,1835,1836,3,a
3,812,955,956,10,not_b
3,813,1967,1968,7,or
3,814,1599,1600,15,one
3,815,1384,1385,7,or
3,816,1988,1989,5,b
3,817,1025,1026,5,b
3,818,1239,1240,3,a
3,819,1004,1005,3,a
3,820,1533,1534,4,not_implied_by
3,821,1312,1313,12,not_a
3,822,1439,1440,10,not_b
3,823,1540,1541,14,not_and
3,824,255,256,2,not_implies
3,825,909,910,10,not_b
3,826,957,958,0,zero
3,827,804,805,8,not_or
3,828,240,241,13,implies
3,829,1352,1353,3,a
3,830,1360,1361,6,xor
3,831,808,809,7,or
3,832,1792,1793,14,not_and
3,833,460,461,3,a
3,834,314,315,1,and
3,835,1823,1824,5,b
3,836,1414,1415,12,not_a
3,837,1933,1934,12,not_a
3,838,219,220,4,not_implied_by
3,839,661,662,6,xor
3,840,1693,1694,7,or
3,841,419,420,8,not_or
3,842,305,306,15,one
3,843,1544,1545,12,not_a
3,844,1921,1922,5,b
3,845,393,394,14,not_and
3,846,1121,1122,0,zero
3,847,1495,1496,4,not_implied_by
3,848,1242,1243,12,not_a
3,849,1241,1242,3,a
3,850,984,985,10,not_b
3,851,1851,1852,14,not_and
3,852,354,355,2,not_implies
3,853,527,528,4,not_implied_by
3,854,213,214,6,xor
3,855,1105,1106,12,not_a
3,856,1453,1454,10,not_b
3,857,1293,1294,4,not_implied_by
3,858,26,27,7,or
3,859,1349,1350,15,one
3,860,1949,1950,11,implied_by
3,861,1619,1620,8,not_or
3,862,738,739,5,b
3,863,425,426,11,implied_by
3,864,1719,1720,10,not_b
3,865,145,146,12,not_a
3,866,157,158,12,not_a
3,867,1627,1628,8,not_or
3,868,1664,1665,5,b
3,869,1039,1040,14,not_and
3,870,737,738,3,a
3,871,540,541,13,implies
3,872,1993,1994,2,not_implies
3,873,1939,1940,2,not_implies
3,874,1166,1167,10,not_b
3,875,860,861,3,a
3,876,561,562,11,implied_by
3,877,728,729,2,not_implies
3,878,577,578,5,b
3,879,1875,1876,10,not_b
3,880,1748,1749,7,or
3,881,1348,1349,5,b
3,882,1891,1892,7,or
3,883,18,19,3,a
3,884,1532,1533,6,xor
3,885,375,376,9,not_xor
3,886,656,657,6,xor
3,887,1711,1712,5,b
3,888,128,129,4,not_implied_by
3,889,1840,1841,14,not_and
3,890,998,999,12,not_a
3,891,571,572,2,not_implies
3,892,1285,1286,10,not_b
3,893,775,776,2,not_implies
3,894,568,569,13,implies
3,895,312,313,1,and
3,896,1592,1593,12,not_a
3,897,674,675,5,b
3,898,1982,1983,10,not_b
3,899,892,893,10,not_b
3,900,1361,1362,9,not_xor
3,901,1660,1661,2,not_implies
3,902,833,834,9,not_xor
3,903,1016,1017,1,and
3,904,315,316,14,not_and
3,905,611,612,2,not_implies
3,906,1839,1840,14,not_and
3,907,635,636,11,implied_by
3,908,176,177,3,a
3,909,81,82,12,not_a
3,910,651,652,3,a
3,911,1678,1679,7,or
3,912,1736,1737,11,implied_by
3,913,1306,1307,1,and
3,914,952,953,1,and
3,915,1177,1178,4,not_implied_by
3,916,514,515,13,implies
3,917,496,497,12,not_a
3,918,1703,1704,12,not_a
3,919,569,570,10,not_b
3,920,1489,1490,15,one
3,921,520,521,3,a
3,922,1134,1135,12,not_a
3,923,1201,1202,15,one
3,924,1848,1849,10,not_b
3,925,1118,1119,11,implied_by
3,926,101,102,2,not_implies
3,927,1102,1103,5,b
3,928,1183,1184,10,not_b
3,929,1991,1992,3,a
3,930,1077,1078,5,b
3,931,1260,1261,10,not_b
3,932,122,123,5,b
3,933,1565,1566,1,and
3,934,6,7,6,xor
3,935,768,769,0,zero
3,936,19,20,6,xor
3,937,1509,1510,10,not_b
3,938,226,227,12,not_a
3,939,766,767,4,not_implied_by
3,940,985,986,15,one
3,941,1915,1916,10,not_b
3,942,1226,1227,7,or
3,943,1440,1441,12,not_a
3,944,360,361,0,zero
3,945,1303,1304,1,and
3,946,628,629,5,b
3,947,1663,1664,1,and
3,948,483,484,15,one
3,949,264,265,8,not_or
3,950,12,13,13,implies
3,951,1319,1320,12,not_a
3,952,461,462,2,not_implies
3,953,484,485,12,not_a
3,954,36,37,11,implied_by
3,955,1184,1185,4,not_implied_by
3,956,1317,1318,6,xor
3,957,1377,1378,14,not_and
3,958,578,579,10,not_b
3,959,745,746,5,b
3,960,4,5,10,not_b
3,961,1896,1897,7,or
3,962,464,465,10,not_b
3,963,136,137,1,and
3,964,473,474,4,not_implied_by
3,965,1180,1181,1,and
3,966,837,838,2,not_implies
3,967,155,156,5,b
3,968,1376,1377,12,not_a
3,969,1026,1027,12,not_a
3,970,386,387,2,not_implies
3,971,449,450,4,not_implied_by
3,972,545,546,14,not_and
3,973,896,897,13,implies
3,974,75,76,3,a
3,975,890,891,9,not_xor
3,976,1667,1668,5,b
3,977,1087,1088,8,not_or
3,978,1100,1101,5,b
3,979,1168,1169,14,not_and
3,980,20,21,13,implies
3,981,824,825,3,a
3,982,366,367,0,zero
3,983,1452,1453,12,not_a
3,984,1927,1928,7,or
3,985,1542,1543,11,implied_by
3,986,1138,1139,8,not_or
3,987,1845,1846,3,a
3,988,1029,1030,13,implies
3,989,392,393,4,not_implied_by
3,990,1781,1782,9,not_xor
3,991,1449,1450,8,not_or
3,992,1783,1784,12,not_a
3,993,1153,1154,0,zero
3,994,206,207,12,not_a
3,995,973,974,3,a
3,996,1323,1324,2,not_implies
3,997,1418,1419,10,not_b
3,998,1682,1683,1,and
3,999,1904,1905,15,one
3,1000,1394,1395,6,xor
3,1001,1789,1790,2,not_implies
3,1002,1651,1652,10,not_b
3,1003,1980,1981,0,zero
3,1004,1983,1984,4,not_implied_by
3,1005,313,314,3,a
3,1006,1047,1048,5,b
3,1007,1925,1926,4,not_implied_by
3,1008,316,317,3,a
3,1009,1563,1564,4,not_implied_by
3,1010,420,421,5,b
3,1011,195,196,10,not_b
3,1012,17,18,11,implied_by
3,1013,257,258,10,not_b
3,1014,1476,1477,3,a
3,1015,1584,1585,13,implies
3,1016,1157,1158,7,or
3,1017,1096,1097,12,not_a
3,1018,922,923,7,or
3,1019,694,695,5,b
3,1020,296,297,10,not_b
3,1021,1730,1731,5,b
3,1022,879,880,1,and
3,1023,929,930,9,not_xor
3,1024,1441,1442,6,xor
3,1025,713,714,7,or
3,1026,1617,1618,12,not_a
3,1027,884,885,8,not_or
3,1028,1798,1799,1,and
3,1029,428,429,7,or
3,1030,1438,1439,4,not_implied_by
3,1031,1005,1006,2,not_implies
3,1032,1844,1845,13,implies
3,1033,1714,1715,6,xor
3,1034,893,894,9,not_xor
3,1035,1920,1921,5,b
3,1036,852,853,12,not_a
3,1037,939,940,9,not_xor
3,1038,1114,1115,14,not_and
3,1039,899,900,2,not_implies
3,1040,1964,1965,8,not_or
3,1041,337,338,5,b
3,1042,1597,1598,15,one
3,1043,172,173,12,not_a
3,1044,1386,1387,3,a
3,1045,1351,1352,8,not_or
3,1046,1707,1708,10,not_b
3,1047,1021,1022,0,zero
3,1048,1500,1501,3,a
3,1049,1770,1771,5,b
3,1050,714,715,0,zero
3,1051,581,582,2,not_implies
3,1052,1622,1623,15,one
3,1053,1698,1699,12,not_a
3,1054,1545,1546,3,a
3,1055,1051,1052,4,not_implied_by
3,1056,709,710,3,a
3,1057,279,280,5,b
3,1058,1666,1667,10,not_b
3,1059,1870,1871,5,b
3,1060,1106,1107,2,not_implies
3,1061,903,904,7,or
3,1062,1167,1168,11,implied_by
3,1063,1142,1143,5,b
3,1064,971,972,1,and
3,1065,528,529,10,not_b
3,1066,1773,1774,8,not_or
3,1067,1488,1489,10,not_b
3,1068,1463,1464,10,not_b
3,1069,1399,1400,5,b
3,1070,1251,1252,2,not_implies
3,1071,218,219,2,not_implies
3,1072,1249,1250,7,or
3,1073,562,563,11,implied_by
3,1074,1723,1724,1,and
3,1075,1123,1124,12,not_a
3,1076,508,509,3,a
3,1077,1248,1249,4,not_implied_by
3,1078,1318,1319,11,implied_by
3,1079,1334,1335,6,xor
3,1080,915,916,14,not_and
3,1081,290,291,12,not_a
3,1082,629,630,3,a
3,1083,149,150,10,not_b
3,1084,208,209,13,implies
3,1085,1937,1938,2,not_implies
3,1086,67,68,13,implies
3,1087,197,198,3,a
3,1088,178,179,15,one
3,1089,1647,1648,5,b
3,1090,432,433,12,not_a
3,1091,282,283,3,a
3,1092,910,911,1,and
3,1093,980,981,10,not_b
3,1094,1493,1494,0,zero
3,1095,1952,1953,15,one
3,1096,378,379,7,or
3,1097,751,752,14,not_and
3,1098,1558,1559,11,implied_by
3,1099,1790,1791,10,not_b
3,1100,170,171,1,and
3,1101,235,236,5,b
3,1102,936,937,11,implied_by
3,1103,1433,1434,2,not_implies
3,1104,177,178,12,not_a
3,1105,880,881,12,not_a
3,1106,987,988,14,not_and
3,1107,1337,1338,5,b
3,1108,1975,1976,8,not_or
3,1109,573,574,10,not_b
3,1110,902,903,3,a
3,1111,1880,1881,12,not_a
3,1112,1749,1750,8,not_or
3,1113,1445,1446,11,implied_by
3,1114,1550,1551,7,or
3,1115,1900,1901,14,not_and
3,1116,1603,1604,3,a
3,1117,1580,1581,10,not_b
3,1118,1250,1251,3,a
3,1119,1117,1118,5,b
3,1120,138,139,2,not_implies
3,1121,1353,1354,5,b
3,1122,451,452,13,implies
3,1123,655,656,7,or
3,1124,1897,1898,1,and
3,1125,931,932,5,b
3,1126,505,506,12,not_a
3,1127,1311,1312,6,xor
3,1128,1258,1259,4,not_implied_by
3,1129,1779,1780,6,xor
3,1130,1562,1563,8,not_or
3,1131,1040,1041,13,implies
3,1132,1525,1526,7,or
3,1133,1199,1200,3,a
3,1134,295,296,4,not_implied_by
3,1135,28,29,5,b
3,1136,1829,1830,9,not_xor
3,1137,535,536,1,and
3,1138,55,56,10,not_b
3,1139,790,791,10,not_b
3,1140,1240,1241,10,not_b
3,1141,565,566,3,a
3,1142,1686,1687,14,not_and
3,1143,270,271,10,not_b
3,1144,1866,1867,1,and
3,1145,73,74,3,a
3,1146,1297,1298,12,not_a
3,1147,1791,1792,10,not_b
3,1148,1202,1203,8,not_or
3,1149,1576,1577,5,b
3,1150,1324,1325,5,b
3,1151,1935,1936,3,a
3,1152,1814,1815,12,not_a
3,1153,352,353,13,implies
3,1154,1936,1937,11,implied_by
3,1155,212,213,1,and
3,1156,78,79,10,not_b
3,1157,324,325,3,a
3,1158,625,626,14,not_and
3,1159,1643,1644,2,not_implies
3,1160,162,163,7,or
3,1161,1838,1839,7,or
3,1162,1817,1818,2,not_implies
3,1163,371,372,7,or
3,1164,1867,1868,10,not_b
3,1165,1380,1381,3,a
3,1166,1290,1291,2,not_implies
3,1167,979,980,1,and
3,1168,1750,1751,12,not_a
3,1169,1737,1738,2,not_implies
3,1170,252,253,7,or
3,1171,438,439,6,xor
3,1172,1081,1082,3,a
3,1173,263,264,0,zero
3,1174,587,588,9,not_xor
3,1175,1794,1795,8,not_or
3,1176,1998,1999,10,not_b
3,1177,1009,1010,1,and
3,1178,1665,1666,5,b
3,1179,770,771,1,and
3,1180,1372,1373,1,and
3,1181,476,477,10,not_b
3,1182,1411,1412,2,not_implies
3,1183,1577,1578,14,not_and
3,1184,168,169,3,a
3,1185,493,494,7,or
3,1186,559,560,6,xor
3,1187,398,399,8,not_or
3,1188,549,550,3,a
3,1189,231,232,12,not_a
3,1190,1343,1344,14,not_and
3,1191,405,406,2,not_implies
3,1192,870,871,3,a
3,1193,259,260,10,not_b
3,1194,1050,1051,10,not_b
3,1195,144,145,5,b
3,1196,874,875,12,not_a
3,1197,642,643,11,implied_by
3,1198,355,356,11,implied_by
3,1199,480,481,10,not_b
3,1200,1917,1918,13,implies
3,1201,1543,1544,8,not_or
3,1202,1185,1186,5,b
3,1203,383,384,0,zero
3,1204,1625,1626,1,and
3,1205,1458,1459,14,not_and
3,1206,855,856,4,not_implied_by
3,1207,1287,1288,14,not_and
3,1208,1760,1761,5,b
3,1209,359,360,14,not_and
3,1210,1216,1217,11,implied_by
3,1211,978,979,7,or
3,1212,664,665,5,b
3,1213,1368,1369,3,a
3,1214,997,998,8,not_or
3,1215,1383,1384,5,b
3,1216,1224,1225,1,and
3,1217,62,63,14,not_and
3,1218,415,416,5,b
3,1219,1465,1466,5,b
3,1220,1806,1807,10,not_b
3,1221,1745,1746,1,and
3,1222,1094,1095,6,xor
3,1223,1028,1029,1,and
3,1224,614,615,8,not_or
3,1225,844,845,4,not_implied_by
3,1226,1995,1996,7,or
3,1227,306,307,14,not_and
3,1228,1033,1034,5,b
3,1229,1416,1417,12,not_a
3,1230,846,847,5,b
3,1231,1220,1221,10,not_b
3,1232,1805,1806,9,not_xor
3,1233,1172,1173,3,a
3,1234,913,914,12,not_a
3,1235,553,554,11,implied_by
3,1236,1230,1231,10,not_b
3,1237,1179,1180,10,not_b
3,1238,317,318,1,and
3,1239,497,498,10,not_b
3,1240,96,97,13,implies
3,1241,948,949,3,a
3,1242,1739,1740,13,implies
3,1243,1868,1869,3,a
3,1244,789,790,8,not_or
3,1245,1813,1814,11,implied_by
3,1246,179,180,14,not_and
3,1247,1221,1222,2,not_implies
3,1248,847,848,9,not_xor
3,1249,748,749,15,one
3,1250,353,354,8,not_or
3,1251,1355,1356,9,not_xor
3,1252,671,672,9,not_xor
3,1253,76,77,8,not_or
3,1254,1941,1942,5,b
3,1255,1639,1640,14,not_and
3,1256,1010,1011,0,zero
3,1257,1574,1575,10,not_b
3,1258,1178,1179,12,not_a
3,1259,1247,1248,1,and
3,1260,1054,1055,0,zero
3,1261,1471,1472,1,and
3,1262,1227,1228,10,not_b
3,1263,1561,1562,5,b
3,1264,1519,1520,5,b
3,1265,1448,1449,9,not_xor
3,1266,1679,1680,5,b
3,1267,1992,1993,11,implied_by
3,1268,1529,1530,12,not_a
3,1269,1330,1331,0,zero
3,1270,960,961,10,not_b
3,1271,1075,1076,12,not_a
3,1272,1244,1245,10,not_b
3,1273,492,493,10,not_b
3,1274,30,31,1,and
3,1275,1800,1801,7,or
3,1276,1510,1511,13,implies
3,1277,1401,1402,3,a
3,1278,330,331,10,not_b
3,1279,396,397,5,b
3,1280,1443,1444,10,not_b
3,1281,130,131,5,b
3,1282,299,300,13,implies
3,1283,749,750,4,not_implied_by
3,1284,1291,1292,3,a
3,1285,504,505,3,a
3,1286,1938,1939,6,xor
3,1287,608,609,10,not_b
3,1288,109,110,10,not_b
3,1289,532,533,15,one
3,1290,1520,1521,11,implied_by
3,1291,653,654,5,b
3,1292,401,402,15,one
3,1293,634,635,4,not_implied_by
3,1294,1082,1083,14,not_and
3,1295,600,601,12,not_a
3,1296,1424,1425,4,not_implied_by
3,1297,463,464,13,implies
3,1298,1953,1954,7,or
3,1299,670,671,4,not_implied_by
3,1300,1882,1883,8,not_or
3,1301,753,754,6,xor
3,1302,792,793,5,b
3,1303,1610,1611,14,not_and
3,1304,1758,1759,5,b
3,1305,662,663,14,not_and
3,1306,627,628,5,b
3,1307,1649,1650,3,a
3,1308,269,270,6,xor
3,1309,1332,1333,7,or
3,1310,945,946,11,implied_by
3,1311,376,377,10,not_b
3,1312,329,330,3,a
3,1313,1193,1194,1,and
3,1314,1946,1947,6,xor
3,1315,1914,1915,0,zero
3,1316,52,53,13,implies
3,1317,558,559,5,b
3,1318,827,828,14,not_and
3,1319,331,332,7,or
3,1320,1966,1967,4,not_implied_by
3,1321,0,1,6,xor
3,1322,1346,1347,8,not_or
3,1323,1014,1015,0,zero
3,1324,822,823,11,implied_by
3,1325,102,103,15,one
3,1326,1971,1972,15,one
3,1327,510,511,3,a
3,1328,1793,1794,1,and
3,1329,866,867,6,xor
3,1330,1552,1553,12,not_a
3,1331,871,872,3,a
3,1332,60,61,15,one
3,1333,1196,1197,11,implied_by
3,1334,806,807,8,not_or
3,1335,1018,1019,10,not_b
3,1336,1475,1476,11,implied_by
3,1337,534,535,2,not_implies
3,1338,1724,1725,0,zero
3,1339,1451,1452,3,a
3,1340,969,970,15,one
3,1341,44,45,4,not_implied_by
3,1342,1140,1141,11,implied_by
3,1343,823,824,10,not_b
3,1344,1771,1772,10,not_b
3,1345,89,90,6,xor
3,1346,297,298,7,or
3,1347,911,912,7,or
3,1348,1234,1235,12,not_a
3,1349,1889,1890,3,a
3,1350,229,230,1,and
3,1351,1503,1504,0,zero
3,1352,1548,1549,4,not_implied_by
3,1353,440,441,1,and
3,1354,868,869,2,not_implies
3,1355,1203,1204,7,or
3,1356,1116,1117,7,or
3,1357,271,272,7,or
3,1358,237,238,5,b
3,1359,214,215,4,not_implied_by
3,1360,1709,1710,2,not_implies
3,1361,1704,1705,10,not_b
3,1362,1501,1502,11,implied_by
3,1363,1417,1418,8,not_or
3,1364,266,267,2,not_implies
3,1365,1772,1773,13,implies
3,1366,1901,1902,13,implies
3,1367,390,391,10,not_b
3,1368,77,78,3,a
3,1369,1235,1236,2,not_implies
3,1370,1885,1886,2,not_implies
3,1371,666,667,12,not_a
3,1372,821,822,14,not_and
3,1373,1538,1539,15,one
3,1374,1469,1470,5,b
3,1375,326,327,8,not_or
3,1376,370,371,6,xor
3,1377,1802,1803,3,a
3,1378,567,568,14,not_and
3,1379,1554,1555,7,or
3,1380,1755,1756,10,not_b
3,1381,1147,1148,11,implied_by
3,1382,1961,1962,5,b
3,1383,1629,1630,10,not_b
3,1384,350,351,4,not_implied_by
3,1385,1222,1223,14,not_and
3,1386,1217,1218,12,not_a
3,1387,1498,1499,2,not_implies
3,1388,1259,1260,12,not_a
3,1389,362,363,10,not_b
3,1390,1109,1110,5,b
3,1391,756,757,8,not_or
3,1392,658,659,8,not_or
3,1393,1150,1151,5,b
3,1394,1830,1831,9,not_xor
3,1395,42,43,3,a
3,1396,992,993,9,not_xor
3,1397,1048,1049,1,and
3,1398,1466,1467,14,not_and
3,1399,644,645,13,implies
3,1400,416,417,12,not_a
3,1401,1190,1191,7,or
3,1402,387,388,1,and
3,1403,769,770,5,b
3,1404,1078,1079,11,implied_by
3,1405,1321,1322,4,not_implied_by
3,1406,774,775,15,one
3,1407,1262,1263,5,b
3,1408,1735,1736,3,a
3,1409,221,222,1,and
3,1410,1264,1265,7,or
3,1411,1388,1389,2,not_implies
3,1412,1017,1018,14,not_and
3,1413,744,745,3,a
3,1414,570,571,0,zero
3,1415,663,664,12,not_a
3,1416,1468,1469,8,not_or
3,1417,783,784,9,not_xor
3,1418,1969,1970,5,b
3,1419,624,625,6,xor
3,1420,250,251,12,not_a
3,1421,875,876,14,not_and
3,1422,160,161,12,not_a
3,1423,1653,1654,0,zero
3,1424,1701,1702,11,implied_by
3,1425,418,419,3,a
3,1426,554,555,12,not_a
3,1427,1549,1550,4,not_implied_by
3,1428,513,514,5,b
3,1429,190,191,6,xor
3,1430,1834,1835,7,or
3,1431,1810,1811,10,not_b
3,1432,1634,1635,15,one
3,1433,928,929,5,b
3,1434,618,619,6,xor
3,1435,1985,1986,3,a
3,1436,1280,1281,10,not_b
3,1437,1413,1414,10,not_b
3,1438,585,586,12,not_a
3,1439,319,320,5,b
3,1440,1997,1998,8,not_or
3,1441,1725,1726,10,not_b
3,1442,610,611,3,a
3,1443,280,281,12,not_a
3,1444,1342,1343,5,b
3,1445,1513,1514,10,not_b
3,1446,454,455,9,not_xor
3,1447,907,908,3,a
3,1448,707,708,9,not_xor
3,1449,1899,1900,10,not_b
3,1450,1484,1485,10,not_b
3,1451,603,604,12,not_a
3,1452,24,25,8,not_or
3,1453,151,152,14,not_and
3,1454,1942,1943,12,not_a
3,1455,690,691,5,b
3,1456,323,324,8,not_or
3,1457,1740,1741,5,b
3,1458,410,411,14,not_and
3,1459,1710,1711,3,a
3,1460,389,390,14,not_and
3,1461,503,504,14,not_and
3,1462,434,435,12,not_a
3,1463,1160,1161,14,not_and
3,1464,302,303,5,b
3,1465,812,813,8,not_or
3,1466,53,54,8,not_or
3,1467,1658,1659,7,or
3,1468,1697,1698,1,and
3,1469,1843,1844,3,a
3,1470,134,135,12,not_a
3,1471,343,344,10,not_b
3,1472,1350,1351,11,implied_by
3,1473,1068,1069,8,not_or
3,1474,1702,1703,7,or
3,1475,914,915,4,not_implied_by
3,1476,201,202,5,b
3,1477,1219,1220,7,or
3,1478,1233,1234,12,not_a
3,1479,1820,1821,5,b
3,1480,976,977,5,b
3,1481,1325,1326,12,not_a
3,1482,828,829,5,b
3,1483,637,638,11,implied_by
3,1484,258,259,3,a
3,1485,1517,1518,4,not_implied_by
3,1486,184,185,2,not_implies
3,1487,1136,1137,13,implies
3,1488,1491,1492,2,not_implies
3,1489,1673,1674,4,not_implied_by
3,1490,888,889,12,not_a
3,1491,1135,1136,1,and
3,1492,189,190,7,or
3,1493,1456,1457,1,and
3,1494,1084,1085,3,a
3,1495,1912,1913,3,a
3,1496,37,38,12,not_a
3,1497,119,120,13,implies
3,1498,1427,1428,3,a
3,1499,1506,1507,14,not_and
3,1500,878,879,6,xor
3,1501,274,275,10,not_b
3,1502,1611,1612,7,or
3,1503,1776,1777,7,or
3,1504,679,680,10,not_b
3,1505,377,378,3,a
3,1506,667,668,9,not_xor
3,1507,794,795,8,not_or
3,1508,294,295,12,not_a
3,1509,1996,1997,13,implies
3,1510,54,55,10,not_b
3,1511,1555,1556,10,not_b
3,1512,1163,1164,5,b
3,1513,1842,1843,3,a
3,1514,1569,1570,2,not_implies
3,1515,1412,1413,1,and
3,1516,1871,1872,14,not_and
3,1517,356,357,9,not_xor
3,1518,1156,1157,14,not_and
3,1519,141,142,5,b
3,1520,1131,1132,10,not_b
3,1521,1837,1838,12,not_a
3,1522,29,30,1,and
3,1523,1423,1424,12,not_a
3,1524,1751,1752,8,not_or
3,1525,1812,1813,10,not_b
3,1526,1687,1688,3,a
3,1527,1721,1722,14,not_and
3,1528,309,310,1,and
3,1529,591,592,3,a
3,1530,142,143,4,not_implied_by
3,1531,1299,1300,12,not_a
3,1532,283,284,8,not_or
3,1533,1699,1700,3,a
3,1534,131,132,10,not_b
3,1535,541,542,11,implied_by
3,1536,1524,1525,10,not_b
3,1537,147,148,1,and
3,1538,1331,1332,2,not_implies
3,1539,1041,1042,10,not_b
3,1540,1347,1348,3,a
3,1541,23,24,1,and
3,1542,850,851,6,xor
3,1543,181,182,3,a
3,1544,750,751,7,or
3,1545,1146,1147,4,not_implied_by
3,1546,100,101,10,not_b
3,1547,856,857,4,not_implied_by
3,1548,996,997,8,not_or
3,1549,702,703,13,implies
3,1550,964,965,5,b
3,1551,1430,1431,10,not_b
3,1552,408,409,5,b
3,1553,227,228,5,b
3,1554,1690,1691,3,a
3,1555,1689,1690,2,not_implies
3,1556,1712,1713,5,b
3,1557,1276,1277,5,b
3,1558,1515,1516,12,not_a
3,1559,1365,1366,13,implies
3,1560,1126,1127,8,not_or
3,1561,759,760,1,and
3,1562,882,883,13,implies
3,1563,325,326,2,not_implies
3,1564,411,412,3,a
3,1565,650,651,15,one
3,1566,604,605,13,implies
3,1567,1288,1289,1,and
3,1568,487,488,10,not_b
3,1569,431,432,14,not_and
3,1570,1972,1973,12,not_a
3,1571,982,983,8,not_or
3,1572,557,558,0,zero
3,1573,668,669,12,not_a
3,1574,1630,1631,0,zero
3,1575,357,358,3,a
3,1576,448,449,1,and
3,1577,760,761,15,one
3,1578,242,243,1,and
3,1579,1019,1020,10,not_b
3,1580,1218,1219,10,not_b
3,1581,704,705,3,a
3,1582,798,799,10,not_b
3,1583,999,1000,10,not_b
3,1584,1959,1960,12,not_a
3,1585,776,777,10,not_b
3,1586,1877,1878,4,not_implied_by
3,1587,1940,1941,3,a
3,1588,1566,1567,0,zero
3,1589,1556,1557,15,one
3,1590,1108,1109,12,not_a
3,1591,1020,1021,3,a
3,1592,372,373,14,not_and
3,1593,838,839,7,or
3,1594,930,931,14,not_and
3,1595,536,537,13,implies
3,1596,1888,1889,6,xor
3,1597,1261,1262,4,not_implied_by
3,1598,1056,1057,9,not_xor
3,1599,1455,1456,6,xor
3,1600,1480,1481,4,not_implied_by
3,1601,1878,1879,2,not_implies
3,1602,1743,1744,0,zero
3,1603,1631,1632,11,implied_by
3,1604,995,996,5,b
3,1605,1238,1239,10,not_b
3,1606,230,231,14,not_and
3,1607,8,9,3,a
3,1608,820,821,3,a
3,1609,1336,1337,3,a
3,1610,247,248,2,not_implies
3,1611,621,622,5,b
3,1612,741,742,3,a
3,1613,1344,1345,2,not_implies
3,1614,43,44,10,not_b
3,1615,1130,1131,2,not_implies
3,1616,1722,1723,4,not_implied_by
3,1617,1819,1820,3,a
3,1618,1974,1975,11,implied_by
3,1619,99,100,7,or
3,1620,782,783,15,one
3,1621,436,437,4,not_implied_by
3,1622,285,286,9,not_xor
3,1623,1895,1896,8,not_or
3,1624,422,423,1,and
3,1625,462,463,3,a
3,1626,1059,1060,9,not_xor
3,1627,1374,1375,11,implied_by
3,1628,779,780,13,implies
3,1629,478,479,8,not_or
3,1630,1237,1238,7,or
3,1631,1340,1341,12,not_a
3,1632,1467,1468,12,not_a
3,1633,705,706,5,b
3,1634,1341,1342,3,a
3,1635,108,109,4,not_implied_by
3,1636,583,584,12,not_a
3,1637,192,193,8,not_or
3,1638,22,23,5,b
3,1639,185,186,1,and
3,1640,293,294,9,not_xor
3,1641,1624,1625,4,not_implied_by
3,1642,905,906,4,not_implied_by
3,1643,25,26,12,not_a
3,1644,1268,1269,11,implied_by
3,1645,1978,1979,3,a
3,1646,548,549,8,not_or
3,1647,920,921,11,implied_by
3,1648,763,764,2,not_implies
3,1649,708,709,13,implies
3,1650,85,86,0,zero
3,1651,895,896,10,not_b
3,1652,1757,1758,2,not_implies
3,1653,1593,1594,6,xor
3,1654,110,111,1,and
3,1655,1656,1657,5,b
3,1656,156,157,10,not_b
3,1657,1407,1408,4,not_implied_by
3,1658,1479,1480,3,a
3,1659,1769,1770,13,implies
3,1660,1957,1958,5,b
3,1661,444,445,10,not_b
3,1662,711,712,13,implies
3,1663,836,837,8,not_or
3,1664,1507,1508,5,b
3,1665,723,724,3,a
3,1666,925,926,7,or
3,1667,1786,1787,7,or
3,1668,1803,1804,2,not_implies
3,1669,1263,1264,14,not_and
3,1670,908,909,11,implied_by
3,1671,1338,1339,5,b
3,1672,308,309,0,zero
3,1673,788,789,13,implies
3,1674,369,370,3,a
3,1675,1072,1073,9,not_xor
3,1676,146,147,2,not_implies
3,1677,640,641,4,not_implied_by
3,1678,757,758,5,b
3,1679,1615,1616,1,and
3,1680,500,501,12,not_a
3,1681,1788,1789,3,a
3,1682,1965,1966,5,b
3,1683,400,401,9,not_xor
3,1684,1696,1697,7,or
3,1685,1768,1769,5,b
3,1686,1808,1809,5,b
3,1687,1809,1810,12,not_a
3,1688,695,696,3,a
3,1689,1315,1316,10,not_b
3,1690,1857,1858,10,not_b
3,1691,1691,1692,4,not_implied_by
3,1692,515,516,10,not_b
3,1693,289,290,3,a
3,1694,1410,1411,10,not_b
3,1695,1616,1617,14,not_and
3,1696,123,124,5,b
3,1697,1822,1823,14,not_and
3,1698,300,301,8,not_or
3,1699,843,844,2,not_implies
3,1700,1195,1196,10,not_b
3,1701,174,175,14,not_and
3,1702,1606,1607,1,and
3,1703,1956,1957,8,not_or
3,1704,261,262,14,not_and
3,1705,1405,1406,3,a
3,1706,619,620,2,not_implies
3,1707,118,119,7,or
3,1708,1432,1433,12,not_a
3,1709,1881,1882,8,not_or
3,1710,243,244,11,implied_by
3,1711,1027,1028,12,not_a
3,1712,38,39,5,b
3,1713,795,796,7,or
3,1714,139,140,5,b
3,1715,962,963,1,and
3,1716,974,975,3,a
3,1717,1738,1739,10,not_b
3,1718,429,430,2,not_implies
3,1719,791,792,12,not_a
3,1720,1590,1591,5,b
3,1721,580,581,5,b
3,1722,831,832,2,not_implies
3,1723,1727,1728,10,not_b
3,1724,1137,1138,5,b
3,1725,1253,1254,3,a
3,1726,1110,1111,5,b
3,1727,1086,1087,0,zero
3,1728,253,254,5,b
3,1729,474,475,13,implies
3,1730,1958,1959,14,not_and
3,1731,810,811,10,not_b
3,1732,1694,1695,4,not_implied_by
3,1733,1570,1571,13,implies
3,1734,1571,1572,4,not_implied_by
3,1735,284,285,3,a
3,1736,445,446,1,and
3,1737,1208,1209,10,not_b
3,1738,894,895,0,zero
3,1739,1092,1093,12,not_a
3,1740,1623,1624,13,implies
3,1741,1286,1287,9,not_xor
3,1742,912,913,5,b
3,1743,599,600,0,zero
3,1744,1470,1471,12,not_a
3,1745,818,819,7,or
3,1746,647,648,7,or
3,1747,588,589,12,not_a
3,1748,1034,1035,5,b
3,1749,719,720,7,or
3,1750,137,138,3,a
3,1751,1855,1856,1,and
3,1752,633,634,10,not_b
3,1753,402,403,12,not_a
3,1754,862,863,15,one
3,1755,1397,1398,3,a
3,1756,1646,1647,8,not_or
3,1757,947,948,12,not_a
3,1758,87,88,5,b
3,1759,1560,1561,14,not_and
3,1760,1035,1036,10,not_b
3,1761,1457,1458,10,not_b
3,1762,120,121,10,not_b
3,1763,883,884,14,not_and
3,1764,954,955,15,one
3,1765,516,517,12,not_a
3,1766,1194,1195,0,zero
3,1767,1567,1568,10,not_b
3,1768,616,617,6,xor
3,1769,943,944,15,one
3,1770,1229,1230,6,xor
3,1771,1801,1802,11,implied_by
3,1772,517,518,3,a
3,1773,1382,1383,1,and
3,1774,1947,1948,5,b
3,1775,132,133,2,not_implies
3,1776,1986,1987,12,not_a
3,1777,617,618,3,a
3,1778,1595,1596,9,not_xor
3,1779,341,342,3,a
3,1780,1859,1860,1,and
3,1781,349,350,10,not_b
3,1782,148,149,4,not_implied_by
3,1783,815,816,1,and
3,1784,686,687,12,not_a
3,1785,198,199,10,not_b
3,1786,1052,1053,5,b
3,1787,1200,1201,12,not_a
3,1788,1902,1903,12,not_a
3,1789,1304,1305,3,a
3,1790,654,655,12,not_a
3,1791,112,113,1,and
3,1792,1145,1146,4,not_implied_by
3,1793,1415,1416,3,a
3,1794,344,345,4,not_implied_by
3,1795,385,386,3,a
3,1796,1853,1854,1,and
3,1797,771,772,10,not_b
3,1798,71,72,7,or
3,1799,27,28,10,not_b
3,1800,1862,1863,10,not_b
3,1801,951,952,14,not_and
3,1802,94,95,8,not_or
3,1803,216,217,15,one
3,1804,328,329,5,b
3,1805,597,598,5,b
3,1806,1370,1371,11,implied_by
3,1807,678,679,14,not_and
3,1808,268,269,5,b
3,1809,1671,1672,11,implied_by
3,1810,730,731,4,not_implied_by
3,1811,1395,1396,3,a
3,1812,199,200,6,xor
3,1813,1754,1755,14,not_and
3,1814,1847,1848,8,not_or
3,1815,1741,1742,14,not_and
3,1816,0,2,0,zero
3,1817,1637,1638,5,b
3,1818,829,830,3,a
3,1819,88,89,11,implied_by
3,1820,1042,1043,2,not_implies
3,1821,869,870,12,not_a
3,1822,1031,1032,7,or
3,1823,1906,1907,10,not_b
3,1824,498,499,11,implied_by
3,1825,457,458,10,not_b
3,1826,1821,1822,4,not_implied_by
3,1827,1472,1473,3,a
3,1828,1602,1603,12,not_a
3,1829,849,850,7,or
3,1830,784,785,6,xor
3,1831,521,522,0,zero
3,1832,1908,1909,14,not_and
3,1833,657,658,3,a
3,1834,509,510,15,one
3,1835,881,882,5,b
3,1836,735,736,10,not_b
3,1837,1512,1513,3,a
3,1838,734,735,5,b
3,1839,1049,1050,10,not_b
3,1840,1962,1963,1,and
3,1841,254,255,12,not_a
3,1842,1373,1374,5,b
3,1843,1508,1509,3,a
3,1844,166,167,12,not_a
3,1845,1008,1009,4,not_implied_by
3,1846,443,444,3,a
3,1847,391,392,8,not_or
3,1848,1060,1061,8,not_or
3,1849,1310,1311,5,b
3,1850,1152,1153,13,implies
3,1851,1518,1519,3,a
3,1852,787,788,12,not_a
3,1853,228,229,5,b
3,1854,731,732,7,or
3,1855,215,216,2,not_implies
3,1856,566,567,15,one
3,1857,1191,1192,4,not_implied_by
3,1858,1043,1044,11,implied_by
3,1859,967,968,3,a
3,1860,1436,1437,10,not_b
3,1861,1124,1125,7,or
3,1862,238,239,12,not_a
3,1863,1856,1857,15,one
3,1864,1148,1149,14,not_and
3,1865,1067,1068,4,not_implied_by
3,1866,1236,1237,12,not_a
3,1867,1547,1548,11,implied_by
3,1868,740,741,12,not_a
3,1869,161,162,5,b
3,1870,183,184,11,implied_by
3,1871,817,818,14,not_and
3,1872,10,11,10,not_b
3,1873,752,753,7,or
3,1874,479,480,1,and
3,1875,1841,1842,10,not_b
3,1876,1732,1733,11,implied_by
3,1877,1516,1517,1,and
3,1878,129,130,10,not_b
3,1879,1767,1768,2,not_implies
3,1880,1955,1956,2,not_implies
3,1881,1454,1455,7,or
3,1882,1369,1370,10,not_b
3,1883,1675,1676,1,and
3,1884,857,858,5,b
3,1885,1164,1165,12,not_a
3,1886,1065,1066,12,not_a
3,1887,321,322,11,implied_by
3,1888,1979,1980,14,not_and
3,1889,1076,1077,12,not_a
3,1890,1404,1405,12,not_a
3,1891,367,368,3,a
3,1892,1389,1390,6,xor
3,1893,543,544,3,a
3,1894,1684,1685,5,b
3,1895,519,520,15,one
3,1896,340,341,13,implies
3,1897,801,802,10,not_b
3,1898,1387,1388,7,or
3,1899,1641,1642,1,and
3,1900,935,936,3,a
3,1901,1,2,13,implies
3,1902,46,47,12,not_a
3,1903,404,405,1,and
3,1904,993,994,10,not_b
3,1905,813,814,3,a
3,1906,1591,1592,12,not_a
3,1907,1539,1540,14,not_and
3,1908,693,694,9,not_xor
3,1909,365,366,10,not_b
3,1910,1393,1394,5,b
3,1911,1073,1074,10,not_b
3,1912,669,670,14,not_and
3,1913,39,40,13,implies
3,1914,923,924,10,not_b
3,1915,1477,1478,6,xor
3,1916,1490,1491,6,xor
3,1917,680,681,3,a
3,1918,287,288,10,not_b
3,1919,34,35,14,not_and
3,1920,1030,1031,3,a
3,1921,1530,1531,6,xor
3,1922,754,755,1,and
3,1923,842,843,1,and
3,1924,256,257,12,not_a
3,1925,1858,1859,6,xor
3,1926,1807,1808,8,not_or
3,1927,1652,1653,2,not_implies
3,1928,93,94,12,not_a
3,1929,286,287,1,and
3,1930,959,960,1,and
3,1931,1756,1757,5,b
3,1932,133,134,7,or
3,1933,677,678,4,not_implied_by
3,1934,382,383,15,one
3,1935,1505,1506,12,not_a
3,1936,1309,1310,15,one
3,1937,699,700,9,not_xor
3,1938,413,414,12,not_a
3,1939,224,225,10,not_b
3,1940,841,842,12,not_a
3,1941,586,587,7,or
3,1942,645,646,11,implied_by
3,1943,1573,1574,3,a
3,1944,1367,1368,10,not_b
3,1945,126,127,3,a
3,1946,351,352,1,and
3,1947,442,443,1,and
3,1948,47,48,0,zero
3,1949,1442,1443,0,zero
3,1950,193,194,13,implies
3,1951,1989,1990,4,not_implied_by
3,1952,1176,1177,3,a
3,1953,1645,1646,15,one
3,1954,472,473,13,implies
3,1955,552,553,14,not_and
3,1956,1011,1012,8,not_or
3,1957,953,954,12,not_a
3,1958,598,599,6,xor
3,1959,1326,1327,14,not_and
3,1960,1063,1064,2,not_implies
3,1961,946,947,7,or
3,1962,1099,1100,13,implies
3,1963,1037,1038,10,not_b
3,1964,204,205,10,not_b
3,1965,1818,1819,12,not_a
3,1966,966,967,2,not_implies
3,1967,706,707,3,a
3,1968,1640,1641,5,b
3,1969,1511,1512,14,not_and
3,1970,423,424,8,not_or
3,1971,897,898,8,not_or
3,1972,1396,1397,9,not_xor
3,1973,424,425,2,not_implies
3,1974,69,70,7,or
3,1975,938,939,12,not_a
3,1976,399,400,10,not_b
3,1977,1594,1595,3,a
3,1978,1713,1714,5,b
3,1979,718,719,6,xor
3,1980,761,762,12,not_a
3,1981,1720,1721,4,not_implied_by
3,1982,863,864,12,not_a
3,1983,889,890,6,xor
3,1984,630,631,15,one
3,1985,1695,1696,5,b
3,1986,1879,1880,10,not_b
3,1987,267,268,10,not_b
3,1988,1831,1832,5,b
3,1989,1607,1608,5,b
3,1990,1252,1253,12,not_a
3,1991,924,925,5,b
3,1992,864,865,3,a
3,1993,968,969,8,not_or
3,1994,417,418,0,zero
3,1995,1681,1682,9,not_xor
3,1996,1950,1951,3,a
3,1997,1579,1580,10,not_b
3,1998,1151,1152,11,implied_by
3,1999,346,347,11,implied_by
4,0,693,694,4,not_implied_by
4,1,703,704,13,implies
4,2,1521,1522,6,xor
4,3,370,371,10,not_b
4,4,1474,1475,6,xor
4,5,217,218,11,implied_by
4,6,1612,1613,9,not_xor
4,7,376,377,15,one
4,8,1055,1056,9,not_xor
4,9,1736,1737,10,not_b
4,10,746,747,8,not_or
4,11,702,703,5,b
4,12,801,802,8,not_or
4,13,1397,1398,15,one
4,14,649,650,3,a
4,15,1036,1037,6,xor
4,16,393,394,3,a
4,17,91,92,10,not_b
4,18,575,576,8,not_or
4,19,45,46,3,a
4,20,1438,1439,6,xor
4,21,954,955,3,a
4,22,546,547,3,a
4,23,174,175,10,not_b
4,24,1973,1974,0,zero
4,25,1237,1238,8,not_or
4,26,1361,1362,3,a
4,27,1529,1530,12,not_a
4,28,880,881,5,b
4,29,1625,1626,3,a
4,30,427,428,0,zero
4,31,226,227,5,b
4,32,1863,1864,10,not_b
4,33,110,111,3,a
4,34,560,561,8,not_or
4,35,1353,1354,10,not_b
4,36,1722,1723,8,not_or
4,37,847,848,3,a
4,38,979,980,6,xor
4,39,407,408,0,zero
4,40,727,728,11,implied_by
4,41,1259,1260,1,and
4,42,291,292,8,not_or
4,43,901,902,4,not_implied_by
4,44,1581,1582,3,a
4,45,1940,1941,8,not_or
4,46,1245,1246,3,a
4,47,696,697,8,not_or
4,48,1909,1910,12,not_a
4,49,865,866,9,not_xor
4,50,1116,1117,9,not_xor
4,51,1410,1411,10,not_b
4,52,1910,1911,4,not_implied_by
4,53,124,125,12,not_a
4,54,1981,1982,12,not_a
4,55,1523,1524,1,and
4,56,1747,1748,1,and
4,57,1067,1068,1,and
4,58,1663,1664,3,a
4,59,1318,1319,14,not_and
4,60,75,76,12,not_a
4,61,805,806,3,a
4,62,798,799,3,a
4,63,1810,1811,5,b
4,64,832,833,6,xor
4,65,1760,1761,2,not_implies
4,66,758,759,6,xor
4,67,1652,1653,4,not_implied_by
4,68,1853,1854,8,not_or
4,69,170,171,10,not_b
4,70,1348,1349,5,b
4,71,955,956,2,not_implies
4,72,1207,1208,6,xor
4,73,1379,1380,4,not_implied_by
4,74,477,478,10,not_b
4,75,1332,1333,1,and
4,76,919,920,3,a
4,77,579,580,2,not_implies
4,78,285,286,1,and
4,79,1689,1690,5,b
4,80,1914,1915,7,or
4,81,1372,1373,6,xor
4,82,1608,1609,9,not_xor
4,83,884,885,3,a
4,84,1285,1286,3,a
4,85,744,745,3,a
4,86,1443,1444,5,b
4,87,1615,1616,5,b
4,88,1442,1443,5,b
4,89,1764,1765,15,one
4,90,1960,1961,5,b
4,91,1344,1345,5,b
4,92,1759,1760,5,b
4,93,429,430,4,not_implied_by
4,94,169,170,1,and
4,95,462,463,11,implied_by
4,96,1416,1417,10,not_b
4,97,931,932,3,a
4,98,627,628,8,not_or
4,99,1405,1406,14,not_and
4,100,792,793,11,implied_by
4,101,1263,1264,10,not_b
4,102,760,761,2,not_implies
4,103,485,486,5,b
4,104,1829,1830,13,implies
4,105,1097,1098,5,b
4,106,1020,1021,5,b
4,107,1002,1003,12,not_a
4,108,1658,1659,14,not_and
4,109,1558,1559,7,or
4,110,324,325,14,not_and
4,111,717,718,15,one
4,112,1755,1756,8,not_or
4,113,1743,1744,8,not_or
4,114,1599,1600,10,not_b
4,115,888,889,3,a
4,116,1563,1564,8,not_or
4,117,934,935,13,implies
4,118,666,667,8,not_or
4,119,1503,1504,10,not_b
4,120,1458,1459,3,a
4,121,1584,1585,8,not_or
4,122,119,120,14,not_and
4,123,455,456,3,a
4,124,1165,1166,5,b
4,125,1136,1137,3,a
4,126,1104,1105,9,not_xor
4,127,878,879,12,not_a
4,128,1700,1701,5,b
4,129,1616,1617,5,b
4,130,1188,1189,9,not_xor
4,131,1261,1262,2,not_implies
4,132,1772,1773,12,not_a
4,133,378,379,3,a
4,134,216,217,10,not_b
4,135,1602,1603,13,implies
4,136,1930,1931,11,implied_by
4,137,582,583,12,not_a
4,138,1628,1629,9,not_xor
4,139,918,919,4,not_implied_by
4,140,602,603,12,not_a
4,141,2,3,10,not_b
4,142,1754,1755,13,implies
4,143,1768,1769,9,not_xor
4,144,753,754,3,a
4,145,1934,1935,0,zero
4,146,764,765,12,not_a
4,147,1394,1395,10,not_b
4,148,284,285,3,a
4,149,1982,1983,5,b
4,150,1205,1206,3,a
4,151,879,880,5,b
4,152,239,240,1,and
4,153,1614,1615,12,not_a
4,154,804,805,11,implied_by
4,155,1432,1433,10,not_b
4,156,948,949,5,b
4,157,232,233,13,implies
4,158,1074,1075,3,a
4,159,1021,1022,7,or
4,160,1015,1016,8,not_or
4,161,145,146,9,not_xor
4,162,1381,1382,13,implies
4,163,10,11,5,b
4,164,1646,1647,3,a
4,165,551,552,3,a
4,166,288,289,10,not_b
4,167,1845,1846,4,not_implied_by
4,168,1571,1572,8,not_or
4,169,1583,1584,5,b
4,170,1359,1360,8,not_or
4,171,1033,1034,5,b
4,172,130,131,3,a
4,173,1851,1852,2,not_implies
4,174,1840,1841,5,b
4,175,116,117,3,a
4,176,1247,1248,6,xor
4,177,920,921,10,not_b
4,178,314,315,9,not_xor
4,179,1771,1772,10,not_b
4,180,305,306,9,not_xor
4,181,406,407,4,not_implied_by
4,182,1235,1236,10,not_b
4,183,319,320,10,not_b
4,184,894,895,10,not_b
4,185,1018,1019,3,a
4,186,896,897,3,a
4,187,1378,1379,1,and
4,188,1072,1073,15,one
4,189,1210,1211,3,a
4,190,1004,1005,10,not_b
4,191,42,43,12,not_a
4,192,507,508,7,or
4,193,1962,1963,5,b
4,194,1726,1727,9,not_xor
4,195,676,677,10,not_b
4,196,1993,1994,3,a
4,197,21,22,3,a
4,198,1143,1144,10,not_b
4,199,1780,1781,9,not_xor
4,200,949,950,5,b
4,201,932,933,5,b
4,202,1204,1205,1,and
4,203,501,502,2,not_implies
4,204,900,901,13,implies
4,205,76,77,8,not_or
4,206,606,607,11,implied_by
4,207,1000,1001,10,not_b
4,208,991,992,6,xor
4,209,1456,1457,5,b
4,210,549,550,5,b
4,211,907,908,14,not_and
4,212,1901,1902,12,not_a
4,213,584,585,10,not_b
4,214,607,608,9,not_xor
4,215,1620,1621,9,not_xor
4,216,797,798,15,one
4,217,1992,1993,12,not_a
4,218,238,239,14,not_and
4,219,1182,1183,2,not_implies
4,220,461,462,11,implied_by
4,221,994,995,6,xor
4,222,1953,1954,5,b
4,223,1801,1802,14,not_and
4,224,593,594,13,implies
4,225,1213,1214,1,and
4,226,95,96,7,or
4,227,1167,1168,10,not_b
4,228,1831,1832,10,not_b
4,229,1488,1489,8,not_or
4,230,1669,1670,1,and
4,231,1026,1027,6,xor
4,232,635,636,5,b
4,233,1709,1710,5,b
4,234,688,689,13,implies
4,235,1380,1381,12,not_a
4,236,1550,1551,11,implied_by
4,237,1683,1684,13,implies
4,238,1609,1610,7,or
4,239,1057,1058,2,not_implies
4,240,960,961,2,not_implies
4,241,422,423,1,and
4,242,1122,1123,8,not_or
4,243,1920,1921,9,not_xor
4,244,871,872,12,not_a
4,245,1805,1806,10,not_b
4,246,135,136,12,not_a
4,247,1983,1984,7,or
4,248,262,263,5,b
4,249,1803,1804,5,b
4,250,611,612,9,not_xor
4,251,915,916,7,or
4,252,1594,1595,11,implied_by
4,253,1582,1583,6,xor
4,254,1176,1177,12,not_a
4,255,1352,1353,10,not_b
4,256,1079,1080,12,not_a
4,257,359,360,2,not_implies
4,258,1704,1705,2,not_implies
4,259,1153,1154,6,xor
4,260,654,655,11,implied_by
4,261,1942,1943,7,or
4,262,1573,1574,2,not_implies
4,263,287,288,14,not_and
4,264,678,679,1,and
4,265,1005,1006,14,not_and
4,266,1264,1265,8,not_or
4,267,1699,1700,9,not_xor
4,268,1885,1886,3,a
4,269,1705,1706,12,not_a
4,270,106,107,12,not_a
4,271,355,356,0,zero
4,272,1425,1426,8,not_or
4,273,581,582,5,b
4,274,1837,1838,3,a
4,275,1574,1575,12,not_a
4,276,1184,1185,7,or
4,277,1545,1546,11,implied_by
4,278,1398,1399,10,not_b
4,279,1808,1809,4,not_implied_by
4,280,172,173,12,not_a
4,281,1146,1147,5,b
4,282,1338,1339,10,not_b
4,283,646,647,3,a
4,284,1497,1498,10,not_b
4,285,1399,1400,7,or
4,286,1543,1544,11,implied_by
4,287,1271,1272,5,b
4,288,1363,1364,8,not_or
4,289,1208,1209,9,not_xor
4,290,357,358,13,implies
4,291,1171,1172,3,a
4,292,1345,1346,1,and
4,293,600,601,2,not_implies
4,294,1977,1978,5,b
4,295,1792,1793,5,b
4,296,182,183,14,not_and
4,297,1,2,14,not_and
4,298,993,994,5,b
4,299,1302,1303,13,implies
4,300,27,28,13,implies
4,301,556,557,12,not_a
4,302,1471,1472,9,not_xor
4,303,1721,1722,3,a
4,304,1212,1213,12,not_a
4,305,1836,1837,2,not_implies
4,306,859,860,5,b
4,307,158,159,9,not_xor
4,308,260,261,14,not_and
4,309,303,304,1,and
4,310,334,335,3,a
4,311,41,42,5,b
4,312,824,825,5,b
4,313,956,957,3,a
4,314,426,427,5,b
4,315,656,657,0,zero
4,316,339,340,4,not_implied_by
4,317,394,395,12,not_a
4,318,458,459,14,not_and
4,319,404,405,3,a
4,320,279,280,1,and
4,321,1535,1536,10,not_b
4,322,1128,1129,7,or
4,323,1220,1221,13,implies
4,324,252,253,13,implies
4,325,275,276,12,not_a
4,326,1052,1053,9,not_xor
4,327,433,434,13,implies
4,328,375,376,12,not_a
4,329,1657,1658,10,not_b
4,330,103,104,5,b
4,331,513,514,4,not_implied_by
4,332,1871,1872,3,a
4,333,1130,1131,5,b
4,334,1965,1966,8,not_or
4,335,939,940,4,not_implied_by
4,336,245,246,15,one
4,337,321,322,12,not_a
4,338,1924,1925,12,not_a
4,339,1422,1423,6,xor
4,340,1124,1125,8,not_or
4,341,346,347,8,not_or
4,342,1315,1316,5,b
4,343,1927,1928,14,not_and
4,344,1364,1365,3,a
4,345,1243,1244,2,not_implies
4,346,1818,1819,10,not_b
4,347,286,287,0,zero
4,348,502,503,1,and
4,349,1152,1153,6,xor
4,350,1662,1663,5,b
4,351,32,33,10,not_b
4,352,123,124,14,not_and
4,353,1557,1558,11,implied_by
4,354,151,152,8,not_or
4,355,590,591,2,not_implies
4,356,1630,1631,10,not_b
4,357,395,396,5,b
4,358,1674,1675,14,not_and
4,359,1884,1885,12,not_a
4,360,1633,1634,11,implied_by
4,361,1134,1135,10,not_b
4,362,301,302,4,not_implied_by
4,363,188,189,5,b
4,364,475,476,8,not_or
4,365,953,954,6,xor
4,366,1964,1965,14,not_and
4,367,1105,1106,12,not_a
4,368,690,691,7,or
4,369,1290,1291,1,and
4,370,1312,1313,8,not_or
4,371,1510,1511,8,not_or
4,372,163,164,5,b
4,373,849,850,12,not_a
4,374,1542,1543,10,not_b
4,375,743,744,5,b
4,376,205,206,9,not_xor
4,377,1806,1807,12,not_a
4,378,828,829,2,not_implies
4,379,926,927,12,not_a
4,380,658,659,12,not_a
4,381,63,64,3,a
4,382,421,422,8,not_or
4,383,1455,1456,1,and
4,384,425,426,3,a
4,385,53,54,12,not_a
4,386,1619,1620,14,not_and
4,387,701,702,3,a
4,388,228,229,12,not_a
4,389,1177,1178,8,not_or
4,390,489,490,12,not_a
4,391,152,153,13,implies
4,392,1595,1596,12,not_a
4,393,1460,1461,6,xor
4,394,143,144,10,not_b
4,395,774,775,1,and
4,396,209,210,7,or
4,397,796,797,3,a
4,398,669,670,5,b
4,399,118,119,12,not_a
4,400,1666,1667,10,not_b
4,401,1605,1606,11,implied_by
4,402,820,821,10,not_b
4,403,1300,1301,8,not_or
4,404,273,274,3,a
4,405,1921,1922,3,a
4,406,999,1000,4,not_implied_by
4,407,973,974,12,not_a
4,408,1533,1534,2,not_implies
4,409,1485,1486,4,not_implied_by
4,410,1649,1650,3,a
4,411,795,796,5,b
4,412,1158,1159,4,not_implied_by
4,413,1240,1241,11,implied_by
4,414,1017,1018,9,not_xor
4,415,175,176,5,b
4,416,443,444,12,not_a
4,417,1642,1643,12,not_a
4,418,1281,1282,5,b
4,419,114,115,5,b
4,420,1731,1732,11,implied_by
4,421,1986,1987,14,not_and
4,422,958,959,0,zero
4,423,1779,1780,1,and
4,424,1475,1476,13,implies
4,425,1486,1487,11,implied_by
4,426,783,784,9,not_xor
4,427,131,132,15,one
4,428,650,651,10,not_b
4,429,869,870,5,b
4,430,1257,1258,8,not_or
4,431,641,642,3,a
4,432,24,25,10,not_b
4,433,910,911,3,a
4,434,1738,1739,15,one
4,435,963,964,5,b
4,436,1670,1671,3,a
4,437,511,512,7,or
4,438,978,979,9,not_xor
4,439,564,565,11,implied_by
4,440,1531,1532,10,not_b
4,441,257,258,3,a
4,442,1035,1036,10,not_b
4,443,1606,1607,1,and
4,444,1011,1012,9,not_xor
4,445,1408,1409,4,not_implied_by
4,446,405,406,10,not_b
4,447,1681,1682,11,implied_by
4,448,1600,1601,12,not_a
4,449,1590,1591,7,or
4,450,1120,1121,10,not_b
4,451,638,639,7,or
4,452,514,515,5,b
4,453,1131,1132,10,not_b
4,454,70,71,5,b
4,455,1513,1514,12,not_a
4,456,415,416,12,not_a
4,457,1444,1445,3,a
4,458,697,698,5,b
4,459,1100,1101,0,zero
4,460,1668,1669,8,not_or
4,461,1650,1651,5,b
4,462,1477,1478,3,a
4,463,1450,1451,9,not_xor
4,464,1762,1763,12,not_a
4,465,1576,1577,3,a
4,466,700,701,12,not_a
4,467,1769,1770,10,not_b
4,468,11,12,12,not_a
4,469,1781,1782,12,not_a
4,470,542,543,10,not_b
4,471,1516,1517,15,one
4,472,1899,1900,5,b
4,473,1463,1464,5,b
4,474,445,446,1,and
4,475,1028,1029,10,not_b
4,476,1638,1639,11,implied_by
4,477,1137,1138,9,not_xor
4,478,1445,1446,3,a
4,479,1621,1622,7,or
4,480,1377,1378,7,or
4,481,1716,1717,12,not_a
4,482,1075,1076,3,a
4,483,391,392,9,not_xor
4,484,1215,1216,9,not_xor
4,485,1665,1666,5,b
4,486,57,58,11,implied_by
4,487,1255,1256,11,implied_by
4,488,683,684,9,not_xor
4,489,752,753,5,b
4,490,1250,1251,6,xor
4,491,1022,1023,10,not_b
4,492,1092,1093,6,xor
4,493,745,746,2,not_implies
4,494,839,840,3,a
4,495,917,918,7,or
4,496,1019,1020,11,implied_by
4,497,1922,1923,8,not_or
4,498,401,402,5,b
4,499,149,150,4,not_implied_by
4,500,1014,1015,4,not_implied_by
4,501,1622,1623,14,not_and
4,502,428,429,3,a
4,503,1192,1193,8,not_or
4,504,1008,1009,12,not_a
4,505,1816,1817,5,b
4,506,16,17,0,zero
4,507,1807,1808,9,not_xor
4,508,136,137,13,implies
4,509,1314,1315,5,b
4,510,1169,1170,5,b
4,511,141,142,5,b
4,512,1967,1968,11,implied_by
4,513,1350,1351,3,a
4,514,706,707,11,implied_by
4,515,1275,1276,5,b
4,516,1678,1679,3,a
4,517,181,182,9,not_xor
4,518,1958,1959,12,not_a
4,519,1230,1231,6,xor
4,520,1295,1296,2,not_implies
4,521,447,448,4,not_implied_by
4,522,1296,1297,2,not_implies
4,523,868,869,4,not_implied_by
4,524,617,618,2,not_implies
4,525,213,214,14,not_and
4,526,190,191,1,and
4,527,506,507,11,implied_by
4,528,1698,1699,12,not_a
4,529,1161,1162,0,zero
4,530,1293,1294,11,implied_by
4,531,1735,1736,12,not_a
4,532,194,195,12,not_a
4,533,651,652,0,zero
4,534,1593,1594,5,b
4,535,1046,1047,0,zero
4,536,449,450,13,implies
4,537,1676,1677,12,not_a
4,538,1656,1657,13,implies
4,539,1596,1597,8,not_or
4,540,714,715,2,not_implies
4,541,1386,1387,12,not_a
4,542,276,277,3,a
4,543,1283,1284,2,not_implies
4,544,1225,1226,5,b
4,545,1501,1502,6,xor
4,546,196,197,9,not_xor
4,547,1575,1576,3,a
4,548,493,494,3,a
4,549,82,83,10,not_b
4,550,591,592,12,not_a
4,551,573,574,14,not_and
4,552,1702,1703,11,implied_by
4,553,310,311,5,b
4,554,84,85,3,a
4,555,470,471,4,not_implied_by
4,556,306,307,12,not_a
4,557,1369,1370,12,not_a
4,558,178,179,9,not_xor
4,559,782,783,3,a
4,560,466,467,5,b
4,561,1429,1430,2,not_implies
4,562,1417,1418,1,and
4,563,806,807,6,xor
4,564,691,692,12,not_a
4,565,280,281,12,not_a
4,566,92,93,3,a
4,567,271,272,10,not_b
4,568,102,103,6,xor
4,569,1823,1824,1,and
4,570,724,725,6,xor
4,571,1580,1581,14,not_and
4,572,815,816,12,not_a
4,573,1838,1839,14,not_and
4,574,494,495,10,not_b
4,575,947,948,3,a
4,576,333,334,2,not_implies
4,577,1189,1190,1,and
4,578,392,393,12,not_a
4,579,351,352,6,xor
4,580,326,327,12,not_a
4,581,1089,1090,8,not_or
4,582,1223,1224,12,not_a
4,583,819,820,7,or
4,584,1201,1202,14,not_and
4,585,364,365,8,not_or
4,586,1491,1492,10,not_b
4,587,64,65,12,not_a
4,588,1341,1342,8,not_or
4,589,297,298,12,not_a
4,590,231,232,3,a
4,591,138,139,7,or
4,592,1578,1579,10,not_b
4,593,441,442,1,and
4,594,498,499,10,not_b
4,595,741,742,3,a
4,596,776,777,10,not_b
4,597,505,506,13,implies
4,598,256,257,10,not_b
4,599,1329,1330,10,not_b
4,600,1091,1092,4,not_implied_by
4,601,274,275,5,b
4,602,1761,1762,5,b
4,603,921,922,6,xor
4,604,992,993,12,not_a
4,605,488,489,7,or
4,606,924,925,14,not_and
4,607,1672,1673,5,b
4,608,436,437,5,b
4,609,496,497,10,not_b
4,610,1522,1523,11,implied_by
4,611,872,873,3,a
4,612,1260,1261,1,and
4,613,1904,1905,2,not_implies
4,614,1489,1490,6,xor
4,615,1043,1044,4,not_implied_by
4,616,873,874,8,not_or
4,617,1339,1340,12,not_a
4,618,986,987,4,not_implied_by
4,619,613,614,3,a
4,620,446,447,9,not_xor
4,621,1854,1855,3,a
4,622,1419,1420,1,and
4,623,1227,1228,2,not_implies
4,624,380,381,0,zero
4,625,479,480,2,not_implies
4,626,1655,1656,11,implied_by
4,627,558,559,13,implies
4,628,895,896,10,not_b
4,629,568,569,10,not_b
4,630,1717,1718,3,a
4,631,1129,1130,11,implied_by
4,632,1911,1912,12,not_a
4,633,735,736,5,b
4,634,1183,1184,10,not_b
4,635,85,86,6,xor
4,636,1679,1680,6,xor
4,637,251,252,12,not_a
4,638,829,830,12,not_a
4,639,1879,1880,13,implies
4,640,652,653,4,not_implied_by
4,641,229,230,11,implied_by
4,642,874,875,5,b
4,643,439,440,2,not_implies
4,644,342,343,4,not_implied_by
4,645,1848,1849,14,not_and
4,646,312,313,5,b
4,647,1254,1255,12,not_a
4,648,1713,1714,12,not_a
4,649,569,570,7,or
4,650,906,907,1,and
4,651,1433,1434,12,not_a
4,652,51,52,9,not_xor
4,653,1175,1176,12,not_a
4,654,1388,1389,11,implied_by
4,655,1467,1468,10,not_b
4,656,215,216,12,not_a
4,657,1790,1791,14,not_and
4,658,1841,1842,11,implied_by
4,659,328,329,7,or
4,660,988,989,8,not_or
4,661,263,264,5,b
4,662,1209,1210,13,implies
4,663,115,116,10,not_b
4,664,619,620,11,implied_by
4,665,1673,1674,0,zero
4,666,459,460,7,or
4,667,863,864,10,not_b
4,668,1041,1042,3,a
4,669,1995,1996,6,xor
4,670,1798,1799,8,not_or
4,671,192,193,10,not_b
4,672,510,511,10,not_b
4,673,272,273,5,b
4,674,965,966,12,not_a
4,675,1001,1002,5,b
4,676,1889,1890,5,b
4,677,294,295,0,zero
4,678,94,95,3,a
4,679,356,357,3,a
4,680,128,129,3,a
4,681,1524,1525,13,implies
4,682,518,519,12,not_a
4,683,7,8,3,a
4,684,457,458,9,not_xor
4,685,1453,1454,4,not_implied_by
4,686,1277,1278,4,not_implied_by
4,687,1094,1095,10,not_b
4,688,28,29,7,or
4,689,1262,1263,4,not_implied_by
4,690,946,947,10,not_b
4,691,434,435,5,b
4,692,1727,1728,5,b
4,693,1010,1011,5,b
4,694,73,74,5,b
4,695,1421,1422,3,a
4,696,1451,1452,3,a
4,697,1439,1440,5,b
4,698,1140,1141,12,not_a
4,699,335,336,5,b
4,700,957,958,6,xor
4,701,23,24,9,not_xor
4,702,851,852,1,and
4,703,1758,1759,12,not_a
4,704,1824,1825,7,or
4,705,620,621,13,implies
4,706,1087,1088,12,not_a
4,707,1610,1611,9,not_xor
4,708,521,522,0,zero
4,709,633,634,14,not_and
4,710,692,693,5,b
4,711,1084,1085,14,not_and
4,712,668,669,12,not_a
4,713,852,853,14,not_and
4,714,1054,1055,9,not_xor
4,715,870,871,10,not_b
4,716,1560,1561,11,implied_by
4,717,1691,1692,5,b
4,718,108,109,13,implies
4,719,1817,1818,12,not_a
4,720,1111,1112,5,b
4,721,1784,1785,5,b
4,722,1907,1908,14,not_and
4,723,1303,1304,13,implies
4,724,1248,1249,14,not_and
4,725,373,374,9,not_xor
4,726,1925,1926,10,not_b
4,727,185,186,1,and
4,728,35,36,14,not_and
4,729,1203,1204,10,not_b
4,730,990,991,3,a
4,731,631,632,14,not_and
4,732,844,845,5,b
4,733,811,812,5,b
4,734,1815,1816,3,a
4,735,348,349,1,and
4,736,1391,1392,8,not_or
4,737,453,454,12,not_a
4,738,1083,1084,13,implies
4,739,1939,1940,12,not_a
4,740,580,581,6,xor
4,741,673,674,5,b
4,742,1876,1877,12,not_a
4,743,1274,1275,9,not_xor
4,744,72,73,9,not_xor
4,745,634,635,13,implies
4,746,1190,1191,6,xor
4,747,642,643,9,not_xor
4,748,596,597,12,not_a
4,749,1414,1415,7,or
4,750,1585,1586,11,implied_by
4,751,198,199,5,b
4,752,244,245,7,or
4,753,1935,1936,2,not_implies
4,754,1552,1553,8,not_or
4,755,22,23,8,not_or
4,756,67,68,3,a
4,757,1990,1991,3,a
4,758,785,786,0,zero
4,759,1951,1952,14,not_and
4,760,388,389,10,not_b
4,761,969,970,1,and
4,762,399,400,0,zero
4,763,30,31,7,or
4,764,126,127,3,a
4,765,379,380,12,not_a
4,766,1869,1870,12,not_a
4,767,905,906,6,xor
4,768,430,431,8,not_or
4,769,1297,1298,3,a
4,770,547,548,10,not_b
4,771,1365,1366,10,not_b
4,772,1618,1619,13,implies
4,773,157,158,11,implied_by
4,774,544,545,5,b
4,775,495,496,2,not_implies
4,776,1774,1775,3,a
4,777,1389,1390,13,implies
4,778,823,824,6,xor
4,779,1970,1971,6,xor
4,780,826,827,7,or
4,781,160,161,12,not_a
4,782,1847,1848,10,not_b
4,783,698,699,13,implies
4,784,1211,1212,1,and
4,785,1680,1681,14,not_and
4,786,318,319,5,b
4,787,1081,1082,5,b
4,788,750,751,10,not_b
4,789,1918,1919,10,not_b
4,790,810,811,14,not_and
4,791,523,524,4,not_implied_by
4,792,1932,1933,11,implied_by
4,793,1825,1826,5,b
4,794,524,525,7,or
4,795,967,968,10,not_b
4,796,664,665,3,a
4,797,687,688,1,and
4,798,381,382,13,implies
4,799,1534,1535,3,a
4,800,1289,1290,1,and
4,801,1387,1388,8,not_or
4,802,959,960,4,not_implied_by
4,803,1374,1375,6,xor
4,804,889,890,3,a
4,805,254,255,3,a
4,806,109,110,12,not_a
4,807,1520,1521,10,not_b
4,808,841,842,0,zero
4,809,382,383,4,not_implied_by
4,810,1732,1733,10,not_b
4,811,877,878,1,and
4,812,1024,1025,13,implies
4,813,127,128,5,b
4,814,951,952,10,not_b
4,815,1040,1041,10,not_b
4,816,1127,1128,14,not_and
4,817,903,904,10,not_b
4,818,1299,1300,5,b
4,819,456,457,8,not_or
4,820,1492,1493,4,not_implied_by
4,821,255,256,3,a
4,822,96,97,12,not_a
4,823,1936,1937,6,xor
4,824,1306,1307,10,not_b
4,825,793,794,0,zero
4,826,65,66,3,a
4,827,1103,1104,10,not_b
4,828,563,564,7,or
4,829,929,930,10,not_b
4,830,1039,1040,5,b
4,831,165,166,15,one
4,832,1627,1628,7,or
4,833,1912,1913,5,b
4,834,1132,1133,2,not_implies
4,835,14,15,2,not_implies
4,836,747,748,3,a
4,837,504,505,12,not_a
4,838,1883,1884,8,not_or
4,839,1465,1466,12,not_a
4,840,69,70,9,not_xor
4,841,1430,1431,5,b
4,842,1826,1827,8,not_or
4,843,354,355,13,implies
4,844,352,353,5,b
4,845,1163,1164,10,not_b
4,846,365,366,15,one
4,847,1752,1753,10,not_b
4,848,340,341,2,not_implies
4,849,202,203,5,b
4,850,1003,1004,15,one
4,851,317,318,13,implies
4,852,1242,1243,3,a
4,853,1802,1803,10,not_b
4,854,856,857,3,a
4,855,1991,1992,10,not_b
4,856,517,518,5,b
4,857,883,884,12,not_a
4,858,29,30,7,or
4,859,1706,1707,13,implies
4,860,603,604,13,implies
4,861,358,359,3,a
4,862,1875,1876,11,implied_by
4,863,322,323,3,a
4,864,1515,1516,14,not_and
4,865,941,942,3,a
4,866,911,912,3,a
4,867,156,157,3,a
4,868,1118,1119,9,not_xor
4,869,1059,1060,2,not_implies
4,870,121,122,10,not_b
4,871,1358,1359,5,b
4,872,88,89,3,a
4,873,1162,1163,12,not_a
4,874,1719,1720,2,not_implies
4,875,1961,1962,14,not_and
4,876,1895,1896,2,not_implies
4,877,885,886,11,implied_by
4,878,268,269,13,implies
4,879,592,593,3,a
4,880,1077,1078,5,b
4,881,533,534,5,b
4,882,742,743,6,xor
4,883,1896,1897,11,implied_by
4,884,1342,1343,5,b
4,885,1928,1929,3,a
4,886,1269,1270,5,b
4,887,1753,1754,13,implies
4,888,942,943,1,and
4,889,1472,1473,10,not_b
4,890,482,483,8,not_or
4,891,1511,1512,3,a
4,892,1466,1467,12,not_a
4,893,62,63,7,or
4,894,689,690,9,not_xor
4,895,630,631,13,implies
4,896,561,562,12,not_a
4,897,778,779,9,not_xor
4,898,1268,1269,8,not_or
4,899,38,39,7,or
4,900,341,342,3,a
4,901,1267,1268,5,b
4,902,710,711,10,not_b
4,903,980,981,10,not_b
4,904,1949,1950,2,not_implies
4,905,1697,1698,12,not_a
4,906,1307,1308,5,b
4,907,857,858,6,xor
4,908,469,470,8,not_or
4,909,1917,1918,11,implied_by
4,910,1457,1458,3,a
4,911,1860,1861,5,b
4,912,267,268,3,a
4,913,1326,1327,10,not_b
4,914,1049,1050,12,not_a
4,915,681,682,13,implies
4,916,522,523,8,not_or
4,917,618,619,14,not_and
4,918,224,225,12,not_a
4,919,44,45,12,not_a
4,920,1117,1118,10,not_b
4,921,1561,1562,9,not_xor
4,922,1226,1227,12,not_a
4,923,1635,1636,3,a
4,924,1842,1843,5,b
4,925,961,962,10,not_b
4,926,140,141,6,xor
4,927,48,49,12,not_a
4,928,1888,1889,5,b
4,929,1786,1787,11,implied_by
4,930,1482,1483,12,not_a
4,931,968,969,14,not_and
4,932,1298,1299,12,not_a
4,933,761,762,8,not_or
4,934,1142,1143,13,implies
4,935,311,312,15,one
4,936,1330,1331,10,not_b
4,937,1384,1385,13,implies
4,938,971,972,12,not_a
4,939,491,492,5,b
4,940,539,540,1,and
4,941,1321,1322,15,one
4,942,1400,1401,13,implies
4,943,538,539,7,or
4,944,679,680,13,implies
4,945,0,1,3,a
4,946,661,662,9,not_xor
4,947,813,814,9,not_xor
4,948,1435,1436,4,not_implied_by
4,949,1941,1942,5,b
4,950,509,510,10,not_b
4,951,802,803,5,b
4,952,1980,1981,12,not_a
4,953,1518,1519,10,not_b
4,954,1797,1798,1,and
4,955,503,504,12,not_a
4,956,1551,1552,11,implied_by
4,957,1310,1311,1,and
4,958,720,721,5,b
4,959,93,94,11,implied_by
4,960,1336,1337,11,implied_by
4,961,219,220,5,b
4,962,831,832,13,implies
4,963,671,672,5,b
4,964,234,235,1,and
4,965,1234,1235,12,not_a
4,966,1864,1865,4,not_implied_by
4,967,432,433,4,not_implied_by
4,968,1337,1338,3,a
4,969,12,13,10,not_b
4,970,31,32,1,and
4,971,1462,1463,1,and
4,972,1505,1506,10,not_b
4,973,420,421,12,not_a
4,974,1537,1538,4,not_implied_by
4,975,790,791,2,not_implies
4,976,1530,1531,3,a
4,977,54,55,14,not_and
4,978,1479,1480,10,not_b
4,979,266,267,10,not_b
4,980,769,770,7,or
4,981,799,800,9,not_xor
4,982,1660,1661,4,not_implied_by
4,983,1877,1878,12,not_a
4,984,1325,1326,15,one
4,985,1788,1789,2,not_implies
4,986,1356,1357,2,not_implies
4,987,137,138,2,not_implies
4,988,1976,1977,1,and
4,989,1114,1115,1,and
4,990,1793,1794,9,not_xor
4,991,1232,1233,5,b
4,992,864,865,6,xor
4,993,261,262,5,b
4,994,982,983,3,a
4,995,298,299,10,not_b
4,996,818,819,12,not_a
4,997,386,387,11,implied_by
4,998,1966,1967,13,implies
4,999,985,986,7,or
4,1000,1948,1949,7,or
4,1001,1265,1266,3,a
4,1002,1058,1059,10,not_b
4,1003,162,163,11,implied_by
4,1004,308,309,13,implies
4,1005,292,293,7,or
4,1006,77,78,5,b
4,1007,1640,1641,10,not_b
4,1008,614,615,5,b
4,1009,1441,1442,3,a
4,1010,1688,1689,10,not_b
4,1011,265,266,10,not_b
4,1012,15,16,9,not_xor
4,1013,167,168,1,and
4,1014,474,475,10,not_b
4,1015,1238,1239,7,or
4,1016,1586,1587,13,implies
4,1017,1631,1632,9,not_xor
4,1018,1231,1232,0,zero
4,1019,648,649,7,or
4,1020,1448,1449,13,implies
4,1021,34,35,0,zero
4,1022,622,623,10,not_b
4,1023,639,640,4,not_implied_by
4,1024,1469,1470,4,not_implied_by
4,1025,1800,1801,10,not_b
4,1026,1045,1046,3,a
4,1027,1006,1007,3,a
4,1028,1454,1455,10,not_b
4,1029,1090,1091,2,not_implies
4,1030,1569,1570,2,not_implies
4,1031,545,546,10,not_b
4,1032,1766,1767,2,not_implies
4,1033,550,551,5,b
4,1034,59,60,14,not_and
4,1035,1750,1751,14,not_and
4,1036,781,782,2,not_implies
4,1037,1266,1267,3,a
4,1038,866,867,5,b
4,1039,120,121,9,not_xor
4,1040,945,946,4,not_implied_by
4,1041,770,771,4,not_implied_by
4,1042,1933,1934,3,a
4,1043,887,888,2,not_implies
4,1044,817,818,11,implied_by
4,1045,309,310,3,a
4,1046,1794,1795,10,not_b
4,1047,749,750,6,xor
4,1048,1126,1127,9,not_xor
4,1049,996,997,6,xor
4,1050,751,752,12,not_a
4,1051,672,673,3,a
4,1052,454,455,13,implies
4,1053,616,617,4,not_implied_by
4,1054,1214,1215,11,implied_by
4,1055,987,988,10,not_b
4,1056,1064,1065,13,implies
4,1057,331,332,9,not_xor
4,1058,867,868,13,implies
4,1059,1228,1229,12,not_a
4,1060,588,589,7,or
4,1061,626,627,14,not_and
4,1062,347,348,12,not_a
4,1063,1684,1685,12,not_a
4,1064,525,526,10,not_b
4,1065,1252,1253,1,and
4,1066,1791,1792,3,a
4,1067,1198,1199,4,not_implied_by
4,1068,1108,1109,3,a
4,1069,343,344,3,a
4,1070,1180,1181,12,not_a
4,1071,1347,1348,6,xor
4,1072,1729,1730,8,not_or
4,1073,976,977,4,not_implied_by
4,1074,1703,1704,5,b
4,1075,1931,1932,11,implied_by
4,1076,486,487,6,xor
4,1077,1178,1179,4,not_implied_by
4,1078,43,44,7,or
4,1079,739,740,6,xor
4,1080,146,147,14,not_and
4,1081,1519,1520,7,or
4,1082,1687,1688,3,a
4,1083,935,936,1,and
4,1084,726,727,10,not_b
4,1085,595,596,13,implies
4,1086,1740,1741,11,implied_by
4,1087,74,75,4,not_implied_by
4,1088,1470,1471,12,not_a
4,1089,148,149,7,or
4,1090,1138,1139,12,not_a
4,1091,712,713,2,not_implies
4,1092,850,851,10,not_b
4,1093,862,863,12,not_a
4,1094,1675,1676,6,xor
4,1095,410,411,3,a
4,1096,1812,1813,8,not_or
4,1097,240,241,3,a
4,1098,1284,1285,12,not_a
4,1099,757,758,3,a
4,1100,1770,1771,6,xor
4,1101,508,509,3,a
4,1102,791,792,3,a
4,1103,1546,1547,11,implied_by
4,1104,408,409,14,not_and
4,1105,1749,1750,4,not_implied_by
4,1106,1813,1814,0,zero
4,1107,107,108,9,not_xor
4,1108,431,432,9,not_xor
4,1109,249,250,9,not_xor
4,1110,490,491,5,b
4,1111,56,57,5,b
4,1112,981,982,6,xor
4,1113,204,205,12,not_a
4,1114,1782,1783,12,not_a
4,1115,548,549,6,xor
4,1116,1308,1309,12,not_a
4,1117,1279,1280,3,a
4,1118,576,577,5,b
4,1119,385,386,10,not_b
4,1120,40,41,10,not_b
4,1121,411,412,11,implied_by
4,1122,663,664,10,not_b
4,1123,1984,1985,12,not_a
4,1124,930,931,14,not_and
4,1125,843,844,6,xor
4,1126,571,572,2,not_implies
4,1127,1701,1702,2,not_implies
4,1128,1196,1197,12,not_a
4,1129,1923,1924,8,not_or
4,1130,361,362,10,not_b
4,1131,1710,1711,4,not_implied_by
4,1132,1446,1447,4,not_implied_by
4,1133,83,84,10,not_b
4,1134,1946,1947,6,xor
4,1135,1305,1306,12,not_a
4,1136,977,978,3,a
4,1137,223,224,9,not_xor
4,1138,1063,1064,4,not_implied_by
4,1139,1919,1920,13,implies
4,1140,1088,1089,11,implied_by
4,1141,304,305,5,b
4,1142,320,321,6,xor
4,1143,1639,1640,9,not_xor
4,1144,403,404,13,implies
4,1145,155,156,11,implied_by
4,1146,1179,1180,14,not_and
4,1147,1066,1067,10,not_b
4,1148,1095,1096,5,b
4,1149,278,279,13,implies
4,1150,643,644,9,not_xor
4,1151,1401,1402,14,not_and
4,1152,636,637,13,implies
4,1153,173,174,4,not_implied_by
4,1154,1905,1906,13,implies
4,1155,1827,1828,5,b
4,1156,860,861,3,a
4,1157,1440,1441,12,not_a
4,1158,846,847,6,xor
4,1159,473,474,7,or
4,1160,1998,1999,14,not_and
4,1161,699,700,11,implied_by
4,1162,1404,1405,0,zero
4,1163,890,891,2,not_implies
4,1164,1868,1869,12,not_a
4,1165,1437,1438,9,not_xor
4,1166,520,521,5,b
4,1167,1963,1964,12,not_a
4,1168,827,828,7,or
4,1169,1744,1745,12,not_a
4,1170,451,452,6,xor
4,1171,1286,1287,3,a
4,1172,984,985,3,a
4,1173,904,905,5,b
4,1174,1577,1578,10,not_b
4,1175,1952,1953,3,a
4,1176,1714,1715,15,one
4,1177,360,361,3,a
4,1178,944,945,5,b
4,1179,1431,1432,3,a
4,1180,1647,1648,8,not_or
4,1181,480,481,3,a
4,1182,738,739,13,implies
4,1183,837,838,2,not_implies
4,1184,300,301,10,not_b
4,1185,122,123,1,and
4,1186,540,541,5,b
4,1187,725,726,7,or
4,1188,1915,1916,10,not_b
4,1189,299,300,4,not_implied_by
4,1190,1538,1539,14,not_and
4,1191,269,270,12,not_a
4,1192,1517,1518,11,implied_by
4,1193,500,501,6,xor
4,1194,559,560,12,not_a
4,1195,332,333,5,b
4,1196,1423,1424,10,not_b
4,1197,531,532,3,a
4,1198,90,91,3,a
4,1199,207,208,5,b
4,1200,605,606,3,a
4,1201,1478,1479,10,not_b
4,1202,632,633,14,not_and
4,1203,1839,1840,10,not_b
4,1204,1651,1652,0,zero
4,1205,923,924,6,xor
4,1206,1671,1672,15,one
4,1207,516,517,10,not_b
4,1208,476,477,12,not_a
4,1209,555,556,8,not_or
4,1210,1098,1099,3,a
4,1211,1969,1970,5,b
4,1212,1346,1347,12,not_a
4,1213,1712,1713,4,not_implied_by
4,1214,1623,1624,10,not_b
4,1215,1490,1491,4,not_implied_by
4,1216,665,666,5,b
4,1217,1085,1086,11,implied_by
4,1218,1906,1907,5,b
4,1219,807,808,6,xor
4,1220,909,910,13,implies
4,1221,933,934,4,not_implied_by
4,1222,186,187,12,not_a
4,1223,1133,1134,8,not_or
4,1224,1335,1336,7,or
4,1225,133,134,15,one
4,1226,975,976,10,not_b
4,1227,816,817,12,not_a
4,1228,1773,1774,5,b
4,1229,587,588,4,not_implied_by
4,1230,644,645,12,not_a
4,1231,840,841,12,not_a
4,1232,336,337,12,not_a
4,1233,767,768,7,or
4,1234,1822,1823,15,one
4,1235,1849,1850,8,not_or
4,1236,1464,1465,3,a
4,1237,1536,1537,2,not_implies
4,1238,1748,1749,10,not_b
4,1239,1859,1860,7,or
4,1240,237,238,5,b
4,1241,585,586,15,one
4,1242,1007,1008,5,b
4,1243,1544,1545,10,not_b
4,1244,707,708,12,not_a
4,1245,732,733,7,or
4,1246,972,973,4,not_implied_by
4,1247,1730,1731,3,a
4,1248,962,963,4,not_implied_by
4,1249,1974,1975,8,not_or
4,1250,497,498,14,not_and
4,1251,1591,1592,9,not_xor
4,1252,621,622,9,not_xor
4,1253,36,37,6,xor
4,1254,1733,1734,10,not_b
4,1255,1304,1305,8,not_or
4,1256,1870,1871,10,not_b
4,1257,78,79,2,not_implies
4,1258,970,971,10,not_b
4,1259,438,439,4,not_implied_by
4,1260,1096,1097,12,not_a
4,1261,848,849,1,and
4,1262,653,654,2,not_implies
4,1263,1373,1374,10,not_b
4,1264,786,787,4,not_implied_by
4,1265,1194,1195,7,or
4,1266,1056,1057,3,a
4,1267,694,695,5,b
4,1268,578,579,10,not_b
4,1269,835,836,6,xor
4,1270,1351,1352,5,b
4,1271,1173,1174,0,zero
4,1272,295,296,8,not_or
4,1273,101,102,5,b
4,1274,768,769,3,a
4,1275,1333,1334,10,not_b
4,1276,200,201,5,b
4,1277,623,624,12,not_a
4,1278,875,876,12,not_a
4,1279,528,529,4,not_implied_by
4,1280,1861,1862,8,not_or
4,1281,1604,1605,13,implies
4,1282,1185,1186,12,not_a
4,1283,1728,1729,8,not_or
4,1284,1945,1946,12,not_a
4,1285,1282,1283,3,a
4,1286,902,903,5,b
4,1287,1273,1274,3,a
4,1288,1191,1192,11,implied_by
4,1289,117,118,5,b
4,1290,1241,1242,7,or
4,1291,259,260,3,a
4,1292,338,339,9,not_xor
4,1293,876,877,12,not_a
4,1294,13,14,9,not_xor
4,1295,998,999,3,a
4,1296,248,249,5,b
4,1297,897,898,0,zero
4,1298,1507,1508,4,not_implied_by
4,1299,1246,1247,5,b
4,1300,1186,1187,2,not_implies
4,1301,718,719,10,not_b
4,1302,1830,1831,1,and
4,1303,609,610,9,not_xor
4,1304,235,236,3,a
4,1305,389,390,13,implies
4,1306,1926,1927,6,xor
4,1307,1572,1573,10,not_b
4,1308,686,687,14,not_and
4,1309,916,917,4,not_implied_by
4,1310,597,598,13,implies
4,1311,1375,1376,0,zero
4,1312,1221,1222,6,xor
4,1313,1648,1649,7,or
4,1314,414,415,2,not_implies
4,1315,1409,1410,4,not_implied_by
4,1316,1424,1425,14,not_and
4,1317,1637,1638,3,a
4,1318,1080,1081,5,b
4,1319,1174,1175,7,or
4,1320,400,401,10,not_b
4,1321,925,926,13,implies
4,1322,1938,1939,7,or
4,1323,159,160,3,a
4,1324,1294,1295,8,not_or
4,1325,1707,1708,1,and
4,1326,1042,1043,4,not_implied_by
4,1327,1313,1314,12,not_a
4,1328,629,630,5,b
4,1329,1559,1560,12,not_a
4,1330,1607,1608,3,a
4,1331,529,530,11,implied_by
4,1332,680,681,13,implies
4,1333,296,297,7,or
4,1334,17,18,12,not_a
4,1335,1354,1355,9,not_xor
4,1336,1434,1435,13,implies
4,1337,60,61,8,not_or
4,1338,1763,1764,9,not_xor
4,1339,565,566,6,xor
4,1340,773,774,7,or
4,1341,1828,1829,12,not_a
4,1342,713,714,4,not_implied_by
4,1343,1495,1496,5,b
4,1344,1685,1686,10,not_b
4,1345,435,436,11,implied_by
4,1346,189,190,4,not_implied_by
4,1347,111,112,10,not_b
4,1348,1686,1687,13,implies
4,1349,315,316,5,b
4,1350,164,165,3,a
4,1351,938,939,2,not_implies
4,1352,424,425,15,one
4,1353,943,944,9,not_xor
4,1354,685,686,2,not_implies
4,1355,1368,1369,6,xor
4,1356,323,324,15,one
4,1357,383,384,10,not_b
4,1358,50,51,1,and
4,1359,1367,1368,10,not_b
4,1360,1270,1271,7,or
4,1361,253,254,3,a
4,1362,444,445,6,xor
4,1363,842,843,0,zero
4,1364,1370,1371,13,implies
4,1365,1170,1171,7,or
4,1366,1525,1526,10,not_b
4,1367,483,484,14,not_and
4,1368,913,914,5,b
4,1369,1383,1384,11,implied_by
4,1370,756,757,3,a
4,1371,886,887,4,not_implied_by
4,1372,755,756,10,not_b
4,1373,532,533,3,a
4,1374,1107,1108,10,not_b
4,1375,1955,1956,14,not_and
4,1376,1954,1955,13,implies
4,1377,247,248,3,a
4,1378,527,528,5,b
4,1379,898,899,8,not_or
4,1380,307,308,4,not_implied_by
4,1381,139,140,11,implied_by
4,1382,1427,1428,5,b
4,1383,1629,1630,5,b
4,1384,1168,1169,7,or
4,1385,1555,1556,12,not_a
4,1386,1065,1066,7,or
4,1387,1476,1477,8,not_or
4,1388,1855,1856,3,a
4,1389,220,221,12,not_a
4,1390,1592,1593,9,not_xor
4,1391,589,590,4,not_implied_by
4,1392,442,443,10,not_b
4,1393,481,482,12,not_a
4,1394,1598,1599,13,implies
4,1395,1597,1598,11,implied_by
4,1396,1206,1207,8,not_or
4,1397,1867,1868,9,not_xor
4,1398,647,648,11,implied_by
4,1399,134,135,12,not_a
4,1400,1626,1627,10,not_b
4,1401,1988,1989,11,implied_by
4,1402,912,913,0,zero
4,1403,283,284,14,not_and
4,1404,1343,1344,1,and
4,1405,882,883,10,not_b
4,1406,1280,1281,8,not_or
4,1407,1323,1324,10,not_b
4,1408,79,80,3,a
4,1409,1834,1835,13,implies
4,1410,1514,1515,5,b
4,1411,472,473,4,not_implied_by
4,1412,771,772,6,xor
4,1413,838,839,5,b
4,1414,1737,1738,13,implies
4,1415,448,449,10,not_b
4,1416,1997,1998,1,and
4,1417,1420,1421,8,not_or
4,1418,1327,1328,12,not_a
4,1419,708,709,2,not_implies
4,1420,1149,1150,5,b
4,1421,80,81,2,not_implies
4,1422,1708,1709,3,a
4,1423,834,835,5,b
4,1424,290,291,10,not_b
4,1425,1725,1726,8,not_or
4,1426,1106,1107,4,not_implied_by
4,1427,567,568,10,not_b
4,1428,499,500,1,and
4,1429,345,346,10,not_b
4,1430,1032,1033,10,not_b
4,1431,397,398,10,not_b
4,1432,1913,1914,6,xor
4,1433,1402,1403,7,or
4,1434,711,712,14,not_and
4,1435,803,804,14,not_and
4,1436,371,372,5,b
4,1437,640,641,11,implied_by
4,1438,1613,1614,15,one
4,1439,1937,1938,10,not_b
4,1440,1564,1565,3,a
4,1441,1776,1777,1,and
4,1442,1272,1273,9,not_xor
4,1443,1406,1407,6,xor
4,1444,861,862,6,xor
4,1445,1244,1245,3,a
4,1446,645,646,4,not_implied_by
4,1447,52,53,10,not_b
4,1448,1217,1218,13,implies
4,1449,526,527,7,or
4,1450,601,602,4,not_implied_by
4,1451,1396,1397,4,not_implied_by
4,1452,662,663,3,a
4,1453,66,67,1,and
4,1454,25,26,8,not_or
4,1455,800,801,4,not_implied_by
4,1456,704,705,3,a
4,1457,1547,1548,6,xor
4,1458,1634,1635,12,not_a
4,1459,1016,1017,10,not_b
4,1460,478,479,14,not_and
4,1461,1777,1778,13,implies
4,1462,1073,1074,9,not_xor
4,1463,250,251,10,not_b
4,1464,1644,1645,14,not_and
4,1465,1382,1383,9,not_xor
4,1466,1415,1416,3,a
4,1467,1548,1549,8,not_or
4,1468,212,213,12,not_a
4,1469,246,247,10,not_b
4,1470,171,172,8,not_or
4,1471,293,294,10,not_b
4,1472,418,419,5,b
4,1473,113,114,5,b
4,1474,1664,1665,4,not_implied_by
4,1475,598,599,3,a
4,1476,168,169,14,not_and
4,1477,206,207,3,a
4,1478,1334,1335,6,xor
4,1479,655,656,4,not_implied_by
4,1480,1775,1776,10,not_b
4,1481,682,683,4,not_implied_by
4,1482,1233,1234,2,not_implies
4,1483,772,773,9,not_xor
4,1484,1301,1302,12,not_a
4,1485,695,696,7,or
4,1486,1677,1678,7,or
4,1487,154,155,2,not_implies
4,1488,1783,1784,12,not_a
4,1489,1682,1683,11,implied_by
4,1490,384,385,12,not_a
4,1491,1654,1655,8,not_or
4,1492,612,613,12,not_a
4,1493,1567,1568,5,b
4,1494,845,846,4,not_implied_by
4,1495,1496,1497,1,and
4,1496,586,587,2,not_implies
4,1497,221,222,4,not_implied_by
4,1498,350,351,0,zero
4,1499,367,368,3,a
4,1500,1110,1111,11,implied_by
4,1501,1322,1323,13,implies
4,1502,821,822,8,not_or
4,1503,176,177,4,not_implied_by
4,1504,763,764,12,not_a
4,1505,460,461,9,not_xor
4,1506,1872,1873,14,not_and
4,1507,535,536,6,xor
4,1508,467,468,1,and
4,1509,1785,1786,12,not_a
4,1510,337,338,2,not_implies
4,1511,1481,1482,7,or
4,1512,1746,1747,15,one
4,1513,100,101,5,b
4,1514,230,231,1,and
4,1515,184,185,3,a
4,1516,1881,1882,5,b
4,1517,1484,1485,9,not_xor
4,1518,1385,1386,5,b
4,1519,1086,1087,5,b
4,1520,1866,1867,3,a
4,1521,709,710,3,a
4,1522,197,198,3,a
4,1523,20,21,5,b
4,1524,1390,1391,5,b
4,1525,1051,1052,4,not_implied_by
4,1526,1099,1100,12,not_a
4,1527,728,729,12,not_a
4,1528,1695,1696,14,not_and
4,1529,1034,1035,15,one
4,1530,199,200,5,b
4,1531,1756,1757,10,not_b
4,1532,1898,1899,10,not_b
4,1533,1461,1462,1,and
4,1534,1504,1505,7,or
4,1535,99,100,10,not_b
4,1536,402,403,12,not_a
4,1537,1139,1140,2,not_implies
4,1538,1487,1488,8,not_or
4,1539,716,717,6,xor
4,1540,1030,1031,10,not_b
4,1541,1123,1124,15,one
4,1542,1667,1668,0,zero
4,1543,789,790,10,not_b
4,1544,1502,1503,8,not_or
4,1545,615,616,12,not_a
4,1546,222,223,12,not_a
4,1547,1070,1071,3,a
4,1548,1765,1766,12,not_a
4,1549,1031,1032,8,not_or
4,1550,1483,1484,5,b
4,1551,450,451,12,not_a
4,1552,1125,1126,12,not_a
4,1553,997,998,7,or
4,1554,132,133,15,one
4,1555,1121,1122,12,not_a
4,1556,1320,1321,7,or
4,1557,19,20,6,xor
4,1558,989,990,5,b
4,1559,759,760,3,a
4,1560,487,488,9,not_xor
4,1561,1856,1857,1,and
4,1562,398,399,10,not_b
4,1563,201,202,3,a
4,1564,1734,1735,12,not_a
4,1565,574,575,4,not_implied_by
4,1566,1950,1951,2,not_implies
4,1567,1956,1957,13,implies
4,1568,553,554,12,not_a
4,1569,1897,1898,11,implied_by
4,1570,754,755,6,xor
4,1571,1202,1203,8,not_or
4,1572,777,778,8,not_or
4,1573,1141,1142,9,not_xor
4,1574,950,951,13,implies
4,1575,1850,1851,3,a
4,1576,1809,1810,15,one
4,1577,1692,1693,12,not_a
4,1578,210,211,0,zero
4,1579,1159,1160,5,b
4,1580,1611,1612,8,not_or
4,1581,1291,1292,3,a
4,1582,762,763,5,b
4,1583,657,658,12,not_a
4,1584,1603,1604,4,not_implied_by
4,1585,784,785,1,and
4,1586,677,678,3,a
4,1587,1540,1541,5,b
4,1588,534,535,6,xor
4,1589,1078,1079,1,and
4,1590,468,469,0,zero
4,1591,327,328,3,a
4,1592,729,730,12,not_a
4,1593,705,706,12,not_a
4,1594,282,283,6,xor
4,1595,1145,1146,8,not_or
4,1596,1249,1250,1,and
4,1597,715,716,2,not_implies
4,1598,1222,1223,7,or
4,1599,794,795,10,not_b
4,1600,417,418,2,not_implies
4,1601,604,605,10,not_b
4,1602,227,228,3,a
4,1603,218,219,12,not_a
4,1604,1428,1429,10,not_b
4,1605,787,788,5,b
4,1606,1814,1815,10,not_b
4,1607,1371,1372,2,not_implies
4,1608,39,40,3,a
4,1609,780,781,7,or
4,1610,1418,1419,10,not_b
4,1611,1878,1879,8,not_or
4,1612,1820,1821,8,not_or
4,1613,1119,1120,3,a
4,1614,1553,1554,12,not_a
4,1615,1892,1893,10,not_b
4,1616,570,571,5,b
4,1617,1767,1768,2,not_implies
4,1618,1968,1969,6,xor
4,1619,1587,1588,12,not_a
4,1620,1903,1904,3,a
4,1621,1832,1833,10,not_b
4,1622,258,259,4,not_implied_by
4,1623,1718,1719,6,xor
4,1624,1071,1072,15,one
4,1625,1804,1805,12,not_a
4,1626,1393,1394,4,not_implied_by
4,1627,1355,1356,12,not_a
4,1628,1947,1948,3,a
4,1629,374,375,14,not_and
4,1630,419,420,10,not_b
4,1631,1975,1976,11,implied_by
4,1632,144,145,12,not_a
4,1633,1894,1895,3,a
4,1634,740,741,9,not_xor
4,1635,105,106,9,not_xor
4,1636,1376,1377,13,implies
4,1637,344,345,8,not_or
4,1638,377,378,5,b
4,1639,1239,1240,8,not_or
4,1640,940,941,1,and
4,1641,330,331,11,implied_by
4,1642,1403,1404,5,b
4,1643,3,4,11,implied_by
4,1644,1741,1742,3,a
4,1645,625,626,5,b
4,1646,1570,1571,10,not_b
4,1647,214,215,1,and
4,1648,1251,1252,12,not_a
4,1649,387,388,7,or
4,1650,1862,1863,1,and
4,1651,637,638,10,not_b
4,1652,1195,1196,13,implies
4,1653,5,6,5,b
4,1654,1316,1317,12,not_a
4,1655,1029,1030,3,a
4,1656,409,410,5,b
4,1657,719,720,8,not_or
4,1658,1865,1866,5,b
4,1659,1641,1642,11,implied_by
4,1660,368,369,8,not_or
4,1661,610,611,6,xor
4,1662,808,809,3,a
4,1663,241,242,1,and
4,1664,1157,1158,5,b
4,1665,1311,1312,13,implies
4,1666,1328,1329,12,not_a
4,1667,1216,1217,8,not_or
4,1668,1082,1083,13,implies
4,1669,362,363,7,or
4,1670,412,413,1,and
4,1671,1795,1796,8,not_or
4,1672,660,661,7,or
4,1673,1819,1820,2,not_implies
4,1674,1147,1148,8,not_or
4,1675,1601,1602,12,not_a
4,1676,566,567,7,or
4,1677,1971,1972,10,not_b
4,1678,1224,1225,4,not_implied_by
4,1679,1050,1051,4,not_implied_by
4,1680,153,154,5,b
4,1681,1200,1201,7,or
4,1682,1047,1048,7,or
4,1683,372,373,12,not_a
4,1684,1833,1834,4,not_implied_by
4,1685,748,749,14,not_and
4,1686,853,854,4,not_implied_by
4,1687,1447,1448,3,a
4,1688,512,513,5,b
4,1689,830,831,12,not_a
4,1690,1624,1625,7,or
4,1691,1711,1712,8,not_or
4,1692,463,464,5,b
4,1693,1506,1507,2,not_implies
4,1694,1357,1358,1,and
4,1695,1193,1194,3,a
4,1696,37,38,9,not_xor
4,1697,1480,1481,3,a
4,1698,775,776,10,not_b
4,1699,1218,1219,7,or
4,1700,572,573,8,not_or
4,1701,413,414,5,b
4,1702,1645,1646,2,not_implies
4,1703,26,27,12,not_a
4,1704,1528,1529,10,not_b
4,1705,881,882,2,not_implies
4,1706,1164,1165,3,a
4,1707,1643,1644,3,a
4,1708,1148,1149,12,not_a
4,1709,1278,1279,5,b
4,1710,1500,1501,10,not_b
4,1711,1532,1533,6,xor
4,1712,624,625,12,not_a
4,1713,1636,1637,1,and
4,1714,1166,1167,7,or
4,1715,1873,1874,9,not_xor
4,1716,166,167,9,not_xor
4,1717,1452,1453,9,not_xor
4,1718,1151,1152,6,xor
4,1719,150,151,15,one
4,1720,1739,1740,4,not_implied_by
4,1721,812,813,12,not_a
4,1722,390,391,10,not_b
4,1723,147,148,15,one
4,1724,236,237,10,not_b
4,1725,1509,1510,4,not_implied_by
4,1726,1258,1259,13,implies
4,1727,723,724,5,b
4,1728,537,538,3,a
4,1729,1661,1662,0,zero
4,1730,6,7,12,not_a
4,1731,1060,1061,11,implied_by
4,1732,1568,1569,4,not_implied_by
4,1733,211,212,5,b
4,1734,1412,1413,10,not_b
4,1735,1493,1494,12,not_a
4,1736,1979,1980,13,implies
4,1737,684,685,3,a
4,1738,353,354,10,not_b
4,1739,396,397,7,or
4,1740,1757,1758,10,not_b
4,1741,519,520,2,not_implies
4,1742,1690,1691,2,not_implies
4,1743,1319,1320,10,not_b
4,1744,1392,1393,8,not_or
4,1745,1459,1460,0,zero
4,1746,554,555,11,implied_by
4,1747,1411,1412,8,not_or
4,1748,675,676,7,or
4,1749,1309,1310,4,not_implied_by
4,1750,183,184,11,implied_by
4,1751,1013,1014,12,not_a
4,1752,264,265,4,not_implied_by
4,1753,1426,1427,2,not_implies
4,1754,1751,1752,10,not_b
4,1755,4,5,9,not_xor
4,1756,1109,1110,12,not_a
4,1757,1886,1887,5,b
4,1758,1324,1325,3,a
4,1759,552,553,3,a
4,1760,974,975,4,not_implied_by
4,1761,1799,1800,8,not_or
4,1762,1508,1509,14,not_and
4,1763,583,584,13,implies
4,1764,47,48,10,not_b
4,1765,1715,1716,13,implies
4,1766,97,98,1,and
4,1767,1093,1094,3,a
4,1768,1659,1660,5,b
4,1769,927,928,12,not_a
4,1770,1887,1888,9,not_xor
4,1771,936,937,5,b
4,1772,437,438,14,not_and
4,1773,893,894,2,not_implies
4,1774,225,226,10,not_b
4,1775,1778,1779,8,not_or
4,1776,1579,1580,8,not_or
4,1777,1891,1892,10,not_b
4,1778,1229,1230,14,not_and
4,1779,1219,1220,3,a
4,1780,1449,1450,3,a
4,1781,33,34,12,not_a
4,1782,1181,1182,8,not_or
4,1783,316,317,9,not_xor
4,1784,1027,1028,2,not_implies
4,1785,1796,1797,12,not_a
4,1786,1565,1566,13,implies
4,1787,1062,1063,5,b
4,1788,1882,1883,7,or
4,1789,594,595,5,b
4,1790,1821,1822,12,not_a
4,1791,89,90,4,not_implied_by
4,1792,1742,1743,3,a
4,1793,779,780,4,not_implied_by
4,1794,464,465,10,not_b
4,1795,87,88,8,not_or
4,1796,1436,1437,15,one
4,1797,914,915,15,one
4,1798,1554,1555,10,not_b
4,1799,177,178,6,xor
4,1800,1187,1188,3,a
4,1801,1556,1557,8,not_or
4,1802,1987,1988,4,not_implied_by
4,1803,281,282,3,a
4,1804,766,767,10,not_b
4,1805,966,967,11,implied_by
4,1806,995,996,9,not_xor
4,1807,899,900,3,a
4,1808,329,330,10,not_b
4,1809,1197,1198,12,not_a
4,1810,1061,1062,9,not_xor
4,1811,1150,1151,11,implied_by
4,1812,1076,1077,12,not_a
4,1813,1069,1070,10,not_b
4,1814,1858,1859,7,or
4,1815,1696,1697,10,not_b
4,1816,49,50,5,b
4,1817,1473,1474,7,or
4,1818,731,732,1,and
4,1819,1407,1408,10,not_b
4,1820,1256,1257,9,not_xor
4,1821,1880,1881,3,a
4,1822,1566,1567,13,implies
4,1823,937,938,7,or
4,1824,1908,1909,11,implied_by
4,1825,8,9,2,not_implies
4,1826,61,62,10,not_b
4,1827,983,984,1,and
4,1828,492,493,3,a
4,1829,892,893,0,zero
4,1830,1693,1694,9,not_xor
4,1831,1038,1039,1,and
4,1832,302,303,12,not_a
4,1833,423,424,9,not_xor
4,1834,1155,1156,0,zero
4,1835,659,660,3,a
4,1836,1900,1901,5,b
4,1837,208,209,8,not_or
4,1838,1720,1721,5,b
4,1839,1023,1024,8,not_or
4,1840,1199,1200,3,a
4,1841,1852,1853,0,zero
4,1842,833,834,2,not_implies
4,1843,1745,1746,12,not_a
4,1844,737,738,12,not_a
4,1845,58,59,11,implied_by
4,1846,1957,1958,11,implied_by
4,1847,825,826,13,implies
4,1848,1154,1155,10,not_b
4,1849,277,278,6,xor
4,1850,203,204,12,not_a
4,1851,952,953,10,not_b
4,1852,1539,1540,5,b
4,1853,270,271,5,b
4,1854,1053,1054,11,implied_by
4,1855,1541,1542,14,not_and
4,1856,416,417,12,not_a
4,1857,922,923,9,not_xor
4,1858,125,126,7,or
4,1859,577,578,6,xor
4,1860,440,441,12,not_a
4,1861,1653,1654,2,not_implies
4,1862,1959,1960,3,a
4,1863,1362,1363,3,a
4,1864,161,162,4,not_implied_by
4,1865,471,472,10,not_b
4,1866,1944,1945,14,not_and
4,1867,908,909,10,not_b
4,1868,822,823,1,and
4,1869,515,516,12,not_a
4,1870,733,734,10,not_b
4,1871,730,731,12,not_a
4,1872,1874,1875,10,not_b
4,1873,854,855,10,not_b
4,1874,179,180,8,not_or
4,1875,1978,1979,6,xor
4,1876,928,929,12,not_a
4,1877,1395,1396,6,xor
4,1878,452,453,10,not_b
4,1879,1562,1563,13,implies
4,1880,1287,1288,11,implied_by
4,1881,98,99,3,a
4,1882,0,2,13,implies
4,1883,674,675,2,not_implies
4,1884,1617,1618,3,a
4,1885,46,47,7,or
4,1886,1985,1986,13,implies
4,1887,369,370,3,a
4,1888,1331,1332,12,not_a
4,1889,1102,1103,14,not_and
4,1890,112,113,13,implies
4,1891,1276,1277,1,and
4,1892,1048,1049,1,and
4,1893,628,629,2,not_implies
4,1894,1172,1173,12,not_a
4,1895,1135,1136,10,not_b
4,1896,1101,1102,3,a
4,1897,1468,1469,12,not_a
4,1898,187,188,11,implied_by
4,1899,1527,1528,14,not_and
4,1900,18,19,10,not_b
4,1901,1857,1858,3,a
4,1902,1498,1499,12,not_a
4,1903,1843,1844,4,not_implied_by
4,1904,1724,1725,5,b
4,1905,734,735,12,not_a
4,1906,1694,1695,5,b
4,1907,1972,1973,1,and
4,1908,1893,1894,10,not_b
4,1909,1349,1350,12,not_a
4,1910,1009,1010,12,not_a
4,1911,1112,1113,14,not_and
4,1912,1526,1527,3,a
4,1913,1366,1367,6,xor
4,1914,1588,1589,0,zero
4,1915,142,143,6,xor
4,1916,68,69,10,not_b
4,1917,1494,1495,10,not_b
4,1918,1317,1318,12,not_a
4,1919,129,130,4,not_implied_by
4,1920,1846,1847,3,a
4,1921,465,466,14,not_and
4,1922,858,859,3,a
4,1923,195,196,4,not_implied_by
4,1924,9,10,5,b
4,1925,81,82,6,xor
4,1926,325,326,12,not_a
4,1927,599,600,9,not_xor
4,1928,1890,1891,3,a
4,1929,180,181,3,a
4,1930,289,290,10,not_b
4,1931,1012,1013,11,implied_by
4,1932,1044,1045,4,not_implied_by
4,1933,814,815,9,not_xor
4,1934,1589,1590,5,b
4,1935,855,856,2,not_implies
4,1936,1787,1788,11,implied_by
4,1937,1156,1157,4,not_implied_by
4,1938,1512,1513,3,a
4,1939,1068,1069,9,not_xor
4,1940,243,244,3,a
4,1941,536,537,5,b
4,1942,1632,1633,5,b
4,1943,530,531,12,not_a
4,1944,366,367,3,a
4,1945,1253,1254,10,not_b
4,1946,1916,1917,10,not_b
4,1947,193,194,10,not_b
4,1948,1549,1550,10,not_b
4,1949,1144,1145,9,not_xor
4,1950,1360,1361,3,a
4,1951,667,668,9,not_xor
4,1952,71,72,1,and
4,1953,484,485,15,one
4,1954,233,234,6,xor
4,1955,721,722,5,b
4,1956,1113,1114,1,and
4,1957,1236,1237,13,implies
4,1958,1160,1161,4,not_implied_by
4,1959,55,56,3,a
4,1960,891,892,5,b
4,1961,1943,1944,3,a
4,1962,1413,1414,12,not_a
4,1963,191,192,12,not_a
4,1964,1844,1845,3,a
4,1965,1835,1836,5,b
4,1966,722,723,14,not_and
4,1967,1811,1812,12,not_a
4,1968,809,810,13,implies
4,1969,543,544,12,not_a
4,1970,964,965,1,and
4,1971,608,609,7,or
4,1972,1723,1724,12,not_a
4,1973,1989,1990,5,b
4,1974,562,563,9,not_xor
4,1975,1288,1289,1,and
4,1976,1499,1500,12,not_a
4,1977,1292,1293,5,b
4,1978,541,542,13,implies
4,1979,363,364,5,b
4,1980,1996,1997,5,b
4,1981,765,766,2,not_implies
4,1982,242,243,5,b
4,1983,1025,1026,5,b
4,1984,557,558,10,not_b
4,1985,1115,1116,9,not_xor
4,1986,670,671,3,a
4,1987,788,789,12,not_a
4,1988,1902,1903,13,implies
4,1989,1929,1930,10,not_b
4,1990,86,87,8,not_or
4,1991,736,737,11,implied_by
4,1992,1789,1790,3,a
4,1993,1340,1341,14,not_and
4,1994,1037,1038,3,a
4,1995,1994,1995,5,b
4,1996,313,314,3,a
4,1997,349,350,5,b
4,1998,836,837,10,not_b
4,1999,104,105,10,not_b
5,0,421,422,12,not_a
5,1,1175,1176,12,not_a
5,2,1266,1267,11,implied_by
5,3,1555,1556,3,a
5,4,464,465,5,b
5,5,1013,1014,10,not_b
5,6,1481,1482,7,or
5,7,850,851,15,one
5,8,1764,1765,4,not_implied_by
5,9,51,52,10,not_b
5,10,1048,1049,12,not_a
5,11,1599,1600,5,b
5,12,762,763,10,not_b
5,13,1493,1494,6,xor
5,14,1285,1286,3,a
5,15,344,345,5,b
5,16,1331,1332,6,xor
5,17,1238,1239,9,not_xor
5,18,769,770,3,a
5,19,1816,1817,2,not_implies
5,20,1424,1425,3,a
5,21,554,555,3,a
5,22,1776,1777,10,not_b
5,23,1856,1857,5,b
5,24,1152,1153,9,not_xor
5,25,1195,1196,13,implies
5,26,312,313,9,not_xor
5,27,1212,1213,10,not_b
5,28,644,645,15,one
5,29,576,577,12,not_a
5,30,177,178,12,not_a
5,31,1812,1813,2,not_implies
5,32,1633,1634,4,not_implied_by
5,33,1833,1834,12,not_a
5,34,1663,1664,12,not_a
5,35,539,540,10,not_b
5,36,1269,1270,8,not_or
5,37,1606,1607,3,a
5,38,183,184,13,implies
5,39,505,506,4,not_implied_by
5,40,1101,1102,3,a
5,41,1483,1484,3,a
5,42,884,885,11,implied_by
5,43,1008,1009,4,not_implied_by
5,44,213,214,3,a
5,45,968,969,5,b
5,46,329,330,4,not_implied_by
5,47,552,553,14,not_and
5,48,1499,1500,10,not_b
5,49,1917,1918,5,b
5,50,985,986,12,not_a
5,51,1652,1653,10,not_b
5,52,819,820,3,a
5,53,85,86,8,not_or
5,54,356,357,11,implied_by
5,55,917,918,5,b
5,56,1616,1617,4,not_implied_by
5,57,1136,1137,3,a
5,58,113,114,12,not_a
5,59,1344,1345,6,xor
5,60,1556,1557,14,not_and
5,61,29,30,2,not_implies
5,62,713,714,5,b
5,63,1047,1048,8,not_or
5,64,249,250,12,not_a
5,65,1162,1163,9,not_xor
5,66,1115,1116,10,not_b
5,67,1037,1038,6,xor
5,68,237,238,13,implies
5,69,1160,1161,10,not_b
5,70,1143,1144,5,b
5,71,1992,1993,3,a
5,72,1950,1951,12,not_a
5,73,289,290,3,a
5,74,206,207,10,not_b
5,75,1761,1762,12,not_a
5,76,1497,1498,9,not_xor
5,77,427,428,13,implies
5,78,1000,1001,10,not_b
5,79,564,565,12,not_a
5,80,847,848,3,a
5,81,611,612,12,not_a
5,82,269,270,12,not_a
5,83,926,927,9,not_xor
5,84,776,777,12,not_a
5,85,104,105,12,not_a
5,86,362,363,7,or
5,87,1378,1379,10,not_b
5,88,605,606,1,and
5,89,133,134,10,not_b
5,90,232,233,5,b
5,91,974,975,4,not_implied_by
5,92,343,344,2,not_implies
5,93,1349,1350,5,b
5,94,1390,1391,6,xor
5,95,1532,1533,14,not_and
5,96,722,723,3,a
5,97,1194,1195,5,b
5,98,599,600,4,not_implied_by
5,99,1444,1445,8,not_or
5,100,355,356,6,xor
5,101,1983,1984,7,or
5,102,54,55,6,xor
5,103,569,570,3,a
5,104,1646,1647,9,not_xor
5,105,1392,1393,12,not_a
5,106,1533,1534,14,not_and
5,107,1781,1782,3,a
5,108,635,636,15,one
5,109,1785,1786,12,not_a
5,110,1145,1146,12,not_a
5,111,668,669,3,a
5,112,1995,1996,14,not_and
5,113,1851,1852,11,implied_by
5,114,1972,1973,8,not_or
5,115,1506,1507,12,not_a
5,116,1270,1271,11,implied_by
5,117,1738,1739,1,and
5,118,717,718,8,not_or
5,119,1492,1493,12,not_a
5,120,1319,1320,3,a
5,121,1674,1675,3,a
5,122,174,175,2,not_implies
5,123,1515,1516,5,b
5,124,1448,1449,14,not_and
5,125,1740,1741,12,not_a
5,126,1929,1930,4,not_implied_by
5,127,1576,1577,5,b
5,128,629,630,12,not_a
5,129,366,367,5,b
5,130,1376,1377,15,one
5,131,4,5,10,not_b
5,132,265,266,10,not_b
5,133,80,81,5,b
5,134,1739,1740,1,and
5,135,653,654,4,not_implied_by
5,136,901,902,12,not_a
5,137,1850,1851,14,not_and
5,138,1359,1360,6,xor
5,139,1534,1535,6,xor
5,140,1002,1003,7,or
5,141,272,273,5,b
5,142,316,317,10,not_b
5,143,393,394,9,not_xor
5,144,33,34,10,not_b
5,145,890,891,2,not_implies
5,146,431,432,10,not_b
5,147,1190,1191,7,or
5,148,115,116,8,not_or
5,149,1352,1353,10,not_b
5,150,235,236,12,not_a
5,151,1752,1753,11,implied_by
5,152,823,824,8,not_or
5,153,1711,1712,10,not_b
5,154,785,786,13,implies
5,155,1800,1801,6,xor
5,156,523,524,9,not_xor
5,157,1863,1864,13,implies
5,158,1353,1354,9,not_xor
5,159,1078,1079,14,not_and
5,160,1709,1710,15,one
5,161,303,304,5,b
5,162,1619,1620,3,a
5,163,1910,1911,9,not_xor
5,164,171,172,10,not_b
5,165,800,801,10,not_b
5,166,320,321,14,not_and
5,167,1242,1243,1,and
5,168,688,689,9,not_xor
5,169,93,94,1,and
5,170,1099,1100,10,not_b
5,171,894,895,1,and
5,172,1743,1744,1,and
5,173,471,472,1,and
5,174,347,348,7,or
5,175,866,867,10,not_b
5,176,244,245,13,implies
5,177,1072,1073,12,not_a
5,178,278,279,10,not_b
5,179,891,892,1,and
5,180,1231,1232,12,not_a
5,181,1064,1065,12,not_a
5,182,439,440,5,b
5,183,1473,1474,12,not_a
5,184,1441,1442,12,not_a
5,185,507,508,10,not_b
5,186,1680,1681,9,not_xor
5,187,528,529,3,a
5,188,1182,1183,10,not_b
5,189,1547,1548,5,b
5,190,814,815,3,a
5,191,1594,1595,14,not_and
5,192,664,665,2,not_implies
5,193,1638,1639,3,a
5,194,162,163,3,a
5,195,865,866,14,not_and
5,196,1279,1280,10,not_b
5,197,1804,1805,10,not_b
5,198,398,399,12,not_a
5,199,1712,1713,10,not_b
5,200,1799,1800,9,not_xor
5,201,940,941,11,implied_by
5,202,1055,1056,2,not_implies
5,203,634,635,5,b
5,204,57,58,8,not_or
5,205,433,434,6,xor
5,206,1149,1150,3,a
5,207,108,109,1,and
5,208,437,438,12,not_a
5,209,1973,1974,2,not_implies
5,210,1501,1502,10,not_b
5,211,1928,1929,12,not_a
5,212,630,631,13,implies
5,213,99,100,12,not_a
5,214,1681,1682,3,a
5,215,1288,1289,9,not_xor
5,216,395,396,10,not_b
5,217,1215,1216,13,implies
5,218,67,68,12,not_a
5,219,188,189,10,not_b
5,220,1030,1031,12,not_a
5,221,1083,1084,11,implied_by
5,222,1852,1853,12,not_a
5,223,1952,1953,13,implies
5,224,607,608,9,not_xor
5,225,89,90,9,not_xor
5,226,1922,1923,1,and
5,227,1787,1788,12,not_a
5,228,958,959,13,implies
5,229,1168,1169,5,b
5,230,518,519,5,b
5,231,1426,1427,10,not_b
5,232,228,229,5,b
5,233,1866,1867,10,not_b
5,234,763,764,11,implied_by
5,235,1446,1447,11,implied_by
5,236,1830,1831,6,xor
5,237,84,85,3,a
5,238,704,705,11,implied_by
5,239,623,624,13,implies
5,240,1482,1483,5,b
5,241,1676,1677,0,zero
5,242,649,650,12,not_a
5,243,1166,1167,0,zero
5,244,1872,1873,10,not_b
5,245,809,810,12,not_a
5,246,417,418,13,implies
5,247,1229,1230,10,not_b
5,248,1641,1642,11,implied_by
5,249,594,595,7,or
5,250,709,710,3,a
5,251,297,298,10,not_b
5,252,1417,1418,7,or
5,253,1819,1820,3,a
5,254,624,625,13,implies
5,255,1014,1015,10,not_b
5,256,824,825,15,one
5,257,71,72,10,not_b
5,258,1373,1374,12,not_a
5,259,401,402,3,a
5,260,667,668,10,not_b
5,261,73,74,12,not_a
5,262,1915,1916,8,not_or
5,263,1694,1695,7,or
5,264,979,980,4,not_implied_by
5,265,1639,1640,10,not_b
5,266,1088,1089,5,b
5,267,1239,1240,10,not_b
5,268,547,548,14,not_and
5,269,1096,1097,5,b
5,270,657,658,14,not_and
5,271,1053,1054,11,implied_by
5,272,615,616,8,not_or
5,273,238,239,10,not_b
5,274,1610,1611,7,or
5,275,176,177,9,not_xor
5,276,1537,1538,1,and
5,277,1701,1702,3,a
5,278,217,218,11,implied_by
5,279,1748,1749,9,not_xor
5,280,954,955,5,b
5,281,1900,1901,6,xor
5,282,367,368,10,not_b
5,283,1897,1898,1,and
5,284,1640,1641,10,not_b
5,285,185,186,1,and
5,286,1226,1227,2,not_implies
5,287,1508,1509,13,implies
5,288,1063,1064,6,xor
5,289,955,956,9,not_xor
5,290,274,275,12,not_a
5,291,563,564,12,not_a
5,292,397,398,12,not_a
5,293,1583,1584,14,not_and
5,294,1496,1497,6,xor
5,295,1113,1114,12,not_a
5,296,1147,1148,8,not_or
5,297,764,765,9,not_xor
5,298,283,284,2,not_implies
5,299,1128,1129,5,b
5,300,152,153,2,not_implies
5,301,1671,1672,1,and
5,302,1398,1399,5,b
5,303,1988,1989,7,or
5,304,1133,1134,10,not_b
5,305,1213,1214,4,not_implied_by
5,306,1696,1697,12,not_a
5,307,1666,1667,15,one
5,308,1399,1400,3,a
5,309,112,113,3,a
5,310,325,326,8,not_or
5,311,1993,1994,5,b
5,312,1722,1723,6,xor
5,313,1351,1352,12,not_a
5,314,116,117,13,implies
5,315,778,779,12,not_a
5,316,1721,1722,4,not_implied_by
5,317,1546,1547,1,and
5,318,1982,1983,7,or
5,319,1317,1318,10,not_b
5,320,79,80,12,not_a
5,321,972,973,8,not_or
5,322,22,23,9,not_xor
5,323,90,91,11,implied_by
5,324,739,740,1,and
5,325,898,899,10,not_b
5,326,1486,1487,2,not_implies
5,327,698,699,3,a
5,328,1715,1716,8,not_or
5,329,1412,1413,13,implies
5,330,186,187,4,not_implied_by
5,331,1172,1173,10,not_b
5,332,1054,1055,10,not_b
5,333,1768,1769,11,implied_by
5,334,1877,1878,14,not_and
5,335,746,747,3,a
5,336,102,103,3,a
5,337,939,940,8,not_or
5,338,1326,1327,7,or
5,339,1923,1924,8,not_or
5,340,1510,1511,4,not_implied_by
5,341,864,865,3,a
5,342,720,721,10,not_b
5,343,1642,1643,8,not_or
5,344,408,409,0,zero
5,345,438,439,3,a
5,346,436,437,0,zero
5,347,145,146,9,not_xor
5,348,1320,1321,5,b
5,349,290,291,14,not_and
5,350,424,425,14,not_and
5,351,1682,1683,6,xor
5,352,1284,1285,10,not_b
5,353,1976,1977,5,b
5,354,1382,1383,3,a
5,355,662,663,11,implied_by
5,356,1071,1072,10,not_b
5,357,394,395,15,one
5,358,1860,1861,4,not_implied_by
5,359,761,762,3,a
5,360,1459,1460,10,not_b
5,361,1713,1714,14,not_and
5,362,1080,1081,3,a
5,363,1762,1763,7,or
5,364,1814,1815,6,xor
5,365,1822,1823,12,not_a
5,366,1763,1764,8,not_or
5,367,684,685,7,or
5,368,1845,1846,5,b
5,369,1500,1501,14,not_and
5,370,1159,1160,12,not_a
5,371,111,112,6,xor
5,372,628,629,3,a
5,373,1621,1622,7,or
5,374,1491,1492,5,b
5,375,595,596,5,b
5,376,1488,1489,3,a
5,377,924,925,5,b
5,378,1450,1451,5,b
5,379,973,974,8,not_or
5,380,352,353,3,a
5,381,1127,1128,9,not_xor
5,382,1575,1576,0,zero
5,383,428,429,12,not_a
5,384,1777,1778,6,xor
5,385,1956,1957,5,b
5,386,1542,1543,5,b
5,387,1543,1544,3,a
5,388,676,677,8,not_or
5,389,1824,1825,3,a
5,390,1259,1260,8,not_or
5,391,147,148,4,not_implied_by
5,392,799,800,12,not_a
5,393,1046,1047,13,implies
5,394,1103,1104,14,not_and
5,395,705,706,7,or
5,396,1146,1147,10,not_b
5,397,1927,1928,7,or
5,398,830,831,7,or
5,399,708,709,3,a
5,400,902,903,10,not_b
5,401,1667,1668,12,not_a
5,402,990,991,15,one
5,403,1313,1314,14,not_and
5,404,396,397,10,not_b
5,405,727,728,11,implied_by
5,406,473,474,7,or
5,407,1323,1324,14,not_and
5,408,419,420,12,not_a
5,409,1644,1645,5,b
5,410,927,928,2,not_implies
5,411,511,512,1,and
5,412,66,67,12,not_a
5,413,455,456,12,not_a
5,414,723,724,6,xor
5,415,1698,1699,8,not_or
5,416,544,545,12,not_a
5,417,1551,1552,10,not_b
5,418,1531,1532,14,not_and
5,419,491,492,2,not_implies
5,420,391,392,12,not_a
5,421,1798,1799,11,implied_by
5,422,373,374,8,not_or
5,423,1597,1598,12,not_a
5,424,180,181,12,not_a
5,425,1440,1441,3,a
5,426,1789,1790,14,not_and
5,427,182,183,2,not_implies
5,428,1750,1751,10,not_b
5,429,469,470,3,a
5,430,581,582,1,and
5,431,128,129,5,b
5,432,655,656,11,implied_by
5,433,1060,1061,10,not_b
5,434,885,886,3,a
5,435,1907,1908,5,b
5,436,910,911,6,xor
5,437,1609,1610,3,a
5,438,414,415,14,not_and
5,439,1228,1229,3,a
5,440,13,14,5,b
5,441,267,268,7,or
5,442,109,110,10,not_b
5,443,1783,1784,15,one
5,444,1559,1560,3,a
5,445,857,858,12,not_a
5,446,1490,1491,12,not_a
5,447,1905,1906,3,a
5,448,1225,1226,6,xor
5,449,1117,1118,3,a
5,450,849,850,11,implied_by
5,451,311,312,5,b
5,452,121,122,3,a
5,453,1294,1295,12,not_a
5,454,1706,1707,4,not_implied_by
5,455,1164,1165,6,xor
5,456,573,574,13,implies
5,457,1946,1947,2,not_implies
5,458,1375,1376,6,xor
5,459,214,215,12,not_a
5,460,1052,1053,15,one
5,461,1287,1288,4,not_implied_by
5,462,1720,1721,10,not_b
5,463,909,910,11,implied_by
5,464,513,514,2,not_implies
5,465,1957,1958,3,a
5,466,137,138,5,b
5,467,759,760,2,not_implies
5,468,904,905,4,not_implied_by
5,469,567,568,4,not_implied_by
5,470,1979,1980,3,a
5,471,844,845,12,not_a
5,472,1340,1341,7,or
5,473,300,301,4,not_implied_by
5,474,859,860,10,not_b
5,475,1591,1592,7,or
5,476,1192,1193,12,not_a
5,477,1308,1309,2,not_implies
5,478,750,751,13,implies
5,479,886,887,3,a
5,480,1966,1967,13,implies
5,481,1427,1428,0,zero
5,482,1155,1156,5,b
5,483,1024,1025,11,implied_by
5,484,1958,1959,8,not_or
5,485,772,773,5,b
5,486,1561,1562,10,not_b
5,487,1138,1139,5,b
5,488,1834,1835,10,not_b
5,489,1478,1479,5,b
5,490,1844,1845,13,implies
5,491,95,96,10,not_b
5,492,1572,1573,10,not_b
5,493,1157,1158,3,a
5,494,1057,1058,12,not_a
5,495,702,703,10,not_b
5,496,474,475,7,or
5,497,3,4,10,not_b
5,498,1560,1561,10,not_b
5,499,388,389,9,not_xor
5,500,1590,1591,5,b
5,501,1751,1752,13,implies
5,502,157,158,10,not_b
5,503,1369,1370,3,a
5,504,442,443,13,implies
5,505,994,995,10,not_b
5,506,1391,1392,15,one
5,507,1205,1206,14,not_and
5,508,1018,1019,4,not_implied_by
5,509,100,101,10,not_b
5,510,882,883,10,not_b
5,511,1643,1644,5,b
5,512,1221,1222,8,not_or
5,513,1536,1537,7,or
5,514,1939,1940,6,xor
5,515,614,615,3,a
5,516,1570,1571,8,not_or
5,517,296,297,2,not_implies
5,518,1495,1496,3,a
5,519,1207,1208,4,not_implied_by
5,520,821,822,6,xor
5,521,946,947,3,a
5,522,519,520,2,not_implies
5,523,140,141,8,not_or
5,524,358,359,13,implies
5,525,633,634,12,not_a
5,526,794,795,6,xor
5,527,1754,1755,12,not_a
5,528,1909,1910,1,and
5,529,556,557,5,b
5,530,305,306,6,xor
5,531,1452,1453,12,not_a
5,532,1505,1506,3,a
5,533,1370,1371,3,a
5,534,568,569,8,not_or
5,535,810,811,13,implies
5,536,6,7,10,not_b
5,537,1826,1827,7,or
5,538,1967,1968,4,not_implied_by
5,539,1347,1348,9,not_xor
5,540,1105,1106,1,and
5,541,1124,1125,13,implies
5,542,1615,1616,3,a
5,543,600,601,10,not_b
5,544,35,36,13,implies
5,545,1571,1572,4,not_implied_by
5,546,1069,1070,12,not_a
5,547,820,821,12,not_a
5,548,1480,1481,2,not_implies
5,549,20,21,10,not_b
5,550,906,907,3,a
5,551,1727,1728,12,not_a
5,552,1710,1711,3,a
5,553,15,16,1,and
5,554,1714,1715,3,a
5,555,1969,1970,10,not_b
5,556,1249,1250,2,not_implies
5,557,1305,1306,5,b
5,558,88,89,1,and
5,559,1925,1926,10,not_b
5,560,683,684,3,a
5,561,829,830,8,not_or
5,562,1056,1057,3,a
5,563,376,377,12,not_a
5,564,1041,1042,5,b
5,565,1961,1962,5,b
5,566,200,201,10,not_b
5,567,893,894,0,zero
5,568,1600,1601,10,not_b
5,569,1985,1986,12,not_a
5,570,1849,1850,12,not_a
5,571,691,692,10,not_b
5,572,499,500,14,not_and
5,573,1574,1575,8,not_or
5,574,793,794,5,b
5,575,912,913,14,not_and
5,576,199,200,1,and
5,577,1702,1703,6,xor
5,578,548,549,10,not_b
5,579,1165,1166,4,not_implied_by
5,580,675,676,6,xor
5,581,426,427,9,not_xor
5,582,323,324,5,b
5,583,241,242,13,implies
5,584,1817,1818,5,b
5,585,578,579,5,b
5,586,387,388,5,b
5,587,450,451,12,not_a
5,588,1372,1373,10,not_b
5,589,468,469,13,implies
5,590,875,876,12,not_a
5,591,745,746,3,a
5,592,773,774,12,not_a
5,593,791,792,14,not_and
5,594,1766,1767,13,implies
5,595,463,464,13,implies
5,596,335,336,9,not_xor
5,597,874,875,10,not_b
5,598,642,643,5,b
5,599,1774,1775,1,and
5,600,1742,1743,2,not_implies
5,601,1842,1843,12,not_a
5,602,735,736,4,not_implied_by
5,603,1602,1603,5,b
5,604,1233,1234,1,and
5,605,1438,1439,5,b
5,606,1261,1262,10,not_b
5,607,510,511,5,b
5,608,645,646,5,b
5,609,529,530,13,implies
5,610,370,371,3,a
5,611,1346,1347,4,not_implied_by
5,612,796,797,6,xor
5,613,144,145,7,or
5,614,1401,1402,9,not_xor
5,615,801,802,7,or
5,616,1719,1720,6,xor
5,617,1411,1412,10,not_b
5,618,1477,1478,8,not_or
5,619,842,843,1,and
5,620,805,806,8,not_or
5,621,107,108,1,and
5,622,55,56,9,not_xor
5,623,155,156,3,a
5,624,287,288,2,not_implies
5,625,531,532,3,a
5,626,1222,1223,1,and
5,627,1386,1387,1,and
5,628,1026,1027,8,not_or
5,629,1098,1099,3,a
5,630,1981,1982,5,b
5,631,964,965,10,not_b
5,632,10,11,5,b
5,633,1862,1863,1,and
5,634,280,281,12,not_a
5,635,123,124,3,a
5,636,521,522,3,a
5,637,292,293,10,not_b
5,638,212,213,6,xor
5,639,1516,1517,12,not_a
5,640,1227,1228,6,xor
5,641,58,59,10,not_b
5,642,1201,1202,1,and
5,643,687,688,10,not_b
5,644,1665,1666,5,b
5,645,1960,1961,0,zero
5,646,559,560,5,b
5,647,1932,1933,6,xor
5,648,302,303,5,b
5,649,577,578,12,not_a
5,650,364,365,1,and
5,651,1292,1293,3,a
5,652,460,461,9,not_xor
5,653,641,642,2,not_implies
5,654,1169,1170,2,not_implies
5,655,170,171,5,b
5,656,1882,1883,10,not_b
5,657,1181,1182,1,and
5,658,1723,1724,5,b
5,659,1879,1880,4,not_implied_by
5,660,574,575,10,not_b
5,661,164,165,3,a
5,662,1193,1194,8,not_or
5,663,1649,1650,10,not_b
5,664,1061,1062,3,a
5,665,1156,1157,4,not_implied_by
5,666,1107,1108,2,not_implies
5,667,1614,1615,5,b
5,668,1691,1692,6,xor
5,669,16,17,4,not_implied_by
5,670,1132,1133,10,not_b
5,671,1114,1115,12,not_a
5,672,1654,1655,13,implies
5,673,163,164,10,not_b
5,674,696,697,10,not_b
5,675,1631,1632,14,not_and
5,676,777,778,1,and
5,677,1236,1237,6,xor
5,678,803,804,10,not_b
5,679,591,592,10,not_b
5,680,999,1000,13,implies
5,681,530,531,3,a
5,682,903,904,9,not_xor
5,683,943,944,10,not_b
5,684,617,618,12,not_a
5,685,1058,1059,6,xor
5,686,60,61,8,not_or
5,687,236,237,9,not_xor
5,688,911,912,10,not_b
5,689,1996,1997,9,not_xor
5,690,501,502,2,not_implies
5,691,1511,1512,6,xor
5,692,1553,1554,3,a
5,693,1039,1040,10,not_b
5,694,738,739,5,b
5,695,1688,1689,1,and
5,696,130,131,9,not_xor
5,697,129,130,5,b
5,698,264,265,12,not_a
5,699,1379,1380,7,or
5,700,40,41,3,a
5,701,161,162,2,not_implies
5,702,550,551,3,a
5,703,1538,1539,7,or
5,704,472,473,10,not_b
5,705,867,868,4,not_implied_by
5,706,331,332,12,not_a
5,707,1029,1030,14,not_and
5,708,790,791,12,not_a
5,709,562,563,7,or
5,710,210,211,3,a
5,711,127,128,9,not_xor
5,712,1322,1323,12,not_a
5,713,572,573,11,implied_by
5,714,907,908,14,not_and
5,715,386,387,3,a
5,716,1296,1297,2,not_implies
5,717,124,125,9,not_xor
5,718,38,39,9,not_xor
5,719,1339,1340,8,not_or
5,720,1216,1217,11,implied_by
5,721,648,649,10,not_b
5,722,1558,1559,10,not_b
5,723,1330,1331,3,a
5,724,1699,1700,10,not_b
5,725,944,945,5,b
5,726,1657,1658,8,not_or
5,727,789,790,5,b
5,728,619,620,3,a
5,729,1186,1187,4,not_implied_by
5,730,382,383,4,not_implied_by
5,731,1303,1304,8,not_or
5,732,389,390,4,not_implied_by
5,733,122,123,10,not_b
5,734,1467,1468,10,not_b
5,735,443,444,1,and
5,736,1253,1254,10,not_b
5,737,146,147,10,not_b
5,738,636,637,3,a
5,739,1871,1872,2,not_implies
5,740,1325,1326,13,implies
5,741,1400,1401,3,a
5,742,1281,1282,5,b
5,743,621,622,10,not_b
5,744,1986,1987,8,not_or
5,745,1827,1828,4,not_implied_by
5,746,1258,1259,12,not_a
5,747,1423,1424,2,not_implies
5,748,753,754,11,implied_by
5,749,545,546,9,not_xor
5,750,1938,1939,9,not_xor
5,751,1125,1126,7,or
5,752,816,817,1,and
5,753,1944,1945,13,implies
5,754,496,497,12,not_a
5,755,413,414,1,and
5,756,151,152,10,not_b
5,757,1962,1963,12,not_a
5,758,1342,1343,5,b
5,759,970,971,6,xor
5,760,345,346,6,xor
5,761,802,803,2,not_implies
5,762,840,841,5,b
5,763,1245,1246,3,a
5,764,1858,1859,3,a
5,765,760,761,9,not_xor
5,766,1240,1241,12,not_a
5,767,1049,1050,7,or
5,768,690,691,10,not_b
5,769,310,311,5,b
5,770,671,672,13,implies
5,771,677,678,5,b
5,772,1461,1462,3,a
5,773,1,2,5,b
5,774,68,69,4,not_implied_by
5,775,781,782,14,not_and
5,776,638,639,5,b
5,777,817,818,4,not_implied_by
5,778,743,744,3,a
5,779,873,874,6,xor
5,780,1422,1423,5,b
5,781,627,628,1,and
5,782,1076,1077,10,not_b
5,783,876,877,11,implied_by
5,784,246,247,3,a
5,785,1383,1384,5,b
5,786,422,423,14,not_and
5,787,1244,1245,9,not_xor
5,788,365,366,5,b
5,789,263,264,10,not_b
5,790,195,196,2,not_implies
5,791,983,984,6,xor
5,792,1343,1344,10,not_b
5,793,416,417,10,not_b
5,794,1187,1188,12,not_a
5,795,7,8,10,not_b
5,796,158,159,10,not_b
5,797,692,693,12,not_a
5,798,45,46,9,not_xor
5,799,1302,1303,5,b
5,800,966,967,12,not_a
5,801,1211,1212,8,not_or
5,802,1891,1892,12,not_a
5,803,1920,1921,3,a
5,804,1180,1181,3,a
5,805,454,455,5,b
5,806,1998,1999,13,implies
5,807,1457,1458,1,and
5,808,1179,1180,3,a
5,809,1880,1881,2,not_implies
5,810,1623,1624,6,xor
5,811,680,681,12,not_a
5,812,50,51,5,b
5,813,1358,1359,10,not_b
5,814,1784,1785,5,b
5,815,1821,1822,10,not_b
5,816,478,479,10,not_b
5,817,402,403,9,not_xor
5,818,1901,1902,5,b
5,819,1062,1063,3,a
5,820,243,244,0,zero
5,821,409,410,4,not_implied_by
5,822,219,220,6,xor
5,823,967,968,8,not_or
5,824,1174,1175,3,a
5,825,1357,1358,7,or
5,826,1250,1251,15,one
5,827,359,360,10,not_b
5,828,1324,1325,10,not_b
5,829,538,539,12,not_a
5,830,647,648,13,implies
5,831,1758,1759,4,not_implied_by
5,832,1123,1124,8,not_or
5,833,250,251,10,not_b
5,834,1129,1130,3,a
5,835,252,253,5,b
5,836,1820,1821,0,zero
5,837,271,272,6,xor
5,838,488,489,13,implies
5,839,832,833,10,not_b
5,840,141,142,2,not_implies
5,841,543,544,9,not_xor
5,842,1926,1927,12,not_a
5,843,317,318,6,xor
5,844,168,169,9,not_xor
5,845,845,846,4,not_implied_by
5,846,565,566,5,b
5,847,276,277,1,and
5,848,484,485,10,not_b
5,849,1916,1917,13,implies
5,850,1618,1619,7,or
5,851,575,576,12,not_a
5,852,1204,1205,10,not_b
5,853,838,839,2,not_implies
5,854,701,702,5,b
5,855,1522,1523,8,not_or
5,856,14,15,12,not_a
5,857,1513,1514,2,not_implies
5,858,462,463,12,not_a
5,859,1433,1434,9,not_xor
5,860,149,150,14,not_and
5,861,1829,1830,10,not_b
5,862,537,538,10,not_b
5,863,1038,1039,12,not_a
5,864,1065,1066,5,b
5,865,752,753,1,and
5,866,1612,1613,12,not_a
5,867,665,666,8,not_or
5,868,815,816,3,a
5,869,1658,1659,6,xor
5,870,527,528,9,not_xor
5,871,159,160,2,not_implies
5,872,1414,1415,13,implies
5,873,342,343,8,not_or
5,874,936,937,14,not_and
5,875,245,246,10,not_b
5,876,1686,1687,5,b
5,877,661,662,7,or
5,878,304,305,11,implied_by
5,879,1733,1734,7,or
5,880,1569,1570,5,b
5,881,1042,1043,15,one
5,882,1247,1248,6,xor
5,883,949,950,2,not_implies
5,884,156,157,4,not_implied_by
5,885,270,271,6,xor
5,886,153,154,5,b
5,887,1015,1016,11,implied_by
5,888,175,176,14,not_and
5,889,1005,1006,5,b
5,890,956,957,11,implied_by
5,891,363,364,12,not_a
5,892,1067,1068,3,a
5,893,44,45,6,xor
5,894,1611,1612,3,a
5,895,1528,1529,14,not_and
5,896,1582,1583,3,a
5,897,786,787,9,not_xor
5,898,602,603,10,not_b
5,899,1430,1431,10,not_b
5,900,806,807,5,b
5,901,1421,1422,10,not_b
5,902,900,901,10,not_b
5,903,1673,1674,5,b
5,904,19,20,12,not_a
5,905,851,852,10,not_b
5,906,1636,1637,11,implied_by
5,907,1749,1750,10,not_b
5,908,937,938,8,not_or
5,909,1626,1627,10,not_b
5,910,1589,1590,12,not_a
5,911,561,562,9,not_xor
5,912,1737,1738,7,or
5,913,96,97,2,not_implies
5,914,1942,1943,12,not_a
5,915,1131,1132,8,not_or
5,916,1350,1351,10,not_b
5,917,733,734,10,not_b
5,918,1635,1636,12,not_a
5,919,17,18,4,not_implied_by
5,920,598,599,12,not_a
5,921,319,320,9,not_xor
5,922,1437,1438,6,xor
5,923,486,487,4,not_implied_by
5,924,1951,1952,8,not_or
5,925,834,835,12,not_a
5,926,1141,1142,12,not_a
5,927,1947,1948,10,not_b
5,928,448,449,14,not_and
5,929,194,195,8,not_or
5,930,1410,1411,14,not_and
5,931,216,217,1,and
5,932,1178,1179,6,xor
5,933,1475,1476,9,not_xor
5,934,477,478,4,not_implied_by
5,935,106,107,3,a
5,936,1670,1671,9,not_xor
5,937,224,225,5,b
5,938,1093,1094,12,not_a
5,939,706,707,8,not_or
5,940,1434,1435,10,not_b
5,941,32,33,10,not_b
5,942,1003,1004,10,not_b
5,943,1341,1342,8,not_or
5,944,549,550,10,not_b
5,945,498,499,10,not_b
5,946,862,863,8,not_or
5,947,1091,1092,12,not_a
5,948,1021,1022,5,b
5,949,1514,1515,8,not_or
5,950,1311,1312,5,b
5,951,1293,1294,8,not_or
5,952,580,581,13,implies
5,953,1150,1151,14,not_and
5,954,268,269,6,xor
5,955,340,341,7,or
5,956,459,460,4,not_implied_by
5,957,341,342,11,implied_by
5,958,1173,1174,13,implies
5,959,1732,1733,5,b
5,960,288,289,12,not_a
5,961,1859,1860,12,not_a
5,962,1690,1691,10,not_b
5,963,193,194,3,a
5,964,1035,1036,12,not_a
5,965,1933,1934,3,a
5,966,640,641,0,zero
5,967,1153,1154,3,a
5,968,1100,1101,1,and
5,969,1085,1086,15,one
5,970,1549,1550,8,not_or
5,971,1586,1587,9,not_xor
5,972,1086,1087,14,not_and
5,973,1595,1596,3,a
5,974,710,711,2,not_implies
5,975,299,300,1,and
5,976,69,70,13,implies
5,977,1689,1690,14,not_and
5,978,571,572,0,zero
5,979,1813,1814,3,a
5,980,1977,1978,10,not_b
5,981,360,361,10,not_b
5,982,787,788,14,not_and
5,983,991,992,3,a
5,984,1214,1215,5,b
5,985,895,896,5,b
5,986,1984,1985,3,a
5,987,855,856,14,not_and
5,988,201,202,5,b
5,989,703,704,9,not_xor
5,990,166,167,15,one
5,991,105,106,12,not_a
5,992,1771,1772,9,not_xor
5,993,136,137,10,not_b
5,994,1044,1045,7,or
5,995,23,24,4,not_implied_by
5,996,1617,1618,9,not_xor
5,997,349,350,10,not_b
5,998,977,978,5,b
5,999,728,729,7,or
5,1000,25,26,1,and
5,1001,508,509,7,or
5,1002,980,981,15,one
5,1003,1788,1789,14,not_and
5,1004,189,190,9,not_xor
5,1005,1241,1242,1,and
5,1006,324,325,1,and
5,1007,1087,1088,3,a
5,1008,1717,1718,5,b
5,1009,117,118,5,b
5,1010,1299,1300,12,not_a
5,1011,337,338,10,not_b
5,1012,266,267,2,not_implies
5,1013,1345,1346,2,not_implies
5,1014,925,926,3,a
5,1015,504,505,10,not_b
5,1016,685,686,9,not_xor
5,1017,1759,1760,1,and
5,1018,1277,1278,10,not_b
5,1019,1158,1159,14,not_and
5,1020,61,62,13,implies
5,1021,1943,1944,10,not_b
5,1022,754,755,8,not_or
5,1023,1628,1629,3,a
5,1024,1106,1107,4,not_implied_by
5,1025,1304,1305,12,not_a
5,1026,1170,1171,9,not_xor
5,1027,406,407,11,implied_by
5,1028,257,258,5,b
5,1029,1489,1490,5,b
5,1030,1307,1308,5,b
5,1031,1896,1897,4,not_implied_by
5,1032,1832,1833,10,not_b
5,1033,1254,1255,13,implies
5,1034,1661,1662,10,not_b
5,1035,461,462,5,b
5,1036,1930,1931,12,not_a
5,1037,1032,1033,7,or
5,1038,1109,1110,5,b
5,1039,1163,1164,7,or
5,1040,87,88,14,not_and
5,1041,451,452,3,a
5,1042,603,604,7,or
5,1043,1460,1461,12,not_a
5,1044,558,559,10,not_b
5,1045,1111,1112,11,implied_by
5,1046,138,139,8,not_or
5,1047,470,471,8,not_or
5,1048,1074,1075,2,not_implies
5,1049,65,66,10,not_b
5,1050,782,783,10,not_b
5,1051,374,375,3,a
5,1052,1630,1631,11,implied_by
5,1053,261,262,5,b
5,1054,1082,1083,10,not_b
5,1055,1584,1585,1,and
5,1056,165,166,15,one
5,1057,1381,1382,11,implied_by
5,1058,1130,1131,5,b
5,1059,306,307,14,not_and
5,1060,1692,1693,10,not_b
5,1061,1767,1768,5,b
5,1062,1518,1519,5,b
5,1063,673,674,10,not_b
5,1064,211,212,8,not_or
5,1065,449,450,1,and
5,1066,1729,1730,10,not_b
5,1067,375,376,13,implies
5,1068,975,976,5,b
5,1069,1335,1336,7,or
5,1070,1235,1236,10,not_b
5,1071,502,503,10,not_b
5,1072,1770,1771,10,not_b
5,1073,119,120,6,xor
5,1074,579,580,9,not_xor
5,1075,143,144,5,b
5,1076,226,227,6,xor
5,1077,1234,1235,13,implies
5,1078,125,126,2,not_implies
5,1079,797,798,2,not_implies
5,1080,1309,1310,12,not_a
5,1081,1997,1998,5,b
5,1082,1898,1899,6,xor
5,1083,783,784,12,not_a
5,1084,1779,1780,10,not_b
5,1085,420,421,5,b
5,1086,959,960,7,or
5,1087,650,651,12,not_a
5,1088,1104,1105,10,not_b
5,1089,27,28,6,xor
5,1090,1469,1470,7,or
5,1091,205,206,10,not_b
5,1092,941,942,1,and
5,1093,744,745,14,not_and
5,1094,1081,1082,9,not_xor
5,1095,1945,1946,10,not_b
5,1096,976,977,10,not_b
5,1097,1744,1745,14,not_and
5,1098,42,43,8,not_or
5,1099,957,958,3,a
5,1100,1607,1608,0,zero
5,1101,1297,1298,8,not_or
5,1102,1416,1417,9,not_xor
5,1103,1708,1709,10,not_b
5,1104,1394,1395,3,a
5,1105,351,352,12,not_a
5,1106,1903,1904,12,not_a
5,1107,53,54,12,not_a
5,1108,218,219,7,or
5,1109,1336,1337,6,xor
5,1110,1847,1848,3,a
5,1111,1456,1457,12,not_a
5,1112,1918,1919,5,b
5,1113,411,412,10,not_b
5,1114,1669,1670,10,not_b
5,1115,1507,1508,10,not_b
5,1116,1112,1113,4,not_implied_by
5,1117,313,314,2,not_implies
5,1118,856,857,14,not_and
5,1119,118,119,13,implies
5,1120,1066,1067,12,not_a
5,1121,1924,1925,3,a
5,1122,1197,1198,1,and
5,1123,1045,1046,5,b
5,1124,1731,1732,4,not_implied_by
5,1125,707,708,7,or
5,1126,18,19,10,not_b
5,1127,279,280,5,b
5,1128,807,808,9,not_xor
5,1129,1919,1920,9,not_xor
5,1130,490,491,12,not_a
5,1131,714,715,8,not_or
5,1132,656,657,7,or
5,1133,1191,1192,10,not_b
5,1134,197,198,8,not_or
5,1135,589,590,12,not_a
5,1136,1332,1333,1,and
5,1137,1418,1419,12,not_a
5,1138,103,104,2,not_implies
5,1139,1587,1588,12,not_a
5,1140,780,781,12,not_a
5,1141,1883,1884,3,a
5,1142,293,294,12,not_a
5,1143,1385,1386,12,not_a
5,1144,880,881,3,a
5,1145,1290,1291,14,not_and
5,1146,1904,1905,8,not_or
5,1147,982,983,6,xor
5,1148,1527,1528,4,not_implied_by
5,1149,1274,1275,13,implies
5,1150,1730,1731,10,not_b
5,1151,407,408,6,xor
5,1152,678,679,5,b
5,1153,965,966,10,not_b
5,1154,1888,1889,14,not_and
5,1155,1604,1605,10,not_b
5,1156,251,252,7,or
5,1157,509,510,11,implied_by
5,1158,1389,1390,10,not_b
5,1159,1974,1975,5,b
5,1160,618,619,3,a
5,1161,1380,1381,13,implies
5,1162,368,369,7,or
5,1163,1364,1365,10,not_b
5,1164,1881,1882,1,and
5,1165,1865,1866,3,a
5,1166,479,480,9,not_xor
5,1167,98,99,8,not_or
5,1168,63,64,5,b
5,1169,724,725,6,xor
5,1170,877,878,9,not_xor
5,1171,381,382,4,not_implied_by
5,1172,1530,1531,5,b
5,1173,1031,1032,2,not_implies
5,1174,609,610,3,a
5,1175,1246,1247,11,implied_by
5,1176,1936,1937,13,implies
5,1177,392,393,1,and
5,1178,914,915,12,not_a
5,1179,466,467,14,not_and
5,1180,74,75,7,or
5,1181,1089,1090,14,not_and
5,1182,1660,1661,11,implied_by
5,1183,1931,1932,5,b
5,1184,503,504,10,not_b
5,1185,1704,1705,6,xor
5,1186,1753,1754,7,or
5,1187,1289,1290,3,a
5,1188,919,920,14,not_and
5,1189,322,323,11,implied_by
5,1190,826,827,10,not_b
5,1191,1629,1630,8,not_or
5,1192,1994,1995,12,not_a
5,1193,1736,1737,2,not_implies
5,1194,1503,1504,11,implied_by
5,1195,1565,1566,3,a
5,1196,1867,1868,2,not_implies
5,1197,1110,1111,10,not_b
5,1198,31,32,3,a
5,1199,651,652,7,or
5,1200,1318,1319,9,not_xor
5,1201,945,946,12,not_a
5,1202,1878,1879,3,a
5,1203,336,337,5,b
5,1204,1520,1521,11,implied_by
5,1205,984,985,2,not_implies
5,1206,142,143,8,not_or
5,1207,1512,1513,5,b
5,1208,689,690,11,implied_by
5,1209,1797,1798,4,not_implied_by
5,1210,1980,1981,12,not_a
5,1211,1935,1936,3,a
5,1212,1135,1136,5,b
5,1213,1948,1949,12,not_a
5,1214,542,543,5,b
5,1215,240,241,5,b
5,1216,1257,1258,10,not_b
5,1217,1857,1858,13,implies
5,1218,811,812,13,implies
5,1219,1171,1172,5,b
5,1220,1329,1330,5,b
5,1221,1356,1357,14,not_and
5,1222,1119,1120,6,xor
5,1223,637,638,5,b
5,1224,412,413,3,a
5,1225,719,720,3,a
5,1226,1454,1455,8,not_or
5,1227,1209,1210,13,implies
5,1228,534,535,3,a
5,1229,72,73,10,not_b
5,1230,1458,1459,5,b
5,1231,533,534,9,not_xor
5,1232,822,823,3,a
5,1233,952,953,10,not_b
5,1234,1280,1281,6,xor
5,1235,1653,1654,7,or
5,1236,1368,1369,7,or
5,1237,1954,1955,5,b
5,1238,1409,1410,2,not_implies
5,1239,220,221,3,a
5,1240,1622,1623,10,not_b
5,1241,1494,1495,10,not_b
5,1242,1059,1060,12,not_a
5,1243,1425,1426,1,and
5,1244,784,785,12,not_a
5,1245,1377,1378,2,not_implies
5,1246,1940,1941,13,implies
5,1247,1955,1956,14,not_and
5,1248,1485,1486,1,and
5,1249,1825,1826,12,not_a
5,1250,62,63,10,not_b
5,1251,1540,1541,12,not_a
5,1252,43,44,3,a
5,1253,1384,1385,5,b
5,1254,592,593,3,a
5,1255,1116,1117,9,not_xor
5,1256,1327,1328,8,not_or
5,1257,582,583,5,b
5,1258,1142,1143,1,and
5,1259,1022,1023,9,not_xor
5,1260,1184,1185,13,implies
5,1261,1068,1069,10,not_b
5,1262,726,727,6,xor
5,1263,172,173,9,not_xor
5,1264,281,282,8,not_or
5,1265,553,554,5,b
5,1266,1808,1809,14,not_and
5,1267,825,826,13,implies
5,1268,608,609,14,not_and
5,1269,1769,1770,10,not_b
5,1270,1841,1842,4,not_implied_by
5,1271,1001,1002,5,b
5,1272,34,35,9,not_xor
5,1273,357,358,3,a
5,1274,771,772,5,b
5,1275,881,882,14,not_and
5,1276,452,453,13,implies
5,1277,1429,1430,5,b
5,1278,1251,1252,11,implied_by
5,1279,353,354,5,b
5,1280,928,929,4,not_implied_by
5,1281,854,855,12,not_a
5,1282,234,235,3,a
5,1283,860,861,3,a
5,1284,1206,1207,6,xor
5,1285,1801,1802,10,not_b
5,1286,1151,1152,5,b
5,1287,808,809,10,not_b
5,1288,1703,1704,14,not_and
5,1289,1608,1609,1,and
5,1290,92,93,6,xor
5,1291,1395,1396,5,b
5,1292,971,972,12,not_a
5,1293,1199,1200,8,not_or
5,1294,889,890,14,not_and
5,1295,1782,1783,2,not_implies
5,1296,1637,1638,9,not_xor
5,1297,583,584,4,not_implied_by
5,1298,1464,1465,3,a
5,1299,1716,1717,12,not_a
5,1300,1010,1011,6,xor
5,1301,989,990,10,not_b
5,1302,1185,1186,4,not_implied_by
5,1303,992,993,3,a
5,1304,1498,1499,10,not_b
5,1305,1745,1746,0,zero
5,1306,1656,1657,8,not_or
5,1307,1006,1007,3,a
5,1308,1687,1688,2,not_implies
5,1309,97,98,10,not_b
5,1310,230,231,12,not_a
5,1311,361,362,10,not_b
5,1312,1544,1545,5,b
5,1313,1300,1301,14,not_and
5,1314,610,611,10,not_b
5,1315,64,65,10,not_b
5,1316,813,814,5,b
5,1317,616,617,12,not_a
5,1318,346,347,12,not_a
5,1319,913,914,1,and
5,1320,931,932,3,a
5,1321,1439,1440,5,b
5,1322,1301,1302,6,xor
5,1323,1552,1553,15,one
5,1324,517,518,3,a
5,1325,626,627,8,not_or
5,1326,432,433,2,not_implies
5,1327,1465,1466,8,not_or
5,1328,1484,1485,8,not_or
5,1329,36,37,3,a
5,1330,295,296,9,not_xor
5,1331,1585,1586,3,a
5,1332,560,561,8,not_or
5,1333,1893,1894,2,not_implies
5,1334,1408,1409,4,not_implied_by
5,1335,1802,1803,10,not_b
5,1336,1884,1885,3,a
5,1337,1566,1567,15,one
5,1338,1365,1366,15,one
5,1339,447,448,5,b
5,1340,321,322,12,not_a
5,1341,1263,1264,9,not_xor
5,1342,1806,1807,7,or
5,1343,846,847,0,zero
5,1344,1914,1915,6,xor
5,1345,1548,1549,9,not_xor
5,1346,768,769,10,not_b
5,1347,1735,1736,3,a
5,1348,148,149,14,not_and
5,1349,1815,1816,3,a
5,1350,1073,1074,11,implied_by
5,1351,1200,1201,3,a
5,1352,951,952,1,and
5,1353,1315,1316,3,a
5,1354,961,962,12,not_a
5,1355,1677,1678,12,not_a
5,1356,998,999,14,not_and
5,1357,1577,1578,0,zero
5,1358,546,547,3,a
5,1359,307,308,5,b
5,1360,1803,1804,3,a
5,1361,737,738,10,not_b
5,1362,8,9,12,not_a
5,1363,1567,1568,12,not_a
5,1364,1647,1648,12,not_a
5,1365,770,771,12,not_a
5,1366,660,661,3,a
5,1367,837,838,4,not_implied_by
5,1368,632,633,5,b
5,1369,334,335,7,or
5,1370,798,799,15,one
5,1371,693,694,5,b
5,1372,1019,1020,5,b
5,1373,938,939,3,a
5,1374,1755,1756,7,or
5,1375,28,29,5,b
5,1376,557,558,9,not_xor
5,1377,229,230,10,not_b
5,1378,489,490,3,a
5,1379,555,556,12,not_a
5,1380,1746,1747,10,not_b
5,1381,379,380,4,not_implied_by
5,1382,131,132,2,not_implies
5,1383,716,717,3,a
5,1384,1502,1503,12,not_a
5,1385,181,182,7,or
5,1386,231,232,3,a
5,1387,1899,1900,12,not_a
5,1388,0,2,10,not_b
5,1389,262,263,9,not_xor
5,1390,285,286,6,xor
5,1391,674,675,5,b
5,1392,712,713,5,b
5,1393,1097,1098,12,not_a
5,1394,434,435,14,not_and
5,1395,371,372,11,implied_by
5,1396,1580,1581,11,implied_by
5,1397,301,302,5,b
5,1398,1707,1708,12,not_a
5,1399,1092,1093,9,not_xor
5,1400,440,441,12,not_a
5,1401,1367,1368,3,a
5,1402,1772,1773,3,a
5,1403,1419,1420,8,not_or
5,1404,734,735,8,not_or
5,1405,1593,1594,3,a
5,1406,167,168,9,not_xor
5,1407,774,775,9,not_xor
5,1408,863,864,14,not_and
5,1409,686,687,12,not_a
5,1410,1402,1403,1,and
5,1411,354,355,10,not_b
5,1412,1203,1204,12,not_a
5,1413,332,333,13,implies
5,1414,1941,1942,2,not_implies
5,1415,1252,1253,4,not_implied_by
5,1416,41,42,10,not_b
5,1417,1306,1307,3,a
5,1418,1991,1992,12,not_a
5,1419,1140,1141,10,not_b
5,1420,286,287,14,not_and
5,1421,1404,1405,5,b
5,1422,853,854,5,b
5,1423,1964,1965,1,and
5,1424,541,542,14,not_and
5,1425,83,84,5,b
5,1426,1517,1518,7,or
5,1427,326,327,14,not_and
5,1428,1613,1614,6,xor
5,1429,338,339,5,b
5,1430,1436,1437,12,not_a
5,1431,49,50,3,a
5,1432,1009,1010,14,not_and
5,1433,1403,1404,1,and
5,1434,663,664,14,not_and
5,1435,587,588,1,and
5,1436,1273,1274,3,a
5,1437,1271,1272,7,or
5,1438,1334,1335,15,one
5,1439,1603,1604,4,not_implied_by
5,1440,812,813,6,xor
5,1441,465,466,14,not_and
5,1442,526,527,4,not_implied_by
5,1443,70,71,1,and
5,1444,1084,1085,5,b
5,1445,24,25,5,b
5,1446,483,484,4,not_implied_by
5,1447,747,748,10,not_b
5,1448,282,283,5,b
5,1449,993,994,14,not_and
5,1450,732,733,10,not_b
5,1451,899,900,14,not_and
5,1452,933,934,5,b
5,1453,695,696,10,not_b
5,1454,380,381,12,not_a
5,1455,923,924,12,not_a
5,1456,1470,1471,12,not_a
5,1457,879,880,3,a
5,1458,1237,1238,1,and
5,1459,996,997,11,implied_by
5,1460,870,871,10,not_b
5,1461,1050,1051,8,not_or
5,1462,536,537,14,not_and
5,1463,485,486,7,or
5,1464,400,401,5,b
5,1465,1632,1633,12,not_a
5,1466,871,872,3,a
5,1467,669,670,5,b
5,1468,385,386,5,b
5,1469,1855,1856,11,implied_by
5,1470,56,57,8,not_or
5,1471,59,60,10,not_b
5,1472,1023,1024,10,not_b
5,1473,1276,1277,6,xor
5,1474,1664,1665,10,not_b
5,1475,1262,1263,10,not_b
5,1476,1355,1356,12,not_a
5,1477,1811,1812,5,b
5,1478,506,507,10,not_b
5,1479,828,829,10,not_b
5,1480,30,31,7,or
5,1481,126,127,11,implied_by
5,1482,1070,1071,8,not_or
5,1483,1818,1819,3,a
5,1484,758,759,0,zero
5,1485,942,943,12,not_a
5,1486,631,632,5,b
5,1487,1040,1041,5,b
5,1488,1121,1122,14,not_and
5,1489,584,585,8,not_or
5,1490,1316,1317,12,not_a
5,1491,1196,1197,12,not_a
5,1492,1362,1363,12,not_a
5,1493,1873,1874,12,not_a
5,1494,978,979,14,not_and
5,1495,1934,1935,3,a
5,1496,1144,1145,8,not_or
5,1497,1161,1162,3,a
5,1498,1272,1273,9,not_xor
5,1499,947,948,5,b
5,1500,223,224,8,not_or
5,1501,1854,1855,9,not_xor
5,1502,1218,1219,11,implied_by
5,1503,725,726,12,not_a
5,1504,328,329,4,not_implied_by
5,1505,1971,1972,12,not_a
5,1506,858,859,7,or
5,1507,256,257,13,implies
5,1508,330,331,9,not_xor
5,1509,1539,1540,3,a
5,1510,1805,1806,9,not_xor
5,1511,1354,1355,9,not_xor
5,1512,458,459,9,not_xor
5,1513,482,483,9,not_xor
5,1514,21,22,7,or
5,1515,1773,1774,5,b
5,1516,1230,1231,8,not_or
5,1517,1541,1542,4,not_implied_by
5,1518,1455,1456,4,not_implied_by
5,1519,1148,1149,5,b
5,1520,500,501,5,b
5,1521,869,870,12,not_a
5,1522,1970,1971,3,a
5,1523,0,1,0,zero
5,1524,47,48,2,not_implies
5,1525,1741,1742,1,and
5,1526,1361,1362,10,not_b
5,1527,831,832,10,not_b
5,1528,339,340,12,not_a
5,1529,222,223,14,not_and
5,1530,315,316,0,zero
5,1531,1007,1008,4,not_implied_by
5,1532,1775,1776,10,not_b
5,1533,1090,1091,6,xor
5,1534,1102,1103,5,b
5,1535,225,226,3,a
5,1536,94,95,5,b
5,1537,1232,1233,12,not_a
5,1538,207,208,5,b
5,1539,1793,1794,13,implies
5,1540,1892,1893,3,a
5,1541,248,249,12,not_a
5,1542,1017,1018,3,a
5,1543,1255,1256,5,b
5,1544,26,27,8,not_or
5,1545,596,597,9,not_xor
5,1546,788,789,7,or
5,1547,1519,1520,2,not_implies
5,1548,1794,1795,3,a
5,1549,497,498,4,not_implied_by
5,1550,1846,1847,12,not_a
5,1551,659,660,15,one
5,1552,1965,1966,12,not_a
5,1553,1634,1635,1,and
5,1554,766,767,12,not_a
5,1555,255,256,3,a
5,1556,1004,1005,4,not_implied_by
5,1557,908,909,3,a
5,1558,1034,1035,14,not_and
5,1559,625,626,10,not_b
5,1560,1760,1761,9,not_xor
5,1561,1853,1854,10,not_b
5,1562,868,869,10,not_b
5,1563,654,655,13,implies
5,1564,1202,1203,10,not_b
5,1565,883,884,1,and
5,1566,960,961,7,or
5,1567,570,571,10,not_b
5,1568,878,879,5,b
5,1569,969,970,7,or
5,1570,699,700,13,implies
5,1571,1792,1793,8,not_or
5,1572,921,922,10,not_b
5,1573,1978,1979,3,a
5,1574,203,204,8,not_or
5,1575,1885,1886,0,zero
5,1576,1028,1029,3,a
5,1577,101,102,8,not_or
5,1578,1655,1656,12,not_a
5,1579,995,996,9,not_xor
5,1580,1679,1680,14,not_and
5,1581,1453,1454,3,a
5,1582,134,135,3,a
5,1583,748,749,11,implied_by
5,1584,1921,1922,6,xor
5,1585,1278,1279,12,not_a
5,1586,456,457,10,not_b
5,1587,1476,1477,13,implies
5,1588,948,949,3,a
5,1589,935,936,14,not_and
5,1590,1321,1322,5,b
5,1591,1876,1877,9,not_xor
5,1592,1210,1211,3,a
5,1593,1579,1580,6,xor
5,1594,1596,1597,0,zero
5,1595,711,712,1,and
5,1596,39,40,5,b
5,1597,48,49,10,not_b
5,1598,804,805,10,not_b
5,1599,1312,1313,15,one
5,1600,1953,1954,13,implies
5,1601,1545,1546,4,not_implied_by
5,1602,1428,1429,6,xor
5,1603,192,193,10,not_b
5,1604,135,136,7,or
5,1605,1524,1525,10,not_b
5,1606,1809,1810,13,implies
5,1607,1807,1808,10,not_b
5,1608,233,234,10,not_b
5,1609,37,38,12,not_a
5,1610,1705,1706,5,b
5,1611,755,756,3,a
5,1612,779,780,3,a
5,1613,1328,1329,14,not_and
5,1614,604,605,10,not_b
5,1615,1413,1414,14,not_and
5,1616,1108,1109,2,not_implies
5,1617,1397,1398,11,implied_by
5,1618,861,862,10,not_b
5,1619,372,373,7,or
5,1620,1554,1555,1,and
5,1621,1183,1184,12,not_a
5,1622,1868,1869,4,not_implied_by
5,1623,835,836,10,not_b
5,1624,445,446,5,b
5,1625,1757,1758,14,not_and
5,1626,1790,1791,0,zero
5,1627,1672,1673,11,implied_by
5,1628,327,328,6,xor
5,1629,1509,1510,12,not_a
5,1630,1118,1119,1,and
5,1631,742,743,8,not_or
5,1632,795,796,12,not_a
5,1633,1861,1862,14,not_and
5,1634,833,834,2,not_implies
5,1635,1468,1469,3,a
5,1636,52,53,3,a
5,1637,1396,1397,12,not_a
5,1638,9,10,13,implies
5,1639,2,3,10,not_b
5,1640,1447,1448,1,and
5,1641,1094,1095,3,a
5,1642,403,404,12,not_a
5,1643,597,598,10,not_b
5,1644,888,889,1,and
5,1645,586,587,3,a
5,1646,425,426,10,not_b
5,1647,1189,1190,5,b
5,1648,204,205,3,a
5,1649,1248,1249,11,implied_by
5,1650,1810,1811,4,not_implied_by
5,1651,430,431,15,one
5,1652,1592,1593,12,not_a
5,1653,1521,1522,6,xor
5,1654,75,76,4,not_implied_by
5,1655,1840,1841,1,and
5,1656,169,170,13,implies
5,1657,1913,1914,1,and
5,1658,1445,1446,11,implied_by
5,1659,202,203,9,not_xor
5,1660,369,370,4,not_implied_by
5,1661,1025,1026,3,a
5,1662,1033,1034,10,not_b
5,1663,1471,1472,1,and
5,1664,1747,1748,3,a
5,1665,1823,1824,14,not_and
5,1666,275,276,15,one
5,1667,1224,1225,6,xor
5,1668,1557,1558,10,not_b
5,1669,1275,1276,13,implies
5,1670,836,837,14,not_and
5,1671,896,897,10,not_b
5,1672,987,988,10,not_b
5,1673,11,12,3,a
5,1674,1906,1907,9,not_xor
5,1675,1095,1096,12,not_a
5,1676,1839,1840,7,or
5,1677,718,719,10,not_b
5,1678,1836,1837,6,xor
5,1679,405,406,7,or
5,1680,532,533,5,b
5,1681,1282,1283,10,not_b
5,1682,843,844,5,b
5,1683,1795,1796,3,a
5,1684,997,998,9,not_xor
5,1685,1120,1121,3,a
5,1686,1223,1224,12,not_a
5,1687,930,931,8,not_or
5,1688,415,416,10,not_b
5,1689,446,447,10,not_b
5,1690,535,536,14,not_and
5,1691,670,671,6,xor
5,1692,767,768,8,not_or
5,1693,622,623,3,a
5,1694,1188,1189,12,not_a
5,1695,953,954,9,not_xor
5,1696,1848,1849,14,not_and
5,1697,922,923,11,implied_by
5,1698,350,351,3,a
5,1699,1734,1735,5,b
5,1700,1659,1660,3,a
5,1701,1442,1443,12,not_a
5,1702,184,185,10,not_b
5,1703,841,842,9,not_xor
5,1704,12,13,11,implied_by
5,1705,227,228,6,xor
5,1706,749,750,6,xor
5,1707,208,209,7,or
5,1708,715,716,7,or
5,1709,1625,1626,2,not_implies
5,1710,429,430,1,and
5,1711,1387,1388,5,b
5,1712,1728,1729,12,not_a
5,1713,1718,1719,12,not_a
5,1714,1838,1839,3,a
5,1715,1684,1685,7,or
5,1716,308,309,4,not_implied_by
5,1717,1176,1177,13,implies
5,1718,258,259,12,not_a
5,1719,1662,1663,4,not_implied_by
5,1720,681,682,9,not_xor
5,1721,495,496,3,a
5,1722,721,722,3,a
5,1723,1208,1209,4,not_implied_by
5,1724,1581,1582,6,xor
5,1725,1449,1450,11,implied_by
5,1726,672,673,10,not_b
5,1727,242,243,9,not_xor
5,1728,1431,1432,2,not_implies
5,1729,1786,1787,5,b
5,1730,1535,1536,3,a
5,1731,1295,1296,3,a
5,1732,444,445,11,implied_by
5,1733,494,495,14,not_and
5,1734,1198,1199,5,b
5,1735,818,819,3,a
5,1736,1043,1044,10,not_b
5,1737,988,989,12,not_a
5,1738,514,515,3,a
5,1739,191,192,15,one
5,1740,1126,1127,4,not_implied_by
5,1741,132,133,5,b
5,1742,294,295,11,implied_by
5,1743,751,752,12,not_a
5,1744,1139,1140,9,not_xor
5,1745,1828,1829,12,not_a
5,1746,1598,1599,3,a
5,1747,1894,1895,5,b
5,1748,390,391,8,not_or
5,1749,110,111,12,not_a
5,1750,639,640,13,implies
5,1751,1256,1257,8,not_or
5,1752,1333,1334,3,a
5,1753,178,179,11,implied_by
5,1754,221,222,12,not_a
5,1755,77,78,11,implied_by
5,1756,1648,1649,12,not_a
5,1757,377,378,7,or
5,1758,418,419,5,b
5,1759,620,621,8,not_or
5,1760,1697,1698,13,implies
5,1761,1700,1701,10,not_b
5,1762,1432,1433,14,not_and
5,1763,179,180,7,or
5,1764,1314,1315,12,not_a
5,1765,254,255,4,not_implied_by
5,1766,1217,1218,6,xor
5,1767,1075,1076,12,not_a
5,1768,1016,1017,10,not_b
5,1769,1949,1950,10,not_b
5,1770,986,987,5,b
5,1771,253,254,4,not_implied_by
5,1772,1780,1781,5,b
5,1773,259,260,8,not_or
5,1774,1451,1452,8,not_or
5,1775,524,525,12,not_a
5,1776,1796,1797,14,not_and
5,1777,1835,1836,10,not_b
5,1778,1683,1684,7,or
5,1779,1298,1299,7,or
5,1780,731,732,10,not_b
5,1781,756,757,0,zero
5,1782,1310,1311,5,b
5,1783,1645,1646,9,not_xor
5,1784,318,319,13,implies
5,1785,1725,1726,4,not_implied_by
5,1786,1668,1669,12,not_a
5,1787,1420,1421,3,a
5,1788,694,695,5,b
5,1789,606,607,4,not_implied_by
5,1790,1337,1338,8,not_or
5,1791,1624,1625,5,b
5,1792,1578,1579,6,xor
5,1793,1134,1135,12,not_a
5,1794,1407,1408,13,implies
5,1795,827,828,4,not_implied_by
5,1796,1937,1938,9,not_xor
5,1797,1765,1766,2,not_implies
5,1798,765,766,8,not_or
5,1799,1122,1123,12,not_a
5,1800,1219,1220,13,implies
5,1801,1831,1832,5,b
5,1802,540,541,15,one
5,1803,1963,1964,3,a
5,1804,1012,1013,13,implies
5,1805,682,683,5,b
5,1806,187,188,9,not_xor
5,1807,475,476,9,not_xor
5,1808,1550,1551,8,not_or
5,1809,1650,1651,10,not_b
5,1810,384,385,10,not_b
5,1811,348,349,5,b
5,1812,1463,1464,5,b
5,1813,588,589,12,not_a
5,1814,1870,1871,10,not_b
5,1815,196,197,4,not_implied_by
5,1816,383,384,10,not_b
5,1817,423,424,3,a
5,1818,441,442,5,b
5,1819,566,567,2,not_implies
5,1820,198,199,5,b
5,1821,273,274,5,b
5,1822,1588,1589,5,b
5,1823,775,776,5,b
5,1824,1011,1012,3,a
5,1825,872,873,10,not_b
5,1826,1726,1727,13,implies
5,1827,1036,1037,15,one
5,1828,950,951,14,not_and
5,1829,493,494,0,zero
5,1830,309,310,13,implies
5,1831,1791,1792,8,not_or
5,1832,480,481,9,not_xor
5,1833,404,405,10,not_b
5,1834,1415,1416,13,implies
5,1835,1504,1505,10,not_b
5,1836,91,92,10,not_b
5,1837,1564,1565,2,not_implies
5,1838,1627,1628,4,not_implied_by
5,1839,757,758,9,not_xor
5,1840,82,83,3,a
5,1841,1435,1436,10,not_b
5,1842,697,698,3,a
5,1843,260,261,12,not_a
5,1844,585,586,10,not_b
5,1845,277,278,9,not_xor
5,1846,1264,1265,11,implied_by
5,1847,1685,1686,3,a
5,1848,1406,1407,3,a
5,1849,916,917,3,a
5,1850,1077,1078,8,not_or
5,1851,190,191,4,not_implied_by
5,1852,1360,1361,12,not_a
5,1853,1291,1292,3,a
5,1854,1472,1473,5,b
5,1855,590,591,5,b
5,1856,792,793,6,xor
5,1857,1220,1221,5,b
5,1858,1260,1261,14,not_and
5,1859,1651,1652,9,not_xor
5,1860,551,552,9,not_xor
5,1861,1265,1266,12,not_a
5,1862,512,513,10,not_b
5,1863,1568,1569,6,xor
5,1864,1154,1155,9,not_xor
5,1865,643,644,1,and
5,1866,1466,1467,7,or
5,1867,5,6,14,not_and
5,1868,1908,1909,10,not_b
5,1869,1778,1779,3,a
5,1870,522,523,8,not_or
5,1871,1405,1406,9,not_xor
5,1872,1526,1527,5,b
5,1873,1177,1178,15,one
5,1874,1887,1888,2,not_implies
5,1875,1283,1284,13,implies
5,1876,173,174,5,b
5,1877,963,964,3,a
5,1878,515,516,11,implied_by
5,1879,1889,1890,3,a
5,1880,929,930,5,b
5,1881,1363,1364,5,b
5,1882,1987,1988,5,b
5,1883,1843,1844,6,xor
5,1884,1911,1912,5,b
5,1885,918,919,12,not_a
5,1886,612,613,10,not_b
5,1887,139,140,15,one
5,1888,1487,1488,3,a
5,1889,736,737,1,and
5,1890,920,921,3,a
5,1891,1895,1896,11,implied_by
5,1892,1990,1991,12,not_a
5,1893,1573,1574,14,not_and
5,1894,410,411,12,not_a
5,1895,1989,1990,6,xor
5,1896,658,659,9,not_xor
5,1897,284,285,3,a
5,1898,1975,1976,10,not_b
5,1899,1695,1696,11,implied_by
5,1900,1869,1870,3,a
5,1901,1268,1269,12,not_a
5,1902,887,888,5,b
5,1903,209,210,3,a
5,1904,892,893,9,not_xor
5,1905,1756,1757,12,not_a
5,1906,1286,1287,1,and
5,1907,1874,1875,11,implied_by
5,1908,730,731,4,not_implied_by
5,1909,1890,1891,10,not_b
5,1910,81,82,3,a
5,1911,1348,1349,12,not_a
5,1912,1605,1606,11,implied_by
5,1913,1366,1367,3,a
5,1914,1374,1375,12,not_a
5,1915,516,517,1,and
5,1916,915,916,10,not_b
5,1917,1137,1138,12,not_a
5,1918,1693,1694,11,implied_by
5,1919,481,482,3,a
5,1920,1525,1526,10,not_b
5,1921,150,151,3,a
5,1922,1620,1621,10,not_b
5,1923,1079,1080,5,b
5,1924,378,379,12,not_a
5,1925,1912,1913,12,not_a
5,1926,1837,1838,10,not_b
5,1927,1529,1530,5,b
5,1928,1462,1463,3,a
5,1929,215,216,15,one
5,1930,593,594,5,b
5,1931,435,436,12,not_a
5,1932,1479,1480,9,not_xor
5,1933,78,79,1,and
5,1934,729,730,7,or
5,1935,487,488,8,not_or
5,1936,525,526,2,not_implies
5,1937,1959,1960,11,implied_by
5,1938,666,667,1,and
5,1939,1393,1394,9,not_xor
5,1940,1243,1244,10,not_b
5,1941,1388,1389,8,not_or
5,1942,467,468,6,xor
5,1943,457,458,0,zero
5,1944,298,299,4,not_implied_by
5,1945,652,653,6,xor
5,1946,1675,1676,5,b
5,1947,1167,1168,9,not_xor
5,1948,981,982,1,and
5,1949,897,898,14,not_and
5,1950,154,155,12,not_a
5,1951,1601,1602,3,a
5,1952,839,840,1,and
5,1953,247,248,5,b
5,1954,114,115,8,not_or
5,1955,1020,1021,12,not_a
5,1956,333,334,12,not_a
5,1957,613,614,9,not_xor
5,1958,1338,1339,4,not_implied_by
5,1959,601,602,3,a
5,1960,453,454,10,not_b
5,1961,1886,1887,9,not_xor
5,1962,1864,1865,3,a
5,1963,852,853,7,or
5,1964,120,121,2,not_implies
5,1965,848,849,12,not_a
5,1966,700,701,0,zero
5,1967,1371,1372,8,not_or
5,1968,1474,1475,6,xor
5,1969,962,963,5,b
5,1970,76,77,10,not_b
5,1971,1523,1524,4,not_implied_by
5,1972,399,400,2,not_implies
5,1973,1563,1564,5,b
5,1974,1267,1268,8,not_or
5,1975,1724,1725,3,a
5,1976,1968,1969,11,implied_by
5,1977,520,521,3,a
5,1978,1875,1876,13,implies
5,1979,679,680,10,not_b
5,1980,476,477,9,not_xor
5,1981,741,742,3,a
5,1982,905,906,5,b
5,1983,46,47,10,not_b
5,1984,932,933,10,not_b
5,1985,1027,1028,13,implies
5,1986,1902,1903,3,a
5,1987,160,161,8,not_or
5,1988,934,935,3,a
5,1989,1678,1679,7,or
5,1990,646,647,5,b
5,1991,740,741,8,not_or
5,1992,492,493,9,not_xor
5,1993,1051,1052,1,and
5,1994,86,87,5,b
5,1995,314,315,3,a
5,1996,1562,1563,1,and
5,1997,291,292,10,not_b
5,1998,1443,1444,10,not_b
5,1999,239,240,7,or
6,0,310,311,12,not_a
6,1,1499,1500,3,a
6,2,1019,1020,6,xor
6,3,1947,1948,3,a
6,4,1153,1154,4,not_implied_by
6,5,1994,1995,12,not_a
6,6,740,741,9,not_xor
6,7,695,696,7,or
6,8,242,243,3,a
6,9,123,124,1,and
6,10,1270,1271,9,not_xor
6,11,789,790,9,not_xor
6,12,526,527,12,not_a
6,13,1794,1795,10,not_b
6,14,782,783,9,not_xor
6,15,1836,1837,7,or
6,16,1931,1932,6,xor
6,17,1354,1355,14,not_and
6,18,1655,1656,9,not_xor
6,19,588,589,5,b
6,20,1733,1734,6,xor
6,21,906,907,7,or
6,22,684,685,9,not_xor
6,23,584,585,14,not_and
6,24,1390,1391,6,xor
6,25,612,613,12,not_a
6,26,1124,1125,5,b
6,27,846,847,9,not_xor
6,28,38,39,5,b
6,29,1883,1884,5,b
6,30,247,248,15,one
6,31,1001,1002,13,implies
6,32,1035,1036,3,a
6,33,1088,1089,3,a
6,34,1663,1664,11,implied_by
6,35,1459,1460,4,not_implied_by
6,36,1823,1824,7,or
6,37,1933,1934,4,not_implied_by
6,38,1074,1075,3,a
6,39,1028,1029,6,xor
6,40,515,516,6,xor
6,41,1023,1024,6,xor
6,42,1562,1563,5,b
6,43,731,732,3,a
6,44,1172,1173,10,not_b
6,45,1948,1949,5,b
6,46,448,449,3,a
6,47,187,188,3,a
6,48,898,899,9,not_xor
6,49,1186,1187,4,not_implied_by
6,50,1359,1360,5,b
6,51,1348,1349,5,b
6,52,1928,1929,11,implied_by
6,53,1243,1244,5,b
6,54,1917,1918,2,not_implies
6,55,1782,1783,8,not_or
6,56,167,168,4,not_implied_by
6,57,744,745,12,not_a
6,58,403,404,8,not_or
6,59,1785,1786,5,b
6,60,1703,1704,3,a
6,61,1838,1839,9,not_xor
6,62,680,681,10,not_b
6,63,414,415,6,xor
6,64,1405,1406,9,not_xor
6,65,1741,1742,11,implied_by
6,66,20,21,9,not_xor
6,67,239,240,5,b
6,68,1446,1447,10,not_b
6,69,1476,1477,3,a
6,70,503,504,13,implies
6,71,1189,1190,10,not_b
6,72,1560,1561,14,not_and
6,73,1712,1713,11,implied_by
6,74,1667,1668,10,not_b
6,75,1306,1307,12,not_a
6,76,386,387,3,a
6,77,641,642,12,not_a
6,78,1526,1527,7,or
6,79,1300,1301,12,not_a
6,80,1162,1163,6,xor
6,81,1391,1392,3,a
6,82,1363,1364,7,or
6,83,1771,1772,8,not_or
6,84,757,758,3,a
6,85,1715,1716,8,not_or
6,86,1294,1295,9,not_xor
6,87,531,532,4,not_implied_by
6,88,432,433,15,one
6,89,1280,1281,12,not_a
6,90,1226,1227,3,a
6,91,1906,1907,6,xor
6,92,1899,1900,8,not_or
6,93,85,86,14,not_and
6,94,1366,1367,11,implied_by
6,95,1904,1905,3,a
6,96,342,343,5,b
6,97,0,2,14,not_and
6,98,1872,1873,3,a
6,99,1971,1972,11,implied_by
6,100,16,17,12,not_a
6,101,1398,1399,12,not_a
6,102,608,609,12,not_a
6,103,1633,1634,10,not_b
6,104,296,297,3,a
6,105,724,725,12,not_a
6,106,1018,1019,9,not_xor
6,107,1126,1127,12,not_a
6,108,1927,1928,5,b
6,109,671,672,4,not_implied_by
6,110,1176,1177,8,not_or
6,111,601,602,13,implies
6,112,267,268,3,a
6,113,900,901,9,not_xor
6,114,575,576,5,b
6,115,449,450,1,and
6,116,1728,1729,5,b
6,117,1793,1794,10,not_b
6,118,302,303,3,a
6,119,926,927,8,not_or
6,120,201,202,10,not_b
6,121,1716,1717,9,not_xor
6,122,1442,1443,12,not_a
6,123,1100,1101,6,xor
6,124,1583,1584,2,not_implies
6,125,636,637,10,not_b
6,126,668,669,8,not_or
6,127,1837,1838,0,zero
6,128,1426,1427,11,implied_by
6,129,1478,1479,2,not_implies
6,130,1495,1496,3,a
6,131,716,717,14,not_and
6,132,596,597,5,b
6,133,550,551,5,b
6,134,766,767,1,and
6,135,1800,1801,10,not_b
6,136,768,769,7,or
6,137,1807,1808,12,not_a
6,138,1830,1831,11,implied_by
6,139,728,729,3,a
6,140,1407,1408,12,not_a
6,141,1842,1843,2,not_implies
6,142,514,515,5,b
6,143,443,444,2,not_implies
6,144,1912,1913,3,a
6,145,1330,1331,10,not_b
6,146,903,904,2,not_implies
6,147,492,493,9,not_xor
6,148,625,626,15,one
6,149,235,236,13,implies
6,150,143,144,3,a
6,151,391,392,10,not_b
6,152,1603,1604,3,a
6,153,307,308,13,implies
6,154,1230,1231,12,not_a
6,155,1163,1164,14,not_and
6,156,1868,1869,14,not_and
6,157,808,809,2,not_implies
6,158,1302,1303,12,not_a
6,159,1790,1791,6,xor
6,160,809,810,12,not_a
6,161,666,667,9,not_xor
6,162,475,476,6,xor
6,163,1183,1184,3,a
6,164,1471,1472,11,implied_by
6,165,574,575,4,not_implied_by
6,166,1184,1185,10,not_b
6,167,933,934,5,b
6,168,1803,1804,6,xor
6,169,1611,1612,4,not_implied_by
6,170,1653,1654,4,not_implied_by
6,171,714,715,13,implies
6,172,653,654,5,b
6,173,759,760,7,or
6,174,589,590,1,and
6,175,397,398,12,not_a
6,176,192,193,5,b
6,177,465,466,9,not_xor
6,178,166,167,6,xor
6,179,339,340,5,b
6,180,533,534,12,not_a
6,181,1764,1765,13,implies
6,182,484,485,10,not_b
6,183,135,136,8,not_or
6,184,155,156,13,implies
6,185,496,497,12,not_a
6,186,1718,1719,5,b
6,187,1242,1243,13,implies
6,188,585,586,9,not_xor
6,189,944,945,5,b
6,190,426,427,10,not_b
6,191,537,538,9,not_xor
6,192,212,213,12,not_a
6,193,1353,1354,12,not_a
6,194,1576,1577,9,not_xor
6,195,1138,1139,8,not_or
6,196,713,714,12,not_a
6,197,93,94,15,one
6,198,174,175,11,implied_by
6,199,1494,1495,5,b
6,200,206,207,13,implies
6,201,1319,1320,12,not_a
6,202,1393,1394,3,a
6,203,1049,1050,12,not_a
6,204,542,543,9,not_xor
6,205,1227,1228,7,or
6,206,24,25,10,not_b
6,207,261,262,12,not_a
6,208,1284,1285,9,not_xor
6,209,407,408,6,xor
6,210,1500,1501,5,b
6,211,1530,1531,7,or
6,212,60,61,12,not_a
6,213,50,51,3,a
6,214,91,92,5,b
6,215,312,313,10,not_b
6,216,304,305,13,implies
6,217,1007,1008,8,not_or
6,218,1132,1133,13,implies
6,219,1699,1700,4,not_implied_by
6,220,1813,1814,3,a
6,221,692,693,1,and
6,222,1730,1731,3,a
6,223,1588,1589,5,b
6,224,1926,1927,3,a
6,225,268,269,2,not_implies
6,226,1808,1809,10,not_b
6,227,1867,1868,5,b
6,228,1273,1274,4,not_implied_by
6,229,1714,1715,12,not_a
6,230,726,727,9,not_xor
6,231,1788,1789,5,b
6,232,1099,1100,8,not_or
6,233,710,711,10,not_b
6,234,948,949,9,not_xor
6,235,1379,1380,6,xor
6,236,1340,1341,8,not_or
6,237,341,342,12,not_a
6,238,1175,1176,12,not_a
6,239,1841,1842,5,b
6,240,131,132,3,a
6,241,259,260,13,implies
6,242,1,2,3,a
6,243,1249,1250,5,b
6,244,1821,1822,13,implies
6,245,1709,1710,12,not_a
6,246,899,900,3,a
6,247,1020,1021,10,not_b
6,248,421,422,10,not_b
6,249,1641,1642,1,and
6,250,664,665,10,not_b
6,251,1900,1901,10,not_b
6,252,119,120,3,a
6,253,1475,1476,11,implied_by
6,254,1433,1434,3,a
6,255,1982,1983,2,not_implies
6,256,1105,1106,5,b
6,257,2,3,6,xor
6,258,1041,1042,12,not_a
6,259,562,563,12,not_a
6,260,707,708,9,not_xor
6,261,442,443,14,not_and
6,262,1955,1956,10,not_b
6,263,918,919,13,implies
6,264,1847,1848,5,b
6,265,190,191,12,not_a
6,266,230,231,5,b
6,267,147,148,5,b
6,268,1572,1573,10,not_b
6,269,1484,1485,10,not_b
6,270,1612,1613,6,xor
6,271,1062,1063,10,not_b
6,272,176,177,1,and
6,273,1601,1602,7,or
6,274,1619,1620,3,a
6,275,427,428,3,a
6,276,1876,1877,5,b
6,277,1843,1844,9,not_xor
6,278,1770,1771,7,or
6,279,1139,1140,6,xor
6,280,891,892,11,implied_by
6,281,1697,1698,7,or
6,282,869,870,3,a
6,283,1504,1505,8,not_or
6,284,483,484,11,implied_by
6,285,271,272,6,xor
6,286,1423,1424,10,not_b
6,287,311,312,8,not_or
6,288,688,689,5,b
6,289,1664,1665,12,not_a
6,290,973,974,3,a
6,291,140,141,3,a
6,292,673,674,10,not_b
6,293,193,194,1,and
6,294,29,30,12,not_a
6,295,1255,1256,13,implies
6,296,679,680,3,a
6,297,872,873,6,xor
6,298,751,752,8,not_or
6,299,1781,1782,13,implies
6,300,647,648,10,not_b
6,301,1015,1016,10,not_b
6,302,1307,1308,10,not_b
6,303,862,863,12,not_a
6,304,1177,1178,9,not_xor
6,305,322,323,12,not_a
6,306,46,47,15,one
6,307,682,683,6,xor
6,308,1027,1028,11,implied_by
6,309,55,56,5,b
6,310,1317,1318,9,not_xor
6,311,1315,1316,8,not_or
6,312,48,49,5,b
6,313,343,344,6,xor
6,314,1389,1390,12,not_a
6,315,1614,1615,3,a
6,316,1721,1722,10,not_b
6,317,1201,1202,9,not_xor
6,318,1669,1670,3,a
6,319,374,375,13,implies
6,320,672,673,8,not_or
6,321,1692,1693,3,a
6,322,476,477,2,not_implies
6,323,295,296,12,not_a
6,324,704,705,6,xor
6,325,1135,1136,5,b
6,326,1990,1991,3,a
6,327,113,114,3,a
6,328,1441,1442,1,and
6,329,117,118,5,b
6,330,454,455,1,and
6,331,1460,1461,2,not_implies
6,332,1372,1373,8,not_or
6,333,1332,1333,5,b
6,334,700,701,3,a
6,335,956,957,15,one
6,336,1470,1471,3,a
6,337,1229,1230,12,not_a
6,338,920,921,10,not_b
6,339,1016,1017,12,not_a
6,340,1293,1294,5,b
6,341,161,162,6,xor
6,342,502,503,2,not_implies
6,343,1401,1402,10,not_b
6,344,31,32,9,not_xor
6,345,265,266,9,not_xor
6,346,506,507,5,b
6,347,1832,1833,3,a
6,348,678,679,5,b
6,349,1765,1766,3,a
6,350,794,795,11,implied_by
6,351,1253,1254,10,not_b
6,352,1647,1648,10,not_b
6,353,277,278,10,not_b
6,354,1322,1323,12,not_a
6,355,1417,1418,13,implies
6,356,1924,1925,3,a
6,357,1623,1624,7,or
6,358,105,106,3,a
6,359,1525,1526,3,a
6,360,1345,1346,12,not_a
6,361,1324,1325,6,xor
6,362,115,116,11,implied_by
6,363,1529,1530,8,not_or
6,364,1574,1575,7,or
6,365,1969,1970,1,and
6,366,240,241,12,not_a
6,367,33,34,3,a
6,368,411,412,10,not_b
6,369,1920,1921,10,not_b
6,370,775,776,6,xor
6,371,1539,1540,10,not_b
6,372,597,598,0,zero
6,373,1419,1420,1,and
6,374,909,910,12,not_a
6,375,1060,1061,10,not_b
6,376,412,413,5,b
6,377,850,851,12,not_a
6,378,1995,1996,5,b
6,379,462,463,10,not_b
6,380,895,896,5,b
6,381,607,608,12,not_a
6,382,812,813,10,not_b
6,383,1575,1576,6,xor
6,384,319,320,12,not_a
6,385,1509,1510,1,and
6,386,223,224,13,implies
6,387,340,341,10,not_b
6,388,292,293,12,not_a
6,389,785,786,12,not_a
6,390,189,190,3,a
6,391,1079,1080,9,not_xor
6,392,1678,1679,3,a
6,393,842,843,8,not_or
6,394,1517,1518,10,not_b
6,395,44,45,6,xor
6,396,1833,1834,10,not_b
6,397,324,325,9,not_xor
6,398,1983,1984,10,not_b
6,399,863,864,5,b
6,400,1037,1038,10,not_b
6,401,1550,1551,3,a
6,402,1590,1591,10,not_b
6,403,1192,1193,3,a
6,404,151,152,4,not_implied_by
6,405,516,517,1,and
6,406,879,880,13,implies
6,407,1447,1448,10,not_b
6,408,902,903,14,not_and
6,409,1180,1181,3,a
6,410,168,169,7,or
6,411,1466,1467,8,not_or
6,412,527,528,7,or
6,413,1511,1512,3,a
6,414,451,452,7,or
6,415,1646,1647,1,and
6,416,791,792,12,not_a
6,417,1225,1226,9,not_xor
6,418,520,521,12,not_a
6,419,865,866,10,not_b
6,420,315,316,6,xor
6,421,764,765,9,not_xor
6,422,1532,1533,10,not_b
6,423,1710,1711,0,zero
6,424,874,875,12,not_a
6,425,1571,1572,12,not_a
6,426,1216,1217,4,not_implied_by
6,427,1682,1683,13,implies
6,428,1750,1751,3,a
6,429,541,542,5,b
6,430,1310,1311,5,b
6,431,260,261,10,not_b
6,432,179,180,12,not_a
6,433,691,692,3,a
6,434,581,582,4,not_implied_by
6,435,90,91,12,not_a
6,436,969,970,5,b
6,437,822,823,14,not_and
6,438,1131,1132,14,not_and
6,439,519,520,3,a
6,440,1160,1161,11,implied_by
6,441,1643,1644,5,b
6,442,1852,1853,3,a
6,443,1666,1667,5,b
6,444,1434,1435,12,not_a
6,445,841,842,3,a
6,446,1748,1749,10,not_b
6,447,1908,1909,7,or
6,448,800,801,12,not_a
6,449,938,939,2,not_implies
6,450,1199,1200,9,not_xor
6,451,1726,1727,12,not_a
6,452,752,753,10,not_b
6,453,1004,1005,10,not_b
6,454,52,53,4,not_implied_by
6,455,1593,1594,3,a
6,456,1026,1027,12,not_a
6,457,321,322,3,a
6,458,1640,1641,3,a
6,459,1711,1712,5,b
6,460,638,639,12,not_a
6,461,1488,1489,9,not_xor
6,462,558,559,10,not_b
6,463,1196,1197,9,not_xor
6,464,1846,1847,1,and
6,465,868,869,11,implied_by
6,466,1092,1093,6,xor
6,467,719,720,10,not_b
6,468,228,229,4,not_implied_by
6,469,1287,1288,9,not_xor
6,470,703,704,13,implies
6,471,997,998,12,not_a
6,472,165,166,12,not_a
6,473,1298,1299,11,implied_by
6,474,1701,1702,4,not_implied_by
6,475,1582,1583,12,not_a
6,476,1799,1800,12,not_a
6,477,1902,1903,3,a
6,478,1140,1141,10,not_b
6,479,1321,1322,5,b
6,480,1964,1965,6,xor
6,481,1118,1119,12,not_a
6,482,1438,1439,5,b
6,483,62,63,9,not_xor
6,484,250,251,10,not_b
6,485,1191,1192,5,b
6,486,1122,1123,2,not_implies
6,487,980,981,8,not_or
6,488,797,798,5,b
6,489,1095,1096,14,not_and
6,490,1724,1725,4,not_implied_by
6,491,1638,1639,14,not_and
6,492,1745,1746,9,not_xor
6,493,1271,1272,5,b
6,494,1860,1861,0,zero
6,495,937,938,9,not_xor
6,496,68,69,11,implied_by
6,497,136,137,0,zero
6,498,742,743,9,not_xor
6,499,1735,1736,5,b
6,500,1361,1362,12,not_a
6,501,210,211,3,a
6,502,1644,1645,2,not_implies
6,503,1339,1340,2,not_implies
6,504,1796,1797,12,not_a
6,505,1472,1473,13,implies
6,506,156,157,3,a
6,507,291,292,3,a
6,508,1481,1482,12,not_a
6,509,1543,1544,7,or
6,510,1877,1878,12,not_a
6,511,1165,1166,12,not_a
6,512,1935,1936,8,not_or
6,513,551,552,3,a
6,514,1786,1787,3,a
6,515,661,662,3,a
6,516,500,501,1,and
6,517,1505,1506,12,not_a
6,518,1002,1003,10,not_b
6,519,477,478,11,implied_by
6,520,67,68,6,xor
6,521,1034,1035,9,not_xor
6,522,365,366,9,not_xor
6,523,490,491,14,not_and
6,524,57,58,12,not_a
6,525,1519,1520,3,a
6,526,793,794,3,a
6,527,1257,1258,6,xor
6,528,632,633,6,xor
6,529,1766,1767,12,not_a
6,530,639,640,5,b
6,531,1524,1525,9,not_xor
6,532,332,333,10,not_b
6,533,1219,1220,4,not_implied_by
6,534,604,605,7,or
6,535,1636,1637,3,a
6,536,1032,1033,11,implied_by
6,537,1082,1083,10,not_b
6,538,1890,1891,6,xor
6,539,387,388,12,not_a
6,540,337,338,10,not_b
6,541,634,635,2,not_implies
6,542,63,64,10,not_b
6,543,1444,1445,12,not_a
6,544,1802,1803,14,not_and
6,545,778,779,5,b
6,546,1068,1069,12,not_a
6,547,287,288,10,not_b
6,548,864,865,12,not_a
6,549,656,657,10,not_b
6,550,154,155,13,implies
6,551,1958,1959,9,not_xor
6,552,389,390,3,a
6,553,1905,1906,10,not_b
6,554,1828,1829,3,a
6,555,88,89,12,not_a
6,556,1984,1985,3,a
6,557,524,525,10,not_b
6,558,1921,1922,10,not_b
6,559,1531,1532,10,not_b
6,560,1119,1120,13,implies
6,561,665,666,2,not_implies
6,562,194,195,6,xor
6,563,1152,1153,2,not_implies
6,564,1073,1074,15,one
6,565,222,223,15,one
6,566,1469,1470,6,xor
6,567,1050,1051,12,not_a
6,568,1536,1537,5,b
6,569,887,888,14,not_and
6,570,1734,1735,5,b
6,571,769,770,5,b
6,572,1598,1599,13,implies
6,573,982,983,12,not_a
6,574,1223,1224,2,not_implies
6,575,1859,1860,3,a
6,576,1206,1207,11,implied_by
6,577,472,473,3,a
6,578,646,647,14,not_and
6,579,623,624,10,not_b
6,580,349,350,3,a
6,581,1578,1579,10,not_b
6,582,116,117,10,not_b
6,583,890,891,2,not_implies
6,584,12,13,4,not_implied_by
6,585,1161,1162,5,b
6,586,1187,1188,2,not_implies
6,587,722,723,3,a
6,588,693,694,13,implies
6,589,1780,1781,9,not_xor
6,590,796,797,10,not_b
6,591,838,839,4,not_implied_by
6,592,1030,1031,2,not_implies
6,593,1245,1246,9,not_xor
6,594,755,756,10,not_b
6,595,1520,1521,6,xor
6,596,823,824,4,not_implied_by
6,597,214,215,15,one
6,598,1355,1356,3,a
6,599,56,57,8,not_or
6,600,1236,1237,15,one
6,601,1297,1298,5,b
6,602,1467,1468,3,a
6,603,1173,1174,12,not_a
6,604,410,411,10,not_b
6,605,145,146,5,b
6,606,92,93,7,or
6,607,946,947,10,not_b
6,608,220,221,13,implies
6,609,910,911,6,xor
6,610,1454,1455,4,not_implied_by
6,611,1395,1396,12,not_a
6,612,1244,1245,9,not_xor
6,613,433,434,10,not_b
6,614,929,930,11,implied_by
6,615,1000,1001,4,not_implied_by
6,616,1154,1155,5,b
6,617,971,972,4,not_implied_by
6,618,1200,1201,10,not_b
6,619,71,72,13,implies
6,620,328,329,12,not_a
6,621,9,10,10,not_b
6,622,1218,1219,10,not_b
6,623,1262,1263,5,b
6,624,1622,1623,9,not_xor
6,625,1827,1828,10,not_b
6,626,825,826,12,not_a
6,627,1657,1658,8,not_or
6,628,124,125,5,b
6,629,1044,1045,12,not_a
6,630,285,286,12,not_a
6,631,523,524,13,implies
6,632,275,276,4,not_implied_by
6,633,1066,1067,11,implied_by
6,634,1117,1118,1,and
6,635,1541,1542,13,implies
6,636,1819,1820,10,not_b
6,637,1722,1723,12,not_a
6,638,614,615,5,b
6,639,1086,1087,5,b
6,640,697,698,7,or
6,641,388,389,13,implies
6,642,1513,1514,12,not_a
6,643,335,336,4,not_implied_by
6,644,1687,1688,2,not_implies
6,645,1012,1013,12,not_a
6,646,1070,1071,6,xor
6,647,852,853,6,xor
6,648,1656,1657,13,implies
6,649,1149,1150,2,not_implies
6,650,1430,1431,1,and
6,651,1686,1687,5,b
6,652,348,349,12,not_a
6,653,989,990,12,not_a
6,654,1702,1703,3,a
6,655,7,8,6,xor
6,656,366,367,11,implied_by
6,657,931,932,3,a
6,658,979,980,2,not_implies
6,659,1337,1338,8,not_or
6,660,470,471,12,not_a
6,661,1059,1060,7,or
6,662,888,889,4,not_implied_by
6,663,1806,1807,5,b
6,664,1367,1368,10,not_b
6,665,469,470,12,not_a
6,666,309,310,3,a
6,667,101,102,3,a
6,668,1625,1626,3,a
6,669,1857,1858,12,not_a
6,670,1157,1158,11,implied_by
6,671,459,460,3,a
6,672,867,868,5,b
6,673,132,133,2,not_implies
6,674,1609,1610,13,implies
6,675,1127,1128,10,not_b
6,676,1388,1389,3,a
6,677,949,950,5,b
6,678,453,454,3,a
6,679,652,653,6,xor
6,680,828,829,10,not_b
6,681,467,468,6,xor
6,682,686,687,10,not_b
6,683,1723,1724,3,a
6,684,1141,1142,10,not_b
6,685,1599,1600,5,b
6,686,1551,1552,10,not_b
6,687,739,740,9,not_xor
6,688,1437,1438,4,not_implied_by
6,689,1142,1143,9,not_xor
6,690,723,724,2,not_implies
6,691,1691,1692,10,not_b
6,692,95,96,2,not_implies
6,693,504,505,3,a
6,694,424,425,5,b
6,695,1233,1234,9,not_xor
6,696,577,578,5,b
6,697,249,250,3,a
6,698,1254,1255,13,implies
6,699,1496,1497,6,xor
6,700,1812,1813,9,not_xor
6,701,1580,1581,6,xor
6,702,1652,1653,10,not_b
6,703,1166,1167,10,not_b
6,704,505,506,0,zero
6,705,919,920,8,not_or
6,706,568,569,5,b
6,707,1866,1867,9,not_xor
6,708,820,821,10,not_b
6,709,491,492,14,not_and
6,710,252,253,12,not_a
6,711,1896,1897,4,not_implied_by
6,712,1409,1410,13,implies
6,713,1569,1570,11,implied_by
6,714,1318,1319,7,or
6,715,1685,1686,9,not_xor
6,716,208,209,12,not_a
6,717,157,158,9,not_xor
6,718,1968,1969,12,not_a
6,719,1452,1453,10,not_b
6,720,281,282,10,not_b
6,721,437,438,5,b
6,722,1989,1990,10,not_b
6,723,553,554,8,not_or
6,724,1654,1655,9,not_xor
6,725,1534,1535,1,and
6,726,89,90,8,not_or
6,727,893,894,5,b
6,728,1103,1104,10,not_b
6,729,1084,1085,6,xor
6,730,1705,1706,11,implied_by
6,731,1763,1764,2,not_implies
6,732,994,995,14,not_and
6,733,1873,1874,9,not_xor
6,734,1932,1933,2,not_implies
6,735,258,259,10,not_b
6,736,399,400,0,zero
6,737,1217,1218,12,not_a
6,738,1412,1413,3,a
6,739,501,502,6,xor
6,740,1261,1262,15,one
6,741,546,547,2,not_implies
6,742,1364,1365,3,a
6,743,860,861,8,not_or
6,744,1566,1567,1,and
6,745,963,964,10,not_b
6,746,528,529,12,not_a
6,747,547,548,12,not_a
6,748,1144,1145,10,not_b
6,749,72,73,12,not_a
6,750,544,545,12,not_a
6,751,394,395,14,not_and
6,752,837,838,12,not_a
6,753,1260,1261,5,b
6,754,246,247,9,not_xor
6,755,211,212,6,xor
6,756,1608,1609,12,not_a
6,757,1220,1221,5,b
6,758,489,490,10,not_b
6,759,642,643,5,b
6,760,1301,1302,5,b
6,761,730,731,3,a
6,762,1164,1165,12,not_a
6,763,382,383,5,b
6,764,1617,1618,10,not_b
6,765,1143,1144,9,not_xor
6,766,854,855,6,xor
6,767,1642,1643,14,not_and
6,768,529,530,11,implied_by
6,769,1045,1046,5,b
6,770,1801,1802,9,not_xor
6,771,1758,1759,3,a
6,772,873,874,5,b
6,773,346,347,14,not_and
6,774,1338,1339,1,and
6,775,1479,1480,9,not_xor
6,776,1911,1912,9,not_xor
6,777,51,52,3,a
6,778,1352,1353,10,not_b
6,779,1174,1175,10,not_b
6,780,1316,1317,14,not_and
6,781,561,562,8,not_or
6,782,916,917,12,not_a
6,783,353,354,7,or
6,784,615,616,3,a
6,785,486,487,10,not_b
6,786,497,498,3,a
6,787,617,618,5,b
6,788,238,239,15,one
6,789,1683,1684,2,not_implies
6,790,441,442,10,not_b
6,791,1240,1241,10,not_b
6,792,620,621,6,xor
6,793,439,440,0,zero
6,794,694,695,8,not_or
6,795,96,97,4,not_implied_by
6,796,1941,1942,12,not_a
6,797,32,33,8,not_or
6,798,180,181,8,not_or
6,799,5,6,6,xor
6,800,36,37,12,not_a
6,801,463,464,8,not_or
6,802,1965,1966,12,not_a
6,803,1325,1326,4,not_implied_by
6,804,415,416,5,b
6,805,53,54,5,b
6,806,370,371,6,xor
6,807,354,355,3,a
6,808,417,418,10,not_b
6,809,378,379,10,not_b
6,810,745,746,6,xor
6,811,317,318,3,a
6,812,280,281,13,implies
6,813,1849,1850,6,xor
6,814,1072,1073,1,and
6,815,629,630,5,b
6,816,19,20,6,xor
6,817,1940,1941,14,not_and
6,818,1895,1896,6,xor
6,819,1193,1194,8,not_or
6,820,1303,1304,2,not_implies
6,821,771,772,9,not_xor
6,822,405,406,5,b
6,823,779,780,10,not_b
6,824,1252,1253,4,not_implied_by
6,825,816,817,9,not_xor
6,826,1844,1845,14,not_and
6,827,182,183,8,not_or
6,828,1178,1179,1,and
6,829,817,818,10,not_b
6,830,371,372,6,xor
6,831,845,846,10,not_b
6,832,690,691,3,a
6,833,592,593,12,not_a
6,834,1787,1788,3,a
6,835,255,256,6,xor
6,836,1810,1811,5,b
6,837,1668,1669,10,not_b
6,838,913,914,11,implied_by
6,839,1356,1357,3,a
6,840,178,179,9,not_xor
6,841,200,201,11,implied_by
6,842,1043,1044,7,or
6,843,517,518,9,not_xor
6,844,359,360,9,not_xor
6,845,66,67,4,not_implied_by
6,846,628,629,10,not_b
6,847,1777,1778,10,not_b
6,848,80,81,4,not_implied_by
6,849,525,526,13,implies
6,850,266,267,3,a
6,851,1057,1058,12,not_a
6,852,1136,1137,4,not_implied_by
6,853,749,750,10,not_b
6,854,1320,1321,6,xor
6,855,954,955,1,and
6,856,1674,1675,3,a
6,857,306,307,9,not_xor
6,858,76,77,3,a
6,859,743,744,8,not_or
6,860,532,533,15,one
6,861,84,85,5,b
6,862,314,315,10,not_b
6,863,813,814,6,xor
6,864,263,264,12,not_a
6,865,1850,1851,7,or
6,866,436,437,0,zero
6,867,1878,1879,10,not_b
6,868,137,138,12,not_a
6,869,1826,1827,5,b
6,870,245,246,13,implies
6,871,303,304,10,not_b
6,872,1898,1899,10,not_b
6,873,884,885,3,a
6,874,446,447,5,b
6,875,1110,1111,5,b
6,876,1754,1755,4,not_implied_by
6,877,829,830,13,implies
6,878,698,699,3,a
6,879,1630,1631,10,not_b
6,880,1507,1508,13,implies
6,881,660,661,7,or
6,882,1585,1586,9,not_xor
6,883,780,781,13,implies
6,884,1275,1276,12,not_a
6,885,301,302,10,not_b
6,886,883,884,6,xor
6,887,784,785,9,not_xor
6,888,1879,1880,12,not_a
6,889,1232,1233,12,not_a
6,890,86,87,9,not_xor
6,891,1491,1492,3,a
6,892,853,854,9,not_xor
6,893,83,84,5,b
6,894,110,111,14,not_and
6,895,993,994,1,and
6,896,1207,1208,12,not_a
6,897,1278,1279,3,a
6,898,858,859,5,b
6,899,368,369,10,not_b
6,900,1816,1817,12,not_a
6,901,540,541,9,not_xor
6,902,269,270,4,not_implied_by
6,903,1773,1774,6,xor
6,904,1462,1463,3,a
6,905,1114,1115,3,a
6,906,1768,1769,4,not_implied_by
6,907,1825,1826,12,not_a
6,908,1069,1070,10,not_b
6,909,126,127,15,one
6,910,175,176,9,not_xor
6,911,1523,1524,11,implied_by
6,912,461,462,12,not_a
6,913,1616,1617,0,zero
6,914,1042,1043,6,xor
6,915,1033,1034,8,not_or
6,916,765,766,4,not_implied_by
6,917,1251,1252,5,b
6,918,375,376,14,not_and
6,919,1185,1186,1,and
6,920,603,604,12,not_a
6,921,1605,1606,10,not_b
6,922,1610,1611,5,b
6,923,826,827,5,b
6,924,773,774,5,b
6,925,1296,1297,5,b
6,926,1997,1998,10,not_b
6,927,663,664,12,not_a
6,928,725,726,8,not_or
6,929,1554,1555,5,b
6,930,711,712,14,not_and
6,931,325,326,6,xor
6,932,1021,1022,3,a
6,933,468,469,7,or
6,934,1553,1554,4,not_implied_by
6,935,1295,1296,3,a
6,936,21,22,5,b
6,937,1508,1509,5,b
6,938,224,225,3,a
6,939,1211,1212,10,not_b
6,940,611,612,8,not_or
6,941,1922,1923,13,implies
6,942,1756,1757,12,not_a
6,943,1757,1758,5,b
6,944,1817,1818,5,b
6,945,316,317,5,b
6,946,1998,1999,4,not_implied_by
6,947,1107,1108,4,not_implied_by
6,948,330,331,10,not_b
6,949,857,858,13,implies
6,950,943,944,11,implied_by
6,951,379,380,5,b
6,952,1986,1987,8,not_or
6,953,1597,1598,4,not_implied_by
6,954,1448,1449,12,not_a
6,955,618,619,10,not_b
6,956,1677,1678,5,b
6,957,613,614,9,not_xor
6,958,1145,1146,10,not_b
6,959,478,479,10,not_b
6,960,1376,1377,9,not_xor
6,961,205,206,10,not_b
6,962,444,445,6,xor
6,963,1351,1352,10,not_b
6,964,950,951,0,zero
6,965,227,228,9,not_xor
6,966,843,844,0,zero
6,967,811,812,3,a
6,968,6,7,3,a
6,969,649,650,8,not_or
6,970,1840,1841,12,not_a
6,971,1693,1694,13,implies
6,972,802,803,1,and
6,973,1676,1677,2,not_implies
6,974,1328,1329,5,b
6,975,445,446,3,a
6,976,1557,1558,14,not_and
6,977,539,540,3,a
6,978,563,564,3,a
6,979,772,773,5,b
6,980,1729,1730,12,not_a
6,981,1573,1574,14,not_and
6,982,1374,1375,5,b
6,983,199,200,5,b
6,984,376,377,7,or
6,985,1431,1432,5,b
6,986,1626,1627,4,not_implied_by
6,987,204,205,3,a
6,988,1089,1090,3,a
6,989,1540,1541,5,b
6,990,1111,1112,6,xor
6,991,498,499,5,b
6,992,1179,1180,1,and
6,993,786,787,9,not_xor
6,994,130,131,5,b
6,995,482,483,6,xor
6,996,1198,1199,3,a
6,997,1727,1728,12,not_a
6,998,748,749,12,not_a
6,999,1212,1213,8,not_or
6,1000,216,217,6,xor
6,1001,499,500,10,not_b
6,1002,1915,1916,7,or
6,1003,1934,1935,13,implies
6,1004,125,126,6,xor
6,1005,450,451,5,b
6,1006,1706,1707,10,not_b
6,1007,1690,1691,6,xor
6,1008,1024,1025,10,not_b
6,1009,966,967,5,b
6,1010,413,414,5,b
6,1011,1923,1924,13,implies
6,1012,709,710,3,a
6,1013,1594,1595,5,b
6,1014,1856,1857,5,b
6,1015,75,76,2,not_implies
6,1016,721,722,10,not_b
6,1017,1055,1056,3,a
6,1018,927,928,5,b
6,1019,1863,1864,5,b
6,1020,1672,1673,5,b
6,1021,507,508,12,not_a
6,1022,1858,1859,6,xor
6,1023,162,163,10,not_b
6,1024,1375,1376,11,implied_by
6,1025,1769,1770,2,not_implies
6,1026,1381,1382,8,not_or
6,1027,1561,1562,11,implied_by
6,1028,832,833,9,not_xor
6,1029,1820,1821,3,a
6,1030,27,28,12,not_a
6,1031,173,174,3,a
6,1032,957,958,10,not_b
6,1033,1527,1528,10,not_b
6,1034,866,867,10,not_b
6,1035,1665,1666,3,a
6,1036,1449,1450,10,not_b
6,1037,1628,1629,4,not_implied_by
6,1038,1113,1114,4,not_implied_by
6,1039,626,627,8,not_or
6,1040,1360,1361,7,or
6,1041,1432,1433,8,not_or
6,1042,923,924,7,or
6,1043,1903,1904,5,b
6,1044,1210,1211,5,b
6,1045,1120,1121,6,xor
6,1046,103,104,10,not_b
6,1047,1829,1830,10,not_b
6,1048,530,531,10,not_b
6,1049,26,27,10,not_b
6,1050,423,424,6,xor
6,1051,98,99,6,xor
6,1052,1096,1097,9,not_xor
6,1053,1335,1336,14,not_and
6,1054,1901,1902,2,not_implies
6,1055,1038,1039,5,b
6,1056,984,985,3,a
6,1057,543,544,12,not_a
6,1058,1607,1608,3,a
6,1059,1435,1436,3,a
6,1060,1414,1415,5,b
6,1061,1267,1268,10,not_b
6,1062,801,802,9,not_xor
6,1063,763,764,10,not_b
6,1064,875,876,3,a
6,1065,202,203,12,not_a
6,1066,1347,1348,10,not_b
6,1067,390,391,3,a
6,1068,1884,1885,8,not_or
6,1069,1492,1493,4,not_implied_by
6,1070,1950,1951,6,xor
6,1071,718,719,1,and
6,1072,1738,1739,12,not_a
6,1073,1704,1705,4,not_implied_by
6,1074,889,890,10,not_b
6,1075,1752,1753,7,or
6,1076,308,309,9,not_xor
6,1077,251,252,5,b
6,1078,965,966,7,or
6,1079,1606,1607,13,implies
6,1080,278,279,0,zero
6,1081,892,893,10,not_b
6,1082,901,902,11,implied_by
6,1083,361,362,10,not_b
6,1084,1546,1547,6,xor
6,1085,158,159,4,not_implied_by
6,1086,576,577,5,b
6,1087,976,977,10,not_b
6,1088,559,560,3,a
6,1089,1894,1895,2,not_implies
6,1090,473,474,12,not_a
6,1091,1740,1741,2,not_implies
6,1092,1512,1513,4,not_implied_by
6,1093,1831,1832,10,not_b
6,1094,1538,1539,12,not_a
6,1095,286,287,3,a
6,1096,3,4,3,a
6,1097,1134,1135,5,b
6,1098,840,841,9,not_xor
6,1099,185,186,9,not_xor
6,1100,79,80,12,not_a
6,1101,659,660,3,a
6,1102,217,218,5,b
6,1103,855,856,11,implied_by
6,1104,1468,1469,12,not_a
6,1105,511,512,12,not_a
6,1106,1085,1086,3,a
6,1107,1708,1709,1,and
6,1108,586,587,10,not_b
6,1109,100,101,2,not_implies
6,1110,1563,1564,12,not_a
6,1111,406,407,12,not_a
6,1112,1631,1632,9,not_xor
6,1113,1967,1968,10,not_b
6,1114,945,946,12,not_a
6,1115,1031,1032,12,not_a
6,1116,1862,1863,12,not_a
6,1117,1222,1223,3,a
6,1118,129,130,6,xor
6,1119,34,35,11,implied_by
6,1120,1645,1646,8,not_or
6,1121,1202,1203,1,and
6,1122,1732,1733,13,implies
6,1123,1629,1630,3,a
6,1124,1241,1242,14,not_and
6,1125,706,707,12,not_a
6,1126,237,238,4,not_implied_by
6,1127,737,738,6,xor
6,1128,1731,1732,12,not_a
6,1129,282,283,3,a
6,1130,1891,1892,10,not_b
6,1131,1214,1215,3,a
6,1132,109,110,10,not_b
6,1133,73,74,5,b
6,1134,992,993,10,not_b
6,1135,548,549,5,b
6,1136,455,456,3,a
6,1137,556,557,5,b
6,1138,128,129,14,not_and
6,1139,1979,1980,5,b
6,1140,770,771,12,not_a
6,1141,610,611,3,a
6,1142,384,385,6,xor
6,1143,839,840,8,not_or
6,1144,1078,1079,2,not_implies
6,1145,122,123,2,not_implies
6,1146,1285,1286,12,not_a
6,1147,1907,1908,5,b
6,1148,1545,1546,5,b
6,1149,22,23,1,and
6,1150,305,306,12,not_a
6,1151,1559,1560,3,a
6,1152,1013,1014,12,not_a
6,1153,215,216,12,not_a
6,1154,1555,1556,8,not_or
6,1155,1063,1064,5,b
6,1156,1680,1681,8,not_or
6,1157,1584,1585,2,not_implies
6,1158,1991,1992,1,and
6,1159,1648,1649,11,implied_by
6,1160,859,860,2,not_implies
6,1161,464,465,10,not_b
6,1162,422,423,2,not_implies
6,1163,1056,1057,9,not_xor
6,1164,790,791,12,not_a
6,1165,1954,1955,5,b
6,1166,336,337,12,not_a
6,1167,662,663,4,not_implied_by
6,1168,635,636,12,not_a
6,1169,877,878,12,not_a
6,1170,327,328,7,or
6,1171,221,222,5,b
6,1172,1893,1894,4,not_implied_by
6,1173,674,675,6,xor
6,1174,951,952,3,a
6,1175,1008,1009,12,not_a
6,1176,1919,1920,12,not_a
6,1177,28,29,10,not_b
6,1178,669,670,12,not_a
6,1179,1595,1596,2,not_implies
6,1180,922,923,5,b
6,1181,1377,1378,10,not_b
6,1182,429,430,3,a
6,1183,1054,1055,9,not_xor
6,1184,1081,1082,7,or
6,1185,14,15,6,xor
6,1186,1474,1475,2,not_implies
6,1187,1570,1571,5,b
6,1188,264,265,3,a
6,1189,1855,1856,6,xor
6,1190,452,453,7,or
6,1191,1215,1216,8,not_or
6,1192,362,363,12,not_a
6,1193,326,327,5,b
6,1194,1970,1971,12,not_a
6,1195,1925,1926,1,and
6,1196,121,122,1,and
6,1197,571,572,3,a
6,1198,1811,1812,3,a
6,1199,1487,1488,12,not_a
6,1200,1443,1444,10,not_b
6,1201,146,147,4,not_implied_by
6,1202,164,165,10,not_b
6,1203,1880,1881,11,implied_by
6,1204,1670,1671,9,not_xor
6,1205,457,458,7,or
6,1206,934,935,10,not_b
6,1207,1258,1259,3,a
6,1208,1974,1975,6,xor
6,1209,1483,1484,12,not_a
6,1210,814,815,8,not_or
6,1211,64,65,10,not_b
6,1212,741,742,5,b
6,1213,300,301,13,implies
6,1214,1130,1131,10,not_b
6,1215,683,684,10,not_b
6,1216,440,441,5,b
6,1217,288,289,12,not_a
6,1218,1334,1335,6,xor
6,1219,289,290,10,not_b
6,1220,37,38,5,b
6,1221,231,232,13,implies
6,1222,1342,1343,12,not_a
6,1223,1076,1077,1,and
6,1224,1457,1458,10,not_b
6,1225,1053,1054,6,xor
6,1226,1951,1952,5,b
6,1227,1209,1210,15,one
6,1228,1155,1156,4,not_implied_by
6,1229,1424,1425,3,a
6,1230,213,214,9,not_xor
6,1231,1497,1498,12,not_a
6,1232,735,736,9,not_xor
6,1233,1814,1815,6,xor
6,1234,49,50,13,implies
6,1235,1455,1456,10,not_b
6,1236,409,410,5,b
6,1237,1938,1939,8,not_or
6,1238,402,403,14,not_and
6,1239,1465,1466,14,not_and
6,1240,1314,1315,3,a
6,1241,209,210,5,b
6,1242,631,632,12,not_a
6,1243,1634,1635,12,not_a
6,1244,1289,1290,9,not_xor
6,1245,1477,1478,13,implies
6,1246,1231,1232,15,one
6,1247,104,105,3,a
6,1248,555,556,13,implies
6,1249,917,918,9,not_xor
6,1250,897,898,5,b
6,1251,1169,1170,3,a
6,1252,1399,1400,5,b
6,1253,392,393,5,b
6,1254,1290,1291,12,not_a
6,1255,1679,1680,9,not_xor
6,1256,1985,1986,12,not_a
6,1257,1564,1565,3,a
6,1258,1772,1773,8,not_or
6,1259,419,420,8,not_or
6,1260,1464,1465,14,not_and
6,1261,257,258,6,xor
6,1262,1993,1994,11,implied_by
6,1263,1600,1601,9,not_xor
6,1264,1650,1651,3,a
6,1265,1871,1872,3,a
6,1266,1011,1012,11,implied_by
6,1267,1094,1095,2,not_implies
6,1268,952,953,8,not_or
6,1269,1480,1481,4,not_implied_by
6,1270,1486,1487,12,not_a
6,1271,1247,1248,1,and
6,1272,545,546,2,not_implies
6,1273,0,1,9,not_xor
6,1274,65,66,13,implies
6,1275,995,996,0,zero
6,1276,1039,1040,9,not_xor
6,1277,836,837,13,implies
6,1278,364,365,3,a
6,1279,1675,1676,11,implied_by
6,1280,1753,1754,4,not_implied_by
6,1281,1865,1866,9,not_xor
6,1282,699,700,12,not_a
6,1283,827,828,5,b
6,1284,685,686,3,a
6,1285,253,254,3,a
6,1286,460,461,10,not_b
6,1287,1263,1264,2,not_implies
6,1288,1789,1790,1,and
6,1289,1845,1846,4,not_implied_by
6,1290,818,819,7,or
6,1291,959,960,12,not_a
6,1292,932,933,5,b
6,1293,798,799,10,not_b
6,1294,1205,1206,10,not_b
6,1295,1453,1454,12,not_a
6,1296,47,48,13,implies
6,1297,644,645,13,implies
6,1298,1972,1973,4,not_implied_by
6,1299,1518,1519,10,not_b
6,1300,329,330,8,not_or
6,1301,234,235,14,not_and
6,1302,1778,1779,10,not_b
6,1303,331,332,8,not_or
6,1304,804,805,12,not_a
6,1305,1357,1358,5,b
6,1306,1568,1569,5,b
6,1307,1742,1743,10,not_b
6,1308,97,98,11,implied_by
6,1309,824,825,14,not_and
6,1310,1943,1944,9,not_xor
6,1311,987,988,8,not_or
6,1312,1333,1334,5,b
6,1313,1851,1852,13,implies
6,1314,578,579,10,not_b
6,1315,1404,1405,14,not_and
6,1316,1098,1099,12,not_a
6,1317,35,36,10,not_b
6,1318,974,975,2,not_implies
6,1319,1542,1543,5,b
6,1320,369,370,5,b
6,1321,717,718,12,not_a
6,1322,1397,1398,14,not_and
6,1323,1662,1663,7,or
6,1324,1331,1332,12,not_a
6,1325,834,835,10,not_b
6,1326,958,959,12,not_a
6,1327,69,70,3,a
6,1328,1661,1662,13,implies
6,1329,988,989,9,not_xor
6,1330,150,151,6,xor
6,1331,152,153,5,b
6,1332,1489,1490,8,not_or
6,1333,756,757,2,not_implies
6,1334,981,982,10,not_b
6,1335,1681,1682,3,a
6,1336,1776,1777,8,not_or
6,1337,1695,1696,5,b
6,1338,627,628,2,not_implies
6,1339,466,467,8,not_or
6,1340,990,991,9,not_xor
6,1341,333,334,5,b
6,1342,1892,1893,9,not_xor
6,1343,1556,1557,6,xor
6,1344,1589,1590,3,a
6,1345,621,622,4,not_implied_by
6,1346,1238,1239,11,implied_by
6,1347,1266,1267,1,and
6,1348,416,417,9,not_xor
6,1349,996,997,2,not_implies
6,1350,925,926,10,not_b
6,1351,967,968,10,not_b
6,1352,1886,1887,5,b
6,1353,536,537,6,xor
6,1354,1696,1697,13,implies
6,1355,197,198,10,not_b
6,1356,1047,1048,6,xor
6,1357,1885,1886,4,not_implied_by
6,1358,1501,1502,13,implies
6,1359,1064,1065,9,not_xor
6,1360,1751,1752,10,not_b
6,1361,18,19,7,or
6,1362,599,600,3,a
6,1363,294,295,12,not_a
6,1364,1022,1023,9,not_xor
6,1365,360,361,12,not_a
6,1366,77,78,14,not_and
6,1367,1413,1414,5,b
6,1368,518,519,6,xor
6,1369,1299,1300,3,a
6,1370,244,245,13,implies
6,1371,23,24,3,a
6,1372,1621,1622,12,not_a
6,1373,114,115,12,not_a
6,1374,425,426,0,zero
6,1375,1017,1018,6,xor
6,1376,999,1000,13,implies
6,1377,821,822,11,implied_by
6,1378,225,226,7,or
6,1379,318,319,2,not_implies
6,1380,396,397,9,not_xor
6,1381,447,448,2,not_implies
6,1382,1341,1342,10,not_b
6,1383,81,82,6,xor
6,1384,334,335,3,a
6,1385,738,739,12,not_a
6,1386,78,79,5,b
6,1387,835,836,8,not_or
6,1388,458,459,7,or
6,1389,1805,1806,5,b
6,1390,1482,1483,9,not_xor
6,1391,1385,1386,5,b
6,1392,148,149,4,not_implied_by
6,1393,928,929,8,not_or
6,1394,1115,1116,5,b
6,1395,1515,1516,2,not_implies
6,1396,1384,1385,6,xor
6,1397,1544,1545,7,or
6,1398,58,59,5,b
6,1399,598,599,7,or
6,1400,1368,1369,10,not_b
6,1401,408,409,3,a
6,1402,1386,1387,6,xor
6,1403,1834,1835,12,not_a
6,1404,1418,1419,1,and
6,1405,1713,1714,13,implies
6,1406,1987,1988,6,xor
6,1407,1112,1113,10,not_b
6,1408,172,173,5,b
6,1409,420,421,6,xor
6,1410,1194,1195,6,xor
6,1411,1956,1957,5,b
6,1412,1809,1810,5,b
6,1413,727,728,0,zero
6,1414,191,192,2,not_implies
6,1415,1116,1117,5,b
6,1416,160,161,8,not_or
6,1417,1929,1930,10,not_b
6,1418,986,987,3,a
6,1419,535,536,9,not_xor
6,1420,1604,1605,5,b
6,1421,1151,1152,5,b
6,1422,762,763,14,not_and
6,1423,82,83,12,not_a
6,1424,358,359,5,b
6,1425,1256,1257,10,not_b
6,1426,1336,1337,0,zero
6,1427,1358,1359,2,not_implies
6,1428,248,249,6,xor
6,1429,1700,1701,12,not_a
6,1430,1549,1550,6,xor
6,1431,1761,1762,11,implied_by
6,1432,1618,1619,10,not_b
6,1433,1277,1278,12,not_a
6,1434,564,565,3,a
6,1435,915,916,5,b
6,1436,1235,1236,1,and
6,1437,1248,1249,1,and
6,1438,1673,1674,3,a
6,1439,1392,1393,10,not_b
6,1440,861,862,5,b
6,1441,569,570,3,a
6,1442,803,804,5,b
6,1443,1291,1292,12,not_a
6,1444,487,488,6,xor
6,1445,1502,1503,10,not_b
6,1446,1596,1597,9,not_xor
6,1447,350,351,8,not_or
6,1448,1552,1553,5,b
6,1449,998,999,10,not_b
6,1450,1224,1225,3,a
6,1451,815,816,0,zero
6,1452,587,588,10,not_b
6,1453,1746,1747,10,not_b
6,1454,94,95,5,b
6,1455,1402,1403,5,b
6,1456,606,607,5,b
6,1457,1288,1289,13,implies
6,1458,640,641,9,not_xor
6,1459,1719,1720,3,a
6,1460,715,716,10,not_b
6,1461,590,591,5,b
6,1462,1093,1094,13,implies
6,1463,163,164,10,not_b
6,1464,746,747,5,b
6,1465,1689,1690,3,a
6,1466,1420,1421,4,not_implied_by
6,1467,1930,1931,10,not_b
6,1468,1029,1030,1,and
6,1469,1148,1149,10,not_b
6,1470,538,539,10,not_b
6,1471,1304,1305,3,a
6,1472,819,820,8,not_or
6,1473,912,913,13,implies
6,1474,218,219,5,b
6,1475,106,107,5,b
6,1476,1522,1523,3,a
6,1477,776,777,10,not_b
6,1478,1370,1371,10,not_b
6,1479,849,850,3,a
6,1480,1403,1404,15,one
6,1481,512,513,12,not_a
6,1482,1784,1785,12,not_a
6,1483,1040,1041,12,not_a
6,1484,1977,1978,8,not_or
6,1485,171,172,5,b
6,1486,380,381,12,not_a
6,1487,676,677,3,a
6,1488,1537,1538,10,not_b
6,1489,939,940,3,a
6,1490,102,103,10,not_b
6,1491,494,495,9,not_xor
6,1492,1268,1269,6,xor
6,1493,1188,1189,14,not_and
6,1494,522,523,7,or
6,1495,696,697,8,not_or
6,1496,430,431,3,a
6,1497,207,208,3,a
6,1498,1213,1214,5,b
6,1499,17,18,10,not_b
6,1500,734,735,2,not_implies
6,1501,377,378,9,not_xor
6,1502,59,60,1,and
6,1503,1506,1507,10,not_b
6,1504,1195,1196,9,not_xor
6,1505,1818,1819,12,not_a
6,1506,1265,1266,10,not_b
6,1507,630,631,12,not_a
6,1508,736,737,5,b
6,1509,1822,1823,9,not_xor
6,1510,1010,1011,14,not_and
6,1511,960,961,3,a
6,1512,908,909,9,not_xor
6,1513,1659,1660,9,not_xor
6,1514,74,75,6,xor
6,1515,689,690,6,xor
6,1516,1953,1954,5,b
6,1517,941,942,12,not_a
6,1518,651,652,4,not_implied_by
6,1519,622,623,12,not_a
6,1520,1913,1914,5,b
6,1521,1046,1047,12,not_a
6,1522,1150,1151,0,zero
6,1523,1458,1459,1,and
6,1524,1565,1566,6,xor
6,1525,754,755,7,or
6,1526,1980,1981,9,not_xor
6,1527,521,522,13,implies
6,1528,687,688,10,not_b
6,1529,896,897,8,not_or
6,1530,181,182,12,not_a
6,1531,1373,1374,12,not_a
6,1532,1259,1260,8,not_or
6,1533,1743,1744,5,b
6,1534,355,356,10,not_b
6,1535,1125,1126,8,not_or
6,1536,138,139,10,not_b
6,1537,881,882,10,not_b
6,1538,655,656,10,not_b
6,1539,1587,1588,12,not_a
6,1540,552,553,9,not_xor
6,1541,1639,1640,8,not_or
6,1542,1369,1370,12,not_a
6,1543,1567,1568,12,not_a
6,1544,962,963,12,not_a
6,1545,878,879,12,not_a
6,1546,1410,1411,9,not_xor
6,1547,1190,1191,1,and
6,1548,792,793,4,not_implied_by
6,1549,844,845,5,b
6,1550,1312,1313,10,not_b
6,1551,434,435,1,and
6,1552,357,358,13,implies
6,1553,1087,1088,9,not_xor
6,1554,708,709,10,not_b
6,1555,1349,1350,1,and
6,1556,1835,1836,1,and
6,1557,1146,1147,3,a
6,1558,1102,1103,9,not_xor
6,1559,747,748,9,not_xor
6,1560,582,583,12,not_a
6,1561,1137,1138,4,not_implied_by
6,1562,1091,1092,2,not_implies
6,1563,806,807,12,not_a
6,1564,112,113,9,not_xor
6,1565,1503,1504,5,b
6,1566,1637,1638,10,not_b
6,1567,1959,1960,3,a
6,1568,1439,1440,12,not_a
6,1569,1394,1395,12,not_a
6,1570,1869,1870,3,a
6,1571,1755,1756,10,not_b
6,1572,347,348,4,not_implied_by
6,1573,1440,1441,12,not_a
6,1574,882,883,10,not_b
6,1575,1234,1235,4,not_implied_by
6,1576,254,255,1,and
6,1577,290,291,3,a
6,1578,513,514,5,b
6,1579,144,145,3,a
6,1580,274,275,5,b
6,1581,1167,1168,3,a
6,1582,1918,1919,9,not_xor
6,1583,127,128,13,implies
6,1584,712,713,1,and
6,1585,624,625,3,a
6,1586,1946,1947,2,not_implies
6,1587,1942,1943,9,not_xor
6,1588,964,965,10,not_b
6,1589,619,620,5,b
6,1590,983,984,4,not_implied_by
6,1591,970,971,10,not_b
6,1592,1450,1451,14,not_and
6,1593,1760,1761,13,implies
6,1594,1945,1946,12,not_a
6,1595,134,135,5,b
6,1596,1380,1381,12,not_a
6,1597,1425,1426,10,not_b
6,1598,183,184,3,a
6,1599,41,42,10,not_b
6,1600,1514,1515,11,implied_by
6,1601,936,937,3,a
6,1602,363,364,2,not_implies
6,1603,42,43,9,not_xor
6,1604,1961,1962,13,implies
6,1605,393,394,10,not_b
6,1606,39,40,5,b
6,1607,1250,1251,12,not_a
6,1608,670,671,9,not_xor
6,1609,1408,1409,10,not_b
6,1610,1992,1993,10,not_b
6,1611,283,284,10,not_b
6,1612,1975,1976,9,not_xor
6,1613,1615,1616,11,implied_by
6,1614,851,852,7,or
6,1615,1510,1511,10,not_b
6,1616,947,948,11,implied_by
6,1617,272,273,5,b
6,1618,273,274,11,implied_by
6,1619,1916,1917,12,not_a
6,1620,1660,1661,12,not_a
6,1621,675,676,5,b
6,1622,1579,1580,9,not_xor
6,1623,279,280,5,b
6,1624,1688,1689,11,implied_by
6,1625,667,668,6,xor
6,1626,297,298,12,not_a
6,1627,1887,1888,10,not_b
6,1628,1014,1015,3,a
6,1629,894,895,12,not_a
6,1630,1848,1849,5,b
6,1631,1123,1124,12,not_a
6,1632,1269,1270,10,not_b
6,1633,729,730,15,one
6,1634,1365,1366,10,not_b
6,1635,1635,1636,8,not_or
6,1636,1736,1737,6,xor
6,1637,805,806,2,not_implies
6,1638,760,761,11,implied_by
6,1639,493,494,5,b
6,1640,1952,1953,9,not_xor
6,1641,1071,1072,10,not_b
6,1642,40,41,5,b
6,1643,953,954,7,or
6,1644,886,887,8,not_or
6,1645,1864,1865,3,a
6,1646,142,143,3,a
6,1647,616,617,12,not_a
6,1648,911,912,5,b
6,1649,1547,1548,1,and
6,1650,1067,1068,7,or
6,1651,8,9,1,and
6,1652,485,486,9,not_xor
6,1653,1282,1283,5,b
6,1654,1548,1549,3,a
6,1655,313,314,3,a
6,1656,1717,1718,10,not_b
6,1657,1382,1383,7,or
6,1658,1436,1437,10,not_b
6,1659,924,925,7,or
6,1660,356,357,13,implies
6,1661,1824,1825,10,not_b
6,1662,1591,1592,13,implies
6,1663,831,832,9,not_xor
6,1664,1197,1198,3,a
6,1665,1651,1652,6,xor
6,1666,1411,1412,11,implied_by
6,1667,1429,1430,11,implied_by
6,1668,602,603,4,not_implied_by
6,1669,1698,1699,5,b
6,1670,1052,1053,12,not_a
6,1671,701,702,9,not_xor
6,1672,848,849,8,not_or
6,1673,1463,1464,5,b
6,1674,1461,1462,3,a
6,1675,807,808,14,not_and
6,1676,975,976,10,not_b
6,1677,1208,1209,4,not_implied_by
6,1678,1170,1171,3,a
6,1679,1795,1796,5,b
6,1680,385,386,15,one
6,1681,1909,1910,6,xor
6,1682,573,574,6,xor
6,1683,1485,1486,3,a
6,1684,833,834,3,a
6,1685,1108,1109,10,not_b
6,1686,605,606,11,implied_by
6,1687,471,472,10,not_b
6,1688,978,979,13,implies
6,1689,1762,1763,3,a
6,1690,1976,1977,5,b
6,1691,159,160,6,xor
6,1692,1075,1076,5,b
6,1693,45,46,10,not_b
6,1694,787,788,3,a
6,1695,1371,1372,6,xor
6,1696,1744,1745,3,a
6,1697,1592,1593,6,xor
6,1698,1516,1517,11,implied_by
6,1699,1239,1240,3,a
6,1700,186,187,5,b
6,1701,367,368,12,not_a
6,1702,1624,1625,10,not_b
6,1703,1874,1875,1,and
6,1704,481,482,10,not_b
6,1705,1853,1854,5,b
6,1706,595,596,3,a
6,1707,320,321,5,b
6,1708,1791,1792,12,not_a
6,1709,750,751,12,not_a
6,1710,1815,1816,6,xor
6,1711,767,768,4,not_implied_by
6,1712,1080,1081,12,not_a
6,1713,203,204,3,a
6,1714,10,11,1,and
6,1715,1422,1423,5,b
6,1716,1182,1183,12,not_a
6,1717,1036,1037,10,not_b
6,1718,677,678,12,not_a
6,1719,226,227,6,xor
6,1720,856,857,8,not_or
6,1721,372,373,10,not_b
6,1722,1309,1310,5,b
6,1723,1792,1793,13,implies
6,1724,681,682,13,implies
6,1725,1308,1309,12,not_a
6,1726,1981,1982,3,a
6,1727,488,489,7,or
6,1728,643,644,5,b
6,1729,1445,1446,12,not_a
6,1730,120,121,3,a
6,1731,1406,1407,11,implied_by
6,1732,1311,1312,1,and
6,1733,1083,1084,10,not_b
6,1734,1620,1621,13,implies
6,1735,352,353,2,not_implies
6,1736,233,234,6,xor
6,1737,654,655,3,a
6,1738,11,12,9,not_xor
6,1739,435,436,7,or
6,1740,198,199,9,not_xor
6,1741,1498,1499,9,not_xor
6,1742,107,108,5,b
6,1743,1323,1324,10,not_b
6,1744,1694,1695,12,not_a
6,1745,1427,1428,2,not_implies
6,1746,633,634,10,not_b
6,1747,1428,1429,9,not_xor
6,1748,262,263,9,not_xor
6,1749,1839,1840,5,b
6,1750,1305,1306,15,one
6,1751,781,782,4,not_implied_by
6,1752,977,978,3,a
6,1753,1602,1603,6,xor
6,1754,188,189,6,xor
6,1755,1804,1805,10,not_b
6,1756,30,31,3,a
6,1757,15,16,12,not_a
6,1758,1798,1799,12,not_a
6,1759,1383,1384,9,not_xor
6,1760,1996,1997,5,b
6,1761,111,112,10,not_b
6,1762,593,594,4,not_implied_by
6,1763,658,659,3,a
6,1764,650,651,0,zero
6,1765,580,581,3,a
6,1766,1937,1938,10,not_b
6,1767,383,384,5,b
6,1768,985,986,10,not_b
6,1769,783,784,9,not_xor
6,1770,1109,1110,6,xor
6,1771,1978,1979,11,implied_by
6,1772,1276,1277,3,a
6,1773,1960,1961,14,not_and
6,1774,1279,1280,4,not_implied_by
6,1775,1875,1876,9,not_xor
6,1776,880,881,5,b
6,1777,1649,1650,2,not_implies
6,1778,940,941,9,not_xor
6,1779,1343,1344,14,not_and
6,1780,480,481,12,not_a
6,1781,579,580,3,a
6,1782,1106,1107,12,not_a
6,1783,961,962,14,not_and
6,1784,1797,1798,3,a
6,1785,170,171,5,b
6,1786,1914,1915,6,xor
6,1787,236,237,14,not_and
6,1788,1128,1129,5,b
6,1789,1759,1760,7,or
6,1790,1881,1882,6,xor
6,1791,761,762,10,not_b
6,1792,1775,1776,12,not_a
6,1793,509,510,12,not_a
6,1794,1346,1347,9,not_xor
6,1795,774,775,6,xor
6,1796,847,848,6,xor
6,1797,1577,1578,7,or
6,1798,871,872,11,implied_by
6,1799,345,346,3,a
6,1800,1779,1780,5,b
6,1801,554,555,3,a
6,1802,284,285,13,implies
6,1803,1910,1911,3,a
6,1804,1944,1945,10,not_b
6,1805,1939,1940,5,b
6,1806,1129,1130,5,b
6,1807,195,196,9,not_xor
6,1808,1158,1159,10,not_b
6,1809,1720,1721,10,not_b
6,1810,323,324,12,not_a
6,1811,1473,1474,5,b
6,1812,1009,1010,10,not_b
6,1813,1061,1062,1,and
6,1814,1936,1937,3,a
6,1815,373,374,9,not_xor
6,1816,648,649,5,b
6,1817,1415,1416,1,and
6,1818,133,134,3,a
6,1819,1613,1614,12,not_a
6,1820,1025,1026,10,not_b
6,1821,1627,1628,2,not_implies
6,1822,1396,1397,12,not_a
6,1823,657,658,9,not_xor
6,1824,243,244,1,and
6,1825,1378,1379,3,a
6,1826,600,601,5,b
6,1827,637,638,3,a
6,1828,241,242,5,b
6,1829,54,55,10,not_b
6,1830,1077,1078,5,b
6,1831,968,969,3,a
6,1832,4,5,0,zero
6,1833,870,871,14,not_and
6,1834,1456,1457,5,b
6,1835,534,535,8,not_or
6,1836,177,178,12,not_a
6,1837,560,561,8,not_or
6,1838,720,721,5,b
6,1839,1963,1964,12,not_a
6,1840,705,706,3,a
6,1841,777,778,4,not_implied_by
6,1842,404,405,5,b
6,1843,876,877,1,and
6,1844,479,480,7,or
6,1845,799,800,5,b
6,1846,1051,1052,7,or
6,1847,1493,1494,3,a
6,1848,1104,1105,10,not_b
6,1849,196,197,6,xor
6,1850,921,922,8,not_or
6,1851,1749,1750,10,not_b
6,1852,907,908,12,not_a
6,1853,149,150,12,not_a
6,1854,904,905,5,b
6,1855,557,558,3,a
6,1856,810,811,0,zero
6,1857,1237,1238,3,a
6,1858,169,170,5,b
6,1859,1521,1522,12,not_a
6,1860,495,496,10,not_b
6,1861,1171,1172,11,implied_by
6,1862,1327,1328,13,implies
6,1863,572,573,13,implies
6,1864,1882,1883,4,not_implied_by
6,1865,232,233,12,not_a
6,1866,567,568,9,not_xor
6,1867,991,992,3,a
6,1868,141,142,6,xor
6,1869,1344,1345,6,xor
6,1870,795,796,8,not_or
6,1871,229,230,12,not_a
6,1872,219,220,4,not_implied_by
6,1873,1286,1287,3,a
6,1874,972,973,13,implies
6,1875,1005,1006,11,implied_by
6,1876,1221,1222,12,not_a
6,1877,1747,1748,4,not_implied_by
6,1878,565,566,12,not_a
6,1879,1490,1491,8,not_or
6,1880,591,592,2,not_implies
6,1881,43,44,11,implied_by
6,1882,299,300,3,a
6,1883,1962,1963,0,zero
6,1884,1707,1708,5,b
6,1885,1966,1967,6,xor
6,1886,930,931,8,not_or
6,1887,1065,1066,5,b
6,1888,1121,1122,10,not_b
6,1889,594,595,14,not_and
6,1890,1147,1148,6,xor
6,1891,914,915,3,a
6,1892,1854,1855,5,b
6,1893,1400,1401,10,not_b
6,1894,428,429,12,not_a
6,1895,1006,1007,4,not_implied_by
6,1896,1326,1327,2,not_implies
6,1897,1783,1784,14,not_and
6,1898,474,475,11,implied_by
6,1899,1048,1049,7,or
6,1900,1090,1091,10,not_b
6,1901,1416,1417,1,and
6,1902,1058,1059,10,not_b
6,1903,293,294,12,not_a
6,1904,25,26,3,a
6,1905,1632,1633,5,b
6,1906,1003,1004,6,xor
6,1907,905,906,3,a
6,1908,400,401,10,not_b
6,1909,1156,1157,2,not_implies
6,1910,830,831,8,not_or
6,1911,153,154,8,not_or
6,1912,1350,1351,2,not_implies
6,1913,732,733,6,xor
6,1914,942,943,5,b
6,1915,1159,1160,12,not_a
6,1916,609,610,9,not_xor
6,1917,395,396,14,not_and
6,1918,1228,1229,3,a
6,1919,1329,1330,5,b
6,1920,1451,1452,5,b
6,1921,1313,1314,14,not_and
6,1922,1888,1889,3,a
6,1923,935,936,3,a
6,1924,1168,1169,12,not_a
6,1925,1767,1768,8,not_or
6,1926,510,511,5,b
6,1927,351,352,9,not_xor
6,1928,61,62,1,and
6,1929,788,789,12,not_a
6,1930,401,402,12,not_a
6,1931,758,759,8,not_or
6,1932,13,14,5,b
6,1933,1204,1205,13,implies
6,1934,99,100,11,implied_by
6,1935,1889,1890,7,or
6,1936,270,271,12,not_a
6,1937,1973,1974,5,b
6,1938,1671,1672,8,not_or
6,1939,108,109,13,implies
6,1940,1658,1659,9,not_xor
6,1941,1739,1740,5,b
6,1942,1264,1265,11,implied_by
6,1943,381,382,5,b
6,1944,733,734,3,a
6,1945,298,299,5,b
6,1946,566,567,6,xor
6,1947,1362,1363,13,implies
6,1948,1533,1534,6,xor
6,1949,549,550,2,not_implies
6,1950,456,457,10,not_b
6,1951,1421,1422,5,b
6,1952,1535,1536,9,not_xor
6,1953,70,71,5,b
6,1954,1281,1282,12,not_a
6,1955,276,277,10,not_b
6,1956,1684,1685,10,not_b
6,1957,118,119,8,not_or
6,1958,508,509,10,not_b
6,1959,1870,1871,2,not_implies
6,1960,955,956,12,not_a
6,1961,1558,1559,15,one
6,1962,438,439,10,not_b
6,1963,1133,1134,3,a
6,1964,1586,1587,12,not_a
6,1965,1737,1738,10,not_b
6,1966,1725,1726,12,not_a
6,1967,1387,1388,1,and
6,1968,1283,1284,5,b
6,1969,344,345,5,b
6,1970,1988,1989,1,and
6,1971,885,886,11,implied_by
6,1972,1181,1182,10,not_b
6,1973,1246,1247,3,a
6,1974,1774,1775,10,not_b
6,1975,1292,1293,7,or
6,1976,1097,1098,5,b
6,1977,431,432,2,not_implies
6,1978,418,419,3,a
6,1979,256,257,8,not_or
6,1980,1581,1582,3,a
6,1981,570,571,6,xor
6,1982,645,646,10,not_b
6,1983,1949,1950,4,not_implied_by
6,1984,1861,1862,12,not_a
6,1985,1274,1275,9,not_xor
6,1986,1203,1204,2,not_implies
6,1987,1528,1529,5,b
6,1988,702,703,8,not_or
6,1989,753,754,11,implied_by
6,1990,1101,1102,9,not_xor
6,1991,87,88,5,b
6,1992,1897,1898,5,b
6,1993,1957,1958,4,not_implied_by
6,1994,583,584,6,xor
6,1995,139,140,9,not_xor
6,1996,1272,1273,5,b
6,1997,184,185,5,b
6,1998,338,339,2,not_implies
6,1999,398,399,6,xor
