layer,neuron,input_a,input_b,gate_id,gate_name
1,0,308,313,8,not_or
1,1,376,377,3,a
1,2,561,565,6,xor
1,3,463,466,7,or
1,4,342,345,8,not_or
1,5,595,599,12,not_a
1,6,457,462,5,b
1,7,341,343,6,xor
1,8,532,534,9,not_xor
1,9,419,424,8,not_or
1,10,373,376,14,not_and
1,11,236,241,5,b
1,12,273,275,2,not_implies
1,13,349,351,3,a
1,14,476,481,5,b
1,15,670,673,9,not_xor
1,16,171,173,5,b
1,17,371,372,9,not_xor
1,18,165,170,13,implies
1,19,543,544,6,xor
1,20,695,697,8,not_or
1,21,635,639,5,b
1,22,751,755,2,not_implies
1,23,10,11,8,not_or
1,24,144,145,9,not_xor
1,25,227,232,7,or
1,26,13,17,5,b
1,27,101,103,8,not_or
1,28,545,547,12,not_a
1,29,244,248,5,b
1,30,540,545,9,not_xor
1,31,264,266,1,and
1,32,472,475,6,xor
1,33,44,48,3,a
1,34,761,764,10,not_b
1,35,335,340,11,implied_by
1,36,26,32,6,xor
1,37,506,507,8,not_or
1,38,714,717,7,or
1,39,644,645,15,one
1,40,423,427,8,not_or
1,41,322,327,8,not_or
1,42,80,81,6,xor
1,43,645,647,7,or
1,44,570,572,6,xor
1,45,750,754,12,not_a
1,46,165,169,7,or
1,47,96,97,8,not_or
1,48,299,300,10,not_b
1,49,748,753,3,a
1,50,50,52,2,not_implies
1,51,674,679,5,b
1,52,331,333,6,xor
1,53,660,664,5,b
1,54,45,46,8,not_or
1,55,59,65,3,a
1,56,178,183,7,or
1,57,579,582,13,implies
1,58,643,646,9,not_xor
1,59,220,224,13,implies
1,60,448,450,5,b
1,61,720,724,9,not_xor
1,62,708,710,9,not_xor
1,63,668,672,7,or
1,64,733,737,2,not_implies
1,65,625,627,7,or
1,66,184,188,1,and
1,67,316,320,3,a
1,68,690,695,2,not_implies
1,69,681,684,8,not_or
1,70,301,306,6,xor
1,71,782,783,6,xor
1,72,134,137,13,implies
1,73,97,100,7,or
1,74,410,415,9,not_xor
1,75,280,284,8,not_or
1,76,204,209,8,not_or
1,77,630,635,3,a
1,78,143,147,5,b
1,79,513,514,7,or
1,80,339,344,7,or
1,81,647,652,11,implied_by
1,82,430,434,2,not_implies
1,83,475,478,7,or
1,84,179,183,14,not_and
1,85,76,81,5,b
1,86,659,663,14,not_and
1,87,713,717,12,not_a
1,88,750,755,6,xor
1,89,3,9,11,implied_by
1,90,72,77,9,not_xor
1,91,13,19,2,not_implies
1,92,608,611,6,xor
1,93,32,38,7,or
1,94,231,233,8,not_or
1,95,53,54,3,a
1,96,257,258,3,a
1,97,336,338,9,not_xor
1,98,15,21,15,one
1,99,306,307,9,not_xor
1,100,33,39,9,not_xor
1,101,249,252,3,a
1,102,215,217,13,implies
1,103,770,775,13,implies
1,104,427,429,7,or
1,105,231,234,9,not_xor
1,106,285,288,9,not_xor
1,107,758,759,4,not_implied_by
1,108,240,243,9,not_xor
1,109,510,514,0,zero
1,110,10,13,1,and
1,111,47,48,8,not_or
1,112,211,216,7,or
1,113,652,657,1,and
1,114,3,4,2,not_implies
1,115,519,523,3,a
1,116,4,9,11,implied_by
1,117,713,715,11,implied_by
1,118,275,276,5,b
1,119,520,521,6,xor
1,120,575,580,10,not_b
1,121,204,206,3,a
1,122,374,379,6,xor
1,123,209,213,12,not_a
1,124,617,619,7,or
1,125,273,274,12,not_a
1,126,21,24,9,not_xor
1,127,569,571,8,not_or
1,128,739,743,3,a
1,129,69,74,8,not_or
1,130,60,65,4,not_implied_by
1,131,357,358,7,or
1,132,573,574,12,not_a
1,133,539,544,7,or
1,134,267,270,1,and
1,135,317,322,6,xor
1,136,697,699,9,not_xor
1,137,162,164,6,xor
1,138,28,34,10,not_b
1,139,703,707,9,not_xor
1,140,701,706,5,b
1,141,192,197,9,not_xor
1,142,741,745,3,a
1,143,546,549,13,implies
1,144,307,312,6,xor
1,145,467,471,8,not_or
1,146,417,421,7,or
1,147,550,553,6,xor
1,148,765,769,4,not_implied_by
1,149,235,236,11,implied_by
1,150,259,264,8,not_or
1,151,197,200,8,not_or
1,152,613,614,9,not_xor
1,153,629,633,7,or
1,154,188,189,10,not_b
1,155,352,353,8,not_or
1,156,479,484,5,b
1,157,215,220,8,not_or
1,158,366,371,9,not_xor
1,159,44,45,6,xor
1,160,583,588,10,not_b
1,161,401,404,12,not_a
1,162,145,150,9,not_xor
1,163,247,248,7,or
1,164,605,609,2,not_implies
1,165,680,684,9,not_xor
1,166,70,71,7,or
1,167,629,630,14,not_and
1,168,767,770,1,and
1,169,256,258,8,not_or
1,170,735,738,7,or
1,171,744,746,2,not_implies
1,172,313,318,8,not_or
1,173,753,758,0,zero
1,174,505,507,3,a
1,175,527,528,14,not_and
1,176,538,543,7,or
1,177,701,704,8,not_or
1,178,362,364,7,or
1,179,773,776,10,not_b
1,180,276,278,6,xor
1,181,152,156,4,not_implied_by
1,182,17,18,7,or
1,183,592,594,9,not_xor
1,184,70,76,12,not_a
1,185,133,136,8,not_or
1,186,580,585,8,not_or
1,187,19,21,12,not_a
1,188,554,557,1,and
1,189,168,173,9,not_xor
1,190,246,247,7,or
1,191,566,571,14,not_and
1,192,662,666,6,xor
1,193,724,728,3,a
1,194,63,67,4,not_implied_by
1,195,201,206,12,not_a
1,196,46,52,9,not_xor
1,197,640,643,7,or
1,198,27,28,15,one
1,199,723,728,6,xor
1,200,755,759,12,not_a
1,201,397,400,15,one
1,202,120,125,14,not_and
1,203,535,538,13,implies
1,204,745,750,9,not_xor
1,205,64,65,8,not_or
1,206,777,779,3,a
1,207,139,143,6,xor
1,208,88,90,8,not_or
1,209,449,451,7,or
1,210,620,622,13,implies
1,211,38,40,7,or
1,212,541,543,7,or
1,213,537,542,3,a
1,214,774,776,7,or
1,215,410,413,10,not_b
1,216,215,216,8,not_or
1,217,537,539,1,and
1,218,661,665,5,b
1,219,616,617,11,implied_by
1,220,429,432,9,not_xor
1,221,610,615,12,not_a
1,222,767,772,3,a
1,223,101,102,8,not_or
1,224,775,776,6,xor
1,225,698,702,1,and
1,226,732,737,0,zero
1,227,616,621,5,b
1,228,59,60,1,and
1,229,736,737,7,or
1,230,211,212,14,not_and
1,231,194,196,3,a
1,232,76,77,12,not_a
1,233,351,354,7,or
1,234,316,317,7,or
1,235,538,541,7,or
1,236,353,357,6,xor
1,237,9,14,10,not_b
1,238,528,531,7,or
1,239,630,633,12,not_a
1,240,471,476,5,b
1,241,184,186,12,not_a
1,242,370,375,10,not_b
1,243,702,707,7,or
1,244,223,226,10,not_b
1,245,200,203,11,implied_by
1,246,130,131,12,not_a
1,247,504,507,11,implied_by
1,248,585,587,8,not_or
1,249,672,673,7,or
1,250,768,770,0,zero
1,251,147,150,7,or
1,252,572,575,13,implies
1,253,720,725,8,not_or
1,254,41,45,6,xor
1,255,636,638,1,and
1,256,624,629,6,xor
1,257,437,439,12,not_a
1,258,434,436,6,xor
1,259,563,566,5,b
1,260,429,430,8,not_or
1,261,210,212,7,or
1,262,575,576,9,not_xor
1,263,185,187,4,not_implied_by
1,264,462,467,8,not_or
1,265,358,361,7,or
1,266,580,582,9,not_xor
1,267,154,159,7,or
1,268,610,612,6,xor
1,269,382,383,4,not_implied_by
1,270,354,359,7,or
1,271,252,256,7,or
1,272,497,500,14,not_and
1,273,523,524,1,and
1,274,760,762,10,not_b
1,275,178,181,9,not_xor
1,276,508,510,6,xor
1,277,581,583,6,xor
1,278,661,666,6,xor
1,279,169,173,2,not_implies
1,280,151,155,3,a
1,281,350,355,6,xor
1,282,711,715,9,not_xor
1,283,225,227,0,zero
1,284,487,491,11,implied_by
1,285,272,277,14,not_and
1,286,175,177,7,or
1,287,109,114,14,not_and
1,288,392,393,15,one
1,289,556,558,7,or
1,290,226,228,8,not_or
1,291,2,7,8,not_or
1,292,456,461,6,xor
1,293,347,351,2,not_implies
1,294,484,486,4,not_implied_by
1,295,502,503,0,zero
1,296,370,373,4,not_implied_by
1,297,718,721,14,not_and
1,298,740,741,8,not_or
1,299,654,659,10,not_b
1,300,322,323,11,implied_by
1,301,528,532,0,zero
1,302,214,215,7,or
1,303,560,565,3,a
1,304,638,643,3,a
1,305,423,425,9,not_xor
1,306,682,683,10,not_b
1,307,522,523,1,and
1,308,612,614,3,a
1,309,376,379,1,and
1,310,636,637,6,xor
1,311,79,80,8,not_or
1,312,480,483,0,zero
1,313,213,216,8,not_or
1,314,466,469,9,not_xor
1,315,780,783,12,not_a
1,316,158,160,11,implied_by
1,317,469,472,3,a
1,318,132,137,6,xor
1,319,195,198,0,zero
1,320,220,223,7,or
1,321,772,775,1,and
1,322,153,156,8,not_or
1,323,281,283,13,implies
1,324,774,775,9,not_xor
1,325,573,578,7,or
1,326,31,34,12,not_a
1,327,657,659,9,not_xor
1,328,230,234,7,or
1,329,737,738,7,or
1,330,347,349,3,a
1,331,193,194,9,not_xor
1,332,644,647,6,xor
1,333,639,642,6,xor
1,334,161,165,3,a
1,335,630,634,6,xor
1,336,20,21,14,not_and
1,337,712,717,9,not_xor
1,338,279,281,8,not_or
1,339,601,604,6,xor
1,340,429,431,3,a
1,341,252,253,15,one
1,342,664,668,5,b
1,343,754,755,10,not_b
1,344,495,498,3,a
1,345,496,501,6,xor
1,346,637,638,7,or
1,347,40,42,7,or
1,348,113,116,10,not_b
1,349,37,41,8,not_or
1,350,77,81,2,not_implies
1,351,506,510,10,not_b
1,352,26,28,8,not_or
1,353,731,735,1,and
1,354,543,548,3,a
1,355,651,654,7,or
1,356,325,330,3,a
1,357,180,182,3,a
1,358,625,626,10,not_b
1,359,55,56,1,and
1,360,154,158,7,or
1,361,550,554,13,implies
1,362,606,610,5,b
1,363,608,612,3,a
1,364,417,420,7,or
1,365,637,642,8,not_or
1,366,203,208,5,b
1,367,326,328,12,not_a
1,368,102,105,0,zero
1,369,63,65,12,not_a
1,370,29,35,9,not_xor
1,371,714,716,1,and
1,372,277,281,7,or
1,373,668,669,10,not_b
1,374,632,636,5,b
1,375,308,312,6,xor
1,376,67,68,8,not_or
1,377,71,73,8,not_or
1,378,634,636,9,not_xor
1,379,729,730,4,not_implied_by
1,380,525,527,13,implies
1,381,759,761,10,not_b
1,382,619,623,3,a
1,383,144,148,11,implied_by
1,384,363,368,3,a
1,385,176,181,12,not_a
1,386,422,424,1,and
1,387,595,600,3,a
1,388,103,107,9,not_xor
1,389,264,267,5,b
1,390,281,282,6,xor
1,391,267,268,13,implies
1,392,123,125,8,not_or
1,393,219,221,1,and
1,394,705,706,11,implied_by
1,395,480,485,3,a
1,396,744,749,6,xor
1,397,74,75,7,or
1,398,55,59,8,not_or
1,399,488,491,13,implies
1,400,57,59,7,or
1,401,79,81,5,b
1,402,489,490,8,not_or
1,403,478,480,6,xor
1,404,472,477,13,implies
1,405,3,7,3,a
1,406,768,769,8,not_or
1,407,678,680,12,not_a
1,408,183,187,9,not_xor
1,409,318,319,9,not_xor
1,410,596,598,7,or
1,411,21,27,8,not_or
1,412,728,729,8,not_or
1,413,57,63,6,xor
1,414,496,500,12,not_a
1,415,75,76,11,implied_by
1,416,156,158,9,not_xor
1,417,46,50,6,xor
1,418,309,314,7,or
1,419,594,595,9,not_xor
1,420,389,393,2,not_implies
1,421,440,442,12,not_a
1,422,272,276,2,not_implies
1,423,122,124,10,not_b
1,424,247,249,0,zero
1,425,46,49,2,not_implies
1,426,737,741,7,or
1,427,706,707,7,or
1,428,679,680,8,not_or
1,429,252,255,5,b
1,430,558,562,7,or
1,431,581,582,6,xor
1,432,127,130,12,not_a
1,433,253,256,14,not_and
1,434,426,429,6,xor
1,435,316,321,3,a
1,436,677,678,14,not_and
1,437,587,591,4,not_implied_by
1,438,775,779,5,b
1,439,572,576,8,not_or
1,440,165,166,6,xor
1,441,470,473,9,not_xor
1,442,138,141,12,not_a
1,443,619,621,8,not_or
1,444,188,190,5,b
1,445,349,354,15,one
1,446,296,297,1,and
1,447,605,607,11,implied_by
1,448,393,395,6,xor
1,449,285,290,8,not_or
1,450,712,715,5,b
1,451,8,10,5,b
1,452,317,318,8,not_or
1,453,401,405,3,a
1,454,192,195,3,a
1,455,114,117,6,xor
1,456,173,176,8,not_or
1,457,418,422,8,not_or
1,458,196,197,10,not_b
1,459,333,335,8,not_or
1,460,620,624,3,a
1,461,224,228,5,b
1,462,685,690,10,not_b
1,463,539,543,3,a
1,464,771,774,6,xor
1,465,643,644,15,one
1,466,46,51,9,not_xor
1,467,318,322,3,a
1,468,711,712,2,not_implies
1,469,766,770,2,not_implies
1,470,760,764,5,b
1,471,589,590,11,implied_by
1,472,452,453,7,or
1,473,546,547,3,a
1,474,690,694,5,b
1,475,468,469,10,not_b
1,476,245,246,4,not_implied_by
1,477,265,268,10,not_b
1,478,429,433,10,not_b
1,479,540,542,6,xor
1,480,555,556,3,a
1,481,255,259,9,not_xor
1,482,7,12,7,or
1,483,703,704,5,b
1,484,471,474,8,not_or
1,485,25,29,13,implies
1,486,421,422,1,and
1,487,599,600,12,not_a
1,488,198,201,13,implies
1,489,38,41,14,not_and
1,490,698,701,5,b
1,491,228,233,7,or
1,492,618,620,4,not_implied_by
1,493,321,326,7,or
1,494,26,30,0,zero
1,495,286,287,3,a
1,496,369,373,7,or
1,497,1,2,3,a
1,498,182,184,3,a
1,499,155,156,14,not_and
1,500,771,775,10,not_b
1,501,405,407,7,or
1,502,218,220,2,not_implies
1,503,566,569,10,not_b
1,504,672,676,5,b
1,505,96,100,8,not_or
1,506,535,536,9,not_xor
1,507,47,50,7,or
1,508,106,108,8,not_or
1,509,614,618,0,zero
1,510,687,690,5,b
1,511,583,584,7,or
1,512,514,515,3,a
1,513,591,594,2,not_implies
1,514,545,546,14,not_and
1,515,158,161,7,or
1,516,228,232,7,or
1,517,142,145,8,not_or
1,518,444,447,12,not_a
1,519,359,361,12,not_a
1,520,346,348,4,not_implied_by
1,521,74,76,10,not_b
1,522,673,674,0,zero
1,523,452,456,10,not_b
1,524,183,184,12,not_a
1,525,30,31,12,not_a
1,526,778,779,6,xor
1,527,141,145,4,not_implied_by
1,528,316,318,3,a
1,529,279,283,11,implied_by
1,530,40,41,8,not_or
1,531,307,311,5,b
1,532,669,672,12,not_a
1,533,623,625,5,b
1,534,405,410,12,not_a
1,535,440,444,5,b
1,536,107,112,12,not_a
1,537,753,755,3,a
1,538,214,218,6,xor
1,539,563,564,14,not_and
1,540,589,594,8,not_or
1,541,581,586,6,xor
1,542,81,83,11,implied_by
1,543,459,464,11,implied_by
1,544,212,215,7,or
1,545,259,263,6,xor
1,546,134,135,8,not_or
1,547,779,781,5,b
1,548,282,283,8,not_or
1,549,128,129,13,implies
1,550,94,97,6,xor
1,551,162,165,3,a
1,552,396,401,6,xor
1,553,516,521,5,b
1,554,115,117,6,xor
1,555,399,400,4,not_implied_by
1,556,609,613,12,not_a
1,557,81,87,7,or
1,558,57,58,11,implied_by
1,559,448,451,9,not_xor
1,560,571,572,8,not_or
1,561,713,716,3,a
1,562,471,475,1,and
1,563,25,28,10,not_b
1,564,682,686,7,or
1,565,204,207,8,not_or
1,566,473,476,8,not_or
1,567,253,257,8,not_or
1,568,85,86,8,not_or
1,569,198,203,10,not_b
1,570,592,596,9,not_xor
1,571,116,118,2,not_implies
1,572,647,650,7,or
1,573,247,252,3,a
1,574,569,570,6,xor
1,575,440,443,1,and
1,576,572,573,12,not_a
1,577,445,447,8,not_or
1,578,279,282,7,or
1,579,321,324,8,not_or
1,580,92,97,9,not_xor
1,581,334,337,8,not_or
1,582,602,604,10,not_b
1,583,10,15,9,not_xor
1,584,569,574,1,and
1,585,169,170,2,not_implies
1,586,86,87,10,not_b
1,587,358,363,8,not_or
1,588,293,296,12,not_a
1,589,305,308,0,zero
1,590,382,387,4,not_implied_by
1,591,363,365,7,or
1,592,765,766,10,not_b
1,593,170,173,7,or
1,594,89,95,8,not_or
1,595,139,144,14,not_and
1,596,518,519,9,not_xor
1,597,80,84,13,implies
1,598,646,649,11,implied_by
1,599,350,352,15,one
1,600,671,672,14,not_and
1,601,526,531,12,not_a
1,602,208,211,12,not_a
1,603,716,720,5,b
1,604,434,437,5,b
1,605,330,335,3,a
1,606,747,748,8,not_or
1,607,505,510,5,b
1,608,485,487,15,one
1,609,512,517,3,a
1,610,222,224,5,b
1,611,388,392,2,not_implies
1,612,160,165,13,implies
1,613,707,712,4,not_implied_by
1,614,75,80,2,not_implies
1,615,78,82,0,zero
1,616,199,203,8,not_or
1,617,513,517,10,not_b
1,618,720,723,11,implied_by
1,619,495,500,2,not_implies
1,620,562,566,10,not_b
1,621,566,567,13,implies
1,622,232,236,6,xor
1,623,4,10,9,not_xor
1,624,666,671,13,implies
1,625,475,477,14,not_and
1,626,304,307,15,one
1,627,517,520,1,and
1,628,776,780,14,not_and
1,629,597,602,10,not_b
1,630,75,77,4,not_implied_by
1,631,166,168,1,and
1,632,649,650,6,xor
1,633,235,239,3,a
1,634,659,661,9,not_xor
1,635,563,567,7,or
1,636,378,381,4,not_implied_by
1,637,88,93,8,not_or
1,638,283,285,13,implies
1,639,607,608,7,or
1,640,504,509,14,not_and
1,641,318,320,1,and
1,642,380,382,10,not_b
1,643,411,413,12,not_a
1,644,173,177,12,not_a
1,645,165,167,9,not_xor
1,646,594,598,14,not_and
1,647,157,162,2,not_implies
1,648,480,482,6,xor
1,649,461,466,8,not_or
1,650,114,119,10,not_b
1,651,344,347,6,xor
1,652,310,314,9,not_xor
1,653,436,437,8,not_or
1,654,392,397,10,not_b
1,655,746,751,12,not_a
1,656,536,540,14,not_and
1,657,329,332,14,not_and
1,658,454,457,5,b
1,659,147,148,4,not_implied_by
1,660,486,491,1,and
1,661,606,608,12,not_a
1,662,321,325,14,not_and
1,663,453,457,1,and
1,664,39,45,7,or
1,665,689,693,7,or
1,666,547,552,8,not_or
1,667,91,92,5,b
1,668,599,602,8,not_or
1,669,146,150,10,not_b
1,670,234,235,7,or
1,671,184,185,10,not_b
1,672,483,488,3,a
1,673,398,401,9,not_xor
1,674,713,718,3,a
1,675,63,66,7,or
1,676,658,661,6,xor
1,677,432,436,14,not_and
1,678,66,67,4,not_implied_by
1,679,468,473,5,b
1,680,402,404,7,or
1,681,153,157,8,not_or
1,682,746,747,8,not_or
1,683,52,53,12,not_a
1,684,329,333,14,not_and
1,685,711,714,13,implies
1,686,779,780,8,not_or
1,687,77,79,3,a
1,688,240,245,14,not_and
1,689,604,608,14,not_and
1,690,504,505,2,not_implies
1,691,48,52,9,not_xor
1,692,300,303,5,b
1,693,593,594,9,not_xor
1,694,730,735,6,xor
1,695,268,270,1,and
1,696,258,263,3,a
1,697,104,109,9,not_xor
1,698,444,449,6,xor
1,699,693,694,1,and
1,700,551,553,9,not_xor
1,701,72,76,8,not_or
1,702,628,631,14,not_and
1,703,371,373,8,not_or
1,704,209,212,1,and
1,705,58,60,6,xor
1,706,61,64,8,not_or
1,707,756,758,12,not_a
1,708,379,382,11,implied_by
1,709,340,343,7,or
1,710,318,321,4,not_implied_by
1,711,36,40,11,implied_by
1,712,403,405,10,not_b
1,713,202,206,11,implied_by
1,714,527,531,13,implies
1,715,749,753,6,xor
1,716,529,532,10,not_b
1,717,593,596,14,not_and
1,718,544,545,1,and
1,719,658,663,10,not_b
1,720,309,310,7,or
1,721,171,176,12,not_a
1,722,110,114,4,not_implied_by
1,723,262,264,7,or
1,724,663,668,5,b
1,725,425,430,9,not_xor
1,726,337,339,8,not_or
1,727,641,642,15,one
1,728,108,109,4,not_implied_by
1,729,752,757,10,not_b
1,730,312,313,7,or
1,731,461,462,8,not_or
1,732,600,604,3,a
1,733,280,283,8,not_or
1,734,320,325,6,xor
1,735,360,364,7,or
1,736,551,554,8,not_or
1,737,108,112,6,xor
1,738,541,546,13,implies
1,739,376,380,8,not_or
1,740,769,771,8,not_or
1,741,316,319,9,not_xor
1,742,589,593,13,implies
1,743,344,346,12,not_a
1,744,504,506,8,not_or
1,745,286,290,10,not_b
1,746,136,139,14,not_and
1,747,591,593,2,not_implies
1,748,677,680,13,implies
1,749,123,127,9,not_xor
1,750,62,65,7,or
1,751,474,475,6,xor
1,752,90,94,9,not_xor
1,753,1,4,3,a
1,754,598,601,6,xor
1,755,56,61,11,implied_by
1,756,490,492,8,not_or
1,757,689,690,7,or
1,758,665,668,10,not_b
1,759,283,286,9,not_xor
1,760,238,239,14,not_and
1,761,179,180,7,or
1,762,435,440,2,not_implies
1,763,548,549,8,not_or
1,764,172,175,3,a
1,765,624,628,1,and
1,766,757,761,14,not_and
1,767,208,212,3,a
1,768,295,296,6,xor
1,769,230,233,8,not_or
1,770,61,62,4,not_implied_by
1,771,587,592,3,a
1,772,307,309,4,not_implied_by
1,773,441,442,8,not_or
1,774,726,731,6,xor
1,775,21,26,2,not_implies
1,776,205,207,8,not_or
1,777,311,316,6,xor
1,778,72,78,11,implied_by
1,779,762,763,12,not_a
1,780,358,362,13,implies
1,781,203,207,0,zero
1,782,182,185,9,not_xor
1,783,761,762,9,not_xor
1,784,668,673,4,not_implied_by
1,785,39,42,7,or
1,786,340,342,7,or
1,787,469,470,8,not_or
1,788,55,58,12,not_a
1,789,437,438,12,not_a
1,790,31,37,9,not_xor
1,791,74,78,7,or
1,792,447,450,7,or
1,793,372,374,1,and
1,794,742,743,1,and
1,795,233,237,10,not_b
1,796,627,631,9,not_xor
1,797,343,346,7,or
1,798,188,191,10,not_b
1,799,251,256,4,not_implied_by
1,800,5,10,6,xor
1,801,460,465,6,xor
1,802,260,265,10,not_b
1,803,430,432,3,a
1,804,684,688,6,xor
1,805,579,581,11,implied_by
1,806,366,367,9,not_xor
1,807,78,81,2,not_implies
1,808,688,691,1,and
1,809,717,718,9,not_xor
1,810,652,655,7,or
1,811,586,588,12,not_a
1,812,416,419,13,implies
1,813,29,32,13,implies
1,814,41,43,8,not_or
1,815,637,639,4,not_implied_by
1,816,380,385,9,not_xor
1,817,99,101,5,b
1,818,241,244,6,xor
1,819,329,330,3,a
1,820,328,333,1,and
1,821,148,151,1,and
1,822,268,271,10,not_b
1,823,622,623,6,xor
1,824,139,141,7,or
1,825,158,162,13,implies
1,826,758,763,8,not_or
1,827,252,254,3,a
1,828,464,467,13,implies
1,829,555,559,8,not_or
1,830,351,355,5,b
1,831,668,670,5,b
1,832,55,57,8,not_or
1,833,222,225,8,not_or
1,834,508,511,1,and
1,835,278,279,12,not_a
1,836,443,448,11,implied_by
1,837,566,570,9,not_xor
1,838,302,306,6,xor
1,839,728,730,12,not_a
1,840,442,445,3,a
1,841,42,45,10,not_b
1,842,28,33,0,zero
1,843,109,110,2,not_implies
1,844,714,719,12,not_a
1,845,130,134,12,not_a
1,846,722,727,5,b
1,847,632,634,1,and
1,848,262,267,12,not_a
1,849,749,754,8,not_or
1,850,467,468,3,a
1,851,408,411,4,not_implied_by
1,852,268,272,9,not_xor
1,853,93,94,7,or
1,854,413,415,8,not_or
1,855,192,193,2,not_implies
1,856,752,756,7,or
1,857,296,301,9,not_xor
1,858,342,347,14,not_and
1,859,751,753,6,xor
1,860,217,221,6,xor
1,861,367,372,5,b
1,862,51,55,15,one
1,863,331,336,2,not_implies
1,864,556,560,7,or
1,865,692,694,15,one
1,866,663,664,14,not_and
1,867,263,268,1,and
1,868,530,531,15,one
1,869,35,39,9,not_xor
1,870,401,406,6,xor
1,871,270,271,10,not_b
1,872,641,644,3,a
1,873,574,579,0,zero
1,874,514,518,10,not_b
1,875,672,674,10,not_b
1,876,708,709,1,and
1,877,743,744,8,not_or
1,878,400,401,14,not_and
1,879,428,431,6,xor
1,880,152,157,10,not_b
1,881,675,676,8,not_or
1,882,39,43,14,not_and
1,883,443,444,12,not_a
1,884,476,480,13,implies
1,885,705,708,13,implies
1,886,167,169,15,one
1,887,646,648,9,not_xor
1,888,115,120,7,or
1,889,418,421,8,not_or
1,890,37,39,6,xor
1,891,1,3,4,not_implied_by
1,892,81,86,12,not_a
1,893,136,138,9,not_xor
1,894,204,208,14,not_and
1,895,23,29,10,not_b
1,896,635,640,9,not_xor
1,897,137,138,7,or
1,898,77,83,13,implies
1,899,221,223,12,not_a
1,900,775,778,12,not_a
1,901,423,428,12,not_a
1,902,730,731,0,zero
1,903,391,395,12,not_a
1,904,42,47,3,a
1,905,125,127,12,not_a
1,906,390,392,7,or
1,907,387,389,8,not_or
1,908,28,30,8,not_or
1,909,250,251,8,not_or
1,910,543,546,8,not_or
1,911,285,287,7,or
1,912,328,332,4,not_implied_by
1,913,111,112,15,one
1,914,655,657,4,not_implied_by
1,915,724,725,8,not_or
1,916,186,187,7,or
1,917,725,727,6,xor
1,918,609,612,12,not_a
1,919,710,711,7,or
1,920,343,347,9,not_xor
1,921,87,90,2,not_implies
1,922,353,356,14,not_and
1,923,657,660,3,a
1,924,625,628,14,not_and
1,925,233,235,8,not_or
1,926,649,652,6,xor
1,927,491,494,6,xor
1,928,228,230,0,zero
1,929,248,251,3,a
1,930,90,92,8,not_or
1,931,699,701,14,not_and
1,932,505,508,5,b
1,933,534,535,12,not_a
1,934,80,85,7,or
1,935,207,210,10,not_b
1,936,338,341,8,not_or
1,937,42,43,14,not_and
1,938,368,370,10,not_b
1,939,65,69,9,not_xor
1,940,217,218,8,not_or
1,941,386,391,3,a
1,942,284,285,8,not_or
1,943,390,391,7,or
1,944,401,403,8,not_or
1,945,202,207,7,or
1,946,544,547,4,not_implied_by
1,947,497,502,13,implies
1,948,196,199,3,a
1,949,291,293,14,not_and
1,950,51,56,3,a
1,951,211,213,9,not_xor
1,952,374,377,12,not_a
1,953,11,16,1,and
1,954,128,133,2,not_implies
1,955,99,103,5,b
1,956,672,675,11,implied_by
1,957,426,428,9,not_xor
1,958,575,579,4,not_implied_by
1,959,693,695,6,xor
1,960,698,699,9,not_xor
1,961,232,235,8,not_or
1,962,369,374,3,a
1,963,621,624,7,or
1,964,727,731,3,a
1,965,15,16,7,or
1,966,432,435,14,not_and
1,967,700,705,5,b
1,968,51,54,10,not_b
1,969,249,254,3,a
1,970,21,22,2,not_implies
1,971,59,61,0,zero
1,972,169,171,4,not_implied_by
1,973,501,506,7,or
1,974,718,722,12,not_a
1,975,282,285,1,and
1,976,369,371,8,not_or
1,977,706,709,9,not_xor
1,978,766,768,9,not_xor
1,979,222,226,9,not_xor
1,980,433,438,10,not_b
1,981,119,120,12,not_a
1,982,648,650,12,not_a
1,983,499,501,7,or
1,984,78,80,13,implies
1,985,97,102,8,not_or
1,986,734,738,5,b
1,987,684,686,9,not_xor
1,988,36,38,8,not_or
1,989,457,459,1,and
1,990,736,741,4,not_implied_by
1,991,688,692,7,or
1,992,612,616,7,or
1,993,721,725,12,not_a
1,994,280,281,8,not_or
1,995,709,713,8,not_or
1,996,375,377,12,not_a
1,997,404,405,6,xor
1,998,448,452,8,not_or
1,999,6,9,5,b
1,1000,538,542,12,not_a
1,1001,557,558,1,and
1,1002,155,157,7,or
1,1003,176,179,5,b
1,1004,77,80,6,xor
1,1005,638,639,12,not_a
1,1006,50,54,2,not_implies
1,1007,94,100,3,a
1,1008,30,32,14,not_and
1,1009,411,415,14,not_and
1,1010,284,288,10,not_b
1,1011,767,768,4,not_implied_by
1,1012,587,590,7,or
1,1013,195,197,13,implies
1,1014,486,488,12,not_a
1,1015,187,192,10,not_b
1,1016,557,562,2,not_implies
1,1017,481,483,9,not_xor
1,1018,307,310,7,or
1,1019,120,124,1,and
1,1020,600,601,6,xor
1,1021,175,179,7,or
1,1022,373,377,8,not_or
1,1023,467,470,7,or
1,1024,105,107,10,not_b
1,1025,503,507,1,and
1,1026,699,700,7,or
1,1027,169,172,9,not_xor
1,1028,658,659,14,not_and
1,1029,179,184,10,not_b
1,1030,759,764,1,and
1,1031,667,670,12,not_a
1,1032,60,64,8,not_or
1,1033,632,637,10,not_b
1,1034,210,211,7,or
1,1035,568,572,14,not_and
1,1036,108,113,7,or
1,1037,584,586,6,xor
1,1038,749,751,13,implies
1,1039,630,631,7,or
1,1040,531,532,5,b
1,1041,507,509,6,xor
1,1042,652,656,8,not_or
1,1043,130,135,8,not_or
1,1044,192,194,3,a
1,1045,129,134,2,not_implies
1,1046,345,347,14,not_and
1,1047,758,762,11,implied_by
1,1048,166,171,6,xor
1,1049,773,775,7,or
1,1050,16,20,13,implies
1,1051,608,613,10,not_b
1,1052,304,308,2,not_implies
1,1053,218,223,10,not_b
1,1054,5,7,8,not_or
1,1055,55,60,15,one
1,1056,37,40,4,not_implied_by
1,1057,763,768,3,a
1,1058,4,6,6,xor
1,1059,577,582,5,b
1,1060,594,596,14,not_and
1,1061,716,718,7,or
1,1062,84,88,13,implies
1,1063,157,159,2,not_implies
1,1064,487,488,3,a
1,1065,261,263,14,not_and
1,1066,235,237,3,a
1,1067,529,534,2,not_implies
1,1068,18,23,2,not_implies
1,1069,268,273,5,b
1,1070,691,696,2,not_implies
1,1071,477,479,4,not_implied_by
1,1072,419,420,2,not_implies
1,1073,286,291,3,a
1,1074,615,620,9,not_xor
1,1075,297,301,11,implied_by
1,1076,272,275,6,xor
1,1077,264,268,9,not_xor
1,1078,586,587,4,not_implied_by
1,1079,744,747,7,or
1,1080,526,529,8,not_or
1,1081,735,739,5,b
1,1082,771,776,4,not_implied_by
1,1083,607,611,10,not_b
1,1084,288,290,9,not_xor
1,1085,638,641,6,xor
1,1086,550,552,6,xor
1,1087,84,90,8,not_or
1,1088,223,227,5,b
1,1089,213,214,1,and
1,1090,125,129,2,not_implies
1,1091,667,668,8,not_or
1,1092,207,211,1,and
1,1093,644,649,11,implied_by
1,1094,55,61,15,one
1,1095,26,27,0,zero
1,1096,464,465,9,not_xor
1,1097,219,224,2,not_implies
1,1098,321,323,6,xor
1,1099,748,751,3,a
1,1100,186,188,2,not_implies
1,1101,18,22,9,not_xor
1,1102,404,408,13,implies
1,1103,84,89,11,implied_by
1,1104,347,348,0,zero
1,1105,261,264,8,not_or
1,1106,18,24,12,not_a
1,1107,755,756,8,not_or
1,1108,294,298,5,b
1,1109,89,93,15,one
1,1110,751,752,5,b
1,1111,573,575,8,not_or
1,1112,555,560,9,not_xor
1,1113,23,28,5,b
1,1114,624,626,7,or
1,1115,428,432,3,a
1,1116,593,595,6,xor
1,1117,306,310,12,not_a
1,1118,221,222,6,xor
1,1119,576,577,7,or
1,1120,14,15,12,not_a
1,1121,633,637,5,b
1,1122,526,527,3,a
1,1123,52,58,14,not_and
1,1124,342,344,8,not_or
1,1125,360,365,10,not_b
1,1126,414,416,13,implies
1,1127,82,88,14,not_and
1,1128,738,741,6,xor
1,1129,88,89,2,not_implies
1,1130,2,6,14,not_and
1,1131,277,279,13,implies
1,1132,94,99,10,not_b
1,1133,410,414,10,not_b
1,1134,9,11,15,one
1,1135,27,29,13,implies
1,1136,112,113,10,not_b
1,1137,175,180,12,not_a
1,1138,307,308,1,and
1,1139,654,657,14,not_and
1,1140,319,321,14,not_and
1,1141,591,592,4,not_implied_by
1,1142,396,399,6,xor
1,1143,670,672,2,not_implies
1,1144,610,613,9,not_xor
1,1145,54,55,0,zero
1,1146,306,309,8,not_or
1,1147,36,41,4,not_implied_by
1,1148,397,401,11,implied_by
1,1149,497,498,3,a
1,1150,532,533,4,not_implied_by
1,1151,103,105,2,not_implies
1,1152,406,407,12,not_a
1,1153,314,317,7,or
1,1154,608,610,10,not_b
1,1155,95,99,4,not_implied_by
1,1156,774,779,8,not_or
1,1157,193,198,12,not_a
1,1158,535,540,5,b
1,1159,176,177,5,b
1,1160,766,767,9,not_xor
1,1161,477,482,4,not_implied_by
1,1162,109,111,8,not_or
1,1163,153,154,8,not_or
1,1164,194,198,12,not_a
1,1165,365,367,9,not_xor
1,1166,607,612,3,a
1,1167,305,306,6,xor
1,1168,179,181,7,or
1,1169,113,114,14,not_and
1,1170,113,118,6,xor
1,1171,280,285,6,xor
1,1172,291,294,4,not_implied_by
1,1173,278,283,12,not_a
1,1174,14,19,2,not_implies
1,1175,193,197,6,xor
1,1176,665,666,12,not_a
1,1177,327,332,12,not_a
1,1178,732,736,9,not_xor
1,1179,597,600,2,not_implies
1,1180,579,580,6,xor
1,1181,155,158,4,not_implied_by
1,1182,197,202,8,not_or
1,1183,542,546,1,and
1,1184,346,350,14,not_and
1,1185,406,410,3,a
1,1186,324,325,12,not_a
1,1187,214,219,10,not_b
1,1188,354,355,14,not_and
1,1189,270,274,6,xor
1,1190,474,477,6,xor
1,1191,274,277,0,zero
1,1192,675,677,10,not_b
1,1193,492,494,13,implies
1,1194,68,73,6,xor
1,1195,435,437,6,xor
1,1196,374,375,7,or
1,1197,542,543,7,or
1,1198,454,458,5,b
1,1199,421,423,8,not_or
1,1200,713,714,14,not_and
1,1201,292,297,10,not_b
1,1202,294,296,5,b
1,1203,517,521,12,not_a
1,1204,54,60,9,not_xor
1,1205,17,22,2,not_implies
1,1206,691,693,9,not_xor
1,1207,232,233,7,or
1,1208,57,60,10,not_b
1,1209,587,589,7,or
1,1210,293,297,10,not_b
1,1211,737,742,10,not_b
1,1212,78,83,0,zero
1,1213,419,421,7,or
1,1214,250,255,11,implied_by
1,1215,129,133,7,or
1,1216,77,82,9,not_xor
1,1217,499,502,5,b
1,1218,324,328,2,not_implies
1,1219,626,628,3,a
1,1220,174,179,9,not_xor
1,1221,600,603,7,or
1,1222,434,439,1,and
1,1223,404,406,8,not_or
1,1224,84,87,2,not_implies
1,1225,746,749,7,or
1,1226,525,530,8,not_or
1,1227,128,131,7,or
1,1228,763,764,7,or
1,1229,546,550,1,and
1,1230,339,342,7,or
1,1231,747,751,13,implies
1,1232,22,23,13,implies
1,1233,463,467,12,not_a
1,1234,414,415,3,a
1,1235,266,270,5,b
1,1236,595,596,8,not_or
1,1237,695,698,9,not_xor
1,1238,277,282,9,not_xor
1,1239,751,754,8,not_or
1,1240,611,615,14,not_and
1,1241,706,708,3,a
1,1242,150,154,9,not_xor
1,1243,185,188,15,one
1,1244,22,26,7,or
1,1245,88,92,13,implies
1,1246,440,441,8,not_or
1,1247,446,447,10,not_b
1,1248,467,469,14,not_and
1,1249,677,682,4,not_implied_by
1,1250,282,286,8,not_or
1,1251,609,614,2,not_implies
1,1252,82,85,15,one
1,1253,649,651,9,not_xor
1,1254,58,61,0,zero
1,1255,23,24,3,a
1,1256,636,640,10,not_b
1,1257,525,528,4,not_implied_by
1,1258,535,539,5,b
1,1259,207,208,6,xor
1,1260,52,57,6,xor
1,1261,153,158,6,xor
1,1262,376,378,7,or
1,1263,426,430,5,b
1,1264,226,231,8,not_or
1,1265,207,209,6,xor
1,1266,239,243,4,not_implied_by
1,1267,156,159,3,a
1,1268,361,362,9,not_xor
1,1269,619,620,13,implies
1,1270,612,613,3,a
1,1271,60,61,7,or
1,1272,565,568,6,xor
1,1273,725,728,3,a
1,1274,101,106,8,not_or
1,1275,348,350,9,not_xor
1,1276,72,74,14,not_and
1,1277,225,226,8,not_or
1,1278,309,312,3,a
1,1279,673,676,9,not_xor
1,1280,240,244,15,one
1,1281,361,366,9,not_xor
1,1282,42,46,3,a
1,1283,37,38,9,not_xor
1,1284,596,601,7,or
1,1285,490,495,5,b
1,1286,615,619,2,not_implies
1,1287,580,581,12,not_a
1,1288,421,424,7,or
1,1289,153,155,8,not_or
1,1290,196,198,15,one
1,1291,563,568,7,or
1,1292,523,527,10,not_b
1,1293,378,380,7,or
1,1294,721,723,6,xor
1,1295,362,365,13,implies
1,1296,637,641,5,b
1,1297,137,139,8,not_or
1,1298,678,683,8,not_or
1,1299,534,538,10,not_b
1,1300,561,563,7,or
1,1301,73,74,15,one
1,1302,320,323,6,xor
1,1303,158,159,10,not_b
1,1304,746,748,9,not_xor
1,1305,683,685,10,not_b
1,1306,92,96,14,not_and
1,1307,338,342,10,not_b
1,1308,531,533,5,b
1,1309,465,467,11,implied_by
1,1310,576,578,7,or
1,1311,694,697,10,not_b
1,1312,627,632,9,not_xor
1,1313,479,481,11,implied_by
1,1314,5,11,9,not_xor
1,1315,73,79,6,xor
1,1316,363,367,6,xor
1,1317,8,9,9,not_xor
1,1318,715,720,10,not_b
1,1319,399,401,12,not_a
1,1320,617,618,2,not_implies
1,1321,41,44,1,and
1,1322,330,331,3,a
1,1323,606,609,4,not_implied_by
1,1324,618,619,10,not_b
1,1325,363,364,8,not_or
1,1326,115,118,9,not_xor
1,1327,740,745,6,xor
1,1328,754,757,13,implies
1,1329,275,280,13,implies
1,1330,170,172,8,not_or
1,1331,67,71,3,a
1,1332,73,77,9,not_xor
1,1333,721,726,1,and
1,1334,333,338,1,and
1,1335,697,701,7,or
1,1336,74,79,13,implies
1,1337,97,98,7,or
1,1338,639,641,9,not_xor
1,1339,137,140,1,and
1,1340,61,67,10,not_b
1,1341,660,663,6,xor
1,1342,172,176,12,not_a
1,1343,297,302,11,implied_by
1,1344,400,402,12,not_a
1,1345,492,495,9,not_xor
1,1346,409,413,6,xor
1,1347,641,645,9,not_xor
1,1348,541,545,14,not_and
1,1349,139,140,11,implied_by
1,1350,590,591,10,not_b
1,1351,468,470,6,xor
1,1352,389,390,5,b
1,1353,70,74,7,or
1,1354,328,331,11,implied_by
1,1355,167,172,0,zero
1,1356,556,561,9,not_xor
1,1357,445,449,6,xor
1,1358,509,511,3,a
1,1359,676,679,5,b
1,1360,16,22,3,a
1,1361,238,243,3,a
1,1362,615,618,4,not_implied_by
1,1363,356,360,8,not_or
1,1364,226,229,5,b
1,1365,14,17,9,not_xor
1,1366,369,370,8,not_or
1,1367,134,139,13,implies
1,1368,110,111,14,not_and
1,1369,343,345,5,b
1,1370,52,54,7,or
1,1371,285,289,7,or
1,1372,483,485,5,b
1,1373,7,8,5,b
1,1374,355,360,2,not_implies
1,1375,675,678,8,not_or
1,1376,230,231,7,or
1,1377,731,733,13,implies
1,1378,498,501,11,implied_by
1,1379,152,154,9,not_xor
1,1380,56,57,15,one
1,1381,237,238,9,not_xor
1,1382,224,226,7,or
1,1383,261,266,12,not_a
1,1384,9,13,10,not_b
1,1385,553,556,14,not_and
1,1386,205,206,13,implies
1,1387,164,166,12,not_a
1,1388,355,357,5,b
1,1389,299,301,9,not_xor
1,1390,188,192,3,a
1,1391,458,463,1,and
1,1392,151,153,7,or
1,1393,145,148,8,not_or
1,1394,255,257,13,implies
1,1395,374,378,5,b
1,1396,131,136,7,or
1,1397,410,412,10,not_b
1,1398,764,766,3,a
1,1399,29,30,3,a
1,1400,66,69,3,a
1,1401,106,109,1,and
1,1402,482,484,1,and
1,1403,116,117,6,xor
1,1404,156,157,14,not_and
1,1405,298,301,8,not_or
1,1406,395,396,7,or
1,1407,653,658,6,xor
1,1408,189,192,5,b
1,1409,612,615,12,not_a
1,1410,231,232,5,b
1,1411,54,58,12,not_a
1,1412,372,375,7,or
1,1413,399,402,7,or
1,1414,71,77,13,implies
1,1415,768,771,7,or
1,1416,45,51,12,not_a
1,1417,466,467,11,implied_by
1,1418,159,160,8,not_or
1,1419,759,763,6,xor
1,1420,397,402,14,not_and
1,1421,409,411,5,b
1,1422,748,750,8,not_or
1,1423,65,68,4,not_implied_by
1,1424,558,560,0,zero
1,1425,703,708,5,b
1,1426,329,331,13,implies
1,1427,416,417,7,or
1,1428,273,276,7,or
1,1429,629,631,12,not_a
1,1430,515,516,8,not_or
1,1431,468,472,5,b
1,1432,464,466,2,not_implies
1,1433,701,703,6,xor
1,1434,486,489,8,not_or
1,1435,778,781,8,not_or
1,1436,716,719,9,not_xor
1,1437,160,163,6,xor
1,1438,768,772,14,not_and
1,1439,562,563,9,not_xor
1,1440,362,366,9,not_xor
1,1441,761,766,2,not_implies
1,1442,117,120,9,not_xor
1,1443,640,641,13,implies
1,1444,118,122,9,not_xor
1,1445,94,95,2,not_implies
1,1446,596,597,4,not_implied_by
1,1447,582,585,5,b
1,1448,759,762,6,xor
1,1449,524,525,6,xor
1,1450,74,80,9,not_xor
1,1451,693,698,10,not_b
1,1452,502,507,1,and
1,1453,534,537,11,implied_by
1,1454,386,389,5,b
1,1455,750,751,9,not_xor
1,1456,765,770,4,not_implied_by
1,1457,577,579,10,not_b
1,1458,549,554,7,or
1,1459,86,91,7,or
1,1460,123,124,6,xor
1,1461,191,194,10,not_b
1,1462,95,97,9,not_xor
1,1463,337,338,12,not_a
1,1464,201,203,0,zero
1,1465,91,95,8,not_or
1,1466,590,592,9,not_xor
1,1467,689,692,15,one
1,1468,95,96,7,or
1,1469,18,19,0,zero
1,1470,76,78,6,xor
1,1471,200,202,6,xor
1,1472,184,189,5,b
1,1473,142,147,11,implied_by
1,1474,372,373,0,zero
1,1475,13,14,1,and
1,1476,378,382,8,not_or
1,1477,62,67,14,not_and
1,1478,71,74,3,a
1,1479,17,21,5,b
1,1480,543,545,6,xor
1,1481,485,489,5,b
1,1482,568,569,10,not_b
1,1483,439,442,12,not_a
1,1484,58,64,6,xor
1,1485,703,705,2,not_implies
1,1486,423,424,9,not_xor
1,1487,17,19,6,xor
1,1488,500,505,9,not_xor
1,1489,604,607,14,not_and
1,1490,743,747,6,xor
1,1491,331,335,6,xor
1,1492,689,694,9,not_xor
1,1493,34,37,0,zero
1,1494,644,646,13,implies
1,1495,274,275,10,not_b
1,1496,12,17,6,xor
1,1497,197,198,11,implied_by
1,1498,585,590,9,not_xor
1,1499,38,43,12,not_a
1,1500,351,356,13,implies
1,1501,470,471,4,not_implied_by
1,1502,613,618,14,not_and
1,1503,647,648,7,or
1,1504,611,612,8,not_or
1,1505,355,358,10,not_b
1,1506,518,521,9,not_xor
1,1507,353,354,9,not_xor
1,1508,582,584,1,and
1,1509,536,539,5,b
1,1510,705,707,4,not_implied_by
1,1511,769,770,12,not_a
1,1512,727,730,13,implies
1,1513,562,564,7,or
1,1514,221,225,8,not_or
1,1515,451,455,5,b
1,1516,518,520,12,not_a
1,1517,671,675,9,not_xor
1,1518,522,527,10,not_b
1,1519,445,448,10,not_b
1,1520,43,49,2,not_implies
1,1521,93,99,7,or
1,1522,529,531,2,not_implies
1,1523,663,667,9,not_xor
1,1524,462,463,8,not_or
1,1525,685,687,10,not_b
1,1526,441,444,10,not_b
1,1527,379,384,10,not_b
1,1528,722,724,6,xor
1,1529,511,514,12,not_a
1,1530,449,454,11,implied_by
1,1531,91,96,14,not_and
1,1532,377,381,9,not_xor
1,1533,25,31,3,a
1,1534,455,456,8,not_or
1,1535,276,277,8,not_or
1,1536,606,611,11,implied_by
1,1537,625,629,0,zero
1,1538,245,249,15,one
1,1539,25,26,9,not_xor
1,1540,389,392,8,not_or
1,1541,328,330,5,b
1,1542,257,259,15,one
1,1543,662,667,5,b
1,1544,138,140,9,not_xor
1,1545,67,73,3,a
1,1546,258,261,7,or
1,1547,129,130,9,not_xor
1,1548,5,9,9,not_xor
1,1549,599,603,9,not_xor
1,1550,209,210,5,b
1,1551,421,425,5,b
1,1552,548,550,1,and
1,1553,583,586,2,not_implies
1,1554,594,597,7,or
1,1555,472,473,10,not_b
1,1556,743,748,13,implies
1,1557,217,220,8,not_or
1,1558,494,498,8,not_or
1,1559,62,63,8,not_or
1,1560,598,602,7,or
1,1561,149,150,8,not_or
1,1562,646,647,10,not_b
1,1563,174,178,5,b
1,1564,164,169,6,xor
1,1565,198,202,13,implies
1,1566,131,133,7,or
1,1567,11,13,10,not_b
1,1568,85,90,7,or
1,1569,651,656,11,implied_by
1,1570,90,93,9,not_xor
1,1571,533,536,0,zero
1,1572,530,532,9,not_xor
1,1573,534,536,9,not_xor
1,1574,365,368,4,not_implied_by
1,1575,83,85,15,one
1,1576,260,261,8,not_or
1,1577,108,111,15,one
1,1578,45,48,6,xor
1,1579,685,689,13,implies
1,1580,773,774,9,not_xor
1,1581,614,617,7,or
1,1582,143,148,10,not_b
1,1583,29,34,15,one
1,1584,577,581,1,and
1,1585,562,565,3,a
1,1586,426,431,5,b
1,1587,372,376,11,implied_by
1,1588,364,366,6,xor
1,1589,121,124,5,b
1,1590,566,568,5,b
1,1591,694,696,6,xor
1,1592,82,83,12,not_a
1,1593,190,193,12,not_a
1,1594,761,763,3,a
1,1595,368,373,4,not_implied_by
1,1596,411,414,15,one
1,1597,68,71,1,and
1,1598,110,113,7,or
1,1599,238,242,3,a
1,1600,115,116,9,not_xor
1,1601,600,605,2,not_implies
1,1602,415,420,6,xor
1,1603,330,334,8,not_or
1,1604,422,423,1,and
1,1605,121,125,7,or
1,1606,367,371,7,or
1,1607,468,471,6,xor
1,1608,603,606,9,not_xor
1,1609,473,475,0,zero
1,1610,257,262,11,implied_by
1,1611,336,341,12,not_a
1,1612,381,384,14,not_and
1,1613,185,189,11,implied_by
1,1614,252,257,7,or
1,1615,236,239,4,not_implied_by
1,1616,532,535,2,not_implies
1,1617,691,695,8,not_or
1,1618,299,304,11,implied_by
1,1619,597,601,9,not_xor
1,1620,570,571,6,xor
1,1621,391,396,12,not_a
1,1622,503,504,6,xor
1,1623,164,167,5,b
1,1624,223,228,7,or
1,1625,619,624,9,not_xor
1,1626,510,513,12,not_a
1,1627,561,562,6,xor
1,1628,149,154,10,not_b
1,1629,7,10,0,zero
1,1630,699,704,11,implied_by
1,1631,606,607,7,or
1,1632,241,245,5,b
1,1633,673,677,7,or
1,1634,697,700,0,zero
1,1635,622,626,6,xor
1,1636,142,143,12,not_a
1,1637,319,322,8,not_or
1,1638,444,446,14,not_and
1,1639,407,408,11,implied_by
1,1640,709,714,14,not_and
1,1641,662,665,7,or
1,1642,41,42,9,not_xor
1,1643,283,287,3,a
1,1644,49,54,11,implied_by
1,1645,28,32,12,not_a
1,1646,344,349,9,not_xor
1,1647,366,370,6,xor
1,1648,427,432,11,implied_by
1,1649,756,757,7,or
1,1650,457,461,1,and
1,1651,24,30,7,or
1,1652,588,590,10,not_b
1,1653,0,4,7,or
1,1654,771,772,13,implies
1,1655,726,728,1,and
1,1656,19,25,15,one
1,1657,385,389,9,not_xor
1,1658,329,334,10,not_b
1,1659,552,556,2,not_implies
1,1660,487,489,9,not_xor
1,1661,649,654,14,not_and
1,1662,568,571,9,not_xor
1,1663,205,208,8,not_or
1,1664,6,7,4,not_implied_by
1,1665,295,300,10,not_b
1,1666,20,25,13,implies
1,1667,452,454,5,b
1,1668,368,371,7,or
1,1669,38,39,8,not_or
1,1670,427,430,1,and
1,1671,636,639,6,xor
1,1672,34,35,6,xor
1,1673,135,139,2,not_implies
1,1674,692,696,2,not_implies
1,1675,445,450,9,not_xor
1,1676,122,127,3,a
1,1677,671,676,11,implied_by
1,1678,35,36,1,and
1,1679,21,25,6,xor
1,1680,351,352,12,not_a
1,1681,614,615,3,a
1,1682,210,213,12,not_a
1,1683,35,38,7,or
1,1684,254,257,7,or
1,1685,558,563,14,not_and
1,1686,244,245,12,not_a
1,1687,120,122,6,xor
1,1688,715,716,9,not_xor
1,1689,190,194,13,implies
1,1690,573,577,6,xor
1,1691,68,69,7,or
1,1692,37,43,12,not_a
1,1693,590,595,11,implied_by
1,1694,94,98,9,not_xor
1,1695,166,170,14,not_and
1,1696,736,739,14,not_and
1,1697,246,248,8,not_or
1,1698,278,282,7,or
1,1699,280,282,3,a
1,1700,178,182,14,not_and
1,1701,553,558,10,not_b
1,1702,600,602,9,not_xor
1,1703,345,349,12,not_a
1,1704,150,155,3,a
1,1705,486,490,6,xor
1,1706,190,191,7,or
1,1707,33,37,8,not_or
1,1708,646,650,4,not_implied_by
1,1709,599,601,7,or
1,1710,233,238,4,not_implied_by
1,1711,0,6,7,or
1,1712,312,315,9,not_xor
1,1713,383,384,0,zero
1,1714,287,290,7,or
1,1715,261,262,7,or
1,1716,126,129,8,not_or
1,1717,495,496,6,xor
1,1718,296,300,10,not_b
1,1719,476,478,3,a
1,1720,83,86,12,not_a
1,1721,406,411,14,not_and
1,1722,415,418,6,xor
1,1723,481,486,13,implies
1,1724,729,734,11,implied_by
1,1725,436,438,9,not_xor
1,1726,278,280,0,zero
1,1727,31,33,6,xor
1,1728,686,689,9,not_xor
1,1729,610,614,12,not_a
1,1730,107,110,15,one
1,1731,479,480,6,xor
1,1732,43,48,13,implies
1,1733,165,168,12,not_a
1,1734,255,260,8,not_or
1,1735,278,281,6,xor
1,1736,736,740,3,a
1,1737,18,21,6,xor
1,1738,493,496,12,not_a
1,1739,481,484,5,b
1,1740,373,375,7,or
1,1741,366,369,3,a
1,1742,28,31,11,implied_by
1,1743,478,483,13,implies
1,1744,249,250,8,not_or
1,1745,762,764,8,not_or
1,1746,424,428,6,xor
1,1747,117,118,9,not_xor
1,1748,548,551,11,implied_by
1,1749,776,777,7,or
1,1750,304,305,8,not_or
1,1751,463,464,6,xor
1,1752,71,76,15,one
1,1753,460,462,9,not_xor
1,1754,345,350,11,implied_by
1,1755,12,18,1,and
1,1756,262,266,1,and
1,1757,710,712,2,not_implies
1,1758,432,433,10,not_b
1,1759,585,589,10,not_b
1,1760,113,115,7,or
1,1761,105,106,3,a
1,1762,441,446,6,xor
1,1763,710,713,4,not_implied_by
1,1764,9,10,7,or
1,1765,150,152,4,not_implied_by
1,1766,557,560,2,not_implies
1,1767,233,236,14,not_and
1,1768,446,450,14,not_and
1,1769,338,339,7,or
1,1770,623,628,12,not_a
1,1771,131,134,5,b
1,1772,431,432,1,and
1,1773,8,13,5,b
1,1774,306,308,14,not_and
1,1775,683,688,5,b
1,1776,266,269,11,implied_by
1,1777,501,504,10,not_b
1,1778,13,16,7,or
1,1779,332,334,8,not_or
1,1780,86,88,9,not_xor
1,1781,113,117,4,not_implied_by
1,1782,763,767,6,xor
1,1783,665,669,8,not_or
1,1784,678,681,6,xor
1,1785,381,385,9,not_xor
1,1786,31,35,0,zero
1,1787,466,470,5,b
1,1788,32,36,8,not_or
1,1789,586,590,6,xor
1,1790,413,414,8,not_or
1,1791,754,759,1,and
1,1792,295,297,7,or
1,1793,240,242,12,not_a
1,1794,560,564,7,or
1,1795,530,535,9,not_xor
1,1796,409,414,10,not_b
1,1797,53,56,10,not_b
1,1798,341,345,10,not_b
1,1799,515,520,3,a
1,1800,213,218,11,implied_by
1,1801,36,39,6,xor
1,1802,442,447,12,not_a
1,1803,675,680,6,xor
1,1804,242,244,12,not_a
1,1805,239,242,10,not_b
1,1806,360,362,6,xor
1,1807,731,734,9,not_xor
1,1808,373,374,13,implies
1,1809,424,425,3,a
1,1810,745,749,13,implies
1,1811,173,174,8,not_or
1,1812,602,605,5,b
1,1813,381,382,2,not_implies
1,1814,381,383,14,not_and
1,1815,249,253,3,a
1,1816,100,105,10,not_b
1,1817,478,479,3,a
1,1818,29,31,1,and
1,1819,289,294,9,not_xor
1,1820,590,593,10,not_b
1,1821,49,51,14,not_and
1,1822,554,558,6,xor
1,1823,340,345,8,not_or
1,1824,551,556,7,or
1,1825,394,398,5,b
1,1826,480,481,6,xor
1,1827,626,631,8,not_or
1,1828,409,410,8,not_or
1,1829,695,699,3,a
1,1830,243,248,10,not_b
1,1831,59,63,8,not_or
1,1832,580,583,14,not_and
1,1833,683,686,10,not_b
1,1834,656,657,10,not_b
1,1835,2,3,10,not_b
1,1836,436,439,1,and
1,1837,124,125,8,not_or
1,1838,392,396,6,xor
1,1839,498,499,10,not_b
1,1840,67,70,6,xor
1,1841,82,84,8,not_or
1,1842,122,126,7,or
1,1843,406,409,7,or
1,1844,487,492,6,xor
1,1845,433,437,6,xor
1,1846,564,565,7,or
1,1847,700,702,15,one
1,1848,546,548,12,not_a
1,1849,780,782,7,or
1,1850,199,204,8,not_or
1,1851,725,729,13,implies
1,1852,154,155,1,and
1,1853,6,11,11,implied_by
1,1854,626,629,6,xor
1,1855,116,119,4,not_implied_by
1,1856,119,124,3,a
1,1857,540,543,13,implies
1,1858,718,719,12,not_a
1,1859,506,508,2,not_implies
1,1860,157,161,13,implies
1,1861,419,423,4,not_implied_by
1,1862,19,23,2,not_implies
1,1863,41,47,7,or
1,1864,418,423,9,not_xor
1,1865,544,546,10,not_b
1,1866,603,608,3,a
1,1867,19,20,15,one
1,1868,290,295,4,not_implied_by
1,1869,112,114,7,or
1,1870,370,372,3,a
1,1871,496,497,7,or
1,1872,478,482,7,or
1,1873,352,356,5,b
1,1874,533,535,6,xor
1,1875,388,391,8,not_or
1,1876,292,295,5,b
1,1877,708,711,13,implies
1,1878,417,418,8,not_or
1,1879,325,329,9,not_xor
1,1880,724,727,7,or
1,1881,399,403,1,and
1,1882,227,228,12,not_a
1,1883,449,450,7,or
1,1884,476,477,2,not_implies
1,1885,237,240,6,xor
1,1886,485,486,7,or
1,1887,723,726,4,not_implied_by
1,1888,712,714,8,not_or
1,1889,246,250,4,not_implied_by
1,1890,231,236,3,a
1,1891,326,327,6,xor
1,1892,535,537,13,implies
1,1893,237,242,8,not_or
1,1894,197,199,7,or
1,1895,567,571,12,not_a
1,1896,6,8,8,not_or
1,1897,49,50,3,a
1,1898,375,376,14,not_and
1,1899,167,171,7,or
1,1900,53,58,7,or
1,1901,493,494,8,not_or
1,1902,453,455,9,not_xor
1,1903,655,656,11,implied_by
1,1904,34,39,11,implied_by
1,1905,675,679,11,implied_by
1,1906,261,265,10,not_b
1,1907,484,485,6,xor
1,1908,726,729,6,xor
1,1909,85,87,7,or
1,1910,411,416,7,or
1,1911,584,585,8,not_or
1,1912,239,244,7,or
1,1913,127,131,13,implies
1,1914,333,337,10,not_b
1,1915,69,71,6,xor
1,1916,48,50,14,not_and
1,1917,292,296,4,not_implied_by
1,1918,356,357,12,not_a
1,1919,4,7,14,not_and
1,1920,93,95,5,b
1,1921,646,651,10,not_b
1,1922,731,732,7,or
1,1923,421,426,9,not_xor
1,1924,453,454,7,or
1,1925,363,366,14,not_and
1,1926,145,149,3,a
1,1927,454,455,7,or
1,1928,219,220,7,or
1,1929,737,739,9,not_xor
1,1930,106,110,13,implies
1,1931,520,524,13,implies
1,1932,13,18,7,or
1,1933,642,645,9,not_xor
1,1934,230,235,11,implied_by
1,1935,370,371,4,not_implied_by
1,1936,262,265,1,and
1,1937,117,119,12,not_a
1,1938,659,664,5,b
1,1939,335,337,9,not_xor
1,1940,401,402,2,not_implies
1,1941,72,73,12,not_a
1,1942,51,52,7,or
1,1943,412,417,10,not_b
1,1944,409,412,1,and
1,1945,417,422,6,xor
1,1946,68,70,4,not_implied_by
1,1947,294,297,8,not_or
1,1948,662,663,12,not_a
1,1949,11,17,7,or
1,1950,710,714,14,not_and
1,1951,733,738,9,not_xor
1,1952,539,540,14,not_and
1,1953,722,723,9,not_xor
1,1954,194,195,6,xor
1,1955,174,176,9,not_xor
1,1956,313,314,6,xor
1,1957,198,199,9,not_xor
1,1958,770,771,14,not_and
1,1959,415,416,2,not_implies
1,1960,653,655,14,not_and
1,1961,32,34,12,not_a
1,1962,770,774,2,not_implies
1,1963,333,334,9,not_xor
1,1964,551,555,1,and
1,1965,213,215,13,implies
1,1966,389,394,6,xor
1,1967,371,374,11,implied_by
1,1968,9,12,13,implies
1,1969,16,21,9,not_xor
1,1970,406,408,14,not_and
1,1971,679,681,11,implied_by
1,1972,656,660,13,implies
1,1973,120,121,12,not_a
1,1974,777,780,1,and
1,1975,314,316,3,a
1,1976,188,193,5,b
1,1977,257,260,8,not_or
1,1978,738,742,10,not_b
1,1979,8,12,6,xor
1,1980,66,70,5,b
1,1981,160,161,3,a
1,1982,654,658,1,and
1,1983,391,392,1,and
1,1984,57,62,6,xor
1,1985,79,83,11,implied_by
1,1986,634,635,10,not_b
1,1987,486,487,5,b
1,1988,674,677,13,implies
1,1989,233,234,9,not_xor
1,1990,33,38,11,implied_by
1,1991,301,303,3,a
1,1992,172,173,14,not_and
1,1993,232,234,7,or
1,1994,538,539,9,not_xor
1,1995,208,210,7,or
1,1996,322,325,11,implied_by
1,1997,514,519,13,implies
1,1998,634,639,12,not_a
1,1999,229,231,3,a
1,2000,358,359,12,not_a
1,2001,3,8,9,not_xor
1,2002,770,773,9,not_xor
1,2003,182,187,8,not_or
1,2004,648,653,11,implied_by
1,2005,112,116,7,or
1,2006,298,300,5,b
1,2007,733,736,9,not_xor
1,2008,364,368,4,not_implied_by
1,2009,384,388,6,xor
1,2010,627,630,9,not_xor
1,2011,313,317,2,not_implies
1,2012,83,84,2,not_implies
1,2013,23,25,5,b
1,2014,732,735,10,not_b
1,2015,88,91,9,not_xor
1,2016,71,75,12,not_a
1,2017,749,752,13,implies
1,2018,276,280,13,implies
1,2019,457,458,9,not_xor
1,2020,676,678,14,not_and
1,2021,106,107,7,or
1,2022,762,766,8,not_or
1,2023,728,731,7,or
1,2024,556,559,3,a
1,2025,332,337,7,or
1,2026,520,525,5,b
1,2027,506,509,2,not_implies
1,2028,300,304,12,not_a
1,2029,27,31,4,not_implied_by
1,2030,20,26,0,zero
1,2031,181,185,9,not_xor
1,2032,317,320,8,not_or
1,2033,771,773,10,not_b
1,2034,609,611,9,not_xor
1,2035,777,778,6,xor
1,2036,80,82,8,not_or
1,2037,126,127,9,not_xor
1,2038,352,354,7,or
1,2039,376,381,7,or
1,2040,694,695,0,zero
1,2041,559,562,5,b
1,2042,449,452,10,not_b
1,2043,348,351,15,one
1,2044,241,243,3,a
1,2045,420,421,7,or
1,2046,206,209,6,xor
1,2047,420,422,15,one
1,2048,490,494,12,not_a
1,2049,310,311,12,not_a
1,2050,216,221,10,not_b
1,2051,161,166,13,implies
1,2052,559,560,5,b
1,2053,474,479,9,not_xor
1,2054,63,69,9,not_xor
1,2055,491,496,2,not_implies
1,2056,308,310,12,not_a
1,2057,456,458,12,not_a
1,2058,448,449,7,or
1,2059,177,182,13,implies
1,2060,308,309,12,not_a
1,2061,384,389,13,implies
1,2062,494,495,4,not_implied_by
1,2063,18,20,8,not_or
1,2064,711,713,14,not_and
1,2065,343,344,11,implied_by
1,2066,108,110,11,implied_by
1,2067,531,535,8,not_or
1,2068,644,648,8,not_or
1,2069,345,348,11,implied_by
1,2070,574,576,12,not_a
1,2071,465,466,2,not_implies
1,2072,66,71,6,xor
1,2073,39,41,13,implies
1,2074,315,319,5,b
1,2075,531,534,7,or
1,2076,162,166,2,not_implies
1,2077,756,760,7,or
1,2078,111,114,7,or
1,2079,225,230,8,not_or
1,2080,549,553,14,not_and
1,2081,254,256,1,and
1,2082,780,781,10,not_b
1,2083,25,30,14,not_and
1,2084,605,608,7,or
1,2085,295,299,12,not_a
1,2086,737,740,6,xor
1,2087,367,369,6,xor
1,2088,290,292,13,implies
1,2089,475,479,8,not_or
1,2090,548,552,12,not_a
1,2091,342,343,11,implied_by
1,2092,183,186,3,a
1,2093,241,242,13,implies
1,2094,170,174,8,not_or
1,2095,314,319,7,or
1,2096,102,104,14,not_and
1,2097,15,17,12,not_a
1,2098,605,606,14,not_and
1,2099,674,675,6,xor
1,2100,334,335,3,a
1,2101,551,552,1,and
1,2102,50,51,10,not_b
1,2103,96,98,7,or
1,2104,470,474,5,b
1,2105,1,7,14,not_and
1,2106,657,658,8,not_or
1,2107,670,675,15,one
1,2108,98,100,14,not_and
1,2109,36,42,4,not_implied_by
1,2110,397,398,15,one
1,2111,149,151,8,not_or
1,2112,222,223,10,not_b
1,2113,287,288,7,or
1,2114,742,746,14,not_and
1,2115,22,25,8,not_or
1,2116,682,684,3,a
1,2117,24,28,8,not_or
1,2118,279,280,13,implies
1,2119,700,704,9,not_xor
1,2120,741,742,3,a
1,2121,297,300,11,implied_by
1,2122,87,93,6,xor
1,2123,424,429,4,not_implied_by
1,2124,717,719,8,not_or
1,2125,274,276,5,b
1,2126,496,499,8,not_or
1,2127,148,152,6,xor
1,2128,622,624,9,not_xor
1,2129,684,687,10,not_b
1,2130,721,722,9,not_xor
1,2131,4,8,9,not_xor
1,2132,160,164,7,or
1,2133,325,327,7,or
1,2134,5,8,12,not_a
1,2135,712,713,9,not_xor
1,2136,225,228,9,not_xor
1,2137,415,417,7,or
1,2138,752,753,0,zero
1,2139,681,686,3,a
1,2140,603,604,15,one
1,2141,87,91,5,b
1,2142,29,33,12,not_a
1,2143,240,241,10,not_b
1,2144,251,255,4,not_implied_by
1,2145,190,192,8,not_or
1,2146,729,733,9,not_xor
1,2147,707,711,9,not_xor
1,2148,284,287,8,not_or
1,2149,132,133,1,and
1,2150,142,146,11,implied_by
1,2151,357,361,9,not_xor
1,2152,772,773,8,not_or
1,2153,342,346,10,not_b
1,2154,719,721,7,or
1,2155,119,123,8,not_or
1,2156,450,455,0,zero
1,2157,774,777,12,not_a
1,2158,187,191,5,b
1,2159,394,397,7,or
1,2160,483,487,11,implied_by
1,2161,404,407,4,not_implied_by
1,2162,681,685,6,xor
1,2163,359,360,10,not_b
1,2164,248,250,7,or
1,2165,390,395,15,one
1,2166,447,452,11,implied_by
1,2167,219,222,15,one
1,2168,614,616,3,a
1,2169,489,492,2,not_implies
1,2170,361,363,9,not_xor
1,2171,650,651,3,a
1,2172,456,457,4,not_implied_by
1,2173,136,141,7,or
1,2174,520,522,7,or
1,2175,492,493,14,not_and
1,2176,521,526,1,and
1,2177,315,317,7,or
1,2178,76,80,1,and
1,2179,337,342,6,xor
1,2180,615,617,12,not_a
1,2181,455,457,6,xor
1,2182,517,522,14,not_and
1,2183,764,769,3,a
1,2184,405,409,3,a
1,2185,242,247,10,not_b
1,2186,570,574,3,a
1,2187,43,44,9,not_xor
1,2188,621,625,12,not_a
1,2189,683,687,12,not_a
1,2190,446,449,13,implies
1,2191,323,324,3,a
1,2192,230,232,7,or
1,2193,455,458,12,not_a
1,2194,398,403,3,a
1,2195,370,374,0,zero
1,2196,8,14,4,not_implied_by
1,2197,480,484,0,zero
1,2198,79,85,8,not_or
1,2199,251,252,4,not_implied_by
1,2200,705,709,2,not_implies
1,2201,85,89,0,zero
1,2202,92,98,11,implied_by
1,2203,459,460,8,not_or
1,2204,23,26,3,a
1,2205,344,348,11,implied_by
1,2206,500,503,13,implies
1,2207,521,525,9,not_xor
1,2208,124,129,9,not_xor
1,2209,155,159,13,implies
1,2210,650,655,4,not_implied_by
1,2211,631,632,1,and
1,2212,554,555,6,xor
1,2213,227,229,8,not_or
1,2214,747,750,13,implies
1,2215,457,460,4,not_implied_by
1,2216,565,567,3,a
1,2217,180,184,1,and
1,2218,586,589,4,not_implied_by
1,2219,81,82,12,not_a
1,2220,111,115,9,not_xor
1,2221,269,274,13,implies
1,2222,769,774,5,b
1,2223,670,671,12,not_a
1,2224,170,171,8,not_or
1,2225,764,768,12,not_a
1,2226,259,260,8,not_or
1,2227,583,585,8,not_or
1,2228,258,259,0,zero
1,2229,12,15,8,not_or
1,2230,16,19,8,not_or
1,2231,438,440,9,not_xor
1,2232,7,13,2,not_implies
1,2233,628,629,9,not_xor
1,2234,253,254,6,xor
1,2235,557,559,8,not_or
1,2236,664,665,10,not_b
1,2237,35,37,4,not_implied_by
1,2238,204,205,5,b
1,2239,157,158,8,not_or
1,2240,509,510,9,not_xor
1,2241,745,746,7,or
1,2242,176,178,9,not_xor
1,2243,693,696,2,not_implies
1,2244,712,716,1,and
1,2245,352,355,2,not_implies
1,2246,385,386,14,not_and
1,2247,576,580,10,not_b
1,2248,38,44,12,not_a
1,2249,356,359,5,b
1,2250,87,92,4,not_implied_by
1,2251,485,488,6,xor
1,2252,91,94,3,a
1,2253,616,619,8,not_or
1,2254,284,289,13,implies
1,2255,572,577,6,xor
1,2256,212,213,6,xor
1,2257,471,473,8,not_or
1,2258,332,336,2,not_implies
1,2259,114,118,13,implies
1,2260,617,620,9,not_xor
1,2261,22,28,9,not_xor
1,2262,31,32,7,or
1,2263,94,96,5,b
1,2264,377,379,9,not_xor
1,2265,458,462,10,not_b
1,2266,271,275,10,not_b
1,2267,187,190,7,or
1,2268,30,36,0,zero
1,2269,200,205,7,or
1,2270,348,353,5,b
1,2271,543,547,9,not_xor
1,2272,379,381,8,not_or
1,2273,696,699,2,not_implies
1,2274,64,68,14,not_and
1,2275,656,659,15,one
1,2276,507,511,7,or
1,2277,653,656,1,and
1,2278,698,703,6,xor
1,2279,289,291,15,one
1,2280,695,696,7,or
1,2281,254,258,3,a
1,2282,718,720,10,not_b
1,2283,587,588,15,one
1,2284,247,251,7,or
1,2285,655,658,6,xor
1,2286,34,40,10,not_b
1,2287,393,394,9,not_xor
1,2288,238,241,8,not_or
1,2289,281,284,8,not_or
1,2290,443,446,10,not_b
1,2291,555,558,6,xor
1,2292,107,109,7,or
1,2293,739,742,7,or
1,2294,320,322,3,a
1,2295,53,59,8,not_or
1,2296,236,240,11,implied_by
1,2297,341,344,5,b
1,2298,326,331,14,not_and
1,2299,112,115,8,not_or
1,2300,578,579,7,or
1,2301,513,515,9,not_xor
1,2302,163,165,7,or
1,2303,201,204,12,not_a
1,2304,776,781,8,not_or
1,2305,710,715,5,b
1,2306,622,627,1,and
1,2307,375,378,5,b
1,2308,446,451,8,not_or
1,2309,435,438,13,implies
1,2310,96,101,14,not_and
1,2311,388,393,9,not_xor
1,2312,714,715,1,and
1,2313,527,532,1,and
1,2314,386,387,2,not_implies
1,2315,595,597,7,or
1,2316,286,289,5,b
1,2317,533,534,6,xor
1,2318,337,340,11,implied_by
1,2319,498,500,8,not_or
1,2320,553,555,7,or
1,2321,766,771,5,b
1,2322,715,717,7,or
1,2323,656,661,12,not_a
1,2324,739,744,6,xor
1,2325,577,580,3,a
1,2326,465,470,9,not_xor
1,2327,27,32,9,not_xor
1,2328,60,63,7,or
1,2329,492,496,2,not_implies
1,2330,39,40,5,b
1,2331,524,528,11,implied_by
1,2332,36,37,7,or
1,2333,414,419,6,xor
1,2334,365,370,11,implied_by
1,2335,613,615,9,not_xor
1,2336,450,452,6,xor
1,2337,412,413,7,or
1,2338,738,739,7,or
1,2339,655,660,1,and
1,2340,86,92,8,not_or
1,2341,48,49,6,xor
1,2342,723,724,7,or
1,2343,385,390,5,b
1,2344,243,247,12,not_a
1,2345,519,520,14,not_and
1,2346,512,515,4,not_implied_by
1,2347,679,684,6,xor
1,2348,80,83,2,not_implies
1,2349,70,72,8,not_or
1,2350,620,625,0,zero
1,2351,679,682,4,not_implied_by
1,2352,82,86,5,b
1,2353,688,693,2,not_implies
1,2354,726,730,8,not_or
1,2355,32,37,3,a
1,2356,403,408,11,implied_by
1,2357,203,204,6,xor
1,2358,694,699,7,or
1,2359,560,563,15,one
1,2360,193,196,12,not_a
1,2361,692,697,2,not_implies
1,2362,545,550,7,or
1,2363,379,383,0,zero
1,2364,770,772,9,not_xor
1,2365,358,360,3,a
1,2366,266,267,9,not_xor
1,2367,629,632,4,not_implied_by
1,2368,757,758,3,a
1,2369,83,89,5,b
1,2370,734,735,15,one
1,2371,284,286,8,not_or
1,2372,482,487,12,not_a
1,2373,573,576,1,and
1,2374,264,265,1,and
1,2375,330,332,12,not_a
1,2376,725,730,13,implies
1,2377,144,146,7,or
1,2378,12,14,9,not_xor
1,2379,97,101,8,not_or
1,2380,127,128,5,b
1,2381,781,783,3,a
1,2382,508,513,5,b
1,2383,180,185,11,implied_by
1,2384,564,568,5,b
1,2385,661,664,8,not_or
1,2386,335,338,5,b
1,2387,140,145,10,not_b
1,2388,405,406,5,b
1,2389,90,96,5,b
1,2390,179,182,1,and
1,2391,434,438,9,not_xor
1,2392,568,573,11,implied_by
1,2393,407,409,14,not_and
1,2394,426,427,3,a
1,2395,748,749,3,a
1,2396,43,45,3,a
1,2397,163,164,13,implies
1,2398,168,172,10,not_b
1,2399,237,239,12,not_a
1,2400,20,24,13,implies
1,2401,533,537,4,not_implied_by
1,2402,192,196,8,not_or
1,2403,755,757,9,not_xor
1,2404,679,683,3,a
1,2405,176,180,7,or
1,2406,667,672,8,not_or
1,2407,126,131,9,not_xor
1,2408,260,262,14,not_and
1,2409,669,674,2,not_implies
1,2410,402,405,3,a
1,2411,756,759,6,xor
1,2412,547,549,6,xor
1,2413,760,765,7,or
1,2414,416,420,9,not_xor
1,2415,323,326,6,xor
1,2416,81,84,6,xor
1,2417,450,451,7,or
1,2418,453,458,3,a
1,2419,228,231,7,or
1,2420,779,782,12,not_a
1,2421,1,5,11,implied_by
1,2422,229,230,8,not_or
1,2423,595,598,9,not_xor
1,2424,686,691,5,b
1,2425,766,769,3,a
1,2426,2,4,13,implies
1,2427,237,241,4,not_implied_by
1,2428,183,185,12,not_a
1,2429,642,644,9,not_xor
1,2430,198,200,8,not_or
1,2431,759,760,13,implies
1,2432,53,55,12,not_a
1,2433,315,318,14,not_and
1,2434,148,149,3,a
1,2435,264,269,10,not_b
1,2436,124,127,0,zero
1,2437,403,404,3,a
1,2438,5,6,10,not_b
1,2439,292,293,9,not_xor
1,2440,177,181,8,not_or
1,2441,556,557,6,xor
1,2442,194,197,11,implied_by
1,2443,591,595,8,not_or
1,2444,730,734,7,or
1,2445,502,506,2,not_implies
1,2446,594,599,6,xor
1,2447,12,16,5,b
1,2448,512,513,9,not_xor
1,2449,489,494,13,implies
1,2450,211,214,10,not_b
1,2451,140,142,11,implied_by
1,2452,400,405,3,a
1,2453,234,239,12,not_a
1,2454,523,526,12,not_a
1,2455,527,529,4,not_implied_by
1,2456,415,419,5,b
1,2457,293,295,7,or
1,2458,645,650,1,and
1,2459,159,164,6,xor
1,2460,62,68,6,xor
1,2461,3,6,2,not_implies
1,2462,73,75,7,or
1,2463,680,682,7,or
1,2464,736,738,6,xor
1,2465,427,431,15,one
1,2466,481,482,14,not_and
1,2467,433,436,7,or
1,2468,702,703,8,not_or
1,2469,224,225,15,one
1,2470,19,22,1,and
1,2471,25,27,11,implied_by
1,2472,195,199,9,not_xor
1,2473,620,621,8,not_or
1,2474,477,481,12,not_a
1,2475,661,662,8,not_or
1,2476,220,222,12,not_a
1,2477,330,333,6,xor
1,2478,693,697,3,a
1,2479,481,485,9,not_xor
1,2480,30,34,0,zero
1,2481,334,336,6,xor
1,2482,135,140,15,one
1,2483,271,272,8,not_or
1,2484,57,61,10,not_b
1,2485,189,194,6,xor
1,2486,302,307,1,and
1,2487,473,478,7,or
1,2488,672,677,7,or
1,2489,470,475,5,b
1,2490,273,278,9,not_xor
1,2491,398,400,3,a
1,2492,779,783,9,not_xor
1,2493,720,721,11,implied_by
1,2494,685,688,6,xor
1,2495,201,205,15,one
1,2496,346,349,3,a
1,2497,266,271,13,implies
1,2498,377,380,8,not_or
1,2499,368,372,5,b
1,2500,507,512,4,not_implied_by
1,2501,109,112,12,not_a
1,2502,343,348,8,not_or
1,2503,686,688,1,and
1,2504,450,454,9,not_xor
1,2505,757,760,5,b
1,2506,382,384,1,and
1,2507,50,56,7,or
1,2508,177,180,8,not_or
1,2509,473,477,7,or
1,2510,392,395,8,not_or
1,2511,133,137,2,not_implies
1,2512,469,473,9,not_xor
1,2513,767,769,13,implies
1,2514,548,553,3,a
1,2515,650,653,12,not_a
1,2516,707,708,12,not_a
1,2517,360,361,8,not_or
1,2518,431,435,6,xor
1,2519,500,502,5,b
1,2520,586,591,10,not_b
1,2521,85,88,7,or
1,2522,717,720,7,or
1,2523,274,278,10,not_b
1,2524,732,733,6,xor
1,2525,11,15,8,not_or
1,2526,331,332,9,not_xor
1,2527,460,464,12,not_a
1,2528,224,227,9,not_xor
1,2529,645,648,10,not_b
1,2530,326,329,8,not_or
1,2531,522,525,9,not_xor
1,2532,499,503,4,not_implied_by
1,2533,281,286,1,and
1,2534,265,267,3,a
1,2535,15,20,8,not_or
1,2536,86,89,7,or
1,2537,99,104,1,and
1,2538,96,99,12,not_a
1,2539,251,253,5,b
1,2540,124,126,7,or
1,2541,706,711,12,not_a
1,2542,410,411,5,b
1,2543,62,66,3,a
1,2544,69,72,7,or
1,2545,429,434,10,not_b
1,2546,327,328,7,or
1,2547,255,258,1,and
1,2548,305,309,4,not_implied_by
1,2549,738,743,7,or
1,2550,438,443,10,not_b
1,2551,185,190,8,not_or
1,2552,334,338,3,a
1,2553,682,685,5,b
1,2554,242,243,8,not_or
1,2555,497,501,10,not_b
1,2556,75,79,3,a
1,2557,524,526,8,not_or
1,2558,117,122,10,not_b
1,2559,346,347,4,not_implied_by
1,2560,546,551,14,not_and
1,2561,775,777,6,xor
1,2562,390,394,9,not_xor
1,2563,574,577,11,implied_by
1,2564,140,144,8,not_or
1,2565,582,587,4,not_implied_by
1,2566,10,14,6,xor
1,2567,308,311,11,implied_by
1,2568,620,623,1,and
1,2569,407,411,12,not_a
1,2570,362,367,13,implies
1,2571,514,517,5,b
1,2572,625,630,12,not_a
1,2573,781,782,11,implied_by
1,2574,447,449,8,not_or
1,2575,187,188,14,not_and
1,2576,517,518,10,not_b
1,2577,718,723,8,not_or
1,2578,259,262,8,not_or
1,2579,91,93,5,b
1,2580,248,249,10,not_b
1,2581,539,542,2,not_implies
1,2582,588,591,5,b
1,2583,722,726,3,a
1,2584,319,320,11,implied_by
1,2585,134,138,3,a
1,2586,704,707,2,not_implies
1,2587,520,523,3,a
1,2588,571,576,7,or
1,2589,171,175,12,not_a
1,2590,564,566,8,not_or
1,2591,544,548,14,not_and
1,2592,163,166,7,or
1,2593,247,250,8,not_or
1,2594,104,107,7,or
1,2595,565,569,14,not_and
1,2596,90,95,3,a
1,2597,760,761,4,not_implied_by
1,2598,206,211,4,not_implied_by
1,2599,377,378,8,not_or
1,2600,402,406,7,or
1,2601,51,57,7,or
1,2602,753,756,15,one
1,2603,83,87,7,or
1,2604,754,758,8,not_or
1,2605,460,463,3,a
1,2606,260,263,4,not_implied_by
1,2607,172,174,8,not_or
1,2608,235,238,3,a
1,2609,639,644,2,not_implies
1,2610,493,497,13,implies
1,2611,690,693,2,not_implies
1,2612,390,393,7,or
1,2613,651,655,14,not_and
1,2614,526,528,0,zero
1,2615,765,767,3,a
1,2616,728,732,13,implies
1,2617,459,462,9,not_xor
1,2618,242,246,13,implies
1,2619,522,524,13,implies
1,2620,154,156,2,not_implies
1,2621,758,761,10,not_b
1,2622,315,320,13,implies
1,2623,304,309,3,a
1,2624,132,136,5,b
1,2625,519,521,6,xor
1,2626,265,270,7,or
1,2627,525,529,6,xor
1,2628,322,324,9,not_xor
1,2629,89,94,8,not_or
1,2630,384,385,6,xor
1,2631,518,522,1,and
1,2632,691,694,2,not_implies
1,2633,598,600,9,not_xor
1,2634,624,627,9,not_xor
1,2635,762,765,2,not_implies
1,2636,562,567,10,not_b
1,2637,48,54,10,not_b
1,2638,311,315,7,or
1,2639,565,566,7,or
1,2640,380,384,12,not_a
1,2641,378,383,9,not_xor
1,2642,309,311,6,xor
1,2643,743,745,14,not_and
1,2644,270,273,10,not_b
1,2645,253,258,6,xor
1,2646,411,412,3,a
1,2647,733,735,6,xor
1,2648,221,224,8,not_or
1,2649,265,269,12,not_a
1,2650,778,780,6,xor
1,2651,73,76,1,and
1,2652,126,128,7,or
1,2653,347,350,9,not_xor
1,2654,27,33,11,implied_by
1,2655,100,102,7,or
1,2656,719,723,9,not_xor
1,2657,707,710,8,not_or
1,2658,263,265,2,not_implies
1,2659,262,263,8,not_or
1,2660,731,736,12,not_a
1,2661,639,640,12,not_a
1,2662,347,352,8,not_or
1,2663,311,312,9,not_xor
1,2664,601,603,10,not_b
1,2665,216,219,1,and
1,2666,43,46,7,or
1,2667,575,577,9,not_xor
1,2668,321,322,8,not_or
1,2669,719,722,4,not_implied_by
1,2670,318,323,11,implied_by
1,2671,65,71,8,not_or
1,2672,454,456,8,not_or
1,2673,615,616,3,a
1,2674,572,574,9,not_xor
1,2675,203,205,12,not_a
1,2676,83,88,9,not_xor
1,2677,654,655,5,b
1,2678,90,91,9,not_xor
1,2679,121,122,14,not_and
1,2680,593,598,1,and
1,2681,420,424,7,or
1,2682,43,47,6,xor
1,2683,151,156,5,b
1,2684,73,78,7,or
1,2685,303,307,5,b
1,2686,598,599,9,not_xor
1,2687,161,164,8,not_or
1,2688,704,709,11,implied_by
1,2689,234,238,6,xor
1,2690,336,337,10,not_b
1,2691,353,358,7,or
1,2692,341,342,10,not_b
1,2693,676,681,6,xor
1,2694,202,205,7,or
1,2695,716,721,1,and
1,2696,129,131,8,not_or
1,2697,17,23,13,implies
1,2698,380,381,8,not_or
1,2699,281,285,4,not_implied_by
1,2700,225,229,8,not_or
1,2701,340,341,7,or
1,2702,357,359,1,and
1,2703,283,288,8,not_or
1,2704,7,9,5,b
1,2705,144,149,6,xor
1,2706,310,312,14,not_and
1,2707,582,586,8,not_or
1,2708,425,427,7,or
1,2709,98,103,9,not_xor
1,2710,243,246,9,not_xor
1,2711,667,669,4,not_implied_by
1,2712,10,12,9,not_xor
1,2713,442,444,7,or
1,2714,733,734,12,not_a
1,2715,289,293,6,xor
1,2716,68,74,3,a
1,2717,59,62,13,implies
1,2718,317,321,11,implied_by
1,2719,598,603,7,or
1,2720,739,741,3,a
1,2721,519,524,13,implies
1,2722,727,732,7,or
1,2723,24,26,2,not_implies
1,2724,453,456,13,implies
1,2725,444,445,5,b
1,2726,145,147,4,not_implied_by
1,2727,775,780,7,or
1,2728,336,339,7,or
1,2729,6,10,14,not_and
1,2730,216,217,11,implied_by
1,2731,234,237,1,and
1,2732,757,762,1,and
1,2733,87,88,6,xor
1,2734,407,410,8,not_or
1,2735,301,302,7,or
1,2736,583,587,8,not_or
1,2737,443,447,12,not_a
1,2738,635,638,9,not_xor
1,2739,472,474,1,and
1,2740,542,545,2,not_implies
1,2741,749,750,6,xor
1,2742,199,202,7,or
1,2743,118,120,13,implies
1,2744,178,179,2,not_implies
1,2745,155,160,7,or
1,2746,257,261,7,or
1,2747,631,634,10,not_b
1,2748,82,87,7,or
1,2749,245,248,8,not_or
1,2750,549,550,7,or
1,2751,302,303,7,or
1,2752,217,222,15,one
1,2753,431,434,9,not_xor
1,2754,75,81,9,not_xor
1,2755,582,583,5,b
1,2756,32,33,13,implies
1,2757,773,777,9,not_xor
1,2758,345,346,3,a
1,2759,141,143,10,not_b
1,2760,740,742,6,xor
1,2761,33,36,9,not_xor
1,2762,63,64,12,not_a
1,2763,341,346,3,a
1,2764,441,443,7,or
1,2765,581,585,12,not_a
1,2766,488,489,2,not_implies
1,2767,220,225,3,a
1,2768,690,691,13,implies
1,2769,100,103,4,not_implied_by
1,2770,465,469,6,xor
1,2771,529,533,12,not_a
1,2772,23,27,9,not_xor
1,2773,24,27,2,not_implies
1,2774,402,407,8,not_or
1,2775,97,99,7,or
1,2776,739,740,7,or
1,2777,501,503,13,implies
1,2778,643,645,3,a
1,2779,741,744,6,xor
1,2780,563,565,7,or
1,2781,54,59,6,xor
1,2782,618,623,10,not_b
1,2783,396,400,7,or
1,2784,507,510,8,not_or
1,2785,515,518,8,not_or
1,2786,597,598,10,not_b
1,2787,34,36,8,not_or
1,2788,42,44,14,not_and
1,2789,696,700,2,not_implies
1,2790,218,221,8,not_or
1,2791,614,619,1,and
1,2792,349,353,10,not_b
1,2793,112,117,7,or
1,2794,357,362,12,not_a
1,2795,146,147,7,or
1,2796,466,468,7,or
1,2797,511,513,5,b
1,2798,212,216,9,not_xor
1,2799,638,642,9,not_xor
1,2800,776,779,8,not_or
1,2801,239,241,4,not_implied_by
1,2802,56,60,10,not_b
1,2803,422,425,3,a
1,2804,67,72,4,not_implied_by
1,2805,291,292,14,not_and
1,2806,613,617,10,not_b
1,2807,567,572,1,and
1,2808,643,648,6,xor
1,2809,243,245,1,and
1,2810,469,474,12,not_a
1,2811,479,483,3,a
1,2812,734,737,10,not_b
1,2813,510,515,12,not_a
1,2814,232,237,2,not_implies
1,2815,708,713,8,not_or
1,2816,671,673,5,b
1,2817,501,502,7,or
1,2818,147,149,1,and
1,2819,652,654,11,implied_by
1,2820,350,354,10,not_b
1,2821,663,665,9,not_xor
1,2822,640,644,10,not_b
1,2823,256,259,9,not_xor
1,2824,588,592,14,not_and
1,2825,315,316,8,not_or
1,2826,189,191,10,not_b
1,2827,529,530,8,not_or
1,2828,511,515,13,implies
1,2829,235,240,12,not_a
1,2830,673,678,4,not_implied_by
1,2831,704,706,12,not_a
1,2832,516,520,1,and
1,2833,437,442,9,not_xor
1,2834,578,582,4,not_implied_by
1,2835,159,161,9,not_xor
1,2836,289,292,12,not_a
1,2837,74,77,2,not_implies
1,2838,364,369,7,or
1,2839,408,410,3,a
1,2840,387,391,1,and
1,2841,99,102,14,not_and
1,2842,143,146,11,implied_by
1,2843,272,273,4,not_implied_by
1,2844,287,289,7,or
1,2845,700,703,6,xor
1,2846,579,584,7,or
1,2847,383,388,7,or
1,2848,79,84,5,b
1,2849,312,317,3,a
1,2850,461,465,9,not_xor
1,2851,553,557,6,xor
1,2852,540,544,8,not_or
1,2853,483,486,9,not_xor
1,2854,623,627,14,not_and
1,2855,774,778,6,xor
1,2856,498,503,14,not_and
1,2857,666,668,15,one
1,2858,260,264,9,not_xor
1,2859,206,207,7,or
1,2860,734,736,13,implies
1,2861,123,128,10,not_b
1,2862,441,445,2,not_implies
1,2863,428,433,6,xor
1,2864,488,490,3,a
1,2865,193,195,6,xor
1,2866,602,606,12,not_a
1,2867,263,266,4,not_implied_by
1,2868,305,310,13,implies
1,2869,608,609,6,xor
1,2870,282,287,8,not_or
1,2871,438,442,12,not_a
1,2872,521,523,10,not_b
1,2873,150,153,1,and
1,2874,114,115,8,not_or
1,2875,288,293,9,not_xor
1,2876,642,646,3,a
1,2877,645,649,1,and
1,2878,64,69,6,xor
1,2879,125,128,12,not_a
1,2880,449,453,5,b
1,2881,408,412,6,xor
1,2882,373,378,1,and
1,2883,388,390,10,not_b
1,2884,466,471,1,and
1,2885,773,778,13,implies
1,2886,576,581,3,a
1,2887,360,363,9,not_xor
1,2888,196,201,13,implies
1,2889,127,132,12,not_a
1,2890,375,380,5,b
1,2891,304,306,12,not_a
1,2892,300,301,5,b
1,2893,636,641,9,not_xor
1,2894,141,142,12,not_a
1,2895,325,326,6,xor
1,2896,10,16,7,or
1,2897,354,357,8,not_or
1,2898,439,440,15,one
1,2899,288,291,13,implies
1,2900,743,746,6,xor
1,2901,130,133,10,not_b
1,2902,696,697,6,xor
1,2903,290,294,14,not_and
1,2904,436,440,14,not_and
1,2905,296,299,9,not_xor
1,2906,631,636,5,b
1,2907,504,508,3,a
1,2908,740,744,1,and
1,2909,690,692,1,and
1,2910,276,279,9,not_xor
1,2911,30,35,5,b
1,2912,387,388,8,not_or
1,2913,777,782,6,xor
1,2914,349,352,1,and
1,2915,216,218,5,b
1,2916,699,702,9,not_xor
1,2917,768,773,11,implied_by
1,2918,16,18,1,and
1,2919,355,356,3,a
1,2920,236,238,3,a
1,2921,681,683,4,not_implied_by
1,2922,382,385,6,xor
1,2923,569,572,10,not_b
1,2924,45,49,2,not_implies
1,2925,110,115,8,not_or
1,2926,126,130,3,a
1,2927,7,11,10,not_b
1,2928,136,140,8,not_or
1,2929,61,63,9,not_xor
1,2930,404,409,14,not_and
1,2931,430,433,3,a
1,2932,92,93,12,not_a
1,2933,368,369,6,xor
1,2934,15,18,9,not_xor
1,2935,44,49,9,not_xor
1,2936,512,516,4,not_implied_by
1,2937,148,150,7,or
1,2938,28,29,7,or
1,2939,778,783,1,and
1,2940,507,508,10,not_b
1,2941,340,344,14,not_and
1,2942,70,73,9,not_xor
1,2943,518,523,3,a
1,2944,183,188,7,or
1,2945,709,710,5,b
1,2946,371,376,5,b
1,2947,46,48,8,not_or
1,2948,291,296,15,one
1,2949,432,437,14,not_and
1,2950,134,136,7,or
1,2951,103,104,9,not_xor
1,2952,653,654,9,not_xor
1,2953,277,278,4,not_implied_by
1,2954,505,506,7,or
1,2955,664,666,9,not_xor
1,2956,448,453,5,b
1,2957,653,657,3,a
1,2958,585,588,2,not_implies
1,2959,238,240,6,xor
1,2960,763,766,10,not_b
1,2961,694,698,7,or
1,2962,687,692,2,not_implies
1,2963,167,170,15,one
1,2964,164,165,8,not_or
1,2965,673,675,12,not_a
1,2966,110,112,14,not_and
1,2967,633,636,9,not_xor
1,2968,558,559,4,not_implied_by
1,2969,125,126,9,not_xor
1,2970,51,53,8,not_or
1,2971,241,246,7,or
1,2972,519,522,14,not_and
1,2973,697,702,6,xor
1,2974,180,181,14,not_and
1,2975,634,637,8,not_or
1,2976,6,12,4,not_implied_by
1,2977,40,44,5,b
1,2978,478,481,5,b
1,2979,19,24,9,not_xor
1,2980,394,395,9,not_xor
1,2981,2,5,13,implies
1,2982,194,199,12,not_a
1,2983,732,734,6,xor
1,2984,446,448,8,not_or
1,2985,212,214,9,not_xor
1,2986,753,757,8,not_or
1,2987,170,175,11,implied_by
1,2988,88,94,8,not_or
1,2989,98,101,0,zero
1,2990,549,551,14,not_and
1,2991,30,33,4,not_implied_by
1,2992,500,501,10,not_b
1,2993,603,605,9,not_xor
1,2994,459,461,14,not_and
1,2995,291,295,4,not_implied_by
1,2996,678,682,4,not_implied_by
1,2997,767,771,8,not_or
1,2998,542,544,7,or
1,2999,676,677,8,not_or
1,3000,100,104,2,not_implies
1,3001,53,57,1,and
1,3002,41,46,13,implies
1,3003,484,489,11,implied_by
1,3004,495,499,10,not_b
1,3005,9,15,15,one
1,3006,197,201,7,or
1,3007,65,67,7,or
1,3008,602,607,13,implies
1,3009,245,247,6,xor
1,3010,221,226,9,not_xor
1,3011,355,359,7,or
1,3012,547,548,1,and
1,3013,353,355,8,not_or
1,3014,395,398,6,xor
1,3015,335,336,9,not_xor
1,3016,632,633,5,b
1,3017,428,430,3,a
1,3018,754,756,13,implies
1,3019,580,584,7,or
1,3020,102,107,6,xor
1,3021,311,314,8,not_or
1,3022,744,745,11,implied_by
1,3023,289,290,11,implied_by
1,3024,669,673,10,not_b
1,3025,267,271,6,xor
1,3026,256,260,3,a
1,3027,723,727,9,not_xor
1,3028,103,108,15,one
1,3029,84,85,2,not_implies
1,3030,162,163,9,not_xor
1,3031,385,387,8,not_or
1,3032,213,217,6,xor
1,3033,422,426,6,xor
1,3034,670,674,8,not_or
1,3035,407,412,8,not_or
1,3036,632,635,14,not_and
1,3037,357,360,2,not_implies
1,3038,203,206,11,implied_by
1,3039,509,514,10,not_b
1,3040,254,255,8,not_or
1,3041,312,314,8,not_or
1,3042,191,193,6,xor
1,3043,271,273,1,and
1,3044,477,478,10,not_b
1,3045,607,610,8,not_or
1,3046,585,586,7,or
1,3047,684,689,14,not_and
1,3048,389,391,7,or
1,3049,523,528,8,not_or
1,3050,136,137,8,not_or
1,3051,384,386,9,not_xor
1,3052,287,291,8,not_or
1,3053,48,53,7,or
1,3054,652,653,7,or
1,3055,116,121,15,one
1,3056,575,578,8,not_or
1,3057,393,397,5,b
1,3058,513,516,10,not_b
1,3059,13,15,3,a
1,3060,659,662,14,not_and
1,3061,339,340,6,xor
1,3062,218,219,9,not_xor
1,3063,682,687,6,xor
1,3064,552,557,7,or
1,3065,750,753,6,xor
1,3066,526,530,15,one
1,3067,302,304,14,not_and
1,3068,493,498,9,not_xor
1,3069,339,341,8,not_or
1,3070,668,671,2,not_implies
1,3071,699,703,4,not_implied_by
1,3072,660,665,9,not_xor
1,3073,475,480,8,not_or
1,3074,416,418,7,or
1,3075,229,233,7,or
1,3076,226,230,11,implied_by
1,3077,544,549,7,or
1,3078,266,268,6,xor
1,3079,369,372,14,not_and
1,3080,435,436,10,not_b
1,3081,648,649,1,and
1,3082,181,184,15,one
1,3083,508,509,7,or
1,3084,210,215,10,not_b
1,3085,647,649,14,not_and
1,3086,651,652,8,not_or
1,3087,56,58,11,implied_by
1,3088,676,680,4,not_implied_by
1,3089,361,365,10,not_b
1,3090,211,215,7,or
1,3091,414,417,13,implies
1,3092,282,284,8,not_or
1,3093,660,662,10,not_b
1,3094,314,318,5,b
1,3095,65,66,5,b
1,3096,698,700,12,not_a
1,3097,577,578,14,not_and
1,3098,59,64,5,b
1,3099,711,716,1,and
1,3100,142,144,4,not_implied_by
1,3101,123,126,8,not_or
1,3102,747,752,14,not_and
1,3103,674,678,6,xor
1,3104,231,235,9,not_xor
1,3105,186,191,8,not_or
1,3106,482,483,10,not_b
1,3107,1,6,0,zero
1,3108,229,232,3,a
1,3109,328,329,7,or
1,3110,105,109,14,not_and
1,3111,34,38,9,not_xor
1,3112,44,50,13,implies
1,3113,427,428,9,not_xor
1,3114,285,286,3,a
1,3115,219,223,6,xor
1,3116,218,222,8,not_or
1,3117,521,524,12,not_a
1,3118,320,321,1,and
1,3119,423,426,6,xor
1,3120,631,635,9,not_xor
1,3121,133,135,5,b
1,3122,742,747,12,not_a
1,3123,659,660,9,not_xor
1,3124,396,398,8,not_or
1,3125,772,776,3,a
1,3126,701,705,5,b
1,3127,77,78,7,or
1,3128,208,209,6,xor
1,3129,22,24,1,and
1,3130,425,426,9,not_xor
1,3131,319,323,3,a
1,3132,24,29,5,b
1,3133,166,169,10,not_b
1,3134,54,56,5,b
1,3135,388,389,8,not_or
1,3136,377,382,10,not_b
1,3137,460,461,12,not_a
1,3138,643,647,8,not_or
1,3139,648,651,11,implied_by
1,3140,434,435,2,not_implies
1,3141,578,580,10,not_b
1,3142,148,153,3,a
1,3143,638,640,9,not_xor
1,3144,511,516,6,xor
1,3145,106,111,11,implied_by
1,3146,440,445,8,not_or
1,3147,707,709,4,not_implied_by
1,3148,127,129,1,and
1,3149,498,502,8,not_or
1,3150,395,397,6,xor
1,3151,168,171,6,xor
1,3152,191,195,13,implies
1,3153,729,732,9,not_xor
1,3154,471,472,6,xor
1,3155,742,744,14,not_and
1,3156,722,725,6,xor
1,3157,685,686,8,not_or
1,3158,359,362,8,not_or
1,3159,536,537,3,a
1,3160,297,298,10,not_b
1,3161,560,561,10,not_b
1,3162,657,661,1,and
1,3163,246,251,3,a
1,3164,195,196,8,not_or
1,3165,412,415,8,not_or
1,3166,350,353,12,not_a
1,3167,762,767,10,not_b
1,3168,735,737,8,not_or
1,3169,33,34,5,b
1,3170,728,733,8,not_or
1,3171,251,254,13,implies
1,3172,365,369,9,not_xor
1,3173,258,260,9,not_xor
1,3174,89,91,6,xor
1,3175,295,298,9,not_xor
1,3176,431,433,6,xor
1,3177,532,536,0,zero
1,3178,578,583,2,not_implies
1,3179,33,35,7,or
1,3180,741,746,5,b
1,3181,384,387,3,a
1,3182,508,512,6,xor
1,3183,456,459,11,implied_by
1,3184,228,229,10,not_b
1,3185,537,538,7,or
1,3186,312,316,5,b
1,3187,202,203,7,or
1,3188,184,187,3,a
1,3189,168,170,8,not_or
1,3190,642,647,6,xor
1,3191,69,70,7,or
1,3192,721,724,14,not_and
1,3193,418,419,3,a
1,3194,243,244,10,not_b
1,3195,133,134,5,b
1,3196,79,82,8,not_or
1,3197,430,431,3,a
1,3198,706,710,11,implied_by
1,3199,661,663,7,or
1,3200,420,423,6,xor
1,3201,386,388,2,not_implies
1,3202,163,167,2,not_implies
1,3203,452,457,0,zero
1,3204,745,747,8,not_or
1,3205,138,139,8,not_or
1,3206,276,281,12,not_a
1,3207,398,402,3,a
1,3208,0,3,6,xor
1,3209,263,267,3,a
1,3210,336,340,5,b
1,3211,430,435,9,not_xor
1,3212,778,782,1,and
1,3213,111,113,14,not_and
1,3214,483,484,6,xor
1,3215,492,497,6,xor
1,3216,709,711,6,xor
1,3217,664,669,6,xor
1,3218,200,204,8,not_or
1,3219,205,209,6,xor
1,3220,269,272,10,not_b
1,3221,640,645,11,implied_by
1,3222,244,249,12,not_a
1,3223,293,298,4,not_implied_by
1,3224,564,567,12,not_a
1,3225,167,168,10,not_b
1,3226,298,299,14,not_and
1,3227,473,474,7,or
1,3228,495,497,5,b
1,3229,350,351,1,and
1,3230,207,212,14,not_and
1,3231,499,500,8,not_or
1,3232,419,422,8,not_or
1,3233,724,726,8,not_or
1,3234,149,153,7,or
1,3235,704,705,8,not_or
1,3236,747,749,13,implies
1,3237,175,176,5,b
1,3238,119,122,6,xor
1,3239,420,425,5,b
1,3240,271,276,1,and
1,3241,300,305,2,not_implies
1,3242,654,656,7,or
1,3243,395,399,6,xor
1,3244,618,621,8,not_or
1,3245,616,620,8,not_or
1,3246,65,70,8,not_or
1,3247,119,121,3,a
1,3248,189,190,2,not_implies
1,3249,47,51,6,xor
1,3250,249,251,8,not_or
1,3251,143,144,1,and
1,3252,199,200,8,not_or
1,3253,178,180,8,not_or
1,3254,139,142,2,not_implies
1,3255,187,189,2,not_implies
1,3256,171,172,9,not_xor
1,3257,541,542,9,not_xor
1,3258,120,123,8,not_or
1,3259,565,570,7,or
1,3260,552,555,14,not_and
1,3261,635,636,9,not_xor
1,3262,648,652,6,xor
1,3263,68,72,7,or
1,3264,255,256,7,or
1,3265,745,748,12,not_a
1,3266,689,691,12,not_a
1,3267,489,491,0,zero
1,3268,392,394,5,b
1,3269,378,379,7,or
1,3270,42,48,3,a
1,3271,487,490,6,xor
1,3272,760,763,12,not_a
1,3273,89,90,7,or
1,3274,250,253,4,not_implied_by
1,3275,263,264,12,not_a
1,3276,431,436,10,not_b
1,3277,137,142,1,and
1,3278,146,148,11,implied_by
1,3279,64,67,7,or
1,3280,755,760,6,xor
1,3281,205,210,14,not_and
1,3282,44,46,1,and
1,3283,612,617,2,not_implies
1,3284,54,57,0,zero
1,3285,740,743,7,or
1,3286,171,174,3,a
1,3287,0,5,15,one
1,3288,314,315,8,not_or
1,3289,662,664,6,xor
1,3290,101,105,5,b
1,3291,477,480,12,not_a
1,3292,509,512,3,a
1,3293,436,441,0,zero
1,3294,181,182,9,not_xor
1,3295,174,175,8,not_or
1,3296,52,55,6,xor
1,3297,47,52,7,or
1,3298,48,51,13,implies
1,3299,334,339,6,xor
1,3300,723,725,1,and
1,3301,772,777,13,implies
1,3302,584,589,9,not_xor
1,3303,456,460,4,not_implied_by
1,3304,464,469,14,not_and
1,3305,702,705,2,not_implies
1,3306,405,408,9,not_xor
1,3307,14,16,10,not_b
1,3308,680,681,12,not_a
1,3309,24,25,6,xor
1,3310,666,670,3,a
1,3311,503,508,8,not_or
1,3312,91,97,12,not_a
1,3313,559,563,10,not_b
1,3314,432,434,3,a
1,3315,665,667,6,xor
1,3316,150,151,10,not_b
1,3317,227,230,11,implied_by
1,3318,366,368,9,not_xor
1,3319,320,324,6,xor
1,3320,116,120,11,implied_by
1,3321,669,670,9,not_xor
1,3322,107,111,4,not_implied_by
1,3323,593,597,0,zero
1,3324,349,350,7,or
1,3325,61,66,5,b
1,3326,413,416,12,not_a
1,3327,12,13,4,not_implied_by
1,3328,533,538,9,not_xor
1,3329,387,392,10,not_b
1,3330,472,476,6,xor
1,3331,0,2,2,not_implies
1,3332,58,59,6,xor
1,3333,189,193,8,not_or
1,3334,571,575,3,a
1,3335,137,141,9,not_xor
1,3336,424,427,11,implied_by
1,3337,657,662,9,not_xor
1,3338,765,768,9,not_xor
1,3339,256,261,10,not_b
1,3340,516,517,7,or
1,3341,634,638,8,not_or
1,3342,603,607,3,a
1,3343,297,299,14,not_and
1,3344,528,529,7,or
1,3345,622,625,3,a
1,3346,400,403,12,not_a
1,3347,128,132,2,not_implies
1,3348,490,493,9,not_xor
1,3349,45,50,4,not_implied_by
1,3350,93,98,9,not_xor
1,3351,488,492,0,zero
1,3352,202,204,8,not_or
1,3353,371,375,1,and
1,3354,306,311,7,or
1,3355,102,106,10,not_b
1,3356,756,761,0,zero
1,3357,111,116,4,not_implied_by
1,3358,98,102,6,xor
1,3359,527,530,11,implied_by
1,3360,92,95,8,not_or
1,3361,174,177,7,or
1,3362,130,132,11,implied_by
1,3363,581,584,6,xor
1,3364,412,416,1,and
1,3365,177,179,6,xor
1,3366,485,490,10,not_b
1,3367,338,343,8,not_or
1,3368,270,275,13,implies
1,3369,769,772,12,not_a
1,3370,628,633,5,b
1,3371,458,459,12,not_a
1,3372,610,611,1,and
1,3373,469,471,7,or
1,3374,109,113,6,xor
1,3375,223,225,4,not_implied_by
1,3376,95,98,6,xor
1,3377,727,728,12,not_a
1,3378,499,504,0,zero
1,3379,777,781,7,or
1,3380,164,168,10,not_b
1,3381,200,201,8,not_or
1,3382,317,319,7,or
1,3383,746,750,3,a
1,3384,509,513,12,not_a
1,3385,451,452,6,xor
1,3386,277,280,15,one
1,3387,93,96,6,xor
1,3388,494,497,14,not_and
1,3389,715,718,8,not_or
1,3390,163,168,7,or
1,3391,503,505,8,not_or
1,3392,301,305,10,not_b
1,3393,398,399,5,b
1,3394,337,341,11,implied_by
1,3395,517,519,15,one
1,3396,588,593,6,xor
1,3397,351,353,12,not_a
1,3398,417,419,9,not_xor
1,3399,438,439,7,or
1,3400,408,409,2,not_implies
1,3401,214,217,3,a
1,3402,104,108,9,not_xor
1,3403,46,47,8,not_or
1,3404,151,152,1,and
1,3405,359,363,11,implied_by
1,3406,497,499,10,not_b
1,3407,173,175,7,or
1,3408,412,414,10,not_b
1,3409,437,440,8,not_or
1,3410,451,453,8,not_or
1,3411,244,247,6,xor
1,3412,332,335,12,not_a
1,3413,333,336,7,or
1,3414,403,406,11,implied_by
1,3415,303,305,6,xor
1,3416,92,94,7,or
1,3417,677,679,6,xor
1,3418,729,731,11,implied_by
1,3419,439,444,5,b
1,3420,391,393,6,xor
1,3421,553,554,8,not_or
1,3422,450,453,11,implied_by
1,3423,239,240,9,not_xor
1,3424,545,548,4,not_implied_by
1,3425,660,661,11,implied_by
1,3426,222,227,7,or
1,3427,444,448,7,or
1,3428,364,365,11,implied_by
1,3429,433,435,7,or
1,3430,374,376,14,not_and
1,3431,627,628,9,not_xor
1,3432,455,460,9,not_xor
1,3433,532,537,6,xor
1,3434,628,630,13,implies
1,3435,141,146,8,not_or
1,3436,557,561,13,implies
1,3437,298,302,7,or
1,3438,621,622,7,or
1,3439,752,754,14,not_and
1,3440,474,476,3,a
1,3441,683,684,14,not_and
1,3442,400,404,10,not_b
1,3443,476,479,9,not_xor
1,3444,248,252,10,not_b
1,3445,327,330,3,a
1,3446,58,63,4,not_implied_by
1,3447,757,759,0,zero
1,3448,454,459,5,b
1,3449,569,573,7,or
1,3450,121,126,12,not_a
1,3451,84,86,4,not_implied_by
1,3452,769,773,8,not_or
1,3453,310,315,3,a
1,3454,725,726,5,b
1,3455,141,144,3,a
1,3456,627,629,14,not_and
1,3457,339,343,8,not_or
1,3458,470,472,6,xor
1,3459,226,227,9,not_xor
1,3460,744,748,6,xor
1,3461,158,163,10,not_b
1,3462,161,162,5,b
1,3463,259,261,3,a
1,3464,125,130,8,not_or
1,3465,704,708,5,b
1,3466,475,476,8,not_or
1,3467,99,100,3,a
1,3468,382,386,12,not_a
1,3469,214,216,12,not_a
1,3470,418,420,9,not_xor
1,3471,592,597,6,xor
1,3472,545,549,7,or
1,3473,482,486,1,and
1,3474,323,325,7,or
1,3475,104,106,15,one
1,3476,269,270,1,and
1,3477,269,273,14,not_and
1,3478,705,710,9,not_xor
1,3479,220,221,7,or
1,3480,86,90,7,or
1,3481,156,160,6,xor
1,3482,283,284,12,not_a
1,3483,686,687,1,and
1,3484,27,30,14,not_and
1,3485,447,451,12,not_a
1,3486,272,274,8,not_or
1,3487,703,706,6,xor
1,3488,146,149,12,not_a
1,3489,331,334,13,implies
1,3490,647,651,9,not_xor
1,3491,720,722,2,not_implies
1,3492,49,55,12,not_a
1,3493,385,388,10,not_b
1,3494,49,53,13,implies
1,3495,750,752,5,b
1,3496,591,596,2,not_implies
1,3497,267,272,8,not_or
1,3498,311,313,9,not_xor
1,3499,133,138,2,not_implies
1,3500,302,305,4,not_implied_by
1,3501,571,574,6,xor
1,3502,601,605,1,and
1,3503,561,564,8,not_or
1,3504,335,339,6,xor
1,3505,387,390,13,implies
1,3506,402,403,8,not_or
1,3507,182,186,7,or
1,3508,413,418,12,not_a
1,3509,576,579,4,not_implied_by
1,3510,140,143,6,xor
1,3511,559,564,2,not_implies
1,3512,303,304,6,xor
1,3513,175,178,9,not_xor
1,3514,15,19,13,implies
1,3515,160,162,9,not_xor
1,3516,521,522,9,not_xor
1,3517,445,446,7,or
1,3518,524,527,6,xor
1,3519,702,704,14,not_and
1,3520,245,250,9,not_xor
1,3521,570,573,7,or
1,3522,540,541,6,xor
1,3523,361,364,8,not_or
1,3524,286,288,7,or
1,3525,461,464,6,xor
1,3526,396,397,8,not_or
1,3527,617,621,8,not_or
1,3528,132,134,13,implies
1,3529,623,624,13,implies
1,3530,326,330,4,not_implied_by
1,3531,332,333,7,or
1,3532,604,606,8,not_or
1,3533,748,752,11,implied_by
1,3534,621,626,11,implied_by
1,3535,267,269,12,not_a
1,3536,567,568,9,not_xor
1,3537,601,602,7,or
1,3538,254,259,7,or
1,3539,488,493,14,not_and
1,3540,87,89,10,not_b
1,3541,628,632,9,not_xor
1,3542,624,625,5,b
1,3543,537,541,3,a
1,3544,76,79,8,not_or
1,3545,541,544,14,not_and
1,3546,191,196,2,not_implies
1,3547,528,530,7,or
1,3548,301,304,5,b
1,3549,47,49,8,not_or
1,3550,356,358,10,not_b
1,3551,71,72,9,not_xor
1,3552,105,108,3,a
1,3553,248,253,7,or
1,3554,684,685,10,not_b
1,3555,482,485,11,implied_by
1,3556,677,681,12,not_a
1,3557,215,219,2,not_implies
1,3558,75,78,10,not_b
1,3559,669,671,7,or
1,3560,279,284,11,implied_by
1,3561,464,468,6,xor
1,3562,227,231,8,not_or
1,3563,375,379,6,xor
1,3564,309,313,4,not_implied_by
1,3565,629,634,10,not_b
1,3566,292,294,9,not_xor
1,3567,305,307,12,not_a
1,3568,514,516,7,or
1,3569,169,174,4,not_implied_by
1,3570,596,599,3,a
1,3571,258,262,8,not_or
1,3572,560,562,8,not_or
1,3573,579,583,4,not_implied_by
1,3574,621,623,3,a
1,3575,8,11,3,a
1,3576,63,68,11,implied_by
1,3577,516,518,6,xor
1,3578,589,591,6,xor
1,3579,702,706,12,not_a
1,3580,447,448,9,not_xor
1,3581,730,732,6,xor
1,3582,568,570,3,a
1,3583,616,618,11,implied_by
1,3584,195,200,5,b
1,3585,537,540,3,a
1,3586,348,352,8,not_or
1,3587,500,504,13,implies
1,3588,256,257,12,not_a
1,3589,609,610,3,a
1,3590,386,390,12,not_a
1,3591,61,65,14,not_and
1,3592,224,229,11,implied_by
1,3593,399,404,3,a
1,3594,455,459,1,and
1,3595,536,538,6,xor
1,3596,724,729,4,not_implied_by
1,3597,22,27,8,not_or
1,3598,152,153,13,implies
1,3599,102,103,6,xor
1,3600,671,674,13,implies
1,3601,484,488,13,implies
1,3602,37,42,9,not_xor
1,3603,658,660,6,xor
1,3604,64,66,5,b
1,3605,383,385,14,not_and
1,3606,327,331,5,b
1,3607,121,123,6,xor
1,3608,14,20,12,not_a
1,3609,741,743,7,or
1,3610,584,587,4,not_implied_by
1,3611,726,727,5,b
1,3612,380,383,3,a
1,3613,491,493,4,not_implied_by
1,3614,20,22,12,not_a
1,3615,522,526,13,implies
1,3616,567,570,12,not_a
1,3617,552,553,8,not_or
1,3618,584,588,7,or
1,3619,56,59,8,not_or
1,3620,550,551,7,or
1,3621,131,132,13,implies
1,3622,394,399,10,not_b
1,3623,611,613,3,a
1,3624,89,92,6,xor
1,3625,67,69,10,not_b
1,3626,324,327,10,not_b
1,3627,691,692,8,not_or
1,3628,132,135,6,xor
1,3629,524,529,4,not_implied_by
1,3630,734,739,11,implied_by
1,3631,159,162,10,not_b
1,3632,394,396,13,implies
1,3633,695,700,12,not_a
1,3634,72,75,3,a
1,3635,152,155,1,and
1,3636,143,145,14,not_and
1,3637,293,294,6,xor
1,3638,422,427,4,not_implied_by
1,3639,618,622,4,not_implied_by
1,3640,755,758,5,b
1,3641,451,454,9,not_xor
1,3642,513,518,7,or
1,3643,641,643,14,not_and
1,3644,95,100,12,not_a
1,3645,14,18,12,not_a
1,3646,135,137,7,or
1,3647,574,575,3,a
1,3648,157,160,6,xor
1,3649,313,316,6,xor
1,3650,242,245,5,b
1,3651,58,62,8,not_or
1,3652,696,698,12,not_a
1,3653,688,689,1,and
1,3654,506,511,3,a
1,3655,680,683,9,not_xor
1,3656,764,767,12,not_a
1,3657,31,36,13,implies
1,3658,287,292,13,implies
1,3659,3,5,4,not_implied_by
1,3660,129,132,9,not_xor
1,3661,367,368,7,or
1,3662,753,754,1,and
1,3663,433,434,14,not_and
1,3664,442,446,5,b
1,3665,715,719,9,not_xor
1,3666,208,213,4,not_implied_by
1,3667,288,289,8,not_or
1,3668,365,366,7,or
1,3669,515,519,8,not_or
1,3670,496,498,13,implies
1,3671,645,646,11,implied_by
1,3672,588,589,9,not_xor
1,3673,60,62,7,or
1,3674,4,5,15,one
1,3675,539,541,2,not_implies
1,3676,424,426,10,not_b
1,3677,147,151,12,not_a
1,3678,324,326,13,implies
1,3679,639,643,9,not_xor
1,3680,52,56,1,and
1,3681,665,670,8,not_or
1,3682,617,622,5,b
1,3683,294,299,6,xor
1,3684,650,654,4,not_implied_by
1,3685,161,163,9,not_xor
1,3686,515,517,13,implies
1,3687,118,123,8,not_or
1,3688,730,733,4,not_implied_by
1,3689,246,249,8,not_or
1,3690,290,291,7,or
1,3691,578,581,6,xor
1,3692,85,91,5,b
1,3693,209,211,4,not_implied_by
1,3694,212,217,6,xor
1,3695,530,533,10,not_b
1,3696,26,29,15,one
1,3697,327,329,3,a
1,3698,534,539,9,not_xor
1,3699,651,653,8,not_or
1,3700,364,367,8,not_or
1,3701,687,689,10,not_b
1,3702,100,101,12,not_a
1,3703,81,85,13,implies
1,3704,223,224,5,b
1,3705,47,53,4,not_implied_by
1,3706,462,465,12,not_a
1,3707,69,75,2,not_implies
1,3708,463,465,1,and
1,3709,490,491,6,xor
1,3710,554,559,5,b
1,3711,367,370,7,or
1,3712,479,482,1,and
1,3713,156,161,13,implies
1,3714,356,361,4,not_implied_by
1,3715,69,73,4,not_implied_by
1,3716,159,163,9,not_xor
1,3717,180,183,1,and
1,3718,501,505,12,not_a
1,3719,299,303,1,and
1,3720,234,236,1,and
1,3721,168,169,11,implied_by
1,3722,678,679,6,xor
1,3723,403,407,1,and
1,3724,274,279,12,not_a
1,3725,323,328,4,not_implied_by
1,3726,602,603,7,or
1,3727,451,456,4,not_implied_by
1,3728,664,667,9,not_xor
1,3729,206,210,1,and
1,3730,716,717,15,one
1,3731,78,79,5,b
1,3732,114,116,9,not_xor
1,3733,592,593,9,not_xor
1,3734,78,84,10,not_b
1,3735,166,167,1,and
1,3736,717,721,9,not_xor
1,3737,567,569,14,not_and
1,3738,93,97,14,not_and
1,3739,714,718,6,xor
1,3740,147,152,12,not_a
1,3741,574,578,5,b
1,3742,589,592,1,and
1,3743,502,505,6,xor
1,3744,642,643,4,not_implied_by
1,3745,611,614,14,not_and
1,3746,21,23,15,one
1,3747,303,308,9,not_xor
1,3748,323,327,7,or
1,3749,348,349,7,or
1,3750,146,151,7,or
1,3751,107,108,15,one
1,3752,751,756,14,not_and
1,3753,719,724,4,not_implied_by
1,3754,324,329,10,not_b
1,3755,372,377,3,a
1,3756,505,509,4,not_implied_by
1,3757,17,20,9,not_xor
1,3758,626,627,8,not_or
1,3759,273,277,14,not_and
1,3760,523,525,3,a
1,3761,607,609,8,not_or
1,3762,181,183,7,or
1,3763,40,45,9,not_xor
1,3764,173,178,4,not_implied_by
1,3765,395,400,2,not_implies
1,3766,658,662,12,not_a
1,3767,559,561,7,or
1,3768,637,640,6,xor
1,3769,667,671,6,xor
1,3770,268,269,8,not_or
1,3771,215,218,5,b
1,3772,275,277,9,not_xor
1,3773,592,595,2,not_implies
1,3774,597,599,11,implied_by
1,3775,763,765,8,not_or
1,3776,708,712,7,or
1,3777,604,609,9,not_xor
1,3778,462,466,8,not_or
1,3779,191,192,14,not_and
1,3780,443,445,8,not_or
1,3781,688,690,11,implied_by
1,3782,20,23,5,b
1,3783,40,46,2,not_implies
1,3784,299,302,8,not_or
1,3785,145,146,7,or
1,3786,635,637,9,not_xor
1,3787,649,653,6,xor
1,3788,491,495,3,a
1,3789,408,413,1,and
1,3790,484,487,13,implies
1,3791,105,110,9,not_xor
1,3792,290,293,8,not_or
1,3793,196,200,4,not_implied_by
1,3794,391,394,2,not_implies
1,3795,11,12,7,or
1,3796,735,736,8,not_or
1,3797,493,495,15,one
1,3798,383,386,1,and
1,3799,296,298,14,not_and
1,3800,186,189,5,b
1,3801,250,254,3,a
1,3802,542,547,9,not_xor
1,3803,151,154,9,not_xor
1,3804,313,315,6,xor
1,3805,352,357,5,b
1,3806,397,399,8,not_or
1,3807,393,398,6,xor
1,3808,536,541,7,or
1,3809,45,47,6,xor
1,3810,190,195,9,not_xor
1,3811,2,8,2,not_implies
1,3812,181,186,14,not_and
1,3813,199,201,0,zero
1,3814,201,202,9,not_xor
1,3815,530,534,6,xor
1,3816,383,387,9,not_xor
1,3817,250,252,7,or
1,3818,393,396,13,implies
1,3819,425,428,4,not_implied_by
1,3820,182,183,12,not_a
1,3821,561,566,4,not_implied_by
1,3822,619,622,2,not_implies
1,3823,630,632,7,or
1,3824,439,443,7,or
1,3825,354,358,5,b
1,3826,44,47,10,not_b
1,3827,640,642,12,not_a
1,3828,631,633,10,not_b
1,3829,467,472,7,or
1,3830,104,105,2,not_implies
1,3831,549,552,3,a
1,3832,641,646,8,not_or
1,3833,0,1,11,implied_by
1,3834,294,295,8,not_or
1,3835,717,722,4,not_implied_by
1,3836,275,279,13,implies
1,3837,531,536,4,not_implied_by
1,3838,16,17,12,not_a
1,3839,11,14,5,b
1,3840,70,75,9,not_xor
1,3841,270,272,7,or
1,3842,458,460,5,b
1,3843,439,441,2,not_implies
1,3844,138,142,4,not_implied_by
1,3845,154,157,9,not_xor
1,3846,117,121,9,not_xor
1,3847,613,616,7,or
1,3848,701,702,10,not_b
1,3849,601,606,4,not_implied_by
1,3850,118,121,9,not_xor
1,3851,738,740,8,not_or
1,3852,359,364,9,not_xor
1,3853,554,556,10,not_b
1,3854,39,44,5,b
1,3855,776,778,5,b
1,3856,752,755,3,a
1,3857,310,313,6,xor
1,3858,298,303,9,not_xor
1,3859,185,186,8,not_or
1,3860,696,701,5,b
1,3861,66,72,7,or
1,3862,32,35,7,or
1,3863,656,658,9,not_xor
1,3864,538,540,6,xor
1,3865,742,745,8,not_or
1,3866,438,441,7,or
1,3867,525,526,13,implies
1,3868,761,765,9,not_xor
1,3869,229,234,7,or
1,3870,101,104,3,a
1,3871,162,167,13,implies
1,3872,502,504,6,xor
1,3873,288,292,3,a
1,3874,605,610,4,not_implied_by
1,3875,512,514,6,xor
1,3876,186,190,13,implies
1,3877,135,136,7,or
1,3878,338,340,15,one
1,3879,66,68,6,xor
1,3880,764,765,15,one
1,3881,474,478,8,not_or
1,3882,344,345,3,a
1,3883,428,429,6,xor
1,3884,503,506,13,implies
1,3885,552,554,4,not_implied_by
1,3886,650,652,12,not_a
1,3887,26,31,13,implies
1,3888,528,533,3,a
1,3889,210,214,7,or
1,3890,558,561,8,not_or
1,3891,687,691,5,b
1,3892,135,138,2,not_implies
1,3893,692,695,3,a
1,3894,599,604,6,xor
1,3895,633,635,6,xor
1,3896,115,119,6,xor
1,3897,244,246,3,a
1,3898,516,519,8,not_or
1,3899,697,698,6,xor
1,3900,547,551,1,and
1,3901,149,152,3,a
1,3902,416,421,0,zero
1,3903,442,443,3,a
1,3904,681,682,13,implies
1,3905,623,626,4,not_implied_by
1,3906,76,82,12,not_a
1,3907,425,429,6,xor
1,3908,692,693,7,or
1,3909,772,774,8,not_or
1,3910,437,441,9,not_xor
1,3911,604,605,8,not_or
1,3912,128,130,12,not_a
1,3913,564,569,9,not_xor
1,3914,80,86,2,not_implies
1,3915,611,616,2,not_implies
1,3916,459,463,6,xor
1,3917,236,237,7,or
1,3918,550,555,2,not_implies
1,3919,131,135,6,xor
1,3920,217,219,8,not_or
1,3921,122,125,8,not_or
1,3922,140,141,4,not_implied_by
1,3923,35,40,11,implied_by
1,3924,413,417,11,implied_by
1,3925,655,659,7,or
1,3926,758,760,6,xor
1,3927,362,363,1,and
1,3928,325,328,13,implies
1,3929,98,99,7,or
1,3930,144,147,3,a
1,3931,414,418,2,not_implies
1,3932,719,720,12,not_a
1,3933,494,499,12,not_a
1,3934,491,492,12,not_a
1,3935,458,461,6,xor
1,3936,590,594,4,not_implied_by
1,3937,510,511,8,not_or
1,3938,555,557,15,one
1,3939,674,676,6,xor
1,3940,633,634,7,or
1,3941,269,271,8,not_or
1,3942,38,42,0,zero
1,3943,735,740,13,implies
1,3944,319,324,6,xor
1,3945,461,463,12,not_a
1,3946,462,464,6,xor
1,3947,510,512,10,not_b
1,3948,62,64,11,implied_by
1,3949,680,685,8,not_or
1,3950,206,208,7,or
1,3951,596,600,4,not_implied_by
1,3952,122,123,2,not_implies
1,3953,103,106,7,or
1,3954,494,496,14,not_and
1,3955,35,41,11,implied_by
1,3956,177,178,7,or
1,3957,570,575,5,b
1,3958,666,667,9,not_xor
1,3959,452,455,8,not_or
1,3960,271,274,5,b
1,3961,379,380,7,or
1,3962,56,62,2,not_implies
1,3963,465,468,4,not_implied_by
1,3964,209,214,3,a
1,3965,322,326,1,and
1,3966,303,306,9,not_xor
1,3967,686,690,13,implies
1,3968,300,302,13,implies
1,3969,138,143,5,b
1,3970,666,669,9,not_xor
1,3971,463,468,13,implies
1,3972,727,729,7,or
1,3973,626,630,1,and
1,3974,40,43,8,not_or
1,3975,354,356,3,a
1,3976,265,266,1,and
1,3977,489,493,9,not_xor
1,3978,381,386,14,not_and
1,3979,435,439,6,xor
1,3980,275,278,0,zero
1,3981,64,70,8,not_or
1,3982,50,55,6,xor
1,3983,216,220,5,b
1,3984,700,701,10,not_b
1,3985,49,52,7,or
1,3986,663,666,12,not_a
1,3987,50,53,10,not_b
1,3988,633,638,10,not_b
1,3989,687,688,7,or
1,3990,547,550,4,not_implied_by
1,3991,346,351,10,not_b
1,3992,172,177,7,or
1,3993,571,573,6,xor
1,3994,60,66,9,not_xor
1,3995,124,128,9,not_xor
1,3996,709,712,6,xor
1,3997,118,119,13,implies
1,3998,511,512,11,implied_by
1,3999,253,255,5,b
2,0,3450,3451,12,not_a
2,1,3286,3287,10,not_b
2,2,2065,2066,8,not_or
2,3,3538,3539,3,a
2,4,1972,1973,12,not_a
2,5,3957,3958,10,not_b
2,6,2932,2933,6,xor
2,7,2262,2263,6,xor
2,8,684,685,12,not_a
2,9,1017,1018,5,b
2,10,1833,1834,3,a
2,11,3409,3410,4,not_implied_by
2,12,1078,1079,6,xor
2,13,2442,2443,13,implies
2,14,3707,3708,11,implied_by
2,15,1621,1622,1,and
2,16,1224,1225,10,not_b
2,17,163,164,9,not_xor
2,18,1711,1712,7,or
2,19,3621,3622,5,b
2,20,454,455,10,not_b
2,21,2472,2473,14,not_and
2,22,886,887,15,one
2,23,147,148,5,b
2,24,3318,3319,8,not_or
2,25,1275,1276,3,a
2,26,2658,2659,10,not_b
2,27,603,604,13,implies
2,28,1590,1591,4,not_implied_by
2,29,723,724,12,not_a
2,30,1171,1172,5,b
2,31,1153,1154,4,not_implied_by
2,32,3296,3297,8,not_or
2,33,1439,1440,1,and
2,34,589,590,6,xor
2,35,879,880,2,not_implies
2,36,2929,2930,3,a
2,37,1783,1784,13,implies
2,38,1359,1360,8,not_or
2,39,2444,2445,7,or
2,40,468,469,7,or
2,41,2493,2494,1,and
2,42,2117,2118,6,xor
2,43,3754,3755,3,a
2,44,3259,3260,5,b
2,45,1230,1231,9,not_xor
2,46,3427,3428,9,not_xor
2,47,3905,3906,7,or
2,48,3038,3039,8,not_or
2,49,2985,2986,11,implied_by
2,50,3326,3327,3,a
2,51,142,143,12,not_a
2,52,1640,1641,12,not_a
2,53,1027,1028,1,and
2,54,234,235,11,implied_by
2,55,2701,2702,13,implies
2,56,3432,3433,13,implies
2,57,517,518,9,not_xor
2,58,533,534,9,not_xor
2,59,3425,3426,7,or
2,60,3300,3301,10,not_b
2,61,2055,2056,4,not_implied_by
2,62,2781,2782,11,implied_by
2,63,1443,1444,14,not_and
2,64,3313,3314,7,or
2,65,1489,1490,9,not_xor
2,66,2227,2228,3,a
2,67,1219,1220,10,not_b
2,68,1559,1560,3,a
2,69,3542,3543,6,xor
2,70,2388,2389,9,not_xor
2,71,1693,1694,14,not_and
2,72,3759,3760,14,not_and
2,73,773,774,13,implies
2,74,1075,1076,10,not_b
2,75,2869,2870,3,a
2,76,2151,2152,13,implies
2,77,3750,3751,12,not_a
2,78,165,166,12,not_a
2,79,3888,3889,10,not_b
2,80,2465,2466,1,and
2,81,3240,3241,4,not_implied_by
2,82,3124,3125,13,implies
2,83,1502,1503,5,b
2,84,2312,2313,13,implies
2,85,223,224,12,not_a
2,86,1291,1292,5,b
2,87,3281,3282,5,b
2,88,2693,2694,10,not_b
2,89,2685,2686,4,not_implied_by
2,90,3886,3887,1,and
2,91,2454,2455,3,a
2,92,3337,3338,6,xor
2,93,3970,3971,3,a
2,94,2202,2203,3,a
2,95,1638,1639,1,and
2,96,138,139,10,not_b
2,97,630,631,3,a
2,98,2225,2226,13,implies
2,99,1421,1422,1,and
2,100,688,689,8,not_or
2,101,281,282,5,b
2,102,2740,2741,13,implies
2,103,3979,3980,3,a
2,104,2890,2891,3,a
2,105,1890,1891,12,not_a
2,106,2824,2825,5,b
2,107,516,517,15,one
2,108,22,23,8,not_or
2,109,541,542,12,not_a
2,110,1269,1270,13,implies
2,111,1089,1090,4,not_implied_by
2,112,38,39,15,one
2,113,2860,2861,3,a
2,114,2247,2248,4,not_implied_by
2,115,1847,1848,1,and
2,116,2705,2706,9,not_xor
2,117,68,69,10,not_b
2,118,2877,2878,10,not_b
2,119,3431,3432,10,not_b
2,120,3871,3872,1,and
2,121,2016,2017,6,xor
2,122,3505,3506,13,implies
2,123,756,757,5,b
2,124,1156,1157,5,b
2,125,481,482,8,not_or
2,126,678,679,12,not_a
2,127,763,764,11,implied_by
2,128,1846,1847,2,not_implies
2,129,3747,3748,1,and
2,130,2192,2193,3,a
2,131,3642,3643,14,not_and
2,132,2988,2989,6,xor
2,133,2427,2428,12,not_a
2,134,2062,2063,4,not_implied_by
2,135,2111,2112,1,and
2,136,2631,2632,2,not_implies
2,137,2278,2279,7,or
2,138,3145,3146,14,not_and
2,139,2963,2964,4,not_implied_by
2,140,1603,1604,13,implies
2,141,1109,1110,10,not_b
2,142,3828,3829,10,not_b
2,143,895,896,7,or
2,144,3,4,9,not_xor
2,145,2330,2331,3,a
2,146,2633,2634,3,a
2,147,613,614,6,xor
2,148,2483,2484,4,not_implied_by
2,149,463,464,9,not_xor
2,150,3443,3444,3,a
2,151,3585,3586,11,implied_by
2,152,974,975,8,not_or
2,153,1894,1895,7,or
2,154,2420,2421,12,not_a
2,155,1602,1603,5,b
2,156,1891,1892,10,not_b
2,157,3975,3976,9,not_xor
2,158,3257,3258,2,not_implies
2,159,2249,2250,12,not_a
2,160,2320,2321,7,or
2,161,67,68,9,not_xor
2,162,201,202,12,not_a
2,163,3695,3696,1,and
2,164,1204,1205,6,xor
2,165,127,128,4,not_implied_by
2,166,3055,3056,10,not_b
2,167,475,476,3,a
2,168,2949,2950,9,not_xor
2,169,3372,3373,7,or
2,170,3086,3087,4,not_implied_by
2,171,2048,2049,0,zero
2,172,1061,1062,12,not_a
2,173,1860,1861,6,xor
2,174,3078,3079,3,a
2,175,1720,1721,2,not_implies
2,176,412,413,10,not_b
2,177,1595,1596,6,xor
2,178,2572,2573,4,not_implied_by
2,179,1756,1757,6,xor
2,180,820,821,11,implied_by
2,181,1012,1013,11,implied_by
2,182,2999,3000,14,not_and
2,183,3325,3326,3,a
2,184,3607,3608,11,implied_by
2,185,33,34,2,not_implies
2,186,1754,1755,12,not_a
2,187,2066,2067,13,implies
2,188,2839,2840,12,not_a
2,189,788,789,3,a
2,190,2360,2361,10,not_b
2,191,540,541,13,implies
2,192,431,432,8,not_or
2,193,497,498,9,not_xor
2,194,705,706,10,not_b
2,195,2179,2180,10,not_b
2,196,3942,3943,5,b
2,197,233,234,10,not_b
2,198,3479,3480,10,not_b
2,199,636,637,5,b
2,200,798,799,2,not_implies
2,201,1967,1968,14,not_and
2,202,2798,2799,13,implies
2,203,3200,3201,7,or
2,204,3459,3460,13,implies
2,205,1047,1048,5,b
2,206,1961,1962,2,not_implies
2,207,3280,3281,10,not_b
2,208,3831,3832,12,not_a
2,209,2609,2610,8,not_or
2,210,373,374,13,implies
2,211,3706,3707,5,b
2,212,3726,3727,2,not_implies
2,213,3774,3775,1,and
2,214,2077,2078,1,and
2,215,1788,1789,2,not_implies
2,216,2042,2043,13,implies
2,217,1418,1419,14,not_and
2,218,2178,2179,4,not_implied_by
2,219,3288,3289,2,not_implies
2,220,3128,3129,8,not_or
2,221,2946,2947,3,a
2,222,3485,3486,5,b
2,223,3841,3842,1,and
2,224,2959,2960,10,not_b
2,225,3924,3925,10,not_b
2,226,1178,1179,3,a
2,227,2345,2346,2,not_implies
2,228,2562,2563,3,a
2,229,854,855,12,not_a
2,230,797,798,10,not_b
2,231,1475,1476,7,or
2,232,653,654,11,implied_by
2,233,1414,1415,13,implies
2,234,3589,3590,4,not_implied_by
2,235,1670,1671,2,not_implies
2,236,1804,1805,10,not_b
2,237,2829,2830,10,not_b
2,238,3938,3939,12,not_a
2,239,2009,2010,3,a
2,240,853,854,14,not_and
2,241,3487,3488,12,not_a
2,242,3613,3614,5,b
2,243,3878,3879,2,not_implies
2,244,547,548,1,and
2,245,785,786,7,or
2,246,3798,3799,9,not_xor
2,247,3857,3858,3,a
2,248,2224,2225,3,a
2,249,2152,2153,2,not_implies
2,250,1815,1816,6,xor
2,251,2719,2720,4,not_implied_by
2,252,3203,3204,4,not_implied_by
2,253,633,634,2,not_implies
2,254,2024,2025,9,not_xor
2,255,3666,3667,7,or
2,256,2256,2257,10,not_b
2,257,753,754,6,xor
2,258,3373,3374,12,not_a
2,259,466,467,7,or
2,260,2207,2208,14,not_and
2,261,1814,1815,8,not_or
2,262,1309,1310,5,b
2,263,242,243,2,not_implies
2,264,396,397,3,a
2,265,1908,1909,7,or
2,266,1672,1673,13,implies
2,267,2525,2526,11,implied_by
2,268,3560,3561,12,not_a
2,269,1924,1925,11,implied_by
2,270,1325,1326,8,not_or
2,271,3665,3666,1,and
2,272,784,785,9,not_xor
2,273,3356,3357,6,xor
2,274,3457,3458,1,and
2,275,2861,2862,9,not_xor
2,276,1263,1264,8,not_or
2,277,1963,1964,12,not_a
2,278,3254,3255,10,not_b
2,279,3470,3471,9,not_xor
2,280,2831,2832,6,xor
2,281,3205,3206,9,not_xor
2,282,946,947,11,implied_by
2,283,2102,2103,1,and
2,284,968,969,13,implies
2,285,1653,1654,13,implies
2,286,296,297,10,not_b
2,287,1658,1659,6,xor
2,288,3358,3359,6,xor
2,289,1320,1321,6,xor
2,290,3648,3649,12,not_a
2,291,3653,3654,4,not_implied_by
2,292,1049,1050,3,a
2,293,1936,1937,11,implied_by
2,294,3751,3752,12,not_a
2,295,2863,2864,7,or
2,296,3166,3167,11,implied_by
2,297,3819,3820,15,one
2,298,2793,2794,8,not_or
2,299,1900,1901,2,not_implies
2,300,1023,1024,5,b
2,301,1362,1363,2,not_implies
2,302,3717,3718,14,not_and
2,303,1006,1007,10,not_b
2,304,2937,2938,12,not_a
2,305,2980,2981,6,xor
2,306,755,756,5,b
2,307,817,818,6,xor
2,308,868,869,14,not_and
2,309,3351,3352,5,b
2,310,1478,1479,2,not_implies
2,311,3641,3642,1,and
2,312,1830,1831,1,and
2,313,958,959,10,not_b
2,314,1910,1911,5,b
2,315,2291,2292,4,not_implied_by
2,316,2715,2716,12,not_a
2,317,3780,3781,9,not_xor
2,318,690,691,5,b
2,319,1180,1181,12,not_a
2,320,2644,2645,10,not_b
2,321,3187,3188,7,or
2,322,2036,2037,13,implies
2,323,1417,1418,4,not_implied_by
2,324,1681,1682,2,not_implies
2,325,1887,1888,4,not_implied_by
2,326,3508,3509,15,one
2,327,2557,2558,14,not_and
2,328,3268,3269,4,not_implied_by
2,329,1949,1950,3,a
2,330,1228,1229,7,or
2,331,3091,3092,3,a
2,332,1642,1643,14,not_and
2,333,2817,2818,3,a
2,334,2827,2828,11,implied_by
2,335,2809,2810,12,not_a
2,336,1807,1808,9,not_xor
2,337,2031,2032,3,a
2,338,3305,3306,4,not_implied_by
2,339,3437,3438,2,not_implies
2,340,3466,3467,1,and
2,341,3108,3109,9,not_xor
2,342,2778,2779,5,b
2,343,1625,1626,2,not_implies
2,344,3384,3385,13,implies
2,345,3033,3034,5,b
2,346,2878,2879,12,not_a
2,347,2571,2572,7,or
2,348,2808,2809,3,a
2,349,1448,1449,5,b
2,350,3692,3693,9,not_xor
2,351,3803,3804,1,and
2,352,1512,1513,10,not_b
2,353,3103,3104,9,not_xor
2,354,2663,2664,6,xor
2,355,1396,1397,6,xor
2,356,209,210,4,not_implied_by
2,357,59,60,1,and
2,358,572,573,2,not_implies
2,359,2308,2309,1,and
2,360,1271,1272,9,not_xor
2,361,2568,2569,5,b
2,362,2881,2882,13,implies
2,363,3063,3064,8,not_or
2,364,2130,2131,9,not_xor
2,365,349,350,12,not_a
2,366,3953,3954,5,b
2,367,3724,3725,6,xor
2,368,1029,1030,3,a
2,369,732,733,11,implied_by
2,370,3897,3898,13,implies
2,371,1809,1810,7,or
2,372,3206,3207,2,not_implies
2,373,1268,1269,11,implied_by
2,374,682,683,11,implied_by
2,375,2883,2884,13,implies
2,376,3988,3989,1,and
2,377,1877,1878,6,xor
2,378,3155,3156,11,implied_by
2,379,558,559,14,not_and
2,380,2502,2503,9,not_xor
2,381,1632,1633,14,not_and
2,382,2722,2723,1,and
2,383,1713,1714,10,not_b
2,384,2953,2954,10,not_b
2,385,1895,1896,9,not_xor
2,386,3484,3485,2,not_implies
2,387,2855,2856,4,not_implied_by
2,388,3936,3937,6,xor
2,389,3062,3063,10,not_b
2,390,2736,2737,1,and
2,391,3141,3142,12,not_a
2,392,3109,3110,1,and
2,393,1953,1954,8,not_or
2,394,1933,1934,14,not_and
2,395,2157,2158,3,a
2,396,2859,2860,0,zero
2,397,3477,3478,2,not_implies
2,398,2142,2143,10,not_b
2,399,3475,3476,1,and
2,400,1328,1329,6,xor
2,401,2600,2601,7,or
2,402,2784,2785,12,not_a
2,403,1858,1859,12,not_a
2,404,3687,3688,6,xor
2,405,525,526,13,implies
2,406,3680,3681,4,not_implied_by
2,407,206,207,14,not_and
2,408,2542,2543,11,implied_by
2,409,687,688,3,a
2,410,2704,2705,11,implied_by
2,411,3934,3935,9,not_xor
2,412,2821,2822,12,not_a
2,413,1025,1026,12,not_a
2,414,2298,2299,6,xor
2,415,2779,2780,8,not_or
2,416,3243,3244,4,not_implied_by
2,417,3556,3557,6,xor
2,418,2984,2985,7,or
2,419,1310,1311,12,not_a
2,420,2378,2379,1,and
2,421,1692,1693,14,not_and
2,422,2654,2655,4,not_implied_by
2,423,3253,3254,14,not_and
2,424,553,554,2,not_implies
2,425,2794,2795,1,and
2,426,374,375,9,not_xor
2,427,2975,2976,9,not_xor
2,428,1041,1042,2,not_implies
2,429,810,811,11,implied_by
2,430,1307,1308,12,not_a
2,431,3352,3353,12,not_a
2,432,327,328,4,not_implied_by
2,433,1509,1510,3,a
2,434,3411,3412,8,not_or
2,435,1781,1782,4,not_implied_by
2,436,417,418,7,or
2,437,3925,3926,12,not_a
2,438,2495,2496,9,not_xor
2,439,2309,2310,10,not_b
2,440,3087,3088,7,or
2,441,345,346,6,xor
2,442,752,753,13,implies
2,443,3512,3513,12,not_a
2,444,356,357,1,and
2,445,3050,3051,13,implies
2,446,996,997,9,not_xor
2,447,196,197,14,not_and
2,448,2499,2500,5,b
2,449,3520,3521,1,and
2,450,583,584,13,implies
2,451,3133,3134,11,implied_by
2,452,3464,3465,8,not_or
2,453,2622,2623,8,not_or
2,454,485,486,2,not_implies
2,455,1007,1008,1,and
2,456,2310,2311,6,xor
2,457,2038,2039,7,or
2,458,3545,3546,11,implied_by
2,459,2596,2597,12,not_a
2,460,923,924,10,not_b
2,461,2618,2619,4,not_implied_by
2,462,549,550,12,not_a
2,463,2279,2280,14,not_and
2,464,1958,1959,3,a
2,465,1081,1082,10,not_b
2,466,10,11,10,not_b
2,467,3101,3102,1,and
2,468,3338,3339,6,xor
2,469,1906,1907,10,not_b
2,470,2141,2142,4,not_implied_by
2,471,236,237,5,b
2,472,2662,2663,5,b
2,473,1742,1743,14,not_and
2,474,3376,3377,3,a
2,475,1525,1526,7,or
2,476,1274,1275,3,a
2,477,2799,2800,12,not_a
2,478,611,612,9,not_xor
2,479,1648,1649,13,implies
2,480,559,560,1,and
2,481,2680,2681,9,not_xor
2,482,2099,2100,3,a
2,483,3791,3792,12,not_a
2,484,2198,2199,6,xor
2,485,1828,1829,3,a
2,486,2755,2756,4,not_implied_by
2,487,1221,1222,7,or
2,488,3735,3736,8,not_or
2,489,1155,1156,5,b
2,490,2554,2555,6,xor
2,491,34,35,5,b
2,492,2095,2096,1,and
2,493,2802,2803,1,and
2,494,3675,3676,4,not_implied_by
2,495,3652,3653,3,a
2,496,2527,2528,11,implied_by
2,497,3969,3970,10,not_b
2,498,1002,1003,14,not_and
2,499,1399,1400,10,not_b
2,500,108,109,12,not_a
2,501,2724,2725,1,and
2,502,1544,1545,13,implies
2,503,3849,3850,10,not_b
2,504,2177,2178,8,not_or
2,505,2771,2772,4,not_implied_by
2,506,697,698,5,b
2,507,2983,2984,1,and
2,508,2998,2999,14,not_and
2,509,1956,1957,7,or
2,510,1379,1380,12,not_a
2,511,1589,1590,13,implies
2,512,449,450,9,not_xor
2,513,1872,1873,8,not_or
2,514,2137,2138,2,not_implies
2,515,3949,3950,6,xor
2,516,159,160,12,not_a
2,517,3913,3914,8,not_or
2,518,3007,3008,6,xor
2,519,128,129,9,not_xor
2,520,794,795,12,not_a
2,521,244,245,9,not_xor
2,522,971,972,13,implies
2,523,2336,2337,3,a
2,524,3348,3349,13,implies
2,525,1508,1509,8,not_or
2,526,2539,2540,9,not_xor
2,527,1566,1567,2,not_implies
2,528,2080,2081,1,and
2,529,1020,1021,4,not_implied_by
2,530,397,398,3,a
2,531,2357,2358,7,or
2,532,2690,2691,14,not_and
2,533,3003,3004,6,xor
2,534,422,423,6,xor
2,535,1579,1580,10,not_b
2,536,2819,2820,2,not_implies
2,537,221,222,3,a
2,538,1065,1066,3,a
2,539,404,405,7,or
2,540,1667,1668,5,b
2,541,1373,1374,2,not_implies
2,542,1983,1984,9,not_xor
2,543,311,312,3,a
2,544,1074,1075,6,xor
2,545,2204,2205,10,not_b
2,546,2266,2267,10,not_b
2,547,1969,1970,12,not_a
2,548,2723,2724,5,b
2,549,2392,2393,10,not_b
2,550,2405,2406,14,not_and
2,551,951,952,14,not_and
2,552,1485,1486,12,not_a
2,553,1709,1710,1,and
2,554,1051,1052,10,not_b
2,555,2853,2854,11,implied_by
2,556,1902,1903,1,and
2,557,2133,2134,12,not_a
2,558,3097,3098,9,not_xor
2,559,716,717,14,not_and
2,560,3914,3915,7,or
2,561,2400,2401,7,or
2,562,1582,1583,6,xor
2,563,3575,3576,11,implied_by
2,564,2203,2204,14,not_and
2,565,2549,2550,7,or
2,566,3401,3402,12,not_a
2,567,1076,1077,9,not_xor
2,568,392,393,8,not_or
2,569,896,897,13,implies
2,570,1696,1697,5,b
2,571,176,177,9,not_xor
2,572,1597,1598,9,not_xor
2,573,2515,2516,5,b
2,574,2931,2932,2,not_implies
2,575,892,893,5,b
2,576,770,771,4,not_implied_by
2,577,623,624,12,not_a
2,578,1279,1280,12,not_a
2,579,3148,3149,12,not_a
2,580,2411,2412,5,b
2,581,2898,2899,8,not_or
2,582,3468,3469,9,not_xor
2,583,3051,3052,1,and
2,584,1363,1364,3,a
2,585,2219,2220,1,and
2,586,3959,3960,12,not_a
2,587,3932,3933,0,zero
2,588,434,435,7,or
2,589,1832,1833,13,implies
2,590,2666,2667,10,not_b
2,591,467,468,9,not_xor
2,592,3911,3912,9,not_xor
2,593,1856,1857,12,not_a
2,594,1282,1283,4,not_implied_by
2,595,3270,3271,10,not_b
2,596,2506,2507,2,not_implies
2,597,1760,1761,9,not_xor
2,598,3029,3030,2,not_implies
2,599,1547,1548,3,a
2,600,804,805,6,xor
2,601,1586,1587,11,implied_by
2,602,2355,2356,5,b
2,603,3069,3070,15,one
2,604,205,206,8,not_or
2,605,871,872,3,a
2,606,953,954,8,not_or
2,607,3365,3366,3,a
2,608,2846,2847,7,or
2,609,2862,2863,6,xor
2,610,1256,1257,3,a
2,611,1885,1886,11,implied_by
2,612,2386,2387,13,implies
2,613,1818,1819,11,implied_by
2,614,2641,2642,10,not_b
2,615,2205,2206,1,and
2,616,2183,2184,4,not_implied_by
2,617,2752,2753,14,not_and
2,618,955,956,11,implied_by
2,619,3770,3771,13,implies
2,620,1413,1414,5,b
2,621,1986,1987,9,not_xor
2,622,3323,3324,8,not_or
2,623,2991,2992,14,not_and
2,624,2396,2397,3,a
2,625,3275,3276,14,not_and
2,626,2865,2866,4,not_implied_by
2,627,2122,2123,6,xor
2,628,3610,3611,9,not_xor
2,629,1001,1002,14,not_and
2,630,1507,1508,3,a
2,631,1498,1499,13,implies
2,632,1484,1485,3,a
2,633,1662,1663,8,not_or
2,634,1572,1573,1,and
2,635,3710,3711,3,a
2,636,3880,3881,7,or
2,637,3555,3556,2,not_implies
2,638,3380,3381,2,not_implies
2,639,3419,3420,6,xor
2,640,166,167,12,not_a
2,641,204,205,12,not_a
2,642,2253,2254,2,not_implies
2,643,2264,2265,10,not_b
2,644,937,938,12,not_a
2,645,501,502,6,xor
2,646,1688,1689,2,not_implies
2,647,1352,1353,11,implied_by
2,648,2686,2687,11,implied_by
2,649,2807,2808,14,not_and
2,650,1530,1531,3,a
2,651,1719,1720,13,implies
2,652,3796,3797,14,not_and
2,653,2213,2214,2,not_implies
2,654,2194,2195,14,not_and
2,655,457,458,14,not_and
2,656,1941,1942,7,or
2,657,476,477,9,not_xor
2,658,3451,3452,9,not_xor
2,659,3353,3354,11,implied_by
2,660,1084,1085,5,b
2,661,491,492,2,not_implies
2,662,2590,2591,2,not_implies
2,663,1669,1670,13,implies
2,664,1511,1512,12,not_a
2,665,2576,2577,8,not_or
2,666,2132,2133,6,xor
2,667,609,610,8,not_or
2,668,3664,3665,9,not_xor
2,669,2923,2924,8,not_or
2,670,3399,3400,7,or
2,671,1419,1420,8,not_or
2,672,23,24,12,not_a
2,673,1952,1953,12,not_a
2,674,2072,2073,6,xor
2,675,2833,2834,6,xor
2,676,1909,1910,15,one
2,677,3031,3032,8,not_or
2,678,3628,3629,13,implies
2,679,3873,3874,3,a
2,680,1144,1145,8,not_or
2,681,1482,1483,9,not_xor
2,682,1010,1011,8,not_or
2,683,52,53,2,not_implies
2,684,878,879,1,and
2,685,3549,3550,9,not_xor
2,686,432,433,12,not_a
2,687,1240,1241,14,not_and
2,688,3410,3411,7,or
2,689,3377,3378,8,not_or
2,690,552,553,6,xor
2,691,2989,2990,11,implied_by
2,692,700,701,5,b
2,693,766,767,2,not_implies
2,694,302,303,7,or
2,695,3858,3859,6,xor
2,696,126,127,15,one
2,697,1888,1889,2,not_implies
2,698,508,509,13,implies
2,699,403,404,8,not_or
2,700,3775,3776,13,implies
2,701,3308,3309,2,not_implies
2,702,2714,2715,13,implies
2,703,1764,1765,2,not_implies
2,704,2664,2665,9,not_xor
2,705,1585,1586,5,b
2,706,1016,1017,11,implied_by
2,707,3343,3344,2,not_implies
2,708,2201,2202,2,not_implies
2,709,1486,1487,13,implies
2,710,721,722,11,implied_by
2,711,2389,2390,10,not_b
2,712,348,349,14,not_and
2,713,2002,2003,3,a
2,714,882,883,6,xor
2,715,780,781,12,not_a
2,716,3950,3951,3,a
2,717,3677,3678,3,a
2,718,2359,2360,0,zero
2,719,2040,2041,10,not_b
2,720,786,787,8,not_or
2,721,727,728,4,not_implied_by
2,722,3364,3365,8,not_or
2,723,443,444,5,b
2,724,2763,2764,9,not_xor
2,725,2114,2115,11,implied_by
2,726,15,16,7,or
2,727,3566,3567,9,not_xor
2,728,658,659,12,not_a
2,729,685,686,5,b
2,730,199,200,3,a
2,731,2926,2927,11,implied_by
2,732,724,725,7,or
2,733,2348,2349,5,b
2,734,120,121,2,not_implies
2,735,425,426,7,or
2,736,2979,2980,4,not_implied_by
2,737,3367,3368,13,implies
2,738,921,922,10,not_b
2,739,1678,1679,0,zero
2,740,2892,2893,11,implied_by
2,741,1073,1074,11,implied_by
2,742,3170,3171,6,xor
2,743,3587,3588,6,xor
2,744,251,252,4,not_implied_by
2,745,2636,2637,14,not_and
2,746,3994,3995,14,not_and
2,747,3907,3908,6,xor
2,748,822,823,5,b
2,749,3199,3200,13,implies
2,750,168,169,12,not_a
2,751,3143,3144,3,a
2,752,2820,2821,4,not_implied_by
2,753,304,305,11,implied_by
2,754,76,77,2,not_implies
2,755,1305,1306,9,not_xor
2,756,1356,1357,2,not_implies
2,757,414,415,11,implied_by
2,758,675,676,12,not_a
2,759,66,67,5,b
2,760,3528,3529,14,not_and
2,761,3167,3168,1,and
2,762,3890,3891,11,implied_by
2,763,3360,3361,9,not_xor
2,764,2010,2011,12,not_a
2,765,2014,2015,1,and
2,766,423,424,4,not_implied_by
2,767,1266,1267,12,not_a
2,768,352,353,2,not_implies
2,769,2466,2467,12,not_a
2,770,2741,2742,7,or
2,771,543,544,4,not_implied_by
2,772,2461,2462,2,not_implies
2,773,1301,1302,13,implies
2,774,2611,2612,4,not_implied_by
2,775,3753,3754,5,b
2,776,2334,2335,10,not_b
2,777,229,230,0,zero
2,778,2030,2031,9,not_xor
2,779,2728,2729,3,a
2,780,2368,2369,6,xor
2,781,384,385,9,not_xor
2,782,2962,2963,12,not_a
2,783,1535,1536,5,b
2,784,1143,1144,6,xor
2,785,1083,1084,9,not_xor
2,786,2920,2921,0,zero
2,787,793,794,5,b
2,788,2986,2987,13,implies
2,789,483,484,8,not_or
2,790,1698,1699,3,a
2,791,3149,3150,6,xor
2,792,3312,3313,3,a
2,793,4,5,3,a
2,794,715,716,7,or
2,795,2751,2752,14,not_and
2,796,2907,2908,7,or
2,797,155,156,8,not_or
2,798,3984,3985,13,implies
2,799,3867,3868,6,xor
2,800,1393,1394,3,a
2,801,1395,1396,12,not_a
2,802,1038,1039,9,not_xor
2,803,2327,2328,2,not_implies
2,804,1971,1972,0,zero
2,805,3239,3240,12,not_a
2,806,3197,3198,14,not_and
2,807,2044,2045,2,not_implies
2,808,3943,3944,3,a
2,809,3462,3463,1,and
2,810,877,878,12,not_a
2,811,1593,1594,15,one
2,812,3229,3230,2,not_implies
2,813,2274,2275,3,a
2,814,1633,1634,6,xor
2,815,933,934,13,implies
2,816,3696,3697,14,not_and
2,817,3620,3621,1,and
2,818,564,565,11,implied_by
2,819,1608,1609,6,xor
2,820,2257,2258,4,not_implied_by
2,821,3191,3192,14,not_and
2,822,2211,2212,8,not_or
2,823,3140,3141,4,not_implied_by
2,824,195,196,5,b
2,825,3397,3398,5,b
2,826,480,481,9,not_xor
2,827,2006,2007,9,not_xor
2,828,2623,2624,14,not_and
2,829,0,2,2,not_implies
2,830,1774,1775,5,b
2,831,1491,1492,14,not_and
2,832,245,246,1,and
2,833,1699,1700,10,not_b
2,834,2143,2144,7,or
2,835,1561,1562,1,and
2,836,3435,3436,3,a
2,837,2818,2819,4,not_implied_by
2,838,1050,1051,12,not_a
2,839,1199,1200,5,b
2,840,643,644,14,not_and
2,841,3946,3947,9,not_xor
2,842,1583,1584,14,not_and
2,843,2620,2621,9,not_xor
2,844,2162,2163,3,a
2,845,131,132,0,zero
2,846,619,620,10,not_b
2,847,741,742,1,and
2,848,1492,1493,3,a
2,849,430,431,8,not_or
2,850,635,636,4,not_implied_by
2,851,2757,2758,5,b
2,852,731,732,7,or
2,853,3044,3045,1,and
2,854,3106,3107,12,not_a
2,855,829,830,3,a
2,856,2459,2460,3,a
2,857,1422,1423,6,xor
2,858,3058,3059,7,or
2,859,2695,2696,9,not_xor
2,860,2121,2122,11,implied_by
2,861,179,180,2,not_implies
2,862,1519,1520,2,not_implies
2,863,693,694,5,b
2,864,3998,3999,10,not_b
2,865,3264,3265,11,implied_by
2,866,2605,2606,14,not_and
2,867,3016,3017,5,b
2,868,1226,1227,10,not_b
2,869,1996,1997,1,and
2,870,3834,3835,6,xor
2,871,3045,3046,13,implies
2,872,489,490,9,not_xor
2,873,2486,2487,7,or
2,874,1737,1738,9,not_xor
2,875,2804,2805,13,implies
2,876,3895,3896,10,not_b
2,877,2886,2887,10,not_b
2,878,94,95,13,implies
2,879,3733,3734,12,not_a
2,880,1862,1863,9,not_xor
2,881,2882,2883,8,not_or
2,882,2976,2977,8,not_or
2,883,3137,3138,12,not_a
2,884,2621,2622,12,not_a
2,885,3615,3616,3,a
2,886,1110,1111,2,not_implies
2,887,1657,1658,1,and
2,888,3454,3455,3,a
2,889,2404,2405,5,b
2,890,1707,1708,3,a
2,891,496,497,13,implies
2,892,3066,3067,5,b
2,893,1666,1667,6,xor
2,894,470,471,10,not_b
2,895,1901,1902,13,implies
2,896,1500,1501,6,xor
2,897,939,940,7,or
2,898,2293,2294,10,not_b
2,899,3467,3468,6,xor
2,900,3090,3091,5,b
2,901,598,599,11,implied_by
2,902,3980,3981,4,not_implied_by
2,903,3793,3794,12,not_a
2,904,55,56,0,zero
2,905,2717,2718,5,b
2,906,2076,2077,12,not_a
2,907,106,107,2,not_implies
2,908,329,330,6,xor
2,909,634,635,1,and
2,910,2070,2071,3,a
2,911,1117,1118,14,not_and
2,912,1329,1330,1,and
2,913,208,209,0,zero
2,914,2303,2304,6,xor
2,915,819,820,2,not_implies
2,916,2954,2955,5,b
2,917,1755,1756,8,not_or
2,918,1925,1926,9,not_xor
2,919,3516,3517,2,not_implies
2,920,3748,3749,1,and
2,921,3473,3474,6,xor
2,922,1191,1192,2,not_implies
2,923,1848,1849,9,not_xor
2,924,150,151,11,implied_by
2,925,2083,2084,11,implied_by
2,926,1139,1140,1,and
2,927,172,173,3,a
2,928,151,152,1,and
2,929,1194,1195,10,not_b
2,930,1876,1877,13,implies
2,931,3186,3187,11,implied_by
2,932,2318,2319,8,not_or
2,933,2589,2590,2,not_implies
2,934,1968,1969,14,not_and
2,935,554,555,11,implied_by
2,936,569,570,6,xor
2,937,123,124,10,not_b
2,938,986,987,11,implied_by
2,939,3498,3499,10,not_b
2,940,3840,3841,4,not_implied_by
2,941,2772,2773,9,not_xor
2,942,2674,2675,10,not_b
2,943,1456,1457,4,not_implied_by
2,944,3616,3617,5,b
2,945,948,949,8,not_or
2,946,3981,3982,7,or
2,947,2598,2599,2,not_implies
2,948,2961,2962,9,not_xor
2,949,1286,1287,6,xor
2,950,1368,1369,13,implies
2,951,1203,1204,8,not_or
2,952,1087,1088,13,implies
2,953,1270,1271,6,xor
2,954,1257,1258,10,not_b
2,955,185,186,14,not_and
2,956,3885,3886,11,implied_by
2,957,2175,2176,0,zero
2,958,1242,1243,3,a
2,959,3935,3936,9,not_xor
2,960,3228,3229,4,not_implied_by
2,961,1471,1472,12,not_a
2,962,1649,1650,5,b
2,963,2756,2757,14,not_and
2,964,2363,2364,10,not_b
2,965,2513,2514,3,a
2,966,1945,1946,5,b
2,967,3582,3583,12,not_a
2,968,1870,1871,10,not_b
2,969,2478,2479,1,and
2,970,1758,1759,14,not_and
2,971,411,412,6,xor
2,972,153,154,11,implied_by
2,973,342,343,4,not_implied_by
2,974,3794,3795,7,or
2,975,1162,1163,13,implies
2,976,3900,3901,14,not_and
2,977,744,745,5,b
2,978,1052,1053,4,not_implied_by
2,979,3310,3311,9,not_xor
2,980,2739,2740,7,or
2,981,531,532,14,not_and
2,982,3211,3212,9,not_xor
2,983,3394,3395,0,zero
2,984,3474,3475,12,not_a
2,985,1430,1431,6,xor
2,986,1208,1209,5,b
2,987,913,914,2,not_implies
2,988,3054,3055,3,a
2,989,3771,3772,12,not_a
2,990,1243,1244,6,xor
2,991,2001,2002,1,and
2,992,2545,2546,10,not_b
2,993,2351,2352,4,not_implied_by
2,994,1730,1731,10,not_b
2,995,452,453,3,a
2,996,529,530,5,b
2,997,3139,3140,3,a
2,998,2156,2157,11,implied_by
2,999,2242,2243,8,not_or
2,1000,1914,1915,2,not_implies
2,1001,3154,3155,5,b
2,1002,2566,2567,7,or
2,1003,3551,3552,6,xor
2,1004,3369,3370,9,not_xor
2,1005,2406,2407,9,not_xor
2,1006,2167,2168,7,or
2,1007,207,208,4,not_implied_by
2,1008,1840,1841,4,not_implied_by
2,1009,2744,2745,4,not_implied_by
2,1010,263,264,12,not_a
2,1011,1844,1845,7,or
2,1012,680,681,11,implied_by
2,1013,3162,3163,11,implied_by
2,1014,2835,2836,14,not_and
2,1015,3835,3836,11,implied_by
2,1016,3015,3016,10,not_b
2,1017,3990,3991,11,implied_by
2,1018,3052,3053,6,xor
2,1019,2271,2272,14,not_and
2,1020,3483,3484,1,and
2,1021,1607,1608,11,implied_by
2,1022,2696,2697,10,not_b
2,1023,1988,1989,5,b
2,1024,3289,3290,11,implied_by
2,1025,2060,2061,14,not_and
2,1026,3363,3364,9,not_xor
2,1027,1998,1999,2,not_implies
2,1028,3670,3671,7,or
2,1029,2512,2513,11,implied_by
2,1030,1314,1315,13,implies
2,1031,2254,2255,7,or
2,1032,3577,3578,4,not_implied_by
2,1033,2338,2339,12,not_a
2,1034,3927,3928,11,implied_by
2,1035,3260,3261,1,and
2,1036,161,162,1,and
2,1037,355,356,3,a
2,1038,676,677,3,a
2,1039,331,332,3,a
2,1040,1111,1112,9,not_xor
2,1041,3420,3421,1,and
2,1042,2353,2354,14,not_and
2,1043,813,814,5,b
2,1044,1093,1094,5,b
2,1045,714,715,6,xor
2,1046,1252,1253,7,or
2,1047,2668,2669,3,a
2,1048,340,341,4,not_implied_by
2,1049,1371,1372,4,not_implied_by
2,1050,542,543,10,not_b
2,1051,1531,1532,13,implies
2,1052,3760,3761,11,implied_by
2,1053,3224,3225,6,xor
2,1054,1312,1313,6,xor
2,1055,1113,1114,11,implied_by
2,1056,3107,3108,10,not_b
2,1057,3413,3414,11,implied_by
2,1058,1035,1036,13,implies
2,1059,343,344,5,b
2,1060,1614,1615,14,not_and
2,1061,3705,3706,10,not_b
2,1062,1612,1613,4,not_implied_by
2,1063,1801,1802,9,not_xor
2,1064,2692,2693,12,not_a
2,1065,3439,3440,13,implies
2,1066,385,386,1,and
2,1067,2123,2124,3,a
2,1068,1064,1065,1,and
2,1069,2867,2868,0,zero
2,1070,2110,2111,13,implies
2,1071,3130,3131,15,one
2,1072,2942,2943,3,a
2,1073,2125,2126,11,implied_by
2,1074,53,54,4,not_implied_by
2,1075,325,326,9,not_xor
2,1076,2681,2682,6,xor
2,1077,2614,2615,8,not_or
2,1078,1588,1589,2,not_implies
2,1079,3142,3143,2,not_implies
2,1080,1008,1009,14,not_and
2,1081,2023,2024,7,or
2,1082,836,837,5,b
2,1083,665,666,12,not_a
2,1084,1776,1777,3,a
2,1085,2163,2164,9,not_xor
2,1086,1881,1882,14,not_and
2,1087,344,345,5,b
2,1088,3320,3321,9,not_xor
2,1089,2944,2945,2,not_implies
2,1090,3741,3742,1,and
2,1091,772,773,7,or
2,1092,3517,3518,7,or
2,1093,2470,2471,11,implied_by
2,1094,3180,3181,6,xor
2,1095,381,382,1,and
2,1096,1406,1407,4,not_implied_by
2,1097,1319,1320,2,not_implies
2,1098,178,179,6,xor
2,1099,2750,2751,2,not_implies
2,1100,3276,3277,3,a
2,1101,2848,2849,9,not_xor
2,1102,2326,2327,14,not_and
2,1103,1951,1952,1,and
2,1104,1098,1099,10,not_b
2,1105,3776,3777,6,xor
2,1106,391,392,10,not_b
2,1107,2228,2229,5,b
2,1108,2570,2571,3,a
2,1109,3065,3066,3,a
2,1110,1158,1159,8,not_or
2,1111,1811,1812,3,a
2,1112,3158,3159,13,implies
2,1113,3233,3234,1,and
2,1114,3341,3342,13,implies
2,1115,1716,1717,2,not_implies
2,1116,3283,3284,8,not_or
2,1117,275,276,1,and
2,1118,1857,1858,9,not_xor
2,1119,3471,3472,6,xor
2,1120,71,72,11,implied_by
2,1121,2401,2402,11,implied_by
2,1122,3193,3194,12,not_a
2,1123,2613,2614,0,zero
2,1124,2447,2448,12,not_a
2,1125,1124,1125,6,xor
2,1126,1643,1644,12,not_a
2,1127,3804,3805,9,not_xor
2,1128,1193,1194,7,or
2,1129,1033,1034,14,not_and
2,1130,1365,1366,10,not_b
2,1131,1382,1383,9,not_xor
2,1132,3799,3800,12,not_a
2,1133,3184,3185,7,or
2,1134,416,417,5,b
2,1135,1651,1652,5,b
2,1136,3847,3848,11,implied_by
2,1137,2843,2844,10,not_b
2,1138,2380,2381,14,not_and
2,1139,574,575,3,a
2,1140,2813,2814,12,not_a
2,1141,1120,1121,12,not_a
2,1142,1464,1465,7,or
2,1143,282,283,6,xor
2,1144,3992,3993,6,xor
2,1145,561,562,3,a
2,1146,1663,1664,3,a
2,1147,1689,1690,7,or
2,1148,2075,2076,14,not_and
2,1149,3807,3808,12,not_a
2,1150,2720,2721,1,and
2,1151,420,421,6,xor
2,1152,1954,1955,5,b
2,1153,1929,1930,14,not_and
2,1154,1095,1096,1,and
2,1155,1031,1032,12,not_a
2,1156,2930,2931,4,not_implied_by
2,1157,1575,1576,14,not_and
2,1158,3408,3409,4,not_implied_by
2,1159,1404,1405,14,not_and
2,1160,1767,1768,12,not_a
2,1161,2082,2083,1,and
2,1162,961,962,10,not_b
2,1163,216,217,2,not_implies
2,1164,2675,2676,2,not_implies
2,1165,625,626,13,implies
2,1166,2056,2057,13,implies
2,1167,1762,1763,13,implies
2,1168,1097,1098,10,not_b
2,1169,1752,1753,10,not_b
2,1170,3009,3010,13,implies
2,1171,140,141,14,not_and
2,1172,994,995,13,implies
2,1173,1557,1558,3,a
2,1174,3752,3753,11,implied_by
2,1175,2888,2889,8,not_or
2,1176,437,438,8,not_or
2,1177,551,552,12,not_a
2,1178,1313,1314,12,not_a
2,1179,2893,2894,15,one
2,1180,2053,2054,12,not_a
2,1181,3328,3329,14,not_and
2,1182,1460,1461,11,implied_by
2,1183,2229,2230,14,not_and
2,1184,211,212,8,not_or
2,1185,2569,2570,5,b
2,1186,2098,2099,10,not_b
2,1187,3010,3011,10,not_b
2,1188,2339,2340,1,and
2,1189,1336,1337,10,not_b
2,1190,2071,2072,4,not_implied_by
2,1191,1975,1976,7,or
2,1192,2564,2565,8,not_or
2,1193,629,630,12,not_a
2,1194,175,176,13,implies
2,1195,2109,2110,3,a
2,1196,3458,3459,10,not_b
2,1197,40,41,11,implied_by
2,1198,1527,1528,10,not_b
2,1199,3859,3860,12,not_a
2,1200,3639,3640,8,not_or
2,1201,1919,1920,6,xor
2,1202,2221,2222,6,xor
2,1203,2317,2318,3,a
2,1204,1600,1601,1,and
2,1205,2307,2308,5,b
2,1206,1487,1488,1,and
2,1207,1536,1537,13,implies
2,1208,2815,2816,8,not_or
2,1209,1477,1478,14,not_and
2,1210,801,802,12,not_a
2,1211,445,446,5,b
2,1212,3656,3657,12,not_a
2,1213,3501,3502,11,implied_by
2,1214,1623,1624,8,not_or
2,1215,2289,2290,12,not_a
2,1216,1272,1273,8,not_or
2,1217,1912,1913,8,not_or
2,1218,1063,1064,4,not_implied_by
2,1219,3586,3587,3,a
2,1220,2768,2769,10,not_b
2,1221,2661,2662,2,not_implies
2,1222,3722,3723,7,or
2,1223,3262,3263,12,not_a
2,1224,2297,2298,6,xor
2,1225,3047,3048,3,a
2,1226,1372,1373,1,and
2,1227,3647,3648,11,implied_by
2,1228,3898,3899,1,and
2,1229,3721,3722,10,not_b
2,1230,347,348,4,not_implied_by
2,1231,1753,1754,1,and
2,1232,2711,2712,4,not_implied_by
2,1233,98,99,2,not_implies
2,1234,3906,3907,13,implies
2,1235,1364,1365,10,not_b
2,1236,3605,3606,13,implies
2,1237,1868,1869,13,implies
2,1238,1233,1234,6,xor
2,1239,3463,3464,3,a
2,1240,183,184,3,a
2,1241,3223,3224,9,not_xor
2,1242,3879,3880,7,or
2,1243,556,557,13,implies
2,1244,198,199,2,not_implies
2,1245,62,63,8,not_or
2,1246,3335,3336,4,not_implied_by
2,1247,1375,1376,13,implies
2,1248,3965,3966,5,b
2,1249,2215,2216,10,not_b
2,1250,2702,2703,12,not_a
2,1251,3708,3709,4,not_implied_by
2,1252,3370,3371,9,not_xor
2,1253,418,419,4,not_implied_by
2,1254,3742,3743,13,implies
2,1255,2390,2391,10,not_b
2,1256,3099,3100,6,xor
2,1257,92,93,2,not_implies
2,1258,3916,3917,8,not_or
2,1259,3001,3002,5,b
2,1260,3669,3670,8,not_or
2,1261,239,240,7,or
2,1262,527,528,13,implies
2,1263,2780,2781,9,not_xor
2,1264,2284,2285,8,not_or
2,1265,321,322,10,not_b
2,1266,1127,1128,12,not_a
2,1267,1729,1730,0,zero
2,1268,866,867,6,xor
2,1269,844,845,12,not_a
2,1270,3333,3334,10,not_b
2,1271,1913,1914,11,implied_by
2,1272,2951,2952,10,not_b
2,1273,3659,3660,6,xor
2,1274,1092,1093,7,or
2,1275,2966,2967,2,not_implies
2,1276,1337,1338,3,a
2,1277,3182,3183,11,implied_by
2,1278,2395,2396,14,not_and
2,1279,1798,1799,1,and
2,1280,2940,2941,6,xor
2,1281,1146,1147,3,a
2,1282,3679,3680,3,a
2,1283,3537,3538,14,not_and
2,1284,3822,3823,3,a
2,1285,2873,2874,1,and
2,1286,114,115,12,not_a
2,1287,3216,3217,8,not_or
2,1288,1596,1597,5,b
2,1289,3196,3197,3,a
2,1290,3761,3762,11,implied_by
2,1291,912,913,13,implies
2,1292,1778,1779,5,b
2,1293,3896,3897,6,xor
2,1294,455,456,12,not_a
2,1295,599,600,2,not_implies
2,1296,2078,2079,8,not_or
2,1297,35,36,3,a
2,1298,1080,1081,1,and
2,1299,1687,1688,5,b
2,1300,3104,3105,9,not_xor
2,1301,2460,2461,3,a
2,1302,3327,3328,11,implied_by
2,1303,2414,2415,2,not_implies
2,1304,3728,3729,3,a
2,1305,597,598,6,xor
2,1306,366,367,14,not_and
2,1307,2494,2495,1,and
2,1308,2593,2594,2,not_implies
2,1309,2393,2394,11,implied_by
2,1310,1615,1616,12,not_a
2,1311,1520,1521,6,xor
2,1312,2635,2636,12,not_a
2,1313,1351,1352,10,not_b
2,1314,1220,1221,2,not_implies
2,1315,3081,3082,3,a
2,1316,2217,2218,14,not_and
2,1317,674,675,12,not_a
2,1318,2548,2549,7,or
2,1319,3386,3387,5,b
2,1320,322,323,1,and
2,1321,2200,2201,10,not_b
2,1322,1749,1750,11,implied_by
2,1323,2041,2042,9,not_xor
2,1324,915,916,7,or
2,1325,478,479,12,not_a
2,1326,3830,3831,5,b
2,1327,1795,1796,14,not_and
2,1328,3553,3554,4,not_implied_by
2,1329,869,870,7,or
2,1330,2895,2896,0,zero
2,1331,2647,2648,4,not_implied_by
2,1332,1622,1623,10,not_b
2,1333,1468,1469,7,or
2,1334,3076,3077,11,implied_by
2,1335,3036,3037,8,not_or
2,1336,3176,3177,1,and
2,1337,663,664,10,not_b
2,1338,2425,2426,12,not_a
2,1339,2876,2877,8,not_or
2,1340,3846,3847,5,b
2,1341,3221,3222,9,not_xor
2,1342,3150,3151,14,not_and
2,1343,2580,2581,13,implies
2,1344,1721,1722,6,xor
2,1345,1424,1425,5,b
2,1346,246,247,3,a
2,1347,1394,1395,3,a
2,1348,734,735,7,or
2,1349,2394,2395,12,not_a
2,1350,2547,2548,2,not_implies
2,1351,288,289,6,xor
2,1352,1727,1728,9,not_xor
2,1353,3784,3785,3,a
2,1354,1955,1956,2,not_implies
2,1355,3636,3637,2,not_implies
2,1356,3530,3531,3,a
2,1357,1079,1080,8,not_or
2,1358,3263,3264,9,not_xor
2,1359,3997,3998,15,one
2,1360,214,215,10,not_b
2,1361,1134,1135,3,a
2,1362,671,672,13,implies
2,1363,1369,1370,12,not_a
2,1364,743,744,11,implied_by
2,1365,2700,2701,6,xor
2,1366,2050,2051,4,not_implied_by
2,1367,2438,2439,13,implies
2,1368,1347,1348,1,and
2,1369,3789,3790,1,and
2,1370,3519,3520,10,not_b
2,1371,1497,1498,1,and
2,1372,287,288,6,xor
2,1373,2417,2418,12,not_a
2,1374,1650,1651,2,not_implies
2,1375,728,729,6,xor
2,1376,1053,1054,13,implies
2,1377,590,591,8,not_or
2,1378,388,389,4,not_implied_by
2,1379,3231,3232,6,xor
2,1380,995,996,1,and
2,1381,3958,3959,13,implies
2,1382,1015,1016,2,not_implies
2,1383,1763,1764,8,not_or
2,1384,920,921,5,b
2,1385,3172,3173,9,not_xor
2,1386,3294,3295,1,and
2,1387,3499,3500,12,not_a
2,1388,2880,2881,5,b
2,1389,2000,2001,10,not_b
2,1390,1863,1864,12,not_a
2,1391,922,923,10,not_b
2,1392,109,110,7,or
2,1393,346,347,10,not_b
2,1394,2376,2377,13,implies
2,1395,1806,1807,10,not_b
2,1396,2987,2988,4,not_implied_by
2,1397,2223,2224,13,implies
2,1398,3278,3279,5,b
2,1399,729,730,1,and
2,1400,3824,3825,8,not_or
2,1401,622,623,11,implied_by
2,1402,1438,1439,9,not_xor
2,1403,777,778,14,not_and
2,1404,2035,2036,4,not_implied_by
2,1405,3581,3582,10,not_b
2,1406,1775,1776,7,or
2,1407,2643,2644,1,and
2,1408,2243,2244,10,not_b
2,1409,1744,1745,14,not_and
2,1410,2241,2242,11,implied_by
2,1411,3518,3519,7,or
2,1412,1537,1538,2,not_implies
2,1413,2577,2578,1,and
2,1414,1780,1781,6,xor
2,1415,1542,1543,14,not_and
2,1416,3336,3337,6,xor
2,1417,975,976,9,not_xor
2,1418,1503,1504,4,not_implied_by
2,1419,1036,1037,6,xor
2,1420,2790,2791,13,implies
2,1421,1540,1541,2,not_implies
2,1422,1581,1582,10,not_b
2,1423,299,300,4,not_implied_by
2,1424,1851,1852,10,not_b
2,1425,1433,1434,9,not_xor
2,1426,1866,1867,11,implied_by
2,1427,1822,1823,6,xor
2,1428,45,46,3,a
2,1429,2319,2320,13,implies
2,1430,982,983,10,not_b
2,1431,762,763,5,b
2,1432,2046,2047,14,not_and
2,1433,3234,3235,10,not_b
2,1434,807,808,8,not_or
2,1435,2377,2378,13,implies
2,1436,713,714,4,not_implied_by
2,1437,3448,3449,5,b
2,1438,2624,2625,10,not_b
2,1439,3213,3214,14,not_and
2,1440,1546,1547,1,and
2,1441,3442,3443,0,zero
2,1442,255,256,8,not_or
2,1443,3844,3845,4,not_implied_by
2,1444,1874,1875,6,xor
2,1445,1429,1430,6,xor
2,1446,112,113,13,implies
2,1447,360,361,11,implied_by
2,1448,999,1000,12,not_a
2,1449,1289,1290,12,not_a
2,1450,2521,2522,7,or
2,1451,1543,1544,12,not_a
2,1452,1505,1506,4,not_implied_by
2,1453,555,556,14,not_and
2,1454,947,948,3,a
2,1455,2625,2626,10,not_b
2,1456,2058,2059,11,implied_by
2,1457,2599,2600,2,not_implies
2,1458,1893,1894,13,implies
2,1459,1962,1963,1,and
2,1460,875,876,3,a
2,1461,1635,1636,6,xor
2,1462,1592,1593,13,implies
2,1463,889,890,12,not_a
2,1464,2673,2674,10,not_b
2,1465,3689,3690,8,not_or
2,1466,3617,3618,12,not_a
2,1467,3968,3969,12,not_a
2,1468,2199,2200,4,not_implied_by
2,1469,566,567,5,b
2,1470,313,314,9,not_xor
2,1471,415,416,5,b
2,1472,660,661,4,not_implied_by
2,1473,1237,1238,5,b
2,1474,2578,2579,13,implies
2,1475,1361,1362,6,xor
2,1476,2796,2797,9,not_xor
2,1477,3404,3405,10,not_b
2,1478,2322,2323,6,xor
2,1479,776,777,13,implies
2,1480,2887,2888,3,a
2,1481,3813,3814,2,not_implies
2,1482,1577,1578,1,and
2,1483,253,254,7,or
2,1484,54,55,7,or
2,1485,308,309,8,not_or
2,1486,3452,3453,12,not_a
2,1487,2844,2845,13,implies
2,1488,3643,3644,9,not_xor
2,1489,3668,3669,6,xor
2,1490,11,12,6,xor
2,1491,1725,1726,12,not_a
2,1492,2015,2016,2,not_implies
2,1493,1165,1166,2,not_implies
2,1494,303,304,10,not_b
2,1495,1062,1063,2,not_implies
2,1496,669,670,0,zero
2,1497,2430,2431,1,and
2,1498,248,249,13,implies
2,1499,488,489,2,not_implies
2,1500,1132,1133,7,or
2,1501,2786,2787,4,not_implied_by
2,1502,3021,3022,1,and
2,1503,2767,2768,11,implied_by
2,1504,2777,2778,6,xor
2,1505,1299,1300,3,a
2,1506,2520,2521,3,a
2,1507,2964,2965,1,and
2,1508,1054,1055,1,and
2,1509,2498,2499,9,not_xor
2,1510,1740,1741,3,a
2,1511,350,351,4,not_implied_by
2,1512,3114,3115,8,not_or
2,1513,3536,3537,14,not_and
2,1514,3651,3652,2,not_implies
2,1515,2433,2434,8,not_or
2,1516,402,403,14,not_and
2,1517,707,708,5,b
2,1518,3732,3733,1,and
2,1519,64,65,11,implied_by
2,1520,1683,1684,6,xor
2,1521,2950,2951,4,not_implied_by
2,1522,1882,1883,13,implies
2,1523,692,693,1,and
2,1524,446,447,6,xor
2,1525,3084,3085,2,not_implies
2,1526,3417,3418,6,xor
2,1527,3072,3073,10,not_b
2,1528,47,48,4,not_implied_by
2,1529,2270,2271,14,not_and
2,1530,182,183,6,xor
2,1531,1733,1734,5,b
2,1532,2144,2145,9,not_xor
2,1533,1884,1885,10,not_b
2,1534,3815,3816,12,not_a
2,1535,2791,2792,11,implied_by
2,1536,3638,3639,10,not_b
2,1537,1207,1208,4,not_implied_by
2,1538,3674,3675,2,not_implies
2,1539,3071,3072,11,implied_by
2,1540,73,74,12,not_a
2,1541,438,439,8,not_or
2,1542,1197,1198,4,not_implied_by
2,1543,1245,1246,10,not_b
2,1544,930,931,4,not_implied_by
2,1545,3810,3811,1,and
2,1546,3494,3495,2,not_implies
2,1547,169,170,13,implies
2,1548,3013,3014,8,not_or
2,1549,1384,1385,5,b
2,1550,708,709,1,and
2,1551,1794,1795,9,not_xor
2,1552,3025,3026,5,b
2,1553,2934,2935,8,not_or
2,1554,1060,1061,9,not_xor
2,1555,765,766,13,implies
2,1556,2764,2765,5,b
2,1557,79,80,4,not_implied_by
2,1558,617,618,3,a
2,1559,500,501,5,b
2,1560,1376,1377,12,not_a
2,1561,1360,1361,9,not_xor
2,1562,2805,2806,11,implied_by
2,1563,637,638,1,and
2,1564,2226,2227,12,not_a
2,1565,631,632,3,a
2,1566,2416,2417,2,not_implies
2,1567,2485,2486,13,implies
2,1568,1850,1851,1,and
2,1569,63,64,6,xor
2,1570,1236,1237,10,not_b
2,1571,1317,1318,12,not_a
2,1572,2007,2008,2,not_implies
2,1573,230,231,9,not_xor
2,1574,1129,1130,11,implied_by
2,1575,614,615,9,not_xor
2,1576,2917,2918,13,implies
2,1577,2374,2375,7,or
2,1578,2190,2191,1,and
2,1579,2331,2332,7,or
2,1580,1040,1041,7,or
2,1581,1743,1744,12,not_a
2,1582,487,488,6,xor
2,1583,3842,3843,12,not_a
2,1584,3667,3668,12,not_a
2,1585,1932,1933,3,a
2,1586,876,877,5,b
2,1587,2068,2069,9,not_xor
2,1588,3889,3890,10,not_b
2,1589,830,831,7,or
2,1590,546,547,1,and
2,1591,3465,3466,4,not_implied_by
2,1592,2679,2680,6,xor
2,1593,3768,3769,8,not_or
2,1594,1214,1215,10,not_b
2,1595,1555,1556,4,not_implied_by
2,1596,3381,3382,2,not_implies
2,1597,1671,1672,10,not_b
2,1598,1944,1945,3,a
2,1599,1684,1685,11,implied_by
2,1600,740,741,2,not_implies
2,1601,1467,1468,5,b
2,1602,2676,2677,12,not_a
2,1603,268,269,6,xor
2,1604,2375,2376,2,not_implies
2,1605,987,988,14,not_and
2,1606,167,168,13,implies
2,1607,2012,2013,0,zero
2,1608,3400,3401,9,not_xor
2,1609,1907,1908,6,xor
2,1610,3778,3779,3,a
2,1611,514,515,6,xor
2,1612,3116,3117,2,not_implies
2,1613,1353,1354,3,a
2,1614,3673,3674,4,not_implied_by
2,1615,2996,2997,11,implied_by
2,1616,1659,1660,0,zero
2,1617,1261,1262,10,not_b
2,1618,338,339,2,not_implies
2,1619,1746,1747,13,implies
2,1620,3699,3700,3,a
2,1621,2402,2403,4,not_implied_by
2,1622,2909,2910,10,not_b
2,1623,14,15,0,zero
2,1624,1172,1173,11,implied_by
2,1625,1864,1865,1,and
2,1626,3374,3375,9,not_xor
2,1627,3931,3932,3,a
2,1628,1480,1481,3,a
2,1629,1198,1199,12,not_a
2,1630,3930,3931,6,xor
2,1631,2455,2456,5,b
2,1632,1942,1943,10,not_b
2,1633,3242,3243,15,one
2,1634,3492,3493,14,not_and
2,1635,1928,1929,3,a
2,1636,3523,3524,14,not_and
2,1637,3973,3974,10,not_b
2,1638,656,657,3,a
2,1639,1392,1393,9,not_xor
2,1640,846,847,10,not_b
2,1641,436,437,12,not_a
2,1642,274,275,9,not_xor
2,1643,3344,3345,7,or
2,1644,3640,3641,10,not_b
2,1645,1201,1202,2,not_implies
2,1646,41,42,14,not_and
2,1647,3017,3018,10,not_b
2,1648,413,414,7,or
2,1649,2188,2189,3,a
2,1650,720,721,3,a
2,1651,2017,2018,12,not_a
2,1652,1873,1874,10,not_b
2,1653,1852,1853,6,xor
2,1654,3811,3812,11,implied_by
2,1655,3856,3857,3,a
2,1656,2033,2034,4,not_implied_by
2,1657,593,594,9,not_xor
2,1658,3383,3384,9,not_xor
2,1659,1014,1015,5,b
2,1660,1518,1519,4,not_implied_by
2,1661,2134,2135,1,and
2,1662,3019,3020,11,implied_by
2,1663,1431,1432,9,not_xor
2,1664,3952,3953,5,b
2,1665,1009,1010,5,b
2,1666,2653,2654,1,and
2,1667,2422,2423,11,implied_by
2,1668,3521,3522,0,zero
2,1669,86,87,3,a
2,1670,3126,3127,1,and
2,1671,215,216,9,not_xor
2,1672,2553,2554,11,implied_by
2,1673,2845,2846,5,b
2,1674,243,244,6,xor
2,1675,746,747,2,not_implies
2,1676,2265,2266,5,b
2,1677,2432,2433,3,a
2,1678,2997,2998,4,not_implied_by
2,1679,189,190,4,not_implied_by
2,1680,3611,3612,8,not_or
2,1681,1229,1230,5,b
2,1682,1238,1239,12,not_a
2,1683,1843,1844,4,not_implied_by
2,1684,3626,3627,9,not_xor
2,1685,2603,2604,10,not_b
2,1686,717,718,3,a
2,1687,3588,3589,12,not_a
2,1688,2891,2892,4,not_implied_by
2,1689,2464,2465,12,not_a
2,1690,306,307,9,not_xor
2,1691,1344,1345,6,xor
2,1692,2282,2283,12,not_a
2,1693,1231,1232,11,implied_by
2,1694,1534,1535,10,not_b
2,1695,3685,3686,10,not_b
2,1696,3966,3967,3,a
2,1697,2659,2660,9,not_xor
2,1698,712,713,9,not_xor
2,1699,3686,3687,3,a
2,1700,448,449,11,implied_by
2,1701,290,291,7,or
2,1702,1915,1916,4,not_implied_by
2,1703,1022,1023,2,not_implies
2,1704,2856,2857,14,not_and
2,1705,2431,2432,5,b
2,1706,3129,3130,11,implied_by
2,1707,3446,3447,9,not_xor
2,1708,3382,3383,9,not_xor
2,1709,2591,2592,6,xor
2,1710,827,828,8,not_or
2,1711,111,112,11,implied_by
2,1712,1569,1570,12,not_a
2,1713,863,864,1,and
2,1714,1463,1464,12,not_a
2,1715,2476,2477,4,not_implied_by
2,1716,1805,1806,3,a
2,1717,620,621,14,not_and
2,1718,3816,3817,3,a
2,1719,1058,1059,11,implied_by
2,1720,3265,3266,9,not_xor
2,1721,1560,1561,4,not_implied_by
2,1722,2043,2044,6,xor
2,1723,2678,2679,2,not_implies
2,1724,662,663,3,a
2,1725,2435,2436,3,a
2,1726,2426,2427,5,b
2,1727,1004,1005,6,xor
2,1728,3497,3498,5,b
2,1729,1469,1470,11,implied_by
2,1730,867,868,12,not_a
2,1731,3939,3940,4,not_implied_by
2,1732,164,165,4,not_implied_by
2,1733,3881,3882,5,b
2,1734,3874,3875,7,or
2,1735,1402,1403,9,not_xor
2,1736,3202,3203,3,a
2,1737,771,772,9,not_xor
2,1738,3574,3575,8,not_or
2,1739,3660,3661,8,not_or
2,1740,1817,1818,8,not_or
2,1741,832,833,5,b
2,1742,988,989,13,implies
2,1743,3261,3262,12,not_a
2,1744,1449,1450,3,a
2,1745,1712,1713,6,xor
2,1746,197,198,9,not_xor
2,1747,2356,2357,10,not_b
2,1748,3438,3439,12,not_a
2,1749,2770,2771,10,not_b
2,1750,537,538,4,not_implied_by
2,1751,781,782,15,one
2,1752,1273,1274,11,implied_by
2,1753,3546,3547,6,xor
2,1754,2634,2635,9,not_xor
2,1755,372,373,6,xor
2,1756,12,13,6,xor
2,1757,202,203,6,xor
2,1758,3393,3394,12,not_a
2,1759,3971,3972,12,not_a
2,1760,2496,2497,5,b
2,1761,1333,1334,1,and
2,1762,160,161,6,xor
2,1763,2484,2485,1,and
2,1764,102,103,1,and
2,1765,1100,1101,8,not_or
2,1766,3559,3560,15,one
2,1767,2295,2296,6,xor
2,1768,1997,1998,14,not_and
2,1769,1739,1740,7,or
2,1770,2626,2627,12,not_a
2,1771,2149,2150,5,b
2,1772,1403,1404,6,xor
2,1773,1108,1109,2,not_implies
2,1774,39,40,13,implies
2,1775,1340,1341,13,implies
2,1776,3049,3050,9,not_xor
2,1777,240,241,4,not_implied_by
2,1778,862,863,10,not_b
2,1779,1796,1797,3,a
2,1780,58,59,10,not_b
2,1781,1799,1800,3,a
2,1782,2372,2373,12,not_a
2,1783,2370,2371,6,xor
2,1784,1784,1785,5,b
2,1785,2061,2062,13,implies
2,1786,3756,3757,6,xor
2,1787,548,549,14,not_and
2,1788,650,651,10,not_b
2,1789,783,784,7,or
2,1790,706,707,3,a
2,1791,75,76,6,xor
2,1792,3568,3569,2,not_implies
2,1793,2524,2525,7,or
2,1794,1321,1322,2,not_implies
2,1795,1090,1091,6,xor
2,1796,301,302,11,implied_by
2,1797,3764,3765,7,or
2,1798,3088,3089,6,xor
2,1799,2196,2197,12,not_a
2,1800,2795,2796,3,a
2,1801,3843,3844,8,not_or
2,1802,1388,1389,8,not_or
2,1803,1225,1226,14,not_and
2,1804,3098,3099,6,xor
2,1805,2825,2826,3,a
2,1806,3861,3862,12,not_a
2,1807,29,30,4,not_implied_by
2,1808,1691,1692,14,not_and
2,1809,2013,2014,4,not_implied_by
2,1810,3429,3430,6,xor
2,1811,442,443,15,one
2,1812,1046,1047,5,b
2,1813,586,587,1,and
2,1814,1829,1830,4,not_implied_by
2,1815,2660,2661,8,not_or
2,1816,3691,3692,7,or
2,1817,985,986,3,a
2,1818,474,475,4,not_implied_by
2,1819,3478,3479,0,zero
2,1820,149,150,5,b
2,1821,2969,2970,14,not_and
2,1822,3455,3456,5,b
2,1823,5,6,6,xor
2,1824,2184,2185,10,not_b
2,1825,778,779,14,not_and
2,1826,3460,3461,12,not_a
2,1827,132,133,12,not_a
2,1828,826,827,3,a
2,1829,1897,1898,6,xor
2,1830,698,699,8,not_or
2,1831,664,665,1,and
2,1832,9,10,8,not_or
2,1833,2206,2207,9,not_xor
2,1834,3739,3740,10,not_b
2,1835,3683,3684,2,not_implies
2,1836,371,372,6,xor
2,1837,2742,2743,1,and
2,1838,1506,1507,6,xor
2,1839,2480,2481,3,a
2,1840,1545,1546,7,or
2,1841,3745,3746,8,not_or
2,1842,1855,1856,3,a
2,1843,644,645,1,and
2,1844,2699,2700,6,xor
2,1845,521,522,3,a
2,1846,2914,2915,3,a
2,1847,1119,1120,0,zero
2,1848,3513,3514,14,not_and
2,1849,2903,2904,5,b
2,1850,1769,1770,11,implied_by
2,1851,2463,2464,10,not_b
2,1852,1142,1143,2,not_implies
2,1853,2769,2770,5,b
2,1854,2585,2586,9,not_xor
2,1855,2283,2284,8,not_or
2,1856,1306,1307,5,b
2,1857,1578,1579,5,b
2,1858,672,673,3,a
2,1859,3832,3833,6,xor
2,1860,3929,3930,12,not_a
2,1861,3850,3851,1,and
2,1862,1024,1025,9,not_xor
2,1863,840,841,1,and
2,1864,1984,1985,11,implied_by
2,1865,3267,3268,15,one
2,1866,774,775,14,not_and
2,1867,1931,1932,3,a
2,1868,3042,3043,12,not_a
2,1869,3928,3929,5,b
2,1870,2251,2252,3,a
2,1871,3040,3041,14,not_and
2,1872,3188,3189,6,xor
2,1873,3509,3510,1,and
2,1874,2487,2488,8,not_or
2,1875,3023,3024,13,implies
2,1876,3923,3924,3,a
2,1877,3269,3270,13,implies
2,1878,2403,2404,5,b
2,1879,1813,1814,11,implied_by
2,1880,8,9,13,implies
2,1881,3046,3047,14,not_and
2,1882,859,860,7,or
2,1883,1217,1218,7,or
2,1884,3562,3563,7,or
2,1885,382,383,9,not_xor
2,1886,51,52,11,implied_by
2,1887,3854,3855,6,xor
2,1888,3572,3573,13,implies
2,1889,3293,3294,11,implied_by
2,1890,490,491,4,not_implied_by
2,1891,1,2,8,not_or
2,1892,401,402,6,xor
2,1893,1262,1263,5,b
2,1894,998,999,2,not_implies
2,1895,1099,1100,6,xor
2,1896,1618,1619,2,not_implies
2,1897,689,690,8,not_or
2,1898,3175,3176,13,implies
2,1899,616,617,13,implies
2,1900,1717,1718,5,b
2,1901,367,368,1,and
2,1902,3160,3161,6,xor
2,1903,1251,1252,14,not_and
2,1904,462,463,6,xor
2,1905,983,984,14,not_and
2,1906,1391,1392,11,implied_by
2,1907,2287,2288,3,a
2,1908,847,848,12,not_a
2,1909,1183,1184,9,not_xor
2,1910,997,998,4,not_implied_by
2,1911,74,75,4,not_implied_by
2,1912,387,388,11,implied_by
2,1913,3092,3093,9,not_xor
2,1914,909,910,1,and
2,1915,2240,2241,10,not_b
2,1916,989,990,10,not_b
2,1917,3179,3180,11,implied_by
2,1918,530,531,0,zero
2,1919,1018,1019,11,implied_by
2,1920,2994,2995,13,implies
2,1921,2261,2262,11,implied_by
2,1922,2366,2367,10,not_b
2,1923,300,301,9,not_xor
2,1924,1879,1880,3,a
2,1925,3853,3854,2,not_implies
2,1926,1258,1259,8,not_or
2,1927,1786,1787,10,not_b
2,1928,3956,3957,3,a
2,1929,3506,3507,5,b
2,1930,2173,2174,1,and
2,1931,3561,3562,10,not_b
2,1932,3415,3416,5,b
2,1933,2734,2735,5,b
2,1934,2789,2790,9,not_xor
2,1935,81,82,8,not_or
2,1936,2281,2282,10,not_b
2,1937,1875,1876,6,xor
2,1938,754,755,10,not_b
2,1939,145,146,13,implies
2,1940,1510,1511,5,b
2,1941,900,901,14,not_and
2,1942,3725,3726,10,not_b
2,1943,276,277,0,zero
2,1944,1706,1707,11,implied_by
2,1945,2743,2744,9,not_xor
2,1946,3991,3992,2,not_implies
2,1947,184,185,3,a
2,1948,3592,3593,7,or
2,1949,2560,2561,5,b
2,1950,803,804,10,not_b
2,1951,3077,3078,2,not_implies
2,1952,3627,3628,5,b
2,1953,2244,2245,12,not_a
2,1954,3147,3148,13,implies
2,1955,3291,3292,4,not_implied_by
2,1956,2185,2186,5,b
2,1957,1629,1630,9,not_xor
2,1958,1131,1132,3,a
2,1959,484,485,11,implied_by
2,1960,2806,2807,6,xor
2,1961,2373,2374,2,not_implies
2,1962,800,801,9,not_xor
2,1963,3963,3964,7,or
2,1964,738,739,9,not_xor
2,1965,924,925,2,not_implies
2,1966,726,727,14,not_and
2,1967,943,944,4,not_implied_by
2,1968,3000,3001,2,not_implies
2,1969,3703,3704,0,zero
2,1970,408,409,14,not_and
2,1971,2105,2106,11,implied_by
2,1972,24,25,13,implies
2,1973,1834,1835,13,implies
2,1974,2131,2132,13,implies
2,1975,2910,2911,13,implies
2,1976,213,214,8,not_or
2,1977,1416,1417,4,not_implied_by
2,1978,1147,1148,11,implied_by
2,1979,3624,3625,10,not_b
2,1980,3539,3540,3,a
2,1981,2900,2901,2,not_implies
2,1982,677,678,3,a
2,1983,1835,1836,13,implies
2,1984,1302,1303,6,xor
2,1985,3910,3911,10,not_b
2,1986,394,395,10,not_b
2,1987,1601,1602,13,implies
2,1988,3894,3895,3,a
2,1989,2428,2429,3,a
2,1990,2523,2524,15,one
2,1991,3630,3631,11,implied_by
2,1992,600,601,14,not_and
2,1993,899,900,12,not_a
2,1994,821,822,10,not_b
2,1995,1260,1261,5,b
2,1996,2231,2232,10,not_b
2,1997,1979,1980,10,not_b
2,1998,3557,3558,12,not_a
2,1999,232,233,3,a
2,2000,429,430,12,not_a
2,2001,3177,3178,2,not_implies
2,2002,1039,1040,12,not_a
2,2003,1250,1251,1,and
2,2004,1732,1733,12,not_a
2,2005,2059,2060,12,not_a
2,2006,2555,2556,12,not_a
2,2007,695,696,6,xor
2,2008,1354,1355,15,one
2,2009,1838,1839,9,not_xor
2,2010,3396,3397,7,or
2,2011,1168,1169,9,not_xor
2,2012,1981,1982,10,not_b
2,2013,2616,2617,9,not_xor
2,2014,596,597,12,not_a
2,2015,2973,2974,5,b
2,2016,3067,3068,6,xor
2,2017,3786,3787,8,not_or
2,2018,2508,2509,12,not_a
2,2019,3444,3445,6,xor
2,2020,2638,2639,7,or
2,2021,2868,2869,2,not_implies
2,2022,2530,2531,11,implied_by
2,2023,2159,2160,3,a
2,2024,3385,3386,1,and
2,2025,925,926,12,not_a
2,2026,2069,2070,12,not_a
2,2027,2904,2905,11,implied_by
2,2028,2759,2760,10,not_b
2,2029,3493,3494,14,not_and
2,2030,1324,1325,8,not_or
2,2031,1248,1249,10,not_b
2,2032,1989,1990,14,not_and
2,2033,2632,2633,14,not_and
2,2034,334,335,10,not_b
2,2035,2581,2582,10,not_b
2,2036,615,616,11,implied_by
2,2037,3649,3650,11,implied_by
2,2038,3434,3435,14,not_and
2,2039,929,930,10,not_b
2,2040,1883,1884,3,a
2,2041,2189,2190,4,not_implied_by
2,2042,3169,3170,14,not_and
2,2043,2112,2113,14,not_and
2,2044,760,761,2,not_implies
2,2045,3491,3492,4,not_implied_by
2,2046,2916,2917,10,not_b
2,2047,3550,3551,5,b
2,2048,118,119,4,not_implied_by
2,2049,292,293,5,b
2,2050,3684,3685,5,b
2,2051,2652,2653,8,not_or
2,2052,606,607,9,not_xor
2,2053,383,384,3,a
2,2054,1923,1924,13,implies
2,2055,2896,2897,1,and
2,2056,447,448,2,not_implies
2,2057,1977,1978,1,and
2,2058,1655,1656,7,or
2,2059,3870,3871,10,not_b
2,2060,3095,3096,11,implied_by
2,2061,3303,3304,9,not_xor
2,2062,3204,3205,1,and
2,2063,3584,3585,8,not_or
2,2064,2943,2944,12,not_a
2,2065,262,263,2,not_implies
2,2066,93,94,3,a
2,2067,3220,3221,1,and
2,2068,3809,3810,5,b
2,2069,377,378,6,xor
2,2070,3391,3392,10,not_b
2,2071,3737,3738,12,not_a
2,2072,1218,1219,8,not_or
2,2073,2645,2646,5,b
2,2074,1610,1611,0,zero
2,2075,2296,2297,9,not_xor
2,2076,1702,1703,9,not_xor
2,2077,2275,2276,5,b
2,2078,2019,2020,2,not_implies
2,2079,2269,2270,4,not_implied_by
2,2080,84,85,8,not_or
2,2081,341,342,1,and
2,2082,3329,3330,10,not_b
2,2083,2408,2409,3,a
2,2084,291,292,13,implies
2,2085,2841,2842,8,not_or
2,2086,2691,2692,6,xor
2,2087,1334,1335,13,implies
2,2088,1886,1887,13,implies
2,2089,608,609,1,and
2,2090,3535,3536,12,not_a
2,2091,911,912,8,not_or
2,2092,3738,3739,8,not_or
2,2093,2537,2538,8,not_or
2,2094,1409,1410,6,xor
2,2095,1869,1870,14,not_and
2,2096,860,861,3,a
2,2097,519,520,12,not_a
2,2098,3765,3766,5,b
2,2099,1192,1193,1,and
2,2100,825,826,10,not_b
2,2101,1701,1702,10,not_b
2,2102,1773,1774,4,not_implied_by
2,2103,1816,1817,12,not_a
2,2104,3246,3247,12,not_a
2,2105,256,257,15,one
2,2106,3951,3952,15,one
2,2107,1288,1289,12,not_a
2,2108,104,105,4,not_implied_by
2,2109,3564,3565,3,a
2,2110,1216,1217,14,not_and
2,2111,2174,2175,6,xor
2,2112,1771,1772,9,not_xor
2,2113,1641,1642,10,not_b
2,2114,3848,3849,11,implied_by
2,2115,861,862,1,and
2,2116,2788,2789,13,implies
2,2117,3534,3535,12,not_a
2,2118,310,311,4,not_implied_by
2,2119,518,519,10,not_b
2,2120,1398,1399,14,not_and
2,2121,1447,1448,7,or
2,2122,1797,1798,9,not_xor
2,2123,3134,3135,10,not_b
2,2124,409,410,11,implied_by
2,2125,667,668,6,xor
2,2126,1845,1846,14,not_and
2,2127,2418,2419,5,b
2,2128,440,441,8,not_or
2,2129,3919,3920,5,b
2,2130,2489,2490,14,not_and
2,2131,2746,2747,11,implied_by
2,2132,2103,2104,11,implied_by
2,2133,2834,2835,4,not_implied_by
2,2134,972,973,13,implies
2,2135,1810,1811,6,xor
2,2136,2169,2170,10,not_b
2,2137,1617,1618,1,and
2,2138,2252,2253,1,and
2,2139,219,220,13,implies
2,2140,1246,1247,1,and
2,2141,3272,3273,5,b
2,2142,1366,1367,3,a
2,2143,3779,3780,2,not_implies
2,2144,3152,3153,7,or
2,2145,135,136,3,a
2,2146,2912,2913,12,not_a
2,2147,1077,1078,3,a
2,2148,3744,3745,2,not_implies
2,2149,1751,1752,4,not_implied_by
2,2150,1283,1284,14,not_and
2,2151,591,592,11,implied_by
2,2152,3601,3602,5,b
2,2153,3469,3470,9,not_xor
2,2154,2889,2890,3,a
2,2155,3693,3694,5,b
2,2156,17,18,11,implied_by
2,2157,3324,3325,1,and
2,2158,2003,2004,3,a
2,2159,3346,3347,11,implied_by
2,2160,3096,3097,9,not_xor
2,2161,1043,1044,13,implies
2,2162,1704,1705,12,not_a
2,2163,2797,2798,5,b
2,2164,309,310,10,not_b
2,2165,146,147,2,not_implies
2,2166,1532,1533,2,not_implies
2,2167,83,84,8,not_or
2,2168,668,669,14,not_and
2,2169,1315,1316,3,a
2,2170,1434,1435,10,not_b
2,2171,2707,2708,3,a
2,2172,3201,3202,10,not_b
2,2173,1496,1497,6,xor
2,2174,1980,1981,6,xor
2,2175,1710,1711,7,or
2,2176,3195,3196,9,not_xor
2,2177,1488,1489,8,not_or
2,2178,2158,2159,5,b
2,2179,1276,1277,4,not_implied_by
2,2180,2239,2240,1,and
2,2181,1483,1484,5,b
2,2182,1548,1549,14,not_and
2,2183,1350,1351,10,not_b
2,2184,2445,2446,3,a
2,2185,2170,2171,12,not_a
2,2186,3424,3425,3,a
2,2187,2584,2585,5,b
2,2188,2854,2855,10,not_b
2,2189,3937,3938,3,a
2,2190,426,427,1,and
2,2191,2220,2221,13,implies
2,2192,2323,2324,2,not_implies
2,2193,3720,3721,6,xor
2,2194,3406,3407,8,not_or
2,2195,101,102,5,b
2,2196,3164,3165,11,implied_by
2,2197,818,819,6,xor
2,2198,3805,3806,15,one
2,2199,1558,1559,5,b
2,2200,2669,2670,9,not_xor
2,2201,1645,1646,6,xor
2,2202,2437,2438,13,implies
2,2203,1757,1758,4,not_implied_by
2,2204,928,929,7,or
2,2205,3208,3209,11,implied_by
2,2206,3190,3191,4,not_implied_by
2,2207,3634,3635,5,b
2,2208,3552,3553,9,not_xor
2,2209,898,899,14,not_and
2,2210,1125,1126,14,not_and
2,2211,524,525,7,or
2,2212,1338,1339,3,a
2,2213,2608,2609,14,not_and
2,2214,2285,2286,4,not_implied_by
2,2215,3319,3320,7,or
2,2216,2670,2671,6,xor
2,2217,80,81,12,not_a
2,2218,3525,3526,5,b
2,2219,49,50,12,not_a
2,2220,3004,3005,8,not_or
2,2221,3977,3978,6,xor
2,2222,1028,1029,2,not_implies
2,2223,87,88,13,implies
2,2224,2563,2564,10,not_b
2,2225,515,516,5,b
2,2226,1316,1317,4,not_implied_by
2,2227,2840,2841,3,a
2,2228,1349,1350,10,not_b
2,2229,2776,2777,12,not_a
2,2230,1380,1381,13,implies
2,2231,3476,3477,1,and
2,2232,981,982,5,b
2,2233,654,655,14,not_and
2,2234,1627,1628,11,implied_by
2,2235,3022,3023,2,not_implies
2,2236,3012,3013,12,not_a
2,2237,21,22,7,or
2,2238,2397,2398,7,or
2,2239,70,71,2,not_implies
2,2240,991,992,11,implied_by
2,2241,3210,3211,5,b
2,2242,1115,1116,10,not_b
2,2243,3503,3504,13,implies
2,2244,269,270,5,b
2,2245,358,359,11,implied_by
2,2246,231,232,9,not_xor
2,2247,368,369,14,not_and
2,2248,2971,2972,13,implies
2,2249,857,858,12,not_a
2,2250,3730,3731,10,not_b
2,2251,3241,3242,1,and
2,2252,902,903,5,b
2,2253,186,187,13,implies
2,2254,323,324,14,not_and
2,2255,359,360,10,not_b
2,2256,1917,1918,10,not_b
2,2257,1167,1168,8,not_or
2,2258,3159,3160,5,b
2,2259,3948,3949,9,not_xor
2,2260,2305,2306,6,xor
2,2261,1493,1494,10,not_b
2,2262,903,904,2,not_implies
2,2263,1563,1564,3,a
2,2264,158,159,12,not_a
2,2265,1594,1595,11,implied_by
2,2266,3820,3821,10,not_b
2,2267,1367,1368,6,xor
2,2268,3011,3012,2,not_implies
2,2269,3121,3122,10,not_b
2,2270,2852,2853,7,or
2,2271,3826,3827,11,implied_by
2,2272,2974,2975,9,not_xor
2,2273,399,400,10,not_b
2,2274,3941,3942,6,xor
2,2275,1407,1408,3,a
2,2276,3198,3199,14,not_and
2,2277,2924,2925,1,and
2,2278,2230,2231,3,a
2,2279,835,836,7,or
2,2280,1567,1568,3,a
2,2281,410,411,7,or
2,2282,1808,1809,12,not_a
2,2283,3596,3597,9,not_xor
2,2284,2074,2075,13,implies
2,2285,1374,1375,10,not_b
2,2286,3995,3996,2,not_implies
2,2287,639,640,12,not_a
2,2288,3390,3391,5,b
2,2289,992,993,7,or
2,2290,156,157,2,not_implies
2,2291,3855,3856,6,xor
2,2292,1574,1575,12,not_a
2,2293,1441,1442,6,xor
2,2294,1101,1102,1,and
2,2295,3252,3253,5,b
2,2296,1082,1083,10,not_b
2,2297,2306,2307,6,xor
2,2298,3355,3356,6,xor
2,2299,3347,3348,9,not_xor
2,2300,3416,3417,12,not_a
2,2301,2022,2023,3,a
2,2302,3502,3503,12,not_a
2,2303,539,540,7,or
2,2304,1964,1965,11,implied_by
2,2305,1591,1592,14,not_and
2,2306,565,566,12,not_a
2,2307,3034,3035,5,b
2,2308,3962,3963,5,b
2,2309,3609,3610,12,not_a
2,2310,3821,3822,9,not_xor
2,2311,3222,3223,8,not_or
2,2312,2713,2714,6,xor
2,2313,703,704,8,not_or
2,2314,353,354,0,zero
2,2315,90,91,12,not_a
2,2316,3153,3154,13,implies
2,2317,1426,1427,7,or
2,2318,1186,1187,10,not_b
2,2319,1517,1518,1,and
2,2320,499,500,8,not_or
2,2321,748,749,1,and
2,2322,1609,1610,5,b
2,2323,3480,3481,2,not_implies
2,2324,1293,1294,7,or
2,2325,194,195,10,not_b
2,2326,2371,2372,14,not_and
2,2327,2352,2353,10,not_b
2,2328,1159,1160,1,and
2,2329,3445,3446,6,xor
2,2330,400,401,5,b
2,2331,1541,1542,11,implied_by
2,2332,3225,3226,1,and
2,2333,1451,1452,2,not_implies
2,2334,1446,1447,5,b
2,2335,2960,2961,4,not_implied_by
2,2336,2561,2562,11,implied_by
2,2337,2897,2898,2,not_implies
2,2338,143,144,3,a
2,2339,2383,2384,10,not_b
2,2340,601,602,9,not_xor
2,2341,3321,3322,8,not_or
2,2342,980,981,11,implied_by
2,2343,2765,2766,12,not_a
2,2344,907,908,3,a
2,2345,1973,1974,7,or
2,2346,970,971,0,zero
2,2347,113,114,3,a
2,2348,2335,2336,9,not_xor
2,2349,174,175,13,implies
2,2350,3688,3689,9,not_xor
2,2351,2748,2749,10,not_b
2,2352,1292,1293,5,b
2,2353,2629,2630,7,or
2,2354,3482,3483,12,not_a
2,2355,1604,1605,13,implies
2,2356,823,824,7,or
2,2357,2803,2804,12,not_a
2,2358,581,582,12,not_a
2,2359,3790,3791,10,not_b
2,2360,666,667,1,and
2,2361,1107,1108,1,and
2,2362,3027,3028,11,implied_by
2,2363,1680,1681,5,b
2,2364,2457,2458,3,a
2,2365,171,172,5,b
2,2366,883,884,14,not_and
2,2367,2958,2959,12,not_a
2,2368,1620,1621,12,not_a
2,2369,85,86,0,zero
2,2370,3232,3233,11,implied_by
2,2371,260,261,12,not_a
2,2372,3899,3900,5,b
2,2373,2948,2949,9,not_xor
2,2374,1000,1001,7,or
2,2375,775,776,8,not_or
2,2376,3884,3885,3,a
2,2377,1714,1715,7,or
2,2378,3558,3559,10,not_b
2,2379,2594,2595,9,not_xor
2,2380,294,295,0,zero
2,2381,2181,2182,3,a
2,2382,1741,1742,13,implies
2,2383,2094,2095,2,not_implies
2,2384,1978,1979,14,not_and
2,2385,618,619,6,xor
2,2386,3392,3393,5,b
2,2387,2956,2957,6,xor
2,2388,577,578,6,xor
2,2389,2648,2649,3,a
2,2390,2387,2388,12,not_a
2,2391,1853,1854,10,not_b
2,2392,3219,3220,2,not_implies
2,2393,2957,2958,10,not_b
2,2394,25,26,2,not_implies
2,2395,522,523,10,not_b
2,2396,2086,2087,8,not_or
2,2397,2473,2474,8,not_or
2,2398,3544,3545,3,a
2,2399,3362,3363,13,implies
2,2400,1297,1298,5,b
2,2401,270,271,9,not_xor
2,2402,218,219,6,xor
2,2403,3940,3941,6,xor
2,2404,651,652,7,or
2,2405,2783,2784,13,implies
2,2406,3185,3186,9,not_xor
2,2407,7,8,3,a
2,2408,78,79,2,not_implies
2,2409,1370,1371,11,implied_by
2,2410,1436,1437,5,b
2,2411,3783,3784,13,implies
2,2412,116,117,2,not_implies
2,2413,2965,2966,7,or
2,2414,3646,3647,13,implies
2,2415,2968,2969,3,a
2,2416,2501,2502,9,not_xor
2,2417,1930,1931,3,a
2,2418,3723,3724,12,not_a
2,2419,2421,2422,14,not_and
2,2420,210,211,2,not_implies
2,2421,3100,3101,10,not_b
2,2422,3547,3548,12,not_a
2,2423,37,38,6,xor
2,2424,91,92,7,or
2,2425,3504,3505,7,or
2,2426,3983,3984,9,not_xor
2,2427,1501,1502,12,not_a
2,2428,1504,1505,5,b
2,2429,571,572,4,not_implied_by
2,2430,3800,3801,8,not_or
2,2431,3183,3184,3,a
2,2432,2311,2312,2,not_implies
2,2433,2325,2326,7,or
2,2434,1415,1416,5,b
2,2435,1287,1288,7,or
2,2436,1646,1647,13,implies
2,2437,2785,2786,5,b
2,2438,3514,3515,9,not_xor
2,2439,2558,2559,14,not_and
2,2440,2147,2148,4,not_implied_by
2,2441,1346,1347,11,implied_by
2,2442,1151,1152,10,not_b
2,2443,2118,2119,10,not_b
2,2444,1206,1207,9,not_xor
2,2445,1926,1927,4,not_implied_by
2,2446,1889,1890,9,not_xor
2,2447,2538,2539,2,not_implies
2,2448,2529,2530,8,not_or
2,2449,261,262,1,and
2,2450,365,366,6,xor
2,2451,3414,3415,10,not_b
2,2452,1896,1897,15,one
2,2453,887,888,4,not_implied_by
2,2454,3123,3124,2,not_implies
2,2455,2304,2305,1,and
2,2456,1553,1554,10,not_b
2,2457,1965,1966,10,not_b
2,2458,3718,3719,8,not_or
2,2459,1253,1254,12,not_a
2,2460,3290,3291,9,not_xor
2,2461,1675,1676,14,not_and
2,2462,3576,3577,6,xor
2,2463,3273,3274,2,not_implies
2,2464,2939,2940,15,one
2,2465,2104,2105,11,implied_by
2,2466,1598,1599,5,b
2,2467,952,953,2,not_implies
2,2468,450,451,7,or
2,2469,809,810,14,not_and
2,2470,266,267,13,implies
2,2471,1613,1614,10,not_b
2,2472,3833,3834,2,not_implies
2,2473,1966,1967,2,not_implies
2,2474,2758,2759,11,implied_by
2,2475,3018,3019,5,b
2,2476,2709,2710,8,not_or
2,2477,3217,3218,14,not_and
2,2478,1104,1105,11,implied_by
2,2479,3986,3987,1,and
2,2480,2847,2848,2,not_implies
2,2481,504,505,10,not_b
2,2482,3194,3195,3,a
2,2483,1200,1201,9,not_xor
2,2484,3614,3615,1,and
2,2485,3864,3865,10,not_b
2,2486,3511,3512,7,or
2,2487,1241,1242,2,not_implies
2,2488,3603,3604,12,not_a
2,2489,557,558,12,not_a
2,2490,2233,2234,3,a
2,2491,2443,2444,6,xor
2,2492,1112,1113,7,or
2,2493,3112,3113,11,implied_by
2,2494,3251,3252,10,not_b
2,2495,191,192,13,implies
2,2496,607,608,2,not_implies
2,2497,1878,1879,12,not_a
2,2498,510,511,10,not_b
2,2499,585,586,12,not_a
2,2500,364,365,4,not_implied_by
2,2501,3274,3275,7,or
2,2502,1458,1459,13,implies
2,2503,226,227,5,b
2,2504,3507,3508,6,xor
2,2505,3339,3340,6,xor
2,2506,1793,1794,14,not_and
2,2507,181,182,7,or
2,2508,812,813,13,implies
2,2509,3818,3819,2,not_implies
2,2510,2032,2033,4,not_implied_by
2,2511,2236,2237,7,or
2,2512,20,21,2,not_implies
2,2513,2526,2527,3,a
2,2514,3472,3473,9,not_xor
2,2515,3171,3172,9,not_xor
2,2516,3882,3883,9,not_xor
2,2517,2324,2325,4,not_implied_by
2,2518,926,927,3,a
2,2519,3515,3516,13,implies
2,2520,439,440,12,not_a
2,2521,1867,1868,4,not_implied_by
2,2522,1677,1678,12,not_a
2,2523,2592,2593,4,not_implied_by
2,2524,3731,3732,11,implied_by
2,2525,1145,1146,8,not_or
2,2526,3571,3572,1,and
2,2527,1103,1104,9,not_xor
2,2528,686,687,3,a
2,2529,2467,2468,6,xor
2,2530,3423,3424,13,implies
2,2531,1123,1124,5,b
2,2532,959,960,1,and
2,2533,1205,1206,11,implied_by
2,2534,1005,1006,13,implies
2,2535,3284,3285,4,not_implied_by
2,2536,3314,3315,13,implies
2,2537,2726,2727,11,implied_by
2,2538,1138,1139,11,implied_by
2,2539,1686,1687,10,not_b
2,2540,1722,1723,9,not_xor
2,2541,3526,3527,1,and
2,2542,212,213,9,not_xor
2,2543,2838,2839,10,not_b
2,2544,2479,2480,9,not_xor
2,2545,370,371,5,b
2,2546,1281,1282,10,not_b
2,2547,2694,2695,3,a
2,2548,1927,1928,5,b
2,2549,36,37,7,or
2,2550,3388,3389,11,implied_by
2,2551,453,454,8,not_or
2,2552,1854,1855,7,or
2,2553,1342,1343,1,and
2,2554,1295,1296,12,not_a
2,2555,532,533,4,not_implied_by
2,2556,2990,2991,2,not_implies
2,2557,1661,1662,12,not_a
2,2558,1820,1821,14,not_and
2,2559,1652,1653,12,not_a
2,2560,3877,3878,3,a
2,2561,2628,2629,1,and
2,2562,3407,3408,12,not_a
2,2563,2884,2885,5,b
2,2564,655,656,12,not_a
2,2565,956,957,14,not_and
2,2566,632,633,0,zero
2,2567,1921,1922,6,xor
2,2568,761,762,7,or
2,2569,2935,2936,4,not_implied_by
2,2570,3608,3609,1,and
2,2571,460,461,10,not_b
2,2572,2191,2192,6,xor
2,2573,894,895,10,not_b
2,2574,3817,3818,1,and
2,2575,3989,3990,11,implied_by
2,2576,26,27,5,b
2,2577,3806,3807,13,implies
2,2578,2588,2589,1,and
2,2579,3441,3442,3,a
2,2580,1331,1332,5,b
2,2581,1401,1402,10,not_b
2,2582,3598,3599,5,b
2,2583,1166,1167,10,not_b
2,2584,2619,2620,6,xor
2,2585,297,298,3,a
2,2586,1745,1746,1,and
2,2587,936,937,14,not_and
2,2588,1323,1324,6,xor
2,2589,286,287,3,a
2,2590,1935,1936,4,not_implied_by
2,2591,105,106,1,and
2,2592,845,846,12,not_a
2,2593,1397,1398,8,not_or
2,2594,736,737,2,not_implies
2,2595,3661,3662,8,not_or
2,2596,1149,1150,8,not_or
2,2597,805,806,1,and
2,2598,2415,2416,4,not_implied_by
2,2599,3993,3994,9,not_xor
2,2600,2850,2851,7,or
2,2601,790,791,14,not_and
2,2602,1259,1260,4,not_implied_by
2,2603,2522,2523,8,not_or
2,2604,3964,3965,8,not_or
2,2605,469,470,8,not_or
2,2606,3118,3119,7,or
2,2607,2800,2801,2,not_implies
2,2608,2135,2136,12,not_a
2,2609,1296,1297,3,a
2,2610,2490,2491,3,a
2,2611,121,122,4,not_implied_by
2,2612,1580,1581,10,not_b
2,2613,3908,3909,7,or
2,2614,624,625,6,xor
2,2615,1515,1516,12,not_a
2,2616,3302,3303,13,implies
2,2617,965,966,4,not_implied_by
2,2618,513,514,11,implied_by
2,2619,949,950,2,not_implies
2,2620,941,942,10,not_b
2,2621,3486,3487,5,b
2,2622,267,268,4,not_implied_by
2,2623,2273,2274,10,not_b
2,2624,2836,2837,2,not_implies
2,2625,2607,2608,3,a
2,2626,16,17,3,a
2,2627,2197,2198,6,xor
2,2628,2085,2086,4,not_implied_by
2,2629,1048,1049,12,not_a
2,2630,1562,1563,13,implies
2,2631,3716,3717,9,not_xor
2,2632,3698,3699,6,xor
2,2633,2497,2498,9,not_xor
2,2634,2507,2508,5,b
2,2635,351,352,11,implied_by
2,2636,1538,1539,3,a
2,2637,482,483,12,not_a
2,2638,2535,2536,6,xor
2,2639,193,194,11,implied_by
2,2640,1311,1312,14,not_and
2,2641,3496,3497,5,b
2,2642,424,425,4,not_implied_by
2,2643,837,838,12,not_a
2,2644,1789,1790,8,not_or
2,2645,3920,3921,13,implies
2,2646,1664,1665,10,not_b
2,2647,3522,3523,11,implied_by
2,2648,1839,1840,5,b
2,2649,30,31,2,not_implies
2,2650,536,537,3,a
2,2651,1723,1724,5,b
2,2652,503,504,10,not_b
2,2653,1473,1474,3,a
2,2654,1994,1995,3,a
2,2655,2210,2211,8,not_or
2,2656,1318,1319,7,or
2,2657,594,595,14,not_and
2,2658,702,703,1,and
2,2659,1685,1686,14,not_and
2,2660,2057,2058,3,a
2,2661,2671,2672,5,b
2,2662,2655,2656,10,not_b
2,2663,3933,3934,6,xor
2,2664,722,723,10,not_b
2,2665,2391,2392,10,not_b
2,2666,2933,2934,1,and
2,2667,3461,3462,2,not_implies
2,2668,3967,3968,14,not_and
2,2669,2475,2476,4,not_implied_by
2,2670,1003,1004,2,not_implies
2,2671,2155,2156,12,not_a
2,2672,2677,2678,10,not_b
2,2673,647,648,5,b
2,2674,137,138,10,not_b
2,2675,464,465,14,not_and
2,2676,141,142,13,implies
2,2677,3421,3422,14,not_and
2,2678,3671,3672,10,not_b
2,2679,610,611,11,implied_by
2,2680,3650,3651,1,and
2,2681,535,536,9,not_xor
2,2682,833,834,4,not_implied_by
2,2683,1096,1097,7,or
2,2684,2301,2302,10,not_b
2,2685,767,768,4,not_implied_by
2,2686,177,178,7,or
2,2687,3591,3592,6,xor
2,2688,1190,1191,12,not_a
2,2689,1647,1648,7,or
2,2690,1938,1939,3,a
2,2691,3887,3888,1,and
2,2692,2642,2643,9,not_xor
2,2693,386,387,10,not_b
2,2694,1819,1820,12,not_a
2,2695,1423,1424,13,implies
2,2696,305,306,4,not_implied_by
2,2697,648,649,13,implies
2,2698,3157,3158,2,not_implies
2,2699,3712,3713,11,implied_by
2,2700,1490,1491,6,xor
2,2701,238,239,11,implied_by
2,2702,1294,1295,14,not_and
2,2703,1859,1860,3,a
2,2704,57,58,3,a
2,2705,3631,3632,1,and
2,2706,2029,2030,2,not_implies
2,2707,2107,2108,8,not_or
2,2708,2186,2187,6,xor
2,2709,2100,2101,6,xor
2,2710,1957,1958,6,xor
2,2711,1728,1729,3,a
2,2712,884,885,15,one
2,2713,2148,2149,3,a
2,2714,842,843,4,not_implied_by
2,2715,125,126,1,and
2,2716,2738,2739,8,not_or
2,2717,3297,3298,4,not_implied_by
2,2718,1715,1716,3,a
2,2719,3569,3570,3,a
2,2720,3340,3341,9,not_xor
2,2721,3663,3664,2,not_implies
2,2722,1726,1727,9,not_xor
2,2723,802,803,6,xor
2,2724,1348,1349,3,a
2,2725,2171,2172,2,not_implies
2,2726,3540,3541,4,not_implied_by
2,2727,2511,2512,3,a
2,2728,885,886,14,not_and
2,2729,1457,1458,11,implied_by
2,2730,1528,1529,12,not_a
2,2731,550,551,3,a
2,2732,317,318,5,b
2,2733,1169,1170,1,and
2,2734,1551,1552,5,b
2,2735,2837,2838,6,xor
2,2736,852,853,10,not_b
2,2737,880,881,11,implied_by
2,2738,3389,3390,8,not_or
2,2739,3238,3239,6,xor
2,2740,237,238,12,not_a
2,2741,1803,1804,12,not_a
2,2742,32,33,3,a
2,2743,330,331,6,xor
2,2744,3524,3525,6,xor
2,2745,1411,1412,5,b
2,2746,2341,2342,7,or
2,2747,2128,2129,13,implies
2,2748,1019,1020,13,implies
2,2749,2556,2557,7,or
2,2750,3299,3300,3,a
2,2751,2735,2736,11,implied_by
2,2752,602,603,10,not_b
2,2753,3271,3272,3,a
2,2754,1091,1092,5,b
2,2755,3178,3179,7,or
2,2756,3037,3038,3,a
2,2757,2150,2151,8,not_or
2,2758,978,979,6,xor
2,2759,3583,3584,10,not_b
2,2760,3600,3601,13,implies
2,2761,2350,2351,8,not_or
2,2762,1556,1557,9,not_xor
2,2763,3402,3403,4,not_implied_by
2,2764,3909,3910,9,not_xor
2,2765,870,871,1,and
2,2766,1950,1951,2,not_implies
2,2767,3028,3029,10,not_b
2,2768,2814,2815,9,not_xor
2,2769,960,961,4,not_implied_by
2,2770,119,120,12,not_a
2,2771,3734,3735,3,a
2,2772,18,19,9,not_xor
2,2773,935,936,11,implied_by
2,2774,3371,3372,6,xor
2,2775,2073,2074,2,not_implies
2,2776,964,965,9,not_xor
2,2777,2703,2704,13,implies
2,2778,3901,3902,12,not_a
2,2779,2604,2605,1,and
2,2780,2747,2748,12,not_a
2,2781,1554,1555,6,xor
2,2782,1126,1127,14,not_and
2,2783,3316,3317,1,and
2,2784,2657,2658,6,xor
2,2785,88,89,4,not_implied_by
2,2786,1055,1056,10,not_b
2,2787,2299,2300,10,not_b
2,2788,711,712,6,xor
2,2789,1154,1155,6,xor
2,2790,1032,1033,12,not_a
2,2791,154,155,10,not_b
2,2792,2729,2730,10,not_b
2,2793,1442,1443,3,a
2,2794,362,363,9,not_xor
2,2795,839,840,2,not_implies
2,2796,2193,2194,2,not_implies
2,2797,1378,1379,12,not_a
2,2798,3005,3006,11,implied_by
2,2799,2316,2317,13,implies
2,2800,962,963,3,a
2,2801,848,849,6,xor
2,2802,1212,1213,5,b
2,2803,170,171,7,or
2,2804,787,788,12,not_a
2,2805,1215,1216,11,implied_by
2,2806,789,790,10,not_b
2,2807,2452,2453,10,not_b
2,2808,990,991,4,not_implied_by
2,2809,2026,2027,12,not_a
2,2810,3331,3332,14,not_and
2,2811,3701,3702,3,a
2,2812,2667,2668,10,not_b
2,2813,227,228,7,or
2,2814,2446,2447,7,or
2,2815,1777,1778,13,implies
2,2816,1470,1471,2,not_implies
2,2817,3247,3248,7,or
2,2818,1937,1938,2,not_implies
2,2819,2830,2831,12,not_a
2,2820,2458,2459,9,not_xor
2,2821,1765,1766,10,not_b
2,2822,3120,3121,5,b
2,2823,3781,3782,5,b
2,2824,595,596,5,b
2,2825,3852,3853,3,a
2,2826,1573,1574,2,not_implies
2,2827,679,680,11,implied_by
2,2828,918,919,2,not_implies
2,2829,162,163,14,not_and
2,2830,3156,3157,5,b
2,2831,1265,1266,2,not_implies
2,2832,3633,3634,2,not_implies
2,2833,1247,1248,14,not_and
2,2834,2519,2520,12,not_a
2,2835,495,496,8,not_or
2,2836,3632,3633,8,not_or
2,2837,2087,2088,3,a
2,2838,134,135,3,a
2,2839,3379,3380,10,not_b
2,2840,3891,3892,6,xor
2,2841,3168,3169,13,implies
2,2842,3851,3852,12,not_a
2,2843,1708,1709,9,not_xor
2,2844,3921,3922,3,a
2,2845,2419,2420,4,not_implied_by
2,2846,891,892,5,b
2,2847,3892,3893,7,or
2,2848,3136,3137,3,a
2,2849,1202,1203,9,not_xor
2,2850,339,340,14,not_and
2,2851,2346,2347,6,xor
2,2852,2079,2080,6,xor
2,2853,1420,1421,3,a
2,2854,2361,2362,8,not_or
2,2855,1377,1378,8,not_or
2,2856,319,320,5,b
2,2857,1461,1462,3,a
2,2858,479,480,8,not_or
2,2859,838,839,9,not_xor
2,2860,1656,1657,1,and
2,2861,494,495,11,implied_by
2,2862,433,434,13,implies
2,2863,1836,1837,1,and
2,2864,3623,3624,12,not_a
2,2865,3619,3620,14,not_and
2,2866,2639,2640,8,not_or
2,2867,3020,3021,2,not_implies
2,2868,3189,3190,10,not_b
2,2869,2505,2506,9,not_xor
2,2870,2710,2711,6,xor
2,2871,3866,3867,9,not_xor
2,2872,3740,3741,5,b
2,2873,2615,2616,1,and
2,2874,328,329,5,b
2,2875,298,299,6,xor
2,2876,1611,1612,8,not_or
2,2877,2067,2068,1,and
2,2878,1330,1331,2,not_implies
2,2879,398,399,2,not_implies
2,2880,2054,2055,3,a
2,2881,1322,1323,5,b
2,2882,279,280,8,not_or
2,2883,2451,2452,10,not_b
2,2884,3769,3770,5,b
2,2885,1940,1941,14,not_and
2,2886,1842,1843,14,not_and
2,2887,969,970,7,or
2,2888,890,891,11,implied_by
2,2889,3064,3065,8,not_or
2,2890,2314,2315,4,not_implied_by
2,2891,2222,2223,3,a
2,2892,1624,1625,6,xor
2,2893,1133,1134,6,xor
2,2894,2106,2107,1,and
2,2895,3618,3619,9,not_xor
2,2896,3287,3288,10,not_b
2,2897,3117,3118,5,b
2,2898,3865,3866,6,xor
2,2899,257,258,4,not_implied_by
2,2900,1459,1460,13,implies
2,2901,1990,1991,12,not_a
2,2902,1432,1433,5,b
2,2903,1472,1473,12,not_a
2,2904,203,204,6,xor
2,2905,2423,2424,5,b
2,2906,2718,2719,2,not_implies
2,2907,2656,2657,12,not_a
2,2908,3917,3918,3,a
2,2909,2510,2511,8,not_or
2,2910,1140,1141,8,not_or
2,2911,3354,3355,10,not_b
2,2912,1665,1666,9,not_xor
2,2913,897,898,9,not_xor
2,2914,3032,3033,3,a
2,2915,72,73,3,a
2,2916,3672,3673,14,not_and
2,2917,2434,2435,7,or
2,2918,3317,3318,2,not_implies
2,2919,3043,3044,2,not_implies
2,2920,747,748,0,zero
2,2921,3682,3683,12,not_a
2,2922,545,546,4,not_implied_by
2,2923,2871,2872,4,not_implied_by
2,2924,1355,1356,11,implied_by
2,2925,2154,2155,3,a
2,2926,3301,3302,12,not_a
2,2927,3926,3927,10,not_b
2,2928,3014,3015,6,xor
2,2929,3713,3714,1,and
2,2930,2725,2726,9,not_xor
2,2931,573,574,11,implied_by
2,2932,2349,2350,3,a
2,2933,406,407,9,not_xor
2,2934,934,935,7,or
2,2935,458,459,14,not_and
2,2936,3955,3956,2,not_implies
2,2937,3599,3600,10,not_b
2,2938,2544,2545,12,not_a
2,2939,1121,1122,4,not_implied_by
2,2940,3510,3511,12,not_a
2,2941,1452,1453,11,implied_by
2,2942,2343,2344,3,a
2,2943,2021,2022,3,a
2,2944,3357,3358,4,not_implied_by
2,2945,628,629,4,not_implied_by
2,2946,808,809,10,not_b
2,2947,2745,2746,3,a
2,2948,3629,3630,11,implied_by
2,2949,2161,2162,8,not_or
2,2950,307,308,8,not_or
2,2951,2712,2713,2,not_implies
2,2952,2168,2169,5,b
2,2953,1437,1438,2,not_implies
2,2954,265,266,2,not_implies
2,2955,3904,3905,12,not_a
2,2956,2842,2843,5,b
2,2957,1179,1180,11,implied_by
2,2958,2972,2973,5,b
2,2959,1694,1695,12,not_a
2,2960,2938,2939,2,not_implies
2,2961,3061,3062,9,not_xor
2,2962,2089,2090,13,implies
2,2963,2945,2946,3,a
2,2964,2849,2850,5,b
2,2965,2595,2596,9,not_xor
2,2966,60,61,10,not_b
2,2967,3743,3744,12,not_a
2,2968,3654,3655,6,xor
2,2969,1130,1131,2,not_implies
2,2970,1539,1540,13,implies
2,2971,1700,1701,2,not_implies
2,2972,2409,2410,13,implies
2,2973,3595,3596,12,not_a
2,2974,745,746,6,xor
2,2975,2358,2359,12,not_a
2,2976,1747,1748,2,not_implies
2,2977,1128,1129,12,not_a
2,2978,2885,2886,15,one
2,2979,2246,2247,14,not_and
2,2980,3227,3228,0,zero
2,2981,945,946,9,not_xor
2,2982,316,317,9,not_xor
2,2983,115,116,8,not_or
2,2984,3255,3256,4,not_implied_by
2,2985,979,980,10,not_b
2,2986,3922,3923,4,not_implied_by
2,2987,2597,2598,7,or
2,2988,3533,3534,12,not_a
2,2989,3125,3126,10,not_b
2,2990,247,248,12,not_a
2,2991,2828,2829,5,b
2,2992,3430,3431,14,not_and
2,2993,1116,1117,14,not_and
2,2994,2369,2370,3,a
2,2995,459,460,13,implies
2,2996,2721,2722,1,and
2,2997,1176,1177,14,not_and
2,2998,904,905,11,implied_by
2,2999,3138,3139,4,not_implied_by
2,3000,1584,1585,8,not_or
2,3001,506,507,11,implied_by
2,3002,2630,2631,8,not_or
2,3003,966,967,5,b
2,3004,148,149,10,not_b
2,3005,1042,1043,3,a
2,3006,1812,1813,7,or
2,3007,407,408,6,xor
2,3008,1565,1566,9,not_xor
2,3009,2918,2919,10,not_b
2,3010,1970,1971,1,and
2,3011,2367,2368,9,not_xor
2,3012,2332,2333,10,not_b
2,3013,48,49,13,implies
2,3014,3089,3090,9,not_xor
2,3015,1904,1905,12,not_a
2,3016,1782,1783,10,not_b
2,3017,3235,3236,9,not_xor
2,3018,1947,1948,9,not_xor
2,3019,2687,2688,1,and
2,3020,1044,1045,4,not_implied_by
2,3021,1304,1305,3,a
2,3022,1772,1773,13,implies
2,3023,1660,1661,1,and
2,3024,3422,3423,12,not_a
2,3025,737,738,11,implied_by
2,3026,65,66,5,b
2,3027,2027,2028,8,not_or
2,3028,1300,1301,3,a
2,3029,659,660,12,not_a
2,3030,2919,2920,9,not_xor
2,3031,858,859,5,b
2,3032,2518,2519,5,b
2,3033,3085,3086,15,one
2,3034,3332,3333,5,b
2,3035,2665,2666,9,not_xor
2,3036,3165,3166,6,xor
2,3037,2255,2256,13,implies
2,3038,103,104,2,not_implies
2,3039,1992,1993,13,implies
2,3040,3541,3542,1,and
2,3041,2051,2052,8,not_or
2,3042,3008,3009,2,not_implies
2,3043,3845,3846,8,not_or
2,3044,2737,2738,13,implies
2,3045,3836,3837,6,xor
2,3046,1995,1996,4,not_implied_by
2,3047,252,253,3,a
2,3048,390,391,9,not_xor
2,3049,3758,3759,10,not_b
2,3050,2754,2755,8,not_or
2,3051,1013,1014,10,not_b
2,3052,2730,2731,3,a
2,3053,3256,3257,10,not_b
2,3054,2811,2812,5,b
2,3055,124,125,11,implied_by
2,3056,3792,3793,10,not_b
2,3057,3258,3259,3,a
2,3058,1552,1553,5,b
2,3059,1939,1940,3,a
2,3060,1136,1137,3,a
2,3061,757,758,9,not_xor
2,3062,428,429,3,a
2,3063,2606,2607,3,a
2,3064,1918,1919,9,not_xor
2,3065,579,580,2,not_implies
2,3066,719,720,13,implies
2,3067,1454,1455,4,not_implied_by
2,3068,2362,2363,9,not_xor
2,3069,2532,2533,4,not_implied_by
2,3070,3105,3106,5,b
2,3071,2546,2547,6,xor
2,3072,2899,2900,10,not_b
2,3073,1381,1382,2,not_implies
2,3074,1705,1706,7,or
2,3075,3567,3568,5,b
2,3076,1920,1921,8,not_or
2,3077,2901,2902,7,or
2,3078,584,585,13,implies
2,3079,582,583,12,not_a
2,3080,2113,2114,11,implied_by
2,3081,2232,2233,7,or
2,3082,3893,3894,7,or
2,3083,2528,2529,14,not_and
2,3084,931,932,5,b
2,3085,1358,1359,5,b
2,3086,2276,2277,8,not_or
2,3087,3146,3147,2,not_implies
2,3088,2028,2029,12,not_a
2,3089,19,20,5,b
2,3090,560,561,13,implies
2,3091,2140,2141,6,xor
2,3092,2424,2425,2,not_implies
2,3093,1568,1569,6,xor
2,3094,50,51,13,implies
2,3095,1137,1138,3,a
2,3096,3250,3251,3,a
2,3097,139,140,12,not_a
2,3098,704,705,2,not_implies
2,3099,2582,2583,9,not_xor
2,3100,1357,1358,7,or
2,3101,456,457,8,not_or
2,3102,2385,2386,2,not_implies
2,3103,354,355,8,not_or
2,3104,3093,3094,5,b
2,3105,2773,2774,14,not_and
2,3106,814,815,2,not_implies
2,3107,3554,3555,12,not_a
2,3108,3757,3758,1,and
2,3109,3714,3715,11,implied_by
2,3110,100,101,13,implies
2,3111,361,362,5,b
2,3112,526,527,10,not_b
2,3113,188,189,3,a
2,3114,1959,1960,10,not_b
2,3115,640,641,14,not_and
2,3116,2872,2873,9,not_xor
2,3117,1072,1073,10,not_b
2,3118,1865,1866,2,not_implies
2,3119,2875,2876,13,implies
2,3120,249,250,9,not_xor
2,3121,1916,1917,13,implies
2,3122,1332,1333,15,one
2,3123,621,622,1,and
2,3124,792,793,12,not_a
2,3125,3827,3828,9,not_xor
2,3126,2627,2628,14,not_and
2,3127,3079,3080,10,not_b
2,3128,3489,3490,9,not_xor
2,3129,427,428,10,not_b
2,3130,2212,2213,10,not_b
2,3131,389,390,8,not_or
2,3132,1761,1762,5,b
2,3133,865,866,14,not_and
2,3134,1748,1749,6,xor
2,3135,874,875,6,xor
2,3136,3378,3379,7,or
2,3137,2753,2754,13,implies
2,3138,2436,2437,7,or
2,3139,295,296,8,not_or
2,3140,3075,3076,3,a
2,3141,1450,1451,9,not_xor
2,3142,3711,3712,3,a
2,3143,2760,2761,5,b
2,3144,742,743,1,and
2,3145,1267,1268,11,implied_by
2,3146,2160,2161,2,not_implies
2,3147,451,452,4,not_implied_by
2,3148,1495,1496,8,not_or
2,3149,2448,2449,14,not_and
2,3150,3602,3603,13,implies
2,3151,3237,3238,6,xor
2,3152,1790,1791,7,or
2,3153,1069,1070,3,a
2,3154,1999,2000,8,not_or
2,3155,1474,1475,5,b
2,3156,2531,2532,14,not_and
2,3157,1993,1994,12,not_a
2,3158,2214,2215,9,not_xor
2,3159,1280,1281,10,not_b
2,3160,3334,3335,6,xor
2,3161,576,577,9,not_xor
2,3162,1599,1600,6,xor
2,3163,3057,3058,7,or
2,3164,2216,2217,9,not_xor
2,3165,31,32,5,b
2,3166,272,273,5,b
2,3167,117,118,12,not_a
2,3168,1188,1189,13,implies
2,3169,3207,3208,10,not_b
2,3170,843,844,10,not_b
2,3171,1494,1495,9,not_xor
2,3172,3113,3114,11,implied_by
2,3173,2399,2400,12,not_a
2,3174,3987,3988,7,or
2,3175,1255,1256,4,not_implied_by
2,3176,3174,3175,5,b
2,3177,3972,3973,10,not_b
2,3178,1453,1454,4,not_implied_by
2,3179,1514,1515,1,and
2,3180,1341,1342,6,xor
2,3181,1871,1872,9,not_xor
2,3182,2612,2613,12,not_a
2,3183,2858,2859,2,not_implies
2,3184,1343,1344,2,not_implies
2,3185,97,98,4,not_implied_by
2,3186,1114,1115,6,xor
2,3187,3773,3774,3,a
2,3188,2005,2006,3,a
2,3189,1674,1675,11,implied_by
2,3190,1088,1089,11,implied_by
2,3191,3702,3703,11,implied_by
2,3192,502,503,11,implied_by
2,3193,2911,2912,13,implies
2,3194,284,285,3,a
2,3195,696,697,2,not_implies
2,3196,751,752,10,not_b
2,3197,587,588,6,xor
2,3198,2481,2482,6,xor
2,3199,2328,2329,12,not_a
2,3200,1576,1577,1,and
2,3201,2084,2085,12,not_a
2,3202,136,137,10,not_b
2,3203,815,816,4,not_implied_by
2,3204,3132,3133,14,not_and
2,3205,3006,3007,6,xor
2,3206,683,684,10,not_b
2,3207,2541,2542,1,and
2,3208,3715,3716,11,implied_by
2,3209,1067,1068,8,not_or
2,3210,465,466,10,not_b
2,3211,2088,2089,12,not_a
2,3212,3655,3656,14,not_and
2,3213,3315,3316,11,implied_by
2,3214,534,535,5,b
2,3215,2294,2295,13,implies
2,3216,3532,3533,3,a
2,3217,2967,2968,13,implies
2,3218,2441,2442,9,not_xor
2,3219,3763,3764,12,not_a
2,3220,2412,2413,8,not_or
2,3221,3678,3679,4,not_implied_by
2,3222,1779,1780,9,not_xor
2,3223,3570,3571,2,not_implies
2,3224,1960,1961,0,zero
2,3225,2115,2116,15,one
2,3226,3676,3677,1,and
2,3227,2602,2603,1,and
2,3228,1628,1629,12,not_a
2,3229,3825,3826,15,one
2,3230,749,750,5,b
2,3231,2921,2922,11,implied_by
2,3232,2263,2264,3,a
2,3233,641,642,8,not_or
2,3234,264,265,3,a
2,3235,1738,1739,11,implied_by
2,3236,173,174,4,not_implied_by
2,3237,1066,1067,11,implied_by
2,3238,3500,3501,4,not_implied_by
2,3239,1550,1551,9,not_xor
2,3240,2792,2793,5,b
2,3241,152,153,9,not_xor
2,3242,3403,3404,6,xor
2,3243,828,829,12,not_a
2,3244,235,236,10,not_b
2,3245,3131,3132,2,not_implies
2,3246,258,259,6,xor
2,3247,1523,1524,9,not_xor
2,3248,2955,2956,10,not_b
2,3249,2864,2865,7,or
2,3250,1826,1827,5,b
2,3251,3361,3362,12,not_a
2,3252,2195,2196,9,not_xor
2,3253,2260,2261,8,not_or
2,3254,3266,3267,3,a
2,3255,3612,3613,10,not_b
2,3256,2697,2698,12,not_a
2,3257,2018,2019,1,and
2,3258,2866,2867,5,b
2,3259,2280,2281,8,not_or
2,3260,2981,2982,1,and
2,3261,1616,1617,10,not_b
2,3262,718,719,4,not_implied_by
2,3263,369,370,14,not_and
2,3264,2879,2880,6,xor
2,3265,3070,3071,8,not_or
2,3266,1787,1788,10,not_b
2,3267,2462,2463,12,not_a
2,3268,3527,3528,7,or
2,3269,2340,2341,5,b
2,3270,1222,1223,12,not_a
2,3271,725,726,8,not_or
2,3272,2534,2535,11,implied_by
2,3273,1703,1704,11,implied_by
2,3274,1445,1446,9,not_xor
2,3275,2716,2717,12,not_a
2,3276,1383,1384,1,and
2,3277,3080,3081,7,or
2,3278,441,442,3,a
2,3279,1105,1106,10,not_b
2,3280,2164,2165,12,not_a
2,3281,461,462,12,not_a
2,3282,3309,3310,10,not_b
2,3283,3697,3698,3,a
2,3284,938,939,9,not_xor
2,3285,3902,3903,13,implies
2,3286,1948,1949,10,not_b
2,3287,27,28,9,not_xor
2,3288,1825,1826,10,not_b
2,3289,375,376,10,not_b
2,3290,2127,2128,11,implied_by
2,3291,3111,3112,7,or
2,3292,1209,1210,13,implies
2,3293,2440,2441,13,implies
2,3294,498,499,11,implied_by
2,3295,699,700,7,or
2,3296,758,759,2,not_implies
2,3297,2474,2475,13,implies
2,3298,864,865,9,not_xor
2,3299,2101,2102,14,not_and
2,3300,3700,3701,9,not_xor
2,3301,661,662,12,not_a
2,3302,855,856,10,not_b
2,3303,768,769,7,or
2,3304,2583,2584,10,not_b
2,3305,940,941,6,xor
2,3306,3102,3103,5,b
2,3307,1234,1235,14,not_and
2,3308,3883,3884,15,one
2,3309,993,994,1,and
2,3310,277,278,7,or
2,3311,1682,1683,2,not_implies
2,3312,1521,1522,2,not_implies
2,3313,1529,1530,1,and
2,3314,312,313,8,not_or
2,3315,157,158,1,and
2,3316,1630,1631,7,or
2,3317,3173,3174,9,not_xor
2,3318,471,472,2,not_implies
2,3319,3597,3598,6,xor
2,3320,3662,3663,9,not_xor
2,3321,3563,3564,11,implied_by
2,3322,130,131,11,implied_by
2,3323,2906,2907,11,implied_by
2,3324,1326,1327,10,not_b
2,3325,3681,3682,1,and
2,3326,2774,2775,11,implied_by
2,3327,3727,3728,10,not_b
2,3328,1731,1732,4,not_implied_by
2,3329,96,97,9,not_xor
2,3330,3594,3595,9,not_xor
2,3331,1626,1627,1,and
2,3332,1892,1893,2,not_implies
2,3333,1849,1850,5,b
2,3334,605,606,6,xor
2,3335,3982,3983,8,not_or
2,3336,1466,1467,1,and
2,3337,3915,3916,10,not_b
2,3338,932,933,6,xor
2,3339,950,951,8,not_or
2,3340,3746,3747,9,not_xor
2,3341,3606,3607,8,not_or
2,3342,3729,3730,14,not_and
2,3343,3808,3809,5,b
2,3344,1943,1944,13,implies
2,3345,967,968,7,or
2,3346,2640,2641,5,b
2,3347,3812,3813,8,not_or
2,3348,3249,3250,11,implied_by
2,3349,3368,3369,10,not_b
2,3350,1606,1607,12,not_a
2,3351,3644,3645,10,not_b
2,3352,2905,2906,3,a
2,3353,2410,2411,13,implies
2,3354,2187,2188,14,not_and
2,3355,2011,2012,12,not_a
2,3356,730,731,6,xor
2,3357,3801,3802,9,not_xor
2,3358,3209,3210,7,or
2,3359,905,906,3,a
2,3360,6,7,13,implies
2,3361,3342,3343,14,not_and
2,3362,873,874,6,xor
2,3363,733,734,8,not_or
2,3364,2063,2064,14,not_and
2,3365,1182,1183,3,a
2,3366,673,674,12,not_a
2,3367,44,45,9,not_xor
2,3368,1189,1190,7,or
2,3369,1086,1087,5,b
2,3370,3767,3768,7,or
2,3371,1587,1588,12,not_a
2,3372,1827,1828,9,not_xor
2,3373,681,682,11,implied_by
2,3374,2234,2235,4,not_implied_by
2,3375,2684,2685,12,not_a
2,3376,1254,1255,0,zero
2,3377,2552,2553,5,b
2,3378,3945,3946,10,not_b
2,3379,28,29,6,xor
2,3380,2267,2268,3,a
2,3381,3868,3869,5,b
2,3382,538,539,6,xor
2,3383,973,974,4,not_implied_by
2,3384,520,521,11,implied_by
2,3385,3690,3691,9,not_xor
2,3386,2258,2259,12,not_a
2,3387,2138,2139,9,not_xor
2,3388,2337,2338,10,not_b
2,3389,2637,2638,5,b
2,3390,2982,2983,13,implies
2,3391,701,702,9,not_xor
2,3392,1516,1517,11,implied_by
2,3393,512,513,11,implied_by
2,3394,3604,3605,7,or
2,3395,1668,1669,6,xor
2,3396,278,279,10,not_b
2,3397,2870,2871,10,not_b
2,3398,1785,1786,3,a
2,3399,3961,3962,3,a
2,3400,2857,2858,15,one
2,3401,2288,2289,4,not_implied_by
2,3402,2575,2576,9,not_xor
2,3403,69,70,4,not_implied_by
2,3404,3398,3399,1,and
2,3405,1232,1233,6,xor
2,3406,1210,1211,9,not_xor
2,3407,2145,2146,8,not_or
2,3408,363,364,5,b
2,3409,2573,2574,10,not_b
2,3410,1387,1388,10,not_b
2,3411,3440,3441,2,not_implies
2,3412,2762,2763,13,implies
2,3413,3903,3904,6,xor
2,3414,2153,2154,10,not_b
2,3415,963,964,12,not_a
2,3416,2172,2173,9,not_xor
2,3417,3359,3360,1,and
2,3418,486,487,8,not_or
2,3419,2124,2125,9,not_xor
2,3420,3579,3580,9,not_xor
2,3421,1673,1674,12,not_a
2,3422,3151,3152,3,a
2,3423,592,593,5,b
2,3424,3056,3057,1,and
2,3425,2816,2817,8,not_or
2,3426,1637,1638,10,not_b
2,3427,782,783,13,implies
2,3428,2826,2827,13,implies
2,3429,2551,2552,1,and
2,3430,3214,3215,11,implied_by
2,3431,271,272,1,and
2,3432,3590,3591,11,implied_by
2,3433,3366,3367,11,implied_by
2,3434,3122,3123,12,not_a
2,3435,250,251,11,implied_by
2,3436,3053,3054,3,a
2,3437,1405,1406,3,a
2,3438,1985,1986,5,b
2,3439,3248,3249,10,not_b
2,3440,2268,2269,6,xor
2,3441,3215,3216,10,not_b
2,3442,3625,3626,11,implied_by
2,3443,3918,3919,13,implies
2,3444,99,100,6,xor
2,3445,280,281,2,not_implies
2,3446,2782,2783,9,not_xor
2,3447,2176,2177,9,not_xor
2,3448,2749,2750,4,not_implied_by
2,3449,1412,1413,5,b
2,3450,2927,2928,1,and
2,3451,315,316,11,implied_by
2,3452,2413,2414,5,b
2,3453,2238,2239,1,and
2,3454,2993,2994,3,a
2,3455,3976,3977,9,not_xor
2,3456,2064,2065,9,not_xor
2,3457,944,945,5,b
2,3458,1476,1477,3,a
2,3459,1174,1175,10,not_b
2,3460,2727,2728,6,xor
2,3461,1308,1309,10,not_b
2,3462,3244,3245,1,and
2,3463,336,337,7,or
2,3464,2689,2690,3,a
2,3465,2477,2478,10,not_b
2,3466,444,445,3,a
2,3467,3495,3496,7,or
2,3468,710,711,12,not_a
2,3469,3387,3388,7,or
2,3470,2543,2544,3,a
2,3471,3350,3351,12,not_a
2,3472,2037,2038,12,not_a
2,3473,1524,1525,6,xor
2,3474,1823,1824,5,b
2,3475,2039,2040,12,not_a
2,3476,2277,2278,8,not_or
2,3477,82,83,6,xor
2,3478,1880,1881,11,implied_by
2,3479,872,873,7,or
2,3480,1068,1069,9,not_xor
2,3481,2450,2451,4,not_implied_by
2,3482,2250,2251,10,not_b
2,3483,2453,2454,12,not_a
2,3484,1987,1988,14,not_and
2,3485,1718,1719,7,or
2,3486,1059,1060,15,one
2,3487,2329,2330,12,not_a
2,3488,3978,3979,2,not_implies
2,3489,3736,3737,3,a
2,3490,3074,3075,5,b
2,3491,2365,2366,6,xor
2,3492,3083,3084,3,a
2,3493,1102,1103,9,not_xor
2,3494,3869,3870,3,a
2,3495,1639,1640,4,not_implied_by
2,3496,3030,3031,13,implies
2,3497,2503,2504,10,not_b
2,3498,2732,2733,5,b
2,3499,3985,3986,0,zero
2,3500,2333,2334,10,not_b
2,3501,3829,3830,2,not_implies
2,3502,2698,2699,8,not_or
2,3503,2342,2343,7,or
2,3504,3593,3594,7,or
2,3505,604,605,1,and
2,3506,2586,2587,11,implied_by
2,3507,1690,1691,2,not_implies
2,3508,3428,3429,7,or
2,3509,3306,3307,3,a
2,3510,1303,1304,11,implied_by
2,3511,335,336,11,implied_by
2,3512,2672,2673,12,not_a
2,3513,856,857,10,not_b
2,3514,2567,2568,2,not_implies
2,3515,2126,2127,8,not_or
2,3516,3405,3406,0,zero
2,3517,2382,2383,8,not_or
2,3518,3709,3710,8,not_or
2,3519,2978,2979,9,not_xor
2,3520,3024,3025,13,implies
2,3521,220,221,6,xor
2,3522,580,581,6,xor
2,3523,122,123,9,not_xor
2,3524,3039,3040,12,not_a
2,3525,1264,1265,4,not_implied_by
2,3526,3226,3227,13,implies
2,3527,2925,2926,1,and
2,3528,1974,1975,10,not_b
2,3529,3772,3773,9,not_xor
2,3530,1249,1250,9,not_xor
2,3531,2116,2117,3,a
2,3532,1676,1677,10,not_b
2,3533,888,889,5,b
2,3534,472,473,14,not_and
2,3535,1465,1466,5,b
2,3536,2516,2517,9,not_xor
2,3537,3345,3346,4,not_implied_by
2,3538,570,571,2,not_implies
2,3539,3802,3803,3,a
2,3540,1898,1899,9,not_xor
2,3541,3236,3237,6,xor
2,3542,1045,1046,7,or
2,3543,3954,3955,5,b
2,3544,2731,2732,3,a
2,3545,2096,2097,4,not_implied_by
2,3546,3762,3763,8,not_or
2,3547,2381,2382,2,not_implies
2,3548,3548,3549,8,not_or
2,3549,1736,1737,7,or
2,3550,3412,3413,11,implied_by
2,3551,505,506,14,not_and
2,3552,831,832,9,not_xor
2,3553,3279,3280,9,not_xor
2,3554,1605,1606,11,implied_by
2,3555,2810,2811,2,not_implies
2,3556,816,817,2,not_implies
2,3557,3035,3036,13,implies
2,3558,2775,2776,13,implies
2,3559,2565,2566,1,and
2,3560,2237,2238,9,not_xor
2,3561,110,111,4,not_implied_by
2,3562,1526,1527,9,not_xor
2,3563,779,780,9,not_xor
2,3564,3115,3116,11,implied_by
2,3565,3245,3246,5,b
2,3566,1636,1637,0,zero
2,3567,849,850,6,xor
2,3568,642,643,10,not_b
2,3569,3192,3193,6,xor
2,3570,3531,3532,1,and
2,3571,1861,1862,4,not_implied_by
2,3572,3860,3861,4,not_implied_by
2,3573,2182,2183,5,b
2,3574,1841,1842,9,not_xor
2,3575,2952,2953,7,or
2,3576,567,568,6,xor
2,3577,893,894,6,xor
2,3578,405,406,11,implied_by
2,3579,954,955,11,implied_by
2,3580,1181,1182,4,not_implied_by
2,3581,919,920,4,not_implied_by
2,3582,3947,3948,9,not_xor
2,3583,3161,3162,1,and
2,3584,1571,1572,5,b
2,3585,1070,1071,13,implies
2,3586,3026,3027,11,implied_by
2,3587,1141,1142,11,implied_by
2,3588,1211,1212,6,xor
2,3589,2766,2767,4,not_implied_by
2,3590,2812,2813,10,not_b
2,3591,914,915,10,not_b
2,3592,222,223,10,not_b
2,3593,56,57,5,b
2,3594,1792,1793,1,and
2,3595,77,78,1,and
2,3596,3230,3231,10,not_b
2,3597,187,188,13,implies
2,3598,2090,2091,3,a
2,3599,324,325,14,not_and
2,3600,3573,3574,5,b
2,3601,285,286,13,implies
2,3602,850,851,14,not_and
2,3603,1400,1401,2,not_implies
2,3604,3755,3756,12,not_a
2,3605,2970,2971,13,implies
2,3606,1427,1428,9,not_xor
2,3607,1734,1735,10,not_b
2,3608,670,671,9,not_xor
2,3609,3960,3961,4,not_implied_by
2,3610,511,512,3,a
2,3611,3876,3877,5,b
2,3612,2587,2588,5,b
2,3613,3426,3427,4,not_implied_by
2,3614,2894,2895,10,not_b
2,3615,3110,3111,2,not_implies
2,3616,1026,1027,8,not_or
2,3617,977,978,3,a
2,3618,2650,2651,2,not_implies
2,3619,806,807,0,zero
2,3620,3481,3482,12,not_a
2,3621,2936,2937,9,not_xor
2,3622,1385,1386,9,not_xor
2,3623,2491,2492,6,xor
2,3624,901,902,7,or
2,3625,2851,2852,6,xor
2,3626,1644,1645,2,not_implies
2,3627,3304,3305,13,implies
2,3628,2384,2385,10,not_b
2,3629,1185,1186,2,not_implies
2,3630,3529,3530,0,zero
2,3631,3785,3786,6,xor
2,3632,3330,3331,13,implies
2,3633,2533,2534,11,implied_by
2,3634,2235,2236,13,implies
2,3635,3704,3705,14,not_and
2,3636,61,62,8,not_or
2,3637,2610,2611,9,not_xor
2,3638,1899,1900,6,xor
2,3639,1462,1463,6,xor
2,3640,1227,1228,12,not_a
2,3641,3777,3778,13,implies
2,3642,435,436,1,and
2,3643,1030,1031,10,not_b
2,3644,563,564,2,not_implies
2,3645,2439,2440,1,and
2,3646,1946,1947,2,not_implies
2,3647,492,493,6,xor
2,3648,200,201,6,xor
2,3649,228,229,15,one
2,3650,3135,3136,12,not_a
2,3651,2108,2109,5,b
2,3652,3814,3815,3,a
2,3653,3375,3376,9,not_xor
2,3654,2492,2493,1,and
2,3655,3797,3798,10,not_b
2,3656,42,43,11,implied_by
2,3657,1118,1119,9,not_xor
2,3658,2456,2457,8,not_or
2,3659,851,852,4,not_implied_by
2,3660,1235,1236,9,not_xor
2,3661,2136,2137,3,a
2,3662,3637,3638,3,a
2,3663,1239,1240,6,xor
2,3664,3838,3839,1,and
2,3665,3944,3945,8,not_or
2,3666,626,627,10,not_b
2,3667,652,653,3,a
2,3668,3996,3997,12,not_a
2,3669,144,145,4,not_implied_by
2,3670,3041,3042,12,not_a
2,3671,254,255,6,xor
2,3672,2248,2249,3,a
2,3673,2180,2181,14,not_and
2,3674,3543,3544,13,implies
2,3675,1160,1161,14,not_and
2,3676,89,90,14,not_and
2,3677,3436,3437,5,b
2,3678,2165,2166,1,and
2,3679,2482,2483,6,xor
2,3680,133,134,7,or
2,3681,3002,3003,6,xor
2,3682,3212,3213,15,one
2,3683,984,985,6,xor
2,3684,2008,2009,4,not_implied_by
2,3685,2832,2833,10,not_b
2,3686,691,692,10,not_b
2,3687,2688,2689,8,not_or
2,3688,2471,2472,1,and
2,3689,2468,2469,3,a
2,3690,1770,1771,12,not_a
2,3691,293,294,9,not_xor
2,3692,2683,2684,7,or
2,3693,1335,1336,6,xor
2,3694,3068,3069,6,xor
2,3695,1564,1565,3,a
2,3696,759,760,11,implied_by
2,3697,3823,3824,13,implies
2,3698,2823,2824,5,b
2,3699,627,628,14,not_and
2,3700,1327,1328,14,not_and
2,3701,3787,3788,12,not_a
2,3702,419,420,14,not_and
2,3703,1837,1838,6,xor
2,3704,1934,1935,6,xor
2,3705,3082,3083,2,not_implies
2,3706,1173,1174,2,not_implies
2,3707,2995,2996,5,b
2,3708,2120,2121,4,not_implied_by
2,3709,764,765,2,not_implies
2,3710,3418,3419,13,implies
2,3711,2119,2120,1,and
2,3712,3144,3145,3,a
2,3713,2941,2942,6,xor
2,3714,2509,2510,3,a
2,3715,1991,1992,9,not_xor
2,3716,1435,1436,10,not_b
2,3717,477,478,12,not_a
2,3718,1481,1482,14,not_and
2,3719,421,422,1,and
2,3720,841,842,12,not_a
2,3721,395,396,8,not_or
2,3722,1750,1751,2,not_implies
2,3723,2504,2505,8,not_or
2,3724,2651,2652,11,implied_by
2,3725,509,510,8,not_or
2,3726,1157,1158,13,implies
2,3727,2034,2035,2,not_implies
2,3728,2992,2993,9,not_xor
2,3729,575,576,3,a
2,3730,2344,2345,6,xor
2,3731,1444,1445,11,implied_by
2,3732,957,958,13,implies
2,3733,2908,2909,3,a
2,3734,1440,1441,5,b
2,3735,2977,2978,8,not_or
2,3736,2208,2209,12,not_a
2,3737,2052,2053,6,xor
2,3738,3094,3095,3,a
2,3739,1735,1736,7,or
2,3740,3657,3658,13,implies
2,3741,562,563,12,not_a
2,3742,1196,1197,2,not_implies
2,3743,3395,3396,15,one
2,3744,927,928,12,not_a
2,3745,2097,2098,5,b
2,3746,568,569,13,implies
2,3747,735,736,10,not_b
2,3748,2429,2430,13,implies
2,3749,3292,3293,6,xor
2,3750,3766,3767,2,not_implies
2,3751,1570,1571,2,not_implies
2,3752,1408,1409,12,not_a
2,3753,493,494,12,not_a
2,3754,824,825,4,not_implied_by
2,3755,1386,1387,10,not_b
2,3756,3490,3491,13,implies
2,3757,1533,1534,10,not_b
2,3758,1161,1162,6,xor
2,3759,3782,3783,7,or
2,3760,1148,1149,9,not_xor
2,3761,791,792,9,not_xor
2,3762,769,770,9,not_xor
2,3763,3311,3312,13,implies
2,3764,2259,2260,9,not_xor
2,3765,2514,2515,6,xor
2,3766,2302,2303,3,a
2,3767,739,740,3,a
2,3768,3694,3695,6,xor
2,3769,2449,2450,3,a
2,3770,314,315,11,implied_by
2,3771,3795,3796,12,not_a
2,3772,2146,2147,13,implies
2,3773,544,545,8,not_or
2,3774,1085,1086,5,b
2,3775,3447,3448,11,implied_by
2,3776,2579,2580,5,b
2,3777,908,909,5,b
2,3778,2081,2082,4,not_implied_by
2,3779,241,242,14,not_and
2,3780,1037,1038,14,not_and
2,3781,1976,1977,7,or
2,3782,1903,1904,2,not_implies
2,3783,13,14,10,not_b
2,3784,2300,2301,5,b
2,3785,2354,2355,12,not_a
2,3786,3456,3457,10,not_b
2,3787,3282,3283,4,not_implied_by
2,3788,225,226,15,one
2,3789,3277,3278,8,not_or
2,3790,1549,1550,10,not_b
2,3791,1094,1095,8,not_or
2,3792,1223,1224,3,a
2,3793,2559,2560,2,not_implies
2,3794,2915,2916,13,implies
2,3795,2517,2518,2,not_implies
2,3796,2286,2287,9,not_xor
2,3797,2321,2322,7,or
2,3798,3295,3296,12,not_a
2,3799,3749,3750,1,and
2,3800,1905,1906,10,not_b
2,3801,2601,2602,9,not_xor
2,3802,3719,3720,14,not_and
2,3803,3839,3840,8,not_or
2,3804,217,218,3,a
2,3805,2902,2903,5,b
2,3806,1922,1923,13,implies
2,3807,1479,1480,11,implied_by
2,3808,376,377,10,not_b
2,3809,2733,2734,10,not_b
2,3810,1522,1523,10,not_b
2,3811,2379,2380,9,not_xor
2,3812,2245,2246,14,not_and
2,3813,1011,1012,6,xor
2,3814,3622,3623,9,not_xor
2,3815,2129,2130,6,xor
2,3816,1425,1426,5,b
2,3817,1759,1760,1,and
2,3818,2093,2094,2,not_implies
2,3819,2025,2026,7,or
2,3820,2347,2348,1,and
2,3821,2139,2140,4,not_implied_by
2,3822,1164,1165,2,not_implies
2,3823,2092,2093,1,and
2,3824,180,181,0,zero
2,3825,3863,3864,1,and
2,3826,1791,1792,8,not_or
2,3827,2004,2005,3,a
2,3828,3285,3286,2,not_implies
2,3829,46,47,12,not_a
2,3830,2049,2050,5,b
2,3831,3433,3434,0,zero
2,3832,3872,3873,10,not_b
2,3833,1298,1299,5,b
2,3834,3645,3646,12,not_a
2,3835,3912,3913,3,a
2,3836,1135,1136,4,not_implied_by
2,3837,3127,3128,14,not_and
2,3838,1345,1346,10,not_b
2,3839,2020,2021,3,a
2,3840,811,812,14,not_and
2,3841,523,524,11,implied_by
2,3842,1056,1057,7,or
2,3843,2313,2314,0,zero
2,3844,289,290,9,not_xor
2,3845,1244,1245,14,not_and
2,3846,2922,2923,8,not_or
2,3847,1057,1058,8,not_or
2,3848,3218,3219,3,a
2,3849,2787,2788,5,b
2,3850,694,695,13,implies
2,3851,834,835,4,not_implied_by
2,3852,337,338,10,not_b
2,3853,646,647,13,implies
2,3854,2649,2650,3,a
2,3855,1695,1696,13,implies
2,3856,795,796,1,and
2,3857,528,529,4,not_implied_by
2,3858,2315,2316,15,one
2,3859,1195,1196,10,not_b
2,3860,2822,2823,9,not_xor
2,3861,3048,3049,11,implied_by
2,3862,318,319,12,not_a
2,3863,1290,1291,5,b
2,3864,2801,2802,6,xor
2,3865,3580,3581,2,not_implies
2,3866,43,44,3,a
2,3867,393,394,1,and
2,3868,2166,2167,12,not_a
2,3869,3875,3876,14,not_and
2,3870,332,333,10,not_b
2,3871,1150,1151,10,not_b
2,3872,1499,1500,12,not_a
2,3873,1071,1072,4,not_implied_by
2,3874,1170,1171,5,b
2,3875,1768,1769,10,not_b
2,3876,2913,2914,12,not_a
2,3877,2209,2210,13,implies
2,3878,3837,3838,7,or
2,3879,2874,2875,1,and
2,3880,333,334,4,not_implied_by
2,3881,1213,1214,0,zero
2,3882,224,225,8,not_or
2,3883,2047,2048,10,not_b
2,3884,326,327,0,zero
2,3885,1911,1912,13,implies
2,3886,1278,1279,5,b
2,3887,3322,3323,13,implies
2,3888,3073,3074,9,not_xor
2,3889,1285,1286,3,a
2,3890,3349,3350,7,or
2,3891,1034,1035,10,not_b
2,3892,906,907,4,not_implied_by
2,3893,1982,1983,13,implies
2,3894,2488,2489,3,a
2,3895,2364,2365,5,b
2,3896,1106,1107,13,implies
2,3897,1122,1123,4,not_implied_by
2,3898,1634,1635,2,not_implies
2,3899,1389,1390,6,xor
2,3900,473,474,10,not_b
2,3901,2928,2929,11,implied_by
2,3902,1824,1825,13,implies
2,3903,190,191,14,not_and
2,3904,881,882,6,xor
2,3905,2617,2618,13,implies
2,3906,1821,1822,5,b
2,3907,1410,1411,12,not_a
2,3908,320,321,10,not_b
2,3909,588,589,13,implies
2,3910,3119,3120,10,not_b
2,3911,910,911,4,not_implied_by
2,3912,2574,2575,9,not_xor
2,3913,3181,3182,3,a
2,3914,3635,3636,8,not_or
2,3915,2708,2709,10,not_b
2,3916,3578,3579,11,implied_by
2,3917,796,797,15,one
2,3918,283,284,10,not_b
2,3919,1724,1725,11,implied_by
2,3920,1177,1178,3,a
2,3921,2469,2470,13,implies
2,3922,3059,3060,11,implied_by
2,3923,1339,1340,5,b
2,3924,273,274,5,b
2,3925,2,3,4,not_implied_by
2,3926,1802,1803,3,a
2,3927,1277,1278,13,implies
2,3928,1187,1188,5,b
2,3929,1619,1620,12,not_a
2,3930,1184,1185,13,implies
2,3931,3298,3299,13,implies
2,3932,357,358,11,implied_by
2,3933,649,650,9,not_xor
2,3934,107,108,9,not_xor
2,3935,2682,2683,3,a
2,3936,916,917,11,implied_by
2,3937,1021,1022,4,not_implied_by
2,3938,578,579,5,b
2,3939,1163,1164,10,not_b
2,3940,976,977,7,or
2,3941,2290,2291,2,not_implies
2,3942,645,646,14,not_and
2,3943,709,710,9,not_xor
2,3944,2706,2707,6,xor
2,3945,2218,2219,4,not_implied_by
2,3946,750,751,5,b
2,3947,917,918,9,not_xor
2,3948,2761,2762,14,not_and
2,3949,942,943,9,not_xor
2,3950,2646,2647,4,not_implied_by
2,3951,2550,2551,14,not_and
2,3952,2407,2408,6,xor
2,3953,95,96,8,not_or
2,3954,3788,3789,14,not_and
2,3955,3453,3454,12,not_a
2,3956,2500,2501,5,b
2,3957,2947,2948,12,not_a
2,3958,3565,3566,10,not_b
2,3959,0,1,13,implies
2,3960,1152,1153,7,or
2,3961,1800,1801,7,or
2,3962,2536,2537,5,b
2,3963,3060,3061,7,or
2,3964,3163,3164,3,a
2,3965,1455,1456,9,not_xor
2,3966,3974,3975,12,not_a
2,3967,1697,1698,6,xor
2,3968,3307,3308,12,not_a
2,3969,2272,2273,5,b
2,3970,2292,2293,8,not_or
2,3971,1428,1429,9,not_xor
2,3972,3862,3863,11,implied_by
2,3973,1513,1514,15,one
2,3974,1679,1680,5,b
2,3975,129,130,12,not_a
2,3976,1284,1285,13,implies
2,3977,378,379,8,not_or
2,3978,2045,2046,8,not_or
2,3979,2091,2092,14,not_and
2,3980,3449,3450,9,not_xor
2,3981,657,658,7,or
2,3982,1175,1176,9,not_xor
2,3983,380,381,7,or
2,3984,1390,1391,11,implied_by
2,3985,379,380,10,not_b
2,3986,259,260,6,xor
2,3987,638,639,13,implies
2,3988,2398,2399,12,not_a
2,3989,1631,1632,10,not_b
2,3990,2540,2541,5,b
2,3991,1766,1767,13,implies
2,3992,1654,1655,6,xor
2,3993,799,800,9,not_xor
2,3994,507,508,11,implied_by
2,3995,3658,3659,6,xor
2,3996,192,193,2,not_implies
2,3997,1831,1832,6,xor
2,3998,3488,3489,6,xor
2,3999,612,613,14,not_and
3,0,183,184,5,b
3,1,3515,3516,6,xor
3,2,2813,2814,11,implied_by
3,3,2056,2057,1,and
3,4,1301,1302,11,implied_by
3,5,3839,3840,13,implies
3,6,824,825,9,not_xor
3,7,3635,3636,12,not_a
3,8,993,994,5,b
3,9,3230,3231,8,not_or
3,10,2415,2416,5,b
3,11,844,845,3,a
3,12,2724,2725,1,and
3,13,383,384,9,not_xor
3,14,2891,2892,11,implied_by
3,15,3652,3653,1,and
3,16,1536,1537,5,b
3,17,165,166,6,xor
3,18,3625,3626,3,a
3,19,1529,1530,5,b
3,20,400,401,7,or
3,21,3959,3960,12,not_a
3,22,2968,2969,1,and
3,23,1129,1130,9,not_xor
3,24,1349,1350,2,not_implies
3,25,3696,3697,12,not_a
3,26,781,782,13,implies
3,27,2121,2122,6,xor
3,28,2428,2429,12,not_a
3,29,3128,3129,2,not_implies
3,30,1817,1818,10,not_b
3,31,1215,1216,5,b
3,32,438,439,14,not_and
3,33,2658,2659,10,not_b
3,34,2812,2813,10,not_b
3,35,1654,1655,14,not_and
3,36,475,476,5,b
3,37,2192,2193,5,b
3,38,1976,1977,2,not_implies
3,39,2690,2691,7,or
3,40,2821,2822,5,b
3,41,2082,2083,5,b
3,42,3397,3398,10,not_b
3,43,25,26,13,implies
3,44,1321,1322,1,and
3,45,3451,3452,8,not_or
3,46,1371,1372,7,or
3,47,358,359,5,b
3,48,1685,1686,10,not_b
3,49,867,868,9,not_xor
3,50,667,668,10,not_b
3,51,171,172,9,not_xor
3,52,3409,3410,9,not_xor
3,53,709,710,9,not_xor
3,54,1233,1234,5,b
3,55,3325,3326,10,not_b
3,56,3396,3397,14,not_and
3,57,3606,3607,14,not_and
3,58,1517,1518,6,xor
3,59,2561,2562,14,not_and
3,60,1977,1978,4,not_implied_by
3,61,3437,3438,14,not_and
3,62,1061,1062,5,b
3,63,3752,3753,5,b
3,64,1034,1035,3,a
3,65,3236,3237,8,not_or
3,66,2120,2121,13,implies
3,67,295,296,3,a
3,68,3275,3276,14,not_and
3,69,1308,1309,1,and
3,70,399,400,8,not_or
3,71,2613,2614,9,not_xor
3,72,230,231,6,xor
3,73,1446,1447,12,not_a
3,74,1521,1522,12,not_a
3,75,2550,2551,5,b
3,76,573,574,1,and
3,77,3068,3069,4,not_implied_by
3,78,515,516,11,implied_by
3,79,3405,3406,5,b
3,80,365,366,3,a
3,81,108,109,6,xor
3,82,3585,3586,9,not_xor
3,83,1417,1418,4,not_implied_by
3,84,715,716,8,not_or
3,85,258,259,10,not_b
3,86,804,805,4,not_implied_by
3,87,1405,1406,10,not_b
3,88,2005,2006,3,a
3,89,1932,1933,0,zero
3,90,1799,1800,3,a
3,91,3765,3766,2,not_implies
3,92,1839,1840,8,not_or
3,93,272,273,4,not_implied_by
3,94,578,579,7,or
3,95,1745,1746,12,not_a
3,96,3119,3120,12,not_a
3,97,1483,1484,3,a
3,98,1047,1048,8,not_or
3,99,930,931,14,not_and
3,100,1213,1214,12,not_a
3,101,315,316,10,not_b
3,102,187,188,2,not_implies
3,103,2300,2301,1,and
3,104,3636,3637,5,b
3,105,3241,3242,10,not_b
3,106,1046,1047,5,b
3,107,1899,1900,6,xor
3,108,457,458,5,b
3,109,2360,2361,0,zero
3,110,3626,3627,8,not_or
3,111,2202,2203,10,not_b
3,112,1253,1254,12,not_a
3,113,1892,1893,5,b
3,114,3219,3220,14,not_and
3,115,376,377,3,a
3,116,3564,3565,11,implied_by
3,117,2549,2550,10,not_b
3,118,2639,2640,5,b
3,119,2050,2051,12,not_a
3,120,3470,3471,5,b
3,121,2374,2375,13,implies
3,122,2401,2402,10,not_b
3,123,330,331,9,not_xor
3,124,3416,3417,12,not_a
3,125,2074,2075,5,b
3,126,965,966,12,not_a
3,127,2000,2001,15,one
3,128,1597,1598,5,b
3,129,2989,2990,13,implies
3,130,745,746,6,xor
3,131,3005,3006,1,and
3,132,3759,3760,14,not_and
3,133,516,517,6,xor
3,134,3101,3102,3,a
3,135,3487,3488,3,a
3,136,1758,1759,5,b
3,137,2880,2881,2,not_implies
3,138,1307,1308,3,a
3,139,1180,1181,4,not_implied_by
3,140,456,457,14,not_and
3,141,3309,3310,3,a
3,142,2725,2726,8,not_or
3,143,3574,3575,12,not_a
3,144,2806,2807,9,not_xor
3,145,2336,2337,2,not_implies
3,146,2538,2539,12,not_a
3,147,2714,2715,9,not_xor
3,148,3702,3703,1,and
3,149,888,889,7,or
3,150,100,101,5,b
3,151,447,448,10,not_b
3,152,1589,1590,9,not_xor
3,153,1108,1109,5,b
3,154,1075,1076,13,implies
3,155,3041,3042,9,not_xor
3,156,3337,3338,4,not_implied_by
3,157,1200,1201,6,xor
3,158,3944,3945,0,zero
3,159,460,461,8,not_or
3,160,806,807,5,b
3,161,2219,2220,3,a
3,162,3619,3620,0,zero
3,163,285,286,9,not_xor
3,164,2808,2809,10,not_b
3,165,3583,3584,12,not_a
3,166,1860,1861,11,implied_by
3,167,1476,1477,3,a
3,168,338,339,5,b
3,169,1057,1058,10,not_b
3,170,3562,3563,6,xor
3,171,3040,3041,10,not_b
3,172,3266,3267,14,not_and
3,173,833,834,8,not_or
3,174,1534,1535,12,not_a
3,175,2457,2458,10,not_b
3,176,3827,3828,13,implies
3,177,3553,3554,6,xor
3,178,2503,2504,4,not_implied_by
3,179,2423,2424,12,not_a
3,180,2067,2068,12,not_a
3,181,3963,3964,6,xor
3,182,1456,1457,12,not_a
3,183,104,105,1,and
3,184,1176,1177,13,implies
3,185,1537,1538,9,not_xor
3,186,2718,2719,5,b
3,187,3264,3265,12,not_a
3,188,962,963,11,implied_by
3,189,1842,1843,9,not_xor
3,190,116,117,3,a
3,191,1894,1895,3,a
3,192,2998,2999,7,or
3,193,766,767,10,not_b
3,194,2531,2532,2,not_implies
3,195,595,596,8,not_or
3,196,3591,3592,5,b
3,197,235,236,3,a
3,198,3082,3083,3,a
3,199,254,255,6,xor
3,200,482,483,6,xor
3,201,555,556,14,not_and
3,202,3800,3801,3,a
3,203,2142,2143,14,not_and
3,204,1173,1174,9,not_xor
3,205,3466,3467,3,a
3,206,892,893,1,and
3,207,445,446,3,a
3,208,1440,1441,3,a
3,209,3026,3027,8,not_or
3,210,646,647,2,not_implies
3,211,3481,3482,5,b
3,212,3789,3790,10,not_b
3,213,1760,1761,14,not_and
3,214,1171,1172,9,not_xor
3,215,3486,3487,10,not_b
3,216,1358,1359,9,not_xor
3,217,2197,2198,3,a
3,218,2066,2067,3,a
3,219,1436,1437,7,or
3,220,2581,2582,12,not_a
3,221,3818,3819,3,a
3,222,3223,3224,15,one
3,223,860,861,5,b
3,224,3770,3771,3,a
3,225,2425,2426,3,a
3,226,1651,1652,10,not_b
3,227,3017,3018,5,b
3,228,3255,3256,10,not_b
3,229,1076,1077,3,a
3,230,3632,3633,11,implied_by
3,231,1058,1059,6,xor
3,232,462,463,3,a
3,233,3504,3505,7,or
3,234,543,544,2,not_implies
3,235,2678,2679,9,not_xor
3,236,2777,2778,14,not_and
3,237,657,658,10,not_b
3,238,3419,3420,6,xor
3,239,2671,2672,12,not_a
3,240,1993,1994,1,and
3,241,3519,3520,4,not_implied_by
3,242,1560,1561,3,a
3,243,3480,3481,3,a
3,244,1344,1345,12,not_a
3,245,513,514,6,xor
3,246,2704,2705,12,not_a
3,247,948,949,11,implied_by
3,248,3600,3601,12,not_a
3,249,2952,2953,2,not_implies
3,250,1373,1374,9,not_xor
3,251,1804,1805,9,not_xor
3,252,1165,1166,9,not_xor
3,253,3655,3656,3,a
3,254,1828,1829,14,not_and
3,255,3807,3808,9,not_xor
3,256,1132,1133,12,not_a
3,257,2574,2575,4,not_implied_by
3,258,203,204,11,implied_by
3,259,140,141,8,not_or
3,260,527,528,3,a
3,261,2447,2448,5,b
3,262,3203,3204,12,not_a
3,263,741,742,7,or
3,264,1268,1269,13,implies
3,265,858,859,5,b
3,266,2410,2411,6,xor
3,267,913,914,5,b
3,268,889,890,11,implied_by
3,269,1774,1775,14,not_and
3,270,2939,2940,14,not_and
3,271,3055,3056,9,not_xor
3,272,1795,1796,11,implied_by
3,273,1125,1126,11,implied_by
3,274,2073,2074,12,not_a
3,275,3196,3197,10,not_b
3,276,3248,3249,5,b
3,277,2866,2867,2,not_implies
3,278,2327,2328,3,a
3,279,1985,1986,9,not_xor
3,280,1418,1419,3,a
3,281,492,493,12,not_a
3,282,3357,3358,8,not_or
3,283,1891,1892,10,not_b
3,284,3531,3532,9,not_xor
3,285,9,10,9,not_xor
3,286,1627,1628,7,or
3,287,1141,1142,4,not_implied_by
3,288,491,492,14,not_and
3,289,3134,3135,10,not_b
3,290,2817,2818,10,not_b
3,291,1265,1266,13,implies
3,292,3421,3422,12,not_a
3,293,2035,2036,4,not_implied_by
3,294,1330,1331,5,b
3,295,1150,1151,5,b
3,296,247,248,4,not_implied_by
3,297,2790,2791,6,xor
3,298,1153,1154,6,xor
3,299,3799,3800,9,not_xor
3,300,443,444,7,or
3,301,1370,1371,12,not_a
3,302,24,25,10,not_b
3,303,2363,2364,9,not_xor
3,304,157,158,2,not_implies
3,305,1538,1539,3,a
3,306,2267,2268,12,not_a
3,307,2380,2381,8,not_or
3,308,3781,3782,2,not_implies
3,309,526,527,5,b
3,310,1750,1751,3,a
3,311,406,407,1,and
3,312,208,209,1,and
3,313,3744,3745,13,implies
3,314,1360,1361,3,a
3,315,1520,1521,12,not_a
3,316,119,120,5,b
3,317,2580,2581,12,not_a
3,318,322,323,3,a
3,319,3552,3553,5,b
3,320,746,747,12,not_a
3,321,1042,1043,2,not_implies
3,322,1487,1488,1,and
3,323,3857,3858,6,xor
3,324,778,779,10,not_b
3,325,64,65,10,not_b
3,326,894,895,5,b
3,327,1341,1342,12,not_a
3,328,2340,2341,2,not_implies
3,329,554,555,4,not_implied_by
3,330,2570,2571,6,xor
3,331,1694,1695,11,implied_by
3,332,1604,1605,9,not_xor
3,333,2014,2015,12,not_a
3,334,41,42,3,a
3,335,2199,2200,13,implies
3,336,431,432,3,a
3,337,1437,1438,1,and
3,338,1451,1452,0,zero
3,339,1495,1496,2,not_implies
3,340,1640,1641,12,not_a
3,341,3760,3761,13,implies
3,342,793,794,12,not_a
3,343,658,659,4,not_implied_by
3,344,2010,2011,5,b
3,345,1289,1290,13,implies
3,346,397,398,3,a
3,347,520,521,3,a
3,348,3282,3283,10,not_b
3,349,2455,2456,3,a
3,350,733,734,12,not_a
3,351,3771,3772,6,xor
3,352,1835,1836,12,not_a
3,353,333,334,14,not_and
3,354,3559,3560,11,implied_by
3,355,1683,1684,5,b
3,356,253,254,5,b
3,357,3757,3758,11,implied_by
3,358,468,469,4,not_implied_by
3,359,765,766,3,a
3,360,3265,3266,3,a
3,361,1246,1247,6,xor
3,362,1714,1715,8,not_or
3,363,1528,1529,5,b
3,364,1535,1536,14,not_and
3,365,1082,1083,6,xor
3,366,29,30,10,not_b
3,367,3274,3275,7,or
3,368,1830,1831,6,xor
3,369,2141,2142,5,b
3,370,3780,3781,12,not_a
3,371,1532,1533,3,a
3,372,830,831,12,not_a
3,373,2174,2175,7,or
3,374,3472,3473,5,b
3,375,3905,3906,13,implies
3,376,2607,2608,10,not_b
3,377,3829,3830,10,not_b
3,378,511,512,2,not_implies
3,379,2453,2454,8,not_or
3,380,1243,1244,9,not_xor
3,381,2444,2445,12,not_a
3,382,3384,3385,1,and
3,383,666,667,3,a
3,384,3875,3876,9,not_xor
3,385,565,566,4,not_implied_by
3,386,2830,2831,6,xor
3,387,842,843,7,or
3,388,2526,2527,7,or
3,389,153,154,5,b
3,390,814,815,7,or
3,391,585,586,3,a
3,392,771,772,6,xor
3,393,3324,3325,9,not_xor
3,394,1351,1352,9,not_xor
3,395,3544,3545,1,and
3,396,640,641,2,not_implies
3,397,112,113,9,not_xor
3,398,3003,3004,3,a
3,399,2315,2316,4,not_implied_by
3,400,3435,3436,12,not_a
3,401,3957,3958,4,not_implied_by
3,402,1064,1065,12,not_a
3,403,395,396,3,a
3,404,2500,2501,5,b
3,405,284,285,6,xor
3,406,2051,2052,9,not_xor
3,407,1607,1608,8,not_or
3,408,2795,2796,6,xor
3,409,1288,1289,9,not_xor
3,410,3456,3457,8,not_or
3,411,3721,3722,12,not_a
3,412,903,904,12,not_a
3,413,3422,3423,7,or
3,414,1691,1692,10,not_b
3,415,3806,3807,14,not_and
3,416,3867,3868,9,not_xor
3,417,2486,2487,8,not_or
3,418,760,761,3,a
3,419,3793,3794,10,not_b
3,420,3204,3205,14,not_and
3,421,212,213,6,xor
3,422,1103,1104,5,b
3,423,2696,2697,11,implied_by
3,424,5,6,7,or
3,425,3263,3264,12,not_a
3,426,372,373,6,xor
3,427,1227,1228,13,implies
3,428,2057,2058,14,not_and
3,429,1934,1935,7,or
3,430,560,561,5,b
3,431,1946,1947,3,a
3,432,1377,1378,3,a
3,433,2161,2162,10,not_b
3,434,3306,3307,10,not_b
3,435,2647,2648,7,or
3,436,2146,2147,11,implied_by
3,437,3371,3372,11,implied_by
3,438,3105,3106,13,implies
3,439,1154,1155,10,not_b
3,440,321,322,10,not_b
3,441,2743,2744,8,not_or
3,442,3174,3175,11,implied_by
3,443,3431,3432,12,not_a
3,444,3171,3172,7,or
3,445,2907,2908,5,b
3,446,56,57,9,not_xor
3,447,3689,3690,13,implies
3,448,3984,3985,3,a
3,449,3535,3536,12,not_a
3,450,2701,2702,5,b
3,451,1290,1291,1,and
3,452,676,677,5,b
3,453,1326,1327,5,b
3,454,1697,1698,2,not_implies
3,455,3885,3886,12,not_a
3,456,3814,3815,5,b
3,457,3444,3445,8,not_or
3,458,3825,3826,8,not_or
3,459,1147,1148,9,not_xor
3,460,1328,1329,3,a
3,461,12,13,9,not_xor
3,462,85,86,8,not_or
3,463,1656,1657,3,a
3,464,2392,2393,6,xor
3,465,1751,1752,10,not_b
3,466,3452,3453,3,a
3,467,3062,3063,5,b
3,468,747,748,8,not_or
3,469,1581,1582,8,not_or
3,470,154,155,3,a
3,471,654,655,3,a
3,472,1151,1152,13,implies
3,473,3238,3239,8,not_or
3,474,2749,2750,3,a
3,475,1950,1951,3,a
3,476,363,364,3,a
3,477,2816,2817,6,xor
3,478,3614,3615,14,not_and
3,479,2624,2625,1,and
3,480,691,692,5,b
3,481,2273,2274,1,and
3,482,3347,3348,12,not_a
3,483,2759,2760,12,not_a
3,484,984,985,10,not_b
3,485,3845,3846,5,b
3,486,3902,3903,13,implies
3,487,3741,3742,5,b
3,488,557,558,5,b
3,489,2831,2832,11,implied_by
3,490,377,378,5,b
3,491,1920,1921,12,not_a
3,492,1404,1405,2,not_implies
3,493,3820,3821,13,implies
3,494,2489,2490,11,implied_by
3,495,3348,3349,10,not_b
3,496,57,58,14,not_and
3,497,3943,3944,2,not_implies
3,498,862,863,10,not_b
3,499,645,646,11,implied_by
3,500,1508,1509,10,not_b
3,501,270,271,1,and
3,502,2731,2732,10,not_b
3,503,2232,2233,14,not_and
3,504,1183,1184,10,not_b
3,505,512,513,13,implies
3,506,2919,2920,6,xor
3,507,544,545,2,not_implies
3,508,3350,3351,1,and
3,509,1194,1195,10,not_b
3,510,2760,2761,2,not_implies
3,511,1563,1564,13,implies
3,512,2527,2528,3,a
3,513,3884,3885,11,implied_by
3,514,759,760,5,b
3,515,1187,1188,5,b
3,516,22,23,10,not_b
3,517,2223,2224,0,zero
3,518,61,62,7,or
3,519,2321,2322,12,not_a
3,520,1127,1128,3,a
3,521,1897,1898,9,not_xor
3,522,3995,3996,2,not_implies
3,523,3363,3364,8,not_or
3,524,3922,3923,11,implied_by
3,525,596,597,12,not_a
3,526,33,34,12,not_a
3,527,3031,3032,7,or
3,528,3901,3902,6,xor
3,529,1609,1610,7,or
3,530,3460,3461,5,b
3,531,1385,1386,5,b
3,532,440,441,10,not_b
3,533,3596,3597,10,not_b
3,534,514,515,10,not_b
3,535,1519,1520,11,implied_by
3,536,2890,2891,13,implies
3,537,3740,3741,1,and
3,538,213,214,2,not_implies
3,539,413,414,13,implies
3,540,463,464,10,not_b
3,541,3395,3396,9,not_xor
3,542,2399,2400,10,not_b
3,543,3009,3010,6,xor
3,544,2292,2293,3,a
3,545,1776,1777,5,b
3,546,2884,2885,12,not_a
3,547,419,420,3,a
3,548,2370,2371,2,not_implies
3,549,829,830,6,xor
3,550,2602,2603,6,xor
3,551,3938,3939,3,a
3,552,1687,1688,8,not_or
3,553,3691,3692,8,not_or
3,554,44,45,5,b
3,555,1095,1096,10,not_b
3,556,256,257,9,not_xor
3,557,1175,1176,8,not_or
3,558,3966,3967,6,xor
3,559,1754,1755,11,implied_by
3,560,1909,1910,6,xor
3,561,1214,1215,13,implies
3,562,96,97,3,a
3,563,1296,1297,11,implied_by
3,564,2291,2292,8,not_or
3,565,1482,1483,1,and
3,566,3505,3506,3,a
3,567,2984,2985,5,b
3,568,989,990,3,a
3,569,2511,2512,9,not_xor
3,570,298,299,10,not_b
3,571,1871,1872,3,a
3,572,616,617,3,a
3,573,1975,1976,3,a
3,574,776,777,8,not_or
3,575,1949,1950,5,b
3,576,179,180,1,and
3,577,2353,2354,9,not_xor
3,578,2027,2028,10,not_b
3,579,1945,1946,5,b
3,580,387,388,1,and
3,581,1305,1306,12,not_a
3,582,1101,1102,13,implies
3,583,2685,2686,6,xor
3,584,1008,1009,12,not_a
3,585,3077,3078,6,xor
3,586,3665,3666,6,xor
3,587,3418,3419,6,xor
3,588,659,660,3,a
3,589,700,701,9,not_xor
3,590,3257,3258,3,a
3,591,2660,2661,5,b
3,592,2750,2751,8,not_or
3,593,83,84,6,xor
3,594,3474,3475,6,xor
3,595,2571,2572,5,b
3,596,36,37,9,not_xor
3,597,3440,3441,9,not_xor
3,598,483,484,3,a
3,599,109,110,8,not_or
3,600,1679,1680,3,a
3,601,328,329,8,not_or
3,602,3876,3877,5,b
3,603,368,369,9,not_xor
3,604,2452,2453,8,not_or
3,605,2015,2016,7,or
3,606,2361,2362,11,implied_by
3,607,1588,1589,8,not_or
3,608,2194,2195,13,implies
3,609,1665,1666,10,not_b
3,610,2691,2692,10,not_b
3,611,2097,2098,9,not_xor
3,612,1553,1554,3,a
3,613,2858,2859,12,not_a
3,614,2979,2980,3,a
3,615,3534,3535,6,xor
3,616,3833,3834,11,implied_by
3,617,2827,2828,6,xor
3,618,1309,1310,5,b
3,619,973,974,3,a
3,620,131,132,12,not_a
3,621,912,913,12,not_a
3,622,1766,1767,14,not_and
3,623,1084,1085,12,not_a
3,624,3555,3556,6,xor
3,625,1490,1491,10,not_b
3,626,2153,2154,9,not_xor
3,627,2536,2537,3,a
3,628,1844,1845,3,a
3,629,2525,2526,6,xor
3,630,3517,3518,10,not_b
3,631,314,315,3,a
3,632,983,984,10,not_b
3,633,2118,2119,2,not_implies
3,634,1680,1681,5,b
3,635,3195,3196,3,a
3,636,2253,2254,10,not_b
3,637,1668,1669,9,not_xor
3,638,2751,2752,6,xor
3,639,1569,1570,5,b
3,640,2524,2525,10,not_b
3,641,1170,1171,2,not_implies
3,642,1681,1682,5,b
3,643,2612,2613,12,not_a
3,644,2666,2667,2,not_implies
3,645,2764,2765,1,and
3,646,3308,3309,5,b
3,647,995,996,7,or
3,648,159,160,3,a
3,649,538,539,12,not_a
3,650,3292,3293,14,not_and
3,651,1345,1346,6,xor
3,652,1097,1098,9,not_xor
3,653,3895,3896,3,a
3,654,3502,3503,7,or
3,655,2426,2427,1,and
3,656,1875,1876,11,implied_by
3,657,2711,2712,3,a
3,658,718,719,5,b
3,659,891,892,10,not_b
3,660,3797,3798,7,or
3,661,2832,2833,3,a
3,662,1840,1841,3,a
3,663,1429,1430,10,not_b
3,664,3522,3523,9,not_xor
3,665,2305,2306,12,not_a
3,666,2899,2900,8,not_or
3,667,3129,3130,3,a
3,668,2859,2860,6,xor
3,669,3506,3507,12,not_a
3,670,1726,1727,10,not_b
3,671,2179,2180,11,implied_by
3,672,2601,2602,6,xor
3,673,3290,3291,11,implied_by
3,674,546,547,3,a
3,675,3211,3212,9,not_xor
3,676,259,260,1,and
3,677,2052,2053,12,not_a
3,678,228,229,1,and
3,679,2794,2795,5,b
3,680,1730,1731,2,not_implies
3,681,3225,3226,11,implied_by
3,682,293,294,12,not_a
3,683,2125,2126,6,xor
3,684,1788,1789,9,not_xor
3,685,3471,3472,1,and
3,686,3879,3880,8,not_or
3,687,2004,2005,9,not_xor
3,688,1821,1822,9,not_xor
3,689,893,894,2,not_implies
3,690,461,462,3,a
3,691,3436,3437,5,b
3,692,981,982,6,xor
3,693,1980,1981,13,implies
3,694,1987,1988,1,and
3,695,176,177,2,not_implies
3,696,1728,1729,1,and
3,697,1512,1513,3,a
3,698,905,906,11,implied_by
3,699,1749,1750,2,not_implies
3,700,2781,2782,9,not_xor
3,701,611,612,4,not_implied_by
3,702,378,379,9,not_xor
3,703,3212,3213,10,not_b
3,704,3406,3407,6,xor
3,705,3354,3355,9,not_xor
3,706,89,90,2,not_implies
3,707,1831,1832,8,not_or
3,708,2459,2460,6,xor
3,709,730,731,5,b
3,710,841,842,2,not_implies
3,711,3667,3668,9,not_xor
3,712,734,735,12,not_a
3,713,985,986,12,not_a
3,714,1929,1930,6,xor
3,715,31,32,6,xor
3,716,3808,3809,12,not_a
3,717,384,385,12,not_a
3,718,3737,3738,1,and
3,719,3521,3522,7,or
3,720,1356,1357,6,xor
3,721,574,575,1,and
3,722,355,356,9,not_xor
3,723,2802,2803,12,not_a
3,724,17,18,9,not_xor
3,725,63,64,11,implied_by
3,726,3283,3284,7,or
3,727,2758,2759,12,not_a
3,728,979,980,5,b
3,729,2728,2729,7,or
3,730,3580,3581,6,xor
3,731,3821,3822,3,a
3,732,1794,1795,9,not_xor
3,733,162,163,10,not_b
3,734,3917,3918,10,not_b
3,735,3617,3618,12,not_a
3,736,436,437,9,not_xor
3,737,138,139,3,a
3,738,1254,1255,13,implies
3,739,1599,1600,8,not_or
3,740,1272,1273,11,implied_by
3,741,702,703,2,not_implies
3,742,2271,2272,6,xor
3,743,1263,1264,10,not_b
3,744,3463,3464,0,zero
3,745,3992,3993,11,implied_by
3,746,681,682,13,implies
3,747,593,594,5,b
3,748,2699,2700,6,xor
3,749,3947,3948,11,implied_by
3,750,3974,3975,6,xor
3,751,3330,3331,10,not_b
3,752,1009,1010,11,implied_by
3,753,470,471,1,and
3,754,1743,1744,14,not_and
3,755,2662,2663,6,xor
3,756,2700,2701,5,b
3,757,1458,1459,12,not_a
3,758,1952,1953,9,not_xor
3,759,2183,2184,3,a
3,760,403,404,1,and
3,761,2744,2745,10,not_b
3,762,568,569,11,implied_by
3,763,3167,3168,12,not_a
3,764,145,146,10,not_b
3,765,207,208,9,not_xor
3,766,3229,3230,10,not_b
3,767,931,932,13,implies
3,768,2438,2439,14,not_and
3,769,411,412,10,not_b
3,770,3164,3165,1,and
3,771,388,389,14,not_and
3,772,2950,2951,5,b
3,773,1558,1559,6,xor
3,774,3412,3413,3,a
3,775,1874,1875,4,not_implied_by
3,776,819,820,13,implies
3,777,3660,3661,9,not_xor
3,778,1467,1468,2,not_implies
3,779,3931,3932,10,not_b
3,780,960,961,5,b
3,781,1479,1480,3,a
3,782,3567,3568,12,not_a
3,783,2186,2187,7,or
3,784,3904,3905,11,implied_by
3,785,184,185,13,implies
3,786,820,821,12,not_a
3,787,51,52,2,not_implies
3,788,3246,3247,12,not_a
3,789,3269,3270,8,not_or
3,790,2106,2107,14,not_and
3,791,2030,2031,11,implied_by
3,792,2318,2319,12,not_a
3,793,32,33,9,not_xor
3,794,1372,1373,7,or
3,795,302,303,10,not_b
3,796,626,627,12,not_a
3,797,792,793,8,not_or
3,798,1876,1877,4,not_implied_by
3,799,1526,1527,7,or
3,800,1895,1896,13,implies
3,801,1459,1460,3,a
3,802,3603,3604,7,or
3,803,3682,3683,13,implies
3,804,3319,3320,6,xor
3,805,1849,1850,8,not_or
3,806,242,243,12,not_a
3,807,1066,1067,12,not_a
3,808,3147,3148,14,not_and
3,809,2512,2513,12,not_a
3,810,1650,1651,9,not_xor
3,811,2226,2227,3,a
3,812,3924,3925,14,not_and
3,813,592,593,6,xor
3,814,2786,2787,6,xor
3,815,1014,1015,3,a
3,816,2928,2929,5,b
3,817,3654,3655,6,xor
3,818,870,871,4,not_implied_by
3,819,167,168,3,a
3,820,2158,2159,12,not_a
3,821,2461,2462,12,not_a
3,822,1277,1278,10,not_b
3,823,103,104,5,b
3,824,1055,1056,10,not_b
3,825,2815,2816,3,a
3,826,3029,3030,5,b
3,827,1889,1890,8,not_or
3,828,1035,1036,13,implies
3,829,1096,1097,2,not_implies
3,830,964,965,11,implied_by
3,831,846,847,1,and
3,832,1325,1326,6,xor
3,833,3158,3159,3,a
3,834,1853,1854,3,a
3,835,3189,3190,3,a
3,836,1516,1517,12,not_a
3,837,3430,3431,12,not_a
3,838,2304,2305,6,xor
3,839,1048,1049,6,xor
3,840,3314,3315,6,xor
3,841,1002,1003,3,a
3,842,2129,2130,14,not_and
3,843,227,228,9,not_xor
3,844,2973,2974,5,b
3,845,1389,1390,8,not_or
3,846,1789,1790,9,not_xor
3,847,2113,2114,12,not_a
3,848,3968,3969,1,and
3,849,987,988,10,not_b
3,850,1646,1647,14,not_and
3,851,2763,2764,11,implied_by
3,852,2065,2066,13,implies
3,853,2529,2530,4,not_implied_by
3,854,3784,3785,2,not_implies
3,855,3259,3260,10,not_b
3,856,2819,2820,11,implied_by
3,857,1514,1515,6,xor
3,858,3261,3262,15,one
3,859,1407,1408,5,b
3,860,2976,2977,11,implied_by
3,861,3333,3334,2,not_implies
3,862,2501,2502,6,xor
3,863,2254,2255,5,b
3,864,1882,1883,6,xor
3,865,3127,3128,12,not_a
3,866,2434,2435,12,not_a
3,867,3507,3508,9,not_xor
3,868,744,745,14,not_and
3,869,3122,3123,14,not_and
3,870,1877,1878,9,not_xor
3,871,2491,2492,3,a
3,872,2537,2538,1,and
3,873,1669,1670,7,or
3,874,3576,3577,3,a
3,875,3514,3515,10,not_b
3,876,799,800,6,xor
3,877,2518,2519,6,xor
3,878,2281,2282,9,not_xor
3,879,3851,3852,8,not_or
3,880,3039,3040,6,xor
3,881,1203,1204,5,b
3,882,3978,3979,10,not_b
3,883,273,274,10,not_b
3,884,2405,2406,11,implied_by
3,885,3108,3109,3,a
3,886,660,661,6,xor
3,887,1905,1906,5,b
3,888,1552,1553,11,implied_by
3,889,429,430,6,xor
3,890,156,157,5,b
3,891,2076,2077,10,not_b
3,892,3723,3724,10,not_b
3,893,2582,2583,1,and
3,894,680,681,10,not_b
3,895,1438,1439,5,b
3,896,1635,1636,9,not_xor
3,897,3923,3924,12,not_a
3,898,1362,1363,6,xor
3,899,845,846,10,not_b
3,900,3672,3673,10,not_b
3,901,712,713,1,and
3,902,3166,3167,11,implied_by
3,903,796,797,9,not_xor
3,904,3304,3305,12,not_a
3,905,2402,2403,14,not_and
3,906,2937,2938,5,b
3,907,2249,2250,11,implied_by
3,908,124,125,11,implied_by
3,909,1810,1811,14,not_and
3,910,3317,3318,3,a
3,911,1500,1501,6,xor
3,912,3170,3171,11,implied_by
3,913,737,738,9,not_xor
3,914,3575,3576,6,xor
3,915,3301,3302,11,implied_by
3,916,3383,3384,9,not_xor
3,917,1137,1138,12,not_a
3,918,1740,1741,10,not_b
3,919,2917,2918,7,or
3,920,954,955,15,one
3,921,916,917,2,not_implies
3,922,251,252,7,or
3,923,617,618,5,b
3,924,2732,2733,10,not_b
3,925,1188,1189,3,a
3,926,1858,1859,2,not_implies
3,927,3618,3619,9,not_xor
3,928,996,997,10,not_b
3,929,216,217,14,not_and
3,930,231,232,5,b
3,931,3123,3124,12,not_a
3,932,908,909,13,implies
3,933,721,722,4,not_implied_by
3,934,2328,2329,3,a
3,935,1997,1998,9,not_xor
3,936,1026,1027,11,implied_by
3,937,3700,3701,14,not_and
3,938,190,191,9,not_xor
3,939,306,307,6,xor
3,940,1527,1528,15,one
3,941,2552,2553,14,not_and
3,942,3556,3557,14,not_and
3,943,2680,2681,12,not_a
3,944,301,302,4,not_implied_by
3,945,2644,2645,11,implied_by
3,946,977,978,9,not_xor
3,947,1734,1735,1,and
3,948,1174,1175,12,not_a
3,949,3448,3449,10,not_b
3,950,863,864,14,not_and
3,951,708,709,4,not_implied_by
3,952,3782,3783,6,xor
3,953,3666,3667,4,not_implied_by
3,954,3538,3539,3,a
3,955,1614,1615,4,not_implied_by
3,956,274,275,14,not_and
3,957,1022,1023,4,not_implied_by
3,958,2600,2601,9,not_xor
3,959,2563,2564,14,not_and
3,960,1258,1259,6,xor
3,961,1784,1785,10,not_b
3,962,3898,3899,5,b
3,963,986,987,1,and
3,964,2255,2256,2,not_implies
3,965,471,472,11,implied_by
3,966,620,621,12,not_a
3,967,1313,1314,9,not_xor
3,968,3260,3261,13,implies
3,969,3216,3217,5,b
3,970,2872,2873,2,not_implies
3,971,1452,1453,4,not_implied_by
3,972,3030,3031,12,not_a
3,973,1888,1889,5,b
3,974,3856,3857,9,not_xor
3,975,2364,2365,9,not_xor
3,976,3826,3827,6,xor
3,977,2302,2303,12,not_a
3,978,3533,3534,13,implies
3,979,2017,2018,10,not_b
3,980,3490,3491,13,implies
3,981,1279,1280,7,or
3,982,906,907,0,zero
3,983,2909,2910,12,not_a
3,984,312,313,5,b
3,985,1271,1272,3,a
3,986,969,970,3,a
3,987,3542,3543,10,not_b
3,988,3621,3622,1,and
3,989,2935,2936,8,not_or
3,990,2427,2428,1,and
3,991,3355,3356,4,not_implied_by
3,992,3971,3972,12,not_a
3,993,3816,3817,1,and
3,994,2961,2962,12,not_a
3,995,2846,2847,10,not_b
3,996,3501,3502,9,not_xor
3,997,3749,3750,2,not_implies
3,998,896,897,3,a
3,999,2206,2207,5,b
3,1000,3929,3930,6,xor
3,1001,1587,1588,10,not_b
3,1002,125,126,14,not_and
3,1003,2286,2287,2,not_implies
3,1004,812,813,9,not_xor
3,1005,3124,3125,6,xor
3,1006,2149,2150,5,b
3,1007,1938,1939,10,not_b
3,1008,3079,3080,5,b
3,1009,1094,1095,0,zero
3,1010,1204,1205,7,or
3,1011,1998,1999,2,not_implies
3,1012,1781,1782,11,implied_by
3,1013,2577,2578,3,a
3,1014,1052,1053,3,a
3,1015,1770,1771,9,not_xor
3,1016,2868,2869,14,not_and
3,1017,30,31,6,xor
3,1018,2476,2477,10,not_b
3,1019,1523,1524,5,b
3,1020,357,358,9,not_xor
3,1021,927,928,9,not_xor
3,1022,2575,2576,6,xor
3,1023,1382,1383,1,and
3,1024,2663,2664,6,xor
3,1025,3334,3335,5,b
3,1026,2200,2201,9,not_xor
3,1027,1811,1812,8,not_or
3,1028,1239,1240,5,b
3,1029,1787,1788,11,implied_by
3,1030,859,860,11,implied_by
3,1031,2112,2113,2,not_implies
3,1032,525,526,13,implies
3,1033,2107,2108,6,xor
3,1034,982,983,12,not_a
3,1035,2977,2978,3,a
3,1036,1913,1914,12,not_a
3,1037,3623,3624,9,not_xor
3,1038,3998,3999,12,not_a
3,1039,3454,3455,2,not_implies
3,1040,647,648,9,not_xor
3,1041,1961,1962,4,not_implied_by
3,1042,2521,2522,7,or
3,1043,3302,3303,8,not_or
3,1044,2135,2136,3,a
3,1045,1991,1992,8,not_or
3,1046,2016,2017,2,not_implies
3,1047,2176,2177,12,not_a
3,1048,2870,2871,10,not_b
3,1049,2615,2616,5,b
3,1050,3449,3450,1,and
3,1051,2735,2736,8,not_or
3,1052,2408,2409,3,a
3,1053,1428,1429,9,not_xor
3,1054,865,866,6,xor
3,1055,3099,3100,10,not_b
3,1056,2592,2593,6,xor
3,1057,713,714,1,and
3,1058,1958,1959,8,not_or
3,1059,597,598,2,not_implies
3,1060,241,242,3,a
3,1061,1199,1200,1,and
3,1062,2882,2883,11,implied_by
3,1063,3148,3149,5,b
3,1064,1841,1842,5,b
3,1065,2385,2386,10,not_b
3,1066,3910,3911,10,not_b
3,1067,997,998,3,a
3,1068,951,952,10,not_b
3,1069,2648,2649,3,a
3,1070,1573,1574,3,a
3,1071,608,609,2,not_implies
3,1072,2283,2284,5,b
3,1073,3270,3271,3,a
3,1074,3543,3544,1,and
3,1075,2964,2965,7,or
3,1076,453,454,11,implied_by
3,1077,3685,3686,8,not_or
3,1078,1006,1007,12,not_a
3,1079,300,301,2,not_implies
3,1080,594,595,9,not_xor
3,1081,3688,3689,10,not_b
3,1082,3758,3759,7,or
3,1083,3208,3209,10,not_b
3,1084,567,568,13,implies
3,1085,1885,1886,4,not_implied_by
3,1086,240,241,14,not_and
3,1087,2247,2248,5,b
3,1088,2377,2378,6,xor
3,1089,3121,3122,3,a
3,1090,1397,1398,10,not_b
3,1091,2022,2023,3,a
3,1092,3045,3046,1,and
3,1093,2874,2875,3,a
3,1094,2609,2610,9,not_xor
3,1095,929,930,5,b
3,1096,3256,3257,3,a
3,1097,1384,1385,11,implied_by
3,1098,899,900,10,not_b
3,1099,1752,1753,2,not_implies
3,1100,1041,1042,12,not_a
3,1101,673,674,5,b
3,1102,2430,2431,14,not_and
3,1103,3624,3625,14,not_and
3,1104,1606,1607,12,not_a
3,1105,3346,3347,12,not_a
3,1106,74,75,12,not_a
3,1107,2591,2592,13,implies
3,1108,3639,3640,4,not_implied_by
3,1109,3823,3824,12,not_a
3,1110,1117,1118,5,b
3,1111,1948,1949,5,b
3,1112,3869,3870,12,not_a
3,1113,444,445,9,not_xor
3,1114,3249,3250,11,implied_by
3,1115,2726,2727,15,one
3,1116,2296,2297,10,not_b
3,1117,1633,1634,10,not_b
3,1118,2597,2598,2,not_implies
3,1119,1763,1764,10,not_b
3,1120,1593,1594,6,xor
3,1121,3190,3191,7,or
3,1122,3111,3112,7,or
3,1123,1798,1799,4,not_implied_by
3,1124,1989,1990,1,and
3,1125,3565,3566,12,not_a
3,1126,1219,1220,11,implied_by
3,1127,1163,1164,6,xor
3,1128,949,950,2,not_implies
3,1129,1287,1288,2,not_implies
3,1130,3631,3632,6,xor
3,1131,3738,3739,13,implies
3,1132,3848,3849,6,xor
3,1133,2337,2338,5,b
3,1134,3202,3203,3,a
3,1135,729,730,12,not_a
3,1136,3611,3612,0,zero
3,1137,59,60,2,not_implies
3,1138,1923,1924,10,not_b
3,1139,1785,1786,6,xor
3,1140,2865,2866,11,implied_by
3,1141,1802,1803,5,b
3,1142,3295,3296,13,implies
3,1143,3378,3379,15,one
3,1144,2762,2763,1,and
3,1145,787,788,1,and
3,1146,1707,1708,7,or
3,1147,3214,3215,2,not_implies
3,1148,141,142,1,and
3,1149,3509,3510,13,implies
3,1150,6,7,11,implied_by
3,1151,39,40,3,a
3,1152,130,131,12,not_a
3,1153,2244,2245,3,a
3,1154,2342,2343,6,xor
3,1155,3023,3024,3,a
3,1156,1477,1478,9,not_xor
3,1157,1314,1315,10,not_b
3,1158,3179,3180,8,not_or
3,1159,639,640,10,not_b
3,1160,2165,2166,1,and
3,1161,651,652,9,not_xor
3,1162,933,934,7,or
3,1163,3881,3882,7,or
3,1164,2955,2956,10,not_b
3,1165,67,68,11,implied_by
3,1166,1722,1723,2,not_implies
3,1167,163,164,1,and
3,1168,304,305,12,not_a
3,1169,3778,3779,5,b
3,1170,902,903,3,a
3,1171,2306,2307,7,or
3,1172,144,145,5,b
3,1173,2350,2351,8,not_or
3,1174,3159,3160,3,a
3,1175,1567,1568,9,not_xor
3,1176,2514,2515,10,not_b
3,1177,2712,2713,1,and
3,1178,232,233,1,and
3,1179,3271,3272,4,not_implied_by
3,1180,835,836,1,and
3,1181,1619,1620,2,not_implies
3,1182,507,508,12,not_a
3,1183,68,69,14,not_and
3,1184,1838,1839,3,a
3,1185,3608,3609,7,or
3,1186,2634,2635,4,not_implied_by
3,1187,2616,2617,13,implies
3,1188,382,383,7,or
3,1189,1054,1055,12,not_a
3,1190,1192,1193,6,xor
3,1191,957,958,6,xor
3,1192,26,27,3,a
3,1193,1142,1143,3,a
3,1194,2771,2772,8,not_or
3,1195,2130,2131,5,b
3,1196,3096,3097,10,not_b
3,1197,3095,3096,6,xor
3,1198,2268,2269,11,implied_by
3,1199,2025,2026,8,not_or
3,1200,1106,1107,12,not_a
3,1201,2433,2434,1,and
3,1202,3140,3141,4,not_implied_by
3,1203,3720,3721,3,a
3,1204,2040,2041,10,not_b
3,1205,1005,1006,12,not_a
3,1206,3393,3394,9,not_xor
3,1207,1394,1395,14,not_and
3,1208,3088,3089,5,b
3,1209,3086,3087,6,xor
3,1210,1954,1955,3,a
3,1211,1062,1063,9,not_xor
3,1212,3377,3378,5,b
3,1213,1859,1860,4,not_implied_by
3,1214,3616,3617,9,not_xor
3,1215,961,962,3,a
3,1216,2482,2483,3,a
3,1217,795,796,14,not_and
3,1218,2544,2545,5,b
3,1219,807,808,5,b
3,1220,2838,2839,3,a
3,1221,3659,3660,1,and
3,1222,3277,3278,10,not_b
3,1223,54,55,6,xor
3,1224,3021,3022,12,not_a
3,1225,2914,2915,4,not_implied_by
3,1226,2470,2471,5,b
3,1227,3033,3034,2,not_implies
3,1228,1628,1629,9,not_xor
3,1229,53,54,12,not_a
3,1230,3387,3388,5,b
3,1231,2799,2800,3,a
3,1232,879,880,10,not_b
3,1233,3146,3147,5,b
3,1234,853,854,7,or
3,1235,1267,1268,10,not_b
3,1236,2889,2890,10,not_b
3,1237,675,676,3,a
3,1238,1657,1658,7,or
3,1239,1248,1249,6,xor
3,1240,882,883,13,implies
3,1241,2201,2202,2,not_implies
3,1242,2127,2128,12,not_a
3,1243,3136,3137,12,not_a
3,1244,2246,2247,8,not_or
3,1245,728,729,9,not_xor
3,1246,2250,2251,13,implies
3,1247,1422,1423,1,and
3,1248,1833,1834,9,not_xor
3,1249,3063,3064,15,one
3,1250,2008,2009,2,not_implies
3,1251,3284,3285,11,implied_by
3,1252,3439,3440,6,xor
3,1253,3969,3970,8,not_or
3,1254,3058,3059,9,not_xor
3,1255,1234,1235,6,xor
3,1256,1264,1265,10,not_b
3,1257,1596,1597,4,not_implied_by
3,1258,3841,3842,9,not_xor
3,1259,3701,3702,10,not_b
3,1260,3842,3843,12,not_a
3,1261,2383,2384,3,a
3,1262,3075,3076,6,xor
3,1263,582,583,7,or
3,1264,3188,3189,5,b
3,1265,2522,2523,9,not_xor
3,1266,101,102,5,b
3,1267,2388,2389,11,implied_by
3,1268,3892,3893,12,not_a
3,1269,2669,2670,9,not_xor
3,1270,1473,1474,1,and
3,1271,2091,2092,5,b
3,1272,1350,1351,10,not_b
3,1273,1381,1382,10,not_b
3,1274,455,456,10,not_b
3,1275,2791,2792,13,implies
3,1276,1723,1724,1,and
3,1277,2155,2156,11,implied_by
3,1278,816,817,6,xor
3,1279,40,41,1,and
3,1280,209,210,9,not_xor
3,1281,3367,3368,4,not_implied_by
3,1282,371,372,13,implies
3,1283,1186,1187,14,not_and
3,1284,2339,2340,14,not_and
3,1285,2564,2565,6,xor
3,1286,111,112,1,and
3,1287,2171,2172,10,not_b
3,1288,2317,2318,6,xor
3,1289,3862,3863,3,a
3,1290,1755,1756,11,implied_by
3,1291,2166,2167,12,not_a
3,1292,3228,3229,6,xor
3,1293,1928,1929,6,xor
3,1294,1178,1179,6,xor
3,1295,1829,1830,12,not_a
3,1296,2442,2443,13,implies
3,1297,1850,1851,9,not_xor
3,1298,3880,3881,7,or
3,1299,2403,2404,5,b
3,1300,2397,2398,6,xor
3,1301,3097,3098,9,not_xor
3,1302,3860,3861,9,not_xor
3,1303,1878,1879,10,not_b
3,1304,2793,2794,1,and
3,1305,3056,3057,6,xor
3,1306,3546,3547,12,not_a
3,1307,3286,3287,3,a
3,1308,3153,3154,6,xor
3,1309,2217,2218,13,implies
3,1310,1229,1230,14,not_and
3,1311,3602,3603,10,not_b
3,1312,2012,2013,3,a
3,1313,1583,1584,7,or
3,1314,2154,2155,6,xor
3,1315,311,312,14,not_and
3,1316,2729,2730,12,not_a
3,1317,14,15,3,a
3,1318,331,332,14,not_and
3,1319,742,743,5,b
3,1320,665,666,5,b
3,1321,1343,1344,12,not_a
3,1322,1332,1333,13,implies
3,1323,1374,1375,6,xor
3,1324,3568,3569,12,not_a
3,1325,283,284,12,not_a
3,1326,1120,1121,5,b
3,1327,1746,1747,9,not_xor
3,1328,2359,2360,9,not_xor
3,1329,633,634,6,xor
3,1330,2209,2210,12,not_a
3,1331,3028,3029,3,a
3,1332,2970,2971,5,b
3,1333,1167,1168,9,not_xor
3,1334,3187,3188,8,not_or
3,1335,1021,1022,3,a
3,1336,3336,3337,5,b
3,1337,2589,2590,8,not_or
3,1338,2695,2696,6,xor
3,1339,3280,3281,15,one
3,1340,2693,2694,3,a
3,1341,3399,3400,4,not_implied_by
3,1342,381,382,11,implied_by
3,1343,2670,2671,7,or
3,1344,3964,3965,10,not_b
3,1345,2495,2496,2,not_implies
3,1346,402,403,5,b
3,1347,808,809,13,implies
3,1348,2605,2606,5,b
3,1349,1433,1434,6,xor
3,1350,2031,2032,5,b
3,1351,3239,3240,12,not_a
3,1352,1098,1099,5,b
3,1353,3008,3009,1,and
3,1354,2608,2609,12,not_a
3,1355,79,80,14,not_and
3,1356,246,247,5,b
3,1357,3294,3295,3,a
3,1358,2894,2895,6,xor
3,1359,3900,3901,1,and
3,1360,606,607,6,xor
3,1361,2111,2112,5,b
3,1362,956,957,6,xor
3,1363,2338,2339,6,xor
3,1364,3080,3081,11,implied_by
3,1365,1226,1227,5,b
3,1366,3996,3997,5,b
3,1367,2077,2078,12,not_a
3,1368,1970,1971,3,a
3,1369,2441,2442,4,not_implied_by
3,1370,1000,1001,2,not_implies
3,1371,559,560,12,not_a
3,1372,698,699,12,not_a
3,1373,164,165,3,a
3,1374,3766,3767,4,not_implied_by
3,1375,2227,2228,8,not_or
3,1376,3098,3099,5,b
3,1377,1039,1040,2,not_implies
3,1378,697,698,13,implies
3,1379,186,187,4,not_implied_by
3,1380,1768,1769,8,not_or
3,1381,821,822,1,and
3,1382,1972,1973,3,a
3,1383,579,580,9,not_xor
3,1384,524,525,1,and
3,1385,2497,2498,14,not_and
3,1386,672,673,10,not_b
3,1387,1406,1407,10,not_b
3,1388,1450,1451,14,not_and
3,1389,1518,1519,10,not_b
3,1390,775,776,2,not_implies
3,1391,1863,1864,8,not_or
3,1392,2780,2781,8,not_or
3,1393,1693,1694,9,not_xor
3,1394,2170,2171,9,not_xor
3,1395,2862,2863,11,implied_by
3,1396,1338,1339,9,not_xor
3,1397,161,162,12,not_a
3,1398,257,258,11,implied_by
3,1399,10,11,12,not_a
3,1400,3747,3748,12,not_a
3,1401,999,1000,7,or
3,1402,2515,2516,9,not_xor
3,1403,2431,2432,5,b
3,1404,1003,1004,6,xor
3,1405,2362,2363,4,not_implied_by
3,1406,3550,3551,10,not_b
3,1407,3579,3580,10,not_b
3,1408,2805,2806,5,b
3,1409,1732,1733,9,not_xor
3,1410,3343,3344,5,b
3,1411,3184,3185,7,or
3,1412,414,415,12,not_a
3,1413,3061,3062,7,or
3,1414,1608,1609,9,not_xor
3,1415,1237,1238,12,not_a
3,1416,598,599,8,not_or
3,1417,794,795,13,implies
3,1418,1386,1387,7,or
3,1419,110,111,3,a
3,1420,549,550,12,not_a
3,1421,3918,3919,6,xor
3,1422,2345,2346,3,a
3,1423,2029,2030,2,not_implies
3,1424,1926,1927,9,not_xor
3,1425,3620,3621,6,xor
3,1426,310,311,2,not_implies
3,1427,1123,1124,6,xor
3,1428,3093,3094,1,and
3,1429,2560,2561,6,xor
3,1430,857,858,6,xor
3,1431,934,935,3,a
3,1432,3604,3605,14,not_and
3,1433,3779,3780,10,not_b
3,1434,2900,2901,10,not_b
3,1435,687,688,14,not_and
3,1436,2785,2786,9,not_xor
3,1437,1425,1426,11,implied_by
3,1438,1322,1323,12,not_a
3,1439,1303,1304,5,b
3,1440,2168,2169,5,b
3,1441,428,429,9,not_xor
3,1442,352,353,9,not_xor
3,1443,3386,3387,14,not_and
3,1444,2471,2472,5,b
3,1445,2313,2314,13,implies
3,1446,3240,3241,4,not_implied_by
3,1447,2198,2199,5,b
3,1448,784,785,1,and
3,1449,91,92,2,not_implies
3,1450,3764,3765,5,b
3,1451,2864,2865,9,not_xor
3,1452,2595,2596,14,not_and
3,1453,1083,1084,5,b
3,1454,2251,2252,7,or
3,1455,855,856,3,a
3,1456,3588,3589,9,not_xor
3,1457,1708,1709,12,not_a
3,1458,3662,3663,2,not_implies
3,1459,1638,1639,7,or
3,1460,3578,3579,8,not_or
3,1461,3630,3631,10,not_b
3,1462,324,325,9,not_xor
3,1463,2956,2957,6,xor
3,1464,11,12,12,not_a
3,1465,3703,3704,12,not_a
3,1466,840,841,8,not_or
3,1467,768,769,5,b
3,1468,3478,3479,1,and
3,1469,1753,1754,10,not_b
3,1470,2583,2584,14,not_and
3,1471,2927,2928,10,not_b
3,1472,1043,1044,3,a
3,1473,3379,3380,13,implies
3,1474,832,833,5,b
3,1475,1135,1136,4,not_implied_by
3,1476,2875,2876,2,not_implies
3,1477,1525,1526,7,or
3,1478,2131,2132,12,not_a
3,1479,1491,1492,12,not_a
3,1480,3114,3115,12,not_a
3,1481,2539,2540,5,b
3,1482,1442,1443,2,not_implies
3,1483,2745,2746,10,not_b
3,1484,701,702,5,b
3,1485,450,451,12,not_a
3,1486,3433,3434,2,not_implies
3,1487,1765,1766,1,and
3,1488,2962,2963,6,xor
3,1489,1919,1920,12,not_a
3,1490,522,523,10,not_b
3,1491,3582,3583,1,and
3,1492,2243,2244,6,xor
3,1493,714,715,1,and
3,1494,3960,3961,3,a
3,1495,2117,2118,9,not_xor
3,1496,1130,1131,8,not_or
3,1497,1968,1969,12,not_a
3,1498,918,919,7,or
3,1499,577,578,11,implied_by
3,1500,28,29,6,xor
3,1501,3547,3548,10,not_b
3,1502,1074,1075,3,a
3,1503,2028,2029,12,not_a
3,1504,731,732,3,a
3,1505,158,159,3,a
3,1506,1791,1792,6,xor
3,1507,3518,3519,1,and
3,1508,1198,1199,12,not_a
3,1509,1578,1579,10,not_b
3,1510,3724,3725,9,not_xor
3,1511,3205,3206,12,not_a
3,1512,211,212,5,b
3,1513,599,600,14,not_and
3,1514,3813,3814,10,not_b
3,1515,2421,2422,9,not_xor
3,1516,2983,2984,7,or
3,1517,2554,2555,9,not_xor
3,1518,2683,2684,14,not_and
3,1519,2261,2262,5,b
3,1520,417,418,14,not_and
3,1521,839,840,11,implied_by
3,1522,2896,2897,3,a
3,1523,1218,1219,10,not_b
3,1524,3092,3093,1,and
3,1525,3090,3091,11,implied_by
3,1526,3605,3606,11,implied_by
3,1527,1629,1630,14,not_and
3,1528,1631,1632,10,not_b
3,1529,1348,1349,3,a
3,1530,2215,2216,5,b
3,1531,2381,2382,3,a
3,1532,3706,3707,12,not_a
3,1533,264,265,12,not_a
3,1534,2445,2446,12,not_a
3,1535,2297,2298,11,implied_by
3,1536,1870,1871,7,or
3,1537,2814,2815,1,and
3,1538,1443,1444,3,a
3,1539,2492,2493,14,not_and
3,1540,655,656,7,or
3,1541,2039,2040,6,xor
3,1542,810,811,11,implied_by
3,1543,2558,2559,14,not_and
3,1544,2922,2923,7,or
3,1545,3382,3383,12,not_a
3,1546,276,277,6,xor
3,1547,2326,2327,4,not_implied_by
3,1548,2684,2685,1,and
3,1549,3429,3430,3,a
3,1550,1448,1449,5,b
3,1551,566,567,8,not_or
3,1552,3173,3174,3,a
3,1553,534,535,5,b
3,1554,3053,3054,5,b
3,1555,42,43,2,not_implies
3,1556,152,153,8,not_or
3,1557,3293,3294,8,not_or
3,1558,2104,2105,9,not_xor
3,1559,770,771,12,not_a
3,1560,1822,1823,9,not_xor
3,1561,877,878,12,not_a
3,1562,2822,2823,12,not_a
3,1563,1104,1105,10,not_b
3,1564,437,438,3,a
3,1565,2654,2655,14,not_and
3,1566,3637,3638,7,or
3,1567,2115,2116,8,not_or
3,1568,2164,2165,12,not_a
3,1569,3561,3562,14,not_and
3,1570,1675,1676,1,and
3,1571,3469,3470,12,not_a
3,1572,3368,3369,9,not_xor
3,1573,1280,1281,4,not_implied_by
3,1574,1070,1071,3,a
3,1575,510,511,11,implied_by
3,1576,2322,2323,7,or
3,1577,3059,3060,11,implied_by
3,1578,2867,2868,14,not_and
3,1579,277,278,3,a
3,1580,3235,3236,4,not_implied_by
3,1581,3267,3268,3,a
3,1582,3973,3974,10,not_b
3,1583,1347,1348,10,not_b
3,1584,868,869,14,not_and
3,1585,2850,2851,14,not_and
3,1586,2800,2801,10,not_b
3,1587,3692,3693,5,b
3,1588,325,326,4,not_implied_by
3,1589,2635,2636,6,xor
3,1590,2951,2952,8,not_or
3,1591,3970,3971,3,a
3,1592,3742,3743,14,not_and
3,1593,1177,1178,10,not_b
3,1594,415,416,6,xor
3,1595,3975,3976,14,not_and
3,1596,3798,3799,9,not_xor
3,1597,3927,3928,10,not_b
3,1598,2933,2934,1,and
3,1599,3181,3182,8,not_or
3,1600,1555,1556,10,not_b
3,1601,3914,3915,10,not_b
3,1602,2101,2102,10,not_b
3,1603,3281,3282,3,a
3,1604,1033,1034,5,b
3,1605,1974,1975,9,not_xor
3,1606,1149,1150,14,not_and
3,1607,1660,1661,6,xor
3,1608,2986,2987,5,b
3,1609,1586,1587,11,implied_by
3,1610,1576,1577,3,a
3,1611,472,473,6,xor
3,1612,236,237,9,not_xor
3,1613,1710,1711,6,xor
3,1614,2278,2279,14,not_and
3,1615,177,178,1,and
3,1616,504,505,3,a
3,1617,2553,2554,3,a
3,1618,2782,2783,9,not_xor
3,1619,3646,3647,11,implied_by
3,1620,805,806,14,not_and
3,1621,2572,2573,9,not_xor
3,1622,3812,3813,9,not_xor
3,1623,2211,2212,0,zero
3,1624,278,279,9,not_xor
3,1625,3441,3442,12,not_a
3,1626,3776,3777,6,xor
3,1627,2298,2299,3,a
3,1628,2637,2638,1,and
3,1629,3352,3353,9,not_xor
3,1630,2898,2899,7,or
3,1631,2756,2757,10,not_b
3,1632,1191,1192,10,not_b
3,1633,1510,1511,5,b
3,1634,656,657,12,not_a
3,1635,3011,3012,6,xor
3,1636,3303,3304,8,not_or
3,1637,185,186,4,not_implied_by
3,1638,3690,3691,4,not_implied_by
3,1639,3199,3200,12,not_a
3,1640,2382,2383,1,and
3,1641,3344,3345,12,not_a
3,1642,3990,3991,6,xor
3,1643,3168,3169,6,xor
3,1644,2883,2884,10,not_b
3,1645,2887,2888,3,a
3,1646,2429,2430,13,implies
3,1647,2854,2855,12,not_a
3,1648,1924,1925,13,implies
3,1649,3577,3578,6,xor
3,1650,3674,3675,3,a
3,1651,48,49,10,not_b
3,1652,3986,3987,2,not_implies
3,1653,3494,3495,12,not_a
3,1654,1080,1081,7,or
3,1655,604,605,12,not_a
3,1656,3584,3585,5,b
3,1657,1475,1476,10,not_b
3,1658,1721,1722,11,implied_by
3,1659,2358,2359,5,b
3,1660,3222,3223,12,not_a
3,1661,3155,3156,12,not_a
3,1662,1311,1312,4,not_implied_by
3,1663,1642,1643,14,not_and
3,1664,267,268,13,implies
3,1665,1677,1678,6,xor
3,1666,1056,1057,1,and
3,1667,3951,3952,9,not_xor
3,1668,2079,2080,5,b
3,1669,2825,2826,14,not_and
3,1670,249,250,11,implied_by
3,1671,3013,3014,9,not_xor
3,1672,2596,2597,14,not_and
3,1673,3178,3179,7,or
3,1674,3794,3795,10,not_b
3,1675,473,474,7,or
3,1676,1160,1161,2,not_implies
3,1677,2063,2064,9,not_xor
3,1678,3328,3329,9,not_xor
3,1679,2649,2650,9,not_xor
3,1680,3152,3153,9,not_xor
3,1681,3312,3313,9,not_xor
3,1682,2366,2367,11,implied_by
3,1683,683,684,3,a
3,1684,1029,1030,2,not_implies
3,1685,2134,2135,5,b
3,1686,3215,3216,10,not_b
3,1687,1302,1303,14,not_and
3,1688,2565,2566,3,a
3,1689,454,455,8,not_or
3,1690,2394,2395,4,not_implied_by
3,1691,2943,2944,8,not_or
3,1692,1145,1146,12,not_a
3,1693,3060,3061,2,not_implies
3,1694,3590,3591,10,not_b
3,1695,1568,1569,8,not_or
3,1696,2940,2941,4,not_implied_by
3,1697,3291,3292,14,not_and
3,1698,3598,3599,8,not_or
3,1699,2159,2160,2,not_implies
3,1700,1122,1123,14,not_and
3,1701,1352,1353,5,b
3,1702,1921,1922,1,and
3,1703,1922,1923,8,not_or
3,1704,703,704,9,not_xor
3,1705,725,726,3,a
3,1706,2969,2970,7,or
3,1707,533,534,5,b
3,1708,2499,2500,5,b
3,1709,1217,1218,11,implied_by
3,1710,756,757,10,not_b
3,1711,38,39,10,not_b
3,1712,2573,2574,0,zero
3,1713,3423,3424,6,xor
3,1714,408,409,3,a
3,1715,2631,2632,6,xor
3,1716,3656,3657,5,b
3,1717,3982,3983,10,not_b
3,1718,123,124,3,a
3,1719,2083,2084,12,not_a
3,1720,783,784,6,xor
3,1721,774,775,5,b
3,1722,3493,3494,2,not_implies
3,1723,602,603,14,not_and
3,1724,3907,3908,11,implied_by
3,1725,339,340,3,a
3,1726,817,818,4,not_implied_by
3,1727,2719,2720,2,not_implies
3,1728,1574,1575,5,b
3,1729,1354,1355,10,not_b
3,1730,3763,3764,2,not_implies
3,1731,1164,1165,10,not_b
3,1732,3893,3894,5,b
3,1733,3953,3954,13,implies
3,1734,3453,3454,6,xor
3,1735,2086,2087,3,a
3,1736,2238,2239,5,b
3,1737,1281,1282,9,not_xor
3,1738,1312,1313,4,not_implied_by
3,1739,3485,3486,3,a
3,1740,2628,2629,9,not_xor
3,1741,1159,1160,12,not_a
3,1742,1421,1422,5,b
3,1743,3206,3207,0,zero
3,1744,2739,2740,12,not_a
3,1745,2189,2190,6,xor
3,1746,1466,1467,8,not_or
3,1747,1283,1284,7,or
3,1748,3200,3201,5,b
3,1749,3025,3026,3,a
3,1750,1032,1033,3,a
3,1751,3313,3314,7,or
3,1752,2258,2259,8,not_or
3,1753,2242,2243,1,and
3,1754,1355,1356,3,a
3,1755,2702,2703,3,a
3,1756,2477,2478,8,not_or
3,1757,3213,3214,4,not_implied_by
3,1758,1812,1813,13,implies
3,1759,811,812,10,not_b
3,1760,2677,2678,3,a
3,1761,106,107,10,not_b
3,1762,1947,1948,9,not_xor
3,1763,3899,3900,12,not_a
3,1764,2474,2475,5,b
3,1765,1803,1804,13,implies
3,1766,2123,2124,6,xor
3,1767,2932,2933,11,implied_by
3,1768,3979,3980,10,not_b
3,1769,1942,1943,7,or
3,1770,2465,2466,5,b
3,1771,1572,1573,3,a
3,1772,1793,1794,2,not_implies
3,1773,1081,1082,9,not_xor
3,1774,2090,2091,5,b
3,1775,1809,1810,7,or
3,1776,1702,1703,12,not_a
3,1777,2845,2846,3,a
3,1778,1078,1079,5,b
3,1779,3714,3715,7,or
3,1780,1469,1470,1,and
3,1781,2652,2653,3,a
3,1782,2128,2129,5,b
3,1783,627,628,3,a
3,1784,3161,3162,9,not_xor
3,1785,2274,2275,8,not_or
3,1786,1409,1410,4,not_implied_by
3,1787,1857,1858,4,not_implied_by
3,1788,3762,3763,12,not_a
3,1789,786,787,10,not_b
3,1790,490,491,14,not_and
3,1791,699,700,6,xor
3,1792,3707,3708,10,not_b
3,1793,3687,3688,3,a
3,1794,404,405,7,or
3,1795,72,73,1,and
3,1796,622,623,6,xor
3,1797,2384,2385,3,a
3,1798,1310,1311,12,not_a
3,1799,3247,3248,9,not_xor
3,1800,1962,1963,14,not_and
3,1801,245,246,8,not_or
3,1802,1329,1330,8,not_or
3,1803,1995,1996,2,not_implies
3,1804,2918,2919,4,not_implied_by
3,1805,1107,1108,12,not_a
3,1806,3510,3511,8,not_or
3,1807,1317,1318,5,b
3,1808,2203,2204,9,not_xor
3,1809,348,349,10,not_b
3,1810,1933,1934,9,not_xor
3,1811,2400,2401,5,b
3,1812,2710,2711,8,not_or
3,1813,1664,1665,8,not_or
3,1814,146,147,10,not_b
3,1815,3983,3984,10,not_b
3,1816,218,219,5,b
3,1817,2078,2079,12,not_a
3,1818,3717,3718,0,zero
3,1819,2911,2912,9,not_xor
3,1820,3300,3301,2,not_implies
3,1821,2103,2104,9,not_xor
3,1822,3362,3363,7,or
3,1823,3103,3104,10,not_b
3,1824,1017,1018,3,a
3,1825,1400,1401,10,not_b
3,1826,1124,1125,4,not_implied_by
3,1827,2378,2379,6,xor
3,1828,420,421,12,not_a
3,1829,3609,3610,6,xor
3,1830,3948,3949,12,not_a
3,1831,2803,2804,2,not_implies
3,1832,3787,3788,9,not_xor
3,1833,2532,2533,5,b
3,1834,3977,3978,12,not_a
3,1835,3004,3005,10,not_b
3,1836,537,538,14,not_and
3,1837,1613,1614,3,a
3,1838,1940,1941,5,b
3,1839,268,269,10,not_b
3,1840,943,944,1,and
3,1841,224,225,7,or
3,1842,2349,2350,2,not_implies
3,1843,782,783,9,not_xor
3,1844,2682,2683,6,xor
3,1845,1018,1019,6,xor
3,1846,1647,1648,10,not_b
3,1847,2369,2370,8,not_or
3,1848,1652,1653,12,not_a
3,1849,3863,3864,7,or
3,1850,2055,2056,4,not_implied_by
3,1851,2069,2070,3,a
3,1852,1744,1745,13,implies
3,1853,2727,2728,5,b
3,1854,3861,3862,5,b
3,1855,2081,2082,3,a
3,1856,2541,2542,9,not_xor
3,1857,3785,3786,6,xor
3,1858,2946,2947,3,a
3,1859,3450,3451,3,a
3,1860,1733,1734,4,not_implied_by
3,1861,76,77,12,not_a
3,1862,836,837,10,not_b
3,1863,2770,2771,10,not_b
3,1864,3673,3674,14,not_and
3,1865,2133,2134,6,xor
3,1866,791,792,12,not_a
3,1867,3734,3735,11,implied_by
3,1868,2664,2665,8,not_or
3,1869,825,826,5,b
3,1870,885,886,5,b
3,1871,1318,1319,12,not_a
3,1872,1416,1417,9,not_xor
3,1873,629,630,10,not_b
3,1874,2210,2211,1,and
3,1875,1368,1369,9,not_xor
3,1876,2705,2706,11,implied_by
3,1877,2144,2145,13,implies
3,1878,1152,1153,10,not_b
3,1879,649,650,12,not_a
3,1880,3051,3052,14,not_and
3,1881,1867,1868,6,xor
3,1882,1499,1500,9,not_xor
3,1883,3658,3659,2,not_implies
3,1884,263,264,6,xor
3,1885,34,35,9,not_xor
3,1886,3044,3045,12,not_a
3,1887,3607,3608,3,a
3,1888,2316,2317,12,not_a
3,1889,2163,2164,10,not_b
3,1890,720,721,12,not_a
3,1891,2151,2152,6,xor
3,1892,601,602,6,xor
3,1893,1716,1717,6,xor
3,1894,641,642,0,zero
3,1895,3988,3989,3,a
3,1896,2504,2505,13,implies
3,1897,3169,3170,15,one
3,1898,3896,3897,7,or
3,1899,1963,1964,6,xor
3,1900,271,272,8,not_or
3,1901,1865,1866,4,not_implied_by
3,1902,2996,2997,6,xor
3,1903,281,282,14,not_and
3,1904,1884,1885,3,a
3,1905,1704,1705,15,one
3,1906,772,773,10,not_b
3,1907,1071,1072,14,not_and
3,1908,3394,3395,12,not_a
3,1909,2062,2063,3,a
3,1910,3150,3151,7,or
3,1911,3390,3391,9,not_xor
3,1912,3268,3269,7,or
3,1913,1720,1721,5,b
3,1914,695,696,3,a
3,1915,1807,1808,9,not_xor
3,1916,3508,3509,2,not_implies
3,1917,3498,3499,1,and
3,1918,925,926,10,not_b
3,1919,3587,3588,12,not_a
3,1920,1238,1239,12,not_a
3,1921,3403,3404,6,xor
3,1922,135,136,9,not_xor
3,1923,1136,1137,1,and
3,1924,2047,2048,3,a
3,1925,2665,2666,6,xor
3,1926,937,938,12,not_a
3,1927,2783,2784,6,xor
3,1928,3997,3998,2,not_implies
3,1929,3539,3540,8,not_or
3,1930,1737,1738,4,not_implied_by
3,1931,379,380,3,a
3,1932,3327,3328,4,not_implied_by
3,1933,3754,3755,8,not_or
3,1934,1182,1183,12,not_a
3,1935,716,717,4,not_implied_by
3,1936,439,440,13,implies
3,1937,2994,2995,9,not_xor
3,1938,3716,3717,12,not_a
3,1939,1759,1760,8,not_or
3,1940,132,133,4,not_implied_by
3,1941,148,149,9,not_xor
3,1942,214,215,11,implied_by
3,1943,3849,3850,14,not_and
3,1944,1883,1884,7,or
3,1945,3693,3694,9,not_xor
3,1946,3125,3126,2,not_implies
3,1947,1731,1732,1,and
3,1948,663,664,9,not_xor
3,1949,739,740,10,not_b
3,1950,75,76,9,not_xor
3,1951,2464,2465,4,not_implied_by
3,1952,2290,2291,3,a
3,1953,2058,2059,15,one
3,1954,2396,2397,12,not_a
3,1955,1395,1396,15,one
3,1956,974,975,6,xor
3,1957,1205,1206,14,not_and
3,1958,1531,1532,6,xor
3,1959,2981,2982,6,xor
3,1960,2585,2586,13,implies
3,1961,2230,2231,7,or
3,1962,1711,1712,5,b
3,1963,3980,3981,1,and
3,1964,3018,3019,9,not_xor
3,1965,1139,1140,12,not_a
3,1966,1543,1544,9,not_xor
3,1967,2096,2097,5,b
3,1968,2991,2992,13,implies
3,1969,887,888,2,not_implies
3,1970,780,781,5,b
3,1971,2282,2283,8,not_or
3,1972,3373,3374,14,not_and
3,1973,607,608,2,not_implies
3,1974,3083,3084,7,or
3,1975,2185,2186,12,not_a
3,1976,3036,3037,12,not_a
3,1977,1474,1475,7,or
3,1978,3242,3243,12,not_a
3,1979,950,951,1,and
3,1980,1756,1757,4,not_implied_by
3,1981,1605,1606,8,not_or
3,1982,3027,3028,3,a
3,1983,826,827,3,a
3,1984,2834,2835,12,not_a
3,1985,2990,2991,5,b
3,1986,541,542,3,a
3,1987,2354,2355,8,not_or
3,1988,632,633,8,not_or
3,1989,3024,3025,12,not_a
3,1990,50,51,12,not_a
3,1991,3329,3330,11,implied_by
3,1992,3877,3878,5,b
3,1993,1911,1912,2,not_implies
3,1994,3461,3462,3,a
3,1995,3878,3879,9,not_xor
3,1996,2535,2536,9,not_xor
3,1997,2823,2824,11,implied_by
3,1998,480,481,9,not_xor
3,1999,2126,2127,6,xor
3,2000,1023,1024,6,xor
3,2001,1115,1116,0,zero
3,2002,1090,1091,5,b
3,2003,762,763,10,not_b
3,2004,2901,2902,6,xor
3,2005,3207,3208,13,implies
3,2006,1718,1719,10,not_b
3,2007,1699,1700,2,not_implies
3,2008,3558,3559,9,not_xor
3,2009,2877,2878,2,not_implies
3,2010,2513,2514,13,implies
3,2011,1719,1720,10,not_b
3,2012,3777,3778,5,b
3,2013,975,976,7,or
3,2014,2843,2844,10,not_b
3,2015,3736,3737,5,b
3,2016,1073,1074,10,not_b
3,2017,1050,1051,3,a
3,2018,2100,2101,12,not_a
3,2019,3958,3959,3,a
3,2020,2466,2467,12,not_a
3,2021,136,137,3,a
3,2022,484,485,14,not_and
3,2023,3795,3796,5,b
3,2024,3516,3517,9,not_xor
3,2025,2325,2326,15,one
3,2026,3296,3297,4,not_implied_by
3,2027,1387,1388,2,not_implies
3,2028,3641,3642,12,not_a
3,2029,1445,1446,6,xor
3,2030,2391,2392,2,not_implies
3,2031,3669,3670,8,not_or
3,2032,3183,3184,2,not_implies
3,2033,3847,3848,4,not_implied_by
3,2034,3497,3498,8,not_or
3,2035,3019,3020,8,not_or
3,2036,2095,2096,11,implied_by
3,2037,631,632,6,xor
3,2038,3089,3090,9,not_xor
3,2039,1293,1294,9,not_xor
3,2040,1637,1638,4,not_implied_by
3,2041,2026,2027,12,not_a
3,2042,1917,1918,2,not_implies
3,2043,3142,3143,1,and
3,2044,564,565,1,and
3,2045,3994,3995,6,xor
3,2046,3326,3327,3,a
3,2047,476,477,10,not_b
3,2048,2590,2591,12,not_a
3,2049,2661,2662,2,not_implies
3,2050,3651,3652,9,not_xor
3,2051,3364,3365,6,xor
3,2052,941,942,11,implied_by
3,2053,2263,2264,10,not_b
3,2054,3457,3458,7,or
3,2055,562,563,10,not_b
3,2056,2556,2557,8,not_or
3,2057,3930,3931,8,not_or
3,2058,170,171,6,xor
3,2059,2478,2479,10,not_b
3,2060,2792,2793,14,not_and
3,2061,1133,1134,2,not_implies
3,2062,873,874,6,xor
3,2063,1365,1366,12,not_a
3,2064,3834,3835,11,implied_by
3,2065,107,108,5,b
3,2066,2156,2157,5,b
3,2067,706,707,7,or
3,2068,3495,3496,5,b
3,2069,2013,2014,5,b
3,2070,1548,1549,13,implies
3,2071,2761,2762,13,implies
3,2072,1748,1749,10,not_b
3,2073,3366,3367,9,not_xor
3,2074,1579,1580,6,xor
3,2075,2766,2767,5,b
3,2076,936,937,12,not_a
3,2077,785,786,15,one
3,2078,1040,1041,10,not_b
3,2079,2892,2893,12,not_a
3,2080,2064,2065,15,one
3,2081,586,587,3,a
3,2082,1025,1026,3,a
3,2083,3791,3792,9,not_xor
3,2084,1472,1473,5,b
3,2085,2314,2315,1,and
3,2086,2182,2183,6,xor
3,2087,628,629,1,and
3,2088,3349,3350,8,not_or
3,2089,2861,2862,4,not_implied_by
3,2090,3100,3101,3,a
3,2091,1216,1217,13,implies
3,2092,2475,2476,6,xor
3,2093,3908,3909,1,and
3,2094,2988,2989,2,not_implies
3,2095,1990,1991,10,not_b
3,2096,958,959,1,and
3,2097,1315,1316,6,xor
3,2098,991,992,9,not_xor
3,2099,1782,1783,3,a
3,2100,2021,2022,3,a
3,2101,416,417,12,not_a
3,2102,3299,3300,6,xor
3,2103,398,399,6,xor
3,2104,3815,3816,10,not_b
3,2105,1087,1088,6,xor
3,2106,282,283,11,implied_by
3,2107,3126,3127,12,not_a
3,2108,1128,1129,0,zero
3,2109,3374,3375,6,xor
3,2110,3859,3860,0,zero
3,2111,3425,3426,2,not_implies
3,2112,980,981,13,implies
3,2113,3307,3308,1,and
3,2114,2844,2845,5,b
3,2115,2190,2191,2,not_implies
3,2116,2540,2541,12,not_a
3,2117,2212,2213,14,not_and
3,2118,1645,1646,12,not_a
3,2119,2697,2698,13,implies
3,2120,27,28,14,not_and
3,2121,1340,1341,13,implies
3,2122,3634,3635,1,and
3,2123,738,739,11,implied_by
3,2124,86,87,5,b
3,2125,217,218,10,not_b
3,2126,344,345,8,not_or
3,2127,519,520,12,not_a
3,2128,0,2,7,or
3,2129,467,468,2,not_implies
3,2130,3709,3710,4,not_implied_by
3,2131,2855,2856,8,not_or
3,2132,2688,2689,4,not_implied_by
3,2133,1015,1016,14,not_and
3,2134,1611,1612,4,not_implied_by
3,2135,3792,3793,1,and
3,2136,3824,3825,10,not_b
3,2137,1019,1020,5,b
3,2138,2092,2093,8,not_or
3,2139,2675,2676,1,and
3,2140,1978,1979,2,not_implies
3,2141,2856,2857,6,xor
3,2142,2257,2258,8,not_or
3,2143,1826,1827,5,b
3,2144,3523,3524,15,one
3,2145,3840,3841,9,not_xor
3,2146,2484,2485,13,implies
3,2147,3133,3134,10,not_b
3,2148,1848,1849,3,a
3,2149,2001,2002,12,not_a
3,2150,1335,1336,9,not_xor
3,2151,2709,2710,10,not_b
3,2152,1292,1293,12,not_a
3,2153,46,47,11,implied_by
3,2154,1324,1325,10,not_b
3,2155,2959,2960,4,not_implied_by
3,2156,73,74,11,implied_by
3,2157,128,129,10,not_b
3,2158,2252,2253,12,not_a
3,2159,1910,1911,14,not_and
3,2160,3854,3855,1,and
3,2161,884,885,10,not_b
3,2162,1460,1461,13,implies
3,2163,1069,1070,10,not_b
3,2164,2285,2286,10,not_b
3,2165,418,419,10,not_b
3,2166,2357,2358,5,b
3,2167,97,98,11,implied_by
3,2168,3411,3412,11,implied_by
3,2169,3595,3596,7,or
3,2170,1896,1897,7,or
3,2171,0,1,3,a
3,2172,1036,1037,12,not_a
3,2173,3872,3873,7,or
3,2174,2320,2321,5,b
3,2175,2627,2628,5,b
3,2176,1554,1555,3,a
3,2177,2926,2927,3,a
3,2178,1072,1073,3,a
3,2179,1470,1471,2,not_implies
3,2180,3513,3514,5,b
3,2181,2309,2310,14,not_and
3,2182,2723,2724,3,a
3,2183,1396,1397,15,one
3,2184,1480,1481,9,not_xor
3,2185,1684,1685,3,a
3,2186,2809,2810,4,not_implied_by
3,2187,1304,1305,9,not_xor
3,2188,1823,1824,13,implies
3,2189,2356,2357,3,a
3,2190,1854,1855,12,not_a
3,2191,3551,3552,4,not_implied_by
3,2192,1454,1455,3,a
3,2193,3768,3769,4,not_implied_by
3,2194,1067,1068,3,a
3,2195,3751,3752,3,a
3,2196,2493,2494,6,xor
3,2197,1012,1013,10,not_b
3,2198,442,443,14,not_and
3,2199,3131,3132,12,not_a
3,2200,1964,1965,6,xor
3,2201,3115,3116,12,not_a
3,2202,3972,3973,12,not_a
3,2203,2236,2237,2,not_implies
3,2204,3743,3744,9,not_xor
3,2205,1278,1279,12,not_a
3,2206,523,524,6,xor
3,2207,3934,3935,8,not_or
3,2208,3176,3177,2,not_implies
3,2209,915,916,11,implied_by
3,2210,250,251,6,xor
3,2211,1956,1957,2,not_implies
3,2212,3843,3844,10,not_b
3,2213,3887,3888,3,a
3,2214,196,197,12,not_a
3,2215,290,291,2,not_implies
3,2216,1327,1328,12,not_a
3,2217,3049,3050,10,not_b
3,2218,3890,3891,3,a
3,2219,294,295,5,b
3,2220,2985,2986,8,not_or
3,2221,1696,1697,10,not_b
3,2222,493,494,8,not_or
3,2223,940,941,7,or
3,2224,360,361,12,not_a
3,2225,2496,2497,8,not_or
3,2226,169,170,9,not_xor
3,2227,3226,3227,6,xor
3,2228,1772,1773,6,xor
3,2229,685,686,8,not_or
3,2230,669,670,3,a
3,2231,3020,3021,3,a
3,2232,1837,1838,12,not_a
3,2233,2958,2959,2,not_implies
3,2234,727,728,12,not_a
3,2235,2437,2438,13,implies
3,2236,3118,3119,14,not_and
3,2237,1195,1196,3,a
3,2238,191,192,11,implied_by
3,2239,3483,3484,5,b
3,2240,1503,1504,11,implied_by
3,2241,2098,2099,9,not_xor
3,2242,2857,2858,2,not_implies
3,2243,2023,2024,8,not_or
3,2244,221,222,6,xor
3,2245,120,121,5,b
3,2246,3322,3323,12,not_a
3,2247,3138,3139,2,not_implies
3,2248,1262,1263,9,not_xor
3,2249,2673,2674,10,not_b
3,2250,679,680,3,a
3,2251,919,920,4,not_implied_by
3,2252,1879,1880,3,a
3,2253,2588,2589,2,not_implies
3,2254,2287,2288,9,not_xor
3,2255,3380,3381,7,or
3,2256,1346,1347,1,and
3,2257,1201,1202,5,b
3,2258,3989,3990,5,b
3,2259,670,671,10,not_b
3,2260,3649,3650,6,xor
3,2261,1112,1113,12,not_a
3,2262,3868,3869,3,a
3,2263,847,848,5,b
3,2264,2044,2045,14,not_and
3,2265,3217,3218,12,not_a
3,2266,3273,3274,6,xor
3,2267,477,478,12,not_a
3,2268,3447,3448,3,a
3,2269,3962,3963,11,implied_by
3,2270,1815,1816,8,not_or
3,2271,1492,1493,3,a
3,2272,1138,1139,2,not_implies
3,2273,1873,1874,8,not_or
3,2274,1319,1320,3,a
3,2275,1561,1562,4,not_implied_by
3,2276,2796,2797,2,not_implies
3,2277,1184,1185,11,implied_by
3,2278,2419,2420,4,not_implied_by
3,2279,968,969,10,not_b
3,2280,2626,2627,12,not_a
3,2281,1241,1242,3,a
3,2282,2265,2266,5,b
3,2283,971,972,8,not_or
3,2284,2876,2877,5,b
3,2285,3479,3480,5,b
3,2286,3489,3490,3,a
3,2287,3894,3895,12,not_a
3,2288,754,755,5,b
3,2289,3926,3927,5,b
3,2290,3468,3469,14,not_and
3,2291,3891,3892,5,b
3,2292,2348,2349,3,a
3,2293,502,503,10,not_b
3,2294,3865,3866,6,xor
3,2295,2506,2507,5,b
3,2296,1363,1364,9,not_xor
3,2297,1091,1092,8,not_or
3,2298,255,256,10,not_b
3,2299,3032,3033,3,a
3,2300,3730,3731,12,not_a
3,2301,2775,2776,5,b
3,2302,1093,1094,5,b
3,2303,2220,2221,10,not_b
3,2304,1179,1180,5,b
3,2305,19,20,12,not_a
3,2306,3154,3155,5,b
3,2307,1166,1167,3,a
3,2308,1818,1819,0,zero
3,2309,723,724,12,not_a
3,2310,600,601,1,and
3,2311,3695,3696,11,implied_by
3,2312,757,758,10,not_b
3,2313,828,829,12,not_a
3,2314,1424,1425,9,not_xor
3,2315,1273,1274,12,not_a
3,2316,2280,2281,3,a
3,2317,3106,3107,6,xor
3,2318,201,202,10,not_b
3,2319,2706,2707,11,implied_by
3,2320,3864,3865,5,b
3,2321,2713,2714,1,and
3,2322,316,317,7,or
3,2323,3858,3859,5,b
3,2324,3670,3671,1,and
3,2325,2449,2450,10,not_b
3,2326,279,280,11,implied_by
3,2327,275,276,6,xor
3,2328,3952,3953,6,xor
3,2329,1196,1197,11,implied_by
3,2330,1688,1689,10,not_b
3,2331,1190,1191,2,not_implies
3,2332,2740,2741,6,xor
3,2333,2157,2158,6,xor
3,2334,668,669,12,not_a
3,2335,3400,3401,10,not_b
3,2336,2534,2535,9,not_xor
3,2337,2088,2089,5,b
3,2338,3415,3416,1,and
3,2339,3276,3277,6,xor
3,2340,441,442,8,not_or
3,2341,849,850,1,and
3,2342,2454,2455,8,not_or
3,2343,3,4,9,not_xor
3,2344,2674,2675,3,a
3,2345,1169,1170,1,and
3,2346,2502,2503,10,not_b
3,2347,2037,2038,8,not_or
3,2348,3726,3727,5,b
3,2349,689,690,7,or
3,2350,3428,3429,11,implied_by
3,2351,3715,3716,9,not_xor
3,2352,694,695,10,not_b
3,2353,3407,3408,9,not_xor
3,2354,2233,2234,11,implied_by
3,2355,199,200,9,not_xor
3,2356,1413,1414,7,or
3,2357,1564,1565,7,or
3,2358,3221,3222,14,not_and
3,2359,2640,2641,1,and
3,2360,342,343,12,not_a
3,2361,569,570,2,not_implies
3,2362,1276,1277,12,not_a
3,2363,556,557,13,implies
3,2364,2061,2062,9,not_xor
3,2365,540,541,10,not_b
3,2366,644,645,9,not_xor
3,2367,2443,2444,9,not_xor
3,2368,1709,1710,6,xor
3,2369,1134,1135,6,xor
3,2370,3038,3039,3,a
3,2371,3137,3138,6,xor
3,2372,3335,3336,3,a
3,2373,2140,2141,5,b
3,2374,3640,3641,6,xor
3,2375,1547,1548,14,not_and
3,2376,1231,1232,3,a
3,2377,1797,1798,10,not_b
3,2378,35,36,7,or
3,2379,3545,3546,7,or
3,2380,875,876,13,implies
3,2381,878,879,7,or
3,2382,1053,1054,8,not_or
3,2383,2931,2932,9,not_xor
3,2384,3949,3950,3,a
3,2385,2116,2117,3,a
3,2386,2965,2966,2,not_implies
3,2387,458,459,3,a
3,2388,2778,2779,12,not_a
3,2389,2801,2802,5,b
3,2390,3647,3648,4,not_implied_by
3,2391,2386,2387,8,not_or
3,2392,1775,1776,5,b
3,2393,3790,3791,9,not_xor
3,2394,764,765,11,implied_by
3,2395,3464,3465,3,a
3,2396,361,362,12,not_a
3,2397,848,849,10,not_b
3,2398,1778,1779,5,b
3,2399,3774,3775,9,not_xor
3,2400,3071,3072,4,not_implied_by
3,2401,1808,1809,3,a
3,2402,2869,2870,12,not_a
3,2403,2784,2785,6,xor
3,2404,2836,2837,5,b
3,2405,18,19,3,a
3,2406,642,643,10,not_b
3,2407,831,832,2,not_implies
3,2408,1331,1332,3,a
3,2409,1155,1156,2,not_implies
3,2410,2143,2144,9,not_xor
3,2411,1575,1576,10,not_b
3,2412,881,882,10,not_b
3,2413,2947,2948,14,not_and
3,2414,688,689,12,not_a
3,2415,3410,3411,6,xor
3,2416,1827,1828,1,and
3,2417,3070,3071,9,not_xor
3,2418,924,925,3,a
3,2419,1016,1017,1,and
3,2420,1612,1613,5,b
3,2421,3681,3682,3,a
3,2422,1786,1787,5,b
3,2423,1478,1479,5,b
3,2424,3642,3643,7,or
3,2425,43,44,12,not_a
3,2426,2440,2441,8,not_or
3,2427,3445,3446,12,not_a
3,2428,1376,1377,5,b
3,2429,732,733,10,not_b
3,2430,421,422,6,xor
3,2431,2881,2882,9,not_xor
3,2432,2722,2723,5,b
3,2433,3358,3359,12,not_a
3,2434,1380,1381,9,not_xor
3,2435,3684,3685,10,not_b
3,2436,1813,1814,9,not_xor
3,2437,3417,3418,5,b
3,2438,2352,2353,13,implies
3,2439,553,554,11,implied_by
3,2440,1648,1649,10,not_b
3,2441,2807,2808,7,or
3,2442,2307,2308,13,implies
3,2443,2948,2949,6,xor
3,2444,3915,3916,4,not_implied_by
3,2445,1880,1881,6,xor
3,2446,2228,2229,5,b
3,2447,1435,1436,5,b
3,2448,1235,1236,4,not_implied_by
3,2449,735,736,6,xor
3,2450,3942,3943,6,xor
3,2451,1689,1690,10,not_b
3,2452,2980,2981,10,not_b
3,2453,1953,1954,11,implied_by
3,2454,2424,2425,10,not_b
3,2455,922,923,5,b
3,2456,291,292,5,b
3,2457,802,803,1,and
3,2458,2395,2396,12,not_a
3,2459,3753,3754,12,not_a
3,2460,2093,2094,6,xor
3,2461,2188,2189,3,a
3,2462,3392,3393,9,not_xor
3,2463,1630,1631,3,a
3,2464,2293,2294,4,not_implied_by
3,2465,2603,2604,14,not_and
3,2466,1982,1983,13,implies
3,2467,3524,3525,12,not_a
3,2468,2333,2334,9,not_xor
3,2469,3351,3352,5,b
3,2470,3987,3988,3,a
3,2471,1644,1645,12,not_a
3,2472,2451,2452,15,one
3,2473,2839,2840,14,not_and
3,2474,3622,3623,6,xor
3,2475,2011,2012,12,not_a
3,2476,3042,3043,2,not_implies
3,2477,612,613,10,not_b
3,2478,3557,3558,14,not_and
3,2479,3569,3570,11,implied_by
3,2480,890,891,5,b
3,2481,2920,2921,5,b
3,2482,3182,3183,9,not_xor
3,2483,1065,1066,10,not_b
3,2484,1901,1902,6,xor
3,2485,3193,3194,13,implies
3,2486,1872,1873,8,not_or
3,2487,1618,1619,5,b
3,2488,2330,2331,8,not_or
3,2489,2191,2192,4,not_implied_by
3,2490,2871,2872,13,implies
3,2491,3067,3068,3,a
3,2492,3475,3476,1,and
3,2493,2196,2197,9,not_xor
3,2494,2530,2531,5,b
3,2495,1960,1961,2,not_implies
3,2496,2002,2003,6,xor
3,2497,1705,1706,9,not_xor
3,2498,2546,2547,2,not_implies
3,2499,3491,3492,4,not_implied_by
3,2500,3172,3173,6,xor
3,2501,506,507,5,b
3,2502,2335,2336,5,b
3,2503,299,300,10,not_b
3,2504,2034,2035,3,a
3,2505,481,482,13,implies
3,2506,2241,2242,5,b
3,2507,2288,2289,9,not_xor
3,2508,3467,3468,11,implied_by
3,2509,3592,3593,10,not_b
3,2510,2963,2964,12,not_a
3,2511,2269,2270,11,implied_by
3,2512,337,338,1,and
3,2513,1236,1237,2,not_implies
3,2514,634,635,3,a
3,2515,2860,2861,1,and
3,2516,1898,1899,5,b
3,2517,2787,2788,11,implied_by
3,2518,1585,1586,2,not_implies
3,2519,571,572,14,not_and
3,2520,3532,3533,3,a
3,2521,2772,2773,10,not_b
3,2522,2041,2042,3,a
3,2523,3928,3929,13,implies
3,2524,2873,2874,7,or
3,2525,2094,2095,12,not_a
3,2526,907,908,6,xor
3,2527,3156,3157,13,implies
3,2528,3035,3036,3,a
3,2529,3298,3299,10,not_b
3,2530,2598,2599,5,b
3,2531,3007,3008,1,and
3,2532,3911,3912,6,xor
3,2533,618,619,8,not_or
3,2534,2473,2474,10,not_b
3,2535,193,194,6,xor
3,2536,1468,1469,6,xor
3,2537,21,22,9,not_xor
3,2538,1489,1490,10,not_b
3,2539,2006,2007,5,b
3,2540,1509,1510,10,not_b
3,2541,2510,2511,1,and
3,2542,2173,2174,12,not_a
3,2543,2038,2039,10,not_b
3,2544,2152,2153,1,and
3,2545,2389,2390,9,not_xor
3,2546,591,592,5,b
3,2547,92,93,11,implied_by
3,2548,1228,1229,11,implied_by
3,2549,113,114,3,a
3,2550,1549,1550,9,not_xor
3,2551,1925,1926,11,implied_by
3,2552,1670,1671,7,or
3,2553,710,711,14,not_and
3,2554,1051,1052,8,not_or
3,2555,3002,3003,9,not_xor
3,2556,3612,3613,10,not_b
3,2557,410,411,7,or
3,2558,1143,1144,5,b
3,2559,2404,2405,6,xor
3,2560,1996,1997,1,and
3,2561,2847,2848,8,not_or
3,2562,803,804,13,implies
3,2563,401,402,3,a
3,2564,335,336,5,b
3,2565,309,310,13,implies
3,2566,1369,1370,3,a
3,2567,3705,3706,11,implied_by
3,2568,2332,2333,8,not_or
3,2569,3285,3286,5,b
3,2570,2798,2799,10,not_b
3,2571,1625,1626,5,b
3,2572,763,764,3,a
3,2573,3554,3555,3,a
3,2574,1291,1292,10,not_b
3,2575,2418,2419,13,implies
3,2576,393,394,5,b
3,2577,1109,1110,10,not_b
3,2578,3253,3254,2,not_implies
3,2579,3610,3611,10,not_b
3,2580,932,933,14,not_and
3,2581,2259,2260,9,not_xor
3,2582,3819,3820,14,not_and
3,2583,1488,1489,12,not_a
3,2584,3372,3373,3,a
3,2585,3376,3377,4,not_implied_by
3,2586,2416,2417,1,and
3,2587,3000,3001,12,not_a
3,2588,1274,1275,12,not_a
3,2589,603,604,10,not_b
3,2590,2102,2103,9,not_xor
3,2591,3991,3992,9,not_xor
3,2592,508,509,14,not_and
3,2593,2559,2560,9,not_xor
3,2594,353,354,4,not_implied_by
3,2595,84,85,9,not_xor
3,2596,149,150,11,implied_by
3,2597,390,391,13,implies
3,2598,750,751,6,xor
3,2599,3512,3513,10,not_b
3,2600,3496,3497,5,b
3,2601,296,297,3,a
3,2602,1257,1258,5,b
3,2603,928,929,13,implies
3,2604,3076,3077,6,xor
3,2605,3473,3474,5,b
3,2606,1392,1393,5,b
3,2607,2930,2931,5,b
3,2608,3413,3414,6,xor
3,2609,1598,1599,14,not_and
3,2610,2543,2544,6,xor
3,2611,3404,3405,12,not_a
3,2612,2414,2415,2,not_implies
3,2613,70,71,10,not_b
3,2614,3850,3851,13,implies
3,2615,297,298,11,implied_by
3,2616,137,138,1,and
3,2617,2748,2749,14,not_and
3,2618,2481,2482,11,implied_by
3,2619,2708,2709,5,b
3,2620,3066,3067,1,and
3,2621,3916,3917,12,not_a
3,2622,2915,2916,5,b
3,2623,2555,2556,10,not_b
3,2624,752,753,10,not_b
3,2625,1111,1112,11,implied_by
3,2626,1471,1472,10,not_b
3,2627,1464,1465,7,or
3,2628,1931,1932,10,not_b
3,2629,769,770,4,not_implied_by
3,2630,1162,1163,9,not_xor
3,2631,3755,3756,9,not_xor
3,2632,2995,2996,9,not_xor
3,2633,3477,3478,6,xor
3,2634,1886,1887,2,not_implies
3,2635,1825,1826,6,xor
3,2636,1658,1659,6,xor
3,2637,822,823,9,not_xor
3,2638,1379,1380,14,not_and
3,2639,3936,3937,10,not_b
3,2640,495,496,9,not_xor
3,2641,1761,1762,1,and
3,2642,576,577,5,b
3,2643,1659,1660,13,implies
3,2644,2934,2935,3,a
3,2645,790,791,8,not_or
3,2646,234,235,7,or
3,2647,3886,3887,12,not_a
3,2648,2245,2246,6,xor
3,2649,155,156,11,implied_by
3,2650,3520,3521,5,b
3,2651,3733,3734,14,not_and
3,2652,1904,1905,2,not_implies
3,2653,3503,3504,7,or
3,2654,2020,2021,4,not_implied_by
3,2655,178,179,14,not_and
3,2656,1912,1913,14,not_and
3,2657,2177,2178,3,a
3,2658,3015,3016,7,or
3,2659,332,333,6,xor
3,2660,509,510,14,not_and
3,2661,1936,1937,6,xor
3,2662,2625,2626,13,implies
3,2663,1562,1563,9,not_xor
3,2664,3661,3662,5,b
3,2665,2656,2657,3,a
3,2666,2312,2313,2,not_implies
3,2667,1202,1203,13,implies
3,2668,222,223,12,not_a
3,2669,909,910,7,or
3,2670,952,953,9,not_xor
3,2671,114,115,9,not_xor
3,2672,500,501,5,b
3,2673,2467,2468,6,xor
3,2674,2469,2470,13,implies
3,2675,3426,3427,11,implied_by
3,2676,914,915,1,and
3,2677,2811,2812,1,and
3,2678,1862,1863,7,or
3,2679,3338,3339,8,not_or
3,2680,2412,2413,6,xor
3,2681,3888,3889,7,or
3,2682,1390,1391,3,a
3,2683,1247,1248,12,not_a
3,2684,2949,2950,5,b
3,2685,3442,3443,7,or
3,2686,3218,3219,3,a
3,2687,269,270,8,not_or
3,2688,3356,3357,8,not_or
3,2689,175,176,14,not_and
3,2690,3921,3922,15,one
3,2691,1364,1365,14,not_and
3,2692,3006,3007,2,not_implies
3,2693,449,450,3,a
3,2694,3120,3121,6,xor
3,2695,2043,2044,12,not_a
3,2696,1615,1616,12,not_a
3,2697,150,151,3,a
3,2698,1941,1942,9,not_xor
3,2699,3318,3319,6,xor
3,2700,99,100,12,not_a
3,2701,1497,1498,11,implied_by
3,2702,2432,2433,3,a
3,2703,225,226,5,b
3,2704,3085,3086,14,not_and
3,2705,3627,3628,6,xor
3,2706,2542,2543,10,not_b
3,2707,3708,3709,9,not_xor
3,2708,1999,2000,4,not_implied_by
3,2709,3177,3178,7,or
3,2710,3935,3936,9,not_xor
3,2711,2018,2019,10,not_b
3,2712,1662,1663,7,or
3,2713,1906,1907,1,and
3,2714,1971,1972,13,implies
3,2715,3803,3804,4,not_implied_by
3,2716,1342,1343,4,not_implied_by
3,2717,3391,3392,9,not_xor
3,2718,3713,3714,13,implies
3,2719,430,431,5,b
3,2720,3010,3011,11,implied_by
3,2721,195,196,4,not_implied_by
3,2722,2024,2025,8,not_or
3,2723,90,91,14,not_and
3,2724,3528,3529,3,a
3,2725,1698,1699,5,b
3,2726,2137,2138,5,b
3,2727,87,88,3,a
3,2728,542,543,10,not_b
3,2729,3022,3023,4,not_implied_by
3,2730,336,337,14,not_and
3,2731,1546,1547,2,not_implies
3,2732,1181,1182,10,not_b
3,2733,2584,2585,12,not_a
3,2734,2929,2930,5,b
3,2735,1284,1285,5,b
3,2736,366,367,9,not_xor
3,2737,3586,3587,6,xor
3,2738,1172,1173,4,not_implied_by
3,2739,638,639,12,not_a
3,2740,3699,3700,14,not_and
3,2741,3844,3845,6,xor
3,2742,2804,2805,11,implied_by
3,2743,3198,3199,13,implies
3,2744,3811,3812,8,not_or
3,2745,2641,2642,3,a
3,2746,237,238,10,not_b
3,2747,3563,3564,2,not_implies
3,2748,3648,3649,13,implies
3,2749,173,174,2,not_implies
3,2750,539,540,14,not_and
3,2751,2753,2754,10,not_b
3,2752,3686,3687,3,a
3,2753,2655,2656,9,not_xor
3,2754,2941,2942,4,not_implied_by
3,2755,1461,1462,14,not_and
3,2756,198,199,1,and
3,2757,1916,1917,6,xor
3,2758,3933,3934,7,or
3,2759,3130,3131,3,a
3,2760,1935,1936,12,not_a
3,2761,2303,2304,12,not_a
3,2762,3191,3192,14,not_and
3,2763,3046,3047,6,xor
3,2764,3822,3823,8,not_or
3,2765,3316,3317,1,and
3,2766,499,500,5,b
3,2767,2967,2968,12,not_a
3,2768,1367,1368,14,not_and
3,2769,1590,1591,10,not_b
3,2770,2411,2412,6,xor
3,2771,2262,2263,3,a
3,2772,2398,2399,14,not_and
3,2773,942,943,3,a
3,2774,3650,3651,10,not_b
3,2775,367,368,3,a
3,2776,1524,1525,13,implies
3,2777,334,335,3,a
3,2778,2835,2836,9,not_xor
3,2779,345,346,2,not_implies
3,2780,1484,1485,5,b
3,2781,1037,1038,7,or
3,2782,3645,3646,7,or
3,2783,465,466,3,a
3,2784,823,824,12,not_a
3,2785,2234,2235,2,not_implies
3,2786,2248,2249,12,not_a
3,2787,81,82,13,implies
3,2788,3074,3075,3,a
3,2789,2818,2819,3,a
3,2790,262,263,6,xor
3,2791,248,249,3,a
3,2792,3087,3088,12,not_a
3,2793,705,706,5,b
3,2794,2797,2798,15,one
3,2795,1805,1806,14,not_and
3,2796,3897,3898,12,not_a
3,2797,2329,2330,9,not_xor
3,2798,2460,2461,4,not_implied_by
3,2799,1545,1546,5,b
3,2800,1240,1241,0,zero
3,2801,1168,1169,9,not_xor
3,2802,3796,3797,13,implies
3,2803,2448,2449,11,implied_by
3,2804,1496,1497,10,not_b
3,2805,874,875,15,one
3,2806,1738,1739,3,a
3,2807,2124,2125,2,not_implies
3,2808,2810,2811,6,xor
3,2809,1256,1257,5,b
3,2810,226,227,9,not_xor
3,2811,2059,2060,8,not_or
3,2812,2341,2342,5,b
3,2813,2260,2261,12,not_a
3,2814,2954,2955,8,not_or
3,2815,2368,2369,6,xor
3,2816,2557,2558,9,not_xor
3,2817,1566,1567,9,not_xor
3,2818,2122,2123,13,implies
3,2819,1336,1337,10,not_b
3,2820,2284,2285,10,not_b
3,2821,2651,2652,9,not_xor
3,2822,223,224,10,not_b
3,2823,2036,2037,7,or
3,2824,1114,1115,11,implied_by
3,2825,3345,3346,10,not_b
3,2826,3342,3343,5,b
3,2827,498,499,3,a
3,2828,662,663,10,not_b
3,2829,2372,2373,4,not_implied_by
3,2830,871,872,6,xor
3,2831,3704,3705,3,a
3,2832,497,498,5,b
3,2833,1832,1833,14,not_and
3,2834,1251,1252,8,not_or
3,2835,188,189,1,and
3,2836,955,956,9,not_xor
3,2837,664,665,9,not_xor
3,2838,2774,2775,13,implies
3,2839,3664,3665,7,or
3,2840,205,206,10,not_b
3,2841,1208,1209,5,b
3,2842,1316,1317,6,xor
3,2843,3961,3962,12,not_a
3,2844,2087,2088,13,implies
3,2845,1653,1654,3,a
3,2846,220,221,1,and
3,2847,3143,3144,6,xor
3,2848,142,143,4,not_implied_by
3,2849,1773,1774,9,not_xor
3,2850,3750,3751,1,and
3,2851,677,678,11,implied_by
3,2852,2110,2111,3,a
3,2853,172,173,6,xor
3,2854,901,902,9,not_xor
3,2855,610,611,10,not_b
3,2856,2240,2241,14,not_and
3,2857,1855,1856,4,not_implied_by
3,2858,2676,2677,3,a
3,2859,2007,2008,3,a
3,2860,1584,1585,10,not_b
3,2861,976,977,3,a
3,2862,3341,3342,10,not_b
3,2863,1686,1687,7,or
3,2864,3548,3549,10,not_b
3,2865,1156,1157,8,not_or
3,2866,963,964,10,not_b
3,2867,3570,3571,10,not_b
3,2868,3810,3811,9,not_xor
3,2869,488,489,6,xor
3,2870,614,615,3,a
3,2871,3340,3341,8,not_or
3,2872,1792,1793,6,xor
3,2873,1060,1061,6,xor
3,2874,3773,3774,9,not_xor
3,2875,1678,1679,2,not_implies
3,2876,1260,1261,4,not_implied_by
3,2877,1157,1158,9,not_xor
3,2878,433,434,3,a
3,2879,326,327,10,not_b
3,2880,238,239,9,not_xor
3,2881,2279,2280,5,b
3,2882,753,754,6,xor
3,2883,1077,1078,3,a
3,2884,2375,2376,6,xor
3,2885,1242,1243,7,or
3,2886,584,585,3,a
3,2887,3937,3938,9,not_xor
3,2888,547,548,5,b
3,2889,2080,2081,2,not_implies
3,2890,3091,3092,14,not_and
3,2891,661,662,6,xor
3,2892,3711,3712,12,not_a
3,2893,459,460,13,implies
3,2894,2295,2296,7,or
3,2895,1682,1683,11,implied_by
3,2896,2659,2660,3,a
3,2897,469,470,15,one
3,2898,801,802,1,and
3,2899,1595,1596,14,not_and
3,2900,895,896,12,not_a
3,2901,3160,3161,7,or
3,2902,1430,1431,3,a
3,2903,1144,1145,7,or
3,2904,3165,3166,12,not_a
3,2905,3462,3463,9,not_xor
3,2906,3527,3528,4,not_implied_by
3,2907,529,530,8,not_or
3,2908,1918,1919,14,not_and
3,2909,2084,2085,3,a
3,2910,2548,2549,6,xor
3,2911,2413,2414,13,implies
3,2912,2195,2196,11,implied_by
3,2913,319,320,1,and
3,2914,2993,2994,10,not_b
3,2915,318,319,9,not_xor
3,2916,1992,1993,10,not_b
3,2917,37,38,4,not_implied_by
3,2918,1851,1852,9,not_xor
3,2919,3728,3729,9,not_xor
3,2920,1902,1903,6,xor
3,2921,827,828,12,not_a
3,2922,3675,3676,7,or
3,2923,2972,2973,3,a
3,2924,761,762,9,not_xor
3,2925,1507,1508,9,not_xor
3,2926,3809,3810,7,or
3,2927,2689,2690,9,not_xor
3,2928,486,487,6,xor
3,2929,1334,1335,15,one
3,2930,2971,2972,10,not_b
3,2931,2681,2682,12,not_a
3,2932,2275,2276,10,not_b
3,2933,2924,2925,5,b
3,2934,652,653,2,not_implies
3,2935,2657,2658,7,or
3,2936,3549,3550,3,a
3,2937,711,712,5,b
3,2938,426,427,3,a
3,2939,3601,3602,12,not_a
3,2940,466,467,1,and
3,2941,2886,2887,2,not_implies
3,2942,1712,1713,5,b
3,2943,1086,1087,9,not_xor
3,2944,2717,2718,7,or
3,2945,1388,1389,12,not_a
3,2946,1366,1367,12,not_a
3,2947,939,940,3,a
3,2948,364,365,10,not_b
3,2949,3102,3103,13,implies
3,2950,3116,3117,11,implied_by
3,2951,1582,1583,13,implies
3,2952,693,694,9,not_xor
3,2953,1820,1821,10,not_b
3,2954,1727,1728,12,not_a
3,2955,3320,3321,5,b
3,2956,3001,3002,2,not_implies
3,2957,143,144,10,not_b
3,2958,2773,2774,3,a
3,2959,15,16,7,or
3,2960,2820,2821,5,b
3,2961,869,870,5,b
3,2962,1715,1716,8,not_or
3,2963,1294,1295,9,not_xor
3,2964,1266,1267,15,one
3,2965,501,502,7,or
3,2966,748,749,3,a
3,2967,58,59,4,not_implied_by
3,2968,1661,1662,6,xor
3,2969,2132,2133,12,not_a
3,2970,3526,3527,1,and
3,2971,2593,2594,3,a
3,2972,938,939,13,implies
3,2973,921,922,2,not_implies
3,2974,3805,3806,11,implied_by
3,2975,2604,2605,10,not_b
3,2976,3144,3145,10,not_b
3,2977,1411,1412,0,zero
3,2978,2902,2903,12,not_a
3,2979,3132,3133,12,not_a
3,2980,3492,3493,3,a
3,2981,994,995,4,not_implied_by
3,2982,1299,1300,2,not_implies
3,2983,3828,3829,4,not_implied_by
3,2984,2903,2904,10,not_b
3,2985,3052,3053,5,b
3,2986,2841,2842,8,not_or
3,2987,313,314,1,and
3,2988,3209,3210,3,a
3,2989,1498,1499,11,implied_by
3,2990,1383,1384,2,not_implies
3,2991,2906,2907,8,not_or
3,2992,2162,2163,5,b
3,2993,838,839,3,a
3,2994,1068,1069,9,not_xor
3,2995,1462,1463,5,b
3,2996,3719,3720,10,not_b
3,2997,589,590,12,not_a
3,2998,1423,1424,12,not_a
3,2999,1439,1440,5,b
3,3000,1692,1693,9,not_xor
3,3001,189,190,4,not_implied_by
3,3002,1320,1321,12,not_a
3,3003,1222,1223,12,not_a
3,3004,47,48,6,xor
3,3005,2885,2886,4,not_implied_by
3,3006,3112,3113,1,and
3,3007,2420,2421,11,implied_by
3,3008,3846,3847,9,not_xor
3,3009,2071,2072,5,b
3,3010,3676,3677,8,not_or
3,3011,1457,1458,11,implied_by
3,3012,1819,1820,10,not_b
3,3013,1796,1797,6,xor
3,3014,2653,2654,13,implies
3,3015,2483,2484,12,not_a
3,3016,1049,1050,8,not_or
3,3017,2256,2257,2,not_implies
3,3018,3465,3466,2,not_implies
3,3019,3252,3253,2,not_implies
3,3020,280,281,7,or
3,3021,818,819,6,xor
3,3022,3643,3644,12,not_a
3,3023,2707,2708,5,b
3,3024,1113,1114,1,and
3,3025,2623,2624,9,not_xor
3,3026,2114,2115,2,not_implies
3,3027,1695,1696,7,or
3,3028,2299,2300,10,not_b
3,3029,2567,2568,5,b
3,3030,181,182,12,not_a
3,3031,3981,3982,13,implies
3,3032,1419,1420,4,not_implied_by
3,3033,3653,3654,6,xor
3,3034,2458,2459,12,not_a
3,3035,66,67,12,not_a
3,3036,2085,2086,5,b
3,3037,2848,2849,5,b
3,3038,773,774,10,not_b
3,3039,743,744,8,not_or
3,3040,303,304,3,a
3,3041,3912,3913,5,b
3,3042,82,83,8,not_or
3,3043,1557,1558,11,implied_by
3,3044,3871,3872,14,not_and
3,3045,1908,1909,13,implies
3,3046,3932,3933,6,xor
3,3047,1210,1211,12,not_a
3,3048,2225,2226,9,not_xor
3,3049,3163,3164,4,not_implied_by
3,3050,425,426,11,implied_by
3,3051,722,723,8,not_or
3,3052,2849,2850,15,one
3,3053,3381,3382,7,or
3,3054,1402,1403,9,not_xor
3,3055,2576,2577,10,not_b
3,3056,967,968,5,b
3,3057,800,801,5,b
3,3058,380,381,3,a
3,3059,3677,3678,12,not_a
3,3060,609,610,6,xor
3,3061,588,589,11,implied_by
3,3062,2019,2020,5,b
3,3063,926,927,5,b
3,3064,521,522,11,implied_by
3,3065,966,967,12,not_a
3,3066,1209,1210,3,a
3,3067,98,99,6,xor
3,3068,625,626,12,not_a
3,3069,391,392,13,implies
3,3070,1713,1714,2,not_implies
3,3071,797,798,12,not_a
3,3072,1220,1221,2,not_implies
3,3073,435,436,4,not_implied_by
3,3074,3484,3485,10,not_b
3,3075,1981,1982,8,not_or
3,3076,2323,2324,10,not_b
3,3077,1983,1984,4,not_implied_by
3,3078,122,123,6,xor
3,3079,2614,2615,11,implied_by
3,3080,485,486,5,b
3,3081,7,8,7,or
3,3082,2629,2630,12,not_a
3,3083,590,591,3,a
3,3084,405,406,3,a
3,3085,1845,1846,3,a
3,3086,3145,3146,6,xor
3,3087,2204,2205,11,implied_by
3,3088,3830,3831,12,not_a
3,3089,2068,2069,2,not_implies
3,3090,1955,1956,13,implies
3,3091,2367,2368,10,not_b
3,3092,3679,3680,9,not_xor
3,3093,2494,2495,7,or
3,3094,3525,3526,9,not_xor
3,3095,289,290,3,a
3,3096,13,14,9,not_xor
3,3097,1674,1675,2,not_implies
3,3098,1232,1233,7,or
3,3099,3657,3658,6,xor
3,3100,3678,3679,1,and
3,3101,1378,1379,12,not_a
3,3102,2646,2647,2,not_implies
3,3103,3078,3079,9,not_xor
3,3104,2099,2100,5,b
3,3105,2046,2047,5,b
3,3106,194,195,0,zero
3,3107,2150,2151,5,b
3,3108,1622,1623,3,a
3,3109,3919,3920,13,implies
3,3110,2308,2309,3,a
3,3111,3157,3158,6,xor
3,3112,1570,1571,7,or
3,3113,464,465,6,xor
3,3114,1206,1207,9,not_xor
3,3115,62,63,7,or
3,3116,65,66,6,xor
3,3117,3048,3049,1,and
3,3118,3244,3245,6,xor
3,3119,2490,2491,5,b
3,3120,265,266,7,or
3,3121,327,328,2,not_implies
3,3122,3359,3360,5,b
3,3123,2231,2232,9,not_xor
3,3124,621,622,6,xor
3,3125,1391,1392,6,xor
3,3126,580,581,7,or
3,3127,583,584,5,b
3,3128,624,625,8,not_or
3,3129,2222,2223,14,not_and
3,3130,3233,3234,2,not_implies
3,3131,637,638,0,zero
3,3132,489,490,5,b
3,3133,1717,1718,6,xor
3,3134,4,5,7,or
3,3135,3014,3015,4,not_implied_by
3,3136,1602,1603,10,not_b
3,3137,1893,1894,6,xor
3,3138,71,72,12,not_a
3,3139,1449,1450,6,xor
3,3140,1542,1543,10,not_b
3,3141,851,852,12,not_a
3,3142,3311,3312,2,not_implies
3,3143,3141,3142,9,not_xor
3,3144,2566,2567,11,implied_by
3,3145,1359,1360,6,xor
3,3146,134,135,4,not_implied_by
3,3147,1994,1995,10,not_b
3,3148,2562,2563,3,a
3,3149,118,119,2,not_implies
3,3150,1741,1742,12,not_a
3,3151,3135,3136,6,xor
3,3152,1550,1551,12,not_a
3,3153,3836,3837,9,not_xor
3,3154,2417,2418,3,a
3,3155,2075,2076,4,not_implied_by
3,3156,2175,2176,12,not_a
3,3157,451,452,10,not_b
3,3158,386,387,6,xor
3,3159,3589,3590,8,not_or
3,3160,2450,2451,7,or
3,3161,446,447,5,b
3,3162,2178,2179,1,and
3,3163,305,306,6,xor
3,3164,166,167,6,xor
3,3165,572,573,14,not_and
3,3166,1868,1869,5,b
3,3167,2642,2643,7,or
3,3168,3432,3433,4,not_implied_by
3,3169,1189,1190,1,and
3,3170,3287,3288,4,not_implied_by
3,3171,126,127,9,not_xor
3,3172,3801,3802,1,and
3,3173,2207,2208,14,not_and
3,3174,121,122,11,implied_by
3,3175,2842,2843,6,xor
3,3176,3906,3907,1,and
3,3177,3289,3290,7,or
3,3178,1197,1198,2,not_implies
3,3179,3262,3263,7,or
3,3180,2617,2618,13,implies
3,3181,2619,2620,6,xor
3,3182,3739,3740,1,and
3,3183,3500,3501,3,a
3,3184,2547,2548,6,xor
3,3185,1161,1162,10,not_b
3,3186,1063,1064,12,not_a
3,3187,1672,1673,9,not_xor
3,3188,2523,2524,2,not_implies
3,3189,682,683,14,not_and
3,3190,1610,1611,5,b
3,3191,1398,1399,8,not_or
3,3192,1088,1089,12,not_a
3,3193,1771,1772,5,b
3,3194,1085,1086,3,a
3,3195,1463,1464,13,implies
3,3196,1571,1572,11,implied_by
3,3197,2569,2570,10,not_b
3,3198,3113,3114,5,b
3,3199,1834,1835,7,or
3,3200,3530,3531,3,a
3,3201,2594,2595,6,xor
3,3202,3050,3051,3,a
3,3203,3224,3225,14,not_and
3,3204,412,413,6,xor
3,3205,2776,2777,9,not_xor
3,3206,2334,2335,2,not_implies
3,3207,3615,3616,7,or
3,3208,2888,2889,9,not_xor
3,3209,548,549,14,not_and
3,3210,2371,2372,4,not_implied_by
3,3211,1600,1601,3,a
3,3212,686,687,14,not_and
3,3213,2833,2834,6,xor
3,3214,2621,2622,7,or
3,3215,740,741,9,not_xor
3,3216,1565,1566,1,and
3,3217,2508,2509,1,and
3,3218,2169,2170,3,a
3,3219,1701,1702,6,xor
3,3220,876,877,6,xor
3,3221,2390,2391,11,implied_by
3,3222,503,504,6,xor
3,3223,350,351,10,not_b
3,3224,2618,2619,8,not_or
3,3225,3047,3048,8,not_or
3,3226,3913,3914,4,not_implied_by
3,3227,886,887,10,not_b
3,3228,3072,3073,14,not_and
3,3229,2407,2408,13,implies
3,3230,3254,3255,12,not_a
3,3231,55,56,9,not_xor
3,3232,1643,1644,5,b
3,3233,3073,3074,6,xor
3,3234,2509,2510,3,a
3,3235,635,636,9,not_xor
3,3236,550,551,8,not_or
3,3237,946,947,9,not_xor
3,3238,3434,3435,5,b
3,3239,2957,2958,12,not_a
3,3240,3722,3723,12,not_a
3,3241,3985,3986,4,not_implied_by
3,3242,1224,1225,3,a
3,3243,2975,2976,13,implies
3,3244,2145,2146,3,a
3,3245,2851,2852,2,not_implies
3,3246,1966,1967,13,implies
3,3247,3599,3600,9,not_xor
3,3248,1028,1029,5,b
3,3249,2586,2587,12,not_a
3,3250,1559,1560,12,not_a
3,3251,3499,3500,8,not_or
3,3252,3718,3719,2,not_implies
3,3253,2089,2090,10,not_b
3,3254,3109,3110,1,and
3,3255,3540,3541,5,b
3,3256,3162,3163,12,not_a
3,3257,736,737,6,xor
3,3258,581,582,9,not_xor
3,3259,2346,2347,6,xor
3,3260,2184,2185,7,or
3,3261,551,552,3,a
3,3262,3388,3389,4,not_implied_by
3,3263,182,183,6,xor
3,3264,3043,3044,9,not_xor
3,3265,2319,2320,8,not_or
3,3266,1020,1021,8,not_or
3,3267,45,46,6,xor
3,3268,1601,1602,2,not_implies
3,3269,2667,2668,12,not_a
3,3270,2633,2634,13,implies
3,3271,3731,3732,10,not_b
3,3272,2757,2758,2,not_implies
3,3273,49,50,3,a
3,3274,3613,3614,4,not_implied_by
3,3275,2687,2688,14,not_and
3,3276,2893,2894,7,or
3,3277,1244,1245,12,not_a
3,3278,3180,3181,12,not_a
3,3279,180,181,2,not_implies
3,3280,2373,2374,6,xor
3,3281,1225,1226,6,xor
3,3282,1511,1512,1,and
3,3283,494,495,3,a
3,3284,2517,2518,5,b
3,3285,1434,1435,14,not_and
3,3286,3838,3839,2,not_implies
3,3287,2239,2240,1,and
3,3288,3443,3444,13,implies
3,3289,3427,3428,13,implies
3,3290,724,725,12,not_a
3,3291,487,488,12,not_a
3,3292,911,912,14,not_and
3,3293,1116,1117,1,and
3,3294,1089,1090,9,not_xor
3,3295,3940,3941,1,and
3,3296,2108,2109,4,not_implied_by
3,3297,2172,2173,14,not_and
3,3298,3697,3698,9,not_xor
3,3299,351,352,12,not_a
3,3300,1249,1250,12,not_a
3,3301,1790,1791,5,b
3,3302,2938,2939,12,not_a
3,3303,1375,1376,0,zero
3,3304,261,262,6,xor
3,3305,105,106,5,b
3,3306,751,752,7,or
3,3307,3511,3512,12,not_a
3,3308,864,865,10,not_b
3,3309,3194,3195,10,not_b
3,3310,2294,2295,1,and
3,3311,1245,1246,11,implied_by
3,3312,920,921,10,not_b
3,3313,3920,3921,9,not_xor
3,3314,1447,1448,3,a
3,3315,900,901,9,not_xor
3,3316,2779,2780,3,a
3,3317,2042,2043,13,implies
3,3318,2551,2552,3,a
3,3319,1724,1725,8,not_or
3,3320,615,616,14,not_and
3,3321,3663,3664,2,not_implies
3,3322,1441,1442,10,not_b
3,3323,1903,1904,9,not_xor
3,3324,561,562,6,xor
3,3325,643,644,8,not_or
3,3326,3537,3538,12,not_a
3,3327,2533,2534,12,not_a
3,3328,3251,3252,14,not_and
3,3329,613,614,1,and
3,3330,147,148,2,not_implies
3,3331,1636,1637,2,not_implies
3,3332,2139,2140,12,not_a
3,3333,897,898,5,b
3,3334,1444,1445,7,or
3,3335,3201,3202,3,a
3,3336,3680,3681,5,b
3,3337,2376,2377,6,xor
3,3338,3889,3890,8,not_or
3,3339,2765,2766,10,not_b
3,3340,133,134,10,not_b
3,3341,684,685,11,implied_by
3,3342,3572,3573,13,implies
3,3343,1079,1080,10,not_b
3,3344,200,201,12,not_a
3,3345,78,79,12,not_a
3,3346,3455,3456,5,b
3,3347,2507,2508,5,b
3,3348,3668,3669,2,not_implies
3,3349,3883,3884,12,not_a
3,3350,389,390,12,not_a
3,3351,1148,1149,6,xor
3,3352,1211,1212,7,or
3,3353,3638,3639,9,not_xor
3,3354,1252,1253,5,b
3,3355,1551,1552,4,not_implied_by
3,3356,692,693,1,and
3,3357,308,309,6,xor
3,3358,16,17,10,not_b
3,3359,2072,2073,3,a
3,3360,1013,1014,13,implies
3,3361,2216,2217,13,implies
3,3362,528,529,5,b
3,3363,2344,2345,2,not_implies
3,3364,3401,3402,4,not_implied_by
3,3365,1736,1737,6,xor
3,3366,1126,1127,14,not_and
3,3367,151,152,13,implies
3,3368,3175,3176,5,b
3,3369,2852,2853,12,not_a
3,3370,3870,3871,6,xor
3,3371,2032,2033,11,implied_by
3,3372,1465,1466,1,and
3,3373,2289,2290,9,not_xor
3,3374,197,198,1,and
3,3375,2049,2050,7,or
3,3376,517,518,12,not_a
3,3377,1779,1780,12,not_a
3,3378,1414,1415,12,not_a
3,3379,1486,1487,11,implied_by
3,3380,2916,2917,5,b
3,3381,243,244,7,or
3,3382,1158,1159,1,and
3,3383,2737,2738,2,not_implies
3,3384,1632,1633,3,a
3,3385,1852,1853,8,not_or
3,3386,3037,3038,10,not_b
3,3387,496,497,12,not_a
3,3388,2516,2517,2,not_implies
3,3389,1806,1807,12,not_a
3,3390,1357,1358,12,not_a
3,3391,2324,2325,3,a
3,3392,2997,2998,14,not_and
3,3393,1432,1433,3,a
3,3394,2755,2756,7,or
3,3395,102,103,12,not_a
3,3396,3727,3728,9,not_xor
3,3397,2409,2410,15,one
3,3398,3941,3942,12,not_a
3,3399,3628,3629,12,not_a
3,3400,359,360,3,a
3,3401,3831,3832,7,or
3,3402,3104,3105,12,not_a
3,3403,558,559,8,not_or
3,3404,2213,2214,9,not_xor
3,3405,1580,1581,3,a
3,3406,20,21,7,or
3,3407,575,576,13,implies
3,3408,779,780,12,not_a
3,3409,2768,2769,9,not_xor
3,3410,174,175,3,a
3,3411,1399,1400,7,or
3,3412,2054,2055,8,not_or
3,3413,978,979,13,implies
3,3414,2904,2905,3,a
3,3415,1861,1862,6,xor
3,3416,674,675,14,not_and
3,3417,2331,2332,9,not_xor
3,3418,998,999,5,b
3,3419,2741,2742,3,a
3,3420,2406,2407,3,a
3,3421,3873,3874,7,or
3,3422,3185,3186,15,one
3,3423,3064,3065,10,not_b
3,3424,329,330,12,not_a
3,3425,1620,1621,3,a
3,3426,552,553,13,implies
3,3427,2498,2499,6,xor
3,3428,2355,2356,7,or
3,3429,1900,1901,2,not_implies
3,3430,2620,2621,14,not_and
3,3431,3772,3773,8,not_or
3,3432,385,386,3,a
3,3433,3950,3951,10,not_b
3,3434,3909,3910,10,not_b
3,3435,953,954,2,not_implies
3,3436,2060,2061,10,not_b
3,3437,94,95,14,not_and
3,3438,3965,3966,6,xor
3,3439,1353,1354,10,not_b
3,3440,233,234,9,not_xor
3,3441,2505,2506,1,and
3,3442,872,873,4,not_implied_by
3,3443,1847,1848,9,not_xor
3,3444,2264,2265,9,not_xor
3,3445,3594,3595,13,implies
3,3446,1973,1974,10,not_b
3,3447,1690,1691,5,b
3,3448,1493,1494,14,not_and
3,3449,2840,2841,8,not_or
3,3450,3925,3926,3,a
3,3451,798,799,5,b
3,3452,2978,2979,5,b
3,3453,1255,1256,1,and
3,3454,3837,3838,10,not_b
3,3455,532,533,9,not_xor
3,3456,944,945,12,not_a
3,3457,3633,3634,6,xor
3,3458,2599,2600,3,a
3,3459,1333,1334,3,a
3,3460,2270,2271,14,not_and
3,3461,1939,1940,8,not_or
3,3462,1092,1093,3,a
3,3463,1603,1604,7,or
3,3464,1099,1100,11,implied_by
3,3465,3767,3768,9,not_xor
3,3466,1943,1944,11,implied_by
3,3467,1453,1454,3,a
3,3468,1530,1531,6,xor
3,3469,375,376,6,xor
3,3470,3197,3198,9,not_xor
3,3471,1843,1844,1,and
3,3472,605,606,5,b
3,3473,854,855,13,implies
3,3474,563,564,11,implied_by
3,3475,1522,1523,3,a
3,3476,1969,1970,5,b
3,3477,1846,1847,8,not_or
3,3478,1270,1271,4,not_implied_by
3,3479,2347,2348,12,not_a
3,3480,80,81,6,xor
3,3481,2393,2394,3,a
3,3482,229,230,2,not_implies
3,3483,623,624,9,not_xor
3,3484,2734,2735,11,implied_by
3,3485,2456,2457,10,not_b
3,3486,139,140,10,not_b
3,3487,1577,1578,6,xor
3,3488,866,867,4,not_implied_by
3,3489,2147,2148,12,not_a
3,3490,2439,2440,1,and
3,3491,1024,1025,13,implies
3,3492,1426,1427,2,not_implies
3,3493,1890,1891,7,or
3,3494,60,61,12,not_a
3,3495,3279,3280,4,not_implied_by
3,3496,1250,1251,2,not_implies
3,3497,1533,1534,5,b
3,3498,1403,1404,12,not_a
3,3499,2942,2943,9,not_xor
3,3500,396,397,13,implies
3,3501,1337,1338,1,and
3,3502,2720,2721,12,not_a
3,3503,2136,2137,9,not_xor
3,3504,204,205,3,a
3,3505,320,321,6,xor
3,3506,2218,2219,11,implied_by
3,3507,3424,3425,7,or
3,3508,77,78,12,not_a
3,3509,2853,2854,6,xor
3,3510,1757,1758,11,implied_by
3,3511,2181,2182,10,not_b
3,3512,3629,3630,3,a
3,3513,2721,2722,12,not_a
3,3514,850,851,13,implies
3,3515,837,838,2,not_implies
3,3516,117,118,10,not_b
3,3517,3331,3332,5,b
3,3518,2826,2827,10,not_b
3,3519,1193,1194,11,implied_by
3,3520,1739,1740,11,implied_by
3,3521,3117,3118,3,a
3,3522,1742,1743,3,a
3,3523,1261,1262,14,not_and
3,3524,1800,1801,9,not_xor
3,3525,3297,3298,5,b
3,3526,1967,1968,3,a
3,3527,2679,2680,5,b
3,3528,1556,1557,12,not_a
3,3529,570,571,6,xor
3,3530,3597,3598,4,not_implied_by
3,3531,2747,2748,2,not_implies
3,3532,427,428,7,or
3,3533,717,718,13,implies
3,3534,354,355,5,b
3,3535,2468,2469,6,xor
3,3536,898,899,14,not_and
3,3537,3272,3273,11,implied_by
3,3538,917,918,6,xor
3,3539,3644,3645,12,not_a
3,3540,1223,1224,2,not_implies
3,3541,2953,2954,8,not_or
3,3542,3671,3672,11,implied_by
3,3543,1131,1132,12,not_a
3,3544,3956,3957,14,not_and
3,3545,1361,1362,0,zero
3,3546,3323,3324,10,not_b
3,3547,2148,2149,10,not_b
3,3548,168,169,12,not_a
3,3549,1207,1208,9,not_xor
3,3550,478,479,10,not_b
3,3551,1323,1324,14,not_and
3,3552,2070,2071,5,b
3,3553,2910,2911,11,implied_by
3,3554,650,651,6,xor
3,3555,2472,2473,8,not_or
3,3556,719,720,5,b
3,3557,726,727,10,not_b
3,3558,3186,3187,2,not_implies
3,3559,3321,3322,6,xor
3,3560,1626,1627,5,b
3,3561,2033,2034,14,not_and
3,3562,2829,2830,5,b
3,3563,1984,1985,13,implies
3,3564,95,96,6,xor
3,3565,1957,1958,4,not_implied_by
3,3566,1269,1270,12,not_a
3,3567,2480,2481,10,not_b
3,3568,2463,2464,12,not_a
3,3569,3231,3232,4,not_implied_by
3,3570,813,814,5,b
3,3571,1504,1505,5,b
3,3572,1140,1141,8,not_or
3,3573,3571,3572,12,not_a
3,3574,424,425,9,not_xor
3,3575,536,537,3,a
3,3576,947,948,6,xor
3,3577,3939,3940,6,xor
3,3578,2960,2961,7,or
3,3579,2736,2737,1,and
3,3580,1410,1411,1,and
3,3581,3756,3757,9,not_xor
3,3582,3945,3946,8,not_or
3,3583,1,2,7,or
3,3584,2966,2967,12,not_a
3,3585,1986,1987,8,not_or
3,3586,2878,2879,12,not_a
3,3587,2,3,8,not_or
3,3588,1729,1730,10,not_b
3,3589,690,691,5,b
3,3590,2160,2161,14,not_and
3,3591,317,318,5,b
3,3592,3369,3370,13,implies
3,3593,2193,2194,9,not_xor
3,3594,2138,2139,9,not_xor
3,3595,343,344,8,not_or
3,3596,2606,2607,9,not_xor
3,3597,2672,2673,8,not_or
3,3598,1649,1650,9,not_xor
3,3599,2568,2569,12,not_a
3,3600,2579,2580,12,not_a
3,3601,3361,3362,14,not_and
3,3602,1864,1865,8,not_or
3,3603,545,546,14,not_and
3,3604,3683,3684,3,a
3,3605,3955,3956,11,implied_by
3,3606,1121,1122,1,and
3,3607,2789,2790,6,xor
3,3608,1059,1060,12,not_a
3,3609,3192,3193,4,not_implied_by
3,3610,1427,1428,3,a
3,3611,287,288,5,b
3,3612,2311,2312,5,b
3,3613,1927,1928,6,xor
3,3614,3360,3361,6,xor
3,3615,1031,1032,5,b
3,3616,2343,2344,5,b
3,3617,636,637,13,implies
3,3618,3788,3789,13,implies
3,3619,834,835,5,b
3,3620,1988,1989,2,not_implies
3,3621,3729,3730,6,xor
3,3622,1869,1870,12,not_a
3,3623,1592,1593,2,not_implies
3,3624,653,654,5,b
3,3625,1212,1213,8,not_or
3,3626,1007,1008,12,not_a
3,3627,678,679,9,not_xor
3,3628,422,423,11,implied_by
3,3629,3476,3477,5,b
3,3630,535,536,11,implied_by
3,3631,2208,2209,2,not_implies
3,3632,1119,1120,4,not_implied_by
3,3633,2214,2215,7,or
3,3634,1777,1778,12,not_a
3,3635,843,844,4,not_implied_by
3,3636,505,506,4,not_implied_by
3,3637,2921,2922,9,not_xor
3,3638,648,649,6,xor
3,3639,3769,3770,1,and
3,3640,1700,1701,9,not_xor
3,3641,374,375,12,not_a
3,3642,707,708,12,not_a
3,3643,3993,3994,10,not_b
3,3644,2733,2734,3,a
3,3645,369,370,6,xor
3,3646,2436,2437,12,not_a
3,3647,1038,1039,3,a
3,3648,2982,2983,2,not_implies
3,3649,1513,1514,8,not_or
3,3650,1907,1908,9,not_xor
3,3651,69,70,5,b
3,3652,3748,3749,13,implies
3,3653,1044,1045,11,implied_by
3,3654,3107,3108,6,xor
3,3655,2610,2611,10,not_b
3,3656,2235,2236,6,xor
3,3657,394,395,11,implied_by
3,3658,3903,3904,13,implies
3,3659,1816,1817,3,a
3,3660,904,905,6,xor
3,3661,1502,1503,9,not_xor
3,3662,1030,1031,12,not_a
3,3663,3458,3459,10,not_b
3,3664,2738,2739,11,implied_by
3,3665,671,672,0,zero
3,3666,362,363,6,xor
3,3667,244,245,10,not_b
3,3668,1544,1545,12,not_a
3,3669,370,371,6,xor
3,3670,2668,2669,14,not_and
3,3671,3735,3736,8,not_or
3,3672,1937,1938,5,b
3,3673,861,862,3,a
3,3674,1706,1707,12,not_a
3,3675,409,410,5,b
3,3676,1004,1005,12,not_a
3,3677,115,116,14,not_and
3,3678,2387,2388,7,or
3,3679,2630,2631,10,not_b
3,3680,1481,1482,6,xor
3,3681,3069,3070,5,b
3,3682,3853,3854,10,not_b
3,3683,2528,2529,2,not_implies
3,3684,1747,1748,1,and
3,3685,3761,3762,10,not_b
3,3686,2351,2352,5,b
3,3687,3016,3017,5,b
3,3688,3232,3233,5,b
3,3689,2462,2463,2,not_implies
3,3690,3488,3489,8,not_or
3,3691,3967,3968,10,not_b
3,3692,2611,2612,9,not_xor
3,3693,3882,3883,9,not_xor
3,3694,1881,1882,6,xor
3,3695,2266,2267,12,not_a
3,3696,2310,2311,10,not_b
3,3697,809,810,11,implied_by
3,3698,474,475,6,xor
3,3699,970,971,8,not_or
3,3700,3227,3228,9,not_xor
3,3701,93,94,12,not_a
3,3702,2365,2366,12,not_a
3,3703,1783,1784,3,a
3,3704,777,778,8,not_or
3,3705,3573,3574,4,not_implied_by
3,3706,1866,1867,1,and
3,3707,2187,2188,11,implied_by
3,3708,3946,3947,9,not_xor
3,3709,202,203,6,xor
3,3710,341,342,10,not_b
3,3711,3057,3058,10,not_b
3,3712,1306,1307,7,or
3,3713,2715,2716,10,not_b
3,3714,1539,1540,6,xor
3,3715,3258,3259,12,not_a
3,3716,3243,3244,11,implied_by
3,3717,3305,3306,12,not_a
3,3718,1185,1186,12,not_a
3,3719,1641,1642,4,not_implied_by
3,3720,2109,2110,10,not_b
3,3721,2746,2747,9,not_xor
3,3722,1455,1456,8,not_or
3,3723,1703,1704,3,a
3,3724,1285,1286,7,or
3,3725,1027,1028,12,not_a
3,3726,758,759,10,not_b
3,3727,8,9,9,not_xor
3,3728,2520,2521,7,or
3,3729,1914,1915,3,a
3,3730,815,816,11,implied_by
3,3731,1824,1825,8,not_or
3,3732,3786,3787,6,xor
3,3733,3725,3726,12,not_a
3,3734,23,24,11,implied_by
3,3735,935,936,2,not_implies
3,3736,2119,2120,14,not_and
3,3737,3976,3977,2,not_implies
3,3738,2945,2946,10,not_b
3,3739,2045,2046,3,a
3,3740,239,240,9,not_xor
3,3741,2636,2637,10,not_b
3,3742,2824,2825,12,not_a
3,3743,2545,2546,5,b
3,3744,2622,2623,4,not_implied_by
3,3745,1887,1888,7,or
3,3746,1286,1287,5,b
3,3747,3835,3836,4,not_implied_by
3,3748,266,267,9,not_xor
3,3749,1814,1815,3,a
3,3750,260,261,8,not_or
3,3751,3385,3386,13,implies
3,3752,2913,2914,6,xor
3,3753,880,881,12,not_a
3,3754,448,449,10,not_b
3,3755,2578,2579,5,b
3,3756,1506,1507,12,not_a
3,3757,160,161,8,not_or
3,3758,1764,1765,9,not_xor
3,3759,3245,3246,12,not_a
3,3760,432,433,10,not_b
3,3761,215,216,3,a
3,3762,3365,3366,12,not_a
3,3763,1673,1674,6,xor
3,3764,356,357,12,not_a
3,3765,3459,3460,13,implies
3,3766,1769,1770,14,not_and
3,3767,3375,3376,7,or
3,3768,3332,3333,6,xor
3,3769,392,393,3,a
3,3770,3151,3152,12,not_a
3,3771,2487,2488,10,not_b
3,3772,192,193,9,not_xor
3,3773,587,588,10,not_b
3,3774,2272,2273,7,or
3,3775,3408,3409,6,xor
3,3776,2767,2768,9,not_xor
3,3777,2221,2222,9,not_xor
3,3778,992,993,13,implies
3,3779,1959,1960,1,and
3,3780,3220,3221,5,b
3,3781,1591,1592,14,not_and
3,3782,788,789,3,a
3,3783,619,620,10,not_b
3,3784,219,220,1,and
3,3785,3278,3279,13,implies
3,3786,3237,3238,12,not_a
3,3787,1221,1222,9,not_xor
3,3788,1623,1624,12,not_a
3,3789,3094,3095,10,not_b
3,3790,2897,2898,13,implies
3,3791,2650,2651,5,b
3,3792,1634,1635,10,not_b
3,3793,1105,1106,7,or
3,3794,972,973,9,not_xor
3,3795,288,289,6,xor
3,3796,883,884,7,or
3,3797,1300,1301,3,a
3,3798,1505,1506,13,implies
3,3799,988,989,9,not_xor
3,3800,52,53,10,not_b
3,3801,2754,2755,14,not_and
3,3802,2009,2010,9,not_xor
3,3803,2422,2423,12,not_a
3,3804,1621,1622,8,not_or
3,3805,2905,2906,7,or
3,3806,3389,3390,6,xor
3,3807,2105,2106,0,zero
3,3808,2703,2704,11,implied_by
3,3809,3139,3140,6,xor
3,3810,2379,2380,1,and
3,3811,1431,1432,3,a
3,3812,3746,3747,6,xor
3,3813,1118,1119,14,not_and
3,3814,1856,1857,1,and
3,3815,434,435,7,or
3,3816,2692,2693,9,not_xor
3,3817,3370,3371,3,a
3,3818,923,924,9,not_xor
3,3819,3804,3805,6,xor
3,3820,307,308,11,implied_by
3,3821,1663,1664,5,b
3,3822,1102,1103,12,not_a
3,3823,2895,2896,12,not_a
3,3824,3855,3856,14,not_and
3,3825,3446,3447,3,a
3,3826,2643,2644,5,b
3,3827,3536,3537,1,and
3,3828,3250,3251,6,xor
3,3829,1915,1916,6,xor
3,3830,2224,2225,6,xor
3,3831,749,750,9,not_xor
3,3832,3712,3713,5,b
3,3833,3874,3875,6,xor
3,3834,1671,1672,7,or
3,3835,2301,2302,12,not_a
3,3836,1667,1668,15,one
3,3837,2632,2633,7,or
3,3838,910,911,9,not_xor
3,3839,1282,1283,1,and
3,3840,3402,3403,12,not_a
3,3841,2488,2489,3,a
3,3842,852,853,12,not_a
3,3843,2229,2230,3,a
3,3844,1930,1931,1,and
3,3845,990,991,13,implies
3,3846,2048,2049,10,not_b
3,3847,3954,3955,1,and
3,3848,767,768,12,not_a
3,3849,88,89,1,and
3,3850,3566,3567,5,b
3,3851,3866,3867,9,not_xor
3,3852,2912,2913,13,implies
3,3853,1110,1111,11,implied_by
3,3854,292,293,9,not_xor
3,3855,3541,3542,10,not_b
3,3856,856,857,11,implied_by
3,3857,3529,3530,12,not_a
3,3858,340,341,3,a
3,3859,1624,1625,5,b
3,3860,3420,3421,5,b
3,3861,2837,2838,9,not_xor
3,3862,2435,2436,8,not_or
3,3863,1541,1542,12,not_a
3,3864,2879,2880,4,not_implied_by
3,3865,3054,3055,5,b
3,3866,3398,3399,3,a
3,3867,127,128,14,not_and
3,3868,2769,2770,5,b
3,3869,1420,1421,10,not_b
3,3870,3210,3211,12,not_a
3,3871,2638,2639,6,xor
3,3872,347,348,6,xor
3,3873,1780,1781,5,b
3,3874,1100,1101,1,and
3,3875,3852,3853,5,b
3,3876,1965,1966,2,not_implies
3,3877,2686,2687,12,not_a
3,3878,2974,2975,11,implied_by
3,3879,1298,1299,5,b
3,3880,3783,3784,7,or
3,3881,2752,2753,6,xor
3,3882,1494,1495,14,not_and
3,3883,286,287,11,implied_by
3,3884,3698,3699,11,implied_by
3,3885,3438,3439,7,or
3,3886,1412,1413,5,b
3,3887,2936,2937,2,not_implies
3,3888,2828,2829,11,implied_by
3,3889,3110,3111,9,not_xor
3,3890,2908,2909,9,not_xor
3,3891,2923,2924,3,a
3,3892,3710,3711,8,not_or
3,3893,2003,2004,5,b
3,3894,2446,2447,10,not_b
3,3895,423,424,1,and
3,3896,2237,2238,12,not_a
3,3897,1275,1276,1,and
3,3898,1393,1394,12,not_a
3,3899,3832,3833,13,implies
3,3900,1594,1595,13,implies
3,3901,2479,2480,3,a
3,3902,1735,1736,1,and
3,3903,3581,3582,5,b
3,3904,3775,3776,12,not_a
3,3905,3802,3803,14,not_and
3,3906,1045,1046,9,not_xor
3,3907,3414,3415,12,not_a
3,3908,323,324,10,not_b
3,3909,349,350,12,not_a
3,3910,630,631,3,a
3,3911,1801,1802,5,b
3,3912,2992,2993,6,xor
3,3913,1001,1002,3,a
3,3914,3065,3066,4,not_implied_by
3,3915,2205,2206,5,b
3,3916,1666,1667,4,not_implied_by
3,3917,518,519,12,not_a
3,3918,945,946,8,not_or
3,3919,1259,1260,6,xor
3,3920,1944,1945,6,xor
3,3921,1297,1298,6,xor
3,3922,2863,2864,12,not_a
3,3923,2694,2695,3,a
3,3924,1617,1618,0,zero
3,3925,2987,2988,12,not_a
3,3926,3817,3818,11,implied_by
3,3927,755,756,12,not_a
3,3928,3081,3082,10,not_b
3,3929,704,705,2,not_implies
3,3930,2519,2520,9,not_xor
3,3931,1639,1640,9,not_xor
3,3932,2730,2731,13,implies
3,3933,2276,2277,5,b
3,3934,129,130,12,not_a
3,3935,3288,3289,13,implies
3,3936,959,960,6,xor
3,3937,2167,2168,14,not_and
3,3938,1011,1012,3,a
3,3939,3149,3150,12,not_a
3,3940,407,408,14,not_and
3,3941,1295,1296,5,b
3,3942,3745,3746,7,or
3,3943,3560,3561,6,xor
3,3944,1979,1980,6,xor
3,3945,789,790,7,or
3,3946,346,347,3,a
3,3947,3315,3316,12,not_a
3,3948,2742,2743,3,a
3,3949,206,207,14,not_and
3,3950,2788,2789,5,b
3,3951,3353,3354,10,not_b
3,3952,373,374,10,not_b
3,3953,452,453,8,not_or
3,3954,1762,1763,6,xor
3,3955,2698,2699,6,xor
3,3956,3234,3235,5,b
3,3957,2587,2588,9,not_xor
3,3958,1408,1409,9,not_xor
3,3959,1010,1011,3,a
3,3960,2053,2054,10,not_b
3,3961,2716,2717,10,not_b
3,3962,3339,3340,2,not_implies
3,3963,1401,1402,8,not_or
3,3964,3012,3013,4,not_implied_by
3,3965,3034,3035,3,a
3,3966,3482,3483,8,not_or
3,3967,1515,1516,4,not_implied_by
3,3968,3732,3733,2,not_implies
3,3969,210,211,8,not_or
3,3970,1339,1340,4,not_implied_by
3,3971,1836,1837,13,implies
3,3972,1415,1416,0,zero
3,3973,3084,3085,6,xor
3,3974,252,253,13,implies
3,3975,1485,1486,1,and
3,3976,2925,2926,8,not_or
3,3977,1540,1541,6,xor
3,3978,479,480,1,and
3,3979,2645,2646,14,not_and
3,3980,1725,1726,4,not_implied_by
3,3981,1501,1502,3,a
3,3982,2944,2945,5,b
3,3983,3310,3311,13,implies
3,3984,1951,1952,13,implies
3,3985,1616,1617,10,not_b
3,3986,1767,1768,4,not_implied_by
3,3987,2485,2486,11,implied_by
3,3988,1676,1677,14,not_and
3,3989,2277,2278,12,not_a
3,3990,531,532,5,b
3,3991,3593,3594,3,a
3,3992,1655,1656,3,a
3,3993,1146,1147,7,or
3,3994,2999,3000,10,not_b
3,3995,1230,1231,8,not_or
3,3996,3694,3695,10,not_b
3,3997,696,697,5,b
3,3998,530,531,5,b
3,3999,2180,2181,13,implies
4,0,3168,3169,4,not_implied_by
4,1,3364,3365,11,implied_by
4,2,2430,2431,6,xor
4,3,3325,3326,9,not_xor
4,4,821,822,6,xor
4,5,735,736,12,not_a
4,6,726,727,12,not_a
4,7,2403,2404,12,not_a
4,8,1856,1857,2,not_implies
4,9,1725,1726,6,xor
4,10,3553,3554,8,not_or
4,11,3163,3164,5,b
4,12,16,17,5,b
4,13,1484,1485,14,not_and
4,14,3135,3136,7,or
4,15,1939,1940,6,xor
4,16,2168,2169,12,not_a
4,17,3201,3202,9,not_xor
4,18,2138,2139,12,not_a
4,19,3697,3698,5,b
4,20,2310,2311,15,one
4,21,1676,1677,8,not_or
4,22,2001,2002,7,or
4,23,1611,1612,6,xor
4,24,1956,1957,10,not_b
4,25,1540,1541,10,not_b
4,26,2358,2359,15,one
4,27,2087,2088,10,not_b
4,28,2361,2362,6,xor
4,29,289,290,7,or
4,30,1982,1983,5,b
4,31,3257,3258,9,not_xor
4,32,1155,1156,2,not_implies
4,33,428,429,9,not_xor
4,34,3846,3847,6,xor
4,35,2441,2442,9,not_xor
4,36,2980,2981,9,not_xor
4,37,1788,1789,12,not_a
4,38,210,211,6,xor
4,39,3139,3140,0,zero
4,40,2100,2101,3,a
4,41,1003,1004,9,not_xor
4,42,3153,3154,6,xor
4,43,2879,2880,3,a
4,44,200,201,9,not_xor
4,45,1413,1414,10,not_b
4,46,416,417,12,not_a
4,47,2967,2968,3,a
4,48,1314,1315,12,not_a
4,49,1906,1907,9,not_xor
4,50,1361,1362,14,not_and
4,51,2009,2010,3,a
4,52,3208,3209,3,a
4,53,386,387,12,not_a
4,54,3460,3461,12,not_a
4,55,495,496,1,and
4,56,2890,2891,9,not_xor
4,57,893,894,4,not_implied_by
4,58,2348,2349,9,not_xor
4,59,442,443,14,not_and
4,60,3776,3777,10,not_b
4,61,1641,1642,6,xor
4,62,3728,3729,9,not_xor
4,63,2679,2680,5,b
4,64,3525,3526,10,not_b
4,65,2644,2645,9,not_xor
4,66,3167,3168,6,xor
4,67,3966,3967,6,xor
4,68,685,686,5,b
4,69,392,393,10,not_b
4,70,1557,1558,9,not_xor
4,71,623,624,8,not_or
4,72,1394,1395,6,xor
4,73,3456,3457,6,xor
4,74,3714,3715,3,a
4,75,865,866,9,not_xor
4,76,971,972,5,b
4,77,1396,1397,10,not_b
4,78,1914,1915,9,not_xor
4,79,800,801,5,b
4,80,2209,2210,3,a
4,81,3290,3291,4,not_implied_by
4,82,2803,2804,9,not_xor
4,83,3500,3501,10,not_b
4,84,3410,3411,12,not_a
4,85,3956,3957,9,not_xor
4,86,3978,3979,14,not_and
4,87,2632,2633,3,a
4,88,646,647,5,b
4,89,2670,2671,15,one
4,90,3041,3042,12,not_a
4,91,1575,1576,6,xor
4,92,580,581,5,b
4,93,1927,1928,7,or
4,94,736,737,10,not_b
4,95,3943,3944,11,implied_by
4,96,1296,1297,10,not_b
4,97,2063,2064,9,not_xor
4,98,2284,2285,3,a
4,99,923,924,14,not_and
4,100,514,515,9,not_xor
4,101,62,63,12,not_a
4,102,1122,1123,9,not_xor
4,103,3593,3594,7,or
4,104,1079,1080,13,implies
4,105,1658,1659,5,b
4,106,2681,2682,8,not_or
4,107,1553,1554,8,not_or
4,108,3918,3919,11,implied_by
4,109,653,654,10,not_b
4,110,3435,3436,11,implied_by
4,111,421,422,6,xor
4,112,242,243,14,not_and
4,113,3720,3721,8,not_or
4,114,3572,3573,11,implied_by
4,115,532,533,3,a
4,116,1497,1498,5,b
4,117,3724,3725,5,b
4,118,3448,3449,9,not_xor
4,119,2896,2897,3,a
4,120,245,246,6,xor
4,121,910,911,0,zero
4,122,1802,1803,9,not_xor
4,123,1768,1769,3,a
4,124,1700,1701,9,not_xor
4,125,7,8,3,a
4,126,1616,1617,0,zero
4,127,3255,3256,12,not_a
4,128,2233,2234,10,not_b
4,129,3437,3438,6,xor
4,130,871,872,3,a
4,131,3614,3615,7,or
4,132,639,640,12,not_a
4,133,3896,3897,3,a
4,134,2030,2031,10,not_b
4,135,2356,2357,5,b
4,136,1467,1468,11,implied_by
4,137,2043,2044,6,xor
4,138,2108,2109,8,not_or
4,139,1765,1766,3,a
4,140,3994,3995,10,not_b
4,141,3605,3606,9,not_xor
4,142,3912,3913,6,xor
4,143,892,893,9,not_xor
4,144,1251,1252,6,xor
4,145,286,287,5,b
4,146,1488,1489,9,not_xor
4,147,1922,1923,10,not_b
4,148,82,83,5,b
4,149,1447,1448,13,implies
4,150,3307,3308,2,not_implies
4,151,2096,2097,9,not_xor
4,152,1431,1432,2,not_implies
4,153,645,646,5,b
4,154,540,541,3,a
4,155,2496,2497,6,xor
4,156,2287,2288,9,not_xor
4,157,697,698,12,not_a
4,158,1228,1229,5,b
4,159,3594,3595,5,b
4,160,1818,1819,8,not_or
4,161,2698,2699,9,not_xor
4,162,2589,2590,15,one
4,163,3203,3204,9,not_xor
4,164,3317,3318,14,not_and
4,165,2543,2544,10,not_b
4,166,3586,3587,9,not_xor
4,167,3507,3508,2,not_implies
4,168,2957,2958,5,b
4,169,3340,3341,5,b
4,170,1023,1024,12,not_a
4,171,674,675,5,b
4,172,3613,3614,10,not_b
4,173,2976,2977,2,not_implies
4,174,637,638,14,not_and
4,175,2470,2471,11,implied_by
4,176,809,810,14,not_and
4,177,740,741,8,not_or
4,178,2467,2468,4,not_implied_by
4,179,3066,3067,10,not_b
4,180,1666,1667,8,not_or
4,181,1545,1546,6,xor
4,182,2909,2910,10,not_b
4,183,1703,1704,6,xor
4,184,3184,3185,7,or
4,185,1529,1530,7,or
4,186,1629,1630,4,not_implied_by
4,187,1226,1227,12,not_a
4,188,2025,2026,10,not_b
4,189,203,204,3,a
4,190,3921,3922,6,xor
4,191,3620,3621,10,not_b
4,192,1631,1632,10,not_b
4,193,853,854,13,implies
4,194,799,800,5,b
4,195,1048,1049,3,a
4,196,2728,2729,3,a
4,197,2083,2084,9,not_xor
4,198,321,322,10,not_b
4,199,2535,2536,10,not_b
4,200,516,517,9,not_xor
4,201,629,630,8,not_or
4,202,1221,1222,8,not_or
4,203,2058,2059,5,b
4,204,1689,1690,9,not_xor
4,205,3647,3648,9,not_xor
4,206,1530,1531,11,implied_by
4,207,1103,1104,10,not_b
4,208,2519,2520,9,not_xor
4,209,1286,1287,5,b
4,210,3928,3929,6,xor
4,211,3933,3934,5,b
4,212,927,928,5,b
4,213,682,683,8,not_or
4,214,2490,2491,9,not_xor
4,215,1519,1520,9,not_xor
4,216,2994,2995,10,not_b
4,217,2309,2310,12,not_a
4,218,788,789,6,xor
4,219,2846,2847,2,not_implies
4,220,2941,2942,13,implies
4,221,2381,2382,6,xor
4,222,2978,2979,5,b
4,223,2432,2433,14,not_and
4,224,2188,2189,13,implies
4,225,2224,2225,6,xor
4,226,3267,3268,9,not_xor
4,227,1250,1251,0,zero
4,228,1774,1775,10,not_b
4,229,3754,3755,10,not_b
4,230,3306,3307,1,and
4,231,2892,2893,12,not_a
4,232,2584,2585,5,b
4,233,1463,1464,12,not_a
4,234,2000,2001,12,not_a
4,235,253,254,3,a
4,236,2984,2985,10,not_b
4,237,2216,2217,13,implies
4,238,1781,1782,7,or
4,239,1090,1091,6,xor
4,240,3940,3941,6,xor
4,241,1694,1695,9,not_xor
4,242,3990,3991,6,xor
4,243,2229,2230,9,not_xor
4,244,3926,3927,12,not_a
4,245,771,772,12,not_a
4,246,3380,3381,6,xor
4,247,2933,2934,5,b
4,248,2376,2377,3,a
4,249,502,503,1,and
4,250,2603,2604,10,not_b
4,251,1097,1098,3,a
4,252,1740,1741,10,not_b
4,253,2242,2243,6,xor
4,254,313,314,8,not_or
4,255,2247,2248,11,implied_by
4,256,2680,2681,12,not_a
4,257,2827,2828,6,xor
4,258,2465,2466,2,not_implies
4,259,1379,1380,6,xor
4,260,1965,1966,5,b
4,261,934,935,3,a
4,262,491,492,12,not_a
4,263,2011,2012,14,not_and
4,264,1160,1161,1,and
4,265,2252,2253,13,implies
4,266,2520,2521,10,not_b
4,267,3643,3644,9,not_xor
4,268,356,357,3,a
4,269,1533,1534,6,xor
4,270,620,621,6,xor
4,271,3314,3315,14,not_and
4,272,2033,2034,12,not_a
4,273,2857,2858,6,xor
4,274,1395,1396,10,not_b
4,275,3771,3772,12,not_a
4,276,2207,2208,13,implies
4,277,687,688,10,not_b
4,278,1875,1876,9,not_xor
4,279,2215,2216,5,b
4,280,398,399,8,not_or
4,281,3783,3784,6,xor
4,282,1671,1672,10,not_b
4,283,307,308,9,not_xor
4,284,2785,2786,9,not_xor
4,285,3081,3082,7,or
4,286,215,216,6,xor
4,287,1430,1431,5,b
4,288,3042,3043,6,xor
4,289,489,490,9,not_xor
4,290,467,468,9,not_xor
4,291,1635,1636,6,xor
4,292,2700,2701,1,and
4,293,3473,3474,3,a
4,294,1156,1157,14,not_and
4,295,1322,1323,5,b
4,296,66,67,15,one
4,297,2791,2792,14,not_and
4,298,3022,3023,9,not_xor
4,299,2733,2734,6,xor
4,300,2037,2038,5,b
4,301,3355,3356,2,not_implies
4,302,3334,3335,1,and
4,303,905,906,10,not_b
4,304,1638,1639,5,b
4,305,1868,1869,6,xor
4,306,1534,1535,6,xor
4,307,2075,2076,9,not_xor
4,308,0,2,12,not_a
4,309,2322,2323,9,not_xor
4,310,2397,2398,12,not_a
4,311,186,187,6,xor
4,312,2935,2936,5,b
4,313,1593,1594,6,xor
4,314,371,372,9,not_xor
4,315,1706,1707,10,not_b
4,316,500,501,12,not_a
4,317,2677,2678,5,b
4,318,2716,2717,10,not_b
4,319,2232,2233,9,not_xor
4,320,3358,3359,9,not_xor
4,321,3650,3651,10,not_b
4,322,2493,2494,9,not_xor
4,323,1865,1866,9,not_xor
4,324,1084,1085,12,not_a
4,325,30,31,12,not_a
4,326,1202,1203,9,not_xor
4,327,761,762,9,not_xor
4,328,11,12,6,xor
4,329,3084,3085,10,not_b
4,330,1021,1022,9,not_xor
4,331,2254,2255,4,not_implied_by
4,332,3514,3515,9,not_xor
4,333,2998,2999,5,b
4,334,2653,2654,4,not_implied_by
4,335,2756,2757,4,not_implied_by
4,336,51,52,11,implied_by
4,337,3569,3570,9,not_xor
4,338,3798,3799,12,not_a
4,339,2164,2165,12,not_a
4,340,1525,1526,6,xor
4,341,3738,3739,1,and
4,342,2089,2090,12,not_a
4,343,1161,1162,6,xor
4,344,2378,2379,9,not_xor
4,345,2155,2156,2,not_implies
4,346,3635,3636,10,not_b
4,347,169,170,12,not_a
4,348,1724,1725,9,not_xor
4,349,1894,1895,6,xor
4,350,1386,1387,5,b
4,351,1673,1674,10,not_b
4,352,2113,2114,6,xor
4,353,1614,1615,10,not_b
4,354,1562,1563,5,b
4,355,1645,1646,1,and
4,356,1053,1054,10,not_b
4,357,787,788,5,b
4,358,5,6,12,not_a
4,359,1173,1174,12,not_a
4,360,3228,3229,11,implied_by
4,361,1898,1899,10,not_b
4,362,873,874,12,not_a
4,363,2221,2222,0,zero
4,364,3091,3092,10,not_b
4,365,2364,2365,9,not_xor
4,366,3316,3317,6,xor
4,367,2551,2552,12,not_a
4,368,3056,3057,5,b
4,369,1718,1719,1,and
4,370,1491,1492,9,not_xor
4,371,3318,3319,9,not_xor
4,372,244,245,5,b
4,373,163,164,9,not_xor
4,374,1828,1829,2,not_implies
4,375,2904,2905,5,b
4,376,744,745,6,xor
4,377,2964,2965,10,not_b
4,378,1145,1146,3,a
4,379,1480,1481,10,not_b
4,380,1241,1242,10,not_b
4,381,994,995,6,xor
4,382,1352,1353,8,not_or
4,383,650,651,5,b
4,384,3910,3911,5,b
4,385,414,415,9,not_xor
4,386,723,724,6,xor
4,387,1217,1218,3,a
4,388,2505,2506,12,not_a
4,389,382,383,10,not_b
4,390,716,717,12,not_a
4,391,3938,3939,3,a
4,392,1615,1616,2,not_implies
4,393,2977,2978,6,xor
4,394,930,931,12,not_a
4,395,1699,1700,10,not_b
4,396,424,425,9,not_xor
4,397,336,337,3,a
4,398,3659,3660,5,b
4,399,446,447,12,not_a
4,400,3632,3633,5,b
4,401,864,865,11,implied_by
4,402,3412,3413,14,not_and
4,403,1095,1096,5,b
4,404,537,538,10,not_b
4,405,521,522,12,not_a
4,406,2974,2975,4,not_implied_by
4,407,3044,3045,6,xor
4,408,1869,1870,12,not_a
4,409,3082,3083,5,b
4,410,126,127,3,a
4,411,2894,2895,3,a
4,412,1632,1633,1,and
4,413,71,72,3,a
4,414,774,775,9,not_xor
4,415,2015,2016,9,not_xor
4,416,2021,2022,12,not_a
4,417,941,942,12,not_a
4,418,1294,1295,7,or
4,419,686,687,5,b
4,420,3172,3173,11,implied_by
4,421,3513,3514,12,not_a
4,422,602,603,10,not_b
4,423,178,179,5,b
4,424,1027,1028,11,implied_by
4,425,944,945,13,implies
4,426,1680,1681,8,not_or
4,427,2110,2111,6,xor
4,428,1505,1506,6,xor
4,429,2678,2679,8,not_or
4,430,112,113,9,not_xor
4,431,2663,2664,12,not_a
4,432,3043,3044,12,not_a
4,433,2859,2860,10,not_b
4,434,846,847,10,not_b
4,435,3173,3174,6,xor
4,436,3166,3167,3,a
4,437,3517,3518,1,and
4,438,2616,2617,9,not_xor
4,439,1883,1884,5,b
4,440,2345,2346,9,not_xor
4,441,3657,3658,1,and
4,442,1203,1204,3,a
4,443,1830,1831,12,not_a
4,444,2518,2519,3,a
4,445,2891,2892,7,or
4,446,1402,1403,9,not_xor
4,447,825,826,11,implied_by
4,448,2560,2561,12,not_a
4,449,3982,3983,3,a
4,450,3901,3902,10,not_b
4,451,2720,2721,3,a
4,452,2930,2931,5,b
4,453,437,438,9,not_xor
4,454,1062,1063,2,not_implies
4,455,3639,3640,6,xor
4,456,41,42,6,xor
4,457,1527,1528,13,implies
4,458,429,430,15,one
4,459,3747,3748,9,not_xor
4,460,815,816,8,not_or
4,461,2534,2535,9,not_xor
4,462,207,208,13,implies
4,463,2867,2868,12,not_a
4,464,3285,3286,12,not_a
4,465,311,312,13,implies
4,466,3129,3130,12,not_a
4,467,0,1,10,not_b
4,468,2446,2447,6,xor
4,469,1959,1960,9,not_xor
4,470,1769,1770,3,a
4,471,2852,2853,13,implies
4,472,151,152,5,b
4,473,288,289,9,not_xor
4,474,508,509,6,xor
4,475,1762,1763,10,not_b
4,476,1855,1856,10,not_b
4,477,3395,3396,3,a
4,478,1302,1303,6,xor
4,479,3130,3131,12,not_a
4,480,2003,2004,12,not_a
4,481,2383,2384,12,not_a
4,482,2747,2748,1,and
4,483,103,104,9,not_xor
4,484,218,219,3,a
4,485,3298,3299,5,b
4,486,1382,1383,10,not_b
4,487,1518,1519,11,implied_by
4,488,81,82,12,not_a
4,489,2271,2272,1,and
4,490,2774,2775,5,b
4,491,2316,2317,14,not_and
4,492,1400,1401,3,a
4,493,1282,1283,6,xor
4,494,836,837,6,xor
4,495,3929,3930,5,b
4,496,2986,2987,12,not_a
4,497,3636,3637,5,b
4,498,1344,1345,3,a
4,499,1656,1657,10,not_b
4,500,3655,3656,9,not_xor
4,501,3649,3650,3,a
4,502,1148,1149,1,and
4,503,3177,3178,4,not_implied_by
4,504,2174,2175,5,b
4,505,287,288,4,not_implied_by
4,506,2359,2360,9,not_xor
4,507,2796,2797,9,not_xor
4,508,2809,2810,13,implies
4,509,982,983,4,not_implied_by
4,510,1303,1304,5,b
4,511,1262,1263,5,b
4,512,2139,2140,12,not_a
4,513,2553,2554,3,a
4,514,3793,3794,3,a
4,515,2212,2213,5,b
4,516,1168,1169,6,xor
4,517,2214,2215,3,a
4,518,2118,2119,9,not_xor
4,519,435,436,13,implies
4,520,1107,1108,2,not_implies
4,521,124,125,4,not_implied_by
4,522,2627,2628,8,not_or
4,523,2866,2867,14,not_and
4,524,1609,1610,5,b
4,525,3070,3071,14,not_and
4,526,70,71,5,b
4,527,1573,1574,10,not_b
4,528,3710,3711,12,not_a
4,529,2143,2144,12,not_a
4,530,2664,2665,11,implied_by
4,531,3244,3245,12,not_a
4,532,2989,2990,10,not_b
4,533,1324,1325,1,and
4,534,2192,2193,9,not_xor
4,535,3348,3349,5,b
4,536,3859,3860,1,and
4,537,1678,1679,12,not_a
4,538,2301,2302,3,a
4,539,2391,2392,9,not_xor
4,540,3165,3166,5,b
4,541,3595,3596,14,not_and
4,542,3490,3491,3,a
4,543,1582,1583,5,b
4,544,278,279,5,b
4,545,3087,3088,8,not_or
4,546,954,955,2,not_implies
4,547,814,815,6,xor
4,548,1163,1164,12,not_a
4,549,1089,1090,6,xor
4,550,518,519,10,not_b
4,551,3563,3564,11,implied_by
4,552,3597,3598,5,b
4,553,3810,3811,2,not_implies
4,554,2860,2861,3,a
4,555,3658,3659,6,xor
4,556,1679,1680,10,not_b
4,557,1388,1389,12,not_a
4,558,3425,3426,9,not_xor
4,559,31,32,3,a
4,560,2903,2904,12,not_a
4,561,1800,1801,14,not_and
4,562,1249,1250,5,b
4,563,1528,1529,10,not_b
4,564,3934,3935,6,xor
4,565,2749,2750,10,not_b
4,566,2017,2018,4,not_implied_by
4,567,2509,2510,6,xor
4,568,933,934,6,xor
4,569,305,306,9,not_xor
4,570,137,138,5,b
4,571,285,286,5,b
4,572,794,795,4,not_implied_by
4,573,1964,1965,12,not_a
4,574,3347,3348,10,not_b
4,575,1637,1638,8,not_or
4,576,46,47,10,not_b
4,577,833,834,3,a
4,578,3273,3274,9,not_xor
4,579,656,657,6,xor
4,580,3625,3626,14,not_and
4,581,525,526,13,implies
4,582,1576,1577,6,xor
4,583,881,882,6,xor
4,584,2423,2424,14,not_and
4,585,2195,2196,8,not_or
4,586,2881,2882,12,not_a
4,587,1035,1036,12,not_a
4,588,3606,3607,5,b
4,589,2828,2829,12,not_a
4,590,2554,2555,3,a
4,591,3471,3472,6,xor
4,592,1102,1103,6,xor
4,593,2862,2863,3,a
4,594,2388,2389,3,a
4,595,759,760,10,not_b
4,596,2800,2801,5,b
4,597,180,181,12,not_a
4,598,1279,1280,11,implied_by
4,599,3433,3434,10,not_b
4,600,3623,3624,6,xor
4,601,3245,3246,3,a
4,602,3645,3646,5,b
4,603,3878,3879,10,not_b
4,604,3141,3142,10,not_b
4,605,348,349,9,not_xor
4,606,2410,2411,10,not_b
4,607,246,247,6,xor
4,608,3459,3460,1,and
4,609,2665,2666,5,b
4,610,474,475,5,b
4,611,2290,2291,3,a
4,612,3571,3572,14,not_and
4,613,494,495,1,and
4,614,2357,2358,3,a
4,615,3666,3667,12,not_a
4,616,3799,3800,9,not_xor
4,617,1218,1219,12,not_a
4,618,3369,3370,2,not_implies
4,619,1882,1883,3,a
4,620,3109,3110,6,xor
4,621,406,407,5,b
4,622,1485,1486,1,and
4,623,2775,2776,1,and
4,624,2187,2188,10,not_b
4,625,2145,2146,6,xor
4,626,3010,3011,11,implied_by
4,627,3619,3620,9,not_xor
4,628,401,402,6,xor
4,629,655,656,6,xor
4,630,3420,3421,13,implies
4,631,1312,1313,3,a
4,632,1383,1384,5,b
4,633,3598,3599,10,not_b
4,634,407,408,6,xor
4,635,1074,1075,3,a
4,636,666,667,8,not_or
4,637,1271,1272,12,not_a
4,638,1580,1581,10,not_b
4,639,231,232,12,not_a
4,640,195,196,9,not_xor
4,641,795,796,10,not_b
4,642,1219,1220,12,not_a
4,643,578,579,3,a
4,644,264,265,9,not_xor
4,645,2764,2765,14,not_and
4,646,3964,3965,6,xor
4,647,775,776,5,b
4,648,913,914,4,not_implied_by
4,649,798,799,6,xor
4,650,1821,1822,4,not_implied_by
4,651,778,779,10,not_b
4,652,2799,2800,9,not_xor
4,653,2721,2722,12,not_a
4,654,823,824,13,implies
4,655,181,182,6,xor
4,656,3142,3143,12,not_a
4,657,3012,3013,10,not_b
4,658,506,507,7,or
4,659,1970,1971,7,or
4,660,2226,2227,3,a
4,661,1329,1330,5,b
4,662,1019,1020,12,not_a
4,663,3209,3210,12,not_a
4,664,3752,3753,11,implied_by
4,665,2614,2615,0,zero
4,666,2201,2202,11,implied_by
4,667,3854,3855,6,xor
4,668,1129,1130,9,not_xor
4,669,2007,2008,5,b
4,670,513,514,12,not_a
4,671,3337,3338,6,xor
4,672,2130,2131,6,xor
4,673,2450,2451,5,b
4,674,727,728,12,not_a
4,675,3840,3841,10,not_b
4,676,2275,2276,1,and
4,677,3610,3611,6,xor
4,678,3937,3938,6,xor
4,679,420,421,10,not_b
4,680,961,962,3,a
4,681,2198,2199,13,implies
4,682,2414,2415,7,or
4,683,3681,3682,5,b
4,684,3378,3379,11,implied_by
4,685,2582,2583,4,not_implied_by
4,686,155,156,12,not_a
4,687,2179,2180,12,not_a
4,688,1045,1046,7,or
4,689,872,873,5,b
4,690,2128,2129,8,not_or
4,691,488,489,9,not_xor
4,692,3546,3547,5,b
4,693,3386,3387,6,xor
4,694,999,1000,3,a
4,695,367,368,10,not_b
4,696,1118,1119,2,not_implies
4,697,3688,3689,5,b
4,698,3757,3758,10,not_b
4,699,3816,3817,15,one
4,700,102,103,3,a
4,701,1498,1499,1,and
4,702,2920,2921,1,and
4,703,2137,2138,12,not_a
4,704,3309,3310,14,not_and
4,705,125,126,5,b
4,706,1179,1180,3,a
4,707,1193,1194,6,xor
4,708,1728,1729,5,b
4,709,3518,3519,10,not_b
4,710,684,685,5,b
4,711,2606,2607,12,not_a
4,712,2237,2238,6,xor
4,713,1365,1366,2,not_implies
4,714,2806,2807,5,b
4,715,2255,2256,10,not_b
4,716,3133,3134,13,implies
4,717,1308,1309,6,xor
4,718,1844,1845,12,not_a
4,719,1850,1851,12,not_a
4,720,1486,1487,3,a
4,721,3329,3330,5,b
4,722,2390,2391,9,not_xor
4,723,2308,2309,11,implied_by
4,724,667,668,6,xor
4,725,728,729,11,implied_by
4,726,263,264,10,not_b
4,727,1001,1002,6,xor
4,728,27,28,9,not_xor
4,729,3116,3117,12,not_a
4,730,2313,2314,8,not_or
4,731,2073,2074,12,not_a
4,732,2455,2456,12,not_a
4,733,3499,3500,3,a
4,734,738,739,5,b
4,735,462,463,5,b
4,736,2307,2308,8,not_or
4,737,3721,3722,7,or
4,738,3580,3581,4,not_implied_by
4,739,3801,3802,12,not_a
4,740,2057,2058,6,xor
4,741,1292,1293,13,implies
4,742,2081,2082,12,not_a
4,743,631,632,5,b
4,744,3001,3002,9,not_xor
4,745,763,764,5,b
4,746,1094,1095,10,not_b
4,747,1741,1742,3,a
4,748,1556,1557,10,not_b
4,749,2875,2876,7,or
4,750,776,777,11,implied_by
4,751,2153,2154,12,not_a
4,752,292,293,12,not_a
4,753,3908,3909,13,implies
4,754,784,785,9,not_xor
4,755,3004,3005,12,not_a
4,756,1628,1629,12,not_a
4,757,3032,3033,2,not_implies
4,758,260,261,0,zero
4,759,762,763,6,xor
4,760,2134,2135,3,a
4,761,3565,3566,5,b
4,762,3506,3507,9,not_xor
4,763,158,159,5,b
4,764,1584,1585,6,xor
4,765,1198,1199,3,a
4,766,3189,3190,10,not_b
4,767,2705,2706,4,not_implied_by
4,768,188,189,8,not_or
4,769,2352,2353,3,a
4,770,2142,2143,10,not_b
4,771,2353,2354,10,not_b
4,772,2160,2161,12,not_a
4,773,1010,1011,6,xor
4,774,211,212,12,not_a
4,775,3522,3523,10,not_b
4,776,2338,2339,5,b
4,777,2923,2924,10,not_b
4,778,906,907,9,not_xor
4,779,330,331,6,xor
4,780,3820,3821,9,not_xor
4,781,2993,2994,12,not_a
4,782,3455,3456,8,not_or
4,783,1691,1692,7,or
4,784,2341,2342,9,not_xor
4,785,108,109,6,xor
4,786,1685,1686,3,a
4,787,1860,1861,12,not_a
4,788,1475,1476,10,not_b
4,789,2858,2859,12,not_a
4,790,396,397,12,not_a
4,791,3097,3098,4,not_implied_by
4,792,430,431,11,implied_by
4,793,1824,1825,2,not_implies
4,794,1086,1087,3,a
4,795,520,521,2,not_implies
4,796,3023,3024,5,b
4,797,920,921,5,b
4,798,2204,2205,9,not_xor
4,799,3064,3065,10,not_b
4,800,1634,1635,3,a
4,801,383,384,8,not_or
4,802,2907,2908,4,not_implied_by
4,803,3180,3181,10,not_b
4,804,2638,2639,5,b
4,805,3680,3681,7,or
4,806,460,461,3,a
4,807,1207,1208,12,not_a
4,808,2050,2051,6,xor
4,809,564,565,5,b
4,810,605,606,9,not_xor
4,811,154,155,1,and
4,812,1289,1290,5,b
4,813,2558,2559,9,not_xor
4,814,2609,2610,10,not_b
4,815,1813,1814,3,a
4,816,1907,1908,2,not_implies
4,817,931,932,14,not_and
4,818,3198,3199,9,not_xor
4,819,1439,1440,12,not_a
4,820,3913,3914,9,not_xor
4,821,1773,1774,12,not_a
4,822,1753,1754,12,not_a
4,823,751,752,6,xor
4,824,1026,1027,9,not_xor
4,825,3047,3048,8,not_or
4,826,3959,3960,3,a
4,827,243,244,10,not_b
4,828,1327,1328,5,b
4,829,2886,2887,9,not_xor
4,830,3575,3576,4,not_implied_by
4,831,3540,3541,10,not_b
4,832,3951,3952,7,or
4,833,476,477,10,not_b
4,834,3898,3899,4,not_implied_by
4,835,1547,1548,12,not_a
4,836,2196,2197,8,not_or
4,837,2492,2493,13,implies
4,838,3552,3553,9,not_xor
4,839,2610,2611,1,and
4,840,2940,2941,6,xor
4,841,3871,3872,12,not_a
4,842,2540,2541,8,not_or
4,843,2222,2223,12,not_a
4,844,1042,1043,3,a
4,845,3853,3854,3,a
4,846,2181,2182,14,not_and
4,847,810,811,10,not_b
4,848,3254,3255,1,and
4,849,2500,2501,5,b
4,850,3381,3382,9,not_xor
4,851,3223,3224,13,implies
4,852,105,106,5,b
4,853,696,697,9,not_xor
4,854,3622,3623,3,a
4,855,710,711,10,not_b
4,856,1832,1833,4,not_implied_by
4,857,3324,3325,10,not_b
4,858,644,645,7,or
4,859,3120,3121,5,b
4,860,326,327,9,not_xor
4,861,2931,2932,3,a
4,862,2934,2935,9,not_xor
4,863,3584,3585,6,xor
4,864,2092,2093,6,xor
4,865,3743,3744,9,not_xor
4,866,1601,1602,6,xor
4,867,1743,1744,8,not_or
4,868,2732,2733,2,not_implies
4,869,3735,3736,6,xor
4,870,2482,2483,11,implied_by
4,871,310,311,5,b
4,872,2170,2171,6,xor
4,873,1996,1997,11,implied_by
4,874,1508,1509,2,not_implies
4,875,1686,1687,6,xor
4,876,3983,3984,12,not_a
4,877,2737,2738,13,implies
4,878,2524,2525,7,or
4,879,2966,2967,3,a
4,880,3187,3188,9,not_xor
4,881,1621,1622,5,b
4,882,1665,1666,6,xor
4,883,2635,2636,11,implied_by
4,884,3271,3272,9,not_xor
4,885,1504,1505,3,a
4,886,1589,1590,4,not_implied_by
4,887,1596,1597,9,not_xor
4,888,1328,1329,1,and
4,889,3388,3389,12,not_a
4,890,3210,3211,5,b
4,891,2120,2121,3,a
4,892,3407,3408,6,xor
4,893,569,570,12,not_a
4,894,3027,3028,9,not_xor
4,895,2742,2743,2,not_implies
4,896,1624,1625,12,not_a
4,897,3818,3819,9,not_xor
4,898,2719,2720,2,not_implies
4,899,185,186,6,xor
4,900,3147,3148,9,not_xor
4,901,3677,3678,5,b
4,902,65,66,10,not_b
4,903,3353,3354,6,xor
4,904,2662,2663,2,not_implies
4,905,1551,1552,12,not_a
4,906,2266,2267,12,not_a
4,907,299,300,6,xor
4,908,1030,1031,12,not_a
4,909,2605,2606,9,not_xor
4,910,312,313,11,implied_by
4,911,426,427,1,and
4,912,1477,1478,13,implies
4,913,3239,3240,2,not_implies
4,914,1078,1079,5,b
4,915,3362,3363,3,a
4,916,3795,3796,12,not_a
4,917,665,666,3,a
4,918,3350,3351,12,not_a
4,919,2701,2702,1,and
4,920,1177,1178,13,implies
4,921,995,996,6,xor
4,922,3158,3159,12,not_a
4,923,2044,2045,5,b
4,924,1585,1586,12,not_a
4,925,1047,1048,9,not_xor
4,926,1990,1991,7,or
4,927,1661,1662,10,not_b
4,928,142,143,12,not_a
4,929,1867,1868,3,a
4,930,2256,2257,6,xor
4,931,320,321,14,not_and
4,932,3927,3928,3,a
4,933,3218,3219,9,not_xor
4,934,1642,1643,9,not_xor
4,935,1936,1937,13,implies
4,936,1482,1483,10,not_b
4,937,858,859,6,xor
4,938,1440,1441,5,b
4,939,3803,3804,6,xor
4,940,3112,3113,5,b
4,941,2013,2014,6,xor
4,942,2327,2328,13,implies
4,943,1559,1560,12,not_a
4,944,2136,2137,13,implies
4,945,1776,1777,8,not_or
4,946,2178,2179,13,implies
4,947,3495,3496,9,not_xor
4,948,1281,1282,6,xor
4,949,376,377,2,not_implies
4,950,1650,1651,10,not_b
4,951,2,3,2,not_implies
4,952,1549,1550,9,not_xor
4,953,1088,1089,15,one
4,954,2758,2759,6,xor
4,955,497,498,4,not_implied_by
4,956,153,154,3,a
4,957,1649,1650,9,not_xor
4,958,3413,3414,9,not_xor
4,959,2489,2490,4,not_implied_by
4,960,2291,2292,7,or
4,961,149,150,1,and
4,962,1748,1749,3,a
4,963,781,782,3,a
4,964,1229,1230,1,and
4,965,477,478,8,not_or
4,966,302,303,4,not_implied_by
4,967,2817,2818,8,not_or
4,968,1560,1561,12,not_a
4,969,1723,1724,9,not_xor
4,970,986,987,1,and
4,971,1904,1905,12,not_a
4,972,1181,1182,10,not_b
4,973,2022,2023,14,not_and
4,974,703,704,4,not_implied_by
4,975,2443,2444,3,a
4,976,2952,2953,5,b
4,977,1514,1515,10,not_b
4,978,3227,3228,10,not_b
4,979,2825,2826,6,xor
4,980,3038,3039,6,xor
4,981,2654,2655,12,not_a
4,982,1002,1003,4,not_implied_by
4,983,2619,2620,8,not_or
4,984,303,304,15,one
4,985,335,336,1,and
4,986,1417,1418,9,not_xor
4,987,817,818,6,xor
4,988,2736,2737,10,not_b
4,989,3072,3073,11,implied_by
4,990,2065,2066,8,not_or
4,991,3533,3534,3,a
4,992,1169,1170,2,not_implies
4,993,2344,2345,9,not_xor
4,994,1187,1188,6,xor
4,995,3502,3503,10,not_b
4,996,2699,2700,5,b
4,997,2953,2954,11,implied_by
4,998,3826,3827,3,a
4,999,1877,1878,7,or
4,1000,3617,3618,9,not_xor
4,1001,99,100,5,b
4,1002,1215,1216,13,implies
4,1003,1974,1975,13,implies
4,1004,3469,3470,13,implies
4,1005,1674,1675,12,not_a
4,1006,2270,2271,5,b
4,1007,2240,2241,6,xor
4,1008,490,491,12,not_a
4,1009,3113,3114,3,a
4,1010,1778,1779,9,not_xor
4,1011,2908,2909,12,not_a
4,1012,2906,2907,10,not_b
4,1013,3035,3036,10,not_b
4,1014,2244,2245,11,implied_by
4,1015,2853,2854,5,b
4,1016,3451,3452,3,a
4,1017,1630,1631,9,not_xor
4,1018,2947,2948,2,not_implies
4,1019,1348,1349,7,or
4,1020,3014,3015,13,implies
4,1021,1024,1025,12,not_a
4,1022,539,540,6,xor
4,1023,1590,1591,4,not_implied_by
4,1024,425,426,4,not_implied_by
4,1025,2135,2136,9,not_xor
4,1026,3045,3046,2,not_implies
4,1027,3567,3568,10,not_b
4,1028,608,609,10,not_b
4,1029,1872,1873,10,not_b
4,1030,3031,3032,6,xor
4,1031,1647,1648,10,not_b
4,1032,72,73,3,a
4,1033,3366,3367,9,not_xor
4,1034,2864,2865,6,xor
4,1035,1572,1573,7,or
4,1036,2147,2148,9,not_xor
4,1037,2055,2056,10,not_b
4,1038,2992,2993,9,not_xor
4,1039,1884,1885,9,not_xor
4,1040,1119,1120,12,not_a
4,1041,965,966,4,not_implied_by
4,1042,1711,1712,3,a
4,1043,58,59,3,a
4,1044,2937,2938,5,b
4,1045,3138,3139,3,a
4,1046,470,471,9,not_xor
4,1047,1110,1111,6,xor
4,1048,1755,1756,9,not_xor
4,1049,3973,3974,3,a
4,1050,1335,1336,4,not_implied_by
4,1051,3421,3422,9,not_xor
4,1052,582,583,13,implies
4,1053,3995,3996,9,not_xor
4,1054,3740,3741,9,not_xor
4,1055,2386,2387,6,xor
4,1056,1452,1453,9,not_xor
4,1057,3867,3868,5,b
4,1058,3663,3664,14,not_and
4,1059,1834,1835,14,not_and
4,1060,996,997,3,a
4,1061,2913,2914,14,not_and
4,1062,2262,2263,9,not_xor
4,1063,333,334,6,xor
4,1064,1446,1447,8,not_or
4,1065,2804,2805,11,implied_by
4,1066,2265,2266,9,not_xor
4,1067,3794,3795,9,not_xor
4,1068,2429,2430,9,not_xor
4,1069,2360,2361,2,not_implies
4,1070,213,214,10,not_b
4,1071,593,594,9,not_xor
4,1072,1232,1233,10,not_b
4,1073,546,547,9,not_xor
4,1074,2598,2599,7,or
4,1075,1583,1584,6,xor
4,1076,2379,2380,2,not_implies
4,1077,1453,1454,6,xor
4,1078,2872,2873,3,a
4,1079,1133,1134,5,b
4,1080,2954,2955,14,not_and
4,1081,1199,1200,7,or
4,1082,2355,2356,3,a
4,1083,2248,2249,1,and
4,1084,2464,2465,6,xor
4,1085,133,134,13,implies
4,1086,3876,3877,6,xor
4,1087,179,180,12,not_a
4,1088,2995,2996,12,not_a
4,1089,2428,2429,3,a
4,1090,123,124,10,not_b
4,1091,3941,3942,10,not_b
4,1092,1073,1074,13,implies
4,1093,724,725,4,not_implied_by
4,1094,202,203,9,not_xor
4,1095,2735,2736,3,a
4,1096,84,85,8,not_or
4,1097,3080,3081,6,xor
4,1098,2056,2057,6,xor
4,1099,1542,1543,6,xor
4,1100,615,616,9,not_xor
4,1101,3739,3740,14,not_and
4,1102,1714,1715,5,b
4,1103,2105,2106,11,implied_by
4,1104,1029,1030,14,not_and
4,1105,860,861,12,not_a
4,1106,2199,2200,0,zero
4,1107,1403,1404,9,not_xor
4,1108,1719,1720,6,xor
4,1109,2659,2660,9,not_xor
4,1110,3331,3332,10,not_b
4,1111,1767,1768,1,and
4,1112,3648,3649,6,xor
4,1113,1858,1859,10,not_b
4,1114,177,178,3,a
4,1115,1434,1435,6,xor
4,1116,1134,1135,5,b
4,1117,1057,1058,3,a
4,1118,754,755,13,implies
4,1119,170,171,3,a
4,1120,110,111,10,not_b
4,1121,2515,2516,6,xor
4,1122,1426,1427,9,not_xor
4,1123,2374,2375,14,not_and
4,1124,2845,2846,13,implies
4,1125,2811,2812,6,xor
4,1126,74,75,12,not_a
4,1127,951,952,5,b
4,1128,548,549,3,a
4,1129,733,734,9,not_xor
4,1130,1780,1781,14,not_and
4,1131,2693,2694,4,not_implied_by
4,1132,1052,1053,4,not_implied_by
4,1133,3106,3107,10,not_b
4,1134,3419,3420,6,xor
4,1135,571,572,10,not_b
4,1136,3651,3652,3,a
4,1137,2020,2021,9,not_xor
4,1138,850,851,6,xor
4,1139,2833,2834,13,implies
4,1140,56,57,10,not_b
4,1141,3352,3353,12,not_a
4,1142,2901,2902,9,not_xor
4,1143,3686,3687,9,not_xor
4,1144,2911,2912,13,implies
4,1145,1532,1533,11,implied_by
4,1146,3646,3647,12,not_a
4,1147,400,401,10,not_b
4,1148,2491,2492,8,not_or
4,1149,2527,2528,13,implies
4,1150,3011,3012,9,not_xor
4,1151,2963,2964,5,b
4,1152,237,238,3,a
4,1153,670,671,5,b
4,1154,1888,1889,13,implies
4,1155,3007,3008,3,a
4,1156,1976,1977,12,not_a
4,1157,707,708,5,b
4,1158,1746,1747,3,a
4,1159,2280,2281,12,not_a
4,1160,499,500,14,not_and
4,1161,2191,2192,11,implied_by
4,1162,2613,2614,9,not_xor
4,1163,2269,2270,6,xor
4,1164,2885,2886,6,xor
4,1165,1311,1312,10,not_b
4,1166,1660,1661,12,not_a
4,1167,2038,2039,9,not_xor
4,1168,227,228,14,not_and
4,1169,3018,3019,9,not_xor
4,1170,1040,1041,10,not_b
4,1171,475,476,3,a
4,1172,1007,1008,3,a
4,1173,2321,2322,5,b
4,1174,3656,3657,14,not_and
4,1175,3920,3921,5,b
4,1176,236,237,15,one
4,1177,1944,1945,10,not_b
4,1178,973,974,12,not_a
4,1179,83,84,10,not_b
4,1180,1158,1159,9,not_xor
4,1181,1448,1449,13,implies
4,1182,2673,2674,12,not_a
4,1183,2497,2498,6,xor
4,1184,1871,1872,10,not_b
4,1185,1098,1099,1,and
4,1186,366,367,5,b
4,1187,3621,3622,12,not_a
4,1188,2220,2221,5,b
4,1189,2599,2600,5,b
4,1190,3615,3616,6,xor
4,1191,1554,1555,12,not_a
4,1192,2010,2011,11,implied_by
4,1193,1811,1812,10,not_b
4,1194,1588,1589,9,not_xor
4,1195,981,982,12,not_a
4,1196,2404,2405,10,not_b
4,1197,472,473,13,implies
4,1198,2331,2332,9,not_xor
4,1199,2161,2162,12,not_a
4,1200,2945,2946,12,not_a
4,1201,3931,3932,3,a
4,1202,2595,2596,5,b
4,1203,3808,3809,10,not_b
4,1204,1136,1137,10,not_b
4,1205,381,382,12,not_a
4,1206,2279,2280,3,a
4,1207,3489,3490,9,not_xor
4,1208,3653,3654,6,xor
4,1209,715,716,12,not_a
4,1210,1761,1762,9,not_xor
4,1211,1032,1033,9,not_xor
4,1212,3997,3998,12,not_a
4,1213,277,278,6,xor
4,1214,3111,3112,10,not_b
4,1215,3998,3999,12,not_a
4,1216,2958,2959,3,a
4,1217,256,257,7,or
4,1218,2173,2174,5,b
4,1219,3344,3345,6,xor
4,1220,1721,1722,9,not_xor
4,1221,2107,2108,3,a
4,1222,2314,2315,4,not_implied_by
4,1223,2696,2697,12,not_a
4,1224,3538,3539,9,not_xor
4,1225,88,89,7,or
4,1226,2893,2894,10,not_b
4,1227,1891,1892,6,xor
4,1228,2346,2347,7,or
4,1229,2751,2752,5,b
4,1230,156,157,5,b
4,1231,1407,1408,5,b
4,1232,1046,1047,12,not_a
4,1233,2725,2726,7,or
4,1234,2169,2170,9,not_xor
4,1235,2396,2397,2,not_implies
4,1236,1924,1925,3,a
4,1237,2116,2117,9,not_xor
4,1238,2821,2822,10,not_b
4,1239,217,218,13,implies
4,1240,2099,2100,5,b
4,1241,1842,1843,11,implied_by
4,1242,2225,2226,5,b
4,1243,2078,2079,10,not_b
4,1244,3668,3669,12,not_a
4,1245,2657,2658,10,not_b
4,1246,1503,1504,3,a
4,1247,648,649,6,xor
4,1248,1270,1271,4,not_implied_by
4,1249,688,689,5,b
4,1250,1115,1116,2,not_implies
4,1251,2750,2751,9,not_xor
4,1252,898,899,9,not_xor
4,1253,1288,1289,10,not_b
4,1254,2424,2425,15,one
4,1255,135,136,10,not_b
4,1256,1341,1342,3,a
4,1257,3670,3671,12,not_a
4,1258,3269,3270,10,not_b
4,1259,2918,2919,9,not_xor
4,1260,3391,3392,6,xor
4,1261,2219,2220,9,not_xor
4,1262,363,364,6,xor
4,1263,201,202,6,xor
4,1264,2149,2150,4,not_implied_by
4,1265,2563,2564,7,or
4,1266,2981,2982,9,not_xor
4,1267,936,937,1,and
4,1268,408,409,10,not_b
4,1269,147,148,6,xor
4,1270,1300,1301,5,b
4,1271,863,864,9,not_xor
4,1272,3766,3767,8,not_or
4,1273,3749,3750,3,a
4,1274,2111,2112,9,not_xor
4,1275,3277,3278,10,not_b
4,1276,3483,3484,5,b
4,1277,2241,2242,6,xor
4,1278,1537,1538,3,a
4,1279,2123,2124,1,and
4,1280,1866,1867,10,not_b
4,1281,2932,2933,11,implied_by
4,1282,1451,1452,12,not_a
4,1283,157,158,3,a
4,1284,575,576,13,implies
4,1285,2230,2231,5,b
4,1286,2807,2808,4,not_implied_by
4,1287,1253,1254,3,a
4,1288,2276,2277,10,not_b
4,1289,1950,1951,6,xor
4,1290,1284,1285,5,b
4,1291,1260,1261,3,a
4,1292,2539,2540,9,not_xor
4,1293,57,58,8,not_or
4,1294,2744,2745,3,a
4,1295,900,901,5,b
4,1296,372,373,6,xor
4,1297,1623,1624,0,zero
4,1298,2788,2789,4,not_implied_by
4,1299,165,166,12,not_a
4,1300,3711,3712,10,not_b
4,1301,556,557,3,a
4,1302,2148,2149,9,not_xor
4,1303,925,926,9,not_xor
4,1304,353,354,3,a
4,1305,1947,1948,3,a
4,1306,1890,1891,15,one
4,1307,718,719,9,not_xor
4,1308,3698,3699,7,or
4,1309,2643,2644,4,not_implied_by
4,1310,1928,1929,13,implies
4,1311,977,978,4,not_implied_by
4,1312,2711,2712,6,xor
4,1313,3888,3889,12,not_a
4,1314,3624,3625,2,not_implies
4,1315,3849,3850,4,not_implied_by
4,1316,3815,3816,10,not_b
4,1317,3975,3976,9,not_xor
4,1318,1968,1969,11,implied_by
4,1319,2550,2551,6,xor
4,1320,1500,1501,12,not_a
4,1321,3779,3780,7,or
4,1322,3202,3203,11,implied_by
4,1323,2095,2096,14,not_and
4,1324,267,268,6,xor
4,1325,3601,3602,1,and
4,1326,3669,3670,14,not_and
4,1327,932,933,3,a
4,1328,2406,2407,12,not_a
4,1329,1987,1988,10,not_b
4,1330,3039,3040,2,not_implies
4,1331,1243,1244,3,a
4,1332,2592,2593,9,not_xor
4,1333,3357,3358,9,not_xor
4,1334,355,356,14,not_and
4,1335,2839,2840,6,xor
4,1336,114,115,13,implies
4,1337,1138,1139,8,not_or
4,1338,2709,2710,8,not_or
4,1339,3118,3119,12,not_a
4,1340,3224,3225,7,or
4,1341,3830,3831,9,not_xor
4,1342,2154,2155,8,not_or
4,1343,2090,2091,11,implied_by
4,1344,3862,3863,10,not_b
4,1345,1342,1343,11,implied_by
4,1346,852,853,7,or
4,1347,3409,3410,8,not_or
4,1348,1363,1364,6,xor
4,1349,2112,2113,14,not_and
4,1350,86,87,1,and
4,1351,899,900,9,not_xor
4,1352,624,625,6,xor
4,1353,3093,3094,13,implies
4,1354,3303,3304,6,xor
4,1355,1952,1953,9,not_xor
4,1356,749,750,9,not_xor
4,1357,839,840,3,a
4,1358,563,564,2,not_implies
4,1359,3436,3437,5,b
4,1360,1184,1185,2,not_implies
4,1361,3923,3924,3,a
4,1362,2034,2035,6,xor
4,1363,1785,1786,5,b
4,1364,2019,2020,13,implies
4,1365,1368,1369,7,or
4,1366,2463,2464,12,not_a
4,1367,389,390,6,xor
4,1368,2529,2530,5,b
4,1369,1595,1596,11,implied_by
4,1370,3432,3433,9,not_xor
4,1371,1421,1422,6,xor
4,1372,324,325,10,not_b
4,1373,1063,1064,5,b
4,1374,3242,3243,10,not_b
4,1375,2088,2089,7,or
4,1376,33,34,6,xor
4,1377,53,54,9,not_xor
4,1378,2163,2164,6,xor
4,1379,2786,2787,10,not_b
4,1380,3393,3394,4,not_implied_by
4,1381,2041,2042,9,not_xor
4,1382,1376,1377,7,or
4,1383,3051,3052,3,a
4,1384,3880,3881,14,not_and
4,1385,1039,1040,12,not_a
4,1386,347,348,7,or
4,1387,1127,1128,12,not_a
4,1388,3312,3313,8,not_or
4,1389,457,458,9,not_xor
4,1390,2267,2268,9,not_xor
4,1391,3948,3949,6,xor
4,1392,3536,3537,5,b
4,1393,3262,3263,13,implies
4,1394,3642,3643,12,not_a
4,1395,1305,1306,11,implied_by
4,1396,885,886,9,not_xor
4,1397,3537,3538,9,not_xor
4,1398,109,110,5,b
4,1399,3345,3346,10,not_b
4,1400,2836,2837,10,not_b
4,1401,3936,3937,11,implied_by
4,1402,1702,1703,3,a
4,1403,675,676,9,not_xor
4,1404,1310,1311,1,and
4,1405,3930,3931,5,b
4,1406,3719,3720,9,not_xor
4,1407,1167,1168,5,b
4,1408,2484,2485,9,not_xor
4,1409,482,483,7,or
4,1410,766,767,5,b
4,1411,606,607,4,not_implied_by
4,1412,3128,3129,6,xor
4,1413,2765,2766,5,b
4,1414,204,205,10,not_b
4,1415,3828,3829,5,b
4,1416,3804,3805,1,and
4,1417,3354,3355,5,b
4,1418,1465,1466,5,b
4,1419,3806,3807,2,not_implies
4,1420,2708,2709,9,not_xor
4,1421,3616,3617,2,not_implies
4,1422,34,35,3,a
4,1423,432,433,1,and
4,1424,2761,2762,9,not_xor
4,1425,3602,3603,6,xor
4,1426,13,14,6,xor
4,1427,869,870,12,not_a
4,1428,1387,1388,2,not_implies
4,1429,3482,3483,9,not_xor
4,1430,2770,2771,8,not_or
4,1431,1427,1428,12,not_a
4,1432,3143,3144,6,xor
4,1433,701,702,9,not_xor
4,1434,975,976,2,not_implies
4,1435,89,90,6,xor
4,1436,3843,3844,8,not_or
4,1437,3981,3982,6,xor
4,1438,979,980,6,xor
4,1439,3067,3068,3,a
4,1440,391,392,5,b
4,1441,613,614,3,a
4,1442,3294,3295,6,xor
4,1443,1881,1882,11,implied_by
4,1444,1814,1815,7,or
4,1445,2531,2532,3,a
4,1446,1362,1363,9,not_xor
4,1447,609,610,11,implied_by
4,1448,633,634,6,xor
4,1449,3000,3001,3,a
4,1450,1953,1954,9,not_xor
4,1451,1018,1019,6,xor
4,1452,3591,3592,6,xor
4,1453,2820,2821,5,b
4,1454,555,556,9,not_xor
4,1455,3672,3673,9,not_xor
4,1456,2938,2939,2,not_implies
4,1457,3123,3124,12,not_a
4,1458,1612,1613,12,not_a
4,1459,2649,2650,10,not_b
4,1460,1104,1105,6,xor
4,1461,2842,2843,11,implied_by
4,1462,760,761,12,not_a
4,1463,1197,1198,10,not_b
4,1464,918,919,6,xor
4,1465,2507,2508,2,not_implies
4,1466,573,574,12,not_a
4,1467,1272,1273,8,not_or
4,1468,3304,3305,6,xor
4,1469,45,46,14,not_and
4,1470,883,884,9,not_xor
4,1471,3817,3818,7,or
4,1472,851,852,1,and
4,1473,212,213,12,not_a
4,1474,1810,1811,9,not_xor
4,1475,2417,2418,14,not_and
4,1476,3052,3053,13,implies
4,1477,3544,3545,6,xor
4,1478,1137,1138,13,implies
4,1479,2523,2524,7,or
4,1480,1966,1967,10,not_b
4,1481,2965,2966,9,not_xor
4,1482,2968,2969,2,not_implies
4,1483,2593,2594,9,not_xor
4,1484,1985,1986,12,not_a
4,1485,1820,1821,6,xor
4,1486,3466,3467,5,b
4,1487,144,145,2,not_implies
4,1488,447,448,6,xor
4,1489,2621,2622,1,and
4,1490,1481,1482,9,not_xor
4,1491,3439,3440,5,b
4,1492,2183,2184,6,xor
4,1493,820,821,5,b
4,1494,2347,2348,4,not_implied_by
4,1495,1194,1195,9,not_xor
4,1496,1681,1682,10,not_b
4,1497,2176,2177,3,a
4,1498,2506,2507,2,not_implies
4,1499,835,836,11,implied_by
4,1500,3101,3102,10,not_b
4,1501,782,783,8,not_or
4,1502,663,664,9,not_xor
4,1503,2830,2831,5,b
4,1504,592,593,9,not_xor
4,1505,536,537,3,a
4,1506,1414,1415,14,not_and
4,1507,473,474,6,xor
4,1508,2683,2684,9,not_xor
4,1509,3053,3054,5,b
4,1510,1428,1429,12,not_a
4,1511,2637,2638,7,or
4,1512,2175,2176,7,or
4,1513,942,943,6,xor
4,1514,3785,3786,8,not_or
4,1515,1172,1173,9,not_xor
4,1516,3512,3513,5,b
4,1517,93,94,11,implied_by
4,1518,1597,1598,8,not_or
4,1519,3701,3702,13,implies
4,1520,104,105,3,a
4,1521,3487,3488,5,b
4,1522,691,692,3,a
4,1523,616,617,6,xor
4,1524,1625,1626,3,a
4,1525,988,989,4,not_implied_by
4,1526,1720,1721,13,implies
4,1527,3845,3846,9,not_xor
4,1528,1255,1256,5,b
4,1529,3214,3215,6,xor
4,1530,1337,1338,6,xor
4,1531,26,27,6,xor
4,1532,1822,1823,6,xor
4,1533,708,709,9,not_xor
4,1534,2810,2811,7,or
4,1535,2925,2926,10,not_b
4,1536,940,941,10,not_b
4,1537,3987,3988,6,xor
4,1538,1005,1006,12,not_a
4,1539,2697,2698,6,xor
4,1540,2991,2992,6,xor
4,1541,2395,2396,3,a
4,1542,562,563,11,implied_by
4,1543,1208,1209,10,not_b
4,1544,967,968,12,not_a
4,1545,957,958,12,not_a
4,1546,2706,2707,1,and
4,1547,2580,2581,5,b
4,1548,816,817,9,not_xor
4,1549,529,530,5,b
4,1550,252,253,3,a
4,1551,492,493,9,not_xor
4,1552,3272,3273,11,implied_by
4,1553,3021,3022,4,not_implied_by
4,1554,455,456,6,xor
4,1555,1056,1057,5,b
4,1556,3470,3471,7,or
4,1557,2512,2513,6,xor
4,1558,2293,2294,9,not_xor
4,1559,422,423,12,not_a
4,1560,1712,1713,10,not_b
4,1561,2746,2747,1,and
4,1562,699,700,9,not_xor
4,1563,214,215,6,xor
4,1564,2702,2703,6,xor
4,1565,2532,2533,9,not_xor
4,1566,2588,2589,10,not_b
4,1567,2213,2214,10,not_b
4,1568,2384,2385,12,not_a
4,1569,329,330,10,not_b
4,1570,2238,2239,9,not_xor
4,1571,22,23,8,not_or
4,1572,3122,3123,10,not_b
4,1573,3630,3631,9,not_xor
4,1574,3519,3520,7,or
4,1575,461,462,3,a
4,1576,1826,1827,11,implied_by
4,1577,1926,1927,8,not_or
4,1578,280,281,14,not_and
4,1579,3560,3561,10,not_b
4,1580,2630,2631,4,not_implied_by
4,1581,1070,1071,9,not_xor
4,1582,3349,3350,14,not_and
4,1583,3822,3823,12,not_a
4,1584,3902,3903,9,not_xor
4,1585,791,792,4,not_implied_by
4,1586,2162,2163,6,xor
4,1587,3971,3972,8,not_or
4,1588,3400,3401,11,implied_by
4,1589,141,142,1,and
4,1590,350,351,4,not_implied_by
4,1591,3637,3638,3,a
4,1592,2328,2329,12,not_a
4,1593,250,251,10,not_b
4,1594,1318,1319,9,not_xor
4,1595,3556,3557,8,not_or
4,1596,466,467,5,b
4,1597,702,703,4,not_implied_by
4,1598,419,420,6,xor
4,1599,1006,1007,10,not_b
4,1600,669,670,6,xor
4,1601,1943,1944,3,a
4,1602,1880,1881,7,or
4,1603,1469,1470,12,not_a
4,1604,980,981,10,not_b
4,1605,819,820,5,b
4,1606,73,74,6,xor
4,1607,3274,3275,2,not_implies
4,1608,456,457,3,a
4,1609,10,11,6,xor
4,1610,1157,1158,9,not_xor
4,1611,2943,2944,5,b
4,1612,1622,1623,8,not_or
4,1613,2372,2373,2,not_implies
4,1614,1901,1902,5,b
4,1615,3960,3961,10,not_b
4,1616,2602,2603,4,not_implied_by
4,1617,3151,3152,10,not_b
4,1618,1760,1761,6,xor
4,1619,3532,3533,12,not_a
4,1620,889,890,12,not_a
4,1621,436,437,10,not_b
4,1622,1268,1269,9,not_xor
4,1623,2594,2595,6,xor
4,1624,2734,2735,9,not_xor
4,1625,3700,3701,12,not_a
4,1626,259,260,5,b
4,1627,2772,2773,12,not_a
4,1628,2915,2916,14,not_and
4,1629,2006,2007,7,or
4,1630,862,863,9,not_xor
4,1631,3449,3450,11,implied_by
4,1632,12,13,13,implies
4,1633,2315,2316,11,implied_by
4,1634,2777,2778,11,implied_by
4,1635,1154,1155,10,not_b
4,1636,1083,1084,12,not_a
4,1637,3442,3443,10,not_b
4,1638,1351,1352,10,not_b
4,1639,1887,1888,9,not_xor
4,1640,1921,1922,6,xor
4,1641,1077,1078,9,not_xor
4,1642,694,695,2,not_implies
4,1643,318,319,12,not_a
4,1644,1603,1604,10,not_b
4,1645,3869,3870,6,xor
4,1646,2910,2911,11,implied_by
4,1647,2072,2073,6,xor
4,1648,1736,1737,12,not_a
4,1649,2645,2646,12,not_a
4,1650,678,679,9,not_xor
4,1651,1543,1544,9,not_xor
4,1652,2942,2943,10,not_b
4,1653,417,418,6,xor
4,1654,2868,2869,12,not_a
4,1655,139,140,5,b
4,1656,390,391,14,not_and
4,1657,2832,2833,4,not_implied_by
4,1658,3342,3343,12,not_a
4,1659,3520,3521,10,not_b
4,1660,926,927,8,not_or
4,1661,3558,3559,9,not_xor
4,1662,380,381,10,not_b
4,1663,845,846,3,a
4,1664,3339,3340,12,not_a
4,1665,793,794,11,implied_by
4,1666,266,267,12,not_a
4,1667,3361,3362,6,xor
4,1668,3416,3417,13,implies
4,1669,1494,1495,1,and
4,1670,1175,1176,6,xor
4,1671,960,961,11,implied_by
4,1672,346,347,1,and
4,1673,915,916,2,not_implies
4,1674,3713,3714,5,b
4,1675,3953,3954,12,not_a
4,1676,1117,1118,9,not_xor
4,1677,2335,2336,3,a
4,1678,1245,1246,4,not_implied_by
4,1679,397,398,12,not_a
4,1680,327,328,4,not_implied_by
4,1681,3185,3186,7,or
4,1682,3510,3511,5,b
4,1683,3863,3864,2,not_implies
4,1684,3059,3060,6,xor
4,1685,182,183,14,not_and
4,1686,903,904,6,xor
4,1687,3479,3480,15,one
4,1688,1764,1765,6,xor
4,1689,829,830,12,not_a
4,1690,801,802,10,not_b
4,1691,1594,1595,4,not_implied_by
4,1692,2713,2714,14,not_and
4,1693,734,735,5,b
4,1694,2005,2006,13,implies
4,1695,2971,2972,3,a
4,1696,2126,2127,10,not_b
4,1697,306,307,5,b
4,1698,3175,3176,13,implies
4,1699,949,950,6,xor
4,1700,3564,3565,12,not_a
4,1701,1789,1790,9,not_xor
4,1702,2217,2218,2,not_implies
4,1703,223,224,1,and
4,1704,628,629,6,xor
4,1705,742,743,6,xor
4,1706,1713,1714,4,not_implied_by
4,1707,3117,3118,13,implies
4,1708,2326,2327,10,not_b
4,1709,830,831,5,b
4,1710,3734,3735,13,implies
4,1711,1223,1224,10,not_b
4,1712,3099,3100,12,not_a
4,1713,677,678,7,or
4,1714,1041,1042,9,not_xor
4,1715,3387,3388,12,not_a
4,1716,2366,2367,8,not_or
4,1717,1059,1060,6,xor
4,1718,3414,3415,3,a
4,1719,283,284,3,a
4,1720,693,694,6,xor
4,1721,1981,1982,9,not_xor
4,1722,48,49,5,b
4,1723,3925,3926,6,xor
4,1724,1093,1094,13,implies
4,1725,2782,2783,4,not_implied_by
4,1726,1852,1853,9,not_xor
4,1727,938,939,9,not_xor
4,1728,2808,2809,6,xor
4,1729,3475,3476,8,not_or
4,1730,3430,3431,9,not_xor
4,1731,164,165,5,b
4,1732,2748,2749,6,xor
4,1733,767,768,11,implied_by
4,1734,2046,2047,12,not_a
4,1735,14,15,8,not_or
4,1736,1619,1620,14,not_and
4,1737,2545,2546,9,not_xor
4,1738,1230,1231,10,not_b
4,1739,1043,1044,7,or
4,1740,3866,3867,10,not_b
4,1741,2231,2232,2,not_implies
4,1742,271,272,14,not_and
4,1743,3110,3111,5,b
4,1744,1738,1739,3,a
4,1745,2475,2476,12,not_a
4,1746,1962,1963,7,or
4,1747,1065,1066,9,not_xor
4,1748,3443,3444,5,b
4,1749,524,525,6,xor
4,1750,395,396,10,not_b
4,1751,2792,2793,14,not_and
4,1752,1408,1409,5,b
4,1753,2581,2582,9,not_xor
4,1754,2363,2364,10,not_b
4,1755,803,804,9,not_xor
4,1756,3094,3095,6,xor
4,1757,2816,2817,9,not_xor
4,1758,1766,1767,14,not_and
4,1759,1878,1879,3,a
4,1760,2556,2557,6,xor
4,1761,3775,3776,8,not_or
4,1762,3398,3399,5,b
4,1763,3611,3612,6,xor
4,1764,535,536,3,a
4,1765,2476,2477,12,not_a
4,1766,296,297,5,b
4,1767,3377,3378,12,not_a
4,1768,880,881,3,a
4,1769,2152,2153,9,not_xor
4,1770,2317,2318,5,b
4,1771,2236,2237,5,b
4,1772,3308,3309,9,not_xor
4,1773,1750,1751,10,not_b
4,1774,1124,1125,5,b
4,1775,2288,2289,8,not_or
4,1776,2320,2321,12,not_a
4,1777,2819,2820,6,xor
4,1778,2590,2591,14,not_and
4,1779,3694,3695,5,b
4,1780,2094,2095,7,or
4,1781,1669,1670,9,not_xor
4,1782,3882,3883,5,b
4,1783,1325,1326,12,not_a
4,1784,2668,2669,2,not_implies
4,1785,1973,1974,12,not_a
4,1786,291,292,8,not_or
4,1787,2305,2306,9,not_xor
4,1788,706,707,8,not_or
4,1789,2182,2183,11,implied_by
4,1790,2703,2704,12,not_a
4,1791,908,909,2,not_implies
4,1792,945,946,3,a
4,1793,1231,1232,9,not_xor
4,1794,3477,3478,10,not_b
4,1795,90,91,9,not_xor
4,1796,2841,2842,12,not_a
4,1797,2962,2963,15,one
4,1798,3505,3506,1,and
4,1799,1125,1126,15,one
4,1800,2451,2452,3,a
4,1801,98,99,3,a
4,1802,3086,3087,9,not_xor
4,1803,3058,3059,6,xor
4,1804,1600,1601,10,not_b
4,1805,2186,2187,11,implied_by
4,1806,1355,1356,9,not_xor
4,1807,1526,1527,12,not_a
4,1808,1652,1653,14,not_and
4,1809,530,531,10,not_b
4,1810,3310,3311,3,a
4,1811,471,472,11,implied_by
4,1812,2407,2408,5,b
4,1813,758,759,3,a
4,1814,1135,1136,3,a
4,1815,1795,1796,5,b
4,1816,2064,2065,10,not_b
4,1817,2694,2695,5,b
4,1818,3842,3843,9,not_xor
4,1819,1343,1344,3,a
4,1820,1511,1512,5,b
4,1821,3065,3066,12,not_a
4,1822,884,885,5,b
4,1823,393,394,14,not_and
4,1824,206,207,9,not_xor
4,1825,3561,3562,9,not_xor
4,1826,3429,3430,10,not_b
4,1827,1415,1416,9,not_xor
4,1828,3935,3936,3,a
4,1829,1397,1398,0,zero
4,1830,1749,1750,10,not_b
4,1831,341,342,1,and
4,1832,1438,1439,2,not_implies
4,1833,1839,1840,9,not_xor
4,1834,1200,1201,12,not_a
4,1835,2457,2458,10,not_b
4,1836,198,199,5,b
4,1837,2032,2033,8,not_or
4,1838,2296,2297,9,not_xor
4,1839,1707,1708,8,not_or
4,1840,412,413,9,not_xor
4,1841,987,988,2,not_implies
4,1842,989,990,0,zero
4,1843,512,513,5,b
4,1844,40,41,12,not_a
4,1845,1997,1998,1,and
4,1846,1113,1114,9,not_xor
4,1847,3182,3183,13,implies
4,1848,314,315,6,xor
4,1849,209,210,14,not_and
4,1850,587,588,12,not_a
4,1851,2641,2642,9,not_xor
4,1852,1372,1373,4,not_implied_by
4,1853,2243,2244,9,not_xor
4,1854,1373,1374,9,not_xor
4,1855,2685,2686,9,not_xor
4,1856,3422,3423,6,xor
4,1857,770,771,9,not_xor
4,1858,1374,1375,3,a
4,1859,3200,3201,9,not_xor
4,1860,598,599,12,not_a
4,1861,2210,2211,5,b
4,1862,3079,3080,0,zero
4,1863,23,24,3,a
4,1864,3992,3993,3,a
4,1865,3450,3451,4,not_implied_by
4,1866,2579,2580,3,a
4,1867,2607,2608,10,not_b
4,1868,1784,1785,10,not_b
4,1869,1912,1913,5,b
4,1870,660,661,6,xor
4,1871,1360,1361,12,not_a
4,1872,3140,3141,10,not_b
4,1873,3188,3189,10,not_b
4,1874,3478,3479,9,not_xor
4,1875,1825,1826,3,a
4,1876,3054,3055,12,not_a
4,1877,3311,3312,5,b
4,1878,2726,2727,3,a
4,1879,464,465,13,implies
4,1880,3906,3907,11,implied_by
4,1881,3028,3029,3,a
4,1882,545,546,10,not_b
4,1883,3193,3194,12,not_a
4,1884,3875,3876,6,xor
4,1885,647,648,7,or
4,1886,2456,2457,7,or
4,1887,890,891,3,a
4,1888,143,144,12,not_a
4,1889,1369,1370,10,not_b
4,1890,828,829,13,implies
4,1891,1100,1101,1,and
4,1892,3805,3806,1,and
4,1893,2012,2013,8,not_or
4,1894,705,706,9,not_xor
4,1895,3944,3945,8,not_or
4,1896,970,971,3,a
4,1897,2039,2040,15,one
4,1898,857,858,11,implied_by
4,1899,2578,2579,7,or
4,1900,2368,2369,6,xor
4,1901,764,765,15,one
4,1902,894,895,10,not_b
4,1903,2286,2287,4,not_implied_by
4,1904,591,592,12,not_a
4,1905,2575,2576,10,not_b
4,1906,1432,1433,3,a
4,1907,1829,1830,1,and
4,1908,1233,1234,1,and
4,1909,1248,1249,6,xor
4,1910,1687,1688,13,implies
4,1911,2544,2545,2,not_implies
4,1912,636,637,3,a
4,1913,384,385,15,one
4,1914,3372,3373,3,a
4,1915,1998,1999,9,not_xor
4,1916,755,756,9,not_xor
4,1917,2494,2495,10,not_b
4,1918,2040,2041,4,not_implied_by
4,1919,570,571,9,not_xor
4,1920,1349,1350,3,a
4,1921,3631,3632,6,xor
4,1922,3548,3549,7,or
4,1923,2115,2116,12,not_a
4,1924,590,591,6,xor
4,1925,1817,1818,12,not_a
4,1926,3194,3195,4,not_implied_by
4,1927,2571,2572,13,implies
4,1928,1246,1247,6,xor
4,1929,134,135,15,one
4,1930,340,341,3,a
4,1931,1751,1752,10,not_b
4,1932,2646,2647,6,xor
4,1933,325,326,2,not_implies
4,1934,3494,3495,9,not_xor
4,1935,704,705,3,a
4,1936,1758,1759,11,implied_by
4,1937,3295,3296,4,not_implied_by
4,1938,75,76,6,xor
4,1939,357,358,3,a
4,1940,1064,1065,9,not_xor
4,1941,876,877,3,a
4,1942,1989,1990,12,not_a
4,1943,1130,1131,8,not_or
4,1944,3703,3704,10,not_b
4,1945,3543,3544,6,xor
4,1946,3019,3020,14,not_and
4,1947,1025,1026,6,xor
4,1948,2306,2307,6,xor
4,1949,1022,1023,5,b
4,1950,2674,2675,2,not_implies
4,1951,3838,3839,10,not_b
4,1952,339,340,4,not_implied_by
4,1953,3243,3244,9,not_xor
4,1954,668,669,6,xor
4,1955,2741,2742,9,not_xor
4,1956,2177,2178,10,not_b
4,1957,943,944,9,not_xor
4,1958,1239,1240,8,not_or
4,1959,1501,1502,3,a
4,1960,337,338,3,a
4,1961,1517,1518,2,not_implies
4,1962,493,494,6,xor
4,1963,3644,3645,14,not_and
4,1964,132,133,14,not_and
4,1965,797,798,5,b
4,1966,3802,3803,14,not_and
4,1967,2419,2420,5,b
4,1968,3150,3151,13,implies
4,1969,2086,2087,12,not_a
4,1970,1605,1606,1,and
4,1971,1938,1939,7,or
4,1972,2889,2890,10,not_b
4,1973,1804,1805,6,xor
4,1974,2458,2459,9,not_xor
4,1975,2421,2422,1,and
4,1976,2481,2482,14,not_and
4,1977,3760,3761,5,b
4,1978,1754,1755,13,implies
4,1979,1913,1914,5,b
4,1980,1178,1179,3,a
4,1981,625,626,9,not_xor
4,1982,1196,1197,6,xor
4,1983,3399,3400,9,not_xor
4,1984,3401,3402,9,not_xor
4,1985,394,395,10,not_b
4,1986,1744,1745,6,xor
4,1987,1000,1001,12,not_a
4,1988,1608,1609,6,xor
4,1989,2905,2906,11,implied_by
4,1990,2190,2191,8,not_or
4,1991,3585,3586,7,or
4,1992,748,749,3,a
4,1993,3137,3138,10,not_b
4,1994,1550,1551,3,a
4,1995,1037,1038,5,b
4,1996,2686,2687,9,not_xor
4,1997,813,814,5,b
4,1998,1132,1133,14,not_and
4,1999,588,589,10,not_b
4,2000,2951,2952,6,xor
4,2001,700,701,6,xor
4,2002,1081,1082,9,not_xor
4,2003,298,299,9,not_xor
4,2004,964,965,5,b
4,2005,175,176,12,not_a
4,2006,827,828,9,not_xor
4,2007,3015,3016,8,not_or
4,2008,1909,1910,2,not_implies
4,2009,111,112,10,not_b
4,2010,1961,1962,10,not_b
4,2011,3034,3035,13,implies
4,2012,3144,3145,5,b
4,2013,1705,1706,3,a
4,2014,1283,1284,1,and
4,2015,1116,1117,10,not_b
4,2016,1171,1172,10,not_b
4,2017,268,269,6,xor
4,2018,1380,1381,4,not_implied_by
4,2019,1837,1838,9,not_xor
4,2020,2929,2930,13,implies
4,2021,626,627,6,xor
4,2022,319,320,5,b
4,2023,431,432,3,a
4,2024,1406,1407,10,not_b
4,2025,3833,3834,3,a
4,2026,3127,3128,6,xor
4,2027,3024,3025,4,not_implied_by
4,2028,1851,1852,4,not_implied_by
4,2029,3534,3535,4,not_implied_by
4,2030,1307,1308,5,b
4,2031,595,596,13,implies
4,2032,1390,1391,6,xor
4,2033,3108,3109,9,not_xor
4,2034,635,636,4,not_implied_by
4,2035,1442,1443,5,b
4,2036,3096,3097,10,not_b
4,2037,1592,1593,10,not_b
4,2038,351,352,12,not_a
4,2039,240,241,9,not_xor
4,2040,484,485,2,not_implies
4,2041,3991,3992,3,a
4,2042,3707,3708,9,not_xor
4,2043,3268,3269,5,b
4,2044,1011,1012,9,not_xor
4,2045,874,875,8,not_or
4,2046,3541,3542,2,not_implies
4,2047,574,575,1,and
4,2048,257,258,9,not_xor
4,2049,234,235,12,not_a
4,2050,3212,3213,2,not_implies
4,2051,1696,1697,10,not_b
4,2052,3327,3328,10,not_b
4,2053,2440,2441,10,not_b
4,2054,1569,1570,3,a
4,2055,1189,1190,12,not_a
4,2056,1646,1647,6,xor
4,2057,238,239,1,and
4,2058,3860,3861,6,xor
4,2059,3884,3885,9,not_xor
4,2060,712,713,13,implies
4,2061,248,249,13,implies
4,2062,1274,1275,6,xor
4,2063,3856,3857,6,xor
4,2064,1422,1423,15,one
4,2065,1941,1942,9,not_xor
4,2066,1849,1850,1,and
4,2067,1126,1127,1,and
4,2068,861,862,3,a
4,2069,3590,3591,14,not_and
4,2070,2117,2118,3,a
4,2071,772,773,9,not_xor
4,2072,20,21,5,b
4,2073,1930,1931,10,not_b
4,2074,3947,3948,10,not_b
4,2075,3384,3385,9,not_xor
4,2076,3484,3485,12,not_a
4,2077,2234,2235,12,not_a
4,2078,1653,1654,3,a
4,2079,1783,1784,2,not_implies
4,2080,404,405,10,not_b
4,2081,3712,3713,1,and
4,2082,3006,3007,3,a
4,2083,2620,2621,4,not_implied_by
4,2084,1690,1691,11,implied_by
4,2085,2928,2929,9,not_xor
4,2086,854,855,12,not_a
4,2087,3476,3477,6,xor
4,2088,722,723,3,a
4,2089,2206,2207,1,and
4,2090,2422,2423,8,not_or
4,2091,2427,2428,10,not_b
4,2092,1657,1658,3,a
4,2093,974,975,12,not_a
4,2094,2838,2839,10,not_b
4,2095,1745,1746,12,not_a
4,2096,309,310,9,not_xor
4,2097,3717,3718,1,and
4,2098,2640,2641,9,not_xor
4,2099,2625,2626,10,not_b
4,2100,552,553,3,a
4,2101,875,876,8,not_or
4,2102,3315,3316,12,not_a
4,2103,1470,1471,13,implies
4,2104,171,172,12,not_a
4,2105,2969,2970,6,xor
4,2106,1862,1863,12,not_a
4,2107,2813,2814,9,not_xor
4,2108,3125,3126,13,implies
4,2109,3394,3395,12,not_a
4,2110,68,69,14,not_and
4,2111,3751,3752,9,not_xor
4,2112,1771,1772,9,not_xor
4,2113,3287,3288,10,not_b
4,2114,746,747,5,b
4,2115,28,29,10,not_b
4,2116,1747,1748,5,b
4,2117,3338,3339,6,xor
4,2118,3095,3096,4,not_implied_by
4,2119,2469,2470,2,not_implies
4,2120,859,860,3,a
4,2121,2433,2434,10,not_b
4,2122,1371,1372,14,not_and
4,2123,3162,3163,3,a
4,2124,3894,3895,13,implies
4,2125,2727,2728,3,a
4,2126,308,309,2,not_implies
4,2127,2656,2657,8,not_or
4,2128,2824,2825,6,xor
4,2129,2312,2313,9,not_xor
4,2130,304,305,3,a
4,2131,3213,3214,12,not_a
4,2132,3328,3329,12,not_a
4,2133,2425,2426,9,not_xor
4,2134,692,693,6,xor
4,2135,2870,2871,3,a
4,2136,2568,2569,4,not_implied_by
4,2137,3722,3723,10,not_b
4,2138,79,80,6,xor
4,2139,388,389,1,and
4,2140,3154,3155,12,not_a
4,2141,3174,3175,12,not_a
4,2142,831,832,5,b
4,2143,966,967,5,b
4,2144,611,612,8,not_or
4,2145,1075,1076,9,not_xor
4,2146,1180,1181,3,a
4,2147,802,803,6,xor
4,2148,2436,2437,0,zero
4,2149,2926,2927,2,not_implies
4,2150,2801,2802,10,not_b
4,2151,3784,3785,3,a
4,2152,792,793,12,not_a
4,2153,510,511,10,not_b
4,2154,721,722,5,b
4,2155,1141,1142,10,not_b
4,2156,2714,2715,12,not_a
4,2157,1809,1810,10,not_b
4,2158,1411,1412,6,xor
4,2159,3071,3072,6,xor
4,2160,1920,1921,5,b
4,2161,1578,1579,2,not_implies
4,2162,1121,1122,5,b
4,2163,717,718,12,not_a
4,2164,3003,3004,3,a
4,2165,2802,2803,4,not_implied_by
4,2166,1897,1898,10,not_b
4,2167,1610,1611,5,b
4,2168,2438,2439,1,and
4,2169,3105,3106,3,a
4,2170,2583,2584,4,not_implied_by
4,2171,3664,3665,12,not_a
4,2172,349,350,8,not_or
4,2173,1257,1258,6,xor
4,2174,295,296,4,not_implied_by
4,2175,985,986,5,b
4,2176,658,659,9,not_xor
4,2177,9,10,7,or
4,2178,2850,2851,3,a
4,2179,541,542,9,not_xor
4,2180,1566,1567,12,not_a
4,2181,3873,3874,12,not_a
4,2182,3786,3787,11,implied_by
4,2183,2392,2393,12,not_a
4,2184,91,92,5,b
4,2185,1717,1718,9,not_xor
4,2186,2983,2984,4,not_implied_by
4,2187,2878,2879,6,xor
4,2188,2071,2072,10,not_b
4,2189,1170,1171,3,a
4,2190,1266,1267,11,implied_by
4,2191,3392,3393,9,not_xor
4,2192,1306,1307,3,a
4,2193,1459,1460,12,not_a
4,2194,3570,3571,9,not_xor
4,2195,3907,3908,12,not_a
4,2196,2922,2923,10,not_b
4,2197,3768,3769,9,not_xor
4,2198,1893,1894,7,or
4,2199,1895,1896,4,not_implied_by
4,2200,3787,3788,12,not_a
4,2201,174,175,3,a
4,2202,3438,3439,8,not_or
4,2203,1841,1842,6,xor
4,2204,1085,1086,3,a
4,2205,2704,2705,10,not_b
4,2206,332,333,3,a
4,2207,1330,1331,9,not_xor
4,2208,3462,3463,12,not_a
4,2209,1151,1152,1,and
4,2210,1662,1663,3,a
4,2211,2687,2688,12,not_a
4,2212,2759,2760,8,not_or
4,2213,617,618,9,not_xor
4,2214,3977,3978,7,or
4,2215,2634,2635,1,and
4,2216,3814,3815,12,not_a
4,2217,1502,1503,7,or
4,2218,1210,1211,2,not_implies
4,2219,789,790,9,not_xor
4,2220,3662,3663,12,not_a
4,2221,662,663,6,xor
4,2222,812,813,10,not_b
4,2223,3829,3830,8,not_or
4,2224,2936,2937,10,not_b
4,2225,509,510,2,not_implies
4,2226,1105,1106,6,xor
4,2227,1853,1854,8,not_or
4,2228,3825,3826,2,not_implies
4,2229,719,720,9,not_xor
4,2230,1222,1223,5,b
4,2231,1359,1360,12,not_a
4,2232,3667,3668,1,and
4,2233,3251,3252,9,not_xor
4,2234,1664,1665,12,not_a
4,2235,2184,2185,9,not_xor
4,2236,3899,3900,12,not_a
4,2237,3696,3697,5,b
4,2238,3464,3465,2,not_implies
4,2239,1153,1154,11,implied_by
4,2240,92,93,6,xor
4,2241,1840,1841,3,a
4,2242,3237,3238,4,not_implied_by
4,2243,3903,3904,9,not_xor
4,2244,3013,3014,3,a
4,2245,2299,2300,10,not_b
4,2246,679,680,1,and
4,2247,3259,3260,6,xor
4,2248,1617,1618,3,a
4,2249,3346,3347,14,not_and
4,2250,904,905,11,implied_by
4,2251,85,86,9,not_xor
4,2252,3592,3593,4,not_implied_by
4,2253,1176,1177,5,b
4,2254,3545,3546,5,b
4,2255,2912,2913,1,and
4,2256,1735,1736,8,not_or
4,2257,1739,1740,2,not_implies
4,2258,1420,1421,11,implied_by
4,2259,2002,2003,5,b
4,2260,403,404,6,xor
4,2261,3279,3280,5,b
4,2262,101,102,5,b
4,2263,55,56,4,not_implied_by
4,2264,2462,2463,9,not_xor
4,2265,866,867,12,not_a
4,2266,1777,1778,3,a
4,2267,342,343,9,not_xor
4,2268,1892,1893,3,a
4,2269,3447,3448,10,not_b
4,2270,1873,1874,13,implies
4,2271,3049,3050,8,not_or
4,2272,3417,3418,3,a
4,2273,25,26,12,not_a
4,2274,695,696,10,not_b
4,2275,745,746,14,not_and
4,2276,3654,3655,10,not_b
4,2277,1672,1673,5,b
4,2278,596,597,10,not_b
4,2279,3465,3466,12,not_a
4,2280,1483,1484,12,not_a
4,2281,958,959,12,not_a
4,2282,737,738,1,and
4,2283,2612,2613,1,and
4,2284,2122,2123,11,implied_by
4,2285,322,323,6,xor
4,2286,3157,3158,3,a
4,2287,630,631,10,not_b
4,2288,3761,3762,10,not_b
4,2289,3046,3047,3,a
4,2290,3521,3522,3,a
4,2291,2521,2522,3,a
4,2292,1935,1936,1,and
4,2293,3515,3516,10,not_b
4,2294,3217,3218,5,b
4,2295,2264,2265,5,b
4,2296,2793,2794,11,implied_by
4,2297,1069,1070,13,implies
4,2298,811,812,10,not_b
4,2299,479,480,10,not_b
4,2300,3879,3880,2,not_implies
4,2301,2874,2875,9,not_xor
4,2302,1509,1510,3,a
4,2303,61,62,6,xor
4,2304,67,68,9,not_xor
4,2305,2435,2436,10,not_b
4,2306,2536,2537,3,a
4,2307,1742,1743,8,not_or
4,2308,1570,1571,9,not_xor
4,2309,601,602,3,a
4,2310,3408,3409,2,not_implies
4,2311,1627,1628,4,not_implied_by
4,2312,2106,2107,6,xor
4,2313,743,744,6,xor
4,2314,1236,1237,12,not_a
4,2315,184,185,2,not_implies
4,2316,2051,2052,3,a
4,2317,1798,1799,5,b
4,2318,2282,2283,9,not_xor
4,2319,3029,3030,12,not_a
4,2320,997,998,11,implied_by
4,2321,106,107,10,not_b
4,2322,100,101,5,b
4,2323,2157,2158,14,not_and
4,2324,405,406,10,not_b
4,2325,3900,3901,7,or
4,2326,956,957,13,implies
4,2327,3682,3683,6,xor
4,2328,118,119,5,b
4,2329,1932,1933,6,xor
4,2330,1558,1559,5,b
4,2331,2477,2478,10,not_b
4,2332,3215,3216,12,not_a
4,2333,1633,1634,12,not_a
4,2334,3434,3435,2,not_implies
4,2335,2211,2212,3,a
4,2336,2104,2105,10,not_b
4,2337,1896,1897,3,a
4,2338,3675,3676,5,b
4,2339,1333,1334,1,and
4,2340,3557,3558,5,b
4,2341,3607,3608,12,not_a
4,2342,1902,1903,9,not_xor
4,2343,3834,3835,9,not_xor
4,2344,3191,3192,3,a
4,2345,897,898,8,not_or
4,2346,2723,2724,11,implied_by
4,2347,1908,1909,4,not_implied_by
4,2348,1313,1314,10,not_b
4,2349,2537,2538,5,b
4,2350,2615,2616,1,and
4,2351,42,43,3,a
4,2352,868,869,12,not_a
4,2353,1319,1320,5,b
4,2354,1510,1511,1,and
4,2355,2884,2885,10,not_b
4,2356,773,774,10,not_b
4,2357,2131,2132,9,not_xor
4,2358,2944,2945,10,not_b
4,2359,1340,1341,9,not_xor
4,2360,3996,3997,2,not_implies
4,2361,146,147,6,xor
4,2362,3868,3869,12,not_a
4,2363,3319,3320,4,not_implied_by
4,2364,69,70,14,not_and
4,2365,3009,3010,7,or
4,2366,483,484,4,not_implied_by
4,2367,1667,1668,12,not_a
4,2368,2753,2754,6,xor
4,2369,2975,2976,5,b
4,2370,2573,2574,9,not_xor
4,2371,2504,2505,5,b
4,2372,2151,2152,1,and
4,2373,1273,1274,3,a
4,2374,3665,3666,14,not_and
4,2375,2278,2279,3,a
4,2376,780,781,2,not_implies
4,2377,2863,2864,6,xor
4,2378,2250,2251,8,not_or
4,2379,3335,3336,10,not_b
4,2380,1111,1112,6,xor
4,2381,2642,2643,5,b
4,2382,2412,2413,8,not_or
4,2383,3954,3955,9,not_xor
4,2384,1423,1424,3,a
4,2385,360,361,8,not_or
4,2386,2666,2667,10,not_b
4,2387,505,506,1,and
4,2388,1112,1113,2,not_implies
4,2389,1994,1995,6,xor
4,2390,3965,3966,12,not_a
4,2391,2159,2160,12,not_a
4,2392,2144,2145,9,not_xor
4,2393,2292,2293,3,a
4,2394,917,918,8,not_or
4,2395,2939,2940,3,a
4,2396,3179,3180,10,not_b
4,2397,1823,1824,8,not_or
4,2398,2596,2597,14,not_and
4,2399,3807,3808,8,not_or
4,2400,3516,3517,3,a
4,2401,2200,2201,6,xor
4,2402,3440,3441,0,zero
4,2403,50,51,9,not_xor
4,2404,131,132,9,not_xor
4,2405,1490,1491,5,b
4,2406,1346,1347,9,not_xor
4,2407,2738,2739,12,not_a
4,2408,3322,3323,12,not_a
4,2409,3170,3171,6,xor
4,2410,2648,2649,6,xor
4,2411,3258,3259,12,not_a
4,2412,3737,3738,11,implied_by
4,2413,1254,1255,6,xor
4,2414,2829,2830,3,a
4,2415,1412,1413,5,b
4,2416,1298,1299,6,xor
4,2417,411,412,12,not_a
4,2418,1995,1996,5,b
4,2419,2369,2370,7,or
4,2420,1695,1696,3,a
4,2421,3411,3412,9,not_xor
4,2422,2861,2862,14,not_and
4,2423,2066,2067,3,a
4,2424,3905,3906,9,not_xor
4,2425,2166,2167,5,b
4,2426,3363,3364,7,or
4,2427,3767,3768,13,implies
4,2428,2416,2417,5,b
4,2429,1401,1402,14,not_and
4,2430,3454,3455,8,not_or
4,2431,1399,1400,10,not_b
4,2432,2468,2469,1,and
4,2433,1520,1521,12,not_a
4,2434,2924,2925,6,xor
4,2435,3178,3179,4,not_implied_by
4,2436,2079,2080,12,not_a
4,2437,1796,1797,7,or
4,2438,3261,3262,5,b
4,2439,515,516,10,not_b
4,2440,3397,3398,10,not_b
4,2441,3457,3458,14,not_and
4,2442,3797,3798,5,b
4,2443,3890,3891,6,xor
4,2444,783,784,10,not_b
4,2445,3033,3034,15,one
4,2446,2300,2301,11,implied_by
4,2447,1886,1887,5,b
4,2448,3758,3759,3,a
4,2449,2061,2062,13,implies
4,2450,741,742,10,not_b
4,2451,2285,2286,12,not_a
4,2452,1220,1221,10,not_b
4,2453,3730,3731,9,not_xor
4,2454,3286,3287,4,not_implied_by
4,2455,777,778,12,not_a
4,2456,323,324,11,implied_by
4,2457,439,440,5,b
4,2458,451,452,5,b
4,2459,2570,2571,10,not_b
4,2460,3612,3613,3,a
4,2461,1806,1807,4,not_implied_by
4,2462,1050,1051,2,not_implies
4,2463,1462,1463,14,not_and
4,2464,1727,1728,9,not_xor
4,2465,1242,1243,12,not_a
4,2466,2675,2676,9,not_xor
4,2467,2988,2989,5,b
4,2468,2119,2120,14,not_and
4,2469,189,190,7,or
4,2470,3503,3504,9,not_xor
4,2471,2956,2957,5,b
4,2472,2695,2696,3,a
4,2473,676,677,10,not_b
4,2474,1756,1757,8,not_or
4,2475,1131,1132,9,not_xor
4,2476,6,7,6,xor
4,2477,176,177,5,b
4,2478,786,787,3,a
4,2479,127,128,10,not_b
4,2480,3587,3588,12,not_a
4,2481,2949,2950,1,and
4,2482,113,114,10,not_b
4,2483,1541,1542,3,a
4,2484,914,915,9,not_xor
4,2485,3835,3836,14,not_and
4,2486,3190,3191,10,not_b
4,2487,992,993,2,not_implies
4,2488,3418,3419,10,not_b
4,2489,1185,1186,9,not_xor
4,2490,2036,2037,5,b
4,2491,2624,2625,10,not_b
4,2492,1460,1461,5,b
4,2493,2873,2874,6,xor
4,2494,3229,3230,9,not_xor
4,2495,1143,1144,5,b
4,2496,235,236,9,not_xor
4,2497,3915,3916,7,or
4,2498,3683,3684,9,not_xor
4,2499,2124,2125,9,not_xor
4,2500,2815,2816,13,implies
4,2501,1692,1693,6,xor
4,2502,3568,3569,9,not_xor
4,2503,1951,1952,6,xor
4,2504,1149,1150,10,not_b
4,2505,3582,3583,9,not_xor
4,2506,3547,3548,15,one
4,2507,486,487,9,not_xor
4,2508,1476,1477,11,implied_by
4,2509,2844,2845,5,b
4,2510,3850,3851,5,b
4,2511,161,162,11,implied_by
4,2512,3231,3232,9,not_xor
4,2513,2466,2467,9,not_xor
4,2514,597,598,10,not_b
4,2515,1096,1097,12,not_a
4,2516,3068,3069,9,not_xor
4,2517,1911,1912,9,not_xor
4,2518,1213,1214,5,b
4,2519,1441,1442,5,b
4,2520,1579,1580,8,not_or
4,2521,837,838,6,xor
4,2522,3124,3125,12,not_a
4,2523,1677,1678,13,implies
4,2524,3715,3716,9,not_xor
4,2525,2888,2889,12,not_a
4,2526,2787,2788,6,xor
4,2527,1507,1508,6,xor
4,2528,3280,3281,3,a
4,2529,3687,3688,3,a
4,2530,3746,3747,13,implies
4,2531,3196,3197,6,xor
4,2532,2517,2518,9,not_xor
4,2533,3282,3283,12,not_a
4,2534,2448,2449,12,not_a
4,2535,373,374,6,xor
4,2536,2834,2835,3,a
4,2537,2781,2782,2,not_implies
4,2538,3492,3493,1,and
4,2539,166,167,9,not_xor
4,2540,3136,3137,3,a
4,2541,3559,3560,13,implies
4,2542,1287,1288,5,b
4,2543,3100,3101,10,not_b
4,2544,1805,1806,6,xor
4,2545,2840,2841,7,or
4,2546,1375,1376,14,not_and
4,2547,2062,2063,5,b
4,2548,2298,2299,6,xor
4,2549,1252,1253,15,one
4,2550,3283,3284,12,not_a
4,2551,832,833,9,not_xor
4,2552,664,665,6,xor
4,2553,2049,2050,9,not_xor
4,2554,1188,1189,14,not_and
4,2555,553,554,6,xor
4,2556,2016,2017,9,not_xor
4,2557,1068,1069,5,b
4,2558,907,908,15,one
4,2559,576,577,13,implies
4,2560,559,560,3,a
4,2561,1793,1794,10,not_b
4,2562,1885,1886,5,b
4,2563,1120,1121,10,not_b
4,2564,3788,3789,13,implies
4,2565,3341,3342,9,not_xor
4,2566,2676,2677,7,or
4,2567,1861,1862,11,implied_by
4,2568,1986,1987,8,not_or
4,2569,2082,2083,7,or
4,2570,2914,2915,6,xor
4,2571,443,444,10,not_b
4,2572,2600,2601,3,a
4,2573,2235,2236,6,xor
4,2574,2035,2036,9,not_xor
4,2575,192,193,14,not_and
4,2576,2959,2960,9,not_xor
4,2577,1975,1976,6,xor
4,2578,269,270,6,xor
4,2579,1299,1300,12,not_a
4,2580,544,545,12,not_a
4,2581,3016,3017,5,b
4,2582,1708,1709,7,or
4,2583,317,318,2,not_implies
4,2584,730,731,12,not_a
4,2585,3955,3956,6,xor
4,2586,3249,3250,13,implies
4,2587,3919,3920,12,not_a
4,2588,122,123,12,not_a
4,2589,1955,1956,9,not_xor
4,2590,2900,2901,9,not_xor
4,2591,3220,3221,12,not_a
4,2592,1466,1467,3,a
4,2593,3351,3352,10,not_b
4,2594,3550,3551,15,one
4,2595,838,839,10,not_b
4,2596,3692,3693,8,not_or
4,2597,3431,3432,9,not_xor
4,2598,3652,3653,0,zero
4,2599,3781,3782,8,not_or
4,2600,3628,3629,10,not_b
4,2601,3952,3953,11,implied_by
4,2602,2461,2462,10,not_b
4,2603,1992,1993,3,a
4,2604,891,892,9,not_xor
4,2605,1391,1392,9,not_xor
4,2606,2245,2246,7,or
4,2607,2194,2195,6,xor
4,2608,297,298,8,not_or
4,2609,3917,3918,6,xor
4,2610,1192,1193,5,b
4,2611,1613,1614,9,not_xor
4,2612,1722,1723,6,xor
4,2613,2961,2962,0,zero
4,2614,2987,2988,12,not_a
4,2615,1587,1588,3,a
4,2616,2189,2190,2,not_implies
4,2617,3026,3027,6,xor
4,2618,216,217,12,not_a
4,2619,3472,3473,11,implied_by
4,2620,3753,3754,3,a
4,2621,1618,1619,10,not_b
4,2622,1265,1266,9,not_xor
4,2623,1123,1124,6,xor
4,2624,2631,2632,9,not_xor
4,2625,487,488,13,implies
4,2626,577,578,5,b
4,2627,690,691,14,not_and
4,2628,1993,1994,7,or
4,2629,3468,3469,10,not_b
4,2630,3836,3837,1,and
4,2631,2074,2075,3,a
4,2632,2418,2419,4,not_implied_by
4,2633,1979,1980,6,xor
4,2634,612,613,11,implied_by
4,2635,2707,2708,7,or
4,2636,3566,3567,9,not_xor
4,2637,924,925,14,not_and
4,2638,2667,2668,4,not_implied_by
4,2639,2979,2980,6,xor
4,2640,1942,1943,10,not_b
4,2641,1915,1916,2,not_implies
4,2642,2717,2718,14,not_and
4,2643,1574,1575,9,not_xor
4,2644,2324,2325,10,not_b
4,2645,3240,3241,7,or
4,2646,1845,1846,2,not_implies
4,2647,567,568,8,not_or
4,2648,2831,2832,12,not_a
4,2649,725,726,10,not_b
4,2650,1648,1649,10,not_b
4,2651,1418,1419,12,not_a
4,2652,2499,2500,12,not_a
4,2653,2059,2060,3,a
4,2654,1515,1516,12,not_a
4,2655,3576,3577,3,a
4,2656,1101,1102,9,not_xor
4,2657,2343,2344,5,b
4,2658,399,400,6,xor
4,2659,739,740,6,xor
4,2660,2548,2549,3,a
4,2661,1071,1072,7,or
4,2662,581,582,5,b
4,2663,796,797,5,b
4,2664,3020,3021,2,not_implies
4,2665,1458,1459,11,implied_by
4,2666,3777,3778,5,b
4,2667,3600,3601,13,implies
4,2668,196,197,9,not_xor
4,2669,2767,2768,6,xor
4,2670,3671,3672,12,not_a
4,2671,1147,1148,6,xor
4,2672,3509,3510,5,b
4,2673,1859,1860,6,xor
4,2674,928,929,13,implies
4,2675,3256,3257,8,not_or
4,2676,1144,1145,6,xor
4,2677,338,339,8,not_or
4,2678,1385,1386,13,implies
4,2679,1424,1425,14,not_and
4,2680,1206,1207,10,not_b
4,2681,94,95,9,not_xor
4,2682,822,823,8,not_or
4,2683,3984,3985,3,a
4,2684,415,416,15,one
4,2685,1565,1566,7,or
4,2686,2715,2716,10,not_b
4,2687,3085,3086,9,not_xor
4,2688,2876,2877,10,not_b
4,2689,3181,3182,10,not_b
4,2690,162,163,3,a
4,2691,1055,1056,9,not_xor
4,2692,2972,2973,14,not_and
4,2693,2375,2376,5,b
4,2694,224,225,6,xor
4,2695,2690,2691,13,implies
4,2696,2955,2956,5,b
4,2697,2565,2566,11,implied_by
4,2698,2048,2049,10,not_b
4,2699,1900,1901,3,a
4,2700,2218,2219,12,not_a
4,2701,2752,2753,12,not_a
4,2702,3562,3563,15,one
4,2703,2611,2612,13,implies
4,2704,3025,3026,5,b
4,2705,1092,1093,12,not_a
4,2706,1004,1005,12,not_a
4,2707,2729,2730,6,xor
4,2708,2349,2350,0,zero
4,2709,374,375,12,not_a
4,2710,3988,3989,9,not_xor
4,2711,1099,1100,5,b
4,2712,3980,3981,9,not_xor
4,2713,35,36,9,not_xor
4,2714,2710,2711,1,and
4,2715,2208,2209,5,b
4,2716,2091,2092,3,a
4,2717,1381,1382,13,implies
4,2718,402,403,5,b
4,2719,3365,3366,9,not_xor
4,2720,3074,3075,2,not_implies
4,2721,2447,2448,9,not_xor
4,2722,2227,2228,5,b
4,2723,3796,3797,6,xor
4,2724,1345,1346,12,not_a
4,2725,1017,1018,6,xor
4,2726,2336,2337,6,xor
4,2727,3691,3692,3,a
4,2728,3382,3383,10,not_b
4,2729,1425,1426,5,b
4,2730,2373,2374,11,implied_by
4,2731,842,843,10,not_b
4,2732,501,502,6,xor
4,2733,671,672,6,xor
4,2734,937,938,1,and
4,2735,2371,2372,9,not_xor
4,2736,3008,3009,12,not_a
4,2737,1389,1390,9,not_xor
4,2738,1204,1205,6,xor
4,2739,1779,1780,14,not_and
4,2740,568,569,0,zero
4,2741,2628,2629,5,b
4,2742,2996,2997,3,a
4,2743,2257,2258,3,a
4,2744,1398,1399,9,not_xor
4,2745,199,200,6,xor
4,2746,3932,3933,6,xor
4,2747,2486,2487,10,not_b
4,2748,3235,3236,11,implied_by
4,2749,856,857,8,not_or
4,2750,790,791,10,not_b
4,2751,826,827,9,not_xor
4,2752,2636,2637,10,not_b
4,2753,586,587,9,not_xor
4,2754,1639,1640,10,not_b
4,2755,60,61,3,a
4,2756,3098,3099,12,not_a
4,2757,1876,1877,10,not_b
4,2758,638,639,12,not_a
4,2759,241,242,10,not_b
4,2760,2228,2229,3,a
4,2761,3389,3390,9,not_xor
4,2762,2562,2563,3,a
4,2763,3292,3293,8,not_or
4,2764,2990,2991,12,not_a
4,2765,2763,2764,12,not_a
4,2766,507,508,10,not_b
4,2767,3132,3133,5,b
4,2768,2618,2619,10,not_b
4,2769,2318,2319,3,a
4,2770,2193,2194,12,not_a
4,2771,877,878,12,not_a
4,2772,159,160,7,or
4,2773,1276,1277,12,not_a
4,2774,2249,2250,6,xor
4,2775,2848,2849,13,implies
4,2776,527,528,12,not_a
4,2777,2330,2331,7,or
4,2778,3330,3331,10,not_b
4,2779,2773,2774,2,not_implies
4,2780,2258,2259,6,xor
4,2781,1258,1259,10,not_b
4,2782,3523,3524,7,or
4,2783,3579,3580,5,b
4,2784,558,559,12,not_a
4,2785,1538,1539,10,not_b
4,2786,3241,3242,7,or
4,2787,1234,1235,2,not_implies
4,2788,2661,2662,13,implies
4,2789,2093,2094,5,b
4,2790,1195,1196,3,a
4,2791,1493,1494,14,not_and
4,2792,779,780,6,xor
4,2793,2569,2570,3,a
4,2794,3529,3530,6,xor
4,2795,888,889,12,not_a
4,2796,2542,2543,3,a
4,2797,3060,3061,3,a
4,2798,1797,1798,6,xor
4,2799,444,445,12,not_a
4,2800,3986,3987,10,not_b
4,2801,3886,3887,5,b
4,2802,2077,2078,10,not_b
4,2803,1812,1813,10,not_b
4,2804,87,88,2,not_implies
4,2805,3741,3742,14,not_and
4,2806,3474,3475,12,not_a
4,2807,1643,1644,5,b
4,2808,1142,1143,4,not_implied_by
4,2809,1275,1276,12,not_a
4,2810,3588,3589,12,not_a
4,2811,1445,1446,12,not_a
4,2812,2253,2254,3,a
4,2813,52,53,3,a
4,2814,1663,1664,14,not_and
4,2815,3333,3334,10,not_b
4,2816,1060,1061,5,b
4,2817,1227,1228,8,not_or
4,2818,1166,1167,10,not_b
4,2819,3914,3915,9,not_xor
4,2820,2718,2719,2,not_implies
4,2821,3383,3384,6,xor
4,2822,2973,2974,8,not_or
4,2823,1847,1848,2,not_implies
4,2824,47,48,12,not_a
4,2825,3603,3604,6,xor
4,2826,3695,3696,5,b
4,2827,2847,2848,3,a
4,2828,909,910,3,a
4,2829,3403,3404,5,b
4,2830,2948,2949,1,and
4,2831,1864,1865,10,not_b
4,2832,2445,2446,5,b
4,2833,1091,1092,12,not_a
4,2834,2263,2264,10,not_b
4,2835,2561,2562,7,or
4,2836,3837,3838,12,not_a
4,2837,1433,1434,6,xor
4,2838,2437,2438,4,not_implied_by
4,2839,769,770,1,and
4,2840,1980,1981,4,not_implied_by
4,2841,2576,2577,4,not_implied_by
4,2842,3660,3661,8,not_or
4,2843,219,220,5,b
4,2844,661,662,3,a
4,2845,281,282,9,not_xor
4,2846,3368,3369,4,not_implied_by
4,2847,2454,2455,9,not_xor
4,2848,3634,3635,2,not_implies
4,2849,523,524,6,xor
4,2850,551,552,5,b
4,2851,438,439,9,not_xor
4,2852,3618,3619,5,b
4,2853,3742,3743,5,b
4,2854,3508,3509,0,zero
4,2855,3360,3361,10,not_b
4,2856,1626,1627,12,not_a
4,2857,3608,3609,4,not_implied_by
4,2858,1948,1949,5,b
4,2859,3485,3486,2,not_implies
4,2860,1949,1950,2,not_implies
4,2861,2780,2781,12,not_a
4,2862,711,712,6,xor
4,2863,1945,1946,9,not_xor
4,2864,1140,1141,6,xor
4,2865,2274,2275,8,not_or
4,2866,496,497,6,xor
4,2867,622,623,9,not_xor
4,2868,2566,2567,3,a
4,2869,1903,1904,1,and
4,2870,3852,3853,6,xor
4,2871,17,18,9,not_xor
4,2872,3555,3556,5,b
4,2873,1061,1062,3,a
4,2874,2622,2623,1,and
4,2875,878,879,3,a
4,2876,427,428,10,not_b
4,2877,1815,1816,5,b
4,2878,358,359,1,and
4,2879,1247,1248,9,not_xor
4,2880,2623,2624,2,not_implies
4,2881,1034,1035,12,not_a
4,2882,3813,3814,6,xor
4,2883,2367,2368,1,and
4,2884,731,732,2,not_implies
4,2885,136,137,5,b
4,2886,3756,3757,14,not_and
4,2887,1209,1210,1,and
4,2888,3370,3371,8,not_or
4,2889,1682,1683,9,not_xor
4,2890,3356,3357,1,and
4,2891,2409,2410,5,b
4,2892,478,479,1,and
4,2893,2692,2693,6,xor
4,2894,152,153,10,not_b
4,2895,481,482,12,not_a
4,2896,2439,2440,9,not_xor
4,2897,807,808,6,xor
4,2898,3376,3377,4,not_implied_by
4,2899,458,459,2,not_implies
4,2900,247,248,1,and
4,2901,1224,1225,8,not_or
4,2902,503,504,9,not_xor
4,2903,130,131,5,b
4,2904,1536,1537,14,not_and
4,2905,2591,2592,6,xor
4,2906,2471,2472,1,and
4,2907,3851,3852,6,xor
4,2908,1472,1473,1,and
4,2909,37,38,5,b
4,2910,1670,1671,5,b
4,2911,2156,2157,6,xor
4,2912,1334,1335,2,not_implies
4,2913,3976,3977,5,b
4,2914,3732,3733,12,not_a
4,2915,583,584,8,not_or
4,2916,2069,2070,12,not_a
4,2917,2408,2409,10,not_b
4,2918,1471,1472,6,xor
4,2919,1496,1497,1,and
4,2920,1320,1321,3,a
4,2921,21,22,5,b
4,2922,3204,3205,1,and
4,2923,2688,2689,8,not_or
4,2924,2004,2005,12,not_a
4,2925,3891,3892,6,xor
4,2926,808,809,10,not_b
4,2927,2655,2656,13,implies
4,2928,1244,1245,2,not_implies
4,2929,205,206,6,xor
4,2930,1066,1067,3,a
4,2931,3145,3146,12,not_a
4,2932,3885,3886,9,not_xor
4,2933,887,888,9,not_xor
4,2934,49,50,3,a
4,2935,2495,2496,10,not_b
4,2936,1067,1068,2,not_implies
4,2937,1357,1358,4,not_implied_by
4,2938,963,964,6,xor
4,2939,3709,3710,5,b
4,2940,1701,1702,10,not_b
4,2941,1309,1310,2,not_implies
4,2942,3791,3792,10,not_b
4,2943,519,520,6,xor
4,2944,64,65,6,xor
4,2945,190,191,3,a
4,2946,1848,1849,10,not_b
4,2947,3057,3058,9,not_xor
4,2948,1548,1549,3,a
4,2949,1353,1354,8,not_or
4,2950,194,195,10,not_b
4,2951,689,690,4,not_implied_by
4,2952,80,81,8,not_or
4,2953,3036,3037,5,b
4,2954,3297,3298,5,b
4,2955,2784,2785,7,or
4,2956,3961,3962,7,or
4,2957,3874,3875,8,not_or
4,2958,3467,3468,2,not_implies
4,2959,3892,3893,6,xor
4,2960,1009,1010,10,not_b
4,2961,2917,2918,3,a
4,2962,3226,3227,6,xor
4,2963,1564,1565,3,a
4,2964,2102,2103,6,xor
4,2965,1954,1955,12,not_a
4,2966,3205,3206,6,xor
4,2967,1857,1858,12,not_a
4,2968,1929,1930,6,xor
4,2969,315,316,0,zero
4,2970,3260,3261,1,and
4,2971,2916,2917,5,b
4,2972,3092,3093,8,not_or
4,2973,1835,1836,12,not_a
4,2974,2771,2772,9,not_xor
4,2975,465,466,10,not_b
4,2976,39,40,9,not_xor
4,2977,3750,3751,10,not_b
4,2978,1364,1365,12,not_a
4,2979,3301,3302,9,not_xor
4,2980,3171,3172,8,not_or
4,2981,3778,3779,2,not_implies
4,2982,1295,1296,5,b
4,2983,3415,3416,2,not_implies
4,2984,2434,2435,10,not_b
4,2985,2399,2400,6,xor
4,2986,272,273,2,not_implies
4,2987,3077,3078,13,implies
4,2988,1264,1265,0,zero
4,2989,1846,1847,7,or
4,2990,1984,1985,5,b
4,2991,3236,3237,8,not_or
4,2992,452,453,6,xor
4,2993,2197,2198,5,b
4,2994,3824,3825,12,not_a
4,2995,1516,1517,10,not_b
4,2996,1693,1694,3,a
4,2997,3102,3103,0,zero
4,2998,3192,3193,9,not_xor
4,2999,1563,1564,12,not_a
4,3000,2085,2086,8,not_or
4,3001,2304,2305,7,or
4,3002,3030,3031,12,not_a
4,3003,2528,2529,3,a
4,3004,968,969,0,zero
4,3005,2246,2247,6,xor
4,3006,1174,1175,3,a
4,3007,3207,3208,0,zero
4,3008,1729,1730,6,xor
4,3009,2794,2795,10,not_b
4,3010,3524,3525,12,not_a
4,3011,1971,1972,2,not_implies
4,3012,239,240,3,a
4,3013,1946,1947,6,xor
4,3014,258,259,3,a
4,3015,3969,3970,3,a
4,3016,632,633,9,not_xor
4,3017,1087,1088,5,b
4,3018,2899,2900,12,not_a
4,3019,3554,3555,12,not_a
4,3020,3723,3724,6,xor
4,3021,969,970,6,xor
4,3022,368,369,4,not_implied_by
4,3023,3225,3226,8,not_or
4,3024,1338,1339,9,not_xor
4,3025,1931,1932,5,b
4,3026,3535,3536,1,and
4,3027,77,78,4,not_implied_by
4,3028,375,376,3,a
4,3029,2530,2531,12,not_a
4,3030,1726,1727,12,not_a
4,3031,2449,2450,6,xor
4,3032,3423,3424,9,not_xor
4,3033,1377,1378,8,not_or
4,3034,2754,2755,3,a
4,3035,870,871,14,not_and
4,3036,3790,3791,14,not_and
4,3037,3968,3969,5,b
4,3038,2129,2130,6,xor
4,3039,3131,3132,9,not_xor
4,3040,3789,3790,10,not_b
4,3041,3291,3292,6,xor
4,3042,1683,1684,1,and
4,3043,3299,3300,2,not_implies
4,3044,445,446,12,not_a
4,3045,2488,2489,5,b
4,3046,121,122,12,not_a
4,3047,3222,3223,3,a
4,3048,3881,3882,3,a
4,3049,604,605,10,not_b
4,3050,2739,2740,3,a
4,3051,2887,2888,3,a
4,3052,1384,1385,10,not_b
4,3053,450,451,3,a
4,3054,2672,2673,3,a
4,3055,3250,3251,12,not_a
4,3056,2283,2284,9,not_xor
4,3057,3076,3077,6,xor
4,3058,3847,3848,0,zero
4,3059,2485,2486,6,xor
4,3060,599,600,1,and
4,3061,1336,1337,5,b
4,3062,2068,2069,12,not_a
4,3063,1999,2000,2,not_implies
4,3064,1182,1183,1,and
4,3065,1259,1260,5,b
4,3066,3195,3196,12,not_a
4,3067,2319,2320,6,xor
4,3068,300,301,12,not_a
4,3069,1757,1758,10,not_b
4,3070,3704,3705,2,not_implies
4,3071,187,188,12,not_a
4,3072,2902,2903,6,xor
4,3073,3963,3964,5,b
4,3074,2405,2406,2,not_implies
4,3075,282,283,3,a
4,3076,454,455,6,xor
4,3077,44,45,6,xor
4,3078,418,419,12,not_a
4,3079,3773,3774,3,a
4,3080,3234,3235,0,zero
4,3081,1716,1717,9,not_xor
4,3082,2426,2427,1,and
4,3083,1267,1268,5,b
4,3084,1436,1437,9,not_xor
4,3085,1602,1603,12,not_a
4,3086,2311,2312,2,not_implies
4,3087,2380,2381,10,not_b
4,3088,720,721,2,not_implies
4,3089,468,469,11,implied_by
4,3090,362,363,6,xor
4,3091,849,850,1,and
4,3092,1958,1959,1,and
4,3093,841,842,5,b
4,3094,334,335,9,not_xor
4,3095,3444,3445,14,not_and
4,3096,3627,3628,6,xor
4,3097,2260,2261,6,xor
4,3098,1620,1621,6,xor
4,3099,3089,3090,3,a
4,3100,2351,2352,10,not_b
4,3101,1159,1160,5,b
4,3102,1940,1941,4,not_implied_by
4,3103,3549,3550,6,xor
4,3104,2076,2077,6,xor
4,3105,2731,2732,9,not_xor
4,3106,939,940,1,and
4,3107,364,365,12,not_a
4,3108,1464,1465,12,not_a
4,3109,2398,2399,12,not_a
4,3110,290,291,2,not_implies
4,3111,3313,3314,9,not_xor
4,3112,3062,3063,14,not_and
4,3113,3577,3578,9,not_xor
4,3114,76,77,4,not_implied_by
4,3115,1972,1973,6,xor
4,3116,1889,1890,10,not_b
4,3117,3126,3127,8,not_or
4,3118,3897,3898,8,not_or
4,3119,3857,3858,12,not_a
4,3120,1709,1710,9,not_xor
4,3121,1164,1165,2,not_implies
4,3122,229,230,10,not_b
4,3123,352,353,10,not_b
4,3124,453,454,1,and
4,3125,3855,3856,10,not_b
4,3126,3841,3842,1,and
4,3127,197,198,10,not_b
4,3128,1280,1281,5,b
4,3129,262,263,9,not_xor
4,3130,2985,2986,4,not_implied_by
4,3131,1128,1129,4,not_implied_by
4,3132,3972,3973,2,not_implies
4,3133,3674,3675,3,a
4,3134,3343,3344,2,not_implies
4,3135,249,250,5,b
4,3136,1831,1832,3,a
4,3137,594,595,4,not_implied_by
4,3138,1919,1920,6,xor
4,3139,2272,2273,5,b
4,3140,3055,3056,3,a
4,3141,3942,3943,2,not_implies
4,3142,208,209,9,not_xor
4,3143,1640,1641,8,not_or
4,3144,916,917,10,not_b
4,3145,1836,1837,9,not_xor
4,3146,549,550,6,xor
4,3147,3641,3642,10,not_b
4,3148,2871,2872,6,xor
4,3149,3993,3994,5,b
4,3150,1561,1562,12,not_a
4,3151,1455,1456,1,and
4,3152,1591,1592,2,not_implies
4,3153,2647,2648,5,b
4,3154,2514,2515,4,not_implied_by
4,3155,328,329,5,b
4,3156,2724,2725,3,a
4,3157,946,947,10,not_b
4,3158,3676,3677,12,not_a
4,3159,2472,2473,9,not_xor
4,3160,3359,3360,10,not_b
4,3161,2555,2556,10,not_b
4,3162,3895,3896,7,or
4,3163,2431,2432,8,not_or
4,3164,2442,2443,5,b
4,3165,172,173,5,b
4,3166,534,535,4,not_implied_by
4,3167,3718,3719,2,not_implies
4,3168,3599,3600,6,xor
4,3169,1512,1513,8,not_or
4,3170,522,523,3,a
4,3171,116,117,14,not_and
4,3172,1479,1480,14,not_and
4,3173,1339,1340,5,b
4,3174,768,769,6,xor
4,3175,950,951,10,not_b
4,3176,2722,2723,1,and
4,3177,531,532,3,a
4,3178,2415,2416,1,and
4,3179,1304,1305,2,not_implies
4,3180,3379,3380,8,not_or
4,3181,3176,3177,6,xor
4,3182,2574,2575,3,a
4,3183,331,332,1,and
4,3184,3922,3923,9,not_xor
4,3185,1715,1716,12,not_a
4,3186,3581,3582,10,not_b
4,3187,115,116,9,not_xor
4,3188,1139,1140,3,a
4,3189,107,108,1,and
4,3190,2689,2690,12,not_a
4,3191,3488,3489,5,b
4,3192,585,586,10,not_b
4,3193,1917,1918,5,b
4,3194,1201,1202,3,a
4,3195,2812,2813,5,b
4,3196,2650,2651,4,not_implied_by
4,3197,2740,2741,12,not_a
4,3198,2877,2878,2,not_implies
4,3199,765,766,1,and
4,3200,756,757,9,not_xor
4,3201,2526,2527,14,not_and
4,3202,2121,2122,11,implied_by
4,3203,3246,3247,9,not_xor
4,3204,3160,3161,6,xor
4,3205,8,9,12,not_a
4,3206,528,529,3,a
4,3207,1770,1771,5,b
4,3208,3107,3108,3,a
4,3209,2814,2815,3,a
4,3210,752,753,10,not_b
4,3211,1378,1379,6,xor
4,3212,844,845,9,not_xor
4,3213,2325,2326,7,or
4,3214,3526,3527,14,not_and
4,3215,3264,3265,6,xor
4,3216,3247,3248,6,xor
4,3217,2525,2526,9,not_xor
4,3218,621,622,5,b
4,3219,1489,1490,11,implied_by
4,3220,1659,1660,12,not_a
4,3221,359,360,8,not_or
4,3222,3831,3832,2,not_implies
4,3223,2818,2819,9,not_xor
4,3224,2660,2661,10,not_b
4,3225,902,903,3,a
4,3226,1863,1864,10,not_b
4,3227,1186,1187,3,a
4,3228,2109,2110,6,xor
4,3229,1020,1021,6,xor
4,3230,1539,1540,9,not_xor
4,3231,3839,3840,13,implies
4,3232,3221,3222,2,not_implies
4,3233,2473,2474,13,implies
4,3234,1370,1371,10,not_b
4,3235,2795,2796,3,a
4,3236,2329,2330,3,a
4,3237,2027,2028,2,not_implies
4,3238,1323,1324,4,not_implied_by
4,3239,3404,3405,5,b
4,3240,2460,2461,5,b
4,3241,911,912,9,not_xor
4,3242,1409,1410,1,and
4,3243,3962,3963,5,b
4,3244,274,275,13,implies
4,3245,3864,3865,5,b
4,3246,1190,1191,6,xor
4,3247,3458,3459,6,xor
4,3248,3821,3822,5,b
4,3249,627,628,12,not_a
4,3250,561,562,6,xor
4,3251,3633,3634,12,not_a
4,3252,579,580,6,xor
4,3253,912,913,13,implies
4,3254,732,733,9,not_xor
4,3255,3706,3707,3,a
4,3256,365,366,12,not_a
4,3257,369,370,5,b
4,3258,251,252,13,implies
4,3259,3699,3700,6,xor
4,3260,167,168,2,not_implies
4,3261,3090,3091,6,xor
4,3262,683,684,11,implied_by
4,3263,600,601,5,b
4,3264,3780,3781,6,xor
4,3265,261,262,10,not_b
4,3266,2350,2351,12,not_a
4,3267,1513,1514,7,or
4,3268,459,460,10,not_b
4,3269,3441,3442,13,implies
4,3270,2185,2186,9,not_xor
4,3271,225,226,9,not_xor
4,3272,2856,2857,6,xor
4,3273,2757,2758,1,and
4,3274,566,567,10,not_b
4,3275,1393,1394,5,b
4,3276,543,544,6,xor
4,3277,3542,3543,14,not_and
4,3278,1449,1450,11,implied_by
4,3279,3887,3888,7,or
4,3280,1819,1820,9,not_xor
4,3281,2370,2371,2,not_implies
4,3282,1435,1436,5,b
4,3283,1468,1469,12,not_a
4,3284,449,450,5,b
4,3285,3252,3253,9,not_xor
4,3286,504,505,10,not_b
4,3287,843,844,9,not_xor
4,3288,1870,1871,10,not_b
4,3289,3375,3376,11,implied_by
4,3290,3530,3531,14,not_and
4,3291,3121,3122,6,xor
4,3292,140,141,14,not_and
4,3293,1331,1332,7,or
4,3294,2559,2560,7,or
4,3295,921,922,9,not_xor
4,3296,3578,3579,14,not_and
4,3297,1969,1970,9,not_xor
4,3298,1080,1081,4,not_implied_by
4,3299,2766,2767,5,b
4,3300,409,410,12,not_a
4,3301,3075,3076,9,not_xor
4,3302,3405,3406,3,a
4,3303,3979,3980,0,zero
4,3304,270,271,13,implies
4,3305,3445,3446,5,b
4,3306,3958,3959,1,and
4,3307,2585,2586,5,b
4,3308,2268,2269,7,or
4,3309,2150,2151,10,not_b
4,3310,2203,2204,5,b
4,3311,3169,3170,7,or
4,3312,2114,2115,2,not_implies
4,3313,3183,3184,10,not_b
4,3314,3480,3481,5,b
4,3315,2826,2827,9,not_xor
4,3316,641,642,5,b
4,3317,1957,1958,5,b
4,3318,1499,1500,14,not_and
4,3319,1675,1676,5,b
4,3320,984,985,9,not_xor
4,3321,3219,3220,11,implied_by
4,3322,2567,2568,2,not_implies
4,3323,2837,2838,10,not_b
4,3324,3974,3975,12,not_a
4,3325,2402,2403,3,a
4,3326,1269,1270,12,not_a
4,3327,220,221,9,not_xor
4,3328,193,194,7,or
4,3329,3040,3041,13,implies
4,3330,2712,2713,10,not_b
4,3331,3827,3828,12,not_a
4,3332,3909,3910,9,not_xor
4,3333,377,378,11,implied_by
4,3334,3230,3231,3,a
4,3335,3216,3217,10,not_b
4,3336,1772,1773,4,not_implied_by
4,3337,2339,2340,3,a
4,3338,2277,2278,6,xor
4,3339,2587,2588,13,implies
4,3340,2158,2159,9,not_xor
4,3341,634,635,6,xor
4,3342,96,97,3,a
4,3343,1108,1109,12,not_a
4,3344,1655,1656,3,a
4,3345,657,658,13,implies
4,3346,3321,3322,4,not_implied_by
4,3347,2180,2181,3,a
4,3348,2261,2262,9,not_xor
4,3349,1816,1817,8,not_or
4,3350,78,79,2,not_implies
4,3351,3629,3630,11,implied_by
4,3352,2511,2512,5,b
4,3353,3263,3264,12,not_a
4,3354,1235,1236,11,implied_by
4,3355,2769,2770,6,xor
4,3356,265,266,6,xor
4,3357,1297,1298,10,not_b
4,3358,3589,3590,9,not_xor
4,3359,3832,3833,14,not_and
4,3360,2851,2852,14,not_and
4,3361,3155,3156,5,b
4,3362,1051,1052,7,or
4,3363,3528,3529,8,not_or
4,3364,3782,3783,14,not_and
4,3365,2960,2961,5,b
4,3366,3574,3575,13,implies
4,3367,3539,3540,3,a
4,3368,3428,3429,6,xor
4,3369,2171,2172,3,a
4,3370,2572,2573,12,not_a
4,3371,1704,1705,12,not_a
4,3372,485,486,3,a
4,3373,1568,1569,12,not_a
4,3374,3424,3425,3,a
4,3375,896,897,13,implies
4,3376,2060,2061,5,b
4,3377,1014,1015,5,b
4,3378,233,234,3,a
4,3379,3253,3254,10,not_b
4,3380,2597,2598,11,implied_by
4,3381,1461,1462,9,not_xor
4,3382,316,317,3,a
4,3383,2798,2799,9,not_xor
4,3384,3893,3894,6,xor
4,3385,3809,3810,8,not_or
4,3386,2165,2166,5,b
4,3387,2671,2672,12,not_a
4,3388,230,231,12,not_a
4,3389,879,880,5,b
4,3390,1285,1286,9,not_xor
4,3391,709,710,8,not_or
4,3392,3883,3884,3,a
4,3393,3924,3925,5,b
4,3394,2251,2252,12,not_a
4,3395,2869,2870,3,a
4,3396,1934,1935,8,not_or
4,3397,1933,1934,10,not_b
4,3398,901,902,5,b
4,3399,3149,3150,1,and
4,3400,3640,3641,6,xor
4,3401,129,130,6,xor
4,3402,2411,2412,9,not_xor
4,3403,1733,1734,5,b
4,3404,3211,3212,11,implied_by
4,3405,1225,1226,3,a
4,3406,2101,2102,6,xor
4,3407,3679,3680,2,not_implies
4,3408,2014,2015,9,not_xor
4,3409,672,673,14,not_and
4,3410,3705,3706,12,not_a
4,3411,1492,1493,3,a
4,3412,2510,2511,13,implies
4,3413,972,973,10,not_b
4,3414,3904,3905,5,b
4,3415,1799,1800,6,xor
4,3416,1405,1406,8,not_or
4,3417,847,848,8,not_or
4,3418,2498,2499,2,not_implies
4,3419,3957,3958,12,not_a
4,3420,2546,2547,10,not_b
4,3421,1808,1809,6,xor
4,3422,3233,3234,10,not_b
4,3423,1586,1587,12,not_a
4,3424,43,44,13,implies
4,3425,36,37,3,a
4,3426,284,285,7,or
4,3427,2281,2282,9,not_xor
4,3428,3950,3951,10,not_b
4,3429,2167,2168,12,not_a
4,3430,962,963,3,a
4,3431,3050,3051,7,or
4,3432,1567,1568,11,implied_by
4,3433,1524,1525,12,not_a
4,3434,2682,2683,3,a
4,3435,2132,2133,3,a
4,3436,1838,1839,9,not_xor
4,3437,3296,3297,8,not_or
4,3438,3078,3079,12,not_a
4,3439,1301,1302,11,implied_by
4,3440,2691,2692,3,a
4,3441,1082,1083,6,xor
4,3442,983,984,5,b
4,3443,1321,1322,9,not_xor
4,3444,2564,2565,3,a
4,3445,2223,2224,12,not_a
4,3446,343,344,9,not_xor
4,3447,3199,3200,5,b
4,3448,2097,2098,9,not_xor
4,3449,3146,3147,4,not_implied_by
4,3450,2332,2333,3,a
4,3451,978,979,14,not_and
4,3452,4,5,1,and
4,3453,1443,1444,10,not_b
4,3454,2790,2791,14,not_and
4,3455,498,499,11,implied_by
4,3456,2950,2951,1,and
4,3457,361,362,10,not_b
4,3458,1256,1257,5,b
4,3459,1487,1488,14,not_and
4,3460,3115,3116,9,not_xor
4,3461,673,674,12,not_a
4,3462,2626,2627,10,not_b
4,3463,3727,3728,14,not_and
4,3464,2557,2558,12,not_a
4,3465,3661,3662,4,not_implied_by
4,3466,3501,3502,14,not_and
4,3467,3083,3084,9,not_xor
4,3468,2843,2844,12,not_a
4,3469,1457,1458,2,not_implies
4,3470,448,449,5,b
4,3471,3017,3018,9,not_xor
4,3472,2337,2338,9,not_xor
4,3473,1960,1961,3,a
4,3474,2501,2502,7,or
4,3475,895,896,11,implied_by
4,3476,2745,2746,3,a
4,3477,2323,2324,13,implies
4,3478,469,470,3,a
4,3479,2382,2383,5,b
4,3480,619,620,15,one
4,3481,1668,1669,6,xor
4,3482,560,561,12,not_a
4,3483,2029,2030,8,not_or
4,3484,1775,1776,13,implies
4,3485,1794,1795,10,not_b
4,3486,1191,1192,9,not_xor
4,3487,3164,3165,9,not_xor
4,3488,2385,2386,13,implies
4,3489,935,936,3,a
4,3490,2982,2983,11,implied_by
4,3491,517,518,3,a
4,3492,993,994,9,not_xor
4,3493,2778,2779,14,not_and
4,3494,2882,2883,10,not_b
4,3495,2047,2048,15,one
4,3496,542,543,11,implied_by
4,3497,3733,3734,10,not_b
4,3498,1150,1151,9,not_xor
4,3499,2997,2998,10,not_b
4,3500,148,149,6,xor
4,3501,1404,1405,9,not_xor
4,3502,3498,3499,3,a
4,3503,714,715,12,not_a
4,3504,2302,2303,6,xor
4,3505,603,604,3,a
4,3506,183,184,10,not_b
4,3507,232,233,3,a
4,3508,387,388,10,not_b
4,3509,1454,1455,13,implies
4,3510,3684,3685,2,not_implies
4,3511,2452,2453,14,not_and
4,3512,3320,3321,10,not_b
4,3513,2028,2029,15,one
4,3514,1843,1844,11,implied_by
4,3515,1326,1327,8,not_or
4,3516,2289,2290,3,a
4,3517,2797,2798,13,implies
4,3518,2629,2630,6,xor
4,3519,1688,1689,8,not_or
4,3520,413,414,9,not_xor
4,3521,1162,1163,15,one
4,3522,1978,1979,9,not_xor
4,3523,610,611,12,not_a
4,3524,2883,2884,14,not_and
4,3525,1211,1212,3,a
4,3526,3889,3890,12,not_a
4,3527,824,825,5,b
4,3528,1146,1147,12,not_a
4,3529,3486,3487,3,a
4,3530,3690,3691,12,not_a
4,3531,3104,3105,10,not_b
4,3532,2365,2366,13,implies
4,3533,1036,1037,3,a
4,3534,651,652,2,not_implies
4,3535,680,681,12,not_a
4,3536,480,481,9,not_xor
4,3537,2295,2296,12,not_a
4,3538,1697,1698,14,not_and
4,3539,2783,2784,10,not_b
4,3540,1521,1522,1,and
4,3541,1356,1357,2,not_implies
4,3542,3275,3276,3,a
4,3543,1807,1808,3,a
4,3544,2018,2019,12,not_a
4,3545,3,4,14,not_and
4,3546,441,442,3,a
4,3547,3800,3801,3,a
4,3548,2052,2053,10,not_b
4,3549,526,527,5,b
4,3550,2389,2390,3,a
4,3551,589,590,9,not_xor
4,3552,3939,3940,3,a
4,3553,1577,1578,5,b
4,3554,2865,2866,5,b
4,3555,2538,2539,10,not_b
4,3556,2669,2670,12,not_a
4,3557,953,954,9,not_xor
4,3558,1606,1607,13,implies
4,3559,855,856,9,not_xor
4,3560,1016,1017,3,a
4,3561,119,120,9,not_xor
4,3562,2202,2203,10,not_b
4,3563,2927,2928,7,or
4,3564,1937,1938,9,not_xor
4,3565,2026,2027,9,not_xor
4,3566,2045,2046,0,zero
4,3567,3300,3301,14,not_and
4,3568,1,2,5,b
4,3569,1277,1278,12,not_a
4,3570,1038,1039,13,implies
4,3571,410,411,11,implied_by
4,3572,2401,2402,12,not_a
4,3573,2413,2414,1,and
4,3574,1555,1556,2,not_implies
4,3575,1991,1992,1,and
4,3576,3281,3282,3,a
4,3577,2084,2085,13,implies
4,3578,550,551,7,or
4,3579,1983,1984,6,xor
4,3580,3967,3968,12,not_a
4,3581,1367,1368,5,b
4,3582,1546,1547,7,or
4,3583,2259,2260,9,not_xor
4,3584,2394,2395,3,a
4,3585,120,121,5,b
4,3586,2921,2922,10,not_b
4,3587,59,60,12,not_a
4,3588,1710,1711,9,not_xor
4,3589,3402,3403,10,not_b
4,3590,3945,3946,5,b
4,3591,3278,3279,10,not_b
4,3592,834,835,4,not_implied_by
4,3593,3774,3775,5,b
4,3594,2762,2763,10,not_b
4,3595,3765,3766,11,implied_by
4,3596,32,33,1,and
4,3597,3865,3866,3,a
4,3598,2420,2421,5,b
4,3599,160,161,8,not_or
4,3600,2133,2134,8,not_or
4,3601,54,55,9,not_xor
4,3602,2849,2850,12,not_a
4,3603,2513,2514,11,implied_by
4,3604,1905,1906,2,not_implies
4,3605,3504,3505,10,not_b
4,3606,1737,1738,12,not_a
4,3607,955,956,4,not_implied_by
4,3608,2362,2363,10,not_b
4,3609,3048,3049,12,not_a
4,3610,1531,1532,4,not_implied_by
4,3611,1416,1417,9,not_xor
4,3612,652,653,5,b
4,3613,1076,1077,5,b
4,3614,2835,2836,10,not_b
4,3615,649,650,4,not_implied_by
4,3616,1571,1572,3,a
4,3617,128,129,5,b
4,3618,2080,2081,10,not_b
4,3619,434,435,10,not_b
4,3620,3061,3062,10,not_b
4,3621,3390,3391,4,not_implied_by
4,3622,2340,2341,10,not_b
4,3623,354,355,12,not_a
4,3624,1152,1153,9,not_xor
4,3625,2768,2769,3,a
4,3626,2822,2823,6,xor
4,3627,2730,2731,5,b
4,3628,2547,2548,2,not_implies
4,3629,1054,1055,5,b
4,3630,3406,3407,9,not_xor
4,3631,2617,2618,6,xor
4,3632,1478,1479,3,a
4,3633,3685,3686,3,a
4,3634,2658,2659,8,not_or
4,3635,3156,3157,5,b
4,3636,2755,2756,12,not_a
4,3637,294,295,4,not_implied_by
4,3638,2480,2481,3,a
4,3639,557,558,9,not_xor
4,3640,1419,1420,10,not_b
4,3641,2608,2609,12,not_a
4,3642,2354,2355,12,not_a
4,3643,2760,2761,5,b
4,3644,3497,3498,10,not_b
4,3645,2789,2790,10,not_b
4,3646,1833,1834,9,not_xor
4,3647,3323,3324,12,not_a
4,3648,1654,1655,3,a
4,3649,1790,1791,13,implies
4,3650,785,786,2,not_implies
4,3651,2333,2334,6,xor
4,3652,1031,1032,7,or
4,3653,2503,2504,10,not_b
4,3654,345,346,7,or
4,3655,3736,3737,9,not_xor
4,3656,254,255,10,not_b
4,3657,1366,1367,5,b
4,3658,2541,2542,10,not_b
4,3659,713,714,8,not_or
4,3660,2053,2054,2,not_implies
4,3661,2855,2856,13,implies
4,3662,1429,1430,14,not_and
4,3663,1734,1735,10,not_b
4,3664,379,380,3,a
4,3665,1581,1582,3,a
4,3666,15,16,1,and
4,3667,293,294,10,not_b
4,3668,63,64,8,not_or
4,3669,1506,1507,12,not_a
4,3670,2070,2071,4,not_implied_by
4,3671,2098,2099,12,not_a
4,3672,805,806,3,a
4,3673,1803,1804,5,b
4,3674,3159,3160,3,a
4,3675,2239,2240,1,and
4,3676,3427,3428,10,not_b
4,3677,2483,2484,12,not_a
4,3678,3823,3824,4,not_implied_by
4,3679,3702,3703,12,not_a
4,3680,3367,3368,12,not_a
4,3681,2054,2055,5,b
4,3682,1792,1793,3,a
4,3683,1058,1059,3,a
4,3684,3396,3397,6,xor
4,3685,385,386,3,a
4,3686,867,868,4,not_implied_by
4,3687,3626,3627,6,xor
4,3688,2334,2335,10,not_b
4,3689,538,539,5,b
4,3690,681,682,1,and
4,3691,1698,1699,6,xor
4,3692,3870,3871,11,implied_by
4,3693,3673,3674,12,not_a
4,3694,255,256,14,not_and
4,3695,1015,1016,6,xor
4,3696,1786,1787,12,not_a
4,3697,3493,3494,6,xor
4,3698,1782,1783,10,not_b
4,3699,145,146,8,not_or
4,3700,3511,3512,5,b
4,3701,279,280,3,a
4,3702,614,615,6,xor
4,3703,3844,3845,11,implied_by
4,3704,2205,2206,4,not_implied_by
4,3705,1977,1978,12,not_a
4,3706,3858,3859,6,xor
4,3707,2533,2534,4,not_implied_by
4,3708,3989,3990,11,implied_by
4,3709,3453,3454,10,not_b
4,3710,3463,3464,11,implied_by
4,3711,1731,1732,3,a
4,3712,3232,3233,12,not_a
4,3713,97,98,9,not_xor
4,3714,3119,3120,6,xor
4,3715,2880,2881,15,one
4,3716,747,748,3,a
4,3717,3985,3986,6,xor
4,3718,3152,3153,3,a
4,3719,2478,2479,10,not_b
4,3720,2946,2947,12,not_a
4,3721,1874,1875,4,not_implied_by
4,3722,3197,3198,9,not_xor
4,3723,3946,3947,10,not_b
4,3724,2125,2126,3,a
4,3725,1165,1166,6,xor
4,3726,959,960,6,xor
4,3727,976,977,14,not_and
4,3728,3371,3372,5,b
4,3729,3689,3690,2,not_implies
4,3730,3284,3285,8,not_or
4,3731,433,434,9,not_xor
4,3732,1358,1359,10,not_b
4,3733,3073,3074,12,not_a
4,3734,1495,1496,1,and
4,3735,2516,2517,6,xor
4,3736,3970,3971,10,not_b
4,3737,2652,2653,10,not_b
4,3738,1801,1802,3,a
4,3739,1290,1291,12,not_a
4,3740,2487,2488,11,implied_by
4,3741,533,534,11,implied_by
4,3742,222,223,10,not_b
4,3743,3819,3820,9,not_xor
4,3744,1759,1760,10,not_b
4,3745,3744,3745,6,xor
4,3746,18,19,1,and
4,3747,2387,2388,8,not_or
4,3748,1684,1685,3,a
4,3749,2146,2147,8,not_or
4,3750,3248,3249,5,b
4,3751,929,930,10,not_b
4,3752,1114,1115,3,a
4,3753,3729,3730,5,b
4,3754,1598,1599,9,not_xor
4,3755,3748,3749,10,not_b
4,3756,463,464,8,not_or
4,3757,3596,3597,3,a
4,3758,840,841,3,a
4,3759,1072,1073,3,a
4,3760,990,991,9,not_xor
4,3761,3002,3003,12,not_a
4,3762,3759,3760,3,a
4,3763,3531,3532,6,xor
4,3764,440,441,7,or
4,3765,2127,2128,6,xor
4,3766,276,277,5,b
4,3767,3551,3552,5,b
4,3768,1008,1009,12,not_a
4,3769,2897,2898,3,a
4,3770,1644,1645,1,and
4,3771,2552,2553,9,not_xor
4,3772,3731,3732,10,not_b
4,3773,3305,3306,11,implied_by
4,3774,3426,3427,3,a
4,3775,1787,1788,5,b
4,3776,806,807,11,implied_by
4,3777,1444,1445,3,a
4,3778,423,424,12,not_a
4,3779,1012,1013,2,not_implies
4,3780,3446,3447,10,not_b
4,3781,2604,2605,9,not_xor
4,3782,2024,2025,12,not_a
4,3783,3373,3374,12,not_a
4,3784,991,992,4,not_implied_by
4,3785,3609,3610,5,b
4,3786,2854,2855,10,not_b
4,3787,3848,3849,11,implied_by
4,3788,1763,1764,6,xor
4,3789,3583,3584,9,not_xor
4,3790,3811,3812,8,not_or
4,3791,2067,2068,9,not_xor
4,3792,3161,3162,12,not_a
4,3793,3725,3726,13,implies
4,3794,3134,3135,6,xor
4,3795,3289,3290,5,b
4,3796,3604,3605,6,xor
4,3797,301,302,12,not_a
4,3798,3037,3038,12,not_a
4,3799,3005,3006,6,xor
4,3800,1392,1393,3,a
4,3801,1214,1215,5,b
4,3802,882,883,3,a
4,3803,2377,2378,6,xor
4,3804,1044,1045,12,not_a
4,3805,2453,2454,1,and
4,3806,2919,2920,10,not_b
4,3807,3461,3462,6,xor
4,3808,1109,1110,5,b
4,3809,1205,1206,10,not_b
4,3810,3638,3639,5,b
4,3811,2823,2824,8,not_or
4,3812,275,276,3,a
4,3813,1732,1733,9,not_xor
4,3814,3302,3303,9,not_xor
4,3815,3772,3773,5,b
4,3816,2895,2896,1,and
4,3817,2459,2460,1,and
4,3818,3861,3862,9,not_xor
4,3819,1730,1731,10,not_b
4,3820,3069,3070,5,b
4,3821,2444,2445,5,b
4,3822,750,751,10,not_b
4,3823,2999,3000,12,not_a
4,3824,3708,3709,12,not_a
4,3825,1552,1553,15,one
4,3826,2522,2523,6,xor
4,3827,643,644,7,or
4,3828,150,151,5,b
4,3829,2297,2298,10,not_b
4,3830,3103,3104,3,a
4,3831,1651,1652,8,not_or
4,3832,2023,2024,2,not_implies
4,3833,1752,1753,7,or
4,3834,919,920,12,not_a
4,3835,3063,3064,1,and
4,3836,1410,1411,10,not_b
4,3837,1910,1911,5,b
4,3838,19,20,5,b
4,3839,3088,3089,8,not_or
4,3840,659,660,2,not_implies
4,3841,2294,2295,12,not_a
4,3842,547,548,6,xor
4,3843,2008,2009,8,not_or
4,3844,3326,3327,12,not_a
4,3845,1791,1792,6,xor
4,3846,2633,2634,12,not_a
4,3847,2172,2173,9,not_xor
4,3848,38,39,7,or
4,3849,1183,1184,13,implies
4,3850,640,641,14,not_and
4,3851,1263,1264,10,not_b
4,3852,3293,3294,5,b
4,3853,3374,3375,1,and
4,3854,3491,3492,13,implies
4,3855,3332,3333,10,not_b
4,3856,1925,1926,5,b
4,3857,607,608,4,not_implied_by
4,3858,3114,3115,9,not_xor
4,3859,1437,1438,10,not_b
4,3860,273,274,12,not_a
4,3861,1636,1637,4,not_implied_by
4,3862,3385,3386,3,a
4,3863,1278,1279,13,implies
4,3864,3764,3765,7,or
4,3865,3527,3528,6,xor
4,3866,1988,1989,1,and
4,3867,2743,2744,3,a
4,3868,1523,1524,2,not_implies
4,3869,1456,1457,2,not_implies
4,3870,1522,1523,4,not_implied_by
4,3871,168,169,11,implied_by
4,3872,1450,1451,5,b
4,3873,3726,3727,10,not_b
4,3874,2549,2550,13,implies
4,3875,2479,2480,4,not_implied_by
4,3876,1963,1964,12,not_a
4,3877,952,953,5,b
4,3878,3496,3497,12,not_a
4,3879,1293,1294,4,not_implied_by
4,3880,818,819,9,not_xor
4,3881,3792,3793,14,not_and
4,3882,3911,3912,13,implies
4,3883,173,174,10,not_b
4,3884,1317,1318,8,not_or
4,3885,3812,3813,10,not_b
4,3886,886,887,12,not_a
4,3887,1918,1919,10,not_b
4,3888,3148,3149,1,and
4,3889,1923,1924,3,a
4,3890,2651,2652,2,not_implies
4,3891,804,805,5,b
4,3892,3762,3763,9,not_xor
4,3893,24,25,9,not_xor
4,3894,3573,3574,9,not_xor
4,3895,2776,2777,10,not_b
4,3896,753,754,1,and
4,3897,642,643,5,b
4,3898,3238,3239,5,b
4,3899,1316,1317,8,not_or
4,3900,1216,1217,4,not_implied_by
4,3901,2042,2043,10,not_b
4,3902,511,512,8,not_or
4,3903,2342,2343,10,not_b
4,3904,3678,3679,6,xor
4,3905,1261,1262,10,not_b
4,3906,3266,3267,9,not_xor
4,3907,1240,1241,6,xor
4,3908,1237,1238,10,not_b
4,3909,1332,1333,11,implied_by
4,3910,2303,2304,12,not_a
4,3911,3916,3917,3,a
4,3912,1879,1880,5,b
4,3913,138,139,4,not_implied_by
4,3914,3288,3289,6,xor
4,3915,1291,1292,12,not_a
4,3916,1473,1474,9,not_xor
4,3917,1315,1316,9,not_xor
4,3918,2474,2475,9,not_xor
4,3919,848,849,5,b
4,3920,1967,1968,9,not_xor
4,3921,2141,2142,13,implies
4,3922,2103,2104,2,not_implies
4,3923,2508,2509,3,a
4,3924,378,379,5,b
4,3925,729,730,0,zero
4,3926,1916,1917,6,xor
4,3927,3270,3271,1,and
4,3928,221,222,12,not_a
4,3929,1013,1014,12,not_a
4,3930,1854,1855,5,b
4,3931,2031,2032,5,b
4,3932,1899,1900,10,not_b
4,3933,998,999,13,implies
4,3934,698,699,9,not_xor
4,3935,757,758,6,xor
4,3936,1212,1213,3,a
4,3937,95,96,8,not_or
4,3938,2273,2274,3,a
4,3939,1827,1828,12,not_a
4,3940,1028,1029,2,not_implies
4,3941,2805,2806,13,implies
4,3942,3763,3764,9,not_xor
4,3943,618,619,14,not_and
4,3944,2400,2401,8,not_or
4,3945,2577,2578,13,implies
4,3946,2502,2503,10,not_b
4,3947,1347,1348,10,not_b
4,3948,1354,1355,12,not_a
4,3949,1350,1351,9,not_xor
4,3950,3336,3337,5,b
4,3951,3265,3266,3,a
4,3952,3452,3453,6,xor
4,3953,3276,3277,9,not_xor
4,3954,572,573,6,xor
4,3955,2898,2899,9,not_xor
4,3956,1604,1605,12,not_a
4,3957,1544,1545,5,b
4,3958,3877,3878,3,a
4,3959,29,30,5,b
4,3960,2684,2685,12,not_a
4,3961,226,227,10,not_b
4,3962,1238,1239,12,not_a
4,3963,922,923,2,not_implies
4,3964,3769,3770,1,and
4,3965,584,585,9,not_xor
4,3966,3745,3746,5,b
4,3967,1607,1608,5,b
4,3968,3186,3187,10,not_b
4,3969,947,948,12,not_a
4,3970,2779,2780,9,not_xor
4,3971,3872,3873,9,not_xor
4,3972,191,192,10,not_b
4,3973,565,566,5,b
4,3974,3693,3694,6,xor
4,3975,1033,1034,12,not_a
4,3976,2586,2587,6,xor
4,3977,2601,2602,4,not_implied_by
4,3978,948,949,6,xor
4,3979,370,371,3,a
4,3980,554,555,8,not_or
4,3981,2140,2141,12,not_a
4,3982,2970,2971,7,or
4,3983,2639,2640,10,not_b
4,3984,228,229,7,or
4,3985,3716,3717,13,implies
4,3986,117,118,7,or
4,3987,1049,1050,14,not_and
4,3988,2393,2394,6,xor
4,3989,344,345,0,zero
4,3990,3481,3482,10,not_b
4,3991,3206,3207,10,not_b
4,3992,1106,1107,2,not_implies
4,3993,3755,3756,13,implies
4,3994,3770,3771,9,not_xor
4,3995,1474,1475,5,b
4,3996,1599,1600,6,xor
4,3997,3949,3950,6,xor
4,3998,654,655,10,not_b
4,3999,1535,1536,10,not_b
