layer,neuron,input_a,input_b,gate_id,gate_name
1,0,651,653,7,or
1,1,108,115,11,implied_by
1,2,470,472,1,and
1,3,366,374,9,not_xor
1,4,556,558,9,not_xor
1,5,326,334,12,not_a
1,6,472,479,3,a
1,7,51,58,6,xor
1,8,193,197,13,implies
1,9,430,436,11,implied_by
1,10,78,86,6,xor
1,11,103,110,10,not_b
1,12,581,588,10,not_b
1,13,546,549,9,not_xor
1,14,366,371,4,not_implied_by
1,15,14,19,10,not_b
1,16,715,717,6,xor
1,17,45,49,14,not_and
1,18,349,353,13,implies
1,19,662,665,13,implies
1,20,232,236,8,not_or
1,21,457,463,7,or
1,22,90,93,7,or
1,23,462,468,6,xor
1,24,186,191,3,a
1,25,420,422,6,xor
1,26,638,640,8,not_or
1,27,701,705,8,not_or
1,28,366,370,0,zero
1,29,258,260,7,or
1,30,53,60,9,not_xor
1,31,241,246,10,not_b
1,32,555,559,6,xor
1,33,344,351,3,a
1,34,16,24,3,a
1,35,210,215,6,xor
1,36,464,466,13,implies
1,37,572,577,8,not_or
1,38,551,556,13,implies
1,39,87,91,8,not_or
1,40,604,607,8,not_or
1,41,419,422,8,not_or
1,42,340,342,6,xor
1,43,408,413,7,or
1,44,416,422,7,or
1,45,101,104,10,not_b
1,46,556,563,5,b
1,47,738,745,5,b
1,48,94,95,14,not_and
1,49,98,103,7,or
1,50,400,402,8,not_or
1,51,367,375,8,not_or
1,52,196,200,15,one
1,53,678,679,8,not_or
1,54,193,200,7,or
1,55,234,237,8,not_or
1,56,364,372,11,implied_by
1,57,80,82,13,implies
1,58,78,82,3,a
1,59,163,170,8,not_or
1,60,605,609,4,not_implied_by
1,61,1,7,5,b
1,62,131,136,8,not_or
1,63,304,308,7,or
1,64,648,650,3,a
1,65,673,674,12,not_a
1,66,212,216,11,implied_by
1,67,143,148,10,not_b
1,68,690,694,2,not_implies
1,69,421,424,5,b
1,70,632,635,3,a
1,71,533,537,13,implies
1,72,178,184,13,implies
1,73,344,349,1,and
1,74,545,548,7,or
1,75,118,120,8,not_or
1,76,340,341,12,not_a
1,77,374,378,10,not_b
1,78,94,101,4,not_implied_by
1,79,359,362,13,implies
1,80,362,364,7,or
1,81,214,217,11,implied_by
1,82,220,224,4,not_implied_by
1,83,523,527,15,one
1,84,397,405,12,not_a
1,85,147,153,3,a
1,86,352,355,13,implies
1,87,154,162,8,not_or
1,88,496,504,6,xor
1,89,732,735,14,not_and
1,90,165,172,7,or
1,91,723,727,3,a
1,92,654,656,6,xor
1,93,194,198,3,a
1,94,34,38,9,not_xor
1,95,57,61,13,implies
1,96,180,188,2,not_implies
1,97,715,720,6,xor
1,98,768,769,6,xor
1,99,477,481,9,not_xor
1,100,355,362,7,or
1,101,190,193,9,not_xor
1,102,353,356,4,not_implied_by
1,103,582,584,9,not_xor
1,104,649,655,7,or
1,105,476,479,2,not_implies
1,106,272,280,2,not_implies
1,107,289,295,4,not_implied_by
1,108,411,416,6,xor
1,109,644,646,0,zero
1,110,439,443,9,not_xor
1,111,371,376,10,not_b
1,112,723,728,1,and
1,113,424,431,6,xor
1,114,56,59,9,not_xor
1,115,537,544,6,xor
1,116,277,283,10,not_b
1,117,7,11,7,or
1,118,750,756,8,not_or
1,119,673,679,6,xor
1,120,1,9,0,zero
1,121,130,138,12,not_a
1,122,645,646,6,xor
1,123,339,344,7,or
1,124,196,197,5,b
1,125,193,201,11,implied_by
1,126,477,479,9,not_xor
1,127,695,701,2,not_implies
1,128,306,313,2,not_implies
1,129,484,487,10,not_b
1,130,629,630,5,b
1,131,646,649,7,or
1,132,77,78,12,not_a
1,133,246,249,6,xor
1,134,309,310,0,zero
1,135,380,382,10,not_b
1,136,388,396,8,not_or
1,137,755,757,6,xor
1,138,47,52,10,not_b
1,139,294,300,7,or
1,140,501,505,9,not_xor
1,141,55,62,6,xor
1,142,602,609,10,not_b
1,143,222,230,4,not_implied_by
1,144,686,693,5,b
1,145,308,311,15,one
1,146,291,292,12,not_a
1,147,731,737,4,not_implied_by
1,148,693,698,8,not_or
1,149,207,214,4,not_implied_by
1,150,589,593,0,zero
1,151,652,656,9,not_xor
1,152,408,412,6,xor
1,153,460,466,11,implied_by
1,154,397,400,9,not_xor
1,155,28,35,4,not_implied_by
1,156,347,348,5,b
1,157,699,704,8,not_or
1,158,37,44,9,not_xor
1,159,333,339,6,xor
1,160,183,188,5,b
1,161,248,250,9,not_xor
1,162,163,168,13,implies
1,163,267,271,4,not_implied_by
1,164,404,411,13,implies
1,165,341,344,9,not_xor
1,166,17,22,6,xor
1,167,774,781,3,a
1,168,637,639,3,a
1,169,687,694,5,b
1,170,677,679,4,not_implied_by
1,171,0,7,9,not_xor
1,172,44,45,7,or
1,173,461,466,8,not_or
1,174,398,406,11,implied_by
1,175,477,478,9,not_xor
1,176,623,629,4,not_implied_by
1,177,324,331,11,implied_by
1,178,738,744,10,not_b
1,179,588,591,8,not_or
1,180,156,158,12,not_a
1,181,654,658,4,not_implied_by
1,182,339,346,7,or
1,183,401,407,11,implied_by
1,184,0,2,12,not_a
1,185,235,242,3,a
1,186,14,15,8,not_or
1,187,771,775,13,implies
1,188,572,574,9,not_xor
1,189,326,333,11,implied_by
1,190,742,744,5,b
1,191,141,142,8,not_or
1,192,252,260,6,xor
1,193,542,544,13,implies
1,194,474,477,7,or
1,195,551,555,4,not_implied_by
1,196,95,96,8,not_or
1,197,453,458,13,implies
1,198,536,539,13,implies
1,199,283,291,3,a
1,200,64,65,8,not_or
1,201,276,280,15,one
1,202,482,486,1,and
1,203,9,10,6,xor
1,204,602,605,9,not_xor
1,205,679,681,6,xor
1,206,752,757,2,not_implies
1,207,441,449,6,xor
1,208,403,411,8,not_or
1,209,365,371,10,not_b
1,210,114,115,6,xor
1,211,759,760,1,and
1,212,734,739,7,or
1,213,412,420,13,implies
1,214,525,533,8,not_or
1,215,314,318,10,not_b
1,216,48,55,8,not_or
1,217,294,297,8,not_or
1,218,369,377,13,implies
1,219,407,412,1,and
1,220,628,632,9,not_xor
1,221,658,662,5,b
1,222,771,772,3,a
1,223,350,356,13,implies
1,224,128,135,13,implies
1,225,86,88,4,not_implied_by
1,226,159,165,0,zero
1,227,680,681,12,not_a
1,228,508,511,10,not_b
1,229,267,273,5,b
1,230,561,566,10,not_b
1,231,69,70,7,or
1,232,722,725,3,a
1,233,634,640,9,not_xor
1,234,637,643,5,b
1,235,763,764,5,b
1,236,401,405,4,not_implied_by
1,237,574,580,2,not_implies
1,238,102,103,7,or
1,239,770,776,13,implies
1,240,331,332,4,not_implied_by
1,241,27,28,3,a
1,242,764,769,15,one
1,243,395,401,12,not_a
1,244,371,374,9,not_xor
1,245,457,458,8,not_or
1,246,387,390,8,not_or
1,247,451,454,6,xor
1,248,462,466,6,xor
1,249,761,764,5,b
1,250,618,625,8,not_or
1,251,471,479,2,not_implies
1,252,256,262,8,not_or
1,253,633,635,8,not_or
1,254,742,748,3,a
1,255,715,716,6,xor
1,256,491,498,12,not_a
1,257,111,117,10,not_b
1,258,606,608,10,not_b
1,259,344,346,8,not_or
1,260,506,514,6,xor
1,261,646,647,8,not_or
1,262,99,107,9,not_xor
1,263,527,528,8,not_or
1,264,197,199,8,not_or
1,265,382,387,2,not_implies
1,266,767,772,9,not_xor
1,267,173,181,6,xor
1,268,732,738,13,implies
1,269,14,18,4,not_implied_by
1,270,627,629,3,a
1,271,207,212,7,or
1,272,402,403,4,not_implied_by
1,273,717,722,5,b
1,274,3,7,10,not_b
1,275,653,656,14,not_and
1,276,132,134,6,xor
1,277,603,610,12,not_a
1,278,698,700,10,not_b
1,279,363,367,11,implied_by
1,280,514,516,13,implies
1,281,655,656,9,not_xor
1,282,113,117,8,not_or
1,283,587,592,7,or
1,284,350,352,6,xor
1,285,158,164,8,not_or
1,286,294,298,7,or
1,287,152,155,3,a
1,288,612,619,5,b
1,289,582,586,7,or
1,290,394,400,4,not_implied_by
1,291,278,283,6,xor
1,292,712,717,8,not_or
1,293,406,411,3,a
1,294,408,409,12,not_a
1,295,414,421,5,b
1,296,606,607,6,xor
1,297,494,501,10,not_b
1,298,215,221,15,one
1,299,64,69,11,implied_by
1,300,1,4,1,and
1,301,303,306,2,not_implies
1,302,222,224,10,not_b
1,303,583,590,0,zero
1,304,743,746,8,not_or
1,305,653,660,11,implied_by
1,306,743,748,10,not_b
1,307,94,102,14,not_and
1,308,438,444,5,b
1,309,319,320,1,and
1,310,173,179,6,xor
1,311,472,475,3,a
1,312,467,471,8,not_or
1,313,455,458,8,not_or
1,314,329,333,9,not_xor
1,315,622,624,8,not_or
1,316,191,196,12,not_a
1,317,752,758,3,a
1,318,484,489,5,b
1,319,164,170,14,not_and
1,320,520,526,3,a
1,321,462,469,14,not_and
1,322,708,709,14,not_and
1,323,706,712,10,not_b
1,324,782,783,9,not_xor
1,325,559,562,11,implied_by
1,326,434,442,10,not_b
1,327,372,379,10,not_b
1,328,1,3,6,xor
1,329,122,128,1,and
1,330,374,379,3,a
1,331,685,686,1,and
1,332,139,140,6,xor
1,333,646,650,14,not_and
1,334,284,291,3,a
1,335,730,735,2,not_implies
1,336,140,145,11,implied_by
1,337,563,565,9,not_xor
1,338,390,395,3,a
1,339,192,194,3,a
1,340,629,631,14,not_and
1,341,387,395,2,not_implies
1,342,373,374,5,b
1,343,394,397,11,implied_by
1,344,2,6,12,not_a
1,345,94,96,7,or
1,346,599,602,5,b
1,347,611,615,6,xor
1,348,68,72,3,a
1,349,71,74,3,a
1,350,518,524,5,b
1,351,399,400,3,a
1,352,90,92,13,implies
1,353,716,720,9,not_xor
1,354,662,669,10,not_b
1,355,618,619,12,not_a
1,356,714,720,7,or
1,357,459,460,13,implies
1,358,214,222,0,zero
1,359,519,527,1,and
1,360,17,24,6,xor
1,361,31,37,9,not_xor
1,362,661,668,0,zero
1,363,344,347,7,or
1,364,505,508,5,b
1,365,333,336,1,and
1,366,118,121,7,or
1,367,477,482,10,not_b
1,368,306,312,5,b
1,369,175,183,13,implies
1,370,321,328,1,and
1,371,546,550,1,and
1,372,745,749,11,implied_by
1,373,193,195,3,a
1,374,16,20,1,and
1,375,308,312,10,not_b
1,376,114,116,7,or
1,377,301,309,9,not_xor
1,378,627,631,12,not_a
1,379,210,217,8,not_or
1,380,368,376,11,implied_by
1,381,375,378,14,not_and
1,382,90,97,6,xor
1,383,298,306,6,xor
1,384,109,117,5,b
1,385,566,571,3,a
1,386,177,185,1,and
1,387,325,327,7,or
1,388,358,365,6,xor
1,389,603,604,5,b
1,390,577,583,14,not_and
1,391,347,352,12,not_a
1,392,374,382,1,and
1,393,678,683,6,xor
1,394,605,612,11,implied_by
1,395,138,139,1,and
1,396,705,708,6,xor
1,397,314,315,7,or
1,398,667,672,2,not_implies
1,399,96,98,8,not_or
1,400,494,498,1,and
1,401,758,762,5,b
1,402,629,635,3,a
1,403,54,56,1,and
1,404,667,674,8,not_or
1,405,609,612,9,not_xor
1,406,475,476,13,implies
1,407,525,528,8,not_or
1,408,67,68,1,and
1,409,373,379,4,not_implied_by
1,410,718,719,5,b
1,411,374,375,8,not_or
1,412,656,660,8,not_or
1,413,55,57,6,xor
1,414,775,782,12,not_a
1,415,621,623,2,not_implies
1,416,124,126,10,not_b
1,417,560,565,6,xor
1,418,516,523,6,xor
1,419,322,325,12,not_a
1,420,95,103,14,not_and
1,421,283,286,14,not_and
1,422,465,472,14,not_and
1,423,700,706,10,not_b
1,424,213,219,8,not_or
1,425,281,287,5,b
1,426,576,577,0,zero
1,427,720,724,15,one
1,428,180,182,8,not_or
1,429,463,471,9,not_xor
1,430,218,222,5,b
1,431,656,663,1,and
1,432,226,230,11,implied_by
1,433,192,198,14,not_and
1,434,529,534,6,xor
1,435,327,335,10,not_b
1,436,71,73,6,xor
1,437,322,329,4,not_implied_by
1,438,36,42,6,xor
1,439,549,551,10,not_b
1,440,31,38,7,or
1,441,231,233,8,not_or
1,442,94,100,7,or
1,443,506,513,10,not_b
1,444,257,261,5,b
1,445,24,29,2,not_implies
1,446,357,361,8,not_or
1,447,46,54,7,or
1,448,686,690,7,or
1,449,653,659,12,not_a
1,450,217,225,5,b
1,451,15,18,6,xor
1,452,72,76,8,not_or
1,453,558,560,9,not_xor
1,454,152,158,3,a
1,455,294,302,5,b
1,456,43,45,5,b
1,457,378,384,8,not_or
1,458,269,270,6,xor
1,459,95,98,9,not_xor
1,460,141,147,11,implied_by
1,461,362,370,7,or
1,462,206,209,4,not_implied_by
1,463,230,232,12,not_a
1,464,639,645,5,b
1,465,105,107,7,or
1,466,333,340,9,not_xor
1,467,87,90,3,a
1,468,578,584,9,not_xor
1,469,532,538,3,a
1,470,569,570,10,not_b
1,471,626,633,6,xor
1,472,190,198,11,implied_by
1,473,224,230,9,not_xor
1,474,389,391,5,b
1,475,2,5,14,not_and
1,476,681,684,9,not_xor
1,477,76,78,15,one
1,478,170,177,12,not_a
1,479,430,435,4,not_implied_by
1,480,583,588,5,b
1,481,114,118,6,xor
1,482,223,228,10,not_b
1,483,522,523,6,xor
1,484,698,699,8,not_or
1,485,641,644,2,not_implies
1,486,488,496,3,a
1,487,516,522,10,not_b
1,488,452,454,6,xor
1,489,284,285,7,or
1,490,740,742,5,b
1,491,303,307,2,not_implies
1,492,663,667,7,or
1,493,228,232,7,or
1,494,117,123,7,or
1,495,98,100,9,not_xor
1,496,90,96,6,xor
1,497,161,168,3,a
1,498,550,556,3,a
1,499,599,603,1,and
1,500,552,555,4,not_implied_by
1,501,432,434,6,xor
1,502,598,600,9,not_xor
1,503,372,373,8,not_or
1,504,255,262,5,b
1,505,356,360,11,implied_by
1,506,727,728,12,not_a
1,507,748,752,12,not_a
1,508,194,201,5,b
1,509,234,235,7,or
1,510,701,702,1,and
1,511,168,171,10,not_b
1,512,729,730,9,not_xor
1,513,295,302,12,not_a
1,514,675,681,5,b
1,515,35,37,7,or
1,516,581,584,5,b
1,517,356,362,13,implies
1,518,323,328,14,not_and
1,519,561,565,12,not_a
1,520,23,27,0,zero
1,521,104,108,5,b
1,522,359,365,12,not_a
1,523,584,590,12,not_a
1,524,600,602,13,implies
1,525,250,258,4,not_implied_by
1,526,358,360,9,not_xor
1,527,82,87,4,not_implied_by
1,528,81,85,3,a
1,529,86,94,5,b
1,530,263,269,11,implied_by
1,531,517,522,5,b
1,532,662,663,1,and
1,533,443,446,12,not_a
1,534,358,364,0,zero
1,535,703,705,9,not_xor
1,536,776,777,8,not_or
1,537,374,381,10,not_b
1,538,270,278,2,not_implies
1,539,179,186,3,a
1,540,392,399,10,not_b
1,541,9,11,8,not_or
1,542,696,697,8,not_or
1,543,117,125,15,one
1,544,61,69,7,or
1,545,267,268,3,a
1,546,37,43,1,and
1,547,369,375,5,b
1,548,125,128,14,not_and
1,549,547,549,14,not_and
1,550,4,10,6,xor
1,551,584,591,12,not_a
1,552,168,172,9,not_xor
1,553,545,546,6,xor
1,554,26,30,14,not_and
1,555,303,305,7,or
1,556,120,127,14,not_and
1,557,709,714,13,implies
1,558,486,493,6,xor
1,559,409,416,6,xor
1,560,372,378,11,implied_by
1,561,468,473,7,or
1,562,580,586,7,or
1,563,631,632,3,a
1,564,746,750,6,xor
1,565,618,622,9,not_xor
1,566,20,28,15,one
1,567,449,456,11,implied_by
1,568,197,201,11,implied_by
1,569,529,531,10,not_b
1,570,313,319,2,not_implies
1,571,587,591,1,and
1,572,91,94,12,not_a
1,573,67,74,10,not_b
1,574,22,26,8,not_or
1,575,188,189,5,b
1,576,221,227,6,xor
1,577,32,35,7,or
1,578,389,395,14,not_and
1,579,15,20,8,not_or
1,580,418,426,11,implied_by
1,581,548,553,7,or
1,582,702,708,10,not_b
1,583,489,492,6,xor
1,584,532,539,4,not_implied_by
1,585,291,293,4,not_implied_by
1,586,649,652,10,not_b
1,587,204,210,8,not_or
1,588,599,606,14,not_and
1,589,184,188,5,b
1,590,533,534,10,not_b
1,591,296,298,5,b
1,592,576,581,10,not_b
1,593,570,576,3,a
1,594,547,553,9,not_xor
1,595,155,158,9,not_xor
1,596,329,331,14,not_and
1,597,388,391,7,or
1,598,312,318,1,and
1,599,382,385,2,not_implies
1,600,362,365,9,not_xor
1,601,196,199,5,b
1,602,349,357,6,xor
1,603,524,525,7,or
1,604,21,25,3,a
1,605,709,710,14,not_and
1,606,508,509,8,not_or
1,607,590,591,3,a
1,608,458,462,10,not_b
1,609,177,179,7,or
1,610,115,123,4,not_implied_by
1,611,760,765,4,not_implied_by
1,612,767,769,4,not_implied_by
1,613,536,540,9,not_xor
1,614,500,502,6,xor
1,615,531,538,6,xor
1,616,354,356,5,b
1,617,332,336,7,or
1,618,648,654,12,not_a
1,619,167,169,1,and
1,620,523,529,10,not_b
1,621,757,762,2,not_implies
1,622,30,35,5,b
1,623,482,484,10,not_b
1,624,593,595,3,a
1,625,228,234,14,not_and
1,626,103,108,15,one
1,627,108,111,1,and
1,628,478,486,8,not_or
1,629,224,228,11,implied_by
1,630,522,527,15,one
1,631,266,271,1,and
1,632,717,719,6,xor
1,633,481,487,5,b
1,634,773,776,13,implies
1,635,184,190,3,a
1,636,408,415,8,not_or
1,637,571,573,1,and
1,638,582,587,13,implies
1,639,515,518,7,or
1,640,687,689,8,not_or
1,641,196,201,7,or
1,642,217,218,6,xor
1,643,269,271,14,not_and
1,644,343,344,8,not_or
1,645,262,266,9,not_xor
1,646,315,322,6,xor
1,647,544,551,6,xor
1,648,202,205,13,implies
1,649,466,471,10,not_b
1,650,157,159,3,a
1,651,201,206,3,a
1,652,738,743,9,not_xor
1,653,562,568,8,not_or
1,654,8,16,5,b
1,655,237,245,9,not_xor
1,656,300,305,13,implies
1,657,379,384,6,xor
1,658,419,420,7,or
1,659,229,230,4,not_implied_by
1,660,492,493,14,not_and
1,661,423,430,12,not_a
1,662,306,309,10,not_b
1,663,272,277,2,not_implies
1,664,438,442,14,not_and
1,665,570,573,3,a
1,666,634,641,3,a
1,667,403,405,2,not_implies
1,668,579,582,9,not_xor
1,669,378,381,8,not_or
1,670,351,354,10,not_b
1,671,348,352,8,not_or
1,672,739,740,7,or
1,673,302,308,15,one
1,674,766,772,6,xor
1,675,320,327,2,not_implies
1,676,325,329,4,not_implied_by
1,677,429,431,2,not_implies
1,678,15,21,3,a
1,679,195,199,1,and
1,680,539,544,5,b
1,681,326,330,6,xor
1,682,659,663,6,xor
1,683,761,766,7,or
1,684,720,722,6,xor
1,685,600,601,11,implied_by
1,686,432,433,12,not_a
1,687,717,720,7,or
1,688,205,206,8,not_or
1,689,353,355,3,a
1,690,14,21,2,not_implies
1,691,448,451,7,or
1,692,51,56,14,not_and
1,693,751,752,8,not_or
1,694,68,69,12,not_a
1,695,80,84,0,zero
1,696,261,268,3,a
1,697,435,440,2,not_implies
1,698,595,596,6,xor
1,699,373,380,4,not_implied_by
1,700,469,472,13,implies
1,701,427,430,6,xor
1,702,306,308,6,xor
1,703,716,722,9,not_xor
1,704,589,595,10,not_b
1,705,331,337,13,implies
1,706,537,539,12,not_a
1,707,20,26,12,not_a
1,708,705,707,14,not_and
1,709,301,306,5,b
1,710,630,632,4,not_implied_by
1,711,438,440,0,zero
1,712,179,181,10,not_b
1,713,510,516,6,xor
1,714,370,377,8,not_or
1,715,469,474,4,not_implied_by
1,716,298,299,2,not_implies
1,717,299,306,13,implies
1,718,399,402,1,and
1,719,406,409,14,not_and
1,720,59,66,4,not_implied_by
1,721,508,513,3,a
1,722,1,8,5,b
1,723,726,732,13,implies
1,724,315,319,12,not_a
1,725,625,630,10,not_b
1,726,253,259,6,xor
1,727,677,684,10,not_b
1,728,701,704,8,not_or
1,729,476,481,10,not_b
1,730,600,606,5,b
1,731,762,768,5,b
1,732,385,388,3,a
1,733,227,231,7,or
1,734,540,545,5,b
1,735,546,552,7,or
1,736,361,368,8,not_or
1,737,236,238,6,xor
1,738,46,52,9,not_xor
1,739,154,158,8,not_or
1,740,769,776,12,not_a
1,741,53,56,9,not_xor
1,742,276,277,13,implies
1,743,126,127,1,and
1,744,733,737,2,not_implies
1,745,47,53,6,xor
1,746,483,488,11,implied_by
1,747,398,401,9,not_xor
1,748,612,616,12,not_a
1,749,704,711,11,implied_by
1,750,690,691,5,b
1,751,594,595,6,xor
1,752,3,9,9,not_xor
1,753,176,177,8,not_or
1,754,6,13,6,xor
1,755,657,660,1,and
1,756,604,610,9,not_xor
1,757,75,76,6,xor
1,758,48,53,13,implies
1,759,256,260,11,implied_by
1,760,139,143,6,xor
1,761,311,317,5,b
1,762,121,126,6,xor
1,763,307,311,4,not_implied_by
1,764,516,517,1,and
1,765,527,529,14,not_and
1,766,177,182,6,xor
1,767,425,430,4,not_implied_by
1,768,49,53,4,not_implied_by
1,769,765,769,11,implied_by
1,770,45,47,9,not_xor
1,771,398,404,3,a
1,772,160,165,14,not_and
1,773,634,639,13,implies
1,774,729,736,6,xor
1,775,439,441,8,not_or
1,776,341,343,8,not_or
1,777,642,648,10,not_b
1,778,354,357,11,implied_by
1,779,491,492,8,not_or
1,780,64,72,8,not_or
1,781,90,91,9,not_xor
1,782,18,20,8,not_or
1,783,453,457,7,or
1,784,677,680,6,xor
1,785,487,488,14,not_and
1,786,372,374,10,not_b
1,787,526,532,2,not_implies
1,788,505,507,2,not_implies
1,789,679,682,9,not_xor
1,790,530,534,6,xor
1,791,242,247,6,xor
1,792,343,346,9,not_xor
1,793,130,134,10,not_b
1,794,25,33,4,not_implied_by
1,795,264,267,10,not_b
1,796,512,518,8,not_or
1,797,166,172,7,or
1,798,419,427,10,not_b
1,799,290,291,7,or
1,800,71,79,4,not_implied_by
1,801,605,610,12,not_a
1,802,3,6,10,not_b
1,803,166,169,6,xor
1,804,28,33,3,a
1,805,57,60,11,implied_by
1,806,250,251,9,not_xor
1,807,712,715,3,a
1,808,722,729,7,or
1,809,723,726,9,not_xor
1,810,342,348,6,xor
1,811,667,668,3,a
1,812,11,15,12,not_a
1,813,49,52,13,implies
1,814,55,58,4,not_implied_by
1,815,225,233,4,not_implied_by
1,816,286,287,9,not_xor
1,817,499,500,3,a
1,818,313,320,4,not_implied_by
1,819,147,155,12,not_a
1,820,608,612,5,b
1,821,696,701,3,a
1,822,576,583,10,not_b
1,823,670,672,6,xor
1,824,44,49,3,a
1,825,21,23,13,implies
1,826,230,231,8,not_or
1,827,655,658,9,not_xor
1,828,239,244,7,or
1,829,55,59,15,one
1,830,472,478,13,implies
1,831,275,282,6,xor
1,832,256,261,8,not_or
1,833,165,170,3,a
1,834,429,437,11,implied_by
1,835,461,463,6,xor
1,836,207,211,7,or
1,837,560,562,9,not_xor
1,838,762,766,10,not_b
1,839,604,611,12,not_a
1,840,668,669,7,or
1,841,662,668,7,or
1,842,378,383,5,b
1,843,721,725,14,not_and
1,844,690,695,11,implied_by
1,845,215,220,6,xor
1,846,406,410,1,and
1,847,724,728,2,not_implies
1,848,486,491,9,not_xor
1,849,554,560,9,not_xor
1,850,525,532,3,a
1,851,133,134,7,or
1,852,739,746,8,not_or
1,853,543,550,10,not_b
1,854,492,497,0,zero
1,855,580,581,9,not_xor
1,856,205,208,14,not_and
1,857,558,564,7,or
1,858,623,626,1,and
1,859,228,236,12,not_a
1,860,422,423,3,a
1,861,86,87,3,a
1,862,692,698,8,not_or
1,863,328,336,6,xor
1,864,293,299,2,not_implies
1,865,254,259,7,or
1,866,104,111,14,not_and
1,867,8,11,7,or
1,868,111,119,15,one
1,869,631,635,1,and
1,870,526,527,10,not_b
1,871,18,23,1,and
1,872,497,500,7,or
1,873,14,16,8,not_or
1,874,539,540,9,not_xor
1,875,245,246,9,not_xor
1,876,521,529,7,or
1,877,617,619,10,not_b
1,878,766,773,8,not_or
1,879,375,382,10,not_b
1,880,115,122,14,not_and
1,881,9,15,11,implied_by
1,882,726,729,14,not_and
1,883,234,239,6,xor
1,884,719,726,2,not_implies
1,885,19,24,2,not_implies
1,886,591,598,6,xor
1,887,392,395,6,xor
1,888,431,432,7,or
1,889,350,353,12,not_a
1,890,578,583,13,implies
1,891,223,230,4,not_implied_by
1,892,464,471,12,not_a
1,893,320,328,13,implies
1,894,741,743,10,not_b
1,895,238,239,13,implies
1,896,519,523,8,not_or
1,897,198,205,7,or
1,898,225,231,10,not_b
1,899,592,593,8,not_or
1,900,135,141,4,not_implied_by
1,901,329,330,4,not_implied_by
1,902,685,689,10,not_b
1,903,675,680,9,not_xor
1,904,349,350,11,implied_by
1,905,137,142,12,not_a
1,906,3,11,10,not_b
1,907,728,735,15,one
1,908,129,137,9,not_xor
1,909,649,653,4,not_implied_by
1,910,68,76,1,and
1,911,560,566,7,or
1,912,243,245,14,not_and
1,913,535,541,9,not_xor
1,914,669,676,2,not_implies
1,915,197,203,3,a
1,916,196,202,6,xor
1,917,287,295,3,a
1,918,617,618,10,not_b
1,919,135,143,7,or
1,920,724,727,9,not_xor
1,921,391,395,0,zero
1,922,101,103,14,not_and
1,923,771,777,6,xor
1,924,309,312,9,not_xor
1,925,611,617,9,not_xor
1,926,130,135,6,xor
1,927,12,17,13,implies
1,928,18,24,4,not_implied_by
1,929,348,351,6,xor
1,930,544,549,3,a
1,931,522,528,3,a
1,932,613,619,7,or
1,933,628,635,9,not_xor
1,934,43,50,7,or
1,935,184,186,3,a
1,936,309,313,8,not_or
1,937,342,346,8,not_or
1,938,463,467,12,not_a
1,939,411,412,6,xor
1,940,303,304,4,not_implied_by
1,941,709,712,7,or
1,942,560,567,6,xor
1,943,749,752,13,implies
1,944,682,687,7,or
1,945,220,222,7,or
1,946,181,186,4,not_implied_by
1,947,442,445,11,implied_by
1,948,233,234,1,and
1,949,391,396,6,xor
1,950,317,325,4,not_implied_by
1,951,126,132,7,or
1,952,84,85,8,not_or
1,953,567,570,3,a
1,954,695,697,2,not_implies
1,955,40,46,5,b
1,956,493,501,3,a
1,957,32,37,9,not_xor
1,958,710,711,7,or
1,959,81,82,6,xor
1,960,258,261,5,b
1,961,637,641,8,not_or
1,962,224,227,10,not_b
1,963,227,229,10,not_b
1,964,75,79,5,b
1,965,580,582,6,xor
1,966,130,133,11,implied_by
1,967,319,321,3,a
1,968,122,127,3,a
1,969,199,201,11,implied_by
1,970,637,642,1,and
1,971,530,532,6,xor
1,972,678,681,5,b
1,973,591,596,11,implied_by
1,974,424,432,6,xor
1,975,312,320,8,not_or
1,976,287,293,8,not_or
1,977,198,201,1,and
1,978,315,323,9,not_xor
1,979,120,126,7,or
1,980,533,538,8,not_or
1,981,689,695,12,not_a
1,982,617,622,13,implies
1,983,226,232,7,or
1,984,114,121,1,and
1,985,713,719,7,or
1,986,308,313,9,not_xor
1,987,682,685,2,not_implies
1,988,426,429,9,not_xor
1,989,149,156,12,not_a
1,990,576,580,4,not_implied_by
1,991,7,8,9,not_xor
1,992,547,554,12,not_a
1,993,565,569,4,not_implied_by
1,994,11,13,9,not_xor
1,995,347,349,10,not_b
1,996,253,256,5,b
1,997,170,176,9,not_xor
1,998,293,295,9,not_xor
1,999,311,318,2,not_implies
1,1000,758,763,5,b
1,1001,209,216,15,one
1,1002,568,569,6,xor
1,1003,622,628,6,xor
1,1004,643,650,12,not_a
1,1005,102,104,3,a
1,1006,171,177,4,not_implied_by
1,1007,402,405,1,and
1,1008,601,607,10,not_b
1,1009,646,653,11,implied_by
1,1010,404,408,5,b
1,1011,205,210,7,or
1,1012,595,601,10,not_b
1,1013,60,66,13,implies
1,1014,557,562,6,xor
1,1015,42,47,7,or
1,1016,38,39,7,or
1,1017,489,494,7,or
1,1018,354,358,13,implies
1,1019,649,650,5,b
1,1020,300,304,6,xor
1,1021,42,46,9,not_xor
1,1022,256,258,8,not_or
1,1023,312,316,9,not_xor
1,1024,191,195,9,not_xor
1,1025,503,507,3,a
1,1026,297,301,7,or
1,1027,526,531,12,not_a
1,1028,269,275,9,not_xor
1,1029,310,315,6,xor
1,1030,630,636,6,xor
1,1031,431,433,12,not_a
1,1032,327,328,9,not_xor
1,1033,340,348,11,implied_by
1,1034,674,679,9,not_xor
1,1035,469,475,7,or
1,1036,193,196,1,and
1,1037,171,179,14,not_and
1,1038,344,352,12,not_a
1,1039,678,684,7,or
1,1040,114,122,5,b
1,1041,475,478,5,b
1,1042,161,167,5,b
1,1043,21,24,2,not_implies
1,1044,72,73,3,a
1,1045,297,304,7,or
1,1046,578,582,6,xor
1,1047,550,557,11,implied_by
1,1048,67,73,4,not_implied_by
1,1049,31,35,4,not_implied_by
1,1050,129,136,10,not_b
1,1051,381,385,10,not_b
1,1052,505,511,9,not_xor
1,1053,670,674,12,not_a
1,1054,106,110,8,not_or
1,1055,328,335,11,implied_by
1,1056,632,636,4,not_implied_by
1,1057,33,36,8,not_or
1,1058,696,698,7,or
1,1059,292,295,6,xor
1,1060,257,265,7,or
1,1061,345,346,5,b
1,1062,714,718,9,not_xor
1,1063,2,4,6,xor
1,1064,474,481,2,not_implies
1,1065,467,473,10,not_b
1,1066,32,40,11,implied_by
1,1067,754,758,3,a
1,1068,12,20,5,b
1,1069,179,185,12,not_a
1,1070,112,115,12,not_a
1,1071,573,580,2,not_implies
1,1072,659,665,13,implies
1,1073,266,274,9,not_xor
1,1074,680,683,1,and
1,1075,23,24,2,not_implies
1,1076,647,652,6,xor
1,1077,390,397,11,implied_by
1,1078,725,726,4,not_implied_by
1,1079,226,227,2,not_implies
1,1080,448,449,13,implies
1,1081,693,697,2,not_implies
1,1082,635,636,12,not_a
1,1083,60,65,14,not_and
1,1084,749,756,15,one
1,1085,774,775,3,a
1,1086,260,267,12,not_a
1,1087,616,619,5,b
1,1088,488,494,11,implied_by
1,1089,610,611,7,or
1,1090,628,630,5,b
1,1091,370,376,4,not_implied_by
1,1092,754,756,11,implied_by
1,1093,557,563,8,not_or
1,1094,244,252,15,one
1,1095,37,45,7,or
1,1096,457,462,7,or
1,1097,148,153,6,xor
1,1098,767,770,13,implies
1,1099,45,48,2,not_implies
1,1100,15,23,12,not_a
1,1101,613,620,10,not_b
1,1102,41,43,13,implies
1,1103,505,513,4,not_implied_by
1,1104,53,55,0,zero
1,1105,651,657,1,and
1,1106,255,259,8,not_or
1,1107,327,329,2,not_implies
1,1108,619,622,5,b
1,1109,522,530,7,or
1,1110,329,332,9,not_xor
1,1111,73,81,6,xor
1,1112,118,125,9,not_xor
1,1113,113,115,9,not_xor
1,1114,397,402,3,a
1,1115,444,452,11,implied_by
1,1116,94,98,3,a
1,1117,492,498,12,not_a
1,1118,170,171,8,not_or
1,1119,127,130,7,or
1,1120,286,288,12,not_a
1,1121,164,172,10,not_b
1,1122,387,394,7,or
1,1123,300,301,10,not_b
1,1124,531,536,10,not_b
1,1125,453,455,7,or
1,1126,213,214,6,xor
1,1127,419,421,14,not_and
1,1128,101,105,6,xor
1,1129,102,105,5,b
1,1130,513,516,11,implied_by
1,1131,261,264,3,a
1,1132,362,363,8,not_or
1,1133,687,688,3,a
1,1134,104,105,15,one
1,1135,647,650,10,not_b
1,1136,487,493,6,xor
1,1137,41,42,8,not_or
1,1138,562,565,8,not_or
1,1139,520,522,2,not_implies
1,1140,530,538,14,not_and
1,1141,571,572,10,not_b
1,1142,348,355,6,xor
1,1143,461,462,14,not_and
1,1144,381,382,9,not_xor
1,1145,316,321,11,implied_by
1,1146,562,563,8,not_or
1,1147,24,32,14,not_and
1,1148,413,418,3,a
1,1149,662,667,3,a
1,1150,353,361,5,b
1,1151,3,8,7,or
1,1152,730,734,4,not_implied_by
1,1153,764,766,9,not_xor
1,1154,191,192,9,not_xor
1,1155,773,780,9,not_xor
1,1156,577,584,9,not_xor
1,1157,29,36,11,implied_by
1,1158,0,6,5,b
1,1159,43,51,7,or
1,1160,665,671,9,not_xor
1,1161,380,385,13,implies
1,1162,749,750,14,not_and
1,1163,250,257,6,xor
1,1164,725,732,10,not_b
1,1165,239,241,8,not_or
1,1166,304,306,11,implied_by
1,1167,484,486,11,implied_by
1,1168,85,86,8,not_or
1,1169,158,160,5,b
1,1170,256,257,13,implies
1,1171,370,374,3,a
1,1172,461,468,3,a
1,1173,384,386,12,not_a
1,1174,26,31,1,and
1,1175,8,9,4,not_implied_by
1,1176,734,736,10,not_b
1,1177,492,500,12,not_a
1,1178,453,460,9,not_xor
1,1179,644,648,3,a
1,1180,564,565,9,not_xor
1,1181,279,287,7,or
1,1182,549,553,4,not_implied_by
1,1183,660,661,8,not_or
1,1184,250,254,3,a
1,1185,62,65,6,xor
1,1186,715,719,6,xor
1,1187,297,298,11,implied_by
1,1188,353,359,15,one
1,1189,17,19,8,not_or
1,1190,684,687,6,xor
1,1191,607,614,13,implies
1,1192,236,241,4,not_implied_by
1,1193,459,462,3,a
1,1194,238,240,6,xor
1,1195,509,510,12,not_a
1,1196,529,530,5,b
1,1197,483,487,15,one
1,1198,639,642,2,not_implies
1,1199,169,175,11,implied_by
1,1200,737,743,12,not_a
1,1201,237,240,9,not_xor
1,1202,323,324,7,or
1,1203,747,754,4,not_implied_by
1,1204,6,9,15,one
1,1205,548,551,14,not_and
1,1206,384,388,9,not_xor
1,1207,488,491,14,not_and
1,1208,149,151,6,xor
1,1209,474,479,6,xor
1,1210,283,288,10,not_b
1,1211,769,772,10,not_b
1,1212,220,228,7,or
1,1213,164,169,9,not_xor
1,1214,509,512,12,not_a
1,1215,132,139,2,not_implies
1,1216,272,274,0,zero
1,1217,352,353,7,or
1,1218,183,186,14,not_and
1,1219,241,244,1,and
1,1220,175,178,11,implied_by
1,1221,132,138,3,a
1,1222,318,319,0,zero
1,1223,89,92,6,xor
1,1224,422,429,11,implied_by
1,1225,181,187,3,a
1,1226,575,580,10,not_b
1,1227,245,248,5,b
1,1228,64,66,4,not_implied_by
1,1229,277,278,5,b
1,1230,718,722,7,or
1,1231,435,439,8,not_or
1,1232,231,238,2,not_implies
1,1233,128,130,7,or
1,1234,202,209,5,b
1,1235,242,248,5,b
1,1236,300,302,7,or
1,1237,257,264,9,not_xor
1,1238,163,165,15,one
1,1239,372,377,1,and
1,1240,165,167,14,not_and
1,1241,230,234,13,implies
1,1242,446,450,3,a
1,1243,210,212,1,and
1,1244,134,138,8,not_or
1,1245,365,367,8,not_or
1,1246,459,466,10,not_b
1,1247,441,442,7,or
1,1248,344,348,3,a
1,1249,676,680,6,xor
1,1250,313,316,5,b
1,1251,375,379,6,xor
1,1252,628,629,6,xor
1,1253,200,208,14,not_and
1,1254,17,25,6,xor
1,1255,710,714,6,xor
1,1256,66,74,12,not_a
1,1257,521,523,14,not_and
1,1258,306,307,3,a
1,1259,526,528,6,xor
1,1260,753,759,2,not_implies
1,1261,290,297,1,and
1,1262,243,250,6,xor
1,1263,434,440,5,b
1,1264,142,146,7,or
1,1265,266,270,13,implies
1,1266,527,535,4,not_implied_by
1,1267,301,302,7,or
1,1268,473,480,10,not_b
1,1269,622,627,14,not_and
1,1270,51,57,13,implies
1,1271,411,415,7,or
1,1272,144,146,14,not_and
1,1273,140,144,3,a
1,1274,383,387,3,a
1,1275,292,300,9,not_xor
1,1276,507,512,0,zero
1,1277,403,406,14,not_and
1,1278,348,353,12,not_a
1,1279,86,89,11,implied_by
1,1280,41,47,11,implied_by
1,1281,691,693,9,not_xor
1,1282,334,338,7,or
1,1283,113,114,11,implied_by
1,1284,92,96,7,or
1,1285,526,534,5,b
1,1286,583,584,8,not_or
1,1287,333,341,9,not_xor
1,1288,539,541,9,not_xor
1,1289,713,714,7,or
1,1290,605,607,7,or
1,1291,169,177,7,or
1,1292,691,695,3,a
1,1293,167,175,6,xor
1,1294,127,128,1,and
1,1295,280,281,4,not_implied_by
1,1296,609,614,5,b
1,1297,264,271,13,implies
1,1298,443,450,13,implies
1,1299,513,521,13,implies
1,1300,561,563,6,xor
1,1301,625,632,11,implied_by
1,1302,702,705,4,not_implied_by
1,1303,295,303,13,implies
1,1304,682,684,12,not_a
1,1305,415,419,8,not_or
1,1306,414,419,3,a
1,1307,429,433,5,b
1,1308,157,160,10,not_b
1,1309,156,159,11,implied_by
1,1310,683,688,10,not_b
1,1311,180,184,7,or
1,1312,730,732,8,not_or
1,1313,439,445,11,implied_by
1,1314,315,316,8,not_or
1,1315,285,286,7,or
1,1316,28,31,4,not_implied_by
1,1317,185,190,11,implied_by
1,1318,714,716,4,not_implied_by
1,1319,110,116,7,or
1,1320,194,202,2,not_implies
1,1321,554,561,6,xor
1,1322,340,344,5,b
1,1323,640,647,6,xor
1,1324,48,51,12,not_a
1,1325,393,399,4,not_implied_by
1,1326,170,174,0,zero
1,1327,159,160,13,implies
1,1328,473,478,9,not_xor
1,1329,235,241,10,not_b
1,1330,491,495,11,implied_by
1,1331,102,109,6,xor
1,1332,209,213,9,not_xor
1,1333,358,366,9,not_xor
1,1334,146,149,8,not_or
1,1335,307,312,13,implies
1,1336,55,61,1,and
1,1337,44,48,7,or
1,1338,748,749,12,not_a
1,1339,304,309,2,not_implies
1,1340,20,25,11,implied_by
1,1341,202,203,8,not_or
1,1342,317,320,12,not_a
1,1343,581,583,11,implied_by
1,1344,231,237,8,not_or
1,1345,282,285,11,implied_by
1,1346,331,336,12,not_a
1,1347,111,115,1,and
1,1348,629,633,13,implies
1,1349,645,647,9,not_xor
1,1350,207,213,6,xor
1,1351,596,601,13,implies
1,1352,388,390,5,b
1,1353,512,513,7,or
1,1354,75,83,2,not_implies
1,1355,48,50,6,xor
1,1356,536,541,12,not_a
1,1357,166,170,1,and
1,1358,176,182,6,xor
1,1359,479,485,6,xor
1,1360,461,469,12,not_a
1,1361,135,142,6,xor
1,1362,474,478,7,or
1,1363,458,465,9,not_xor
1,1364,99,101,12,not_a
1,1365,588,592,9,not_xor
1,1366,225,229,11,implied_by
1,1367,138,140,13,implies
1,1368,137,144,14,not_and
1,1369,134,141,3,a
1,1370,263,264,12,not_a
1,1371,402,408,9,not_xor
1,1372,702,709,5,b
1,1373,302,307,7,or
1,1374,498,504,7,or
1,1375,19,23,8,not_or
1,1376,464,470,10,not_b
1,1377,108,110,13,implies
1,1378,450,453,10,not_b
1,1379,521,526,5,b
1,1380,110,111,15,one
1,1381,330,334,5,b
1,1382,52,55,2,not_implies
1,1383,196,198,10,not_b
1,1384,357,362,10,not_b
1,1385,777,782,7,or
1,1386,41,48,9,not_xor
1,1387,423,429,6,xor
1,1388,710,717,12,not_a
1,1389,152,157,13,implies
1,1390,364,366,7,or
1,1391,296,299,9,not_xor
1,1392,105,108,6,xor
1,1393,476,480,8,not_or
1,1394,189,195,13,implies
1,1395,145,151,12,not_a
1,1396,631,636,7,or
1,1397,189,192,10,not_b
1,1398,233,235,3,a
1,1399,165,171,8,not_or
1,1400,148,155,7,or
1,1401,684,688,13,implies
1,1402,683,685,9,not_xor
1,1403,616,620,4,not_implied_by
1,1404,124,125,8,not_or
1,1405,425,432,8,not_or
1,1406,469,476,7,or
1,1407,494,496,10,not_b
1,1408,448,452,0,zero
1,1409,352,357,12,not_a
1,1410,463,465,3,a
1,1411,149,153,3,a
1,1412,491,496,14,not_and
1,1413,205,209,7,or
1,1414,659,661,5,b
1,1415,363,371,8,not_or
1,1416,568,573,2,not_implies
1,1417,432,438,9,not_xor
1,1418,481,489,3,a
1,1419,665,672,2,not_implies
1,1420,597,602,9,not_xor
1,1421,400,401,9,not_xor
1,1422,592,599,8,not_or
1,1423,685,690,8,not_or
1,1424,455,456,1,and
1,1425,49,55,7,or
1,1426,684,691,8,not_or
1,1427,618,624,11,implied_by
1,1428,621,627,7,or
1,1429,3,4,15,one
1,1430,281,285,8,not_or
1,1431,690,692,3,a
1,1432,778,781,3,a
1,1433,97,98,6,xor
1,1434,657,661,10,not_b
1,1435,501,503,9,not_xor
1,1436,455,460,2,not_implies
1,1437,129,131,1,and
1,1438,553,555,10,not_b
1,1439,119,126,9,not_xor
1,1440,608,609,9,not_xor
1,1441,694,696,8,not_or
1,1442,274,278,7,or
1,1443,514,521,8,not_or
1,1444,239,245,9,not_xor
1,1445,286,291,13,implies
1,1446,241,247,0,zero
1,1447,578,581,6,xor
1,1448,246,248,3,a
1,1449,666,668,6,xor
1,1450,705,706,7,or
1,1451,376,379,4,not_implied_by
1,1452,481,488,5,b
1,1453,608,611,8,not_or
1,1454,51,59,4,not_implied_by
1,1455,64,67,13,implies
1,1456,404,406,15,one
1,1457,248,249,10,not_b
1,1458,713,717,11,implied_by
1,1459,702,704,7,or
1,1460,644,651,2,not_implies
1,1461,490,497,10,not_b
1,1462,569,573,8,not_or
1,1463,188,193,12,not_a
1,1464,188,194,2,not_implies
1,1465,177,183,0,zero
1,1466,517,520,4,not_implied_by
1,1467,528,529,15,one
1,1468,451,458,6,xor
1,1469,723,730,9,not_xor
1,1470,411,418,3,a
1,1471,237,239,0,zero
1,1472,259,266,8,not_or
1,1473,401,404,12,not_a
1,1474,442,446,10,not_b
1,1475,216,224,6,xor
1,1476,511,514,4,not_implied_by
1,1477,107,111,10,not_b
1,1478,466,474,7,or
1,1479,289,294,5,b
1,1480,74,79,10,not_b
1,1481,323,331,12,not_a
1,1482,730,733,4,not_implied_by
1,1483,590,597,4,not_implied_by
1,1484,346,349,5,b
1,1485,111,114,2,not_implies
1,1486,290,294,9,not_xor
1,1487,202,204,7,or
1,1488,103,105,5,b
1,1489,760,761,14,not_and
1,1490,753,757,12,not_a
1,1491,259,261,6,xor
1,1492,780,782,6,xor
1,1493,60,61,0,zero
1,1494,265,273,4,not_implied_by
1,1495,413,416,6,xor
1,1496,751,758,2,not_implies
1,1497,723,725,8,not_or
1,1498,270,271,12,not_a
1,1499,404,407,5,b
1,1500,351,356,1,and
1,1501,281,284,15,one
1,1502,513,515,8,not_or
1,1503,211,218,6,xor
1,1504,289,292,4,not_implied_by
1,1505,179,183,14,not_and
1,1506,299,301,2,not_implies
1,1507,421,425,10,not_b
1,1508,701,703,12,not_a
1,1509,91,93,6,xor
1,1510,493,500,4,not_implied_by
1,1511,45,53,9,not_xor
1,1512,248,256,10,not_b
1,1513,210,211,5,b
1,1514,241,249,13,implies
1,1515,61,65,10,not_b
1,1516,271,278,5,b
1,1517,578,580,7,or
1,1518,319,322,8,not_or
1,1519,290,296,11,implied_by
1,1520,225,232,2,not_implies
1,1521,750,752,6,xor
1,1522,509,514,7,or
1,1523,434,436,3,a
1,1524,314,320,10,not_b
1,1525,685,692,10,not_b
1,1526,686,688,9,not_xor
1,1527,215,219,10,not_b
1,1528,283,284,14,not_and
1,1529,261,263,9,not_xor
1,1530,399,403,14,not_and
1,1531,132,135,8,not_or
1,1532,608,615,0,zero
1,1533,445,451,6,xor
1,1534,746,749,12,not_a
1,1535,727,731,14,not_and
1,1536,169,176,7,or
1,1537,52,53,7,or
1,1538,429,430,9,not_xor
1,1539,601,603,9,not_xor
1,1540,354,362,9,not_xor
1,1541,422,425,10,not_b
1,1542,352,360,15,one
1,1543,20,23,11,implied_by
1,1544,120,128,9,not_xor
1,1545,667,673,2,not_implies
1,1546,98,105,6,xor
1,1547,369,376,4,not_implied_by
1,1548,189,191,9,not_xor
1,1549,331,339,9,not_xor
1,1550,55,63,13,implies
1,1551,736,741,7,or
1,1552,544,546,3,a
1,1553,293,297,7,or
1,1554,404,410,9,not_xor
1,1555,589,592,10,not_b
1,1556,12,15,12,not_a
1,1557,255,260,4,not_implied_by
1,1558,393,396,11,implied_by
1,1559,376,381,5,b
1,1560,116,117,7,or
1,1561,170,175,8,not_or
1,1562,434,437,14,not_and
1,1563,692,696,8,not_or
1,1564,248,252,8,not_or
1,1565,501,508,7,or
1,1566,156,160,3,a
1,1567,617,621,12,not_a
1,1568,490,496,2,not_implies
1,1569,276,282,6,xor
1,1570,522,529,9,not_xor
1,1571,419,423,7,or
1,1572,318,323,14,not_and
1,1573,10,16,7,or
1,1574,217,223,12,not_a
1,1575,284,288,8,not_or
1,1576,6,7,0,zero
1,1577,552,554,10,not_b
1,1578,315,321,3,a
1,1579,456,464,5,b
1,1580,769,770,9,not_xor
1,1581,172,175,7,or
1,1582,53,57,13,implies
1,1583,595,600,14,not_and
1,1584,602,608,1,and
1,1585,367,373,11,implied_by
1,1586,121,122,1,and
1,1587,602,603,1,and
1,1588,151,158,12,not_a
1,1589,233,238,7,or
1,1590,100,101,6,xor
1,1591,703,704,3,a
1,1592,506,511,12,not_a
1,1593,268,270,9,not_xor
1,1594,162,170,6,xor
1,1595,643,648,3,a
1,1596,479,482,6,xor
1,1597,237,244,15,one
1,1598,181,182,9,not_xor
1,1599,615,616,1,and
1,1600,433,435,5,b
1,1601,683,689,7,or
1,1602,511,512,1,and
1,1603,751,753,8,not_or
1,1604,532,533,1,and
1,1605,175,177,10,not_b
1,1606,141,146,0,zero
1,1607,234,242,3,a
1,1608,83,86,8,not_or
1,1609,334,336,7,or
1,1610,267,272,3,a
1,1611,60,67,7,or
1,1612,743,745,8,not_or
1,1613,160,167,11,implied_by
1,1614,759,765,4,not_implied_by
1,1615,80,85,4,not_implied_by
1,1616,507,509,9,not_xor
1,1617,559,560,13,implies
1,1618,296,303,14,not_and
1,1619,155,162,7,or
1,1620,455,462,3,a
1,1621,31,39,15,one
1,1622,99,106,10,not_b
1,1623,105,110,7,or
1,1624,497,505,7,or
1,1625,774,778,7,or
1,1626,353,358,13,implies
1,1627,660,667,1,and
1,1628,459,467,10,not_b
1,1629,632,638,0,zero
1,1630,760,763,9,not_xor
1,1631,88,90,9,not_xor
1,1632,87,88,8,not_or
1,1633,41,46,8,not_or
1,1634,120,125,8,not_or
1,1635,473,479,3,a
1,1636,74,77,12,not_a
1,1637,689,690,9,not_xor
1,1638,279,280,14,not_and
1,1639,350,357,3,a
1,1640,270,273,1,and
1,1641,647,649,10,not_b
1,1642,405,407,6,xor
1,1643,316,318,3,a
1,1644,425,429,6,xor
1,1645,442,443,7,or
1,1646,495,502,11,implied_by
1,1647,744,748,14,not_and
1,1648,235,240,15,one
1,1649,702,706,6,xor
1,1650,602,604,7,or
1,1651,657,663,7,or
1,1652,588,590,6,xor
1,1653,133,139,15,one
1,1654,26,27,12,not_a
1,1655,70,74,13,implies
1,1656,65,67,13,implies
1,1657,350,354,14,not_and
1,1658,539,547,8,not_or
1,1659,205,211,1,and
1,1660,265,267,9,not_xor
1,1661,179,182,7,or
1,1662,143,147,8,not_or
1,1663,125,126,8,not_or
1,1664,498,502,10,not_b
1,1665,181,183,11,implied_by
1,1666,264,268,13,implies
1,1667,399,406,3,a
1,1668,476,478,0,zero
1,1669,237,241,5,b
1,1670,544,545,6,xor
1,1671,126,134,9,not_xor
1,1672,461,467,6,xor
1,1673,605,608,0,zero
1,1674,716,721,6,xor
1,1675,157,158,1,and
1,1676,110,112,0,zero
1,1677,548,552,8,not_or
1,1678,115,119,9,not_xor
1,1679,700,707,1,and
1,1680,76,83,7,or
1,1681,169,170,11,implied_by
1,1682,9,17,11,implied_by
1,1683,326,331,1,and
1,1684,478,479,7,or
1,1685,8,13,5,b
1,1686,191,197,6,xor
1,1687,52,59,15,one
1,1688,341,342,8,not_or
1,1689,375,380,14,not_and
1,1690,72,74,6,xor
1,1691,432,440,14,not_and
1,1692,324,326,12,not_a
1,1693,115,118,6,xor
1,1694,331,338,2,not_implies
1,1695,122,130,12,not_a
1,1696,236,242,14,not_and
1,1697,73,76,3,a
1,1698,33,40,11,implied_by
1,1699,505,509,4,not_implied_by
1,1700,650,651,9,not_xor
1,1701,485,492,12,not_a
1,1702,137,139,12,not_a
1,1703,324,328,10,not_b
1,1704,634,638,5,b
1,1705,732,733,9,not_xor
1,1706,187,189,13,implies
1,1707,174,179,11,implied_by
1,1708,380,381,6,xor
1,1709,562,567,7,or
1,1710,364,367,5,b
1,1711,120,121,7,or
1,1712,774,776,14,not_and
1,1713,176,180,0,zero
1,1714,444,446,6,xor
1,1715,42,50,3,a
1,1716,487,494,8,not_or
1,1717,328,333,5,b
1,1718,707,710,10,not_b
1,1719,268,269,3,a
1,1720,230,237,12,not_a
1,1721,398,402,12,not_a
1,1722,422,426,6,xor
1,1723,326,332,15,one
1,1724,597,599,9,not_xor
1,1725,139,141,3,a
1,1726,270,272,7,or
1,1727,427,435,6,xor
1,1728,375,383,3,a
1,1729,213,221,13,implies
1,1730,90,94,9,not_xor
1,1731,355,358,7,or
1,1732,186,193,13,implies
1,1733,543,544,10,not_b
1,1734,368,375,12,not_a
1,1735,767,771,0,zero
1,1736,111,118,0,zero
1,1737,219,220,7,or
1,1738,107,109,12,not_a
1,1739,500,503,12,not_a
1,1740,754,759,7,or
1,1741,365,370,11,implied_by
1,1742,245,253,7,or
1,1743,588,589,13,implies
1,1744,396,398,9,not_xor
1,1745,178,181,8,not_or
1,1746,81,84,7,or
1,1747,58,65,9,not_xor
1,1748,391,392,7,or
1,1749,302,303,7,or
1,1750,110,118,10,not_b
1,1751,452,455,6,xor
1,1752,148,154,6,xor
1,1753,313,318,8,not_or
1,1754,366,373,7,or
1,1755,277,280,3,a
1,1756,8,10,5,b
1,1757,50,58,9,not_xor
1,1758,665,668,6,xor
1,1759,373,377,3,a
1,1760,535,539,11,implied_by
1,1761,758,761,12,not_a
1,1762,541,545,1,and
1,1763,334,335,7,or
1,1764,237,243,10,not_b
1,1765,305,313,13,implies
1,1766,404,409,2,not_implies
1,1767,118,124,6,xor
1,1768,539,542,1,and
1,1769,518,520,7,or
1,1770,465,466,9,not_xor
1,1771,320,323,10,not_b
1,1772,752,759,8,not_or
1,1773,558,565,3,a
1,1774,414,417,6,xor
1,1775,333,338,6,xor
1,1776,273,278,2,not_implies
1,1777,314,321,11,implied_by
1,1778,439,447,2,not_implies
1,1779,144,150,8,not_or
1,1780,396,402,9,not_xor
1,1781,649,656,5,b
1,1782,365,369,4,not_implied_by
1,1783,135,139,14,not_and
1,1784,106,108,12,not_a
1,1785,387,393,9,not_xor
1,1786,12,13,0,zero
1,1787,259,264,8,not_or
1,1788,570,572,8,not_or
1,1789,579,586,9,not_xor
1,1790,5,9,6,xor
1,1791,529,535,13,implies
1,1792,324,330,4,not_implied_by
1,1793,95,97,5,b
1,1794,279,285,11,implied_by
1,1795,678,685,1,and
1,1796,109,113,12,not_a
1,1797,248,255,9,not_xor
1,1798,136,143,6,xor
1,1799,553,556,13,implies
1,1800,456,463,11,implied_by
1,1801,424,430,2,not_implies
1,1802,240,242,3,a
1,1803,143,149,0,zero
1,1804,708,714,10,not_b
1,1805,239,247,10,not_b
1,1806,205,207,15,one
1,1807,214,219,6,xor
1,1808,378,382,15,one
1,1809,365,366,3,a
1,1810,286,289,9,not_xor
1,1811,502,505,9,not_xor
1,1812,359,367,9,not_xor
1,1813,319,327,12,not_a
1,1814,70,71,8,not_or
1,1815,355,363,8,not_or
1,1816,36,41,4,not_implied_by
1,1817,223,229,0,zero
1,1818,407,408,7,or
1,1819,688,689,9,not_xor
1,1820,492,499,12,not_a
1,1821,669,673,2,not_implies
1,1822,247,248,6,xor
1,1823,518,523,10,not_b
1,1824,642,649,6,xor
1,1825,169,173,5,b
1,1826,354,361,14,not_and
1,1827,164,171,3,a
1,1828,85,92,7,or
1,1829,108,109,3,a
1,1830,707,709,8,not_or
1,1831,466,467,9,not_xor
1,1832,516,519,8,not_or
1,1833,213,220,9,not_xor
1,1834,92,94,3,a
1,1835,63,67,2,not_implies
1,1836,664,667,9,not_xor
1,1837,25,30,13,implies
1,1838,569,571,8,not_or
1,1839,222,229,13,implies
1,1840,19,22,7,or
1,1841,638,639,15,one
1,1842,315,317,9,not_xor
1,1843,459,465,1,and
1,1844,98,101,9,not_xor
1,1845,471,478,0,zero
1,1846,159,167,0,zero
1,1847,290,295,11,implied_by
1,1848,409,410,6,xor
1,1849,104,112,12,not_a
1,1850,399,404,14,not_and
1,1851,156,157,7,or
1,1852,650,655,3,a
1,1853,519,520,7,or
1,1854,716,723,4,not_implied_by
1,1855,281,283,14,not_and
1,1856,393,401,12,not_a
1,1857,330,336,2,not_implies
1,1858,155,160,12,not_a
1,1859,479,486,0,zero
1,1860,500,507,9,not_xor
1,1861,740,741,8,not_or
1,1862,447,451,9,not_xor
1,1863,247,254,7,or
1,1864,79,85,15,one
1,1865,186,194,10,not_b
1,1866,150,152,3,a
1,1867,131,135,9,not_xor
1,1868,410,415,10,not_b
1,1869,204,208,7,or
1,1870,734,737,11,implied_by
1,1871,350,351,7,or
1,1872,144,147,7,or
1,1873,484,490,10,not_b
1,1874,71,75,9,not_xor
1,1875,770,777,10,not_b
1,1876,551,552,2,not_implies
1,1877,775,777,13,implies
1,1878,230,233,8,not_or
1,1879,346,351,1,and
1,1880,29,37,11,implied_by
1,1881,180,186,15,one
1,1882,543,546,2,not_implies
1,1883,0,4,3,a
1,1884,771,776,2,not_implies
1,1885,762,767,8,not_or
1,1886,81,89,11,implied_by
1,1887,72,79,2,not_implies
1,1888,298,303,1,and
1,1889,573,577,7,or
1,1890,731,736,9,not_xor
1,1891,138,144,6,xor
1,1892,614,616,0,zero
1,1893,311,314,9,not_xor
1,1894,623,628,9,not_xor
1,1895,362,367,10,not_b
1,1896,408,414,14,not_and
1,1897,310,317,7,or
1,1898,542,548,1,and
1,1899,65,68,13,implies
1,1900,667,669,5,b
1,1901,61,67,6,xor
1,1902,528,532,10,not_b
1,1903,185,191,1,and
1,1904,514,519,8,not_or
1,1905,778,779,1,and
1,1906,64,70,6,xor
1,1907,267,274,10,not_b
1,1908,734,740,11,implied_by
1,1909,720,726,8,not_or
1,1910,241,245,8,not_or
1,1911,702,707,10,not_b
1,1912,400,403,7,or
1,1913,765,766,8,not_or
1,1914,252,258,10,not_b
1,1915,545,547,6,xor
1,1916,545,549,10,not_b
1,1917,432,436,5,b
1,1918,401,408,2,not_implies
1,1919,524,530,14,not_and
1,1920,336,338,6,xor
1,1921,594,600,12,not_a
1,1922,572,573,6,xor
1,1923,373,375,6,xor
1,1924,259,263,7,or
1,1925,706,708,14,not_and
1,1926,507,511,4,not_implied_by
1,1927,626,632,9,not_xor
1,1928,631,638,8,not_or
1,1929,212,218,8,not_or
1,1930,626,631,10,not_b
1,1931,199,204,8,not_or
1,1932,63,66,9,not_xor
1,1933,420,424,6,xor
1,1934,166,171,8,not_or
1,1935,288,289,6,xor
1,1936,594,599,6,xor
1,1937,550,554,10,not_b
1,1938,89,93,1,and
1,1939,594,597,12,not_a
1,1940,369,372,3,a
1,1941,271,275,3,a
1,1942,18,26,0,zero
1,1943,197,204,11,implied_by
1,1944,412,413,6,xor
1,1945,84,87,6,xor
1,1946,464,467,14,not_and
1,1947,244,248,10,not_b
1,1948,359,361,3,a
1,1949,624,625,9,not_xor
1,1950,460,464,4,not_implied_by
1,1951,741,745,9,not_xor
1,1952,227,232,6,xor
1,1953,139,144,9,not_xor
1,1954,702,703,1,and
1,1955,129,135,10,not_b
1,1956,278,286,11,implied_by
1,1957,501,506,9,not_xor
1,1958,364,365,9,not_xor
1,1959,202,206,12,not_a
1,1960,501,509,8,not_or
1,1961,48,54,1,and
1,1962,716,717,1,and
1,1963,352,359,6,xor
1,1964,743,744,9,not_xor
1,1965,436,442,5,b
1,1966,172,179,8,not_or
1,1967,259,260,8,not_or
1,1968,617,624,7,or
1,1969,107,108,9,not_xor
1,1970,6,14,8,not_or
1,1971,25,28,12,not_a
1,1972,240,244,10,not_b
1,1973,517,524,12,not_a
1,1974,633,636,10,not_b
1,1975,524,528,1,and
1,1976,127,134,10,not_b
1,1977,351,352,12,not_a
1,1978,166,174,5,b
1,1979,242,245,10,not_b
1,1980,278,280,7,or
1,1981,87,94,14,not_and
1,1982,681,687,7,or
1,1983,106,112,1,and
1,1984,754,757,8,not_or
1,1985,705,711,12,not_a
1,1986,254,255,8,not_or
1,1987,524,527,13,implies
1,1988,736,737,9,not_xor
1,1989,618,620,9,not_xor
1,1990,84,90,10,not_b
1,1991,479,487,4,not_implied_by
1,1992,505,506,7,or
1,1993,549,550,7,or
1,1994,761,762,8,not_or
1,1995,668,673,6,xor
1,1996,121,123,11,implied_by
1,1997,0,8,9,not_xor
1,1998,107,113,3,a
1,1999,493,496,4,not_implied_by
1,2000,485,486,8,not_or
1,2001,115,116,9,not_xor
1,2002,213,216,10,not_b
1,2003,673,675,7,or
1,2004,107,114,0,zero
1,2005,23,29,2,not_implies
1,2006,547,551,10,not_b
1,2007,124,132,11,implied_by
1,2008,403,410,11,implied_by
1,2009,593,598,5,b
1,2010,447,453,4,not_implied_by
1,2011,114,120,0,zero
1,2012,63,68,12,not_a
1,2013,125,127,9,not_xor
1,2014,670,677,10,not_b
1,2015,5,10,9,not_xor
1,2016,123,128,0,zero
1,2017,407,414,9,not_xor
1,2018,56,61,8,not_or
1,2019,358,363,6,xor
1,2020,609,616,4,not_implied_by
1,2021,143,151,6,xor
1,2022,361,362,14,not_and
1,2023,728,732,9,not_xor
1,2024,703,707,5,b
1,2025,342,343,5,b
1,2026,348,349,3,a
1,2027,37,38,3,a
1,2028,160,161,8,not_or
1,2029,774,779,12,not_a
1,2030,392,393,15,one
1,2031,281,288,11,implied_by
1,2032,175,182,8,not_or
1,2033,368,369,11,implied_by
1,2034,523,526,9,not_xor
1,2035,84,92,7,or
1,2036,24,26,13,implies
1,2037,664,665,7,or
1,2038,341,345,0,zero
1,2039,619,620,9,not_xor
1,2040,304,311,8,not_or
1,2041,535,542,14,not_and
1,2042,9,13,12,not_a
1,2043,473,474,8,not_or
1,2044,113,116,11,implied_by
1,2045,162,166,7,or
1,2046,467,468,12,not_a
1,2047,254,258,11,implied_by
1,2048,115,121,8,not_or
1,2049,177,181,13,implies
1,2050,309,316,6,xor
1,2051,404,405,1,and
1,2052,635,637,0,zero
1,2053,411,419,8,not_or
1,2054,476,484,15,one
1,2055,761,765,10,not_b
1,2056,618,621,1,and
1,2057,401,409,4,not_implied_by
1,2058,66,72,4,not_implied_by
1,2059,520,524,9,not_xor
1,2060,626,628,9,not_xor
1,2061,603,608,13,implies
1,2062,589,590,7,or
1,2063,498,503,10,not_b
1,2064,779,781,12,not_a
1,2065,716,718,8,not_or
1,2066,288,293,1,and
1,2067,42,48,8,not_or
1,2068,585,591,8,not_or
1,2069,634,635,5,b
1,2070,85,87,9,not_xor
1,2071,110,115,9,not_xor
1,2072,98,99,8,not_or
1,2073,25,31,13,implies
1,2074,683,684,9,not_xor
1,2075,220,225,5,b
1,2076,56,57,4,not_implied_by
1,2077,140,143,1,and
1,2078,322,330,12,not_a
1,2079,146,151,10,not_b
1,2080,389,393,7,or
1,2081,398,399,6,xor
1,2082,375,381,9,not_xor
1,2083,63,71,14,not_and
1,2084,642,644,13,implies
1,2085,751,754,8,not_or
1,2086,509,516,11,implied_by
1,2087,236,243,12,not_a
1,2088,411,417,10,not_b
1,2089,456,461,3,a
1,2090,599,601,8,not_or
1,2091,58,61,11,implied_by
1,2092,636,639,7,or
1,2093,85,88,13,implies
1,2094,747,753,8,not_or
1,2095,746,748,14,not_and
1,2096,339,341,9,not_xor
1,2097,621,622,9,not_xor
1,2098,335,337,9,not_xor
1,2099,307,313,5,b
1,2100,310,318,11,implied_by
1,2101,684,685,6,xor
1,2102,479,483,1,and
1,2103,568,571,3,a
1,2104,436,444,8,not_or
1,2105,253,260,14,not_and
1,2106,34,42,9,not_xor
1,2107,85,93,14,not_and
1,2108,541,544,6,xor
1,2109,250,253,8,not_or
1,2110,483,489,7,or
1,2111,290,298,8,not_or
1,2112,79,82,5,b
1,2113,247,255,1,and
1,2114,148,152,10,not_b
1,2115,628,634,9,not_xor
1,2116,601,602,15,one
1,2117,325,330,8,not_or
1,2118,269,273,13,implies
1,2119,77,79,5,b
1,2120,755,760,13,implies
1,2121,49,57,9,not_xor
1,2122,200,201,2,not_implies
1,2123,459,464,10,not_b
1,2124,226,228,6,xor
1,2125,235,238,8,not_or
1,2126,75,82,0,zero
1,2127,321,324,6,xor
1,2128,564,569,9,not_xor
1,2129,208,212,12,not_a
1,2130,287,290,3,a
1,2131,277,279,2,not_implies
1,2132,70,72,3,a
1,2133,129,132,14,not_and
1,2134,193,194,11,implied_by
1,2135,494,497,13,implies
1,2136,433,437,11,implied_by
1,2137,534,536,8,not_or
1,2138,246,250,5,b
1,2139,592,598,14,not_and
1,2140,183,190,8,not_or
1,2141,541,543,7,or
1,2142,735,739,3,a
1,2143,5,7,2,not_implies
1,2144,728,731,5,b
1,2145,351,353,12,not_a
1,2146,155,159,9,not_xor
1,2147,363,366,9,not_xor
1,2148,543,545,14,not_and
1,2149,193,198,8,not_or
1,2150,492,496,10,not_b
1,2151,704,710,9,not_xor
1,2152,337,342,7,or
1,2153,630,635,5,b
1,2154,607,612,3,a
1,2155,139,142,10,not_b
1,2156,775,778,9,not_xor
1,2157,31,36,12,not_a
1,2158,297,302,12,not_a
1,2159,737,741,11,implied_by
1,2160,414,416,1,and
1,2161,240,245,9,not_xor
1,2162,760,767,2,not_implies
1,2163,700,705,4,not_implied_by
1,2164,626,627,10,not_b
1,2165,195,198,6,xor
1,2166,44,50,6,xor
1,2167,109,116,15,one
1,2168,468,475,3,a
1,2169,286,290,9,not_xor
1,2170,405,413,9,not_xor
1,2171,390,396,3,a
1,2172,218,220,8,not_or
1,2173,339,347,9,not_xor
1,2174,86,91,5,b
1,2175,663,665,9,not_xor
1,2176,308,315,4,not_implied_by
1,2177,503,506,7,or
1,2178,332,337,1,and
1,2179,334,340,6,xor
1,2180,93,97,6,xor
1,2181,498,499,9,not_xor
1,2182,535,537,9,not_xor
1,2183,374,377,6,xor
1,2184,35,43,9,not_xor
1,2185,128,136,3,a
1,2186,604,609,12,not_a
1,2187,74,80,15,one
1,2188,770,772,1,and
1,2189,187,192,10,not_b
1,2190,463,468,7,or
1,2191,760,766,5,b
1,2192,548,550,14,not_and
1,2193,493,499,4,not_implied_by
1,2194,189,196,13,implies
1,2195,230,235,2,not_implies
1,2196,296,302,7,or
1,2197,735,736,0,zero
1,2198,13,20,8,not_or
1,2199,120,123,14,not_and
1,2200,346,352,6,xor
1,2201,533,535,8,not_or
1,2202,535,540,12,not_a
1,2203,46,48,9,not_xor
1,2204,201,207,8,not_or
1,2205,375,377,15,one
1,2206,183,185,7,or
1,2207,596,600,3,a
1,2208,641,647,4,not_implied_by
1,2209,672,679,8,not_or
1,2210,660,664,5,b
1,2211,123,126,9,not_xor
1,2212,80,88,3,a
1,2213,646,651,3,a
1,2214,442,450,10,not_b
1,2215,363,369,10,not_b
1,2216,721,723,6,xor
1,2217,190,192,5,b
1,2218,263,268,4,not_implied_by
1,2219,410,417,12,not_a
1,2220,194,196,9,not_xor
1,2221,721,724,6,xor
1,2222,186,188,13,implies
1,2223,516,524,8,not_or
1,2224,327,334,10,not_b
1,2225,737,738,3,a
1,2226,274,282,9,not_xor
1,2227,117,118,13,implies
1,2228,336,343,6,xor
1,2229,388,395,13,implies
1,2230,17,21,7,or
1,2231,629,636,5,b
1,2232,218,223,11,implied_by
1,2233,385,393,13,implies
1,2234,48,56,2,not_implies
1,2235,557,559,13,implies
1,2236,651,655,8,not_or
1,2237,592,597,4,not_implied_by
1,2238,30,34,10,not_b
1,2239,600,607,8,not_or
1,2240,40,48,3,a
1,2241,524,529,6,xor
1,2242,275,281,9,not_xor
1,2243,10,14,1,and
1,2244,210,218,3,a
1,2245,503,509,8,not_or
1,2246,378,379,6,xor
1,2247,131,132,8,not_or
1,2248,698,701,2,not_implies
1,2249,554,558,14,not_and
1,2250,123,125,8,not_or
1,2251,117,124,8,not_or
1,2252,394,399,9,not_xor
1,2253,671,672,3,a
1,2254,695,698,13,implies
1,2255,218,224,6,xor
1,2256,259,262,13,implies
1,2257,586,587,6,xor
1,2258,124,128,14,not_and
1,2259,444,448,14,not_and
1,2260,697,701,3,a
1,2261,661,665,10,not_b
1,2262,450,455,7,or
1,2263,43,44,1,and
1,2264,489,491,7,or
1,2265,519,525,12,not_a
1,2266,46,47,12,not_a
1,2267,341,348,3,a
1,2268,246,252,0,zero
1,2269,521,528,0,zero
1,2270,609,610,6,xor
1,2271,140,142,6,xor
1,2272,197,200,9,not_xor
1,2273,155,161,2,not_implies
1,2274,280,288,6,xor
1,2275,312,319,5,b
1,2276,340,346,3,a
1,2277,444,451,13,implies
1,2278,722,727,6,xor
1,2279,300,307,15,one
1,2280,97,103,13,implies
1,2281,305,309,12,not_a
1,2282,668,675,3,a
1,2283,466,469,3,a
1,2284,182,189,6,xor
1,2285,777,783,14,not_and
1,2286,537,545,10,not_b
1,2287,661,666,8,not_or
1,2288,446,453,1,and
1,2289,454,457,12,not_a
1,2290,284,289,8,not_or
1,2291,379,383,6,xor
1,2292,413,415,11,implied_by
1,2293,79,81,10,not_b
1,2294,433,440,5,b
1,2295,308,316,10,not_b
1,2296,290,292,14,not_and
1,2297,425,427,12,not_a
1,2298,226,234,6,xor
1,2299,228,230,8,not_or
1,2300,682,688,7,or
1,2301,755,756,15,one
1,2302,729,733,11,implied_by
1,2303,720,721,13,implies
1,2304,3,10,9,not_xor
1,2305,23,30,14,not_and
1,2306,307,310,7,or
1,2307,410,411,14,not_and
1,2308,90,95,8,not_or
1,2309,619,621,1,and
1,2310,310,312,4,not_implied_by
1,2311,438,446,12,not_a
1,2312,137,140,1,and
1,2313,351,355,7,or
1,2314,368,371,9,not_xor
1,2315,369,371,6,xor
1,2316,277,281,6,xor
1,2317,672,676,9,not_xor
1,2318,306,310,2,not_implies
1,2319,117,122,10,not_b
1,2320,60,68,4,not_implied_by
1,2321,119,122,6,xor
1,2322,648,649,7,or
1,2323,273,275,11,implied_by
1,2324,780,783,12,not_a
1,2325,229,233,9,not_xor
1,2326,275,277,1,and
1,2327,561,568,9,not_xor
1,2328,278,285,3,a
1,2329,155,157,7,or
1,2330,260,264,11,implied_by
1,2331,522,524,12,not_a
1,2332,275,278,15,one
1,2333,142,143,2,not_implies
1,2334,742,749,11,implied_by
1,2335,647,653,9,not_xor
1,2336,47,48,8,not_or
1,2337,381,386,6,xor
1,2338,226,229,11,implied_by
1,2339,321,322,1,and
1,2340,245,250,12,not_a
1,2341,394,395,6,xor
1,2342,200,205,9,not_xor
1,2343,240,247,10,not_b
1,2344,581,582,8,not_or
1,2345,587,593,0,zero
1,2346,3,5,0,zero
1,2347,285,287,15,one
1,2348,136,140,2,not_implies
1,2349,75,81,8,not_or
1,2350,320,325,5,b
1,2351,283,287,7,or
1,2352,742,743,5,b
1,2353,92,97,3,a
1,2354,415,422,14,not_and
1,2355,649,651,6,xor
1,2356,503,508,0,zero
1,2357,163,166,7,or
1,2358,568,572,2,not_implies
1,2359,153,156,2,not_implies
1,2360,767,773,9,not_xor
1,2361,732,737,3,a
1,2362,168,175,4,not_implied_by
1,2363,145,147,6,xor
1,2364,77,84,9,not_xor
1,2365,154,156,14,not_and
1,2366,249,254,6,xor
1,2367,418,420,3,a
1,2368,314,316,11,implied_by
1,2369,85,89,5,b
1,2370,779,783,3,a
1,2371,201,204,3,a
1,2372,721,722,6,xor
1,2373,478,484,11,implied_by
1,2374,445,447,6,xor
1,2375,189,197,8,not_or
1,2376,677,682,14,not_and
1,2377,32,38,9,not_xor
1,2378,271,274,5,b
1,2379,419,424,7,or
1,2380,99,102,7,or
1,2381,772,777,3,a
1,2382,260,268,1,and
1,2383,527,532,11,implied_by
1,2384,138,146,4,not_implied_by
1,2385,236,240,8,not_or
1,2386,694,701,12,not_a
1,2387,313,315,6,xor
1,2388,245,247,11,implied_by
1,2389,199,203,7,or
1,2390,211,212,12,not_a
1,2391,467,472,9,not_xor
1,2392,342,345,11,implied_by
1,2393,469,471,7,or
1,2394,495,500,9,not_xor
1,2395,635,642,6,xor
1,2396,380,388,9,not_xor
1,2397,92,99,9,not_xor
1,2398,707,714,10,not_b
1,2399,599,600,12,not_a
1,2400,719,722,7,or
1,2401,102,107,3,a
1,2402,760,764,5,b
1,2403,740,744,9,not_xor
1,2404,409,417,10,not_b
1,2405,772,778,9,not_xor
1,2406,564,570,11,implied_by
1,2407,521,527,14,not_and
1,2408,182,186,9,not_xor
1,2409,541,542,9,not_xor
1,2410,452,460,9,not_xor
1,2411,194,200,6,xor
1,2412,577,578,5,b
1,2413,514,522,2,not_implies
1,2414,601,608,14,not_and
1,2415,718,724,13,implies
1,2416,504,509,6,xor
1,2417,727,733,2,not_implies
1,2418,145,149,7,or
1,2419,157,163,5,b
1,2420,606,613,3,a
1,2421,150,158,8,not_or
1,2422,750,754,8,not_or
1,2423,325,332,8,not_or
1,2424,350,355,7,or
1,2425,711,714,8,not_or
1,2426,150,155,13,implies
1,2427,588,593,4,not_implied_by
1,2428,590,593,2,not_implies
1,2429,593,599,3,a
1,2430,653,658,8,not_or
1,2431,315,318,9,not_xor
1,2432,342,349,13,implies
1,2433,759,764,6,xor
1,2434,263,265,3,a
1,2435,502,509,8,not_or
1,2436,485,487,0,zero
1,2437,706,707,7,or
1,2438,763,766,8,not_or
1,2439,614,620,5,b
1,2440,460,463,10,not_b
1,2441,521,522,3,a
1,2442,694,700,9,not_xor
1,2443,383,390,8,not_or
1,2444,455,461,12,not_a
1,2445,98,104,6,xor
1,2446,731,738,2,not_implies
1,2447,193,199,7,or
1,2448,693,699,7,or
1,2449,569,575,1,and
1,2450,89,96,13,implies
1,2451,567,572,8,not_or
1,2452,184,187,3,a
1,2453,223,224,12,not_a
1,2454,545,552,12,not_a
1,2455,169,171,4,not_implied_by
1,2456,582,589,5,b
1,2457,286,294,12,not_a
1,2458,130,137,1,and
1,2459,743,749,6,xor
1,2460,563,564,6,xor
1,2461,601,606,6,xor
1,2462,441,448,14,not_and
1,2463,320,324,7,or
1,2464,752,754,13,implies
1,2465,530,531,7,or
1,2466,360,363,9,not_xor
1,2467,333,337,3,a
1,2468,4,5,6,xor
1,2469,215,218,9,not_xor
1,2470,0,1,2,not_implies
1,2471,232,239,11,implied_by
1,2472,268,274,15,one
1,2473,36,40,9,not_xor
1,2474,270,277,0,zero
1,2475,590,594,2,not_implies
1,2476,401,402,15,one
1,2477,654,660,6,xor
1,2478,705,709,15,one
1,2479,386,387,5,b
1,2480,266,272,6,xor
1,2481,330,337,8,not_or
1,2482,218,219,9,not_xor
1,2483,526,530,6,xor
1,2484,689,692,13,implies
1,2485,728,730,0,zero
1,2486,183,189,1,and
1,2487,261,262,7,or
1,2488,261,267,6,xor
1,2489,719,724,6,xor
1,2490,534,540,8,not_or
1,2491,205,213,6,xor
1,2492,754,755,10,not_b
1,2493,150,157,3,a
1,2494,279,283,5,b
1,2495,57,59,15,one
1,2496,418,419,8,not_or
1,2497,7,9,12,not_a
1,2498,392,397,5,b
1,2499,475,481,5,b
1,2500,728,734,5,b
1,2501,589,594,1,and
1,2502,577,581,3,a
1,2503,437,439,3,a
1,2504,224,232,8,not_or
1,2505,208,215,6,xor
1,2506,268,275,13,implies
1,2507,410,414,7,or
1,2508,158,159,14,not_and
1,2509,171,178,10,not_b
1,2510,122,129,8,not_or
1,2511,211,219,13,implies
1,2512,697,702,9,not_xor
1,2513,42,43,1,and
1,2514,84,89,4,not_implied_by
1,2515,766,767,8,not_or
1,2516,383,384,14,not_and
1,2517,553,554,6,xor
1,2518,286,292,6,xor
1,2519,338,341,7,or
1,2520,269,276,6,xor
1,2521,606,610,7,or
1,2522,668,671,6,xor
1,2523,100,103,7,or
1,2524,531,535,11,implied_by
1,2525,597,598,2,not_implies
1,2526,216,220,15,one
1,2527,106,107,10,not_b
1,2528,570,574,10,not_b
1,2529,151,156,13,implies
1,2530,214,221,8,not_or
1,2531,171,175,7,or
1,2532,10,17,4,not_implied_by
1,2533,297,300,12,not_a
1,2534,268,273,6,xor
1,2535,555,557,8,not_or
1,2536,29,33,1,and
1,2537,79,87,15,one
1,2538,18,25,12,not_a
1,2539,372,380,0,zero
1,2540,92,93,5,b
1,2541,5,8,2,not_implies
1,2542,549,555,6,xor
1,2543,104,106,5,b
1,2544,602,607,11,implied_by
1,2545,711,712,6,xor
1,2546,514,515,13,implies
1,2547,753,758,1,and
1,2548,606,609,4,not_implied_by
1,2549,615,618,7,or
1,2550,95,99,3,a
1,2551,48,49,8,not_or
1,2552,274,279,11,implied_by
1,2553,709,715,6,xor
1,2554,381,384,9,not_xor
1,2555,567,571,14,not_and
1,2556,166,167,8,not_or
1,2557,767,774,8,not_or
1,2558,505,510,14,not_and
1,2559,502,507,7,or
1,2560,567,573,2,not_implies
1,2561,429,435,4,not_implied_by
1,2562,232,234,14,not_and
1,2563,29,30,11,implied_by
1,2564,753,760,12,not_a
1,2565,667,671,13,implies
1,2566,466,472,6,xor
1,2567,745,752,12,not_a
1,2568,10,15,14,not_and
1,2569,360,361,1,and
1,2570,712,716,9,not_xor
1,2571,222,223,3,a
1,2572,686,687,7,or
1,2573,546,547,1,and
1,2574,302,306,2,not_implies
1,2575,170,178,10,not_b
1,2576,251,253,10,not_b
1,2577,181,189,11,implied_by
1,2578,263,271,9,not_xor
1,2579,438,441,5,b
1,2580,497,499,9,not_xor
1,2581,266,269,3,a
1,2582,45,46,7,or
1,2583,240,241,3,a
1,2584,745,746,9,not_xor
1,2585,36,44,7,or
1,2586,504,512,5,b
1,2587,355,359,7,or
1,2588,739,744,7,or
1,2589,121,124,8,not_or
1,2590,77,85,12,not_a
1,2591,464,469,3,a
1,2592,125,131,4,not_implied_by
1,2593,577,579,12,not_a
1,2594,156,163,2,not_implies
1,2595,568,575,12,not_a
1,2596,64,68,1,and
1,2597,465,469,11,implied_by
1,2598,10,12,11,implied_by
1,2599,8,14,9,not_xor
1,2600,643,649,7,or
1,2601,354,359,7,or
1,2602,399,405,15,one
1,2603,711,713,9,not_xor
1,2604,355,361,11,implied_by
1,2605,191,194,2,not_implies
1,2606,27,33,14,not_and
1,2607,125,132,9,not_xor
1,2608,298,304,8,not_or
1,2609,396,403,9,not_xor
1,2610,496,499,9,not_xor
1,2611,186,192,5,b
1,2612,51,53,1,and
1,2613,151,155,5,b
1,2614,636,637,6,xor
1,2615,742,747,6,xor
1,2616,598,601,3,a
1,2617,302,309,13,implies
1,2618,276,279,8,not_or
1,2619,614,619,13,implies
1,2620,577,580,15,one
1,2621,701,708,10,not_b
1,2622,773,775,2,not_implies
1,2623,322,324,6,xor
1,2624,670,676,6,xor
1,2625,442,447,6,xor
1,2626,327,330,15,one
1,2627,405,409,5,b
1,2628,641,643,9,not_xor
1,2629,657,662,14,not_and
1,2630,38,42,6,xor
1,2631,624,626,13,implies
1,2632,33,41,8,not_or
1,2633,339,343,8,not_or
1,2634,105,106,7,or
1,2635,148,149,7,or
1,2636,337,344,8,not_or
1,2637,675,678,9,not_xor
1,2638,356,363,0,zero
1,2639,286,293,8,not_or
1,2640,363,370,7,or
1,2641,252,254,5,b
1,2642,419,426,9,not_xor
1,2643,295,298,6,xor
1,2644,424,427,6,xor
1,2645,371,378,11,implied_by
1,2646,468,472,6,xor
1,2647,763,770,5,b
1,2648,13,17,8,not_or
1,2649,142,147,5,b
1,2650,39,46,1,and
1,2651,682,689,1,and
1,2652,38,45,12,not_a
1,2653,297,305,10,not_b
1,2654,527,533,9,not_xor
1,2655,387,388,7,or
1,2656,440,446,10,not_b
1,2657,320,326,8,not_or
1,2658,27,34,4,not_implied_by
1,2659,453,461,9,not_xor
1,2660,586,588,15,one
1,2661,175,181,1,and
1,2662,558,559,3,a
1,2663,388,389,6,xor
1,2664,776,778,6,xor
1,2665,689,693,1,and
1,2666,435,438,3,a
1,2667,691,696,9,not_xor
1,2668,556,560,8,not_or
1,2669,108,116,7,or
1,2670,29,35,11,implied_by
1,2671,4,8,4,not_implied_by
1,2672,501,502,8,not_or
1,2673,245,252,3,a
1,2674,53,54,2,not_implies
1,2675,154,159,2,not_implies
1,2676,357,365,12,not_a
1,2677,326,327,1,and
1,2678,608,613,9,not_xor
1,2679,45,50,8,not_or
1,2680,676,683,2,not_implies
1,2681,533,540,6,xor
1,2682,22,28,3,a
1,2683,225,230,7,or
1,2684,769,773,4,not_implied_by
1,2685,200,207,7,or
1,2686,491,497,1,and
1,2687,291,297,6,xor
1,2688,694,697,8,not_or
1,2689,480,484,7,or
1,2690,340,343,1,and
1,2691,409,413,3,a
1,2692,473,481,0,zero
1,2693,269,274,13,implies
1,2694,73,77,7,or
1,2695,407,413,6,xor
1,2696,148,151,12,not_a
1,2697,546,551,8,not_or
1,2698,57,58,5,b
1,2699,207,209,14,not_and
1,2700,693,694,8,not_or
1,2701,336,339,4,not_implied_by
1,2702,186,189,2,not_implies
1,2703,16,23,2,not_implies
1,2704,709,716,15,one
1,2705,407,409,14,not_and
1,2706,16,17,6,xor
1,2707,532,535,6,xor
1,2708,503,510,7,or
1,2709,13,19,13,implies
1,2710,138,142,13,implies
1,2711,563,568,10,not_b
1,2712,362,368,12,not_a
1,2713,128,132,5,b
1,2714,504,511,7,or
1,2715,113,119,6,xor
1,2716,413,421,6,xor
1,2717,231,234,1,and
1,2718,179,184,1,and
1,2719,138,141,11,implied_by
1,2720,34,35,14,not_and
1,2721,399,401,14,not_and
1,2722,303,311,7,or
1,2723,553,559,8,not_or
1,2724,163,164,3,a
1,2725,458,466,6,xor
1,2726,748,755,6,xor
1,2727,620,626,7,or
1,2728,4,12,6,xor
1,2729,527,530,6,xor
1,2730,16,18,8,not_or
1,2731,145,148,10,not_b
1,2732,764,771,12,not_a
1,2733,655,662,9,not_xor
1,2734,680,685,11,implied_by
1,2735,614,621,13,implies
1,2736,775,779,8,not_or
1,2737,208,216,8,not_or
1,2738,249,250,10,not_b
1,2739,511,519,13,implies
1,2740,470,474,1,and
1,2741,480,486,8,not_or
1,2742,410,413,5,b
1,2743,533,536,9,not_xor
1,2744,706,709,9,not_xor
1,2745,580,584,8,not_or
1,2746,552,558,8,not_or
1,2747,63,69,6,xor
1,2748,352,354,14,not_and
1,2749,90,98,8,not_or
1,2750,547,552,2,not_implies
1,2751,552,557,13,implies
1,2752,93,96,2,not_implies
1,2753,738,742,8,not_or
1,2754,147,149,2,not_implies
1,2755,616,617,5,b
1,2756,392,394,12,not_a
1,2757,640,646,9,not_xor
1,2758,38,46,13,implies
1,2759,428,432,3,a
1,2760,406,413,6,xor
1,2761,332,339,9,not_xor
1,2762,438,443,14,not_and
1,2763,219,226,6,xor
1,2764,735,738,8,not_or
1,2765,754,761,12,not_a
1,2766,91,95,9,not_xor
1,2767,97,99,3,a
1,2768,65,66,1,and
1,2769,80,87,13,implies
1,2770,606,612,6,xor
1,2771,460,468,12,not_a
1,2772,688,691,2,not_implies
1,2773,496,501,2,not_implies
1,2774,615,622,11,implied_by
1,2775,277,282,15,one
1,2776,571,577,13,implies
1,2777,74,78,13,implies
1,2778,101,106,3,a
1,2779,460,462,6,xor
1,2780,289,293,3,a
1,2781,277,285,8,not_or
1,2782,516,521,0,zero
1,2783,322,327,5,b
1,2784,214,218,2,not_implies
1,2785,484,488,8,not_or
1,2786,374,376,3,a
1,2787,69,75,13,implies
1,2788,766,771,12,not_a
1,2789,345,351,6,xor
1,2790,688,695,3,a
1,2791,503,504,1,and
1,2792,644,649,8,not_or
1,2793,305,310,12,not_a
1,2794,431,439,15,one
1,2795,172,180,5,b
1,2796,162,168,12,not_a
1,2797,355,360,2,not_implies
1,2798,693,696,8,not_or
1,2799,441,443,6,xor
1,2800,166,168,13,implies
1,2801,596,598,9,not_xor
1,2802,639,641,9,not_xor
1,2803,756,760,2,not_implies
1,2804,18,21,9,not_xor
1,2805,307,315,4,not_implied_by
1,2806,54,61,12,not_a
1,2807,123,130,3,a
1,2808,586,589,6,xor
1,2809,766,769,5,b
1,2810,590,596,13,implies
1,2811,595,598,3,a
1,2812,423,425,6,xor
1,2813,284,286,11,implied_by
1,2814,443,447,7,or
1,2815,613,618,12,not_a
1,2816,368,372,3,a
1,2817,246,253,3,a
1,2818,244,246,7,or
1,2819,136,138,13,implies
1,2820,37,41,7,or
1,2821,415,418,9,not_xor
1,2822,688,693,10,not_b
1,2823,22,24,1,and
1,2824,773,779,14,not_and
1,2825,299,305,9,not_xor
1,2826,103,109,10,not_b
1,2827,517,525,12,not_a
1,2828,266,268,8,not_or
1,2829,71,77,8,not_or
1,2830,765,767,9,not_xor
1,2831,247,251,2,not_implies
1,2832,453,456,6,xor
1,2833,181,188,9,not_xor
1,2834,645,651,4,not_implied_by
1,2835,572,578,13,implies
1,2836,397,403,11,implied_by
1,2837,715,718,11,implied_by
1,2838,147,154,3,a
1,2839,121,127,6,xor
1,2840,382,390,14,not_and
1,2841,670,671,15,one
1,2842,674,678,1,and
1,2843,174,175,5,b
1,2844,421,423,6,xor
1,2845,537,538,3,a
1,2846,518,521,6,xor
1,2847,195,201,14,not_and
1,2848,575,576,5,b
1,2849,58,64,11,implied_by
1,2850,38,44,6,xor
1,2851,578,585,0,zero
1,2852,565,571,6,xor
1,2853,205,212,9,not_xor
1,2854,295,300,5,b
1,2855,390,398,10,not_b
1,2856,687,693,10,not_b
1,2857,208,213,15,one
1,2858,202,207,12,not_a
1,2859,102,108,12,not_a
1,2860,571,576,9,not_xor
1,2861,327,333,8,not_or
1,2862,698,703,2,not_implies
1,2863,135,137,4,not_implied_by
1,2864,33,39,9,not_xor
1,2865,101,108,2,not_implies
1,2866,91,97,7,or
1,2867,116,123,4,not_implied_by
1,2868,686,692,6,xor
1,2869,456,462,14,not_and
1,2870,325,326,1,and
1,2871,322,328,5,b
1,2872,418,425,10,not_b
1,2873,557,561,6,xor
1,2874,606,611,8,not_or
1,2875,449,451,15,one
1,2876,430,434,7,or
1,2877,666,671,13,implies
1,2878,224,226,15,one
1,2879,327,332,12,not_a
1,2880,455,457,8,not_or
1,2881,528,531,13,implies
1,2882,428,434,3,a
1,2883,400,408,11,implied_by
1,2884,204,207,8,not_or
1,2885,229,232,8,not_or
1,2886,146,148,7,or
1,2887,336,344,9,not_xor
1,2888,117,121,5,b
1,2889,269,277,9,not_xor
1,2890,476,482,11,implied_by
1,2891,437,441,2,not_implies
1,2892,131,134,5,b
1,2893,491,493,6,xor
1,2894,332,338,2,not_implies
1,2895,389,390,8,not_or
1,2896,82,83,7,or
1,2897,59,64,4,not_implied_by
1,2898,568,570,9,not_xor
1,2899,748,751,4,not_implied_by
1,2900,532,536,6,xor
1,2901,118,119,12,not_a
1,2902,534,538,6,xor
1,2903,720,725,5,b
1,2904,306,311,4,not_implied_by
1,2905,428,431,8,not_or
1,2906,287,292,6,xor
1,2907,161,164,6,xor
1,2908,417,423,6,xor
1,2909,161,169,7,or
1,2910,364,370,10,not_b
1,2911,417,419,12,not_a
1,2912,249,252,0,zero
1,2913,262,270,11,implied_by
1,2914,398,403,1,and
1,2915,727,729,4,not_implied_by
1,2916,514,520,10,not_b
1,2917,647,651,11,implied_by
1,2918,437,442,3,a
1,2919,47,49,13,implies
1,2920,345,353,5,b
1,2921,356,359,3,a
1,2922,295,301,5,b
1,2923,721,727,2,not_implies
1,2924,657,664,10,not_b
1,2925,733,736,5,b
1,2926,752,755,6,xor
1,2927,16,22,9,not_xor
1,2928,279,284,9,not_xor
1,2929,197,202,6,xor
1,2930,745,751,3,a
1,2931,537,540,1,and
1,2932,54,60,1,and
1,2933,267,269,12,not_a
1,2934,535,543,5,b
1,2935,39,44,0,zero
1,2936,512,515,4,not_implied_by
1,2937,437,438,7,or
1,2938,490,491,7,or
1,2939,651,654,6,xor
1,2940,769,775,4,not_implied_by
1,2941,40,42,7,or
1,2942,493,494,7,or
1,2943,687,690,9,not_xor
1,2944,487,492,6,xor
1,2945,613,617,5,b
1,2946,103,111,12,not_a
1,2947,145,153,5,b
1,2948,414,418,7,or
1,2949,656,662,6,xor
1,2950,398,405,7,or
1,2951,627,630,14,not_and
1,2952,517,518,14,not_and
1,2953,146,154,3,a
1,2954,237,242,12,not_a
1,2955,600,604,9,not_xor
1,2956,368,373,8,not_or
1,2957,28,30,6,xor
1,2958,359,360,11,implied_by
1,2959,258,262,0,zero
1,2960,299,304,8,not_or
1,2961,292,298,13,implies
1,2962,504,510,5,b
1,2963,185,189,14,not_and
1,2964,434,438,12,not_a
1,2965,93,94,15,one
1,2966,34,41,14,not_and
1,2967,251,255,4,not_implied_by
1,2968,713,720,3,a
1,2969,695,700,11,implied_by
1,2970,233,241,6,xor
1,2971,150,154,9,not_xor
1,2972,32,36,5,b
1,2973,704,708,6,xor
1,2974,258,259,7,or
1,2975,705,712,7,or
1,2976,343,345,6,xor
1,2977,204,206,10,not_b
1,2978,256,264,7,or
1,2979,735,737,3,a
1,2980,502,503,13,implies
1,2981,426,433,9,not_xor
1,2982,620,625,1,and
1,2983,88,93,11,implied_by
1,2984,147,151,10,not_b
1,2985,389,394,9,not_xor
1,2986,543,547,2,not_implies
1,2987,493,498,3,a
1,2988,664,670,3,a
1,2989,56,60,5,b
1,2990,382,386,14,not_and
1,2991,430,438,15,one
1,2992,647,654,11,implied_by
1,2993,660,665,9,not_xor
1,2994,703,709,10,not_b
1,2995,242,244,3,a
1,2996,550,555,6,xor
1,2997,462,465,9,not_xor
1,2998,675,677,7,or
1,2999,294,299,14,not_and
1,3000,488,489,7,or
1,3001,45,51,9,not_xor
1,3002,288,291,10,not_b
1,3003,119,123,9,not_xor
1,3004,9,16,4,not_implied_by
1,3005,149,155,11,implied_by
1,3006,77,83,2,not_implies
1,3007,621,626,3,a
1,3008,268,271,9,not_xor
1,3009,472,480,0,zero
1,3010,534,541,8,not_or
1,3011,223,231,7,or
1,3012,140,147,13,implies
1,3013,529,533,12,not_a
1,3014,402,406,5,b
1,3015,441,445,7,or
1,3016,301,308,2,not_implies
1,3017,111,116,3,a
1,3018,580,587,3,a
1,3019,116,120,7,or
1,3020,312,313,7,or
1,3021,679,685,3,a
1,3022,613,614,9,not_xor
1,3023,249,257,10,not_b
1,3024,350,358,6,xor
1,3025,458,464,6,xor
1,3026,210,216,2,not_implies
1,3027,499,505,11,implied_by
1,3028,556,559,15,one
1,3029,263,270,11,implied_by
1,3030,80,81,3,a
1,3031,659,664,2,not_implies
1,3032,732,739,11,implied_by
1,3033,620,622,9,not_xor
1,3034,766,770,8,not_or
1,3035,624,628,6,xor
1,3036,225,226,8,not_or
1,3037,422,424,9,not_xor
1,3038,500,508,14,not_and
1,3039,149,154,3,a
1,3040,288,295,11,implied_by
1,3041,52,58,12,not_a
1,3042,622,623,8,not_or
1,3043,231,235,3,a
1,3044,117,119,6,xor
1,3045,735,741,11,implied_by
1,3046,408,410,6,xor
1,3047,199,205,3,a
1,3048,39,42,9,not_xor
1,3049,2,7,15,one
1,3050,440,445,5,b
1,3051,110,117,9,not_xor
1,3052,157,164,6,xor
1,3053,112,114,7,or
1,3054,685,691,6,xor
1,3055,6,11,11,implied_by
1,3056,242,250,12,not_a
1,3057,307,314,6,xor
1,3058,283,290,6,xor
1,3059,313,314,7,or
1,3060,636,641,13,implies
1,3061,534,542,6,xor
1,3062,173,176,11,implied_by
1,3063,672,678,10,not_b
1,3064,717,723,9,not_xor
1,3065,409,412,1,and
1,3066,579,580,8,not_or
1,3067,127,129,14,not_and
1,3068,331,333,9,not_xor
1,3069,484,492,0,zero
1,3070,343,349,6,xor
1,3071,598,602,1,and
1,3072,500,505,9,not_xor
1,3073,378,386,6,xor
1,3074,441,446,4,not_implied_by
1,3075,574,578,8,not_or
1,3076,473,477,7,or
1,3077,88,92,12,not_a
1,3078,531,539,8,not_or
1,3079,196,203,11,implied_by
1,3080,370,371,4,not_implied_by
1,3081,171,172,6,xor
1,3082,584,585,6,xor
1,3083,641,642,9,not_xor
1,3084,383,389,4,not_implied_by
1,3085,405,406,8,not_or
1,3086,187,190,10,not_b
1,3087,241,242,12,not_a
1,3088,395,402,3,a
1,3089,420,421,10,not_b
1,3090,199,207,10,not_b
1,3091,718,725,12,not_a
1,3092,733,734,8,not_or
1,3093,364,369,11,implied_by
1,3094,671,673,6,xor
1,3095,273,277,5,b
1,3096,560,561,10,not_b
1,3097,70,76,7,or
1,3098,280,282,2,not_implies
1,3099,462,463,9,not_xor
1,3100,78,84,0,zero
1,3101,323,326,12,not_a
1,3102,307,309,6,xor
1,3103,144,148,7,or
1,3104,697,704,2,not_implies
1,3105,282,284,15,one
1,3106,426,427,9,not_xor
1,3107,745,750,6,xor
1,3108,367,368,9,not_xor
1,3109,497,501,2,not_implies
1,3110,54,58,5,b
1,3111,448,453,6,xor
1,3112,89,97,6,xor
1,3113,221,223,2,not_implies
1,3114,556,557,5,b
1,3115,162,167,13,implies
1,3116,532,540,0,zero
1,3117,482,483,7,or
1,3118,178,185,3,a
1,3119,135,136,14,not_and
1,3120,96,103,12,not_a
1,3121,400,404,11,implied_by
1,3122,105,111,1,and
1,3123,377,379,1,and
1,3124,396,397,1,and
1,3125,164,166,10,not_b
1,3126,708,710,3,a
1,3127,420,427,8,not_or
1,3128,454,460,12,not_a
1,3129,384,390,7,or
1,3130,453,454,9,not_xor
1,3131,444,445,3,a
1,3132,35,39,11,implied_by
1,3133,134,136,13,implies
1,3134,585,587,2,not_implies
1,3135,625,631,6,xor
1,3136,292,296,10,not_b
1,3137,199,202,8,not_or
1,3138,29,34,9,not_xor
1,3139,587,588,5,b
1,3140,446,449,6,xor
1,3141,572,575,3,a
1,3142,180,181,8,not_or
1,3143,560,563,10,not_b
1,3144,543,548,10,not_b
1,3145,770,773,7,or
1,3146,445,449,12,not_a
1,3147,699,702,7,or
1,3148,676,681,7,or
1,3149,779,780,7,or
1,3150,443,448,14,not_and
1,3151,566,572,6,xor
1,3152,99,104,11,implied_by
1,3153,611,616,13,implies
1,3154,332,340,14,not_and
1,3155,394,396,7,or
1,3156,439,440,1,and
1,3157,216,218,9,not_xor
1,3158,326,328,9,not_xor
1,3159,8,15,5,b
1,3160,255,263,9,not_xor
1,3161,361,369,2,not_implies
1,3162,554,555,1,and
1,3163,511,516,0,zero
1,3164,155,156,5,b
1,3165,427,431,3,a
1,3166,736,743,4,not_implied_by
1,3167,324,325,8,not_or
1,3168,648,652,13,implies
1,3169,580,583,10,not_b
1,3170,78,80,3,a
1,3171,150,151,8,not_or
1,3172,1,6,9,not_xor
1,3173,27,30,4,not_implied_by
1,3174,300,303,1,and
1,3175,69,74,13,implies
1,3176,21,28,8,not_or
1,3177,231,239,10,not_b
1,3178,338,339,7,or
1,3179,25,29,9,not_xor
1,3180,696,699,7,or
1,3181,161,166,13,implies
1,3182,664,671,8,not_or
1,3183,518,526,7,or
1,3184,495,498,11,implied_by
1,3185,681,686,1,and
1,3186,429,436,4,not_implied_by
1,3187,591,593,7,or
1,3188,222,228,8,not_or
1,3189,725,730,8,not_or
1,3190,93,99,8,not_or
1,3191,203,204,7,or
1,3192,41,44,5,b
1,3193,95,101,11,implied_by
1,3194,311,313,10,not_b
1,3195,669,674,5,b
1,3196,725,729,13,implies
1,3197,198,206,11,implied_by
1,3198,673,677,11,implied_by
1,3199,489,490,6,xor
1,3200,161,163,9,not_xor
1,3201,116,121,10,not_b
1,3202,272,278,7,or
1,3203,19,20,7,or
1,3204,574,577,6,xor
1,3205,211,213,15,one
1,3206,593,594,9,not_xor
1,3207,243,244,8,not_or
1,3208,442,448,6,xor
1,3209,442,449,2,not_implies
1,3210,450,456,13,implies
1,3211,252,257,14,not_and
1,3212,617,623,3,a
1,3213,765,770,5,b
1,3214,495,496,7,or
1,3215,583,589,8,not_or
1,3216,67,75,2,not_implies
1,3217,335,342,4,not_implied_by
1,3218,656,661,9,not_xor
1,3219,283,289,8,not_or
1,3220,426,428,0,zero
1,3221,97,102,9,not_xor
1,3222,360,365,12,not_a
1,3223,280,287,9,not_xor
1,3224,14,17,15,one
1,3225,157,165,14,not_and
1,3226,553,558,14,not_and
1,3227,336,342,10,not_b
1,3228,704,707,2,not_implies
1,3229,447,452,15,one
1,3230,225,228,10,not_b
1,3231,383,388,8,not_or
1,3232,323,325,9,not_xor
1,3233,612,613,8,not_or
1,3234,669,675,7,or
1,3235,256,263,14,not_and
1,3236,544,547,9,not_xor
1,3237,275,276,13,implies
1,3238,564,571,1,and
1,3239,512,520,3,a
1,3240,37,42,4,not_implied_by
1,3241,273,279,13,implies
1,3242,50,56,6,xor
1,3243,758,760,14,not_and
1,3244,598,599,5,b
1,3245,725,727,12,not_a
1,3246,711,715,8,not_or
1,3247,144,149,7,or
1,3248,301,303,0,zero
1,3249,402,409,6,xor
1,3250,417,422,8,not_or
1,3251,415,420,1,and
1,3252,461,464,12,not_a
1,3253,422,430,6,xor
1,3254,627,634,14,not_and
1,3255,188,196,3,a
1,3256,168,169,11,implied_by
1,3257,386,394,8,not_or
1,3258,661,662,10,not_b
1,3259,730,737,8,not_or
1,3260,450,458,5,b
1,3261,582,585,10,not_b
1,3262,697,703,6,xor
1,3263,418,423,6,xor
1,3264,232,235,6,xor
1,3265,737,740,8,not_or
1,3266,463,469,12,not_a
1,3267,707,711,4,not_implied_by
1,3268,609,613,5,b
1,3269,316,317,9,not_xor
1,3270,162,165,6,xor
1,3271,697,700,12,not_a
1,3272,469,477,1,and
1,3273,120,124,1,and
1,3274,457,464,10,not_b
1,3275,633,637,9,not_xor
1,3276,174,177,3,a
1,3277,298,305,8,not_or
1,3278,703,706,11,implied_by
1,3279,636,642,14,not_and
1,3280,136,142,3,a
1,3281,772,775,9,not_xor
1,3282,49,51,7,or
1,3283,254,256,10,not_b
1,3284,140,141,2,not_implies
1,3285,631,634,6,xor
1,3286,611,618,0,zero
1,3287,258,266,3,a
1,3288,362,369,4,not_implied_by
1,3289,711,717,6,xor
1,3290,35,41,10,not_b
1,3291,648,653,7,or
1,3292,139,146,6,xor
1,3293,438,445,2,not_implies
1,3294,201,203,9,not_xor
1,3295,4,9,8,not_or
1,3296,254,261,7,or
1,3297,471,474,2,not_implies
1,3298,338,345,10,not_b
1,3299,781,783,3,a
1,3300,273,280,2,not_implies
1,3301,624,631,12,not_a
1,3302,468,476,7,or
1,3303,454,458,13,implies
1,3304,498,506,9,not_xor
1,3305,324,329,5,b
1,3306,159,164,6,xor
1,3307,605,606,6,xor
1,3308,644,645,4,not_implied_by
1,3309,265,270,6,xor
1,3310,377,382,9,not_xor
1,3311,335,338,9,not_xor
1,3312,708,711,4,not_implied_by
1,3313,234,238,6,xor
1,3314,733,738,7,or
1,3315,775,776,5,b
1,3316,227,235,9,not_xor
1,3317,28,32,15,one
1,3318,753,755,1,and
1,3319,520,523,14,not_and
1,3320,283,285,8,not_or
1,3321,416,419,9,not_xor
1,3322,388,393,4,not_implied_by
1,3323,680,682,9,not_xor
1,3324,174,182,4,not_implied_by
1,3325,165,169,13,implies
1,3326,599,605,9,not_xor
1,3327,468,474,4,not_implied_by
1,3328,144,151,11,implied_by
1,3329,680,686,0,zero
1,3330,130,132,9,not_xor
1,3331,626,630,2,not_implies
1,3332,223,227,8,not_or
1,3333,102,106,5,b
1,3334,584,589,3,a
1,3335,258,263,7,or
1,3336,759,762,14,not_and
1,3337,691,698,12,not_a
1,3338,163,167,6,xor
1,3339,76,84,2,not_implies
1,3340,734,735,6,xor
1,3341,173,178,3,a
1,3342,489,496,5,b
1,3343,478,480,7,or
1,3344,446,451,7,or
1,3345,448,450,7,or
1,3346,63,65,8,not_or
1,3347,153,154,12,not_a
1,3348,570,577,5,b
1,3349,472,474,14,not_and
1,3350,699,700,0,zero
1,3351,10,18,7,or
1,3352,487,495,11,implied_by
1,3353,772,779,7,or
1,3354,497,503,13,implies
1,3355,597,604,2,not_implies
1,3356,10,11,10,not_b
1,3357,260,266,3,a
1,3358,302,305,6,xor
1,3359,600,605,11,implied_by
1,3360,421,429,10,not_b
1,3361,518,519,5,b
1,3362,755,762,9,not_xor
1,3363,230,236,7,or
1,3364,661,663,13,implies
1,3365,209,217,2,not_implies
1,3366,220,227,7,or
1,3367,141,148,8,not_or
1,3368,201,208,7,or
1,3369,200,202,7,or
1,3370,7,10,5,b
1,3371,768,771,12,not_a
1,3372,475,482,10,not_b
1,3373,530,535,6,xor
1,3374,89,91,6,xor
1,3375,729,735,14,not_and
1,3376,22,25,9,not_xor
1,3377,525,526,9,not_xor
1,3378,390,394,15,one
1,3379,487,491,4,not_implied_by
1,3380,665,669,1,and
1,3381,674,675,9,not_xor
1,3382,741,748,9,not_xor
1,3383,688,690,6,xor
1,3384,671,678,15,one
1,3385,203,206,12,not_a
1,3386,757,759,3,a
1,3387,585,586,6,xor
1,3388,163,171,2,not_implies
1,3389,637,638,6,xor
1,3390,476,477,8,not_or
1,3391,425,433,3,a
1,3392,12,18,6,xor
1,3393,110,113,5,b
1,3394,551,553,7,or
1,3395,321,329,7,or
1,3396,81,86,6,xor
1,3397,577,582,11,implied_by
1,3398,427,432,3,a
1,3399,471,475,3,a
1,3400,424,426,2,not_implies
1,3401,722,724,3,a
1,3402,609,615,9,not_xor
1,3403,658,665,12,not_a
1,3404,466,468,11,implied_by
1,3405,235,236,11,implied_by
1,3406,323,330,1,and
1,3407,420,426,2,not_implies
1,3408,397,401,10,not_b
1,3409,316,323,9,not_xor
1,3410,640,641,9,not_xor
1,3411,237,238,7,or
1,3412,539,543,0,zero
1,3413,585,590,3,a
1,3414,229,236,7,or
1,3415,741,746,10,not_b
1,3416,294,295,12,not_a
1,3417,27,32,10,not_b
1,3418,658,660,14,not_and
1,3419,184,192,4,not_implied_by
1,3420,234,240,12,not_a
1,3421,45,52,3,a
1,3422,541,546,7,or
1,3423,173,180,9,not_xor
1,3424,289,291,8,not_or
1,3425,660,666,10,not_b
1,3426,182,185,7,or
1,3427,60,64,7,or
1,3428,408,411,1,and
1,3429,7,14,6,xor
1,3430,449,455,8,not_or
1,3431,778,783,1,and
1,3432,329,337,9,not_xor
1,3433,607,608,14,not_and
1,3434,644,650,13,implies
1,3435,330,332,6,xor
1,3436,513,520,11,implied_by
1,3437,321,325,7,or
1,3438,26,29,5,b
1,3439,255,261,0,zero
1,3440,525,530,3,a
1,3441,37,40,8,not_or
1,3442,376,382,10,not_b
1,3443,89,90,7,or
1,3444,176,181,12,not_a
1,3445,676,682,3,a
1,3446,56,64,9,not_xor
1,3447,611,612,0,zero
1,3448,255,257,4,not_implied_by
1,3449,630,637,2,not_implies
1,3450,387,392,7,or
1,3451,506,507,9,not_xor
1,3452,553,560,8,not_or
1,3453,62,63,7,or
1,3454,52,56,11,implied_by
1,3455,227,230,7,or
1,3456,677,681,6,xor
1,3457,346,347,9,not_xor
1,3458,130,136,10,not_b
1,3459,312,317,5,b
1,3460,222,226,1,and
1,3461,258,264,2,not_implies
1,3462,509,513,7,or
1,3463,636,640,6,xor
1,3464,159,163,5,b
1,3465,116,118,7,or
1,3466,164,168,9,not_xor
1,3467,358,362,0,zero
1,3468,200,206,13,implies
1,3469,429,434,4,not_implied_by
1,3470,605,611,11,implied_by
1,3471,109,110,0,zero
1,3472,449,450,1,and
1,3473,58,66,7,or
1,3474,632,634,7,or
1,3475,665,670,13,implies
1,3476,570,575,12,not_a
1,3477,188,195,7,or
1,3478,310,316,11,implied_by
1,3479,382,383,11,implied_by
1,3480,368,370,1,and
1,3481,470,478,6,xor
1,3482,198,199,15,one
1,3483,320,321,4,not_implied_by
1,3484,122,124,14,not_and
1,3485,639,646,6,xor
1,3486,405,411,1,and
1,3487,746,752,7,or
1,3488,454,455,8,not_or
1,3489,733,739,9,not_xor
1,3490,75,78,13,implies
1,3491,305,307,2,not_implies
1,3492,745,748,6,xor
1,3493,587,594,8,not_or
1,3494,630,631,14,not_and
1,3495,445,446,5,b
1,3496,218,221,8,not_or
1,3497,634,637,6,xor
1,3498,625,629,1,and
1,3499,662,664,8,not_or
1,3500,456,460,7,or
1,3501,335,341,6,xor
1,3502,250,252,9,not_xor
1,3503,4,7,14,not_and
1,3504,598,604,6,xor
1,3505,552,553,9,not_xor
1,3506,464,472,10,not_b
1,3507,5,11,5,b
1,3508,383,391,15,one
1,3509,86,90,8,not_or
1,3510,273,281,5,b
1,3511,187,195,2,not_implies
1,3512,468,471,6,xor
1,3513,349,352,9,not_xor
1,3514,379,385,9,not_xor
1,3515,612,617,8,not_or
1,3516,192,195,2,not_implies
1,3517,483,484,2,not_implies
1,3518,122,123,12,not_a
1,3519,400,406,14,not_and
1,3520,624,630,11,implied_by
1,3521,555,561,5,b
1,3522,13,15,6,xor
1,3523,40,41,8,not_or
1,3524,449,454,5,b
1,3525,770,775,2,not_implies
1,3526,615,617,0,zero
1,3527,689,696,9,not_xor
1,3528,509,517,3,a
1,3529,80,86,13,implies
1,3530,688,694,9,not_xor
1,3531,711,716,3,a
1,3532,739,741,2,not_implies
1,3533,695,696,5,b
1,3534,79,83,9,not_xor
1,3535,121,129,8,not_or
1,3536,189,190,10,not_b
1,3537,372,376,1,and
1,3538,167,168,8,not_or
1,3539,746,753,6,xor
1,3540,650,654,7,or
1,3541,66,71,7,or
1,3542,478,485,6,xor
1,3543,726,731,2,not_implies
1,3544,226,231,8,not_or
1,3545,621,628,14,not_and
1,3546,397,404,1,and
1,3547,531,532,7,or
1,3548,651,656,6,xor
1,3549,533,539,12,not_a
1,3550,80,83,6,xor
1,3551,469,470,5,b
1,3552,452,457,3,a
1,3553,397,398,2,not_implies
1,3554,108,112,9,not_xor
1,3555,712,719,6,xor
1,3556,93,100,15,one
1,3557,755,761,4,not_implied_by
1,3558,698,705,9,not_xor
1,3559,676,679,12,not_a
1,3560,76,80,9,not_xor
1,3561,129,133,8,not_or
1,3562,342,350,11,implied_by
1,3563,652,659,4,not_implied_by
1,3564,652,658,6,xor
1,3565,37,39,8,not_or
1,3566,221,226,13,implies
1,3567,619,624,6,xor
1,3568,371,375,3,a
1,3569,507,513,12,not_a
1,3570,174,176,6,xor
1,3571,757,761,4,not_implied_by
1,3572,100,106,8,not_or
1,3573,498,505,11,implied_by
1,3574,579,583,13,implies
1,3575,652,655,0,zero
1,3576,87,95,9,not_xor
1,3577,324,327,7,or
1,3578,179,187,9,not_xor
1,3579,11,16,14,not_and
1,3580,365,368,8,not_or
1,3581,293,296,3,a
1,3582,153,158,4,not_implied_by
1,3583,239,246,8,not_or
1,3584,598,603,7,or
1,3585,446,447,3,a
1,3586,135,138,10,not_b
1,3587,118,122,3,a
1,3588,667,670,6,xor
1,3589,739,743,9,not_xor
1,3590,190,191,8,not_or
1,3591,639,643,1,and
1,3592,544,548,10,not_b
1,3593,485,493,8,not_or
1,3594,670,673,10,not_b
1,3595,756,763,11,implied_by
1,3596,699,706,4,not_implied_by
1,3597,604,605,8,not_or
1,3598,60,62,7,or
1,3599,427,433,11,implied_by
1,3600,109,112,15,one
1,3601,724,726,9,not_xor
1,3602,742,745,8,not_or
1,3603,538,539,6,xor
1,3604,359,363,6,xor
1,3605,772,774,6,xor
1,3606,536,543,9,not_xor
1,3607,491,494,6,xor
1,3608,522,525,9,not_xor
1,3609,217,220,5,b
1,3610,16,21,0,zero
1,3611,593,600,5,b
1,3612,360,364,3,a
1,3613,481,484,8,not_or
1,3614,773,774,13,implies
1,3615,684,686,5,b
1,3616,270,274,10,not_b
1,3617,108,113,8,not_or
1,3618,166,173,11,implied_by
1,3619,659,662,10,not_b
1,3620,722,723,8,not_or
1,3621,120,122,5,b
1,3622,337,345,8,not_or
1,3623,231,232,7,or
1,3624,563,570,0,zero
1,3625,342,347,10,not_b
1,3626,684,690,11,implied_by
1,3627,385,390,12,not_a
1,3628,661,667,2,not_implies
1,3629,11,14,3,a
1,3630,353,357,9,not_xor
1,3631,748,753,8,not_or
1,3632,304,307,8,not_or
1,3633,363,364,12,not_a
1,3634,650,652,6,xor
1,3635,513,518,4,not_implied_by
1,3636,59,60,1,and
1,3637,485,488,8,not_or
1,3638,253,254,8,not_or
1,3639,377,381,1,and
1,3640,361,365,2,not_implies
1,3641,436,443,9,not_xor
1,3642,412,414,5,b
1,3643,736,738,9,not_xor
1,3644,485,491,12,not_a
1,3645,232,237,4,not_implied_by
1,3646,597,603,6,xor
1,3647,152,154,3,a
1,3648,744,751,6,xor
1,3649,180,185,12,not_a
1,3650,68,70,8,not_or
1,3651,439,446,5,b
1,3652,244,250,10,not_b
1,3653,173,177,12,not_a
1,3654,0,5,9,not_xor
1,3655,69,73,14,not_and
1,3656,729,734,12,not_a
1,3657,73,74,8,not_or
1,3658,581,586,14,not_and
1,3659,507,510,12,not_a
1,3660,203,209,3,a
1,3661,614,615,15,one
1,3662,458,461,1,and
1,3663,175,179,5,b
1,3664,663,666,1,and
1,3665,319,325,13,implies
1,3666,160,162,4,not_implied_by
1,3667,174,180,10,not_b
1,3668,19,27,7,or
1,3669,510,511,6,xor
1,3670,666,669,12,not_a
1,3671,554,559,11,implied_by
1,3672,710,716,2,not_implies
1,3673,486,494,11,implied_by
1,3674,410,416,3,a
1,3675,262,264,15,one
1,3676,468,470,8,not_or
1,3677,496,497,0,zero
1,3678,644,647,1,and
1,3679,87,92,0,zero
1,3680,668,674,6,xor
1,3681,472,476,8,not_or
1,3682,526,529,9,not_xor
1,3683,672,675,10,not_b
1,3684,133,140,4,not_implied_by
1,3685,540,541,9,not_xor
1,3686,737,744,5,b
1,3687,416,423,14,not_and
1,3688,515,522,6,xor
1,3689,411,413,3,a
1,3690,278,284,4,not_implied_by
1,3691,663,670,2,not_implies
1,3692,506,510,11,implied_by
1,3693,407,410,1,and
1,3694,318,321,0,zero
1,3695,495,499,14,not_and
1,3696,682,686,11,implied_by
1,3697,40,47,8,not_or
1,3698,539,546,3,a
1,3699,276,281,13,implies
1,3700,288,296,5,b
1,3701,73,78,8,not_or
1,3702,44,47,4,not_implied_by
1,3703,210,214,13,implies
1,3704,126,131,9,not_xor
1,3705,132,140,4,not_implied_by
1,3706,739,745,8,not_or
1,3707,124,127,1,and
1,3708,209,215,3,a
1,3709,361,367,14,not_and
1,3710,5,6,6,xor
1,3711,726,728,7,or
1,3712,128,131,9,not_xor
1,3713,200,204,11,implied_by
1,3714,511,518,8,not_or
1,3715,319,326,4,not_implied_by
1,3716,440,443,0,zero
1,3717,737,739,9,not_xor
1,3718,304,305,4,not_implied_by
1,3719,418,424,12,not_a
1,3720,43,47,8,not_or
1,3721,414,422,13,implies
1,3722,284,287,4,not_implied_by
1,3723,614,617,1,and
1,3724,123,124,13,implies
1,3725,446,454,2,not_implies
1,3726,571,575,6,xor
1,3727,721,728,6,xor
1,3728,32,33,12,not_a
1,3729,272,279,3,a
1,3730,216,219,9,not_xor
1,3731,403,407,10,not_b
1,3732,522,526,8,not_or
1,3733,594,601,0,zero
1,3734,274,281,7,or
1,3735,393,398,1,and
1,3736,141,143,9,not_xor
1,3737,727,732,14,not_and
1,3738,593,596,6,xor
1,3739,443,451,5,b
1,3740,477,480,5,b
1,3741,151,157,3,a
1,3742,344,350,1,and
1,3743,291,295,1,and
1,3744,257,260,7,or
1,3745,477,485,14,not_and
1,3746,423,426,15,one
1,3747,39,45,1,and
1,3748,445,448,7,or
1,3749,236,239,9,not_xor
1,3750,559,563,7,or
1,3751,49,54,8,not_or
1,3752,216,217,14,not_and
1,3753,495,503,8,not_or
1,3754,603,607,10,not_b
1,3755,579,581,3,a
1,3756,500,506,9,not_xor
1,3757,473,475,15,one
1,3758,182,190,8,not_or
1,3759,472,477,9,not_xor
1,3760,683,687,5,b
1,3761,97,104,3,a
1,3762,521,525,7,or
1,3763,11,18,9,not_xor
1,3764,469,473,0,zero
1,3765,348,356,2,not_implies
1,3766,233,237,0,zero
1,3767,517,519,6,xor
1,3768,475,477,6,xor
1,3769,604,606,10,not_b
1,3770,566,570,7,or
1,3771,536,537,4,not_implied_by
1,3772,152,160,10,not_b
1,3773,622,625,12,not_a
1,3774,36,38,8,not_or
1,3775,264,265,4,not_implied_by
1,3776,433,434,0,zero
1,3777,434,435,9,not_xor
1,3778,206,212,8,not_or
1,3779,674,680,9,not_xor
1,3780,172,177,8,not_or
1,3781,676,677,13,implies
1,3782,749,753,7,or
1,3783,548,554,2,not_implies
1,3784,620,627,0,zero
1,3785,134,137,15,one
1,3786,259,265,5,b
1,3787,750,753,6,xor
1,3788,211,215,3,a
1,3789,687,692,12,not_a
1,3790,508,514,14,not_and
1,3791,151,152,8,not_or
1,3792,338,346,2,not_implies
1,3793,58,60,10,not_b
1,3794,153,155,9,not_xor
1,3795,146,150,14,not_and
1,3796,377,380,8,not_or
1,3797,714,719,7,or
1,3798,296,297,1,and
1,3799,214,215,10,not_b
1,3800,26,33,5,b
1,3801,543,549,6,xor
1,3802,448,455,9,not_xor
1,3803,488,495,3,a
1,3804,172,174,3,a
1,3805,611,614,13,implies
1,3806,602,606,15,one
1,3807,1,5,3,a
1,3808,101,109,9,not_xor
1,3809,638,642,5,b
1,3810,655,659,14,not_and
1,3811,715,722,7,or
1,3812,750,755,12,not_a
1,3813,645,649,3,a
1,3814,42,44,1,and
1,3815,397,399,10,not_b
1,3816,100,108,4,not_implied_by
1,3817,499,503,12,not_a
1,3818,32,34,13,implies
1,3819,96,97,10,not_b
1,3820,10,13,6,xor
1,3821,449,453,5,b
1,3822,503,511,10,not_b
1,3823,673,678,13,implies
1,3824,573,576,9,not_xor
1,3825,235,239,5,b
1,3826,391,397,10,not_b
1,3827,398,400,7,or
1,3828,395,397,10,not_b
1,3829,412,417,14,not_and
1,3830,555,556,5,b
1,3831,594,596,6,xor
1,3832,729,731,8,not_or
1,3833,567,568,6,xor
1,3834,142,145,8,not_or
1,3835,244,245,2,not_implies
1,3836,170,172,14,not_and
1,3837,81,83,7,or
1,3838,30,38,9,not_xor
1,3839,247,250,5,b
1,3840,168,170,8,not_or
1,3841,438,439,10,not_b
1,3842,217,219,1,and
1,3843,158,163,7,or
1,3844,121,128,5,b
1,3845,173,174,6,xor
1,3846,416,421,12,not_a
1,3847,572,579,1,and
1,3848,82,90,10,not_b
1,3849,290,293,8,not_or
1,3850,221,229,9,not_xor
1,3851,356,361,1,and
1,3852,201,205,7,or
1,3853,287,288,3,a
1,3854,141,149,3,a
1,3855,632,633,9,not_xor
1,3856,103,107,6,xor
1,3857,301,305,3,a
1,3858,354,360,4,not_implied_by
1,3859,551,558,11,implied_by
1,3860,164,167,3,a
1,3861,411,414,4,not_implied_by
1,3862,249,255,2,not_implies
1,3863,77,81,9,not_xor
1,3864,642,646,8,not_or
1,3865,646,652,5,b
1,3866,404,412,12,not_a
1,3867,73,80,5,b
1,3868,608,610,11,implied_by
1,3869,328,329,1,and
1,3870,417,418,6,xor
1,3871,119,127,13,implies
1,3872,575,578,10,not_b
1,3873,446,448,2,not_implies
1,3874,144,152,9,not_xor
1,3875,260,262,6,xor
1,3876,66,73,5,b
1,3877,276,284,7,or
1,3878,59,61,11,implied_by
1,3879,565,570,6,xor
1,3880,338,343,7,or
1,3881,366,368,8,not_or
1,3882,56,62,4,not_implied_by
1,3883,677,678,3,a
1,3884,697,699,15,one
1,3885,658,659,8,not_or
1,3886,499,501,7,or
1,3887,126,133,6,xor
1,3888,770,771,12,not_a
1,3889,337,343,3,a
1,3890,746,747,6,xor
1,3891,126,128,7,or
1,3892,641,648,8,not_or
1,3893,518,525,3,a
1,3894,447,448,9,not_xor
1,3895,50,51,2,not_implies
1,3896,279,286,11,implied_by
1,3897,682,683,13,implies
1,3898,481,486,7,or
1,3899,391,394,7,or
1,3900,30,32,1,and
1,3901,395,403,6,xor
1,3902,271,272,6,xor
1,3903,72,78,2,not_implies
1,3904,478,481,11,implied_by
1,3905,681,688,12,not_a
1,3906,114,117,11,implied_by
1,3907,599,604,6,xor
1,3908,127,131,8,not_or
1,3909,480,481,4,not_implied_by
1,3910,35,40,11,implied_by
1,3911,209,214,4,not_implied_by
1,3912,708,712,6,xor
1,3913,70,73,9,not_xor
1,3914,276,278,11,implied_by
1,3915,130,131,2,not_implies
1,3916,238,246,9,not_xor
1,3917,721,726,1,and
1,3918,569,574,5,b
1,3919,623,630,8,not_or
1,3920,343,348,11,implied_by
1,3921,119,120,8,not_or
1,3922,62,66,7,or
1,3923,360,362,15,one
1,3924,709,713,10,not_b
1,3925,373,381,1,and
1,3926,432,435,13,implies
1,3927,494,502,5,b
1,3928,597,601,7,or
1,3929,629,632,5,b
1,3930,494,500,1,and
1,3931,584,588,10,not_b
1,3932,13,14,9,not_xor
1,3933,334,341,11,implied_by
1,3934,201,202,12,not_a
1,3935,17,18,4,not_implied_by
1,3936,296,301,8,not_or
1,3937,446,452,14,not_and
1,3938,574,579,7,or
1,3939,538,542,11,implied_by
1,3940,245,251,9,not_xor
1,3941,601,605,12,not_a
1,3942,334,342,12,not_a
1,3943,726,727,13,implies
1,3944,222,225,10,not_b
1,3945,251,252,12,not_a
1,3946,15,19,9,not_xor
1,3947,742,746,7,or
1,3948,452,459,9,not_xor
1,3949,401,403,14,not_and
1,3950,565,572,3,a
1,3951,683,686,6,xor
1,3952,514,518,8,not_or
1,3953,338,344,7,or
1,3954,679,680,9,not_xor
1,3955,731,732,14,not_and
1,3956,75,80,4,not_implied_by
1,3957,220,223,2,not_implies
1,3958,396,404,13,implies
1,3959,219,221,11,implied_by
1,3960,57,63,6,xor
1,3961,385,386,8,not_or
1,3962,347,351,14,not_and
1,3963,640,642,12,not_a
1,3964,730,731,7,or
1,3965,158,166,6,xor
1,3966,57,62,6,xor
1,3967,131,139,13,implies
1,3968,131,133,6,xor
1,3969,370,375,5,b
1,3970,472,473,14,not_and
1,3971,209,212,12,not_a
1,3972,268,276,13,implies
1,3973,96,102,14,not_and
1,3974,172,178,8,not_or
1,3975,71,72,3,a
1,3976,61,66,3,a
1,3977,496,502,9,not_xor
1,3978,448,454,2,not_implies
1,3979,2,10,5,b
1,3980,633,634,1,and
1,3981,470,473,10,not_b
1,3982,512,516,6,xor
1,3983,293,301,14,not_and
1,3984,49,56,13,implies
1,3985,304,312,2,not_implies
1,3986,127,133,10,not_b
1,3987,1,2,10,not_b
1,3988,318,322,6,xor
1,3989,563,567,13,implies
1,3990,554,557,11,implied_by
1,3991,307,308,2,not_implies
1,3992,208,211,4,not_implied_by
1,3993,228,231,8,not_or
1,3994,188,190,2,not_implies
1,3995,490,494,9,not_xor
1,3996,82,88,5,b
1,3997,502,506,5,b
1,3998,416,420,3,a
1,3999,688,692,5,b
1,4000,692,699,8,not_or
1,4001,349,356,9,not_xor
1,4002,497,498,9,not_xor
1,4003,637,644,0,zero
1,4004,83,84,13,implies
1,4005,576,578,8,not_or
1,4006,204,205,3,a
1,4007,747,749,6,xor
1,4008,9,14,8,not_or
1,4009,343,347,9,not_xor
1,4010,528,530,5,b
1,4011,280,284,14,not_and
1,4012,233,236,9,not_xor
1,4013,558,562,12,not_a
1,4014,529,532,9,not_xor
1,4015,590,595,6,xor
1,4016,491,499,11,implied_by
1,4017,675,676,3,a
1,4018,666,672,6,xor
1,4019,68,74,2,not_implies
1,4020,335,336,13,implies
1,4021,40,43,14,not_and
1,4022,724,730,12,not_a
1,4023,198,200,12,not_a
1,4024,546,553,12,not_a
1,4025,561,562,8,not_or
1,4026,717,718,7,or
1,4027,451,452,12,not_a
1,4028,74,76,3,a
1,4029,451,457,11,implied_by
1,4030,630,633,7,or
1,4031,439,442,9,not_xor
1,4032,50,55,6,xor
1,4033,633,640,3,a
1,4034,744,749,9,not_xor
1,4035,588,595,9,not_xor
1,4036,265,272,1,and
1,4037,481,485,3,a
1,4038,74,81,14,not_and
1,4039,554,556,13,implies
1,4040,437,444,5,b
1,4041,650,657,9,not_xor
1,4042,215,216,0,zero
1,4043,613,616,0,zero
1,4044,153,157,10,not_b
1,4045,676,678,9,not_xor
1,4046,681,685,10,not_b
1,4047,547,548,6,xor
1,4048,557,558,12,not_a
1,4049,317,323,1,and
1,4050,137,145,9,not_xor
1,4051,424,428,8,not_or
1,4052,391,399,9,not_xor
1,4053,447,455,5,b
1,4054,377,384,6,xor
1,4055,551,557,4,not_implied_by
1,4056,422,428,10,not_b
1,4057,219,225,13,implies
1,4058,488,493,8,not_or
1,4059,574,575,12,not_a
1,4060,510,513,11,implied_by
1,4061,526,533,7,or
1,4062,435,437,7,or
1,4063,451,453,4,not_implied_by
1,4064,102,110,13,implies
1,4065,33,37,10,not_b
1,4066,396,400,8,not_or
1,4067,287,291,12,not_a
1,4068,243,248,13,implies
1,4069,265,266,9,not_xor
1,4070,538,540,3,a
1,4071,450,454,6,xor
1,4072,289,297,12,not_a
1,4073,730,736,10,not_b
1,4074,53,58,8,not_or
1,4075,643,646,13,implies
1,4076,227,234,7,or
1,4077,550,552,8,not_or
1,4078,126,129,12,not_a
1,4079,670,675,7,or
1,4080,195,200,7,or
1,4081,741,747,7,or
1,4082,11,19,9,not_xor
1,4083,115,117,9,not_xor
1,4084,499,504,11,implied_by
1,4085,740,745,12,not_a
1,4086,680,684,7,or
1,4087,257,262,7,or
1,4088,15,17,9,not_xor
1,4089,172,176,14,not_and
1,4090,117,120,10,not_b
1,4091,405,412,7,or
1,4092,229,235,7,or
1,4093,62,64,7,or
1,4094,762,765,15,one
1,4095,116,124,4,not_implied_by
1,4096,136,137,3,a
1,4097,96,101,14,not_and
1,4098,252,256,9,not_xor
1,4099,84,86,13,implies
1,4100,305,311,2,not_implies
1,4101,535,536,13,implies
1,4102,707,712,11,implied_by
1,4103,149,152,9,not_xor
1,4104,376,380,5,b
1,4105,78,81,1,and
1,4106,100,102,2,not_implies
1,4107,692,693,9,not_xor
1,4108,68,75,2,not_implies
1,4109,24,31,4,not_implied_by
1,4110,718,721,3,a
1,4111,305,306,1,and
1,4112,451,455,10,not_b
1,4113,359,366,7,or
1,4114,447,454,11,implied_by
1,4115,26,34,4,not_implied_by
1,4116,618,623,2,not_implies
1,4117,713,716,10,not_b
1,4118,348,350,6,xor
1,4119,675,682,4,not_implied_by
1,4120,413,419,2,not_implies
1,4121,669,671,15,one
1,4122,694,698,8,not_or
1,4123,394,401,14,not_and
1,4124,348,354,6,xor
1,4125,575,579,12,not_a
1,4126,231,236,13,implies
1,4127,643,645,8,not_or
1,4128,195,196,6,xor
1,4129,757,764,10,not_b
1,4130,536,542,13,implies
1,4131,282,283,3,a
1,4132,512,517,5,b
1,4133,689,694,15,one
1,4134,148,156,14,not_and
1,4135,697,698,4,not_implied_by
1,4136,176,178,9,not_xor
1,4137,345,348,11,implied_by
1,4138,99,100,8,not_or
1,4139,484,491,3,a
1,4140,292,297,0,zero
1,4141,139,147,4,not_implied_by
1,4142,262,267,2,not_implies
1,4143,423,424,6,xor
1,4144,417,421,6,xor
1,4145,356,358,13,implies
1,4146,436,439,8,not_or
1,4147,677,683,11,implied_by
1,4148,731,733,6,xor
1,4149,96,104,9,not_xor
1,4150,520,527,8,not_or
1,4151,763,765,8,not_or
1,4152,542,546,1,and
1,4153,703,708,9,not_xor
1,4154,668,670,14,not_and
1,4155,54,59,1,and
1,4156,727,730,6,xor
1,4157,158,161,12,not_a
1,4158,655,661,6,xor
1,4159,92,95,6,xor
1,4160,700,703,4,not_implied_by
1,4161,413,417,7,or
1,4162,531,537,9,not_xor
1,4163,298,302,13,implies
1,4164,377,385,10,not_b
1,4165,247,249,11,implied_by
1,4166,542,549,12,not_a
1,4167,366,369,9,not_xor
1,4168,569,572,2,not_implies
1,4169,596,597,6,xor
1,4170,171,174,0,zero
1,4171,27,35,11,implied_by
1,4172,587,589,12,not_a
1,4173,70,77,6,xor
1,4174,187,188,9,not_xor
1,4175,113,118,8,not_or
1,4176,379,382,7,or
1,4177,475,479,2,not_implies
1,4178,389,392,9,not_xor
1,4179,93,101,14,not_and
1,4180,422,427,7,or
1,4181,332,334,7,or
1,4182,755,759,0,zero
1,4183,444,449,6,xor
1,4184,623,625,10,not_b
1,4185,418,422,9,not_xor
1,4186,558,563,7,or
1,4187,98,106,6,xor
1,4188,285,288,4,not_implied_by
1,4189,131,138,7,or
1,4190,714,721,9,not_xor
1,4191,705,710,8,not_or
1,4192,612,615,3,a
1,4193,374,380,1,and
1,4194,686,691,2,not_implies
1,4195,770,774,6,xor
1,4196,655,657,4,not_implied_by
1,4197,759,766,5,b
1,4198,262,265,12,not_a
1,4199,497,502,5,b
1,4200,39,40,13,implies
1,4201,328,330,1,and
1,4202,561,567,6,xor
1,4203,252,253,15,one
1,4204,777,778,1,and
1,4205,508,516,6,xor
1,4206,463,466,7,or
1,4207,447,449,8,not_or
1,4208,269,272,9,not_xor
1,4209,456,457,9,not_xor
1,4210,337,339,1,and
1,4211,492,495,11,implied_by
1,4212,229,234,8,not_or
1,4213,332,333,5,b
1,4214,756,762,7,or
1,4215,620,621,8,not_or
1,4216,633,638,9,not_xor
1,4217,308,310,6,xor
1,4218,225,227,7,or
1,4219,310,314,8,not_or
1,4220,240,243,9,not_xor
1,4221,615,619,12,not_a
1,4222,414,420,9,not_xor
1,4223,559,566,12,not_a
1,4224,22,29,15,one
1,4225,206,210,7,or
1,4226,392,400,10,not_b
1,4227,376,384,6,xor
1,4228,775,781,6,xor
1,4229,271,276,14,not_and
1,4230,449,452,3,a
1,4231,314,319,7,or
1,4232,558,561,14,not_and
1,4233,393,395,7,or
1,4234,36,37,8,not_or
1,4235,24,27,7,or
1,4236,296,304,9,not_xor
1,4237,309,311,9,not_xor
1,4238,299,303,7,or
1,4239,61,63,4,not_implied_by
1,4240,88,95,4,not_implied_by
1,4241,277,284,3,a
1,4242,7,15,15,one
1,4243,637,640,8,not_or
1,4244,215,222,6,xor
1,4245,746,751,12,not_a
1,4246,135,140,2,not_implies
1,4247,136,144,2,not_implies
1,4248,211,216,3,a
1,4249,91,92,9,not_xor
1,4250,300,306,8,not_or
1,4251,6,8,0,zero
1,4252,335,339,5,b
1,4253,452,456,11,implied_by
1,4254,640,645,3,a
1,4255,0,3,0,zero
1,4256,83,89,7,or
1,4257,261,269,15,one
1,4258,71,76,6,xor
1,4259,162,164,2,not_implies
1,4260,456,459,9,not_xor
1,4261,169,172,7,or
1,4262,46,49,8,not_or
1,4263,703,710,2,not_implies
1,4264,698,702,7,or
1,4265,603,605,14,not_and
1,4266,244,251,11,implied_by
1,4267,610,613,9,not_xor
1,4268,623,624,2,not_implies
1,4269,287,294,8,not_or
1,4270,360,366,5,b
1,4271,507,508,7,or
1,4272,345,352,11,implied_by
1,4273,764,767,5,b
1,4274,281,289,6,xor
1,4275,613,615,4,not_implied_by
1,4276,186,190,5,b
1,4277,54,57,9,not_xor
1,4278,217,221,2,not_implies
1,4279,555,558,4,not_implied_by
1,4280,58,59,6,xor
1,4281,747,752,10,not_b
1,4282,234,241,6,xor
1,4283,181,185,6,xor
1,4284,574,576,9,not_xor
1,4285,107,110,8,not_or
1,4286,66,70,10,not_b
1,4287,480,487,2,not_implies
1,4288,206,213,7,or
1,4289,236,237,13,implies
1,4290,549,556,5,b
1,4291,174,181,4,not_implied_by
1,4292,536,544,7,or
1,4293,96,100,14,not_and
1,4294,284,292,12,not_a
1,4295,370,373,10,not_b
1,4296,723,729,13,implies
1,4297,501,504,8,not_or
1,4298,36,39,4,not_implied_by
1,4299,624,627,8,not_or
1,4300,76,81,3,a
1,4301,316,324,2,not_implies
1,4302,47,54,3,a
1,4303,437,445,7,or
1,4304,665,666,8,not_or
1,4305,318,325,3,a
1,4306,66,69,6,xor
1,4307,756,757,15,one
1,4308,79,84,3,a
1,4309,53,61,15,one
1,4310,144,145,4,not_implied_by
1,4311,20,27,12,not_a
1,4312,500,501,7,or
1,4313,744,746,7,or
1,4314,251,256,3,a
1,4315,13,18,14,not_and
1,4316,656,658,2,not_implies
1,4317,712,718,14,not_and
1,4318,339,340,11,implied_by
1,4319,195,197,8,not_or
1,4320,41,49,6,xor
1,4321,617,620,6,xor
1,4322,393,397,6,xor
1,4323,563,566,7,or
1,4324,515,519,10,not_b
1,4325,557,564,1,and
1,4326,158,162,8,not_or
1,4327,270,275,5,b
1,4328,101,107,14,not_and
1,4329,437,443,13,implies
1,4330,409,411,6,xor
1,4331,246,251,2,not_implies
1,4332,504,506,6,xor
1,4333,187,193,15,one
1,4334,744,750,9,not_xor
1,4335,696,702,8,not_or
1,4336,313,317,8,not_or
1,4337,328,332,8,not_or
1,4338,768,772,14,not_and
1,4339,747,748,7,or
1,4340,107,112,13,implies
1,4341,285,292,9,not_xor
1,4342,481,483,0,zero
1,4343,221,222,12,not_a
1,4344,564,568,9,not_xor
1,4345,430,437,2,not_implies
1,4346,59,67,5,b
1,4347,421,422,5,b
1,4348,616,621,5,b
1,4349,153,161,9,not_xor
1,4350,282,289,6,xor
1,4351,631,633,7,or
1,4352,367,371,10,not_b
1,4353,758,764,8,not_or
1,4354,765,772,6,xor
1,4355,565,567,6,xor
1,4356,519,521,10,not_b
1,4357,437,440,1,and
1,4358,717,721,6,xor
1,4359,777,780,3,a
1,4360,729,732,4,not_implied_by
1,4361,387,389,5,b
1,4362,570,571,8,not_or
1,4363,504,505,5,b
1,4364,732,734,6,xor
1,4365,387,391,12,not_a
1,4366,773,777,1,and
1,4367,77,82,2,not_implies
1,4368,748,750,12,not_a
1,4369,550,553,5,b
1,4370,658,663,8,not_or
1,4371,168,173,9,not_xor
1,4372,448,456,15,one
1,4373,417,425,10,not_b
1,4374,364,368,6,xor
1,4375,757,758,0,zero
1,4376,625,628,1,and
1,4377,57,65,6,xor
1,4378,229,231,8,not_or
1,4379,712,713,8,not_or
1,4380,385,392,7,or
1,4381,382,388,2,not_implies
1,4382,579,584,12,not_a
1,4383,751,756,13,implies
1,4384,369,370,7,or
1,4385,571,578,5,b
1,4386,211,214,2,not_implies
1,4387,488,492,12,not_a
1,4388,189,194,14,not_and
1,4389,490,492,4,not_implied_by
1,4390,82,85,13,implies
1,4391,490,493,11,implied_by
1,4392,155,163,1,and
1,4393,465,473,0,zero
1,4394,542,547,9,not_xor
1,4395,596,603,12,not_a
1,4396,152,153,14,not_and
1,4397,370,372,14,not_and
1,4398,31,33,14,not_and
1,4399,450,452,3,a
1,4400,639,640,5,b
1,4401,391,398,12,not_a
1,4402,253,255,7,or
1,4403,234,236,8,not_or
1,4404,122,125,8,not_or
1,4405,744,747,6,xor
1,4406,156,164,8,not_or
1,4407,420,425,4,not_implied_by
1,4408,213,217,13,implies
1,4409,96,99,10,not_b
1,4410,330,338,13,implies
1,4411,134,135,8,not_or
1,4412,11,12,10,not_b
1,4413,137,138,4,not_implied_by
1,4414,761,767,5,b
1,4415,628,631,7,or
1,4416,218,225,8,not_or
1,4417,341,347,7,or
1,4418,335,340,7,or
1,4419,495,501,9,not_xor
1,4420,707,713,1,and
1,4421,487,490,10,not_b
1,4422,170,173,11,implied_by
1,4423,12,16,10,not_b
1,4424,519,522,9,not_xor
1,4425,50,57,9,not_xor
1,4426,177,184,9,not_xor
1,4427,583,587,5,b
1,4428,138,145,9,not_xor
1,4429,278,279,2,not_implies
1,4430,611,613,14,not_and
1,4431,43,48,6,xor
1,4432,465,467,6,xor
1,4433,329,336,5,b
1,4434,174,178,12,not_a
1,4435,335,343,9,not_xor
1,4436,160,164,12,not_a
1,4437,299,300,9,not_xor
1,4438,724,731,3,a
1,4439,678,682,1,and
1,4440,762,763,5,b
1,4441,247,252,14,not_and
1,4442,717,724,7,or
1,4443,586,591,4,not_implied_by
1,4444,504,508,6,xor
1,4445,764,768,14,not_and
1,4446,267,270,8,not_or
1,4447,221,224,2,not_implies
1,4448,650,653,7,or
1,4449,738,741,7,or
1,4450,532,534,7,or
1,4451,243,246,9,not_xor
1,4452,76,82,8,not_or
1,4453,559,561,11,implied_by
1,4454,508,515,14,not_and
1,4455,347,355,12,not_a
1,4456,178,179,10,not_b
1,4457,38,41,5,b
1,4458,224,229,6,xor
1,4459,545,550,12,not_a
1,4460,78,79,8,not_or
1,4461,752,756,7,or
1,4462,467,475,2,not_implies
1,4463,758,765,1,and
1,4464,583,586,8,not_or
1,4465,371,372,7,or
1,4466,502,510,11,implied_by
1,4467,326,329,6,xor
1,4468,555,560,12,not_a
1,4469,288,290,15,one
1,4470,103,106,13,implies
1,4471,114,119,4,not_implied_by
1,4472,519,526,2,not_implies
1,4473,778,780,9,not_xor
1,4474,756,761,0,zero
1,4475,701,706,3,a
1,4476,384,391,13,implies
1,4477,187,191,7,or
1,4478,41,45,14,not_and
1,4479,209,211,5,b
1,4480,686,689,9,not_xor
1,4481,199,206,4,not_implied_by
1,4482,679,684,6,xor
1,4483,256,259,11,implied_by
1,4484,34,36,11,implied_by
1,4485,513,519,15,one
1,4486,660,663,14,not_and
1,4487,708,713,5,b
1,4488,167,170,1,and
1,4489,771,774,6,xor
1,4490,547,550,6,xor
1,4491,776,783,5,b
1,4492,389,396,6,xor
1,4493,357,364,12,not_a
1,4494,700,701,3,a
1,4495,228,229,8,not_or
1,4496,511,517,5,b
1,4497,150,153,6,xor
1,4498,143,150,9,not_xor
1,4499,657,659,6,xor
1,4500,393,394,7,or
1,4501,59,63,11,implied_by
1,4502,337,338,11,implied_by
1,4503,55,60,14,not_and
1,4504,462,467,5,b
1,4505,346,353,1,and
1,4506,354,355,0,zero
1,4507,317,318,6,xor
1,4508,663,664,14,not_and
1,4509,530,533,7,or
1,4510,658,664,2,not_implies
1,4511,241,243,9,not_xor
1,4512,569,576,11,implied_by
1,4513,433,438,15,one
1,4514,465,470,6,xor
1,4515,410,418,6,xor
1,4516,113,121,8,not_or
1,4517,222,227,6,xor
1,4518,430,432,5,b
1,4519,384,392,9,not_xor
1,4520,357,363,6,xor
1,4521,353,360,12,not_a
1,4522,14,22,3,a
1,4523,381,383,15,one
1,4524,167,173,14,not_and
1,4525,521,524,13,implies
1,4526,227,233,9,not_xor
1,4527,450,451,6,xor
1,4528,299,307,7,or
1,4529,654,657,1,and
1,4530,21,29,8,not_or
1,4531,242,243,9,not_xor
1,4532,450,457,8,not_or
1,4533,329,334,5,b
1,4534,266,267,12,not_a
1,4535,42,49,12,not_a
1,4536,142,149,7,or
1,4537,275,279,8,not_or
1,4538,656,657,9,not_xor
1,4539,282,290,7,or
1,4540,423,431,6,xor
1,4541,250,256,5,b
1,4542,668,672,6,xor
1,4543,456,458,6,xor
1,4544,28,34,4,not_implied_by
1,4545,610,614,9,not_xor
1,4546,520,528,4,not_implied_by
1,4547,105,112,0,zero
1,4548,591,592,10,not_b
1,4549,736,742,5,b
1,4550,321,326,13,implies
1,4551,466,473,6,xor
1,4552,35,36,8,not_or
1,4553,659,660,6,xor
1,4554,215,217,9,not_xor
1,4555,207,210,14,not_and
1,4556,698,704,3,a
1,4557,738,739,9,not_xor
1,4558,116,122,5,b
1,4559,470,475,9,not_xor
1,4560,291,296,6,xor
1,4561,509,515,5,b
1,4562,74,75,9,not_xor
1,4563,367,369,0,zero
1,4564,451,459,6,xor
1,4565,142,144,9,not_xor
1,4566,529,537,12,not_a
1,4567,427,429,9,not_xor
1,4568,211,217,9,not_xor
1,4569,379,380,12,not_a
1,4570,50,53,14,not_and
1,4571,51,55,0,zero
1,4572,660,662,10,not_b
1,4573,537,542,1,and
1,4574,360,368,3,a
1,4575,436,438,3,a
1,4576,776,779,13,implies
1,4577,561,564,2,not_implies
1,4578,639,644,3,a
1,4579,270,276,2,not_implies
1,4580,351,359,7,or
1,4581,192,200,7,or
1,4582,48,52,9,not_xor
1,4583,403,404,12,not_a
1,4584,691,692,6,xor
1,4585,591,594,6,xor
1,4586,640,643,4,not_implied_by
1,4587,293,298,9,not_xor
1,4588,147,150,9,not_xor
1,4589,675,679,8,not_or
1,4590,264,270,11,implied_by
1,4591,314,317,7,or
1,4592,213,215,9,not_xor
1,4593,154,160,14,not_and
1,4594,255,258,5,b
1,4595,565,568,6,xor
1,4596,313,321,4,not_implied_by
1,4597,182,183,8,not_or
1,4598,493,495,10,not_b
1,4599,91,99,15,one
1,4600,774,780,6,xor
1,4601,251,258,11,implied_by
1,4602,230,238,8,not_or
1,4603,150,156,10,not_b
1,4604,390,392,3,a
1,4605,499,507,8,not_or
1,4606,626,629,7,or
1,4607,482,487,15,one
1,4608,22,27,7,or
1,4609,206,214,6,xor
1,4610,460,467,5,b
1,4611,372,375,4,not_implied_by
1,4612,346,354,1,and
1,4613,766,768,12,not_a
1,4614,151,159,9,not_xor
1,4615,54,62,6,xor
1,4616,443,449,7,or
1,4617,343,351,5,b
1,4618,275,280,5,b
1,4619,106,109,9,not_xor
1,4620,731,735,6,xor
1,4621,249,256,14,not_and
1,4622,525,531,7,or
1,4623,642,643,12,not_a
1,4624,247,253,8,not_or
1,4625,40,45,10,not_b
1,4626,592,595,10,not_b
1,4627,53,59,13,implies
1,4628,161,162,12,not_a
1,4629,552,556,6,xor
1,4630,760,762,7,or
1,4631,382,384,1,and
1,4632,59,65,7,or
1,4633,258,265,9,not_xor
1,4634,726,730,14,not_and
1,4635,650,656,9,not_xor
1,4636,663,668,6,xor
1,4637,214,216,7,or
1,4638,560,564,8,not_or
1,4639,504,507,8,not_or
1,4640,127,132,8,not_or
1,4641,525,529,5,b
1,4642,625,627,1,and
1,4643,351,357,4,not_implied_by
1,4644,288,294,9,not_xor
1,4645,423,428,9,not_xor
1,4646,581,585,6,xor
1,4647,272,273,14,not_and
1,4648,699,703,3,a
1,4649,122,126,7,or
1,4650,291,299,10,not_b
1,4651,147,148,8,not_or
1,4652,596,599,7,or
1,4653,674,676,7,or
1,4654,273,276,8,not_or
1,4655,302,304,13,implies
1,4656,253,258,10,not_b
1,4657,226,233,5,b
1,4658,696,700,2,not_implies
1,4659,562,564,4,not_implied_by
1,4660,35,38,6,xor
1,4661,203,208,8,not_or
1,4662,586,592,11,implied_by
1,4663,581,587,9,not_xor
1,4664,61,68,11,implied_by
1,4665,67,69,8,not_or
1,4666,486,487,8,not_or
1,4667,454,462,11,implied_by
1,4668,151,154,9,not_xor
1,4669,664,668,5,b
1,4670,704,706,6,xor
1,4671,714,717,8,not_or
1,4672,228,233,12,not_a
1,4673,88,89,4,not_implied_by
1,4674,436,441,9,not_xor
1,4675,176,179,12,not_a
1,4676,204,212,12,not_a
1,4677,262,263,7,or
1,4678,235,243,6,xor
1,4679,181,184,8,not_or
1,4680,206,208,1,and
1,4681,251,254,10,not_b
1,4682,750,757,8,not_or
1,4683,486,488,9,not_xor
1,4684,328,334,5,b
1,4685,64,71,14,not_and
1,4686,18,19,6,xor
1,4687,559,564,4,not_implied_by
1,4688,305,312,7,or
1,4689,304,310,10,not_b
1,4690,280,285,13,implies
1,4691,672,673,10,not_b
1,4692,754,760,1,and
1,4693,751,757,8,not_or
1,4694,651,658,6,xor
1,4695,483,490,0,zero
1,4696,190,196,8,not_or
1,4697,49,50,5,b
1,4698,252,259,8,not_or
1,4699,65,69,7,or
1,4700,75,77,7,or
1,4701,167,174,7,or
1,4702,696,703,8,not_or
1,4703,282,288,8,not_or
1,4704,512,514,3,a
1,4705,562,569,5,b
1,4706,39,43,6,xor
1,4707,752,753,1,and
1,4708,445,452,13,implies
1,4709,2,3,3,a
1,4710,110,114,15,one
1,4711,182,188,9,not_xor
1,4712,777,781,2,not_implies
1,4713,182,187,12,not_a
1,4714,687,691,14,not_and
1,4715,99,105,11,implied_by
1,4716,596,602,2,not_implies
1,4717,213,218,10,not_b
1,4718,409,414,7,or
1,4719,552,559,10,not_b
1,4720,87,93,0,zero
1,4721,482,485,2,not_implies
1,4722,534,539,6,xor
1,4723,309,317,7,or
1,4724,275,283,7,or
1,4725,28,29,10,not_b
1,4726,97,105,13,implies
1,4727,403,409,14,not_and
1,4728,566,569,9,not_xor
1,4729,89,94,3,a
1,4730,735,742,8,not_or
1,4731,294,301,8,not_or
1,4732,692,697,14,not_and
1,4733,463,470,10,not_b
1,4734,528,533,9,not_xor
1,4735,154,155,1,and
1,4736,30,37,6,xor
1,4737,265,268,8,not_or
1,4738,50,52,10,not_b
1,4739,538,544,12,not_a
1,4740,133,141,8,not_or
1,4741,305,308,9,not_xor
1,4742,183,187,6,xor
1,4743,128,134,5,b
1,4744,700,704,1,and
1,4745,743,747,7,or
1,4746,239,240,3,a
1,4747,460,465,7,or
1,4748,158,165,8,not_or
1,4749,694,699,8,not_or
1,4750,773,778,13,implies
1,4751,266,273,9,not_xor
1,4752,489,493,12,not_a
1,4753,771,778,8,not_or
1,4754,556,561,8,not_or
1,4755,757,760,9,not_xor
1,4756,590,592,15,one
1,4757,208,210,10,not_b
1,4758,482,488,7,or
1,4759,97,100,3,a
1,4760,321,323,10,not_b
1,4761,595,599,8,not_or
1,4762,190,195,12,not_a
1,4763,297,303,10,not_b
1,4764,591,595,4,not_implied_by
1,4765,584,586,5,b
1,4766,184,189,6,xor
1,4767,406,408,7,or
1,4768,316,319,2,not_implies
1,4769,419,425,11,implied_by
1,4770,303,310,7,or
1,4771,428,430,12,not_a
1,4772,282,287,6,xor
1,4773,291,294,9,not_xor
1,4774,351,358,7,or
1,4775,600,603,14,not_and
1,4776,762,769,11,implied_by
1,4777,528,535,6,xor
1,4778,233,240,7,or
1,4779,431,436,2,not_implies
1,4780,631,637,5,b
1,4781,749,751,6,xor
1,4782,610,616,4,not_implied_by
1,4783,94,99,8,not_or
1,4784,415,421,2,not_implies
1,4785,695,702,9,not_xor
1,4786,381,389,10,not_b
1,4787,776,780,9,not_xor
1,4788,30,36,12,not_a
1,4789,753,756,15,one
1,4790,338,342,5,b
1,4791,52,60,10,not_b
1,4792,357,358,8,not_or
1,4793,440,442,8,not_or
1,4794,523,531,2,not_implies
1,4795,21,26,3,a
1,4796,487,489,9,not_xor
1,4797,480,488,6,xor
1,4798,68,71,7,or
1,4799,85,90,1,and
1,4800,607,613,6,xor
1,4801,524,531,4,not_implied_by
1,4802,212,217,6,xor
1,4803,57,64,13,implies
1,4804,388,394,5,b
1,4805,161,165,14,not_and
1,4806,433,441,2,not_implies
1,4807,449,457,9,not_xor
1,4808,99,103,9,not_xor
1,4809,583,585,9,not_xor
1,4810,2,9,0,zero
1,4811,566,568,1,and
1,4812,19,21,2,not_implies
1,4813,655,660,2,not_implies
1,4814,645,650,7,or
1,4815,720,727,5,b
1,4816,434,441,7,or
1,4817,151,153,14,not_and
1,4818,15,16,10,not_b
1,4819,635,641,9,not_xor
1,4820,282,286,7,or
1,4821,43,46,10,not_b
1,4822,681,683,11,implied_by
1,4823,131,137,13,implies
1,4824,302,310,2,not_implies
1,4825,22,30,7,or
1,4826,624,629,1,and
1,4827,292,293,4,not_implied_by
1,4828,740,746,4,not_implied_by
1,4829,238,244,6,xor
1,4830,192,193,12,not_a
1,4831,91,98,9,not_xor
1,4832,699,705,4,not_implied_by
1,4833,759,763,10,not_b
1,4834,223,226,5,b
1,4835,195,203,6,xor
1,4836,88,94,5,b
1,4837,109,115,1,and
1,4838,239,243,7,or
1,4839,250,255,2,not_implies
1,4840,496,498,9,not_xor
1,4841,771,773,6,xor
1,4842,693,700,5,b
1,4843,435,443,10,not_b
1,4844,260,261,10,not_b
1,4845,183,184,6,xor
1,4846,287,289,7,or
1,4847,206,207,12,not_a
1,4848,480,483,9,not_xor
1,4849,82,89,11,implied_by
1,4850,614,618,9,not_xor
1,4851,246,254,13,implies
1,4852,610,612,12,not_a
1,4853,318,326,15,one
1,4854,83,90,0,zero
1,4855,436,437,11,implied_by
1,4856,468,469,9,not_xor
1,4857,333,335,3,a
1,4858,212,220,6,xor
1,4859,680,687,3,a
1,4860,253,261,8,not_or
1,4861,19,26,3,a
1,4862,464,468,1,and
1,4863,632,637,9,not_xor
1,4864,240,248,15,one
1,4865,478,483,7,or
1,4866,706,710,6,xor
1,4867,514,517,4,not_implied_by
1,4868,390,393,3,a
1,4869,82,84,12,not_a
1,4870,778,782,8,not_or
1,4871,303,308,6,xor
1,4872,204,211,5,b
1,4873,89,95,7,or
1,4874,337,341,8,not_or
1,4875,524,526,6,xor
1,4876,129,130,11,implied_by
1,4877,763,768,7,or
1,4878,638,645,2,not_implies
1,4879,105,109,9,not_xor
1,4880,462,464,1,and
1,4881,405,410,10,not_b
1,4882,634,636,12,not_a
1,4883,260,265,1,and
1,4884,480,482,6,xor
1,4885,630,634,6,xor
1,4886,207,215,14,not_and
1,4887,33,35,3,a
1,4888,111,113,2,not_implies
1,4889,451,456,11,implied_by
1,4890,519,524,9,not_xor
1,4891,325,328,6,xor
1,4892,740,743,9,not_xor
1,4893,380,387,15,one
1,4894,385,387,7,or
1,4895,31,32,1,and
1,4896,309,314,8,not_or
1,4897,768,775,1,and
1,4898,507,514,8,not_or
1,4899,257,263,8,not_or
1,4900,685,687,14,not_and
1,4901,462,470,0,zero
1,4902,597,600,2,not_implies
1,4903,365,373,8,not_or
1,4904,589,591,2,not_implies
1,4905,66,68,5,b
1,4906,744,745,8,not_or
1,4907,227,228,9,not_xor
1,4908,654,661,9,not_xor
1,4909,750,751,6,xor
1,4910,718,723,1,and
1,4911,427,428,5,b
1,4912,671,677,14,not_and
1,4913,616,623,4,not_implied_by
1,4914,753,754,2,not_implies
1,4915,133,135,7,or
1,4916,728,729,3,a
1,4917,738,740,8,not_or
1,4918,692,694,6,xor
1,4919,719,720,13,implies
1,4920,36,43,3,a
1,4921,563,569,15,one
1,4922,208,214,12,not_a
1,4923,621,624,5,b
1,4924,417,420,2,not_implies
1,4925,224,231,9,not_xor
1,4926,243,251,9,not_xor
1,4927,6,12,11,implied_by
1,4928,567,574,7,or
1,4929,635,639,6,xor
1,4930,47,51,7,or
1,4931,732,736,5,b
1,4932,208,209,13,implies
1,4933,119,121,11,implied_by
1,4934,345,349,10,not_b
1,4935,377,378,2,not_implies
1,4936,719,725,5,b
1,4937,129,134,9,not_xor
1,4938,502,504,10,not_b
1,4939,271,277,7,or
1,4940,203,205,10,not_b
1,4941,485,489,4,not_implied_by
1,4942,127,135,6,xor
1,4943,115,120,9,not_xor
1,4944,431,435,12,not_a
1,4945,197,205,8,not_or
1,4946,457,459,3,a
1,4947,189,193,3,a
1,4948,386,390,5,b
1,4949,530,537,8,not_or
1,4950,633,639,11,implied_by
1,4951,659,666,10,not_b
1,4952,377,383,6,xor
1,4953,203,207,10,not_b
1,4954,484,485,11,implied_by
1,4955,248,251,12,not_a
1,4956,232,240,14,not_and
1,4957,516,518,12,not_a
1,4958,400,405,11,implied_by
1,4959,607,609,5,b
1,4960,109,111,11,implied_by
1,4961,542,543,12,not_a
1,4962,609,611,6,xor
1,4963,412,418,14,not_and
1,4964,178,182,5,b
1,4965,105,113,3,a
1,4966,648,651,2,not_implies
1,4967,379,386,0,zero
1,4968,575,582,9,not_xor
1,4969,219,222,7,or
1,4970,140,146,3,a
1,4971,325,333,13,implies
1,4972,692,695,8,not_or
1,4973,238,245,14,not_and
1,4974,44,51,13,implies
1,4975,309,315,9,not_xor
1,4976,333,334,7,or
1,4977,384,387,7,or
1,4978,124,129,8,not_or
1,4979,263,266,3,a
1,4980,565,566,1,and
1,4981,376,383,10,not_b
1,4982,421,426,6,xor
1,4983,8,12,9,not_xor
1,4984,693,695,9,not_xor
1,4985,141,144,7,or
1,4986,23,26,8,not_or
1,4987,406,414,1,and
1,4988,620,624,1,and
1,4989,494,495,8,not_or
1,4990,320,322,5,b
1,4991,433,436,9,not_xor
1,4992,162,163,8,not_or
1,4993,603,609,5,b
1,4994,9,12,7,or
1,4995,474,480,9,not_xor
1,4996,184,191,9,not_xor
1,4997,126,130,6,xor
1,4998,153,160,2,not_implies
1,4999,43,49,3,a
1,5000,44,46,3,a
1,5001,125,133,12,not_a
1,5002,245,249,10,not_b
1,5003,375,376,8,not_or
1,5004,619,625,2,not_implies
1,5005,777,779,6,xor
1,5006,647,648,1,and
1,5007,288,292,8,not_or
1,5008,156,161,0,zero
1,5009,426,434,10,not_b
1,5010,532,537,3,a
1,5011,454,456,12,not_a
1,5012,248,253,8,not_or
1,5013,202,208,3,a
1,5014,499,506,5,b
1,5015,192,196,4,not_implied_by
1,5016,178,183,9,not_xor
1,5017,238,241,3,a
1,5018,518,522,12,not_a
1,5019,344,345,9,not_xor
1,5020,352,356,3,a
1,5021,656,659,1,and
1,5022,585,589,13,implies
1,5023,238,243,10,not_b
1,5024,25,32,15,one
1,5025,473,476,6,xor
1,5026,311,319,3,a
1,5027,285,289,7,or
1,5028,494,499,0,zero
1,5029,740,747,9,not_xor
1,5030,509,511,6,xor
1,5031,735,740,12,not_a
1,5032,424,429,10,not_b
1,5033,478,482,4,not_implied_by
1,5034,685,688,7,or
1,5035,553,557,6,xor
1,5036,534,537,10,not_b
1,5037,241,248,2,not_implies
1,5038,503,505,9,not_xor
1,5039,22,23,10,not_b
1,5040,643,647,11,implied_by
1,5041,137,143,8,not_or
1,5042,73,75,3,a
1,5043,289,290,12,not_a
1,5044,556,562,6,xor
1,5045,568,574,11,implied_by
1,5046,76,79,6,xor
1,5047,26,32,0,zero
1,5048,763,769,10,not_b
1,5049,198,202,8,not_or
1,5050,149,157,1,and
1,5051,679,686,7,or
1,5052,538,543,8,not_or
1,5053,417,424,3,a
1,5054,761,763,10,not_b
1,5055,236,244,12,not_a
1,5056,781,782,12,not_a
1,5057,402,407,5,b
1,5058,323,329,15,one
1,5059,311,312,7,or
1,5060,199,200,14,not_and
1,5061,539,545,2,not_implies
1,5062,271,279,0,zero
1,5063,175,180,6,xor
1,5064,515,517,14,not_and
1,5065,706,711,6,xor
1,5066,83,88,3,a
1,5067,167,172,5,b
1,5068,395,398,1,and
1,5069,328,331,1,and
1,5070,142,148,11,implied_by
1,5071,454,459,0,zero
1,5072,378,385,9,not_xor
1,5073,724,725,15,one
1,5074,458,459,1,and
1,5075,327,331,9,not_xor
1,5076,495,497,13,implies
1,5077,540,544,12,not_a
1,5078,254,260,6,xor
1,5079,666,673,6,xor
1,5080,395,399,13,implies
1,5081,691,697,13,implies
1,5082,104,109,6,xor
1,5083,91,96,3,a
1,5084,188,191,7,or
1,5085,399,407,12,not_a
1,5086,180,187,6,xor
1,5087,470,477,7,or
1,5088,642,645,15,one
1,5089,616,622,9,not_xor
1,5090,357,359,7,or
1,5091,426,432,7,or
1,5092,212,214,3,a
1,5093,340,345,8,not_or
1,5094,312,315,6,xor
1,5095,185,187,2,not_implies
1,5096,221,228,4,not_implied_by
1,5097,653,657,5,b
1,5098,689,691,2,not_implies
1,5099,511,513,7,or
1,5100,679,683,9,not_xor
1,5101,381,387,2,not_implies
1,5102,124,130,12,not_a
1,5103,506,508,13,implies
1,5104,25,27,2,not_implies
1,5105,343,350,14,not_and
1,5106,185,186,6,xor
1,5107,157,162,6,xor
1,5108,386,389,10,not_b
1,5109,515,521,12,not_a
1,5110,768,774,10,not_b
1,5111,268,272,14,not_and
1,5112,52,57,11,implied_by
1,5113,183,191,2,not_implies
1,5114,674,677,9,not_xor
1,5115,84,88,1,and
1,5116,77,80,0,zero
1,5117,285,290,7,or
1,5118,17,20,13,implies
1,5119,431,434,12,not_a
1,5120,311,315,7,or
1,5121,510,517,4,not_implied_by
1,5122,725,728,12,not_a
1,5123,578,579,7,or
1,5124,164,165,5,b
1,5125,493,497,11,implied_by
1,5126,402,404,8,not_or
1,5127,671,674,2,not_implies
1,5128,615,620,12,not_a
1,5129,347,353,2,not_implies
1,5130,112,118,8,not_or
1,5131,511,515,8,not_or
1,5132,610,617,0,zero
1,5133,562,566,11,implied_by
1,5134,133,137,9,not_xor
1,5135,67,72,8,not_or
1,5136,483,486,13,implies
1,5137,652,657,6,xor
1,5138,612,618,3,a
1,5139,690,697,4,not_implied_by
1,5140,202,210,6,xor
1,5141,167,171,4,not_implied_by
1,5142,218,226,6,xor
1,5143,513,514,5,b
1,5144,439,444,6,xor
1,5145,341,346,3,a
1,5146,330,333,0,zero
1,5147,723,724,12,not_a
1,5148,17,23,8,not_or
1,5149,334,337,13,implies
1,5150,424,425,1,and
1,5151,409,415,8,not_or
1,5152,497,504,6,xor
1,5153,479,481,11,implied_by
1,5154,467,469,7,or
1,5155,272,276,12,not_a
1,5156,83,85,10,not_b
1,5157,18,22,3,a
1,5158,61,62,9,not_xor
1,5159,615,621,11,implied_by
1,5160,160,166,4,not_implied_by
1,5161,407,415,14,not_and
1,5162,641,645,7,or
1,5163,314,322,8,not_or
1,5164,726,733,7,or
1,5165,415,416,7,or
1,5166,748,754,3,a
1,5167,359,364,6,xor
1,5168,395,396,3,a
1,5169,572,576,6,xor
1,5170,458,463,8,not_or
1,5171,394,398,11,implied_by
1,5172,716,719,8,not_or
1,5173,594,598,12,not_a
1,5174,588,594,11,implied_by
1,5175,629,634,13,implies
1,5176,69,76,10,not_b
1,5177,293,300,9,not_xor
1,5178,537,543,4,not_implied_by
1,5179,638,643,1,and
1,5180,391,393,8,not_or
1,5181,2,8,2,not_implies
1,5182,215,223,4,not_implied_by
1,5183,299,302,8,not_or
1,5184,357,360,14,not_and
1,5185,239,242,12,not_a
1,5186,246,247,9,not_xor
1,5187,204,209,8,not_or
1,5188,367,374,2,not_implies
1,5189,93,98,7,or
1,5190,573,574,5,b
1,5191,442,444,4,not_implied_by
1,5192,523,528,8,not_or
1,5193,386,388,6,xor
1,5194,51,54,3,a
1,5195,293,294,15,one
1,5196,645,652,7,or
1,5197,356,364,7,or
1,5198,191,193,10,not_b
1,5199,628,633,9,not_xor
1,5200,471,477,6,xor
1,5201,11,17,8,not_or
1,5202,319,324,5,b
1,5203,263,267,3,a
1,5204,295,296,1,and
1,5205,134,142,2,not_implies
1,5206,141,145,4,not_implied_by
1,5207,463,464,0,zero
1,5208,30,33,15,one
1,5209,154,161,14,not_and
1,5210,160,163,14,not_and
1,5211,349,351,4,not_implied_by
1,5212,428,435,14,not_and
1,5213,224,225,0,zero
1,5214,44,52,9,not_xor
1,5215,528,534,9,not_xor
1,5216,46,50,6,xor
1,5217,103,104,7,or
1,5218,416,417,8,not_or
1,5219,527,531,11,implied_by
1,5220,490,498,15,one
1,5221,371,377,3,a
1,5222,118,126,9,not_xor
1,5223,249,253,13,implies
1,5224,192,199,4,not_implied_by
1,5225,710,712,4,not_implied_by
1,5226,671,676,2,not_implies
1,5227,480,485,2,not_implies
1,5228,575,581,5,b
1,5229,718,720,2,not_implies
1,5230,190,197,13,implies
1,5231,719,721,11,implied_by
1,5232,143,146,6,xor
1,5233,392,398,14,not_and
1,5234,147,152,5,b
1,5235,252,255,5,b
1,5236,106,114,11,implied_by
1,5237,145,152,7,or
1,5238,447,450,6,xor
1,5239,34,37,9,not_xor
1,5240,381,388,12,not_a
1,5241,93,95,8,not_or
1,5242,538,545,6,xor
1,5243,400,407,3,a
1,5244,479,480,3,a
1,5245,62,67,10,not_b
1,5246,317,319,5,b
1,5247,758,759,13,implies
1,5248,274,275,13,implies
1,5249,476,483,7,or
1,5250,550,551,6,xor
1,5251,168,176,7,or
1,5252,336,340,11,implied_by
1,5253,434,439,9,not_xor
1,5254,60,63,2,not_implies
1,5255,531,533,7,or
1,5256,220,226,13,implies
1,5257,396,399,3,a
1,5258,715,721,4,not_implied_by
1,5259,529,536,14,not_and
1,5260,133,138,12,not_a
1,5261,185,188,5,b
1,5262,587,590,8,not_or
1,5263,741,742,8,not_or
1,5264,483,491,2,not_implies
1,5265,776,782,2,not_implies
1,5266,421,427,12,not_a
1,5267,722,726,10,not_b
1,5268,104,107,1,and
1,5269,146,153,9,not_xor
1,5270,149,150,9,not_xor
1,5271,482,490,2,not_implies
1,5272,420,428,5,b
1,5273,441,444,9,not_xor
1,5274,331,334,11,implied_by
1,5275,15,22,2,not_implies
1,5276,339,342,8,not_or
1,5277,301,304,4,not_implied_by
1,5278,308,314,11,implied_by
1,5279,440,448,1,and
1,5280,445,453,8,not_or
1,5281,371,373,14,not_and
1,5282,573,579,9,not_xor
1,5283,175,176,8,not_or
1,5284,272,275,8,not_or
1,5285,651,652,3,a
1,5286,423,427,11,implied_by
1,5287,496,503,12,not_a
1,5288,280,286,7,or
1,5289,636,638,9,not_xor
1,5290,428,436,9,not_xor
1,5291,737,742,5,b
1,5292,279,282,14,not_and
1,5293,557,560,13,implies
1,5294,747,751,14,not_and
1,5295,62,69,10,not_b
1,5296,265,269,9,not_xor
1,5297,20,24,2,not_implies
1,5298,79,86,13,implies
1,5299,62,70,7,or
1,5300,645,648,9,not_xor
1,5301,542,545,9,not_xor
1,5302,274,280,8,not_or
1,5303,347,354,14,not_and
1,5304,389,397,11,implied_by
1,5305,641,646,12,not_a
1,5306,432,437,2,not_implies
1,5307,192,197,8,not_or
1,5308,512,519,4,not_implied_by
1,5309,524,532,4,not_implied_by
1,5310,339,345,7,or
1,5311,251,259,6,xor
1,5312,78,83,12,not_a
1,5313,223,225,15,one
1,5314,280,283,13,implies
1,5315,376,378,13,implies
1,5316,67,70,8,not_or
1,5317,499,502,13,implies
1,5318,186,187,5,b
1,5319,358,361,1,and
1,5320,345,347,3,a
1,5321,159,161,1,and
1,5322,176,184,7,or
1,5323,132,136,6,xor
1,5324,7,12,7,or
1,5325,194,197,4,not_implied_by
1,5326,361,366,3,a
1,5327,380,384,2,not_implies
1,5328,63,70,11,implied_by
1,5329,453,459,1,and
1,5330,523,525,3,a
1,5331,485,490,10,not_b
1,5332,486,490,5,b
1,5333,33,34,10,not_b
1,5334,360,367,6,xor
1,5335,322,326,3,a
1,5336,67,71,6,xor
1,5337,640,644,6,xor
1,5338,465,468,7,or
1,5339,366,367,6,xor
1,5340,112,119,8,not_or
1,5341,13,21,12,not_a
1,5342,82,86,14,not_and
1,5343,749,755,2,not_implies
1,5344,490,495,7,or
1,5345,627,633,11,implied_by
1,5346,177,178,8,not_or
1,5347,534,535,6,xor
1,5348,244,247,9,not_xor
1,5349,515,520,4,not_implied_by
1,5350,582,583,14,not_and
1,5351,361,364,9,not_xor
1,5352,589,596,13,implies
1,5353,65,72,11,implied_by
1,5354,259,267,9,not_xor
1,5355,92,98,11,implied_by
1,5356,573,578,14,not_and
1,5357,510,515,11,implied_by
1,5358,477,483,5,b
1,5359,56,63,12,not_a
1,5360,187,194,15,one
1,5361,12,19,7,or
1,5362,76,77,8,not_or
1,5363,30,31,2,not_implies
1,5364,5,12,8,not_or
1,5365,367,372,8,not_or
1,5366,440,441,3,a
1,5367,197,198,3,a
1,5368,582,588,2,not_implies
1,5369,619,623,5,b
1,5370,517,521,14,not_and
1,5371,95,102,10,not_b
1,5372,112,113,0,zero
1,5373,592,594,2,not_implies
1,5374,388,392,3,a
1,5375,362,366,14,not_and
1,5376,219,223,13,implies
1,5377,7,13,0,zero
1,5378,210,213,11,implied_by
1,5379,690,696,6,xor
1,5380,455,459,6,xor
1,5381,106,111,2,not_implies
1,5382,146,152,12,not_a
1,5383,165,173,4,not_implied_by
1,5384,416,424,6,xor
1,5385,593,597,10,not_b
1,5386,298,300,11,implied_by
1,5387,720,723,12,not_a
1,5388,221,225,10,not_b
1,5389,188,192,5,b
1,5390,571,574,12,not_a
1,5391,541,548,10,not_b
1,5392,195,202,4,not_implied_by
1,5393,312,314,7,or
1,5394,363,365,4,not_implied_by
1,5395,341,349,11,implied_by
1,5396,92,100,1,and
1,5397,574,581,9,not_xor
1,5398,669,670,0,zero
1,5399,265,271,10,not_b
1,5400,367,370,8,not_or
1,5401,203,210,12,not_a
1,5402,249,251,14,not_and
1,5403,261,265,3,a
1,5404,111,112,0,zero
1,5405,653,655,9,not_xor
1,5406,627,632,2,not_implies
1,5407,762,764,14,not_and
1,5408,136,139,13,implies
1,5409,520,525,9,not_xor
1,5410,169,174,5,b
1,5411,706,713,6,xor
1,5412,435,441,2,not_implies
1,5413,731,734,10,not_b
1,5414,540,542,3,a
1,5415,759,761,3,a
1,5416,467,470,7,or
1,5417,536,538,7,or
1,5418,50,54,8,not_or
1,5419,429,432,1,and
1,5420,664,666,6,xor
1,5421,207,208,9,not_xor
1,5422,672,674,5,b
1,5423,119,125,4,not_implied_by
1,5424,384,385,6,xor
1,5425,281,286,8,not_or
1,5426,385,389,13,implies
1,5427,394,402,4,not_implied_by
1,5428,346,348,2,not_implies
1,5429,267,275,12,not_a
1,5430,58,63,7,or
1,5431,171,176,7,or
1,5432,178,186,8,not_or
1,5433,508,512,4,not_implied_by
1,5434,523,530,8,not_or
1,5435,24,30,10,not_b
1,5436,710,715,9,not_xor
1,5437,342,344,8,not_or
1,5438,154,157,13,implies
1,5439,214,220,4,not_implied_by
1,5440,349,355,14,not_and
1,5441,355,357,7,or
1,5442,235,237,3,a
1,5443,257,259,3,a
1,5444,566,573,5,b
1,5445,25,26,8,not_or
1,5446,402,410,3,a
1,5447,441,447,6,xor
1,5448,461,465,5,b
1,5449,160,168,6,xor
1,5450,712,714,1,and
1,5451,71,78,7,or
1,5452,435,442,9,not_xor
1,5453,595,602,7,or
1,5454,412,415,4,not_implied_by
1,5455,346,350,11,implied_by
1,5456,46,51,3,a
1,5457,395,400,11,implied_by
1,5458,414,415,4,not_implied_by
1,5459,191,198,13,implies
1,5460,741,744,1,and
1,5461,464,465,11,implied_by
1,5462,406,407,8,not_or
1,5463,749,754,2,not_implies
1,5464,12,14,7,or
1,5465,106,113,3,a
1,5466,648,655,5,b
1,5467,684,689,4,not_implied_by
1,5468,278,281,5,b
1,5469,465,471,4,not_implied_by
1,5470,62,68,11,implied_by
1,5471,31,34,15,one
1,5472,713,715,6,xor
1,5473,4,6,13,implies
1,5474,330,331,9,not_xor
1,5475,704,709,14,not_and
1,5476,165,168,15,one
1,5477,535,538,3,a
1,5478,303,309,2,not_implies
1,5479,242,249,12,not_a
1,5480,74,82,7,or
1,5481,163,169,7,or
1,5482,548,549,6,xor
1,5483,229,237,10,not_b
1,5484,238,242,4,not_implied_by
1,5485,124,131,11,implied_by
1,5486,396,401,1,and
1,5487,85,91,0,zero
1,5488,370,378,11,implied_by
1,5489,146,147,8,not_or
1,5490,601,604,6,xor
1,5491,471,472,12,not_a
1,5492,772,776,11,implied_by
1,5493,47,50,14,not_and
1,5494,145,146,7,or
1,5495,83,91,6,xor
1,5496,603,606,14,not_and
1,5497,198,204,5,b
1,5498,289,296,6,xor
1,5499,623,627,6,xor
1,5500,540,543,10,not_b
1,5501,134,139,15,one
1,5502,407,411,14,not_and
1,5503,244,249,7,or
1,5504,652,653,12,not_a
1,5505,125,129,15,one
1,5506,352,358,13,implies
1,5507,72,75,5,b
1,5508,496,500,11,implied_by
1,5509,408,416,9,not_xor
1,5510,479,484,5,b
1,5511,184,185,8,not_or
1,5512,575,577,4,not_implied_by
1,5513,366,372,5,b
1,5514,413,420,7,or
1,5515,719,723,4,not_implied_by
1,5516,700,702,15,one
1,5517,627,628,9,not_xor
1,5518,638,644,3,a
1,5519,625,626,3,a
1,5520,200,203,7,or
1,5521,520,521,7,or
1,5522,373,376,13,implies
1,5523,690,693,7,or
1,5524,506,512,13,implies
1,5525,251,257,8,not_or
1,5526,704,705,8,not_or
1,5527,555,562,0,zero
1,5528,378,380,9,not_xor
1,5529,646,648,5,b
1,5530,467,474,10,not_b
1,5531,332,335,4,not_implied_by
1,5532,81,88,6,xor
1,5533,69,72,3,a
1,5534,452,458,8,not_or
1,5535,79,80,3,a
1,5536,212,219,4,not_implied_by
1,5537,219,227,9,not_xor
1,5538,674,681,2,not_implies
1,5539,5,13,9,not_xor
1,5540,489,497,6,xor
1,5541,257,258,3,a
1,5542,540,546,12,not_a
1,5543,386,393,13,implies
1,5544,24,28,3,a
1,5545,410,412,6,xor
1,5546,775,780,5,b
1,5547,59,62,4,not_implied_by
1,5548,254,257,5,b
1,5549,336,337,7,or
1,5550,669,672,15,one
1,5551,426,431,12,not_a
1,5552,477,484,8,not_or
1,5553,87,89,6,xor
1,5554,764,770,10,not_b
1,5555,483,485,3,a
1,5556,118,123,4,not_implied_by
1,5557,69,71,1,and
1,5558,471,476,7,or
1,5559,621,625,1,and
1,5560,179,180,6,xor
1,5561,549,552,5,b
1,5562,316,320,11,implied_by
1,5563,216,221,6,xor
1,5564,203,211,7,or
1,5565,691,694,9,not_xor
1,5566,349,354,7,or
1,5567,271,273,9,not_xor
1,5568,318,320,10,not_b
1,5569,745,747,6,xor
1,5570,107,115,7,or
1,5571,123,129,8,not_or
1,5572,273,274,10,not_b
1,5573,662,666,14,not_and
1,5574,709,711,1,and
1,5575,353,354,1,and
1,5576,72,77,2,not_implies
1,5577,538,546,8,not_or
1,5578,772,773,3,a
1,5579,88,96,5,b
1,5580,81,87,11,implied_by
1,5581,308,309,8,not_or
1,5582,416,418,12,not_a
1,5583,292,294,11,implied_by
1,5584,294,296,3,a
1,5585,317,321,11,implied_by
1,5586,140,148,4,not_implied_by
1,5587,100,104,9,not_xor
1,5588,436,440,11,implied_by
1,5589,769,774,3,a
1,5590,743,750,10,not_b
1,5591,132,137,11,implied_by
1,5592,153,159,10,not_b
1,5593,279,281,9,not_xor
1,5594,470,476,7,or
1,5595,622,629,5,b
1,5596,291,298,2,not_implies
1,5597,604,608,7,or
1,5598,88,91,6,xor
1,5599,431,437,9,not_xor
1,5600,756,759,12,not_a
1,5601,460,461,9,not_xor
1,5602,284,290,15,one
1,5603,576,582,6,xor
1,5604,546,548,9,not_xor
1,5605,297,299,4,not_implied_by
1,5606,510,518,10,not_b
1,5607,481,482,2,not_implies
1,5608,591,597,14,not_and
1,5609,440,444,7,or
1,5610,564,567,4,not_implied_by
1,5611,310,313,10,not_b
1,5612,172,173,2,not_implies
1,5613,654,659,6,xor
1,5614,232,233,7,or
1,5615,701,707,0,zero
1,5616,209,210,14,not_and
1,5617,616,618,1,and
1,5618,527,534,1,and
1,5619,21,27,5,b
1,5620,405,408,11,implied_by
1,5621,756,758,1,and
1,5622,580,585,12,not_a
1,5623,301,307,13,implies
1,5624,444,450,14,not_and
1,5625,325,331,9,not_xor
1,5626,185,193,12,not_a
1,5627,725,731,5,b
1,5628,324,332,12,not_a
1,5629,638,641,12,not_a
1,5630,376,377,7,or
1,5631,182,184,9,not_xor
1,5632,380,386,3,a
1,5633,713,718,10,not_b
1,5634,498,501,13,implies
1,5635,566,567,6,xor
1,5636,530,536,8,not_or
1,5637,216,223,6,xor
1,5638,336,341,7,or
1,5639,769,771,10,not_b
1,5640,86,92,9,not_xor
1,5641,191,199,12,not_a
1,5642,673,676,2,not_implies
1,5643,133,136,6,xor
1,5644,100,105,13,implies
1,5645,475,480,14,not_and
1,5646,136,141,2,not_implies
1,5647,337,340,8,not_or
1,5648,401,406,10,not_b
1,5649,298,301,10,not_b
1,5650,109,114,10,not_b
1,5651,435,436,7,or
1,5652,23,31,5,b
1,5653,334,339,4,not_implied_by
1,5654,678,680,12,not_a
1,5655,541,547,15,one
1,5656,228,235,13,implies
1,5657,65,71,13,implies
1,5658,635,640,8,not_or
1,5659,418,421,13,implies
1,5660,510,512,9,not_xor
1,5661,586,590,9,not_xor
1,5662,264,269,11,implied_by
1,5663,52,54,0,zero
1,5664,27,31,7,or
1,5665,358,359,5,b
1,5666,311,316,7,or
1,5667,27,29,0,zero
1,5668,123,131,11,implied_by
1,5669,724,729,5,b
1,5670,548,555,8,not_or
1,5671,176,183,13,implies
1,5672,757,763,0,zero
1,5673,768,773,7,or
1,5674,128,133,9,not_xor
1,5675,779,782,14,not_and
1,5676,445,450,6,xor
1,5677,369,374,8,not_or
1,5678,501,507,2,not_implies
1,5679,470,471,2,not_implies
1,5680,459,461,6,xor
1,5681,466,470,8,not_or
1,5682,194,199,10,not_b
1,5683,502,508,13,implies
1,5684,316,322,11,implied_by
1,5685,663,669,8,not_or
1,5686,544,550,7,or
1,5687,755,758,10,not_b
1,5688,765,768,9,not_xor
1,5689,420,423,14,not_and
1,5690,112,117,11,implied_by
1,5691,505,512,9,not_xor
1,5692,148,150,5,b
1,5693,699,701,1,and
1,5694,653,654,6,xor
1,5695,525,527,4,not_implied_by
1,5696,430,431,0,zero
1,5697,763,767,8,not_or
1,5698,528,536,3,a
1,5699,318,324,9,not_xor
1,5700,47,55,12,not_a
1,5701,310,311,13,implies
1,5702,296,300,2,not_implies
1,5703,559,565,14,not_and
1,5704,486,489,9,not_xor
1,5705,379,387,12,not_a
1,5706,371,379,9,not_xor
1,5707,425,431,4,not_implied_by
1,5708,13,16,7,or
1,5709,178,180,6,xor
1,5710,711,718,6,xor
1,5711,657,658,8,not_or
1,5712,317,322,4,not_implied_by
1,5713,300,308,6,xor
1,5714,482,489,5,b
1,5715,295,297,8,not_or
1,5716,489,495,14,not_and
1,5717,517,523,9,not_xor
1,5718,765,771,1,and
1,5719,322,323,10,not_b
1,5720,97,101,7,or
1,5721,515,516,13,implies
1,5722,132,133,5,b
1,5723,276,283,10,not_b
1,5724,168,174,8,not_or
1,5725,457,460,6,xor
1,5726,428,429,5,b
1,5727,35,42,5,b
1,5728,58,62,7,or
1,5729,393,400,4,not_implied_by
1,5730,137,141,3,a
1,5731,671,675,6,xor
1,5732,16,19,9,not_xor
1,5733,551,554,5,b
1,5734,157,161,13,implies
1,5735,65,70,1,and
1,5736,649,654,4,not_implied_by
1,5737,123,127,6,xor
1,5738,278,282,0,zero
1,5739,658,661,2,not_implies
1,5740,14,20,3,a
1,5741,444,447,9,not_xor
1,5742,531,534,3,a
1,5743,156,162,4,not_implied_by
1,5744,219,224,9,not_xor
1,5745,513,517,6,xor
1,5746,768,770,13,implies
1,5747,198,203,9,not_xor
1,5748,217,224,8,not_or
1,5749,454,461,12,not_a
1,5750,206,211,6,xor
1,5751,24,25,8,not_or
1,5752,112,120,7,or
1,5753,177,180,8,not_or
1,5754,538,541,3,a
1,5755,475,483,5,b
1,5756,69,77,6,xor
1,5757,356,357,9,not_xor
1,5758,240,246,6,xor
1,5759,128,129,10,not_b
1,5760,533,541,6,xor
1,5761,747,750,9,not_xor
1,5762,443,445,8,not_or
1,5763,281,282,8,not_or
1,5764,355,356,13,implies
1,5765,134,140,6,xor
1,5766,86,93,4,not_implied_by
1,5767,428,433,1,and
1,5768,728,733,12,not_a
1,5769,196,204,10,not_b
1,5770,243,247,8,not_or
1,5771,515,523,12,not_a
1,5772,415,423,9,not_xor
1,5773,734,738,6,xor
1,5774,159,162,7,or
1,5775,46,53,3,a
1,5776,95,100,2,not_implies
1,5777,19,25,11,implied_by
1,5778,764,765,7,or
1,5779,612,614,7,or
1,5780,66,67,15,one
1,5781,295,299,14,not_and
1,5782,380,383,1,and
1,5783,194,195,8,not_or
1,5784,216,222,13,implies
1,5785,217,222,3,a
1,5786,369,373,6,xor
1,5787,159,166,15,one
1,5788,42,45,9,not_xor
1,5789,373,378,8,not_or
1,5790,610,615,12,not_a
1,5791,21,22,5,b
1,5792,661,664,2,not_implies
1,5793,607,611,14,not_and
1,5794,714,715,12,not_a
1,5795,113,120,3,a
1,5796,622,626,8,not_or
1,5797,212,215,4,not_implied_by
1,5798,386,392,7,or
1,5799,412,416,5,b
1,5800,363,368,6,xor
1,5801,34,39,11,implied_by
1,5802,261,266,4,not_implied_by
1,5803,121,125,7,or
1,5804,727,734,10,not_b
1,5805,694,695,10,not_b
1,5806,112,116,9,not_xor
1,5807,340,347,9,not_xor
1,5808,683,690,9,not_xor
1,5809,406,412,11,implied_by
1,5810,598,605,8,not_or
1,5811,232,238,10,not_b
1,5812,415,417,1,and
1,5813,321,327,12,not_a
1,5814,264,266,10,not_b
1,5815,586,593,13,implies
1,5816,84,91,8,not_or
1,5817,162,169,5,b
1,5818,412,419,3,a
1,5819,33,38,11,implied_by
1,5820,510,514,6,xor
1,5821,142,150,11,implied_by
1,5822,666,670,8,not_or
1,5823,68,73,11,implied_by
1,5824,368,374,7,or
1,5825,201,209,12,not_a
1,5826,567,569,5,b
1,5827,28,36,5,b
1,5828,652,654,14,not_and
1,5829,492,494,14,not_and
1,5830,608,614,6,xor
1,5831,736,739,9,not_xor
1,5832,323,327,5,b
1,5833,23,25,8,not_or
1,5834,673,680,9,not_xor
1,5835,733,740,6,xor
1,5836,274,276,9,not_xor
1,5837,500,504,7,or
1,5838,459,463,4,not_implied_by
1,5839,471,473,7,or
1,5840,78,85,13,implies
1,5841,38,43,9,not_xor
1,5842,20,22,13,implies
1,5843,185,192,13,implies
1,5844,220,221,5,b
1,5845,507,515,9,not_xor
1,5846,190,194,0,zero
1,5847,345,350,3,a
1,5848,319,323,11,implied_by
1,5849,152,156,7,or
1,5850,508,510,5,b
1,5851,443,444,5,b
1,5852,545,551,1,and
1,5853,139,145,15,one
1,5854,54,55,14,not_and
1,5855,579,585,10,not_b
1,5856,125,130,3,a
1,5857,739,742,5,b
1,5858,63,64,13,implies
1,5859,285,293,4,not_implied_by
1,5860,585,588,13,implies
1,5861,421,428,3,a
1,5862,274,277,9,not_xor
1,5863,285,291,8,not_or
1,5864,710,713,12,not_a
1,5865,180,183,6,xor
1,5866,138,143,10,not_b
1,5867,242,246,13,implies
1,5868,452,453,9,not_xor
1,5869,474,482,2,not_implies
1,5870,330,335,8,not_or
1,5871,56,58,14,not_and
1,5872,592,596,6,xor
1,5873,584,587,0,zero
1,5874,573,575,9,not_xor
1,5875,632,639,0,zero
1,5876,767,768,10,not_b
1,5877,364,371,6,xor
1,5878,101,102,4,not_implied_by
1,5879,474,475,13,implies
1,5880,425,428,8,not_or
1,5881,73,79,8,not_or
1,5882,681,682,5,b
1,5883,55,56,11,implied_by
1,5884,707,708,5,b
1,5885,152,159,15,one
1,5886,654,655,9,not_xor
1,5887,734,741,13,implies
1,5888,413,414,10,not_b
1,5889,761,768,2,not_implies
1,5890,506,509,15,one
1,5891,23,28,9,not_xor
1,5892,385,391,11,implied_by
1,5893,607,610,12,not_a
1,5894,317,324,8,not_or
1,5895,6,10,11,implied_by
1,5896,433,439,14,not_and
1,5897,382,389,14,not_and
1,5898,51,52,2,not_implies
1,5899,455,463,12,not_a
1,5900,431,438,14,not_and
1,5901,488,490,5,b
1,5902,523,524,5,b
1,5903,392,396,8,not_or
1,5904,29,32,5,b
1,5905,83,87,12,not_a
1,5906,576,579,1,and
1,5907,143,145,8,not_or
1,5908,516,520,7,or
1,5909,722,728,3,a
1,5910,427,434,6,xor
1,5911,774,777,6,xor
1,5912,643,644,2,not_implies
1,5913,425,426,8,not_or
1,5914,564,566,9,not_xor
1,5915,386,391,13,implies
1,5916,39,47,8,not_or
1,5917,171,173,1,and
1,5918,254,262,7,or
1,5919,243,249,7,or
1,5920,255,256,11,implied_by
1,5921,70,78,2,not_implies
1,5922,537,541,11,implied_by
1,5923,331,335,12,not_a
1,5924,29,31,11,implied_by
1,5925,72,80,12,not_a
1,5926,549,554,3,a
1,5927,619,626,5,b
1,5928,119,124,13,implies
1,5929,145,150,1,and
1,5930,338,340,9,not_xor
1,5931,165,166,1,and
1,5932,365,372,12,not_a
1,5933,751,755,11,implied_by
1,5934,40,44,10,not_b
1,5935,733,735,9,not_xor
1,5936,39,41,5,b
1,5937,708,715,9,not_xor
1,5938,430,433,6,xor
1,5939,4,11,4,not_implied_by
1,5940,315,320,0,zero
1,5941,666,667,7,or
1,5942,116,119,9,not_xor
1,5943,173,175,2,not_implies
1,5944,458,460,9,not_xor
1,5945,664,669,5,b
1,5946,457,465,2,not_implies
1,5947,665,667,10,not_b
1,5948,104,110,2,not_implies
1,5949,20,21,3,a
1,5950,61,64,8,not_or
1,5951,361,363,7,or
1,5952,736,740,6,xor
1,5953,432,439,3,a
1,5954,486,492,7,or
1,5955,260,263,10,not_b
1,5956,636,643,12,not_a
1,5957,329,335,9,not_xor
1,5958,94,97,5,b
1,5959,262,269,11,implied_by
1,5960,776,781,14,not_and
1,5961,26,28,1,and
1,5962,595,597,8,not_or
1,5963,383,385,14,not_and
1,5964,672,677,9,not_xor
1,5965,292,299,5,b
1,5966,306,314,4,not_implied_by
1,5967,347,350,6,xor
1,5968,642,647,0,zero
1,5969,98,102,9,not_xor
1,5970,212,213,14,not_and
1,5971,108,114,2,not_implies
1,5972,262,268,8,not_or
1,5973,498,500,10,not_b
1,5974,384,389,6,xor
1,5975,379,381,9,not_xor
1,5976,233,239,14,not_and
1,5977,383,386,9,not_xor
1,5978,540,547,8,not_or
1,5979,253,257,7,or
1,5980,34,40,4,not_implied_by
1,5981,143,144,8,not_or
1,5982,695,699,7,or
1,5983,248,254,13,implies
1,5984,32,39,15,one
1,5985,635,638,9,not_xor
1,5986,38,40,8,not_or
1,5987,457,461,15,one
1,5988,264,272,7,or
1,5989,100,107,13,implies
1,5990,390,391,15,one
1,5991,65,73,10,not_b
1,5992,585,592,3,a
1,5993,474,476,4,not_implied_by
1,5994,70,75,6,xor
1,5995,620,623,15,one
1,5996,403,408,12,not_a
1,5997,426,430,5,b
1,5998,440,447,12,not_a
1,5999,780,781,12,not_a
2,0,4428,4429,8,not_or
2,1,4886,4887,10,not_b
2,2,2795,2796,10,not_b
2,3,5645,5646,1,and
2,4,2620,2621,12,not_a
2,5,4908,4909,10,not_b
2,6,1394,1395,10,not_b
2,7,5851,5852,12,not_a
2,8,5910,5911,14,not_and
2,9,1371,1372,10,not_b
2,10,2409,2410,3,a
2,11,5712,5713,4,not_implied_by
2,12,3268,3269,6,xor
2,13,5606,5607,7,or
2,14,264,265,11,implied_by
2,15,5212,5213,1,and
2,16,1099,1100,3,a
2,17,4004,4005,9,not_xor
2,18,1038,1039,7,or
2,19,2449,2450,9,not_xor
2,20,3191,3192,7,or
2,21,5991,5992,10,not_b
2,22,3752,3753,3,a
2,23,5238,5239,9,not_xor
2,24,2697,2698,8,not_or
2,25,4524,4525,3,a
2,26,677,678,10,not_b
2,27,4520,4521,14,not_and
2,28,3455,3456,3,a
2,29,372,373,5,b
2,30,318,319,9,not_xor
2,31,1633,1634,6,xor
2,32,5092,5093,10,not_b
2,33,282,283,10,not_b
2,34,1879,1880,9,not_xor
2,35,5541,5542,3,a
2,36,166,167,6,xor
2,37,3600,3601,9,not_xor
2,38,2559,2560,8,not_or
2,39,1461,1462,3,a
2,40,43,44,8,not_or
2,41,1101,1102,1,and
2,42,504,505,8,not_or
2,43,2285,2286,7,or
2,44,5529,5530,6,xor
2,45,590,591,5,b
2,46,5925,5926,9,not_xor
2,47,3530,3531,7,or
2,48,5361,5362,11,implied_by
2,49,741,742,11,implied_by
2,50,5155,5156,3,a
2,51,5676,5677,4,not_implied_by
2,52,1360,1361,5,b
2,53,258,259,1,and
2,54,1283,1284,12,not_a
2,55,858,859,9,not_xor
2,56,3871,3872,7,or
2,57,4891,4892,7,or
2,58,1342,1343,6,xor
2,59,1977,1978,7,or
2,60,1215,1216,9,not_xor
2,61,4166,4167,1,and
2,62,1609,1610,13,implies
2,63,359,360,6,xor
2,64,5374,5375,15,one
2,65,5988,5989,9,not_xor
2,66,5228,5229,9,not_xor
2,67,4843,4844,2,not_implies
2,68,2632,2633,6,xor
2,69,815,816,11,implied_by
2,70,11,12,9,not_xor
2,71,4451,4452,14,not_and
2,72,3625,3626,3,a
2,73,2059,2060,5,b
2,74,3594,3595,10,not_b
2,75,1524,1525,10,not_b
2,76,2012,2013,7,or
2,77,1405,1406,6,xor
2,78,422,423,9,not_xor
2,79,3158,3159,10,not_b
2,80,277,278,1,and
2,81,1330,1331,4,not_implied_by
2,82,3260,3261,13,implies
2,83,4842,4843,5,b
2,84,2659,2660,14,not_and
2,85,2910,2911,5,b
2,86,843,844,1,and
2,87,2426,2427,6,xor
2,88,5164,5165,12,not_a
2,89,1340,1341,9,not_xor
2,90,155,156,6,xor
2,91,383,384,1,and
2,92,2929,2930,6,xor
2,93,1316,1317,11,implied_by
2,94,3573,3574,11,implied_by
2,95,2309,2310,8,not_or
2,96,3499,3500,9,not_xor
2,97,342,343,5,b
2,98,3196,3197,15,one
2,99,4537,4538,5,b
2,100,4625,4626,6,xor
2,101,5467,5468,9,not_xor
2,102,5373,5374,9,not_xor
2,103,5505,5506,0,zero
2,104,4013,4014,3,a
2,105,3129,3130,4,not_implied_by
2,106,2110,2111,11,implied_by
2,107,680,681,15,one
2,108,1088,1089,14,not_and
2,109,5785,5786,7,or
2,110,2239,2240,9,not_xor
2,111,7,8,6,xor
2,112,1275,1276,13,implies
2,113,3411,3412,13,implies
2,114,2107,2108,2,not_implies
2,115,5200,5201,10,not_b
2,116,3714,3715,3,a
2,117,5227,5228,10,not_b
2,118,3675,3676,5,b
2,119,4245,4246,5,b
2,120,963,964,4,not_implied_by
2,121,4529,4530,9,not_xor
2,122,53,54,5,b
2,123,388,389,14,not_and
2,124,3057,3058,7,or
2,125,1916,1917,4,not_implied_by
2,126,5908,5909,10,not_b
2,127,5603,5604,6,xor
2,128,2048,2049,6,xor
2,129,1601,1602,8,not_or
2,130,5448,5449,10,not_b
2,131,5673,5674,7,or
2,132,743,744,6,xor
2,133,3021,3022,6,xor
2,134,879,880,10,not_b
2,135,1406,1407,4,not_implied_by
2,136,5288,5289,2,not_implies
2,137,5253,5254,5,b
2,138,5615,5616,7,or
2,139,74,75,4,not_implied_by
2,140,5270,5271,6,xor
2,141,493,494,2,not_implies
2,142,1621,1622,10,not_b
2,143,4435,4436,7,or
2,144,5621,5622,13,implies
2,145,233,234,9,not_xor
2,146,3343,3344,9,not_xor
2,147,2435,2436,2,not_implies
2,148,5461,5462,4,not_implied_by
2,149,2502,2503,6,xor
2,150,183,184,3,a
2,151,289,290,12,not_a
2,152,2161,2162,12,not_a
2,153,1668,1669,6,xor
2,154,4788,4789,4,not_implied_by
2,155,2393,2394,6,xor
2,156,351,352,15,one
2,157,915,916,1,and
2,158,1998,1999,2,not_implies
2,159,3707,3708,6,xor
2,160,3652,3653,6,xor
2,161,3964,3965,4,not_implied_by
2,162,3011,3012,9,not_xor
2,163,418,419,7,or
2,164,712,713,10,not_b
2,165,1302,1303,4,not_implied_by
2,166,2270,2271,8,not_or
2,167,5341,5342,3,a
2,168,1626,1627,0,zero
2,169,3777,3778,5,b
2,170,1217,1218,14,not_and
2,171,5503,5504,10,not_b
2,172,4241,4242,14,not_and
2,173,3815,3816,3,a
2,174,3938,3939,11,implied_by
2,175,628,629,2,not_implies
2,176,1786,1787,10,not_b
2,177,2086,2087,6,xor
2,178,4144,4145,4,not_implied_by
2,179,4051,4052,9,not_xor
2,180,4238,4239,12,not_a
2,181,3031,3032,9,not_xor
2,182,3735,3736,9,not_xor
2,183,3222,3223,3,a
2,184,2349,2350,11,implied_by
2,185,453,454,2,not_implies
2,186,5064,5065,14,not_and
2,187,4724,4725,3,a
2,188,380,381,12,not_a
2,189,4731,4732,12,not_a
2,190,2639,2640,10,not_b
2,191,4698,4699,13,implies
2,192,5347,5348,8,not_or
2,193,382,383,6,xor
2,194,517,518,1,and
2,195,5244,5245,8,not_or
2,196,46,47,5,b
2,197,3225,3226,6,xor
2,198,1576,1577,6,xor
2,199,5497,5498,7,or
2,200,3868,3869,2,not_implies
2,201,3385,3386,12,not_a
2,202,3332,3333,5,b
2,203,1937,1938,3,a
2,204,3435,3436,13,implies
2,205,1865,1866,4,not_implied_by
2,206,3738,3739,2,not_implies
2,207,1081,1082,12,not_a
2,208,3496,3497,12,not_a
2,209,1410,1411,14,not_and
2,210,4785,4786,9,not_xor
2,211,2803,2804,11,implied_by
2,212,3194,3195,12,not_a
2,213,1058,1059,8,not_or
2,214,349,350,2,not_implies
2,215,1489,1490,9,not_xor
2,216,1350,1351,13,implies
2,217,328,329,8,not_or
2,218,5472,5473,14,not_and
2,219,4866,4867,8,not_or
2,220,2781,2782,12,not_a
2,221,634,635,3,a
2,222,5744,5745,14,not_and
2,223,3501,3502,1,and
2,224,2835,2836,10,not_b
2,225,1014,1015,13,implies
2,226,2334,2335,3,a
2,227,4639,4640,3,a
2,228,2188,2189,3,a
2,229,384,385,2,not_implies
2,230,623,624,6,xor
2,231,3495,3496,8,not_or
2,232,5156,5157,13,implies
2,233,5049,5050,13,implies
2,234,1030,1031,7,or
2,235,4231,4232,2,not_implies
2,236,309,310,6,xor
2,237,5705,5706,1,and
2,238,3317,3318,14,not_and
2,239,1279,1280,6,xor
2,240,4190,4191,9,not_xor
2,241,134,135,12,not_a
2,242,2751,2752,3,a
2,243,2109,2110,6,xor
2,244,1698,1699,9,not_xor
2,245,3014,3015,9,not_xor
2,246,3593,3594,3,a
2,247,1200,1201,3,a
2,248,1915,1916,7,or
2,249,5353,5354,14,not_and
2,250,2767,2768,6,xor
2,251,3500,3501,9,not_xor
2,252,4604,4605,4,not_implied_by
2,253,4691,4692,9,not_xor
2,254,5446,5447,10,not_b
2,255,237,238,9,not_xor
2,256,1965,1966,10,not_b
2,257,3365,3366,6,xor
2,258,650,651,5,b
2,259,2860,2861,7,or
2,260,3505,3506,9,not_xor
2,261,2925,2926,2,not_implies
2,262,3446,3447,13,implies
2,263,4531,4532,3,a
2,264,361,362,15,one
2,265,2104,2105,7,or
2,266,1908,1909,11,implied_by
2,267,1265,1266,10,not_b
2,268,859,860,12,not_a
2,269,4931,4932,1,and
2,270,3409,3410,4,not_implied_by
2,271,5979,5980,1,and
2,272,5996,5997,9,not_xor
2,273,3023,3024,12,not_a
2,274,1009,1010,9,not_xor
2,275,807,808,9,not_xor
2,276,4574,4575,8,not_or
2,277,2518,2519,6,xor
2,278,2954,2955,1,and
2,279,1772,1773,6,xor
2,280,3246,3247,5,b
2,281,1496,1497,6,xor
2,282,2928,2929,9,not_xor
2,283,5043,5044,10,not_b
2,284,2675,2676,5,b
2,285,5733,5734,13,implies
2,286,1946,1947,0,zero
2,287,425,426,2,not_implies
2,288,5749,5750,2,not_implies
2,289,442,443,9,not_xor
2,290,3468,3469,12,not_a
2,291,5726,5727,6,xor
2,292,3097,3098,4,not_implied_by
2,293,4102,4103,0,zero
2,294,2757,2758,3,a
2,295,2971,2972,7,or
2,296,2509,2510,15,one
2,297,3464,3465,5,b
2,298,4075,4076,5,b
2,299,719,720,9,not_xor
2,300,2962,2963,6,xor
2,301,4501,4502,10,not_b
2,302,1280,1281,6,xor
2,303,638,639,3,a
2,304,1226,1227,0,zero
2,305,5381,5382,9,not_xor
2,306,2480,2481,11,implied_by
2,307,2307,2308,6,xor
2,308,1632,1633,14,not_and
2,309,3974,3975,9,not_xor
2,310,2801,2802,3,a
2,311,1716,1717,9,not_xor
2,312,410,411,7,or
2,313,255,256,8,not_or
2,314,4471,4472,9,not_xor
2,315,2455,2456,4,not_implied_by
2,316,473,474,0,zero
2,317,2220,2221,6,xor
2,318,4279,4280,5,b
2,319,521,522,11,implied_by
2,320,5336,5337,9,not_xor
2,321,1085,1086,14,not_and
2,322,5492,5493,5,b
2,323,1271,1272,14,not_and
2,324,5189,5190,12,not_a
2,325,5990,5991,2,not_implies
2,326,423,424,15,one
2,327,1048,1049,14,not_and
2,328,2567,2568,4,not_implied_by
2,329,3511,3512,3,a
2,330,1515,1516,7,or
2,331,4463,4464,5,b
2,332,4072,4073,12,not_a
2,333,2766,2767,7,or
2,334,5556,5557,6,xor
2,335,5686,5687,12,not_a
2,336,5568,5569,9,not_xor
2,337,4579,4580,6,xor
2,338,5512,5513,13,implies
2,339,1122,1123,10,not_b
2,340,243,244,5,b
2,341,641,642,10,not_b
2,342,3568,3569,4,not_implied_by
2,343,646,647,7,or
2,344,4139,4140,13,implies
2,345,3852,3853,6,xor
2,346,674,675,12,not_a
2,347,5300,5301,1,and
2,348,2102,2103,6,xor
2,349,4852,4853,3,a
2,350,3198,3199,10,not_b
2,351,4567,4568,2,not_implies
2,352,4183,4184,12,not_a
2,353,4270,4271,15,one
2,354,2322,2323,6,xor
2,355,2922,2923,2,not_implies
2,356,5063,5064,9,not_xor
2,357,285,286,10,not_b
2,358,3656,3657,2,not_implies
2,359,531,532,1,and
2,360,3617,3618,10,not_b
2,361,1247,1248,12,not_a
2,362,2442,2443,1,and
2,363,3536,3537,8,not_or
2,364,5544,5545,10,not_b
2,365,1720,1721,7,or
2,366,2279,2280,7,or
2,367,1201,1202,10,not_b
2,368,4477,4478,3,a
2,369,1920,1921,6,xor
2,370,126,127,10,not_b
2,371,2266,2267,9,not_xor
2,372,1994,1995,2,not_implies
2,373,2986,2987,11,implied_by
2,374,4437,4438,10,not_b
2,375,4275,4276,13,implies
2,376,5485,5486,1,and
2,377,771,772,6,xor
2,378,856,857,8,not_or
2,379,217,218,11,implied_by
2,380,1664,1665,1,and
2,381,1603,1604,3,a
2,382,3508,3509,14,not_and
2,383,2950,2951,10,not_b
2,384,1658,1659,4,not_implied_by
2,385,2721,2722,3,a
2,386,3579,3580,2,not_implies
2,387,4445,4446,9,not_xor
2,388,3588,3589,14,not_and
2,389,1748,1749,13,implies
2,390,2486,2487,6,xor
2,391,2284,2285,9,not_xor
2,392,1475,1476,13,implies
2,393,1035,1036,14,not_and
2,394,2368,2369,6,xor
2,395,1667,1668,12,not_a
2,396,4837,4838,5,b
2,397,1921,1922,2,not_implies
2,398,3427,3428,3,a
2,399,2833,2834,13,implies
2,400,4897,4898,2,not_implies
2,401,5724,5725,10,not_b
2,402,548,549,12,not_a
2,403,4819,4820,5,b
2,404,2538,2539,13,implies
2,405,2063,2064,5,b
2,406,64,65,4,not_implied_by
2,407,5880,5881,14,not_and
2,408,4317,4318,15,one
2,409,455,456,15,one
2,410,158,159,12,not_a
2,411,1650,1651,9,not_xor
2,412,5388,5389,5,b
2,413,1862,1863,11,implied_by
2,414,675,676,6,xor
2,415,2430,2431,10,not_b
2,416,4612,4613,6,xor
2,417,5151,5152,2,not_implies
2,418,5146,5147,4,not_implied_by
2,419,222,223,2,not_implies
2,420,1890,1891,5,b
2,421,4602,4603,6,xor
2,422,982,983,5,b
2,423,5011,5012,3,a
2,424,1731,1732,1,and
2,425,3123,3124,1,and
2,426,3483,3484,8,not_or
2,427,421,422,9,not_xor
2,428,585,586,10,not_b
2,429,4461,4462,8,not_or
2,430,5857,5858,9,not_xor
2,431,4492,4493,12,not_a
2,432,1303,1304,6,xor
2,433,3154,3155,10,not_b
2,434,4702,4703,0,zero
2,435,2896,2897,0,zero
2,436,1818,1819,5,b
2,437,5682,5683,12,not_a
2,438,2627,2628,7,or
2,439,3030,3031,10,not_b
2,440,5666,5667,1,and
2,441,3204,3205,6,xor
2,442,1719,1720,9,not_xor
2,443,2663,2664,8,not_or
2,444,1572,1573,9,not_xor
2,445,973,974,13,implies
2,446,4949,4950,1,and
2,447,5480,5481,0,zero
2,448,3473,3474,3,a
2,449,2473,2474,15,one
2,450,5210,5211,10,not_b
2,451,995,996,5,b
2,452,2392,2393,8,not_or
2,453,2381,2382,5,b
2,454,2066,2067,11,implied_by
2,455,1597,1598,1,and
2,456,4960,4961,2,not_implies
2,457,2890,2891,15,one
2,458,4816,4817,12,not_a
2,459,603,604,12,not_a
2,460,961,962,10,not_b
2,461,162,163,12,not_a
2,462,5898,5899,5,b
2,463,2920,2921,10,not_b
2,464,5643,5644,3,a
2,465,2073,2074,5,b
2,466,3338,3339,3,a
2,467,4920,4921,1,and
2,468,5302,5303,6,xor
2,469,2262,2263,7,or
2,470,2147,2148,11,implied_by
2,471,5577,5578,7,or
2,472,2792,2793,5,b
2,473,4848,4849,2,not_implies
2,474,5474,5475,7,or
2,475,5964,5965,3,a
2,476,1197,1198,0,zero
2,477,5608,5609,14,not_and
2,478,1129,1130,1,and
2,479,3952,3953,10,not_b
2,480,1487,1488,5,b
2,481,3439,3440,9,not_xor
2,482,5295,5296,5,b
2,483,3373,3374,13,implies
2,484,520,521,9,not_xor
2,485,356,357,3,a
2,486,1274,1275,10,not_b
2,487,4790,4791,12,not_a
2,488,2179,2180,9,not_xor
2,489,598,599,13,implies
2,490,4452,4453,12,not_a
2,491,5391,5392,13,implies
2,492,1562,1563,10,not_b
2,493,4396,4397,5,b
2,494,3547,3548,9,not_xor
2,495,119,120,7,or
2,496,5249,5250,9,not_xor
2,497,4303,4304,6,xor
2,498,1598,1599,6,xor
2,499,4476,4477,3,a
2,500,3998,3999,12,not_a
2,501,1111,1112,1,and
2,502,3417,3418,2,not_implies
2,503,5722,5723,9,not_xor
2,504,2643,2644,8,not_or
2,505,4069,4070,10,not_b
2,506,1821,1822,12,not_a
2,507,1526,1527,11,implied_by
2,508,4841,4842,14,not_and
2,509,4020,4021,11,implied_by
2,510,3555,3556,5,b
2,511,932,933,4,not_implied_by
2,512,5736,5737,2,not_implies
2,513,824,825,13,implies
2,514,732,733,6,xor
2,515,3040,3041,6,xor
2,516,5375,5376,14,not_and
2,517,898,899,5,b
2,518,4622,4623,12,not_a
2,519,5317,5318,9,not_xor
2,520,4825,4826,5,b
2,521,395,396,8,not_or
2,522,2625,2626,14,not_and
2,523,875,876,9,not_xor
2,524,1427,1428,6,xor
2,525,5694,5695,8,not_or
2,526,3258,3259,12,not_a
2,527,1891,1892,3,a
2,528,5208,5209,5,b
2,529,5215,5216,7,or
2,530,3062,3063,9,not_xor
2,531,5532,5533,7,or
2,532,3761,3762,6,xor
2,533,1771,1772,1,and
2,534,4760,4761,6,xor
2,535,32,33,8,not_or
2,536,5260,5261,4,not_implied_by
2,537,2360,2361,2,not_implies
2,538,4058,4059,11,implied_by
2,539,1710,1711,14,not_and
2,540,4336,4337,12,not_a
2,541,143,144,6,xor
2,542,3301,3302,10,not_b
2,543,2050,2051,9,not_xor
2,544,4654,4655,14,not_and
2,545,3886,3887,10,not_b
2,546,406,407,7,or
2,547,5914,5915,13,implies
2,548,1575,1576,12,not_a
2,549,4914,4915,12,not_a
2,550,1190,1191,14,not_and
2,551,376,377,10,not_b
2,552,5658,5659,13,implies
2,553,2654,2655,6,xor
2,554,1922,1923,8,not_or
2,555,642,643,9,not_xor
2,556,3077,3078,9,not_xor
2,557,1218,1219,9,not_xor
2,558,3380,3381,4,not_implied_by
2,559,2114,2115,10,not_b
2,560,4597,4598,7,or
2,561,4633,4634,12,not_a
2,562,3830,3831,9,not_xor
2,563,5056,5057,12,not_a
2,564,3901,3902,7,or
2,565,4440,4441,5,b
2,566,2626,2627,13,implies
2,567,1479,1480,10,not_b
2,568,4896,4897,6,xor
2,569,652,653,9,not_xor
2,570,3758,3759,4,not_implied_by
2,571,1337,1338,2,not_implies
2,572,5431,5432,9,not_xor
2,573,404,405,3,a
2,574,4185,4186,2,not_implies
2,575,412,413,9,not_xor
2,576,3460,3461,5,b
2,577,2553,2554,12,not_a
2,578,5909,5910,10,not_b
2,579,3474,3475,12,not_a
2,580,3171,3172,3,a
2,581,3231,3232,14,not_and
2,582,4193,4194,9,not_xor
2,583,3341,3342,2,not_implies
2,584,1610,1611,6,xor
2,585,1464,1465,10,not_b
2,586,1913,1914,10,not_b
2,587,210,211,0,zero
2,588,2443,2444,6,xor
2,589,3514,3515,13,implies
2,590,5875,5876,10,not_b
2,591,2377,2378,9,not_xor
2,592,1434,1435,1,and
2,593,5550,5551,5,b
2,594,1150,1151,12,not_a
2,595,5030,5031,10,not_b
2,596,2425,2426,15,one
2,597,4735,4736,1,and
2,598,5290,5291,5,b
2,599,3083,3084,1,and
2,600,2232,2233,5,b
2,601,1391,1392,11,implied_by
2,602,5363,5364,11,implied_by
2,603,344,345,5,b
2,604,5096,5097,10,not_b
2,605,897,898,3,a
2,606,2802,2803,3,a
2,607,4439,4440,5,b
2,608,346,347,12,not_a
2,609,5339,5340,6,xor
2,610,2800,2801,5,b
2,611,5091,5092,9,not_xor
2,612,2081,2082,5,b
2,613,3307,3308,9,not_xor
2,614,2853,2854,10,not_b
2,615,2495,2496,1,and
2,616,1952,1953,2,not_implies
2,617,4161,4162,14,not_and
2,618,833,834,7,or
2,619,1869,1870,6,xor
2,620,3626,3627,9,not_xor
2,621,3421,3422,11,implied_by
2,622,5659,5660,5,b
2,623,3553,3554,4,not_implied_by
2,624,5487,5488,5,b
2,625,107,108,6,xor
2,626,1631,1632,7,or
2,627,457,458,3,a
2,628,1725,1726,8,not_or
2,629,5919,5920,12,not_a
2,630,3079,3080,3,a
2,631,4397,4398,6,xor
2,632,3911,3912,6,xor
2,633,3172,3173,14,not_and
2,634,5547,5548,9,not_xor
2,635,4135,4136,11,implied_by
2,636,17,18,12,not_a
2,637,2437,2438,10,not_b
2,638,299,300,6,xor
2,639,4859,4860,6,xor
2,640,3951,3952,6,xor
2,641,4899,4900,5,b
2,642,1912,1913,10,not_b
2,643,3099,3100,12,not_a
2,644,4149,4150,10,not_b
2,645,1324,1325,6,xor
2,646,3724,3725,10,not_b
2,647,1004,1005,13,implies
2,648,1614,1615,2,not_implies
2,649,3056,3057,6,xor
2,650,3419,3420,10,not_b
2,651,4269,4270,5,b
2,652,625,626,5,b
2,653,2299,2300,1,and
2,654,844,845,10,not_b
2,655,1812,1813,10,not_b
2,656,1368,1369,1,and
2,657,2338,2339,6,xor
2,658,5451,5452,10,not_b
2,659,5327,5328,10,not_b
2,660,2256,2257,6,xor
2,661,5826,5827,5,b
2,662,4423,4424,10,not_b
2,663,816,817,13,implies
2,664,2454,2455,6,xor
2,665,2080,2081,9,not_xor
2,666,877,878,6,xor
2,667,4955,4956,8,not_or
2,668,2527,2528,5,b
2,669,4479,4480,10,not_b
2,670,4892,4893,12,not_a
2,671,5900,5901,10,not_b
2,672,165,166,7,or
2,673,2904,2905,6,xor
2,674,1736,1737,10,not_b
2,675,5321,5322,5,b
2,676,3534,3535,15,one
2,677,5762,5763,9,not_xor
2,678,76,77,13,implies
2,679,178,179,6,xor
2,680,4053,4054,8,not_or
2,681,3022,3023,5,b
2,682,645,646,10,not_b
2,683,1208,1209,6,xor
2,684,2852,2853,6,xor
2,685,5387,5388,9,not_xor
2,686,1548,1549,7,or
2,687,1606,1607,6,xor
2,688,4427,4428,6,xor
2,689,1849,1850,9,not_xor
2,690,4442,4443,3,a
2,691,1186,1187,9,not_xor
2,692,5788,5789,3,a
2,693,27,28,12,not_a
2,694,826,827,10,not_b
2,695,4033,4034,10,not_b
2,696,449,450,9,not_xor
2,697,2230,2231,2,not_implies
2,698,5052,5053,13,implies
2,699,4838,4839,3,a
2,700,5079,5080,5,b
2,701,3165,3166,6,xor
2,702,1616,1617,9,not_xor
2,703,5476,5477,2,not_implies
2,704,1958,1959,14,not_and
2,705,1511,1512,12,not_a
2,706,4077,4078,10,not_b
2,707,635,636,2,not_implies
2,708,5114,5115,2,not_implies
2,709,4643,4644,13,implies
2,710,1917,1918,10,not_b
2,711,2568,2569,12,not_a
2,712,2423,2424,10,not_b
2,713,3356,3357,8,not_or
2,714,164,165,4,not_implied_by
2,715,3984,3985,12,not_a
2,716,4372,4373,3,a
2,717,4911,4912,11,implied_by
2,718,4711,4712,12,not_a
2,719,3700,3701,10,not_b
2,720,2714,2715,9,not_xor
2,721,3126,3127,6,xor
2,722,4226,4227,9,not_xor
2,723,1696,1697,12,not_a
2,724,4125,4126,9,not_xor
2,725,3170,3171,11,implied_by
2,726,4131,4132,9,not_xor
2,727,5246,5247,6,xor
2,728,3028,3029,12,not_a
2,729,3557,3558,13,implies
2,730,3936,3937,9,not_xor
2,731,3979,3980,7,or
2,732,5250,5251,6,xor
2,733,1955,1956,5,b
2,734,4078,4079,10,not_b
2,735,1686,1687,6,xor
2,736,550,551,9,not_xor
2,737,461,462,9,not_xor
2,738,4909,4910,10,not_b
2,739,4315,4316,13,implies
2,740,2440,2441,9,not_xor
2,741,4496,4497,14,not_and
2,742,4638,4639,5,b
2,743,5798,5799,14,not_and
2,744,2209,2210,4,not_implied_by
2,745,5100,5101,12,not_a
2,746,2600,2601,9,not_xor
2,747,1703,1704,6,xor
2,748,857,858,4,not_implied_by
2,749,3027,3028,1,and
2,750,4298,4299,6,xor
2,751,228,229,6,xor
2,752,621,622,5,b
2,753,66,67,2,not_implies
2,754,1178,1179,9,not_xor
2,755,1089,1090,10,not_b
2,756,1228,1229,2,not_implies
2,757,1482,1483,11,implied_by
2,758,3219,3220,8,not_or
2,759,5515,5516,5,b
2,760,1195,1196,14,not_and
2,761,3137,3138,10,not_b
2,762,496,497,11,implied_by
2,763,4091,4092,9,not_xor
2,764,4204,4205,7,or
2,765,5000,5001,3,a
2,766,1074,1075,4,not_implied_by
2,767,1545,1546,6,xor
2,768,5507,5508,15,one
2,769,5795,5796,10,not_b
2,770,523,524,14,not_and
2,771,632,633,6,xor
2,772,800,801,2,not_implies
2,773,3211,3212,6,xor
2,774,967,968,6,xor
2,775,2872,2873,15,one
2,776,3699,3700,8,not_or
2,777,5867,5868,6,xor
2,778,970,971,9,not_xor
2,779,3980,3981,3,a
2,780,627,628,10,not_b
2,781,5943,5944,10,not_b
2,782,4543,4544,5,b
2,783,226,227,5,b
2,784,2033,2034,5,b
2,785,3589,3590,12,not_a
2,786,5211,5212,3,a
2,787,3712,3713,4,not_implied_by
2,788,3176,3177,14,not_and
2,789,1307,1308,8,not_or
2,790,1349,1350,2,not_implies
2,791,3644,3645,9,not_xor
2,792,4360,4361,15,one
2,793,2728,2729,3,a
2,794,1790,1791,3,a
2,795,3780,3781,14,not_and
2,796,4152,4153,12,not_a
2,797,703,704,12,not_a
2,798,4100,4101,14,not_and
2,799,130,131,12,not_a
2,800,3043,3044,11,implied_by
2,801,4873,4874,11,implied_by
2,802,933,934,12,not_a
2,803,1161,1162,10,not_b
2,804,2236,2237,10,not_b
2,805,3539,3540,9,not_xor
2,806,3737,3738,10,not_b
2,807,1117,1118,4,not_implied_by
2,808,5588,5589,2,not_implies
2,809,2093,2094,6,xor
2,810,4970,4971,10,not_b
2,811,5418,5419,10,not_b
2,812,1643,1644,9,not_xor
2,813,405,406,2,not_implies
2,814,4159,4160,6,xor
2,815,207,208,13,implies
2,816,710,711,3,a
2,817,2148,2149,11,implied_by
2,818,5332,5333,12,not_a
2,819,2280,2281,6,xor
2,820,5481,5482,5,b
2,821,4534,4535,14,not_and
2,822,3615,3616,12,not_a
2,823,1220,1221,1,and
2,824,1065,1066,2,not_implies
2,825,3999,4000,12,not_a
2,826,2374,2375,9,not_xor
2,827,5230,5231,0,zero
2,828,5291,5292,12,not_a
2,829,5294,5295,9,not_xor
2,830,3559,3560,9,not_xor
2,831,150,151,10,not_b
2,832,5008,5009,4,not_implied_by
2,833,3410,3411,1,and
2,834,2983,2984,6,xor
2,835,3807,3808,12,not_a
2,836,2218,2219,6,xor
2,837,2974,2975,4,not_implied_by
2,838,357,358,12,not_a
2,839,476,477,12,not_a
2,840,5890,5891,9,not_xor
2,841,3743,3744,3,a
2,842,3358,3359,12,not_a
2,843,483,484,12,not_a
2,844,2024,2025,1,and
2,845,3908,3909,8,not_or
2,846,3895,3896,11,implied_by
2,847,5426,5427,6,xor
2,848,4083,4084,4,not_implied_by
2,849,975,976,9,not_xor
2,850,2619,2620,13,implies
2,851,1503,1504,2,not_implies
2,852,1983,1984,7,or
2,853,1558,1559,13,implies
2,854,2296,2297,12,not_a
2,855,3382,3383,5,b
2,856,1836,1837,3,a
2,857,1832,1833,14,not_and
2,858,1188,1189,6,xor
2,859,3723,3724,15,one
2,860,4542,4543,10,not_b
2,861,293,294,8,not_or
2,862,4559,4560,2,not_implies
2,863,5793,5794,5,b
2,864,5367,5368,2,not_implies
2,865,4939,4940,9,not_xor
2,866,2139,2140,10,not_b
2,867,5838,5839,6,xor
2,868,2700,2701,6,xor
2,869,777,778,1,and
2,870,2989,2990,15,one
2,871,4169,4170,12,not_a
2,872,2043,2044,8,not_or
2,873,939,940,12,not_a
2,874,666,667,3,a
2,875,2706,2707,12,not_a
2,876,5840,5841,1,and
2,877,4244,4245,14,not_and
2,878,5952,5953,3,a
2,879,4773,4774,5,b
2,880,5920,5921,13,implies
2,881,4902,4903,6,xor
2,882,250,251,8,not_or
2,883,1223,1224,8,not_or
2,884,889,890,2,not_implies
2,885,713,714,6,xor
2,886,4212,4213,13,implies
2,887,4453,4454,0,zero
2,888,1583,1584,10,not_b
2,889,4703,4704,6,xor
2,890,3598,3599,9,not_xor
2,891,2214,2215,13,implies
2,892,4237,4238,14,not_and
2,893,1184,1185,15,one
2,894,4561,4562,11,implied_by
2,895,4962,4963,4,not_implied_by
2,896,5415,5416,10,not_b
2,897,3888,3889,3,a
2,898,2744,2745,9,not_xor
2,899,3605,3606,3,a
2,900,996,997,15,one
2,901,3897,3898,12,not_a
2,902,2984,2985,0,zero
2,903,825,826,9,not_xor
2,904,251,252,10,not_b
2,905,2603,2604,12,not_a
2,906,3796,3797,12,not_a
2,907,3001,3002,12,not_a
2,908,5444,5445,12,not_a
2,909,300,301,9,not_xor
2,910,2959,2960,5,b
2,911,965,966,4,not_implied_by
2,912,5552,5553,3,a
2,913,5303,5304,0,zero
2,914,4747,4748,6,xor
2,915,536,537,0,zero
2,916,746,747,12,not_a
2,917,5041,5042,13,implies
2,918,8,9,8,not_or
2,919,1989,1990,15,one
2,920,5157,5158,1,and
2,921,2815,2816,6,xor
2,922,832,833,2,not_implies
2,923,5563,5564,5,b
2,924,4748,4749,11,implied_by
2,925,4490,4491,6,xor
2,926,3665,3666,2,not_implies
2,927,5088,5089,7,or
2,928,1936,1937,3,a
2,929,3284,3285,5,b
2,930,206,207,10,not_b
2,931,5926,5927,11,implied_by
2,932,3261,3262,8,not_or
2,933,1803,1804,4,not_implied_by
2,934,82,83,8,not_or
2,935,1695,1696,10,not_b
2,936,4995,4996,3,a
2,937,4408,4409,9,not_xor
2,938,5182,5183,7,or
2,939,2177,2178,3,a
2,940,4589,4590,4,not_implied_by
2,941,3956,3957,8,not_or
2,942,1127,1128,9,not_xor
2,943,4645,4646,3,a
2,944,1412,1413,5,b
2,945,3552,3553,6,xor
2,946,482,483,10,not_b
2,947,1448,1449,9,not_xor
2,948,4436,4437,5,b
2,949,1133,1134,6,xor
2,950,1010,1011,5,b
2,951,29,30,8,not_or
2,952,797,798,14,not_and
2,953,5314,5315,10,not_b
2,954,2154,2155,14,not_and
2,955,197,198,10,not_b
2,956,4085,4086,11,implied_by
2,957,1974,1975,0,zero
2,958,2589,2590,12,not_a
2,959,2488,2489,6,xor
2,960,5899,5900,0,zero
2,961,4106,4107,5,b
2,962,5233,5234,5,b
2,963,2579,2580,4,not_implied_by
2,964,3824,3825,4,not_implied_by
2,965,2014,2015,6,xor
2,966,3717,3718,8,not_or
2,967,1644,1645,12,not_a
2,968,5746,5747,12,not_a
2,969,695,696,6,xor
2,970,2532,2533,7,or
2,971,1778,1779,12,not_a
2,972,4985,4986,10,not_b
2,973,139,140,5,b
2,974,2762,2763,6,xor
2,975,3093,3094,13,implies
2,976,974,975,11,implied_by
2,977,4122,4123,13,implies
2,978,1817,1818,6,xor
2,979,4024,4025,3,a
2,980,4827,4828,5,b
2,981,4761,4762,12,not_a
2,982,5368,5369,9,not_xor
2,983,798,799,0,zero
2,984,3558,3559,7,or
2,985,3529,3530,6,xor
2,986,4456,4457,5,b
2,987,2981,2982,3,a
2,988,1573,1574,3,a
2,989,722,723,9,not_xor
2,990,745,746,11,implied_by
2,991,4329,4330,12,not_a
2,992,5329,5330,2,not_implies
2,993,187,188,6,xor
2,994,1964,1965,12,not_a
2,995,4865,4866,6,xor
2,996,3729,3730,4,not_implied_by
2,997,1801,1802,7,or
2,998,5009,5010,7,or
2,999,2667,2668,13,implies
2,1000,2032,2033,12,not_a
2,1001,3017,3018,5,b
2,1002,3200,3201,10,not_b
2,1003,2253,2254,14,not_and
2,1004,3765,3766,3,a
2,1005,3355,3356,9,not_xor
2,1006,4469,4470,14,not_and
2,1007,4208,4209,4,not_implied_by
2,1008,4214,4215,2,not_implies
2,1009,2306,2307,0,zero
2,1010,3237,3238,12,not_a
2,1011,5595,5596,9,not_xor
2,1012,316,317,6,xor
2,1013,4119,4120,11,implied_by
2,1014,3677,3678,14,not_and
2,1015,5457,5458,11,implied_by
2,1016,331,332,12,not_a
2,1017,2,3,11,implied_by
2,1018,1811,1812,5,b
2,1019,1501,1502,10,not_b
2,1020,3215,3216,1,and
2,1021,4757,4758,4,not_implied_by
2,1022,5057,5058,3,a
2,1023,2007,2008,9,not_xor
2,1024,5665,5666,11,implied_by
2,1025,2591,2592,6,xor
2,1026,5108,5109,12,not_a
2,1027,5520,5521,7,or
2,1028,2441,2442,7,or
2,1029,2163,2164,15,one
2,1030,4839,4840,13,implies
2,1031,4306,4307,12,not_a
2,1032,416,417,12,not_a
2,1033,778,779,10,not_b
2,1034,4352,4353,8,not_or
2,1035,4074,4075,6,xor
2,1036,1428,1429,1,and
2,1037,5223,5224,3,a
2,1038,2701,2702,10,not_b
2,1039,5204,5205,3,a
2,1040,3941,3942,3,a
2,1041,1233,1234,1,and
2,1042,1858,1859,12,not_a
2,1043,4039,4040,6,xor
2,1044,2044,2045,5,b
2,1045,4176,4177,3,a
2,1046,3119,3120,7,or
2,1047,5385,5386,5,b
2,1048,5602,5603,5,b
2,1049,2170,2171,10,not_b
2,1050,1963,1964,10,not_b
2,1051,5811,5812,13,implies
2,1052,2547,2548,8,not_or
2,1053,1549,1550,3,a
2,1054,0,2,6,xor
2,1055,2951,2952,3,a
2,1056,2370,2371,15,one
2,1057,3811,3812,11,implied_by
2,1058,2921,2922,8,not_or
2,1059,2522,2523,5,b
2,1060,2586,2587,9,not_xor
2,1061,5747,5748,5,b
2,1062,2268,2269,4,not_implied_by
2,1063,1234,1235,2,not_implies
2,1064,2108,2109,9,not_xor
2,1065,1296,1297,9,not_xor
2,1066,4739,4740,5,b
2,1067,5789,5790,3,a
2,1068,5047,5048,6,xor
2,1069,427,428,2,not_implies
2,1070,2365,2366,9,not_xor
2,1071,92,93,7,or
2,1072,5778,5779,7,or
2,1073,551,552,9,not_xor
2,1074,5869,5870,5,b
2,1075,3666,3667,9,not_xor
2,1076,3160,3161,10,not_b
2,1077,1595,1596,8,not_or
2,1078,4938,4939,2,not_implies
2,1079,4121,4122,6,xor
2,1080,3298,3299,14,not_and
2,1081,4569,4570,12,not_a
2,1082,341,342,5,b
2,1083,2021,2022,7,or
2,1084,545,546,3,a
2,1085,4963,4964,1,and
2,1086,5,6,3,a
2,1087,4294,4295,9,not_xor
2,1088,4003,4004,12,not_a
2,1089,2390,2391,4,not_implied_by
2,1090,1170,1171,10,not_b
2,1091,3877,3878,6,xor
2,1092,4450,4451,7,or
2,1093,886,887,3,a
2,1094,696,697,6,xor
2,1095,1476,1477,10,not_b
2,1096,604,605,10,not_b
2,1097,3205,3206,9,not_xor
2,1098,942,943,6,xor
2,1099,3195,3196,2,not_implies
2,1100,2870,2871,9,not_xor
2,1101,3546,3547,3,a
2,1102,5089,5090,6,xor
2,1103,5140,5141,3,a
2,1104,4756,4757,3,a
2,1105,2173,2174,12,not_a
2,1106,111,112,14,not_and
2,1107,5275,5276,9,not_xor
2,1108,2845,2846,5,b
2,1109,740,741,3,a
2,1110,5125,5126,10,not_b
2,1111,5611,5612,9,not_xor
2,1112,4487,4488,12,not_a
2,1113,3785,3786,1,and
2,1114,3561,3562,6,xor
2,1115,3944,3945,0,zero
2,1116,1055,1056,13,implies
2,1117,3139,3140,1,and
2,1118,2456,2457,9,not_xor
2,1119,4512,4513,4,not_implied_by
2,1120,2087,2088,12,not_a
2,1121,2463,2464,11,implied_by
2,1122,5714,5715,8,not_or
2,1123,2913,2914,1,and
2,1124,3026,3027,9,not_xor
2,1125,2827,2828,11,implied_by
2,1126,5987,5988,7,or
2,1127,1833,1834,9,not_xor
2,1128,4096,4097,6,xor
2,1129,2691,2692,6,xor
2,1130,3922,3923,2,not_implies
2,1131,4666,4667,13,implies
2,1132,353,354,12,not_a
2,1133,4590,4591,3,a
2,1134,3837,3838,9,not_xor
2,1135,475,476,14,not_and
2,1136,4455,4456,11,implied_by
2,1137,5702,5703,14,not_and
2,1138,3096,3097,14,not_and
2,1139,2684,2685,3,a
2,1140,1115,1116,5,b
2,1141,945,946,9,not_xor
2,1142,5810,5811,11,implied_by
2,1143,547,548,10,not_b
2,1144,4394,4395,12,not_a
2,1145,707,708,12,not_a
2,1146,463,464,6,xor
2,1147,2475,2476,0,zero
2,1148,499,500,14,not_and
2,1149,3571,3572,15,one
2,1150,2243,2244,3,a
2,1151,1484,1485,1,and
2,1152,1693,1694,10,not_b
2,1153,2431,2432,13,implies
2,1154,1970,1971,6,xor
2,1155,4846,4847,12,not_a
2,1156,2906,2907,0,zero
2,1157,413,414,10,not_b
2,1158,1142,1143,4,not_implied_by
2,1159,2673,2674,15,one
2,1160,3950,3951,7,or
2,1161,1672,1673,11,implied_by
2,1162,5325,5326,10,not_b
2,1163,3904,3905,8,not_or
2,1164,4576,4577,9,not_xor
2,1165,3792,3793,2,not_implies
2,1166,1171,1172,11,implied_by
2,1167,5760,5761,5,b
2,1168,1935,1936,7,or
2,1169,1799,1800,14,not_and
2,1170,4002,4003,15,one
2,1171,4624,4625,10,not_b
2,1172,278,279,11,implied_by
2,1173,2146,2147,12,not_a
2,1174,4347,4348,11,implied_by
2,1175,2933,2934,6,xor
2,1176,2742,2743,12,not_a
2,1177,1470,1471,9,not_xor
2,1178,3346,3347,6,xor
2,1179,5917,5918,5,b
2,1180,4772,4773,11,implied_by
2,1181,528,529,6,xor
2,1182,225,226,10,not_b
2,1183,615,616,14,not_and
2,1184,5268,5269,9,not_xor
2,1185,3465,3466,1,and
2,1186,579,580,14,not_and
2,1187,1173,1174,10,not_b
2,1188,3377,3378,9,not_xor
2,1189,540,541,10,not_b
2,1190,246,247,6,xor
2,1191,3818,3819,10,not_b
2,1192,2111,2112,8,not_or
2,1193,5186,5187,10,not_b
2,1194,3394,3395,9,not_xor
2,1195,2078,2079,2,not_implies
2,1196,2069,2070,11,implied_by
2,1197,163,164,9,not_xor
2,1198,4737,4738,6,xor
2,1199,2724,2725,12,not_a
2,1200,4284,4285,3,a
2,1201,2202,2203,14,not_and
2,1202,511,512,9,not_xor
2,1203,4202,4203,7,or
2,1204,991,992,1,and
2,1205,4076,4077,5,b
2,1206,774,775,12,not_a
2,1207,1003,1004,12,not_a
2,1208,1699,1700,10,not_b
2,1209,1418,1419,6,xor
2,1210,283,284,10,not_b
2,1211,2997,2998,3,a
2,1212,5911,5912,3,a
2,1213,596,597,2,not_implies
2,1214,1984,1985,6,xor
2,1215,561,562,9,not_xor
2,1216,983,984,2,not_implies
2,1217,1138,1139,10,not_b
2,1218,2581,2582,5,b
2,1219,1179,1180,8,not_or
2,1220,438,439,1,and
2,1221,3098,3099,6,xor
2,1222,2224,2225,7,or
2,1223,631,632,12,not_a
2,1224,846,847,6,xor
2,1225,3504,3505,6,xor
2,1226,5429,5430,7,or
2,1227,3836,3837,6,xor
2,1228,18,19,5,b
2,1229,5111,5112,9,not_xor
2,1230,4850,4851,8,not_or
2,1231,3067,3068,4,not_implied_by
2,1232,3961,3962,12,not_a
2,1233,5681,5682,2,not_implies
2,1234,3381,3382,0,zero
2,1235,2743,2744,10,not_b
2,1236,3835,3836,12,not_a
2,1237,109,110,7,or
2,1238,4662,4663,6,xor
2,1239,2515,2516,5,b
2,1240,1554,1555,11,implied_by
2,1241,1775,1776,9,not_xor
2,1242,4515,4516,10,not_b
2,1243,5891,5892,13,implies
2,1244,4578,4579,6,xor
2,1245,501,502,4,not_implied_by
2,1246,4434,4435,8,not_or
2,1247,5185,5186,1,and
2,1248,2875,2876,10,not_b
2,1249,737,738,10,not_b
2,1250,486,487,0,zero
2,1251,4605,4606,6,xor
2,1252,2637,2638,9,not_xor
2,1253,2640,2641,2,not_implies
2,1254,4483,4484,14,not_and
2,1255,2840,2841,2,not_implies
2,1256,2713,2714,9,not_xor
2,1257,5405,5406,3,a
2,1258,4522,4523,3,a
2,1259,1250,1251,2,not_implies
2,1260,3861,3862,12,not_a
2,1261,2558,2559,6,xor
2,1262,5672,5673,9,not_xor
2,1263,3985,3986,4,not_implied_by
2,1264,15,16,6,xor
2,1265,1281,1282,8,not_or
2,1266,4011,4012,6,xor
2,1267,5701,5702,5,b
2,1268,3943,3944,1,and
2,1269,4795,4796,5,b
2,1270,4626,4627,9,not_xor
2,1271,2949,2950,12,not_a
2,1272,5206,5207,3,a
2,1273,3709,3710,14,not_and
2,1274,1617,1618,13,implies
2,1275,3813,3814,7,or
2,1276,4783,4784,9,not_xor
2,1277,2384,2385,4,not_implied_by
2,1278,1236,1237,14,not_and
2,1279,3335,3336,3,a
2,1280,2433,2434,4,not_implied_by
2,1281,354,355,5,b
2,1282,701,702,3,a
2,1283,2561,2562,14,not_and
2,1284,373,374,8,not_or
2,1285,562,563,5,b
2,1286,4099,4100,6,xor
2,1287,1052,1053,2,not_implies
2,1288,4577,4578,5,b
2,1289,2387,2388,3,a
2,1290,87,88,6,xor
2,1291,2952,2953,4,not_implied_by
2,1292,1889,1890,5,b
2,1293,4239,4240,7,or
2,1294,4565,4566,13,implies
2,1295,4600,4601,9,not_xor
2,1296,3443,3444,3,a
2,1297,5730,5731,6,xor
2,1298,2812,2813,1,and
2,1299,5304,5305,6,xor
2,1300,569,570,9,not_xor
2,1301,822,823,5,b
2,1302,5627,5628,9,not_xor
2,1303,196,197,6,xor
2,1304,704,705,1,and
2,1305,1325,1326,6,xor
2,1306,4246,4247,14,not_and
2,1307,5037,5038,3,a
2,1308,3226,3227,2,not_implies
2,1309,256,257,3,a
2,1310,1902,1903,12,not_a
2,1311,135,136,5,b
2,1312,4763,4764,11,implied_by
2,1313,5894,5895,10,not_b
2,1314,949,950,2,not_implies
2,1315,3933,3934,10,not_b
2,1316,5330,5331,15,one
2,1317,3493,3494,10,not_b
2,1318,1764,1765,6,xor
2,1319,280,281,5,b
2,1320,5671,5672,9,not_xor
2,1321,726,727,3,a
2,1322,1956,1957,5,b
2,1323,535,536,6,xor
2,1324,5061,5062,7,or
2,1325,5130,5131,12,not_a
2,1326,688,689,8,not_or
2,1327,184,185,14,not_and
2,1328,3106,3107,13,implies
2,1329,147,148,15,one
2,1330,2584,2585,5,b
2,1331,4885,4886,4,not_implied_by
2,1332,2194,2195,13,implies
2,1333,3880,3881,9,not_xor
2,1334,387,388,5,b
2,1335,4254,4255,0,zero
2,1336,3442,3443,6,xor
2,1337,2358,2359,10,not_b
2,1338,2972,2973,6,xor
2,1339,4700,4701,9,not_xor
2,1340,1384,1385,1,and
2,1341,3257,3258,9,not_xor
2,1342,1514,1515,6,xor
2,1343,3437,3438,10,not_b
2,1344,3059,3060,9,not_xor
2,1345,4680,4681,12,not_a
2,1346,5912,5913,10,not_b
2,1347,5021,5022,3,a
2,1348,1481,1482,7,or
2,1349,1564,1565,6,xor
2,1350,1557,1558,2,not_implies
2,1351,2341,2342,6,xor
2,1352,144,145,15,one
2,1353,3247,3248,3,a
2,1354,1704,1705,10,not_b
2,1355,2342,2343,2,not_implies
2,1356,1678,1679,2,not_implies
2,1357,2580,2581,12,not_a
2,1358,953,954,6,xor
2,1359,5889,5890,11,implied_by
2,1360,2490,2491,10,not_b
2,1361,1112,1113,1,and
2,1362,281,282,3,a
2,1363,5955,5956,12,not_a
2,1364,2789,2790,6,xor
2,1365,51,52,6,xor
2,1366,956,957,11,implied_by
2,1367,176,177,3,a
2,1368,1924,1925,3,a
2,1369,5015,5016,7,or
2,1370,1240,1241,9,not_xor
2,1371,4147,4148,5,b
2,1372,3111,3112,3,a
2,1373,586,587,6,xor
2,1374,3968,3969,12,not_a
2,1375,842,843,12,not_a
2,1376,5097,5098,9,not_xor
2,1377,4277,4278,5,b
2,1378,5093,5094,5,b
2,1379,3891,3892,12,not_a
2,1380,567,568,12,not_a
2,1381,2321,2322,5,b
2,1382,4505,4506,2,not_implies
2,1383,3689,3690,0,zero
2,1384,5073,5074,4,not_implied_by
2,1385,3008,3009,9,not_xor
2,1386,5134,5135,6,xor
2,1387,1723,1724,13,implies
2,1388,3734,3735,8,not_or
2,1389,5687,5688,1,and
2,1390,5535,5536,12,not_a
2,1391,5038,5039,10,not_b
2,1392,3489,3490,3,a
2,1393,2470,2471,2,not_implies
2,1394,152,153,13,implies
2,1395,209,210,8,not_or
2,1396,3690,3691,9,not_xor
2,1397,1540,1541,3,a
2,1398,5292,5293,5,b
2,1399,2117,2118,10,not_b
2,1400,5256,5257,6,xor
2,1401,4826,4827,10,not_b
2,1402,2327,2328,7,or
2,1403,3940,3941,9,not_xor
2,1404,2097,2098,12,not_a
2,1405,3794,3795,3,a
2,1406,3795,3796,13,implies
2,1407,1033,1034,7,or
2,1408,1904,1905,11,implied_by
2,1409,4823,4824,14,not_and
2,1410,2411,2412,3,a
2,1411,5165,5166,9,not_xor
2,1412,304,305,9,not_xor
2,1413,2195,2196,1,and
2,1414,3209,3210,3,a
2,1415,4883,4884,5,b
2,1416,3131,3132,10,not_b
2,1417,2681,2682,9,not_xor
2,1418,2945,2946,5,b
2,1419,4098,4099,6,xor
2,1420,5178,5179,4,not_implied_by
2,1421,714,715,12,not_a
2,1422,4723,4724,10,not_b
2,1423,5035,5036,13,implies
2,1424,4292,4293,10,not_b
2,1425,3433,3434,1,and
2,1426,2331,2332,10,not_b
2,1427,5873,5874,5,b
2,1428,1556,1557,9,not_xor
2,1429,365,366,15,one
2,1430,921,922,12,not_a
2,1431,4900,4901,13,implies
2,1432,2001,2002,14,not_and
2,1433,3372,3373,8,not_or
2,1434,338,339,8,not_or
2,1435,971,972,13,implies
2,1436,2533,2534,7,or
2,1437,651,652,5,b
2,1438,5807,5808,5,b
2,1439,5565,5566,14,not_and
2,1440,1232,1233,11,implied_by
2,1441,2312,2313,10,not_b
2,1442,5020,5021,5,b
2,1443,1567,1568,12,not_a
2,1444,3363,3364,0,zero
2,1445,943,944,12,not_a
2,1446,4941,4942,10,not_b
2,1447,1744,1745,13,implies
2,1448,4933,4934,5,b
2,1449,3376,3377,10,not_b
2,1450,827,828,1,and
2,1451,622,623,9,not_xor
2,1452,2905,2906,4,not_implied_by
2,1453,717,718,10,not_b
2,1454,5201,5202,12,not_a
2,1455,927,928,7,or
2,1456,3849,3850,10,not_b
2,1457,2857,2858,10,not_b
2,1458,4948,4949,13,implies
2,1459,5607,5608,6,xor
2,1460,4141,4142,15,one
2,1461,4128,4129,14,not_and
2,1462,4165,4166,3,a
2,1463,4448,4449,10,not_b
2,1464,314,315,8,not_or
2,1465,2004,2005,11,implied_by
2,1466,4489,4490,9,not_xor
2,1467,4296,4297,6,xor
2,1468,5664,5665,1,and
2,1469,4305,4306,9,not_xor
2,1470,2046,2047,9,not_xor
2,1471,3481,3482,9,not_xor
2,1472,219,220,12,not_a
2,1473,4659,4660,5,b
2,1474,2597,2598,13,implies
2,1475,5887,5888,6,xor
2,1476,5522,5523,5,b
2,1477,2198,2199,6,xor
2,1478,4206,4207,4,not_implied_by
2,1479,5737,5738,13,implies
2,1480,916,917,3,a
2,1481,1791,1792,5,b
2,1482,2241,2242,9,not_xor
2,1483,1844,1845,3,a
2,1484,5600,5601,5,b
2,1485,5261,5262,13,implies
2,1486,276,277,12,not_a
2,1487,1991,1992,8,not_or
2,1488,3124,3125,15,one
2,1489,3902,3903,6,xor
2,1490,1594,1595,6,xor
2,1491,5423,5424,5,b
2,1492,2771,2772,5,b
2,1493,673,674,10,not_b
2,1494,3697,3698,13,implies
2,1495,5443,5444,9,not_xor
2,1496,2407,2408,0,zero
2,1497,5422,5423,12,not_a
2,1498,3719,3720,10,not_b
2,1499,923,924,2,not_implies
2,1500,3705,3706,7,or
2,1501,5675,5676,2,not_implies
2,1502,4133,4134,10,not_b
2,1503,3953,3954,10,not_b
2,1504,396,397,6,xor
2,1505,1297,1298,5,b
2,1506,5581,5582,3,a
2,1507,1486,1487,0,zero
2,1508,5383,5384,3,a
2,1509,4406,4407,6,xor
2,1510,1298,1299,14,not_and
2,1511,5173,5174,4,not_implied_by
2,1512,230,231,6,xor
2,1513,3972,3973,6,xor
2,1514,1570,1571,2,not_implies
2,1515,3838,3839,12,not_a
2,1516,2773,2774,6,xor
2,1517,3387,3388,12,not_a
2,1518,4764,4765,12,not_a
2,1519,3408,3409,11,implied_by
2,1520,2507,2508,10,not_b
2,1521,5640,5641,3,a
2,1522,3973,3974,15,one
2,1523,3772,3773,8,not_or
2,1524,3130,3131,12,not_a
2,1525,4942,4943,12,not_a
2,1526,1940,1941,14,not_and
2,1527,2739,2740,6,xor
2,1528,1229,1230,12,not_a
2,1529,1254,1255,14,not_and
2,1530,2557,2558,9,not_xor
2,1531,173,174,1,and
2,1532,3853,3854,3,a
2,1533,2942,2943,5,b
2,1534,1258,1259,15,one
2,1535,3362,3363,5,b
2,1536,2775,2776,13,implies
2,1537,99,100,8,not_or
2,1538,5551,5552,12,not_a
2,1539,1073,1074,12,not_a
2,1540,679,680,13,implies
2,1541,1638,1639,8,not_or
2,1542,1637,1638,1,and
2,1543,3633,3634,5,b
2,1544,3760,3761,10,not_b
2,1545,3375,3376,7,or
2,1546,3036,3037,6,xor
2,1547,171,172,9,not_xor
2,1548,263,264,9,not_xor
2,1549,95,96,9,not_xor
2,1550,1629,1630,12,not_a
2,1551,2908,2909,9,not_xor
2,1552,2397,2398,9,not_xor
2,1553,505,506,11,implied_by
2,1554,3302,3303,11,implied_by
2,1555,5511,5512,9,not_xor
2,1556,1431,1432,5,b
2,1557,2246,2247,4,not_implied_by
2,1558,4517,4518,1,and
2,1559,2359,2360,5,b
2,1560,3986,3987,9,not_xor
2,1561,5355,5356,9,not_xor
2,1562,5022,5023,11,implied_by
2,1563,600,601,3,a
2,1564,3549,3550,14,not_and
2,1565,2045,2046,13,implies
2,1566,1950,1951,4,not_implied_by
2,1567,1432,1433,11,implied_by
2,1568,5138,5139,14,not_and
2,1569,5435,5436,1,and
2,1570,3771,3772,3,a
2,1571,1070,1071,0,zero
2,1572,2077,2078,2,not_implies
2,1573,5576,5577,0,zero
2,1574,2457,2458,9,not_xor
2,1575,3413,3414,5,b
2,1576,954,955,9,not_xor
2,1577,4481,4482,5,b
2,1578,3750,3751,6,xor
2,1579,1420,1421,3,a
2,1580,2383,2384,13,implies
2,1581,4462,4463,12,not_a
2,1582,4,5,3,a
2,1583,4127,4128,1,and
2,1584,5690,5691,12,not_a
2,1585,705,706,1,and
2,1586,1494,1495,5,b
2,1587,4966,4967,6,xor
2,1588,4657,4658,0,zero
2,1589,3210,3211,6,xor
2,1590,2405,2406,1,and
2,1591,1627,1628,7,or
2,1592,5433,5434,5,b
2,1593,5555,5556,12,not_a
2,1594,5473,5474,8,not_or
2,1595,3283,3284,9,not_xor
2,1596,1372,1373,2,not_implies
2,1597,4840,4841,10,not_b
2,1598,5689,5690,11,implied_by
2,1599,5278,5279,8,not_or
2,1600,3134,3135,10,not_b
2,1601,2487,2488,5,b
2,1602,4503,4504,15,one
2,1603,89,90,3,a
2,1604,3634,3635,2,not_implies
2,1605,769,770,10,not_b
2,1606,3263,3264,13,implies
2,1607,4101,4102,2,not_implies
2,1608,5305,5306,10,not_b
2,1609,5618,5619,6,xor
2,1610,1580,1581,1,and
2,1611,5630,5631,0,zero
2,1612,5668,5669,3,a
2,1613,3310,3311,1,and
2,1614,4606,4607,7,or
2,1615,3673,3674,10,not_b
2,1616,2736,2737,6,xor
2,1617,2317,2318,14,not_and
2,1618,5938,5939,4,not_implied_by
2,1619,4811,4812,9,not_xor
2,1620,4081,4082,8,not_or
2,1621,1961,1962,4,not_implied_by
2,1622,5652,5653,4,not_implied_by
2,1623,4804,4805,7,or
2,1624,5421,5422,13,implies
2,1625,5782,5783,6,xor
2,1626,2683,2684,10,not_b
2,1627,538,539,15,one
2,1628,882,883,9,not_xor
2,1629,106,107,12,not_a
2,1630,1269,1270,5,b
2,1631,1993,1994,6,xor
2,1632,5731,5732,10,not_b
2,1633,2830,2831,7,or
2,1634,2477,2478,12,not_a
2,1635,614,615,7,or
2,1636,4658,4659,0,zero
2,1637,1825,1826,9,not_xor
2,1638,4834,4835,5,b
2,1639,4123,4124,9,not_xor
2,1640,4234,4235,9,not_xor
2,1641,747,748,5,b
2,1642,2985,2986,6,xor
2,1643,2192,2193,5,b
2,1644,4996,4997,10,not_b
2,1645,4932,4933,15,one
2,1646,4817,4818,14,not_and
2,1647,9,10,10,not_b
2,1648,347,348,5,b
2,1649,72,73,6,xor
2,1650,4991,4992,1,and
2,1651,3175,3176,12,not_a
2,1652,3797,3798,14,not_and
2,1653,1529,1530,12,not_a
2,1654,2171,2172,12,not_a
2,1655,748,749,3,a
2,1656,570,571,6,xor
2,1657,3832,3833,7,or
2,1658,3664,3665,3,a
2,1659,2779,2780,12,not_a
2,1660,4046,4047,10,not_b
2,1661,2120,2121,1,and
2,1662,3101,3102,3,a
2,1663,1106,1107,9,not_xor
2,1664,4057,4058,5,b
2,1665,2101,2102,13,implies
2,1666,470,471,10,not_b
2,1667,1822,1823,7,or
2,1668,4628,4629,10,not_b
2,1669,4584,4585,3,a
2,1670,3526,3527,1,and
2,1671,2544,2545,2,not_implies
2,1672,5194,5195,4,not_implied_by
2,1673,1327,1328,3,a
2,1674,5634,5635,5,b
2,1675,3088,3089,2,not_implies
2,1676,1761,1762,12,not_a
2,1677,3250,3251,3,a
2,1678,2565,2566,9,not_xor
2,1679,589,590,6,xor
2,1680,3127,3128,6,xor
2,1681,4338,4339,5,b
2,1682,510,511,4,not_implied_by
2,1683,1315,1316,6,xor
2,1684,4016,4017,13,implies
2,1685,491,492,9,not_xor
2,1686,1826,1827,6,xor
2,1687,1860,1861,5,b
2,1688,5263,5264,3,a
2,1689,683,684,5,b
2,1690,138,139,9,not_xor
2,1691,5365,5366,14,not_and
2,1692,2261,2262,6,xor
2,1693,2295,2296,6,xor
2,1694,4510,4511,1,and
2,1695,1774,1775,10,not_b
2,1696,2969,2970,1,and
2,1697,4685,4686,6,xor
2,1698,3586,3587,6,xor
2,1699,3574,3575,7,or
2,1700,733,734,3,a
2,1701,3316,3317,1,and
2,1702,5604,5605,3,a
2,1703,2772,2773,8,not_or
2,1704,4609,4610,14,not_and
2,1705,5163,5164,13,implies
2,1706,3715,3716,15,one
2,1707,450,451,8,not_or
2,1708,5005,5006,3,a
2,1709,4285,4286,11,implied_by
2,1710,1995,1996,4,not_implied_by
2,1711,4312,4313,9,not_xor
2,1712,3320,3321,12,not_a
2,1713,5669,5670,1,and
2,1714,1782,1783,9,not_xor
2,1715,2155,2156,2,not_implies
2,1716,4611,4612,3,a
2,1717,5825,5826,14,not_and
2,1718,1743,1744,10,not_b
2,1719,4653,4654,7,or
2,1720,3087,3088,12,not_a
2,1721,946,947,5,b
2,1722,1823,1824,6,xor
2,1723,5660,5661,12,not_a
2,1724,113,114,9,not_xor
2,1725,1047,1048,3,a
2,1726,1402,1403,5,b
2,1727,3297,3298,3,a
2,1728,2137,2138,6,xor
2,1729,4802,4803,11,implied_by
2,1730,3269,3270,13,implies
2,1731,5017,5018,9,not_xor
2,1732,4415,4416,4,not_implied_by
2,1733,3470,3471,2,not_implies
2,1734,3279,3280,2,not_implies
2,1735,734,735,10,not_b
2,1736,1259,1260,2,not_implies
2,1737,1767,1768,9,not_xor
2,1738,4572,4573,6,xor
2,1739,4718,4719,4,not_implied_by
2,1740,4656,4657,0,zero
2,1741,3340,3341,3,a
2,1742,3244,3245,6,xor
2,1743,4346,4347,9,not_xor
2,1744,3548,3549,3,a
2,1745,4835,4836,7,or
2,1746,5545,5546,9,not_xor
2,1747,1541,1542,14,not_and
2,1748,2914,2915,6,xor
2,1749,3100,3101,5,b
2,1750,2250,2251,9,not_xor
2,1751,829,830,4,not_implied_by
2,1752,2730,2731,6,xor
2,1753,773,774,9,not_xor
2,1754,4355,4356,3,a
2,1755,2854,2855,6,xor
2,1756,2576,2577,6,xor
2,1757,322,323,6,xor
2,1758,2647,2648,9,not_xor
2,1759,4815,4816,12,not_a
2,1760,5077,5078,5,b
2,1761,367,368,1,and
2,1762,1872,1873,7,or
2,1763,3873,3874,4,not_implied_by
2,1764,191,192,1,and
2,1765,5951,5952,8,not_or
2,1766,1008,1009,14,not_and
2,1767,3262,3263,6,xor
2,1768,766,767,12,not_a
2,1769,4750,4751,14,not_and
2,1770,3208,3209,1,and
2,1771,2315,2316,3,a
2,1772,1062,1063,7,or
2,1773,979,980,6,xor
2,1774,2898,2899,13,implies
2,1775,4140,4141,5,b
2,1776,2174,2175,10,not_b
2,1777,481,482,6,xor
2,1778,3611,3612,10,not_b
2,1779,371,372,15,one
2,1780,5933,5934,2,not_implies
2,1781,3242,3243,12,not_a
2,1782,1705,1706,12,not_a
2,1783,3948,3949,7,or
2,1784,188,189,1,and
2,1785,4793,4794,8,not_or
2,1786,4872,4873,6,xor
2,1787,4681,4682,6,xor
2,1788,1165,1166,10,not_b
2,1789,363,364,7,or
2,1790,2316,2317,12,not_a
2,1791,894,895,9,not_xor
2,1792,5160,5161,7,or
2,1793,2820,2821,3,a
2,1794,2957,2958,9,not_xor
2,1795,2006,2007,9,not_xor
2,1796,3206,3207,13,implies
2,1797,1702,1703,7,or
2,1798,1648,1649,5,b
2,1799,5257,5258,6,xor
2,1800,5231,5232,3,a
2,1801,2049,2050,12,not_a
2,1802,1968,1969,12,not_a
2,1803,3061,3062,10,not_b
2,1804,909,910,3,a
2,1805,2330,2331,9,not_xor
2,1806,2788,2789,12,not_a
2,1807,5442,5443,3,a
2,1808,2166,2167,4,not_implied_by
2,1809,3810,3811,4,not_implied_by
2,1810,460,461,14,not_and
2,1811,1132,1133,1,and
2,1812,2563,2564,5,b
2,1813,4954,4955,4,not_implied_by
2,1814,2838,2839,10,not_b
2,1815,2084,2085,0,zero
2,1816,5998,5999,12,not_a
2,1817,1319,1320,8,not_or
2,1818,2182,2183,2,not_implies
2,1819,920,921,2,not_implies
2,1820,1520,1521,8,not_or
2,1821,4188,4189,1,and
2,1822,5196,5197,5,b
2,1823,2079,2080,12,not_a
2,1824,736,737,10,not_b
2,1825,22,23,6,xor
2,1826,3049,3050,12,not_a
2,1827,3199,3200,3,a
2,1828,2453,2454,8,not_or
2,1829,5594,5595,5,b
2,1830,4953,4954,8,not_or
2,1831,3945,3946,15,one
2,1832,1380,1381,6,xor
2,1833,3280,3281,9,not_xor
2,1834,3032,3033,4,not_implied_by
2,1835,3010,3011,10,not_b
2,1836,5692,5693,3,a
2,1837,3227,3228,10,not_b
2,1838,3753,3754,8,not_or
2,1839,2036,2037,6,xor
2,1840,5432,5433,6,xor
2,1841,2892,2893,8,not_or
2,1842,2839,2840,1,and
2,1843,3090,3091,14,not_and
2,1844,3581,3582,6,xor
2,1845,5081,5082,6,xor
2,1846,4905,4906,10,not_b
2,1847,3423,3424,8,not_or
2,1848,5985,5986,10,not_b
2,1849,1653,1654,9,not_xor
2,1850,2197,2198,5,b
2,1851,2608,2609,3,a
2,1852,626,627,6,xor
2,1853,725,726,12,not_a
2,1854,3276,3277,6,xor
2,1855,4491,4492,10,not_b
2,1856,308,309,5,b
2,1857,41,42,9,not_xor
2,1858,4432,4433,4,not_implied_by
2,1859,4049,4050,6,xor
2,1860,5610,5611,12,not_a
2,1861,3892,3893,1,and
2,1862,4684,4685,10,not_b
2,1863,4714,4715,1,and
2,1864,2356,2357,10,not_b
2,1865,5078,5079,14,not_and
2,1866,4619,4620,3,a
2,1867,5631,5632,3,a
2,1868,4829,4830,5,b
2,1869,2346,2347,13,implies
2,1870,181,182,3,a
2,1871,3162,3163,8,not_or
2,1872,755,756,6,xor
2,1873,917,918,0,zero
2,1874,4374,4375,13,implies
2,1875,1378,1379,6,xor
2,1876,775,776,11,implied_by
2,1877,2026,2027,13,implies
2,1878,2769,2770,6,xor
2,1879,3722,3723,11,implied_by
2,1880,4971,4972,5,b
2,1881,4527,4528,10,not_b
2,1882,4844,4845,6,xor
2,1883,1152,1153,10,not_b
2,1884,849,850,3,a
2,1885,204,205,6,xor
2,1886,4551,4552,11,implied_by
2,1887,3543,3544,6,xor
2,1888,4390,4391,13,implies
2,1889,4424,4425,9,not_xor
2,1890,128,129,1,and
2,1891,3958,3959,0,zero
2,1892,4393,4394,15,one
2,1893,1404,1405,5,b
2,1894,4813,4814,2,not_implies
2,1895,5670,5671,2,not_implies
2,1896,578,579,8,not_or
2,1897,5177,5178,5,b
2,1898,518,519,5,b
2,1899,3118,3119,11,implied_by
2,1900,3163,3164,9,not_xor
2,1901,5171,5172,10,not_b
2,1902,194,195,8,not_or
2,1903,2345,2346,9,not_xor
2,1904,3403,3404,14,not_and
2,1905,5653,5654,7,or
2,1906,2172,2173,3,a
2,1907,2897,2898,3,a
2,1908,5518,5519,12,not_a
2,1909,4045,4046,8,not_or
2,1910,3324,3325,6,xor
2,1911,5650,5651,4,not_implied_by
2,1912,2275,2276,11,implied_by
2,1913,1537,1538,10,not_b
2,1914,409,410,9,not_xor
2,1915,5051,5052,2,not_implies
2,1916,4720,4721,10,not_b
2,1917,3798,3799,9,not_xor
2,1918,2956,2957,7,or
2,1919,2598,2599,5,b
2,1920,2145,2146,14,not_and
2,1921,2668,2669,10,not_b
2,1922,3572,3573,6,xor
2,1923,544,545,9,not_xor
2,1924,1076,1077,6,xor
2,1925,1087,1088,6,xor
2,1926,1336,1337,11,implied_by
2,1927,2254,2255,0,zero
2,1928,4951,4952,3,a
2,1929,2540,2541,5,b
2,1930,5150,5151,6,xor
2,1931,1103,1104,1,and
2,1932,448,449,7,or
2,1933,3894,3895,6,xor
2,1934,1789,1790,9,not_xor
2,1935,2432,2433,6,xor
2,1936,1604,1605,10,not_b
2,1937,2240,2241,11,implied_by
2,1938,2344,2345,6,xor
2,1939,3627,3628,7,or
2,1940,3833,3834,6,xor
2,1941,1338,1339,9,not_xor
2,1942,2715,2716,3,a
2,1943,2747,2748,1,and
2,1944,2711,2712,13,implies
2,1945,1820,1821,9,not_xor
2,1946,4801,4802,2,not_implies
2,1947,4386,4387,3,a
2,1948,4668,4669,11,implied_by
2,1949,364,365,9,not_xor
2,1950,5601,5602,13,implies
2,1951,5780,5781,3,a
2,1952,992,993,5,b
2,1953,3874,3875,12,not_a
2,1954,4502,4503,14,not_and
2,1955,5823,5824,4,not_implied_by
2,1956,2995,2996,6,xor
2,1957,972,973,4,not_implied_by
2,1958,5312,5313,3,a
2,1959,5882,5883,9,not_xor
2,1960,599,600,6,xor
2,1961,1244,1245,2,not_implies
2,1962,3309,3310,3,a
2,1963,57,58,6,xor
2,1964,2339,2340,3,a
2,1965,1718,1719,8,not_or
2,1966,2459,2460,11,implied_by
2,1967,1555,1556,3,a
2,1968,4629,4630,8,not_or
2,1969,4291,4292,9,not_xor
2,1970,4550,4551,12,not_a
2,1971,3668,3669,9,not_xor
2,1972,2141,2142,9,not_xor
2,1973,4230,4231,5,b
2,1974,1416,1417,3,a
2,1975,266,267,12,not_a
2,1976,1355,1356,12,not_a
2,1977,3347,3348,4,not_implied_by
2,1978,1126,1127,11,implied_by
2,1979,4048,4049,6,xor
2,1980,2005,2006,2,not_implies
2,1981,36,37,2,not_implies
2,1982,4741,4742,13,implies
2,1983,552,553,1,and
2,1984,2313,2314,6,xor
2,1985,4582,4583,10,not_b
2,1986,1466,1467,14,not_and
2,1987,4215,4216,13,implies
2,1988,3567,3568,1,and
2,1989,3755,3756,12,not_a
2,1990,1715,1716,3,a
2,1991,2768,2769,3,a
2,1992,2219,2220,3,a
2,1993,1714,1715,7,or
2,1994,5170,5171,1,and
2,1995,903,904,6,xor
2,1996,2752,2753,10,not_b
2,1997,3870,3871,10,not_b
2,1998,506,507,8,not_or
2,1999,2062,2063,8,not_or
2,2000,2760,2761,7,or
2,2001,5242,5243,9,not_xor
2,2002,4779,4780,10,not_b
2,2003,1551,1552,3,a
2,2004,2618,2619,9,not_xor
2,2005,937,938,6,xor
2,2006,1636,1637,6,xor
2,2007,2829,2830,11,implied_by
2,2008,1499,1500,13,implies
2,2009,54,55,8,not_or
2,2010,5939,5940,3,a
2,2011,2323,2324,9,not_xor
2,2012,5269,5270,10,not_b
2,2013,61,62,10,not_b
2,2014,4861,4862,12,not_a
2,2015,2274,2275,6,xor
2,2016,3202,3203,8,not_or
2,2017,2797,2798,12,not_a
2,2018,2529,2530,9,not_xor
2,2019,5058,5059,9,not_xor
2,2020,5905,5906,7,or
2,2021,3654,3655,10,not_b
2,2022,5404,5405,11,implied_by
2,2023,4087,4088,10,not_b
2,2024,1483,1484,9,not_xor
2,2025,3364,3365,13,implies
2,2026,3624,3625,11,implied_by
2,2027,1422,1423,10,not_b
2,2028,1333,1334,9,not_xor
2,2029,1706,1707,6,xor
2,2030,3541,3542,8,not_or
2,2031,4322,4323,10,not_b
2,2032,2676,2677,10,not_b
2,2033,5885,5886,6,xor
2,2034,3784,3785,3,a
2,2035,4713,4714,1,and
2,2036,3507,3508,5,b
2,2037,3805,3806,3,a
2,2038,1735,1736,7,or
2,2039,5110,5111,13,implies
2,2040,4431,4432,13,implies
2,2041,1193,1194,10,not_b
2,2042,919,920,12,not_a
2,2043,1270,1271,14,not_and
2,2044,5143,5144,10,not_b
2,2045,358,359,4,not_implied_by
2,2046,154,155,7,or
2,2047,4376,4377,5,b
2,2048,2601,2602,12,not_a
2,2049,4070,4071,15,one
2,2050,5693,5694,5,b
2,2051,1268,1269,5,b
2,2052,2530,2531,6,xor
2,2053,2203,2204,9,not_xor
2,2054,3905,3906,4,not_implied_by
2,2055,4945,4946,9,not_xor
2,2056,3639,3640,10,not_b
2,2057,5310,5311,1,and
2,2058,1930,1931,14,not_and
2,2059,2207,2208,0,zero
2,2060,4363,4364,8,not_or
2,2061,4103,4104,12,not_a
2,2062,4349,4350,2,not_implies
2,2063,4887,4888,6,xor
2,2064,1339,1340,12,not_a
2,2065,2276,2277,6,xor
2,2066,3312,3313,3,a
2,2067,5254,5255,11,implied_by
2,2068,39,40,9,not_xor
2,2069,4398,4399,6,xor
2,2070,1107,1108,10,not_b
2,2071,2011,2012,9,not_xor
2,2072,3304,3305,5,b
2,2073,3012,3013,5,b
2,2074,831,832,4,not_implied_by
2,2075,3371,3372,11,implied_by
2,2076,2091,2092,10,not_b
2,2077,1857,1858,12,not_a
2,2078,4272,4273,12,not_a
2,2079,694,695,8,not_or
2,2080,227,228,8,not_or
2,2081,1180,1181,11,implied_by
2,2082,3282,3283,7,or
2,2083,546,547,3,a
2,2084,1278,1279,12,not_a
2,2085,4595,4596,4,not_implied_by
2,2086,3047,3048,10,not_b
2,2087,2593,2594,6,xor
2,2088,417,418,13,implies
2,2089,1586,1587,1,and
2,2090,4219,4220,14,not_and
2,2091,5144,5145,10,not_b
2,2092,3662,3663,1,and
2,2093,5333,5334,10,not_b
2,2094,2227,2228,6,xor
2,2095,1892,1893,14,not_and
2,2096,2320,2321,6,xor
2,2097,3740,3741,5,b
2,2098,3685,3686,12,not_a
2,2099,5636,5637,5,b
2,2100,1063,1064,11,implied_by
2,2101,1593,1594,12,not_a
2,2102,1565,1566,9,not_xor
2,2103,2258,2259,12,not_a
2,2104,4640,4641,12,not_a
2,2105,3004,3005,11,implied_by
2,2106,576,577,15,one
2,2107,1044,1045,8,not_or
2,2108,3190,3191,9,not_xor
2,2109,1788,1789,6,xor
2,2110,5790,5791,2,not_implies
2,2111,85,86,3,a
2,2112,3866,3867,9,not_xor
2,2113,490,491,6,xor
2,2114,895,896,3,a
2,2115,3484,3485,10,not_b
2,2116,4507,4508,3,a
2,2117,391,392,14,not_and
2,2118,784,785,6,xor
2,2119,456,457,6,xor
2,2120,5069,5070,10,not_b
2,2121,4110,4111,2,not_implies
2,2122,1683,1684,9,not_xor
2,2123,60,61,6,xor
2,2124,1334,1335,14,not_and
2,2125,4959,4960,6,xor
2,2126,4060,4061,12,not_a
2,2127,629,630,1,and
2,2128,3076,3077,6,xor
2,2129,5203,5204,7,or
2,2130,5809,5810,6,xor
2,2131,5046,5047,3,a
2,2132,1750,1751,6,xor
2,2133,26,27,9,not_xor
2,2134,541,542,15,one
2,2135,3978,3979,6,xor
2,2136,4343,4344,9,not_xor
2,2137,1770,1771,12,not_a
2,2138,5127,5128,11,implied_by
2,2139,3636,3637,9,not_xor
2,2140,1909,1910,9,not_xor
2,2141,5087,5088,5,b
2,2142,1375,1376,3,a
2,2143,1907,1908,2,not_implies
2,2144,1527,1528,3,a
2,2145,4425,4426,11,implied_by
2,2146,5109,5110,12,not_a
2,2147,5466,5467,3,a
2,2148,3773,3774,10,not_b
2,2149,926,927,9,not_xor
2,2150,2670,2671,6,xor
2,2151,5543,5544,3,a
2,2152,5956,5957,1,and
2,2153,4571,4572,10,not_b
2,2154,1304,1305,5,b
2,2155,533,534,15,one
2,2156,4751,4752,11,implied_by
2,2157,1834,1835,1,and
2,2158,4981,4982,6,xor
2,2159,3834,3835,11,implied_by
2,2160,35,36,9,not_xor
2,2161,2936,2937,15,one
2,2162,5136,5137,5,b
2,2163,1013,1014,6,xor
2,2164,1837,1838,8,not_or
2,2165,1155,1156,2,not_implies
2,2166,624,625,6,xor
2,2167,1730,1731,8,not_or
2,2168,5340,5341,14,not_and
2,2169,5236,5237,1,and
2,2170,2869,2870,10,not_b
2,2171,1285,1286,4,not_implied_by
2,2172,3494,3495,10,not_b
2,2173,3461,3462,14,not_and
2,2174,1400,1401,3,a
2,2175,3108,3109,9,not_xor
2,2176,5174,5175,2,not_implies
2,2177,4769,4770,6,xor
2,2178,1426,1427,12,not_a
2,2179,3431,3432,7,or
2,2180,2899,2900,12,not_a
2,2181,4926,4927,14,not_and
2,2182,1737,1738,12,not_a
2,2183,988,989,3,a
2,2184,3676,3677,2,not_implies
2,2185,3696,3697,4,not_implied_by
2,2186,5752,5753,10,not_b
2,2187,665,666,5,b
2,2188,3273,3274,7,or
2,2189,3456,3457,9,not_xor
2,2190,288,289,11,implied_by
2,2191,5781,5782,3,a
2,2192,4112,4113,10,not_b
2,2193,817,818,13,implies
2,2194,4853,4854,15,one
2,2195,1012,1013,6,xor
2,2196,88,89,11,implied_by
2,2197,5060,5061,2,not_implies
2,2198,5159,5160,6,xor
2,2199,2998,2999,5,b
2,2200,4182,4183,12,not_a
2,2201,835,836,5,b
2,2202,3366,3367,10,not_b
2,2203,2511,2512,4,not_implied_by
2,2204,2115,2116,12,not_a
2,2205,4958,4959,10,not_b
2,2206,4740,4741,5,b
2,2207,653,654,5,b
2,2208,4570,4571,6,xor
2,2209,1689,1690,8,not_or
2,2210,2233,2234,6,xor
2,2211,818,819,10,not_b
2,2212,3245,3246,10,not_b
2,2213,2612,2613,6,xor
2,2214,588,589,0,zero
2,2215,4236,4237,11,implied_by
2,2216,5592,5593,10,not_b
2,2217,3296,3297,12,not_a
2,2218,5536,5537,5,b
2,2219,2534,2535,6,xor
2,2220,3045,3046,8,not_or
2,2221,870,871,1,and
2,2222,3630,3631,2,not_implies
2,2223,407,408,6,xor
2,2224,4068,4069,4,not_implied_by
2,2225,97,98,6,xor
2,2226,5080,5081,2,not_implies
2,2227,1639,1640,3,a
2,2228,5105,5106,5,b
2,2229,5016,5017,12,not_a
2,2230,582,583,13,implies
2,2231,3407,3408,1,and
2,2232,1377,1378,5,b
2,2233,294,295,4,not_implied_by
2,2234,4201,4202,9,not_xor
2,2235,2329,2330,2,not_implies
2,2236,3477,3478,1,and
2,2237,700,701,6,xor
2,2238,3917,3918,6,xor
2,2239,5045,5046,12,not_a
2,2240,4132,4133,11,implied_by
2,2241,3854,3855,9,not_xor
2,2242,5876,5877,7,or
2,2243,507,508,6,xor
2,2244,5491,5492,3,a
2,2245,3151,3152,11,implied_by
2,2246,4552,4553,9,not_xor
2,2247,1039,1040,5,b
2,2248,1288,1289,5,b
2,2249,1235,1236,12,not_a
2,2250,3513,3514,1,and
2,2251,4563,4564,0,zero
2,2252,2051,2052,7,or
2,2253,2184,2185,5,b
2,2254,1057,1058,14,not_and
2,2255,753,754,10,not_b
2,2256,2190,2191,9,not_xor
2,2257,1256,1257,9,not_xor
2,2258,2234,2235,15,one
2,2259,5688,5689,12,not_a
2,2260,5198,5199,10,not_b
2,2261,2512,2513,1,and
2,2262,3184,3185,2,not_implies
2,2263,3879,3880,9,not_xor
2,2264,3020,3021,9,not_xor
2,2265,4694,4695,2,not_implies
2,2266,2992,2993,5,b
2,2267,2611,2612,8,not_or
2,2268,4845,4846,10,not_b
2,2269,2159,2160,13,implies
2,2270,3649,3650,12,not_a
2,2271,3155,3156,9,not_xor
2,2272,1746,1747,10,not_b
2,2273,4354,4355,10,not_b
2,2274,1859,1860,5,b
2,2275,3597,3598,3,a
2,2276,938,939,4,not_implied_by
2,2277,3214,3215,5,b
2,2278,3566,3567,10,not_b
2,2279,4749,4750,11,implied_by
2,2280,4265,4266,3,a
2,2281,445,446,12,not_a
2,2282,2652,2653,12,not_a
2,2283,2749,2750,12,not_a
2,2284,5566,5567,1,and
2,2285,2796,2797,2,not_implies
2,2286,4255,4256,1,and
2,2287,1605,1606,12,not_a
2,2288,2520,2521,9,not_xor
2,2289,205,206,10,not_b
2,2290,1091,1092,12,not_a
2,2291,4055,4056,6,xor
2,2292,292,293,12,not_a
2,2293,2481,2482,9,not_xor
2,2294,4111,4112,12,not_a
2,2295,261,262,0,zero
2,2296,1611,1612,10,not_b
2,2297,3646,3647,7,or
2,2298,4856,4857,6,xor
2,2299,1068,1069,3,a
2,2300,433,434,8,not_or
2,2301,3466,3467,3,a
2,2302,1566,1567,12,not_a
2,2303,1119,1120,7,or
2,2304,1249,1250,6,xor
2,2305,636,637,6,xor
2,2306,1740,1741,9,not_xor
2,2307,3946,3947,1,and
2,2308,1810,1811,1,and
2,2309,451,452,3,a
2,2310,1550,1551,5,b
2,2311,3,4,9,not_xor
2,2312,1542,1543,12,not_a
2,2313,3768,3769,8,not_or
2,2314,2695,2696,8,not_or
2,2315,2371,2372,9,not_xor
2,2316,465,466,6,xor
2,2317,1809,1810,12,not_a
2,2318,4385,4386,9,not_xor
2,2319,3957,3958,4,not_implied_by
2,2320,2343,2344,9,not_xor
2,2321,660,661,1,and
2,2322,2677,2678,8,not_or
2,2323,5569,5570,2,not_implies
2,2324,494,495,7,or
2,2325,2468,2469,10,not_b
2,2326,4644,4645,9,not_xor
2,2327,3883,3884,8,not_or
2,2328,312,313,1,and
2,2329,2060,2061,14,not_and
2,2330,1166,1167,3,a
2,2331,788,789,9,not_xor
2,2332,298,299,9,not_xor
2,2333,2894,2895,6,xor
2,2334,4855,4856,5,b
2,2335,1329,1330,1,and
2,2336,3378,3379,15,one
2,2337,4719,4720,2,not_implies
2,2338,1322,1323,12,not_a
2,2339,4168,4169,7,or
2,2340,4339,4340,9,not_xor
2,2341,1760,1761,8,not_or
2,2342,4946,4947,9,not_xor
2,2343,4613,4614,14,not_and
2,2344,5883,5884,13,implies
2,2345,934,935,7,or
2,2346,1019,1020,7,or
2,2347,5764,5765,3,a
2,2348,4732,4733,5,b
2,2349,69,70,11,implied_by
2,2350,2364,2365,0,zero
2,2351,3117,3118,5,b
2,2352,3424,3425,12,not_a
2,2353,958,959,3,a
2,2354,3748,3749,12,not_a
2,2355,2421,2422,12,not_a
2,2356,2178,2179,2,not_implies
2,2357,3281,3282,13,implies
2,2358,3577,3578,12,not_a
2,2359,1769,1770,10,not_b
2,2360,4690,4691,7,or
2,2361,5309,5310,8,not_or
2,2362,1158,1159,2,not_implies
2,2363,1756,1757,11,implied_by
2,2364,4525,4526,15,one
2,2365,3746,3747,12,not_a
2,2366,1528,1529,10,not_b
2,2367,3962,3963,15,one
2,2368,4059,4060,14,not_and
2,2369,4344,4345,7,or
2,2370,2658,2659,11,implied_by
2,2371,3865,3866,12,not_a
2,2372,5539,5540,7,or
2,2373,3674,3675,6,xor
2,2374,244,245,10,not_b
2,2375,1829,1830,1,and
2,2376,757,758,9,not_xor
2,2377,1321,1322,9,not_xor
2,2378,874,875,9,not_xor
2,2379,3708,3709,9,not_xor
2,2380,4093,4094,11,implied_by
2,2381,4692,4693,1,and
2,2382,4286,4287,13,implies
2,2383,4851,4852,1,and
2,2384,468,469,5,b
2,2385,3241,3242,9,not_xor
2,2386,3763,3764,13,implies
2,2387,3048,3049,12,not_a
2,2388,2242,2243,6,xor
2,2389,1477,1478,6,xor
2,2390,3187,3188,4,not_implied_by
2,2391,5427,5428,6,xor
2,2392,1053,1054,1,and
2,2393,5596,5597,3,a
2,2394,4120,4121,10,not_b
2,2395,5308,5309,6,xor
2,2396,2483,2484,8,not_or
2,2397,4566,4567,6,xor
2,2398,131,132,4,not_implied_by
2,2399,392,393,15,one
2,2400,1116,1117,3,a
2,2401,58,59,4,not_implied_by
2,2402,4665,4666,6,xor
2,2403,821,822,6,xor
2,2404,4290,4291,5,b
2,2405,1317,1318,13,implies
2,2406,709,710,8,not_or
2,2407,2168,2169,3,a
2,2408,2042,2043,1,and
2,2409,1357,1358,7,or
2,2410,4220,4221,1,and
2,2411,3909,3910,10,not_b
2,2412,537,538,3,a
2,2413,1864,1865,7,or
2,2414,3693,3694,13,implies
2,2415,2609,2610,3,a
2,2416,3914,3915,1,and
2,2417,3965,3966,8,not_or
2,2418,4172,4173,1,and
2,2419,4009,4010,6,xor
2,2420,5243,5244,2,not_implies
2,2421,4833,4834,3,a
2,2422,1599,1600,14,not_and
2,2423,3476,3477,2,not_implies
2,2424,2205,2206,14,not_and
2,2425,2123,2124,7,or
2,2426,4997,4998,3,a
2,2427,5234,5235,11,implied_by
2,2428,1875,1876,2,not_implies
2,2429,5560,5561,4,not_implied_by
2,2430,4562,4563,8,not_or
2,2431,4283,4284,10,not_b
2,2432,4407,4408,4,not_implied_by
2,2433,3009,3010,7,or
2,2434,5107,5108,5,b
2,2435,1312,1313,12,not_a
2,2436,5981,5982,7,or
2,2437,5622,5623,13,implies
2,2438,2165,2166,4,not_implied_by
2,2439,214,215,0,zero
2,2440,4443,4444,4,not_implied_by
2,2441,2363,2364,5,b
2,2442,1997,1998,11,implied_by
2,2443,3060,3061,8,not_or
2,2444,1335,1336,0,zero
2,2445,3274,3275,4,not_implied_by
2,2446,855,856,6,xor
2,2447,2434,2435,6,xor
2,2448,5218,5219,9,not_xor
2,2449,123,124,3,a
2,2450,4516,4517,6,xor
2,2451,1202,1203,7,or
2,2452,2621,2622,3,a
2,2453,193,194,2,not_implies
2,2454,4263,4264,2,not_implies
2,2455,4661,4662,3,a
2,2456,42,43,15,one
2,2457,2856,2857,14,not_and
2,2458,2891,2892,11,implied_by
2,2459,447,448,13,implies
2,2460,3046,3047,12,not_a
2,2461,1051,1052,8,not_or
2,2462,644,645,12,not_a
2,2463,1046,1047,6,xor
2,2464,5436,5437,10,not_b
2,2465,4404,4405,10,not_b
2,2466,3527,3528,5,b
2,2467,1356,1357,11,implied_by
2,2468,3144,3145,6,xor
2,2469,1198,1199,7,or
2,2470,2400,2401,6,xor
2,2471,469,470,6,xor
2,2472,4114,4115,2,not_implies
2,2473,5494,5495,12,not_a
2,2474,5424,5425,11,implied_by
2,2475,5379,5380,4,not_implied_by
2,2476,2328,2329,6,xor
2,2477,5966,5967,3,a
2,2478,4648,4649,5,b
2,2479,2186,2187,1,and
2,2480,706,707,4,not_implied_by
2,2481,4361,4362,6,xor
2,2482,3289,3290,10,not_b
2,2483,2311,2312,14,not_and
2,2484,2216,2217,9,not_xor
2,2485,3326,3327,3,a
2,2486,4402,4403,7,or
2,2487,104,105,2,not_implies
2,2488,1344,1345,12,not_a
2,2489,3721,3722,1,and
2,2490,1887,1888,9,not_xor
2,2491,2536,2537,8,not_or
2,2492,2808,2809,7,or
2,2493,4260,4261,13,implies
2,2494,3073,3074,0,zero
2,2495,68,69,6,xor
2,2496,2427,2428,3,a
2,2497,4196,4197,12,not_a
2,2498,2649,2650,8,not_or
2,2499,1252,1253,10,not_b
2,2500,4158,4159,4,not_implied_by
2,2501,1512,1513,6,xor
2,2502,5439,5440,1,and
2,2503,1815,1816,5,b
2,2504,1419,1420,11,implied_by
2,2505,3595,3596,2,not_implies
2,2506,2047,2048,14,not_and
2,2507,4545,4546,10,not_b
2,2508,503,504,12,not_a
2,2509,4594,4595,3,a
2,2510,760,761,5,b
2,2511,4421,4422,1,and
2,2512,572,573,6,xor
2,2513,4876,4877,7,or
2,2514,1652,1653,4,not_implied_by
2,2515,2551,2552,9,not_xor
2,2516,4482,4483,9,not_xor
2,2517,1109,1110,8,not_or
2,2518,5453,5454,3,a
2,2519,301,302,13,implies
2,2520,286,287,1,and
2,2521,231,232,6,xor
2,2522,3525,3526,5,b
2,2523,38,39,4,not_implied_by
2,2524,1855,1856,9,not_xor
2,2525,2287,2288,8,not_or
2,2526,729,730,1,and
2,2527,4580,4581,9,not_xor
2,2528,4805,4806,10,not_b
2,2529,2022,2023,6,xor
2,2530,5599,5600,11,implied_by
2,2531,4170,4171,7,or
2,2532,5572,5573,1,and
2,2533,5267,5268,3,a
2,2534,5897,5898,6,xor
2,2535,893,894,1,and
2,2536,1802,1803,3,a
2,2537,3512,3513,11,implied_by
2,2538,1780,1781,15,one
2,2539,5620,5621,11,implied_by
2,2540,654,655,5,b
2,2541,2570,2571,3,a
2,2542,5137,5138,3,a
2,2543,478,479,2,not_implies
2,2544,5526,5527,9,not_xor
2,2545,444,445,3,a
2,2546,5166,5167,10,not_b
2,2547,4266,4267,10,not_b
2,2548,553,554,3,a
2,2549,4150,4151,5,b
2,2550,5936,5937,3,a
2,2551,4670,4671,9,not_xor
2,2552,4225,4226,3,a
2,2553,2333,2334,10,not_b
2,2554,2153,2154,14,not_and
2,2555,5632,5633,0,zero
2,2556,4705,4706,10,not_b
2,2557,2864,2865,14,not_and
2,2558,5864,5865,1,and
2,2559,4307,4308,3,a
2,2560,787,788,2,not_implies
2,2561,5141,5142,1,and
2,2562,5326,5327,14,not_and
2,2563,500,501,5,b
2,2564,912,913,5,b
2,2565,3294,3295,4,not_implied_by
2,2566,4005,4006,3,a
2,2567,5967,5968,6,xor
2,2568,3728,3729,10,not_b
2,2569,3814,3815,3,a
2,2570,1792,1793,5,b
2,2571,234,235,11,implied_by
2,2572,3497,3498,10,not_b
2,2573,1084,1085,10,not_b
2,2574,4213,4214,12,not_a
2,2575,2446,2447,11,implied_by
2,2576,2911,2912,2,not_implies
2,2577,4326,4327,4,not_implied_by
2,2578,1399,1400,5,b
2,2579,1800,1801,6,xor
2,2580,3342,3343,6,xor
2,2581,5732,5733,6,xor
2,2582,202,203,10,not_b
2,2583,5965,5966,7,or
2,2584,781,782,5,b
2,2585,5570,5571,9,not_xor
2,2586,4575,4576,5,b
2,2587,2135,2136,3,a
2,2588,93,94,6,xor
2,2589,5667,5668,11,implied_by
2,2590,5739,5740,5,b
2,2591,3856,3857,1,and
2,2592,4224,4225,4,not_implied_by
2,2593,763,764,9,not_xor
2,2594,793,794,2,not_implies
2,2595,5554,5555,4,not_implied_by
2,2596,555,556,6,xor
2,2597,498,499,9,not_xor
2,2598,2017,2018,1,and
2,2599,3918,3919,11,implied_by
2,2600,3318,3319,3,a
2,2601,1300,1301,14,not_and
2,2602,5252,5253,10,not_b
2,2603,910,911,4,not_implied_by
2,2604,2482,2483,3,a
2,2605,4678,4679,8,not_or
2,2606,5031,5032,2,not_implies
2,2607,4830,4831,2,not_implies
2,2608,3157,3158,6,xor
2,2609,4585,4586,2,not_implies
2,2610,3006,3007,10,not_b
2,2611,5283,5284,4,not_implied_by
2,2612,2708,2709,10,not_b
2,2613,3648,3649,3,a
2,2614,672,673,6,xor
2,2615,1162,1163,12,not_a
2,2616,2090,2091,15,one
2,2617,2303,2304,1,and
2,2618,124,125,11,implied_by
2,2619,4095,4096,2,not_implies
2,2620,4092,4093,2,not_implies
2,2621,1219,1220,4,not_implied_by
2,2622,3265,3266,3,a
2,2623,508,509,3,a
2,2624,2336,2337,3,a
2,2625,1444,1445,3,a
2,2626,1263,1264,6,xor
2,2627,5217,5218,6,xor
2,2628,4729,4730,4,not_implied_by
2,2629,2054,2055,13,implies
2,2630,2692,2693,5,b
2,2631,2128,2129,9,not_xor
2,2632,291,292,6,xor
2,2633,2879,2880,10,not_b
2,2634,4927,4928,5,b
2,2635,3448,3449,6,xor
2,2636,3695,3696,3,a
2,2637,5923,5924,12,not_a
2,2638,5502,5503,14,not_and
2,2639,3732,3733,1,and
2,2640,1160,1161,4,not_implied_by
2,2641,5984,5985,4,not_implied_by
2,2642,5771,5772,5,b
2,2643,5695,5696,6,xor
2,2644,4411,4412,11,implied_by
2,2645,3510,3511,13,implies
2,2646,3327,3328,10,not_b
2,2647,5128,5129,11,implied_by
2,2648,431,432,10,not_b
2,2649,2149,2150,2,not_implies
2,2650,1028,1029,3,a
2,2651,5142,5143,9,not_xor
2,2652,5447,5448,10,not_b
2,2653,492,493,3,a
2,2654,2438,2439,3,a
2,2655,2281,2282,1,and
2,2656,3840,3841,15,one
2,2657,5827,5828,4,not_implied_by
2,2658,5849,5850,3,a
2,2659,4664,4665,14,not_and
2,2660,156,157,12,not_a
2,2661,345,346,3,a
2,2662,3232,3233,3,a
2,2663,5496,5497,6,xor
2,2664,16,17,1,and
2,2665,2592,2593,7,or
2,2666,5207,5208,6,xor
2,2667,1,2,9,not_xor
2,2668,947,948,7,or
2,2669,4647,4648,7,or
2,2670,3107,3108,3,a
2,2671,4635,4636,12,not_a
2,2672,1467,1468,10,not_b
2,2673,2277,2278,6,xor
2,2674,4205,4206,10,not_b
2,2675,2458,2459,5,b
2,2676,4744,4745,10,not_b
2,2677,2466,2467,2,not_implies
2,2678,3887,3888,3,a
2,2679,2588,2589,10,not_b
2,2680,4812,4813,9,not_xor
2,2681,637,638,10,not_b
2,2682,2484,2485,15,one
2,2683,4021,4022,12,not_a
2,2684,1253,1254,10,not_b
2,2685,5350,5351,4,not_implied_by
2,2686,5517,5518,7,or
2,2687,3478,3479,12,not_a
2,2688,4340,4341,9,not_xor
2,2689,5384,5385,4,not_implied_by
2,2690,71,72,9,not_xor
2,2691,1587,1588,10,not_b
2,2692,5921,5922,3,a
2,2693,5123,5124,9,not_xor
2,2694,2562,2563,12,not_a
2,2695,3799,3800,9,not_xor
2,2696,2887,2888,8,not_or
2,2697,4227,4228,12,not_a
2,2698,114,115,2,not_implies
2,2699,3292,3293,6,xor
2,2700,5220,5221,4,not_implied_by
2,2701,1199,1200,13,implies
2,2702,3113,3114,14,not_and
2,2703,5158,5159,2,not_implies
2,2704,5637,5638,3,a
2,2705,1409,1410,3,a
2,2706,1176,1177,1,and
2,2707,5462,5463,12,not_a
2,2708,3492,3493,8,not_or
2,2709,2900,2901,9,not_xor
2,2710,716,717,10,not_b
2,2711,1362,1363,14,not_and
2,2712,1880,1881,11,implied_by
2,2713,4184,4185,3,a
2,2714,5761,5762,12,not_a
2,2715,403,404,12,not_a
2,2716,5531,5532,8,not_or
2,2717,1497,1498,6,xor
2,2718,2385,2386,3,a
2,2719,4696,4697,3,a
2,2720,3122,3123,9,not_xor
2,2721,4712,4713,2,not_implies
2,2722,3982,3983,9,not_xor
2,2723,805,806,4,not_implied_by
2,2724,2717,2718,1,and
2,2725,480,481,8,not_or
2,2726,5710,5711,10,not_b
2,2727,5748,5749,10,not_b
2,2728,2237,2238,14,not_and
2,2729,5213,5214,11,implied_by
2,2730,414,415,10,not_b
2,2731,5240,5241,3,a
2,2732,881,882,12,not_a
2,2733,4884,4885,1,and
2,2734,3438,3439,4,not_implied_by
2,2735,3248,3249,8,not_or
2,2736,10,11,12,not_a
2,2737,3329,3330,10,not_b
2,2738,1766,1767,6,xor
2,2739,1954,1955,5,b
2,2740,2756,2757,6,xor
2,2741,19,20,15,one
2,2742,5874,5875,9,not_xor
2,2743,1741,1742,12,not_a
2,2744,1781,1782,13,implies
2,2745,3976,3977,13,implies
2,2746,861,862,12,not_a
2,2747,3726,3727,13,implies
2,2748,105,106,9,not_xor
2,2749,3932,3933,6,xor
2,2750,454,455,12,not_a
2,2751,2661,2662,11,implied_by
2,2752,3981,3982,15,one
2,2753,411,412,5,b
2,2754,2259,2260,6,xor
2,2755,727,728,15,one
2,2756,2436,2437,9,not_xor
2,2757,4466,4467,0,zero
2,2758,5877,5878,7,or
2,2759,3286,3287,14,not_and
2,2760,368,369,3,a
2,2761,4771,4772,9,not_xor
2,2762,4475,4476,9,not_xor
2,2763,2068,2069,2,not_implies
2,2764,2674,2675,5,b
2,2765,2132,2133,1,and
2,2766,592,593,12,not_a
2,2767,4961,4962,9,not_xor
2,2768,3287,3288,9,not_xor
2,2769,3402,3403,8,not_or
2,2770,2133,2134,9,not_xor
2,2771,3216,3217,3,a
2,2772,839,840,15,one
2,2773,2249,2250,10,not_b
2,2774,4646,4647,9,not_xor
2,2775,5656,5657,10,not_b
2,2776,5734,5735,12,not_a
2,2777,1097,1098,9,not_xor
2,2778,4972,4973,9,not_xor
2,2779,693,694,12,not_a
2,2780,2382,2383,3,a
2,2781,5449,5450,6,xor
2,2782,539,540,3,a
2,2783,690,691,3,a
2,2784,3148,3149,7,or
2,2785,5482,5483,12,not_a
2,2786,738,739,10,not_b
2,2787,5167,5168,0,zero
2,2788,2367,2368,12,not_a
2,2789,948,949,7,or
2,2790,4062,4063,12,not_a
2,2791,5059,5060,3,a
2,2792,1006,1007,2,not_implies
2,2793,5478,5479,2,not_implies
2,2794,44,45,6,xor
2,2795,3997,3998,15,one
2,2796,3632,3633,2,not_implies
2,2797,5715,5716,1,and
2,2798,1090,1091,9,not_xor
2,2799,4118,4119,3,a
2,2800,1625,1626,3,a
2,2801,2831,2832,5,b
2,2802,487,488,5,b
2,2803,5865,5866,6,xor
2,2804,4607,4608,14,not_and
2,2805,3623,3624,13,implies
2,2806,3987,3988,15,one
2,2807,3071,3072,2,not_implies
2,2808,268,269,8,not_or
2,2809,3168,3169,12,not_a
2,2810,1185,1186,10,not_b
2,2811,4300,4301,12,not_a
2,2812,940,941,10,not_b
2,2813,223,224,2,not_implies
2,2814,2841,2842,7,or
2,2815,3467,3468,13,implies
2,2816,5209,5210,15,one
2,2817,3930,3931,12,not_a
2,2818,2770,2771,3,a
2,2819,3253,3254,6,xor
2,2820,3678,3679,8,not_or
2,2821,4822,4823,9,not_xor
2,2822,5068,5069,5,b
2,2823,1525,1526,9,not_xor
2,2824,1374,1375,5,b
2,2825,2758,2759,5,b
2,2826,393,394,11,implied_by
2,2827,240,241,6,xor
2,2828,271,272,8,not_or
2,2829,809,810,14,not_and
2,2830,2015,2016,3,a
2,2831,4603,4604,14,not_and
2,2832,4631,4632,2,not_implies
2,2833,5579,5580,14,not_and
2,2834,4869,4870,6,xor
2,2835,1301,1302,13,implies
2,2836,2722,2723,8,not_or
2,2837,5181,5182,3,a
2,2838,5251,5252,6,xor
2,2839,4642,4643,9,not_xor
2,2840,5149,5150,6,xor
2,2841,5104,5105,11,implied_by
2,2842,2740,2741,4,not_implied_by
2,2843,3197,3198,6,xor
2,2844,3783,3784,10,not_b
2,2845,1352,1353,4,not_implied_by
2,2846,1492,1493,6,xor
2,2847,3570,3571,7,or
2,2848,2946,2947,1,and
2,2849,5039,5040,9,not_xor
2,2850,1306,1307,13,implies
2,2851,5648,5649,12,not_a
2,2852,5331,5332,14,not_and
2,2853,951,952,3,a
2,2854,5411,5412,6,xor
2,2855,4467,4468,6,xor
2,2856,2613,2614,6,xor
2,2857,3428,3429,9,not_xor
2,2858,52,53,13,implies
2,2859,2286,2287,12,not_a
2,2860,5719,5720,1,and
2,2861,678,679,3,a
2,2862,3054,3055,4,not_implied_by
2,2863,3239,3240,5,b
2,2864,4770,4771,15,one
2,2865,1490,1491,14,not_and
2,2866,702,703,10,not_b
2,2867,3716,3717,6,xor
2,2868,2499,2500,9,not_xor
2,2869,4493,4494,12,not_a
2,2870,296,297,6,xor
2,2871,4820,4821,4,not_implied_by
2,2872,2543,2544,12,not_a
2,2873,1721,1722,4,not_implied_by
2,2874,4789,4790,5,b
2,2875,3121,3122,7,or
2,2876,1216,1217,8,not_or
2,2877,2806,2807,9,not_xor
2,2878,5929,5930,6,xor
2,2879,336,337,2,not_implies
2,2880,5470,5471,12,not_a
2,2881,424,425,3,a
2,2882,5968,5969,10,not_b
2,2883,754,755,11,implied_by
2,2884,568,569,7,or
2,2885,3831,3832,8,not_or
2,2886,4965,4966,13,implies
2,2887,2710,2711,2,not_implies
2,2888,5344,5345,11,implied_by
2,2889,4717,4718,10,not_b
2,2890,2196,2197,4,not_implied_by
2,2891,1687,1688,14,not_and
2,2892,81,82,13,implies
2,2893,3613,3614,4,not_implied_by
2,2894,4669,4670,10,not_b
2,2895,5343,5344,6,xor
2,2896,1620,1621,3,a
2,2897,3007,3008,5,b
2,2898,5124,5125,6,xor
2,2899,2733,2734,6,xor
2,2900,930,931,14,not_and
2,2901,566,567,11,implied_by
2,2902,2113,2114,7,or
2,2903,2386,2387,9,not_xor
2,2904,3138,3139,3,a
2,2905,4192,4193,12,not_a
2,2906,2689,2690,3,a
2,2907,5062,5063,8,not_or
2,2908,1814,1815,12,not_a
2,2909,4687,4688,9,not_xor
2,2910,5445,5446,8,not_or
2,2911,2506,2507,9,not_xor
2,2912,2162,2163,1,and
2,2913,3606,3607,9,not_xor
2,2914,2657,2658,6,xor
2,2915,4299,4300,10,not_b
2,2916,3104,3105,6,xor
2,2917,2774,2775,15,one
2,2918,2462,2463,2,not_implies
2,2919,3406,3407,0,zero
2,2920,2564,2565,2,not_implies
2,2921,4956,4957,12,not_a
2,2922,5953,5954,12,not_a
2,2923,3445,3446,9,not_xor
2,2924,1480,1481,11,implied_by
2,2925,3458,3459,5,b
2,2926,3142,3143,12,not_a
2,2927,1462,1463,12,not_a
2,2928,3528,3529,5,b
2,2929,3164,3165,5,b
2,2930,4025,4026,3,a
2,2931,5289,5290,11,implied_by
2,2932,721,722,14,not_and
2,2933,1164,1165,5,b
2,2934,5012,5013,12,not_a
2,2935,4868,4869,14,not_and
2,2936,3787,3788,4,not_implied_by
2,2937,616,617,2,not_implies
2,2938,3520,3521,12,not_a
2,2939,1745,1746,12,not_a
2,2940,4973,4974,9,not_xor
2,2941,5176,5177,3,a
2,2942,3325,3326,3,a
2,2943,290,291,0,zero
2,2944,2369,2370,13,implies
2,2945,3657,3658,4,not_implied_by
2,2946,1923,1924,4,not_implied_by
2,2947,5818,5819,1,and
2,2948,4532,4533,8,not_or
2,2949,1149,1150,8,not_or
2,2950,5380,5381,10,not_b
2,2951,2934,2935,1,and
2,2952,1522,1523,9,not_xor
2,2953,4679,4680,14,not_and
2,2954,4472,4473,10,not_b
2,2955,4097,4098,9,not_xor
2,2956,3180,3181,6,xor
2,2957,2347,2348,10,not_b
2,2958,5509,5510,1,and
2,2959,4807,4808,10,not_b
2,2960,3025,3026,4,not_implied_by
2,2961,385,386,3,a
2,2962,2380,2381,3,a
2,2963,3116,3117,0,zero
2,2964,1546,1547,2,not_implies
2,2965,4429,4430,8,not_or
2,2966,2445,2446,3,a
2,2967,1584,1585,11,implied_by
2,2968,1408,1409,6,xor
2,2969,3475,3476,12,not_a
2,2970,1513,1514,6,xor
2,2971,1026,1027,6,xor
2,2972,3692,3693,12,not_a
2,2973,1488,1489,12,not_a
2,2974,1011,1012,3,a
2,2975,3725,3726,11,implied_by
2,2976,5868,5869,11,implied_by
2,2977,4743,4744,12,not_a
2,2978,513,514,9,not_xor
2,2979,3975,3976,6,xor
2,2980,369,370,5,b
2,2981,4109,4110,3,a
2,2982,4042,4043,9,not_xor
2,2983,2623,2624,5,b
2,2984,1975,1976,4,not_implied_by
2,2985,2217,2218,10,not_b
2,2986,5232,5233,12,not_a
2,2987,5728,5729,12,not_a
2,2988,377,378,1,and
2,2989,1182,1183,3,a
2,2990,3463,3464,6,xor
2,2991,4673,4674,12,not_a
2,2992,4373,4374,5,b
2,2993,868,869,6,xor
2,2994,5025,5026,9,not_xor
2,2995,2452,2453,9,not_xor
2,2996,1326,1327,3,a
2,2997,2251,2252,10,not_b
2,2998,4138,4139,4,not_implied_by
2,2999,4969,4970,9,not_xor
2,3000,1628,1629,8,not_or
2,3001,3942,3943,12,not_a
2,3002,4065,4066,0,zero
2,3003,2881,2882,12,not_a
2,3004,305,306,1,and
2,3005,4412,4413,3,a
2,3006,303,304,7,or
2,3007,1518,1519,6,xor
2,3008,5403,5404,9,not_xor
2,3009,3851,3852,8,not_or
2,3010,899,900,1,and
2,3011,3453,3454,12,not_a
2,3012,1310,1311,3,a
2,3013,1140,1141,12,not_a
2,3014,5274,5275,2,not_implies
2,3015,1592,1593,9,not_xor
2,3016,1364,1365,1,and
2,3017,1425,1426,7,or
2,3018,1289,1290,10,not_b
2,3019,2725,2726,3,a
2,3020,5352,5353,5,b
2,3021,2500,2501,5,b
2,3022,772,773,5,b
2,3023,5612,5613,6,xor
2,3024,2289,2290,12,not_a
2,3025,2694,2695,7,or
2,3026,5438,5439,7,or
2,3027,75,76,9,not_xor
2,3028,2824,2825,14,not_and
2,3029,2089,2090,9,not_xor
2,3030,168,169,12,not_a
2,3031,4189,4190,0,zero
2,3032,2376,2377,4,not_implied_by
2,3033,1034,1035,12,not_a
2,3034,2510,2511,5,b
2,3035,4733,4734,6,xor
2,3036,2138,2139,9,not_xor
2,3037,5831,5832,1,and
2,3038,5718,5719,6,xor
2,3039,764,765,10,not_b
2,3040,2124,2125,8,not_or
2,3041,3498,3499,5,b
2,3042,5076,5077,2,not_implies
2,3043,2399,2400,8,not_or
2,3044,2790,2791,13,implies
2,3045,5571,5572,10,not_b
2,3046,4546,4547,3,a
2,3047,3295,3296,2,not_implies
2,3048,366,367,8,not_or
2,3049,248,249,3,a
2,3050,2738,2739,12,not_a
2,3051,4498,4499,3,a
2,3052,3351,3352,10,not_b
2,3053,238,239,13,implies
2,3054,4782,4783,6,xor
2,3055,2979,2980,11,implied_by
2,3056,3311,3312,10,not_b
2,3057,3024,3025,3,a
2,3058,1676,1677,5,b
2,3059,3270,3271,3,a
2,3060,2699,2700,1,and
2,3061,3432,3433,5,b
2,3062,4458,4459,4,not_implied_by
2,3063,3590,3591,12,not_a
2,3064,2337,2338,3,a
2,3065,302,303,8,not_or
2,3066,4821,4822,13,implies
2,3067,4323,4324,4,not_implied_by
2,3068,4063,4064,9,not_xor
2,3069,3503,3504,9,not_xor
2,3070,2907,2908,3,a
2,3071,2930,2931,5,b
2,3072,1213,1214,14,not_and
2,3073,5708,5709,9,not_xor
2,3074,1323,1324,9,not_xor
2,3075,1433,1434,5,b
2,3076,3622,3623,2,not_implies
2,3077,5172,5173,3,a
2,3078,1024,1025,13,implies
2,3079,1341,1342,3,a
2,3080,1395,1396,2,not_implies
2,3081,5971,5972,7,or
2,3082,5808,5809,3,a
2,3083,3691,3692,10,not_b
2,3084,1713,1714,10,not_b
2,3085,3580,3581,3,a
2,3086,489,490,12,not_a
2,3087,4330,4331,3,a
2,3088,3524,3525,6,xor
2,3089,5903,5904,2,not_implies
2,3090,5641,5642,12,not_a
2,3091,4535,4536,6,xor
2,3092,3420,3421,10,not_b
2,3093,2290,2291,5,b
2,3094,3141,3142,4,not_implied_by
2,3095,4667,4668,3,a
2,3096,530,531,9,not_xor
2,3097,1354,1355,7,or
2,3098,563,564,8,not_or
2,3099,922,923,12,not_a
2,3100,1183,1184,3,a
2,3101,1072,1073,8,not_or
2,3102,2222,2223,1,and
2,3103,5854,5855,10,not_b
2,3104,5126,5127,6,xor
2,3105,160,161,13,implies
2,3106,534,535,0,zero
2,3107,254,255,13,implies
2,3108,952,953,13,implies
2,3109,4921,4922,9,not_xor
2,3110,3360,3361,8,not_or
2,3111,691,692,8,not_or
2,3112,153,154,12,not_a
2,3113,5932,5933,9,not_xor
2,3114,3533,3534,10,not_b
2,3115,4036,4037,6,xor
2,3116,348,349,8,not_or
2,3117,2595,2596,9,not_xor
2,3118,334,335,8,not_or
2,3119,4710,4711,13,implies
2,3120,4786,4787,9,not_xor
2,3121,3563,3564,15,one
2,3122,4419,4420,12,not_a
2,3123,1379,1380,3,a
2,3124,2200,2201,3,a
2,3125,5841,5842,1,and
2,3126,182,183,6,xor
2,3127,3899,3900,12,not_a
2,3128,2070,2071,9,not_xor
2,3129,4079,4080,3,a
2,3130,3451,3452,1,and
2,3131,2288,2289,9,not_xor
2,3132,2417,2418,8,not_or
2,3133,1027,1028,14,not_and
2,3134,1951,1952,10,not_b
2,3135,1311,1312,6,xor
2,3136,4335,4336,4,not_implied_by
2,3137,5743,5744,9,not_xor
2,3138,3967,3968,13,implies
2,3139,2472,2473,5,b
2,3140,186,187,3,a
2,3141,5707,5708,10,not_b
2,3142,5738,5739,5,b
2,3143,4547,4548,13,implies
2,3144,4936,4937,3,a
2,3145,981,982,1,and
2,3146,2545,2546,14,not_and
2,3147,5986,5987,1,and
2,3148,5997,5998,10,not_b
2,3149,4792,4793,6,xor
2,3150,5892,5893,13,implies
2,3151,5941,5942,5,b
2,3152,5850,5851,6,xor
2,3153,5084,5085,9,not_xor
2,3154,5861,5862,9,not_xor
2,3155,584,585,1,and
2,3156,2310,2311,10,not_b
2,3157,5799,5800,12,not_a
2,3158,2944,2945,3,a
2,3159,195,196,6,xor
2,3160,5978,5979,10,not_b
2,3161,4459,4460,2,not_implies
2,3162,4223,4224,9,not_xor
2,3163,4860,4861,3,a
2,3164,5226,5227,12,not_a
2,3165,850,851,5,b
2,3166,3687,3688,3,a
2,3167,5614,5615,9,not_xor
2,3168,4726,4727,1,and
2,3169,3094,3095,10,not_b
2,3170,1141,1142,5,b
2,3171,2492,2493,8,not_or
2,3172,2616,2617,9,not_xor
2,3173,5065,5066,12,not_a
2,3174,2842,2843,2,not_implies
2,3175,1987,1988,5,b
2,3176,4365,4366,9,not_xor
2,3177,2726,2727,10,not_b
2,3178,5646,5647,7,or
2,3179,5567,5568,1,and
2,3180,2902,2903,12,not_a
2,3181,5419,5420,12,not_a
2,3182,860,861,12,not_a
2,3183,4197,4198,5,b
2,3184,1779,1780,9,not_xor
2,3185,1131,1132,6,xor
2,3186,4999,5000,8,not_or
2,3187,4056,4057,6,xor
2,3188,5559,5560,3,a
2,3189,5271,5272,6,xor
2,3190,892,893,9,not_xor
2,3191,320,321,9,not_xor
2,3192,1036,1037,15,one
2,3193,4778,4779,13,implies
2,3194,5949,5950,5,b
2,3195,108,109,3,a
2,3196,2554,2555,12,not_a
2,3197,216,217,5,b
2,3198,5280,5281,12,not_a
2,3199,5973,5974,6,xor
2,3200,2614,2615,1,and
2,3201,4762,4763,6,xor
2,3202,3506,3507,14,not_and
2,3203,4405,4406,4,not_implied_by
2,3204,1691,1692,6,xor
2,3205,2504,2505,6,xor
2,3206,2888,2889,10,not_b
2,3207,2931,2932,3,a
2,3208,458,459,4,not_implied_by
2,3209,116,117,6,xor
2,3210,601,602,5,b
2,3211,1221,1222,3,a
2,3212,1751,1752,2,not_implies
2,3213,2260,2261,3,a
2,3214,4858,4859,5,b
2,3215,3072,3073,4,not_implied_by
2,3216,890,891,6,xor
2,3217,5961,5962,10,not_b
2,3218,3767,3768,6,xor
2,3219,3368,3369,8,not_or
2,3220,1020,1021,3,a
2,3221,3345,3346,4,not_implied_by
2,3222,3812,3813,13,implies
2,3223,3996,3997,8,not_or
2,3224,2884,2885,1,and
2,3225,4686,4687,9,not_xor
2,3226,3051,3052,7,or
2,3227,1383,1384,1,and
2,3228,2764,2765,12,not_a
2,3229,5153,5154,13,implies
2,3230,484,485,5,b
2,3231,597,598,11,implied_by
2,3232,5895,5896,9,not_xor
2,3233,1738,1739,4,not_implied_by
2,3234,325,326,10,not_b
2,3235,1276,1277,5,b
2,3236,4146,4147,4,not_implied_by
2,3237,4032,4033,11,implied_by
2,3238,4232,4233,10,not_b
2,3239,279,280,3,a
2,3240,928,929,5,b
2,3241,1061,1062,9,not_xor
2,3242,4288,4289,4,not_implied_by
2,3243,5293,5294,12,not_a
2,3244,1827,1828,2,not_implies
2,3245,3906,3907,5,b
2,3246,3415,3416,3,a
2,3247,5004,5005,9,not_xor
2,3248,4874,4875,3,a
2,3249,4334,4335,3,a
2,3250,2206,2207,5,b
2,3251,1669,1670,12,not_a
2,3252,2412,2413,4,not_implied_by
2,3253,5359,5360,8,not_or
2,3254,5845,5846,2,not_implies
2,3255,5360,5361,2,not_implies
2,3256,1941,1942,6,xor
2,3257,3970,3971,12,not_a
2,3258,3398,3399,3,a
2,3259,1900,1901,3,a
2,3260,4377,4378,4,not_implied_by
2,3261,762,763,10,not_b
2,3262,2388,2389,10,not_b
2,3263,780,781,5,b
2,3264,5828,5829,0,zero
2,3265,1148,1149,10,not_b
2,3266,2055,2056,12,not_a
2,3267,2335,2336,14,not_and
2,3268,2126,2127,10,not_b
2,3269,5010,5011,8,not_or
2,3270,620,621,12,not_a
2,3271,2940,2941,8,not_or
2,3272,1069,1070,11,implied_by
2,3273,4282,4283,2,not_implies
2,3274,5148,5149,10,not_b
2,3275,3454,3455,6,xor
2,3276,2605,2606,1,and
2,3277,1888,1889,14,not_and
2,3278,820,821,3,a
2,3279,5575,5576,10,not_b
2,3280,2780,2781,5,b
2,3281,4301,4302,12,not_a
2,3282,2297,2298,8,not_or
2,3283,3706,3707,2,not_implies
2,3284,4457,4458,9,not_xor
2,3285,2685,2686,12,not_a
2,3286,5095,5096,10,not_b
2,3287,4358,4359,9,not_xor
2,3288,4518,4519,8,not_or
2,3289,5129,5130,3,a
2,3290,3991,3992,6,xor
2,3291,792,793,1,and
2,3292,756,757,8,not_or
2,3293,720,721,12,not_a
2,3294,175,176,3,a
2,3295,808,809,14,not_and
2,3296,5678,5679,3,a
2,3297,5950,5951,0,zero
2,3298,5392,5393,8,not_or
2,3299,2248,2249,9,not_xor
2,3300,190,191,6,xor
2,3301,4538,4539,10,not_b
2,3302,2340,2341,10,not_b
2,3303,3601,3602,13,implies
2,3304,4366,4367,5,b
2,3305,1370,1371,3,a
2,3306,3425,3426,6,xor
2,3307,2100,2101,10,not_b
2,3308,2064,2065,5,b
2,3309,1931,1932,9,not_xor
2,3310,2909,2910,9,not_xor
2,3311,4345,4346,2,not_implies
2,3312,876,877,4,not_implied_by
2,3313,3556,3557,12,not_a
2,3314,2539,2540,10,not_b
2,3315,5430,5431,8,not_or
2,3316,4474,4475,7,or
2,3317,4540,4541,10,not_b
2,3318,786,787,6,xor
2,3319,3679,3680,7,or
2,3320,3331,3332,9,not_xor
2,3321,4384,4385,11,implied_by
2,3322,978,979,2,not_implies
2,3323,2816,2817,8,not_or
2,3324,4867,4868,10,not_b
2,3325,4519,4520,10,not_b
2,3326,3393,3394,11,implied_by
2,3327,619,620,11,implied_by
2,3328,2052,2053,9,not_xor
2,3329,2880,2881,14,not_and
2,3330,2228,2229,8,not_or
2,3331,1925,1926,12,not_a
2,3332,2849,2850,2,not_implies
2,3333,145,146,5,b
2,3334,3429,3430,12,not_a
2,3335,2702,2703,8,not_or
2,3336,3821,3822,3,a
2,3337,3896,3897,3,a
2,3338,4618,4619,10,not_b
2,3339,1040,1041,8,not_or
2,3340,689,690,8,not_or
2,3341,5742,5743,1,and
2,3342,3928,3929,14,not_and
2,3343,428,429,1,and
2,3344,3864,3865,13,implies
2,3345,1914,1915,3,a
2,3346,3336,3337,1,and
2,3347,5893,5894,2,not_implies
2,3348,5248,5249,5,b
2,3349,5410,5411,12,not_a
2,3350,4261,4262,12,not_a
2,3351,969,970,11,implied_by
2,3352,5558,5559,3,a
2,3353,1959,1960,2,not_implies
2,3354,2023,2024,4,not_implied_by
2,3355,189,190,12,not_a
2,3356,321,322,7,or
2,3357,5286,5287,8,not_or
2,3358,4704,4705,7,or
2,3359,4409,4410,10,not_b
2,3360,3397,3398,5,b
2,3361,1671,1672,3,a
2,3362,4836,4837,4,not_implied_by
2,3363,2604,2605,4,not_implied_by
2,3364,1508,1509,14,not_and
2,3365,2408,2409,10,not_b
2,3366,221,222,10,not_b
2,3367,4117,4118,1,and
2,3368,2847,2848,6,xor
2,3369,2885,2886,2,not_implies
2,3370,3391,3392,3,a
2,3371,591,592,6,xor
2,3372,5812,5813,9,not_xor
2,3373,4831,4832,3,a
2,3374,5468,5469,4,not_implied_by
2,3375,1571,1572,5,b
2,3376,5527,5528,4,not_implied_by
2,3377,5032,5033,4,not_implied_by
2,3378,1867,1868,2,not_implies
2,3379,5816,5817,6,xor
2,3380,514,515,2,not_implies
2,3381,1798,1799,5,b
2,3382,661,662,9,not_xor
2,3383,3236,3237,12,not_a
2,3384,3754,3755,2,not_implies
2,3385,1113,1114,9,not_xor
2,3386,5528,5529,9,not_xor
2,3387,2474,2475,10,not_b
2,3388,2662,2663,10,not_b
2,3389,5763,5764,1,and
2,3390,5003,5004,2,not_implies
2,3391,40,41,1,and
2,3392,3867,3868,11,implied_by
2,3393,2583,2584,5,b
2,3394,5754,5755,7,or
2,3395,381,382,6,xor
2,3396,2960,2961,12,not_a
2,3397,823,824,10,not_b
2,3398,5441,5442,13,implies
2,3399,4901,4902,5,b
2,3400,2231,2232,12,not_a
2,3401,5773,5774,13,implies
2,3402,319,320,14,not_and
2,3403,5070,5071,3,a
2,3404,3285,3286,8,not_or
2,3405,4332,4333,12,not_a
2,3406,2528,2529,9,not_xor
2,3407,4137,4138,8,not_or
2,3408,2156,2157,10,not_b
2,3409,2395,2396,10,not_b
2,3410,776,777,6,xor
2,3411,3584,3585,9,not_xor
2,3412,512,513,13,implies
2,3413,1267,1268,0,zero
2,3414,2861,2862,8,not_or
2,3415,752,753,9,not_xor
2,3416,5337,5338,5,b
2,3417,1143,1144,0,zero
2,3418,2919,2920,6,xor
2,3419,3688,3689,4,not_implied_by
2,3420,200,201,9,not_xor
2,3421,1709,1710,9,not_xor
2,3422,2893,2894,5,b
2,3423,2061,2062,10,not_b
2,3424,3988,3989,1,and
2,3425,5870,5871,6,xor
2,3426,5297,5298,10,not_b
2,3427,4264,4265,5,b
2,3428,3156,3157,3,a
2,3429,3872,3873,3,a
2,3430,3234,3235,3,a
2,3431,3354,3355,5,b
2,3432,198,199,2,not_implies
2,3433,3969,3970,11,implied_by
2,3434,4992,4993,12,not_a
2,3435,14,15,11,implied_by
2,3436,4289,4290,13,implies
2,3437,3954,3955,11,implied_by
2,3438,5935,5936,2,not_implies
2,3439,4488,4489,9,not_xor
2,3440,1225,1226,4,not_implied_by
2,3441,1507,1508,14,not_and
2,3442,1663,1664,3,a
2,3443,796,797,12,not_a
2,3444,2076,2077,6,xor
2,3445,1056,1057,2,not_implies
2,3446,1414,1415,12,not_a
2,3447,1681,1682,9,not_xor
2,3448,3686,3687,5,b
2,3449,4124,4125,9,not_xor
2,3450,5469,5470,3,a
2,3451,5902,5903,12,not_a
2,3452,2566,2567,5,b
2,3453,4759,4760,4,not_implied_by
2,3454,5235,5236,14,not_and
2,3455,3321,3322,2,not_implies
2,3456,2199,2200,5,b
2,3457,3374,3375,4,not_implied_by
2,3458,495,496,2,not_implies
2,3459,3091,3092,3,a
2,3460,4922,4923,5,b
2,3461,464,465,7,or
2,3462,1747,1748,3,a
2,3463,5916,5917,3,a
2,3464,4495,4496,3,a
2,3465,4549,4550,6,xor
2,3466,3537,3538,6,xor
2,3467,2542,2543,5,b
2,3468,1877,1878,1,and
2,3469,1017,1018,4,not_implied_by
2,3470,3698,3699,3,a
2,3471,1255,1256,5,b
2,3472,5805,5806,12,not_a
2,3473,3825,3826,11,implied_by
2,3474,2300,2301,4,not_implied_by
2,3475,2712,2713,5,b
2,3476,2590,2591,8,not_or
2,3477,1532,1533,5,b
2,3478,4630,4631,11,implied_by
2,3479,5510,5511,1,and
2,3480,5832,5833,3,a
2,3481,583,584,3,a
2,3482,4052,4053,5,b
2,3483,5071,5072,11,implied_by
2,3484,1239,1240,12,not_a
2,3485,2826,2827,5,b
2,3486,1438,1439,12,not_a
2,3487,3919,3920,13,implies
2,3488,1212,1213,10,not_b
2,3489,5703,5704,8,not_or
2,3490,5972,5973,1,and
2,3491,5188,5189,9,not_xor
2,3492,3800,3801,5,b
2,3493,5315,5316,9,not_xor
2,3494,3619,3620,1,and
2,3495,676,677,5,b
2,3496,267,268,8,not_or
2,3497,1376,1377,10,not_b
2,3498,3947,3948,5,b
2,3499,925,926,5,b
2,3500,5907,5908,3,a
2,3501,2727,2728,2,not_implies
2,3502,887,888,8,not_or
2,3503,1577,1578,10,not_b
2,3504,5616,5617,11,implied_by
2,3505,5027,5028,8,not_or
2,3506,3925,3926,10,not_b
2,3507,2493,2494,12,not_a
2,3508,1684,1685,12,not_a
2,3509,4814,4815,7,or
2,3510,4047,4048,11,implied_by
2,3511,4480,4481,10,not_b
2,3512,5351,5352,5,b
2,3513,2939,2940,14,not_and
2,3514,4928,4929,9,not_xor
2,3515,1346,1347,8,not_or
2,3516,1660,1661,0,zero
2,3517,4207,4208,6,xor
2,3518,5121,5122,4,not_implied_by
2,3519,1429,1430,1,and
2,3520,1108,1109,9,not_xor
2,3521,867,868,4,not_implied_by
2,3522,4287,4288,10,not_b
2,3523,2187,2188,2,not_implies
2,3524,2634,2635,3,a
2,3525,1590,1591,5,b
2,3526,1759,1760,8,not_or
2,3527,5406,5407,1,and
2,3528,5358,5359,11,implied_by
2,3529,2671,2672,11,implied_by
2,3530,891,892,12,not_a
2,3531,4370,4371,1,and
2,3532,3491,3492,8,not_or
2,3533,2357,2358,5,b
2,3534,3659,3660,2,not_implies
2,3535,177,178,4,not_implied_by
2,3536,5946,5947,9,not_xor
2,3537,803,804,13,implies
2,3538,3201,3202,7,or
2,3539,1531,1532,12,not_a
2,3540,3369,3370,12,not_a
2,3541,4610,4611,2,not_implies
2,3542,4977,4978,11,implied_by
2,3543,2238,2239,5,b
2,3544,436,437,9,not_xor
2,3545,5538,5539,5,b
2,3546,3299,3300,3,a
2,3547,3115,3116,13,implies
2,3548,2152,2153,10,not_b
2,3549,5992,5993,3,a
2,3550,4787,4788,12,not_a
2,3551,3862,3863,11,implied_by
2,3552,5751,5752,2,not_implies
2,3553,522,523,6,xor
2,3554,4251,4252,10,not_b
2,3555,137,138,2,not_implies
2,3556,5019,5020,2,not_implies
2,3557,5345,5346,1,and
2,3558,3034,3035,15,one
2,3559,3055,3056,1,and
2,3560,5094,5095,12,not_a
2,3561,13,14,12,not_a
2,3562,1159,1160,13,implies
2,3563,2990,2991,3,a
2,3564,3120,3121,11,implied_by
2,3565,5974,5975,9,not_xor
2,3566,3878,3879,2,not_implies
2,3567,5348,5349,13,implies
2,3568,1080,1081,10,not_b
2,3569,1465,1466,1,and
2,3570,794,795,11,implied_by
2,3571,333,334,10,not_b
2,3572,4026,4027,4,not_implied_by
2,3573,5024,5025,1,and
2,3574,2688,2689,9,not_xor
2,3575,4784,4785,7,or
2,3576,350,351,9,not_xor
2,3577,3817,3818,12,not_a
2,3578,3066,3067,11,implied_by
2,3579,728,729,6,xor
2,3580,4418,4419,12,not_a
2,3581,3704,3705,6,xor
2,3582,1442,1443,9,not_xor
2,3583,4554,4555,1,and
2,3584,1622,1623,13,implies
2,3585,848,849,12,not_a
2,3586,4018,4019,10,not_b
2,3587,723,724,13,implies
2,3588,5264,5265,6,xor
2,3589,3774,3775,2,not_implies
2,3590,4758,4759,10,not_b
2,3591,2672,2673,9,not_xor
2,3592,3544,3545,3,a
2,3593,110,111,4,not_implied_by
2,3594,3102,3103,8,not_or
2,3595,3015,3016,6,xor
2,3596,5382,5383,2,not_implies
2,3597,2635,2636,4,not_implied_by
2,3598,2302,2303,9,not_xor
2,3599,5775,5776,14,not_and
2,3600,671,672,6,xor
2,3601,4126,4127,13,implies
2,3602,968,969,14,not_and
2,3603,2785,2786,6,xor
2,3604,4174,4175,10,not_b
2,3605,4473,4474,11,implied_by
2,3606,4203,4204,2,not_implies
2,3607,2918,2919,15,one
2,3608,4313,4314,3,a
2,3609,2862,2863,4,not_implied_by
2,3610,2531,2532,10,not_b
2,3611,5721,5722,5,b
2,3612,519,520,1,and
2,3613,4187,4188,7,or
2,3614,5281,5282,5,b
2,3615,4553,4554,3,a
2,3616,2903,2904,3,a
2,3617,3949,3950,9,not_xor
2,3618,1824,1825,6,xor
2,3619,3820,3821,3,a
2,3620,1205,1206,6,xor
2,3621,1437,1438,14,not_and
2,3622,2353,2354,9,not_xor
2,3623,5190,5191,10,not_b
2,3624,3682,3683,5,b
2,3625,1894,1895,11,implied_by
2,3626,5378,5379,5,b
2,3627,1472,1473,8,not_or
2,3628,3766,3767,7,or
2,3629,4341,4342,2,not_implies
2,3630,4775,4776,0,zero
2,3631,580,581,9,not_xor
2,3632,4818,4819,11,implied_by
2,3633,5629,5630,11,implied_by
2,3634,4989,4990,6,xor
2,3635,3264,3265,14,not_and
2,3636,3426,3427,9,not_xor
2,3637,5537,5538,3,a
2,3638,575,576,6,xor
2,3639,402,403,6,xor
2,3640,4878,4879,12,not_a
2,3641,3893,3894,11,implied_by
2,3642,497,498,6,xor
2,3643,810,811,6,xor
2,3644,2994,2995,2,not_implies
2,3645,1456,1457,12,not_a
2,3646,5562,5563,5,b
2,3647,5989,5990,12,not_a
2,3648,2176,2177,2,not_implies
2,3649,1707,1708,15,one
2,3650,1574,1575,10,not_b
2,3651,976,977,13,implies
2,3652,3352,3353,7,or
2,3653,4017,4018,9,not_xor
2,3654,5954,5955,6,xor
2,3655,2966,2967,13,implies
2,3656,5787,5788,10,not_b
2,3657,2980,2981,2,not_implies
2,3658,847,848,8,not_or
2,3659,1517,1518,6,xor
2,3660,3132,3133,6,xor
2,3661,5829,5830,6,xor
2,3662,630,631,2,not_implies
2,3663,1783,1784,6,xor
2,3664,1579,1580,14,not_and
2,3665,668,669,12,not_a
2,3666,3934,3935,12,not_a
2,3667,4268,4269,11,implied_by
2,3668,1449,1450,6,xor
2,3669,2326,2327,6,xor
2,3670,232,233,11,implied_by
2,3671,3937,3938,11,implied_by
2,3672,4104,4105,15,one
2,3673,1755,1756,14,not_and
2,3674,2142,2143,13,implies
2,3675,2943,2944,14,not_and
2,3676,2750,2751,4,not_implied_by
2,3677,4752,4753,11,implied_by
2,3678,477,478,14,not_and
2,3679,86,87,11,implied_by
2,3680,5872,5873,3,a
2,3681,1189,1190,6,xor
2,3682,5709,5710,15,one
2,3683,245,246,9,not_xor
2,3684,3479,3480,1,and
2,3685,2651,2652,12,not_a
2,3686,1000,1001,10,not_b
2,3687,1231,1232,8,not_or
2,3688,2416,2417,1,and
2,3689,103,104,3,a
2,3690,4143,4144,9,not_xor
2,3691,4160,4161,10,not_b
2,3692,1206,1207,6,xor
2,3693,5786,5787,1,and
2,3694,1237,1238,14,not_and
2,3695,4544,4545,3,a
2,3696,3741,3742,5,b
2,3697,5279,5280,13,implies
2,3698,4632,4633,5,b
2,3699,2709,2710,9,not_xor
2,3700,167,168,12,not_a
2,3701,5349,5350,9,not_xor
2,3702,1290,1291,9,not_xor
2,3703,1123,1124,11,implied_by
2,3704,1309,1310,9,not_xor
2,3705,4259,4260,11,implied_by
2,3706,4715,4716,14,not_and
2,3707,4417,4418,5,b
2,3708,2348,2349,6,xor
2,3709,273,274,1,and
2,3710,3680,3681,13,implies
2,3711,3517,3518,7,or
2,3712,3290,3291,9,not_xor
2,3713,1343,1344,2,not_implies
2,3714,275,276,5,b
2,3715,4857,4858,10,not_b
2,3716,1996,1997,5,b
2,3717,2428,2429,10,not_b
2,3718,28,29,7,or
2,3719,1973,1974,1,and
2,3720,3518,3519,9,not_xor
2,3721,834,835,1,and
2,3722,1797,1798,11,implied_by
2,3723,311,312,13,implies
2,3724,3220,3221,11,implied_by
2,3725,2009,2010,12,not_a
2,3726,814,815,13,implies
2,3727,5195,5196,5,b
2,3728,5102,5103,5,b
2,3729,1098,1099,2,not_implies
2,3730,2130,2131,3,a
2,3731,4506,4507,9,not_xor
2,3732,3179,3180,10,not_b
2,3733,4416,4417,3,a
2,3734,441,442,5,b
2,3735,2642,2643,8,not_or
2,3736,5299,5300,9,not_xor
2,3737,399,400,8,not_or
2,3738,3392,3393,3,a
2,3739,229,230,3,a
2,3740,3711,3712,11,implied_by
2,3741,986,987,12,not_a
2,3742,2777,2778,2,not_implies
2,3743,3858,3859,5,b
2,3744,884,885,7,or
2,3745,2352,2353,5,b
2,3746,4557,4558,12,not_a
2,3747,4917,4918,6,xor
2,3748,3667,3668,9,not_xor
2,3749,1665,1666,12,not_a
2,3750,5881,5882,10,not_b
2,3751,297,298,3,a
2,3752,3212,3213,6,xor
2,3753,117,118,12,not_a
2,3754,4530,4531,2,not_implies
2,3755,744,745,5,b
2,3756,2028,2029,15,one
2,3757,434,435,5,b
2,3758,5727,5728,5,b
2,3759,571,572,10,not_b
2,3760,4864,4865,15,one
2,3761,1294,1295,9,not_xor
2,3762,4916,4917,6,xor
2,3763,5399,5400,13,implies
2,3764,4337,4338,6,xor
2,3765,1447,1448,7,or
2,3766,1884,1885,3,a
2,3767,2765,2766,5,b
2,3768,4738,4739,10,not_b
2,3769,4030,4031,10,not_b
2,3770,5364,5365,0,zero
2,3771,5716,5717,6,xor
2,3772,3235,3236,15,one
2,3773,768,769,11,implied_by
2,3774,5266,5267,7,or
2,3775,3221,3222,12,not_a
2,3776,657,658,3,a
2,3777,459,460,12,not_a
2,3778,3669,3670,9,not_xor
2,3779,3472,3473,6,xor
2,3780,5417,5418,14,not_and
2,3781,1905,1906,7,or
2,3782,5853,5854,14,not_and
2,3783,4043,4044,4,not_implied_by
2,3784,4252,4253,7,or
2,3785,5573,5574,10,not_b
2,3786,5706,5707,6,xor
2,3787,5530,5531,0,zero
2,3788,3744,3745,11,implied_by
2,3789,4777,4778,10,not_b
2,3790,326,327,6,xor
2,3791,5098,5099,9,not_xor
2,3792,4367,4368,15,one
2,3793,2332,2333,3,a
2,3794,215,216,9,not_xor
2,3795,3252,3253,6,xor
2,3796,838,839,3,a
2,3797,1454,1455,9,not_xor
2,3798,4088,4089,12,not_a
2,3799,3569,3570,0,zero
2,3800,1423,1424,10,not_b
2,3801,4210,4211,9,not_xor
2,3802,6,7,14,not_and
2,3803,1552,1553,8,not_or
2,3804,1505,1506,6,xor
2,3805,4449,4450,7,or
2,3806,4382,4383,9,not_xor
2,3807,78,79,11,implied_by
2,3808,4919,4920,9,not_xor
2,3809,3585,3586,12,not_a
2,3810,1005,1006,12,not_a
2,3811,4593,4594,9,not_xor
2,3812,5465,5466,14,not_and
2,3813,2354,2355,9,not_xor
2,3814,5800,5801,3,a
2,3815,3804,3805,9,not_xor
2,3816,284,285,3,a
2,3817,4378,4379,12,not_a
2,3818,5836,5837,6,xor
2,3819,90,91,6,xor
2,3820,911,912,6,xor
2,3821,4148,4149,12,not_a
2,3822,3452,3453,5,b
2,3823,5086,5087,9,not_xor
2,3824,3828,3829,4,not_implied_by
2,3825,4010,4011,6,xor
2,3826,1533,1534,14,not_and
2,3827,3383,3384,3,a
2,3828,5644,5645,4,not_implied_by
2,3829,1124,1125,13,implies
2,3830,3019,3020,6,xor
2,3831,1424,1425,9,not_xor
2,3832,5642,5643,5,b
2,3833,4912,4913,5,b
2,3834,3806,3807,0,zero
2,3835,5083,5084,3,a
2,3836,5960,5961,6,xor
2,3837,5574,5575,12,not_a
2,3838,3916,3917,14,not_and
2,3839,1167,1168,9,not_xor
2,3840,462,463,10,not_b
2,3841,4229,4230,10,not_b
2,3842,2645,2646,10,not_b
2,3843,2858,2859,6,xor
2,3844,2923,2924,11,implied_by
2,3845,1722,1723,7,or
2,3846,1793,1794,9,not_xor
2,3847,3587,3588,6,xor
2,3848,759,760,13,implies
2,3849,1804,1805,10,not_b
2,3850,5589,5590,3,a
2,3851,1361,1362,8,not_or
2,3852,3480,3481,10,not_b
2,3853,1025,1026,5,b
2,3854,37,38,5,b
2,3855,1082,1083,13,implies
2,3856,77,78,13,implies
2,3857,5316,5317,6,xor
2,3858,4309,4310,15,one
2,3859,5711,5712,12,not_a
2,3860,3809,3810,5,b
2,3861,4591,4592,7,or
2,3862,355,356,1,and
2,3863,5075,5076,9,not_xor
2,3864,4375,4376,0,zero
2,3865,122,123,7,or
2,3866,3983,3984,10,not_b
2,3867,4369,4370,6,xor
2,3868,5976,5977,12,not_a
2,3869,5915,5916,6,xor
2,3870,1585,1586,10,not_b
2,3871,2092,2093,5,b
2,3872,5609,5610,14,not_and
2,3873,3183,3184,11,implied_by
2,3874,1071,1072,5,b
2,3875,4177,4178,6,xor
2,3876,2822,2823,6,xor
2,3877,2735,2736,5,b
2,3878,5499,5500,12,not_a
2,3879,1485,1486,7,or
2,3880,5506,5507,6,xor
2,3881,1105,1106,2,not_implies
2,3882,5434,5435,9,not_xor
2,3883,2517,2518,14,not_and
2,3884,751,752,11,implied_by
2,3885,3063,3064,13,implies
2,3886,3592,3593,9,not_xor
2,3887,5501,5502,13,implies
2,3888,3149,3150,5,b
2,3889,4904,4905,7,or
2,3890,1878,1879,4,not_implied_by
2,3891,4308,4309,13,implies
2,3892,4695,4696,3,a
2,3893,1901,1902,3,a
2,3894,98,99,3,a
2,3895,3035,3036,14,not_and
2,3896,5362,5363,12,not_a
2,3897,4173,4174,11,implied_by
2,3898,2630,2631,11,implied_by
2,3899,1948,1949,6,xor
2,3900,556,557,15,one
2,3901,2136,2137,11,implied_by
2,3902,5401,5402,15,one
2,3903,1582,1583,14,not_and
2,3904,685,686,13,implies
2,3905,1886,1887,13,implies
2,3906,3192,3193,6,xor
2,3907,4297,4298,6,xor
2,3908,56,57,5,b
2,3909,4014,4015,13,implies
2,3910,5036,5037,12,not_a
2,3911,1808,1809,4,not_implied_by
2,3912,4037,4038,5,b
2,3913,3075,3076,6,xor
2,3914,5370,5371,5,b
2,3915,3013,3014,1,and
2,3916,5322,5323,5,b
2,3917,5014,5015,12,not_a
2,3918,4073,4074,11,implied_by
2,3919,1976,1977,9,not_xor
2,3920,443,444,6,xor
2,3921,2804,2805,13,implies
2,3922,2413,2414,14,not_and
2,3923,4728,4729,12,not_a
2,3924,5458,5459,5,b
2,3925,3681,3682,6,xor
2,3926,4974,4975,2,not_implies
2,3927,3793,3794,14,not_and
2,3928,4910,4911,10,not_b
2,3929,1292,1293,1,and
2,3930,1805,1806,6,xor
2,3931,1876,1877,1,and
2,3932,4281,4282,11,implied_by
2,3933,1094,1095,6,xor
2,3934,2965,2966,15,one
2,3935,4262,4263,3,a
2,3936,5135,5136,14,not_and
2,3937,2850,2851,3,a
2,3938,3683,3684,14,not_and
2,3939,1685,1686,12,not_a
2,3940,2489,2490,7,or
2,3941,4935,4936,3,a
2,3942,65,66,14,not_and
2,3943,906,907,3,a
2,3944,1871,1872,9,not_xor
2,3945,3459,3460,5,b
2,3946,913,914,2,not_implies
2,3947,836,837,3,a
2,3948,3645,3646,4,not_implied_by
2,3949,1459,1460,8,not_or
2,3950,3370,3371,0,zero
2,3951,1852,1853,1,and
2,3952,420,421,6,xor
2,3953,3694,3695,15,one
2,3954,2970,2971,14,not_and
2,3955,5683,5684,9,not_xor
2,3956,1386,1387,12,not_a
2,3957,2318,2319,4,not_implied_by
2,3958,201,202,10,not_b
2,3959,1257,1258,7,or
2,3960,1332,1333,3,a
2,3961,3485,3486,6,xor
2,3962,4258,4259,3,a
2,3963,5112,5113,9,not_xor
2,3964,670,671,3,a
2,3965,2164,2165,9,not_xor
2,3966,854,855,10,not_b
2,3967,4952,4953,1,and
2,3968,295,296,12,not_a
2,3969,2693,2694,5,b
2,3970,4915,4916,3,a
2,3971,1478,1479,9,not_xor
2,3972,3637,3638,9,not_xor
2,3973,1850,1851,15,one
2,3974,340,341,12,not_a
2,3975,4153,4154,13,implies
2,3976,4608,4609,11,implied_by
2,3977,310,311,8,not_or
2,3978,1096,1097,9,not_xor
2,3979,2293,2294,2,not_implies
2,3980,2787,2788,12,not_a
2,3981,3037,3038,15,one
2,3982,5471,5472,13,implies
2,3983,4706,4707,6,xor
2,3984,5963,5964,10,not_b
2,3985,1224,1225,0,zero
2,3986,2821,2822,6,xor
2,3987,5871,5872,5,b
2,3988,4655,4656,12,not_a
2,3989,639,640,10,not_b
2,3990,1049,1050,3,a
2,3991,5162,5163,2,not_implies
2,3992,4950,4951,10,not_b
2,3993,1677,1678,9,not_xor
2,3994,224,225,11,implied_by
2,3995,1795,1796,3,a
2,3996,1728,1729,6,xor
2,3997,172,173,12,not_a
2,3998,686,687,4,not_implied_by
2,3999,595,596,4,not_implied_by
2,4000,4497,4498,7,or
2,4001,4541,4542,6,xor
2,4002,4889,4890,4,not_implied_by
2,4003,3359,3360,0,zero
2,4004,1708,1709,15,one
2,4005,4768,4769,9,not_xor
2,4006,3875,3876,4,not_implied_by
2,4007,3575,3576,6,xor
2,4008,4975,4976,15,one
2,4009,2406,2407,9,not_xor
2,4010,4674,4675,12,not_a
2,4011,2030,2031,15,one
2,4012,2851,2852,5,b
2,4013,2573,2574,6,xor
2,4014,3400,3401,8,not_or
2,4015,5796,5797,14,not_and
2,4016,1569,1570,13,implies
2,4017,802,803,6,xor
2,4018,3086,3087,9,not_xor
2,4019,3604,3605,13,implies
2,4020,3471,3472,6,xor
2,4021,132,133,12,not_a
2,4022,270,271,8,not_or
2,4023,1175,1176,7,or
2,4024,4154,4155,6,xor
2,4025,4964,4965,3,a
2,4026,4243,4244,12,not_a
2,4027,389,390,5,b
2,4028,3412,3413,13,implies
2,4029,235,236,8,not_or
2,4030,4615,4616,3,a
2,4031,4351,4352,9,not_xor
2,4032,2874,2875,13,implies
2,4033,1794,1795,9,not_xor
2,4034,4672,4673,9,not_xor
2,4035,4320,4321,3,a
2,4036,779,780,9,not_xor
2,4037,3749,3750,10,not_b
2,4038,3256,3257,9,not_xor
2,4039,3159,3160,5,b
2,4040,2648,2649,6,xor
2,4041,1469,1470,10,not_b
2,4042,2002,2003,13,implies
2,4043,5113,5114,6,xor
2,4044,4987,4988,11,implied_by
2,4045,2229,2230,2,not_implies
2,4046,3272,3273,4,not_implied_by
2,4047,323,324,9,not_xor
2,4048,5145,5146,7,or
2,4049,4162,4163,13,implies
2,4050,2169,2170,9,not_xor
2,4051,1313,1314,10,not_b
2,4052,3174,3175,9,not_xor
2,4053,1458,1459,11,implied_by
2,4054,306,307,3,a
2,4055,3650,3651,8,not_or
2,4056,437,438,6,xor
2,4057,5285,5286,11,implied_by
2,4058,3177,3178,7,or
2,4059,5273,5274,3,a
2,4060,2525,2526,11,implied_by
2,4061,3920,3921,2,not_implies
2,4062,5255,5256,6,xor
2,4063,5591,5592,13,implies
2,4064,2143,2144,9,not_xor
2,4065,2211,2212,9,not_xor
2,4066,2696,2697,9,not_xor
2,4067,5455,5456,14,not_and
2,4068,1835,1836,10,not_b
2,4069,980,981,13,implies
2,4070,1842,1843,8,not_or
2,4071,2996,2997,4,not_implied_by
2,4072,5118,5119,3,a
2,4073,4649,4650,6,xor
2,4074,45,46,9,not_xor
2,4075,750,751,11,implied_by
2,4076,3275,3276,9,not_xor
2,4077,1187,1188,7,or
2,4078,5402,5403,11,implied_by
2,4079,4943,4944,12,not_a
2,4080,4389,4390,14,not_and
2,4081,2961,2962,6,xor
2,4082,1351,1352,6,xor
2,4083,3788,3789,2,not_implies
2,4084,5048,5049,11,implied_by
2,4085,3288,3289,5,b
2,4086,3110,3111,5,b
2,4087,4113,4114,14,not_and
2,4088,4947,4948,2,not_implies
2,4089,218,219,10,not_b
2,4090,2818,2819,9,not_xor
2,4091,2040,2041,6,xor
2,4092,5495,5496,7,or
2,4093,4392,4393,6,xor
2,4094,3660,3661,3,a
2,4095,5684,5685,11,implied_by
2,4096,2596,2597,9,not_xor
2,4097,1491,1492,3,a
2,4098,21,22,13,implies
2,4099,5498,5499,12,not_a
2,4100,390,391,9,not_xor
2,4101,1450,1451,7,or
2,4102,479,480,9,not_xor
2,4103,5635,5636,9,not_xor
2,4104,2185,2186,13,implies
2,4105,330,331,9,not_xor
2,4106,96,97,4,not_implied_by
2,4107,869,870,7,or
2,4108,2587,2588,9,not_xor
2,4109,4930,4931,11,implied_by
2,4110,1451,1452,0,zero
2,4111,2813,2814,8,not_or
2,4112,4433,4434,15,one
2,4113,5026,5027,7,or
2,4114,1854,1855,5,b
2,4115,863,864,10,not_b
2,4116,5489,5490,12,not_a
2,4117,3602,3603,4,not_implied_by
2,4118,73,74,11,implied_by
2,4119,1042,1043,6,xor
2,4120,5463,5464,6,xor
2,4121,4364,4365,9,not_xor
2,4122,1647,1648,3,a
2,4123,1037,1038,9,not_xor
2,4124,667,668,10,not_b
2,4125,3578,3579,5,b
2,4126,2035,2036,3,a
2,4127,3857,3858,11,implied_by
2,4128,2916,2917,11,implied_by
2,4129,4847,4848,6,xor
2,4130,5819,5820,7,or
2,4131,3923,3924,9,not_xor
2,4132,2993,2994,9,not_xor
2,4133,4008,4009,0,zero
2,4134,2615,2616,3,a
2,4135,4929,4930,9,not_xor
2,4136,4164,4165,0,zero
2,4137,4256,4257,9,not_xor
2,4138,3339,3340,5,b
2,4139,2927,2928,11,implied_by
2,4140,2682,2683,7,or
2,4141,2948,2949,8,not_or
2,4142,4107,4108,12,not_a
2,4143,4041,4042,14,not_and
2,4144,5028,5029,9,not_xor
2,4145,2422,2423,12,not_a
2,4146,5284,5285,14,not_and
2,4147,3399,3400,8,not_or
2,4148,2690,2691,10,not_b
2,4149,379,380,9,not_xor
2,4150,2679,2680,3,a
2,4151,5980,5981,9,not_xor
2,4152,3109,3110,5,b
2,4153,3353,3354,12,not_a
2,4154,1248,1249,7,or
2,4155,5597,5598,12,not_a
2,4156,3344,3345,9,not_xor
2,4157,4061,4062,12,not_a
2,4158,5655,5656,0,zero
2,4159,4808,4809,5,b
2,4160,5007,5008,15,one
2,4161,656,657,5,b
2,4162,67,68,9,not_xor
2,4163,2394,2395,1,and
2,4164,1018,1019,0,zero
2,4165,265,266,15,one
2,4166,4521,4522,15,one
2,4167,3078,3079,10,not_b
2,4168,761,762,5,b
2,4169,5704,5705,6,xor
2,4170,749,750,6,xor
2,4171,5725,5726,14,not_and
2,4172,5396,5397,8,not_or
2,4173,3642,3643,10,not_b
2,4174,118,119,9,not_xor
2,4175,2415,2416,9,not_xor
2,4176,5613,5614,1,and
2,4177,3762,3763,5,b
2,4178,525,526,7,or
2,4179,3084,3085,14,not_and
2,4180,3907,3908,2,not_implies
2,4181,4034,4035,3,a
2,4182,5983,5984,10,not_b
2,4183,446,447,9,not_xor
2,4184,3330,3331,10,not_b
2,4185,1196,1197,4,not_implied_by
2,4186,1054,1055,4,not_implied_by
2,4187,4250,4251,12,not_a
2,4188,4180,4181,11,implied_by
2,4189,2424,2425,6,xor
2,4190,791,792,10,not_b
2,4191,4734,4735,6,xor
2,4192,2889,2890,9,not_xor
2,4193,5282,5283,10,not_b
2,4194,2882,2883,6,xor
2,4195,4136,4137,9,not_xor
2,4196,1389,1390,14,not_and
2,4197,3052,3053,8,not_or
2,4198,4029,4030,6,xor
2,4199,3640,3641,6,xor
2,4200,3855,3856,2,not_implies
2,4201,1868,1869,14,not_and
2,4202,3540,3541,8,not_or
2,4203,3718,3719,11,implied_by
2,4204,5797,5798,1,and
2,4205,3016,3017,12,not_a
2,4206,3672,3673,0,zero
2,4207,5101,5102,5,b
2,4208,1979,1980,6,xor
2,4209,2655,2656,2,not_implies
2,4210,5698,5699,14,not_and
2,4211,3233,3234,11,implied_by
2,4212,2859,2860,9,not_xor
2,4213,2865,2866,10,not_b
2,4214,2978,2979,12,not_a
2,4215,2282,2283,4,not_implied_by
2,4216,4957,4958,6,xor
2,4217,813,814,1,and
2,4218,1538,1539,1,and
2,4219,4311,4312,6,xor
2,4220,1692,1693,0,zero
2,4221,3349,3350,5,b
2,4222,4890,4891,5,b
2,4223,3367,3368,2,not_implies
2,4224,4689,4690,1,and
2,4225,1095,1096,4,not_implied_by
2,4226,4616,4617,1,and
2,4227,3065,3066,9,not_xor
2,4228,985,986,4,not_implied_by
2,4229,944,945,8,not_or
2,4230,5029,5030,3,a
2,4231,3816,3817,2,not_implies
2,4232,5525,5526,1,and
2,4233,3663,3664,0,zero
2,4234,4383,4384,2,not_implies
2,4235,3733,3734,10,not_b
2,4236,883,884,12,not_a
2,4237,1381,1382,6,xor
2,4238,587,588,11,implied_by
2,4239,1385,1386,5,b
2,4240,149,150,3,a
2,4241,260,261,3,a
2,4242,2964,2965,4,not_implied_by
2,4243,2666,2667,1,and
2,4244,4028,4029,9,not_xor
2,4245,1500,1501,2,not_implies
2,4246,1305,1306,12,not_a
2,4247,1763,1764,11,implied_by
2,4248,4998,4999,9,not_xor
2,4249,1847,1848,9,not_xor
2,4250,157,158,9,not_xor
2,4251,640,641,2,not_implies
2,4252,2617,2618,8,not_or
2,4253,1016,1017,5,b
2,4254,1067,1068,7,or
2,4255,612,613,10,not_b
2,4256,5523,5524,8,not_or
2,4257,993,994,0,zero
2,4258,5776,5777,12,not_a
2,4259,2610,2611,2,not_implies
2,4260,5822,5823,9,not_xor
2,4261,5354,5355,1,and
2,4262,2745,2746,6,xor
2,4263,2895,2896,12,not_a
2,4264,2541,2542,10,not_b
2,4265,5377,5378,9,not_xor
2,4266,3701,3702,2,not_implies
2,4267,2118,2119,12,not_a
2,4268,1204,1205,0,zero
2,4269,5132,5133,5,b
2,4270,1059,1060,2,not_implies
2,4271,2836,2837,4,not_implied_by
2,4272,2549,2550,2,not_implies
2,4273,5277,5278,3,a
2,4274,4494,4495,5,b
2,4275,332,333,6,xor
2,4276,3003,3004,6,xor
2,4277,5753,5754,3,a
2,4278,4273,4274,9,not_xor
2,4279,5757,5758,5,b
2,4280,5450,5451,9,not_xor
2,4281,4155,4156,9,not_xor
2,4282,3238,3239,4,not_implied_by
2,4283,1238,1239,5,b
2,4284,3628,3629,8,not_or
2,4285,3357,3358,4,not_implied_by
2,4286,2519,2520,4,not_implied_by
2,4287,5814,5815,10,not_b
2,4288,2810,2811,8,not_or
2,4289,3564,3565,4,not_implied_by
2,4290,1388,1389,3,a
2,4291,1848,1849,3,a
2,4292,3551,3552,2,not_implies
2,4293,5817,5818,6,xor
2,4294,515,516,9,not_xor
2,4295,4898,4899,4,not_implied_by
2,4296,1032,1033,10,not_b
2,4297,1957,1958,6,xor
2,4298,830,831,4,not_implied_by
2,4299,343,344,3,a
2,4300,2271,2272,6,xor
2,4301,5944,5945,11,implied_by
2,4302,2555,2556,1,and
2,4303,4810,4811,2,not_implies
2,4304,4707,4708,10,not_b
2,4305,2272,2273,2,not_implies
2,4306,2366,2367,4,not_implied_by
2,4307,2134,2135,9,not_xor
2,4308,5767,5768,4,not_implied_by
2,4309,3843,3844,5,b
2,4310,2912,2913,8,not_or
2,4311,964,965,2,not_implies
2,4312,3457,3458,3,a
2,4313,3747,3748,4,not_implied_by
2,4314,2265,2266,4,not_implied_by
2,4315,2834,2835,6,xor
2,4316,4209,4210,3,a
2,4317,3523,3524,6,xor
2,4318,2403,2404,10,not_b
2,4319,4084,4085,9,not_xor
2,4320,5328,5329,3,a
2,4321,2324,2325,0,zero
2,4322,1618,1619,14,not_and
2,4323,4211,4212,1,and
2,4324,5513,5514,5,b
2,4325,2223,2224,6,xor
2,4326,524,525,3,a
2,4327,5237,5238,4,not_implied_by
2,4328,5389,5390,6,xor
2,4329,2731,2732,2,not_implies
2,4330,5117,5118,4,not_implied_by
2,4331,1978,1979,12,not_a
2,4332,3751,3752,8,not_or
2,4333,2577,2578,5,b
2,4334,4446,4447,8,not_or
2,4335,2977,2978,10,not_b
2,4336,549,550,9,not_xor
2,4337,4195,4196,8,not_or
2,4338,3217,3218,13,implies
2,4339,2703,2704,4,not_implied_by
2,4340,2646,2647,9,not_xor
2,4341,4871,4872,9,not_xor
2,4342,2151,2152,2,not_implies
2,4343,1903,1904,5,b
2,4344,3188,3189,0,zero
2,4345,2988,2989,12,not_a
2,4346,5452,5453,11,implied_by
2,4347,136,137,8,not_or
2,4348,3903,3904,4,not_implied_by
2,4349,3105,3106,5,b
2,4350,1896,1897,9,not_xor
2,4351,1712,1713,9,not_xor
2,4352,4357,4358,3,a
2,4353,1591,1592,8,not_or
2,4354,3638,3639,1,and
2,4355,2503,2504,5,b
2,4356,5033,5034,10,not_b
2,4357,565,566,2,not_implies
2,4358,611,612,9,not_xor
2,4359,3599,3600,4,not_implied_by
2,4360,1436,1437,0,zero
2,4361,3251,3252,9,not_xor
2,4362,1293,1294,9,not_xor
2,4363,5219,5220,13,implies
2,4364,4403,4404,9,not_xor
2,4365,2008,2009,2,not_implies
2,4366,3658,3659,4,not_implied_by
2,4367,1734,1735,4,not_implied_by
2,4368,1125,1126,9,not_xor
2,4369,4328,4329,9,not_xor
2,4370,4157,4158,10,not_b
2,4371,2807,2808,0,zero
2,4372,5700,5701,1,and
2,4373,2027,2028,6,xor
2,4374,663,664,10,not_b
2,4375,2497,2498,6,xor
2,4376,5735,5736,2,not_implies
2,4377,1724,1725,2,not_implies
2,4378,1390,1391,10,not_b
2,4379,2799,2800,12,not_a
2,4380,5490,5491,12,not_a
2,4381,146,147,10,not_b
2,4382,2823,2824,2,not_implies
2,4383,2550,2551,6,xor
2,4384,2498,2499,12,not_a
2,4385,2189,2190,14,not_and
2,4386,5324,5325,9,not_xor
2,4387,2103,2104,14,not_and
2,4388,2636,2637,1,and
2,4389,4316,4317,6,xor
2,4390,3841,3842,0,zero
2,4391,2941,2942,12,not_a
2,4392,49,50,12,not_a
2,4393,1203,1204,1,and
2,4394,1873,1874,1,and
2,4395,3416,3417,12,not_a
2,4396,648,649,0,zero
2,4397,2975,2976,5,b
2,4398,3386,3387,10,not_b
2,4399,840,841,8,not_or
2,4400,4015,4016,12,not_a
2,4401,5416,5417,2,not_implies
2,4402,4888,4889,5,b
2,4403,2501,2502,5,b
2,4404,2125,2126,3,a
2,4405,23,24,5,b
2,4406,5680,5681,1,and
2,4407,5338,5339,2,not_implies
2,4408,2447,2448,8,not_or
2,4409,5755,5756,8,not_or
2,4410,2448,2449,4,not_implied_by
2,4411,941,942,8,not_or
2,4412,4247,4248,10,not_b
2,4413,4924,4925,1,and
2,4414,2844,2845,10,not_b
2,4415,4447,4448,9,not_xor
2,4416,4171,4172,0,zero
2,4417,1942,1943,1,and
2,4418,1742,1743,2,not_implies
2,4419,3303,3304,3,a
2,4420,4755,4756,2,not_implies
2,4421,4422,4423,5,b
2,4422,5484,5485,3,a
2,4423,5856,5857,8,not_or
2,4424,400,401,3,a
2,4425,4877,4878,8,not_or
2,4426,4362,4363,1,and
2,4427,960,961,4,not_implied_by
2,4428,2763,2764,4,not_implied_by
2,4429,1966,1967,5,b
2,4430,990,991,6,xor
2,4431,3085,3086,12,not_a
2,4432,4504,4505,5,b
2,4433,1453,1454,2,not_implies
2,4434,1498,1499,5,b
2,4435,1982,1983,4,not_implied_by
2,4436,2308,2309,1,and
2,4437,1287,1288,4,not_implied_by
2,4438,4222,4223,14,not_and
2,4439,2633,2634,2,not_implies
2,4440,1373,1374,12,not_a
2,4441,4198,4199,3,a
2,4442,1853,1854,13,implies
2,4443,4722,4723,8,not_or
2,4444,133,134,12,not_a
2,4445,2167,2168,13,implies
2,4446,5847,5848,9,not_xor
2,4447,5533,5534,4,not_implied_by
2,4448,2607,2608,11,implied_by
2,4449,3671,3672,14,not_and
2,4450,2938,2939,10,not_b
2,4451,5945,5946,5,b
2,4452,3414,3415,12,not_a
2,4453,1358,1359,8,not_or
2,4454,5842,5843,10,not_b
2,4455,5398,5399,3,a
2,4456,4067,4068,3,a
2,4457,1504,1505,5,b
2,4458,5546,5547,9,not_xor
2,4459,4007,4008,14,not_and
2,4460,994,995,3,a
2,4461,3224,3225,0,zero
2,4462,4800,4801,13,implies
2,4463,4967,4968,4,not_implied_by
2,4464,4175,4176,15,one
2,4465,999,1000,10,not_b
2,4466,662,663,2,not_implies
2,4467,5306,5307,1,and
2,4468,789,790,1,and
2,4469,5617,5618,14,not_and
2,4470,3769,3770,8,not_or
2,4471,5187,5188,3,a
2,4472,3847,3848,3,a
2,4473,1688,1689,2,not_implies
2,4474,2783,2784,5,b
2,4475,2963,2964,12,not_a
2,4476,3029,3030,12,not_a
2,4477,1050,1051,10,not_b
2,4478,4863,4864,2,not_implies
2,4479,63,64,9,not_xor
2,4480,5116,5117,8,not_or
2,4481,4596,4597,1,and
2,4482,5103,5104,4,not_implied_by
2,4483,2638,2639,5,b
2,4484,4181,4182,6,xor
2,4485,1785,1786,9,not_xor
2,4486,2465,2466,9,not_xor
2,4487,880,881,4,not_implied_by
2,4488,1861,1862,10,not_b
2,4489,4090,4091,1,and
2,4490,3992,3993,5,b
2,4491,0,1,9,not_xor
2,4492,1146,1147,1,and
2,4493,669,670,8,not_or
2,4494,2301,2302,13,implies
2,4495,211,212,8,not_or
2,4496,3082,3083,12,not_a
2,4497,4725,4726,1,and
2,4498,4621,4622,11,implied_by
2,4499,236,237,6,xor
2,4500,3005,3006,1,and
2,4501,5397,5398,1,and
2,4502,862,863,15,one
2,4503,3608,3609,2,not_implies
2,4504,5848,5849,6,xor
2,4505,1191,1192,5,b
2,4506,1246,1247,5,b
2,4507,180,181,10,not_b
2,4508,2029,2030,2,not_implies
2,4509,2505,2506,9,not_xor
2,4510,5202,5203,11,implied_by
2,4511,4918,4919,4,not_implied_by
2,4512,3133,3134,0,zero
2,4513,770,771,2,not_implies
2,4514,5115,5116,0,zero
2,4515,2871,2872,13,implies
2,4516,3884,3885,5,b
2,4517,5619,5620,3,a
2,4518,2235,2236,1,and
2,4519,1100,1101,11,implied_by
2,4520,1578,1579,4,not_implied_by
2,4521,5741,5742,12,not_a
2,4522,4598,4599,12,not_a
2,4523,2180,2181,4,not_implied_by
2,4524,2119,2120,15,one
2,4525,692,693,5,b
2,4526,3819,3820,2,not_implies
2,4527,918,919,0,zero
2,4528,3041,3042,5,b
2,4529,841,842,5,b
2,4530,1151,1152,8,not_or
2,4531,3802,3803,15,one
2,4532,4293,4294,5,b
2,4533,1121,1122,5,b
2,4534,1749,1750,2,not_implies
2,4535,2883,2884,5,b
2,4536,1468,1469,3,a
2,4537,5803,5804,4,not_implied_by
2,4538,4882,4883,10,not_b
2,4539,1510,1511,7,or
2,4540,287,288,2,not_implies
2,4541,907,908,0,zero
2,4542,4295,4296,8,not_or
2,4543,2215,2216,2,not_implies
2,4544,3822,3823,10,not_b
2,4545,5699,5700,7,or
2,4546,3885,3886,6,xor
2,4547,3396,3397,5,b
2,4548,4906,4907,1,and
2,4549,1169,1170,3,a
2,4550,5205,5206,2,not_implies
2,4551,4178,4179,12,not_a
2,4552,5913,5914,3,a
2,4553,2034,2035,2,not_implies
2,4554,4980,4981,8,not_or
2,4555,5122,5123,5,b
2,4556,659,660,2,not_implies
2,4557,4753,4754,8,not_or
2,4558,4163,4164,12,not_a
2,4559,1403,1404,4,not_implied_by
2,4560,1137,1138,1,and
2,4561,3058,3059,8,not_or
2,4562,4765,4766,2,not_implies
2,4563,2846,2847,12,not_a
2,4564,1851,1852,8,not_or
2,4565,1266,1267,10,not_b
2,4566,112,113,5,b
2,4567,2372,2373,14,not_and
2,4568,1661,1662,4,not_implied_by
2,4569,767,768,2,not_implies
2,4570,2982,2983,6,xor
2,4571,1784,1785,2,not_implies
2,4572,2191,2192,8,not_or
2,4573,2245,2246,13,implies
2,4574,3490,3491,5,b
2,4575,5519,5520,2,not_implies
2,4576,4934,4935,5,b
2,4577,24,25,6,xor
2,4578,3166,3167,0,zero
2,4579,1933,1934,11,implied_by
2,4580,3910,3911,3,a
2,4581,1407,1408,9,not_xor
2,4582,5067,5068,13,implies
2,4583,5050,5051,10,not_b
2,4584,5053,5054,9,not_xor
2,4585,4701,4702,5,b
2,4586,3554,3555,2,not_implies
2,4587,664,665,10,not_b
2,4588,2973,2974,8,not_or
2,4589,1613,1614,2,not_implies
2,4590,5586,5587,6,xor
2,4591,5154,5155,6,xor
2,4592,4799,4800,8,not_or
2,4593,1739,1740,14,not_and
2,4594,1083,1084,8,not_or
2,4595,208,209,6,xor
2,4596,1568,1569,14,not_and
2,4597,2552,2553,6,xor
2,4598,4082,4083,5,b
2,4599,2157,2158,0,zero
2,4600,3963,3964,6,xor
2,4601,1675,1676,3,a
2,4602,2876,2877,3,a
2,4603,5548,5549,8,not_or
2,4604,1874,1875,3,a
2,4605,3610,3611,3,a
2,4606,3103,3104,9,not_xor
2,4607,529,530,8,not_or
2,4608,998,999,8,not_or
2,4609,4035,4036,6,xor
2,4610,4186,4187,9,not_xor
2,4611,3323,3324,2,not_implies
2,4612,901,902,1,and
2,4613,1192,1193,1,and
2,4614,1949,1950,1,and
2,4615,1369,1370,1,and
2,4616,2665,2666,1,and
2,4617,4145,4146,5,b
2,4618,5561,5562,10,not_b
2,4619,249,250,13,implies
2,4620,4671,4672,9,not_xor
2,4621,5540,5541,2,not_implies
2,4622,765,766,2,not_implies
2,4623,2140,2141,6,xor
2,4624,5758,5759,9,not_xor
2,4625,5296,5297,13,implies
2,4626,2429,2430,12,not_a
2,4627,864,865,10,not_b
2,4628,4216,4217,6,xor
2,4629,3039,3040,12,not_a
2,4630,5276,5277,3,a
2,4631,1345,1346,4,not_implied_by
2,4632,386,387,5,b
2,4633,1421,1422,9,not_xor
2,4634,5924,5925,1,and
2,4635,5393,5394,8,not_or
2,4636,4500,4501,5,b
2,4637,4893,4894,9,not_xor
2,4638,2158,2159,4,not_implied_by
2,4639,2999,3000,9,not_xor
2,4640,3535,3536,9,not_xor
2,4641,2798,2799,11,implied_by
2,4642,3960,3961,10,not_b
2,4643,415,416,1,and
2,4644,2926,2927,6,xor
2,4645,1635,1636,1,and
2,4646,4708,4709,9,not_xor
2,4647,3361,3362,9,not_xor
2,4648,2741,2742,12,not_a
2,4649,2516,2517,8,not_or
2,4650,5034,5035,4,not_implied_by
2,4651,3095,3096,11,implied_by
2,4652,1654,1655,5,b
2,4653,997,998,10,not_b
2,4654,5342,5343,0,zero
2,4655,3844,3845,7,or
2,4656,742,743,10,not_b
2,4657,3243,3244,10,not_b
2,4658,4976,4977,6,xor
2,4659,5323,5324,10,not_b
2,4660,5055,5056,3,a
2,4661,2304,2305,2,not_implies
2,4662,5133,5134,5,b
2,4663,526,527,8,not_or
2,4664,1619,1620,11,implied_by
2,4665,3440,3441,6,xor
2,4666,1130,1131,2,not_implies
2,4667,3293,3294,4,not_implied_by
2,4668,5931,5932,5,b
2,4669,3033,3034,5,b
2,4670,1634,1635,5,b
2,4671,3169,3170,1,and
2,4672,4006,4007,10,not_b
2,4673,1560,1561,5,b
2,4674,2419,2420,5,b
2,4675,5904,5905,10,not_b
2,4676,1651,1652,9,not_xor
2,4677,5886,5887,1,and
2,4678,1544,1545,0,zero
2,4679,5862,5863,12,not_a
2,4680,1353,1354,12,not_a
2,4681,3053,3054,8,not_or
2,4682,1314,1315,2,not_implies
2,4683,327,328,12,not_a
2,4684,2937,2938,4,not_implied_by
2,4685,148,149,5,b
2,4686,4791,4792,6,xor
2,4687,1754,1755,5,b
2,4688,2631,2632,9,not_xor
2,4689,1471,1472,5,b
2,4690,1939,1940,10,not_b
2,4691,1359,1360,6,xor
2,4692,5896,5897,8,not_or
2,4693,929,930,2,not_implies
2,4694,4089,4090,0,zero
2,4695,1210,1211,9,not_xor
2,4696,5120,5121,12,not_a
2,4697,5486,5487,6,xor
2,4698,4636,4637,6,xor
2,4699,5440,5441,12,not_a
2,4700,3259,3260,6,xor
2,4701,220,221,0,zero
2,4702,4663,4664,4,not_implied_by
2,4703,125,126,1,and
2,4704,1938,1939,5,b
2,4705,2418,2419,12,not_a
2,4706,1209,1210,3,a
2,4707,2298,2299,4,not_implied_by
2,4708,4194,4195,4,not_implied_by
2,4709,4968,4969,2,not_implies
2,4710,931,932,3,a
2,4711,2622,2623,5,b
2,4712,5578,5579,8,not_or
2,4713,5995,5996,8,not_or
2,4714,4988,4989,6,xor
2,4715,3389,3390,10,not_b
2,4716,3207,3208,5,b
2,4717,3305,3306,8,not_or
2,4718,1277,1278,7,or
2,4719,3223,3224,9,not_xor
2,4720,4682,4683,1,and
2,4721,1662,1663,1,and
2,4722,4441,4442,10,not_b
2,4723,307,308,5,b
2,4724,5183,5184,9,not_xor
2,4725,5409,5410,2,not_implies
2,4726,1679,1680,6,xor
2,4727,3823,3824,5,b
2,4728,3764,3765,6,xor
2,4729,5691,5692,8,not_or
2,4730,5638,5639,6,xor
2,4731,2720,2721,9,not_xor
2,4732,1863,1864,12,not_a
2,4733,1064,1065,2,not_implies
2,4734,4683,4684,3,a
2,4735,581,582,12,not_a
2,4736,1717,1718,3,a
2,4737,2776,2777,3,a
2,4738,3112,3113,12,not_a
2,4739,2575,2576,9,not_xor
2,4740,711,712,6,xor
2,4741,1657,1658,12,not_a
2,4742,3651,3652,9,not_xor
2,4743,5044,5045,6,xor
2,4744,5879,5880,12,not_a
2,4745,1990,1991,5,b
2,4746,989,990,6,xor
2,4747,2924,2925,2,not_implies
2,4748,452,453,1,and
2,4749,2723,2724,6,xor
2,4750,4716,4717,4,not_implied_by
2,4751,3218,3219,5,b
2,4752,5169,5170,8,not_or
2,4753,682,683,10,not_b
2,4754,4333,4334,5,b
2,4755,3971,3972,3,a
2,4756,977,978,10,not_b
2,4757,2868,2869,0,zero
2,4758,203,204,4,not_implied_by
2,4759,2129,2130,2,not_implies
2,4760,3313,3314,9,not_xor
2,4761,2037,2038,8,not_or
2,4762,3935,3936,1,and
2,4763,2955,2956,3,a
2,4764,127,128,4,not_implied_by
2,4765,5768,5769,5,b
2,4766,2391,2392,9,not_xor
2,4767,4601,4602,1,and
2,4768,1172,1173,6,xor
2,4769,5464,5465,8,not_or
2,4770,3890,3891,10,not_b
2,4771,2439,2440,10,not_b
2,4772,5199,5200,3,a
2,4773,2687,2688,1,and
2,4774,5524,5525,5,b
2,4775,1972,1973,9,not_xor
2,4776,4794,4795,0,zero
2,4777,724,725,3,a
2,4778,4592,4593,6,xor
2,4779,4413,4414,8,not_or
2,4780,4676,4677,2,not_implies
2,4781,2175,2176,2,not_implies
2,4782,2680,2681,9,not_xor
2,4783,5792,5793,10,not_b
2,4784,5488,5489,4,not_implied_by
2,4785,1768,1769,10,not_b
2,4786,212,213,10,not_b
2,4787,4314,4315,0,zero
2,4788,339,340,1,and
2,4789,1934,1935,2,not_implies
2,4790,398,399,4,not_implied_by
2,4791,2560,2561,5,b
2,4792,1023,1024,9,not_xor
2,4793,633,634,3,a
2,4794,3842,3843,9,not_xor
2,4795,5765,5766,12,not_a
2,4796,3050,3051,3,a
2,4797,606,607,6,xor
2,4798,2878,2879,9,not_xor
2,4799,1943,1944,2,not_implies
2,4800,5942,5943,6,xor
2,4801,3921,3922,6,xor
2,4802,2843,2844,6,xor
2,4803,1944,1945,13,implies
2,4804,3074,3075,3,a
2,4805,5959,5960,1,and
2,4806,2737,2738,10,not_b
2,4807,5766,5767,4,not_implied_by
2,4808,5356,5357,12,not_a
2,4809,3876,3877,5,b
2,4810,5376,5377,6,xor
2,4811,3781,3782,10,not_b
2,4812,1727,1728,12,not_a
2,4813,1139,1140,8,not_or
2,4814,4736,4737,6,xor
2,4815,2729,2730,3,a
2,4816,1509,1510,5,b
2,4817,2460,2461,6,xor
2,4818,4774,4775,9,not_xor
2,4819,2556,2557,6,xor
2,4820,121,122,13,implies
2,4821,4331,4332,14,not_and
2,4822,3846,3847,11,implied_by
2,4823,1118,1119,9,not_xor
2,4824,2514,2515,10,not_b
2,4825,2476,2477,7,or
2,4826,3939,3940,7,or
2,4827,3068,3069,2,not_implies
2,4828,2208,2209,3,a
2,4829,2828,2829,9,not_xor
2,4830,1516,1517,3,a
2,4831,3631,3632,6,xor
2,4832,1282,1283,9,not_xor
2,4833,1262,1263,12,not_a
2,4834,2106,2107,9,not_xor
2,4835,317,318,12,not_a
2,4836,5584,5585,5,b
2,4837,5265,5266,9,not_xor
2,4838,2521,2522,2,not_implies
2,4839,5783,5784,5,b
2,4840,3778,3779,4,not_implied_by
2,4841,914,915,13,implies
2,4842,5888,5889,6,xor
2,4843,1260,1261,4,not_implied_by
2,4844,1177,1178,12,not_a
2,4845,1615,1616,9,not_xor
2,4846,4248,4249,5,b
2,4847,401,402,6,xor
2,4848,435,436,9,not_xor
2,4849,2513,2514,9,not_xor
2,4850,3545,3546,6,xor
2,4851,908,909,2,not_implies
2,4852,3069,3070,8,not_or
2,4853,1022,1023,10,not_b
2,4854,4233,4234,3,a
2,4855,4342,4343,6,xor
2,4856,4937,4938,11,implied_by
2,4857,4599,4600,10,not_b
2,4858,94,95,3,a
2,4859,5654,5655,12,not_a
2,4860,1214,1215,11,implied_by
2,4861,1066,1067,3,a
2,4862,1899,1900,2,not_implies
2,4863,179,180,6,xor
2,4864,3745,3746,1,and
2,4865,5863,5864,6,xor
2,4866,1435,1436,14,not_and
2,4867,3388,3389,10,not_b
2,4868,5371,5372,0,zero
2,4869,1521,1522,12,not_a
2,4870,610,611,5,b
2,4871,3803,3804,15,one
2,4872,3924,3925,5,b
2,4873,4688,4689,10,not_b
2,4874,1463,1464,11,implied_by
2,4875,2038,2039,11,implied_by
2,4876,1031,1032,9,not_xor
2,4877,3603,3604,4,not_implied_by
2,4878,5852,5853,0,zero
2,4879,4321,4322,3,a
2,4880,4832,4833,10,not_b
2,4881,697,698,9,not_xor
2,4882,2041,2042,9,not_xor
2,4883,115,116,9,not_xor
2,4884,1642,1643,13,implies
2,4885,1029,1030,7,or
2,4886,5858,5859,9,not_xor
2,4887,1773,1774,7,or
2,4888,558,559,12,not_a
2,4889,2003,2004,14,not_and
2,4890,2805,2806,2,not_implies
2,4891,4586,4587,7,or
2,4892,12,13,4,not_implied_by
2,4893,1630,1631,5,b
2,4894,2131,2132,9,not_xor
2,4895,5674,5675,2,not_implies
2,4896,5750,5751,6,xor
2,4897,5582,5583,5,b
2,4898,2523,2524,9,not_xor
2,4899,2402,2403,3,a
2,4900,4267,4268,14,not_and
2,4901,5729,5730,9,not_xor
2,4902,4879,4880,0,zero
2,4903,4798,4799,3,a
2,4904,3502,3503,14,not_and
2,4905,3337,3338,8,not_or
2,4906,3643,3644,9,not_xor
2,4907,4539,4540,3,a
2,4908,4693,4694,3,a
2,4909,1840,1841,14,not_and
2,4910,3757,3758,5,b
2,4911,4555,4556,10,not_b
2,4912,1251,1252,10,not_b
2,4913,1895,1896,4,not_implied_by
2,4914,3653,3654,1,and
2,4915,1816,1817,12,not_a
2,4916,5307,5308,9,not_xor
2,4917,905,906,5,b
2,4918,5846,5847,9,not_xor
2,4919,4001,4002,1,and
2,4920,2378,2379,12,not_a
2,4921,3509,3510,5,b
2,4922,718,719,10,not_b
2,4923,2716,2717,7,or
2,4924,2491,2492,10,not_b
2,4925,3731,3732,3,a
2,4926,557,558,2,not_implies
2,4927,5514,5515,10,not_b
2,4928,509,510,7,or
2,4929,2398,2399,14,not_and
2,4930,3869,3870,7,or
2,4931,2257,2258,9,not_xor
2,4932,4438,4439,4,not_implied_by
2,4933,5346,5347,5,b
2,4934,2074,2075,5,b
2,4935,1135,1136,10,not_b
2,4936,5830,5831,3,a
2,4937,2083,2084,1,and
2,4938,4637,4638,9,not_xor
2,4939,4086,4087,6,xor
2,4940,5425,5426,4,not_implied_by
2,4941,3161,3162,12,not_a
2,4942,2746,2747,8,not_or
2,4943,1092,1093,10,not_b
2,4944,1230,1231,11,implied_by
2,4945,3418,3419,11,implied_by
2,4946,4276,4277,9,not_xor
2,4947,5717,5718,15,one
2,4948,1413,1414,15,one
2,4949,1015,1016,14,not_and
2,4950,1241,1242,3,a
2,4951,5319,5320,9,not_xor
2,4952,1624,1625,7,or
2,4953,3189,3190,6,xor
2,4954,4278,4279,12,not_a
2,4955,5661,5662,12,not_a
2,4956,5549,5550,11,implied_by
2,4957,4000,4001,5,b
2,4958,1519,1520,3,a
2,4959,1752,1753,8,not_or
2,4960,955,956,12,not_a
2,4961,4993,4994,3,a
2,4962,5598,5599,4,not_implied_by
2,4963,735,736,1,and
2,4964,1757,1758,10,not_b
2,4965,2819,2820,10,not_b
2,4966,2935,2936,10,not_b
2,4967,4508,4509,12,not_a
2,4968,257,258,14,not_and
2,4969,247,248,3,a
2,4970,3300,3301,5,b
2,4971,2451,2452,9,not_xor
2,4972,1539,1540,10,not_b
2,4973,4727,4728,0,zero
2,4974,430,431,1,and
2,4975,4944,4945,6,xor
2,4976,2088,2089,10,not_b
2,4977,2053,2054,15,one
2,4978,2650,2651,7,or
2,4979,5258,5259,6,xor
2,4980,5770,5771,6,xor
2,4981,272,273,12,not_a
2,4982,4257,4258,2,not_implies
2,4983,55,56,5,b
2,4984,1328,1329,13,implies
2,4985,1985,1986,14,not_and
2,4986,5508,5509,9,not_xor
2,4987,4116,4117,9,not_xor
2,4988,5298,5299,6,xor
2,4989,5184,5185,13,implies
2,4990,2641,2642,11,implied_by
2,4991,3791,3792,13,implies
2,4992,1078,1079,5,b
2,4993,5784,5785,3,a
2,4994,1211,1212,9,not_xor
2,4995,1729,1730,5,b
2,4996,2755,2756,10,not_b
2,4997,871,872,3,a
2,4998,4766,4767,15,one
2,4999,5994,5995,14,not_and
2,5000,2291,2292,12,not_a
2,5001,2444,2445,10,not_b
2,5002,3519,3520,14,not_and
2,5003,613,614,5,b
2,5004,1530,1531,5,b
2,5005,1547,1548,7,or
2,5006,852,853,10,not_b
2,5007,853,854,14,not_and
2,5008,3532,3533,9,not_xor
2,5009,5843,5844,12,not_a
2,5010,3125,3126,9,not_xor
2,5011,1286,1287,5,b
2,5012,3759,3760,9,not_xor
2,5013,474,475,1,and
2,5014,3775,3776,12,not_a
2,5015,2183,2184,5,b
2,5016,3081,3082,1,and
2,5017,804,805,7,or
2,5018,3379,3380,7,or
2,5019,1086,1087,5,b
2,5020,655,656,3,a
2,5021,1445,1446,14,not_and
2,5022,687,688,9,not_xor
2,5023,4022,4023,6,xor
2,5024,2355,2356,8,not_or
2,5025,2420,2421,9,not_xor
2,5026,2252,2253,12,not_a
2,5027,1726,1727,12,not_a
2,5028,4253,4254,12,not_a
2,5029,5835,5836,5,b
2,5030,609,610,2,not_implies
2,5031,3080,3081,4,not_implied_by
2,5032,4401,4402,5,b
2,5033,4528,4529,6,xor
2,5034,329,330,4,not_implied_by
2,5035,924,925,14,not_and
2,5036,4651,4652,9,not_xor
2,5037,5521,5522,7,or
2,5038,2855,2856,13,implies
2,5039,4426,4427,13,implies
2,5040,1128,1129,14,not_and
2,5041,3616,3617,9,not_xor
2,5042,4978,4979,5,b
2,5043,1960,1961,1,and
2,5044,5940,5941,12,not_a
2,5045,4588,4589,2,not_implies
2,5046,1347,1348,11,implied_by
2,5047,5901,5902,5,b
2,5048,5179,5180,10,not_b
2,5049,1272,1273,2,not_implies
2,5050,5054,5055,6,xor
2,5051,5906,5907,14,not_and
2,5052,3255,3256,6,xor
2,5053,5844,5845,11,implied_by
2,5054,3801,3802,14,not_and
2,5055,5713,5714,6,xor
2,5056,4614,4615,2,not_implies
2,5057,5504,5505,9,not_xor
2,5058,3582,3583,5,b
2,5059,2794,2795,5,b
2,5060,5222,5223,9,not_xor
2,5061,269,270,8,not_or
2,5062,594,595,11,implied_by
2,5063,102,103,9,not_xor
2,5064,5685,5686,9,not_xor
2,5065,5958,5959,6,xor
2,5066,5106,5107,9,not_xor
2,5067,5477,5478,10,not_b
2,5068,4721,4722,5,b
2,5069,2396,2397,15,one
2,5070,5930,5931,12,not_a
2,5071,715,716,15,one
2,5072,4745,4746,6,xor
2,5073,5216,5217,12,not_a
2,5074,2606,2607,5,b
2,5075,2678,2679,5,b
2,5076,4468,4469,11,implied_by
2,5077,532,533,9,not_xor
2,5078,3114,3115,5,b
2,5079,658,659,3,a
2,5080,5580,5581,10,not_b
2,5081,1110,1111,6,xor
2,5082,378,379,6,xor
2,5083,3550,3551,1,and
2,5084,4623,4624,6,xor
2,5085,48,49,14,not_and
2,5086,5970,5971,6,xor
2,5087,1163,1164,13,implies
2,5088,795,796,3,a
2,5089,5214,5215,2,not_implies
2,5090,1561,1562,6,xor
2,5091,2325,2326,12,not_a
2,5092,83,84,7,or
2,5093,4142,4143,5,b
2,5094,1331,1332,14,not_and
2,5095,34,35,10,not_b
2,5096,1928,1929,6,xor
2,5097,4780,4781,10,not_b
2,5098,259,260,13,implies
2,5099,2095,2096,14,not_and
2,5100,4587,4588,3,a
2,5101,4548,4549,13,implies
2,5102,2569,2570,6,xor
2,5103,1261,1262,6,xor
2,5104,1411,1412,9,not_xor
2,5105,5937,5938,11,implied_by
2,5106,2873,2874,3,a
2,5107,3271,3272,6,xor
2,5108,5262,5263,12,not_a
2,5109,5740,5741,11,implied_by
2,5110,4023,4024,6,xor
2,5111,1897,1898,7,or
2,5112,1670,1671,5,b
2,5113,5918,5919,1,and
2,5114,1813,1814,13,implies
2,5115,2664,2665,6,xor
2,5116,4781,4782,12,not_a
2,5117,174,175,10,not_b
2,5118,5957,5958,7,or
2,5119,649,650,9,not_xor
2,5120,3607,3608,6,xor
2,5121,2599,2600,13,implies
2,5122,337,338,5,b
2,5123,140,141,12,not_a
2,5124,4356,4357,5,b
2,5125,2698,2699,11,implied_by
2,5126,5962,5963,10,not_b
2,5127,408,409,13,implies
2,5128,3583,3584,9,not_xor
2,5129,2319,2320,14,not_and
2,5130,4880,4881,9,not_xor
2,5131,2267,2268,7,or
2,5132,5927,5928,3,a
2,5133,1299,1300,5,b
2,5134,3850,3851,3,a
2,5135,5878,5879,5,b
2,5136,3140,3141,3,a
2,5137,3618,3619,6,xor
2,5138,2778,2779,10,not_b
2,5139,618,619,7,or
2,5140,2414,2415,12,not_a
2,5141,2264,2265,12,not_a
2,5142,4400,4401,10,not_b
2,5143,684,685,12,not_a
2,5144,5369,5370,10,not_b
2,5145,3254,3255,9,not_xor
2,5146,1393,1394,3,a
2,5147,1284,1285,7,or
2,5148,4652,4653,5,b
2,5149,3002,3003,14,not_and
2,5150,5791,5792,7,or
2,5151,2075,2076,3,a
2,5152,2082,2083,15,one
2,5153,4564,4565,3,a
2,5154,3384,3385,9,not_xor
2,5155,2917,2918,3,a
2,5156,1645,1646,7,or
2,5157,4359,4360,6,xor
2,5158,935,936,9,not_xor
2,5159,4526,4527,5,b
2,5160,2150,2151,5,b
2,5161,5500,5501,9,not_xor
2,5162,3670,3671,6,xor
2,5163,4979,4980,3,a
2,5164,851,852,12,not_a
2,5165,2478,2479,14,not_and
2,5166,2305,2306,4,not_implied_by
2,5167,643,644,11,implied_by
2,5168,2791,2792,10,not_b
2,5169,3486,3487,6,xor
2,5170,1929,1930,7,or
2,5171,5459,5460,9,not_xor
2,5172,2496,2497,12,not_a
2,5173,1986,1987,14,not_and
2,5174,2255,2256,4,not_implied_by
2,5175,5428,5429,7,or
2,5176,101,102,3,a
2,5177,885,886,6,xor
2,5178,783,784,6,xor
2,5179,1536,1537,9,not_xor
2,5180,2968,2969,3,a
2,5181,4634,4635,15,one
2,5182,4697,4698,6,xor
2,5183,3703,3704,9,not_xor
2,5184,605,606,14,not_and
2,5185,2144,2145,7,or
2,5186,2085,2086,3,a
2,5187,699,700,7,or
2,5188,4044,4045,5,b
2,5189,4115,4116,7,or
2,5190,5696,5697,8,not_or
2,5191,1157,1158,6,xor
2,5192,4485,4486,10,not_b
2,5193,1291,1292,6,xor
2,5194,5628,5629,9,not_xor
2,5195,185,186,10,not_b
2,5196,959,960,5,b
2,5197,4129,4130,14,not_and
2,5198,129,130,12,not_a
2,5199,3266,3267,11,implied_by
2,5200,3291,3292,6,xor
2,5201,1308,1309,11,implied_by
2,5202,1439,1440,1,and
2,5203,1980,1981,11,implied_by
2,5204,262,263,6,xor
2,5205,3430,3431,9,not_xor
2,5206,5815,5816,7,or
2,5207,5287,5288,10,not_b
2,5208,5413,5414,14,not_and
2,5209,4620,4621,9,not_xor
2,5210,3153,3154,4,not_implied_by
2,5211,2273,2274,12,not_a
2,5212,2269,2270,15,one
2,5213,352,353,3,a
2,5214,2707,2708,5,b
2,5215,5175,5176,7,or
2,5216,4990,4991,6,xor
2,5217,4271,4272,9,not_xor
2,5218,80,81,3,a
2,5219,904,905,2,not_implies
2,5220,5777,5778,13,implies
2,5221,3531,3532,15,one
2,5222,3542,3543,10,not_b
2,5223,2122,2123,6,xor
2,5224,3790,3791,2,not_implies
2,5225,3839,3840,9,not_xor
2,5226,3860,3861,8,not_or
2,5227,3308,3309,10,not_b
2,5228,4054,4055,12,not_a
2,5229,3730,3731,7,or
2,5230,5335,5336,5,b
2,5231,758,759,8,not_or
2,5232,5553,5554,12,not_a
2,5233,360,361,5,b
2,5234,3661,3662,3,a
2,5235,1120,1121,6,xor
2,5236,1502,1503,11,implied_by
2,5237,5085,5086,8,not_or
2,5238,1607,1608,5,b
2,5239,1417,1418,3,a
2,5240,253,254,12,not_a
2,5241,5723,5724,6,xor
2,5242,4583,4584,9,not_xor
2,5243,2976,2977,12,not_a
2,5244,5794,5795,12,not_a
2,5245,799,800,2,not_implies
2,5246,2263,2264,8,not_or
2,5247,2524,2525,10,not_b
2,5248,2754,2755,12,not_a
2,5249,1881,1882,15,one
2,5250,730,731,7,or
2,5251,2127,2128,8,not_or
2,5252,3462,3463,6,xor
2,5253,1382,1383,11,implied_by
2,5254,31,32,5,b
2,5255,3635,3636,7,or
2,5256,3240,3241,6,xor
2,5257,2025,2026,1,and
2,5258,1363,1364,3,a
2,5259,33,34,10,not_b
2,5260,5245,5246,5,b
2,5261,1559,1560,0,zero
2,5262,3931,3932,14,not_and
2,5263,1926,1927,10,not_b
2,5264,593,594,9,not_xor
2,5265,1911,1912,4,not_implied_by
2,5266,2401,2402,7,or
2,5267,3319,3320,14,not_and
2,5268,3614,3615,5,b
2,5269,3882,3883,4,not_implied_by
2,5270,4581,4582,4,not_implied_by
2,5271,2350,2351,13,implies
2,5272,2181,2182,14,not_and
2,5273,5139,5140,10,not_b
2,5274,3328,3329,10,not_b
2,5275,2886,2887,9,not_xor
2,5276,4235,4236,4,not_implied_by
2,5277,1455,1456,1,and
2,5278,962,963,6,xor
2,5279,239,240,7,or
2,5280,1596,1597,11,implied_by
2,5281,1535,1536,9,not_xor
2,5282,4484,4485,11,implied_by
2,5283,3900,3901,5,b
2,5284,3826,3827,9,not_xor
2,5285,3827,3828,11,implied_by
2,5286,4796,4797,9,not_xor
2,5287,1060,1061,6,xor
2,5288,192,193,5,b
2,5289,4984,4985,3,a
2,5290,1701,1702,9,not_xor
2,5291,3629,3630,12,not_a
2,5292,4486,4487,14,not_and
2,5293,466,467,2,not_implies
2,5294,1602,1603,9,not_xor
2,5295,2811,2812,3,a
2,5296,2031,2032,7,or
2,5297,4391,4392,13,implies
2,5298,5320,5321,7,or
2,5299,4742,4743,8,not_or
2,5300,4895,4896,12,not_a
2,5301,1927,1928,12,not_a
2,5302,1831,1832,3,a
2,5303,4105,4106,1,and
2,5304,120,121,4,not_implied_by
2,5305,5460,5461,15,one
2,5306,3422,3423,1,and
2,5307,2039,2040,8,not_or
2,5308,397,398,6,xor
2,5309,2537,2538,5,b
2,5310,1674,1675,12,not_a
2,5311,2991,2992,9,not_xor
2,5312,2987,2988,5,b
2,5313,1401,1402,11,implied_by
2,5314,4414,4415,7,or
2,5315,4854,4855,10,not_b
2,5316,142,143,12,not_a
2,5317,3779,3780,7,or
2,5318,2450,2451,6,xor
2,5319,2020,2021,13,implies
2,5320,4828,4829,8,not_or
2,5321,4536,4537,5,b
2,5322,2585,2586,9,not_xor
2,5323,3522,3523,3,a
2,5324,2013,2014,2,not_implies
2,5325,1154,1155,3,a
2,5326,647,648,6,xor
2,5327,5334,5335,11,implied_by
2,5328,1988,1989,10,not_b
2,5329,3889,3890,3,a
2,5330,2901,2902,0,zero
2,5331,2283,2284,10,not_b
2,5332,1883,1884,11,implied_by
2,5333,2404,2405,5,b
2,5334,2210,2211,5,b
2,5335,5677,5678,5,b
2,5336,1366,1367,7,or
2,5337,5090,5091,9,not_xor
2,5338,2628,2629,10,not_b
2,5339,4108,4109,15,one
2,5340,2314,2315,12,not_a
2,5341,957,958,3,a
2,5342,4040,4041,9,not_xor
2,5343,1387,1388,3,a
2,5344,1655,1656,1,and
2,5345,3959,3960,11,implied_by
2,5346,3776,3777,7,or
2,5347,2508,2509,2,not_implies
2,5348,812,813,3,a
2,5349,785,786,0,zero
2,5350,2825,2826,6,xor
2,5351,5837,5838,6,xor
2,5352,1440,1441,1,and
2,5353,527,528,7,or
2,5354,3702,3703,14,not_and
2,5355,3390,3391,13,implies
2,5356,5564,5565,13,implies
2,5357,3647,3648,11,implied_by
2,5358,3966,3967,13,implies
2,5359,5745,5746,3,a
2,5360,1796,1797,6,xor
2,5361,151,152,11,implied_by
2,5362,5657,5658,10,not_b
2,5363,1007,1008,9,not_xor
2,5364,3152,3153,3,a
2,5365,4617,4618,6,xor
2,5366,3482,3483,10,not_b
2,5367,3955,3956,13,implies
2,5368,5772,5773,12,not_a
2,5369,4514,4515,5,b
2,5370,3395,3396,13,implies
2,5371,5834,5835,2,not_implies
2,5372,5002,5003,6,xor
2,5373,3350,3351,14,not_and
2,5374,5191,5192,9,not_xor
2,5375,5390,5391,6,xor
2,5376,4217,4218,6,xor
2,5377,4381,4382,3,a
2,5378,1104,1105,12,not_a
2,5379,4348,4349,3,a
2,5380,1856,1857,12,not_a
2,5381,1711,1712,11,implied_by
2,5382,5420,5421,14,not_and
2,5383,4627,4628,5,b
2,5384,1666,1667,9,not_xor
2,5385,866,867,2,not_implies
2,5386,1608,1609,9,not_xor
2,5387,4319,4320,14,not_and
2,5388,1777,1778,3,a
2,5389,324,325,8,not_or
2,5390,1673,1674,10,not_b
2,5391,2660,2661,13,implies
2,5392,1264,1265,6,xor
2,5393,3756,3757,12,not_a
2,5394,4870,4871,7,or
2,5395,4875,4876,12,not_a
2,5396,3306,3307,14,not_and
2,5397,790,791,3,a
2,5398,3348,3349,5,b
2,5399,4071,4072,11,implied_by
2,5400,516,517,2,not_implies
2,5401,4368,4369,1,and
2,5402,3228,3229,3,a
2,5403,950,951,3,a
2,5404,5152,5153,5,b
2,5405,5180,5181,2,not_implies
2,5406,4151,4152,13,implies
2,5407,2373,2374,3,a
2,5408,79,80,14,not_and
2,5409,554,555,1,and
2,5410,2225,2226,11,implied_by
2,5411,1690,1691,8,not_or
2,5412,5072,5073,3,a
2,5413,1367,1368,12,not_a
2,5414,502,503,5,b
2,5415,708,709,9,not_xor
2,5416,1079,1080,12,not_a
2,5417,4324,4325,12,not_a
2,5418,5412,5413,4,not_implied_by
2,5419,4925,4926,6,xor
2,5420,4325,4326,1,and
2,5421,3977,3978,3,a
2,5422,2494,2495,13,implies
2,5423,4560,4561,1,and
2,5424,5454,5455,8,not_or
2,5425,1918,1919,12,not_a
2,5426,1041,1042,7,or
2,5427,5801,5802,1,and
2,5428,3927,3928,6,xor
2,5429,3786,3787,9,not_xor
2,5430,2204,2205,1,and
2,5431,1523,1524,6,xor
2,5432,872,873,0,zero
2,5433,2786,2787,4,not_implied_by
2,5434,432,433,3,a
2,5435,362,363,8,not_or
2,5436,1898,1899,11,implied_by
2,5437,4380,4381,2,not_implies
2,5438,3929,3930,6,xor
2,5439,4903,4904,3,a
2,5440,5001,5002,2,not_implies
2,5441,1682,1683,5,b
2,5442,3143,3144,8,not_or
2,5443,2072,2073,13,implies
2,5444,2375,2376,0,zero
2,5445,4478,4479,4,not_implied_by
2,5446,3185,3186,1,and
2,5447,170,171,8,not_or
2,5448,1819,1820,6,xor
2,5449,2389,2390,12,not_a
2,5450,5855,5856,8,not_or
2,5451,5023,5024,12,not_a
2,5452,2379,2380,14,not_and
2,5453,5948,5949,13,implies
2,5454,5639,5640,3,a
2,5455,1680,1681,5,b
2,5456,1415,1416,2,not_implies
2,5457,1506,1507,5,b
2,5458,1694,1695,5,b
2,5459,1932,1933,2,not_implies
2,5460,1102,1103,10,not_b
2,5461,1002,1003,12,not_a
2,5462,1397,1398,10,not_b
2,5463,5197,5198,10,not_b
2,5464,3178,3179,12,not_a
2,5465,1910,1911,12,not_a
2,5466,4094,4095,10,not_b
2,5467,2221,2222,6,xor
2,5468,59,60,9,not_xor
2,5469,4353,4354,4,not_implied_by
2,5470,4699,4700,8,not_or
2,5471,3596,3597,15,one
2,5472,828,829,4,not_implied_by
2,5473,2686,2687,9,not_xor
2,5474,1656,1657,2,not_implies
2,5475,3782,3783,6,xor
2,5476,2932,2933,10,not_b
2,5477,4031,4032,7,or
2,5478,607,608,2,not_implies
2,5479,4754,4755,12,not_a
2,5480,2947,2948,12,not_a
2,5481,2193,2194,12,not_a
2,5482,542,543,14,not_and
2,5483,4641,4642,7,or
2,5484,1838,1839,11,implied_by
2,5485,5239,5240,6,xor
2,5486,2213,2214,8,not_or
2,5487,2915,2916,9,not_xor
2,5488,837,838,14,not_and
2,5489,3710,3711,4,not_implied_by
2,5490,1649,1650,10,not_b
2,5491,2294,2295,1,and
2,5492,865,866,12,not_a
2,5493,4803,4804,2,not_implies
2,5494,681,682,4,not_implied_by
2,5495,845,846,12,not_a
2,5496,4444,4445,7,or
2,5497,2967,2968,12,not_a
2,5498,5066,5067,10,not_b
2,5499,3434,3435,10,not_b
2,5500,900,901,9,not_xor
2,5501,3018,3019,10,not_b
2,5502,4200,4201,5,b
2,5503,2832,2833,12,not_a
2,5504,5651,5652,9,not_xor
2,5505,3334,3335,3,a
2,5506,4080,4081,12,not_a
2,5507,3684,3685,5,b
2,5508,2784,2785,5,b
2,5509,2526,2527,5,b
2,5510,5193,5194,3,a
2,5511,4327,4328,3,a
2,5512,4894,4895,3,a
2,5513,5833,5834,6,xor
2,5514,3181,3182,6,xor
2,5515,2071,2072,9,not_xor
2,5516,5756,5757,4,not_implied_by
2,5517,47,48,12,not_a
2,5518,2016,2017,1,and
2,5519,1441,1442,9,not_xor
2,5520,5820,5821,4,not_implied_by
2,5521,2718,2719,1,and
2,5522,3538,3539,10,not_b
2,5523,1045,1046,7,or
2,5524,5437,5438,1,and
2,5525,5928,5929,6,xor
2,5526,5649,5650,4,not_implied_by
2,5527,2704,2705,2,not_implies
2,5528,4156,4157,2,not_implies
2,5529,2244,2245,6,xor
2,5530,199,200,6,xor
2,5531,4809,4810,9,not_xor
2,5532,1136,1137,6,xor
2,5533,801,802,3,a
2,5534,5947,5948,8,not_or
2,5535,1273,1274,0,zero
2,5536,564,565,8,not_or
2,5537,1697,1698,5,b
2,5538,375,376,7,or
2,5539,602,603,1,and
2,5540,4350,4351,12,not_a
2,5541,3267,3268,5,b
2,5542,1700,1701,1,and
2,5543,4511,4512,10,not_b
2,5544,4134,4135,13,implies
2,5545,4038,4039,9,not_xor
2,5546,4556,4557,9,not_xor
2,5547,5720,5721,4,not_implied_by
2,5548,1174,1175,0,zero
2,5549,5557,5558,12,not_a
2,5550,1181,1182,13,implies
2,5551,3516,3517,8,not_or
2,5552,5131,5132,6,xor
2,5553,5318,5319,6,xor
2,5554,5042,5043,5,b
2,5555,429,430,3,a
2,5556,3135,3136,2,not_implies
2,5557,2719,2720,9,not_xor
2,5558,5679,5680,10,not_b
2,5559,2782,2783,15,one
2,5560,5407,5408,10,not_b
2,5561,3042,3043,2,not_implies
2,5562,1452,1453,9,not_xor
2,5563,5040,5041,4,not_implied_by
2,5564,2000,2001,11,implied_by
2,5565,4558,4559,4,not_implied_by
2,5566,1075,1076,9,not_xor
2,5567,5922,5923,10,not_b
2,5568,274,275,10,not_b
2,5569,5414,5415,10,not_b
2,5570,4983,4984,7,or
2,5571,471,472,3,a
2,5572,4660,4661,6,xor
2,5573,5625,5626,3,a
2,5574,2464,2465,5,b
2,5575,2732,2733,14,not_and
2,5576,3727,3728,5,b
2,5577,2814,2815,9,not_xor
2,5578,5813,5814,1,and
2,5579,1493,1494,7,or
2,5580,1870,1871,9,not_xor
2,5581,4499,4500,2,not_implies
2,5582,3993,3994,3,a
2,5583,5977,5978,1,and
2,5584,1207,1208,12,not_a
2,5585,1807,1808,14,not_and
2,5586,4862,4863,11,implied_by
2,5587,5357,5358,10,not_b
2,5588,3249,3250,2,not_implies
2,5589,1806,1807,6,xor
2,5590,1443,1444,6,xor
2,5591,3186,3187,3,a
2,5592,1893,1894,3,a
2,5593,2010,2011,4,not_implied_by
2,5594,5605,5606,3,a
2,5595,1147,1148,5,b
2,5596,1600,1601,3,a
2,5597,3405,3406,5,b
2,5598,467,468,10,not_b
2,5599,5624,5625,13,implies
2,5600,1495,1496,12,not_a
2,5601,2748,2749,12,not_a
2,5602,4240,4241,6,xor
2,5603,2572,2573,6,xor
2,5604,1398,1399,14,not_and
2,5605,1659,1660,8,not_or
2,5606,2793,2794,12,not_a
2,5607,2629,2630,2,not_implies
2,5608,4509,4510,1,and
2,5609,5884,5885,4,not_implied_by
2,5610,3000,3001,4,not_implied_by
2,5611,4730,4731,6,xor
2,5612,3591,3592,0,zero
2,5613,1534,1535,9,not_xor
2,5614,1134,1135,12,not_a
2,5615,1640,1641,11,implied_by
2,5616,2866,2867,8,not_or
2,5617,3444,3445,3,a
2,5618,4849,4850,2,not_implies
2,5619,2602,2603,10,not_b
2,5620,4304,4305,10,not_b
2,5621,5313,5314,9,not_xor
2,5622,4776,4777,6,xor
2,5623,5241,5242,10,not_b
2,5624,4310,4311,14,not_and
2,5625,3739,3740,9,not_xor
2,5626,1866,1867,12,not_a
2,5627,4242,4243,10,not_b
2,5628,5225,5226,4,not_implied_by
2,5629,2479,2480,1,and
2,5630,577,578,9,not_xor
2,5631,1981,1982,13,implies
2,5632,2160,2161,9,not_xor
2,5633,1365,1366,1,and
2,5634,2863,2864,4,not_implied_by
2,5635,2212,2213,3,a
2,5636,5534,5535,3,a
2,5637,426,427,2,not_implies
2,5638,4420,4421,9,not_xor
2,5639,984,985,11,implied_by
2,5640,3620,3621,10,not_b
2,5641,100,101,0,zero
2,5642,5585,5586,8,not_or
2,5643,1430,1431,10,not_b
2,5644,5119,5120,11,implied_by
2,5645,731,732,6,xor
2,5646,819,820,5,b
2,5647,3565,3566,10,not_b
2,5648,888,889,6,xor
2,5649,1846,1847,9,not_xor
2,5650,2582,2583,4,not_implied_by
2,5651,1919,1920,10,not_b
2,5652,1841,1842,1,and
2,5653,2065,2066,6,xor
2,5654,4019,4020,15,one
2,5655,3521,3522,7,or
2,5656,5475,5476,0,zero
2,5657,1992,1993,3,a
2,5658,5483,5484,6,xor
2,5659,5824,5825,14,not_and
2,5660,5408,5409,4,not_implied_by
2,5661,3092,3093,1,and
2,5662,1114,1115,4,not_implied_by
2,5663,5969,5970,3,a
2,5664,3146,3147,9,not_xor
2,5665,2098,2099,10,not_b
2,5666,5774,5775,3,a
2,5667,3277,3278,12,not_a
2,5668,2094,2095,3,a
2,5669,4940,4941,1,and
2,5670,4675,4676,9,not_xor
2,5671,3742,3743,12,not_a
2,5672,3278,3279,10,not_b
2,5673,3145,3146,11,implied_by
2,5674,3829,3830,9,not_xor
2,5675,3167,3168,12,not_a
2,5676,3848,3849,9,not_xor
2,5677,5806,5807,1,and
2,5678,4430,4431,12,not_a
2,5679,1967,1968,2,not_implies
2,5680,4923,4924,6,xor
2,5681,241,242,4,not_implied_by
2,5682,5006,5007,5,b
2,5683,3612,3613,5,b
2,5684,3044,3045,0,zero
2,5685,5697,5698,9,not_xor
2,5686,4746,4747,9,not_xor
2,5687,25,26,9,not_xor
2,5688,1245,1246,2,not_implies
2,5689,1776,1777,10,not_b
2,5690,4982,4983,4,not_implied_by
2,5691,4767,4768,10,not_b
2,5692,1971,1972,2,not_implies
2,5693,4027,4028,9,not_xor
2,5694,1646,1647,1,and
2,5695,4986,4987,1,and
2,5696,2410,2411,6,xor
2,5697,3990,3991,14,not_and
2,5698,5759,5760,9,not_xor
2,5699,439,440,14,not_and
2,5700,5993,5994,10,not_b
2,5701,84,85,6,xor
2,5702,5082,5083,10,not_b
2,5703,3898,3899,10,not_b
2,5704,1474,1475,9,not_xor
2,5705,3401,3402,4,not_implied_by
2,5706,2669,2670,2,not_implies
2,5707,1348,1349,14,not_and
2,5708,159,160,6,xor
2,5709,3229,3230,9,not_xor
2,5710,3038,3039,8,not_or
2,5711,1947,1948,6,xor
2,5712,1043,1044,2,not_implies
2,5713,4179,4180,2,not_implies
2,5714,5623,5624,8,not_or
2,5715,1999,2000,13,implies
2,5716,3173,3174,5,b
2,5717,370,371,3,a
2,5718,3621,3622,5,b
2,5719,4806,4807,4,not_implied_by
2,5720,20,21,3,a
2,5721,2362,2363,8,not_or
2,5722,1318,1319,5,b
2,5723,5456,5457,5,b
2,5724,5301,5302,6,xor
2,5725,3128,3129,3,a
2,5726,2116,2117,13,implies
2,5727,252,253,3,a
2,5728,3989,3990,12,not_a
2,5729,4470,4471,8,not_or
2,5730,4221,4222,10,not_b
2,5731,2471,2472,14,not_and
2,5732,1589,1590,12,not_a
2,5733,2734,2735,3,a
2,5734,5839,5840,3,a
2,5735,2867,2868,13,implies
2,5736,419,420,12,not_a
2,5737,315,316,10,not_b
2,5738,3770,3771,12,not_a
2,5739,902,903,3,a
2,5740,3450,3451,5,b
2,5741,560,561,12,not_a
2,5742,2292,2293,10,not_b
2,5743,2535,2536,9,not_xor
2,5744,5663,5664,12,not_a
2,5745,3915,3916,8,not_or
2,5746,5975,5976,9,not_xor
2,5747,1001,1002,10,not_b
2,5748,2578,2579,12,not_a
2,5749,1222,1223,11,implied_by
2,5750,878,879,8,not_or
2,5751,543,544,10,not_b
2,5752,1168,1169,9,not_xor
2,5753,5493,5494,0,zero
2,5754,2877,2878,5,b
2,5755,50,51,3,a
2,5756,5161,5162,9,not_xor
2,5757,394,395,7,or
2,5758,1295,1296,6,xor
2,5759,5229,5230,0,zero
2,5760,1623,1624,1,and
2,5761,3230,3231,2,not_implies
2,5762,5221,5222,12,not_a
2,5763,2817,2818,6,xor
2,5764,1962,1963,8,not_or
2,5765,5147,5148,6,xor
2,5766,3655,3656,1,and
2,5767,2809,2810,12,not_a
2,5768,2469,2470,2,not_implies
2,5769,3147,3148,11,implied_by
2,5770,2753,2754,6,xor
2,5771,1885,1886,2,not_implies
2,5772,2574,2575,1,and
2,5773,4994,4995,4,not_implied_by
2,5774,5647,5648,3,a
2,5775,4465,4466,4,not_implied_by
2,5776,4460,4461,7,or
2,5777,1828,1829,5,b
2,5778,3193,3194,5,b
2,5779,2837,2838,2,not_implies
2,5780,3441,3442,10,not_b
2,5781,1581,1582,4,not_implied_by
2,5782,3994,3995,7,or
2,5783,987,988,5,b
2,5784,2485,2486,4,not_implied_by
2,5785,608,609,8,not_or
2,5786,5311,5312,6,xor
2,5787,5192,5193,9,not_xor
2,5788,559,560,8,not_or
2,5789,617,618,10,not_b
2,5790,3333,3334,1,and
2,5791,1612,1613,3,a
2,5792,2278,2279,3,a
2,5793,1839,1840,9,not_xor
2,5794,2571,2572,1,and
2,5795,3136,3137,4,not_implied_by
2,5796,5400,5401,1,and
2,5797,4066,4067,3,a
2,5798,739,740,10,not_b
2,5799,5821,5822,7,or
2,5800,3859,3860,9,not_xor
2,5801,1758,1759,10,not_b
2,5802,3913,3914,10,not_b
2,5803,1227,1228,3,a
2,5804,4824,4825,3,a
2,5805,5366,5367,12,not_a
2,5806,4318,4319,1,and
2,5807,2105,2106,1,and
2,5808,2461,2462,3,a
2,5809,2761,2762,9,not_xor
2,5810,5168,5169,5,b
2,5811,3089,3090,1,and
2,5812,4677,4678,4,not_implied_by
2,5813,5074,5075,9,not_xor
2,5814,5860,5861,9,not_xor
2,5815,1093,1094,12,not_a
2,5816,4167,4168,2,not_implies
2,5817,4191,4192,13,implies
2,5818,2848,2849,5,b
2,5819,2953,2954,13,implies
2,5820,4130,4131,9,not_xor
2,5821,1021,1022,1,and
2,5822,4274,4275,8,not_or
2,5823,5587,5588,3,a
2,5824,2247,2248,1,and
2,5825,2067,2068,10,not_b
2,5826,1242,1243,2,not_implies
2,5827,3070,3071,1,and
2,5828,4199,4200,9,not_xor
2,5829,3560,3561,5,b
2,5830,4218,4219,4,not_implied_by
2,5831,811,812,3,a
2,5832,5386,5387,11,implied_by
2,5833,2361,2362,9,not_xor
2,5834,5018,5019,13,implies
2,5835,4050,4051,13,implies
2,5836,5272,5273,12,not_a
2,5837,1762,1763,9,not_xor
2,5838,4513,4514,3,a
2,5839,4379,4380,1,and
2,5840,3808,3809,5,b
2,5841,2121,2122,0,zero
2,5842,2759,2760,12,not_a
2,5843,3213,3214,5,b
2,5844,2644,2645,8,not_or
2,5845,1588,1589,10,not_b
2,5846,2653,2654,14,not_and
2,5847,2656,2657,12,not_a
2,5848,698,699,5,b
2,5849,4454,4455,6,xor
2,5850,5099,5100,4,not_implied_by
2,5851,1243,1244,2,not_implies
2,5852,3203,3204,6,xor
2,5853,3487,3488,5,b
2,5854,488,489,8,not_or
2,5855,4064,4065,0,zero
2,5856,2624,2625,11,implied_by
2,5857,1843,1844,9,not_xor
2,5858,1553,1554,14,not_and
2,5859,3863,3864,10,not_b
2,5860,5542,5543,3,a
2,5861,4913,4914,13,implies
2,5862,3926,3927,5,b
2,5863,2351,2352,8,not_or
2,5864,2594,2595,5,b
2,5865,1392,1393,8,not_or
2,5866,1396,1397,3,a
2,5867,1787,1788,3,a
2,5868,3713,3714,1,and
2,5869,573,574,2,not_implies
2,5870,2467,2468,6,xor
2,5871,485,486,6,xor
2,5872,335,336,6,xor
2,5873,1953,1954,5,b
2,5874,873,874,5,b
2,5875,3404,3405,4,not_implied_by
2,5876,1882,1883,5,b
2,5877,313,314,3,a
2,5878,4371,4372,3,a
2,5879,5590,5591,9,not_xor
2,5880,4907,4908,6,xor
2,5881,1906,1907,6,xor
2,5882,91,92,11,implied_by
2,5883,4280,4281,10,not_b
2,5884,4302,4303,1,and
2,5885,5516,5517,12,not_a
2,5886,161,162,12,not_a
2,5887,472,473,9,not_xor
2,5888,1320,1321,6,xor
2,5889,3150,3151,10,not_b
2,5890,4228,4229,14,not_and
2,5891,2548,2549,7,or
2,5892,1543,1544,11,implied_by
2,5893,70,71,6,xor
2,5894,3449,3450,4,not_implied_by
2,5895,1732,1733,2,not_implies
2,5896,213,214,12,not_a
2,5897,1563,1564,6,xor
2,5898,966,967,6,xor
2,5899,1145,1146,10,not_b
2,5900,440,441,5,b
2,5901,5395,5396,9,not_xor
2,5902,242,243,5,b
2,5903,30,31,10,not_b
2,5904,4395,4396,3,a
2,5905,5866,5867,9,not_xor
2,5906,5934,5935,5,b
2,5907,5804,5805,14,not_and
2,5908,3912,3913,6,xor
2,5909,5394,5395,10,not_b
2,5910,1153,1154,5,b
2,5911,5259,5260,12,not_a
2,5912,1446,1447,4,not_implied_by
2,5913,4249,4250,3,a
2,5914,3641,3642,3,a
2,5915,3314,3315,10,not_b
2,5916,5247,5248,5,b
2,5917,1077,1078,3,a
2,5918,1969,1970,5,b
2,5919,1733,1734,4,not_implied_by
2,5920,574,575,12,not_a
2,5921,4650,4651,4,not_implied_by
2,5922,3995,3996,2,not_implies
2,5923,5593,5594,4,not_implied_by
2,5924,5982,5983,9,not_xor
2,5925,2546,2547,2,not_implies
2,5926,3064,3065,5,b
2,5927,4533,4534,4,not_implied_by
2,5928,4568,4569,8,not_or
2,5929,4881,4882,6,xor
2,5930,5802,5803,1,and
2,5931,1641,1642,5,b
2,5932,2096,2097,1,and
2,5933,141,142,6,xor
2,5934,5662,5663,9,not_xor
2,5935,4410,4411,14,not_and
2,5936,3469,3470,11,implied_by
2,5937,3436,3437,12,not_a
2,5938,3845,3846,8,not_or
2,5939,4387,4388,10,not_b
2,5940,3789,3790,6,xor
2,5941,2019,2020,1,and
2,5942,4797,4798,10,not_b
2,5943,3576,3577,1,and
2,5944,1845,1846,14,not_and
2,5945,374,375,0,zero
2,5946,5859,5860,8,not_or
2,5947,3515,3516,13,implies
2,5948,1144,1145,6,xor
2,5949,3736,3737,6,xor
2,5950,2958,2959,8,not_or
2,5951,5224,5225,10,not_b
2,5952,1830,1831,5,b
2,5953,5769,5770,3,a
2,5954,1457,1458,4,not_implied_by
2,5955,3322,3323,7,or
2,5956,5633,5634,13,implies
2,5957,5372,5373,5,b
2,5958,5479,5480,2,not_implies
2,5959,4709,4710,11,implied_by
2,5960,4012,4013,10,not_b
2,5961,5013,5014,4,not_implied_by
2,5962,2226,2227,12,not_a
2,5963,4573,4574,7,or
2,5964,806,807,9,not_xor
2,5965,3315,3316,1,and
2,5966,2056,2057,7,or
2,5967,3562,3563,9,not_xor
2,5968,3447,3448,11,implied_by
2,5969,2705,2706,12,not_a
2,5970,3182,3183,9,not_xor
2,5971,5779,5780,9,not_xor
2,5972,2201,2202,10,not_b
2,5973,169,170,6,xor
2,5974,2112,2113,2,not_implies
2,5975,62,63,5,b
2,5976,2057,2058,7,or
2,5977,3881,3882,2,not_implies
2,5978,5583,5584,12,not_a
2,5979,782,783,10,not_b
2,5980,1194,1195,3,a
2,5981,1765,1766,8,not_or
2,5982,4399,4400,7,or
2,5983,2058,2059,5,b
2,5984,3720,3721,11,implied_by
2,5985,936,937,1,and
2,5986,5626,5627,12,not_a
2,5987,2018,2019,7,or
2,5988,1156,1157,4,not_implied_by
2,5989,2099,2100,4,not_implied_by
2,5990,4388,4389,11,implied_by
2,5991,3609,3610,6,xor
2,5992,1945,1946,8,not_or
2,5993,1753,1754,2,not_implies
2,5994,4464,4465,10,not_b
2,5995,896,897,11,implied_by
2,5996,4523,4524,6,xor
2,5997,1473,1474,11,implied_by
2,5998,3488,3489,7,or
2,5999,1460,1461,1,and
