layer,neuron,input_a,input_b,gate_id,gate_name
1,0,651,653,6,xor
1,1,108,115,7,or
1,2,470,472,5,b
1,3,366,374,12,not_a
1,4,556,558,10,not_b
1,5,326,334,2,not_implies
1,6,472,479,6,xor
1,7,51,58,8,not_or
1,8,193,197,9,not_xor
1,9,430,436,11,implied_by
1,10,78,86,6,xor
1,11,103,110,12,not_a
1,12,581,588,10,not_b
1,13,546,549,13,implies
1,14,366,371,5,b
1,15,14,19,3,a
1,16,715,717,5,b
1,17,45,49,6,xor
1,18,349,353,13,implies
1,19,662,665,7,or
1,20,232,236,12,not_a
1,21,457,463,5,b
1,22,90,93,6,xor
1,23,462,468,4,not_implied_by
1,24,186,191,9,not_xor
1,25,420,422,5,b
1,26,638,640,8,not_or
1,27,701,705,5,b
1,28,366,370,7,or
1,29,258,260,9,not_xor
1,30,53,60,3,a
1,31,241,246,6,xor
1,32,555,559,3,a
1,33,344,351,15,one
1,34,16,24,3,a
1,35,210,215,5,b
1,36,464,466,15,one
1,37,572,577,8,not_or
1,38,551,556,5,b
1,39,87,91,8,not_or
1,40,604,607,11,implied_by
1,41,419,422,10,not_b
1,42,340,342,6,xor
1,43,408,413,9,not_xor
1,44,416,422,7,or
1,45,101,104,10,not_b
1,46,556,563,11,implied_by
1,47,738,745,7,or
1,48,94,95,12,not_a
1,49,98,103,9,not_xor
1,50,400,402,14,not_and
1,51,367,375,8,not_or
1,52,196,200,11,implied_by
1,53,678,679,5,b
1,54,193,200,8,not_or
1,55,234,237,3,a
1,56,364,372,7,or
1,57,80,82,1,and
1,58,78,82,12,not_a
1,59,163,170,12,not_a
1,60,605,609,6,xor
1,61,1,7,5,b
1,62,131,136,2,not_implies
1,63,304,308,3,a
1,64,648,650,6,xor
1,65,673,674,7,or
1,66,212,216,3,a
1,67,143,148,11,implied_by
1,68,690,694,8,not_or
1,69,421,424,8,not_or
1,70,632,635,11,implied_by
1,71,533,537,7,or
1,72,178,184,13,implies
1,73,344,349,11,implied_by
1,74,545,548,9,not_xor
1,75,118,120,8,not_or
1,76,340,341,12,not_a
1,77,374,378,9,not_xor
1,78,94,101,5,b
1,79,359,362,9,not_xor
1,80,362,364,7,or
1,81,214,217,9,not_xor
1,82,220,224,2,not_implies
1,83,523,527,8,not_or
1,84,397,405,12,not_a
1,85,147,153,10,not_b
1,86,352,355,10,not_b
1,87,154,162,0,zero
1,88,496,504,6,xor
1,89,732,735,10,not_b
1,90,165,172,12,not_a
1,91,723,727,2,not_implies
1,92,654,656,2,not_implies
1,93,194,198,13,implies
1,94,34,38,8,not_or
1,95,57,61,4,not_implied_by
1,96,180,188,7,or
1,97,715,720,8,not_or
1,98,768,769,10,not_b
1,99,477,481,11,implied_by
1,100,355,362,9,not_xor
1,101,190,193,8,not_or
1,102,353,356,1,and
1,103,582,584,7,or
1,104,649,655,6,xor
1,105,476,479,2,not_implies
1,106,272,280,2,not_implies
1,107,289,295,4,not_implied_by
1,108,411,416,3,a
1,109,644,646,7,or
1,110,439,443,5,b
1,111,371,376,5,b
1,112,723,728,3,a
1,113,424,431,11,implied_by
1,114,56,59,2,not_implies
1,115,537,544,4,not_implied_by
1,116,277,283,7,or
1,117,7,11,11,implied_by
1,118,750,756,6,xor
1,119,673,679,4,not_implied_by
1,120,1,9,11,implied_by
1,121,130,138,7,or
1,122,645,646,8,not_or
1,123,339,344,12,not_a
1,124,196,197,5,b
1,125,193,201,12,not_a
1,126,477,479,12,not_a
1,127,695,701,9,not_xor
1,128,306,313,3,a
1,129,484,487,14,not_and
1,130,629,630,7,or
1,131,646,649,3,a
1,132,77,78,7,or
1,133,246,249,6,xor
1,134,309,310,7,or
1,135,380,382,5,b
1,136,388,396,14,not_and
1,137,755,757,11,implied_by
1,138,47,52,9,not_xor
1,139,294,300,10,not_b
1,140,501,505,5,b
1,141,55,62,9,not_xor
1,142,602,609,3,a
1,143,222,230,11,implied_by
1,144,686,693,9,not_xor
1,145,308,311,9,not_xor
1,146,291,292,3,a
1,147,731,737,15,one
1,148,693,698,4,not_implied_by
1,149,207,214,9,not_xor
1,150,589,593,1,and
1,151,652,656,6,xor
1,152,408,412,9,not_xor
1,153,460,466,8,not_or
1,154,397,400,10,not_b
1,155,28,35,4,not_implied_by
1,156,347,348,8,not_or
1,157,699,704,9,not_xor
1,158,37,44,6,xor
1,159,333,339,6,xor
1,160,183,188,5,b
1,161,248,250,9,not_xor
1,162,163,168,13,implies
1,163,267,271,12,not_a
1,164,404,411,2,not_implies
1,165,341,344,6,xor
1,166,17,22,13,implies
1,167,774,781,2,not_implies
1,168,637,639,6,xor
1,169,687,694,7,or
1,170,677,679,6,xor
1,171,0,7,9,not_xor
1,172,44,45,7,or
1,173,461,466,8,not_or
1,174,398,406,11,implied_by
1,175,477,478,9,not_xor
1,176,623,629,1,and
1,177,324,331,7,or
1,178,738,744,7,or
1,179,588,591,8,not_or
1,180,156,158,4,not_implied_by
1,181,654,658,3,a
1,182,339,346,7,or
1,183,401,407,11,implied_by
1,184,0,2,12,not_a
1,185,235,242,13,implies
1,186,14,15,7,or
1,187,771,775,15,one
1,188,572,574,9,not_xor
1,189,326,333,5,b
1,190,742,744,7,or
1,191,141,142,8,not_or
1,192,252,260,4,not_implied_by
1,193,542,544,6,xor
1,194,474,477,2,not_implies
1,195,551,555,4,not_implied_by
1,196,95,96,6,xor
1,197,453,458,0,zero
1,198,536,539,6,xor
1,199,283,291,3,a
1,200,64,65,8,not_or
1,201,276,280,12,not_a
1,202,482,486,3,a
1,203,9,10,3,a
1,204,602,605,12,not_a
1,205,679,681,0,zero
1,206,752,757,3,a
1,207,441,449,6,xor
1,208,403,411,2,not_implies
1,209,365,371,10,not_b
1,210,114,115,6,xor
1,211,759,760,1,and
1,212,734,739,14,not_and
1,213,412,420,8,not_or
1,214,525,533,14,not_and
1,215,314,318,6,xor
1,216,48,55,10,not_b
1,217,294,297,3,a
1,218,369,377,11,implied_by
1,219,407,412,9,not_xor
1,220,628,632,3,a
1,221,658,662,12,not_a
1,222,771,772,6,xor
1,223,350,356,6,xor
1,224,128,135,2,not_implies
1,225,86,88,8,not_or
1,226,159,165,9,not_xor
1,227,680,681,3,a
1,228,508,511,10,not_b
1,229,267,273,7,or
1,230,561,566,10,not_b
1,231,69,70,7,or
1,232,722,725,13,implies
1,233,634,640,6,xor
1,234,637,643,12,not_a
1,235,763,764,8,not_or
1,236,401,405,5,b
1,237,574,580,5,b
1,238,102,103,3,a
1,239,770,776,5,b
1,240,331,332,6,xor
1,241,27,28,8,not_or
1,242,764,769,8,not_or
1,243,395,401,6,xor
1,244,371,374,14,not_and
1,245,457,458,8,not_or
1,246,387,390,8,not_or
1,247,451,454,7,or
1,248,462,466,11,implied_by
1,249,761,764,13,implies
1,250,618,625,5,b
1,251,471,479,6,xor
1,252,256,262,8,not_or
1,253,633,635,8,not_or
1,254,742,748,10,not_b
1,255,715,716,8,not_or
1,256,491,498,12,not_a
1,257,111,117,10,not_b
1,258,606,608,10,not_b
1,259,344,346,11,implied_by
1,260,506,514,9,not_xor
1,261,646,647,15,one
1,262,99,107,9,not_xor
1,263,527,528,7,or
1,264,197,199,4,not_implied_by
1,265,382,387,3,a
1,266,767,772,9,not_xor
1,267,173,181,7,or
1,268,732,738,9,not_xor
1,269,14,18,3,a
1,270,627,629,9,not_xor
1,271,207,212,3,a
1,272,402,403,7,or
1,273,717,722,9,not_xor
1,274,3,7,10,not_b
1,275,653,656,9,not_xor
1,276,132,134,8,not_or
1,277,603,610,13,implies
1,278,698,700,10,not_b
1,279,363,367,8,not_or
1,280,514,516,6,xor
1,281,655,656,7,or
1,282,113,117,8,not_or
1,283,587,592,0,zero
1,284,350,352,6,xor
1,285,158,164,8,not_or
1,286,294,298,6,xor
1,287,152,155,2,not_implies
1,288,612,619,3,a
1,289,582,586,4,not_implied_by
1,290,394,400,9,not_xor
1,291,278,283,13,implies
1,292,712,717,8,not_or
1,293,406,411,7,or
1,294,408,409,12,not_a
1,295,414,421,7,or
1,296,606,607,6,xor
1,297,494,501,10,not_b
1,298,215,221,14,not_and
1,299,64,69,11,implied_by
1,300,1,4,12,not_a
1,301,303,306,7,or
1,302,222,224,3,a
1,303,583,590,6,xor
1,304,743,746,10,not_b
1,305,653,660,2,not_implies
1,306,743,748,13,implies
1,307,94,102,7,or
1,308,438,444,1,and
1,309,319,320,9,not_xor
1,310,173,179,10,not_b
1,311,472,475,6,xor
1,312,467,471,5,b
1,313,455,458,11,implied_by
1,314,329,333,9,not_xor
1,315,622,624,11,implied_by
1,316,191,196,9,not_xor
1,317,752,758,2,not_implies
1,318,484,489,6,xor
1,319,164,170,14,not_and
1,320,520,526,5,b
1,321,462,469,13,implies
1,322,708,709,3,a
1,323,706,712,10,not_b
1,324,782,783,9,not_xor
1,325,559,562,11,implied_by
1,326,434,442,12,not_a
1,327,372,379,6,xor
1,328,1,3,11,implied_by
1,329,122,128,1,and
1,330,374,379,3,a
1,331,685,686,1,and
1,332,139,140,6,xor
1,333,646,650,7,or
1,334,284,291,7,or
1,335,730,735,7,or
1,336,140,145,5,b
1,337,563,565,9,not_xor
1,338,390,395,13,implies
1,339,192,194,4,not_implied_by
1,340,629,631,5,b
1,341,387,395,6,xor
1,342,373,374,6,xor
1,343,394,397,11,implied_by
1,344,2,6,3,a
1,345,94,96,7,or
1,346,599,602,9,not_xor
1,347,611,615,12,not_a
1,348,68,72,3,a
1,349,71,74,3,a
1,350,518,524,5,b
1,351,399,400,8,not_or
1,352,90,92,6,xor
1,353,716,720,8,not_or
1,354,662,669,12,not_a
1,355,618,619,8,not_or
1,356,714,720,7,or
1,357,459,460,9,not_xor
1,358,214,222,7,or
1,359,519,527,1,and
1,360,17,24,8,not_or
1,361,31,37,9,not_xor
1,362,661,668,12,not_a
1,363,344,347,9,not_xor
1,364,505,508,9,not_xor
1,365,333,336,11,implied_by
1,366,118,121,9,not_xor
1,367,477,482,11,implied_by
1,368,306,312,3,a
1,369,175,183,12,not_a
1,370,321,328,9,not_xor
1,371,546,550,6,xor
1,372,745,749,3,a
1,373,193,195,1,and
1,374,16,20,3,a
1,375,308,312,0,zero
1,376,114,116,8,not_or
1,377,301,309,13,implies
1,378,627,631,13,implies
1,379,210,217,8,not_or
1,380,368,376,6,xor
1,381,375,378,14,not_and
1,382,90,97,6,xor
1,383,298,306,10,not_b
1,384,109,117,1,and
1,385,566,571,1,and
1,386,177,185,3,a
1,387,325,327,3,a
1,388,358,365,6,xor
1,389,603,604,10,not_b
1,390,577,583,3,a
1,391,347,352,3,a
1,392,374,382,12,not_a
1,393,678,683,4,not_implied_by
1,394,605,612,4,not_implied_by
1,395,138,139,0,zero
1,396,705,708,6,xor
1,397,314,315,3,a
1,398,667,672,2,not_implies
1,399,96,98,8,not_or
1,400,494,498,6,xor
1,401,758,762,4,not_implied_by
1,402,629,635,12,not_a
1,403,54,56,1,and
1,404,667,674,2,not_implies
1,405,609,612,3,a
1,406,475,476,10,not_b
1,407,525,528,9,not_xor
1,408,67,68,8,not_or
1,409,373,379,10,not_b
1,410,718,719,10,not_b
1,411,374,375,8,not_or
1,412,656,660,10,not_b
1,413,55,57,9,not_xor
1,414,775,782,9,not_xor
1,415,621,623,8,not_or
1,416,124,126,9,not_xor
1,417,560,565,15,one
1,418,516,523,14,not_and
1,419,322,325,11,implied_by
1,420,95,103,9,not_xor
1,421,283,286,10,not_b
1,422,465,472,10,not_b
1,423,700,706,10,not_b
1,424,213,219,9,not_xor
1,425,281,287,6,xor
1,426,576,577,6,xor
1,427,720,724,12,not_a
1,428,180,182,8,not_or
1,429,463,471,14,not_and
1,430,218,222,6,xor
1,431,656,663,6,xor
1,432,226,230,8,not_or
1,433,192,198,12,not_a
1,434,529,534,10,not_b
1,435,327,335,12,not_a
1,436,71,73,2,not_implies
1,437,322,329,10,not_b
1,438,36,42,5,b
1,439,549,551,8,not_or
1,440,31,38,4,not_implied_by
1,441,231,233,9,not_xor
1,442,94,100,12,not_a
1,443,506,513,6,xor
1,444,257,261,5,b
1,445,24,29,4,not_implied_by
1,446,357,361,5,b
1,447,46,54,11,implied_by
1,448,686,690,12,not_a
1,449,653,659,12,not_a
1,450,217,225,6,xor
1,451,15,18,6,xor
1,452,72,76,2,not_implies
1,453,558,560,12,not_a
1,454,152,158,8,not_or
1,455,294,302,2,not_implies
1,456,43,45,1,and
1,457,378,384,11,implied_by
1,458,269,270,6,xor
1,459,95,98,9,not_xor
1,460,141,147,3,a
1,461,362,370,6,xor
1,462,206,209,13,implies
1,463,230,232,9,not_xor
1,464,639,645,7,or
1,465,105,107,6,xor
1,466,333,340,13,implies
1,467,87,90,3,a
1,468,578,584,1,and
1,469,532,538,5,b
1,470,569,570,6,xor
1,471,626,633,14,not_and
1,472,190,198,13,implies
1,473,224,230,0,zero
1,474,389,391,7,or
1,475,2,5,14,not_and
1,476,681,684,6,xor
1,477,76,78,9,not_xor
1,478,170,177,9,not_xor
1,479,430,435,6,xor
1,480,583,588,13,implies
1,481,114,118,9,not_xor
1,482,223,228,7,or
1,483,522,523,7,or
1,484,698,699,1,and
1,485,641,644,7,or
1,486,488,496,15,one
1,487,516,522,14,not_and
1,488,452,454,9,not_xor
1,489,284,285,14,not_and
1,490,740,742,5,b
1,491,303,307,12,not_a
1,492,663,667,3,a
1,493,228,232,7,or
1,494,117,123,0,zero
1,495,98,100,9,not_xor
1,496,90,96,4,not_implied_by
1,497,161,168,2,not_implies
1,498,550,556,3,a
1,499,599,603,9,not_xor
1,500,552,555,5,b
1,501,432,434,7,or
1,502,598,600,5,b
1,503,372,373,14,not_and
1,504,255,262,6,xor
1,505,356,360,2,not_implies
1,506,727,728,1,and
1,507,748,752,6,xor
1,508,194,201,11,implied_by
1,509,234,235,9,not_xor
1,510,701,702,5,b
1,511,168,171,10,not_b
1,512,729,730,10,not_b
1,513,295,302,14,not_and
1,514,675,681,6,xor
1,515,35,37,5,b
1,516,581,584,1,and
1,517,356,362,8,not_or
1,518,323,328,4,not_implied_by
1,519,561,565,7,or
1,520,23,27,0,zero
1,521,104,108,7,or
1,522,359,365,10,not_b
1,523,584,590,6,xor
1,524,600,602,6,xor
1,525,250,258,2,not_implies
1,526,358,360,9,not_xor
1,527,82,87,4,not_implied_by
1,528,81,85,13,implies
1,529,86,94,11,implied_by
1,530,263,269,11,implied_by
1,531,517,522,5,b
1,532,662,663,3,a
1,533,443,446,8,not_or
1,534,358,364,12,not_a
1,535,703,705,10,not_b
1,536,776,777,14,not_and
1,537,374,381,3,a
1,538,270,278,12,not_a
1,539,179,186,12,not_a
1,540,392,399,7,or
1,541,9,11,10,not_b
1,542,696,697,9,not_xor
1,543,117,125,5,b
1,544,61,69,9,not_xor
1,545,267,268,6,xor
1,546,37,43,6,xor
1,547,369,375,5,b
1,548,125,128,14,not_and
1,549,547,549,3,a
1,550,4,10,1,and
1,551,584,591,12,not_a
1,552,168,172,9,not_xor
1,553,545,546,7,or
1,554,26,30,9,not_xor
1,555,303,305,7,or
1,556,120,127,9,not_xor
1,557,709,714,6,xor
1,558,486,493,6,xor
1,559,409,416,10,not_b
1,560,372,378,8,not_or
1,561,468,473,7,or
1,562,580,586,7,or
1,563,631,632,9,not_xor
1,564,746,750,6,xor
1,565,618,622,13,implies
1,566,20,28,7,or
1,567,449,456,9,not_xor
1,568,197,201,11,implied_by
1,569,529,531,5,b
1,570,313,319,8,not_or
1,571,587,591,7,or
1,572,91,94,9,not_xor
1,573,67,74,4,not_implied_by
1,574,22,26,4,not_implied_by
1,575,188,189,3,a
1,576,221,227,13,implies
1,577,32,35,10,not_b
1,578,389,395,13,implies
1,579,15,20,10,not_b
1,580,418,426,11,implied_by
1,581,548,553,14,not_and
1,582,702,708,10,not_b
1,583,489,492,4,not_implied_by
1,584,532,539,12,not_a
1,585,291,293,7,or
1,586,649,652,11,implied_by
1,587,204,210,11,implied_by
1,588,599,606,13,implies
1,589,184,188,6,xor
1,590,533,534,2,not_implies
1,591,296,298,7,or
1,592,576,581,8,not_or
1,593,570,576,7,or
1,594,547,553,6,xor
1,595,155,158,3,a
1,596,329,331,13,implies
1,597,388,391,2,not_implies
1,598,312,318,10,not_b
1,599,382,385,1,and
1,600,362,365,12,not_a
1,601,196,199,11,implied_by
1,602,349,357,14,not_and
1,603,524,525,1,and
1,604,21,25,3,a
1,605,709,710,11,implied_by
1,606,508,509,9,not_xor
1,607,590,591,6,xor
1,608,458,462,10,not_b
1,609,177,179,3,a
1,610,115,123,4,not_implied_by
1,611,760,765,7,or
1,612,767,769,13,implies
1,613,536,540,9,not_xor
1,614,500,502,3,a
1,615,531,538,5,b
1,616,354,356,14,not_and
1,617,332,336,9,not_xor
1,618,648,654,10,not_b
1,619,167,169,1,and
1,620,523,529,9,not_xor
1,621,757,762,10,not_b
1,622,30,35,7,or
1,623,482,484,6,xor
1,624,593,595,6,xor
1,625,228,234,8,not_or
1,626,103,108,15,one
1,627,108,111,9,not_xor
1,628,478,486,3,a
1,629,224,228,4,not_implied_by
1,630,522,527,3,a
1,631,266,271,12,not_a
1,632,717,719,8,not_or
1,633,481,487,5,b
1,634,773,776,6,xor
1,635,184,190,3,a
1,636,408,415,9,not_xor
1,637,571,573,12,not_a
1,638,582,587,13,implies
1,639,515,518,7,or
1,640,687,689,10,not_b
1,641,196,201,6,xor
1,642,217,218,6,xor
1,643,269,271,8,not_or
1,644,343,344,8,not_or
1,645,262,266,10,not_b
1,646,315,322,6,xor
1,647,544,551,4,not_implied_by
1,648,202,205,4,not_implied_by
1,649,466,471,8,not_or
1,650,157,159,9,not_xor
1,651,201,206,7,or
1,652,738,743,7,or
1,653,562,568,12,not_a
1,654,8,16,5,b
1,655,237,245,9,not_xor
1,656,300,305,12,not_a
1,657,379,384,7,or
1,658,419,420,14,not_and
1,659,229,230,7,or
1,660,492,493,1,and
1,661,423,430,4,not_implied_by
1,662,306,309,8,not_or
1,663,272,277,5,b
1,664,438,442,9,not_xor
1,665,570,573,6,xor
1,666,634,641,15,one
1,667,403,405,2,not_implies
1,668,579,582,8,not_or
1,669,378,381,14,not_and
1,670,351,354,1,and
1,671,348,352,9,not_xor
1,672,739,740,1,and
1,673,302,308,2,not_implies
1,674,766,772,3,a
1,675,320,327,6,xor
1,676,325,329,7,or
1,677,429,431,3,a
1,678,15,21,14,not_and
1,679,195,199,8,not_or
1,680,539,544,5,b
1,681,326,330,5,b
1,682,659,663,1,and
1,683,761,766,10,not_b
1,684,720,722,14,not_and
1,685,600,601,15,one
1,686,432,433,8,not_or
1,687,717,720,5,b
1,688,205,206,10,not_b
1,689,353,355,12,not_a
1,690,14,21,3,a
1,691,448,451,3,a
1,692,51,56,13,implies
1,693,751,752,9,not_xor
1,694,68,69,6,xor
1,695,80,84,5,b
1,696,261,268,3,a
1,697,435,440,3,a
1,698,595,596,8,not_or
1,699,373,380,6,xor
1,700,469,472,12,not_a
1,701,427,430,3,a
1,702,306,308,12,not_a
1,703,716,722,10,not_b
1,704,589,595,0,zero
1,705,331,337,6,xor
1,706,537,539,12,not_a
1,707,20,26,12,not_a
1,708,705,707,6,xor
1,709,301,306,0,zero
1,710,630,632,4,not_implied_by
1,711,438,440,6,xor
1,712,179,181,8,not_or
1,713,510,516,9,not_xor
1,714,370,377,12,not_a
1,715,469,474,4,not_implied_by
1,716,298,299,14,not_and
1,717,299,306,12,not_a
1,718,399,402,7,or
1,719,406,409,8,not_or
1,720,59,66,6,xor
1,721,508,513,1,and
1,722,1,8,11,implied_by
1,723,726,732,11,implied_by
1,724,315,319,9,not_xor
1,725,625,630,4,not_implied_by
1,726,253,259,6,xor
1,727,677,684,5,b
1,728,701,704,11,implied_by
1,729,476,481,10,not_b
1,730,600,606,7,or
1,731,762,768,1,and
1,732,385,388,7,or
1,733,227,231,9,not_xor
1,734,540,545,8,not_or
1,735,546,552,12,not_a
1,736,361,368,3,a
1,737,236,238,1,and
1,738,46,52,13,implies
1,739,154,158,3,a
1,740,769,776,11,implied_by
1,741,53,56,11,implied_by
1,742,276,277,10,not_b
1,743,126,127,7,or
1,744,733,737,6,xor
1,745,47,53,9,not_xor
1,746,483,488,11,implied_by
1,747,398,401,3,a
1,748,612,616,13,implies
1,749,704,711,6,xor
1,750,690,691,8,not_or
1,751,594,595,5,b
1,752,3,9,11,implied_by
1,753,176,177,5,b
1,754,6,13,10,not_b
1,755,657,660,10,not_b
1,756,604,610,10,not_b
1,757,75,76,10,not_b
1,758,48,53,13,implies
1,759,256,260,9,not_xor
1,760,139,143,10,not_b
1,761,311,317,9,not_xor
1,762,121,126,9,not_xor
1,763,307,311,8,not_or
1,764,516,517,12,not_a
1,765,527,529,9,not_xor
1,766,177,182,7,or
1,767,425,430,11,implied_by
1,768,49,53,7,or
1,769,765,769,11,implied_by
1,770,45,47,6,xor
1,771,398,404,9,not_xor
1,772,160,165,14,not_and
1,773,634,639,13,implies
1,774,729,736,8,not_or
1,775,439,441,1,and
1,776,341,343,4,not_implied_by
1,777,642,648,7,or
1,778,354,357,6,xor
1,779,491,492,14,not_and
1,780,64,72,10,not_b
1,781,90,91,8,not_or
1,782,18,20,13,implies
1,783,453,457,6,xor
1,784,677,680,13,implies
1,785,487,488,13,implies
1,786,372,374,4,not_implied_by
1,787,526,532,2,not_implies
1,788,505,507,7,or
1,789,679,682,8,not_or
1,790,530,534,8,not_or
1,791,242,247,9,not_xor
1,792,343,346,6,xor
1,793,130,134,6,xor
1,794,25,33,4,not_implied_by
1,795,264,267,8,not_or
1,796,512,518,3,a
1,797,166,172,6,xor
1,798,419,427,12,not_a
1,799,290,291,7,or
1,800,71,79,9,not_xor
1,801,605,610,4,not_implied_by
1,802,3,6,5,b
1,803,166,169,6,xor
1,804,28,33,6,xor
1,805,57,60,7,or
1,806,250,251,8,not_or
1,807,712,715,2,not_implies
1,808,722,729,2,not_implies
1,809,723,726,9,not_xor
1,810,342,348,14,not_and
1,811,667,668,14,not_and
1,812,11,15,14,not_and
1,813,49,52,13,implies
1,814,55,58,4,not_implied_by
1,815,225,233,4,not_implied_by
1,816,286,287,0,zero
1,817,499,500,14,not_and
1,818,313,320,4,not_implied_by
1,819,147,155,5,b
1,820,608,612,12,not_a
1,821,696,701,7,or
1,822,576,583,9,not_xor
1,823,670,672,6,xor
1,824,44,49,5,b
1,825,21,23,10,not_b
1,826,230,231,7,or
1,827,655,658,15,one
1,828,239,244,7,or
1,829,55,59,7,or
1,830,472,478,6,xor
1,831,275,282,14,not_and
1,832,256,261,10,not_b
1,833,165,170,3,a
1,834,429,437,9,not_xor
1,835,461,463,8,not_or
1,836,207,211,12,not_a
1,837,560,562,8,not_or
1,838,762,766,2,not_implies
1,839,604,611,4,not_implied_by
1,840,668,669,7,or
1,841,662,668,6,xor
1,842,378,383,5,b
1,843,721,725,9,not_xor
1,844,690,695,5,b
1,845,215,220,9,not_xor
1,846,406,410,7,or
1,847,724,728,12,not_a
1,848,486,491,9,not_xor
1,849,554,560,13,implies
1,850,525,532,1,and
1,851,133,134,9,not_xor
1,852,739,746,9,not_xor
1,853,543,550,9,not_xor
1,854,492,497,12,not_a
1,855,580,581,6,xor
1,856,205,208,8,not_or
1,857,558,564,5,b
1,858,623,626,14,not_and
1,859,228,236,6,xor
1,860,422,423,7,or
1,861,86,87,3,a
1,862,692,698,10,not_b
1,863,328,336,0,zero
1,864,293,299,2,not_implies
1,865,254,259,5,b
1,866,104,111,13,implies
1,867,8,11,9,not_xor
1,868,111,119,7,or
1,869,631,635,2,not_implies
1,870,526,527,14,not_and
1,871,18,23,6,xor
1,872,497,500,11,implied_by
1,873,14,16,4,not_implied_by
1,874,539,540,0,zero
1,875,245,246,9,not_xor
1,876,521,529,13,implies
1,877,617,619,9,not_xor
1,878,766,773,9,not_xor
1,879,375,382,13,implies
1,880,115,122,8,not_or
1,881,9,15,5,b
1,882,726,729,5,b
1,883,234,239,0,zero
1,884,719,726,13,implies
1,885,19,24,3,a
1,886,591,598,14,not_and
1,887,392,395,6,xor
1,888,431,432,9,not_xor
1,889,350,353,12,not_a
1,890,578,583,3,a
1,891,223,230,4,not_implied_by
1,892,464,471,3,a
1,893,320,328,6,xor
1,894,741,743,8,not_or
1,895,238,239,13,implies
1,896,519,523,13,implies
1,897,198,205,4,not_implied_by
1,898,225,231,7,or
1,899,592,593,8,not_or
1,900,135,141,9,not_xor
1,901,329,330,4,not_implied_by
1,902,685,689,8,not_or
1,903,675,680,9,not_xor
1,904,349,350,11,implied_by
1,905,137,142,6,xor
1,906,3,11,10,not_b
1,907,728,735,0,zero
1,908,129,137,6,xor
1,909,649,653,4,not_implied_by
1,910,68,76,10,not_b
1,911,560,566,7,or
1,912,243,245,7,or
1,913,535,541,13,implies
1,914,669,676,9,not_xor
1,915,197,203,5,b
1,916,196,202,6,xor
1,917,287,295,6,xor
1,918,617,618,7,or
1,919,135,143,10,not_b
1,920,724,727,12,not_a
1,921,391,395,9,not_xor
1,922,101,103,10,not_b
1,923,771,777,14,not_and
1,924,309,312,8,not_or
1,925,611,617,11,implied_by
1,926,130,135,2,not_implies
1,927,12,17,6,xor
1,928,18,24,13,implies
1,929,348,351,4,not_implied_by
1,930,544,549,6,xor
1,931,522,528,9,not_xor
1,932,613,619,7,or
1,933,628,635,9,not_xor
1,934,43,50,12,not_a
1,935,184,186,9,not_xor
1,936,309,313,11,implied_by
1,937,342,346,14,not_and
1,938,463,467,12,not_a
1,939,411,412,14,not_and
1,940,303,304,11,implied_by
1,941,709,712,10,not_b
1,942,560,567,8,not_or
1,943,749,752,8,not_or
1,944,682,687,9,not_xor
1,945,220,222,8,not_or
1,946,181,186,4,not_implied_by
1,947,442,445,14,not_and
1,948,233,234,7,or
1,949,391,396,11,implied_by
1,950,317,325,4,not_implied_by
1,951,126,132,9,not_xor
1,952,84,85,14,not_and
1,953,567,570,1,and
1,954,695,697,1,and
1,955,40,46,6,xor
1,956,493,501,1,and
1,957,32,37,10,not_b
1,958,710,711,1,and
1,959,81,82,14,not_and
1,960,258,261,9,not_xor
1,961,637,641,7,or
1,962,224,227,2,not_implies
1,963,227,229,10,not_b
1,964,75,79,9,not_xor
1,965,580,582,6,xor
1,966,130,133,9,not_xor
1,967,319,321,6,xor
1,968,122,127,7,or
1,969,199,201,7,or
1,970,637,642,7,or
1,971,530,532,12,not_a
1,972,678,681,3,a
1,973,591,596,9,not_xor
1,974,424,432,7,or
1,975,312,320,12,not_a
1,976,287,293,7,or
1,977,198,201,3,a
1,978,315,323,9,not_xor
1,979,120,126,7,or
1,980,533,538,15,one
1,981,689,695,13,implies
1,982,617,622,10,not_b
1,983,226,232,7,or
1,984,114,121,6,xor
1,985,713,719,9,not_xor
1,986,308,313,12,not_a
1,987,682,685,6,xor
1,988,426,429,8,not_or
1,989,149,156,14,not_and
1,990,576,580,4,not_implied_by
1,991,7,8,9,not_xor
1,992,547,554,13,implies
1,993,565,569,6,xor
1,994,11,13,12,not_a
1,995,347,349,12,not_a
1,996,253,256,7,or
1,997,170,176,9,not_xor
1,998,293,295,10,not_b
1,999,311,318,3,a
1,1000,758,763,7,or
1,1001,209,216,7,or
1,1002,568,569,7,or
1,1003,622,628,6,xor
1,1004,643,650,7,or
1,1005,102,104,2,not_implies
1,1006,171,177,13,implies
1,1007,402,405,1,and
1,1008,601,607,10,not_b
1,1009,646,653,11,implied_by
1,1010,404,408,5,b
1,1011,205,210,7,or
1,1012,595,601,6,xor
1,1013,60,66,5,b
1,1014,557,562,8,not_or
1,1015,42,47,2,not_implies
1,1016,38,39,11,implied_by
1,1017,489,494,12,not_a
1,1018,354,358,8,not_or
1,1019,649,650,5,b
1,1020,300,304,6,xor
1,1021,42,46,9,not_xor
1,1022,256,258,10,not_b
1,1023,312,316,7,or
1,1024,191,195,9,not_xor
1,1025,503,507,9,not_xor
1,1026,297,301,7,or
1,1027,526,531,12,not_a
1,1028,269,275,1,and
1,1029,310,315,6,xor
1,1030,630,636,2,not_implies
1,1031,431,433,4,not_implied_by
1,1032,327,328,2,not_implies
1,1033,340,348,1,and
1,1034,674,679,9,not_xor
1,1035,469,475,12,not_a
1,1036,193,196,13,implies
1,1037,171,179,8,not_or
1,1038,344,352,14,not_and
1,1039,678,684,3,a
1,1040,114,122,6,xor
1,1041,475,478,9,not_xor
1,1042,161,167,13,implies
1,1043,21,24,9,not_xor
1,1044,72,73,3,a
1,1045,297,304,7,or
1,1046,578,582,2,not_implies
1,1047,550,557,12,not_a
1,1048,67,73,6,xor
1,1049,31,35,5,b
1,1050,129,136,12,not_a
1,1051,381,385,1,and
1,1052,505,511,3,a
1,1053,670,674,10,not_b
1,1054,106,110,13,implies
1,1055,328,335,11,implied_by
1,1056,632,636,4,not_implied_by
1,1057,33,36,8,not_or
1,1058,696,698,3,a
1,1059,292,295,4,not_implied_by
1,1060,257,265,6,xor
1,1061,345,346,13,implies
1,1062,714,718,3,a
1,1063,2,4,6,xor
1,1064,474,481,10,not_b
1,1065,467,473,7,or
1,1066,32,40,5,b
1,1067,754,758,3,a
1,1068,12,20,1,and
1,1069,179,185,10,not_b
1,1070,112,115,7,or
1,1071,573,580,7,or
1,1072,659,665,13,implies
1,1073,266,274,12,not_a
1,1074,680,683,6,xor
1,1075,23,24,12,not_a
1,1076,647,652,4,not_implied_by
1,1077,390,397,11,implied_by
1,1078,725,726,10,not_b
1,1079,226,227,8,not_or
1,1080,448,449,9,not_xor
1,1081,693,697,2,not_implies
1,1082,635,636,9,not_xor
1,1083,60,65,9,not_xor
1,1084,749,756,2,not_implies
1,1085,774,775,3,a
1,1086,260,267,12,not_a
1,1087,616,619,4,not_implied_by
1,1088,488,494,11,implied_by
1,1089,610,611,6,xor
1,1090,628,630,9,not_xor
1,1091,370,376,8,not_or
1,1092,754,756,8,not_or
1,1093,557,563,8,not_or
1,1094,244,252,9,not_xor
1,1095,37,45,12,not_a
1,1096,457,462,5,b
1,1097,148,153,2,not_implies
1,1098,767,770,13,implies
1,1099,45,48,2,not_implies
1,1100,15,23,2,not_implies
1,1101,613,620,9,not_xor
1,1102,41,43,6,xor
1,1103,505,513,11,implied_by
1,1104,53,55,2,not_implies
1,1105,651,657,5,b
1,1106,255,259,8,not_or
1,1107,327,329,2,not_implies
1,1108,619,622,6,xor
1,1109,522,530,13,implies
1,1110,329,332,8,not_or
1,1111,73,81,13,implies
1,1112,118,125,5,b
1,1113,113,115,9,not_xor
1,1114,397,402,6,xor
1,1115,444,452,9,not_xor
1,1116,94,98,4,not_implied_by
1,1117,492,498,2,not_implies
1,1118,170,171,4,not_implied_by
1,1119,127,130,12,not_a
1,1120,286,288,8,not_or
1,1121,164,172,10,not_b
1,1122,387,394,12,not_a
1,1123,300,301,1,and
1,1124,531,536,12,not_a
1,1125,453,455,6,xor
1,1126,213,214,9,not_xor
1,1127,419,421,14,not_and
1,1128,101,105,14,not_and
1,1129,102,105,15,one
1,1130,513,516,14,not_and
1,1131,261,264,1,and
1,1132,362,363,9,not_xor
1,1133,687,688,9,not_xor
1,1134,104,105,10,not_b
1,1135,647,650,10,not_b
1,1136,487,493,10,not_b
1,1137,41,42,3,a
1,1138,562,565,12,not_a
1,1139,520,522,12,not_a
1,1140,530,538,7,or
1,1141,571,572,6,xor
1,1142,348,355,8,not_or
1,1143,461,462,9,not_xor
1,1144,381,382,9,not_xor
1,1145,316,321,11,implied_by
1,1146,562,563,9,not_xor
1,1147,24,32,15,one
1,1148,413,418,15,one
1,1149,662,667,2,not_implies
1,1150,353,361,7,or
1,1151,3,8,11,implied_by
1,1152,730,734,12,not_a
1,1153,764,766,7,or
1,1154,191,192,9,not_xor
1,1155,773,780,13,implies
1,1156,577,584,2,not_implies
1,1157,29,36,5,b
1,1158,0,6,2,not_implies
1,1159,43,51,7,or
1,1160,665,671,8,not_or
1,1161,380,385,10,not_b
1,1162,749,750,9,not_xor
1,1163,250,257,6,xor
1,1164,725,732,10,not_b
1,1165,239,241,5,b
1,1166,304,306,7,or
1,1167,484,486,5,b
1,1168,85,86,3,a
1,1169,158,160,14,not_and
1,1170,256,257,10,not_b
1,1171,370,374,7,or
1,1172,461,468,3,a
1,1173,384,386,12,not_a
1,1174,26,31,13,implies
1,1175,8,9,6,xor
1,1176,734,736,5,b
1,1177,492,500,2,not_implies
1,1178,453,460,1,and
1,1179,644,648,1,and
1,1180,564,565,9,not_xor
1,1181,279,287,12,not_a
1,1182,549,553,8,not_or
1,1183,660,661,6,xor
1,1184,250,254,9,not_xor
1,1185,62,65,6,xor
1,1186,715,719,14,not_and
1,1187,297,298,1,and
1,1188,353,359,10,not_b
1,1189,17,19,9,not_xor
1,1190,684,687,13,implies
1,1191,607,614,9,not_xor
1,1192,236,241,10,not_b
1,1193,459,462,1,and
1,1194,238,240,6,xor
1,1195,509,510,6,xor
1,1196,529,530,5,b
1,1197,483,487,5,b
1,1198,639,642,14,not_and
1,1199,169,175,11,implied_by
1,1200,737,743,10,not_b
1,1201,237,240,10,not_b
1,1202,323,324,5,b
1,1203,747,754,5,b
1,1204,6,9,1,and
1,1205,548,551,1,and
1,1206,384,388,3,a
1,1207,488,491,14,not_and
1,1208,149,151,14,not_and
1,1209,474,479,12,not_a
1,1210,283,288,4,not_implied_by
1,1211,769,772,1,and
1,1212,220,228,7,or
1,1213,164,169,9,not_xor
1,1214,509,512,8,not_or
1,1215,132,139,8,not_or
1,1216,272,274,7,or
1,1217,352,353,10,not_b
1,1218,183,186,8,not_or
1,1219,241,244,5,b
1,1220,175,178,2,not_implies
1,1221,132,138,3,a
1,1222,318,319,5,b
1,1223,89,92,3,a
1,1224,422,429,4,not_implied_by
1,1225,181,187,7,or
1,1226,575,580,5,b
1,1227,245,248,6,xor
1,1228,64,66,9,not_xor
1,1229,277,278,10,not_b
1,1230,718,722,12,not_a
1,1231,435,439,6,xor
1,1232,231,238,13,implies
1,1233,128,130,13,implies
1,1234,202,209,7,or
1,1235,242,248,1,and
1,1236,300,302,8,not_or
1,1237,257,264,14,not_and
1,1238,163,165,8,not_or
1,1239,372,377,3,a
1,1240,165,167,15,one
1,1241,230,234,3,a
1,1242,446,450,13,implies
1,1243,210,212,14,not_and
1,1244,134,138,8,not_or
1,1245,365,367,8,not_or
1,1246,459,466,10,not_b
1,1247,441,442,7,or
1,1248,344,348,3,a
1,1249,676,680,8,not_or
1,1250,313,316,8,not_or
1,1251,375,379,0,zero
1,1252,628,629,14,not_and
1,1253,200,208,9,not_xor
1,1254,17,25,6,xor
1,1255,710,714,13,implies
1,1256,66,74,9,not_xor
1,1257,521,523,13,implies
1,1258,306,307,3,a
1,1259,526,528,6,xor
1,1260,753,759,3,a
1,1261,290,297,7,or
1,1262,243,250,7,or
1,1263,434,440,14,not_and
1,1264,142,146,7,or
1,1265,266,270,5,b
1,1266,527,535,4,not_implied_by
1,1267,301,302,1,and
1,1268,473,480,9,not_xor
1,1269,622,627,4,not_implied_by
1,1270,51,57,8,not_or
1,1271,411,415,7,or
1,1272,144,146,7,or
1,1273,140,144,5,b
1,1274,383,387,8,not_or
1,1275,292,300,11,implied_by
1,1276,507,512,14,not_and
1,1277,403,406,14,not_and
1,1278,348,353,6,xor
1,1279,86,89,8,not_or
1,1280,41,47,9,not_xor
1,1281,691,693,9,not_xor
1,1282,334,338,6,xor
1,1283,113,114,8,not_or
1,1284,92,96,12,not_a
1,1285,526,534,9,not_xor
1,1286,583,584,7,or
1,1287,333,341,9,not_xor
1,1288,539,541,6,xor
1,1289,713,714,10,not_b
1,1290,605,607,9,not_xor
1,1291,169,177,7,or
1,1292,691,695,12,not_a
1,1293,167,175,5,b
1,1294,127,128,1,and
1,1295,280,281,12,not_a
1,1296,609,614,0,zero
1,1297,264,271,6,xor
1,1298,443,450,9,not_xor
1,1299,513,521,13,implies
1,1300,561,563,1,and
1,1301,625,632,7,or
1,1302,702,705,6,xor
1,1303,295,303,9,not_xor
1,1304,682,684,12,not_a
1,1305,415,419,13,implies
1,1306,414,419,6,xor
1,1307,429,433,3,a
1,1308,157,160,9,not_xor
1,1309,156,159,13,implies
1,1310,683,688,9,not_xor
1,1311,180,184,5,b
1,1312,730,732,1,and
1,1313,439,445,9,not_xor
1,1314,315,316,8,not_or
1,1315,285,286,7,or
1,1316,28,31,1,and
1,1317,185,190,5,b
1,1318,714,716,1,and
1,1319,110,116,7,or
1,1320,194,202,2,not_implies
1,1321,554,561,6,xor
1,1322,340,344,7,or
1,1323,640,647,4,not_implied_by
1,1324,48,51,9,not_xor
1,1325,393,399,9,not_xor
1,1326,170,174,6,xor
1,1327,159,160,1,and
1,1328,473,478,9,not_xor
1,1329,235,241,4,not_implied_by
1,1330,491,495,9,not_xor
1,1331,102,109,6,xor
1,1332,209,213,5,b
1,1333,358,366,6,xor
1,1334,146,149,12,not_a
1,1335,307,312,11,implied_by
1,1336,55,61,14,not_and
1,1337,44,48,5,b
1,1338,748,749,9,not_xor
1,1339,304,309,9,not_xor
1,1340,20,25,11,implied_by
1,1341,202,203,7,or
1,1342,317,320,12,not_a
1,1343,581,583,11,implied_by
1,1344,231,237,8,not_or
1,1345,282,285,11,implied_by
1,1346,331,336,12,not_a
1,1347,111,115,15,one
1,1348,629,633,1,and
1,1349,645,647,12,not_a
1,1350,207,213,11,implied_by
1,1351,596,601,15,one
1,1352,388,390,6,xor
1,1353,512,513,7,or
1,1354,75,83,11,implied_by
1,1355,48,50,2,not_implies
1,1356,536,541,12,not_a
1,1357,166,170,3,a
1,1358,176,182,6,xor
1,1359,479,485,4,not_implied_by
1,1360,461,469,1,and
1,1361,135,142,3,a
1,1362,474,478,11,implied_by
1,1363,458,465,5,b
1,1364,99,101,4,not_implied_by
1,1365,588,592,8,not_or
1,1366,225,229,9,not_xor
1,1367,138,140,7,or
1,1368,137,144,9,not_xor
1,1369,134,141,3,a
1,1370,263,264,4,not_implied_by
1,1371,402,408,7,or
1,1372,702,709,9,not_xor
1,1373,302,307,12,not_a
1,1374,498,504,9,not_xor
1,1375,19,23,7,or
1,1376,464,470,3,a
1,1377,108,110,13,implies
1,1378,450,453,8,not_or
1,1379,521,526,1,and
1,1380,110,111,15,one
1,1381,330,334,4,not_implied_by
1,1382,52,55,6,xor
1,1383,196,198,10,not_b
1,1384,357,362,10,not_b
1,1385,777,782,7,or
1,1386,41,48,6,xor
1,1387,423,429,12,not_a
1,1388,710,717,10,not_b
1,1389,152,157,8,not_or
1,1390,364,366,4,not_implied_by
1,1391,296,299,11,implied_by
1,1392,105,108,7,or
1,1393,476,480,8,not_or
1,1394,189,195,6,xor
1,1395,145,151,4,not_implied_by
1,1396,631,636,9,not_xor
1,1397,189,192,9,not_xor
1,1398,233,235,12,not_a
1,1399,165,171,3,a
1,1400,148,155,3,a
1,1401,684,688,5,b
1,1402,683,685,1,and
1,1403,616,620,4,not_implied_by
1,1404,124,125,9,not_xor
1,1405,425,432,8,not_or
1,1406,469,476,6,xor
1,1407,494,496,12,not_a
1,1408,448,452,6,xor
1,1409,352,357,12,not_a
1,1410,463,465,1,and
1,1411,149,153,3,a
1,1412,491,496,10,not_b
1,1413,205,209,7,or
1,1414,659,661,12,not_a
1,1415,363,371,4,not_implied_by
1,1416,568,573,9,not_xor
1,1417,432,438,12,not_a
1,1418,481,489,3,a
1,1419,665,672,2,not_implies
1,1420,597,602,4,not_implied_by
1,1421,400,401,10,not_b
1,1422,592,599,10,not_b
1,1423,685,690,5,b
1,1424,455,456,9,not_xor
1,1425,49,55,7,or
1,1426,684,691,10,not_b
1,1427,618,624,6,xor
1,1428,621,627,7,or
1,1429,3,4,12,not_a
1,1430,281,285,6,xor
1,1431,690,692,5,b
1,1432,778,781,11,implied_by
1,1433,97,98,6,xor
1,1434,657,661,10,not_b
1,1435,501,503,7,or
1,1436,455,460,2,not_implies
1,1437,129,131,7,or
1,1438,553,555,12,not_a
1,1439,119,126,6,xor
1,1440,608,609,14,not_and
1,1441,694,696,7,or
1,1442,274,278,9,not_xor
1,1443,514,521,9,not_xor
1,1444,239,245,8,not_or
1,1445,286,291,12,not_a
1,1446,241,247,9,not_xor
1,1447,578,581,5,b
1,1448,246,248,15,one
1,1449,666,668,7,or
1,1450,705,706,1,and
1,1451,376,379,1,and
1,1452,481,488,5,b
1,1453,608,611,12,not_a
1,1454,51,59,7,or
1,1455,64,67,12,not_a
1,1456,404,406,5,b
1,1457,248,249,8,not_or
1,1458,713,717,6,xor
1,1459,702,704,7,or
1,1460,644,651,5,b
1,1461,490,497,10,not_b
1,1462,569,573,10,not_b
1,1463,188,193,9,not_xor
1,1464,188,194,10,not_b
1,1465,177,183,8,not_or
1,1466,517,520,7,or
1,1467,528,529,6,xor
1,1468,451,458,6,xor
1,1469,723,730,8,not_or
1,1470,411,418,3,a
1,1471,237,239,6,xor
1,1472,259,266,9,not_xor
1,1473,401,404,1,and
1,1474,442,446,11,implied_by
1,1475,216,224,6,xor
1,1476,511,514,3,a
1,1477,107,111,10,not_b
1,1478,466,474,13,implies
1,1479,289,294,9,not_xor
1,1480,74,79,1,and
1,1481,323,331,1,and
1,1482,730,733,6,xor
1,1483,590,597,10,not_b
1,1484,346,349,10,not_b
1,1485,111,114,7,or
1,1486,290,294,9,not_xor
1,1487,202,204,8,not_or
1,1488,103,105,5,b
1,1489,760,761,14,not_and
1,1490,753,757,12,not_a
1,1491,259,261,6,xor
1,1492,780,782,8,not_or
1,1493,60,61,0,zero
1,1494,265,273,9,not_xor
1,1495,413,416,6,xor
1,1496,751,758,1,and
1,1497,723,725,9,not_xor
1,1498,270,271,9,not_xor
1,1499,404,407,8,not_or
1,1500,351,356,14,not_and
1,1501,281,284,14,not_and
1,1502,513,515,9,not_xor
1,1503,211,218,2,not_implies
1,1504,289,292,4,not_implied_by
1,1505,179,183,10,not_b
1,1506,299,301,7,or
1,1507,421,425,9,not_xor
1,1508,701,703,6,xor
1,1509,91,93,10,not_b
1,1510,493,500,9,not_xor
1,1511,45,53,8,not_or
1,1512,248,256,10,not_b
1,1513,210,211,12,not_a
1,1514,241,249,12,not_a
1,1515,61,65,2,not_implies
1,1516,271,278,7,or
1,1517,578,580,6,xor
1,1518,319,322,14,not_and
1,1519,290,296,6,xor
1,1520,225,232,9,not_xor
1,1521,750,752,6,xor
1,1522,509,514,5,b
1,1523,434,436,6,xor
1,1524,314,320,9,not_xor
1,1525,685,692,10,not_b
1,1526,686,688,3,a
1,1527,215,219,6,xor
1,1528,283,284,9,not_xor
1,1529,261,263,8,not_or
1,1530,399,403,2,not_implies
1,1531,132,135,5,b
1,1532,608,615,7,or
1,1533,445,451,3,a
1,1534,746,749,6,xor
1,1535,727,731,11,implied_by
1,1536,169,176,7,or
1,1537,52,53,10,not_b
1,1538,429,430,11,implied_by
1,1539,601,603,9,not_xor
1,1540,354,362,12,not_a
1,1541,422,425,11,implied_by
1,1542,352,360,11,implied_by
1,1543,20,23,2,not_implies
1,1544,120,128,9,not_xor
1,1545,667,673,8,not_or
1,1546,98,105,6,xor
1,1547,369,376,10,not_b
1,1548,189,191,9,not_xor
1,1549,331,339,3,a
1,1550,55,63,11,implied_by
1,1551,736,741,11,implied_by
1,1552,544,546,6,xor
1,1553,293,297,6,xor
1,1554,404,410,9,not_xor
1,1555,589,592,5,b
1,1556,12,15,12,not_a
1,1557,255,260,7,or
1,1558,393,396,9,not_xor
1,1559,376,381,10,not_b
1,1560,116,117,4,not_implied_by
1,1561,170,175,2,not_implies
1,1562,434,437,14,not_and
1,1563,692,696,8,not_or
1,1564,248,252,12,not_a
1,1565,501,508,13,implies
1,1566,156,160,3,a
1,1567,617,621,10,not_b
1,1568,490,496,2,not_implies
1,1569,276,282,10,not_b
1,1570,522,529,9,not_xor
1,1571,419,423,0,zero
1,1572,318,323,6,xor
1,1573,10,16,7,or
1,1574,217,223,7,or
1,1575,284,288,8,not_or
1,1576,6,7,3,a
1,1577,552,554,10,not_b
1,1578,315,321,12,not_a
1,1579,456,464,12,not_a
1,1580,769,770,6,xor
1,1581,172,175,7,or
1,1582,53,57,8,not_or
1,1583,595,600,13,implies
1,1584,602,608,1,and
1,1585,367,373,7,or
1,1586,121,122,1,and
1,1587,602,603,1,and
1,1588,151,158,8,not_or
1,1589,233,238,9,not_xor
1,1590,100,101,6,xor
1,1591,703,704,7,or
1,1592,506,511,4,not_implied_by
1,1593,268,270,9,not_xor
1,1594,162,170,2,not_implies
1,1595,643,648,4,not_implied_by
1,1596,479,482,9,not_xor
1,1597,237,244,15,one
1,1598,181,182,7,or
1,1599,615,616,5,b
1,1600,433,435,10,not_b
1,1601,683,689,2,not_implies
1,1602,511,512,1,and
1,1603,751,753,12,not_a
1,1604,532,533,1,and
1,1605,175,177,7,or
1,1606,141,146,7,or
1,1607,234,242,1,and
1,1608,83,86,11,implied_by
1,1609,334,336,9,not_xor
1,1610,267,272,7,or
1,1611,60,67,12,not_a
1,1612,743,745,14,not_and
1,1613,160,167,6,xor
1,1614,759,765,5,b
1,1615,80,85,3,a
1,1616,507,509,8,not_or
1,1617,559,560,13,implies
1,1618,296,303,1,and
1,1619,155,162,7,or
1,1620,455,462,6,xor
1,1621,31,39,11,implied_by
1,1622,99,106,10,not_b
1,1623,105,110,7,or
1,1624,497,505,12,not_a
1,1625,774,778,7,or
1,1626,353,358,6,xor
1,1627,660,667,1,and
1,1628,459,467,10,not_b
1,1629,632,638,0,zero
1,1630,760,763,7,or
1,1631,88,90,15,one
1,1632,87,88,8,not_or
1,1633,41,46,9,not_xor
1,1634,120,125,12,not_a
1,1635,473,479,3,a
1,1636,74,77,8,not_or
1,1637,689,690,1,and
1,1638,279,280,5,b
1,1639,350,357,7,or
1,1640,270,273,1,and
1,1641,647,649,6,xor
1,1642,405,407,2,not_implies
1,1643,316,318,5,b
1,1644,425,429,6,xor
1,1645,442,443,7,or
1,1646,495,502,5,b
1,1647,744,748,8,not_or
1,1648,235,240,11,implied_by
1,1649,702,706,7,or
1,1650,602,604,1,and
1,1651,657,663,7,or
1,1652,588,590,7,or
1,1653,133,139,9,not_xor
1,1654,26,27,12,not_a
1,1655,70,74,7,or
1,1656,65,67,14,not_and
1,1657,350,354,5,b
1,1658,539,547,2,not_implies
1,1659,205,211,7,or
1,1660,265,267,9,not_xor
1,1661,179,182,3,a
1,1662,143,147,3,a
1,1663,125,126,10,not_b
1,1664,498,502,13,implies
1,1665,181,183,11,implied_by
1,1666,264,268,6,xor
1,1667,399,406,3,a
1,1668,476,478,0,zero
1,1669,237,241,11,implied_by
1,1670,544,545,6,xor
1,1671,126,134,9,not_xor
1,1672,461,467,6,xor
1,1673,605,608,7,or
1,1674,716,721,7,or
1,1675,157,158,10,not_b
1,1676,110,112,3,a
1,1677,548,552,8,not_or
1,1678,115,119,5,b
1,1679,700,707,4,not_implied_by
1,1680,76,83,8,not_or
1,1681,169,170,1,and
1,1682,9,17,7,or
1,1683,326,331,8,not_or
1,1684,478,479,3,a
1,1685,8,13,8,not_or
1,1686,191,197,9,not_xor
1,1687,52,59,6,xor
1,1688,341,342,7,or
1,1689,375,380,5,b
1,1690,72,74,12,not_a
1,1691,432,440,6,xor
1,1692,324,326,12,not_a
1,1693,115,118,7,or
1,1694,331,338,15,one
1,1695,122,130,12,not_a
1,1696,236,242,2,not_implies
1,1697,73,76,7,or
1,1698,33,40,8,not_or
1,1699,505,509,4,not_implied_by
1,1700,650,651,12,not_a
1,1701,485,492,15,one
1,1702,137,139,2,not_implies
1,1703,324,328,13,implies
1,1704,634,638,12,not_a
1,1705,732,733,6,xor
1,1706,187,189,3,a
1,1707,174,179,9,not_xor
1,1708,380,381,4,not_implied_by
1,1709,562,567,3,a
1,1710,364,367,11,implied_by
1,1711,120,121,14,not_and
1,1712,774,776,8,not_or
1,1713,176,180,0,zero
1,1714,444,446,6,xor
1,1715,42,50,3,a
1,1716,487,494,12,not_a
1,1717,328,333,7,or
1,1718,707,710,10,not_b
1,1719,268,269,5,b
1,1720,230,237,12,not_a
1,1721,398,402,12,not_a
1,1722,422,426,4,not_implied_by
1,1723,326,332,13,implies
1,1724,597,599,9,not_xor
1,1725,139,141,7,or
1,1726,270,272,7,or
1,1727,427,435,9,not_xor
1,1728,375,383,12,not_a
1,1729,213,221,5,b
1,1730,90,94,4,not_implied_by
1,1731,355,358,10,not_b
1,1732,186,193,13,implies
1,1733,543,544,10,not_b
1,1734,368,375,12,not_a
1,1735,767,771,4,not_implied_by
1,1736,111,118,0,zero
1,1737,219,220,11,implied_by
1,1738,107,109,12,not_a
1,1739,500,503,9,not_xor
1,1740,754,759,2,not_implies
1,1741,365,370,6,xor
1,1742,245,253,7,or
1,1743,588,589,11,implied_by
1,1744,396,398,6,xor
1,1745,178,181,4,not_implied_by
1,1746,81,84,11,implied_by
1,1747,58,65,6,xor
1,1748,391,392,8,not_or
1,1749,302,303,3,a
1,1750,110,118,11,implied_by
1,1751,452,455,4,not_implied_by
1,1752,148,154,3,a
1,1753,313,318,12,not_a
1,1754,366,373,3,a
1,1755,277,280,0,zero
1,1756,8,10,5,b
1,1757,50,58,6,xor
1,1758,665,668,5,b
1,1759,373,377,10,not_b
1,1760,535,539,6,xor
1,1761,758,761,12,not_a
1,1762,541,545,3,a
1,1763,334,335,13,implies
1,1764,237,243,3,a
1,1765,305,313,2,not_implies
1,1766,404,409,6,xor
1,1767,118,124,3,a
1,1768,539,542,13,implies
1,1769,518,520,9,not_xor
1,1770,465,466,12,not_a
1,1771,320,323,8,not_or
1,1772,752,759,8,not_or
1,1773,558,565,0,zero
1,1774,414,417,6,xor
1,1775,333,338,6,xor
1,1776,273,278,6,xor
1,1777,314,321,8,not_or
1,1778,439,447,7,or
1,1779,144,150,12,not_a
1,1780,396,402,10,not_b
1,1781,649,656,6,xor
1,1782,365,369,10,not_b
1,1783,135,139,13,implies
1,1784,106,108,7,or
1,1785,387,393,5,b
1,1786,12,13,6,xor
1,1787,259,264,6,xor
1,1788,570,572,8,not_or
1,1789,579,586,9,not_xor
1,1790,5,9,6,xor
1,1791,529,535,6,xor
1,1792,324,330,4,not_implied_by
1,1793,95,97,10,not_b
1,1794,279,285,6,xor
1,1795,678,685,7,or
1,1796,109,113,7,or
1,1797,248,255,8,not_or
1,1798,136,143,14,not_and
1,1799,553,556,8,not_or
1,1800,456,463,11,implied_by
1,1801,424,430,7,or
1,1802,240,242,7,or
1,1803,143,149,8,not_or
1,1804,708,714,6,xor
1,1805,239,247,2,not_implies
1,1806,205,207,7,or
1,1807,214,219,5,b
1,1808,378,382,13,implies
1,1809,365,366,10,not_b
1,1810,286,289,5,b
1,1811,502,505,12,not_a
1,1812,359,367,12,not_a
1,1813,319,327,14,not_and
1,1814,70,71,8,not_or
1,1815,355,363,3,a
1,1816,36,41,4,not_implied_by
1,1817,223,229,11,implied_by
1,1818,407,408,8,not_or
1,1819,688,689,12,not_a
1,1820,492,499,14,not_and
1,1821,669,673,3,a
1,1822,247,248,6,xor
1,1823,518,523,14,not_and
1,1824,642,649,12,not_a
1,1825,169,173,2,not_implies
1,1826,354,361,3,a
1,1827,164,171,12,not_a
1,1828,85,92,7,or
1,1829,108,109,3,a
1,1830,707,709,6,xor
1,1831,466,467,9,not_xor
1,1832,516,519,7,or
1,1833,213,220,4,not_implied_by
1,1834,92,94,6,xor
1,1835,63,67,12,not_a
1,1836,664,667,14,not_and
1,1837,25,30,13,implies
1,1838,569,571,4,not_implied_by
1,1839,222,229,5,b
1,1840,19,22,13,implies
1,1841,638,639,7,or
1,1842,315,317,7,or
1,1843,459,465,9,not_xor
1,1844,98,101,6,xor
1,1845,471,478,9,not_xor
1,1846,159,167,9,not_xor
1,1847,290,295,10,not_b
1,1848,409,410,11,implied_by
1,1849,104,112,2,not_implies
1,1850,399,404,14,not_and
1,1851,156,157,7,or
1,1852,650,655,6,xor
1,1853,519,520,11,implied_by
1,1854,716,723,6,xor
1,1855,281,283,11,implied_by
1,1856,393,401,8,not_or
1,1857,330,336,2,not_implies
1,1858,155,160,9,not_xor
1,1859,479,486,8,not_or
1,1860,500,507,9,not_xor
1,1861,740,741,12,not_a
1,1862,447,451,10,not_b
1,1863,247,254,3,a
1,1864,79,85,15,one
1,1865,186,194,8,not_or
1,1866,150,152,3,a
1,1867,131,135,12,not_a
1,1868,410,415,8,not_or
1,1869,204,208,7,or
1,1870,734,737,7,or
1,1871,350,351,7,or
1,1872,144,147,7,or
1,1873,484,490,10,not_b
1,1874,71,75,13,implies
1,1875,770,777,9,not_xor
1,1876,551,552,8,not_or
1,1877,775,777,15,one
1,1878,230,233,8,not_or
1,1879,346,351,12,not_a
1,1880,29,37,4,not_implied_by
1,1881,180,186,10,not_b
1,1882,543,546,6,xor
1,1883,0,4,4,not_implied_by
1,1884,771,776,5,b
1,1885,762,767,9,not_xor
1,1886,81,89,2,not_implies
1,1887,72,79,13,implies
1,1888,298,303,9,not_xor
1,1889,573,577,13,implies
1,1890,731,736,11,implied_by
1,1891,138,144,6,xor
1,1892,614,616,11,implied_by
1,1893,311,314,9,not_xor
1,1894,623,628,9,not_xor
1,1895,362,367,6,xor
1,1896,408,414,14,not_and
1,1897,310,317,3,a
1,1898,542,548,3,a
1,1899,65,68,9,not_xor
1,1900,667,669,9,not_xor
1,1901,61,67,6,xor
1,1902,528,532,12,not_a
1,1903,185,191,3,a
1,1904,514,519,6,xor
1,1905,778,779,4,not_implied_by
1,1906,64,70,8,not_or
1,1907,267,274,9,not_xor
1,1908,734,740,11,implied_by
1,1909,720,726,12,not_a
1,1910,241,245,7,or
1,1911,702,707,9,not_xor
1,1912,400,403,5,b
1,1913,765,766,7,or
1,1914,252,258,9,not_xor
1,1915,545,547,6,xor
1,1916,545,549,9,not_xor
1,1917,432,436,6,xor
1,1918,401,408,9,not_xor
1,1919,524,530,10,not_b
1,1920,336,338,2,not_implies
1,1921,594,600,2,not_implies
1,1922,572,573,9,not_xor
1,1923,373,375,8,not_or
1,1924,259,263,1,and
1,1925,706,708,11,implied_by
1,1926,507,511,7,or
1,1927,626,632,9,not_xor
1,1928,631,638,9,not_xor
1,1929,212,218,9,not_xor
1,1930,626,631,7,or
1,1931,199,204,9,not_xor
1,1932,63,66,9,not_xor
1,1933,420,424,4,not_implied_by
1,1934,166,171,8,not_or
1,1935,288,289,9,not_xor
1,1936,594,599,3,a
1,1937,550,554,10,not_b
1,1938,89,93,9,not_xor
1,1939,594,597,4,not_implied_by
1,1940,369,372,9,not_xor
1,1941,271,275,8,not_or
1,1942,18,26,9,not_xor
1,1943,197,204,6,xor
1,1944,412,413,9,not_xor
1,1945,84,87,6,xor
1,1946,464,467,5,b
1,1947,244,248,2,not_implies
1,1948,359,361,8,not_or
1,1949,624,625,7,or
1,1950,460,464,2,not_implies
1,1951,741,745,9,not_xor
1,1952,227,232,12,not_a
1,1953,139,144,9,not_xor
1,1954,702,703,4,not_implied_by
1,1955,129,135,10,not_b
1,1956,278,286,11,implied_by
1,1957,501,506,9,not_xor
1,1958,364,365,11,implied_by
1,1959,202,206,12,not_a
1,1960,501,509,12,not_a
1,1961,48,54,9,not_xor
1,1962,716,717,6,xor
1,1963,352,359,1,and
1,1964,743,744,7,or
1,1965,436,442,10,not_b
1,1966,172,179,9,not_xor
1,1967,259,260,7,or
1,1968,617,624,5,b
1,1969,107,108,7,or
1,1970,6,14,14,not_and
1,1971,25,28,14,not_and
1,1972,240,244,12,not_a
1,1973,517,524,8,not_or
1,1974,633,636,8,not_or
1,1975,524,528,1,and
1,1976,127,134,5,b
1,1977,351,352,2,not_implies
1,1978,166,174,10,not_b
1,1979,242,245,14,not_and
1,1980,278,280,2,not_implies
1,1981,87,94,6,xor
1,1982,681,687,10,not_b
1,1983,106,112,2,not_implies
1,1984,754,757,2,not_implies
1,1985,705,711,6,xor
1,1986,254,255,10,not_b
1,1987,524,527,9,not_xor
1,1988,736,737,9,not_xor
1,1989,618,620,4,not_implied_by
1,1990,84,90,10,not_b
1,1991,479,487,6,xor
1,1992,505,506,7,or
1,1993,549,550,2,not_implies
1,1994,761,762,14,not_and
1,1995,668,673,5,b
1,1996,121,123,9,not_xor
1,1997,0,8,9,not_xor
1,1998,107,113,12,not_a
1,1999,493,496,13,implies
1,2000,485,486,13,implies
1,2001,115,116,9,not_xor
1,2002,213,216,9,not_xor
1,2003,673,675,10,not_b
1,2004,107,114,9,not_xor
1,2005,23,29,0,zero
1,2006,547,551,9,not_xor
1,2007,124,132,10,not_b
1,2008,403,410,11,implied_by
1,2009,593,598,14,not_and
1,2010,447,453,10,not_b
1,2011,114,120,3,a
1,2012,63,68,3,a
1,2013,125,127,7,or
1,2014,670,677,10,not_b
1,2015,5,10,12,not_a
1,2016,123,128,5,b
1,2017,407,414,9,not_xor
1,2018,56,61,8,not_or
1,2019,358,363,9,not_xor
1,2020,609,616,10,not_b
1,2021,143,151,6,xor
1,2022,361,362,6,xor
1,2023,728,732,4,not_implied_by
1,2024,703,707,6,xor
1,2025,342,343,11,implied_by
1,2026,348,349,1,and
1,2027,37,38,8,not_or
1,2028,160,161,2,not_implies
1,2029,774,779,12,not_a
1,2030,392,393,1,and
1,2031,281,288,9,not_xor
1,2032,175,182,8,not_or
1,2033,368,369,9,not_xor
1,2034,523,526,9,not_xor
1,2035,84,92,4,not_implied_by
1,2036,24,26,15,one
1,2037,664,665,6,xor
1,2038,341,345,6,xor
1,2039,619,620,8,not_or
1,2040,304,311,8,not_or
1,2041,535,542,12,not_a
1,2042,9,13,10,not_b
1,2043,473,474,9,not_xor
1,2044,113,116,6,xor
1,2045,162,166,8,not_or
1,2046,467,468,3,a
1,2047,254,258,13,implies
1,2048,115,121,4,not_implied_by
1,2049,177,181,6,xor
1,2050,309,316,6,xor
1,2051,404,405,8,not_or
1,2052,635,637,12,not_a
1,2053,411,419,12,not_a
1,2054,476,484,8,not_or
1,2055,761,765,12,not_a
1,2056,618,621,9,not_xor
1,2057,401,409,8,not_or
1,2058,66,72,14,not_and
1,2059,520,524,9,not_xor
1,2060,626,628,14,not_and
1,2061,603,608,9,not_xor
1,2062,589,590,8,not_or
1,2063,498,503,10,not_b
1,2064,779,781,15,one
1,2065,716,718,6,xor
1,2066,288,293,3,a
1,2067,42,48,13,implies
1,2068,585,591,9,not_xor
1,2069,634,635,1,and
1,2070,85,87,8,not_or
1,2071,110,115,9,not_xor
1,2072,98,99,8,not_or
1,2073,25,31,15,one
1,2074,683,684,9,not_xor
1,2075,220,225,7,or
1,2076,56,57,8,not_or
1,2077,140,143,12,not_a
1,2078,322,330,7,or
1,2079,146,151,3,a
1,2080,389,393,1,and
1,2081,398,399,7,or
1,2082,375,381,13,implies
1,2083,63,71,5,b
1,2084,642,644,3,a
1,2085,751,754,8,not_or
1,2086,509,516,11,implied_by
1,2087,236,243,9,not_xor
1,2088,411,417,9,not_xor
1,2089,456,461,10,not_b
1,2090,599,601,9,not_xor
1,2091,58,61,1,and
1,2092,636,639,7,or
1,2093,85,88,13,implies
1,2094,747,753,9,not_xor
1,2095,746,748,6,xor
1,2096,339,341,12,not_a
1,2097,621,622,3,a
1,2098,335,337,5,b
1,2099,307,313,3,a
1,2100,310,318,6,xor
1,2101,684,685,9,not_xor
1,2102,479,483,1,and
1,2103,568,571,14,not_and
1,2104,436,444,13,implies
1,2105,253,260,7,or
1,2106,34,42,12,not_a
1,2107,85,93,2,not_implies
1,2108,541,544,6,xor
1,2109,250,253,4,not_implied_by
1,2110,483,489,13,implies
1,2111,290,298,6,xor
1,2112,79,82,12,not_a
1,2113,247,255,1,and
1,2114,148,152,9,not_xor
1,2115,628,634,8,not_or
1,2116,601,602,6,xor
1,2117,325,330,8,not_or
1,2118,269,273,12,not_a
1,2119,77,79,6,xor
1,2120,755,760,10,not_b
1,2121,49,57,11,implied_by
1,2122,200,201,6,xor
1,2123,459,464,10,not_b
1,2124,226,228,6,xor
1,2125,235,238,7,or
1,2126,75,82,0,zero
1,2127,321,324,6,xor
1,2128,564,569,4,not_implied_by
1,2129,208,212,11,implied_by
1,2130,287,290,6,xor
1,2131,277,279,2,not_implies
1,2132,70,72,6,xor
1,2133,129,132,6,xor
1,2134,193,194,9,not_xor
1,2135,494,497,9,not_xor
1,2136,433,437,12,not_a
1,2137,534,536,12,not_a
1,2138,246,250,9,not_xor
1,2139,592,598,6,xor
1,2140,183,190,11,implied_by
1,2141,541,543,1,and
1,2142,735,739,1,and
1,2143,5,7,6,xor
1,2144,728,731,3,a
1,2145,351,353,12,not_a
1,2146,155,159,1,and
1,2147,363,366,9,not_xor
1,2148,543,545,2,not_implies
1,2149,193,198,6,xor
1,2150,492,496,5,b
1,2151,704,710,9,not_xor
1,2152,337,342,12,not_a
1,2153,630,635,6,xor
1,2154,607,612,13,implies
1,2155,139,142,11,implied_by
1,2156,775,778,9,not_xor
1,2157,31,36,11,implied_by
1,2158,297,302,12,not_a
1,2159,737,741,11,implied_by
1,2160,414,416,1,and
1,2161,240,245,8,not_or
1,2162,760,767,9,not_xor
1,2163,700,705,10,not_b
1,2164,626,627,9,not_xor
1,2165,195,198,11,implied_by
1,2166,44,50,2,not_implies
1,2167,109,116,12,not_a
1,2168,468,475,6,xor
1,2169,286,290,3,a
1,2170,405,413,5,b
1,2171,390,396,4,not_implied_by
1,2172,218,220,8,not_or
1,2173,339,347,11,implied_by
1,2174,86,91,7,or
1,2175,663,665,5,b
1,2176,308,315,8,not_or
1,2177,503,506,10,not_b
1,2178,332,337,8,not_or
1,2179,334,340,13,implies
1,2180,93,97,6,xor
1,2181,498,499,1,and
1,2182,535,537,14,not_and
1,2183,374,377,6,xor
1,2184,35,43,10,not_b
1,2185,128,136,11,implied_by
1,2186,604,609,10,not_b
1,2187,74,80,7,or
1,2188,770,772,6,xor
1,2189,187,192,8,not_or
1,2190,463,468,7,or
1,2191,760,766,6,xor
1,2192,548,550,1,and
1,2193,493,499,6,xor
1,2194,189,196,13,implies
1,2195,230,235,7,or
1,2196,296,302,2,not_implies
1,2197,735,736,5,b
1,2198,13,20,13,implies
1,2199,120,123,9,not_xor
1,2200,346,352,6,xor
1,2201,533,535,9,not_xor
1,2202,535,540,5,b
1,2203,46,48,9,not_xor
1,2204,201,207,3,a
1,2205,375,377,7,or
1,2206,183,185,7,or
1,2207,596,600,5,b
1,2208,641,647,7,or
1,2209,672,679,10,not_b
1,2210,660,664,5,b
1,2211,123,126,9,not_xor
1,2212,80,88,3,a
1,2213,646,651,8,not_or
1,2214,442,450,13,implies
1,2215,363,369,2,not_implies
1,2216,721,723,9,not_xor
1,2217,190,192,7,or
1,2218,263,268,3,a
1,2219,410,417,10,not_b
1,2220,194,196,9,not_xor
1,2221,721,724,5,b
1,2222,186,188,1,and
1,2223,516,524,10,not_b
1,2224,327,334,11,implied_by
1,2225,737,738,10,not_b
1,2226,274,282,12,not_a
1,2227,117,118,13,implies
1,2228,336,343,4,not_implied_by
1,2229,388,395,13,implies
1,2230,17,21,8,not_or
1,2231,629,636,5,b
1,2232,218,223,6,xor
1,2233,385,393,10,not_b
1,2234,48,56,7,or
1,2235,557,559,9,not_xor
1,2236,651,655,9,not_xor
1,2237,592,597,12,not_a
1,2238,30,34,9,not_xor
1,2239,600,607,9,not_xor
1,2240,40,48,5,b
1,2241,524,529,10,not_b
1,2242,275,281,10,not_b
1,2243,10,14,1,and
1,2244,210,218,13,implies
1,2245,503,509,4,not_implied_by
1,2246,378,379,7,or
1,2247,131,132,11,implied_by
1,2248,698,701,2,not_implies
1,2249,554,558,6,xor
1,2250,123,125,8,not_or
1,2251,117,124,9,not_xor
1,2252,394,399,5,b
1,2253,671,672,3,a
1,2254,695,698,7,or
1,2255,218,224,6,xor
1,2256,259,262,9,not_xor
1,2257,586,587,6,xor
1,2258,124,128,8,not_or
1,2259,444,448,8,not_or
1,2260,697,701,3,a
1,2261,661,665,10,not_b
1,2262,450,455,9,not_xor
1,2263,43,44,1,and
1,2264,489,491,3,a
1,2265,519,525,12,not_a
1,2266,46,47,8,not_or
1,2267,341,348,4,not_implied_by
1,2268,246,252,6,xor
1,2269,521,528,7,or
1,2270,609,610,1,and
1,2271,140,142,4,not_implied_by
1,2272,197,200,9,not_xor
1,2273,155,161,9,not_xor
1,2274,280,288,4,not_implied_by
1,2275,312,319,11,implied_by
1,2276,340,346,6,xor
1,2277,444,451,3,a
1,2278,722,727,6,xor
1,2279,300,307,15,one
1,2280,97,103,6,xor
1,2281,305,309,5,b
1,2282,668,675,1,and
1,2283,466,469,6,xor
1,2284,182,189,6,xor
1,2285,777,783,4,not_implied_by
1,2286,537,545,10,not_b
1,2287,661,666,8,not_or
1,2288,446,453,1,and
1,2289,454,457,13,implies
1,2290,284,289,6,xor
1,2291,379,383,3,a
1,2292,413,415,7,or
1,2293,79,81,12,not_a
1,2294,433,440,6,xor
1,2295,308,316,12,not_a
1,2296,290,292,5,b
1,2297,425,427,12,not_a
1,2298,226,234,6,xor
1,2299,228,230,12,not_a
1,2300,682,688,5,b
1,2301,755,756,9,not_xor
1,2302,729,733,11,implied_by
1,2303,720,721,9,not_xor
1,2304,3,10,10,not_b
1,2305,23,30,8,not_or
1,2306,307,310,5,b
1,2307,410,411,5,b
1,2308,90,95,8,not_or
1,2309,619,621,9,not_xor
1,2310,310,312,5,b
1,2311,438,446,3,a
1,2312,137,140,3,a
1,2313,351,355,7,or
1,2314,368,371,5,b
1,2315,369,371,7,or
1,2316,277,281,6,xor
1,2317,672,676,8,not_or
1,2318,306,310,2,not_implies
1,2319,117,122,10,not_b
1,2320,60,68,5,b
1,2321,119,122,4,not_implied_by
1,2322,648,649,12,not_a
1,2323,273,275,8,not_or
1,2324,780,783,12,not_a
1,2325,229,233,12,not_a
1,2326,275,277,3,a
1,2327,561,568,15,one
1,2328,278,285,3,a
1,2329,155,157,7,or
1,2330,260,264,10,not_b
1,2331,522,524,14,not_and
1,2332,275,278,12,not_a
1,2333,142,143,13,implies
1,2334,742,749,6,xor
1,2335,647,653,9,not_xor
1,2336,47,48,8,not_or
1,2337,381,386,10,not_b
1,2338,226,229,11,implied_by
1,2339,321,322,14,not_and
1,2340,245,250,13,implies
1,2341,394,395,6,xor
1,2342,200,205,3,a
1,2343,240,247,6,xor
1,2344,581,582,9,not_xor
1,2345,587,593,0,zero
1,2346,3,5,0,zero
1,2347,285,287,12,not_a
1,2348,136,140,10,not_b
1,2349,75,81,6,xor
1,2350,320,325,4,not_implied_by
1,2351,283,287,7,or
1,2352,742,743,12,not_a
1,2353,92,97,11,implied_by
1,2354,415,422,14,not_and
1,2355,649,651,6,xor
1,2356,503,508,11,implied_by
1,2357,163,166,7,or
1,2358,568,572,5,b
1,2359,153,156,14,not_and
1,2360,767,773,8,not_or
1,2361,732,737,5,b
1,2362,168,175,8,not_or
1,2363,145,147,6,xor
1,2364,77,84,1,and
1,2365,154,156,8,not_or
1,2366,249,254,0,zero
1,2367,418,420,13,implies
1,2368,314,316,6,xor
1,2369,85,89,4,not_implied_by
1,2370,779,783,13,implies
1,2371,201,204,1,and
1,2372,721,722,6,xor
1,2373,478,484,0,zero
1,2374,445,447,3,a
1,2375,189,197,6,xor
1,2376,677,682,3,a
1,2377,32,38,12,not_a
1,2378,271,274,12,not_a
1,2379,419,424,10,not_b
1,2380,99,102,10,not_b
1,2381,772,777,7,or
1,2382,260,268,3,a
1,2383,527,532,2,not_implies
1,2384,138,146,6,xor
1,2385,236,240,7,or
1,2386,694,701,12,not_a
1,2387,313,315,9,not_xor
1,2388,245,247,1,and
1,2389,199,203,11,implied_by
1,2390,211,212,7,or
1,2391,467,472,9,not_xor
1,2392,342,345,8,not_or
1,2393,469,471,9,not_xor
1,2394,495,500,1,and
1,2395,635,642,3,a
1,2396,380,388,5,b
1,2397,92,99,9,not_xor
1,2398,707,714,10,not_b
1,2399,599,600,7,or
1,2400,719,722,6,xor
1,2401,102,107,3,a
1,2402,760,764,8,not_or
1,2403,740,744,3,a
1,2404,409,417,14,not_and
1,2405,772,778,6,xor
1,2406,564,570,9,not_xor
1,2407,521,527,8,not_or
1,2408,182,186,13,implies
1,2409,541,542,14,not_and
1,2410,452,460,11,implied_by
1,2411,194,200,3,a
1,2412,577,578,3,a
1,2413,514,522,4,not_implied_by
1,2414,601,608,10,not_b
1,2415,718,724,7,or
1,2416,504,509,4,not_implied_by
1,2417,727,733,4,not_implied_by
1,2418,145,149,4,not_implied_by
1,2419,157,163,6,xor
1,2420,606,613,12,not_a
1,2421,150,158,9,not_xor
1,2422,750,754,2,not_implies
1,2423,325,332,2,not_implies
1,2424,350,355,10,not_b
1,2425,711,714,6,xor
1,2426,150,155,5,b
1,2427,588,593,7,or
1,2428,590,593,12,not_a
1,2429,593,599,9,not_xor
1,2430,653,658,8,not_or
1,2431,315,318,3,a
1,2432,342,349,12,not_a
1,2433,759,764,6,xor
1,2434,263,265,12,not_a
1,2435,502,509,12,not_a
1,2436,485,487,0,zero
1,2437,706,707,1,and
1,2438,763,766,10,not_b
1,2439,614,620,8,not_or
1,2440,460,463,14,not_and
1,2441,521,522,14,not_and
1,2442,694,700,12,not_a
1,2443,383,390,9,not_xor
1,2444,455,461,5,b
1,2445,98,104,9,not_xor
1,2446,731,738,9,not_xor
1,2447,193,199,14,not_and
1,2448,693,699,9,not_xor
1,2449,569,575,1,and
1,2450,89,96,8,not_or
1,2451,567,572,11,implied_by
1,2452,184,187,10,not_b
1,2453,223,224,9,not_xor
1,2454,545,552,2,not_implies
1,2455,169,171,12,not_a
1,2456,582,589,6,xor
1,2457,286,294,2,not_implies
1,2458,130,137,8,not_or
1,2459,743,749,9,not_xor
1,2460,563,564,7,or
1,2461,601,606,8,not_or
1,2462,441,448,6,xor
1,2463,320,324,7,or
1,2464,752,754,8,not_or
1,2465,530,531,2,not_implies
1,2466,360,363,3,a
1,2467,333,337,6,xor
1,2468,4,5,5,b
1,2469,215,218,13,implies
1,2470,0,1,10,not_b
1,2471,232,239,10,not_b
1,2472,268,274,9,not_xor
1,2473,36,40,11,implied_by
1,2474,270,277,5,b
1,2475,590,594,10,not_b
1,2476,401,402,5,b
1,2477,654,660,6,xor
1,2478,705,709,4,not_implied_by
1,2479,386,387,6,xor
1,2480,266,272,13,implies
1,2481,330,337,9,not_xor
1,2482,218,219,8,not_or
1,2483,526,530,12,not_a
1,2484,689,692,6,xor
1,2485,728,730,5,b
1,2486,183,189,9,not_xor
1,2487,261,262,6,xor
1,2488,261,267,9,not_xor
1,2489,719,724,3,a
1,2490,534,540,9,not_xor
1,2491,205,213,2,not_implies
1,2492,754,755,10,not_b
1,2493,150,157,10,not_b
1,2494,279,283,12,not_a
1,2495,57,59,15,one
1,2496,418,419,6,xor
1,2497,7,9,4,not_implied_by
1,2498,392,397,4,not_implied_by
1,2499,475,481,4,not_implied_by
1,2500,728,734,8,not_or
1,2501,589,594,9,not_xor
1,2502,577,581,6,xor
1,2503,437,439,8,not_or
1,2504,224,232,5,b
1,2505,208,215,6,xor
1,2506,268,275,1,and
1,2507,410,414,11,implied_by
1,2508,158,159,8,not_or
1,2509,171,178,8,not_or
1,2510,122,129,14,not_and
1,2511,211,219,13,implies
1,2512,697,702,4,not_implied_by
1,2513,42,43,9,not_xor
1,2514,84,89,4,not_implied_by
1,2515,766,767,14,not_and
1,2516,383,384,9,not_xor
1,2517,553,554,1,and
1,2518,286,292,6,xor
1,2519,338,341,7,or
1,2520,269,276,8,not_or
1,2521,606,610,15,one
1,2522,668,671,3,a
1,2523,100,103,3,a
1,2524,531,535,5,b
1,2525,597,598,1,and
1,2526,216,220,6,xor
1,2527,106,107,8,not_or
1,2528,570,574,3,a
1,2529,151,156,12,not_a
1,2530,214,221,6,xor
1,2531,171,175,1,and
1,2532,10,17,8,not_or
1,2533,297,300,12,not_a
1,2534,268,273,4,not_implied_by
1,2535,555,557,2,not_implies
1,2536,29,33,4,not_implied_by
1,2537,79,87,15,one
1,2538,18,25,8,not_or
1,2539,372,380,6,xor
1,2540,92,93,5,b
1,2541,5,8,6,xor
1,2542,549,555,6,xor
1,2543,104,106,6,xor
1,2544,602,607,7,or
1,2545,711,712,6,xor
1,2546,514,515,7,or
1,2547,753,758,1,and
1,2548,606,609,13,implies
1,2549,615,618,3,a
1,2550,95,99,1,and
1,2551,48,49,8,not_or
1,2552,274,279,15,one
1,2553,709,715,8,not_or
1,2554,381,384,10,not_b
1,2555,567,571,14,not_and
1,2556,166,167,8,not_or
1,2557,767,774,9,not_xor
1,2558,505,510,12,not_a
1,2559,502,507,7,or
1,2560,567,573,3,a
1,2561,429,435,4,not_implied_by
1,2562,232,234,3,a
1,2563,29,30,11,implied_by
1,2564,753,760,12,not_a
1,2565,667,671,8,not_or
1,2566,466,472,9,not_xor
1,2567,745,752,8,not_or
1,2568,10,15,5,b
1,2569,360,361,8,not_or
1,2570,712,716,2,not_implies
1,2571,222,223,10,not_b
1,2572,686,687,6,xor
1,2573,546,547,6,xor
1,2574,302,306,9,not_xor
1,2575,170,178,8,not_or
1,2576,251,253,6,xor
1,2577,181,189,9,not_xor
1,2578,263,271,9,not_xor
1,2579,438,441,9,not_xor
1,2580,497,499,10,not_b
1,2581,266,269,7,or
1,2582,45,46,9,not_xor
1,2583,240,241,10,not_b
1,2584,745,746,8,not_or
1,2585,36,44,9,not_xor
1,2586,504,512,5,b
1,2587,355,359,5,b
1,2588,739,744,1,and
1,2589,121,124,5,b
1,2590,77,85,8,not_or
1,2591,464,469,3,a
1,2592,125,131,4,not_implied_by
1,2593,577,579,12,not_a
1,2594,156,163,9,not_xor
1,2595,568,575,10,not_b
1,2596,64,68,8,not_or
1,2597,465,469,7,or
1,2598,10,12,3,a
1,2599,8,14,4,not_implied_by
1,2600,643,649,7,or
1,2601,354,359,7,or
1,2602,399,405,6,xor
1,2603,711,713,5,b
1,2604,355,361,12,not_a
1,2605,191,194,6,xor
1,2606,27,33,4,not_implied_by
1,2607,125,132,9,not_xor
1,2608,298,304,8,not_or
1,2609,396,403,4,not_implied_by
1,2610,496,499,13,implies
1,2611,186,192,5,b
1,2612,51,53,1,and
1,2613,151,155,1,and
1,2614,636,637,6,xor
1,2615,742,747,3,a
1,2616,598,601,7,or
1,2617,302,309,12,not_a
1,2618,276,279,8,not_or
1,2619,614,619,9,not_xor
1,2620,577,580,11,implied_by
1,2621,701,708,10,not_b
1,2622,773,775,9,not_xor
1,2623,322,324,7,or
1,2624,670,676,11,implied_by
1,2625,442,447,6,xor
1,2626,327,330,2,not_implies
1,2627,405,409,13,implies
1,2628,641,643,9,not_xor
1,2629,657,662,3,a
1,2630,38,42,1,and
1,2631,624,626,11,implied_by
1,2632,33,41,7,or
1,2633,339,343,5,b
1,2634,105,106,8,not_or
1,2635,148,149,3,a
1,2636,337,344,12,not_a
1,2637,675,678,14,not_and
1,2638,356,363,13,implies
1,2639,286,293,6,xor
1,2640,363,370,8,not_or
1,2641,252,254,8,not_or
1,2642,419,426,9,not_xor
1,2643,295,298,9,not_xor
1,2644,424,427,9,not_xor
1,2645,371,378,7,or
1,2646,468,472,9,not_xor
1,2647,763,770,9,not_xor
1,2648,13,17,14,not_and
1,2649,142,147,11,implied_by
1,2650,39,46,7,or
1,2651,682,689,5,b
1,2652,38,45,6,xor
1,2653,297,305,7,or
1,2654,527,533,1,and
1,2655,387,388,6,xor
1,2656,440,446,12,not_a
1,2657,320,326,6,xor
1,2658,27,34,0,zero
1,2659,453,461,3,a
1,2660,586,588,12,not_a
1,2661,175,181,3,a
1,2662,558,559,0,zero
1,2663,388,389,8,not_or
1,2664,776,778,8,not_or
1,2665,689,693,1,and
1,2666,435,438,11,implied_by
1,2667,691,696,13,implies
1,2668,556,560,8,not_or
1,2669,108,116,7,or
1,2670,29,35,5,b
1,2671,4,8,4,not_implied_by
1,2672,501,502,10,not_b
1,2673,245,252,8,not_or
1,2674,53,54,15,one
1,2675,154,159,2,not_implies
1,2676,357,365,3,a
1,2677,326,327,3,a
1,2678,608,613,6,xor
1,2679,45,50,15,one
1,2680,676,683,11,implied_by
1,2681,533,540,4,not_implied_by
1,2682,22,28,3,a
1,2683,225,230,9,not_xor
1,2684,769,773,3,a
1,2685,200,207,12,not_a
1,2686,491,497,8,not_or
1,2687,291,297,1,and
1,2688,694,697,9,not_xor
1,2689,480,484,4,not_implied_by
1,2690,340,343,8,not_or
1,2691,409,413,7,or
1,2692,473,481,12,not_a
1,2693,269,274,10,not_b
1,2694,73,77,10,not_b
1,2695,407,413,7,or
1,2696,148,151,12,not_a
1,2697,546,551,9,not_xor
1,2698,57,58,5,b
1,2699,207,209,14,not_and
1,2700,693,694,8,not_or
1,2701,336,339,6,xor
1,2702,186,189,1,and
1,2703,16,23,12,not_a
1,2704,709,716,5,b
1,2705,407,409,14,not_and
1,2706,16,17,7,or
1,2707,532,535,4,not_implied_by
1,2708,503,510,8,not_or
1,2709,13,19,8,not_or
1,2710,138,142,9,not_xor
1,2711,563,568,9,not_xor
1,2712,362,368,10,not_b
1,2713,128,132,2,not_implies
1,2714,504,511,6,xor
1,2715,113,119,4,not_implied_by
1,2716,413,421,5,b
1,2717,231,234,7,or
1,2718,179,184,14,not_and
1,2719,138,141,13,implies
1,2720,34,35,9,not_xor
1,2721,399,401,8,not_or
1,2722,303,311,2,not_implies
1,2723,553,559,2,not_implies
1,2724,163,164,3,a
1,2725,458,466,6,xor
1,2726,748,755,6,xor
1,2727,620,626,11,implied_by
1,2728,4,12,7,or
1,2729,527,530,7,or
1,2730,16,18,4,not_implied_by
1,2731,145,148,9,not_xor
1,2732,764,771,5,b
1,2733,655,662,6,xor
1,2734,680,685,4,not_implied_by
1,2735,614,621,10,not_b
1,2736,775,779,8,not_or
1,2737,208,216,12,not_a
1,2738,249,250,12,not_a
1,2739,511,519,11,implied_by
1,2740,470,474,1,and
1,2741,480,486,3,a
1,2742,410,413,5,b
1,2743,533,536,8,not_or
1,2744,706,709,4,not_implied_by
1,2745,580,584,2,not_implies
1,2746,552,558,8,not_or
1,2747,63,69,10,not_b
1,2748,352,354,14,not_and
1,2749,90,98,8,not_or
1,2750,547,552,7,or
1,2751,552,557,13,implies
1,2752,93,96,9,not_xor
1,2753,738,742,8,not_or
1,2754,147,149,7,or
1,2755,616,617,4,not_implied_by
1,2756,392,394,5,b
1,2757,640,646,12,not_a
1,2758,38,46,6,xor
1,2759,428,432,5,b
1,2760,406,413,12,not_a
1,2761,332,339,9,not_xor
1,2762,438,443,6,xor
1,2763,219,226,6,xor
1,2764,735,738,12,not_a
1,2765,754,761,1,and
1,2766,91,95,5,b
1,2767,97,99,9,not_xor
1,2768,65,66,11,implied_by
1,2769,80,87,6,xor
1,2770,606,612,6,xor
1,2771,460,468,2,not_implies
1,2772,688,691,6,xor
1,2773,496,501,6,xor
1,2774,615,622,11,implied_by
1,2775,277,282,3,a
1,2776,571,577,12,not_a
1,2777,74,78,13,implies
1,2778,101,106,6,xor
1,2779,460,462,12,not_a
1,2780,289,293,11,implied_by
1,2781,277,285,4,not_implied_by
1,2782,516,521,9,not_xor
1,2783,322,327,6,xor
1,2784,214,218,10,not_b
1,2785,484,488,4,not_implied_by
1,2786,374,376,0,zero
1,2787,69,75,13,implies
1,2788,766,771,4,not_implied_by
1,2789,345,351,1,and
1,2790,688,695,3,a
1,2791,503,504,1,and
1,2792,644,649,8,not_or
1,2793,305,310,13,implies
1,2794,431,439,14,not_and
1,2795,172,180,7,or
1,2796,162,168,3,a
1,2797,355,360,2,not_implies
1,2798,693,696,6,xor
1,2799,441,443,13,implies
1,2800,166,168,13,implies
1,2801,596,598,12,not_a
1,2802,639,641,14,not_and
1,2803,756,760,2,not_implies
1,2804,18,21,8,not_or
1,2805,307,315,7,or
1,2806,54,61,8,not_or
1,2807,123,130,3,a
1,2808,586,589,6,xor
1,2809,766,769,5,b
1,2810,590,596,5,b
1,2811,595,598,11,implied_by
1,2812,423,425,6,xor
1,2813,284,286,11,implied_by
1,2814,443,447,6,xor
1,2815,613,618,10,not_b
1,2816,368,372,7,or
1,2817,246,253,2,not_implies
1,2818,244,246,7,or
1,2819,136,138,7,or
1,2820,37,41,7,or
1,2821,415,418,10,not_b
1,2822,688,693,10,not_b
1,2823,22,24,11,implied_by
1,2824,773,779,8,not_or
1,2825,299,305,8,not_or
1,2826,103,109,10,not_b
1,2827,517,525,10,not_b
1,2828,266,268,9,not_xor
1,2829,71,77,13,implies
1,2830,765,767,9,not_xor
1,2831,247,251,0,zero
1,2832,453,456,3,a
1,2833,181,188,9,not_xor
1,2834,645,651,5,b
1,2835,572,578,8,not_or
1,2836,397,403,11,implied_by
1,2837,715,718,9,not_xor
1,2838,147,154,11,implied_by
1,2839,121,127,11,implied_by
1,2840,382,390,7,or
1,2841,670,671,6,xor
1,2842,674,678,3,a
1,2843,174,175,2,not_implies
1,2844,421,423,5,b
1,2845,537,538,6,xor
1,2846,518,521,9,not_xor
1,2847,195,201,7,or
1,2848,575,576,7,or
1,2849,58,64,1,and
1,2850,38,44,12,not_a
1,2851,578,585,10,not_b
1,2852,565,571,9,not_xor
1,2853,205,212,9,not_xor
1,2854,295,300,14,not_and
1,2855,390,398,11,implied_by
1,2856,687,693,6,xor
1,2857,208,213,12,not_a
1,2858,202,207,9,not_xor
1,2859,102,108,6,xor
1,2860,571,576,6,xor
1,2861,327,333,10,not_b
1,2862,698,703,6,xor
1,2863,135,137,13,implies
1,2864,33,39,9,not_xor
1,2865,101,108,6,xor
1,2866,91,97,6,xor
1,2867,116,123,4,not_implied_by
1,2868,686,692,1,and
1,2869,456,462,12,not_a
1,2870,325,326,3,a
1,2871,322,328,9,not_xor
1,2872,418,425,12,not_a
1,2873,557,561,3,a
1,2874,606,611,5,b
1,2875,449,451,14,not_and
1,2876,430,434,3,a
1,2877,666,671,7,or
1,2878,224,226,8,not_or
1,2879,327,332,13,implies
1,2880,455,457,8,not_or
1,2881,528,531,8,not_or
1,2882,428,434,12,not_a
1,2883,400,408,11,implied_by
1,2884,204,207,4,not_implied_by
1,2885,229,232,6,xor
1,2886,146,148,3,a
1,2887,336,344,6,xor
1,2888,117,121,3,a
1,2889,269,277,9,not_xor
1,2890,476,482,13,implies
1,2891,437,441,4,not_implied_by
1,2892,131,134,7,or
1,2893,491,493,15,one
1,2894,332,338,12,not_a
1,2895,389,390,12,not_a
1,2896,82,83,7,or
1,2897,59,64,4,not_implied_by
1,2898,568,570,9,not_xor
1,2899,748,751,10,not_b
1,2900,532,536,6,xor
1,2901,118,119,6,xor
1,2902,534,538,7,or
1,2903,720,725,13,implies
1,2904,306,311,14,not_and
1,2905,428,431,8,not_or
1,2906,287,292,6,xor
1,2907,161,164,3,a
1,2908,417,423,6,xor
1,2909,161,169,5,b
1,2910,364,370,8,not_or
1,2911,417,419,6,xor
1,2912,249,252,13,implies
1,2913,262,270,7,or
1,2914,398,403,1,and
1,2915,727,729,4,not_implied_by
1,2916,514,520,8,not_or
1,2917,647,651,11,implied_by
1,2918,437,442,5,b
1,2919,47,49,9,not_xor
1,2920,345,353,3,a
1,2921,356,359,14,not_and
1,2922,295,301,2,not_implies
1,2923,721,727,12,not_a
1,2924,657,664,5,b
1,2925,733,736,12,not_a
1,2926,752,755,5,b
1,2927,16,22,9,not_xor
1,2928,279,284,9,not_xor
1,2929,197,202,7,or
1,2930,745,751,12,not_a
1,2931,537,540,1,and
1,2932,54,60,6,xor
1,2933,267,269,5,b
1,2934,535,543,7,or
1,2935,39,44,5,b
1,2936,512,515,4,not_implied_by
1,2937,437,438,5,b
1,2938,490,491,6,xor
1,2939,651,654,1,and
1,2940,769,775,4,not_implied_by
1,2941,40,42,1,and
1,2942,493,494,9,not_xor
1,2943,687,690,3,a
1,2944,487,492,1,and
1,2945,613,617,12,not_a
1,2946,103,111,12,not_a
1,2947,145,153,12,not_a
1,2948,414,418,8,not_or
1,2949,656,662,6,xor
1,2950,398,405,13,implies
1,2951,627,630,6,xor
1,2952,517,518,6,xor
1,2953,146,154,11,implied_by
1,2954,237,242,7,or
1,2955,600,604,12,not_a
1,2956,368,373,7,or
1,2957,28,30,6,xor
1,2958,359,360,6,xor
1,2959,258,262,8,not_or
1,2960,299,304,6,xor
1,2961,292,298,7,or
1,2962,504,510,4,not_implied_by
1,2963,185,189,13,implies
1,2964,434,438,8,not_or
1,2965,93,94,15,one
1,2966,34,41,8,not_or
1,2967,251,255,12,not_a
1,2968,713,720,1,and
1,2969,695,700,8,not_or
1,2970,233,241,4,not_implied_by
1,2971,150,154,8,not_or
1,2972,32,36,10,not_b
1,2973,704,708,6,xor
1,2974,258,259,6,xor
1,2975,705,712,14,not_and
1,2976,343,345,8,not_or
1,2977,204,206,1,and
1,2978,256,264,7,or
1,2979,735,737,3,a
1,2980,502,503,8,not_or
1,2981,426,433,11,implied_by
1,2982,620,625,8,not_or
1,2983,88,93,11,implied_by
1,2984,147,151,4,not_implied_by
1,2985,389,394,8,not_or
1,2986,543,547,11,implied_by
1,2987,493,498,2,not_implies
1,2988,664,670,2,not_implies
1,2989,56,60,5,b
1,2990,382,386,10,not_b
1,2991,430,438,8,not_or
1,2992,647,654,9,not_xor
1,2993,660,665,9,not_xor
1,2994,703,709,10,not_b
1,2995,242,244,4,not_implied_by
1,2996,550,555,6,xor
1,2997,462,465,12,not_a
1,2998,675,677,9,not_xor
1,2999,294,299,14,not_and
1,3000,488,489,11,implied_by
1,3001,45,51,4,not_implied_by
1,3002,288,291,10,not_b
1,3003,119,123,9,not_xor
1,3004,9,16,11,implied_by
1,3005,149,155,11,implied_by
1,3006,77,83,2,not_implies
1,3007,621,626,3,a
1,3008,268,271,5,b
1,3009,472,480,9,not_xor
1,3010,534,541,4,not_implied_by
1,3011,223,231,7,or
1,3012,140,147,13,implies
1,3013,529,533,13,implies
1,3014,402,406,5,b
1,3015,441,445,12,not_a
1,3016,301,308,13,implies
1,3017,111,116,3,a
1,3018,580,587,14,not_and
1,3019,116,120,10,not_b
1,3020,312,313,7,or
1,3021,679,685,7,or
1,3022,613,614,6,xor
1,3023,249,257,9,not_xor
1,3024,350,358,1,and
1,3025,458,464,4,not_implied_by
1,3026,210,216,6,xor
1,3027,499,505,12,not_a
1,3028,556,559,2,not_implies
1,3029,263,270,9,not_xor
1,3030,80,81,7,or
1,3031,659,664,9,not_xor
1,3032,732,739,9,not_xor
1,3033,620,622,9,not_xor
1,3034,766,770,12,not_a
1,3035,624,628,9,not_xor
1,3036,225,226,9,not_xor
1,3037,422,424,8,not_or
1,3038,500,508,7,or
1,3039,149,154,2,not_implies
1,3040,288,295,11,implied_by
1,3041,52,58,6,xor
1,3042,622,623,10,not_b
1,3043,231,235,9,not_xor
1,3044,117,119,0,zero
1,3045,735,741,2,not_implies
1,3046,408,410,6,xor
1,3047,199,205,7,or
1,3048,39,42,7,or
1,3049,2,7,15,one
1,3050,440,445,3,a
1,3051,110,117,9,not_xor
1,3052,157,164,13,implies
1,3053,112,114,2,not_implies
1,3054,685,691,6,xor
1,3055,6,11,11,implied_by
1,3056,242,250,12,not_a
1,3057,307,314,8,not_or
1,3058,283,290,3,a
1,3059,313,314,7,or
1,3060,636,641,10,not_b
1,3061,534,542,6,xor
1,3062,173,176,11,implied_by
1,3063,672,678,8,not_or
1,3064,717,723,5,b
1,3065,409,412,14,not_and
1,3066,579,580,9,not_xor
1,3067,127,129,10,not_b
1,3068,331,333,9,not_xor
1,3069,484,492,2,not_implies
1,3070,343,349,3,a
1,3071,598,602,7,or
1,3072,500,505,5,b
1,3073,378,386,6,xor
1,3074,441,446,4,not_implied_by
1,3075,574,578,9,not_xor
1,3076,473,477,4,not_implied_by
1,3077,88,92,7,or
1,3078,531,539,13,implies
1,3079,196,203,6,xor
1,3080,370,371,9,not_xor
1,3081,171,172,12,not_a
1,3082,584,585,7,or
1,3083,641,642,7,or
1,3084,383,389,13,implies
1,3085,405,406,6,xor
1,3086,187,190,14,not_and
1,3087,241,242,12,not_a
1,3088,395,402,4,not_implied_by
1,3089,420,421,10,not_b
1,3090,199,207,8,not_or
1,3091,718,725,3,a
1,3092,733,734,10,not_b
1,3093,364,369,6,xor
1,3094,671,673,6,xor
1,3095,273,277,5,b
1,3096,560,561,15,one
1,3097,70,76,6,xor
1,3098,280,282,3,a
1,3099,462,463,7,or
1,3100,78,84,6,xor
1,3101,323,326,12,not_a
1,3102,307,309,3,a
1,3103,144,148,7,or
1,3104,697,704,10,not_b
1,3105,282,284,6,xor
1,3106,426,427,11,implied_by
1,3107,745,750,9,not_xor
1,3108,367,368,6,xor
1,3109,497,501,2,not_implies
1,3110,54,58,5,b
1,3111,448,453,2,not_implies
1,3112,89,97,8,not_or
1,3113,221,223,2,not_implies
1,3114,556,557,5,b
1,3115,162,167,13,implies
1,3116,532,540,8,not_or
1,3117,482,483,9,not_xor
1,3118,178,185,1,and
1,3119,135,136,5,b
1,3120,96,103,1,and
1,3121,400,404,9,not_xor
1,3122,105,111,12,not_a
1,3123,377,379,9,not_xor
1,3124,396,397,4,not_implied_by
1,3125,164,166,9,not_xor
1,3126,708,710,6,xor
1,3127,420,427,10,not_b
1,3128,454,460,12,not_a
1,3129,384,390,6,xor
1,3130,453,454,8,not_or
1,3131,444,445,3,a
1,3132,35,39,9,not_xor
1,3133,134,136,8,not_or
1,3134,585,587,10,not_b
1,3135,625,631,6,xor
1,3136,292,296,9,not_xor
1,3137,199,202,8,not_or
1,3138,29,34,6,xor
1,3139,587,588,11,implied_by
1,3140,446,449,3,a
1,3141,572,575,3,a
1,3142,180,181,1,and
1,3143,560,563,9,not_xor
1,3144,543,548,6,xor
1,3145,770,773,6,xor
1,3146,445,449,9,not_xor
1,3147,699,702,7,or
1,3148,676,681,1,and
1,3149,779,780,8,not_or
1,3150,443,448,2,not_implies
1,3151,566,572,6,xor
1,3152,99,104,9,not_xor
1,3153,611,616,13,implies
1,3154,332,340,13,implies
1,3155,394,396,6,xor
1,3156,439,440,3,a
1,3157,216,218,8,not_or
1,3158,326,328,15,one
1,3159,8,15,5,b
1,3160,255,263,12,not_a
1,3161,361,369,12,not_a
1,3162,554,555,3,a
1,3163,511,516,12,not_a
1,3164,155,156,3,a
1,3165,427,431,15,one
1,3166,736,743,8,not_or
1,3167,324,325,12,not_a
1,3168,648,652,11,implied_by
1,3169,580,583,1,and
1,3170,78,80,3,a
1,3171,150,151,7,or
1,3172,1,6,9,not_xor
1,3173,27,30,11,implied_by
1,3174,300,303,2,not_implies
1,3175,69,74,8,not_or
1,3176,21,28,6,xor
1,3177,231,239,1,and
1,3178,338,339,5,b
1,3179,25,29,1,and
1,3180,696,699,7,or
1,3181,161,166,13,implies
1,3182,664,671,12,not_a
1,3183,518,526,9,not_xor
1,3184,495,498,4,not_implied_by
1,3185,681,686,3,a
1,3186,429,436,11,implied_by
1,3187,591,593,12,not_a
1,3188,222,228,11,implied_by
1,3189,725,730,4,not_implied_by
1,3190,93,99,8,not_or
1,3191,203,204,8,not_or
1,3192,41,44,6,xor
1,3193,95,101,6,xor
1,3194,311,313,6,xor
1,3195,669,674,7,or
1,3196,725,729,13,implies
1,3197,198,206,11,implied_by
1,3198,673,677,5,b
1,3199,489,490,7,or
1,3200,161,163,7,or
1,3201,116,121,6,xor
1,3202,272,278,9,not_xor
1,3203,19,20,7,or
1,3204,574,577,6,xor
1,3205,211,213,6,xor
1,3206,593,594,10,not_b
1,3207,243,244,8,not_or
1,3208,442,448,6,xor
1,3209,442,449,10,not_b
1,3210,450,456,6,xor
1,3211,252,257,8,not_or
1,3212,617,623,7,or
1,3213,765,770,11,implied_by
1,3214,495,496,9,not_xor
1,3215,583,589,6,xor
1,3216,67,75,2,not_implies
1,3217,335,342,15,one
1,3218,656,661,1,and
1,3219,283,289,8,not_or
1,3220,426,428,8,not_or
1,3221,97,102,9,not_xor
1,3222,360,365,13,implies
1,3223,280,287,7,or
1,3224,14,17,9,not_xor
1,3225,157,165,14,not_and
1,3226,553,558,6,xor
1,3227,336,342,8,not_or
1,3228,704,707,6,xor
1,3229,447,452,2,not_implies
1,3230,225,228,4,not_implied_by
1,3231,383,388,6,xor
1,3232,323,325,3,a
1,3233,612,613,7,or
1,3234,669,675,4,not_implied_by
1,3235,256,263,7,or
1,3236,544,547,12,not_a
1,3237,275,276,1,and
1,3238,564,571,6,xor
1,3239,512,520,6,xor
1,3240,37,42,12,not_a
1,3241,273,279,13,implies
1,3242,50,56,9,not_xor
1,3243,758,760,3,a
1,3244,598,599,10,not_b
1,3245,725,727,3,a
1,3246,711,715,7,or
1,3247,144,149,7,or
1,3248,301,303,12,not_a
1,3249,402,409,6,xor
1,3250,417,422,8,not_or
1,3251,415,420,5,b
1,3252,461,464,6,xor
1,3253,422,430,9,not_xor
1,3254,627,634,14,not_and
1,3255,188,196,7,or
1,3256,168,169,1,and
1,3257,386,394,9,not_xor
1,3258,661,662,8,not_or
1,3259,730,737,15,one
1,3260,450,458,9,not_xor
1,3261,582,585,7,or
1,3262,697,703,3,a
1,3263,418,423,12,not_a
1,3264,232,235,4,not_implied_by
1,3265,737,740,10,not_b
1,3266,463,469,4,not_implied_by
1,3267,707,711,11,implied_by
1,3268,609,613,2,not_implies
1,3269,316,317,7,or
1,3270,162,165,6,xor
1,3271,697,700,8,not_or
1,3272,469,477,13,implies
1,3273,120,124,9,not_xor
1,3274,457,464,10,not_b
1,3275,633,637,10,not_b
1,3276,174,177,4,not_implied_by
1,3277,298,305,6,xor
1,3278,703,706,12,not_a
1,3279,636,642,5,b
1,3280,136,142,3,a
1,3281,772,775,9,not_xor
1,3282,49,51,9,not_xor
1,3283,254,256,8,not_or
1,3284,140,141,5,b
1,3285,631,634,8,not_or
1,3286,611,618,14,not_and
1,3287,258,266,11,implied_by
1,3288,362,369,12,not_a
1,3289,711,717,6,xor
1,3290,35,41,6,xor
1,3291,648,653,13,implies
1,3292,139,146,6,xor
1,3293,438,445,2,not_implies
1,3294,201,203,10,not_b
1,3295,4,9,14,not_and
1,3296,254,261,6,xor
1,3297,471,474,14,not_and
1,3298,338,345,9,not_xor
1,3299,781,783,10,not_b
1,3300,273,280,7,or
1,3301,624,631,12,not_a
1,3302,468,476,7,or
1,3303,454,458,2,not_implies
1,3304,498,506,6,xor
1,3305,324,329,5,b
1,3306,159,164,7,or
1,3307,605,606,6,xor
1,3308,644,645,9,not_xor
1,3309,265,270,10,not_b
1,3310,377,382,5,b
1,3311,335,338,3,a
1,3312,708,711,4,not_implied_by
1,3313,234,238,12,not_a
1,3314,733,738,6,xor
1,3315,775,776,5,b
1,3316,227,235,9,not_xor
1,3317,28,32,15,one
1,3318,753,755,8,not_or
1,3319,520,523,7,or
1,3320,283,285,8,not_or
1,3321,416,419,10,not_b
1,3322,388,393,6,xor
1,3323,680,682,1,and
1,3324,174,182,10,not_b
1,3325,165,169,13,implies
1,3326,599,605,13,implies
1,3327,468,474,6,xor
1,3328,144,151,8,not_or
1,3329,680,686,6,xor
1,3330,130,132,12,not_a
1,3331,626,630,1,and
1,3332,223,227,12,not_a
1,3333,102,106,5,b
1,3334,584,589,6,xor
1,3335,258,263,7,or
1,3336,759,762,8,not_or
1,3337,691,698,13,implies
1,3338,163,167,6,xor
1,3339,76,84,2,not_implies
1,3340,734,735,2,not_implies
1,3341,173,178,11,implied_by
1,3342,489,496,8,not_or
1,3343,478,480,12,not_a
1,3344,446,451,6,xor
1,3345,448,450,8,not_or
1,3346,63,65,10,not_b
1,3347,153,154,13,implies
1,3348,570,577,8,not_or
1,3349,472,474,15,one
1,3350,699,700,0,zero
1,3351,10,18,8,not_or
1,3352,487,495,2,not_implies
1,3353,772,779,2,not_implies
1,3354,497,503,13,implies
1,3355,597,604,9,not_xor
1,3356,10,11,8,not_or
1,3357,260,266,2,not_implies
1,3358,302,305,8,not_or
1,3359,600,605,14,not_and
1,3360,421,429,4,not_implied_by
1,3361,518,519,4,not_implied_by
1,3362,755,762,10,not_b
1,3363,230,236,3,a
1,3364,661,663,4,not_implied_by
1,3365,209,217,12,not_a
1,3366,220,227,8,not_or
1,3367,141,148,8,not_or
1,3368,201,208,4,not_implied_by
1,3369,200,202,8,not_or
1,3370,7,10,5,b
1,3371,768,771,8,not_or
1,3372,475,482,1,and
1,3373,530,535,6,xor
1,3374,89,91,6,xor
1,3375,729,735,6,xor
1,3376,22,25,6,xor
1,3377,525,526,8,not_or
1,3378,390,394,5,b
1,3379,487,491,3,a
1,3380,665,669,8,not_or
1,3381,674,675,8,not_or
1,3382,741,748,5,b
1,3383,688,690,6,xor
1,3384,671,678,6,xor
1,3385,203,206,9,not_xor
1,3386,757,759,7,or
1,3387,585,586,6,xor
1,3388,163,171,2,not_implies
1,3389,637,638,9,not_xor
1,3390,476,477,8,not_or
1,3391,425,433,6,xor
1,3392,12,18,2,not_implies
1,3393,110,113,2,not_implies
1,3394,551,553,9,not_xor
1,3395,321,329,13,implies
1,3396,81,86,9,not_xor
1,3397,577,582,6,xor
1,3398,427,432,9,not_xor
1,3399,471,475,13,implies
1,3400,424,426,9,not_xor
1,3401,722,724,7,or
1,3402,609,615,3,a
1,3403,658,665,12,not_a
1,3404,466,468,10,not_b
1,3405,235,236,12,not_a
1,3406,323,330,1,and
1,3407,420,426,5,b
1,3408,397,401,10,not_b
1,3409,316,323,4,not_implied_by
1,3410,640,641,9,not_xor
1,3411,237,238,7,or
1,3412,539,543,0,zero
1,3413,585,590,3,a
1,3414,229,236,6,xor
1,3415,741,746,9,not_xor
1,3416,294,295,7,or
1,3417,27,32,9,not_xor
1,3418,658,660,14,not_and
1,3419,184,192,14,not_and
1,3420,234,240,8,not_or
1,3421,45,52,1,and
1,3422,541,546,10,not_b
1,3423,173,180,9,not_xor
1,3424,289,291,4,not_implied_by
1,3425,660,666,5,b
1,3426,182,185,8,not_or
1,3427,60,64,7,or
1,3428,408,411,14,not_and
1,3429,7,14,7,or
1,3430,449,455,10,not_b
1,3431,778,783,13,implies
1,3432,329,337,9,not_xor
1,3433,607,608,8,not_or
1,3434,644,650,7,or
1,3435,330,332,7,or
1,3436,513,520,6,xor
1,3437,321,325,11,implied_by
1,3438,26,29,11,implied_by
1,3439,255,261,8,not_or
1,3440,525,530,5,b
1,3441,37,40,12,not_a
1,3442,376,382,9,not_xor
1,3443,89,90,8,not_or
1,3444,176,181,7,or
1,3445,676,682,3,a
1,3446,56,64,4,not_implied_by
1,3447,611,612,4,not_implied_by
1,3448,255,257,7,or
1,3449,630,637,2,not_implies
1,3450,387,392,11,implied_by
1,3451,506,507,9,not_xor
1,3452,553,560,14,not_and
1,3453,62,63,7,or
1,3454,52,56,5,b
1,3455,227,230,12,not_a
1,3456,677,681,7,or
1,3457,346,347,12,not_a
1,3458,130,136,4,not_implied_by
1,3459,312,317,7,or
1,3460,222,226,12,not_a
1,3461,258,264,3,a
1,3462,509,513,15,one
1,3463,636,640,1,and
1,3464,159,163,8,not_or
1,3465,116,118,7,or
1,3466,164,168,8,not_or
1,3467,358,362,7,or
1,3468,200,206,10,not_b
1,3469,429,434,0,zero
1,3470,605,611,7,or
1,3471,109,110,0,zero
1,3472,449,450,13,implies
1,3473,58,66,7,or
1,3474,632,634,7,or
1,3475,665,670,13,implies
1,3476,570,575,12,not_a
1,3477,188,195,9,not_xor
1,3478,310,316,8,not_or
1,3479,382,383,11,implied_by
1,3480,368,370,7,or
1,3481,470,478,9,not_xor
1,3482,198,199,9,not_xor
1,3483,320,321,3,a
1,3484,122,124,8,not_or
1,3485,639,646,7,or
1,3486,405,411,1,and
1,3487,746,752,6,xor
1,3488,454,455,12,not_a
1,3489,733,739,9,not_xor
1,3490,75,78,13,implies
1,3491,305,307,2,not_implies
1,3492,745,748,13,implies
1,3493,587,594,11,implied_by
1,3494,630,631,4,not_implied_by
1,3495,445,446,6,xor
1,3496,218,221,10,not_b
1,3497,634,637,14,not_and
1,3498,625,629,9,not_xor
1,3499,662,664,1,and
1,3500,456,460,7,or
1,3501,335,341,6,xor
1,3502,250,252,9,not_xor
1,3503,4,7,8,not_or
1,3504,598,604,6,xor
1,3505,552,553,9,not_xor
1,3506,464,472,10,not_b
1,3507,5,11,5,b
1,3508,383,391,12,not_a
1,3509,86,90,11,implied_by
1,3510,273,281,9,not_xor
1,3511,187,195,7,or
1,3512,468,471,2,not_implies
1,3513,349,352,9,not_xor
1,3514,379,385,9,not_xor
1,3515,612,617,9,not_xor
1,3516,192,195,2,not_implies
1,3517,483,484,5,b
1,3518,122,123,12,not_a
1,3519,400,406,12,not_a
1,3520,624,630,13,implies
1,3521,555,561,11,implied_by
1,3522,13,15,6,xor
1,3523,40,41,14,not_and
1,3524,449,454,0,zero
1,3525,770,775,2,not_implies
1,3526,615,617,14,not_and
1,3527,689,696,9,not_xor
1,3528,509,517,10,not_b
1,3529,80,86,7,or
1,3530,688,694,8,not_or
1,3531,711,716,7,or
1,3532,739,741,9,not_xor
1,3533,695,696,3,a
1,3534,79,83,12,not_a
1,3535,121,129,6,xor
1,3536,189,190,5,b
1,3537,372,376,0,zero
1,3538,167,168,0,zero
1,3539,746,753,13,implies
1,3540,650,654,12,not_a
1,3541,66,71,3,a
1,3542,478,485,6,xor
1,3543,726,731,9,not_xor
1,3544,226,231,11,implied_by
1,3545,621,628,14,not_and
1,3546,397,404,3,a
1,3547,531,532,7,or
1,3548,651,656,9,not_xor
1,3549,533,539,6,xor
1,3550,80,83,9,not_xor
1,3551,469,470,8,not_or
1,3552,452,457,1,and
1,3553,397,398,6,xor
1,3554,108,112,10,not_b
1,3555,712,719,7,or
1,3556,93,100,12,not_a
1,3557,755,761,4,not_implied_by
1,3558,698,705,9,not_xor
1,3559,676,679,8,not_or
1,3560,76,80,3,a
1,3561,129,133,2,not_implies
1,3562,342,350,12,not_a
1,3563,652,659,7,or
1,3564,652,658,10,not_b
1,3565,37,39,8,not_or
1,3566,221,226,8,not_or
1,3567,619,624,3,a
1,3568,371,375,4,not_implied_by
1,3569,507,513,6,xor
1,3570,174,176,7,or
1,3571,757,761,6,xor
1,3572,100,106,8,not_or
1,3573,498,505,11,implied_by
1,3574,579,583,7,or
1,3575,652,655,11,implied_by
1,3576,87,95,9,not_xor
1,3577,324,327,6,xor
1,3578,179,187,12,not_a
1,3579,11,16,14,not_and
1,3580,365,368,12,not_a
1,3581,293,296,11,implied_by
1,3582,153,158,6,xor
1,3583,239,246,11,implied_by
1,3584,598,603,2,not_implies
1,3585,446,447,6,xor
1,3586,135,138,13,implies
1,3587,118,122,5,b
1,3588,667,670,7,or
1,3589,739,743,4,not_implied_by
1,3590,190,191,8,not_or
1,3591,639,643,9,not_xor
1,3592,544,548,14,not_and
1,3593,485,493,6,xor
1,3594,670,673,10,not_b
1,3595,756,763,7,or
1,3596,699,706,6,xor
1,3597,604,605,8,not_or
1,3598,60,62,7,or
1,3599,427,433,9,not_xor
1,3600,109,112,8,not_or
1,3601,724,726,14,not_and
1,3602,742,745,7,or
1,3603,538,539,6,xor
1,3604,359,363,3,a
1,3605,772,774,4,not_implied_by
1,3606,536,543,9,not_xor
1,3607,491,494,6,xor
1,3608,522,525,9,not_xor
1,3609,217,220,7,or
1,3610,16,21,11,implied_by
1,3611,593,600,3,a
1,3612,360,364,3,a
1,3613,481,484,5,b
1,3614,773,774,7,or
1,3615,684,686,11,implied_by
1,3616,270,274,8,not_or
1,3617,108,113,7,or
1,3618,166,173,6,xor
1,3619,659,662,8,not_or
1,3620,722,723,7,or
1,3621,120,122,8,not_or
1,3622,337,345,11,implied_by
1,3623,231,232,7,or
1,3624,563,570,1,and
1,3625,342,347,12,not_a
1,3626,684,690,6,xor
1,3627,385,390,3,a
1,3628,661,667,6,xor
1,3629,11,14,3,a
1,3630,353,357,9,not_xor
1,3631,748,753,11,implied_by
1,3632,304,307,12,not_a
1,3633,363,364,15,one
1,3634,650,652,3,a
1,3635,513,518,5,b
1,3636,59,60,11,implied_by
1,3637,485,488,10,not_b
1,3638,253,254,6,xor
1,3639,377,381,6,xor
1,3640,361,365,6,xor
1,3641,436,443,1,and
1,3642,412,414,1,and
1,3643,736,738,7,or
1,3644,485,491,7,or
1,3645,232,237,4,not_implied_by
1,3646,597,603,10,not_b
1,3647,152,154,3,a
1,3648,744,751,3,a
1,3649,180,185,12,not_a
1,3650,68,70,6,xor
1,3651,439,446,2,not_implies
1,3652,244,250,10,not_b
1,3653,173,177,6,xor
1,3654,0,5,9,not_xor
1,3655,69,73,9,not_xor
1,3656,729,734,10,not_b
1,3657,73,74,8,not_or
1,3658,581,586,2,not_implies
1,3659,507,510,12,not_a
1,3660,203,209,6,xor
1,3661,614,615,6,xor
1,3662,458,461,1,and
1,3663,175,179,9,not_xor
1,3664,663,666,0,zero
1,3665,319,325,9,not_xor
1,3666,160,162,14,not_and
1,3667,174,180,10,not_b
1,3668,19,27,7,or
1,3669,510,511,6,xor
1,3670,666,669,9,not_xor
1,3671,554,559,12,not_a
1,3672,710,716,6,xor
1,3673,486,494,8,not_or
1,3674,410,416,3,a
1,3675,262,264,8,not_or
1,3676,468,470,8,not_or
1,3677,496,497,8,not_or
1,3678,644,647,3,a
1,3679,87,92,8,not_or
1,3680,668,674,12,not_a
1,3681,472,476,14,not_and
1,3682,526,529,13,implies
1,3683,672,675,3,a
1,3684,133,140,2,not_implies
1,3685,540,541,8,not_or
1,3686,737,744,6,xor
1,3687,416,423,9,not_xor
1,3688,515,522,11,implied_by
1,3689,411,413,8,not_or
1,3690,278,284,6,xor
1,3691,663,670,5,b
1,3692,506,510,11,implied_by
1,3693,407,410,5,b
1,3694,318,321,4,not_implied_by
1,3695,495,499,2,not_implies
1,3696,682,686,6,xor
1,3697,40,47,6,xor
1,3698,539,546,3,a
1,3699,276,281,1,and
1,3700,288,296,11,implied_by
1,3701,73,78,6,xor
1,3702,44,47,12,not_a
1,3703,210,214,11,implied_by
1,3704,126,131,12,not_a
1,3705,132,140,13,implies
1,3706,739,745,1,and
1,3707,124,127,10,not_b
1,3708,209,215,3,a
1,3709,361,367,6,xor
1,3710,5,6,14,not_and
1,3711,726,728,7,or
1,3712,128,131,9,not_xor
1,3713,200,204,9,not_xor
1,3714,511,518,3,a
1,3715,319,326,6,xor
1,3716,440,443,13,implies
1,3717,737,739,6,xor
1,3718,304,305,12,not_a
1,3719,418,424,13,implies
1,3720,43,47,9,not_xor
1,3721,414,422,9,not_xor
1,3722,284,287,6,xor
1,3723,614,617,4,not_implied_by
1,3724,123,124,7,or
1,3725,446,454,4,not_implied_by
1,3726,571,575,9,not_xor
1,3727,721,728,6,xor
1,3728,32,33,7,or
1,3729,272,279,13,implies
1,3730,216,219,3,a
1,3731,403,407,10,not_b
1,3732,522,526,8,not_or
1,3733,594,601,9,not_xor
1,3734,274,281,11,implied_by
1,3735,393,398,3,a
1,3736,141,143,15,one
1,3737,727,732,9,not_xor
1,3738,593,596,12,not_a
1,3739,443,451,12,not_a
1,3740,477,480,6,xor
1,3741,151,157,1,and
1,3742,344,350,6,xor
1,3743,291,295,1,and
1,3744,257,260,7,or
1,3745,477,485,2,not_implies
1,3746,423,426,11,implied_by
1,3747,39,45,5,b
1,3748,445,448,2,not_implies
1,3749,236,239,7,or
1,3750,559,563,9,not_xor
1,3751,49,54,7,or
1,3752,216,217,7,or
1,3753,495,503,12,not_a
1,3754,603,607,10,not_b
1,3755,579,581,3,a
1,3756,500,506,1,and
1,3757,473,475,15,one
1,3758,182,190,8,not_or
1,3759,472,477,14,not_and
1,3760,683,687,7,or
1,3761,97,104,7,or
1,3762,521,525,5,b
1,3763,11,18,9,not_xor
1,3764,469,473,4,not_implied_by
1,3765,348,356,6,xor
1,3766,233,237,12,not_a
1,3767,517,519,3,a
1,3768,475,477,4,not_implied_by
1,3769,604,606,8,not_or
1,3770,566,570,3,a
1,3771,536,537,7,or
1,3772,152,160,1,and
1,3773,622,625,9,not_xor
1,3774,36,38,9,not_xor
1,3775,264,265,14,not_and
1,3776,433,434,6,xor
1,3777,434,435,15,one
1,3778,206,212,4,not_implied_by
1,3779,674,680,6,xor
1,3780,172,177,9,not_xor
1,3781,676,677,13,implies
1,3782,749,753,12,not_a
1,3783,548,554,2,not_implies
1,3784,620,627,8,not_or
1,3785,134,137,8,not_or
1,3786,259,265,11,implied_by
1,3787,750,753,9,not_xor
1,3788,211,215,13,implies
1,3789,687,692,12,not_a
1,3790,508,514,8,not_or
1,3791,151,152,7,or
1,3792,338,346,11,implied_by
1,3793,58,60,9,not_xor
1,3794,153,155,3,a
1,3795,146,150,3,a
1,3796,377,380,8,not_or
1,3797,714,719,11,implied_by
1,3798,296,297,7,or
1,3799,214,215,8,not_or
1,3800,26,33,6,xor
1,3801,543,549,7,or
1,3802,448,455,11,implied_by
1,3803,488,495,9,not_xor
1,3804,172,174,6,xor
1,3805,611,614,4,not_implied_by
1,3806,602,606,14,not_and
1,3807,1,5,3,a
1,3808,101,109,1,and
1,3809,638,642,6,xor
1,3810,655,659,9,not_xor
1,3811,715,722,9,not_xor
1,3812,750,755,3,a
1,3813,645,649,11,implied_by
1,3814,42,44,5,b
1,3815,397,399,8,not_or
1,3816,100,108,15,one
1,3817,499,503,12,not_a
1,3818,32,34,11,implied_by
1,3819,96,97,6,xor
1,3820,10,13,9,not_xor
1,3821,449,453,8,not_or
1,3822,503,511,5,b
1,3823,673,678,10,not_b
1,3824,573,576,1,and
1,3825,235,239,14,not_and
1,3826,391,397,5,b
1,3827,398,400,7,or
1,3828,395,397,9,not_xor
1,3829,412,417,5,b
1,3830,555,556,3,a
1,3831,594,596,9,not_xor
1,3832,729,731,6,xor
1,3833,567,568,9,not_xor
1,3834,142,145,9,not_xor
1,3835,244,245,1,and
1,3836,170,172,1,and
1,3837,81,83,4,not_implied_by
1,3838,30,38,5,b
1,3839,247,250,7,or
1,3840,168,170,5,b
1,3841,438,439,7,or
1,3842,217,219,1,and
1,3843,158,163,7,or
1,3844,121,128,5,b
1,3845,173,174,7,or
1,3846,416,421,8,not_or
1,3847,572,579,12,not_a
1,3848,82,90,10,not_b
1,3849,290,293,6,xor
1,3850,221,229,8,not_or
1,3851,356,361,10,not_b
1,3852,201,205,6,xor
1,3853,287,288,7,or
1,3854,141,149,2,not_implies
1,3855,632,633,8,not_or
1,3856,103,107,7,or
1,3857,301,305,6,xor
1,3858,354,360,2,not_implies
1,3859,551,558,11,implied_by
1,3860,164,167,6,xor
1,3861,411,414,7,or
1,3862,249,255,12,not_a
1,3863,77,81,9,not_xor
1,3864,642,646,6,xor
1,3865,646,652,10,not_b
1,3866,404,412,12,not_a
1,3867,73,80,0,zero
1,3868,608,610,12,not_a
1,3869,328,329,7,or
1,3870,417,418,6,xor
1,3871,119,127,14,not_and
1,3872,575,578,6,xor
1,3873,446,448,7,or
1,3874,144,152,4,not_implied_by
1,3875,260,262,10,not_b
1,3876,66,73,7,or
1,3877,276,284,13,implies
1,3878,59,61,10,not_b
1,3879,565,570,7,or
1,3880,338,343,13,implies
1,3881,366,368,8,not_or
1,3882,56,62,4,not_implied_by
1,3883,677,678,7,or
1,3884,697,699,9,not_xor
1,3885,658,659,9,not_xor
1,3886,499,501,7,or
1,3887,126,133,13,implies
1,3888,770,771,12,not_a
1,3889,337,343,7,or
1,3890,746,747,8,not_or
1,3891,126,128,12,not_a
1,3892,641,648,4,not_implied_by
1,3893,518,525,0,zero
1,3894,447,448,9,not_xor
1,3895,50,51,11,implied_by
1,3896,279,286,11,implied_by
1,3897,682,683,9,not_xor
1,3898,481,486,6,xor
1,3899,391,394,7,or
1,3900,30,32,11,implied_by
1,3901,395,403,6,xor
1,3902,271,272,6,xor
1,3903,72,78,2,not_implies
1,3904,478,481,12,not_a
1,3905,681,688,10,not_b
1,3906,114,117,11,implied_by
1,3907,599,604,6,xor
1,3908,127,131,10,not_b
1,3909,480,481,3,a
1,3910,35,40,7,or
1,3911,209,214,9,not_xor
1,3912,708,712,12,not_a
1,3913,70,73,9,not_xor
1,3914,276,278,9,not_xor
1,3915,130,131,10,not_b
1,3916,238,246,8,not_or
1,3917,721,726,10,not_b
1,3918,569,574,14,not_and
1,3919,623,630,12,not_a
1,3920,343,348,12,not_a
1,3921,119,120,5,b
1,3922,62,66,9,not_xor
1,3923,360,362,10,not_b
1,3924,709,713,6,xor
1,3925,373,381,9,not_xor
1,3926,432,435,12,not_a
1,3927,494,502,5,b
1,3928,597,601,1,and
1,3929,629,632,8,not_or
1,3930,494,500,5,b
1,3931,584,588,10,not_b
1,3932,13,14,8,not_or
1,3933,334,341,11,implied_by
1,3934,201,202,9,not_xor
1,3935,17,18,5,b
1,3936,296,301,1,and
1,3937,446,452,3,a
1,3938,574,579,3,a
1,3939,538,542,5,b
1,3940,245,251,5,b
1,3941,601,605,12,not_a
1,3942,334,342,8,not_or
1,3943,726,727,8,not_or
1,3944,222,225,8,not_or
1,3945,251,252,11,implied_by
1,3946,15,19,6,xor
1,3947,742,746,1,and
1,3948,452,459,11,implied_by
1,3949,401,403,12,not_a
1,3950,565,572,3,a
1,3951,683,686,2,not_implies
1,3952,514,518,7,or
1,3953,338,344,5,b
1,3954,679,680,8,not_or
1,3955,731,732,9,not_xor
1,3956,75,80,7,or
1,3957,220,223,3,a
1,3958,396,404,12,not_a
1,3959,219,221,9,not_xor
1,3960,57,63,6,xor
1,3961,385,386,9,not_xor
1,3962,347,351,7,or
1,3963,640,642,6,xor
1,3964,730,731,5,b
1,3965,158,166,13,implies
1,3966,57,62,5,b
1,3967,131,139,13,implies
1,3968,131,133,7,or
1,3969,370,375,5,b
1,3970,472,473,8,not_or
1,3971,209,212,8,not_or
1,3972,268,276,9,not_xor
1,3973,96,102,3,a
1,3974,172,178,2,not_implies
1,3975,71,72,3,a
1,3976,61,66,7,or
1,3977,496,502,6,xor
1,3978,448,454,11,implied_by
1,3979,2,10,5,b
1,3980,633,634,4,not_implied_by
1,3981,470,473,10,not_b
1,3982,512,516,8,not_or
1,3983,293,301,3,a
1,3984,49,56,2,not_implies
1,3985,304,312,3,a
1,3986,127,133,13,implies
1,3987,1,2,2,not_implies
1,3988,318,322,11,implied_by
1,3989,563,567,13,implies
1,3990,554,557,9,not_xor
1,3991,307,308,4,not_implied_by
1,3992,208,211,4,not_implied_by
1,3993,228,231,9,not_xor
1,3994,188,190,10,not_b
1,3995,490,494,9,not_xor
1,3996,82,88,7,or
1,3997,502,506,1,and
1,3998,416,420,7,or
1,3999,688,692,8,not_or
1,4000,692,699,8,not_or
1,4001,349,356,5,b
1,4002,497,498,7,or
1,4003,637,644,11,implied_by
1,4004,83,84,10,not_b
1,4005,576,578,9,not_xor
1,4006,204,205,11,implied_by
1,4007,747,749,6,xor
1,4008,9,14,8,not_or
1,4009,343,347,2,not_implies
1,4010,528,530,5,b
1,4011,280,284,9,not_xor
1,4012,233,236,4,not_implied_by
1,4013,558,562,9,not_xor
1,4014,529,532,6,xor
1,4015,590,595,4,not_implied_by
1,4016,491,499,8,not_or
1,4017,675,676,5,b
1,4018,666,672,4,not_implied_by
1,4019,68,74,12,not_a
1,4020,335,336,5,b
1,4021,40,43,10,not_b
1,4022,724,730,8,not_or
1,4023,198,200,7,or
1,4024,546,553,12,not_a
1,4025,561,562,7,or
1,4026,717,718,7,or
1,4027,451,452,8,not_or
1,4028,74,76,1,and
1,4029,451,457,11,implied_by
1,4030,630,633,9,not_xor
1,4031,439,442,9,not_xor
1,4032,50,55,7,or
1,4033,633,640,11,implied_by
1,4034,744,749,4,not_implied_by
1,4035,588,595,8,not_or
1,4036,265,272,9,not_xor
1,4037,481,485,0,zero
1,4038,74,81,2,not_implies
1,4039,554,556,6,xor
1,4040,437,444,5,b
1,4041,650,657,9,not_xor
1,4042,215,216,0,zero
1,4043,613,616,7,or
1,4044,153,157,8,not_or
1,4045,676,678,5,b
1,4046,681,685,11,implied_by
1,4047,547,548,8,not_or
1,4048,557,558,9,not_xor
1,4049,317,323,4,not_implied_by
1,4050,137,145,9,not_xor
1,4051,424,428,9,not_xor
1,4052,391,399,6,xor
1,4053,447,455,9,not_xor
1,4054,377,384,6,xor
1,4055,551,557,4,not_implied_by
1,4056,422,428,3,a
1,4057,219,225,13,implies
1,4058,488,493,5,b
1,4059,574,575,9,not_xor
1,4060,510,513,9,not_xor
1,4061,526,533,2,not_implies
1,4062,435,437,10,not_b
1,4063,451,453,11,implied_by
1,4064,102,110,13,implies
1,4065,33,37,4,not_implied_by
1,4066,396,400,6,xor
1,4067,287,291,2,not_implies
1,4068,243,248,9,not_xor
1,4069,265,266,7,or
1,4070,538,540,9,not_xor
1,4071,450,454,6,xor
1,4072,289,297,5,b
1,4073,730,736,12,not_a
1,4074,53,58,14,not_and
1,4075,643,646,7,or
1,4076,227,234,7,or
1,4077,550,552,13,implies
1,4078,126,129,7,or
1,4079,670,675,6,xor
1,4080,195,200,6,xor
1,4081,741,747,7,or
1,4082,11,19,2,not_implies
1,4083,115,117,8,not_or
1,4084,499,504,12,not_a
1,4085,740,745,8,not_or
1,4086,680,684,2,not_implies
1,4087,257,262,9,not_xor
1,4088,15,17,6,xor
1,4089,172,176,3,a
1,4090,117,120,6,xor
1,4091,405,412,5,b
1,4092,229,235,3,a
1,4093,62,64,4,not_implied_by
1,4094,762,765,13,implies
1,4095,116,124,4,not_implied_by
1,4096,136,137,8,not_or
1,4097,96,101,14,not_and
1,4098,252,256,8,not_or
1,4099,84,86,10,not_b
1,4100,305,311,2,not_implies
1,4101,535,536,10,not_b
1,4102,707,712,11,implied_by
1,4103,149,152,8,not_or
1,4104,376,380,6,xor
1,4105,78,81,3,a
1,4106,100,102,13,implies
1,4107,692,693,1,and
1,4108,68,75,13,implies
1,4109,24,31,4,not_implied_by
1,4110,718,721,2,not_implies
1,4111,305,306,13,implies
1,4112,451,455,9,not_xor
1,4113,359,366,7,or
1,4114,447,454,11,implied_by
1,4115,26,34,4,not_implied_by
1,4116,618,623,6,xor
1,4117,713,716,8,not_or
1,4118,348,350,6,xor
1,4119,675,682,14,not_and
1,4120,413,419,2,not_implies
1,4121,669,671,13,implies
1,4122,694,698,8,not_or
1,4123,394,401,14,not_and
1,4124,348,354,3,a
1,4125,575,579,3,a
1,4126,231,236,11,implied_by
1,4127,643,645,8,not_or
1,4128,195,196,6,xor
1,4129,757,764,9,not_xor
1,4130,536,542,12,not_a
1,4131,282,283,7,or
1,4132,512,517,8,not_or
1,4133,689,694,2,not_implies
1,4134,148,156,14,not_and
1,4135,697,698,8,not_or
1,4136,176,178,9,not_xor
1,4137,345,348,11,implied_by
1,4138,99,100,7,or
1,4139,484,491,4,not_implied_by
1,4140,292,297,8,not_or
1,4141,139,147,7,or
1,4142,262,267,8,not_or
1,4143,423,424,13,implies
1,4144,417,421,3,a
1,4145,356,358,13,implies
1,4146,436,439,12,not_a
1,4147,677,683,3,a
1,4148,731,733,6,xor
1,4149,96,104,4,not_implied_by
1,4150,520,527,6,xor
1,4151,763,765,13,implies
1,4152,542,546,12,not_a
1,4153,703,708,9,not_xor
1,4154,668,670,8,not_or
1,4155,54,59,9,not_xor
1,4156,727,730,6,xor
1,4157,158,161,1,and
1,4158,655,661,6,xor
1,4159,92,95,6,xor
1,4160,700,703,9,not_xor
1,4161,413,417,7,or
1,4162,531,537,8,not_or
1,4163,298,302,13,implies
1,4164,377,385,14,not_and
1,4165,247,249,0,zero
1,4166,542,549,12,not_a
1,4167,366,369,6,xor
1,4168,569,572,8,not_or
1,4169,596,597,10,not_b
1,4170,171,174,5,b
1,4171,27,35,7,or
1,4172,587,589,0,zero
1,4173,70,77,6,xor
1,4174,187,188,13,implies
1,4175,113,118,8,not_or
1,4176,379,382,9,not_xor
1,4177,475,479,0,zero
1,4178,389,392,9,not_xor
1,4179,93,101,3,a
1,4180,422,427,6,xor
1,4181,332,334,3,a
1,4182,755,759,11,implied_by
1,4183,444,449,0,zero
1,4184,623,625,3,a
1,4185,418,422,9,not_xor
1,4186,558,563,3,a
1,4187,98,106,12,not_a
1,4188,285,288,11,implied_by
1,4189,131,138,2,not_implies
1,4190,714,721,13,implies
1,4191,705,710,12,not_a
1,4192,612,615,8,not_or
1,4193,374,380,2,not_implies
1,4194,686,691,3,a
1,4195,770,774,6,xor
1,4196,655,657,14,not_and
1,4197,759,766,11,implied_by
1,4198,262,265,10,not_b
1,4199,497,502,9,not_xor
1,4200,39,40,14,not_and
1,4201,328,330,9,not_xor
1,4202,561,567,4,not_implied_by
1,4203,252,253,1,and
1,4204,777,778,1,and
1,4205,508,516,15,one
1,4206,463,466,9,not_xor
1,4207,447,449,5,b
1,4208,269,272,9,not_xor
1,4209,456,457,9,not_xor
1,4210,337,339,4,not_implied_by
1,4211,492,495,9,not_xor
1,4212,229,234,9,not_xor
1,4213,332,333,1,and
1,4214,756,762,7,or
1,4215,620,621,8,not_or
1,4216,633,638,3,a
1,4217,308,310,4,not_implied_by
1,4218,225,227,8,not_or
1,4219,310,314,8,not_or
1,4220,240,243,6,xor
1,4221,615,619,11,implied_by
1,4222,414,420,9,not_xor
1,4223,559,566,10,not_b
1,4224,22,29,5,b
1,4225,206,210,6,xor
1,4226,392,400,6,xor
1,4227,376,384,13,implies
1,4228,775,781,8,not_or
1,4229,271,276,14,not_and
1,4230,449,452,6,xor
1,4231,314,319,7,or
1,4232,558,561,9,not_xor
1,4233,393,395,5,b
1,4234,36,37,6,xor
1,4235,24,27,10,not_b
1,4236,296,304,9,not_xor
1,4237,309,311,9,not_xor
1,4238,299,303,9,not_xor
1,4239,61,63,11,implied_by
1,4240,88,95,4,not_implied_by
1,4241,277,284,4,not_implied_by
1,4242,7,15,4,not_implied_by
1,4243,637,640,7,or
1,4244,215,222,2,not_implies
1,4245,746,751,13,implies
1,4246,135,140,1,and
1,4247,136,144,8,not_or
1,4248,211,216,9,not_xor
1,4249,91,92,9,not_xor
1,4250,300,306,2,not_implies
1,4251,6,8,8,not_or
1,4252,335,339,11,implied_by
1,4253,452,456,10,not_b
1,4254,640,645,9,not_xor
1,4255,0,3,13,implies
1,4256,83,89,7,or
1,4257,261,269,6,xor
1,4258,71,76,6,xor
1,4259,162,164,2,not_implies
1,4260,456,459,6,xor
1,4261,169,172,8,not_or
1,4262,46,49,7,or
1,4263,703,710,11,implied_by
1,4264,698,702,3,a
1,4265,603,605,14,not_and
1,4266,244,251,13,implies
1,4267,610,613,5,b
1,4268,623,624,13,implies
1,4269,287,294,9,not_xor
1,4270,360,366,7,or
1,4271,507,508,7,or
1,4272,345,352,6,xor
1,4273,764,767,5,b
1,4274,281,289,6,xor
1,4275,613,615,3,a
1,4276,186,190,9,not_xor
1,4277,54,57,9,not_xor
1,4278,217,221,14,not_and
1,4279,555,558,8,not_or
1,4280,58,59,15,one
1,4281,747,752,5,b
1,4282,234,241,1,and
1,4283,181,185,14,not_and
1,4284,574,576,10,not_b
1,4285,107,110,0,zero
1,4286,66,70,10,not_b
1,4287,480,487,14,not_and
1,4288,206,213,9,not_xor
1,4289,236,237,10,not_b
1,4290,549,556,3,a
1,4291,174,181,4,not_implied_by
1,4292,536,544,1,and
1,4293,96,100,8,not_or
1,4294,284,292,4,not_implied_by
1,4295,370,373,10,not_b
1,4296,723,729,13,implies
1,4297,501,504,12,not_a
1,4298,36,39,4,not_implied_by
1,4299,624,627,1,and
1,4300,76,81,5,b
1,4301,316,324,2,not_implies
1,4302,47,54,3,a
1,4303,437,445,7,or
1,4304,665,666,6,xor
1,4305,318,325,0,zero
1,4306,66,69,6,xor
1,4307,756,757,15,one
1,4308,79,84,3,a
1,4309,53,61,11,implied_by
1,4310,144,145,11,implied_by
1,4311,20,27,12,not_a
1,4312,500,501,0,zero
1,4313,744,746,7,or
1,4314,251,256,5,b
1,4315,13,18,8,not_or
1,4316,656,658,6,xor
1,4317,712,718,5,b
1,4318,339,340,7,or
1,4319,195,197,11,implied_by
1,4320,41,49,2,not_implies
1,4321,617,620,4,not_implied_by
1,4322,393,397,10,not_b
1,4323,563,566,9,not_xor
1,4324,515,519,11,implied_by
1,4325,557,564,9,not_xor
1,4326,158,162,8,not_or
1,4327,270,275,6,xor
1,4328,101,107,13,implies
1,4329,437,443,9,not_xor
1,4330,409,411,10,not_b
1,4331,246,251,13,implies
1,4332,504,506,7,or
1,4333,187,193,10,not_b
1,4334,744,750,9,not_xor
1,4335,696,702,14,not_and
1,4336,313,317,7,or
1,4337,328,332,8,not_or
1,4338,768,772,14,not_and
1,4339,747,748,5,b
1,4340,107,112,13,implies
1,4341,285,292,9,not_xor
1,4342,481,483,8,not_or
1,4343,221,222,8,not_or
1,4344,564,568,5,b
1,4345,430,437,2,not_implies
1,4346,59,67,4,not_implied_by
1,4347,421,422,8,not_or
1,4348,616,621,5,b
1,4349,153,161,8,not_or
1,4350,282,289,3,a
1,4351,631,633,3,a
1,4352,367,371,5,b
1,4353,758,764,9,not_xor
1,4354,765,772,8,not_or
1,4355,565,567,6,xor
1,4356,519,521,7,or
1,4357,437,440,1,and
1,4358,717,721,6,xor
1,4359,777,780,12,not_a
1,4360,729,732,4,not_implied_by
1,4361,387,389,7,or
1,4362,570,571,8,not_or
1,4363,504,505,7,or
1,4364,732,734,6,xor
1,4365,387,391,8,not_or
1,4366,773,777,6,xor
1,4367,77,82,2,not_implies
1,4368,748,750,11,implied_by
1,4369,550,553,5,b
1,4370,658,663,9,not_xor
1,4371,168,173,10,not_b
1,4372,448,456,4,not_implied_by
1,4373,417,425,5,b
1,4374,364,368,10,not_b
1,4375,757,758,4,not_implied_by
1,4376,625,628,14,not_and
1,4377,57,65,6,xor
1,4378,229,231,8,not_or
1,4379,712,713,9,not_xor
1,4380,385,392,3,a
1,4381,382,388,12,not_a
1,4382,579,584,12,not_a
1,4383,751,756,13,implies
1,4384,369,370,7,or
1,4385,571,578,15,one
1,4386,211,214,6,xor
1,4387,488,492,12,not_a
1,4388,189,194,8,not_or
1,4389,490,492,9,not_xor
1,4390,82,85,2,not_implies
1,4391,490,493,6,xor
1,4392,155,163,7,or
1,4393,465,473,12,not_a
1,4394,542,547,12,not_a
1,4395,596,603,10,not_b
1,4396,152,153,10,not_b
1,4397,370,372,13,implies
1,4398,31,33,14,not_and
1,4399,450,452,0,zero
1,4400,639,640,12,not_a
1,4401,391,398,11,implied_by
1,4402,253,255,7,or
1,4403,234,236,12,not_a
1,4404,122,125,9,not_xor
1,4405,744,747,9,not_xor
1,4406,156,164,2,not_implies
1,4407,420,425,7,or
1,4408,213,217,15,one
1,4409,96,99,3,a
1,4410,330,338,13,implies
1,4411,134,135,8,not_or
1,4412,11,12,12,not_a
1,4413,137,138,7,or
1,4414,761,767,9,not_xor
1,4415,628,631,7,or
1,4416,218,225,12,not_a
1,4417,341,347,5,b
1,4418,335,340,7,or
1,4419,495,501,5,b
1,4420,707,713,6,xor
1,4421,487,490,6,xor
1,4422,170,173,0,zero
1,4423,12,16,8,not_or
1,4424,519,522,1,and
1,4425,50,57,9,not_xor
1,4426,177,184,1,and
1,4427,583,587,7,or
1,4428,138,145,1,and
1,4429,278,279,7,or
1,4430,611,613,6,xor
1,4431,43,48,2,not_implies
1,4432,465,467,3,a
1,4433,329,336,2,not_implies
1,4434,174,178,8,not_or
1,4435,335,343,7,or
1,4436,160,164,2,not_implies
1,4437,299,300,9,not_xor
1,4438,724,731,7,or
1,4439,678,682,6,xor
1,4440,762,763,14,not_and
1,4441,247,252,13,implies
1,4442,717,724,13,implies
1,4443,586,591,5,b
1,4444,504,508,6,xor
1,4445,764,768,5,b
1,4446,267,270,5,b
1,4447,221,224,9,not_xor
1,4448,650,653,10,not_b
1,4449,738,741,9,not_xor
1,4450,532,534,1,and
1,4451,243,246,1,and
1,4452,76,82,0,zero
1,4453,559,561,6,xor
1,4454,508,515,8,not_or
1,4455,347,355,3,a
1,4456,178,179,8,not_or
1,4457,38,41,8,not_or
1,4458,224,229,9,not_xor
1,4459,545,550,3,a
1,4460,78,79,3,a
1,4461,752,756,12,not_a
1,4462,467,475,13,implies
1,4463,758,765,15,one
1,4464,583,586,9,not_xor
1,4465,371,372,7,or
1,4466,502,510,6,xor
1,4467,326,329,9,not_xor
1,4468,555,560,6,xor
1,4469,288,290,13,implies
1,4470,103,106,5,b
1,4471,114,119,8,not_or
1,4472,519,526,3,a
1,4473,778,780,8,not_or
1,4474,756,761,14,not_and
1,4475,701,706,8,not_or
1,4476,384,391,3,a
1,4477,187,191,8,not_or
1,4478,41,45,12,not_a
1,4479,209,211,7,or
1,4480,686,689,9,not_xor
1,4481,199,206,14,not_and
1,4482,679,684,8,not_or
1,4483,256,259,6,xor
1,4484,34,36,9,not_xor
1,4485,513,519,5,b
1,4486,660,663,14,not_and
1,4487,708,713,7,or
1,4488,167,170,4,not_implied_by
1,4489,771,774,6,xor
1,4490,547,550,10,not_b
1,4491,776,783,7,or
1,4492,389,396,6,xor
1,4493,357,364,3,a
1,4494,700,701,4,not_implied_by
1,4495,228,229,5,b
1,4496,511,517,11,implied_by
1,4497,150,153,7,or
1,4498,143,150,6,xor
1,4499,657,659,1,and
1,4500,393,394,6,xor
1,4501,59,63,11,implied_by
1,4502,337,338,8,not_or
1,4503,55,60,10,not_b
1,4504,462,467,5,b
1,4505,346,353,10,not_b
1,4506,354,355,8,not_or
1,4507,317,318,14,not_and
1,4508,663,664,9,not_xor
1,4509,530,533,1,and
1,4510,658,664,7,or
1,4511,241,243,3,a
1,4512,569,576,11,implied_by
1,4513,433,438,10,not_b
1,4514,465,470,2,not_implies
1,4515,410,418,8,not_or
1,4516,113,121,11,implied_by
1,4517,222,227,8,not_or
1,4518,430,432,9,not_xor
1,4519,384,392,11,implied_by
1,4520,357,363,5,b
1,4521,353,360,5,b
1,4522,14,22,2,not_implies
1,4523,381,383,8,not_or
1,4524,167,173,11,implied_by
1,4525,521,524,10,not_b
1,4526,227,233,15,one
1,4527,450,451,8,not_or
1,4528,299,307,7,or
1,4529,654,657,1,and
1,4530,21,29,8,not_or
1,4531,242,243,8,not_or
1,4532,450,457,8,not_or
1,4533,329,334,2,not_implies
1,4534,266,267,9,not_xor
1,4535,42,49,9,not_xor
1,4536,142,149,7,or
1,4537,275,279,13,implies
1,4538,656,657,9,not_xor
1,4539,282,290,14,not_and
1,4540,423,431,9,not_xor
1,4541,250,256,14,not_and
1,4542,668,672,6,xor
1,4543,456,458,6,xor
1,4544,28,34,4,not_implied_by
1,4545,610,614,9,not_xor
1,4546,520,528,13,implies
1,4547,105,112,6,xor
1,4548,591,592,10,not_b
1,4549,736,742,10,not_b
1,4550,321,326,3,a
1,4551,466,473,7,or
1,4552,35,36,2,not_implies
1,4553,659,660,9,not_xor
1,4554,215,217,6,xor
1,4555,207,210,10,not_b
1,4556,698,704,1,and
1,4557,738,739,12,not_a
1,4558,116,122,9,not_xor
1,4559,470,475,9,not_xor
1,4560,291,296,10,not_b
1,4561,509,515,7,or
1,4562,74,75,10,not_b
1,4563,367,369,13,implies
1,4564,451,459,6,xor
1,4565,142,144,9,not_xor
1,4566,529,537,12,not_a
1,4567,427,429,1,and
1,4568,211,217,3,a
1,4569,379,380,9,not_xor
1,4570,50,53,14,not_and
1,4571,51,55,11,implied_by
1,4572,660,662,9,not_xor
1,4573,537,542,6,xor
1,4574,360,368,7,or
1,4575,436,438,9,not_xor
1,4576,776,779,8,not_or
1,4577,561,564,9,not_xor
1,4578,639,644,2,not_implies
1,4579,270,276,6,xor
1,4580,351,359,7,or
1,4581,192,200,13,implies
1,4582,48,52,12,not_a
1,4583,403,404,12,not_a
1,4584,691,692,6,xor
1,4585,591,594,8,not_or
1,4586,640,643,6,xor
1,4587,293,298,10,not_b
1,4588,147,150,7,or
1,4589,675,679,8,not_or
1,4590,264,270,10,not_b
1,4591,314,317,6,xor
1,4592,213,215,9,not_xor
1,4593,154,160,14,not_and
1,4594,255,258,10,not_b
1,4595,565,568,5,b
1,4596,313,321,11,implied_by
1,4597,182,183,9,not_xor
1,4598,493,495,7,or
1,4599,91,99,5,b
1,4600,774,780,6,xor
1,4601,251,258,5,b
1,4602,230,238,5,b
1,4603,150,156,1,and
1,4604,390,392,7,or
1,4605,499,507,12,not_a
1,4606,626,629,3,a
1,4607,482,487,0,zero
1,4608,22,27,1,and
1,4609,206,214,6,xor
1,4610,460,467,12,not_a
1,4611,372,375,4,not_implied_by
1,4612,346,354,10,not_b
1,4613,766,768,6,xor
1,4614,151,159,13,implies
1,4615,54,62,9,not_xor
1,4616,443,449,11,implied_by
1,4617,343,351,9,not_xor
1,4618,275,280,7,or
1,4619,106,109,4,not_implied_by
1,4620,731,735,5,b
1,4621,249,256,10,not_b
1,4622,525,531,7,or
1,4623,642,643,7,or
1,4624,247,253,5,b
1,4625,40,45,5,b
1,4626,592,595,2,not_implies
1,4627,53,59,13,implies
1,4628,161,162,1,and
1,4629,552,556,5,b
1,4630,760,762,7,or
1,4631,382,384,7,or
1,4632,59,65,6,xor
1,4633,258,265,6,xor
1,4634,726,730,2,not_implies
1,4635,650,656,9,not_xor
1,4636,663,668,6,xor
1,4637,214,216,7,or
1,4638,560,564,14,not_and
1,4639,504,507,4,not_implied_by
1,4640,127,132,2,not_implies
1,4641,525,529,2,not_implies
1,4642,625,627,14,not_and
1,4643,351,357,12,not_a
1,4644,288,294,1,and
1,4645,423,428,9,not_xor
1,4646,581,585,3,a
1,4647,272,273,10,not_b
1,4648,699,703,10,not_b
1,4649,122,126,3,a
1,4650,291,299,6,xor
1,4651,147,148,9,not_xor
1,4652,596,599,9,not_xor
1,4653,674,676,7,or
1,4654,273,276,8,not_or
1,4655,302,304,9,not_xor
1,4656,253,258,7,or
1,4657,226,233,7,or
1,4658,696,700,2,not_implies
1,4659,562,564,3,a
1,4660,35,38,6,xor
1,4661,203,208,10,not_b
1,4662,586,592,8,not_or
1,4663,581,587,9,not_xor
1,4664,61,68,10,not_b
1,4665,67,69,8,not_or
1,4666,486,487,8,not_or
1,4667,454,462,8,not_or
1,4668,151,154,6,xor
1,4669,664,668,13,implies
1,4670,704,706,9,not_xor
1,4671,714,717,6,xor
1,4672,228,233,8,not_or
1,4673,88,89,4,not_implied_by
1,4674,436,441,6,xor
1,4675,176,179,14,not_and
1,4676,204,212,13,implies
1,4677,262,263,7,or
1,4678,235,243,12,not_a
1,4679,181,184,6,xor
1,4680,206,208,1,and
1,4681,251,254,4,not_implied_by
1,4682,750,757,13,implies
1,4683,486,488,9,not_xor
1,4684,328,334,7,or
1,4685,64,71,14,not_and
1,4686,18,19,8,not_or
1,4687,559,564,10,not_b
1,4688,305,312,9,not_xor
1,4689,304,310,10,not_b
1,4690,280,285,11,implied_by
1,4691,672,673,3,a
1,4692,754,760,2,not_implies
1,4693,751,757,6,xor
1,4694,651,658,4,not_implied_by
1,4695,483,490,5,b
1,4696,190,196,8,not_or
1,4697,49,50,3,a
1,4698,252,259,8,not_or
1,4699,65,69,7,or
1,4700,75,77,8,not_or
1,4701,167,174,4,not_implied_by
1,4702,696,703,13,implies
1,4703,282,288,8,not_or
1,4704,512,514,9,not_xor
1,4705,562,569,3,a
1,4706,39,43,9,not_xor
1,4707,752,753,1,and
1,4708,445,452,12,not_a
1,4709,2,3,6,xor
1,4710,110,114,2,not_implies
1,4711,182,188,12,not_a
1,4712,777,781,7,or
1,4713,182,187,13,implies
1,4714,687,691,14,not_and
1,4715,99,105,9,not_xor
1,4716,596,602,14,not_and
1,4717,213,218,4,not_implied_by
1,4718,409,414,9,not_xor
1,4719,552,559,10,not_b
1,4720,87,93,0,zero
1,4721,482,485,11,implied_by
1,4722,534,539,4,not_implied_by
1,4723,309,317,5,b
1,4724,275,283,6,xor
1,4725,28,29,10,not_b
1,4726,97,105,13,implies
1,4727,403,409,8,not_or
1,4728,566,569,3,a
1,4729,89,94,4,not_implied_by
1,4730,735,742,14,not_and
1,4731,294,301,4,not_implied_by
1,4732,692,697,4,not_implied_by
1,4733,463,470,11,implied_by
1,4734,528,533,9,not_xor
1,4735,154,155,3,a
1,4736,30,37,9,not_xor
1,4737,265,268,8,not_or
1,4738,50,52,8,not_or
1,4739,538,544,6,xor
1,4740,133,141,7,or
1,4741,305,308,9,not_xor
1,4742,183,187,9,not_xor
1,4743,128,134,6,xor
1,4744,700,704,4,not_implied_by
1,4745,743,747,7,or
1,4746,239,240,13,implies
1,4747,460,465,3,a
1,4748,158,165,8,not_or
1,4749,694,699,8,not_or
1,4750,773,778,4,not_implied_by
1,4751,266,273,9,not_xor
1,4752,489,493,4,not_implied_by
1,4753,771,778,8,not_or
1,4754,556,561,6,xor
1,4755,757,760,9,not_xor
1,4756,590,592,12,not_a
1,4757,208,210,14,not_and
1,4758,482,488,7,or
1,4759,97,100,7,or
1,4760,321,323,8,not_or
1,4761,595,599,6,xor
1,4762,190,195,13,implies
1,4763,297,303,2,not_implies
1,4764,591,595,6,xor
1,4765,584,586,8,not_or
1,4766,184,189,6,xor
1,4767,406,408,14,not_and
1,4768,316,319,9,not_xor
1,4769,419,425,9,not_xor
1,4770,303,310,15,one
1,4771,428,430,8,not_or
1,4772,282,287,3,a
1,4773,291,294,2,not_implies
1,4774,351,358,1,and
1,4775,600,603,6,xor
1,4776,762,769,10,not_b
1,4777,528,535,6,xor
1,4778,233,240,9,not_xor
1,4779,431,436,4,not_implied_by
1,4780,631,637,1,and
1,4781,749,751,3,a
1,4782,610,616,4,not_implied_by
1,4783,94,99,8,not_or
1,4784,415,421,9,not_xor
1,4785,695,702,7,or
1,4786,381,389,10,not_b
1,4787,776,780,9,not_xor
1,4788,30,36,12,not_a
1,4789,753,756,15,one
1,4790,338,342,6,xor
1,4791,52,60,10,not_b
1,4792,357,358,5,b
1,4793,440,442,9,not_xor
1,4794,523,531,6,xor
1,4795,21,26,12,not_a
1,4796,487,489,4,not_implied_by
1,4797,480,488,6,xor
1,4798,68,71,5,b
1,4799,85,90,9,not_xor
1,4800,607,613,10,not_b
1,4801,524,531,6,xor
1,4802,212,217,9,not_xor
1,4803,57,64,13,implies
1,4804,388,394,2,not_implies
1,4805,161,165,2,not_implies
1,4806,433,441,6,xor
1,4807,449,457,13,implies
1,4808,99,103,2,not_implies
1,4809,583,585,12,not_a
1,4810,2,9,6,xor
1,4811,566,568,6,xor
1,4812,19,21,2,not_implies
1,4813,655,660,15,one
1,4814,645,650,8,not_or
1,4815,720,727,9,not_xor
1,4816,434,441,13,implies
1,4817,151,153,7,or
1,4818,15,16,7,or
1,4819,635,641,4,not_implied_by
1,4820,282,286,7,or
1,4821,43,46,10,not_b
1,4822,681,683,6,xor
1,4823,131,137,8,not_or
1,4824,302,310,2,not_implies
1,4825,22,30,14,not_and
1,4826,624,629,11,implied_by
1,4827,292,293,9,not_xor
1,4828,740,746,7,or
1,4829,238,244,1,and
1,4830,192,193,7,or
1,4831,91,98,5,b
1,4832,699,705,8,not_or
1,4833,759,763,10,not_b
1,4834,223,226,7,or
1,4835,195,203,11,implied_by
1,4836,88,94,5,b
1,4837,109,115,2,not_implies
1,4838,239,243,6,xor
1,4839,250,255,13,implies
1,4840,496,498,9,not_xor
1,4841,771,773,1,and
1,4842,693,700,5,b
1,4843,435,443,6,xor
1,4844,260,261,5,b
1,4845,183,184,14,not_and
1,4846,287,289,0,zero
1,4847,206,207,7,or
1,4848,480,483,5,b
1,4849,82,89,11,implied_by
1,4850,614,618,6,xor
1,4851,246,254,10,not_b
1,4852,610,612,13,implies
1,4853,318,326,6,xor
1,4854,83,90,4,not_implied_by
1,4855,436,437,7,or
1,4856,468,469,12,not_a
1,4857,333,335,12,not_a
1,4858,212,220,10,not_b
1,4859,680,687,11,implied_by
1,4860,253,261,8,not_or
1,4861,19,26,5,b
1,4862,464,468,1,and
1,4863,632,637,9,not_xor
1,4864,240,248,14,not_and
1,4865,478,483,5,b
1,4866,706,710,12,not_a
1,4867,514,517,8,not_or
1,4868,390,393,6,xor
1,4869,82,84,12,not_a
1,4870,778,782,7,or
1,4871,303,308,6,xor
1,4872,204,211,6,xor
1,4873,89,95,6,xor
1,4874,337,341,8,not_or
1,4875,524,526,1,and
1,4876,129,130,14,not_and
1,4877,763,768,3,a
1,4878,638,645,8,not_or
1,4879,105,109,0,zero
1,4880,462,464,11,implied_by
1,4881,405,410,10,not_b
1,4882,634,636,14,not_and
1,4883,260,265,4,not_implied_by
1,4884,480,482,13,implies
1,4885,630,634,8,not_or
1,4886,207,215,9,not_xor
1,4887,33,35,3,a
1,4888,111,113,9,not_xor
1,4889,451,456,1,and
1,4890,519,524,1,and
1,4891,325,328,2,not_implies
1,4892,740,743,7,or
1,4893,380,387,12,not_a
1,4894,385,387,7,or
1,4895,31,32,8,not_or
1,4896,309,314,10,not_b
1,4897,768,775,5,b
1,4898,507,514,6,xor
1,4899,257,263,12,not_a
1,4900,685,687,9,not_xor
1,4901,462,470,3,a
1,4902,597,600,2,not_implies
1,4903,365,373,9,not_xor
1,4904,589,591,2,not_implies
1,4905,66,68,8,not_or
1,4906,744,745,8,not_or
1,4907,227,228,7,or
1,4908,654,661,11,implied_by
1,4909,750,751,9,not_xor
1,4910,718,723,15,one
1,4911,427,428,8,not_or
1,4912,671,677,5,b
1,4913,616,623,10,not_b
1,4914,753,754,6,xor
1,4915,133,135,12,not_a
1,4916,728,729,15,one
1,4917,738,740,6,xor
1,4918,692,694,6,xor
1,4919,719,720,9,not_xor
1,4920,36,43,7,or
1,4921,563,569,14,not_and
1,4922,208,214,9,not_xor
1,4923,621,624,6,xor
1,4924,417,420,12,not_a
1,4925,224,231,11,implied_by
1,4926,243,251,8,not_or
1,4927,6,12,11,implied_by
1,4928,567,574,5,b
1,4929,635,639,2,not_implies
1,4930,47,51,7,or
1,4931,732,736,5,b
1,4932,208,209,9,not_xor
1,4933,119,121,11,implied_by
1,4934,345,349,13,implies
1,4935,377,378,13,implies
1,4936,719,725,6,xor
1,4937,129,134,13,implies
1,4938,502,504,5,b
1,4939,271,277,2,not_implies
1,4940,203,205,7,or
1,4941,485,489,6,xor
1,4942,127,135,8,not_or
1,4943,115,120,11,implied_by
1,4944,431,435,8,not_or
1,4945,197,205,9,not_xor
1,4946,457,459,10,not_b
1,4947,189,193,11,implied_by
1,4948,386,390,5,b
1,4949,530,537,1,and
1,4950,633,639,7,or
1,4951,659,666,14,not_and
1,4952,377,383,9,not_xor
1,4953,203,207,9,not_xor
1,4954,484,485,6,xor
1,4955,248,251,6,xor
1,4956,232,240,9,not_xor
1,4957,516,518,9,not_xor
1,4958,400,405,6,xor
1,4959,607,609,5,b
1,4960,109,111,1,and
1,4961,542,543,7,or
1,4962,609,611,7,or
1,4963,412,418,14,not_and
1,4964,178,182,7,or
1,4965,105,113,12,not_a
1,4966,648,651,2,not_implies
1,4967,379,386,0,zero
1,4968,575,582,7,or
1,4969,219,222,10,not_b
1,4970,140,146,3,a
1,4971,325,333,10,not_b
1,4972,692,695,9,not_xor
1,4973,238,245,8,not_or
1,4974,44,51,13,implies
1,4975,309,315,8,not_or
1,4976,333,334,7,or
1,4977,384,387,6,xor
1,4978,124,129,10,not_b
1,4979,263,266,1,and
1,4980,565,566,13,implies
1,4981,376,383,9,not_xor
1,4982,421,426,6,xor
1,4983,8,12,9,not_xor
1,4984,693,695,9,not_xor
1,4985,141,144,7,or
1,4986,23,26,8,not_or
1,4987,406,414,9,not_xor
1,4988,620,624,5,b
1,4989,494,495,5,b
1,4990,320,322,9,not_xor
1,4991,433,436,3,a
1,4992,162,163,8,not_or
1,4993,603,609,5,b
1,4994,9,12,7,or
1,4995,474,480,11,implied_by
1,4996,184,191,9,not_xor
1,4997,126,130,13,implies
1,4998,153,160,13,implies
1,4999,43,49,7,or
1,5000,44,46,14,not_and
1,5001,125,133,11,implied_by
1,5002,245,249,9,not_xor
1,5003,375,376,9,not_xor
1,5004,619,625,7,or
1,5005,777,779,4,not_implied_by
1,5006,647,648,7,or
1,5007,288,292,1,and
1,5008,156,161,8,not_or
1,5009,426,434,11,implied_by
1,5010,532,537,1,and
1,5011,454,456,9,not_xor
1,5012,248,253,9,not_xor
1,5013,202,208,3,a
1,5014,499,506,10,not_b
1,5015,192,196,8,not_or
1,5016,178,183,9,not_xor
1,5017,238,241,10,not_b
1,5018,518,522,6,xor
1,5019,344,345,2,not_implies
1,5020,352,356,9,not_xor
1,5021,656,659,12,not_a
1,5022,585,589,9,not_xor
1,5023,238,243,6,xor
1,5024,25,32,11,implied_by
1,5025,473,476,2,not_implies
1,5026,311,319,3,a
1,5027,285,289,7,or
1,5028,494,499,4,not_implied_by
1,5029,740,747,6,xor
1,5030,509,511,9,not_xor
1,5031,735,740,1,and
1,5032,424,429,11,implied_by
1,5033,478,482,15,one
1,5034,685,688,9,not_xor
1,5035,553,557,5,b
1,5036,534,537,2,not_implies
1,5037,241,248,7,or
1,5038,503,505,6,xor
1,5039,22,23,10,not_b
1,5040,643,647,10,not_b
1,5041,137,143,12,not_a
1,5042,73,75,9,not_xor
1,5043,289,290,12,not_a
1,5044,556,562,7,or
1,5045,568,574,7,or
1,5046,76,79,10,not_b
1,5047,26,32,13,implies
1,5048,763,769,8,not_or
1,5049,198,202,8,not_or
1,5050,149,157,14,not_and
1,5051,679,686,4,not_implied_by
1,5052,538,543,9,not_xor
1,5053,417,424,1,and
1,5054,761,763,5,b
1,5055,236,244,6,xor
1,5056,781,782,8,not_or
1,5057,402,407,14,not_and
1,5058,323,329,11,implied_by
1,5059,311,312,7,or
1,5060,199,200,14,not_and
1,5061,539,545,6,xor
1,5062,271,279,13,implies
1,5063,175,180,3,a
1,5064,515,517,10,not_b
1,5065,706,711,15,one
1,5066,83,88,3,a
1,5067,167,172,5,b
1,5068,395,398,6,xor
1,5069,328,331,9,not_xor
1,5070,142,148,9,not_xor
1,5071,454,459,6,xor
1,5072,378,385,1,and
1,5073,724,725,13,implies
1,5074,458,459,9,not_xor
1,5075,327,331,3,a
1,5076,495,497,9,not_xor
1,5077,540,544,12,not_a
1,5078,254,260,7,or
1,5079,666,673,12,not_a
1,5080,395,399,12,not_a
1,5081,691,697,13,implies
1,5082,104,109,13,implies
1,5083,91,96,7,or
1,5084,188,191,7,or
1,5085,399,407,9,not_xor
1,5086,180,187,8,not_or
1,5087,470,477,5,b
1,5088,642,645,12,not_a
1,5089,616,622,9,not_xor
1,5090,357,359,6,xor
1,5091,426,432,6,xor
1,5092,212,214,7,or
1,5093,340,345,6,xor
1,5094,312,315,9,not_xor
1,5095,185,187,14,not_and
1,5096,221,228,6,xor
1,5097,653,657,7,or
1,5098,689,691,9,not_xor
1,5099,511,513,2,not_implies
1,5100,679,683,4,not_implied_by
1,5101,381,387,10,not_b
1,5102,124,130,6,xor
1,5103,506,508,6,xor
1,5104,25,27,2,not_implies
1,5105,343,350,11,implied_by
1,5106,185,186,8,not_or
1,5107,157,162,6,xor
1,5108,386,389,14,not_and
1,5109,515,521,12,not_a
1,5110,768,774,8,not_or
1,5111,268,272,6,xor
1,5112,52,57,11,implied_by
1,5113,183,191,10,not_b
1,5114,674,677,11,implied_by
1,5115,84,88,5,b
1,5116,77,80,10,not_b
1,5117,285,290,7,or
1,5118,17,20,8,not_or
1,5119,431,434,12,not_a
1,5120,311,315,8,not_or
1,5121,510,517,6,xor
1,5122,725,728,12,not_a
1,5123,578,579,7,or
1,5124,164,165,0,zero
1,5125,493,497,12,not_a
1,5126,402,404,8,not_or
1,5127,671,674,10,not_b
1,5128,615,620,12,not_a
1,5129,347,353,10,not_b
1,5130,112,118,10,not_b
1,5131,511,515,0,zero
1,5132,610,617,10,not_b
1,5133,562,566,6,xor
1,5134,133,137,12,not_a
1,5135,67,72,10,not_b
1,5136,483,486,13,implies
1,5137,652,657,9,not_xor
1,5138,612,618,3,a
1,5139,690,697,2,not_implies
1,5140,202,210,12,not_a
1,5141,167,171,7,or
1,5142,218,226,10,not_b
1,5143,513,514,15,one
1,5144,439,444,10,not_b
1,5145,341,346,9,not_xor
1,5146,330,333,2,not_implies
1,5147,723,724,12,not_a
1,5148,17,23,9,not_xor
1,5149,334,337,7,or
1,5150,424,425,8,not_or
1,5151,409,415,6,xor
1,5152,497,504,6,xor
1,5153,479,481,9,not_xor
1,5154,467,469,1,and
1,5155,272,276,13,implies
1,5156,83,85,2,not_implies
1,5157,18,22,3,a
1,5158,61,62,8,not_or
1,5159,615,621,10,not_b
1,5160,160,166,12,not_a
1,5161,407,415,14,not_and
1,5162,641,645,8,not_or
1,5163,314,322,10,not_b
1,5164,726,733,10,not_b
1,5165,415,416,3,a
1,5166,748,754,3,a
1,5167,359,364,0,zero
1,5168,395,396,11,implied_by
1,5169,572,576,7,or
1,5170,458,463,13,implies
1,5171,394,398,4,not_implied_by
1,5172,716,719,9,not_xor
1,5173,594,598,12,not_a
1,5174,588,594,11,implied_by
1,5175,629,634,12,not_a
1,5176,69,76,6,xor
1,5177,293,300,5,b
1,5178,537,543,1,and
1,5179,638,643,12,not_a
1,5180,391,393,9,not_xor
1,5181,2,8,2,not_implies
1,5182,215,223,6,xor
1,5183,299,302,8,not_or
1,5184,357,360,1,and
1,5185,239,242,14,not_and
1,5186,246,247,8,not_or
1,5187,204,209,3,a
1,5188,367,374,7,or
1,5189,93,98,5,b
1,5190,573,574,10,not_b
1,5191,442,444,6,xor
1,5192,523,528,8,not_or
1,5193,386,388,1,and
1,5194,51,54,3,a
1,5195,293,294,9,not_xor
1,5196,645,652,7,or
1,5197,356,364,3,a
1,5198,191,193,10,not_b
1,5199,628,633,9,not_xor
1,5200,471,477,10,not_b
1,5201,11,17,8,not_or
1,5202,319,324,4,not_implied_by
1,5203,263,267,9,not_xor
1,5204,295,296,8,not_or
1,5205,134,142,2,not_implies
1,5206,141,145,5,b
1,5207,463,464,9,not_xor
1,5208,30,33,15,one
1,5209,154,161,14,not_and
1,5210,160,163,6,xor
1,5211,349,351,6,xor
1,5212,428,435,6,xor
1,5213,224,225,5,b
1,5214,44,52,9,not_xor
1,5215,528,534,6,xor
1,5216,46,50,6,xor
1,5217,103,104,7,or
1,5218,416,417,8,not_or
1,5219,527,531,13,implies
1,5220,490,498,7,or
1,5221,371,377,1,and
1,5222,118,126,11,implied_by
1,5223,249,253,12,not_a
1,5224,192,199,6,xor
1,5225,710,712,3,a
1,5226,671,676,11,implied_by
1,5227,480,485,8,not_or
1,5228,575,581,6,xor
1,5229,718,720,10,not_b
1,5230,190,197,9,not_xor
1,5231,719,721,8,not_or
1,5232,143,146,4,not_implied_by
1,5233,392,398,8,not_or
1,5234,147,152,5,b
1,5235,252,255,7,or
1,5236,106,114,3,a
1,5237,145,152,5,b
1,5238,447,450,5,b
1,5239,34,37,9,not_xor
1,5240,381,388,5,b
1,5241,93,95,7,or
1,5242,538,545,9,not_xor
1,5243,400,407,11,implied_by
1,5244,479,480,3,a
1,5245,62,67,6,xor
1,5246,317,319,8,not_or
1,5247,758,759,11,implied_by
1,5248,274,275,13,implies
1,5249,476,483,12,not_a
1,5250,550,551,10,not_b
1,5251,168,176,9,not_xor
1,5252,336,340,7,or
1,5253,434,439,8,not_or
1,5254,60,63,6,xor
1,5255,531,533,6,xor
1,5256,220,226,9,not_xor
1,5257,396,399,11,implied_by
1,5258,715,721,9,not_xor
1,5259,529,536,1,and
1,5260,133,138,13,implies
1,5261,185,188,3,a
1,5262,587,590,9,not_xor
1,5263,741,742,8,not_or
1,5264,483,491,3,a
1,5265,776,782,2,not_implies
1,5266,421,427,5,b
1,5267,722,726,6,xor
1,5268,104,107,4,not_implied_by
1,5269,146,153,6,xor
1,5270,149,150,6,xor
1,5271,482,490,3,a
1,5272,420,428,8,not_or
1,5273,441,444,9,not_xor
1,5274,331,334,14,not_and
1,5275,15,22,12,not_a
1,5276,339,342,10,not_b
1,5277,301,304,5,b
1,5278,308,314,8,not_or
1,5279,440,448,13,implies
1,5280,445,453,12,not_a
1,5281,371,373,12,not_a
1,5282,573,579,13,implies
1,5283,175,176,1,and
1,5284,272,275,7,or
1,5285,651,652,5,b
1,5286,423,427,7,or
1,5287,496,503,7,or
1,5288,280,286,11,implied_by
1,5289,636,638,6,xor
1,5290,428,436,10,not_b
1,5291,737,742,1,and
1,5292,279,282,11,implied_by
1,5293,557,560,2,not_implies
1,5294,747,751,5,b
1,5295,62,69,5,b
1,5296,265,269,1,and
1,5297,20,24,2,not_implies
1,5298,79,86,8,not_or
1,5299,62,70,10,not_b
1,5300,645,648,4,not_implied_by
1,5301,542,545,6,xor
1,5302,274,280,12,not_a
1,5303,347,354,9,not_xor
1,5304,389,397,7,or
1,5305,641,646,5,b
1,5306,432,437,8,not_or
1,5307,192,197,8,not_or
1,5308,512,519,3,a
1,5309,524,532,13,implies
1,5310,339,345,3,a
1,5311,251,259,5,b
1,5312,78,83,9,not_xor
1,5313,223,225,9,not_xor
1,5314,280,283,7,or
1,5315,376,378,9,not_xor
1,5316,67,70,2,not_implies
1,5317,499,502,1,and
1,5318,186,187,14,not_and
1,5319,358,361,4,not_implied_by
1,5320,345,347,9,not_xor
1,5321,159,161,3,a
1,5322,176,184,7,or
1,5323,132,136,12,not_a
1,5324,7,12,10,not_b
1,5325,194,197,13,implies
1,5326,361,366,7,or
1,5327,380,384,6,xor
1,5328,63,70,4,not_implied_by
1,5329,453,459,9,not_xor
1,5330,523,525,8,not_or
1,5331,485,490,3,a
1,5332,486,490,13,implies
1,5333,33,34,5,b
1,5334,360,367,4,not_implied_by
1,5335,322,326,2,not_implies
1,5336,67,71,6,xor
1,5337,640,644,9,not_xor
1,5338,465,468,6,xor
1,5339,366,367,6,xor
1,5340,112,119,4,not_implied_by
1,5341,13,21,12,not_a
1,5342,82,86,12,not_a
1,5343,749,755,7,or
1,5344,490,495,5,b
1,5345,627,633,13,implies
1,5346,177,178,10,not_b
1,5347,534,535,14,not_and
1,5348,244,247,10,not_b
1,5349,515,520,4,not_implied_by
1,5350,582,583,8,not_or
1,5351,361,364,13,implies
1,5352,589,596,4,not_implied_by
1,5353,65,72,12,not_a
1,5354,259,267,12,not_a
1,5355,92,98,7,or
1,5356,573,578,12,not_a
1,5357,510,515,11,implied_by
1,5358,477,483,15,one
1,5359,56,63,6,xor
1,5360,187,194,13,implies
1,5361,12,19,7,or
1,5362,76,77,14,not_and
1,5363,30,31,2,not_implies
1,5364,5,12,8,not_or
1,5365,367,372,10,not_b
1,5366,440,441,7,or
1,5367,197,198,7,or
1,5368,582,588,2,not_implies
1,5369,619,623,8,not_or
1,5370,517,521,3,a
1,5371,95,102,10,not_b
1,5372,112,113,8,not_or
1,5373,592,594,9,not_xor
1,5374,388,392,3,a
1,5375,362,366,12,not_a
1,5376,219,223,8,not_or
1,5377,7,13,0,zero
1,5378,210,213,12,not_a
1,5379,690,696,6,xor
1,5380,455,459,2,not_implies
1,5381,106,111,13,implies
1,5382,146,152,15,one
1,5383,165,173,9,not_xor
1,5384,416,424,8,not_or
1,5385,593,597,6,xor
1,5386,298,300,14,not_and
1,5387,720,723,12,not_a
1,5388,221,225,6,xor
1,5389,188,192,8,not_or
1,5390,571,574,12,not_a
1,5391,541,548,8,not_or
1,5392,195,202,14,not_and
1,5393,312,314,3,a
1,5394,363,365,2,not_implies
1,5395,341,349,11,implied_by
1,5396,92,100,5,b
1,5397,574,581,6,xor
1,5398,669,670,14,not_and
1,5399,265,271,13,implies
1,5400,367,370,7,or
1,5401,203,210,3,a
1,5402,249,251,8,not_or
1,5403,261,265,10,not_b
1,5404,111,112,8,not_or
1,5405,653,655,10,not_b
1,5406,627,632,5,b
1,5407,762,764,9,not_xor
1,5408,136,139,13,implies
1,5409,520,525,11,implied_by
1,5410,169,174,6,xor
1,5411,706,713,9,not_xor
1,5412,435,441,6,xor
1,5413,731,734,9,not_xor
1,5414,540,542,6,xor
1,5415,759,761,12,not_a
1,5416,467,470,7,or
1,5417,536,538,6,xor
1,5418,50,54,13,implies
1,5419,429,432,1,and
1,5420,664,666,6,xor
1,5421,207,208,9,not_xor
1,5422,672,674,3,a
1,5423,119,125,1,and
1,5424,384,385,6,xor
1,5425,281,286,8,not_or
1,5426,385,389,13,implies
1,5427,394,402,4,not_implied_by
1,5428,346,348,4,not_implied_by
1,5429,267,275,6,xor
1,5430,58,63,7,or
1,5431,171,176,12,not_a
1,5432,178,186,13,implies
1,5433,508,512,4,not_implied_by
1,5434,523,530,8,not_or
1,5435,24,30,10,not_b
1,5436,710,715,9,not_xor
1,5437,342,344,8,not_or
1,5438,154,157,6,xor
1,5439,214,220,7,or
1,5440,349,355,12,not_a
1,5441,355,357,3,a
1,5442,235,237,1,and
1,5443,257,259,3,a
1,5444,566,573,1,and
1,5445,25,26,14,not_and
1,5446,402,410,9,not_xor
1,5447,441,447,4,not_implied_by
1,5448,461,465,6,xor
1,5449,160,168,11,implied_by
1,5450,712,714,8,not_or
1,5451,71,78,9,not_xor
1,5452,435,442,6,xor
1,5453,595,602,4,not_implied_by
1,5454,412,415,6,xor
1,5455,346,350,14,not_and
1,5456,46,51,3,a
1,5457,395,400,2,not_implies
1,5458,414,415,12,not_a
1,5459,191,198,9,not_xor
1,5460,741,744,1,and
1,5461,464,465,3,a
1,5462,406,407,11,implied_by
1,5463,749,754,9,not_xor
1,5464,12,14,0,zero
1,5465,106,113,2,not_implies
1,5466,648,655,6,xor
1,5467,684,689,3,a
1,5468,278,281,0,zero
1,5469,465,471,9,not_xor
1,5470,62,68,7,or
1,5471,31,34,3,a
1,5472,713,715,7,or
1,5473,4,6,1,and
1,5474,330,331,5,b
1,5475,704,709,12,not_a
1,5476,165,168,13,implies
1,5477,535,538,10,not_b
1,5478,303,309,2,not_implies
1,5479,242,249,8,not_or
1,5480,74,82,2,not_implies
1,5481,163,169,7,or
1,5482,548,549,2,not_implies
1,5483,229,237,12,not_a
1,5484,238,242,6,xor
1,5485,124,131,8,not_or
1,5486,396,401,7,or
1,5487,85,91,7,or
1,5488,370,378,4,not_implied_by
1,5489,146,147,6,xor
1,5490,601,604,9,not_xor
1,5491,471,472,12,not_a
1,5492,772,776,9,not_xor
1,5493,47,50,6,xor
1,5494,145,146,5,b
1,5495,83,91,14,not_and
1,5496,603,606,5,b
1,5497,198,204,0,zero
1,5498,289,296,6,xor
1,5499,623,627,6,xor
1,5500,540,543,13,implies
1,5501,134,139,12,not_a
1,5502,407,411,6,xor
1,5503,244,249,6,xor
1,5504,652,653,8,not_or
1,5505,125,129,5,b
1,5506,352,358,13,implies
1,5507,72,75,5,b
1,5508,496,500,3,a
1,5509,408,416,13,implies
1,5510,479,484,10,not_b
1,5511,184,185,8,not_or
1,5512,575,577,5,b
1,5513,366,372,8,not_or
1,5514,413,420,3,a
1,5515,719,723,5,b
1,5516,700,702,5,b
1,5517,627,628,7,or
1,5518,638,644,9,not_xor
1,5519,625,626,5,b
1,5520,200,203,7,or
1,5521,520,521,1,and
1,5522,373,376,11,implied_by
1,5523,690,693,5,b
1,5524,506,512,6,xor
1,5525,251,257,10,not_b
1,5526,704,705,9,not_xor
1,5527,555,562,8,not_or
1,5528,378,380,8,not_or
1,5529,646,648,6,xor
1,5530,467,474,10,not_b
1,5531,332,335,7,or
1,5532,81,88,3,a
1,5533,69,72,6,xor
1,5534,452,458,5,b
1,5535,79,80,3,a
1,5536,212,219,4,not_implied_by
1,5537,219,227,13,implies
1,5538,674,681,12,not_a
1,5539,5,13,10,not_b
1,5540,489,497,9,not_xor
1,5541,257,258,4,not_implied_by
1,5542,540,546,10,not_b
1,5543,386,393,6,xor
1,5544,24,28,8,not_or
1,5545,410,412,6,xor
1,5546,775,780,2,not_implies
1,5547,59,62,4,not_implied_by
1,5548,254,257,5,b
1,5549,336,337,7,or
1,5550,669,672,2,not_implies
1,5551,426,431,3,a
1,5552,477,484,12,not_a
1,5553,87,89,6,xor
1,5554,764,770,10,not_b
1,5555,483,485,6,xor
1,5556,118,123,9,not_xor
1,5557,69,71,7,or
1,5558,471,476,6,xor
1,5559,621,625,14,not_and
1,5560,179,180,6,xor
1,5561,549,552,7,or
1,5562,316,320,12,not_a
1,5563,216,221,6,xor
1,5564,203,211,11,implied_by
1,5565,691,694,2,not_implies
1,5566,349,354,8,not_or
1,5567,271,273,3,a
1,5568,318,320,10,not_b
1,5569,745,747,8,not_or
1,5570,107,115,0,zero
1,5571,123,129,7,or
1,5572,273,274,15,one
1,5573,662,666,15,one
1,5574,709,711,9,not_xor
1,5575,353,354,6,xor
1,5576,72,77,2,not_implies
1,5577,538,546,12,not_a
1,5578,772,773,5,b
1,5579,88,96,7,or
1,5580,81,87,13,implies
1,5581,308,309,8,not_or
1,5582,416,418,6,xor
1,5583,292,294,1,and
1,5584,294,296,9,not_xor
1,5585,317,321,12,not_a
1,5586,140,148,4,not_implied_by
1,5587,100,104,8,not_or
1,5588,436,440,10,not_b
1,5589,769,774,3,a
1,5590,743,750,10,not_b
1,5591,132,137,9,not_xor
1,5592,153,159,9,not_xor
1,5593,279,281,9,not_xor
1,5594,470,476,7,or
1,5595,622,629,5,b
1,5596,291,298,5,b
1,5597,604,608,11,implied_by
1,5598,88,91,4,not_implied_by
1,5599,431,437,5,b
1,5600,756,759,12,not_a
1,5601,460,461,1,and
1,5602,284,290,7,or
1,5603,576,582,2,not_implies
1,5604,546,548,7,or
1,5605,297,299,6,xor
1,5606,510,518,5,b
1,5607,481,482,8,not_or
1,5608,591,597,10,not_b
1,5609,440,444,7,or
1,5610,564,567,15,one
1,5611,310,313,8,not_or
1,5612,172,173,12,not_a
1,5613,654,659,9,not_xor
1,5614,232,233,1,and
1,5615,701,707,5,b
1,5616,209,210,10,not_b
1,5617,616,618,6,xor
1,5618,527,534,1,and
1,5619,21,27,3,a
1,5620,405,408,9,not_xor
1,5621,756,758,1,and
1,5622,580,585,4,not_implied_by
1,5623,301,307,8,not_or
1,5624,444,450,9,not_xor
1,5625,325,331,5,b
1,5626,185,193,6,xor
1,5627,725,731,2,not_implies
1,5628,324,332,12,not_a
1,5629,638,641,8,not_or
1,5630,376,377,12,not_a
1,5631,182,184,10,not_b
1,5632,380,386,1,and
1,5633,713,718,7,or
1,5634,498,501,13,implies
1,5635,566,567,8,not_or
1,5636,530,536,5,b
1,5637,216,223,2,not_implies
1,5638,336,341,9,not_xor
1,5639,769,771,10,not_b
1,5640,86,92,3,a
1,5641,191,199,8,not_or
1,5642,673,676,2,not_implies
1,5643,133,136,6,xor
1,5644,100,105,13,implies
1,5645,475,480,6,xor
1,5646,136,141,8,not_or
1,5647,337,340,13,implies
1,5648,401,406,6,xor
1,5649,298,301,5,b
1,5650,109,114,8,not_or
1,5651,435,436,0,zero
1,5652,23,31,5,b
1,5653,334,339,7,or
1,5654,678,680,13,implies
1,5655,541,547,14,not_and
1,5656,228,235,7,or
1,5657,65,71,1,and
1,5658,635,640,8,not_or
1,5659,418,421,8,not_or
1,5660,510,512,9,not_xor
1,5661,586,590,8,not_or
1,5662,264,269,6,xor
1,5663,52,54,6,xor
1,5664,27,31,7,or
1,5665,358,359,8,not_or
1,5666,311,316,7,or
1,5667,27,29,10,not_b
1,5668,123,131,6,xor
1,5669,724,729,7,or
1,5670,548,555,9,not_xor
1,5671,176,183,3,a
1,5672,757,763,4,not_implied_by
1,5673,768,773,3,a
1,5674,128,133,9,not_xor
1,5675,779,782,7,or
1,5676,445,450,9,not_xor
1,5677,369,374,13,implies
1,5678,501,507,9,not_xor
1,5679,470,471,9,not_xor
1,5680,459,461,6,xor
1,5681,466,470,6,xor
1,5682,194,199,4,not_implied_by
1,5683,502,508,3,a
1,5684,316,322,5,b
1,5685,663,669,4,not_implied_by
1,5686,544,550,1,and
1,5687,755,758,12,not_a
1,5688,765,768,12,not_a
1,5689,420,423,6,xor
1,5690,112,117,4,not_implied_by
1,5691,505,512,9,not_xor
1,5692,148,150,12,not_a
1,5693,699,701,13,implies
1,5694,653,654,6,xor
1,5695,525,527,3,a
1,5696,430,431,12,not_a
1,5697,763,767,5,b
1,5698,528,536,4,not_implied_by
1,5699,318,324,9,not_xor
1,5700,47,55,15,one
1,5701,310,311,9,not_xor
1,5702,296,300,6,xor
1,5703,559,565,10,not_b
1,5704,486,489,14,not_and
1,5705,379,387,3,a
1,5706,371,379,9,not_xor
1,5707,425,431,3,a
1,5708,13,16,3,a
1,5709,178,180,1,and
1,5710,711,718,14,not_and
1,5711,657,658,10,not_b
1,5712,317,322,13,implies
1,5713,300,308,7,or
1,5714,482,489,12,not_a
1,5715,295,297,8,not_or
1,5716,489,495,8,not_or
1,5717,517,523,8,not_or
1,5718,765,771,3,a
1,5719,322,323,10,not_b
1,5720,97,101,3,a
1,5721,515,516,9,not_xor
1,5722,132,133,12,not_a
1,5723,276,283,9,not_xor
1,5724,168,174,3,a
1,5725,457,460,6,xor
1,5726,428,429,7,or
1,5727,35,42,5,b
1,5728,58,62,4,not_implied_by
1,5729,393,400,6,xor
1,5730,137,141,8,not_or
1,5731,671,675,6,xor
1,5732,16,19,3,a
1,5733,551,554,5,b
1,5734,157,161,8,not_or
1,5735,65,70,8,not_or
1,5736,649,654,6,xor
1,5737,123,127,8,not_or
1,5738,278,282,5,b
1,5739,658,661,11,implied_by
1,5740,14,20,7,or
1,5741,444,447,7,or
1,5742,531,534,11,implied_by
1,5743,156,162,8,not_or
1,5744,219,224,9,not_xor
1,5745,513,517,1,and
1,5746,768,770,11,implied_by
1,5747,198,203,9,not_xor
1,5748,217,224,8,not_or
1,5749,454,461,12,not_a
1,5750,206,211,14,not_and
1,5751,24,25,8,not_or
1,5752,112,120,7,or
1,5753,177,180,8,not_or
1,5754,538,541,3,a
1,5755,475,483,8,not_or
1,5756,69,77,6,xor
1,5757,356,357,4,not_implied_by
1,5758,240,246,10,not_b
1,5759,128,129,7,or
1,5760,533,541,3,a
1,5761,747,750,6,xor
1,5762,443,445,5,b
1,5763,281,282,8,not_or
1,5764,355,356,7,or
1,5765,134,140,6,xor
1,5766,86,93,3,a
1,5767,428,433,9,not_xor
1,5768,728,733,9,not_xor
1,5769,196,204,7,or
1,5770,243,247,12,not_a
1,5771,515,523,1,and
1,5772,415,423,7,or
1,5773,734,738,6,xor
1,5774,159,162,14,not_and
1,5775,46,53,11,implied_by
1,5776,95,100,4,not_implied_by
1,5777,19,25,3,a
1,5778,764,765,7,or
1,5779,612,614,9,not_xor
1,5780,66,67,5,b
1,5781,295,299,10,not_b
1,5782,380,383,1,and
1,5783,194,195,6,xor
1,5784,216,222,13,implies
1,5785,217,222,2,not_implies
1,5786,369,373,6,xor
1,5787,159,166,3,a
1,5788,42,45,7,or
1,5789,373,378,9,not_xor
1,5790,610,615,12,not_a
1,5791,21,22,5,b
1,5792,661,664,2,not_implies
1,5793,607,611,14,not_and
1,5794,714,715,12,not_a
1,5795,113,120,8,not_or
1,5796,622,626,12,not_a
1,5797,212,215,15,one
1,5798,386,392,13,implies
1,5799,412,416,5,b
1,5800,363,368,14,not_and
1,5801,34,39,4,not_implied_by
1,5802,261,266,4,not_implied_by
1,5803,121,125,5,b
1,5804,727,734,10,not_b
1,5805,694,695,8,not_or
1,5806,112,116,1,and
1,5807,340,347,3,a
1,5808,683,690,9,not_xor
1,5809,406,412,3,a
1,5810,598,605,13,implies
1,5811,232,238,9,not_xor
1,5812,415,417,7,or
1,5813,321,327,4,not_implied_by
1,5814,264,266,7,or
1,5815,586,593,10,not_b
1,5816,84,91,8,not_or
1,5817,162,169,8,not_or
1,5818,412,419,2,not_implies
1,5819,33,38,5,b
1,5820,510,514,3,a
1,5821,142,150,11,implied_by
1,5822,666,670,2,not_implies
1,5823,68,73,5,b
1,5824,368,374,6,xor
1,5825,201,209,10,not_b
1,5826,567,569,4,not_implied_by
1,5827,28,36,11,implied_by
1,5828,652,654,5,b
1,5829,492,494,9,not_xor
1,5830,608,614,6,xor
1,5831,736,739,8,not_or
1,5832,323,327,9,not_xor
1,5833,23,25,1,and
1,5834,673,680,8,not_or
1,5835,733,740,11,implied_by
1,5836,274,276,9,not_xor
1,5837,500,504,6,xor
1,5838,459,463,7,or
1,5839,471,473,13,implies
1,5840,78,85,7,or
1,5841,38,43,9,not_xor
1,5842,20,22,13,implies
1,5843,185,192,1,and
1,5844,220,221,5,b
1,5845,507,515,9,not_xor
1,5846,190,194,0,zero
1,5847,345,350,6,xor
1,5848,319,323,1,and
1,5849,152,156,9,not_xor
1,5850,508,510,8,not_or
1,5851,443,444,7,or
1,5852,545,551,11,implied_by
1,5853,139,145,5,b
1,5854,54,55,10,not_b
1,5855,579,585,12,not_a
1,5856,125,130,6,xor
1,5857,739,742,8,not_or
1,5858,63,64,9,not_xor
1,5859,285,293,11,implied_by
1,5860,585,588,12,not_a
1,5861,421,428,11,implied_by
1,5862,274,277,6,xor
1,5863,285,291,3,a
1,5864,710,713,9,not_xor
1,5865,180,183,8,not_or
1,5866,138,143,10,not_b
1,5867,242,246,13,implies
1,5868,452,453,6,xor
1,5869,474,482,5,b
1,5870,330,335,6,xor
1,5871,56,58,7,or
1,5872,592,596,6,xor
1,5873,584,587,12,not_a
1,5874,573,575,12,not_a
1,5875,632,639,8,not_or
1,5876,767,768,7,or
1,5877,364,371,5,b
1,5878,101,102,10,not_b
1,5879,474,475,2,not_implies
1,5880,425,428,4,not_implied_by
1,5881,73,79,9,not_xor
1,5882,681,682,12,not_a
1,5883,55,56,11,implied_by
1,5884,707,708,14,not_and
1,5885,152,159,3,a
1,5886,654,655,10,not_b
1,5887,734,741,8,not_or
1,5888,413,414,13,implies
1,5889,761,768,9,not_xor
1,5890,506,509,3,a
1,5891,23,28,9,not_xor
1,5892,385,391,12,not_a
1,5893,607,610,4,not_implied_by
1,5894,317,324,4,not_implied_by
1,5895,6,10,6,xor
1,5896,433,439,6,xor
1,5897,382,389,6,xor
1,5898,51,52,10,not_b
1,5899,455,463,12,not_a
1,5900,431,438,5,b
1,5901,488,490,6,xor
1,5902,523,524,7,or
1,5903,392,396,8,not_or
1,5904,29,32,1,and
1,5905,83,87,7,or
1,5906,576,579,5,b
1,5907,143,145,8,not_or
1,5908,516,520,7,or
1,5909,722,728,10,not_b
1,5910,427,434,11,implied_by
1,5911,774,777,6,xor
1,5912,643,644,6,xor
1,5913,425,426,6,xor
1,5914,564,566,2,not_implies
1,5915,386,391,7,or
1,5916,39,47,3,a
1,5917,171,173,1,and
1,5918,254,262,7,or
1,5919,243,249,11,implied_by
1,5920,255,256,12,not_a
1,5921,70,78,2,not_implies
1,5922,537,541,11,implied_by
1,5923,331,335,8,not_or
1,5924,29,31,11,implied_by
1,5925,72,80,8,not_or
1,5926,549,554,6,xor
1,5927,619,626,1,and
1,5928,119,124,9,not_xor
1,5929,145,150,7,or
1,5930,338,340,11,implied_by
1,5931,165,166,2,not_implies
1,5932,365,372,4,not_implied_by
1,5933,751,755,14,not_and
1,5934,40,44,10,not_b
1,5935,733,735,6,xor
1,5936,39,41,7,or
1,5937,708,715,4,not_implied_by
1,5938,430,433,5,b
1,5939,4,11,4,not_implied_by
1,5940,315,320,3,a
1,5941,666,667,6,xor
1,5942,116,119,9,not_xor
1,5943,173,175,6,xor
1,5944,458,460,9,not_xor
1,5945,664,669,11,implied_by
1,5946,457,465,6,xor
1,5947,665,667,7,or
1,5948,104,110,2,not_implies
1,5949,20,21,3,a
1,5950,61,64,8,not_or
1,5951,361,363,6,xor
1,5952,736,740,7,or
1,5953,432,439,3,a
1,5954,486,492,12,not_a
1,5955,260,263,8,not_or
1,5956,636,643,8,not_or
1,5957,329,335,8,not_or
1,5958,94,97,7,or
1,5959,262,269,9,not_xor
1,5960,776,781,12,not_a
1,5961,26,28,1,and
1,5962,595,597,9,not_xor
1,5963,383,385,14,not_and
1,5964,672,677,11,implied_by
1,5965,292,299,5,b
1,5966,306,314,5,b
1,5967,347,350,6,xor
1,5968,642,647,4,not_implied_by
1,5969,98,102,9,not_xor
1,5970,212,213,9,not_xor
1,5971,108,114,1,and
1,5972,262,268,9,not_xor
1,5973,498,500,9,not_xor
1,5974,384,389,6,xor
1,5975,379,381,9,not_xor
1,5976,233,239,12,not_a
1,5977,383,386,6,xor
1,5978,540,547,14,not_and
1,5979,253,257,5,b
1,5980,34,40,3,a
1,5981,143,144,13,implies
1,5982,695,699,5,b
1,5983,248,254,13,implies
1,5984,32,39,6,xor
1,5985,635,638,10,not_b
1,5986,38,40,12,not_a
1,5987,457,461,9,not_xor
1,5988,264,272,9,not_xor
1,5989,100,107,13,implies
1,5990,390,391,6,xor
1,5991,65,73,10,not_b
1,5992,585,592,12,not_a
1,5993,474,476,8,not_or
1,5994,70,75,6,xor
1,5995,620,623,6,xor
1,5996,403,408,12,not_a
1,5997,426,430,9,not_xor
1,5998,440,447,8,not_or
1,5999,780,781,12,not_a
2,0,4428,4429,8,not_or
2,1,4886,4887,13,implies
2,2,2795,2796,4,not_implied_by
2,3,5645,5646,3,a
2,4,2620,2621,13,implies
2,5,4908,4909,14,not_and
2,6,1394,1395,8,not_or
2,7,5851,5852,6,xor
2,8,5910,5911,10,not_b
2,9,1371,1372,0,zero
2,10,2409,2410,11,implied_by
2,11,5712,5713,5,b
2,12,3268,3269,6,xor
2,13,5606,5607,5,b
2,14,264,265,10,not_b
2,15,5212,5213,2,not_implies
2,16,1099,1100,7,or
2,17,4004,4005,9,not_xor
2,18,1038,1039,7,or
2,19,2449,2450,4,not_implied_by
2,20,3191,3192,3,a
2,21,5991,5992,2,not_implies
2,22,3752,3753,6,xor
2,23,5238,5239,7,or
2,24,2697,2698,8,not_or
2,25,4524,4525,14,not_and
2,26,677,678,4,not_implied_by
2,27,4520,4521,7,or
2,28,3455,3456,14,not_and
2,29,372,373,12,not_a
2,30,318,319,9,not_xor
2,31,1633,1634,14,not_and
2,32,5092,5093,10,not_b
2,33,282,283,13,implies
2,34,1879,1880,6,xor
2,35,5541,5542,3,a
2,36,166,167,2,not_implies
2,37,3600,3601,3,a
2,38,2559,2560,8,not_or
2,39,1461,1462,7,or
2,40,43,44,3,a
2,41,1101,1102,5,b
2,42,504,505,12,not_a
2,43,2285,2286,10,not_b
2,44,5529,5530,4,not_implied_by
2,45,590,591,6,xor
2,46,5925,5926,3,a
2,47,3530,3531,7,or
2,48,5361,5362,9,not_xor
2,49,741,742,9,not_xor
2,50,5155,5156,3,a
2,51,5676,5677,4,not_implied_by
2,52,1360,1361,7,or
2,53,258,259,9,not_xor
2,54,1283,1284,12,not_a
2,55,858,859,9,not_xor
2,56,3871,3872,10,not_b
2,57,4891,4892,7,or
2,58,1342,1343,11,implied_by
2,59,1977,1978,7,or
2,60,1215,1216,6,xor
2,61,4166,4167,2,not_implies
2,62,1609,1610,6,xor
2,63,359,360,3,a
2,64,5374,5375,3,a
2,65,5988,5989,9,not_xor
2,66,5228,5229,1,and
2,67,4843,4844,8,not_or
2,68,2632,2633,4,not_implied_by
2,69,815,816,3,a
2,70,11,12,3,a
2,71,4451,4452,14,not_and
2,72,3625,3626,9,not_xor
2,73,2059,2060,9,not_xor
2,74,3594,3595,10,not_b
2,75,1524,1525,14,not_and
2,76,2012,2013,9,not_xor
2,77,1405,1406,6,xor
2,78,422,423,4,not_implied_by
2,79,3158,3159,10,not_b
2,80,277,278,1,and
2,81,1330,1331,14,not_and
2,82,3260,3261,13,implies
2,83,4842,4843,5,b
2,84,2659,2660,6,xor
2,85,2910,2911,12,not_a
2,86,843,844,6,xor
2,87,2426,2427,9,not_xor
2,88,5164,5165,12,not_a
2,89,1340,1341,13,implies
2,90,155,156,8,not_or
2,91,383,384,2,not_implies
2,92,2929,2930,6,xor
2,93,1316,1317,5,b
2,94,3573,3574,2,not_implies
2,95,2309,2310,12,not_a
2,96,3499,3500,4,not_implied_by
2,97,342,343,3,a
2,98,3196,3197,3,a
2,99,4537,4538,9,not_xor
2,100,4625,4626,12,not_a
2,101,5467,5468,8,not_or
2,102,5373,5374,13,implies
2,103,5505,5506,9,not_xor
2,104,4013,4014,9,not_xor
2,105,3129,3130,9,not_xor
2,106,2110,2111,10,not_b
2,107,680,681,9,not_xor
2,108,1088,1089,8,not_or
2,109,5785,5786,7,or
2,110,2239,2240,6,xor
2,111,7,8,1,and
2,112,1275,1276,7,or
2,113,3411,3412,13,implies
2,114,2107,2108,5,b
2,115,5200,5201,10,not_b
2,116,3714,3715,14,not_and
2,117,5227,5228,10,not_b
2,118,3675,3676,9,not_xor
2,119,4245,4246,3,a
2,120,963,964,9,not_xor
2,121,4529,4530,7,or
2,122,53,54,6,xor
2,123,388,389,13,implies
2,124,3057,3058,7,or
2,125,1916,1917,9,not_xor
2,126,5908,5909,12,not_a
2,127,5603,5604,8,not_or
2,128,2048,2049,10,not_b
2,129,1601,1602,6,xor
2,130,5448,5449,1,and
2,131,5673,5674,7,or
2,132,743,744,7,or
2,133,3021,3022,6,xor
2,134,879,880,10,not_b
2,135,1406,1407,0,zero
2,136,5288,5289,2,not_implies
2,137,5253,5254,4,not_implied_by
2,138,5615,5616,6,xor
2,139,74,75,6,xor
2,140,5270,5271,7,or
2,141,493,494,12,not_a
2,142,1621,1622,10,not_b
2,143,4435,4436,6,xor
2,144,5621,5622,13,implies
2,145,233,234,9,not_xor
2,146,3343,3344,5,b
2,147,2435,2436,7,or
2,148,5461,5462,12,not_a
2,149,2502,2503,6,xor
2,150,183,184,3,a
2,151,289,290,9,not_xor
2,152,2161,2162,8,not_or
2,153,1668,1669,5,b
2,154,4788,4789,11,implied_by
2,155,2393,2394,15,one
2,156,351,352,14,not_and
2,157,915,916,8,not_or
2,158,1998,1999,6,xor
2,159,3707,3708,13,implies
2,160,3652,3653,10,not_b
2,161,3964,3965,9,not_xor
2,162,3011,3012,3,a
2,163,418,419,5,b
2,164,712,713,14,not_and
2,165,1302,1303,7,or
2,166,2270,2271,6,xor
2,167,5341,5342,3,a
2,168,1626,1627,12,not_a
2,169,3777,3778,13,implies
2,170,1217,1218,12,not_a
2,171,5503,5504,2,not_implies
2,172,4241,4242,14,not_and
2,173,3815,3816,12,not_a
2,174,3938,3939,3,a
2,175,628,629,2,not_implies
2,176,1786,1787,4,not_implied_by
2,177,2086,2087,6,xor
2,178,4144,4145,9,not_xor
2,179,4051,4052,3,a
2,180,4238,4239,14,not_and
2,181,3031,3032,9,not_xor
2,182,3735,3736,9,not_xor
2,183,3222,3223,6,xor
2,184,2349,2350,10,not_b
2,185,453,454,3,a
2,186,5064,5065,15,one
2,187,4724,4725,3,a
2,188,380,381,12,not_a
2,189,4731,4732,9,not_xor
2,190,2639,2640,10,not_b
2,191,4698,4699,13,implies
2,192,5347,5348,13,implies
2,193,382,383,3,a
2,194,517,518,9,not_xor
2,195,5244,5245,2,not_implies
2,196,46,47,10,not_b
2,197,3225,3226,3,a
2,198,1576,1577,10,not_b
2,199,5497,5498,5,b
2,200,3868,3869,2,not_implies
2,201,3385,3386,12,not_a
2,202,3332,3333,1,and
2,203,1937,1938,7,or
2,204,3435,3436,10,not_b
2,205,1865,1866,6,xor
2,206,3738,3739,9,not_xor
2,207,1081,1082,2,not_implies
2,208,3496,3497,13,implies
2,209,1410,1411,9,not_xor
2,210,4785,4786,13,implies
2,211,2803,2804,11,implied_by
2,212,3194,3195,7,or
2,213,1058,1059,8,not_or
2,214,349,350,4,not_implied_by
2,215,1489,1490,5,b
2,216,1350,1351,11,implied_by
2,217,328,329,8,not_or
2,218,5472,5473,8,not_or
2,219,4866,4867,12,not_a
2,220,2781,2782,12,not_a
2,221,634,635,9,not_xor
2,222,5744,5745,6,xor
2,223,3501,3502,9,not_xor
2,224,2835,2836,6,xor
2,225,1014,1015,10,not_b
2,226,2334,2335,3,a
2,227,4639,4640,3,a
2,228,2188,2189,3,a
2,229,384,385,12,not_a
2,230,623,624,12,not_a
2,231,3495,3496,3,a
2,232,5156,5157,6,xor
2,233,5049,5050,1,and
2,234,1030,1031,9,not_xor
2,235,4231,4232,10,not_b
2,236,309,310,4,not_implied_by
2,237,5705,5706,3,a
2,238,3317,3318,14,not_and
2,239,1279,1280,6,xor
2,240,4190,4191,9,not_xor
2,241,134,135,12,not_a
2,242,2751,2752,14,not_and
2,243,2109,2110,5,b
2,244,1698,1699,2,not_implies
2,245,3014,3015,13,implies
2,246,3593,3594,11,implied_by
2,247,1200,1201,11,implied_by
2,248,1915,1916,7,or
2,249,5353,5354,14,not_and
2,250,2767,2768,12,not_a
2,251,3500,3501,13,implies
2,252,4604,4605,4,not_implied_by
2,253,4691,4692,9,not_xor
2,254,5446,5447,10,not_b
2,255,237,238,9,not_xor
2,256,1965,1966,10,not_b
2,257,3365,3366,6,xor
2,258,650,651,1,and
2,259,2860,2861,7,or
2,260,3505,3506,14,not_and
2,261,2925,2926,2,not_implies
2,262,3446,3447,15,one
2,263,4531,4532,8,not_or
2,264,361,362,3,a
2,265,2104,2105,13,implies
2,266,1908,1909,6,xor
2,267,1265,1266,9,not_xor
2,268,859,860,13,implies
2,269,4931,4932,9,not_xor
2,270,3409,3410,1,and
2,271,5979,5980,1,and
2,272,5996,5997,9,not_xor
2,273,3023,3024,6,xor
2,274,1009,1010,11,implied_by
2,275,807,808,9,not_xor
2,276,4574,4575,11,implied_by
2,277,2518,2519,6,xor
2,278,2954,2955,12,not_a
2,279,1772,1773,6,xor
2,280,3246,3247,6,xor
2,281,1496,1497,6,xor
2,282,2928,2929,5,b
2,283,5043,5044,14,not_and
2,284,2675,2676,10,not_b
2,285,5733,5734,4,not_implied_by
2,286,1946,1947,5,b
2,287,425,426,2,not_implies
2,288,5749,5750,10,not_b
2,289,442,443,10,not_b
2,290,3468,3469,12,not_a
2,291,5726,5727,1,and
2,292,3097,3098,4,not_implied_by
2,293,4102,4103,1,and
2,294,2757,2758,6,xor
2,295,2971,2972,5,b
2,296,2509,2510,5,b
2,297,3464,3465,6,xor
2,298,4075,4076,7,or
2,299,719,720,14,not_and
2,300,2962,2963,6,xor
2,301,4501,4502,14,not_and
2,302,1280,1281,12,not_a
2,303,638,639,10,not_b
2,304,1226,1227,5,b
2,305,5381,5382,6,xor
2,306,2480,2481,9,not_xor
2,307,2307,2308,13,implies
2,308,1632,1633,14,not_and
2,309,3974,3975,10,not_b
2,310,2801,2802,3,a
2,311,1716,1717,12,not_a
2,312,410,411,9,not_xor
2,313,255,256,9,not_xor
2,314,4471,4472,13,implies
2,315,2455,2456,13,implies
2,316,473,474,5,b
2,317,2220,2221,13,implies
2,318,4279,4280,14,not_and
2,319,521,522,6,xor
2,320,5336,5337,9,not_xor
2,321,1085,1086,10,not_b
2,322,5492,5493,12,not_a
2,323,1271,1272,13,implies
2,324,5189,5190,6,xor
2,325,5990,5991,11,implied_by
2,326,423,424,10,not_b
2,327,1048,1049,13,implies
2,328,2567,2568,5,b
2,329,3511,3512,6,xor
2,330,1515,1516,7,or
2,331,4463,4464,5,b
2,332,4072,4073,10,not_b
2,333,2766,2767,7,or
2,334,5556,5557,3,a
2,335,5686,5687,12,not_a
2,336,5568,5569,5,b
2,337,4579,4580,6,xor
2,338,5512,5513,5,b
2,339,1122,1123,6,xor
2,340,243,244,4,not_implied_by
2,341,641,642,5,b
2,342,3568,3569,4,not_implied_by
2,343,646,647,3,a
2,344,4139,4140,13,implies
2,345,3852,3853,6,xor
2,346,674,675,12,not_a
2,347,5300,5301,6,xor
2,348,2102,2103,8,not_or
2,349,4852,4853,3,a
2,350,3198,3199,10,not_b
2,351,4567,4568,5,b
2,352,4183,4184,10,not_b
2,353,4270,4271,9,not_xor
2,354,2322,2323,6,xor
2,355,2922,2923,9,not_xor
2,356,5063,5064,9,not_xor
2,357,285,286,13,implies
2,358,3656,3657,2,not_implies
2,359,531,532,1,and
2,360,3617,3618,8,not_or
2,361,1247,1248,13,implies
2,362,2442,2443,1,and
2,363,3536,3537,12,not_a
2,364,5544,5545,10,not_b
2,365,1720,1721,11,implied_by
2,366,2279,2280,5,b
2,367,1201,1202,6,xor
2,368,4477,4478,1,and
2,369,1920,1921,10,not_b
2,370,126,127,10,not_b
2,371,2266,2267,6,xor
2,372,1994,1995,12,not_a
2,373,2986,2987,5,b
2,374,4437,4438,3,a
2,375,4275,4276,12,not_a
2,376,5485,5486,1,and
2,377,771,772,6,xor
2,378,856,857,8,not_or
2,379,217,218,5,b
2,380,1664,1665,2,not_implies
2,381,1603,1604,3,a
2,382,3508,3509,10,not_b
2,383,2950,2951,14,not_and
2,384,1658,1659,7,or
2,385,2721,2722,3,a
2,386,3579,3580,9,not_xor
2,387,4445,4446,9,not_xor
2,388,3588,3589,14,not_and
2,389,1748,1749,5,b
2,390,2486,2487,5,b
2,391,2284,2285,12,not_a
2,392,1475,1476,6,xor
2,393,1035,1036,5,b
2,394,2368,2369,8,not_or
2,395,1667,1668,3,a
2,396,4837,4838,5,b
2,397,1921,1922,10,not_b
2,398,3427,3428,9,not_xor
2,399,2833,2834,12,not_a
2,400,4897,4898,6,xor
2,401,5724,5725,7,or
2,402,548,549,12,not_a
2,403,4819,4820,7,or
2,404,2538,2539,9,not_xor
2,405,2063,2064,3,a
2,406,64,65,7,or
2,407,5880,5881,11,implied_by
2,408,4317,4318,7,or
2,409,455,456,7,or
2,410,158,159,3,a
2,411,1650,1651,5,b
2,412,5388,5389,4,not_implied_by
2,413,1862,1863,12,not_a
2,414,675,676,2,not_implies
2,415,2430,2431,3,a
2,416,4612,4613,13,implies
2,417,5151,5152,12,not_a
2,418,5146,5147,1,and
2,419,222,223,3,a
2,420,1890,1891,4,not_implied_by
2,421,4602,4603,9,not_xor
2,422,982,983,2,not_implies
2,423,5011,5012,12,not_a
2,424,1731,1732,11,implied_by
2,425,3123,3124,1,and
2,426,3483,3484,7,or
2,427,421,422,14,not_and
2,428,585,586,6,xor
2,429,4461,4462,8,not_or
2,430,5857,5858,9,not_xor
2,431,4492,4493,10,not_b
2,432,1303,1304,6,xor
2,433,3154,3155,10,not_b
2,434,4702,4703,1,and
2,435,2896,2897,2,not_implies
2,436,1818,1819,12,not_a
2,437,5682,5683,12,not_a
2,438,2627,2628,1,and
2,439,3030,3031,9,not_xor
2,440,5666,5667,11,implied_by
2,441,3204,3205,6,xor
2,442,1719,1720,11,implied_by
2,443,2663,2664,5,b
2,444,1572,1573,1,and
2,445,973,974,5,b
2,446,4949,4950,6,xor
2,447,5480,5481,11,implied_by
2,448,3473,3474,5,b
2,449,2473,2474,3,a
2,450,5210,5211,12,not_a
2,451,995,996,6,xor
2,452,2392,2393,10,not_b
2,453,2381,2382,8,not_or
2,454,2066,2067,11,implied_by
2,455,1597,1598,1,and
2,456,4960,4961,2,not_implies
2,457,2890,2891,9,not_xor
2,458,4816,4817,12,not_a
2,459,603,604,7,or
2,460,961,962,12,not_a
2,461,162,163,12,not_a
2,462,5898,5899,10,not_b
2,463,2920,2921,14,not_and
2,464,5643,5644,10,not_b
2,465,2073,2074,5,b
2,466,3338,3339,9,not_xor
2,467,4920,4921,1,and
2,468,5302,5303,14,not_and
2,469,2262,2263,7,or
2,470,2147,2148,13,implies
2,471,5577,5578,7,or
2,472,2792,2793,5,b
2,473,4848,4849,1,and
2,474,5474,5475,10,not_b
2,475,5964,5965,1,and
2,476,1197,1198,3,a
2,477,5608,5609,8,not_or
2,478,1129,1130,5,b
2,479,3952,3953,9,not_xor
2,480,1487,1488,3,a
2,481,3439,3440,8,not_or
2,482,5295,5296,7,or
2,483,3373,3374,12,not_a
2,484,520,521,7,or
2,485,356,357,4,not_implied_by
2,486,1274,1275,4,not_implied_by
2,487,4790,4791,11,implied_by
2,488,2179,2180,3,a
2,489,598,599,5,b
2,490,4452,4453,5,b
2,491,5391,5392,11,implied_by
2,492,1562,1563,4,not_implied_by
2,493,4396,4397,13,implies
2,494,3547,3548,5,b
2,495,119,120,3,a
2,496,5249,5250,9,not_xor
2,497,4303,4304,10,not_b
2,498,1598,1599,9,not_xor
2,499,4476,4477,1,and
2,500,3998,3999,5,b
2,501,1111,1112,4,not_implied_by
2,502,3417,3418,5,b
2,503,5722,5723,10,not_b
2,504,2643,2644,2,not_implies
2,505,4069,4070,14,not_and
2,506,1821,1822,6,xor
2,507,1526,1527,11,implied_by
2,508,4841,4842,3,a
2,509,4020,4021,9,not_xor
2,510,3555,3556,5,b
2,511,932,933,6,xor
2,512,5736,5737,2,not_implies
2,513,824,825,12,not_a
2,514,732,733,14,not_and
2,515,3040,3041,6,xor
2,516,5375,5376,6,xor
2,517,898,899,5,b
2,518,4622,4623,2,not_implies
2,519,5317,5318,5,b
2,520,4825,4826,5,b
2,521,395,396,8,not_or
2,522,2625,2626,14,not_and
2,523,875,876,3,a
2,524,1427,1428,12,not_a
2,525,5694,5695,9,not_xor
2,526,3258,3259,3,a
2,527,1891,1892,2,not_implies
2,528,5208,5209,5,b
2,529,5215,5216,7,or
2,530,3062,3063,9,not_xor
2,531,5532,5533,4,not_implied_by
2,532,3761,3762,3,a
2,533,1771,1772,12,not_a
2,534,4760,4761,6,xor
2,535,32,33,3,a
2,536,5260,5261,2,not_implies
2,537,2360,2361,2,not_implies
2,538,4058,4059,6,xor
2,539,1710,1711,14,not_and
2,540,4336,4337,1,and
2,541,143,144,6,xor
2,542,3301,3302,9,not_xor
2,543,2050,2051,5,b
2,544,4654,4655,6,xor
2,545,3886,3887,12,not_a
2,546,406,407,1,and
2,547,5914,5915,13,implies
2,548,1575,1576,9,not_xor
2,549,4914,4915,11,implied_by
2,550,1190,1191,10,not_b
2,551,376,377,6,xor
2,552,5658,5659,2,not_implies
2,553,2654,2655,6,xor
2,554,1922,1923,6,xor
2,555,642,643,11,implied_by
2,556,3077,3078,9,not_xor
2,557,1218,1219,9,not_xor
2,558,3380,3381,14,not_and
2,559,2114,2115,3,a
2,560,4597,4598,10,not_b
2,561,4633,4634,6,xor
2,562,3830,3831,6,xor
2,563,5056,5057,2,not_implies
2,564,3901,3902,9,not_xor
2,565,4440,4441,5,b
2,566,2626,2627,10,not_b
2,567,1479,1480,12,not_a
2,568,4896,4897,8,not_or
2,569,652,653,14,not_and
2,570,3758,3759,6,xor
2,571,1337,1338,9,not_xor
2,572,5431,5432,1,and
2,573,404,405,7,or
2,574,4185,4186,6,xor
2,575,412,413,3,a
2,576,3460,3461,9,not_xor
2,577,2553,2554,5,b
2,578,5909,5910,10,not_b
2,579,3474,3475,12,not_a
2,580,3171,3172,9,not_xor
2,581,3231,3232,14,not_and
2,582,4193,4194,9,not_xor
2,583,3341,3342,11,implied_by
2,584,1610,1611,11,implied_by
2,585,1464,1465,10,not_b
2,586,1913,1914,1,and
2,587,210,211,6,xor
2,588,2443,2444,9,not_xor
2,589,3514,3515,12,not_a
2,590,5875,5876,10,not_b
2,591,2377,2378,10,not_b
2,592,1434,1435,1,and
2,593,5550,5551,6,xor
2,594,1150,1151,4,not_implied_by
2,595,5030,5031,2,not_implies
2,596,2425,2426,2,not_implies
2,597,4735,4736,6,xor
2,598,5290,5291,5,b
2,599,3083,3084,9,not_xor
2,600,2232,2233,10,not_b
2,601,1391,1392,7,or
2,602,5363,5364,11,implied_by
2,603,344,345,10,not_b
2,604,5096,5097,9,not_xor
2,605,897,898,9,not_xor
2,606,2802,2803,3,a
2,607,4439,4440,4,not_implied_by
2,608,346,347,3,a
2,609,5339,5340,7,or
2,610,2800,2801,1,and
2,611,5091,5092,3,a
2,612,2081,2082,6,xor
2,613,3307,3308,3,a
2,614,2853,2854,11,implied_by
2,615,2495,2496,1,and
2,616,1952,1953,3,a
2,617,4161,4162,14,not_and
2,618,833,834,14,not_and
2,619,1869,1870,6,xor
2,620,3626,3627,12,not_a
2,621,3421,3422,11,implied_by
2,622,5659,5660,1,and
2,623,3553,3554,13,implies
2,624,5487,5488,9,not_xor
2,625,107,108,12,not_a
2,626,1631,1632,7,or
2,627,457,458,13,implies
2,628,1725,1726,11,implied_by
2,629,5919,5920,12,not_a
2,630,3079,3080,10,not_b
2,631,4397,4398,12,not_a
2,632,3911,3912,10,not_b
2,633,3172,3173,14,not_and
2,634,5547,5548,8,not_or
2,635,4135,4136,11,implied_by
2,636,17,18,12,not_a
2,637,2437,2438,2,not_implies
2,638,299,300,9,not_xor
2,639,4859,4860,1,and
2,640,3951,3952,4,not_implied_by
2,641,4899,4900,13,implies
2,642,1912,1913,6,xor
2,643,3099,3100,10,not_b
2,644,4149,4150,14,not_and
2,645,1324,1325,6,xor
2,646,3724,3725,7,or
2,647,1004,1005,13,implies
2,648,1614,1615,2,not_implies
2,649,3056,3057,6,xor
2,650,3419,3420,5,b
2,651,4269,4270,6,xor
2,652,625,626,14,not_and
2,653,2299,2300,1,and
2,654,844,845,6,xor
2,655,1812,1813,14,not_and
2,656,1368,1369,12,not_a
2,657,2338,2339,3,a
2,658,5451,5452,2,not_implies
2,659,5327,5328,8,not_or
2,660,2256,2257,12,not_a
2,661,5826,5827,8,not_or
2,662,4423,4424,2,not_implies
2,663,816,817,10,not_b
2,664,2454,2455,12,not_a
2,665,2080,2081,2,not_implies
2,666,877,878,9,not_xor
2,667,4955,4956,7,or
2,668,2527,2528,9,not_xor
2,669,4479,4480,1,and
2,670,4892,4893,12,not_a
2,671,5900,5901,9,not_xor
2,672,165,166,11,implied_by
2,673,2904,2905,6,xor
2,674,1736,1737,11,implied_by
2,675,5321,5322,6,xor
2,676,3534,3535,13,implies
2,677,5762,5763,9,not_xor
2,678,76,77,13,implies
2,679,178,179,10,not_b
2,680,4053,4054,8,not_or
2,681,3022,3023,4,not_implied_by
2,682,645,646,5,b
2,683,1208,1209,5,b
2,684,2852,2853,1,and
2,685,5387,5388,3,a
2,686,1548,1549,6,xor
2,687,1606,1607,3,a
2,688,4427,4428,4,not_implied_by
2,689,1849,1850,6,xor
2,690,4442,4443,3,a
2,691,1186,1187,11,implied_by
2,692,5788,5789,4,not_implied_by
2,693,27,28,11,implied_by
2,694,826,827,3,a
2,695,4033,4034,6,xor
2,696,449,450,11,implied_by
2,697,2230,2231,2,not_implies
2,698,5052,5053,13,implies
2,699,4838,4839,3,a
2,700,5079,5080,12,not_a
2,701,3165,3166,10,not_b
2,702,1616,1617,4,not_implied_by
2,703,5476,5477,2,not_implies
2,704,1958,1959,14,not_and
2,705,1511,1512,12,not_a
2,706,4077,4078,3,a
2,707,635,636,2,not_implies
2,708,5114,5115,1,and
2,709,4643,4644,5,b
2,710,1917,1918,10,not_b
2,711,2568,2569,14,not_and
2,712,2423,2424,6,xor
2,713,3356,3357,13,implies
2,714,164,165,8,not_or
2,715,3984,3985,12,not_a
2,716,4372,4373,11,implied_by
2,717,4911,4912,10,not_b
2,718,4711,4712,13,implies
2,719,3700,3701,3,a
2,720,2714,2715,8,not_or
2,721,3126,3127,6,xor
2,722,4226,4227,7,or
2,723,1696,1697,4,not_implied_by
2,724,4125,4126,10,not_b
2,725,3170,3171,10,not_b
2,726,4131,4132,7,or
2,727,5246,5247,3,a
2,728,3028,3029,10,not_b
2,729,3557,3558,14,not_and
2,730,3936,3937,4,not_implied_by
2,731,3979,3980,7,or
2,732,5250,5251,7,or
2,733,1955,1956,9,not_xor
2,734,4078,4079,10,not_b
2,735,1686,1687,12,not_a
2,736,550,551,6,xor
2,737,461,462,5,b
2,738,4909,4910,0,zero
2,739,4315,4316,13,implies
2,740,2440,2441,3,a
2,741,4496,4497,10,not_b
2,742,4638,4639,14,not_and
2,743,5798,5799,12,not_a
2,744,2209,2210,4,not_implied_by
2,745,5100,5101,10,not_b
2,746,2600,2601,7,or
2,747,1703,1704,5,b
2,748,857,858,12,not_a
2,749,3027,3028,5,b
2,750,4298,4299,5,b
2,751,228,229,14,not_and
2,752,621,622,2,not_implies
2,753,66,67,2,not_implies
2,754,1178,1179,13,implies
2,755,1089,1090,3,a
2,756,1228,1229,2,not_implies
2,757,1482,1483,9,not_xor
2,758,3219,3220,10,not_b
2,759,5515,5516,5,b
2,760,1195,1196,10,not_b
2,761,3137,3138,2,not_implies
2,762,496,497,11,implied_by
2,763,4091,4092,13,implies
2,764,4204,4205,4,not_implied_by
2,765,5000,5001,9,not_xor
2,766,1074,1075,4,not_implied_by
2,767,1545,1546,9,not_xor
2,768,5507,5508,5,b
2,769,5795,5796,6,xor
2,770,523,524,3,a
2,771,632,633,3,a
2,772,800,801,2,not_implies
2,773,3211,3212,13,implies
2,774,967,968,8,not_or
2,775,2872,2873,5,b
2,776,3699,3700,10,not_b
2,777,5867,5868,2,not_implies
2,778,970,971,9,not_xor
2,779,3980,3981,12,not_a
2,780,627,628,6,xor
2,781,5943,5944,8,not_or
2,782,4543,4544,5,b
2,783,226,227,5,b
2,784,2033,2034,13,implies
2,785,3589,3590,12,not_a
2,786,5211,5212,3,a
2,787,3712,3713,5,b
2,788,3176,3177,13,implies
2,789,1307,1308,14,not_and
2,790,1349,1350,2,not_implies
2,791,3644,3645,10,not_b
2,792,4360,4361,15,one
2,793,2728,2729,1,and
2,794,1790,1791,4,not_implied_by
2,795,3780,3781,14,not_and
2,796,4152,4153,8,not_or
2,797,703,704,10,not_b
2,798,4100,4101,14,not_and
2,799,130,131,12,not_a
2,800,3043,3044,3,a
2,801,4873,4874,11,implied_by
2,802,933,934,5,b
2,803,1161,1162,10,not_b
2,804,2236,2237,2,not_implies
2,805,3539,3540,12,not_a
2,806,3737,3738,2,not_implies
2,807,1117,1118,6,xor
2,808,5588,5589,6,xor
2,809,2093,2094,10,not_b
2,810,4970,4971,14,not_and
2,811,5418,5419,3,a
2,812,1643,1644,6,xor
2,813,405,406,3,a
2,814,4159,4160,12,not_a
2,815,207,208,13,implies
2,816,710,711,7,or
2,817,2148,2149,7,or
2,818,5332,5333,3,a
2,819,2280,2281,7,or
2,820,5481,5482,5,b
2,821,4534,4535,6,xor
2,822,3615,3616,8,not_or
2,823,1220,1221,3,a
2,824,1065,1066,13,implies
2,825,3999,4000,3,a
2,826,2374,2375,6,xor
2,827,5230,5231,1,and
2,828,5291,5292,4,not_implied_by
2,829,5294,5295,8,not_or
2,830,3559,3560,3,a
2,831,150,151,10,not_b
2,832,5008,5009,6,xor
2,833,3410,3411,2,not_implies
2,834,2983,2984,2,not_implies
2,835,3807,3808,12,not_a
2,836,2218,2219,10,not_b
2,837,2974,2975,4,not_implied_by
2,838,357,358,14,not_and
2,839,476,477,4,not_implied_by
2,840,5890,5891,9,not_xor
2,841,3743,3744,6,xor
2,842,3358,3359,14,not_and
2,843,483,484,6,xor
2,844,2024,2025,1,and
2,845,3908,3909,9,not_xor
2,846,3895,3896,10,not_b
2,847,5426,5427,10,not_b
2,848,4083,4084,6,xor
2,849,975,976,3,a
2,850,2619,2620,9,not_xor
2,851,1503,1504,2,not_implies
2,852,1983,1984,8,not_or
2,853,1558,1559,9,not_xor
2,854,2296,2297,9,not_xor
2,855,3382,3383,5,b
2,856,1836,1837,3,a
2,857,1832,1833,14,not_and
2,858,1188,1189,14,not_and
2,859,3723,3724,9,not_xor
2,860,4542,4543,10,not_b
2,861,293,294,7,or
2,862,4559,4560,10,not_b
2,863,5793,5794,9,not_xor
2,864,5367,5368,9,not_xor
2,865,4939,4940,5,b
2,866,2139,2140,6,xor
2,867,5838,5839,13,implies
2,868,2700,2701,6,xor
2,869,777,778,1,and
2,870,2989,2990,9,not_xor
2,871,4169,4170,12,not_a
2,872,2043,2044,5,b
2,873,939,940,12,not_a
2,874,666,667,0,zero
2,875,2706,2707,6,xor
2,876,5840,5841,10,not_b
2,877,4244,4245,14,not_and
2,878,5952,5953,1,and
2,879,4773,4774,15,one
2,880,5920,5921,13,implies
2,881,4902,4903,8,not_or
2,882,250,251,8,not_or
2,883,1223,1224,8,not_or
2,884,889,890,2,not_implies
2,885,713,714,3,a
2,886,4212,4213,12,not_a
2,887,4453,4454,6,xor
2,888,1583,1584,3,a
2,889,4703,4704,9,not_xor
2,890,3598,3599,3,a
2,891,2214,2215,13,implies
2,892,4237,4238,1,and
2,893,1184,1185,14,not_and
2,894,4561,4562,9,not_xor
2,895,4962,4963,4,not_implied_by
2,896,5415,5416,1,and
2,897,3888,3889,2,not_implies
2,898,2744,2745,11,implied_by
2,899,3605,3606,5,b
2,900,996,997,11,implied_by
2,901,3897,3898,3,a
2,902,2984,2985,6,xor
2,903,825,826,13,implies
2,904,251,252,4,not_implied_by
2,905,2603,2604,3,a
2,906,3796,3797,10,not_b
2,907,3001,3002,2,not_implies
2,908,5444,5445,12,not_a
2,909,300,301,13,implies
2,910,2959,2960,2,not_implies
2,911,965,966,14,not_and
2,912,5552,5553,9,not_xor
2,913,5303,5304,12,not_a
2,914,4747,4748,6,xor
2,915,536,537,10,not_b
2,916,746,747,2,not_implies
2,917,5041,5042,9,not_xor
2,918,8,9,1,and
2,919,1989,1990,2,not_implies
2,920,5157,5158,1,and
2,921,2815,2816,2,not_implies
2,922,832,833,2,not_implies
2,923,5563,5564,9,not_xor
2,924,4748,4749,9,not_xor
2,925,4490,4491,6,xor
2,926,3665,3666,12,not_a
2,927,5088,5089,7,or
2,928,1936,1937,9,not_xor
2,929,3284,3285,11,implied_by
2,930,206,207,10,not_b
2,931,5926,5927,11,implied_by
2,932,3261,3262,8,not_or
2,933,1803,1804,4,not_implied_by
2,934,82,83,6,xor
2,935,1695,1696,6,xor
2,936,4995,4996,12,not_a
2,937,4408,4409,6,xor
2,938,5182,5183,12,not_a
2,939,2177,2178,1,and
2,940,4589,4590,4,not_implied_by
2,941,3956,3957,7,or
2,942,1127,1128,5,b
2,943,4645,4646,6,xor
2,944,1412,1413,5,b
2,945,3552,3553,7,or
2,946,482,483,15,one
2,947,1448,1449,13,implies
2,948,4436,4437,3,a
2,949,1133,1134,6,xor
2,950,1010,1011,1,and
2,951,29,30,12,not_a
2,952,797,798,14,not_and
2,953,5314,5315,12,not_a
2,954,2154,2155,14,not_and
2,955,197,198,10,not_b
2,956,4085,4086,6,xor
2,957,1974,1975,1,and
2,958,2589,2590,10,not_b
2,959,2488,2489,1,and
2,960,5899,5900,6,xor
2,961,4106,4107,9,not_xor
2,962,5233,5234,12,not_a
2,963,2579,2580,4,not_implied_by
2,964,3824,3825,4,not_implied_by
2,965,2014,2015,1,and
2,966,3717,3718,8,not_or
2,967,1644,1645,3,a
2,968,5746,5747,6,xor
2,969,695,696,8,not_or
2,970,2532,2533,3,a
2,971,1778,1779,6,xor
2,972,4985,4986,10,not_b
2,973,139,140,8,not_or
2,974,2762,2763,6,xor
2,975,3093,3094,13,implies
2,976,974,975,11,implied_by
2,977,4122,4123,13,implies
2,978,1817,1818,5,b
2,979,4024,4025,3,a
2,980,4827,4828,10,not_b
2,981,4761,4762,10,not_b
2,982,5368,5369,9,not_xor
2,983,798,799,4,not_implied_by
2,984,3558,3559,5,b
2,985,3529,3530,3,a
2,986,4456,4457,5,b
2,987,2981,2982,3,a
2,988,1573,1574,3,a
2,989,722,723,5,b
2,990,745,746,14,not_and
2,991,4329,4330,13,implies
2,992,5329,5330,2,not_implies
2,993,187,188,10,not_b
2,994,1964,1965,6,xor
2,995,4865,4866,11,implied_by
2,996,3729,3730,4,not_implied_by
2,997,1801,1802,4,not_implied_by
2,998,5009,5010,8,not_or
2,999,2667,2668,9,not_xor
2,1000,2032,2033,12,not_a
2,1001,3017,3018,9,not_xor
2,1002,3200,3201,7,or
2,1003,2253,2254,10,not_b
2,1004,3765,3766,5,b
2,1005,3355,3356,9,not_xor
2,1006,4469,4470,3,a
2,1007,4208,4209,4,not_implied_by
2,1008,4214,4215,1,and
2,1009,2306,2307,7,or
2,1010,3237,3238,11,implied_by
2,1011,5595,5596,1,and
2,1012,316,317,9,not_xor
2,1013,4119,4120,12,not_a
2,1014,3677,3678,7,or
2,1015,5457,5458,11,implied_by
2,1016,331,332,14,not_and
2,1017,2,3,11,implied_by
2,1018,1811,1812,11,implied_by
2,1019,1501,1502,10,not_b
2,1020,3215,3216,1,and
2,1021,4757,4758,4,not_implied_by
2,1022,5057,5058,5,b
2,1023,2007,2008,9,not_xor
2,1024,5665,5666,6,xor
2,1025,2591,2592,6,xor
2,1026,5108,5109,9,not_xor
2,1027,5520,5521,7,or
2,1028,2441,2442,3,a
2,1029,2163,2164,13,implies
2,1030,4839,4840,13,implies
2,1031,4306,4307,9,not_xor
2,1032,416,417,12,not_a
2,1033,778,779,14,not_and
2,1034,4352,4353,6,xor
2,1035,4074,4075,5,b
2,1036,1428,1429,9,not_xor
2,1037,5223,5224,2,not_implies
2,1038,2701,2702,9,not_xor
2,1039,5204,5205,11,implied_by
2,1040,3941,3942,6,xor
2,1041,1233,1234,9,not_xor
2,1042,1858,1859,9,not_xor
2,1043,4039,4040,11,implied_by
2,1044,2044,2045,5,b
2,1045,4176,4177,3,a
2,1046,3119,3120,7,or
2,1047,5385,5386,3,a
2,1048,5602,5603,6,xor
2,1049,2170,2171,9,not_xor
2,1050,1963,1964,10,not_b
2,1051,5811,5812,6,xor
2,1052,2547,2548,0,zero
2,1053,1549,1550,3,a
2,1054,0,2,3,a
2,1055,2951,2952,7,or
2,1056,2370,2371,8,not_or
2,1057,3811,3812,3,a
2,1058,2921,2922,9,not_xor
2,1059,2522,2523,4,not_implied_by
2,1060,2586,2587,9,not_xor
2,1061,5747,5748,2,not_implies
2,1062,2268,2269,6,xor
2,1063,1234,1235,2,not_implies
2,1064,2108,2109,7,or
2,1065,1296,1297,13,implies
2,1066,4739,4740,5,b
2,1067,5789,5790,11,implied_by
2,1068,5047,5048,0,zero
2,1069,427,428,6,xor
2,1070,2365,2366,8,not_or
2,1071,92,93,14,not_and
2,1072,5778,5779,11,implied_by
2,1073,551,552,11,implied_by
2,1074,5869,5870,12,not_a
2,1075,3666,3667,5,b
2,1076,3160,3161,6,xor
2,1077,1595,1596,14,not_and
2,1078,4938,4939,3,a
2,1079,4121,4122,1,and
2,1080,3298,3299,14,not_and
2,1081,4569,4570,3,a
2,1082,341,342,6,xor
2,1083,2021,2022,6,xor
2,1084,545,546,5,b
2,1085,4963,4964,9,not_xor
2,1086,5,6,11,implied_by
2,1087,4294,4295,10,not_b
2,1088,4003,4004,12,not_a
2,1089,2390,2391,9,not_xor
2,1090,1170,1171,10,not_b
2,1091,3877,3878,6,xor
2,1092,4450,4451,7,or
2,1093,886,887,10,not_b
2,1094,696,697,7,or
2,1095,1476,1477,10,not_b
2,1096,604,605,15,one
2,1097,3205,3206,5,b
2,1098,942,943,6,xor
2,1099,3195,3196,3,a
2,1100,2870,2871,12,not_a
2,1101,3546,3547,3,a
2,1102,5089,5090,14,not_and
2,1103,5140,5141,12,not_a
2,1104,4756,4757,10,not_b
2,1105,2173,2174,9,not_xor
2,1106,111,112,14,not_and
2,1107,5275,5276,3,a
2,1108,2845,2846,9,not_xor
2,1109,740,741,14,not_and
2,1110,5125,5126,11,implied_by
2,1111,5611,5612,1,and
2,1112,4487,4488,5,b
2,1113,3785,3786,1,and
2,1114,3561,3562,10,not_b
2,1115,3944,3945,1,and
2,1116,1055,1056,13,implies
2,1117,3139,3140,1,and
2,1118,2456,2457,5,b
2,1119,4512,4513,9,not_xor
2,1120,2087,2088,9,not_xor
2,1121,2463,2464,5,b
2,1122,5714,5715,5,b
2,1123,2913,2914,6,xor
2,1124,3026,3027,12,not_a
2,1125,2827,2828,14,not_and
2,1126,5987,5988,13,implies
2,1127,1833,1834,10,not_b
2,1128,4096,4097,7,or
2,1129,2691,2692,14,not_and
2,1130,3922,3923,10,not_b
2,1131,4666,4667,9,not_xor
2,1132,353,354,7,or
2,1133,4590,4591,2,not_implies
2,1134,3837,3838,5,b
2,1135,475,476,5,b
2,1136,4455,4456,11,implied_by
2,1137,5702,5703,14,not_and
2,1138,3096,3097,14,not_and
2,1139,2684,2685,11,implied_by
2,1140,1115,1116,12,not_a
2,1141,945,946,12,not_a
2,1142,5810,5811,11,implied_by
2,1143,547,548,12,not_a
2,1144,4394,4395,6,xor
2,1145,707,708,13,implies
2,1146,463,464,7,or
2,1147,2475,2476,0,zero
2,1148,499,500,14,not_and
2,1149,3571,3572,8,not_or
2,1150,2243,2244,6,xor
2,1151,1484,1485,8,not_or
2,1152,1693,1694,6,xor
2,1153,2431,2432,12,not_a
2,1154,1970,1971,8,not_or
2,1155,4846,4847,10,not_b
2,1156,2906,2907,0,zero
2,1157,413,414,1,and
2,1158,1142,1143,4,not_implied_by
2,1159,2673,2674,3,a
2,1160,3950,3951,7,or
2,1161,1672,1673,9,not_xor
2,1162,5325,5326,10,not_b
2,1163,3904,3905,3,a
2,1164,4576,4577,9,not_xor
2,1165,3792,3793,3,a
2,1166,1171,1172,9,not_xor
2,1167,5760,5761,10,not_b
2,1168,1935,1936,12,not_a
2,1169,1799,1800,6,xor
2,1170,4002,4003,6,xor
2,1171,4624,4625,8,not_or
2,1172,278,279,5,b
2,1173,2146,2147,4,not_implied_by
2,1174,4347,4348,11,implied_by
2,1175,2933,2934,9,not_xor
2,1176,2742,2743,8,not_or
2,1177,1470,1471,13,implies
2,1178,3346,3347,12,not_a
2,1179,5917,5918,7,or
2,1180,4772,4773,5,b
2,1181,528,529,14,not_and
2,1182,225,226,10,not_b
2,1183,615,616,12,not_a
2,1184,5268,5269,8,not_or
2,1185,3465,3466,14,not_and
2,1186,579,580,14,not_and
2,1187,1173,1174,6,xor
2,1188,3377,3378,13,implies
2,1189,540,541,10,not_b
2,1190,246,247,9,not_xor
2,1191,3818,3819,7,or
2,1192,2111,2112,9,not_xor
2,1193,5186,5187,6,xor
2,1194,3394,3395,9,not_xor
2,1195,2078,2079,2,not_implies
2,1196,2069,2070,9,not_xor
2,1197,163,164,10,not_b
2,1198,4737,4738,6,xor
2,1199,2724,2725,5,b
2,1200,4284,4285,12,not_a
2,1201,2202,2203,6,xor
2,1202,511,512,9,not_xor
2,1203,4202,4203,9,not_xor
2,1204,991,992,13,implies
2,1205,4076,4077,1,and
2,1206,774,775,9,not_xor
2,1207,1003,1004,13,implies
2,1208,1699,1700,6,xor
2,1209,1418,1419,5,b
2,1210,283,284,9,not_xor
2,1211,2997,2998,5,b
2,1212,5911,5912,2,not_implies
2,1213,596,597,11,implied_by
2,1214,1984,1985,0,zero
2,1215,561,562,9,not_xor
2,1216,983,984,6,xor
2,1217,1138,1139,9,not_xor
2,1218,2581,2582,4,not_implied_by
2,1219,1179,1180,7,or
2,1220,438,439,1,and
2,1221,3098,3099,4,not_implied_by
2,1222,2224,2225,10,not_b
2,1223,631,632,6,xor
2,1224,846,847,14,not_and
2,1225,3504,3505,4,not_implied_by
2,1226,5429,5430,6,xor
2,1227,3836,3837,6,xor
2,1228,18,19,6,xor
2,1229,5111,5112,10,not_b
2,1230,4850,4851,6,xor
2,1231,3067,3068,9,not_xor
2,1232,3961,3962,12,not_a
2,1233,5681,5682,3,a
2,1234,3381,3382,1,and
2,1235,2743,2744,14,not_and
2,1236,3835,3836,12,not_a
2,1237,109,110,13,implies
2,1238,4662,4663,6,xor
2,1239,2515,2516,3,a
2,1240,1554,1555,10,not_b
2,1241,1775,1776,8,not_or
2,1242,4515,4516,3,a
2,1243,5891,5892,13,implies
2,1244,4578,4579,6,xor
2,1245,501,502,3,a
2,1246,4434,4435,6,xor
2,1247,5185,5186,1,and
2,1248,2875,2876,14,not_and
2,1249,737,738,11,implied_by
2,1250,486,487,12,not_a
2,1251,4605,4606,6,xor
2,1252,2637,2638,3,a
2,1253,2640,2641,1,and
2,1254,4483,4484,14,not_and
2,1255,2840,2841,3,a
2,1256,2713,2714,6,xor
2,1257,5405,5406,1,and
2,1258,4522,4523,10,not_b
2,1259,1250,1251,2,not_implies
2,1260,3861,3862,3,a
2,1261,2558,2559,6,xor
2,1262,5672,5673,8,not_or
2,1263,3985,3986,9,not_xor
2,1264,15,16,12,not_a
2,1265,1281,1282,9,not_xor
2,1266,4011,4012,1,and
2,1267,5701,5702,7,or
2,1268,3943,3944,10,not_b
2,1269,4795,4796,12,not_a
2,1270,4626,4627,11,implied_by
2,1271,2949,2950,12,not_a
2,1272,5206,5207,5,b
2,1273,3709,3710,6,xor
2,1274,1617,1618,8,not_or
2,1275,3813,3814,10,not_b
2,1276,4783,4784,10,not_b
2,1277,2384,2385,4,not_implied_by
2,1278,1236,1237,14,not_and
2,1279,3335,3336,7,or
2,1280,2433,2434,9,not_xor
2,1281,354,355,5,b
2,1282,701,702,3,a
2,1283,2561,2562,6,xor
2,1284,373,374,8,not_or
2,1285,562,563,11,implied_by
2,1286,4099,4100,10,not_b
2,1287,1052,1053,2,not_implies
2,1288,4577,4578,7,or
2,1289,2387,2388,3,a
2,1290,87,88,11,implied_by
2,1291,2952,2953,4,not_implied_by
2,1292,1889,1890,10,not_b
2,1293,4239,4240,5,b
2,1294,4565,4566,9,not_xor
2,1295,4600,4601,9,not_xor
2,1296,3443,3444,3,a
2,1297,5730,5731,9,not_xor
2,1298,2812,2813,1,and
2,1299,5304,5305,6,xor
2,1300,569,570,9,not_xor
2,1301,822,823,9,not_xor
2,1302,5627,5628,10,not_b
2,1303,196,197,12,not_a
2,1304,704,705,0,zero
2,1305,1325,1326,6,xor
2,1306,4246,4247,9,not_xor
2,1307,5037,5038,6,xor
2,1308,3226,3227,6,xor
2,1309,256,257,2,not_implies
2,1310,1902,1903,13,implies
2,1311,135,136,3,a
2,1312,4763,4764,12,not_a
2,1313,5894,5895,9,not_xor
2,1314,949,950,3,a
2,1315,3933,3934,9,not_xor
2,1316,5330,5331,1,and
2,1317,3493,3494,3,a
2,1318,1764,1765,3,a
2,1319,280,281,7,or
2,1320,5671,5672,5,b
2,1321,726,727,9,not_xor
2,1322,1956,1957,10,not_b
2,1323,535,536,14,not_and
2,1324,5061,5062,3,a
2,1325,5130,5131,12,not_a
2,1326,688,689,9,not_xor
2,1327,184,185,6,xor
2,1328,3106,3107,5,b
2,1329,147,148,14,not_and
2,1330,2584,2585,1,and
2,1331,4885,4886,1,and
2,1332,2194,2195,9,not_xor
2,1333,3880,3881,1,and
2,1334,387,388,1,and
2,1335,4254,4255,12,not_a
2,1336,3442,3443,1,and
2,1337,2358,2359,10,not_b
2,1338,2972,2973,5,b
2,1339,4700,4701,8,not_or
2,1340,1384,1385,8,not_or
2,1341,3257,3258,11,implied_by
2,1342,1514,1515,7,or
2,1343,3437,3438,12,not_a
2,1344,3059,3060,11,implied_by
2,1345,4680,4681,8,not_or
2,1346,5912,5913,10,not_b
2,1347,5021,5022,12,not_a
2,1348,1481,1482,7,or
2,1349,1564,1565,4,not_implied_by
2,1350,1557,1558,11,implied_by
2,1351,2341,2342,3,a
2,1352,144,145,3,a
2,1353,3247,3248,8,not_or
2,1354,1704,1705,9,not_xor
2,1355,2342,2343,9,not_xor
2,1356,1678,1679,0,zero
2,1357,2580,2581,10,not_b
2,1358,953,954,8,not_or
2,1359,5889,5890,12,not_a
2,1360,2490,2491,9,not_xor
2,1361,1112,1113,1,and
2,1362,281,282,3,a
2,1363,5955,5956,14,not_and
2,1364,2789,2790,6,xor
2,1365,51,52,6,xor
2,1366,956,957,4,not_implied_by
2,1367,176,177,14,not_and
2,1368,1924,1925,6,xor
2,1369,5015,5016,1,and
2,1370,1240,1241,10,not_b
2,1371,4147,4148,2,not_implies
2,1372,3111,3112,15,one
2,1373,586,587,6,xor
2,1374,3968,3969,12,not_a
2,1375,842,843,9,not_xor
2,1376,5097,5098,3,a
2,1377,4277,4278,7,or
2,1378,5093,5094,4,not_implied_by
2,1379,3891,3892,14,not_and
2,1380,567,568,6,xor
2,1381,2321,2322,4,not_implied_by
2,1382,4505,4506,10,not_b
2,1383,3689,3690,0,zero
2,1384,5073,5074,4,not_implied_by
2,1385,3008,3009,1,and
2,1386,5134,5135,3,a
2,1387,1723,1724,13,implies
2,1388,3734,3735,5,b
2,1389,5687,5688,14,not_and
2,1390,5535,5536,8,not_or
2,1391,5038,5039,10,not_b
2,1392,3489,3490,6,xor
2,1393,2470,2471,2,not_implies
2,1394,152,153,12,not_a
2,1395,209,210,8,not_or
2,1396,3690,3691,11,implied_by
2,1397,1540,1541,9,not_xor
2,1398,5292,5293,13,implies
2,1399,2117,2118,1,and
2,1400,5256,5257,12,not_a
2,1401,4826,4827,10,not_b
2,1402,2327,2328,5,b
2,1403,3940,3941,9,not_xor
2,1404,2097,2098,4,not_implied_by
2,1405,3794,3795,5,b
2,1406,3795,3796,13,implies
2,1407,1033,1034,7,or
2,1408,1904,1905,3,a
2,1409,4823,4824,14,not_and
2,1410,2411,2412,6,xor
2,1411,5165,5166,6,xor
2,1412,304,305,1,and
2,1413,2195,2196,3,a
2,1414,3209,3210,1,and
2,1415,4883,4884,7,or
2,1416,3131,3132,4,not_implied_by
2,1417,2681,2682,15,one
2,1418,2945,2946,9,not_xor
2,1419,4098,4099,14,not_and
2,1420,5178,5179,3,a
2,1421,714,715,3,a
2,1422,4723,4724,12,not_a
2,1423,5035,5036,6,xor
2,1424,4292,4293,9,not_xor
2,1425,3433,3434,9,not_xor
2,1426,2331,2332,13,implies
2,1427,5873,5874,7,or
2,1428,1556,1557,6,xor
2,1429,365,366,5,b
2,1430,921,922,1,and
2,1431,4900,4901,2,not_implies
2,1432,2001,2002,15,one
2,1433,3372,3373,8,not_or
2,1434,338,339,8,not_or
2,1435,971,972,13,implies
2,1436,2533,2534,7,or
2,1437,651,652,5,b
2,1438,5807,5808,4,not_implied_by
2,1439,5565,5566,14,not_and
2,1440,1232,1233,11,implied_by
2,1441,2312,2313,11,implied_by
2,1442,5020,5021,12,not_a
2,1443,1567,1568,9,not_xor
2,1444,3363,3364,3,a
2,1445,943,944,6,xor
2,1446,4941,4942,8,not_or
2,1447,1744,1745,8,not_or
2,1448,4933,4934,9,not_xor
2,1449,3376,3377,10,not_b
2,1450,827,828,5,b
2,1451,622,623,9,not_xor
2,1452,2905,2906,5,b
2,1453,717,718,6,xor
2,1454,5201,5202,3,a
2,1455,927,928,9,not_xor
2,1456,3849,3850,14,not_and
2,1457,2857,2858,6,xor
2,1458,4948,4949,5,b
2,1459,5607,5608,1,and
2,1460,4141,4142,10,not_b
2,1461,4128,4129,3,a
2,1462,4165,4166,11,implied_by
2,1463,4448,4449,10,not_b
2,1464,314,315,1,and
2,1465,2004,2005,13,implies
2,1466,4489,4490,12,not_a
2,1467,4296,4297,6,xor
2,1468,5664,5665,1,and
2,1469,4305,4306,10,not_b
2,1470,2046,2047,3,a
2,1471,3481,3482,5,b
2,1472,219,220,6,xor
2,1473,4659,4660,5,b
2,1474,2597,2598,5,b
2,1475,5887,5888,12,not_a
2,1476,5522,5523,5,b
2,1477,2198,2199,8,not_or
2,1478,4206,4207,7,or
2,1479,5737,5738,13,implies
2,1480,916,917,6,xor
2,1481,1791,1792,5,b
2,1482,2241,2242,4,not_implied_by
2,1483,1844,1845,6,xor
2,1484,5600,5601,13,implies
2,1485,5261,5262,13,implies
2,1486,276,277,12,not_a
2,1487,1991,1992,8,not_or
2,1488,3124,3125,9,not_xor
2,1489,3902,3903,12,not_a
2,1490,1594,1595,12,not_a
2,1491,5423,5424,9,not_xor
2,1492,2771,2772,7,or
2,1493,673,674,5,b
2,1494,3697,3698,9,not_xor
2,1495,5443,5444,13,implies
2,1496,2407,2408,1,and
2,1497,5422,5423,3,a
2,1498,3719,3720,1,and
2,1499,923,924,6,xor
2,1500,3705,3706,7,or
2,1501,5675,5676,10,not_b
2,1502,4133,4134,11,implied_by
2,1503,3953,3954,8,not_or
2,1504,396,397,9,not_xor
2,1505,1297,1298,3,a
2,1506,5581,5582,3,a
2,1507,1486,1487,12,not_a
2,1508,5383,5384,9,not_xor
2,1509,4406,4407,14,not_and
2,1510,1298,1299,9,not_xor
2,1511,5173,5174,3,a
2,1512,230,231,7,or
2,1513,3972,3973,6,xor
2,1514,1570,1571,3,a
2,1515,3838,3839,6,xor
2,1516,2773,2774,6,xor
2,1517,3387,3388,11,implied_by
2,1518,4764,4765,11,implied_by
2,1519,3408,3409,11,implied_by
2,1520,2507,2508,10,not_b
2,1521,5640,5641,4,not_implied_by
2,1522,3973,3974,13,implies
2,1523,3772,3773,9,not_xor
2,1524,3130,3131,12,not_a
2,1525,4942,4943,2,not_implies
2,1526,1940,1941,6,xor
2,1527,2739,2740,2,not_implies
2,1528,1229,1230,9,not_xor
2,1529,1254,1255,12,not_a
2,1530,2557,2558,12,not_a
2,1531,173,174,7,or
2,1532,3853,3854,3,a
2,1533,2942,2943,6,xor
2,1534,1258,1259,5,b
2,1535,3362,3363,5,b
2,1536,2775,2776,9,not_xor
2,1537,99,100,14,not_and
2,1538,5551,5552,10,not_b
2,1539,1073,1074,12,not_a
2,1540,679,680,13,implies
2,1541,1638,1639,11,implied_by
2,1542,1637,1638,0,zero
2,1543,3633,3634,13,implies
2,1544,3760,3761,9,not_xor
2,1545,3375,3376,7,or
2,1546,3036,3037,2,not_implies
2,1547,171,172,9,not_xor
2,1548,263,264,12,not_a
2,1549,95,96,7,or
2,1550,1629,1630,6,xor
2,1551,2908,2909,13,implies
2,1552,2397,2398,5,b
2,1553,505,506,13,implies
2,1554,3302,3303,9,not_xor
2,1555,5511,5512,13,implies
2,1556,1431,1432,3,a
2,1557,2246,2247,4,not_implied_by
2,1558,4517,4518,1,and
2,1559,2359,2360,10,not_b
2,1560,3986,3987,12,not_a
2,1561,5355,5356,11,implied_by
2,1562,5022,5023,11,implied_by
2,1563,600,601,5,b
2,1564,3549,3550,12,not_a
2,1565,2045,2046,13,implies
2,1566,1950,1951,3,a
2,1567,1432,1433,13,implies
2,1568,5138,5139,10,not_b
2,1569,5435,5436,1,and
2,1570,3771,3772,7,or
2,1571,1070,1071,8,not_or
2,1572,2077,2078,2,not_implies
2,1573,5576,5577,7,or
2,1574,2457,2458,10,not_b
2,1575,3413,3414,9,not_xor
2,1576,954,955,9,not_xor
2,1577,4481,4482,6,xor
2,1578,3750,3751,12,not_a
2,1579,1420,1421,3,a
2,1580,2383,2384,9,not_xor
2,1581,4462,4463,12,not_a
2,1582,4,5,3,a
2,1583,4127,4128,6,xor
2,1584,5690,5691,3,a
2,1585,705,706,1,and
2,1586,1494,1495,5,b
2,1587,4966,4967,8,not_or
2,1588,4657,4658,4,not_implied_by
2,1589,3210,3211,14,not_and
2,1590,2405,2406,6,xor
2,1591,1627,1628,7,or
2,1592,5433,5434,5,b
2,1593,5555,5556,10,not_b
2,1594,5473,5474,11,implied_by
2,1595,3283,3284,9,not_xor
2,1596,1372,1373,14,not_and
2,1597,4840,4841,10,not_b
2,1598,5689,5690,9,not_xor
2,1599,5278,5279,6,xor
2,1600,3134,3135,10,not_b
2,1601,2487,2488,11,implied_by
2,1602,4503,4504,14,not_and
2,1603,89,90,3,a
2,1604,3634,3635,9,not_xor
2,1605,769,770,8,not_or
2,1606,3263,3264,5,b
2,1607,4101,4102,0,zero
2,1608,5305,5306,3,a
2,1609,5618,5619,6,xor
2,1610,1580,1581,11,implied_by
2,1611,5630,5631,6,xor
2,1612,5668,5669,7,or
2,1613,3310,3311,12,not_a
2,1614,4606,4607,3,a
2,1615,3673,3674,10,not_b
2,1616,2736,2737,2,not_implies
2,1617,2317,2318,12,not_a
2,1618,5938,5939,11,implied_by
2,1619,4811,4812,8,not_or
2,1620,4081,4082,12,not_a
2,1621,1961,1962,13,implies
2,1622,5652,5653,6,xor
2,1623,4804,4805,12,not_a
2,1624,5421,5422,3,a
2,1625,5782,5783,3,a
2,1626,2683,2684,9,not_xor
2,1627,538,539,11,implied_by
2,1628,882,883,10,not_b
2,1629,106,107,12,not_a
2,1630,1269,1270,12,not_a
2,1631,1993,1994,3,a
2,1632,5731,5732,10,not_b
2,1633,2830,2831,7,or
2,1634,2477,2478,5,b
2,1635,614,615,9,not_xor
2,1636,4658,4659,11,implied_by
2,1637,1825,1826,6,xor
2,1638,4834,4835,10,not_b
2,1639,4123,4124,10,not_b
2,1640,4234,4235,9,not_xor
2,1641,747,748,6,xor
2,1642,2985,2986,12,not_a
2,1643,2192,2193,5,b
2,1644,4996,4997,9,not_xor
2,1645,4932,4933,15,one
2,1646,4817,4818,6,xor
2,1647,9,10,2,not_implies
2,1648,347,348,7,or
2,1649,72,73,2,not_implies
2,1650,4991,4992,1,and
2,1651,3175,3176,8,not_or
2,1652,3797,3798,5,b
2,1653,1529,1530,7,or
2,1654,2171,2172,6,xor
2,1655,748,749,3,a
2,1656,570,571,9,not_xor
2,1657,3832,3833,8,not_or
2,1658,3664,3665,10,not_b
2,1659,2779,2780,5,b
2,1660,4046,4047,10,not_b
2,1661,2120,2121,1,and
2,1662,3101,3102,8,not_or
2,1663,1106,1107,12,not_a
2,1664,4057,4058,2,not_implies
2,1665,2101,2102,8,not_or
2,1666,470,471,8,not_or
2,1667,1822,1823,5,b
2,1668,4628,4629,9,not_xor
2,1669,4584,4585,9,not_xor
2,1670,3526,3527,1,and
2,1671,2544,2545,5,b
2,1672,5194,5195,4,not_implied_by
2,1673,1327,1328,3,a
2,1674,5634,5635,7,or
2,1675,3088,3089,4,not_implied_by
2,1676,1761,1762,12,not_a
2,1677,3250,3251,6,xor
2,1678,2565,2566,6,xor
2,1679,589,590,1,and
2,1680,3127,3128,14,not_and
2,1681,4338,4339,6,xor
2,1682,510,511,11,implied_by
2,1683,1315,1316,3,a
2,1684,4016,4017,7,or
2,1685,491,492,11,implied_by
2,1686,1826,1827,14,not_and
2,1687,1860,1861,12,not_a
2,1688,5263,5264,6,xor
2,1689,683,684,10,not_b
2,1690,138,139,9,not_xor
2,1691,5365,5366,6,xor
2,1692,2261,2262,9,not_xor
2,1693,2295,2296,13,implies
2,1694,4510,4511,1,and
2,1695,1774,1775,7,or
2,1696,2969,2970,14,not_and
2,1697,4685,4686,13,implies
2,1698,3586,3587,1,and
2,1699,3574,3575,1,and
2,1700,733,734,10,not_b
2,1701,3316,3317,1,and
2,1702,5604,5605,5,b
2,1703,2772,2773,8,not_or
2,1704,4609,4610,14,not_and
2,1705,5163,5164,13,implies
2,1706,3715,3716,3,a
2,1707,450,451,13,implies
2,1708,5005,5006,9,not_xor
2,1709,4285,4286,11,implied_by
2,1710,1995,1996,1,and
2,1711,4312,4313,8,not_or
2,1712,3320,3321,12,not_a
2,1713,5669,5670,4,not_implied_by
2,1714,1782,1783,1,and
2,1715,2155,2156,2,not_implies
2,1716,4611,4612,3,a
2,1717,5825,5826,7,or
2,1718,1743,1744,6,xor
2,1719,4653,4654,6,xor
2,1720,3087,3088,13,implies
2,1721,946,947,4,not_implied_by
2,1722,1823,1824,12,not_a
2,1723,5660,5661,3,a
2,1724,113,114,13,implies
2,1725,1047,1048,6,xor
2,1726,1402,1403,3,a
2,1727,3297,3298,2,not_implies
2,1728,2137,2138,4,not_implied_by
2,1729,4802,4803,11,implied_by
2,1730,3269,3270,5,b
2,1731,5017,5018,12,not_a
2,1732,4415,4416,4,not_implied_by
2,1733,3470,3471,8,not_or
2,1734,3279,3280,3,a
2,1735,734,735,7,or
2,1736,1259,1260,7,or
2,1737,1767,1768,11,implied_by
2,1738,4572,4573,12,not_a
2,1739,4718,4719,12,not_a
2,1740,4656,4657,7,or
2,1741,3340,3341,3,a
2,1742,3244,3245,14,not_and
2,1743,4346,4347,9,not_xor
2,1744,3548,3549,10,not_b
2,1745,4835,4836,6,xor
2,1746,5545,5546,9,not_xor
2,1747,1541,1542,12,not_a
2,1748,2914,2915,5,b
2,1749,3100,3101,5,b
2,1750,2250,2251,14,not_and
2,1751,829,830,6,xor
2,1752,2730,2731,12,not_a
2,1753,773,774,3,a
2,1754,4355,4356,9,not_xor
2,1755,2854,2855,10,not_b
2,1756,2576,2577,5,b
2,1757,322,323,6,xor
2,1758,2647,2648,9,not_xor
2,1759,4815,4816,11,implied_by
2,1760,5077,5078,6,xor
2,1761,367,368,9,not_xor
2,1762,1872,1873,7,or
2,1763,3873,3874,3,a
2,1764,191,192,2,not_implies
2,1765,5951,5952,8,not_or
2,1766,1008,1009,12,not_a
2,1767,3262,3263,7,or
2,1768,766,767,12,not_a
2,1769,4750,4751,3,a
2,1770,3208,3209,1,and
2,1771,2315,2316,5,b
2,1772,1062,1063,6,xor
2,1773,979,980,4,not_implied_by
2,1774,2898,2899,1,and
2,1775,4140,4141,4,not_implied_by
2,1776,2174,2175,4,not_implied_by
2,1777,481,482,6,xor
2,1778,3611,3612,10,not_b
2,1779,371,372,9,not_xor
2,1780,5933,5934,6,xor
2,1781,3242,3243,3,a
2,1782,1705,1706,12,not_a
2,1783,3948,3949,12,not_a
2,1784,188,189,6,xor
2,1785,4793,4794,8,not_or
2,1786,4872,4873,7,or
2,1787,4681,4682,13,implies
2,1788,1165,1166,10,not_b
2,1789,363,364,6,xor
2,1790,2316,2317,12,not_a
2,1791,894,895,4,not_implied_by
2,1792,5160,5161,7,or
2,1793,2820,2821,6,xor
2,1794,2957,2958,9,not_xor
2,1795,2006,2007,6,xor
2,1796,3206,3207,10,not_b
2,1797,1702,1703,13,implies
2,1798,1648,1649,10,not_b
2,1799,5257,5258,3,a
2,1800,5231,5232,3,a
2,1801,2049,2050,10,not_b
2,1802,1968,1969,8,not_or
2,1803,3061,3062,4,not_implied_by
2,1804,909,910,11,implied_by
2,1805,2330,2331,1,and
2,1806,2788,2789,6,xor
2,1807,5442,5443,6,xor
2,1808,2166,2167,9,not_xor
2,1809,3810,3811,14,not_and
2,1810,460,461,6,xor
2,1811,1132,1133,1,and
2,1812,2563,2564,5,b
2,1813,4954,4955,5,b
2,1814,2838,2839,6,xor
2,1815,2084,2085,11,implied_by
2,1816,5998,5999,10,not_b
2,1817,1319,1320,3,a
2,1818,2182,2183,10,not_b
2,1819,920,921,12,not_a
2,1820,1520,1521,8,not_or
2,1821,4188,4189,7,or
2,1822,5196,5197,5,b
2,1823,2079,2080,10,not_b
2,1824,736,737,10,not_b
2,1825,22,23,5,b
2,1826,3049,3050,5,b
2,1827,3199,3200,5,b
2,1828,2453,2454,6,xor
2,1829,5594,5595,5,b
2,1830,4953,4954,10,not_b
2,1831,3945,3946,5,b
2,1832,1380,1381,14,not_and
2,1833,3280,3281,0,zero
2,1834,3032,3033,14,not_and
2,1835,3010,3011,12,not_a
2,1836,5692,5693,3,a
2,1837,3227,3228,2,not_implies
2,1838,3753,3754,6,xor
2,1839,2036,2037,13,implies
2,1840,5432,5433,2,not_implies
2,1841,2892,2893,11,implied_by
2,1842,2839,2840,13,implies
2,1843,3090,3091,7,or
2,1844,3581,3582,10,not_b
2,1845,5081,5082,9,not_xor
2,1846,4905,4906,1,and
2,1847,3423,3424,5,b
2,1848,5985,5986,9,not_xor
2,1849,1653,1654,12,not_a
2,1850,2197,2198,10,not_b
2,1851,2608,2609,11,implied_by
2,1852,626,627,6,xor
2,1853,725,726,5,b
2,1854,3276,3277,6,xor
2,1855,4491,4492,10,not_b
2,1856,308,309,4,not_implied_by
2,1857,41,42,9,not_xor
2,1858,4432,4433,6,xor
2,1859,4049,4050,6,xor
2,1860,5610,5611,5,b
2,1861,3892,3893,1,and
2,1862,4684,4685,6,xor
2,1863,4714,4715,1,and
2,1864,2356,2357,10,not_b
2,1865,5078,5079,3,a
2,1866,4619,4620,10,not_b
2,1867,5631,5632,6,xor
2,1868,4829,4830,6,xor
2,1869,2346,2347,1,and
2,1870,181,182,7,or
2,1871,3162,3163,10,not_b
2,1872,755,756,9,not_xor
2,1873,917,918,2,not_implies
2,1874,4374,4375,13,implies
2,1875,1378,1379,6,xor
2,1876,775,776,11,implied_by
2,1877,2026,2027,7,or
2,1878,2769,2770,8,not_or
2,1879,3722,3723,9,not_xor
2,1880,4971,4972,5,b
2,1881,4527,4528,12,not_a
2,1882,4844,4845,6,xor
2,1883,1152,1153,6,xor
2,1884,849,850,8,not_or
2,1885,204,205,3,a
2,1886,4551,4552,7,or
2,1887,3543,3544,6,xor
2,1888,4390,4391,13,implies
2,1889,4424,4425,5,b
2,1890,128,129,1,and
2,1891,3958,3959,10,not_b
2,1892,4393,4394,6,xor
2,1893,1404,1405,6,xor
2,1894,4813,4814,4,not_implied_by
2,1895,5670,5671,2,not_implies
2,1896,578,579,12,not_a
2,1897,5177,5178,5,b
2,1898,518,519,6,xor
2,1899,3118,3119,10,not_b
2,1900,3163,3164,0,zero
2,1901,5171,5172,1,and
2,1902,194,195,8,not_or
2,1903,2345,2346,14,not_and
2,1904,3403,3404,6,xor
2,1905,5653,5654,4,not_implied_by
2,1906,2172,2173,3,a
2,1907,2897,2898,11,implied_by
2,1908,5518,5519,4,not_implied_by
2,1909,4045,4046,4,not_implied_by
2,1910,3324,3325,6,xor
2,1911,5650,5651,4,not_implied_by
2,1912,2275,2276,2,not_implies
2,1913,1537,1538,1,and
2,1914,409,410,5,b
2,1915,5051,5052,10,not_b
2,1916,4720,4721,10,not_b
2,1917,3798,3799,10,not_b
2,1918,2956,2957,7,or
2,1919,2598,2599,13,implies
2,1920,2145,2146,9,not_xor
2,1921,2668,2669,6,xor
2,1922,3572,3573,10,not_b
2,1923,544,545,2,not_implies
2,1924,1076,1077,9,not_xor
2,1925,1087,1088,5,b
2,1926,1336,1337,11,implied_by
2,1927,2254,2255,0,zero
2,1928,4951,4952,6,xor
2,1929,2540,2541,13,implies
2,1930,5150,5151,10,not_b
2,1931,1103,1104,8,not_or
2,1932,448,449,12,not_a
2,1933,3894,3895,1,and
2,1934,1789,1790,9,not_xor
2,1935,2432,2433,12,not_a
2,1936,1604,1605,10,not_b
2,1937,2240,2241,11,implied_by
2,1938,2344,2345,7,or
2,1939,3627,3628,6,xor
2,1940,3833,3834,6,xor
2,1941,1338,1339,12,not_a
2,1942,2715,2716,0,zero
2,1943,2747,2748,1,and
2,1944,2711,2712,11,implied_by
2,1945,1820,1821,10,not_b
2,1946,4801,4802,2,not_implies
2,1947,4386,4387,7,or
2,1948,4668,4669,10,not_b
2,1949,364,365,12,not_a
2,1950,5601,5602,9,not_xor
2,1951,5780,5781,13,implies
2,1952,992,993,5,b
2,1953,3874,3875,8,not_or
2,1954,4502,4503,11,implied_by
2,1955,5823,5824,7,or
2,1956,2995,2996,5,b
2,1957,972,973,9,not_xor
2,1958,5312,5313,3,a
2,1959,5882,5883,9,not_xor
2,1960,599,600,14,not_and
2,1961,1244,1245,1,and
2,1962,3309,3310,9,not_xor
2,1963,57,58,4,not_implied_by
2,1964,2339,2340,5,b
2,1965,1718,1719,6,xor
2,1966,2459,2460,2,not_implies
2,1967,1555,1556,4,not_implied_by
2,1968,4629,4630,9,not_xor
2,1969,4291,4292,5,b
2,1970,4550,4551,12,not_a
2,1971,3668,3669,11,implied_by
2,1972,2141,2142,9,not_xor
2,1973,4230,4231,6,xor
2,1974,1416,1417,9,not_xor
2,1975,266,267,9,not_xor
2,1976,1355,1356,6,xor
2,1977,3347,3348,12,not_a
2,1978,1126,1127,7,or
2,1979,4048,4049,3,a
2,1980,2005,2006,7,or
2,1981,36,37,10,not_b
2,1982,4741,4742,5,b
2,1983,552,553,2,not_implies
2,1984,2313,2314,13,implies
2,1985,4582,4583,9,not_xor
2,1986,1466,1467,10,not_b
2,1987,4215,4216,13,implies
2,1988,3567,3568,1,and
2,1989,3755,3756,11,implied_by
2,1990,1715,1716,11,implied_by
2,1991,2768,2769,13,implies
2,1992,2219,2220,11,implied_by
2,1993,1714,1715,4,not_implied_by
2,1994,5170,5171,3,a
2,1995,903,904,6,xor
2,1996,2752,2753,6,xor
2,1997,3870,3871,11,implied_by
2,1998,506,507,5,b
2,1999,2062,2063,8,not_or
2,2000,2760,2761,5,b
2,2001,5242,5243,2,not_implies
2,2002,4779,4780,11,implied_by
2,2003,1551,1552,2,not_implies
2,2004,2618,2619,11,implied_by
2,2005,937,938,9,not_xor
2,2006,1636,1637,9,not_xor
2,2007,2829,2830,11,implied_by
2,2008,1499,1500,11,implied_by
2,2009,54,55,10,not_b
2,2010,5939,5940,7,or
2,2011,2323,2324,3,a
2,2012,5269,5270,10,not_b
2,2013,61,62,10,not_b
2,2014,4861,4862,7,or
2,2015,2274,2275,12,not_a
2,2016,3202,3203,5,b
2,2017,2797,2798,8,not_or
2,2018,2529,2530,9,not_xor
2,2019,5058,5059,12,not_a
2,2020,5905,5906,5,b
2,2021,3654,3655,10,not_b
2,2022,5404,5405,13,implies
2,2023,4087,4088,2,not_implies
2,2024,1483,1484,8,not_or
2,2025,3364,3365,12,not_a
2,2026,3624,3625,6,xor
2,2027,1422,1423,7,or
2,2028,1333,1334,8,not_or
2,2029,1706,1707,6,xor
2,2030,3541,3542,8,not_or
2,2031,4322,4323,12,not_a
2,2032,2676,2677,10,not_b
2,2033,5885,5886,5,b
2,2034,3784,3785,4,not_implied_by
2,2035,4713,4714,9,not_xor
2,2036,3507,3508,5,b
2,2037,3805,3806,9,not_xor
2,2038,1735,1736,12,not_a
2,2039,5110,5111,1,and
2,2040,4431,4432,3,a
2,2041,1193,1194,10,not_b
2,2042,919,920,14,not_and
2,2043,1270,1271,6,xor
2,2044,5143,5144,10,not_b
2,2045,358,359,14,not_and
2,2046,154,155,2,not_implies
2,2047,4376,4377,5,b
2,2048,2601,2602,12,not_a
2,2049,4070,4071,13,implies
2,2050,5693,5694,5,b
2,2051,1268,1269,9,not_xor
2,2052,2530,2531,3,a
2,2053,2203,2204,12,not_a
2,2054,3905,3906,6,xor
2,2055,4945,4946,13,implies
2,2056,3639,3640,10,not_b
2,2057,5310,5311,8,not_or
2,2058,1930,1931,14,not_and
2,2059,2207,2208,2,not_implies
2,2060,4363,4364,5,b
2,2061,4103,4104,13,implies
2,2062,4349,4350,2,not_implies
2,2063,4887,4888,11,implied_by
2,2064,1339,1340,12,not_a
2,2065,2276,2277,10,not_b
2,2066,3312,3313,9,not_xor
2,2067,5254,5255,3,a
2,2068,39,40,5,b
2,2069,4398,4399,6,xor
2,2070,1107,1108,8,not_or
2,2071,2011,2012,8,not_or
2,2072,3304,3305,9,not_xor
2,2073,3012,3013,1,and
2,2074,831,832,4,not_implied_by
2,2075,3371,3372,13,implies
2,2076,2091,2092,10,not_b
2,2077,1857,1858,12,not_a
2,2078,4272,4273,2,not_implies
2,2079,694,695,8,not_or
2,2080,227,228,1,and
2,2081,1180,1181,11,implied_by
2,2082,3282,3283,12,not_a
2,2083,546,547,6,xor
2,2084,1278,1279,3,a
2,2085,4595,4596,12,not_a
2,2086,3047,3048,7,or
2,2087,2593,2594,6,xor
2,2088,417,418,13,implies
2,2089,1586,1587,1,and
2,2090,4219,4220,2,not_implies
2,2091,5144,5145,10,not_b
2,2092,3662,3663,10,not_b
2,2093,5333,5334,7,or
2,2094,2227,2228,10,not_b
2,2095,1892,1893,5,b
2,2096,2320,2321,9,not_xor
2,2097,3740,3741,12,not_a
2,2098,3685,3686,13,implies
2,2099,5636,5637,5,b
2,2100,1063,1064,11,implied_by
2,2101,1593,1594,10,not_b
2,2102,1565,1566,12,not_a
2,2103,2258,2259,6,xor
2,2104,4640,4641,8,not_or
2,2105,3004,3005,11,implied_by
2,2106,576,577,15,one
2,2107,1044,1045,13,implies
2,2108,3190,3191,10,not_b
2,2109,1788,1789,7,or
2,2110,5790,5791,2,not_implies
2,2111,85,86,10,not_b
2,2112,3866,3867,12,not_a
2,2113,490,491,12,not_a
2,2114,895,896,14,not_and
2,2115,3484,3485,10,not_b
2,2116,4507,4508,7,or
2,2117,391,392,14,not_and
2,2118,784,785,1,and
2,2119,456,457,12,not_a
2,2120,5069,5070,14,not_and
2,2121,4110,4111,10,not_b
2,2122,1683,1684,3,a
2,2123,60,61,3,a
2,2124,1334,1335,14,not_and
2,2125,4959,4960,6,xor
2,2126,4060,4061,9,not_xor
2,2127,629,630,9,not_xor
2,2128,3076,3077,13,implies
2,2129,5203,5204,5,b
2,2130,5809,5810,6,xor
2,2131,5046,5047,3,a
2,2132,1750,1751,6,xor
2,2133,26,27,5,b
2,2134,541,542,9,not_xor
2,2135,3978,3979,9,not_xor
2,2136,4343,4344,9,not_xor
2,2137,1770,1771,2,not_implies
2,2138,5127,5128,11,implied_by
2,2139,3636,3637,5,b
2,2140,1909,1910,1,and
2,2141,5087,5088,3,a
2,2142,1375,1376,5,b
2,2143,1907,1908,6,xor
2,2144,1527,1528,1,and
2,2145,4425,4426,9,not_xor
2,2146,5109,5110,11,implied_by
2,2147,5466,5467,3,a
2,2148,3773,3774,10,not_b
2,2149,926,927,10,not_b
2,2150,2670,2671,7,or
2,2151,5543,5544,3,a
2,2152,5956,5957,9,not_xor
2,2153,4571,4572,13,implies
2,2154,1304,1305,3,a
2,2155,533,534,9,not_xor
2,2156,4751,4752,14,not_and
2,2157,1834,1835,1,and
2,2158,4981,4982,5,b
2,2159,3834,3835,1,and
2,2160,35,36,12,not_a
2,2161,2936,2937,10,not_b
2,2162,5136,5137,9,not_xor
2,2163,1013,1014,6,xor
2,2164,1837,1838,8,not_or
2,2165,1155,1156,11,implied_by
2,2166,624,625,10,not_b
2,2167,1730,1731,9,not_xor
2,2168,5340,5341,15,one
2,2169,5236,5237,6,xor
2,2170,2869,2870,12,not_a
2,2171,1285,1286,2,not_implies
2,2172,3494,3495,10,not_b
2,2173,3461,3462,12,not_a
2,2174,1400,1401,6,xor
2,2175,3108,3109,8,not_or
2,2176,5174,5175,4,not_implied_by
2,2177,4769,4770,12,not_a
2,2178,1426,1427,9,not_xor
2,2179,3431,3432,14,not_and
2,2180,2899,2900,2,not_implies
2,2181,4926,4927,6,xor
2,2182,1737,1738,9,not_xor
2,2183,988,989,3,a
2,2184,3676,3677,6,xor
2,2185,3696,3697,4,not_implied_by
2,2186,5752,5753,14,not_and
2,2187,665,666,12,not_a
2,2188,3273,3274,8,not_or
2,2189,3456,3457,9,not_xor
2,2190,288,289,12,not_a
2,2191,5781,5782,11,implied_by
2,2192,4112,4113,2,not_implies
2,2193,817,818,13,implies
2,2194,4853,4854,3,a
2,2195,1012,1013,6,xor
2,2196,88,89,14,not_and
2,2197,5060,5061,6,xor
2,2198,5159,5160,4,not_implied_by
2,2199,2998,2999,7,or
2,2200,4182,4183,11,implied_by
2,2201,835,836,11,implied_by
2,2202,3366,3367,13,implies
2,2203,2511,2512,2,not_implies
2,2204,2115,2116,6,xor
2,2205,4958,4959,14,not_and
2,2206,4740,4741,5,b
2,2207,653,654,2,not_implies
2,2208,4570,4571,6,xor
2,2209,1689,1690,9,not_xor
2,2210,2233,2234,6,xor
2,2211,818,819,12,not_a
2,2212,3245,3246,9,not_xor
2,2213,2612,2613,6,xor
2,2214,588,589,7,or
2,2215,4236,4237,5,b
2,2216,5592,5593,12,not_a
2,2217,3296,3297,8,not_or
2,2218,5536,5537,13,implies
2,2219,2534,2535,6,xor
2,2220,3045,3046,8,not_or
2,2221,870,871,6,xor
2,2222,3630,3631,12,not_a
2,2223,407,408,13,implies
2,2224,4068,4069,5,b
2,2225,97,98,1,and
2,2226,5080,5081,6,xor
2,2227,1639,1640,6,xor
2,2228,5105,5106,3,a
2,2229,5016,5017,12,not_a
2,2230,582,583,12,not_a
2,2231,3407,3408,3,a
2,2232,1377,1378,5,b
2,2233,294,295,12,not_a
2,2234,4201,4202,9,not_xor
2,2235,2329,2330,2,not_implies
2,2236,3477,3478,1,and
2,2237,700,701,5,b
2,2238,3917,3918,6,xor
2,2239,5045,5046,6,xor
2,2240,4132,4133,9,not_xor
2,2241,3854,3855,8,not_or
2,2242,5876,5877,8,not_or
2,2243,507,508,6,xor
2,2244,5491,5492,6,xor
2,2245,3151,3152,11,implied_by
2,2246,4552,4553,5,b
2,2247,1039,1040,8,not_or
2,2248,1288,1289,5,b
2,2249,1235,1236,11,implied_by
2,2250,3513,3514,13,implies
2,2251,4563,4564,13,implies
2,2252,2051,2052,7,or
2,2253,2184,2185,11,implied_by
2,2254,1057,1058,14,not_and
2,2255,753,754,6,xor
2,2256,2190,2191,9,not_xor
2,2257,1256,1257,3,a
2,2258,2234,2235,6,xor
2,2259,5688,5689,12,not_a
2,2260,5198,5199,2,not_implies
2,2261,2512,2513,10,not_b
2,2262,3184,3185,2,not_implies
2,2263,3879,3880,3,a
2,2264,3020,3021,12,not_a
2,2265,4694,4695,4,not_implied_by
2,2266,2992,2993,5,b
2,2267,2611,2612,6,xor
2,2268,4845,4846,13,implies
2,2269,2159,2160,12,not_a
2,2270,3649,3650,12,not_a
2,2271,3155,3156,12,not_a
2,2272,1746,1747,13,implies
2,2273,4354,4355,14,not_and
2,2274,1859,1860,5,b
2,2275,3597,3598,7,or
2,2276,938,939,8,not_or
2,2277,3214,3215,12,not_a
2,2278,3566,3567,10,not_b
2,2279,4749,4750,11,implied_by
2,2280,4265,4266,3,a
2,2281,445,446,6,xor
2,2282,2652,2653,6,xor
2,2283,2749,2750,9,not_xor
2,2284,5566,5567,1,and
2,2285,2796,2797,11,implied_by
2,2286,4255,4256,1,and
2,2287,1605,1606,8,not_or
2,2288,2520,2521,13,implies
2,2289,205,206,10,not_b
2,2290,1091,1092,2,not_implies
2,2291,4055,4056,6,xor
2,2292,292,293,8,not_or
2,2293,2481,2482,9,not_xor
2,2294,4111,4112,12,not_a
2,2295,261,262,0,zero
2,2296,1611,1612,4,not_implied_by
2,2297,3646,3647,11,implied_by
2,2298,4856,4857,6,xor
2,2299,1068,1069,2,not_implies
2,2300,433,434,9,not_xor
2,2301,3466,3467,6,xor
2,2302,1566,1567,4,not_implied_by
2,2303,1119,1120,5,b
2,2304,1249,1250,6,xor
2,2305,636,637,14,not_and
2,2306,1740,1741,5,b
2,2307,3946,3947,6,xor
2,2308,1810,1811,5,b
2,2309,451,452,12,not_a
2,2310,1550,1551,1,and
2,2311,3,4,14,not_and
2,2312,1542,1543,12,not_a
2,2313,3768,3769,8,not_or
2,2314,2695,2696,10,not_b
2,2315,2371,2372,8,not_or
2,2316,465,466,4,not_implied_by
2,2317,1809,1810,10,not_b
2,2318,4385,4386,10,not_b
2,2319,3957,3958,9,not_xor
2,2320,2343,2344,9,not_xor
2,2321,660,661,5,b
2,2322,2677,2678,2,not_implies
2,2323,5569,5570,1,and
2,2324,494,495,5,b
2,2325,2468,2469,2,not_implies
2,2326,4644,4645,6,xor
2,2327,3883,3884,12,not_a
2,2328,312,313,9,not_xor
2,2329,2060,2061,14,not_and
2,2330,1166,1167,3,a
2,2331,788,789,6,xor
2,2332,298,299,1,and
2,2333,2894,2895,6,xor
2,2334,4855,4856,5,b
2,2335,1329,1330,9,not_xor
2,2336,3378,3379,11,implied_by
2,2337,4719,4720,2,not_implies
2,2338,1322,1323,8,not_or
2,2339,4168,4169,7,or
2,2340,4339,4340,10,not_b
2,2341,1760,1761,12,not_a
2,2342,4946,4947,1,and
2,2343,4613,4614,14,not_and
2,2344,5883,5884,6,xor
2,2345,934,935,11,implied_by
2,2346,1019,1020,5,b
2,2347,5764,5765,3,a
2,2348,4732,4733,9,not_xor
2,2349,69,70,5,b
2,2350,2364,2365,4,not_implied_by
2,2351,3117,3118,9,not_xor
2,2352,3424,3425,13,implies
2,2353,958,959,7,or
2,2354,3748,3749,4,not_implied_by
2,2355,2421,2422,12,not_a
2,2356,2178,2179,8,not_or
2,2357,3281,3282,9,not_xor
2,2358,3577,3578,8,not_or
2,2359,1769,1770,2,not_implies
2,2360,4690,4691,11,implied_by
2,2361,5309,5310,7,or
2,2362,1158,1159,10,not_b
2,2363,1756,1757,2,not_implies
2,2364,4525,4526,3,a
2,2365,3746,3747,1,and
2,2366,1528,1529,14,not_and
2,2367,3962,3963,15,one
2,2368,4059,4060,12,not_a
2,2369,4344,4345,7,or
2,2370,2658,2659,11,implied_by
2,2371,3865,3866,12,not_a
2,2372,5539,5540,5,b
2,2373,3674,3675,7,or
2,2374,244,245,7,or
2,2375,1829,1830,10,not_b
2,2376,757,758,5,b
2,2377,1321,1322,2,not_implies
2,2378,874,875,11,implied_by
2,2379,3708,3709,13,implies
2,2380,4093,4094,11,implied_by
2,2381,4692,4693,6,xor
2,2382,4286,4287,3,a
2,2383,4851,4852,1,and
2,2384,468,469,5,b
2,2385,3241,3242,12,not_a
2,2386,3763,3764,13,implies
2,2387,3048,3049,4,not_implied_by
2,2388,2242,2243,7,or
2,2389,1477,1478,6,xor
2,2390,3187,3188,10,not_b
2,2391,5427,5428,6,xor
2,2392,1053,1054,10,not_b
2,2393,5596,5597,3,a
2,2394,4120,4121,4,not_implied_by
2,2395,5308,5309,6,xor
2,2396,2483,2484,8,not_or
2,2397,4566,4567,8,not_or
2,2398,131,132,5,b
2,2399,392,393,10,not_b
2,2400,1116,1117,7,or
2,2401,58,59,6,xor
2,2402,4665,4666,6,xor
2,2403,821,822,5,b
2,2404,4290,4291,7,or
2,2405,1317,1318,4,not_implied_by
2,2406,709,710,10,not_b
2,2407,2168,2169,10,not_b
2,2408,2042,2043,3,a
2,2409,1357,1358,9,not_xor
2,2410,4220,4221,1,and
2,2411,3909,3910,10,not_b
2,2412,537,538,8,not_or
2,2413,1864,1865,5,b
2,2414,3693,3694,13,implies
2,2415,2609,2610,2,not_implies
2,2416,3914,3915,1,and
2,2417,3965,3966,7,or
2,2418,4172,4173,8,not_or
2,2419,4009,4010,10,not_b
2,2420,5243,5244,6,xor
2,2421,4833,4834,10,not_b
2,2422,1599,1600,14,not_and
2,2423,3476,3477,3,a
2,2424,2205,2206,10,not_b
2,2425,2123,2124,7,or
2,2426,4997,4998,1,and
2,2427,5234,5235,7,or
2,2428,1875,1876,9,not_xor
2,2429,5560,5561,14,not_and
2,2430,4562,4563,8,not_or
2,2431,4283,4284,8,not_or
2,2432,4407,4408,12,not_a
2,2433,3009,3010,7,or
2,2434,5107,5108,6,xor
2,2435,1312,1313,5,b
2,2436,5981,5982,3,a
2,2437,5622,5623,11,implied_by
2,2438,2165,2166,1,and
2,2439,214,215,0,zero
2,2440,4443,4444,12,not_a
2,2441,2363,2364,13,implies
2,2442,1997,1998,11,implied_by
2,2443,3060,3061,6,xor
2,2444,1335,1336,12,not_a
2,2445,3274,3275,5,b
2,2446,855,856,8,not_or
2,2447,2434,2435,2,not_implies
2,2448,5218,5219,9,not_xor
2,2449,123,124,3,a
2,2450,4516,4517,14,not_and
2,2451,1202,1203,9,not_xor
2,2452,2621,2622,9,not_xor
2,2453,193,194,4,not_implied_by
2,2454,4263,4264,8,not_or
2,2455,4661,4662,5,b
2,2456,42,43,9,not_xor
2,2457,2856,2857,14,not_and
2,2458,2891,2892,8,not_or
2,2459,447,448,5,b
2,2460,3046,3047,0,zero
2,2461,1051,1052,8,not_or
2,2462,644,645,12,not_a
2,2463,1046,1047,4,not_implied_by
2,2464,5436,5437,2,not_implies
2,2465,4404,4405,3,a
2,2466,3527,3528,5,b
2,2467,1356,1357,10,not_b
2,2468,3144,3145,5,b
2,2469,1198,1199,14,not_and
2,2470,2400,2401,6,xor
2,2471,469,470,10,not_b
2,2472,4114,4115,2,not_implies
2,2473,5494,5495,4,not_implied_by
2,2474,5424,5425,3,a
2,2475,5379,5380,5,b
2,2476,2328,2329,6,xor
2,2477,5966,5967,10,not_b
2,2478,4648,4649,4,not_implied_by
2,2479,2186,2187,9,not_xor
2,2480,706,707,4,not_implied_by
2,2481,4361,4362,6,xor
2,2482,3289,3290,11,implied_by
2,2483,2311,2312,14,not_and
2,2484,2216,2217,9,not_xor
2,2485,3326,3327,3,a
2,2486,4402,4403,4,not_implied_by
2,2487,104,105,8,not_or
2,2488,1344,1345,12,not_a
2,2489,3721,3722,4,not_implied_by
2,2490,1887,1888,9,not_xor
2,2491,2536,2537,8,not_or
2,2492,2808,2809,7,or
2,2493,4260,4261,7,or
2,2494,3073,3074,3,a
2,2495,68,69,12,not_a
2,2496,2427,2428,3,a
2,2497,4196,4197,5,b
2,2498,2649,2650,6,xor
2,2499,1252,1253,9,not_xor
2,2500,4158,4159,7,or
2,2501,1512,1513,2,not_implies
2,2502,5439,5440,9,not_xor
2,2503,1815,1816,5,b
2,2504,1419,1420,10,not_b
2,2505,3595,3596,10,not_b
2,2506,2047,2048,9,not_xor
2,2507,4545,4546,3,a
2,2508,503,504,5,b
2,2509,4594,4595,5,b
2,2510,760,761,5,b
2,2511,4421,4422,12,not_a
2,2512,572,573,14,not_and
2,2513,4876,4877,7,or
2,2514,1652,1653,9,not_xor
2,2515,2551,2552,1,and
2,2516,4482,4483,11,implied_by
2,2517,1109,1110,6,xor
2,2518,5453,5454,6,xor
2,2519,301,302,14,not_and
2,2520,286,287,12,not_a
2,2521,231,232,4,not_implied_by
2,2522,3525,3526,14,not_and
2,2523,38,39,3,a
2,2524,1855,1856,9,not_xor
2,2525,2287,2288,9,not_xor
2,2526,729,730,12,not_a
2,2527,4580,4581,1,and
2,2528,4805,4806,10,not_b
2,2529,2022,2023,13,implies
2,2530,5599,5600,1,and
2,2531,4170,4171,2,not_implies
2,2532,5572,5573,1,and
2,2533,5267,5268,8,not_or
2,2534,5897,5898,12,not_a
2,2535,893,894,6,xor
2,2536,1802,1803,5,b
2,2537,3512,3513,10,not_b
2,2538,1780,1781,11,implied_by
2,2539,5620,5621,3,a
2,2540,654,655,5,b
2,2541,2570,2571,11,implied_by
2,2542,5137,5138,5,b
2,2543,478,479,14,not_and
2,2544,5526,5527,8,not_or
2,2545,444,445,13,implies
2,2546,5166,5167,12,not_a
2,2547,4266,4267,3,a
2,2548,553,554,12,not_a
2,2549,4150,4151,5,b
2,2550,5936,5937,7,or
2,2551,4670,4671,8,not_or
2,2552,4225,4226,2,not_implies
2,2553,2333,2334,1,and
2,2554,2153,2154,2,not_implies
2,2555,5632,5633,5,b
2,2556,4705,4706,6,xor
2,2557,2864,2865,13,implies
2,2558,5864,5865,12,not_a
2,2559,4307,4308,13,implies
2,2560,787,788,9,not_xor
2,2561,5141,5142,9,not_xor
2,2562,5326,5327,14,not_and
2,2563,500,501,5,b
2,2564,912,913,9,not_xor
2,2565,3294,3295,12,not_a
2,2566,4005,4006,3,a
2,2567,5967,5968,7,or
2,2568,3728,3729,3,a
2,2569,3814,3815,9,not_xor
2,2570,1792,1793,5,b
2,2571,234,235,12,not_a
2,2572,3497,3498,1,and
2,2573,1084,1085,12,not_a
2,2574,4213,4214,12,not_a
2,2575,2446,2447,5,b
2,2576,2911,2912,12,not_a
2,2577,4326,4327,6,xor
2,2578,1399,1400,5,b
2,2579,1800,1801,6,xor
2,2580,3342,3343,5,b
2,2581,5732,5733,3,a
2,2582,202,203,3,a
2,2583,5965,5966,13,implies
2,2584,781,782,14,not_and
2,2585,5570,5571,5,b
2,2586,4575,4576,5,b
2,2587,2135,2136,12,not_a
2,2588,93,94,5,b
2,2589,5667,5668,10,not_b
2,2590,5739,5740,13,implies
2,2591,3856,3857,3,a
2,2592,4224,4225,12,not_a
2,2593,763,764,13,implies
2,2594,793,794,6,xor
2,2595,5554,5555,10,not_b
2,2596,555,556,12,not_a
2,2597,498,499,12,not_a
2,2598,2017,2018,1,and
2,2599,3918,3919,10,not_b
2,2600,3318,3319,5,b
2,2601,1300,1301,5,b
2,2602,5252,5253,4,not_implied_by
2,2603,910,911,8,not_or
2,2604,2482,2483,1,and
2,2605,4678,4679,8,not_or
2,2606,5031,5032,6,xor
2,2607,4830,4831,11,implied_by
2,2608,3157,3158,12,not_a
2,2609,4585,4586,2,not_implies
2,2610,3006,3007,11,implied_by
2,2611,5283,5284,4,not_implied_by
2,2612,2708,2709,6,xor
2,2613,3648,3649,13,implies
2,2614,672,673,4,not_implied_by
2,2615,1162,1163,6,xor
2,2616,2090,2091,12,not_a
2,2617,2303,2304,8,not_or
2,2618,124,125,11,implied_by
2,2619,4095,4096,1,and
2,2620,4092,4093,6,xor
2,2621,1219,1220,6,xor
2,2622,3265,3266,6,xor
2,2623,508,509,2,not_implies
2,2624,2336,2337,3,a
2,2625,1444,1445,6,xor
2,2626,1263,1264,2,not_implies
2,2627,5217,5218,6,xor
2,2628,4729,4730,4,not_implied_by
2,2629,2054,2055,3,a
2,2630,2692,2693,8,not_or
2,2631,2128,2129,9,not_xor
2,2632,291,292,14,not_and
2,2633,2879,2880,10,not_b
2,2634,4927,4928,9,not_xor
2,2635,3448,3449,12,not_a
2,2636,3695,3696,4,not_implied_by
2,2637,5923,5924,12,not_a
2,2638,5502,5503,12,not_a
2,2639,3732,3733,1,and
2,2640,1160,1161,6,xor
2,2641,5984,5985,7,or
2,2642,5771,5772,6,xor
2,2643,5695,5696,7,or
2,2644,4411,4412,11,implied_by
2,2645,3510,3511,13,implies
2,2646,3327,3328,11,implied_by
2,2647,5128,5129,3,a
2,2648,431,432,10,not_b
2,2649,2149,2150,5,b
2,2650,1028,1029,6,xor
2,2651,5142,5143,3,a
2,2652,5447,5448,4,not_implied_by
2,2653,492,493,6,xor
2,2654,2438,2439,12,not_a
2,2655,2281,2282,8,not_or
2,2656,3840,3841,15,one
2,2657,5827,5828,14,not_and
2,2658,5849,5850,6,xor
2,2659,4664,4665,6,xor
2,2660,156,157,12,not_a
2,2661,345,346,11,implied_by
2,2662,3232,3233,11,implied_by
2,2663,5496,5497,12,not_a
2,2664,16,17,1,and
2,2665,2592,2593,10,not_b
2,2666,5207,5208,9,not_xor
2,2667,1,2,12,not_a
2,2668,947,948,5,b
2,2669,4647,4648,4,not_implied_by
2,2670,3107,3108,7,or
2,2671,4635,4636,13,implies
2,2672,1467,1468,3,a
2,2673,2277,2278,9,not_xor
2,2674,4205,4206,10,not_b
2,2675,2458,2459,5,b
2,2676,4744,4745,5,b
2,2677,2466,2467,14,not_and
2,2678,3887,3888,11,implied_by
2,2679,2588,2589,11,implied_by
2,2680,4812,4813,11,implied_by
2,2681,637,638,2,not_implies
2,2682,2484,2485,12,not_a
2,2683,4021,4022,11,implied_by
2,2684,1253,1254,2,not_implies
2,2685,5350,5351,4,not_implied_by
2,2686,5517,5518,14,not_and
2,2687,3478,3479,4,not_implied_by
2,2688,4340,4341,5,b
2,2689,5384,5385,2,not_implies
2,2690,71,72,9,not_xor
2,2691,1587,1588,7,or
2,2692,5921,5922,11,implied_by
2,2693,5123,5124,12,not_a
2,2694,2562,2563,5,b
2,2695,3799,3800,13,implies
2,2696,2887,2888,5,b
2,2697,4227,4228,6,xor
2,2698,114,115,9,not_xor
2,2699,3292,3293,4,not_implied_by
2,2700,5220,5221,3,a
2,2701,1199,1200,13,implies
2,2702,3113,3114,8,not_or
2,2703,5158,5159,9,not_xor
2,2704,5637,5638,2,not_implies
2,2705,1409,1410,2,not_implies
2,2706,1176,1177,3,a
2,2707,5462,5463,4,not_implied_by
2,2708,3492,3493,1,and
2,2709,2900,2901,9,not_xor
2,2710,716,717,12,not_a
2,2711,1362,1363,14,not_and
2,2712,1880,1881,5,b
2,2713,4184,4185,5,b
2,2714,5761,5762,13,implies
2,2715,403,404,5,b
2,2716,5531,5532,13,implies
2,2717,1497,1498,3,a
2,2718,2385,2386,10,not_b
2,2719,4696,4697,6,xor
2,2720,3122,3123,9,not_xor
2,2721,4712,4713,12,not_a
2,2722,3982,3983,9,not_xor
2,2723,805,806,5,b
2,2724,2717,2718,1,and
2,2725,480,481,8,not_or
2,2726,5710,5711,7,or
2,2727,5748,5749,10,not_b
2,2728,2237,2238,6,xor
2,2729,5213,5214,11,implied_by
2,2730,414,415,5,b
2,2731,5240,5241,11,implied_by
2,2732,881,882,12,not_a
2,2733,4884,4885,12,not_a
2,2734,3438,3439,4,not_implied_by
2,2735,3248,3249,1,and
2,2736,10,11,10,not_b
2,2737,3329,3330,4,not_implied_by
2,2738,1766,1767,12,not_a
2,2739,1954,1955,6,xor
2,2740,2756,2757,6,xor
2,2741,19,20,12,not_a
2,2742,5874,5875,6,xor
2,2743,1741,1742,12,not_a
2,2744,1781,1782,1,and
2,2745,3976,3977,6,xor
2,2746,861,862,7,or
2,2747,3726,3727,5,b
2,2748,105,106,0,zero
2,2749,3932,3933,6,xor
2,2750,454,455,2,not_implies
2,2751,2661,2662,13,implies
2,2752,3981,3982,9,not_xor
2,2753,411,412,5,b
2,2754,2259,2260,12,not_a
2,2755,727,728,6,xor
2,2756,2436,2437,6,xor
2,2757,4466,4467,8,not_or
2,2758,5877,5878,6,xor
2,2759,3286,3287,14,not_and
2,2760,368,369,11,implied_by
2,2761,4771,4772,7,or
2,2762,4475,4476,12,not_a
2,2763,2068,2069,12,not_a
2,2764,2674,2675,5,b
2,2765,2132,2133,5,b
2,2766,592,593,3,a
2,2767,4961,4962,6,xor
2,2768,3287,3288,3,a
2,2769,3402,3403,5,b
2,2770,2133,2134,10,not_b
2,2771,3216,3217,3,a
2,2772,839,840,10,not_b
2,2773,2249,2250,14,not_and
2,2774,4646,4647,10,not_b
2,2775,5656,5657,12,not_a
2,2776,5734,5735,5,b
2,2777,1097,1098,11,implied_by
2,2778,4972,4973,8,not_or
2,2779,693,694,5,b
2,2780,2382,2383,9,not_xor
2,2781,5449,5450,6,xor
2,2782,539,540,3,a
2,2783,690,691,7,or
2,2784,3148,3149,5,b
2,2785,5482,5483,11,implied_by
2,2786,738,739,12,not_a
2,2787,5167,5168,10,not_b
2,2788,2367,2368,7,or
2,2789,948,949,12,not_a
2,2790,4062,4063,5,b
2,2791,5059,5060,6,xor
2,2792,1006,1007,10,not_b
2,2793,5478,5479,6,xor
2,2794,44,45,5,b
2,2795,3997,3998,5,b
2,2796,3632,3633,6,xor
2,2797,5715,5716,8,not_or
2,2798,1090,1091,9,not_xor
2,2799,4118,4119,1,and
2,2800,1625,1626,10,not_b
2,2801,2831,2832,11,implied_by
2,2802,487,488,9,not_xor
2,2803,5865,5866,6,xor
2,2804,4607,4608,14,not_and
2,2805,3623,3624,13,implies
2,2806,3987,3988,7,or
2,2807,3071,3072,9,not_xor
2,2808,268,269,5,b
2,2809,3168,3169,2,not_implies
2,2810,1185,1186,10,not_b
2,2811,4300,4301,8,not_or
2,2812,940,941,10,not_b
2,2813,223,224,7,or
2,2814,2841,2842,7,or
2,2815,3467,3468,13,implies
2,2816,5209,5210,9,not_xor
2,2817,3930,3931,12,not_a
2,2818,2770,2771,6,xor
2,2819,3253,3254,12,not_a
2,2820,3678,3679,4,not_implied_by
2,2821,4822,4823,2,not_implies
2,2822,5068,5069,7,or
2,2823,1525,1526,6,xor
2,2824,1374,1375,6,xor
2,2825,2758,2759,8,not_or
2,2826,393,394,1,and
2,2827,240,241,9,not_xor
2,2828,271,272,10,not_b
2,2829,809,810,6,xor
2,2830,2015,2016,1,and
2,2831,4603,4604,11,implied_by
2,2832,4631,4632,10,not_b
2,2833,5579,5580,14,not_and
2,2834,4869,4870,13,implies
2,2835,1301,1302,4,not_implied_by
2,2836,2722,2723,12,not_a
2,2837,5181,5182,8,not_or
2,2838,5251,5252,6,xor
2,2839,4642,4643,10,not_b
2,2840,5149,5150,7,or
2,2841,5104,5105,3,a
2,2842,2740,2741,6,xor
2,2843,3197,3198,8,not_or
2,2844,3783,3784,10,not_b
2,2845,1352,1353,6,xor
2,2846,1492,1493,7,or
2,2847,3570,3571,7,or
2,2848,2946,2947,2,not_implies
2,2849,5039,5040,9,not_xor
2,2850,1306,1307,9,not_xor
2,2851,5648,5649,7,or
2,2852,5331,5332,14,not_and
2,2853,951,952,3,a
2,2854,5411,5412,6,xor
2,2855,4467,4468,12,not_a
2,2856,2613,2614,10,not_b
2,2857,3428,3429,9,not_xor
2,2858,52,53,13,implies
2,2859,2286,2287,9,not_xor
2,2860,5719,5720,1,and
2,2861,678,679,10,not_b
2,2862,3054,3055,11,implied_by
2,2863,3239,3240,5,b
2,2864,4770,4771,9,not_xor
2,2865,1490,1491,10,not_b
2,2866,702,703,8,not_or
2,2867,3716,3717,10,not_b
2,2868,2499,2500,12,not_a
2,2869,4493,4494,9,not_xor
2,2870,296,297,6,xor
2,2871,4820,4821,5,b
2,2872,2543,2544,9,not_xor
2,2873,1721,1722,9,not_xor
2,2874,4789,4790,5,b
2,2875,3121,3122,10,not_b
2,2876,1216,1217,8,not_or
2,2877,2806,2807,9,not_xor
2,2878,5929,5930,12,not_a
2,2879,336,337,9,not_xor
2,2880,5470,5471,7,or
2,2881,424,425,3,a
2,2882,5968,5969,10,not_b
2,2883,754,755,3,a
2,2884,568,569,7,or
2,2885,3831,3832,13,implies
2,2886,4965,4966,8,not_or
2,2887,2710,2711,2,not_implies
2,2888,5344,5345,3,a
2,2889,4717,4718,5,b
2,2890,2196,2197,6,xor
2,2891,1687,1688,9,not_xor
2,2892,81,82,8,not_or
2,2893,3613,3614,1,and
2,2894,4669,4670,10,not_b
2,2895,5343,5344,9,not_xor
2,2896,1620,1621,6,xor
2,2897,3007,3008,15,one
2,2898,5124,5125,6,xor
2,2899,2733,2734,2,not_implies
2,2900,930,931,12,not_a
2,2901,566,567,11,implied_by
2,2902,2113,2114,7,or
2,2903,2386,2387,5,b
2,2904,3138,3139,6,xor
2,2905,4192,4193,10,not_b
2,2906,2689,2690,4,not_implied_by
2,2907,5062,5063,2,not_implies
2,2908,1814,1815,3,a
2,2909,4687,4688,11,implied_by
2,2910,5445,5446,5,b
2,2911,2506,2507,9,not_xor
2,2912,2162,2163,1,and
2,2913,3606,3607,9,not_xor
2,2914,2657,2658,6,xor
2,2915,4299,4300,12,not_a
2,2916,3104,3105,6,xor
2,2917,2774,2775,7,or
2,2918,2462,2463,2,not_implies
2,2919,3406,3407,6,xor
2,2920,2564,2565,6,xor
2,2921,4956,4957,4,not_implied_by
2,2922,5953,5954,5,b
2,2923,3445,3446,3,a
2,2924,1480,1481,11,implied_by
2,2925,3458,3459,6,xor
2,2926,3142,3143,9,not_xor
2,2927,1462,1463,12,not_a
2,2928,3528,3529,2,not_implies
2,2929,3164,3165,1,and
2,2930,4025,4026,9,not_xor
2,2931,5289,5290,9,not_xor
2,2932,721,722,4,not_implied_by
2,2933,1164,1165,9,not_xor
2,2934,5012,5013,12,not_a
2,2935,4868,4869,14,not_and
2,2936,3787,3788,2,not_implies
2,2937,616,617,7,or
2,2938,3520,3521,14,not_and
2,2939,1745,1746,6,xor
2,2940,4973,4974,6,xor
2,2941,5176,5177,4,not_implied_by
2,2942,3325,3326,1,and
2,2943,290,291,6,xor
2,2944,2369,2370,5,b
2,2945,3657,3658,4,not_implied_by
2,2946,1923,1924,4,not_implied_by
2,2947,5818,5819,1,and
2,2948,4532,4533,11,implied_by
2,2949,1149,1150,9,not_xor
2,2950,5380,5381,12,not_a
2,2951,2934,2935,2,not_implies
2,2952,1522,1523,5,b
2,2953,4679,4680,4,not_implied_by
2,2954,4472,4473,9,not_xor
2,2955,4097,4098,10,not_b
2,2956,3180,3181,1,and
2,2957,2347,2348,1,and
2,2958,5509,5510,8,not_or
2,2959,4807,4808,6,xor
2,2960,3025,3026,2,not_implies
2,2961,385,386,2,not_implies
2,2962,2380,2381,3,a
2,2963,3116,3117,3,a
2,2964,1546,1547,7,or
2,2965,4429,4430,10,not_b
2,2966,2445,2446,9,not_xor
2,2967,1584,1585,10,not_b
2,2968,1408,1409,12,not_a
2,2969,3475,3476,12,not_a
2,2970,1513,1514,9,not_xor
2,2971,1026,1027,11,implied_by
2,2972,3692,3693,13,implies
2,2973,1488,1489,12,not_a
2,2974,1011,1012,3,a
2,2975,3725,3726,12,not_a
2,2976,5868,5869,8,not_or
2,2977,4743,4744,13,implies
2,2978,513,514,9,not_xor
2,2979,3975,3976,6,xor
2,2980,369,370,12,not_a
2,2981,4109,4110,10,not_b
2,2982,4042,4043,9,not_xor
2,2983,2623,2624,1,and
2,2984,1975,1976,5,b
2,2985,2217,2218,10,not_b
2,2986,5232,5233,4,not_implied_by
2,2987,5728,5729,7,or
2,2988,377,378,1,and
2,2989,1182,1183,10,not_b
2,2990,3463,3464,12,not_a
2,2991,4673,4674,6,xor
2,2992,4373,4374,12,not_a
2,2993,868,869,7,or
2,2994,5025,5026,9,not_xor
2,2995,2452,2453,9,not_xor
2,2996,1326,1327,3,a
2,2997,2251,2252,4,not_implied_by
2,2998,4138,4139,8,not_or
2,2999,4969,4970,8,not_or
2,3000,1628,1629,12,not_a
2,3001,3942,3943,14,not_and
2,3002,4065,4066,2,not_implies
2,3003,2881,2882,8,not_or
2,3004,305,306,9,not_xor
2,3005,4412,4413,3,a
2,3006,303,304,7,or
2,3007,1518,1519,5,b
2,3008,5403,5404,9,not_xor
2,3009,3851,3852,11,implied_by
2,3010,899,900,2,not_implies
2,3011,3453,3454,12,not_a
2,3012,1310,1311,9,not_xor
2,3013,1140,1141,12,not_a
2,3014,5274,5275,9,not_xor
2,3015,1592,1593,6,xor
2,3016,1364,1365,9,not_xor
2,3017,1425,1426,6,xor
2,3018,1289,1290,3,a
2,3019,2725,2726,3,a
2,3020,5352,5353,5,b
2,3021,2500,2501,12,not_a
2,3022,772,773,5,b
2,3023,5612,5613,5,b
2,3024,2289,2290,2,not_implies
2,3025,2694,2695,2,not_implies
2,3026,5438,5439,3,a
2,3027,75,76,9,not_xor
2,3028,2824,2825,6,xor
2,3029,2089,2090,5,b
2,3030,168,169,12,not_a
2,3031,4189,4190,4,not_implied_by
2,3032,2376,2377,6,xor
2,3033,1034,1035,2,not_implies
2,3034,2510,2511,7,or
2,3035,4733,4734,8,not_or
2,3036,2138,2139,1,and
2,3037,5831,5832,1,and
2,3038,5718,5719,6,xor
2,3039,764,765,1,and
2,3040,2124,2125,8,not_or
2,3041,3498,3499,5,b
2,3042,5076,5077,6,xor
2,3043,2399,2400,8,not_or
2,3044,2790,2791,8,not_or
2,3045,5571,5572,3,a
2,3046,4546,4547,6,xor
2,3047,3295,3296,1,and
2,3048,366,367,14,not_and
2,3049,248,249,2,not_implies
2,3050,2738,2739,10,not_b
2,3051,4498,4499,5,b
2,3052,3351,3352,12,not_a
2,3053,238,239,14,not_and
2,3054,4782,4783,4,not_implied_by
2,3055,2979,2980,11,implied_by
2,3056,3311,3312,5,b
2,3057,3024,3025,9,not_xor
2,3058,1676,1677,7,or
2,3059,3270,3271,6,xor
2,3060,2699,2700,10,not_b
2,3061,3432,3433,5,b
2,3062,4458,4459,10,not_b
2,3063,3590,3591,9,not_xor
2,3064,2337,2338,11,implied_by
2,3065,302,303,11,implied_by
2,3066,4821,4822,13,implies
2,3067,4323,4324,4,not_implied_by
2,3068,4063,4064,1,and
2,3069,3503,3504,5,b
2,3070,2907,2908,12,not_a
2,3071,2930,2931,6,xor
2,3072,1213,1214,10,not_b
2,3073,5708,5709,6,xor
2,3074,1323,1324,7,or
2,3075,1433,1434,3,a
2,3076,3622,3623,10,not_b
2,3077,5172,5173,3,a
2,3078,1024,1025,13,implies
2,3079,1341,1342,11,implied_by
2,3080,1395,1396,9,not_xor
2,3081,5971,5972,7,or
2,3082,5808,5809,4,not_implied_by
2,3083,3691,3692,10,not_b
2,3084,1713,1714,5,b
2,3085,3580,3581,9,not_xor
2,3086,489,490,10,not_b
2,3087,4330,4331,7,or
2,3088,3524,3525,5,b
2,3089,5903,5904,10,not_b
2,3090,5641,5642,12,not_a
2,3091,4535,4536,2,not_implies
2,3092,3420,3421,3,a
2,3093,2290,2291,4,not_implied_by
2,3094,3141,3142,13,implies
2,3095,4667,4668,5,b
2,3096,530,531,13,implies
2,3097,1354,1355,6,xor
2,3098,563,564,5,b
2,3099,922,923,12,not_a
2,3100,1183,1184,11,implied_by
2,3101,1072,1073,9,not_xor
2,3102,2222,2223,1,and
2,3103,5854,5855,6,xor
2,3104,5126,5127,12,not_a
2,3105,160,161,13,implies
2,3106,534,535,5,b
2,3107,254,255,13,implies
2,3108,952,953,13,implies
2,3109,4921,4922,9,not_xor
2,3110,3360,3361,13,implies
2,3111,691,692,14,not_and
2,3112,153,154,12,not_a
2,3113,5932,5933,9,not_xor
2,3114,3533,3534,10,not_b
2,3115,4036,4037,3,a
2,3116,348,349,6,xor
2,3117,2595,2596,10,not_b
2,3118,334,335,8,not_or
2,3119,4710,4711,10,not_b
2,3120,4786,4787,12,not_a
2,3121,3563,3564,2,not_implies
2,3122,4419,4420,7,or
2,3123,1379,1380,3,a
2,3124,2200,2201,4,not_implied_by
2,3125,5841,5842,11,implied_by
2,3126,182,183,14,not_and
2,3127,3899,3900,11,implied_by
2,3128,2070,2071,11,implied_by
2,3129,4079,4080,3,a
2,3130,3451,3452,5,b
2,3131,2288,2289,11,implied_by
2,3132,2417,2418,9,not_xor
2,3133,1027,1028,9,not_xor
2,3134,1951,1952,6,xor
2,3135,1311,1312,3,a
2,3136,4335,4336,13,implies
2,3137,5743,5744,3,a
2,3138,3967,3968,12,not_a
2,3139,2472,2473,8,not_or
2,3140,186,187,3,a
2,3141,5707,5708,5,b
2,3142,5738,5739,5,b
2,3143,4547,4548,13,implies
2,3144,4936,4937,1,and
2,3145,981,982,11,implied_by
2,3146,2545,2546,12,not_a
2,3147,5986,5987,3,a
2,3148,5997,5998,11,implied_by
2,3149,4792,4793,2,not_implies
2,3150,5892,5893,13,implies
2,3151,5941,5942,9,not_xor
2,3152,5850,5851,10,not_b
2,3153,5084,5085,6,xor
2,3154,5861,5862,9,not_xor
2,3155,584,585,1,and
2,3156,2310,2311,10,not_b
2,3157,5799,5800,6,xor
2,3158,2944,2945,3,a
2,3159,195,196,6,xor
2,3160,5978,5979,12,not_a
2,3161,4459,4460,2,not_implies
2,3162,4223,4224,2,not_implies
2,3163,4860,4861,1,and
2,3164,5226,5227,9,not_xor
2,3165,850,851,5,b
2,3166,3687,3688,14,not_and
2,3167,5614,5615,4,not_implied_by
2,3168,4726,4727,9,not_xor
2,3169,3094,3095,10,not_b
2,3170,1141,1142,3,a
2,3171,2492,2493,5,b
2,3172,2616,2617,9,not_xor
2,3173,5065,5066,15,one
2,3174,2842,2843,7,or
2,3175,1987,1988,3,a
2,3176,4365,4366,13,implies
2,3177,2726,2727,10,not_b
2,3178,5646,5647,1,and
2,3179,5567,5568,1,and
2,3180,2902,2903,12,not_a
2,3181,5419,5420,14,not_and
2,3182,860,861,3,a
2,3183,4197,4198,14,not_and
2,3184,1779,1780,3,a
2,3185,1131,1132,5,b
2,3186,4999,5000,9,not_xor
2,3187,4056,4057,1,and
2,3188,5559,5560,15,one
2,3189,5271,5272,3,a
2,3190,892,893,9,not_xor
2,3191,320,321,3,a
2,3192,1036,1037,9,not_xor
2,3193,4778,4779,9,not_xor
2,3194,5949,5950,7,or
2,3195,108,109,3,a
2,3196,2554,2555,14,not_and
2,3197,216,217,1,and
2,3198,5280,5281,9,not_xor
2,3199,5973,5974,1,and
2,3200,2614,2615,1,and
2,3201,4762,4763,6,xor
2,3202,3506,3507,12,not_a
2,3203,4405,4406,12,not_a
2,3204,1691,1692,7,or
2,3205,2504,2505,13,implies
2,3206,2888,2889,10,not_b
2,3207,2931,2932,3,a
2,3208,458,459,4,not_implied_by
2,3209,116,117,11,implied_by
2,3210,601,602,2,not_implies
2,3211,1221,1222,8,not_or
2,3212,1751,1752,9,not_xor
2,3213,2260,2261,11,implied_by
2,3214,4858,4859,14,not_and
2,3215,3072,3073,13,implies
2,3216,890,891,7,or
2,3217,5961,5962,10,not_b
2,3218,3767,3768,3,a
2,3219,3368,3369,6,xor
2,3220,1020,1021,6,xor
2,3221,3345,3346,10,not_b
2,3222,3812,3813,3,a
2,3223,3996,3997,1,and
2,3224,2884,2885,0,zero
2,3225,4686,4687,13,implies
2,3226,3051,3052,11,implied_by
2,3227,1383,1384,14,not_and
2,3228,2764,2765,12,not_a
2,3229,5153,5154,3,a
2,3230,484,485,7,or
2,3231,597,598,6,xor
2,3232,5895,5896,11,implied_by
2,3233,1738,1739,10,not_b
2,3234,325,326,2,not_implies
2,3235,1276,1277,3,a
2,3236,4146,4147,11,implied_by
2,3237,4032,4033,11,implied_by
2,3238,4232,4233,6,xor
2,3239,279,280,9,not_xor
2,3240,928,929,1,and
2,3241,1061,1062,9,not_xor
2,3242,4288,4289,10,not_b
2,3243,5293,5294,9,not_xor
2,3244,1827,1828,14,not_and
2,3245,3906,3907,5,b
2,3246,3415,3416,3,a
2,3247,5004,5005,9,not_xor
2,3248,4874,4875,1,and
2,3249,4334,4335,9,not_xor
2,3250,2206,2207,6,xor
2,3251,1669,1670,12,not_a
2,3252,2412,2413,9,not_xor
2,3253,5359,5360,10,not_b
2,3254,5845,5846,2,not_implies
2,3255,5360,5361,2,not_implies
2,3256,1941,1942,15,one
2,3257,3970,3971,9,not_xor
2,3258,3398,3399,8,not_or
2,3259,1900,1901,9,not_xor
2,3260,4377,4378,4,not_implied_by
2,3261,762,763,1,and
2,3262,2388,2389,12,not_a
2,3263,780,781,5,b
2,3264,5828,5829,6,xor
2,3265,1148,1149,5,b
2,3266,2055,2056,14,not_and
2,3267,2335,2336,1,and
2,3268,2126,2127,7,or
2,3269,5010,5011,8,not_or
2,3270,620,621,4,not_implied_by
2,3271,2940,2941,8,not_or
2,3272,1069,1070,7,or
2,3273,4282,4283,6,xor
2,3274,5148,5149,1,and
2,3275,3454,3455,4,not_implied_by
2,3276,2605,2606,2,not_implies
2,3277,1888,1889,3,a
2,3278,820,821,3,a
2,3279,5575,5576,7,or
2,3280,2780,2781,5,b
2,3281,4301,4302,12,not_a
2,3282,2297,2298,9,not_xor
2,3283,3706,3707,2,not_implies
2,3284,4457,4458,9,not_xor
2,3285,2685,2686,13,implies
2,3286,5095,5096,6,xor
2,3287,4358,4359,1,and
2,3288,4518,4519,1,and
2,3289,5129,5130,6,xor
2,3290,3991,3992,6,xor
2,3291,792,793,11,implied_by
2,3292,756,757,9,not_xor
2,3293,720,721,7,or
2,3294,175,176,6,xor
2,3295,808,809,5,b
2,3296,5678,5679,6,xor
2,3297,5950,5951,5,b
2,3298,5392,5393,1,and
2,3299,2248,2249,9,not_xor
2,3300,190,191,11,implied_by
2,3301,4538,4539,12,not_a
2,3302,2340,2341,12,not_a
2,3303,3601,3602,13,implies
2,3304,4366,4367,8,not_or
2,3305,1370,1371,3,a
2,3306,3425,3426,5,b
2,3307,2100,2101,14,not_and
2,3308,2064,2065,9,not_xor
2,3309,1931,1932,1,and
2,3310,2909,2910,11,implied_by
2,3311,4345,4346,3,a
2,3312,876,877,6,xor
2,3313,3556,3557,2,not_implies
2,3314,2539,2540,9,not_xor
2,3315,5430,5431,3,a
2,3316,4474,4475,7,or
2,3317,4540,4541,14,not_and
2,3318,786,787,6,xor
2,3319,3679,3680,14,not_and
2,3320,3331,3332,3,a
2,3321,4384,4385,11,implied_by
2,3322,978,979,2,not_implies
2,3323,2816,2817,11,implied_by
2,3324,4867,4868,9,not_xor
2,3325,4519,4520,10,not_b
2,3326,3393,3394,11,implied_by
2,3327,619,620,10,not_b
2,3328,2052,2053,10,not_b
2,3329,2880,2881,11,implied_by
2,3330,2228,2229,10,not_b
2,3331,1925,1926,10,not_b
2,3332,2849,2850,9,not_xor
2,3333,145,146,13,implies
2,3334,3429,3430,9,not_xor
2,3335,2702,2703,9,not_xor
2,3336,3821,3822,6,xor
2,3337,3896,3897,3,a
2,3338,4618,4619,4,not_implied_by
2,3339,1040,1041,11,implied_by
2,3340,689,690,8,not_or
2,3341,5742,5743,1,and
2,3342,3928,3929,8,not_or
2,3343,428,429,4,not_implied_by
2,3344,3864,3865,7,or
2,3345,1914,1915,9,not_xor
2,3346,3336,3337,2,not_implies
2,3347,5893,5894,8,not_or
2,3348,5248,5249,12,not_a
2,3349,5410,5411,9,not_xor
2,3350,4261,4262,5,b
2,3351,969,970,8,not_or
2,3352,5558,5559,3,a
2,3353,1959,1960,13,implies
2,3354,2023,2024,12,not_a
2,3355,189,190,4,not_implied_by
2,3356,321,322,13,implies
2,3357,5286,5287,8,not_or
2,3358,4704,4705,7,or
2,3359,4409,4410,5,b
2,3360,3397,3398,5,b
2,3361,1671,1672,13,implies
2,3362,4836,4837,6,xor
2,3363,2604,2605,9,not_xor
2,3364,1508,1509,3,a
2,3365,2408,2409,2,not_implies
2,3366,221,222,13,implies
2,3367,4117,4118,8,not_or
2,3368,2847,2848,6,xor
2,3369,2885,2886,4,not_implied_by
2,3370,3391,3392,7,or
2,3371,591,592,12,not_a
2,3372,5812,5813,9,not_xor
2,3373,4831,4832,7,or
2,3374,5468,5469,4,not_implied_by
2,3375,1571,1572,5,b
2,3376,5527,5528,7,or
2,3377,5032,5033,9,not_xor
2,3378,1867,1868,13,implies
2,3379,5816,5817,3,a
2,3380,514,515,6,xor
2,3381,1798,1799,5,b
2,3382,661,662,11,implied_by
2,3383,3236,3237,9,not_xor
2,3384,3754,3755,2,not_implies
2,3385,1113,1114,13,implies
2,3386,5528,5529,8,not_or
2,3387,2474,2475,11,implied_by
2,3388,2662,2663,7,or
2,3389,5763,5764,9,not_xor
2,3390,5003,5004,2,not_implies
2,3391,40,41,11,implied_by
2,3392,3867,3868,11,implied_by
2,3393,2583,2584,11,implied_by
2,3394,5754,5755,6,xor
2,3395,381,382,3,a
2,3396,2960,2961,9,not_xor
2,3397,823,824,10,not_b
2,3398,5441,5442,7,or
2,3399,4901,4902,13,implies
2,3400,2231,2232,6,xor
2,3401,5773,5774,12,not_a
2,3402,319,320,14,not_and
2,3403,5070,5071,13,implies
2,3404,3285,3286,14,not_and
2,3405,4332,4333,12,not_a
2,3406,2528,2529,9,not_xor
2,3407,4137,4138,9,not_xor
2,3408,2156,2157,5,b
2,3409,2395,2396,2,not_implies
2,3410,776,777,9,not_xor
2,3411,3584,3585,6,xor
2,3412,512,513,8,not_or
2,3413,1267,1268,0,zero
2,3414,2861,2862,13,implies
2,3415,752,753,3,a
2,3416,5337,5338,9,not_xor
2,3417,1143,1144,10,not_b
2,3418,2919,2920,6,xor
2,3419,3688,3689,9,not_xor
2,3420,200,201,11,implied_by
2,3421,1709,1710,14,not_and
2,3422,2893,2894,5,b
2,3423,2061,2062,5,b
2,3424,3988,3989,1,and
2,3425,5870,5871,6,xor
2,3426,5297,5298,12,not_a
2,3427,4264,4265,6,xor
2,3428,3156,3157,13,implies
2,3429,3872,3873,3,a
2,3430,3234,3235,8,not_or
2,3431,3354,3355,1,and
2,3432,198,199,2,not_implies
2,3433,3969,3970,14,not_and
2,3434,4992,4993,6,xor
2,3435,14,15,9,not_xor
2,3436,4289,4290,9,not_xor
2,3437,3954,3955,11,implied_by
2,3438,5935,5936,3,a
2,3439,4488,4489,11,implied_by
2,3440,1225,1226,4,not_implied_by
2,3441,1507,1508,3,a
2,3442,1663,1664,3,a
2,3443,796,797,13,implies
2,3444,2076,2077,6,xor
2,3445,1056,1057,3,a
2,3446,1414,1415,12,not_a
2,3447,1681,1682,7,or
2,3448,3686,3687,6,xor
2,3449,4124,4125,9,not_xor
2,3450,5469,5470,3,a
2,3451,5902,5903,7,or
2,3452,2566,2567,5,b
2,3453,4759,4760,2,not_implies
2,3454,5235,5236,11,implied_by
2,3455,3321,3322,2,not_implies
2,3456,2199,2200,5,b
2,3457,3374,3375,11,implied_by
2,3458,495,496,3,a
2,3459,3091,3092,3,a
2,3460,4922,4923,8,not_or
2,3461,464,465,10,not_b
2,3462,1747,1748,4,not_implied_by
2,3463,5916,5917,2,not_implies
2,3464,4495,4496,5,b
2,3465,4549,4550,12,not_a
2,3466,3537,3538,11,implied_by
2,3467,2542,2543,5,b
2,3468,1877,1878,10,not_b
2,3469,1017,1018,2,not_implies
2,3470,3698,3699,7,or
2,3471,1255,1256,14,not_and
2,3472,5805,5806,6,xor
2,3473,3825,3826,6,xor
2,3474,2300,2301,12,not_a
2,3475,2712,2713,13,implies
2,3476,2590,2591,8,not_or
2,3477,1532,1533,5,b
2,3478,4630,4631,9,not_xor
2,3479,5510,5511,9,not_xor
2,3480,5832,5833,3,a
2,3481,583,584,14,not_and
2,3482,4052,4053,3,a
2,3483,5071,5072,9,not_xor
2,3484,1239,1240,12,not_a
2,3485,2826,2827,13,implies
2,3486,1438,1439,9,not_xor
2,3487,3919,3920,14,not_and
2,3488,1212,1213,2,not_implies
2,3489,5703,5704,10,not_b
2,3490,5972,5973,6,xor
2,3491,5188,5189,9,not_xor
2,3492,3800,3801,12,not_a
2,3493,5315,5316,2,not_implies
2,3494,3619,3620,6,xor
2,3495,676,677,5,b
2,3496,267,268,8,not_or
2,3497,1376,1377,2,not_implies
2,3498,3947,3948,3,a
2,3499,925,926,5,b
2,3500,5907,5908,12,not_a
2,3501,2727,2728,2,not_implies
2,3502,887,888,2,not_implies
2,3503,1577,1578,14,not_and
2,3504,5616,5617,8,not_or
2,3505,5027,5028,13,implies
2,3506,3925,3926,9,not_xor
2,3507,2493,2494,12,not_a
2,3508,1684,1685,10,not_b
2,3509,4814,4815,7,or
2,3510,4047,4048,11,implied_by
2,3511,4480,4481,3,a
2,3512,5351,5352,12,not_a
2,3513,2939,2940,10,not_b
2,3514,4928,4929,10,not_b
2,3515,1346,1347,1,and
2,3516,1660,1661,13,implies
2,3517,4207,4208,8,not_or
2,3518,5121,5122,12,not_a
2,3519,1429,1430,13,implies
2,3520,1108,1109,9,not_xor
2,3521,867,868,6,xor
2,3522,4287,4288,10,not_b
2,3523,2187,2188,14,not_and
2,3524,2634,2635,7,or
2,3525,1590,1591,8,not_or
2,3526,1759,1760,13,implies
2,3527,5406,5407,2,not_implies
2,3528,5358,5359,13,implies
2,3529,2671,2672,10,not_b
2,3530,891,892,1,and
2,3531,4370,4371,3,a
2,3532,3491,3492,8,not_or
2,3533,2357,2358,2,not_implies
2,3534,3659,3660,6,xor
2,3535,177,178,5,b
2,3536,5946,5947,9,not_xor
2,3537,803,804,13,implies
2,3538,3201,3202,7,or
2,3539,1531,1532,6,xor
2,3540,3369,3370,13,implies
2,3541,4610,4611,2,not_implies
2,3542,4977,4978,9,not_xor
2,3543,2238,2239,9,not_xor
2,3544,436,437,3,a
2,3545,5538,5539,10,not_b
2,3546,3299,3300,9,not_xor
2,3547,3115,3116,6,xor
2,3548,2152,2153,2,not_implies
2,3549,5992,5993,5,b
2,3550,4787,4788,1,and
2,3551,3862,3863,14,not_and
2,3552,5751,5752,1,and
2,3553,522,523,2,not_implies
2,3554,4251,4252,1,and
2,3555,137,138,14,not_and
2,3556,5019,5020,10,not_b
2,3557,5345,5346,6,xor
2,3558,3034,3035,14,not_and
2,3559,3055,3056,11,implied_by
2,3560,5094,5095,8,not_or
2,3561,13,14,4,not_implied_by
2,3562,1159,1160,11,implied_by
2,3563,2990,2991,9,not_xor
2,3564,3120,3121,6,xor
2,3565,5974,5975,9,not_xor
2,3566,3878,3879,0,zero
2,3567,5348,5349,9,not_xor
2,3568,1080,1081,13,implies
2,3569,1465,1466,6,xor
2,3570,794,795,4,not_implied_by
2,3571,333,334,10,not_b
2,3572,4026,4027,4,not_implied_by
2,3573,5024,5025,1,and
2,3574,2688,2689,1,and
2,3575,4784,4785,7,or
2,3576,350,351,5,b
2,3577,3817,3818,6,xor
2,3578,3066,3067,14,not_and
2,3579,728,729,14,not_and
2,3580,4418,4419,4,not_implied_by
2,3581,3704,3705,12,not_a
2,3582,1442,1443,9,not_xor
2,3583,4554,4555,1,and
2,3584,1622,1623,11,implied_by
2,3585,848,849,12,not_a
2,3586,4018,4019,10,not_b
2,3587,723,724,13,implies
2,3588,5264,5265,13,implies
2,3589,3774,3775,9,not_xor
2,3590,4758,4759,10,not_b
2,3591,2672,2673,9,not_xor
2,3592,3544,3545,13,implies
2,3593,110,111,6,xor
2,3594,3102,3103,6,xor
2,3595,3015,3016,10,not_b
2,3596,5382,5383,14,not_and
2,3597,2635,2636,1,and
2,3598,2302,2303,10,not_b
2,3599,5775,5776,10,not_b
2,3600,671,672,2,not_implies
2,3601,4126,4127,3,a
2,3602,968,969,10,not_b
2,3603,2785,2786,1,and
2,3604,4174,4175,12,not_a
2,3605,4473,4474,3,a
2,3606,4203,4204,8,not_or
2,3607,2918,2919,14,not_and
2,3608,4313,4314,7,or
2,3609,2862,2863,4,not_implied_by
2,3610,2531,2532,4,not_implied_by
2,3611,5721,5722,1,and
2,3612,519,520,8,not_or
2,3613,4187,4188,14,not_and
2,3614,5281,5282,9,not_xor
2,3615,4553,4554,1,and
2,3616,2903,2904,14,not_and
2,3617,3949,3950,10,not_b
2,3618,1824,1825,2,not_implies
2,3619,3820,3821,13,implies
2,3620,1205,1206,6,xor
2,3621,1437,1438,10,not_b
2,3622,2353,2354,1,and
2,3623,5190,5191,6,xor
2,3624,3682,3683,12,not_a
2,3625,1894,1895,10,not_b
2,3626,5378,5379,12,not_a
2,3627,1472,1473,9,not_xor
2,3628,3766,3767,12,not_a
2,3629,4341,4342,2,not_implies
2,3630,4775,4776,5,b
2,3631,580,581,2,not_implies
2,3632,4818,4819,8,not_or
2,3633,5629,5630,11,implied_by
2,3634,4989,4990,4,not_implied_by
2,3635,3264,3265,14,not_and
2,3636,3426,3427,9,not_xor
2,3637,5537,5538,5,b
2,3638,575,576,6,xor
2,3639,402,403,6,xor
2,3640,4878,4879,11,implied_by
2,3641,3893,3894,11,implied_by
2,3642,497,498,5,b
2,3643,810,811,8,not_or
2,3644,2994,2995,2,not_implies
2,3645,1456,1457,4,not_implied_by
2,3646,5562,5563,5,b
2,3647,5989,5990,8,not_or
2,3648,2176,2177,2,not_implies
2,3649,1707,1708,7,or
2,3650,1574,1575,4,not_implied_by
2,3651,976,977,9,not_xor
2,3652,3352,3353,9,not_xor
2,3653,4017,4018,4,not_implied_by
2,3654,5954,5955,9,not_xor
2,3655,2966,2967,12,not_a
2,3656,5787,5788,11,implied_by
2,3657,2980,2981,13,implies
2,3658,847,848,10,not_b
2,3659,1517,1518,5,b
2,3660,3132,3133,6,xor
2,3661,5829,5830,14,not_and
2,3662,630,631,9,not_xor
2,3663,1783,1784,10,not_b
2,3664,1579,1580,5,b
2,3665,668,669,14,not_and
2,3666,3934,3935,10,not_b
2,3667,4268,4269,9,not_xor
2,3668,1449,1450,9,not_xor
2,3669,2326,2327,12,not_a
2,3670,232,233,12,not_a
2,3671,3937,3938,11,implied_by
2,3672,4104,4105,8,not_or
2,3673,1755,1756,14,not_and
2,3674,2142,2143,13,implies
2,3675,2943,2944,6,xor
2,3676,2750,2751,14,not_and
2,3677,4752,4753,6,xor
2,3678,477,478,12,not_a
2,3679,86,87,11,implied_by
2,3680,5872,5873,10,not_b
2,3681,1189,1190,12,not_a
2,3682,5709,5710,6,xor
2,3683,245,246,11,implied_by
2,3684,3479,3480,5,b
2,3685,2651,2652,9,not_xor
2,3686,1000,1001,10,not_b
2,3687,1231,1232,9,not_xor
2,3688,2416,2417,5,b
2,3689,103,104,5,b
2,3690,4143,4144,3,a
2,3691,4160,4161,2,not_implies
2,3692,1206,1207,5,b
2,3693,5786,5787,6,xor
2,3694,1237,1238,14,not_and
2,3695,4544,4545,1,and
2,3696,3741,3742,5,b
2,3697,5279,5280,13,implies
2,3698,4632,4633,14,not_and
2,3699,2709,2710,1,and
2,3700,167,168,5,b
2,3701,5349,5350,10,not_b
2,3702,1290,1291,2,not_implies
2,3703,1123,1124,11,implied_by
2,3704,1309,1310,11,implied_by
2,3705,4259,4260,8,not_or
2,3706,4715,4716,6,xor
2,3707,4417,4418,5,b
2,3708,2348,2349,6,xor
2,3709,273,274,1,and
2,3710,3680,3681,7,or
2,3711,3517,3518,5,b
2,3712,3290,3291,1,and
2,3713,1343,1344,2,not_implies
2,3714,275,276,4,not_implied_by
2,3715,4857,4858,6,xor
2,3716,1996,1997,0,zero
2,3717,2428,2429,12,not_a
2,3718,28,29,11,implied_by
2,3719,1973,1974,1,and
2,3720,3518,3519,1,and
2,3721,834,835,1,and
2,3722,1797,1798,11,implied_by
2,3723,311,312,13,implies
2,3724,3220,3221,14,not_and
2,3725,2009,2010,14,not_and
2,3726,814,815,3,a
2,3727,5195,5196,2,not_implies
2,3728,5102,5103,8,not_or
2,3729,1098,1099,5,b
2,3730,2130,2131,13,implies
2,3731,4506,4507,10,not_b
2,3732,3179,3180,11,implied_by
2,3733,4416,4417,3,a
2,3734,441,442,5,b
2,3735,2642,2643,12,not_a
2,3736,5299,5300,9,not_xor
2,3737,399,400,8,not_or
2,3738,3392,3393,8,not_or
2,3739,229,230,6,xor
2,3740,3711,3712,5,b
2,3741,986,987,2,not_implies
2,3742,2777,2778,2,not_implies
2,3743,3858,3859,15,one
2,3744,884,885,10,not_b
2,3745,2352,2353,1,and
2,3746,4557,4558,8,not_or
2,3747,4917,4918,5,b
2,3748,3667,3668,9,not_xor
2,3749,1665,1666,14,not_and
2,3750,5881,5882,11,implied_by
2,3751,297,298,1,and
2,3752,3212,3213,4,not_implied_by
2,3753,117,118,5,b
2,3754,4530,4531,1,and
2,3755,744,745,4,not_implied_by
2,3756,2028,2029,13,implies
2,3757,434,435,1,and
2,3758,5727,5728,13,implies
2,3759,571,572,10,not_b
2,3760,4864,4865,4,not_implied_by
2,3761,1294,1295,3,a
2,3762,4916,4917,9,not_xor
2,3763,5399,5400,13,implies
2,3764,4337,4338,3,a
2,3765,1447,1448,14,not_and
2,3766,1884,1885,3,a
2,3767,2765,2766,4,not_implied_by
2,3768,4738,4739,1,and
2,3769,4030,4031,1,and
2,3770,5364,5365,3,a
2,3771,5716,5717,1,and
2,3772,3235,3236,14,not_and
2,3773,768,769,12,not_a
2,3774,5266,5267,7,or
2,3775,3221,3222,12,not_a
2,3776,657,658,3,a
2,3777,459,460,13,implies
2,3778,3669,3670,10,not_b
2,3779,3472,3473,6,xor
2,3780,5417,5418,12,not_a
2,3781,1905,1906,7,or
2,3782,5853,5854,4,not_implied_by
2,3783,4043,4044,8,not_or
2,3784,4252,4253,3,a
2,3785,5573,5574,5,b
2,3786,5706,5707,7,or
2,3787,5530,5531,1,and
2,3788,3744,3745,2,not_implies
2,3789,4777,4778,10,not_b
2,3790,326,327,2,not_implies
2,3791,5098,5099,8,not_or
2,3792,4367,4368,5,b
2,3793,2332,2333,8,not_or
2,3794,215,216,9,not_xor
2,3795,3252,3253,12,not_a
2,3796,838,839,12,not_a
2,3797,1454,1455,6,xor
2,3798,4088,4089,15,one
2,3799,3569,3570,9,not_xor
2,3800,1423,1424,6,xor
2,3801,4210,4211,8,not_or
2,3802,6,7,15,one
2,3803,1552,1553,13,implies
2,3804,1505,1506,6,xor
2,3805,4449,4450,3,a
2,3806,4382,4383,6,xor
2,3807,78,79,6,xor
2,3808,4919,4920,13,implies
2,3809,3585,3586,4,not_implied_by
2,3810,1005,1006,9,not_xor
2,3811,4593,4594,1,and
2,3812,5465,5466,7,or
2,3813,2354,2355,14,not_and
2,3814,5800,5801,10,not_b
2,3815,3804,3805,3,a
2,3816,284,285,4,not_implied_by
2,3817,4378,4379,1,and
2,3818,5836,5837,2,not_implies
2,3819,90,91,2,not_implies
2,3820,911,912,14,not_and
2,3821,4148,4149,7,or
2,3822,3452,3453,1,and
2,3823,5086,5087,12,not_a
2,3824,3828,3829,0,zero
2,3825,4010,4011,5,b
2,3826,1533,1534,9,not_xor
2,3827,3383,3384,3,a
2,3828,5644,5645,3,a
2,3829,1124,1125,9,not_xor
2,3830,3019,3020,9,not_xor
2,3831,1424,1425,8,not_or
2,3832,5642,5643,10,not_b
2,3833,4912,4913,13,implies
2,3834,3806,3807,12,not_a
2,3835,5083,5084,3,a
2,3836,5960,5961,6,xor
2,3837,5574,5575,12,not_a
2,3838,3916,3917,10,not_b
2,3839,1167,1168,9,not_xor
2,3840,462,463,14,not_and
2,3841,4229,4230,10,not_b
2,3842,2645,2646,5,b
2,3843,2858,2859,10,not_b
2,3844,2923,2924,2,not_implies
2,3845,1722,1723,12,not_a
2,3846,1793,1794,9,not_xor
2,3847,3587,3588,2,not_implies
2,3848,759,760,15,one
2,3849,1804,1805,3,a
2,3850,5589,5590,3,a
2,3851,1361,1362,12,not_a
2,3852,3480,3481,10,not_b
2,3853,1025,1026,5,b
2,3854,37,38,10,not_b
2,3855,1082,1083,12,not_a
2,3856,77,78,13,implies
2,3857,5316,5317,6,xor
2,3858,4309,4310,15,one
2,3859,5711,5712,12,not_a
2,3860,3809,3810,5,b
2,3861,4591,4592,1,and
2,3862,355,356,1,and
2,3863,5075,5076,9,not_xor
2,3864,4375,4376,6,xor
2,3865,122,123,7,or
2,3866,3983,3984,7,or
2,3867,4369,4370,9,not_xor
2,3868,5976,5977,12,not_a
2,3869,5915,5916,11,implied_by
2,3870,1585,1586,14,not_and
2,3871,2092,2093,12,not_a
2,3872,5609,5610,12,not_a
2,3873,3183,3184,9,not_xor
2,3874,1071,1072,9,not_xor
2,3875,4177,4178,6,xor
2,3876,2822,2823,12,not_a
2,3877,2735,2736,1,and
2,3878,5499,5500,12,not_a
2,3879,1485,1486,9,not_xor
2,3880,5506,5507,9,not_xor
2,3881,1105,1106,12,not_a
2,3882,5434,5435,4,not_implied_by
2,3883,2517,2518,3,a
2,3884,751,752,1,and
2,3885,3063,3064,13,implies
2,3886,3592,3593,5,b
2,3887,5501,5502,10,not_b
2,3888,3149,3150,4,not_implied_by
2,3889,4904,4905,7,or
2,3890,1878,1879,9,not_xor
2,3891,4308,4309,5,b
2,3892,4695,4696,4,not_implied_by
2,3893,1901,1902,6,xor
2,3894,98,99,3,a
2,3895,3035,3036,4,not_implied_by
2,3896,5362,5363,1,and
2,3897,4173,4174,4,not_implied_by
2,3898,2630,2631,12,not_a
2,3899,1948,1949,1,and
2,3900,556,557,13,implies
2,3901,2136,2137,9,not_xor
2,3902,5401,5402,5,b
2,3903,1582,1583,5,b
2,3904,685,686,13,implies
2,3905,1886,1887,11,implied_by
2,3906,3192,3193,2,not_implies
2,3907,4297,4298,9,not_xor
2,3908,56,57,13,implies
2,3909,4014,4015,4,not_implied_by
2,3910,5036,5037,12,not_a
2,3911,1808,1809,10,not_b
2,3912,4037,4038,5,b
2,3913,3075,3076,2,not_implies
2,3914,5370,5371,10,not_b
2,3915,3013,3014,10,not_b
2,3916,5322,5323,7,or
2,3917,5014,5015,3,a
2,3918,4073,4074,6,xor
2,3919,1976,1977,13,implies
2,3920,443,444,6,xor
2,3921,2804,2805,1,and
2,3922,2413,2414,9,not_xor
2,3923,4728,4729,12,not_a
2,3924,5458,5459,5,b
2,3925,3681,3682,10,not_b
2,3926,4974,4975,2,not_implies
2,3927,3793,3794,14,not_and
2,3928,4910,4911,10,not_b
2,3929,1292,1293,1,and
2,3930,1805,1806,12,not_a
2,3931,1876,1877,11,implied_by
2,3932,4281,4282,7,or
2,3933,1094,1095,9,not_xor
2,3934,2965,2966,9,not_xor
2,3935,4262,4263,2,not_implies
2,3936,5135,5136,1,and
2,3937,2850,2851,3,a
2,3938,3683,3684,10,not_b
2,3939,1685,1686,2,not_implies
2,3940,2489,2490,6,xor
2,3941,4935,4936,2,not_implies
2,3942,65,66,11,implied_by
2,3943,906,907,1,and
2,3944,1871,1872,6,xor
2,3945,3459,3460,5,b
2,3946,913,914,2,not_implies
2,3947,836,837,1,and
2,3948,3645,3646,3,a
2,3949,1459,1460,9,not_xor
2,3950,3370,3371,4,not_implied_by
2,3951,1852,1853,0,zero
2,3952,420,421,12,not_a
2,3953,3694,3695,3,a
2,3954,2970,2971,12,not_a
2,3955,5683,5684,10,not_b
2,3956,1386,1387,4,not_implied_by
2,3957,2318,2319,4,not_implied_by
2,3958,201,202,10,not_b
2,3959,1257,1258,8,not_or
2,3960,1332,1333,1,and
2,3961,3485,3486,6,xor
2,3962,4258,4259,14,not_and
2,3963,5112,5113,10,not_b
2,3964,670,671,11,implied_by
2,3965,2164,2165,6,xor
2,3966,854,855,10,not_b
2,3967,4952,4953,1,and
2,3968,295,296,11,implied_by
2,3969,2693,2694,1,and
2,3970,4915,4916,1,and
2,3971,1478,1479,9,not_xor
2,3972,3637,3638,1,and
2,3973,1850,1851,6,xor
2,3974,340,341,5,b
2,3975,4153,4154,13,implies
2,3976,4608,4609,8,not_or
2,3977,310,311,8,not_or
2,3978,1096,1097,8,not_or
2,3979,2293,2294,14,not_and
2,3980,2787,2788,6,xor
2,3981,3037,3038,15,one
2,3982,5471,5472,10,not_b
2,3983,4706,4707,6,xor
2,3984,5963,5964,10,not_b
2,3985,1224,1225,8,not_or
2,3986,2821,2822,4,not_implied_by
2,3987,5871,5872,5,b
2,3988,4655,4656,10,not_b
2,3989,639,640,6,xor
2,3990,1049,1050,6,xor
2,3991,5162,5163,3,a
2,3992,4950,4951,10,not_b
2,3993,1677,1678,9,not_xor
2,3994,224,225,11,implied_by
2,3995,1795,1796,3,a
2,3996,1728,1729,12,not_a
2,3997,172,173,9,not_xor
2,3998,686,687,4,not_implied_by
2,3999,595,596,5,b
2,4000,4497,4498,7,or
2,4001,4541,4542,10,not_b
2,4002,4889,4890,4,not_implied_by
2,4003,3359,3360,3,a
2,4004,1708,1709,6,xor
2,4005,4768,4769,4,not_implied_by
2,4006,3875,3876,4,not_implied_by
2,4007,3575,3576,10,not_b
2,4008,4975,4976,7,or
2,4009,2406,2407,1,and
2,4010,4674,4675,1,and
2,4011,2030,2031,4,not_implied_by
2,4012,2851,2852,5,b
2,4013,2573,2574,4,not_implied_by
2,4014,3400,3401,13,implies
2,4015,5796,5797,12,not_a
2,4016,1569,1570,13,implies
2,4017,802,803,5,b
2,4018,3086,3087,12,not_a
2,4019,3604,3605,6,xor
2,4020,3471,3472,6,xor
2,4021,132,133,8,not_or
2,4022,270,271,6,xor
2,4023,1175,1176,10,not_b
2,4024,4154,4155,6,xor
2,4025,4964,4965,3,a
2,4026,4243,4244,9,not_xor
2,4027,389,390,5,b
2,4028,3412,3413,11,implied_by
2,4029,235,236,10,not_b
2,4030,4615,4616,1,and
2,4031,4351,4352,9,not_xor
2,4032,2874,2875,14,not_and
2,4033,1794,1795,1,and
2,4034,4672,4673,2,not_implies
2,4035,4320,4321,12,not_a
2,4036,779,780,5,b
2,4037,3749,3750,1,and
2,4038,3256,3257,7,or
2,4039,3159,3160,11,implied_by
2,4040,2648,2649,1,and
2,4041,1469,1470,10,not_b
2,4042,2002,2003,9,not_xor
2,4043,5113,5114,8,not_or
2,4044,4987,4988,11,implied_by
2,4045,2229,2230,10,not_b
2,4046,3272,3273,4,not_implied_by
2,4047,323,324,1,and
2,4048,5145,5146,7,or
2,4049,4162,4163,5,b
2,4050,2169,2170,11,implied_by
2,4051,1313,1314,5,b
2,4052,3174,3175,11,implied_by
2,4053,1458,1459,6,xor
2,4054,306,307,10,not_b
2,4055,3650,3651,8,not_or
2,4056,437,438,6,xor
2,4057,5285,5286,6,xor
2,4058,3177,3178,12,not_a
2,4059,5273,5274,11,implied_by
2,4060,2525,2526,10,not_b
2,4061,3920,3921,6,xor
2,4062,5255,5256,4,not_implied_by
2,4063,5591,5592,5,b
2,4064,2143,2144,9,not_xor
2,4065,2211,2212,8,not_or
2,4066,2696,2697,5,b
2,4067,5455,5456,6,xor
2,4068,1835,1836,3,a
2,4069,980,981,15,one
2,4070,1842,1843,14,not_and
2,4071,2996,2997,4,not_implied_by
2,4072,5118,5119,2,not_implies
2,4073,4649,4650,13,implies
2,4074,45,46,14,not_and
2,4075,750,751,4,not_implied_by
2,4076,3275,3276,1,and
2,4077,1187,1188,1,and
2,4078,5402,5403,2,not_implies
2,4079,4943,4944,5,b
2,4080,4389,4390,13,implies
2,4081,2961,2962,6,xor
2,4082,1351,1352,6,xor
2,4083,3788,3789,13,implies
2,4084,5048,5049,6,xor
2,4085,3288,3289,2,not_implies
2,4086,3110,3111,4,not_implied_by
2,4087,4113,4114,2,not_implies
2,4088,4947,4948,10,not_b
2,4089,218,219,10,not_b
2,4090,2818,2819,8,not_or
2,4091,2040,2041,9,not_xor
2,4092,5495,5496,14,not_and
2,4093,4392,4393,8,not_or
2,4094,3660,3661,11,implied_by
2,4095,5684,5685,6,xor
2,4096,2596,2597,3,a
2,4097,1491,1492,3,a
2,4098,21,22,6,xor
2,4099,5498,5499,8,not_or
2,4100,390,391,9,not_xor
2,4101,1450,1451,6,xor
2,4102,479,480,10,not_b
2,4103,5635,5636,5,b
2,4104,2185,2186,13,implies
2,4105,330,331,9,not_xor
2,4106,96,97,4,not_implied_by
2,4107,869,870,7,or
2,4108,2587,2588,2,not_implies
2,4109,4930,4931,5,b
2,4110,1451,1452,12,not_a
2,4111,2813,2814,8,not_or
2,4112,4433,4434,5,b
2,4113,5026,5027,6,xor
2,4114,1854,1855,12,not_a
2,4115,863,864,6,xor
2,4116,5489,5490,12,not_a
2,4117,3602,3603,1,and
2,4118,73,74,11,implied_by
2,4119,1042,1043,9,not_xor
2,4120,5463,5464,2,not_implies
2,4121,4364,4365,4,not_implied_by
2,4122,1647,1648,3,a
2,4123,1037,1038,9,not_xor
2,4124,667,668,1,and
2,4125,3578,3579,3,a
2,4126,2035,2036,7,or
2,4127,3857,3858,2,not_implies
2,4128,2916,2917,8,not_or
2,4129,4847,4848,6,xor
2,4130,5819,5820,7,or
2,4131,3923,3924,10,not_b
2,4132,2993,2994,9,not_xor
2,4133,4008,4009,2,not_implies
2,4134,2615,2616,3,a
2,4135,4929,4930,4,not_implied_by
2,4136,4164,4165,2,not_implies
2,4137,4256,4257,10,not_b
2,4138,3339,3340,2,not_implies
2,4139,2927,2928,14,not_and
2,4140,2682,2683,9,not_xor
2,4141,2948,2949,7,or
2,4142,4107,4108,6,xor
2,4143,4041,4042,7,or
2,4144,5028,5029,8,not_or
2,4145,2422,2423,10,not_b
2,4146,5284,5285,8,not_or
2,4147,3399,3400,5,b
2,4148,2690,2691,3,a
2,4149,379,380,10,not_b
2,4150,2679,2680,10,not_b
2,4151,5980,5981,6,xor
2,4152,3109,3110,8,not_or
2,4153,3353,3354,5,b
2,4154,1248,1249,7,or
2,4155,5597,5598,8,not_or
2,4156,3344,3345,9,not_xor
2,4157,4061,4062,2,not_implies
2,4158,5655,5656,10,not_b
2,4159,4808,4809,3,a
2,4160,5007,5008,11,implied_by
2,4161,656,657,2,not_implies
2,4162,67,68,5,b
2,4163,2394,2395,2,not_implies
2,4164,1018,1019,8,not_or
2,4165,265,266,9,not_xor
2,4166,4521,4522,10,not_b
2,4167,3078,3079,9,not_xor
2,4168,761,762,1,and
2,4169,5704,5705,5,b
2,4170,749,750,10,not_b
2,4171,5725,5726,9,not_xor
2,4172,5396,5397,11,implied_by
2,4173,3642,3643,10,not_b
2,4174,118,119,8,not_or
2,4175,2415,2416,9,not_xor
2,4176,5613,5614,9,not_xor
2,4177,3762,3763,4,not_implied_by
2,4178,525,526,10,not_b
2,4179,3084,3085,8,not_or
2,4180,3907,3908,2,not_implies
2,4181,4034,4035,9,not_xor
2,4182,5983,5984,3,a
2,4183,446,447,14,not_and
2,4184,3330,3331,9,not_xor
2,4185,1196,1197,6,xor
2,4186,1054,1055,12,not_a
2,4187,4250,4251,12,not_a
2,4188,4180,4181,6,xor
2,4189,2424,2425,5,b
2,4190,791,792,3,a
2,4191,4734,4735,6,xor
2,4192,2889,2890,1,and
2,4193,5282,5283,6,xor
2,4194,2882,2883,6,xor
2,4195,4136,4137,9,not_xor
2,4196,1389,1390,14,not_and
2,4197,3052,3053,3,a
2,4198,4029,4030,14,not_and
2,4199,3640,3641,12,not_a
2,4200,3855,3856,6,xor
2,4201,1868,1869,12,not_a
2,4202,3540,3541,2,not_implies
2,4203,3718,3719,9,not_xor
2,4204,5797,5798,2,not_implies
2,4205,3016,3017,10,not_b
2,4206,3672,3673,7,or
2,4207,5101,5102,8,not_or
2,4208,1979,1980,9,not_xor
2,4209,2655,2656,3,a
2,4210,5698,5699,5,b
2,4211,3233,3234,7,or
2,4212,2859,2860,7,or
2,4213,2865,2866,14,not_and
2,4214,2978,2979,13,implies
2,4215,2282,2283,4,not_implied_by
2,4216,4957,4958,10,not_b
2,4217,813,814,9,not_xor
2,4218,1538,1539,1,and
2,4219,4311,4312,8,not_or
2,4220,1692,1693,9,not_xor
2,4221,3349,3350,7,or
2,4222,4890,4891,9,not_xor
2,4223,3367,3368,15,one
2,4224,4689,4690,14,not_and
2,4225,1095,1096,5,b
2,4226,4616,4617,5,b
2,4227,3065,3066,9,not_xor
2,4228,985,986,9,not_xor
2,4229,944,945,9,not_xor
2,4230,5029,5030,3,a
2,4231,3816,3817,10,not_b
2,4232,5525,5526,9,not_xor
2,4233,3663,3664,1,and
2,4234,4383,4384,2,not_implies
2,4235,3733,3734,12,not_a
2,4236,883,884,10,not_b
2,4237,1381,1382,2,not_implies
2,4238,587,588,14,not_and
2,4239,1385,1386,12,not_a
2,4240,149,150,0,zero
2,4241,260,261,15,one
2,4242,2964,2965,4,not_implied_by
2,4243,2666,2667,1,and
2,4244,4028,4029,9,not_xor
2,4245,1500,1501,11,implied_by
2,4246,1305,1306,4,not_implied_by
2,4247,1763,1764,8,not_or
2,4248,4998,4999,9,not_xor
2,4249,1847,1848,9,not_xor
2,4250,157,158,1,and
2,4251,640,641,6,xor
2,4252,2617,2618,6,xor
2,4253,1016,1017,13,implies
2,4254,1067,1068,5,b
2,4255,612,613,6,xor
2,4256,5523,5524,3,a
2,4257,993,994,5,b
2,4258,5776,5777,11,implied_by
2,4259,2610,2611,6,xor
2,4260,5822,5823,9,not_xor
2,4261,5354,5355,12,not_a
2,4262,2745,2746,6,xor
2,4263,2895,2896,7,or
2,4264,2541,2542,8,not_or
2,4265,5377,5378,9,not_xor
2,4266,3701,3702,6,xor
2,4267,2118,2119,5,b
2,4268,1204,1205,10,not_b
2,4269,5132,5133,5,b
2,4270,1059,1060,9,not_xor
2,4271,2836,2837,5,b
2,4272,2549,2550,2,not_implies
2,4273,5277,5278,10,not_b
2,4274,4494,4495,5,b
2,4275,332,333,8,not_or
2,4276,3003,3004,14,not_and
2,4277,5753,5754,8,not_or
2,4278,4273,4274,6,xor
2,4279,5757,5758,14,not_and
2,4280,5450,5451,6,xor
2,4281,4155,4156,3,a
2,4282,3238,3239,12,not_a
2,4283,1238,1239,7,or
2,4284,3628,3629,3,a
2,4285,3357,3358,12,not_a
2,4286,2519,2520,3,a
2,4287,5814,5815,5,b
2,4288,2810,2811,9,not_xor
2,4289,3564,3565,2,not_implies
2,4290,1388,1389,13,implies
2,4291,1848,1849,6,xor
2,4292,3551,3552,5,b
2,4293,5817,5818,14,not_and
2,4294,515,516,6,xor
2,4295,4898,4899,4,not_implied_by
2,4296,1032,1033,13,implies
2,4297,1957,1958,6,xor
2,4298,830,831,12,not_a
2,4299,343,344,13,implies
2,4300,2271,2272,6,xor
2,4301,5944,5945,10,not_b
2,4302,2555,2556,3,a
2,4303,4810,4811,7,or
2,4304,4707,4708,8,not_or
2,4305,2272,2273,12,not_a
2,4306,2366,2367,6,xor
2,4307,2134,2135,14,not_and
2,4308,5767,5768,6,xor
2,4309,3843,3844,7,or
2,4310,2912,2913,9,not_xor
2,4311,964,965,2,not_implies
2,4312,3457,3458,3,a
2,4313,3747,3748,4,not_implied_by
2,4314,2265,2266,13,implies
2,4315,2834,2835,6,xor
2,4316,4209,4210,6,xor
2,4317,3523,3524,13,implies
2,4318,2403,2404,10,not_b
2,4319,4084,4085,9,not_xor
2,4320,5328,5329,6,xor
2,4321,2324,2325,0,zero
2,4322,1618,1619,6,xor
2,4323,4211,4212,1,and
2,4324,5513,5514,6,xor
2,4325,2223,2224,3,a
2,4326,524,525,7,or
2,4327,5237,5238,4,not_implied_by
2,4328,5389,5390,2,not_implies
2,4329,2731,2732,2,not_implies
2,4330,5117,5118,9,not_xor
2,4331,1978,1979,8,not_or
2,4332,3751,3752,9,not_xor
2,4333,2577,2578,3,a
2,4334,4446,4447,11,implied_by
2,4335,2977,2978,2,not_implies
2,4336,549,550,13,implies
2,4337,4195,4196,8,not_or
2,4338,3217,3218,13,implies
2,4339,2703,2704,13,implies
2,4340,2646,2647,14,not_and
2,4341,4871,4872,11,implied_by
2,4342,2151,2152,1,and
2,4343,1903,1904,13,implies
2,4344,3188,3189,8,not_or
2,4345,2988,2989,0,zero
2,4346,5452,5453,10,not_b
2,4347,136,137,12,not_a
2,4348,3903,3904,10,not_b
2,4349,3105,3106,3,a
2,4350,1896,1897,14,not_and
2,4351,1712,1713,9,not_xor
2,4352,4357,4358,3,a
2,4353,1591,1592,10,not_b
2,4354,3638,3639,7,or
2,4355,2503,2504,5,b
2,4356,5033,5034,5,b
2,4357,565,566,8,not_or
2,4358,611,612,5,b
2,4359,3599,3600,6,xor
2,4360,1436,1437,8,not_or
2,4361,3251,3252,9,not_xor
2,4362,1293,1294,10,not_b
2,4363,5219,5220,1,and
2,4364,4403,4404,5,b
2,4365,2008,2009,10,not_b
2,4366,3658,3659,5,b
2,4367,1734,1735,2,not_implies
2,4368,1125,1126,8,not_or
2,4369,4328,4329,9,not_xor
2,4370,4157,4158,10,not_b
2,4371,2807,2808,9,not_xor
2,4372,5700,5701,14,not_and
2,4373,2027,2028,6,xor
2,4374,663,664,12,not_a
2,4375,2497,2498,6,xor
2,4376,5735,5736,6,xor
2,4377,1724,1725,2,not_implies
2,4378,1390,1391,10,not_b
2,4379,2799,2800,6,xor
2,4380,5490,5491,6,xor
2,4381,146,147,5,b
2,4382,2823,2824,12,not_a
2,4383,2550,2551,6,xor
2,4384,2498,2499,7,or
2,4385,2189,2190,3,a
2,4386,5324,5325,11,implied_by
2,4387,2103,2104,14,not_and
2,4388,2636,2637,1,and
2,4389,4316,4317,1,and
2,4390,3841,3842,9,not_xor
2,4391,2941,2942,12,not_a
2,4392,49,50,11,implied_by
2,4393,1203,1204,3,a
2,4394,1873,1874,9,not_xor
2,4395,3416,3417,11,implied_by
2,4396,648,649,2,not_implies
2,4397,2975,2976,10,not_b
2,4398,3386,3387,1,and
2,4399,840,841,8,not_or
2,4400,4015,4016,10,not_b
2,4401,5416,5417,13,implies
2,4402,4888,4889,5,b
2,4403,2501,2502,12,not_a
2,4404,2125,2126,3,a
2,4405,23,24,4,not_implied_by
2,4406,5680,5681,3,a
2,4407,5338,5339,2,not_implies
2,4408,2447,2448,11,implied_by
2,4409,5755,5756,10,not_b
2,4410,2448,2449,9,not_xor
2,4411,941,942,13,implies
2,4412,4247,4248,10,not_b
2,4413,4924,4925,13,implies
2,4414,2844,2845,10,not_b
2,4415,4447,4448,11,implied_by
2,4416,4171,4172,0,zero
2,4417,1942,1943,5,b
2,4418,1742,1743,3,a
2,4419,3303,3304,11,implied_by
2,4420,4755,4756,9,not_xor
2,4421,4422,4423,5,b
2,4422,5484,5485,10,not_b
2,4423,5856,5857,14,not_and
2,4424,400,401,3,a
2,4425,4877,4878,12,not_a
2,4426,4362,4363,5,b
2,4427,960,961,12,not_a
2,4428,2763,2764,12,not_a
2,4429,1966,1967,5,b
2,4430,990,991,11,implied_by
2,4431,3085,3086,3,a
2,4432,4504,4505,6,xor
2,4433,1453,1454,3,a
2,4434,1498,1499,13,implies
2,4435,1982,1983,8,not_or
2,4436,2308,2309,3,a
2,4437,1287,1288,14,not_and
2,4438,4222,4223,14,not_and
2,4439,2633,2634,6,xor
2,4440,1373,1374,12,not_a
2,4441,4198,4199,10,not_b
2,4442,1853,1854,5,b
2,4443,4722,4723,7,or
2,4444,133,134,5,b
2,4445,2167,2168,13,implies
2,4446,5847,5848,7,or
2,4447,5533,5534,9,not_xor
2,4448,2607,2608,2,not_implies
2,4449,3671,3672,10,not_b
2,4450,2938,2939,6,xor
2,4451,5945,5946,2,not_implies
2,4452,3414,3415,12,not_a
2,4453,1358,1359,5,b
2,4454,5842,5843,9,not_xor
2,4455,5398,5399,5,b
2,4456,4067,4068,3,a
2,4457,1504,1505,1,and
2,4458,5546,5547,12,not_a
2,4459,4007,4008,14,not_and
2,4460,994,995,14,not_and
2,4461,3224,3225,14,not_and
2,4462,4800,4801,9,not_xor
2,4463,4967,4968,4,not_implied_by
2,4464,4175,4176,10,not_b
2,4465,999,1000,9,not_xor
2,4466,662,663,2,not_implies
2,4467,5306,5307,10,not_b
2,4468,789,790,0,zero
2,4469,5617,5618,7,or
2,4470,3769,3770,8,not_or
2,4471,5187,5188,3,a
2,4472,3847,3848,3,a
2,4473,1688,1689,9,not_xor
2,4474,2783,2784,6,xor
2,4475,2963,2964,14,not_and
2,4476,3029,3030,2,not_implies
2,4477,1050,1051,12,not_a
2,4478,4863,4864,12,not_a
2,4479,63,64,10,not_b
2,4480,5116,5117,9,not_xor
2,4481,4596,4597,1,and
2,4482,5103,5104,8,not_or
2,4483,2638,2639,5,b
2,4484,4181,4182,6,xor
2,4485,1785,1786,8,not_or
2,4486,2465,2466,14,not_and
2,4487,880,881,13,implies
2,4488,1861,1862,10,not_b
2,4489,4090,4091,1,and
2,4490,3992,3993,5,b
2,4491,0,1,13,implies
2,4492,1146,1147,3,a
2,4493,669,670,4,not_implied_by
2,4494,2301,2302,13,implies
2,4495,211,212,11,implied_by
2,4496,3082,3083,7,or
2,4497,4725,4726,5,b
2,4498,4621,4622,14,not_and
2,4499,236,237,6,xor
2,4500,3005,3006,7,or
2,4501,5397,5398,9,not_xor
2,4502,862,863,3,a
2,4503,3608,3609,2,not_implies
2,4504,5848,5849,6,xor
2,4505,1191,1192,13,implies
2,4506,1246,1247,12,not_a
2,4507,180,181,7,or
2,4508,2029,2030,2,not_implies
2,4509,2505,2506,12,not_a
2,4510,5202,5203,1,and
2,4511,4918,4919,3,a
2,4512,3133,3134,14,not_and
2,4513,770,771,7,or
2,4514,5115,5116,11,implied_by
2,4515,2871,2872,7,or
2,4516,3884,3885,5,b
2,4517,5619,5620,14,not_and
2,4518,2235,2236,2,not_implies
2,4519,1100,1101,4,not_implied_by
2,4520,1578,1579,6,xor
2,4521,5741,5742,4,not_implied_by
2,4522,4598,4599,12,not_a
2,4523,2180,2181,12,not_a
2,4524,2119,2120,15,one
2,4525,692,693,6,xor
2,4526,3819,3820,9,not_xor
2,4527,918,919,0,zero
2,4528,3041,3042,8,not_or
2,4529,841,842,9,not_xor
2,4530,1151,1152,13,implies
2,4531,3802,3803,6,xor
2,4532,4293,4294,9,not_xor
2,4533,1121,1122,13,implies
2,4534,1749,1750,2,not_implies
2,4535,2883,2884,13,implies
2,4536,1468,1469,9,not_xor
2,4537,5803,5804,12,not_a
2,4538,4882,4883,9,not_xor
2,4539,1510,1511,7,or
2,4540,287,288,2,not_implies
2,4541,907,908,5,b
2,4542,4295,4296,10,not_b
2,4543,2215,2216,10,not_b
2,4544,3822,3823,9,not_xor
2,4545,5699,5700,7,or
2,4546,3885,3886,14,not_and
2,4547,3396,3397,5,b
2,4548,4906,4907,6,xor
2,4549,1169,1170,8,not_or
2,4550,5205,5206,9,not_xor
2,4551,4178,4179,5,b
2,4552,5913,5914,9,not_xor
2,4553,2034,2035,2,not_implies
2,4554,4980,4981,2,not_implies
2,4555,5122,5123,1,and
2,4556,659,660,9,not_xor
2,4557,4753,4754,8,not_or
2,4558,4163,4164,8,not_or
2,4559,1403,1404,4,not_implied_by
2,4560,1137,1138,3,a
2,4561,3058,3059,9,not_xor
2,4562,4765,4766,3,a
2,4563,2846,2847,12,not_a
2,4564,1851,1852,9,not_xor
2,4565,1266,1267,10,not_b
2,4566,112,113,7,or
2,4567,2372,2373,3,a
2,4568,1661,1662,12,not_a
2,4569,767,768,2,not_implies
2,4570,2982,2983,6,xor
2,4571,1784,1785,3,a
2,4572,2191,2192,4,not_implied_by
2,4573,2245,2246,13,implies
2,4574,3490,3491,5,b
2,4575,5519,5520,8,not_or
2,4576,4934,4935,12,not_a
2,4577,24,25,8,not_or
2,4578,3166,3167,1,and
2,4579,1933,1934,11,implied_by
2,4580,3910,3911,13,implies
2,4581,1407,1408,6,xor
2,4582,5067,5068,13,implies
2,4583,5050,5051,10,not_b
2,4584,5053,5054,10,not_b
2,4585,4701,4702,3,a
2,4586,3554,3555,10,not_b
2,4587,664,665,14,not_and
2,4588,2973,2974,6,xor
2,4589,1613,1614,11,implied_by
2,4590,5586,5587,6,xor
2,4591,5154,5155,6,xor
2,4592,4799,4800,4,not_implied_by
2,4593,1739,1740,14,not_and
2,4594,1083,1084,9,not_xor
2,4595,208,209,4,not_implied_by
2,4596,1568,1569,14,not_and
2,4597,2552,2553,9,not_xor
2,4598,4082,4083,4,not_implied_by
2,4599,2157,2158,13,implies
2,4600,3963,3964,7,or
2,4601,1675,1676,3,a
2,4602,2876,2877,6,xor
2,4603,5548,5549,10,not_b
2,4604,1874,1875,9,not_xor
2,4605,3610,3611,6,xor
2,4606,3103,3104,3,a
2,4607,529,530,1,and
2,4608,998,999,8,not_or
2,4609,4035,4036,6,xor
2,4610,4186,4187,1,and
2,4611,3323,3324,2,not_implies
2,4612,901,902,4,not_implied_by
2,4613,1192,1193,9,not_xor
2,4614,1949,1950,1,and
2,4615,1369,1370,3,a
2,4616,2665,2666,1,and
2,4617,4145,4146,13,implies
2,4618,5561,5562,14,not_and
2,4619,249,250,13,implies
2,4620,4671,4672,11,implied_by
2,4621,5540,5541,3,a
2,4622,765,766,10,not_b
2,4623,2140,2141,10,not_b
2,4624,5758,5759,9,not_xor
2,4625,5296,5297,7,or
2,4626,2429,2430,12,not_a
2,4627,864,865,8,not_or
2,4628,4216,4217,6,xor
2,4629,3039,3040,10,not_b
2,4630,5276,5277,3,a
2,4631,1345,1346,9,not_xor
2,4632,386,387,6,xor
2,4633,1421,1422,3,a
2,4634,5924,5925,6,xor
2,4635,5393,5394,9,not_xor
2,4636,4500,4501,4,not_implied_by
2,4637,4893,4894,9,not_xor
2,4638,2158,2159,10,not_b
2,4639,2999,3000,9,not_xor
2,4640,3535,3536,12,not_a
2,4641,2798,2799,9,not_xor
2,4642,3960,3961,10,not_b
2,4643,415,416,12,not_a
2,4644,2926,2927,8,not_or
2,4645,1635,1636,1,and
2,4646,4708,4709,6,xor
2,4647,3361,3362,9,not_xor
2,4648,2741,2742,14,not_and
2,4649,2516,2517,8,not_or
2,4650,5034,5035,11,implied_by
2,4651,3095,3096,11,implied_by
2,4652,1654,1655,5,b
2,4653,997,998,8,not_or
2,4654,5342,5343,0,zero
2,4655,3844,3845,6,xor
2,4656,742,743,10,not_b
2,4657,3243,3244,2,not_implies
2,4658,4976,4977,6,xor
2,4659,5323,5324,12,not_a
2,4660,5055,5056,11,implied_by
2,4661,2304,2305,1,and
2,4662,5133,5134,7,or
2,4663,526,527,3,a
2,4664,1619,1620,5,b
2,4665,3440,3441,9,not_xor
2,4666,1130,1131,6,xor
2,4667,3293,3294,10,not_b
2,4668,5931,5932,10,not_b
2,4669,3033,3034,5,b
2,4670,1634,1635,7,or
2,4671,3169,3170,2,not_implies
2,4672,4006,4007,10,not_b
2,4673,1560,1561,6,xor
2,4674,2419,2420,8,not_or
2,4675,5904,5905,6,xor
2,4676,1651,1652,6,xor
2,4677,5886,5887,9,not_xor
2,4678,1544,1545,1,and
2,4679,5862,5863,8,not_or
2,4680,1353,1354,12,not_a
2,4681,3053,3054,6,xor
2,4682,1314,1315,5,b
2,4683,327,328,12,not_a
2,4684,2937,2938,4,not_implied_by
2,4685,148,149,6,xor
2,4686,4791,4792,14,not_and
2,4687,1754,1755,3,a
2,4688,2631,2632,13,implies
2,4689,1471,1472,12,not_a
2,4690,1939,1940,10,not_b
2,4691,1359,1360,6,xor
2,4692,5896,5897,8,not_or
2,4693,929,930,9,not_xor
2,4694,4089,4090,8,not_or
2,4695,1210,1211,3,a
2,4696,5120,5121,10,not_b
2,4697,5486,5487,6,xor
2,4698,4636,4637,4,not_implied_by
2,4699,5440,5441,13,implies
2,4700,3259,3260,6,xor
2,4701,220,221,7,or
2,4702,4663,4664,4,not_implied_by
2,4703,125,126,1,and
2,4704,1938,1939,5,b
2,4705,2418,2419,12,not_a
2,4706,1209,1210,13,implies
2,4707,2298,2299,4,not_implied_by
2,4708,4194,4195,5,b
2,4709,4968,4969,1,and
2,4710,931,932,14,not_and
2,4711,2622,2623,12,not_a
2,4712,5578,5579,0,zero
2,4713,5995,5996,8,not_or
2,4714,4988,4989,1,and
2,4715,3389,3390,6,xor
2,4716,3207,3208,5,b
2,4717,3305,3306,13,implies
2,4718,1277,1278,2,not_implies
2,4719,3223,3224,11,implied_by
2,4720,4682,4683,1,and
2,4721,1662,1663,11,implied_by
2,4722,4441,4442,6,xor
2,4723,307,308,11,implied_by
2,4724,5183,5184,6,xor
2,4725,5409,5410,7,or
2,4726,1679,1680,9,not_xor
2,4727,3823,3824,10,not_b
2,4728,3764,3765,5,b
2,4729,5691,5692,7,or
2,4730,5638,5639,5,b
2,4731,2720,2721,9,not_xor
2,4732,1863,1864,1,and
2,4733,1064,1065,6,xor
2,4734,4683,4684,3,a
2,4735,581,582,12,not_a
2,4736,1717,1718,3,a
2,4737,2776,2777,5,b
2,4738,3112,3113,10,not_b
2,4739,2575,2576,5,b
2,4740,711,712,5,b
2,4741,1657,1658,13,implies
2,4742,3651,3652,15,one
2,4743,5044,5045,11,implied_by
2,4744,5879,5880,8,not_or
2,4745,1990,1991,2,not_implies
2,4746,989,990,2,not_implies
2,4747,2924,2925,6,xor
2,4748,452,453,9,not_xor
2,4749,2723,2724,8,not_or
2,4750,4716,4717,9,not_xor
2,4751,3218,3219,6,xor
2,4752,5169,5170,8,not_or
2,4753,682,683,11,implied_by
2,4754,4333,4334,13,implies
2,4755,3971,3972,9,not_xor
2,4756,977,978,8,not_or
2,4757,2868,2869,8,not_or
2,4758,203,204,3,a
2,4759,2129,2130,6,xor
2,4760,3313,3314,13,implies
2,4761,2037,2038,7,or
2,4762,3935,3936,7,or
2,4763,2955,2956,7,or
2,4764,127,128,13,implies
2,4765,5768,5769,7,or
2,4766,2391,2392,9,not_xor
2,4767,4601,4602,3,a
2,4768,1172,1173,5,b
2,4769,5464,5465,8,not_or
2,4770,3890,3891,14,not_and
2,4771,2439,2440,6,xor
2,4772,5199,5200,13,implies
2,4773,2687,2688,1,and
2,4774,5524,5525,9,not_xor
2,4775,1972,1973,9,not_xor
2,4776,4794,4795,10,not_b
2,4777,724,725,3,a
2,4778,4592,4593,6,xor
2,4779,4413,4414,8,not_or
2,4780,4676,4677,6,xor
2,4781,2175,2176,2,not_implies
2,4782,2680,2681,9,not_xor
2,4783,5792,5793,11,implied_by
2,4784,5488,5489,8,not_or
2,4785,1768,1769,10,not_b
2,4786,212,213,12,not_a
2,4787,4314,4315,4,not_implied_by
2,4788,339,340,6,xor
2,4789,1934,1935,10,not_b
2,4790,398,399,4,not_implied_by
2,4791,2560,2561,12,not_a
2,4792,1023,1024,6,xor
2,4793,633,634,5,b
2,4794,3842,3843,9,not_xor
2,4795,5765,5766,12,not_a
2,4796,3050,3051,3,a
2,4797,606,607,3,a
2,4798,2878,2879,9,not_xor
2,4799,1943,1944,10,not_b
2,4800,5942,5943,6,xor
2,4801,3921,3922,1,and
2,4802,2843,2844,6,xor
2,4803,1944,1945,13,implies
2,4804,3074,3075,10,not_b
2,4805,5959,5960,9,not_xor
2,4806,2737,2738,9,not_xor
2,4807,5766,5767,4,not_implied_by
2,4808,5356,5357,5,b
2,4809,3876,3877,5,b
2,4810,5376,5377,3,a
2,4811,3781,3782,13,implies
2,4812,1727,1728,12,not_a
2,4813,1139,1140,8,not_or
2,4814,4736,4737,7,or
2,4815,2729,2730,10,not_b
2,4816,1509,1510,9,not_xor
2,4817,2460,2461,5,b
2,4818,4774,4775,12,not_a
2,4819,2556,2557,6,xor
2,4820,121,122,3,a
2,4821,4331,4332,9,not_xor
2,4822,3846,3847,6,xor
2,4823,1118,1119,9,not_xor
2,4824,2514,2515,6,xor
2,4825,2476,2477,6,xor
2,4826,3939,3940,7,or
2,4827,3068,3069,10,not_b
2,4828,2208,2209,13,implies
2,4829,2828,2829,5,b
2,4830,1516,1517,10,not_b
2,4831,3631,3632,5,b
2,4832,1282,1283,11,implied_by
2,4833,1262,1263,2,not_implies
2,4834,2106,2107,13,implies
2,4835,317,318,6,xor
2,4836,5584,5585,12,not_a
2,4837,5265,5266,9,not_xor
2,4838,2521,2522,2,not_implies
2,4839,5783,5784,3,a
2,4840,3778,3779,4,not_implied_by
2,4841,914,915,6,xor
2,4842,5888,5889,9,not_xor
2,4843,1260,1261,5,b
2,4844,1177,1178,8,not_or
2,4845,1615,1616,9,not_xor
2,4846,4248,4249,5,b
2,4847,401,402,9,not_xor
2,4848,435,436,3,a
2,4849,2513,2514,1,and
2,4850,3545,3546,6,xor
2,4851,908,909,6,xor
2,4852,3069,3070,8,not_or
2,4853,1022,1023,2,not_implies
2,4854,4233,4234,11,implied_by
2,4855,4342,4343,4,not_implied_by
2,4856,4937,4938,8,not_or
2,4857,4599,4600,1,and
2,4858,94,95,9,not_xor
2,4859,5654,5655,5,b
2,4860,1214,1215,12,not_a
2,4861,1066,1067,2,not_implies
2,4862,1899,1900,6,xor
2,4863,179,180,3,a
2,4864,3745,3746,1,and
2,4865,5863,5864,5,b
2,4866,1435,1436,6,xor
2,4867,3388,3389,14,not_and
2,4868,5371,5372,14,not_and
2,4869,1521,1522,6,xor
2,4870,610,611,10,not_b
2,4871,3803,3804,7,or
2,4872,3924,3925,3,a
2,4873,4688,4689,4,not_implied_by
2,4874,1463,1464,11,implied_by
2,4875,2038,2039,4,not_implied_by
2,4876,1031,1032,5,b
2,4877,3603,3604,13,implies
2,4878,5852,5853,8,not_or
2,4879,4321,4322,6,xor
2,4880,4832,4833,10,not_b
2,4881,697,698,11,implied_by
2,4882,2041,2042,1,and
2,4883,115,116,8,not_or
2,4884,1642,1643,13,implies
2,4885,1029,1030,7,or
2,4886,5858,5859,2,not_implies
2,4887,1773,1774,10,not_b
2,4888,558,559,9,not_xor
2,4889,2003,2004,5,b
2,4890,2805,2806,14,not_and
2,4891,4586,4587,8,not_or
2,4892,12,13,4,not_implied_by
2,4893,1630,1631,8,not_or
2,4894,2131,2132,10,not_b
2,4895,5674,5675,5,b
2,4896,5750,5751,6,xor
2,4897,5582,5583,12,not_a
2,4898,2523,2524,8,not_or
2,4899,2402,2403,14,not_and
2,4900,4267,4268,14,not_and
2,4901,5729,5730,4,not_implied_by
2,4902,4879,4880,8,not_or
2,4903,4798,4799,3,a
2,4904,3502,3503,14,not_and
2,4905,3337,3338,11,implied_by
2,4906,3643,3644,9,not_xor
2,4907,4539,4540,9,not_xor
2,4908,4693,4694,7,or
2,4909,1840,1841,14,not_and
2,4910,3757,3758,5,b
2,4911,4555,4556,12,not_a
2,4912,1251,1252,8,not_or
2,4913,1895,1896,12,not_a
2,4914,3653,3654,1,and
2,4915,1816,1817,9,not_xor
2,4916,5307,5308,2,not_implies
2,4917,905,906,12,not_a
2,4918,5846,5847,5,b
2,4919,4001,4002,5,b
2,4920,2378,2379,14,not_and
2,4921,3509,3510,12,not_a
2,4922,718,719,8,not_or
2,4923,2716,2717,6,xor
2,4924,2491,2492,4,not_implied_by
2,4925,3731,3732,12,not_a
2,4926,557,558,2,not_implies
2,4927,5514,5515,7,or
2,4928,509,510,10,not_b
2,4929,2398,2399,6,xor
2,4930,3869,3870,7,or
2,4931,2257,2258,12,not_a
2,4932,4438,4439,9,not_xor
2,4933,5346,5347,7,or
2,4934,2074,2075,5,b
2,4935,1135,1136,9,not_xor
2,4936,5830,5831,11,implied_by
2,4937,2083,2084,4,not_implied_by
2,4938,4637,4638,14,not_and
2,4939,4086,4087,5,b
2,4940,5425,5426,12,not_a
2,4941,3161,3162,5,b
2,4942,2746,2747,6,xor
2,4943,1092,1093,11,implied_by
2,4944,1230,1231,5,b
2,4945,3418,3419,6,xor
2,4946,4276,4277,9,not_xor
2,4947,5717,5718,5,b
2,4948,1413,1414,10,not_b
2,4949,1015,1016,3,a
2,4950,1241,1242,3,a
2,4951,5319,5320,8,not_or
2,4952,1624,1625,14,not_and
2,4953,3189,3190,5,b
2,4954,4278,4279,5,b
2,4955,5661,5662,13,implies
2,4956,5549,5550,11,implied_by
2,4957,4000,4001,9,not_xor
2,4958,1519,1520,1,and
2,4959,1752,1753,8,not_or
2,4960,955,956,5,b
2,4961,4993,4994,5,b
2,4962,5598,5599,4,not_implied_by
2,4963,735,736,1,and
2,4964,1757,1758,12,not_a
2,4965,2819,2820,10,not_b
2,4966,2935,2936,8,not_or
2,4967,4508,4509,5,b
2,4968,257,258,10,not_b
2,4969,247,248,5,b
2,4970,3300,3301,11,implied_by
2,4971,2451,2452,14,not_and
2,4972,1539,1540,3,a
2,4973,4727,4728,5,b
2,4974,430,431,5,b
2,4975,4944,4945,14,not_and
2,4976,2088,2089,6,xor
2,4977,2053,2054,5,b
2,4978,2650,2651,12,not_a
2,4979,5258,5259,2,not_implies
2,4980,5770,5771,6,xor
2,4981,272,273,11,implied_by
2,4982,4257,4258,10,not_b
2,4983,55,56,8,not_or
2,4984,1328,1329,13,implies
2,4985,1985,1986,3,a
2,4986,5508,5509,5,b
2,4987,4116,4117,7,or
2,4988,5298,5299,10,not_b
2,4989,5184,5185,12,not_a
2,4990,2641,2642,10,not_b
2,4991,3791,3792,9,not_xor
2,4992,1078,1079,2,not_implies
2,4993,5784,5785,7,or
2,4994,1211,1212,9,not_xor
2,4995,1729,1730,4,not_implied_by
2,4996,2755,2756,10,not_b
2,4997,871,872,1,and
2,4998,4766,4767,14,not_and
2,4999,5994,5995,1,and
2,5000,2291,2292,6,xor
2,5001,2444,2445,2,not_implies
2,5002,3519,3520,14,not_and
2,5003,613,614,8,not_or
2,5004,1530,1531,5,b
2,5005,1547,1548,11,implied_by
2,5006,852,853,12,not_a
2,5007,853,854,8,not_or
2,5008,3532,3533,13,implies
2,5009,5843,5844,10,not_b
2,5010,3125,3126,11,implied_by
2,5011,1286,1287,8,not_or
2,5012,3759,3760,1,and
2,5013,474,475,6,xor
2,5014,3775,3776,13,implies
2,5015,2183,2184,5,b
2,5016,3081,3082,5,b
2,5017,804,805,4,not_implied_by
2,5018,3379,3380,13,implies
2,5019,1086,1087,5,b
2,5020,655,656,9,not_xor
2,5021,1445,1446,14,not_and
2,5022,687,688,10,not_b
2,5023,4022,4023,6,xor
2,5024,2355,2356,9,not_xor
2,5025,2420,2421,14,not_and
2,5026,2252,2253,4,not_implied_by
2,5027,1726,1727,10,not_b
2,5028,4253,4254,14,not_and
2,5029,5835,5836,5,b
2,5030,609,610,3,a
2,5031,3080,3081,1,and
2,5032,4401,4402,12,not_a
2,5033,4528,4529,9,not_xor
2,5034,329,330,4,not_implied_by
2,5035,924,925,14,not_and
2,5036,4651,4652,1,and
2,5037,5521,5522,2,not_implies
2,5038,2855,2856,6,xor
2,5039,4426,4427,9,not_xor
2,5040,1128,1129,12,not_a
2,5041,3616,3617,8,not_or
2,5042,4978,4979,5,b
2,5043,1960,1961,1,and
2,5044,5940,5941,9,not_xor
2,5045,4588,4589,3,a
2,5046,1347,1348,1,and
2,5047,5901,5902,12,not_a
2,5048,5179,5180,6,xor
2,5049,1272,1273,5,b
2,5050,5054,5055,3,a
2,5051,5906,5907,11,implied_by
2,5052,3255,3256,1,and
2,5053,5844,5845,3,a
2,5054,3801,3802,6,xor
2,5055,5713,5714,5,b
2,5056,4614,4615,2,not_implies
2,5057,5504,5505,8,not_or
2,5058,3582,3583,12,not_a
2,5059,2794,2795,6,xor
2,5060,5222,5223,14,not_and
2,5061,269,270,10,not_b
2,5062,594,595,13,implies
2,5063,102,103,12,not_a
2,5064,5685,5686,10,not_b
2,5065,5958,5959,4,not_implied_by
2,5066,5106,5107,11,implied_by
2,5067,5477,5478,10,not_b
2,5068,4721,4722,2,not_implies
2,5069,2396,2397,11,implied_by
2,5070,5930,5931,9,not_xor
2,5071,715,716,6,xor
2,5072,4745,4746,14,not_and
2,5073,5216,5217,2,not_implies
2,5074,2606,2607,5,b
2,5075,2678,2679,12,not_a
2,5076,4468,4469,9,not_xor
2,5077,532,533,7,or
2,5078,3114,3115,11,implied_by
2,5079,658,659,2,not_implies
2,5080,5580,5581,1,and
2,5081,1110,1111,3,a
2,5082,378,379,10,not_b
2,5083,3550,3551,13,implies
2,5084,4623,4624,11,implied_by
2,5085,48,49,14,not_and
2,5086,5970,5971,12,not_a
2,5087,1163,1164,12,not_a
2,5088,795,796,7,or
2,5089,5214,5215,9,not_xor
2,5090,1561,1562,5,b
2,5091,2325,2326,9,not_xor
2,5092,83,84,14,not_and
2,5093,4142,4143,6,xor
2,5094,1331,1332,3,a
2,5095,34,35,5,b
2,5096,1928,1929,8,not_or
2,5097,4780,4781,9,not_xor
2,5098,259,260,12,not_a
2,5099,2095,2096,12,not_a
2,5100,4587,4588,6,xor
2,5101,4548,4549,4,not_implied_by
2,5102,2569,2570,9,not_xor
2,5103,1261,1262,5,b
2,5104,1411,1412,7,or
2,5105,5937,5938,9,not_xor
2,5106,2873,2874,3,a
2,5107,3271,3272,10,not_b
2,5108,5262,5263,13,implies
2,5109,5740,5741,5,b
2,5110,4023,4024,5,b
2,5111,1897,1898,6,xor
2,5112,1670,1671,10,not_b
2,5113,5918,5919,3,a
2,5114,1813,1814,9,not_xor
2,5115,2664,2665,6,xor
2,5116,4781,4782,12,not_a
2,5117,174,175,10,not_b
2,5118,5957,5958,9,not_xor
2,5119,649,650,1,and
2,5120,3607,3608,3,a
2,5121,2599,2600,8,not_or
2,5122,337,338,1,and
2,5123,140,141,11,implied_by
2,5124,4356,4357,6,xor
2,5125,2698,2699,7,or
2,5126,5962,5963,12,not_a
2,5127,408,409,2,not_implies
2,5128,3583,3584,8,not_or
2,5129,2319,2320,3,a
2,5130,4880,4881,9,not_xor
2,5131,2267,2268,7,or
2,5132,5927,5928,3,a
2,5133,1299,1300,9,not_xor
2,5134,3850,3851,2,not_implies
2,5135,5878,5879,5,b
2,5136,3140,3141,3,a
2,5137,3618,3619,7,or
2,5138,2778,2779,10,not_b
2,5139,618,619,11,implied_by
2,5140,2414,2415,13,implies
2,5141,2264,2265,13,implies
2,5142,4400,4401,14,not_and
2,5143,684,685,12,not_a
2,5144,5369,5370,6,xor
2,5145,3254,3255,9,not_xor
2,5146,1393,1394,1,and
2,5147,1284,1285,4,not_implied_by
2,5148,4652,4653,5,b
2,5149,3002,3003,13,implies
2,5150,5791,5792,4,not_implied_by
2,5151,2075,2076,11,implied_by
2,5152,2082,2083,5,b
2,5153,4564,4565,11,implied_by
2,5154,3384,3385,4,not_implied_by
2,5155,2917,2918,3,a
2,5156,1645,1646,7,or
2,5157,4359,4360,9,not_xor
2,5158,935,936,6,xor
2,5159,4526,4527,14,not_and
2,5160,2150,2151,2,not_implies
2,5161,5500,5501,1,and
2,5162,3670,3671,6,xor
2,5163,4979,4980,15,one
2,5164,851,852,10,not_b
2,5165,2478,2479,10,not_b
2,5166,2305,2306,4,not_implied_by
2,5167,643,644,5,b
2,5168,2791,2792,11,implied_by
2,5169,3486,3487,6,xor
2,5170,1929,1930,7,or
2,5171,5459,5460,10,not_b
2,5172,2496,2497,12,not_a
2,5173,1986,1987,2,not_implies
2,5174,2255,2256,4,not_implied_by
2,5175,5428,5429,15,one
2,5176,101,102,8,not_or
2,5177,885,886,6,xor
2,5178,783,784,0,zero
2,5179,1536,1537,12,not_a
2,5180,2968,2969,3,a
2,5181,4634,4635,6,xor
2,5182,4697,4698,1,and
2,5183,3703,3704,12,not_a
2,5184,605,606,14,not_and
2,5185,2144,2145,10,not_b
2,5186,2085,2086,13,implies
2,5187,699,700,13,implies
2,5188,4044,4045,4,not_implied_by
2,5189,4115,4116,3,a
2,5190,5696,5697,8,not_or
2,5191,1157,1158,3,a
2,5192,4485,4486,6,xor
2,5193,1291,1292,12,not_a
2,5194,5628,5629,5,b
2,5195,185,186,2,not_implies
2,5196,959,960,5,b
2,5197,4129,4130,6,xor
2,5198,129,130,12,not_a
2,5199,3266,3267,3,a
2,5200,3291,3292,6,xor
2,5201,1308,1309,12,not_a
2,5202,1439,1440,1,and
2,5203,1980,1981,8,not_or
2,5204,262,263,2,not_implies
2,5205,3430,3431,9,not_xor
2,5206,5815,5816,11,implied_by
2,5207,5287,5288,10,not_b
2,5208,5413,5414,9,not_xor
2,5209,4620,4621,8,not_or
2,5210,3153,3154,9,not_xor
2,5211,2273,2274,5,b
2,5212,2269,2270,10,not_b
2,5213,352,353,13,implies
2,5214,2707,2708,5,b
2,5215,5175,5176,7,or
2,5216,4990,4991,14,not_and
2,5217,4271,4272,9,not_xor
2,5218,80,81,5,b
2,5219,904,905,2,not_implies
2,5220,5777,5778,6,xor
2,5221,3531,3532,11,implied_by
2,5222,3542,3543,10,not_b
2,5223,2122,2123,7,or
2,5224,3790,3791,10,not_b
2,5225,3839,3840,8,not_or
2,5226,3860,3861,8,not_or
2,5227,3308,3309,9,not_xor
2,5228,4054,4055,2,not_implies
2,5229,3730,3731,1,and
2,5230,5335,5336,10,not_b
2,5231,758,759,13,implies
2,5232,5553,5554,7,or
2,5233,360,361,14,not_and
2,5234,3661,3662,9,not_xor
2,5235,1120,1121,14,not_and
2,5236,1502,1503,10,not_b
2,5237,5085,5086,8,not_or
2,5238,1607,1608,4,not_implied_by
2,5239,1417,1418,5,b
2,5240,253,254,9,not_xor
2,5241,5723,5724,2,not_implies
2,5242,4583,4584,13,implies
2,5243,2976,2977,12,not_a
2,5244,5794,5795,12,not_a
2,5245,799,800,14,not_and
2,5246,2263,2264,10,not_b
2,5247,2524,2525,8,not_or
2,5248,2754,2755,8,not_or
2,5249,1881,1882,10,not_b
2,5250,730,731,7,or
2,5251,2127,2128,12,not_a
2,5252,3462,3463,4,not_implied_by
2,5253,1382,1383,5,b
2,5254,31,32,5,b
2,5255,3635,3636,5,b
2,5256,3240,3241,1,and
2,5257,2025,2026,5,b
2,5258,1363,1364,11,implied_by
2,5259,33,34,7,or
2,5260,5245,5246,6,xor
2,5261,1559,1560,0,zero
2,5262,3931,3932,14,not_and
2,5263,1926,1927,1,and
2,5264,593,594,10,not_b
2,5265,1911,1912,2,not_implies
2,5266,2401,2402,5,b
2,5267,3319,3320,6,xor
2,5268,3614,3615,11,implied_by
2,5269,3882,3883,4,not_implied_by
2,5270,4581,4582,6,xor
2,5271,2350,2351,12,not_a
2,5272,2181,2182,4,not_implied_by
2,5273,5139,5140,9,not_xor
2,5274,3328,3329,6,xor
2,5275,2886,2887,11,implied_by
2,5276,4235,4236,10,not_b
2,5277,1455,1456,9,not_xor
2,5278,962,963,15,one
2,5279,239,240,7,or
2,5280,1596,1597,11,implied_by
2,5281,1535,1536,12,not_a
2,5282,4484,4485,1,and
2,5283,3900,3901,5,b
2,5284,3826,3827,8,not_or
2,5285,3827,3828,11,implied_by
2,5286,4796,4797,11,implied_by
2,5287,1060,1061,14,not_and
2,5288,192,193,8,not_or
2,5289,4984,4985,2,not_implies
2,5290,1701,1702,14,not_and
2,5291,3629,3630,4,not_implied_by
2,5292,4486,4487,10,not_b
2,5293,466,467,2,not_implies
2,5294,1602,1603,11,implied_by
2,5295,2811,2812,10,not_b
2,5296,2031,2032,10,not_b
2,5297,4391,4392,9,not_xor
2,5298,5320,5321,7,or
2,5299,4742,4743,9,not_xor
2,5300,4895,4896,9,not_xor
2,5301,1927,1928,12,not_a
2,5302,1831,1832,14,not_and
2,5303,4105,4106,3,a
2,5304,120,121,4,not_implied_by
2,5305,5460,5461,9,not_xor
2,5306,3422,3423,6,xor
2,5307,2039,2040,9,not_xor
2,5308,397,398,5,b
2,5309,2537,2538,10,not_b
2,5310,1674,1675,14,not_and
2,5311,2991,2992,4,not_implied_by
2,5312,2987,2988,13,implies
2,5313,1401,1402,10,not_b
2,5314,4414,4415,7,or
2,5315,4854,4855,10,not_b
2,5316,142,143,12,not_a
2,5317,3779,3780,14,not_and
2,5318,2450,2451,14,not_and
2,5319,2020,2021,5,b
2,5320,4828,4829,8,not_or
2,5321,4536,4537,10,not_b
2,5322,2585,2586,6,xor
2,5323,3522,3523,5,b
2,5324,2013,2014,3,a
2,5325,1154,1155,3,a
2,5326,647,648,7,or
2,5327,5334,5335,8,not_or
2,5328,1988,1989,3,a
2,5329,3889,3890,9,not_xor
2,5330,2901,2902,3,a
2,5331,2283,2284,6,xor
2,5332,1883,1884,7,or
2,5333,2404,2405,9,not_xor
2,5334,2210,2211,7,or
2,5335,5677,5678,5,b
2,5336,1366,1367,3,a
2,5337,5090,5091,5,b
2,5338,2628,2629,10,not_b
2,5339,4108,4109,8,not_or
2,5340,2314,2315,6,xor
2,5341,957,958,9,not_xor
2,5342,4040,4041,9,not_xor
2,5343,1387,1388,1,and
2,5344,1655,1656,3,a
2,5345,3959,3960,2,not_implies
2,5346,3776,3777,14,not_and
2,5347,2508,2509,2,not_implies
2,5348,812,813,1,and
2,5349,785,786,0,zero
2,5350,2825,2826,1,and
2,5351,5837,5838,6,xor
2,5352,1440,1441,7,or
2,5353,527,528,6,xor
2,5354,3702,3703,12,not_a
2,5355,3390,3391,9,not_xor
2,5356,5564,5565,13,implies
2,5357,3647,3648,5,b
2,5358,3966,3967,8,not_or
2,5359,5745,5746,10,not_b
2,5360,1796,1797,12,not_a
2,5361,151,152,10,not_b
2,5362,5657,5658,11,implied_by
2,5363,1007,1008,10,not_b
2,5364,3152,3153,1,and
2,5365,4617,4618,13,implies
2,5366,3482,3483,10,not_b
2,5367,3955,3956,9,not_xor
2,5368,5772,5773,4,not_implied_by
2,5369,4514,4515,1,and
2,5370,3395,3396,12,not_a
2,5371,5834,5835,2,not_implies
2,5372,5002,5003,3,a
2,5373,3350,3351,7,or
2,5374,5191,5192,9,not_xor
2,5375,5390,5391,8,not_or
2,5376,4217,4218,4,not_implied_by
2,5377,4381,4382,8,not_or
2,5378,1104,1105,8,not_or
2,5379,4348,4349,9,not_xor
2,5380,1856,1857,12,not_a
2,5381,1711,1712,13,implies
2,5382,5420,5421,4,not_implied_by
2,5383,4627,4628,12,not_a
2,5384,1666,1667,8,not_or
2,5385,866,867,6,xor
2,5386,1608,1609,13,implies
2,5387,4319,4320,1,and
2,5388,1777,1778,11,implied_by
2,5389,324,325,10,not_b
2,5390,1673,1674,9,not_xor
2,5391,2660,2661,12,not_a
2,5392,1264,1265,5,b
2,5393,3756,3757,11,implied_by
2,5394,4870,4871,7,or
2,5395,4875,4876,6,xor
2,5396,3306,3307,13,implies
2,5397,790,791,9,not_xor
2,5398,3348,3349,3,a
2,5399,4071,4072,10,not_b
2,5400,516,517,3,a
2,5401,4368,4369,1,and
2,5402,3228,3229,3,a
2,5403,950,951,6,xor
2,5404,5152,5153,4,not_implied_by
2,5405,5180,5181,6,xor
2,5406,4151,4152,5,b
2,5407,2373,2374,8,not_or
2,5408,79,80,13,implies
2,5409,554,555,9,not_xor
2,5410,2225,2226,11,implied_by
2,5411,1690,1691,6,xor
2,5412,5072,5073,12,not_a
2,5413,1367,1368,1,and
2,5414,502,503,9,not_xor
2,5415,708,709,6,xor
2,5416,1079,1080,11,implied_by
2,5417,4324,4325,9,not_xor
2,5418,5412,5413,9,not_xor
2,5419,4925,4926,6,xor
2,5420,4325,4326,11,implied_by
2,5421,3977,3978,10,not_b
2,5422,2494,2495,3,a
2,5423,4560,4561,9,not_xor
2,5424,5454,5455,2,not_implies
2,5425,1918,1919,5,b
2,5426,1041,1042,7,or
2,5427,5801,5802,2,not_implies
2,5428,3927,3928,12,not_a
2,5429,3786,3787,9,not_xor
2,5430,2204,2205,1,and
2,5431,1523,1524,9,not_xor
2,5432,872,873,2,not_implies
2,5433,2786,2787,9,not_xor
2,5434,432,433,3,a
2,5435,362,363,6,xor
2,5436,1898,1899,11,implied_by
2,5437,4380,4381,2,not_implies
2,5438,3929,3930,6,xor
2,5439,4903,4904,14,not_and
2,5440,5001,5002,2,not_implies
2,5441,1682,1683,3,a
2,5442,3143,3144,13,implies
2,5443,2072,2073,12,not_a
2,5444,2375,2376,0,zero
2,5445,4478,4479,4,not_implied_by
2,5446,3185,3186,4,not_implied_by
2,5447,170,171,4,not_implied_by
2,5448,1819,1820,9,not_xor
2,5449,2389,2390,1,and
2,5450,5855,5856,13,implies
2,5451,5023,5024,12,not_a
2,5452,2379,2380,5,b
2,5453,5948,5949,10,not_b
2,5454,5639,5640,3,a
2,5455,1680,1681,6,xor
2,5456,1415,1416,3,a
2,5457,1506,1507,11,implied_by
2,5458,1694,1695,14,not_and
2,5459,1932,1933,13,implies
2,5460,1102,1103,10,not_b
2,5461,1002,1003,10,not_b
2,5462,1397,1398,14,not_and
2,5463,5197,5198,10,not_b
2,5464,3178,3179,8,not_or
2,5465,1910,1911,12,not_a
2,5466,4094,4095,13,implies
2,5467,2221,2222,10,not_b
2,5468,59,60,9,not_xor
2,5469,4353,4354,2,not_implies
2,5470,4699,4700,3,a
2,5471,3596,3597,9,not_xor
2,5472,828,829,8,not_or
2,5473,2686,2687,10,not_b
2,5474,1656,1657,2,not_implies
2,5475,3782,3783,2,not_implies
2,5476,2932,2933,11,implied_by
2,5477,4031,4032,7,or
2,5478,607,608,8,not_or
2,5479,4754,4755,12,not_a
2,5480,2947,2948,11,implied_by
2,5481,2193,2194,12,not_a
2,5482,542,543,14,not_and
2,5483,4641,4642,13,implies
2,5484,1838,1839,10,not_b
2,5485,5239,5240,6,xor
2,5486,2213,2214,9,not_xor
2,5487,2915,2916,12,not_a
2,5488,837,838,13,implies
2,5489,3710,3711,14,not_and
2,5490,1649,1650,6,xor
2,5491,2294,2295,4,not_implied_by
2,5492,865,866,6,xor
2,5493,4803,4804,10,not_b
2,5494,681,682,8,not_or
2,5495,845,846,6,xor
2,5496,4444,4445,7,or
2,5497,2967,2968,7,or
2,5498,5066,5067,6,xor
2,5499,3434,3435,11,implied_by
2,5500,900,901,14,not_and
2,5501,3018,3019,3,a
2,5502,4200,4201,9,not_xor
2,5503,2832,2833,9,not_xor
2,5504,5651,5652,15,one
2,5505,3334,3335,11,implied_by
2,5506,4080,4081,11,implied_by
2,5507,3684,3685,10,not_b
2,5508,2784,2785,5,b
2,5509,2526,2527,5,b
2,5510,5193,5194,3,a
2,5511,4327,4328,13,implies
2,5512,4894,4895,3,a
2,5513,5833,5834,11,implied_by
2,5514,3181,3182,6,xor
2,5515,2071,2072,2,not_implies
2,5516,5756,5757,7,or
2,5517,47,48,8,not_or
2,5518,2016,2017,10,not_b
2,5519,1441,1442,4,not_implied_by
2,5520,5820,5821,14,not_and
2,5521,2718,2719,6,xor
2,5522,3538,3539,10,not_b
2,5523,1045,1046,3,a
2,5524,5437,5438,10,not_b
2,5525,5928,5929,6,xor
2,5526,5649,5650,4,not_implied_by
2,5527,2704,2705,2,not_implies
2,5528,4156,4157,2,not_implies
2,5529,2244,2245,6,xor
2,5530,199,200,9,not_xor
2,5531,4809,4810,9,not_xor
2,5532,1136,1137,7,or
2,5533,801,802,3,a
2,5534,5947,5948,8,not_or
2,5535,1273,1274,9,not_xor
2,5536,564,565,4,not_implied_by
2,5537,1697,1698,13,implies
2,5538,375,376,7,or
2,5539,602,603,9,not_xor
2,5540,4350,4351,8,not_or
2,5541,3267,3268,5,b
2,5542,1700,1701,14,not_and
2,5543,4511,4512,11,implied_by
2,5544,4134,4135,13,implies
2,5545,4038,4039,9,not_xor
2,5546,4556,4557,9,not_xor
2,5547,5720,5721,8,not_or
2,5548,1174,1175,0,zero
2,5549,5557,5558,11,implied_by
2,5550,1181,1182,13,implies
2,5551,3516,3517,9,not_xor
2,5552,5131,5132,5,b
2,5553,5318,5319,9,not_xor
2,5554,5042,5043,12,not_a
2,5555,429,430,2,not_implies
2,5556,3135,3136,9,not_xor
2,5557,2719,2720,6,xor
2,5558,5679,5680,8,not_or
2,5559,2782,2783,6,xor
2,5560,5407,5408,1,and
2,5561,3042,3043,12,not_a
2,5562,1452,1453,1,and
2,5563,5040,5041,4,not_implied_by
2,5564,2000,2001,6,xor
2,5565,4558,4559,8,not_or
2,5566,1075,1076,13,implies
2,5567,5922,5923,11,implied_by
2,5568,274,275,14,not_and
2,5569,5414,5415,12,not_a
2,5570,4983,4984,14,not_and
2,5571,471,472,1,and
2,5572,4660,4661,3,a
2,5573,5625,5626,3,a
2,5574,2464,2465,13,implies
2,5575,2732,2733,12,not_a
2,5576,3727,3728,9,not_xor
2,5577,2814,2815,11,implied_by
2,5578,5813,5814,1,and
2,5579,1493,1494,5,b
2,5580,1870,1871,9,not_xor
2,5581,4499,4500,10,not_b
2,5582,3993,3994,8,not_or
2,5583,5977,5978,1,and
2,5584,1207,1208,14,not_and
2,5585,1807,1808,6,xor
2,5586,4862,4863,10,not_b
2,5587,5357,5358,14,not_and
2,5588,3249,3250,9,not_xor
2,5589,1806,1807,3,a
2,5590,1443,1444,5,b
2,5591,3186,3187,5,b
2,5592,1893,1894,6,xor
2,5593,2010,2011,12,not_a
2,5594,5605,5606,9,not_xor
2,5595,1147,1148,5,b
2,5596,1600,1601,10,not_b
2,5597,3405,3406,13,implies
2,5598,467,468,10,not_b
2,5599,5624,5625,13,implies
2,5600,1495,1496,2,not_implies
2,5601,2748,2749,9,not_xor
2,5602,4240,4241,9,not_xor
2,5603,2572,2573,6,xor
2,5604,1398,1399,10,not_b
2,5605,1659,1660,4,not_implied_by
2,5606,2793,2794,6,xor
2,5607,2629,2630,2,not_implies
2,5608,4509,4510,5,b
2,5609,5884,5885,9,not_xor
2,5610,3000,3001,15,one
2,5611,4730,4731,2,not_implies
2,5612,3591,3592,0,zero
2,5613,1534,1535,11,implied_by
2,5614,1134,1135,10,not_b
2,5615,1640,1641,10,not_b
2,5616,2866,2867,7,or
2,5617,3444,3445,9,not_xor
2,5618,4849,4850,7,or
2,5619,2602,2603,6,xor
2,5620,4304,4305,12,not_a
2,5621,5313,5314,13,implies
2,5622,4776,4777,6,xor
2,5623,5241,5242,11,implied_by
2,5624,4310,4311,10,not_b
2,5625,3739,3740,0,zero
2,5626,1866,1867,14,not_and
2,5627,4242,4243,6,xor
2,5628,5225,5226,4,not_implied_by
2,5629,2479,2480,1,and
2,5630,577,578,1,and
2,5631,1981,1982,14,not_and
2,5632,2160,2161,10,not_b
2,5633,1365,1366,9,not_xor
2,5634,2863,2864,6,xor
2,5635,2212,2213,5,b
2,5636,5534,5535,7,or
2,5637,426,427,0,zero
2,5638,4420,4421,7,or
2,5639,984,985,7,or
2,5640,3620,3621,10,not_b
2,5641,100,101,14,not_and
2,5642,5585,5586,1,and
2,5643,1430,1431,8,not_or
2,5644,5119,5120,11,implied_by
2,5645,731,732,15,one
2,5646,819,820,10,not_b
2,5647,3565,3566,9,not_xor
2,5648,888,889,10,not_b
2,5649,1846,1847,10,not_b
2,5650,2582,2583,5,b
2,5651,1919,1920,6,xor
2,5652,1841,1842,12,not_a
2,5653,2065,2066,7,or
2,5654,4019,4020,6,xor
2,5655,3521,3522,2,not_implies
2,5656,5475,5476,9,not_xor
2,5657,1992,1993,8,not_or
2,5658,5483,5484,6,xor
2,5659,5824,5825,0,zero
2,5660,5408,5409,4,not_implied_by
2,5661,3092,3093,6,xor
2,5662,1114,1115,9,not_xor
2,5663,5969,5970,3,a
2,5664,3146,3147,12,not_a
2,5665,2098,2099,13,implies
2,5666,5774,5775,6,xor
2,5667,3277,3278,3,a
2,5668,2094,2095,8,not_or
2,5669,4940,4941,1,and
2,5670,4675,4676,9,not_xor
2,5671,3742,3743,6,xor
2,5672,3278,3279,10,not_b
2,5673,3145,3146,10,not_b
2,5674,3829,3830,6,xor
2,5675,3167,3168,5,b
2,5676,3848,3849,3,a
2,5677,5806,5807,1,and
2,5678,4430,4431,10,not_b
2,5679,1967,1968,3,a
2,5680,4923,4924,9,not_xor
2,5681,241,242,1,and
2,5682,5006,5007,6,xor
2,5683,3612,3613,7,or
2,5684,3044,3045,10,not_b
2,5685,5697,5698,7,or
2,5686,4746,4747,11,implied_by
2,5687,25,26,8,not_or
2,5688,1245,1246,2,not_implies
2,5689,1776,1777,9,not_xor
2,5690,4982,4983,12,not_a
2,5691,4767,4768,5,b
2,5692,1971,1972,2,not_implies
2,5693,4027,4028,10,not_b
2,5694,1646,1647,4,not_implied_by
2,5695,4986,4987,1,and
2,5696,2410,2411,6,xor
2,5697,3990,3991,13,implies
2,5698,5759,5760,3,a
2,5699,439,440,6,xor
2,5700,5993,5994,10,not_b
2,5701,84,85,14,not_and
2,5702,5082,5083,5,b
2,5703,3898,3899,10,not_b
2,5704,1474,1475,13,implies
2,5705,3401,3402,10,not_b
2,5706,2669,2670,2,not_implies
2,5707,1348,1349,9,not_xor
2,5708,159,160,3,a
2,5709,3229,3230,5,b
2,5710,3038,3039,12,not_a
2,5711,1947,1948,6,xor
2,5712,1043,1044,11,implied_by
2,5713,4179,4180,8,not_or
2,5714,5623,5624,4,not_implied_by
2,5715,1999,2000,9,not_xor
2,5716,3173,3174,2,not_implies
2,5717,370,371,8,not_or
2,5718,3621,3622,1,and
2,5719,4806,4807,11,implied_by
2,5720,20,21,3,a
2,5721,2362,2363,2,not_implies
2,5722,1318,1319,2,not_implies
2,5723,5456,5457,10,not_b
2,5724,5301,5302,6,xor
2,5725,3128,3129,6,xor
2,5726,2116,2117,3,a
2,5727,252,253,10,not_b
2,5728,3989,3990,12,not_a
2,5729,4470,4471,3,a
2,5730,4221,4222,2,not_implies
2,5731,2471,2472,4,not_implied_by
2,5732,1589,1590,10,not_b
2,5733,2734,2735,9,not_xor
2,5734,5839,5840,7,or
2,5735,2867,2868,3,a
2,5736,419,420,5,b
2,5737,315,316,14,not_and
2,5738,3770,3771,8,not_or
2,5739,902,903,6,xor
2,5740,3450,3451,10,not_b
2,5741,560,561,9,not_xor
2,5742,2292,2293,7,or
2,5743,2535,2536,6,xor
2,5744,5663,5664,7,or
2,5745,3915,3916,10,not_b
2,5746,5975,5976,8,not_or
2,5747,1001,1002,10,not_b
2,5748,2578,2579,9,not_xor
2,5749,1222,1223,13,implies
2,5750,878,879,1,and
2,5751,543,544,6,xor
2,5752,1168,1169,5,b
2,5753,5493,5494,12,not_a
2,5754,2877,2878,4,not_implied_by
2,5755,50,51,3,a
2,5756,5161,5162,5,b
2,5757,394,395,7,or
2,5758,1295,1296,3,a
2,5759,5229,5230,6,xor
2,5760,1623,1624,3,a
2,5761,3230,3231,10,not_b
2,5762,5221,5222,6,xor
2,5763,2817,2818,5,b
2,5764,1962,1963,12,not_a
2,5765,5147,5148,10,not_b
2,5766,3655,3656,1,and
2,5767,2809,2810,5,b
2,5768,2469,2470,4,not_implied_by
2,5769,3147,3148,9,not_xor
2,5770,2753,2754,6,xor
2,5771,1885,1886,2,not_implies
2,5772,2574,2575,1,and
2,5773,4994,4995,6,xor
2,5774,5647,5648,10,not_b
2,5775,4465,4466,7,or
2,5776,4460,4461,11,implied_by
2,5777,1828,1829,8,not_or
2,5778,3193,3194,5,b
2,5779,2837,2838,3,a
2,5780,3441,3442,9,not_xor
2,5781,1581,1582,9,not_xor
2,5782,3994,3995,10,not_b
2,5783,987,988,3,a
2,5784,2485,2486,4,not_implied_by
2,5785,608,609,12,not_a
2,5786,5311,5312,6,xor
2,5787,5192,5193,9,not_xor
2,5788,559,560,7,or
2,5789,617,618,10,not_b
2,5790,3333,3334,2,not_implies
2,5791,1612,1613,9,not_xor
2,5792,2278,2279,4,not_implied_by
2,5793,1839,1840,7,or
2,5794,2571,2572,5,b
2,5795,3136,3137,4,not_implied_by
2,5796,5400,5401,9,not_xor
2,5797,4066,4067,6,xor
2,5798,739,740,14,not_and
2,5799,5821,5822,7,or
2,5800,3859,3860,6,xor
2,5801,1758,1759,10,not_b
2,5802,3913,3914,12,not_a
2,5803,1227,1228,2,not_implies
2,5804,4824,4825,4,not_implied_by
2,5805,5366,5367,13,implies
2,5806,4318,4319,4,not_implied_by
2,5807,2105,2106,1,and
2,5808,2461,2462,12,not_a
2,5809,2761,2762,9,not_xor
2,5810,5168,5169,8,not_or
2,5811,3089,3090,6,xor
2,5812,4677,4678,14,not_and
2,5813,5074,5075,3,a
2,5814,5860,5861,6,xor
2,5815,1093,1094,6,xor
2,5816,4167,4168,3,a
2,5817,4191,4192,5,b
2,5818,2848,2849,9,not_xor
2,5819,2953,2954,13,implies
2,5820,4130,4131,6,xor
2,5821,1021,1022,1,and
2,5822,4274,4275,12,not_a
2,5823,5587,5588,9,not_xor
2,5824,2247,2248,1,and
2,5825,2067,2068,12,not_a
2,5826,1242,1243,2,not_implies
2,5827,3070,3071,1,and
2,5828,4199,4200,9,not_xor
2,5829,3560,3561,9,not_xor
2,5830,4218,4219,14,not_and
2,5831,811,812,3,a
2,5832,5386,5387,11,implied_by
2,5833,2361,2362,9,not_xor
2,5834,5018,5019,13,implies
2,5835,4050,4051,10,not_b
2,5836,5272,5273,9,not_xor
2,5837,1762,1763,9,not_xor
2,5838,4513,4514,6,xor
2,5839,4379,4380,3,a
2,5840,3808,3809,7,or
2,5841,2121,2122,2,not_implies
2,5842,2759,2760,9,not_xor
2,5843,3213,3214,14,not_and
2,5844,2644,2645,2,not_implies
2,5845,1588,1589,10,not_b
2,5846,2653,2654,6,xor
2,5847,2656,2657,9,not_xor
2,5848,698,699,13,implies
2,5849,4454,4455,6,xor
2,5850,5099,5100,11,implied_by
2,5851,1243,1244,11,implied_by
2,5852,3203,3204,7,or
2,5853,3487,3488,9,not_xor
2,5854,488,489,11,implied_by
2,5855,4064,4065,4,not_implied_by
2,5856,2624,2625,11,implied_by
2,5857,1843,1844,5,b
2,5858,1553,1554,1,and
2,5859,3863,3864,7,or
2,5860,5542,5543,3,a
2,5861,4913,4914,13,implies
2,5862,3926,3927,9,not_xor
2,5863,2351,2352,9,not_xor
2,5864,2594,2595,10,not_b
2,5865,1392,1393,4,not_implied_by
2,5866,1396,1397,9,not_xor
2,5867,1787,1788,3,a
2,5868,3713,3714,12,not_a
2,5869,573,574,2,not_implies
2,5870,2467,2468,6,xor
2,5871,485,486,14,not_and
2,5872,335,336,6,xor
2,5873,1953,1954,5,b
2,5874,873,874,8,not_or
2,5875,3404,3405,5,b
2,5876,1882,1883,3,a
2,5877,313,314,6,xor
2,5878,4371,4372,6,xor
2,5879,5590,5591,13,implies
2,5880,4907,4908,12,not_a
2,5881,1906,1907,6,xor
2,5882,91,92,11,implied_by
2,5883,4280,4281,5,b
2,5884,4302,4303,12,not_a
2,5885,5516,5517,12,not_a
2,5886,161,162,12,not_a
2,5887,472,473,9,not_xor
2,5888,1320,1321,6,xor
2,5889,3150,3151,5,b
2,5890,4228,4229,13,implies
2,5891,2548,2549,2,not_implies
2,5892,1543,1544,4,not_implied_by
2,5893,70,71,1,and
2,5894,3449,3450,12,not_a
2,5895,1732,1733,2,not_implies
2,5896,213,214,4,not_implied_by
2,5897,1563,1564,6,xor
2,5898,966,967,2,not_implies
2,5899,1145,1146,12,not_a
2,5900,440,441,6,xor
2,5901,5395,5396,10,not_b
2,5902,242,243,3,a
2,5903,30,31,11,implied_by
2,5904,4395,4396,9,not_xor
2,5905,5866,5867,5,b
2,5906,5934,5935,13,implies
2,5907,5804,5805,14,not_and
2,5908,3912,3913,10,not_b
2,5909,5394,5395,10,not_b
2,5910,1153,1154,3,a
2,5911,5259,5260,6,xor
2,5912,1446,1447,6,xor
2,5913,4249,4250,3,a
2,5914,3641,3642,14,not_and
2,5915,3314,3315,6,xor
2,5916,5247,5248,5,b
2,5917,1077,1078,7,or
2,5918,1969,1970,1,and
2,5919,1733,1734,12,not_a
2,5920,574,575,10,not_b
2,5921,4650,4651,6,xor
2,5922,3995,3996,9,not_xor
2,5923,5593,5594,4,not_implied_by
2,5924,5982,5983,6,xor
2,5925,2546,2547,2,not_implies
2,5926,3064,3065,6,xor
2,5927,4533,4534,8,not_or
2,5928,4568,4569,2,not_implies
2,5929,4881,4882,4,not_implied_by
2,5930,5802,5803,12,not_a
2,5931,1641,1642,2,not_implies
2,5932,2096,2097,9,not_xor
2,5933,141,142,8,not_or
2,5934,5662,5663,7,or
2,5935,4410,4411,14,not_and
2,5936,3469,3470,10,not_b
2,5937,3436,3437,5,b
2,5938,3845,3846,8,not_or
2,5939,4387,4388,10,not_b
2,5940,3789,3790,2,not_implies
2,5941,2019,2020,3,a
2,5942,4797,4798,3,a
2,5943,3576,3577,6,xor
2,5944,1845,1846,7,or
2,5945,374,375,7,or
2,5946,5859,5860,9,not_xor
2,5947,3515,3516,14,not_and
2,5948,1144,1145,6,xor
2,5949,3736,3737,10,not_b
2,5950,2958,2959,12,not_a
2,5951,5224,5225,7,or
2,5952,1830,1831,5,b
2,5953,5769,5770,8,not_or
2,5954,1457,1458,3,a
2,5955,3322,3323,7,or
2,5956,5633,5634,12,not_a
2,5957,5372,5373,5,b
2,5958,5479,5480,2,not_implies
2,5959,4709,4710,14,not_and
2,5960,4012,4013,11,implied_by
2,5961,5013,5014,12,not_a
2,5962,2226,2227,12,not_a
2,5963,4573,4574,7,or
2,5964,806,807,14,not_and
2,5965,3315,3316,1,and
2,5966,2056,2057,7,or
2,5967,3562,3563,9,not_xor
2,5968,3447,3448,9,not_xor
2,5969,2705,2706,13,implies
2,5970,3182,3183,7,or
2,5971,5779,5780,5,b
2,5972,2201,2202,12,not_a
2,5973,169,170,9,not_xor
2,5974,2112,2113,10,not_b
2,5975,62,63,5,b
2,5976,2057,2058,5,b
2,5977,3881,3882,6,xor
2,5978,5583,5584,7,or
2,5979,782,783,2,not_implies
2,5980,1194,1195,4,not_implied_by
2,5981,1765,1766,14,not_and
2,5982,4399,4400,5,b
2,5983,2058,2059,5,b
2,5984,3720,3721,14,not_and
2,5985,936,937,3,a
2,5986,5626,5627,3,a
2,5987,2018,2019,5,b
2,5988,1156,1157,2,not_implies
2,5989,2099,2100,4,not_implied_by
2,5990,4388,4389,2,not_implies
2,5991,3609,3610,12,not_a
2,5992,1945,1946,8,not_or
2,5993,1753,1754,2,not_implies
2,5994,4464,4465,10,not_b
2,5995,896,897,8,not_or
2,5996,4523,4524,5,b
2,5997,1473,1474,6,xor
2,5998,3488,3489,7,or
2,5999,1460,1461,1,and
3,0,1395,1396,6,xor
3,1,3691,3692,6,xor
3,2,5261,5262,11,implied_by
3,3,3595,3596,6,xor
3,4,4818,4819,3,a
3,5,4796,4797,5,b
3,6,4949,4950,9,not_xor
3,7,1448,1449,10,not_b
3,8,2716,2717,13,implies
3,9,2918,2919,8,not_or
3,10,3502,3503,10,not_b
3,11,3293,3294,6,xor
3,12,4152,4153,7,or
3,13,4714,4715,9,not_xor
3,14,401,402,11,implied_by
3,15,1314,1315,6,xor
3,16,1992,1993,9,not_xor
3,17,3664,3665,6,xor
3,18,5331,5332,12,not_a
3,19,4295,4296,4,not_implied_by
3,20,5657,5658,9,not_xor
3,21,1024,1025,14,not_and
3,22,5205,5206,1,and
3,23,3212,3213,5,b
3,24,1125,1126,12,not_a
3,25,501,502,2,not_implies
3,26,5827,5828,6,xor
3,27,1967,1968,9,not_xor
3,28,1855,1856,1,and
3,29,5027,5028,9,not_xor
3,30,3985,3986,8,not_or
3,31,2328,2329,5,b
3,32,4010,4011,9,not_xor
3,33,95,96,8,not_or
3,34,4317,4318,11,implied_by
3,35,1877,1878,14,not_and
3,36,4445,4446,12,not_a
3,37,192,193,10,not_b
3,38,4900,4901,9,not_xor
3,39,5122,5123,11,implied_by
3,40,857,858,5,b
3,41,46,47,5,b
3,42,2172,2173,2,not_implies
3,43,5672,5673,2,not_implies
3,44,1386,1387,4,not_implied_by
3,45,643,644,6,xor
3,46,5325,5326,7,or
3,47,4481,4482,3,a
3,48,2073,2074,13,implies
3,49,4694,4695,6,xor
3,50,1523,1524,5,b
3,51,4352,4353,9,not_xor
3,52,5083,5084,9,not_xor
3,53,1743,1744,9,not_xor
3,54,2255,2256,5,b
3,55,4545,4546,3,a
3,56,3468,3469,6,xor
3,57,3781,3782,10,not_b
3,58,3773,3774,6,xor
3,59,4466,4467,5,b
3,60,1048,1049,9,not_xor
3,61,307,308,9,not_xor
3,62,4697,4698,6,xor
3,63,767,768,14,not_and
3,64,3556,3557,1,and
3,65,4735,4736,12,not_a
3,66,5758,5759,13,implies
3,67,4310,4311,3,a
3,68,3540,3541,15,one
3,69,335,336,6,xor
3,70,1146,1147,9,not_xor
3,71,82,83,13,implies
3,72,2087,2088,3,a
3,73,5052,5053,7,or
3,74,1182,1183,6,xor
3,75,5365,5366,9,not_xor
3,76,4615,4616,6,xor
3,77,3243,3244,11,implied_by
3,78,4021,4022,5,b
3,79,5806,5807,5,b
3,80,1248,1249,13,implies
3,81,2007,2008,6,xor
3,82,153,154,6,xor
3,83,5038,5039,6,xor
3,84,5785,5786,10,not_b
3,85,5489,5490,10,not_b
3,86,2649,2650,5,b
3,87,2289,2290,6,xor
3,88,3564,3565,10,not_b
3,89,4324,4325,9,not_xor
3,90,3010,3011,2,not_implies
3,91,4398,4399,10,not_b
3,92,1409,1410,3,a
3,93,5739,5740,10,not_b
3,94,3245,3246,7,or
3,95,655,656,6,xor
3,96,2964,2965,4,not_implied_by
3,97,3744,3745,6,xor
3,98,4658,4659,8,not_or
3,99,110,111,3,a
3,100,2638,2639,5,b
3,101,5996,5997,12,not_a
3,102,451,452,5,b
3,103,2092,2093,8,not_or
3,104,2109,2110,5,b
3,105,835,836,6,xor
3,106,5483,5484,6,xor
3,107,696,697,2,not_implies
3,108,852,853,14,not_and
3,109,4908,4909,4,not_implied_by
3,110,4579,4580,3,a
3,111,1801,1802,9,not_xor
3,112,1169,1170,6,xor
3,113,2791,2792,12,not_a
3,114,4022,4023,10,not_b
3,115,2226,2227,3,a
3,116,2641,2642,6,xor
3,117,4064,4065,10,not_b
3,118,2214,2215,6,xor
3,119,5773,5774,12,not_a
3,120,1478,1479,6,xor
3,121,5449,5450,9,not_xor
3,122,736,737,9,not_xor
3,123,4849,4850,9,not_xor
3,124,3116,3117,4,not_implied_by
3,125,1330,1331,10,not_b
3,126,490,491,12,not_a
3,127,5411,5412,3,a
3,128,4933,4934,13,implies
3,129,5720,5721,5,b
3,130,992,993,9,not_xor
3,131,4992,4993,9,not_xor
3,132,1494,1495,14,not_and
3,133,2016,2017,6,xor
3,134,4652,4653,6,xor
3,135,4498,4499,6,xor
3,136,3583,3584,11,implied_by
3,137,5709,5710,6,xor
3,138,1910,1911,2,not_implies
3,139,5421,5422,9,not_xor
3,140,5645,5646,14,not_and
3,141,1864,1865,5,b
3,142,749,750,9,not_xor
3,143,2079,2080,6,xor
3,144,1268,1269,3,a
3,145,5916,5917,4,not_implied_by
3,146,3413,3414,10,not_b
3,147,3849,3850,9,not_xor
3,148,4138,4139,3,a
3,149,1307,1308,6,xor
3,150,2725,2726,11,implied_by
3,151,4386,4387,1,and
3,152,5335,5336,9,not_xor
3,153,5033,5034,6,xor
3,154,347,348,6,xor
3,155,704,705,7,or
3,156,968,969,3,a
3,157,4378,4379,9,not_xor
3,158,510,511,9,not_xor
3,159,4348,4349,9,not_xor
3,160,5808,5809,10,not_b
3,161,2727,2728,10,not_b
3,162,5514,5515,3,a
3,163,3009,3010,5,b
3,164,3194,3195,10,not_b
3,165,3543,3544,5,b
3,166,3520,3521,11,implied_by
3,167,5732,5733,14,not_and
3,168,1581,1582,5,b
3,169,4382,4383,10,not_b
3,170,4002,4003,9,not_xor
3,171,3525,3526,3,a
3,172,255,256,9,not_xor
3,173,1851,1852,9,not_xor
3,174,1052,1053,4,not_implied_by
3,175,2162,2163,13,implies
3,176,614,615,3,a
3,177,3099,3100,10,not_b
3,178,1004,1005,12,not_a
3,179,5838,5839,5,b
3,180,5969,5970,3,a
3,181,5480,5481,12,not_a
3,182,3778,3779,9,not_xor
3,183,2313,2314,1,and
3,184,4791,4792,13,implies
3,185,5789,5790,6,xor
3,186,5448,5449,9,not_xor
3,187,3606,3607,12,not_a
3,188,5158,5159,11,implied_by
3,189,4768,4769,3,a
3,190,3387,3388,12,not_a
3,191,4640,4641,3,a
3,192,734,735,1,and
3,193,3961,3962,6,xor
3,194,4927,4928,14,not_and
3,195,4683,4684,9,not_xor
3,196,1279,1280,14,not_and
3,197,540,541,9,not_xor
3,198,77,78,6,xor
3,199,2286,2287,5,b
3,200,4891,4892,14,not_and
3,201,1469,1470,9,not_xor
3,202,5617,5618,4,not_implied_by
3,203,4943,4944,9,not_xor
3,204,2814,2815,13,implies
3,205,4544,4545,6,xor
3,206,1535,1536,5,b
3,207,3745,3746,12,not_a
3,208,4755,4756,12,not_a
3,209,66,67,8,not_or
3,210,460,461,9,not_xor
3,211,1579,1580,5,b
3,212,1444,1445,9,not_xor
3,213,2261,2262,9,not_xor
3,214,4726,4727,3,a
3,215,1900,1901,10,not_b
3,216,2730,2731,9,not_xor
3,217,2633,2634,1,and
3,218,3880,3881,12,not_a
3,219,5313,5314,9,not_xor
3,220,1196,1197,9,not_xor
3,221,3694,3695,3,a
3,222,5580,5581,12,not_a
3,223,2724,2725,5,b
3,224,1496,1497,9,not_xor
3,225,4031,4032,9,not_xor
3,226,1192,1193,10,not_b
3,227,3363,3364,8,not_or
3,228,4995,4996,6,xor
3,229,1970,1971,9,not_xor
3,230,5088,5089,10,not_b
3,231,1455,1456,5,b
3,232,780,781,5,b
3,233,5307,5308,15,one
3,234,3602,3603,9,not_xor
3,235,1862,1863,3,a
3,236,4614,4615,3,a
3,237,2089,2090,10,not_b
3,238,141,142,12,not_a
3,239,5526,5527,12,not_a
3,240,2869,2870,3,a
3,241,3499,3500,9,not_xor
3,242,4830,4831,6,xor
3,243,5689,5690,3,a
3,244,3375,3376,6,xor
3,245,5686,5687,6,xor
3,246,762,763,9,not_xor
3,247,947,948,8,not_or
3,248,1665,1666,6,xor
3,249,3294,3295,5,b
3,250,4569,4570,10,not_b
3,251,1687,1688,6,xor
3,252,1731,1732,9,not_xor
3,253,1406,1407,3,a
3,254,4571,4572,3,a
3,255,5889,5890,9,not_xor
3,256,5362,5363,9,not_xor
3,257,4373,4374,3,a
3,258,4680,4681,6,xor
3,259,2370,2371,5,b
3,260,3799,3800,3,a
3,261,4363,4364,14,not_and
3,262,3747,3748,10,not_b
3,263,4534,4535,11,implied_by
3,264,3175,3176,10,not_b
3,265,2874,2875,5,b
3,266,5174,5175,6,xor
3,267,3614,3615,9,not_xor
3,268,1344,1345,9,not_xor
3,269,4096,4097,5,b
3,270,2064,2065,11,implied_by
3,271,1225,1226,3,a
3,272,2681,2682,6,xor
3,273,4150,4151,9,not_xor
3,274,4335,4336,6,xor
3,275,1839,1840,9,not_xor
3,276,2746,2747,10,not_b
3,277,2602,2603,6,xor
3,278,4691,4692,9,not_xor
3,279,1438,1439,4,not_implied_by
3,280,4844,4845,6,xor
3,281,2946,2947,10,not_b
3,282,5792,5793,12,not_a
3,283,5674,5675,12,not_a
3,284,1645,1646,6,xor
3,285,420,421,11,implied_by
3,286,5058,5059,10,not_b
3,287,579,580,7,or
3,288,2770,2771,3,a
3,289,5629,5630,6,xor
3,290,4001,4002,6,xor
3,291,1942,1943,10,not_b
3,292,5964,5965,9,not_xor
3,293,5320,5321,4,not_implied_by
3,294,1332,1333,3,a
3,295,5302,5303,9,not_xor
3,296,368,369,4,not_implied_by
3,297,1185,1186,8,not_or
3,298,1547,1548,9,not_xor
3,299,3539,3540,4,not_implied_by
3,300,3999,4000,10,not_b
3,301,1445,1446,1,and
3,302,5784,5785,9,not_xor
3,303,2357,2358,9,not_xor
3,304,1158,1159,3,a
3,305,3354,3355,7,or
3,306,5868,5869,9,not_xor
3,307,4981,4982,9,not_xor
3,308,1659,1660,3,a
3,309,3191,3192,2,not_implies
3,310,3927,3928,3,a
3,311,5814,5815,10,not_b
3,312,1558,1559,12,not_a
3,313,5045,5046,9,not_xor
3,314,5016,5017,12,not_a
3,315,3264,3265,13,implies
3,316,4329,4330,13,implies
3,317,2351,2352,6,xor
3,318,1228,1229,2,not_implies
3,319,1194,1195,3,a
3,320,1219,1220,9,not_xor
3,321,2051,2052,14,not_and
3,322,4971,4972,14,not_and
3,323,5126,5127,4,not_implied_by
3,324,1119,1120,11,implied_by
3,325,952,953,12,not_a
3,326,1305,1306,5,b
3,327,1212,1213,14,not_and
3,328,3058,3059,3,a
3,329,5880,5881,13,implies
3,330,3777,3778,12,not_a
3,331,2158,2159,10,not_b
3,332,4881,4882,1,and
3,333,5643,5644,14,not_and
3,334,349,350,5,b
3,335,5236,5237,9,not_xor
3,336,5622,5623,1,and
3,337,288,289,6,xor
3,338,4389,4390,4,not_implied_by
3,339,4850,4851,10,not_b
3,340,3765,3766,7,or
3,341,4266,4267,9,not_xor
3,342,364,365,14,not_and
3,343,2277,2278,12,not_a
3,344,1552,1553,13,implies
3,345,1111,1112,13,implies
3,346,3594,3595,6,xor
3,347,3812,3813,6,xor
3,348,591,592,12,not_a
3,349,33,34,9,not_xor
3,350,1312,1313,3,a
3,351,342,343,6,xor
3,352,5798,5799,9,not_xor
3,353,5291,5292,6,xor
3,354,2330,2331,6,xor
3,355,2074,2075,5,b
3,356,1681,1682,9,not_xor
3,357,1878,1879,10,not_b
3,358,3861,3862,1,and
3,359,4256,4257,9,not_xor
3,360,3355,3356,9,not_xor
3,361,3107,3108,2,not_implies
3,362,5353,5354,13,implies
3,363,1599,1600,4,not_implied_by
3,364,5471,5472,12,not_a
3,365,4261,4262,9,not_xor
3,366,534,535,9,not_xor
3,367,4999,5000,10,not_b
3,368,2593,2594,9,not_xor
3,369,5003,5004,7,or
3,370,3271,3272,6,xor
3,371,2034,2035,11,implied_by
3,372,1808,1809,9,not_xor
3,373,1657,1658,6,xor
3,374,4385,4386,12,not_a
3,375,5388,5389,3,a
3,376,3488,3489,6,xor
3,377,1623,1624,1,and
3,378,286,287,6,xor
3,379,1890,1891,8,not_or
3,380,5428,5429,9,not_xor
3,381,3097,3098,14,not_and
3,382,2386,2387,3,a
3,383,720,721,9,not_xor
3,384,283,284,3,a
3,385,1082,1083,14,not_and
3,386,409,410,5,b
3,387,1474,1475,7,or
3,388,2817,2818,3,a
3,389,5780,5781,9,not_xor
3,390,2394,2395,11,implied_by
3,391,4651,4652,12,not_a
3,392,5876,5877,6,xor
3,393,5572,5573,6,xor
3,394,326,327,1,and
3,395,2695,2696,6,xor
3,396,5070,5071,6,xor
3,397,3304,3305,7,or
3,398,3149,3150,11,implied_by
3,399,3919,3920,6,xor
3,400,3329,3330,9,not_xor
3,401,2184,2185,4,not_implied_by
3,402,4811,4812,10,not_b
3,403,2910,2911,14,not_and
3,404,5640,5641,9,not_xor
3,405,4370,4371,9,not_xor
3,406,4446,4447,9,not_xor
3,407,4778,4779,8,not_or
3,408,4790,4791,9,not_xor
3,409,353,354,11,implied_by
3,410,5611,5612,9,not_xor
3,411,5218,5219,12,not_a
3,412,4715,4716,8,not_or
3,413,2861,2862,3,a
3,414,3192,3193,10,not_b
3,415,75,76,9,not_xor
3,416,4822,4823,9,not_xor
3,417,5853,5854,5,b
3,418,1026,1027,4,not_implied_by
3,419,716,717,5,b
3,420,4709,4710,4,not_implied_by
3,421,3467,3468,6,xor
3,422,5575,5576,6,xor
3,423,3285,3286,10,not_b
3,424,1310,1311,6,xor
3,425,1144,1145,10,not_b
3,426,5264,5265,9,not_xor
3,427,3195,3196,10,not_b
3,428,4007,4008,6,xor
3,429,4994,4995,6,xor
3,430,2956,2957,10,not_b
3,431,688,689,4,not_implied_by
3,432,2249,2250,7,or
3,433,506,507,6,xor
3,434,895,896,6,xor
3,435,2877,2878,9,not_xor
3,436,4856,4857,13,implies
3,437,3017,3018,6,xor
3,438,4014,4015,9,not_xor
3,439,4826,4827,6,xor
3,440,145,146,10,not_b
3,441,3101,3102,8,not_or
3,442,3740,3741,9,not_xor
3,443,2154,2155,13,implies
3,444,1266,1267,7,or
3,445,544,545,3,a
3,446,26,27,9,not_xor
3,447,1118,1119,5,b
3,448,5216,5217,5,b
3,449,3073,3074,12,not_a
3,450,4824,4825,6,xor
3,451,473,474,10,not_b
3,452,5740,5741,4,not_implied_by
3,453,3364,3365,4,not_implied_by
3,454,45,46,9,not_xor
3,455,944,945,3,a
3,456,1157,1158,5,b
3,457,5281,5282,9,not_xor
3,458,2208,2209,5,b
3,459,2682,2683,10,not_b
3,460,1419,1420,3,a
3,461,4179,4180,3,a
3,462,4759,4760,12,not_a
3,463,4977,4978,6,xor
3,464,2605,2606,13,implies
3,465,1948,1949,3,a
3,466,817,818,6,xor
3,467,1076,1077,5,b
3,468,4642,4643,9,not_xor
3,469,5484,5485,8,not_or
3,470,2171,2172,1,and
3,471,2870,2871,15,one
3,472,5737,5738,9,not_xor
3,473,3969,3970,8,not_or
3,474,4328,4329,10,not_b
3,475,958,959,6,xor
3,476,4390,4391,3,a
3,477,3317,3318,2,not_implies
3,478,5466,5467,3,a
3,479,4678,4679,10,not_b
3,480,3555,3556,5,b
3,481,3422,3423,1,and
3,482,3884,3885,9,not_xor
3,483,2670,2671,12,not_a
3,484,0,1,7,or
3,485,374,375,5,b
3,486,2986,2987,13,implies
3,487,1723,1724,1,and
3,488,4008,4009,6,xor
3,489,823,824,9,not_xor
3,490,3184,3185,12,not_a
3,491,4783,4784,5,b
3,492,3681,3682,11,implied_by
3,493,4149,4150,12,not_a
3,494,1034,1035,7,or
3,495,2858,2859,7,or
3,496,4189,4190,6,xor
3,497,4903,4904,2,not_implies
3,498,731,732,6,xor
3,499,2679,2680,7,or
3,500,2157,2158,6,xor
3,501,2413,2414,9,not_xor
3,502,684,685,10,not_b
3,503,5419,5420,3,a
3,504,2455,2456,3,a
3,505,4807,4808,12,not_a
3,506,3513,3514,6,xor
3,507,476,477,9,not_xor
3,508,1108,1109,8,not_or
3,509,4767,4768,3,a
3,510,5299,5300,3,a
3,511,5326,5327,5,b
3,512,4763,4764,10,not_b
3,513,1347,1348,10,not_b
3,514,2757,2758,10,not_b
3,515,2052,2053,5,b
3,516,4907,4908,14,not_and
3,517,306,307,7,or
3,518,356,357,12,not_a
3,519,5195,5196,2,not_implies
3,520,5159,5160,6,xor
3,521,2280,2281,10,not_b
3,522,3746,3747,2,not_implies
3,523,2962,2963,9,not_xor
3,524,3032,3033,3,a
3,525,3031,3032,6,xor
3,526,2423,2424,12,not_a
3,527,2389,2390,7,or
3,528,4094,4095,10,not_b
3,529,3786,3787,7,or
3,530,5796,5797,12,not_a
3,531,5612,5613,9,not_xor
3,532,1112,1113,10,not_b
3,533,5196,5197,9,not_xor
3,534,4835,4836,2,not_implies
3,535,3414,3415,8,not_or
3,536,5210,5211,5,b
3,537,1043,1044,10,not_b
3,538,934,935,1,and
3,539,1451,1452,9,not_xor
3,540,1611,1612,7,or
3,541,2012,2013,1,and
3,542,1286,1287,2,not_implies
3,543,5385,5386,9,not_xor
3,544,611,612,5,b
3,545,507,508,1,and
3,546,733,734,4,not_implied_by
3,547,5598,5599,14,not_and
3,548,5376,5377,13,implies
3,549,5790,5791,10,not_b
3,550,3162,3163,9,not_xor
3,551,4700,4701,5,b
3,552,1282,1283,6,xor
3,553,3993,3994,4,not_implied_by
3,554,4991,4992,3,a
3,555,3732,3733,10,not_b
3,556,3057,3058,9,not_xor
3,557,3003,3004,8,not_or
3,558,814,815,4,not_implied_by
3,559,827,828,11,implied_by
3,560,4520,4521,4,not_implied_by
3,561,3806,3807,12,not_a
3,562,3152,3153,5,b
3,563,984,985,6,xor
3,564,44,45,3,a
3,565,432,433,3,a
3,566,3383,3384,3,a
3,567,2207,2208,3,a
3,568,1441,1442,6,xor
3,569,4084,4085,3,a
3,570,3377,3378,6,xor
3,571,217,218,12,not_a
3,572,1437,1438,9,not_xor
3,573,2059,2060,9,not_xor
3,574,5538,5539,6,xor
3,575,5779,5780,3,a
3,576,481,482,7,or
3,577,810,811,9,not_xor
3,578,4259,4260,10,not_b
3,579,5157,5158,9,not_xor
3,580,5656,5657,1,and
3,581,5602,5603,10,not_b
3,582,5832,5833,9,not_xor
3,583,2318,2319,9,not_xor
3,584,1606,1607,9,not_xor
3,585,1220,1221,6,xor
3,586,648,649,12,not_a
3,587,1865,1866,6,xor
3,588,3432,3433,9,not_xor
3,589,4938,4939,6,xor
3,590,3001,3002,9,not_xor
3,591,5917,5918,13,implies
3,592,4415,4416,8,not_or
3,593,5862,5863,5,b
3,594,556,557,6,xor
3,595,1372,1373,13,implies
3,596,816,817,10,not_b
3,597,2660,2661,6,xor
3,598,389,390,3,a
3,599,995,996,13,implies
3,600,1644,1645,3,a
3,601,2560,2561,10,not_b
3,602,230,231,2,not_implies
3,603,2897,2898,6,xor
3,604,2764,2765,2,not_implies
3,605,5983,5984,10,not_b
3,606,639,640,10,not_b
3,607,4126,4127,2,not_implies
3,608,2406,2407,14,not_and
3,609,3666,3667,6,xor
3,610,1921,1922,3,a
3,611,3342,3343,9,not_xor
3,612,289,290,6,xor
3,613,2266,2267,12,not_a
3,614,234,235,2,not_implies
3,615,68,69,12,not_a
3,616,5518,5519,9,not_xor
3,617,5377,5378,5,b
3,618,3333,3334,5,b
3,619,1336,1337,5,b
3,620,4725,4726,10,not_b
3,621,5764,5765,5,b
3,622,3830,3831,8,not_or
3,623,2601,2602,5,b
3,624,3035,3036,6,xor
3,625,3704,3705,12,not_a
3,626,699,700,7,or
3,627,1135,1136,11,implied_by
3,628,2839,2840,3,a
3,629,5375,5376,6,xor
3,630,5499,5500,3,a
3,631,5921,5922,5,b
3,632,628,629,7,or
3,633,2532,2533,12,not_a
3,634,2489,2490,6,xor
3,635,71,72,6,xor
3,636,781,782,3,a
3,637,321,322,5,b
3,638,5297,5298,3,a
3,639,4948,4949,6,xor
3,640,3464,3465,2,not_implies
3,641,1517,1518,6,xor
3,642,5093,5094,3,a
3,643,989,990,9,not_xor
3,644,5604,5605,2,not_implies
3,645,3836,3837,5,b
3,646,2604,2605,5,b
3,647,3932,3933,12,not_a
3,648,3942,3943,9,not_xor
3,649,1856,1857,6,xor
3,650,2611,2612,5,b
3,651,3832,3833,9,not_xor
3,652,3667,3668,3,a
3,653,1320,1321,11,implied_by
3,654,4809,4810,1,and
3,655,1634,1635,9,not_xor
3,656,5715,5716,5,b
3,657,744,745,9,not_xor
3,658,1509,1510,5,b
3,659,2844,2845,6,xor
3,660,1198,1199,10,not_b
3,661,2533,2534,5,b
3,662,2120,2121,6,xor
3,663,790,791,6,xor
3,664,2612,2613,10,not_b
3,665,5125,5126,14,not_and
3,666,2473,2474,12,not_a
3,667,542,543,8,not_or
3,668,3048,3049,6,xor
3,669,3473,3474,9,not_xor
3,670,2405,2406,12,not_a
3,671,3660,3661,11,implied_by
3,672,4747,4748,3,a
3,673,4940,4941,9,not_xor
3,674,3086,3087,3,a
3,675,3500,3501,9,not_xor
3,676,4646,4647,11,implied_by
3,677,3510,3511,10,not_b
3,678,3644,3645,1,and
3,679,2776,2777,5,b
3,680,2136,2137,4,not_implied_by
3,681,1986,1987,9,not_xor
3,682,1754,1755,12,not_a
3,683,4841,4842,6,xor
3,684,2130,2131,3,a
3,685,4874,4875,12,not_a
3,686,2921,2922,14,not_and
3,687,4076,4077,9,not_xor
3,688,3135,3136,9,not_xor
3,689,3582,3583,2,not_implies
3,690,211,212,3,a
3,691,2090,2091,9,not_xor
3,692,5569,5570,3,a
3,693,1214,1215,5,b
3,694,3361,3362,5,b
3,695,1399,1400,2,not_implies
3,696,1407,1408,9,not_xor
3,697,5527,5528,3,a
3,698,4594,4595,14,not_and
3,699,4212,4213,10,not_b
3,700,553,554,7,or
3,701,2304,2305,12,not_a
3,702,2336,2337,9,not_xor
3,703,2809,2810,9,not_xor
3,704,3822,3823,4,not_implied_by
3,705,2302,2303,9,not_xor
3,706,1128,1129,0,zero
3,707,4732,4733,5,b
3,708,4135,4136,10,not_b
3,709,3727,3728,6,xor
3,710,3183,3184,1,and
3,711,5910,5911,3,a
3,712,1415,1416,12,not_a
3,713,866,867,4,not_implied_by
3,714,1614,1615,6,xor
3,715,444,445,6,xor
3,716,2474,2475,9,not_xor
3,717,1020,1021,5,b
3,718,2891,2892,9,not_xor
3,719,2459,2460,3,a
3,720,2274,2275,6,xor
3,721,1960,1961,13,implies
3,722,1726,1727,8,not_or
3,723,4209,4210,6,xor
3,724,829,830,9,not_xor
3,725,2785,2786,7,or
3,726,3751,3752,1,and
3,727,5905,5906,3,a
3,728,3446,3447,13,implies
3,729,5524,5525,10,not_b
3,730,3550,3551,6,xor
3,731,4130,4131,3,a
3,732,3471,3472,3,a
3,733,4779,4780,3,a
3,734,3310,3311,9,not_xor
3,735,418,419,6,xor
3,736,252,253,6,xor
3,737,3682,3683,3,a
3,738,5267,5268,5,b
3,739,3929,3930,9,not_xor
3,740,3940,3941,2,not_implies
3,741,1788,1789,3,a
3,742,1258,1259,6,xor
3,743,4543,4544,10,not_b
3,744,4815,4816,2,not_implies
3,745,2219,2220,10,not_b
3,746,4978,4979,8,not_or
3,747,3966,3967,3,a
3,748,5509,5510,6,xor
3,749,2707,2708,11,implied_by
3,750,640,641,6,xor
3,751,2068,2069,12,not_a
3,752,4813,4814,6,xor
3,753,3920,3921,12,not_a
3,754,2690,2691,10,not_b
3,755,723,724,1,and
3,756,5173,5174,3,a
3,757,5833,5834,9,not_xor
3,758,2390,2391,6,xor
3,759,5924,5925,3,a
3,760,3444,3445,5,b
3,761,5593,5594,4,not_implied_by
3,762,5245,5246,3,a
3,763,354,355,5,b
3,764,2510,2511,10,not_b
3,765,2945,2946,6,xor
3,766,423,424,9,not_xor
3,767,1420,1421,7,or
3,768,3328,3329,6,xor
3,769,1795,1796,10,not_b
3,770,2195,2196,5,b
3,771,1193,1194,6,xor
3,772,414,415,4,not_implied_by
3,773,4055,4056,10,not_b
3,774,2435,2436,3,a
3,775,861,862,4,not_implied_by
3,776,620,621,3,a
3,777,1152,1153,9,not_xor
3,778,4781,4782,6,xor
3,779,5823,5824,2,not_implies
3,780,2035,2036,3,a
3,781,229,230,5,b
3,782,1473,1474,9,not_xor
3,783,5120,5121,3,a
3,784,4375,4376,11,implied_by
3,785,4959,4960,9,not_xor
3,786,3857,3858,12,not_a
3,787,467,468,6,xor
3,788,3396,3397,10,not_b
3,789,2981,2982,9,not_xor
3,790,180,181,8,not_or
3,791,1670,1671,12,not_a
3,792,4253,4254,7,or
3,793,2248,2249,3,a
3,794,2323,2324,12,not_a
3,795,667,668,13,implies
3,796,2565,2566,10,not_b
3,797,4941,4942,10,not_b
3,798,1797,1798,2,not_implies
3,799,784,785,10,not_b
3,800,1240,1241,5,b
3,801,282,283,7,or
3,802,1963,1964,9,not_xor
3,803,5884,5885,12,not_a
3,804,5712,5713,8,not_or
3,805,4416,4417,9,not_xor
3,806,976,977,9,not_xor
3,807,1600,1601,1,and
3,808,5481,5482,6,xor
3,809,227,228,5,b
3,810,3639,3640,3,a
3,811,2527,2528,3,a
3,812,2462,2463,6,xor
3,813,5730,5731,5,b
3,814,644,645,15,one
3,815,1676,1677,7,or
3,816,1624,1625,3,a
3,817,2546,2547,9,not_xor
3,818,1724,1725,6,xor
3,819,2744,2745,3,a
3,820,3848,3849,2,not_implies
3,821,606,607,9,not_xor
3,822,597,598,12,not_a
3,823,287,288,12,not_a
3,824,159,160,1,and
3,825,5407,5408,6,xor
3,826,4574,4575,11,implied_by
3,827,4314,4315,12,not_a
3,828,5177,5178,12,not_a
3,829,3307,3308,3,a
3,830,4895,4896,5,b
3,831,2242,2243,3,a
3,832,3327,3328,9,not_xor
3,833,4321,4322,10,not_b
3,834,1666,1667,3,a
3,835,5821,5822,5,b
3,836,4566,4567,6,xor
3,837,3785,3786,12,not_a
3,838,2260,2261,2,not_implies
3,839,3217,3218,10,not_b
3,840,2408,2409,6,xor
3,841,2563,2564,3,a
3,842,2387,2388,14,not_and
3,843,5754,5755,11,implied_by
3,844,3976,3977,12,not_a
3,845,1513,1514,10,not_b
3,846,2538,2539,6,xor
3,847,2317,2318,10,not_b
3,848,4549,4550,6,xor
3,849,5651,5652,14,not_and
3,850,5610,5611,5,b
3,851,2163,2164,11,implied_by
3,852,5118,5119,5,b
3,853,4624,4625,1,and
3,854,5146,5147,6,xor
3,855,1465,1466,10,not_b
3,856,4773,4774,9,not_xor
3,857,1095,1096,9,not_xor
3,858,539,540,12,not_a
3,859,2903,2904,3,a
3,860,760,761,11,implied_by
3,861,3388,3389,10,not_b
3,862,107,108,9,not_xor
3,863,1551,1552,1,and
3,864,43,44,1,and
3,865,590,591,9,not_xor
3,866,5181,5182,9,not_xor
3,867,742,743,9,not_xor
3,868,3635,3636,9,not_xor
3,869,448,449,6,xor
3,870,3629,3630,5,b
3,871,4449,4450,9,not_xor
3,872,5642,5643,3,a
3,873,675,676,6,xor
3,874,3671,3672,3,a
3,875,4641,4642,12,not_a
3,876,3345,3346,6,xor
3,877,479,480,6,xor
3,878,685,686,12,not_a
3,879,2025,2026,14,not_and
3,880,3816,3817,10,not_b
3,881,831,832,12,not_a
3,882,1814,1815,5,b
3,883,5333,5334,3,a
3,884,4985,4986,6,xor
3,885,60,61,3,a
3,886,5008,5009,3,a
3,887,3179,3180,12,not_a
3,888,885,886,4,not_implied_by
3,889,997,998,10,not_b
3,890,2629,2630,9,not_xor
3,891,2574,2575,3,a
3,892,2767,2768,10,not_b
3,893,4061,4062,11,implied_by
3,894,2537,2538,9,not_xor
3,895,5491,5492,5,b
3,896,3037,3038,12,not_a
3,897,2624,2625,12,not_a
3,898,717,718,5,b
3,899,1495,1496,10,not_b
3,900,2076,2077,13,implies
3,901,1812,1813,8,not_or
3,902,623,624,6,xor
3,903,174,175,9,not_xor
3,904,2416,2417,9,not_xor
3,905,2834,2835,5,b
3,906,4969,4970,2,not_implies
3,907,112,113,10,not_b
3,908,3239,3240,3,a
3,909,2492,2493,14,not_and
3,910,4710,4711,9,not_xor
3,911,4052,4053,13,implies
3,912,3247,3248,6,xor
3,913,1519,1520,9,not_xor
3,914,5811,5812,4,not_implied_by
3,915,1559,1560,9,not_xor
3,916,3428,3429,13,implies
3,917,1454,1455,12,not_a
3,918,1488,1489,5,b
3,919,3374,3375,10,not_b
3,920,3508,3509,11,implied_by
3,921,3312,3313,9,not_xor
3,922,848,849,14,not_and
3,923,3348,3349,6,xor
3,924,5200,5201,10,not_b
3,925,4689,4690,13,implies
3,926,5508,5509,2,not_implies
3,927,2238,2239,5,b
3,928,3724,3725,6,xor
3,929,2251,2252,10,not_b
3,930,3668,3669,3,a
3,931,4871,4872,6,xor
3,932,1497,1498,5,b
3,933,1208,1209,6,xor
3,934,1278,1279,12,not_a
3,935,4972,4973,9,not_xor
3,936,2088,2089,10,not_b
3,937,292,293,10,not_b
3,938,5298,5299,9,not_xor
3,939,1620,1621,13,implies
3,940,1560,1561,9,not_xor
3,941,5106,5107,10,not_b
3,942,3055,3056,6,xor
3,943,4249,4250,1,and
3,944,3029,3030,4,not_implied_by
3,945,4858,4859,3,a
3,946,5170,5171,9,not_xor
3,947,3222,3223,5,b
3,948,977,978,10,not_b
3,949,99,100,8,not_or
3,950,3891,3892,13,implies
3,951,2720,2721,1,and
3,952,134,135,9,not_xor
3,953,2748,2749,5,b
3,954,914,915,9,not_xor
3,955,1127,1128,4,not_implied_by
3,956,928,929,6,xor
3,957,2149,2150,7,or
3,958,2400,2401,10,not_b
3,959,4910,4911,5,b
3,960,5316,5317,3,a
3,961,747,748,6,xor
3,962,2652,2653,6,xor
3,963,2466,2467,1,and
3,964,3652,3653,3,a
3,965,2696,2697,3,a
3,966,3869,3870,12,not_a
3,967,458,459,5,b
3,968,5012,5013,12,not_a
3,969,4984,4985,6,xor
3,970,1598,1599,6,xor
3,971,5430,5431,4,not_implied_by
3,972,785,786,12,not_a
3,973,4060,4061,5,b
3,974,2554,2555,3,a
3,975,4660,4661,10,not_b
3,976,1467,1468,5,b
3,977,768,769,9,not_xor
3,978,2851,2852,13,implies
3,979,3665,3666,10,not_b
3,980,2914,2915,13,implies
3,981,1023,1024,3,a
3,982,3430,3431,9,not_xor
3,983,2187,2188,12,not_a
3,984,955,956,14,not_and
3,985,2040,2041,10,not_b
3,986,3802,3803,10,not_b
3,987,5860,5861,3,a
3,988,1569,1570,9,not_xor
3,989,2379,2380,9,not_xor
3,990,2167,2168,3,a
3,991,873,874,3,a
3,992,1901,1902,12,not_a
3,993,604,605,5,b
3,994,3480,3481,8,not_or
3,995,5416,5417,9,not_xor
3,996,2714,2715,11,implied_by
3,997,2940,2941,6,xor
3,998,3103,3104,5,b
3,999,522,523,1,and
3,1000,247,248,6,xor
3,1001,3788,3789,6,xor
3,1002,3897,3898,10,not_b
3,1003,3325,3326,10,not_b
3,1004,3435,3436,8,not_or
3,1005,4716,4717,4,not_implied_by
3,1006,1927,1928,6,xor
3,1007,4575,4576,10,not_b
3,1008,1884,1885,5,b
3,1009,3984,3985,8,not_or
3,1010,2741,2742,5,b
3,1011,2958,2959,6,xor
3,1012,4770,4771,14,not_and
3,1013,4190,4191,10,not_b
3,1014,950,951,3,a
3,1015,4358,4359,12,not_a
3,1016,388,389,2,not_implies
3,1017,4095,4096,10,not_b
3,1018,5568,5569,3,a
3,1019,1492,1493,5,b
3,1020,3371,3372,5,b
3,1021,5369,5370,4,not_implied_by
3,1022,530,531,1,and
3,1023,1318,1319,9,not_xor
3,1024,919,920,6,xor
3,1025,3177,3178,5,b
3,1026,5771,5772,5,b
3,1027,5021,5022,9,not_xor
3,1028,1165,1166,5,b
3,1029,2673,2674,5,b
3,1030,3084,3085,4,not_implied_by
3,1031,1641,1642,14,not_and
3,1032,125,126,9,not_xor
3,1033,619,620,13,implies
3,1034,3893,3894,5,b
3,1035,114,115,3,a
3,1036,3805,3806,12,not_a
3,1037,5848,5849,12,not_a
3,1038,85,86,12,not_a
3,1039,4344,4345,2,not_implies
3,1040,3202,3203,4,not_implied_by
3,1041,1101,1102,4,not_implied_by
3,1042,5684,5685,12,not_a
3,1043,463,464,6,xor
3,1044,509,510,2,not_implies
3,1045,5741,5742,12,not_a
3,1046,1427,1428,10,not_b
3,1047,2440,2441,6,xor
3,1048,1086,1087,2,not_implies
3,1049,891,892,5,b
3,1050,752,753,8,not_or
3,1051,42,43,8,not_or
3,1052,5691,5692,3,a
3,1053,109,110,9,not_xor
3,1054,1982,1983,13,implies
3,1055,5851,5852,5,b
3,1056,4229,4230,3,a
3,1057,3140,3141,3,a
3,1058,397,398,8,not_or
3,1059,634,635,1,and
3,1060,3087,3088,10,not_b
3,1061,469,470,5,b
3,1062,1656,1657,10,not_b
3,1063,3741,3742,12,not_a
3,1064,5348,5349,9,not_xor
3,1065,5110,5111,3,a
3,1066,5135,5136,8,not_or
3,1067,1381,1382,9,not_xor
3,1068,4116,4117,10,not_b
3,1069,4485,4486,14,not_and
3,1070,5783,5784,2,not_implies
3,1071,3165,3166,2,not_implies
3,1072,3656,3657,5,b
3,1073,5624,5625,3,a
3,1074,4159,4160,1,and
3,1075,2353,2354,9,not_xor
3,1076,1885,1886,3,a
3,1077,5366,5367,4,not_implied_by
3,1078,4072,4073,12,not_a
3,1079,562,563,6,xor
3,1080,3474,3475,6,xor
3,1081,340,341,8,not_or
3,1082,1828,1829,6,xor
3,1083,1818,1819,13,implies
3,1084,2953,2954,9,not_xor
3,1085,3121,3122,12,not_a
3,1086,4458,4459,5,b
3,1087,2992,2993,10,not_b
3,1088,3598,3599,6,xor
3,1089,2680,2681,3,a
3,1090,4952,4953,6,xor
3,1091,3458,3459,9,not_xor
3,1092,893,894,5,b
3,1093,4270,4271,10,not_b
3,1094,1837,1838,10,not_b
3,1095,5513,5514,10,not_b
3,1096,2081,2082,5,b
3,1097,5704,5705,14,not_and
3,1098,4989,4990,9,not_xor
3,1099,5018,5019,9,not_xor
3,1100,3804,3805,10,not_b
3,1101,4913,4914,13,implies
3,1102,293,294,8,not_or
3,1103,1993,1994,2,not_implies
3,1104,1425,1426,14,not_and
3,1105,1913,1914,6,xor
3,1106,4736,4737,6,xor
3,1107,2165,2166,12,not_a
3,1108,5439,5440,10,not_b
3,1109,3774,3775,6,xor
3,1110,3142,3143,14,not_and
3,1111,3269,3270,9,not_xor
3,1112,4356,4357,12,not_a
3,1113,1104,1105,5,b
3,1114,708,709,5,b
3,1115,5141,5142,15,one
3,1116,4053,4054,10,not_b
3,1117,4775,4776,3,a
3,1118,1021,1022,3,a
3,1119,3496,3497,8,not_or
3,1120,647,648,5,b
3,1121,3378,3379,1,and
3,1122,2589,2590,13,implies
3,1123,447,448,1,and
3,1124,350,351,1,and
3,1125,3898,3899,12,not_a
3,1126,1257,1258,6,xor
3,1127,4384,4385,6,xor
3,1128,3429,3430,7,or
3,1129,261,262,4,not_implied_by
3,1130,3770,3771,5,b
3,1131,4957,4958,8,not_or
3,1132,2659,2660,3,a
3,1133,1432,1433,9,not_xor
3,1134,2678,2679,6,xor
3,1135,4512,4513,5,b
3,1136,5562,5563,6,xor
3,1137,4611,4612,6,xor
3,1138,2672,2673,9,not_xor
3,1139,3069,3070,10,not_b
3,1140,2008,2009,10,not_b
3,1141,5573,5574,10,not_b
3,1142,3821,3822,8,not_or
3,1143,1072,1073,11,implied_by
3,1144,930,931,1,and
3,1145,532,533,7,or
3,1146,4434,4435,12,not_a
3,1147,5338,5339,2,not_implies
3,1148,5805,5806,7,or
3,1149,1537,1538,12,not_a
3,1150,5163,5164,6,xor
3,1151,2000,2001,3,a
3,1152,4590,4591,14,not_and
3,1153,4741,4742,11,implied_by
3,1154,4202,4203,5,b
3,1155,3022,3023,6,xor
3,1156,5894,5895,6,xor
3,1157,3650,3651,10,not_b
3,1158,4222,4223,4,not_implied_by
3,1159,2227,2228,12,not_a
3,1160,2615,2616,1,and
3,1161,4006,4007,3,a
3,1162,1899,1900,2,not_implies
3,1163,5900,5901,3,a
3,1164,4937,4938,6,xor
3,1165,4039,4040,10,not_b
3,1166,1087,1088,2,not_implies
3,1167,1272,1273,12,not_a
3,1168,1835,1836,12,not_a
3,1169,1089,1090,5,b
3,1170,4058,4059,5,b
3,1171,3643,3644,6,xor
3,1172,4902,4903,3,a
3,1173,2989,2990,4,not_implied_by
3,1174,3626,3627,6,xor
3,1175,3147,3148,9,not_xor
3,1176,2083,2084,8,not_or
3,1177,3498,3499,12,not_a
3,1178,3014,3015,6,xor
3,1179,5934,5935,10,not_b
3,1180,4619,4620,1,and
3,1181,4630,4631,9,not_xor
3,1182,2607,2608,14,not_and
3,1183,1260,1261,6,xor
3,1184,2703,2704,3,a
3,1185,949,950,7,or
3,1186,5124,5125,6,xor
3,1187,5050,5051,5,b
3,1188,4814,4815,1,and
3,1189,4050,4051,9,not_xor
3,1190,2559,2560,6,xor
3,1191,5347,5348,10,not_b
3,1192,2843,2844,9,not_xor
3,1193,3809,3810,2,not_implies
3,1194,4289,4290,9,not_xor
3,1195,1368,1369,3,a
3,1196,1356,1357,10,not_b
3,1197,3892,3893,6,xor
3,1198,4616,4617,4,not_implied_by
3,1199,4988,4989,1,and
3,1200,3549,3550,14,not_and
3,1201,1827,1828,11,implied_by
3,1202,527,528,6,xor
3,1203,4517,4518,5,b
3,1204,3663,3664,10,not_b
3,1205,3870,3871,12,not_a
3,1206,3695,3696,5,b
3,1207,4216,4217,14,not_and
3,1208,1231,1232,9,not_xor
3,1209,912,913,7,or
3,1210,2837,2838,10,not_b
3,1211,2362,2363,5,b
3,1212,5343,5344,6,xor
3,1213,80,81,6,xor
3,1214,2637,2638,9,not_xor
3,1215,318,319,5,b
3,1216,5751,5752,6,xor
3,1217,1289,1290,14,not_and
3,1218,4057,4058,6,xor
3,1219,2127,2128,11,implied_by
3,1220,2454,2455,6,xor
3,1221,2904,2905,1,and
3,1222,5277,5278,6,xor
3,1223,3007,3008,4,not_implied_by
3,1224,4479,4480,4,not_implied_by
3,1225,916,917,4,not_implied_by
3,1226,160,161,3,a
3,1227,5005,5006,14,not_and
3,1228,4998,4999,9,not_xor
3,1229,3699,3700,5,b
3,1230,3412,3413,8,not_or
3,1231,2115,2116,10,not_b
3,1232,2917,2918,6,xor
3,1233,1748,1749,5,b
3,1234,5938,5939,12,not_a
3,1235,4961,4962,9,not_xor
3,1236,3004,3005,10,not_b
3,1237,5717,5718,3,a
3,1238,571,572,6,xor
3,1239,1980,1981,6,xor
3,1240,5603,5604,12,not_a
3,1241,1757,1758,10,not_b
3,1242,5707,5708,3,a
3,1243,2467,2468,6,xor
3,1244,3497,3498,6,xor
3,1245,3160,3161,9,not_xor
3,1246,135,136,9,not_xor
3,1247,4269,4270,1,and
3,1248,4215,4216,9,not_xor
3,1249,79,80,3,a
3,1250,5504,5505,14,not_and
3,1251,1810,1811,5,b
3,1252,973,974,9,not_xor
3,1253,3484,3485,8,not_or
3,1254,1302,1303,9,not_xor
3,1255,486,487,6,xor
3,1256,1361,1362,0,zero
3,1257,1717,1718,14,not_and
3,1258,3974,3975,12,not_a
3,1259,1671,1672,12,not_a
3,1260,4003,4004,12,not_a
3,1261,3409,3410,10,not_b
3,1262,4271,4272,2,not_implies
3,1263,3465,3466,15,one
3,1264,144,145,12,not_a
3,1265,578,579,6,xor
3,1266,5748,5749,13,implies
3,1267,1414,1415,11,implied_by
3,1268,295,296,6,xor
3,1269,713,714,9,not_xor
3,1270,4322,4323,12,not_a
3,1271,4882,4883,9,not_xor
3,1272,4296,4297,10,not_b
3,1273,3067,3068,10,not_b
3,1274,1132,1133,9,not_xor
3,1275,1358,1359,13,implies
3,1276,437,438,5,b
3,1277,3100,3101,12,not_a
3,1278,1861,1862,8,not_or
3,1279,1633,1634,1,and
3,1280,5026,5027,7,or
3,1281,2292,2293,6,xor
3,1282,3104,3105,13,implies
3,1283,5533,5534,9,not_xor
3,1284,5336,5337,13,implies
3,1285,299,300,6,xor
3,1286,4893,4894,6,xor
3,1287,1014,1015,9,not_xor
3,1288,965,966,6,xor
3,1289,5254,5255,3,a
3,1290,5549,5550,9,not_xor
3,1291,1712,1713,9,not_xor
3,1292,998,999,6,xor
3,1293,2820,2821,10,not_b
3,1294,4904,4905,9,not_xor
3,1295,1385,1386,5,b
3,1296,5092,5093,6,xor
3,1297,2146,2147,8,not_or
3,1298,2067,2068,11,implied_by
3,1299,2507,2508,4,not_implied_by
3,1300,4431,4432,12,not_a
3,1301,5551,5552,9,not_xor
3,1302,1652,1653,9,not_xor
3,1303,2122,2123,6,xor
3,1304,918,919,9,not_xor
3,1305,1764,1765,6,xor
3,1306,2177,2178,6,xor
3,1307,2116,2117,12,not_a
3,1308,4643,4644,6,xor
3,1309,2126,2127,11,implied_by
3,1310,3433,3434,14,not_and
3,1311,5226,5227,7,or
3,1312,5698,5699,10,not_b
3,1313,3877,3878,9,not_xor
3,1314,332,333,5,b
3,1315,1616,1617,1,and
3,1316,4798,4799,13,implies
3,1317,28,29,6,xor
3,1318,3967,3968,6,xor
3,1319,853,854,7,or
3,1320,5455,5456,12,not_a
3,1321,439,440,6,xor
3,1322,2294,2295,9,not_xor
3,1323,3533,3534,14,not_and
3,1324,1587,1588,13,implies
3,1325,206,207,13,implies
3,1326,1091,1092,12,not_a
3,1327,5113,5114,6,xor
3,1328,1638,1639,6,xor
3,1329,2651,2652,14,not_and
3,1330,3105,3106,9,not_xor
3,1331,2295,2296,3,a
3,1332,3814,3815,13,implies
3,1333,2433,2434,11,implied_by
3,1334,5247,5248,9,not_xor
3,1335,1249,1250,3,a
3,1336,2927,2928,5,b
3,1337,906,907,13,implies
3,1338,2852,2853,6,xor
3,1339,5667,5668,10,not_b
3,1340,5772,5773,9,not_xor
3,1341,1281,1282,4,not_implied_by
3,1342,35,36,9,not_xor
3,1343,357,358,6,xor
3,1344,3783,3784,6,xor
3,1345,4428,4429,6,xor
3,1346,5666,5667,7,or
3,1347,1167,1168,9,not_xor
3,1348,4792,4793,5,b
3,1349,672,673,7,or
3,1350,1130,1131,14,not_and
3,1351,3000,3001,9,not_xor
3,1352,4354,4355,4,not_implied_by
3,1353,305,306,9,not_xor
3,1354,1428,1429,6,xor
3,1355,3912,3913,7,or
3,1356,4861,4862,5,b
3,1357,2060,2061,3,a
3,1358,4255,4256,6,xor
3,1359,1639,1640,5,b
3,1360,1689,1690,12,not_a
3,1361,1920,1921,6,xor
3,1362,2933,2934,6,xor
3,1363,610,611,6,xor
3,1364,1137,1138,14,not_and
3,1365,2591,2592,12,not_a
3,1366,3021,3022,6,xor
3,1367,844,845,12,not_a
3,1368,2053,2054,3,a
3,1369,1685,1686,4,not_implied_by
3,1370,5734,5735,6,xor
3,1371,3779,3780,10,not_b
3,1372,1296,1297,13,implies
3,1373,205,206,10,not_b
3,1374,281,282,12,not_a
3,1375,4886,4887,10,not_b
3,1376,4364,4365,3,a
3,1377,1403,1404,3,a
3,1378,5685,5686,6,xor
3,1379,5628,5629,6,xor
3,1380,2026,2027,12,not_a
3,1381,4805,4806,13,implies
3,1382,864,865,9,not_xor
3,1383,278,279,6,xor
3,1384,1241,1242,9,not_xor
3,1385,889,890,13,implies
3,1386,8,9,12,not_a
3,1387,1280,1281,9,not_xor
3,1388,2077,2078,13,implies
3,1389,1514,1515,3,a
3,1390,5470,5471,3,a
3,1391,2331,2332,9,not_xor
3,1392,4233,4234,8,not_or
3,1393,4843,4844,9,not_xor
3,1394,5241,5242,9,not_xor
3,1395,2112,2113,9,not_xor
3,1396,690,691,9,not_xor
3,1397,2166,2167,1,and
3,1398,3952,3953,3,a
3,1399,2541,2542,12,not_a
3,1400,3658,3659,12,not_a
3,1401,4892,4893,12,not_a
3,1402,5755,5756,9,not_xor
3,1403,5870,5871,6,xor
3,1404,2477,2478,6,xor
3,1405,3154,3155,4,not_implied_by
3,1406,324,325,10,not_b
3,1407,5724,5725,10,not_b
3,1408,4986,4987,5,b
3,1409,5427,5428,9,not_xor
3,1410,3301,3302,12,not_a
3,1411,3417,3418,7,or
3,1412,4990,4991,6,xor
3,1413,1883,1884,10,not_b
3,1414,523,524,11,implied_by
3,1415,3936,3937,11,implied_by
3,1416,5782,5783,8,not_or
3,1417,3445,3446,4,not_implied_by
3,1418,5867,5868,3,a
3,1419,431,432,14,not_and
3,1420,867,868,6,xor
3,1421,1997,1998,10,not_b
3,1422,1709,1710,5,b
3,1423,3860,3861,9,not_xor
3,1424,4542,4543,5,b
3,1425,228,229,4,not_implied_by
3,1426,5398,5399,6,xor
3,1427,48,49,6,xor
3,1428,1690,1691,1,and
3,1429,5234,5235,6,xor
3,1430,1060,1061,6,xor
3,1431,4501,4502,9,not_xor
3,1432,1610,1611,12,not_a
3,1433,5154,5155,6,xor
3,1434,1770,1771,3,a
3,1435,5825,5826,7,or
3,1436,766,767,9,not_xor
3,1437,496,497,10,not_b
3,1438,1876,1877,10,not_b
3,1439,505,506,3,a
3,1440,2691,2692,1,and
3,1441,1758,1759,12,not_a
3,1442,2984,2985,9,not_xor
3,1443,4345,4346,11,implied_by
3,1444,5988,5989,5,b
3,1445,1345,1346,6,xor
3,1446,4330,4331,7,or
3,1447,5384,5385,5,b
3,1448,5172,5173,9,not_xor
3,1449,5392,5393,6,xor
3,1450,3302,3303,9,not_xor
3,1451,5676,5677,8,not_or
3,1452,2265,2266,11,implied_by
3,1453,2645,2646,14,not_and
3,1454,1991,1992,15,one
3,1455,3314,3315,6,xor
3,1456,1171,1172,6,xor
3,1457,4221,4222,13,implies
3,1458,4241,4242,10,not_b
3,1459,302,303,3,a
3,1460,2558,2559,12,not_a
3,1461,4074,4075,10,not_b
3,1462,5535,5536,12,not_a
3,1463,4309,4310,12,not_a
3,1464,547,548,9,not_xor
3,1465,3714,3715,10,not_b
3,1466,511,512,8,not_or
3,1467,4508,4509,10,not_b
3,1468,5697,5698,10,not_b
3,1469,2883,2884,14,not_and
3,1470,3603,3604,8,not_or
3,1471,2452,2453,13,implies
3,1472,3750,3751,1,and
3,1473,1493,1494,10,not_b
3,1474,94,95,6,xor
3,1475,377,378,2,not_implies
3,1476,3020,3021,6,xor
3,1477,466,467,7,or
3,1478,2320,2321,6,xor
3,1479,2399,2400,10,not_b
3,1480,5253,5254,13,implies
3,1481,942,943,9,not_xor
3,1482,2350,2351,5,b
3,1483,1532,1533,11,implied_by
3,1484,1251,1252,11,implied_by
3,1485,878,879,12,not_a
3,1486,5460,5461,10,not_b
3,1487,5928,5929,6,xor
3,1488,1387,1388,6,xor
3,1489,1472,1473,4,not_implied_by
3,1490,2062,2063,10,not_b
3,1491,3864,3865,4,not_implied_by
3,1492,1505,1506,6,xor
3,1493,4499,4500,5,b
3,1494,1778,1779,9,not_xor
3,1495,3768,3769,5,b
3,1496,5276,5277,9,not_xor
3,1497,11,12,5,b
3,1498,3913,3914,7,or
3,1499,2439,2440,11,implied_by
3,1500,4393,4394,6,xor
3,1501,587,588,8,not_or
3,1502,5926,5927,3,a
3,1503,84,85,12,not_a
3,1504,1716,1717,13,implies
3,1505,3624,3625,9,not_xor
3,1506,3492,3493,1,and
3,1507,656,657,2,not_implies
3,1508,5812,5813,12,not_a
3,1509,4906,4907,10,not_b
3,1510,4338,4339,6,xor
3,1511,1459,1460,12,not_a
3,1512,2380,2381,7,or
3,1513,3369,3370,6,xor
3,1514,4326,4327,12,not_a
3,1515,5994,5995,9,not_xor
3,1516,1691,1692,7,or
3,1517,5130,5131,9,not_xor
3,1518,2893,2894,7,or
3,1519,2504,2505,5,b
3,1520,5776,5777,13,implies
3,1521,1359,1360,9,not_xor
3,1522,69,70,9,not_xor
3,1523,1789,1790,12,not_a
3,1524,452,453,1,and
3,1525,203,204,6,xor
3,1526,5902,5903,11,implied_by
3,1527,1365,1366,10,not_b
3,1528,4500,4501,3,a
3,1529,1790,1791,10,not_b
3,1530,5683,5684,9,not_xor
3,1531,1979,1980,9,not_xor
3,1532,1951,1952,10,not_b
3,1533,3167,3168,6,xor
3,1534,5530,5531,12,not_a
3,1535,2102,2103,11,implied_by
3,1536,3443,3444,5,b
3,1537,1740,1741,5,b
3,1538,3225,3226,3,a
3,1539,4738,4739,2,not_implies
3,1540,4441,4442,12,not_a
3,1541,4411,4412,3,a
3,1542,3335,3336,3,a
3,1543,1592,1593,6,xor
3,1544,5271,5272,11,implied_by
3,1545,4132,4133,14,not_and
3,1546,4204,4205,9,not_xor
3,1547,4627,4628,12,not_a
3,1548,5397,5398,3,a
3,1549,4267,4268,1,and
3,1550,3216,3217,5,b
3,1551,475,476,9,not_xor
3,1552,1031,1032,10,not_b
3,1553,5506,5507,3,a
3,1554,5893,5894,6,xor
3,1555,320,321,2,not_implies
3,1556,4915,4916,6,xor
3,1557,4184,4185,12,not_a
3,1558,5987,5988,9,not_xor
3,1559,436,437,9,not_xor
3,1560,4916,4917,9,not_xor
3,1561,1779,1780,5,b
3,1562,4387,4388,15,one
3,1563,2551,2552,3,a
3,1564,322,323,3,a
3,1565,3638,3639,13,implies
3,1566,1590,1591,5,b
3,1567,3220,3221,8,not_or
3,1568,4596,4597,6,xor
3,1569,589,590,7,or
3,1570,677,678,12,not_a
3,1571,4227,4228,12,not_a
3,1572,4804,4805,9,not_xor
3,1573,4234,4235,12,not_a
3,1574,2887,2888,10,not_b
3,1575,2786,2787,11,implied_by
3,1576,3489,3490,6,xor
3,1577,1516,1517,10,not_b
3,1578,3163,3164,5,b
3,1579,1056,1057,11,implied_by
3,1580,2361,2362,9,not_xor
3,1581,5475,5476,12,not_a
3,1582,5219,5220,9,not_xor
3,1583,5488,5489,6,xor
3,1584,4650,4651,10,not_b
3,1585,5164,5165,12,not_a
3,1586,124,125,10,not_b
3,1587,2463,2464,5,b
3,1588,1805,1806,8,not_or
3,1589,5469,5470,4,not_implied_by
3,1590,636,637,8,not_or
3,1591,4245,4246,9,not_xor
3,1592,4932,4933,14,not_and
3,1593,4950,4951,9,not_xor
3,1594,3827,3828,12,not_a
3,1595,5588,5589,13,implies
3,1596,3438,3439,11,implied_by
3,1597,2030,2031,6,xor
3,1598,1064,1065,10,not_b
3,1599,1235,1236,6,xor
3,1600,725,726,6,xor
3,1601,4337,4338,9,not_xor
3,1602,2902,2903,10,not_b
3,1603,2735,2736,10,not_b
3,1604,5061,5062,6,xor
3,1605,846,847,5,b
3,1606,1439,1440,14,not_and
3,1607,158,159,6,xor
3,1608,1619,1620,6,xor
3,1609,5706,5707,10,not_b
3,1610,2894,2895,3,a
3,1611,2980,2981,3,a
3,1612,2850,2851,3,a
3,1613,1085,1086,4,not_implied_by
3,1614,1618,1619,10,not_b
3,1615,4263,4264,14,not_and
3,1616,3574,3575,4,not_implied_by
3,1617,1389,1390,4,not_implied_by
3,1618,1283,1284,9,not_xor
3,1619,3023,3024,15,one
3,1620,4333,4334,12,not_a
3,1621,2001,2002,6,xor
3,1622,3530,3531,9,not_xor
3,1623,2024,2025,6,xor
3,1624,3169,3170,14,not_and
3,1625,1501,1502,5,b
3,1626,1849,1850,6,xor
3,1627,18,19,11,implied_by
3,1628,3439,3440,9,not_xor
3,1629,2293,2294,0,zero
3,1630,382,383,7,or
3,1631,1705,1706,12,not_a
3,1632,5995,5996,10,not_b
3,1633,3268,3269,6,xor
3,1634,4059,4060,12,not_a
3,1635,2411,2412,9,not_xor
3,1636,329,330,9,not_xor
3,1637,4405,4406,8,not_or
3,1638,1768,1769,6,xor
3,1639,4720,4721,12,not_a
3,1640,5032,5033,5,b
3,1641,3645,3646,7,or
3,1642,1906,1907,4,not_implied_by
3,1643,654,655,6,xor
3,1644,1010,1011,6,xor
3,1645,13,14,5,b
3,1646,5015,5016,9,not_xor
3,1647,4247,4248,11,implied_by
3,1648,4686,4687,12,not_a
3,1649,2718,2719,4,not_implied_by
3,1650,3800,3801,9,not_xor
3,1651,5381,5382,10,not_b
3,1652,1397,1398,2,not_implies
3,1653,3730,3731,6,xor
3,1654,369,370,1,and
3,1655,5960,5961,10,not_b
3,1656,4546,4547,12,not_a
3,1657,2780,2781,12,not_a
3,1658,2755,2756,10,not_b
3,1659,3559,3560,13,implies
3,1660,4749,4750,12,not_a
3,1661,1049,1050,5,b
3,1662,3475,3476,9,not_xor
3,1663,5925,5926,5,b
3,1664,394,395,12,not_a
3,1665,3685,3686,6,xor
3,1666,3527,3528,3,a
3,1667,1958,1959,10,not_b
3,1668,2324,2325,2,not_implies
3,1669,27,28,13,implies
3,1670,2412,2413,6,xor
3,1671,503,504,12,not_a
3,1672,1582,1583,6,xor
3,1673,1515,1516,7,or
3,1674,2006,2007,6,xor
3,1675,3834,3835,9,not_xor
3,1676,2300,2301,3,a
3,1677,370,371,10,not_b
3,1678,5136,5137,6,xor
3,1679,4531,4532,9,not_xor
3,1680,3112,3113,1,and
3,1681,5747,5748,9,not_xor
3,1682,1436,1437,10,not_b
3,1683,5160,5161,9,not_xor
3,1684,5978,5979,7,or
3,1685,127,128,5,b
3,1686,4476,4477,11,implied_by
3,1687,2599,2600,14,not_and
3,1688,5633,5634,6,xor
3,1689,5014,5015,9,not_xor
3,1690,58,59,10,not_b
3,1691,2393,2394,9,not_xor
3,1692,870,871,3,a
3,1693,4456,4457,2,not_implies
3,1694,1660,1661,12,not_a
3,1695,5939,5940,8,not_or
3,1696,5892,5893,6,xor
3,1697,1718,1719,13,implies
3,1698,1782,1783,12,not_a
3,1699,3292,3293,3,a
3,1700,4038,4039,14,not_and
3,1701,3394,3395,14,not_and
3,1702,5992,5993,1,and
3,1703,2050,2051,5,b
3,1704,3825,3826,12,not_a
3,1705,5714,5715,12,not_a
3,1706,1976,1977,6,xor
3,1707,5007,5008,9,not_xor
3,1708,248,249,13,implies
3,1709,776,777,13,implies
3,1710,1123,1124,11,implied_by
3,1711,5896,5897,10,not_b
3,1712,1271,1272,5,b
3,1713,3910,3911,6,xor
3,1714,2524,2525,9,not_xor
3,1715,1209,1210,5,b
3,1716,1692,1693,11,implied_by
3,1717,40,41,2,not_implies
3,1718,1393,1394,5,b
3,1719,270,271,9,not_xor
3,1720,703,704,9,not_xor
3,1721,4788,4789,6,xor
3,1722,2494,2495,3,a
3,1723,1046,1047,10,not_b
3,1724,3752,3753,9,not_xor
3,1725,4046,4047,11,implied_by
3,1726,5979,5980,5,b
3,1727,3902,3903,1,and
3,1728,2450,2451,9,not_xor
3,1729,1422,1423,6,xor
3,1730,5212,5213,1,and
3,1731,2188,2189,5,b
3,1732,2865,2866,6,xor
3,1733,2975,2976,6,xor
3,1734,3971,3972,6,xor
3,1735,442,443,3,a
3,1736,5931,5932,5,b
3,1737,2472,2473,9,not_xor
3,1738,4577,4578,0,zero
3,1739,4166,4167,12,not_a
3,1740,3726,3727,5,b
3,1741,3876,3877,9,not_xor
3,1742,4890,4891,6,xor
3,1743,1088,1089,0,zero
3,1744,5463,5464,6,xor
3,1745,5497,5498,9,not_xor
3,1746,2570,2571,6,xor
3,1747,4086,4087,11,implied_by
3,1748,2401,2402,10,not_b
3,1749,408,409,5,b
3,1750,1181,1182,3,a
3,1751,5435,5436,6,xor
3,1752,4965,4966,10,not_b
3,1753,1044,1045,1,and
3,1754,3576,3577,9,not_xor
3,1755,646,647,6,xor
3,1756,2798,2799,8,not_or
3,1757,4156,4157,6,xor
3,1758,5046,5047,5,b
3,1759,3223,3224,9,not_xor
3,1760,1092,1093,14,not_and
3,1761,2296,2297,4,not_implied_by
3,1762,892,893,9,not_xor
3,1763,312,313,12,not_a
3,1764,4491,4492,6,xor
3,1765,3094,3095,10,not_b
3,1766,3811,3812,6,xor
3,1767,1586,1587,3,a
3,1768,1941,1942,3,a
3,1769,825,826,10,not_b
3,1770,5850,5851,6,xor
3,1771,1075,1076,14,not_and
3,1772,5396,5397,13,implies
3,1773,3129,3130,11,implied_by
3,1774,712,713,5,b
3,1775,2203,2204,6,xor
3,1776,1362,1363,5,b
3,1777,4633,4634,9,not_xor
3,1778,257,258,5,b
3,1779,2348,2349,3,a
3,1780,2470,2471,1,and
3,1781,1065,1066,6,xor
3,1782,3330,3331,12,not_a
3,1783,5400,5401,9,not_xor
3,1784,1871,1872,12,not_a
3,1785,1859,1860,9,not_xor
3,1786,250,251,6,xor
3,1787,1285,1286,4,not_implied_by
3,1788,136,137,12,not_a
3,1789,1655,1656,10,not_b
3,1790,5417,5418,9,not_xor
3,1791,4942,4943,12,not_a
3,1792,111,112,11,implied_by
3,1793,2222,2223,9,not_xor
3,1794,3092,3093,9,not_xor
3,1795,2272,2273,2,not_implies
3,1796,602,603,9,not_xor
3,1797,4365,4366,9,not_xor
3,1798,3155,3156,13,implies
3,1799,4243,4244,11,implied_by
3,1800,1617,1618,9,not_xor
3,1801,3219,3220,6,xor
3,1802,2352,2353,4,not_implied_by
3,1803,3789,3790,6,xor
3,1804,2065,2066,5,b
3,1805,1156,1157,6,xor
3,1806,4254,4255,11,implied_by
3,1807,4608,4609,6,xor
3,1808,1148,1149,2,not_implies
3,1809,3159,3160,12,not_a
3,1810,2701,2702,9,not_xor
3,1811,5240,5241,3,a
3,1812,3420,3421,12,not_a
3,1813,2972,2973,6,xor
3,1814,1265,1266,8,not_or
3,1815,14,15,10,not_b
3,1816,751,752,9,not_xor
3,1817,4140,4141,5,b
3,1818,4675,4676,1,and
3,1819,3850,3851,9,not_xor
3,1820,363,364,2,not_implies
3,1821,383,384,9,not_xor
3,1822,4170,4171,3,a
3,1823,3835,3836,6,xor
3,1824,5909,5910,5,b
3,1825,5874,5875,8,not_or
3,1826,6,7,9,not_xor
3,1827,5071,5072,6,xor
3,1828,376,377,12,not_a
3,1829,665,666,9,not_xor
3,1830,859,860,6,xor
3,1831,4802,4803,10,not_b
3,1832,5728,5729,9,not_xor
3,1833,3358,3359,5,b
3,1834,1317,1318,9,not_xor
3,1835,2096,2097,4,not_implied_by
3,1836,4316,4317,9,not_xor
3,1837,3295,3296,3,a
3,1838,1446,1447,3,a
3,1839,4497,4498,11,implied_by
3,1840,1464,1465,2,not_implies
3,1841,5571,5572,7,or
3,1842,830,831,2,not_implies
3,1843,4473,4474,9,not_xor
3,1844,3712,3713,6,xor
3,1845,1216,1217,4,not_implied_by
3,1846,1179,1180,12,not_a
3,1847,4509,4510,12,not_a
3,1848,4495,4496,3,a
3,1849,4360,4361,6,xor
3,1850,2179,2180,6,xor
3,1851,1255,1256,6,xor
3,1852,2160,2161,6,xor
3,1853,5370,5371,5,b
3,1854,1097,1098,6,xor
3,1855,3597,3598,2,not_implies
3,1856,3689,3690,9,not_xor
3,1857,5252,5253,6,xor
3,1858,536,537,9,not_xor
3,1859,4901,4902,2,not_implies
3,1860,2702,2703,1,and
3,1861,1526,1527,6,xor
3,1862,2063,2064,6,xor
3,1863,4687,4688,6,xor
3,1864,1360,1361,6,xor
3,1865,4817,4818,6,xor
3,1866,5224,5225,5,b
3,1867,5185,5186,11,implied_by
3,1868,275,276,6,xor
3,1869,5324,5325,5,b
3,1870,4175,4176,14,not_and
3,1871,4827,4828,6,xor
3,1872,5155,5156,6,xor
3,1873,2434,2435,5,b
3,1874,3722,3723,1,and
3,1875,4303,4304,7,or
3,1876,2653,2654,7,or
3,1877,1529,1530,13,implies
3,1878,64,65,6,xor
3,1879,3701,3702,10,not_b
3,1880,3357,3358,14,not_and
3,1881,529,530,10,not_b
3,1882,3743,3744,9,not_xor
3,1883,4587,4588,5,b
3,1884,3828,3829,6,xor
3,1885,3359,3360,10,not_b
3,1886,1470,1471,12,not_a
3,1887,4111,4112,11,implied_by
3,1888,2828,2829,12,not_a
3,1889,1597,1598,10,not_b
3,1890,4699,4700,12,not_a
3,1891,526,527,12,not_a
3,1892,3853,3854,6,xor
3,1893,1934,1935,3,a
3,1894,3601,3602,5,b
3,1895,3134,3135,3,a
3,1896,5634,5635,9,not_xor
3,1897,4540,4541,6,xor
3,1898,5305,5306,3,a
3,1899,2491,2492,9,not_xor
3,1900,2132,2133,6,xor
3,1901,3060,3061,12,not_a
3,1902,5523,5524,6,xor
3,1903,1299,1300,5,b
3,1904,1411,1412,11,implied_by
3,1905,2247,2248,10,not_b
3,1906,3737,3738,9,not_xor
3,1907,4407,4408,9,not_xor
3,1908,557,558,9,not_xor
3,1909,2862,2863,6,xor
3,1910,3996,3997,5,b
3,1911,3259,3260,6,xor
3,1912,3517,3518,14,not_and
3,1913,4421,4422,9,not_xor
3,1914,5047,5048,2,not_implies
3,1915,5528,5529,6,xor
3,1916,2453,2454,4,not_implied_by
3,1917,16,17,3,a
3,1918,1746,1747,10,not_b
3,1919,4228,4229,14,not_and
3,1920,3981,3982,10,not_b
3,1921,3214,3215,9,not_xor
3,1922,1461,1462,9,not_xor
3,1923,5405,5406,6,xor
3,1924,2667,2668,5,b
3,1925,1487,1488,6,xor
3,1926,863,864,12,not_a
3,1927,4379,4380,10,not_b
3,1928,2029,2030,12,not_a
3,1929,1229,1230,1,and
3,1930,2125,2126,13,implies
3,1931,1294,1295,9,not_xor
3,1932,2031,2032,4,not_implied_by
3,1933,806,807,0,zero
3,1934,5492,5493,5,b
3,1935,2256,2257,7,or
3,1936,1719,1720,6,xor
3,1937,3320,3321,9,not_xor
3,1938,779,780,12,not_a
3,1939,195,196,8,not_or
3,1940,3659,3660,4,not_implied_by
3,1941,2204,2205,12,not_a
3,1942,4659,4660,9,not_xor
3,1943,1311,1312,10,not_b
3,1944,3736,3737,3,a
3,1945,5965,5966,6,xor
3,1946,5295,5296,10,not_b
3,1947,2826,2827,8,not_or
3,1948,4712,4713,4,not_implied_by
3,1949,2606,2607,2,not_implies
3,1950,1751,1752,14,not_and
3,1951,5496,5497,4,not_implied_by
3,1952,5446,5447,5,b
3,1953,801,802,15,one
3,1954,3889,3890,3,a
3,1955,5024,5025,12,not_a
3,1956,2688,2689,12,not_a
3,1957,1106,1107,6,xor
3,1958,4839,4840,6,xor
3,1959,4226,4227,5,b
3,1960,459,460,9,not_xor
3,1961,3784,3785,6,xor
3,1962,3280,3281,5,b
3,1963,314,315,3,a
3,1964,2971,2972,9,not_xor
3,1965,3189,3190,12,not_a
3,1966,4115,4116,11,implied_by
3,1967,2812,2813,2,not_implies
3,1968,4005,4006,6,xor
3,1969,1124,1125,6,xor
3,1970,3050,3051,9,not_xor
3,1971,1643,1644,5,b
3,1972,3318,3319,9,not_xor
3,1973,5895,5896,4,not_implied_by
3,1974,1786,1787,1,and
3,1975,1721,1722,12,not_a
3,1976,5422,5423,13,implies
3,1977,4119,4120,9,not_xor
3,1978,1244,1245,12,not_a
3,1979,741,742,0,zero
3,1980,1683,1684,6,xor
3,1981,2886,2887,9,not_xor
3,1982,5654,5655,2,not_implies
3,1983,152,153,6,xor
3,1984,1367,1368,5,b
3,1985,2424,2425,9,not_xor
3,1986,986,987,12,not_a
3,1987,1823,1824,8,not_or
3,1988,4692,4693,11,implied_by
3,1989,5328,5329,13,implies
3,1990,5367,5368,3,a
3,1991,2383,2384,11,implied_by
3,1992,5184,5185,3,a
3,1993,2822,2823,9,not_xor
3,1994,4192,4193,2,not_implies
3,1995,4195,4196,12,not_a
3,1996,1873,1874,9,not_xor
3,1997,415,416,12,not_a
3,1998,3424,3425,6,xor
3,1999,1741,1742,12,not_a
3,2000,1939,1940,6,xor
3,2001,3522,3523,4,not_implied_by
3,2002,5512,5513,8,not_or
3,2003,5069,5070,7,or
3,2004,5828,5829,10,not_b
3,2005,4410,4411,13,implies
3,2006,1234,1235,3,a
3,2007,718,719,6,xor
3,2008,3841,3842,9,not_xor
3,2009,4101,4102,2,not_implies
3,2010,842,843,13,implies
3,2011,4435,4436,11,implied_by
3,2012,352,353,9,not_xor
3,2013,2269,2270,7,or
3,2014,4875,4876,2,not_implies
3,2015,4066,4067,5,b
3,2016,575,576,6,xor
3,2017,5591,5592,1,and
3,2018,987,988,13,implies
3,2019,5600,5601,11,implied_by
3,2020,5340,5341,10,not_b
3,2021,4684,4685,9,not_xor
3,2022,2378,2379,12,not_a
3,2023,5584,5585,13,implies
3,2024,1346,1347,6,xor
3,2025,390,391,9,not_xor
3,2026,4440,4441,6,xor
3,2027,182,183,9,not_xor
3,2028,5911,5912,5,b
3,2029,5531,5532,12,not_a
3,2030,291,292,6,xor
3,2031,5048,5049,6,xor
3,2032,4239,4240,2,not_implies
3,2033,443,444,6,xor
3,2034,2545,2546,2,not_implies
3,2035,1771,1772,12,not_a
3,2036,2581,2582,9,not_xor
3,2037,1457,1458,6,xor
3,2038,2244,2245,3,a
3,2039,2456,2457,6,xor
3,2040,3760,3761,5,b
3,2041,5901,5902,6,xor
3,2042,1161,1162,6,xor
3,2043,2316,2317,9,not_xor
3,2044,5030,5031,3,a
3,2045,430,431,6,xor
3,2046,2110,2111,10,not_b
3,2047,2536,2537,10,not_b
3,2048,1917,1918,3,a
3,2049,2915,2916,12,not_a
3,2050,2082,2083,5,b
3,2051,4934,4935,4,not_implied_by
3,2052,3925,3926,1,and
3,2053,333,334,3,a
3,2054,3218,3219,6,xor
3,2055,711,712,10,not_b
3,2056,2285,2286,7,or
3,2057,5068,5069,13,implies
3,2058,5561,5562,6,xor
3,2059,3221,3222,9,not_xor
3,2060,1628,1629,14,not_and
3,2061,3397,3398,14,not_and
3,2062,2047,2048,6,xor
3,2063,2392,2393,8,not_or
3,2064,4595,4596,12,not_a
3,2065,1341,1342,3,a
3,2066,1187,1188,9,not_xor
3,2067,4655,4656,12,not_a
3,2068,3915,3916,6,xor
3,2069,2075,2076,5,b
3,2070,184,185,4,not_implied_by
3,2071,3018,3019,10,not_b
3,2072,3875,3876,10,not_b
3,2073,3823,3824,2,not_implies
3,2074,5625,5626,9,not_xor
3,2075,4996,4997,9,not_xor
3,2076,186,187,6,xor
3,2077,1442,1443,6,xor
3,2078,502,503,10,not_b
3,2079,626,627,5,b
3,2080,2516,2517,14,not_and
3,2081,5233,5234,2,not_implies
3,2082,3493,3494,1,and
3,2083,1538,1539,9,not_xor
3,2084,3764,3765,7,or
3,2085,3110,3111,1,and
3,2086,2932,2933,6,xor
3,2087,1816,1817,15,one
3,2088,104,105,9,not_xor
3,2089,395,396,5,b
3,2090,4308,4309,6,xor
3,2091,693,694,6,xor
3,2092,4283,4284,5,b
3,2093,5521,5522,1,and
3,2094,3463,3464,11,implied_by
3,2095,2140,2141,8,not_or
3,2096,4062,4063,2,not_implies
3,2097,155,156,14,not_and
3,2098,4956,4957,1,and
3,2099,101,102,9,not_xor
3,2100,1759,1760,10,not_b
3,2101,5138,5139,12,not_a
3,2102,559,560,12,not_a
3,2103,2069,2070,7,or
3,2104,3034,3035,12,not_a
3,2105,129,130,6,xor
3,2106,3679,3680,11,implied_by
3,2107,5412,5413,10,not_b
3,2108,5107,5108,8,not_or
3,2109,2404,2405,5,b
3,2110,3965,3966,5,b
3,2111,3281,3282,2,not_implies
3,2112,2306,2307,6,xor
3,2113,3131,3132,9,not_xor
3,2114,1028,1029,1,and
3,2115,3874,3875,8,not_or
3,2116,5274,5275,12,not_a
3,2117,1195,1196,12,not_a
3,2118,4193,4194,4,not_implied_by
3,2119,4139,4140,14,not_and
3,2120,819,820,12,not_a
3,2121,2374,2375,13,implies
3,2122,4073,4074,9,not_xor
3,2123,150,151,3,a
3,2124,840,841,12,not_a
3,2125,5393,5394,10,not_b
3,2126,2139,2140,9,not_xor
3,2127,3109,3110,12,not_a
3,2128,4503,4504,10,not_b
3,2129,3226,3227,2,not_implies
3,2130,1298,1299,4,not_implied_by
3,2131,1029,1030,6,xor
3,2132,330,331,4,not_implied_by
3,2133,3890,3891,14,not_and
3,2134,4580,4581,12,not_a
3,2135,2498,2499,1,and
3,2136,5359,5360,1,and
3,2137,5117,5118,7,or
3,2138,5873,5874,8,not_or
3,2139,2049,2050,5,b
3,2140,5457,5458,9,not_xor
3,2141,2373,2374,6,xor
3,2142,2821,2822,8,not_or
3,2143,4782,4783,6,xor
3,2144,2503,2504,6,xor
3,2145,365,366,2,not_implies
3,2146,1400,1401,8,not_or
3,2147,4713,4714,6,xor
3,2148,5878,5879,6,xor
3,2149,788,789,9,not_xor
3,2150,3381,3382,9,not_xor
3,2151,1924,1925,10,not_b
3,2152,3272,3273,10,not_b
3,2153,563,564,1,and
3,2154,4341,4342,12,not_a
3,2155,4764,4765,4,not_implied_by
3,2156,1204,1205,13,implies
3,2157,5763,5764,10,not_b
3,2158,3649,3650,9,not_xor
3,2159,2314,2315,7,or
3,2160,1429,1430,9,not_xor
3,2161,2359,2360,10,not_b
3,2162,771,772,13,implies
3,2163,2898,2899,9,not_xor
3,2164,3819,3820,3,a
3,2165,1402,1403,13,implies
3,2166,4083,4084,9,not_xor
3,2167,2867,2868,12,not_a
3,2168,1376,1377,3,a
3,2169,1907,1908,2,not_implies
3,2170,2952,2953,12,not_a
3,2171,3486,3487,3,a
3,2172,5345,5346,3,a
3,2173,2993,2994,6,xor
3,2174,4711,4712,3,a
3,2175,4091,4092,9,not_xor
3,2176,5963,5964,8,not_or
3,2177,157,158,9,not_xor
3,2178,5721,5722,6,xor
3,2179,2360,2361,2,not_implies
3,2180,3988,3989,5,b
3,2181,3878,3879,2,not_implies
3,2182,36,37,4,not_implied_by
3,2183,1566,1567,10,not_b
3,2184,196,197,12,not_a
3,2185,21,22,9,not_xor
3,2186,5619,5620,4,not_implied_by
3,2187,3886,3887,3,a
3,2188,641,642,14,not_and
3,2189,3698,3699,5,b
3,2190,5450,5451,10,not_b
3,2191,2220,2221,4,not_implied_by
3,2192,5881,5882,14,not_and
3,2193,88,89,4,not_implied_by
3,2194,4217,4218,10,not_b
3,2195,3605,3606,3,a
3,2196,2640,2641,3,a
3,2197,908,909,10,not_b
3,2198,3700,3701,12,not_a
3,2199,5799,5800,4,not_implied_by
3,2200,3610,3611,10,not_b
3,2201,1737,1738,2,not_implies
3,2202,4231,4232,5,b
3,2203,1054,1055,2,not_implies
3,2204,4537,4538,9,not_xor
3,2205,1713,1714,12,not_a
3,2206,5613,5614,12,not_a
3,2207,4806,4807,6,xor
3,2208,5364,5365,10,not_b
3,2209,1433,1434,11,implied_by
3,2210,901,902,12,not_a
3,2211,724,725,2,not_implies
3,2212,3592,3593,6,xor
3,2213,1184,1185,11,implied_by
3,2214,3545,3546,6,xor
3,2215,2517,2518,5,b
3,2216,2957,2958,3,a
3,2217,2100,2101,9,not_xor
3,2218,4795,4796,6,xor
3,2219,3846,3847,7,or
3,2220,3322,3323,5,b
3,2221,193,194,10,not_b
3,2222,2194,2195,3,a
3,2223,2235,2236,6,xor
3,2224,4673,4674,6,xor
3,2225,3123,3124,8,not_or
3,2226,156,157,9,not_xor
3,2227,4246,4247,12,not_a
3,2228,5682,5683,6,xor
3,2229,4816,4817,3,a
3,2230,517,518,3,a
3,2231,323,324,1,and
3,2232,3632,3633,14,not_and
3,2233,3027,3028,6,xor
3,2234,5536,5537,11,implied_by
3,2235,5520,5521,6,xor
3,2236,4015,4016,13,implies
3,2237,961,962,3,a
3,2238,5577,5578,9,not_xor
3,2239,5981,5982,5,b
3,2240,4182,4183,3,a
3,2241,4859,4860,9,not_xor
3,2242,1807,1808,10,not_b
3,2243,5708,5709,9,not_xor
3,2244,3958,3959,6,xor
3,2245,2625,2626,14,not_and
3,2246,3145,3146,14,not_and
3,2247,515,516,10,not_b
3,2248,3563,3564,6,xor
3,2249,4911,4912,9,not_xor
3,2250,2626,2627,9,not_xor
3,2251,609,610,3,a
3,2252,5774,5775,3,a
3,2253,576,577,9,not_xor
3,2254,2233,2234,9,not_xor
3,2255,12,13,6,xor
3,2256,5221,5222,2,not_implies
3,2257,5537,5538,13,implies
3,2258,2263,2264,3,a
3,2259,2354,2355,5,b
3,2260,4496,4497,6,xor
3,2261,4707,4708,10,not_b
3,2262,1932,1933,6,xor
3,2263,5151,5152,10,not_b
3,2264,5675,5676,5,b
3,2265,3546,3547,9,not_xor
3,2266,4262,4263,6,xor
3,2267,2531,2532,7,or
3,2268,317,318,9,not_xor
3,2269,745,746,12,not_a
3,2270,969,970,8,not_or
3,2271,2963,2964,12,not_a
3,2272,5368,5369,5,b
3,2273,664,665,8,not_or
3,2274,2364,2365,8,not_or
3,2275,4504,4505,12,not_a
3,2276,1107,1108,6,xor
3,2277,3524,3525,1,and
3,2278,5641,5642,5,b
3,2279,263,264,10,not_b
3,2280,4854,4855,12,not_a
3,2281,5456,5457,9,not_xor
3,2282,1813,1814,8,not_or
3,2283,935,936,8,not_or
3,2284,759,760,5,b
3,2285,616,617,9,not_xor
3,2286,2259,2260,5,b
3,2287,3941,3942,9,not_xor
3,2288,1696,1697,5,b
3,2289,1650,1651,11,implied_by
3,2290,836,837,7,or
3,2291,4723,4724,6,xor
3,2292,1838,1839,10,not_b
3,2293,1940,1941,8,not_or
3,2294,4176,4177,9,not_xor
3,2295,5956,5957,7,or
3,2296,3151,3152,15,one
3,2297,100,101,2,not_implies
3,2298,1815,1816,12,not_a
3,2299,1791,1792,3,a
3,2300,154,155,6,xor
3,2301,1607,1608,9,not_xor
3,2302,5303,5304,8,not_or
3,2303,1050,1051,12,not_a
3,2304,1066,1067,8,not_or
3,2305,31,32,1,and
3,2306,1327,1328,7,or
3,2307,128,129,9,not_xor
3,2308,2258,2259,5,b
3,2309,2297,2298,6,xor
3,2310,2895,2896,3,a
3,2311,5597,5598,3,a
3,2312,979,980,10,not_b
3,2313,5429,5430,2,not_implies
3,2314,1969,1970,2,not_implies
3,2315,5162,5163,3,a
3,2316,2811,2812,11,implied_by
3,2317,4532,4533,6,xor
3,2318,2427,2428,10,not_b
3,2319,783,784,11,implied_by
3,2320,372,373,12,not_a
3,2321,4368,4369,1,and
3,2322,1601,1602,3,a
3,2323,1247,1248,3,a
3,2324,2206,2207,1,and
3,2325,1674,1675,10,not_b
3,2326,1845,1846,6,xor
3,2327,3106,3107,6,xor
3,2328,406,407,9,not_xor
3,2329,130,131,9,not_xor
3,2330,2201,2202,10,not_b
3,2331,613,614,3,a
3,2332,5215,5216,14,not_and
3,2333,4489,4490,9,not_xor
3,2334,1145,1146,9,not_xor
3,2335,4780,4781,8,not_or
3,2336,5350,5351,9,not_xor
3,2337,2189,2190,12,not_a
3,2338,1847,1848,3,a
3,2339,638,639,6,xor
3,2340,1203,1204,8,not_or
3,2341,56,57,1,and
3,2342,3670,3671,6,xor
3,2343,1408,1409,12,not_a
3,2344,3402,3403,4,not_implied_by
3,2345,938,939,6,xor
3,2346,4628,4629,13,implies
3,2347,5408,5409,9,not_xor
3,2348,804,805,6,xor
3,2349,4776,4777,7,or
3,2350,457,458,6,xor
3,2351,5089,5090,9,not_xor
3,2352,924,925,6,xor
3,2353,622,623,3,a
3,2354,4918,4919,6,xor
3,2355,3739,3740,9,not_xor
3,2356,2968,2969,6,xor
3,2357,2483,2484,10,not_b
3,2358,3266,3267,14,not_and
3,2359,921,922,9,not_xor
3,2360,4535,4536,3,a
3,2361,1301,1302,4,not_implied_by
3,2362,4488,4489,12,not_a
3,2363,5553,5554,13,implies
3,2364,1078,1079,5,b
3,2365,2128,2129,5,b
3,2366,5415,5416,9,not_xor
3,2367,2881,2882,5,b
3,2368,4070,4071,7,or
3,2369,2262,2263,4,not_implied_by
3,2370,2548,2549,6,xor
3,2371,139,140,7,or
3,2372,2368,2369,3,a
3,2373,5257,5258,3,a
3,2374,1929,1930,8,not_or
3,2375,3970,3971,1,and
3,2376,886,887,9,not_xor
3,2377,2381,2382,10,not_b
3,2378,5327,5328,2,not_implies
3,2379,477,478,6,xor
3,2380,1155,1156,9,not_xor
3,2381,3895,3896,9,not_xor
3,2382,5632,5633,6,xor
3,2383,3095,3096,6,xor
3,2384,3653,3654,8,not_or
3,2385,5735,5736,3,a
3,2386,3962,3963,2,not_implies
3,2387,5908,5909,12,not_a
3,2388,2252,2253,6,xor
3,2389,5800,5801,6,xor
3,2390,4315,4316,8,not_or
3,2391,5505,5506,12,not_a
3,2392,3837,3838,6,xor
3,2393,5187,5188,3,a
3,2394,1243,1244,10,not_b
3,2395,162,163,5,b
3,2396,5171,5172,6,xor
3,2397,3244,3245,6,xor
3,2398,2152,2153,3,a
3,2399,2283,2284,13,implies
3,2400,5975,5976,6,xor
3,2401,1730,1731,8,not_or
3,2402,3709,3710,6,xor
3,2403,2544,2545,10,not_b
3,2404,1962,1963,5,b
3,2405,3887,3888,5,b
3,2406,253,254,6,xor
3,2407,4983,4984,8,not_or
3,2408,5222,5223,3,a
3,2409,237,238,15,one
3,2410,4832,4833,9,not_xor
3,2411,4035,4036,9,not_xor
3,2412,2630,2631,10,not_b
3,2413,3277,3278,14,not_and
3,2414,5846,5847,13,implies
3,2415,4238,4239,4,not_implied_by
3,2416,5688,5689,8,not_or
3,2417,682,683,5,b
3,2418,4980,4981,13,implies
3,2419,4556,4557,7,or
3,2420,273,274,5,b
3,2421,4578,4579,9,not_xor
3,2422,5194,5195,8,not_or
3,2423,1881,1882,5,b
3,2424,4605,4606,11,implied_by
3,2425,400,401,4,not_implied_by
3,2426,4704,4705,8,not_or
3,2427,1844,1845,10,not_b
3,2428,1417,1418,6,xor
3,2429,1533,1534,6,xor
3,2430,4840,4841,6,xor
3,2431,3436,3437,6,xor
3,2432,86,87,3,a
3,2433,5760,5761,12,not_a
3,2434,1079,1080,9,not_xor
3,2435,1074,1075,9,not_xor
3,2436,3483,3484,10,not_b
3,2437,5809,5810,12,not_a
3,2438,4622,4623,4,not_implied_by
3,2439,5517,5518,11,implied_by
3,2440,1936,1937,6,xor
3,2441,2825,2826,7,or
3,2442,5578,5579,4,not_implied_by
3,2443,3953,3954,5,b
3,2444,1398,1399,4,not_implied_by
3,2445,1686,1687,6,xor
3,2446,4722,4723,3,a
3,2447,5793,5794,5,b
3,2448,4955,4956,6,xor
3,2449,845,846,9,not_xor
3,2450,1071,1072,4,not_implied_by
3,2451,988,989,12,not_a
3,2452,4124,4125,10,not_b
3,2453,1099,1100,8,not_or
3,2454,1237,1238,5,b
3,2455,4085,4086,3,a
3,2456,3494,3495,12,not_a
3,2457,5082,5083,2,not_implies
3,2458,5472,5473,9,not_xor
3,2459,1673,1674,9,not_xor
3,2460,2866,2867,6,xor
3,2461,653,654,4,not_implied_by
3,2462,5001,5002,9,not_xor
3,2463,3934,3935,7,or
3,2464,2070,2071,4,not_implied_by
3,2465,1703,1704,10,not_b
3,2466,1274,1275,10,not_b
3,2467,5383,5384,9,not_xor
3,2468,4739,4740,10,not_b
3,2469,2371,2372,10,not_b
3,2470,2218,2219,10,not_b
3,2471,1905,1906,9,not_xor
3,2472,1977,1978,9,not_xor
3,2473,1631,1632,12,not_a
3,2474,2934,2935,5,b
3,2475,926,927,12,not_a
3,2476,5010,5011,2,not_implies
3,2477,1710,1711,12,not_a
3,2478,5105,5106,8,not_or
3,2479,3587,3588,2,not_implies
3,2480,4307,4308,6,xor
3,2481,3794,3795,9,not_xor
3,2482,3311,3312,6,xor
3,2483,775,776,10,not_b
3,2484,3346,3347,6,xor
3,2485,1150,1151,9,not_xor
3,2486,5718,5719,8,not_or
3,2487,2816,2817,1,and
3,2488,2488,2489,6,xor
3,2489,310,311,9,not_xor
3,2490,805,806,13,implies
3,2491,4362,4363,6,xor
3,2492,218,219,9,not_xor
3,2493,3544,3545,7,or
3,2494,4559,4560,13,implies
3,2495,5322,5323,2,not_implies
3,2496,53,54,8,not_or
3,2497,1938,1939,14,not_and
3,2498,410,411,6,xor
3,2499,3855,3856,4,not_implied_by
3,2500,4023,4024,3,a
3,2501,4284,4285,6,xor
3,2502,2618,2619,14,not_and
3,2503,3139,3140,7,or
3,2504,5129,5130,6,xor
3,2505,4443,4444,6,xor
3,2506,3600,3601,5,b
3,2507,4018,4019,9,not_xor
3,2508,1366,1367,9,not_xor
3,2509,3619,3620,10,not_b
3,2510,426,427,12,not_a
3,2511,905,906,9,not_xor
3,2512,721,722,14,not_and
3,2513,5726,5727,3,a
3,2514,3979,3980,2,not_implies
3,2515,290,291,1,and
3,2516,4274,4275,6,xor
3,2517,1506,1507,13,implies
3,2518,5315,5316,2,not_implies
3,2519,3707,3708,11,implied_by
3,2520,3690,3691,6,xor
3,2521,5511,5512,9,not_xor
3,2522,3637,3638,9,not_xor
3,2523,561,562,5,b
3,2524,3504,3505,6,xor
3,2525,4742,4743,6,xor
3,2526,2871,2872,2,not_implies
3,2527,5826,5827,5,b
3,2528,2974,2975,3,a
3,2529,4077,4078,5,b
3,2530,4054,4055,6,xor
3,2531,5355,5356,2,not_implies
3,2532,2950,2951,10,not_b
3,2533,3401,3402,12,not_a
3,2534,2170,2171,11,implied_by
3,2535,5564,5565,9,not_xor
3,2536,412,413,6,xor
3,2537,3070,3071,9,not_xor
3,2538,5179,5180,6,xor
3,2539,161,162,6,xor
3,2540,4568,4569,4,not_implied_by
3,2541,1295,1296,1,and
3,2542,1174,1175,9,not_xor
3,2543,5797,5798,10,not_b
3,2544,5644,5645,3,a
3,2545,3462,3463,13,implies
3,2546,3390,3391,11,implied_by
3,2547,5541,5542,3,a
3,2548,2290,2291,10,not_b
3,2549,5515,5516,3,a
3,2550,709,710,9,not_xor
3,2551,300,301,11,implied_by
3,2552,3677,3678,10,not_b
3,2553,3075,3076,7,or
3,2554,4161,4162,8,not_or
3,2555,358,359,9,not_xor
3,2556,2114,2115,10,not_b
3,2557,2342,2343,5,b
3,2558,2156,2157,13,implies
3,2559,4020,4021,6,xor
3,2560,5680,5681,5,b
3,2561,4880,4881,8,not_or
3,2562,5778,5779,11,implied_by
3,2563,2445,2446,9,not_xor
3,2564,482,483,7,or
3,2565,4319,4320,11,implied_by
3,2566,348,349,15,one
3,2567,3720,3721,11,implied_by
3,2568,3562,3563,6,xor
3,2569,1019,1020,13,implies
3,2570,1950,1951,10,not_b
3,2571,923,924,5,b
3,2572,2969,2970,3,a
3,2573,5139,5140,13,implies
3,2574,1903,1904,10,not_b
3,2575,3758,3759,12,not_a
3,2576,2502,2503,7,or
3,2577,4081,4082,9,not_xor
3,2578,1675,1676,0,zero
3,2579,4794,4795,3,a
3,2580,5955,5956,6,xor
3,2581,3753,3754,3,a
3,2582,4414,4415,14,not_and
3,2583,3305,3306,12,not_a
3,2584,5638,5639,5,b
3,2585,2782,2783,4,not_implied_by
3,2586,879,880,5,b
3,2587,4490,4491,6,xor
3,2588,957,958,9,not_xor
3,2589,2153,2154,3,a
3,2590,1069,1070,5,b
3,2591,5101,5102,10,not_b
3,2592,120,121,12,not_a
3,2593,83,84,14,not_and
3,2594,2080,2081,10,not_b
3,2595,3030,3031,10,not_b
3,2596,1508,1509,3,a
3,2597,2305,2306,13,implies
3,2598,393,394,9,not_xor
3,2599,424,425,6,xor
3,2600,2493,2494,2,not_implies
3,2601,4252,4253,9,not_xor
3,2602,5280,5281,5,b
3,2603,5582,5583,4,not_implied_by
3,2604,2,3,9,not_xor
3,2605,173,174,7,or
3,2606,4623,4624,9,not_xor
3,2607,202,203,10,not_b
3,2608,1263,1264,2,not_implies
3,2609,5594,5595,4,not_implied_by
3,2610,4670,4671,5,b
3,2611,428,429,8,not_or
3,2612,336,337,2,not_implies
3,2613,2540,2541,2,not_implies
3,2614,4876,4877,6,xor
3,2615,3998,3999,6,xor
3,2616,3692,3693,4,not_implied_by
3,2617,1852,1853,6,xor
3,2618,4218,4219,10,not_b
3,2619,2284,2285,9,not_xor
3,2620,5592,5593,8,not_or
3,2621,2876,2877,12,not_a
3,2622,4465,4466,5,b
3,2623,4887,4888,10,not_b
3,2624,4931,4932,2,not_implies
3,2625,1897,1898,6,xor
3,2626,834,835,12,not_a
3,2627,1744,1745,9,not_xor
3,2628,4745,4746,10,not_b
3,2629,5380,5381,4,not_implied_by
3,2630,630,631,13,implies
3,2631,5859,5860,9,not_xor
3,2632,642,643,1,and
3,2633,387,388,3,a
3,2634,2913,2914,3,a
3,2635,5650,5651,3,a
3,2636,4701,4702,9,not_xor
3,2637,3200,3201,9,not_xor
3,2638,3980,3981,6,xor
3,2639,4250,4251,10,not_b
3,2640,285,286,8,not_or
3,2641,793,794,3,a
3,2642,2015,2016,8,not_or
3,2643,5525,5526,13,implies
3,2644,3769,3770,14,not_and
3,2645,4100,4101,3,a
3,2646,3036,3037,7,or
3,2647,3933,3934,7,or
3,2648,4522,4523,6,xor
3,2649,2590,2591,9,not_xor
3,2650,4754,4755,12,not_a
3,2651,4030,4031,14,not_and
3,2652,2216,2217,9,not_xor
3,2653,3509,3510,14,not_and
3,2654,2138,2139,6,xor
3,2655,5738,5739,13,implies
3,2656,313,314,6,xor
3,2657,5804,5805,10,not_b
3,2658,1544,1545,8,not_or
3,2659,1553,1554,10,not_b
3,2660,758,759,2,not_implies
3,2661,5443,5444,2,not_implies
3,2662,4304,4305,12,not_a
3,2663,2973,2974,7,or
3,2664,909,910,9,not_xor
3,2665,5777,5778,3,a
3,2666,1348,1349,2,not_implies
3,2667,1817,1818,11,implied_by
3,2668,729,730,12,not_a
3,2669,396,397,5,b
3,2670,4043,4044,6,xor
3,2671,5284,5285,13,implies
3,2672,2708,2709,5,b
3,2673,1481,1482,6,xor
3,2674,2717,2718,6,xor
3,2675,2254,2255,5,b
3,2676,3687,3688,4,not_implied_by
3,2677,5494,5495,3,a
3,2678,3045,3046,11,implied_by
3,2679,1773,1774,12,not_a
3,2680,4287,4288,5,b
3,2681,319,320,10,not_b
3,2682,2916,2917,3,a
3,2683,2490,2491,12,not_a
3,2684,2689,2690,5,b
3,2685,5147,5148,7,or
3,2686,4511,4512,10,not_b
3,2687,5441,5442,8,not_or
3,2688,4629,4630,8,not_or
3,2689,2749,2750,3,a
3,2690,1863,1864,9,not_xor
3,2691,5669,5670,9,not_xor
3,2692,4088,4089,2,not_implies
3,2693,4,5,11,implied_by
3,2694,813,814,9,not_xor
3,2695,4293,4294,10,not_b
3,2696,4223,4224,10,not_b
3,2697,541,542,7,or
3,2698,807,808,4,not_implied_by
3,2699,2697,2698,12,not_a
3,2700,5510,5511,5,b
3,2701,570,571,10,not_b
3,2702,2037,2038,6,xor
3,2703,3909,3910,9,not_xor
3,2704,62,63,6,xor
3,2705,5839,5840,5,b
3,2706,2614,2615,7,or
3,2707,351,352,9,not_xor
3,2708,2418,2419,12,not_a
3,2709,2732,2733,12,not_a
3,2710,2057,2058,11,implied_by
3,2711,2628,2629,6,xor
3,2712,4626,4627,15,one
3,2713,5387,5388,3,a
3,2714,294,295,5,b
3,2715,1337,1338,9,not_xor
3,2716,5626,5627,4,not_implied_by
3,2717,3089,3090,6,xor
3,2718,3518,3519,13,implies
3,2719,4588,4589,4,not_implied_by
3,2720,3124,3125,11,implied_by
3,2721,3951,3952,7,or
3,2722,5662,5663,10,not_b
3,2723,1972,1973,12,not_a
3,2724,1889,1890,3,a
3,2725,1585,1586,5,b
3,2726,30,31,5,b
3,2727,5815,5816,5,b
3,2728,5835,5836,10,not_b
3,2729,740,741,6,xor
3,2730,3521,3522,5,b
3,2731,5977,5978,10,not_b
3,2732,224,225,10,not_b
3,2733,5034,5035,11,implied_by
3,2734,3865,3866,6,xor
3,2735,2515,2516,1,and
3,2736,911,912,2,not_implies
3,2737,3617,3618,6,xor
3,2738,5991,5992,4,not_implied_by
3,2739,1557,1558,4,not_implied_by
3,2740,5630,5631,11,implied_by
3,2741,5959,5960,13,implies
3,2742,981,982,11,implied_by
3,2743,3566,3567,7,or
3,2744,3964,3965,8,not_or
3,2745,2937,2938,3,a
3,2746,1291,1292,12,not_a
3,2747,2823,2824,13,implies
3,2748,5098,5099,6,xor
3,2749,1953,1954,2,not_implies
3,2750,5294,5295,3,a
3,2751,3618,3619,10,not_b
3,2752,216,217,6,xor
3,2753,2711,2712,7,or
3,2754,5149,5150,9,not_xor
3,2755,2229,2230,14,not_and
3,2756,3008,3009,1,and
3,2757,3957,3958,10,not_b
3,2758,1874,1875,6,xor
3,2759,3051,3052,10,not_b
3,2760,4141,4142,10,not_b
3,2761,520,521,6,xor
3,2762,2438,2439,7,or
3,2763,2437,2438,9,not_xor
3,2764,5614,5615,6,xor
3,2765,5887,5888,1,and
3,2766,3923,3924,12,not_a
3,2767,933,934,9,not_xor
3,2768,2976,2977,14,not_and
3,2769,5286,5287,1,and
3,2770,5615,5616,3,a
3,2771,2145,2146,10,not_b
3,2772,2521,2522,14,not_and
3,2773,2740,2741,6,xor
3,2774,2005,2006,3,a
3,2775,3376,3377,10,not_b
3,2776,1653,1654,13,implies
3,2777,102,103,5,b
3,2778,5042,5043,6,xor
3,2779,4828,4829,2,not_implies
3,2780,4878,4879,6,xor
3,2781,5871,5872,10,not_b
3,2782,1704,1705,14,not_and
3,2783,2705,2706,2,not_implies
3,2784,4665,4666,5,b
3,2785,3872,3873,6,xor
3,2786,2912,2913,12,not_a
3,2787,142,143,12,not_a
3,2788,5618,5619,3,a
3,2789,3323,3324,3,a
3,2790,1749,1750,5,b
3,2791,3829,3830,11,implied_by
3,2792,3146,3147,9,not_xor
3,2793,4750,4751,9,not_xor
3,2794,5445,5446,3,a
3,2795,371,372,9,not_xor
3,2796,5951,5952,12,not_a
3,2797,2209,2210,5,b
3,2798,5095,5096,13,implies
3,2799,5425,5426,7,or
3,2800,2019,2020,6,xor
3,2801,4632,4633,6,xor
3,2802,2345,2346,9,not_xor
3,2803,2568,2569,10,not_b
3,2804,176,177,9,not_xor
3,2805,3534,3535,14,not_and
3,2806,2692,2693,3,a
3,2807,4143,4144,5,b
3,2808,5985,5986,12,not_a
3,2809,2944,2945,13,implies
3,2810,4068,4069,3,a
3,2811,4158,4159,6,xor
3,2812,4690,4691,9,not_xor
3,2813,1995,1996,12,not_a
3,2814,341,342,2,not_implies
3,2815,5137,5138,6,xor
3,2816,5952,5953,9,not_xor
3,2817,5883,5884,7,or
3,2818,1578,1579,5,b
3,2819,3150,3151,5,b
3,2820,3049,3050,6,xor
3,2821,5507,5508,6,xor
3,2822,1105,1106,3,a
3,2823,5920,5921,7,or
3,2824,2885,2886,10,not_b
3,2825,5768,5769,9,not_xor
3,2826,650,651,6,xor
3,2827,4442,4443,7,or
3,2828,1370,1371,12,not_a
3,2829,2103,2104,7,or
3,2830,1615,1616,6,xor
3,2831,3946,3947,7,or
3,2832,3431,3432,9,not_xor
3,2833,2996,2997,5,b
3,2834,2104,2105,1,and
3,2835,2495,2496,1,and
3,2836,57,58,6,xor
3,2837,3885,3886,9,not_xor
3,2838,3916,3917,9,not_xor
3,2839,3452,3453,12,not_a
3,2840,3703,3704,6,xor
3,2841,484,485,3,a
3,2842,5056,5057,12,not_a
3,2843,5279,5280,12,not_a
3,2844,1326,1327,3,a
3,2845,4134,4135,9,not_xor
3,2846,1205,1206,2,not_implies
3,2847,2655,2656,4,not_implied_by
3,2848,4602,4603,5,b
3,2849,4884,4885,9,not_xor
3,2850,5919,5920,9,not_xor
3,2851,2965,2966,10,not_b
3,2852,3718,3719,3,a
3,2853,4987,4988,9,not_xor
3,2854,1842,1843,6,xor
3,2855,2444,2445,6,xor
3,2856,5855,5856,9,not_xor
3,2857,3448,3449,9,not_xor
3,2858,3854,3855,6,xor
3,2859,2863,2864,13,implies
3,2860,1928,1929,3,a
3,2861,5485,5486,1,and
3,2862,524,525,10,not_b
3,2863,2713,2714,2,not_implies
3,2864,2124,2125,6,xor
3,2865,5049,5050,8,not_or
3,2866,3442,3443,12,not_a
3,2867,3621,3622,6,xor
3,2868,1952,1953,6,xor
3,2869,963,964,4,not_implied_by
3,2870,493,494,6,xor
3,2871,4656,4657,12,not_a
3,2872,1568,1569,10,not_b
3,2873,3182,3183,9,not_xor
3,2874,1819,1820,6,xor
3,2875,171,172,8,not_or
3,2876,5998,5999,8,not_or
3,2877,499,500,3,a
3,2878,5272,5273,7,or
3,2879,2808,2809,6,xor
3,2880,1626,1627,1,and
3,2881,5820,5821,10,not_b
3,2882,5945,5946,4,not_implied_by
3,2883,764,765,12,not_a
3,2884,1321,1322,2,not_implies
3,2885,4997,4998,6,xor
3,2886,902,903,4,not_implied_by
3,2887,2534,2535,14,not_and
3,2888,1070,1071,3,a
3,2889,1392,1393,3,a
3,2890,3904,3905,11,implied_by
3,2891,1752,1753,3,a
3,2892,96,97,3,a
3,2893,1792,1793,2,not_implies
3,2894,2930,2931,7,or
3,2895,4025,4026,11,implied_by
3,2896,4733,4734,12,not_a
3,2897,5837,5838,6,xor
3,2898,3181,3182,6,xor
3,2899,732,733,10,not_b
3,2900,4069,4070,6,xor
3,2901,2137,2138,14,not_and
3,2902,691,692,3,a
3,2903,1384,1385,6,xor
3,2904,4279,4280,5,b
3,2905,2281,2282,9,not_xor
3,2906,3560,3561,4,not_implied_by
3,2907,3260,3261,10,not_b
3,2908,2465,2466,12,not_a
3,2909,730,731,10,not_b
3,2910,2663,2664,5,b
3,2911,4197,4198,12,not_a
3,2912,5167,5168,12,not_a
3,2913,1063,1064,7,or
3,2914,1126,1127,3,a
3,2915,2698,2699,7,or
3,2916,226,227,3,a
3,2917,5440,5441,8,not_or
3,2918,1058,1059,10,not_b
3,2919,1041,1042,12,not_a
3,2920,17,18,9,not_xor
3,2921,4276,4277,6,xor
3,2922,5701,5702,1,and
3,2923,3235,3236,9,not_xor
3,2924,2909,2910,9,not_xor
3,2925,2609,2610,10,not_b
3,2926,2020,2021,13,implies
3,2927,2479,2480,9,not_xor
3,2928,5932,5933,12,not_a
3,2929,5693,5694,3,a
3,2930,3161,3162,3,a
3,2931,605,606,9,not_xor
3,2932,4164,4165,9,not_xor
3,2933,2665,2666,14,not_and
3,2934,5940,5941,6,xor
3,2935,4777,4778,10,not_b
3,2936,5813,5814,3,a
3,2937,2848,2849,8,not_or
3,2938,4311,4312,7,or
3,2939,4851,4852,10,not_b
3,2940,4838,4839,1,and
3,2941,5791,5792,2,not_implies
3,2942,649,650,3,a
3,2943,4833,4834,10,not_b
3,2944,4148,4149,8,not_or
3,2945,5890,5891,13,implies
3,2946,2054,2055,9,not_xor
3,2947,366,367,1,and
3,2948,4470,4471,9,not_xor
3,2949,565,566,13,implies
3,2950,5661,5662,9,not_xor
3,2951,441,442,6,xor
3,2952,5765,5766,9,not_xor
3,2953,2430,2431,10,not_b
3,2954,4604,4605,9,not_xor
3,2955,850,851,9,not_xor
3,2956,98,99,2,not_implies
3,2957,3144,3145,8,not_or
3,2958,5745,5746,9,not_xor
3,2959,1383,1384,7,or
3,2960,4492,4493,9,not_xor
3,2961,3456,3457,3,a
3,2962,4946,4947,8,not_or
3,2963,4800,4801,9,not_xor
3,2964,4970,4971,6,xor
3,2965,504,505,9,not_xor
3,2966,4080,4081,6,xor
3,2967,381,382,14,not_and
3,2968,868,869,6,xor
3,2969,1661,1662,12,not_a
3,2970,5943,5944,9,not_xor
3,2971,4762,4763,6,xor
3,2972,4554,4555,4,not_implied_by
3,2973,4422,4423,10,not_b
3,2974,4514,4515,4,not_implied_by
3,2975,4585,4586,13,implies
3,2976,3479,3480,5,b
3,2977,4926,4927,3,a
3,2978,5180,5181,9,not_xor
3,2979,5087,5088,6,xor
3,2980,4638,4639,10,not_b
3,2981,4808,4809,4,not_implied_by
3,2982,3015,3016,8,not_or
3,2983,3081,3082,9,not_xor
3,2984,5153,5154,12,not_a
3,2985,5228,5229,12,not_a
3,2986,2358,2359,10,not_b
3,2987,956,957,2,not_implies
3,2988,569,570,5,b
3,2989,2496,2497,6,xor
3,2990,4110,4111,6,xor
3,2991,1277,1278,9,not_xor
3,2992,2198,2199,14,not_and
3,2993,2506,2507,9,not_xor
3,2994,2892,2893,6,xor
3,2995,5585,5586,9,not_xor
3,2996,5075,5076,6,xor
3,2997,580,581,9,not_xor
3,2998,629,630,4,not_implied_by
3,2999,3453,3454,1,and
3,3000,3478,3479,10,not_b
3,3001,5719,5720,6,xor
3,3002,1766,1767,6,xor
3,3003,1405,1406,12,not_a
3,3004,1588,1589,10,not_b
3,3005,5235,5236,12,not_a
3,3006,4109,4110,7,or
3,3007,1684,1685,1,and
3,3008,3215,3216,10,not_b
3,3009,4676,4677,9,not_xor
3,3010,5554,5555,10,not_b
3,3011,5044,5045,8,not_or
3,3012,1693,1694,9,not_xor
3,3013,1648,1649,6,xor
3,3014,882,883,6,xor
3,3015,3457,3458,12,not_a
3,3016,5382,5383,1,and
3,3017,2155,2156,14,not_and
3,3018,2683,2684,1,and
3,3019,3011,3012,2,not_implies
3,3020,3702,3703,3,a
3,3021,2332,2333,5,b
3,3022,5810,5811,6,xor
3,3023,2715,2716,10,not_b
3,3024,5269,5270,5,b
3,3025,3252,3253,6,xor
3,3026,800,801,2,not_implies
3,3027,516,517,6,xor
3,3028,2807,2808,10,not_b
3,3029,3987,3988,5,b
3,3030,417,418,9,not_xor
3,3031,3053,3054,5,b
3,3032,2535,2536,12,not_a
3,3033,5265,5266,10,not_b
3,3034,4810,4811,12,not_a
3,3035,5458,5459,9,not_xor
3,3036,238,239,10,not_b
3,3037,4167,4168,4,not_implied_by
3,3038,5084,5085,2,not_implies
3,3039,3826,3827,6,xor
3,3040,3274,3275,9,not_xor
3,3041,1329,1330,1,and
3,3042,518,519,8,not_or
3,3043,3352,3353,9,not_xor
3,3044,5487,5488,10,not_b
3,3045,545,546,6,xor
3,3046,242,243,12,not_a
3,3047,5413,5414,4,not_implied_by
3,3048,5103,5104,9,not_xor
3,3049,948,949,6,xor
3,3050,200,201,0,zero
3,3051,2597,2598,8,not_or
3,3052,5623,5624,8,not_or
3,3053,2409,2410,6,xor
3,3054,4597,4598,5,b
3,3055,5238,5239,9,not_xor
3,3056,5989,5990,6,xor
3,3057,3336,3337,4,not_implied_by
3,3058,4122,4123,3,a
3,3059,5972,5973,12,not_a
3,3060,4731,4732,6,xor
3,3061,344,345,10,not_b
3,3062,4280,4281,12,not_a
3,3063,2693,2694,3,a
3,3064,980,981,13,implies
3,3065,1826,1827,6,xor
3,3066,1565,1566,3,a
3,3067,5966,5967,5,b
3,3068,896,897,13,implies
3,3069,5051,5052,12,not_a
3,3070,453,454,2,not_implies
3,3071,577,578,10,not_b
3,3072,284,285,2,not_implies
3,3073,2631,2632,6,xor
3,3074,5000,5001,10,not_b
3,3075,1073,1074,12,not_a
3,3076,5930,5931,12,not_a
3,3077,1180,1181,6,xor
3,3078,2988,2989,6,xor
3,3079,5795,5796,11,implied_by
3,3080,2775,2776,5,b
3,3081,4563,4564,5,b
3,3082,3599,3600,10,not_b
3,3083,5108,5109,6,xor
3,3084,5402,5403,2,not_implies
3,3085,4663,4664,10,not_b
3,3086,3472,3473,6,xor
3,3087,2217,2218,3,a
3,3088,2726,2727,5,b
3,3089,5442,5443,3,a
3,3090,5722,5723,4,not_implied_by
3,3091,2240,2241,10,not_b
3,3092,3128,3129,5,b
3,3093,2813,2814,4,not_implied_by
3,3094,941,942,9,not_xor
3,3095,5543,5544,2,not_implies
3,3096,3367,3368,9,not_xor
3,3097,3256,3257,1,and
3,3098,3254,3255,9,not_xor
3,3099,3818,3819,13,implies
3,3100,1922,1923,4,not_implied_by
3,3101,3291,3292,12,not_a
3,3102,72,73,3,a
3,3103,1485,1486,9,not_xor
3,3104,4483,4484,12,not_a
3,3105,3945,3946,5,b
3,3106,4730,4731,3,a
3,3107,378,379,6,xor
3,3108,5433,5434,6,xor
3,3109,5927,5928,8,not_or
3,3110,5112,5113,8,not_or
3,3111,485,486,5,b
3,3112,1860,1861,2,not_implies
3,3113,1945,1946,8,not_or
3,3114,1068,1069,9,not_xor
3,3115,3044,3045,3,a
3,3116,1096,1097,10,not_b
3,3117,38,39,12,not_a
3,3118,1093,1094,6,xor
3,3119,4847,4848,9,not_xor
3,3120,2508,2509,4,not_implied_by
3,3121,2032,2033,9,not_xor
3,3122,1857,1858,4,not_implied_by
3,3123,2183,2184,12,not_a
3,3124,3917,3918,3,a
3,3125,1333,1334,3,a
3,3126,1679,1680,4,not_implied_by
3,3127,2366,2367,12,not_a
3,3128,5583,5584,9,not_xor
3,3129,1646,1647,14,not_and
3,3130,2356,2357,9,not_xor
3,3131,2113,2114,1,and
3,3132,1750,1751,7,or
3,3133,126,127,6,xor
3,3134,2460,2461,7,or
3,3135,2847,2848,8,not_or
3,3136,1491,1492,10,not_b
3,3137,478,479,2,not_implies
3,3138,2363,2364,12,not_a
3,3139,939,940,6,xor
3,3140,4475,4476,9,not_xor
3,3141,5923,5924,9,not_xor
3,3142,3551,3552,3,a
3,3143,3949,3950,3,a
3,3144,678,679,8,not_or
3,3145,4402,4403,8,not_or
3,3146,2431,2432,10,not_b
3,3147,2202,2203,2,not_implies
3,3148,1846,1847,3,a
3,3149,2991,2992,9,not_xor
3,3150,1550,1551,10,not_b
3,3151,5078,5079,1,and
3,3152,4339,4340,12,not_a
3,3153,4118,4119,10,not_b
3,3154,4666,4667,6,xor
3,3155,2337,2338,9,not_xor
3,3156,3833,3834,12,not_a
3,3157,3118,3119,6,xor
3,3158,2309,2310,3,a
3,3159,2734,2735,5,b
3,3160,4964,4965,5,b
3,3161,2831,2832,1,and
3,3162,3585,3586,3,a
3,3163,2650,2651,12,not_a
3,3164,974,975,10,not_b
3,3165,4282,4283,10,not_b
3,3166,5399,5400,5,b
3,3167,592,593,5,b
3,3168,2995,2996,2,not_implies
3,3169,940,941,5,b
3,3170,2685,2686,4,not_implied_by
3,3171,1018,1019,12,not_a
3,3172,1217,1218,9,not_xor
3,3173,1109,1110,10,not_b
3,3174,1276,1277,7,or
3,3175,2623,2624,10,not_b
3,3176,1297,1298,5,b
3,3177,1853,1854,12,not_a
3,3178,601,602,2,not_implies
3,3179,3922,3923,10,not_b
3,3180,683,684,12,not_a
3,3181,1246,1247,6,xor
3,3182,2436,2437,5,b
3,3183,5080,5081,3,a
3,3184,3761,3762,10,not_b
3,3185,2970,2971,3,a
3,3186,1738,1739,5,b
3,3187,4278,4279,9,not_xor
3,3188,5567,5568,9,not_xor
3,3189,4724,4725,12,not_a
3,3190,5318,5319,9,not_xor
3,3191,1308,1309,8,not_or
3,3192,3157,3158,10,not_b
3,3193,4487,4488,8,not_or
3,3194,2223,2224,3,a
3,3195,5954,5955,13,implies
3,3196,494,495,11,implied_by
3,3197,4786,4787,5,b
3,3198,221,222,5,b
3,3199,1269,1270,11,implied_by
3,3200,274,275,12,not_a
3,3201,4752,4753,6,xor
3,3202,1714,1715,9,not_xor
3,3203,4469,4470,8,not_or
3,3204,5025,5026,9,not_xor
3,3205,3767,3768,8,not_or
3,3206,2931,2932,12,not_a
3,3207,1711,1712,2,not_implies
3,3208,5300,5301,5,b
3,3209,3657,3658,13,implies
3,3210,2582,2583,3,a
3,3211,2523,2524,3,a
3,3212,1022,1023,2,not_implies
3,3213,373,374,7,or
3,3214,5057,5058,5,b
3,3215,24,25,8,not_or
3,3216,5206,5207,12,not_a
3,3217,3640,3641,2,not_implies
3,3218,3512,3513,9,not_xor
3,3219,1316,1317,10,not_b
3,3220,1747,1748,3,a
3,3221,1378,1379,3,a
3,3222,4123,4124,6,xor
3,3223,5970,5971,10,not_b
3,3224,1006,1007,6,xor
3,3225,2196,2197,4,not_implied_by
3,3226,1635,1636,12,not_a
3,3227,5225,5226,6,xor
3,3228,1622,1623,6,xor
3,3229,146,147,3,a
3,3230,5150,5151,9,not_xor
3,3231,5563,5564,9,not_xor
3,3232,5555,5556,9,not_xor
3,3233,985,986,5,b
3,3234,2086,2087,12,not_a
3,3235,3647,3648,10,not_b
3,3236,5209,5210,8,not_or
3,3237,5115,5116,9,not_xor
3,3238,2824,2825,5,b
3,3239,222,223,3,a
3,3240,5522,5523,12,not_a
3,3241,4760,4761,10,not_b
3,3242,966,967,9,not_xor
3,3243,770,771,5,b
3,3244,3655,3656,5,b
3,3245,1548,1549,4,not_implied_by
3,3246,837,838,3,a
3,3247,1573,1574,1,and
3,3248,1027,1028,12,not_a
3,3249,3408,3409,10,not_b
3,3250,4592,4593,9,not_xor
3,3251,115,116,8,not_or
3,3252,4617,4618,6,xor
3,3253,3242,3243,11,implied_by
3,3254,3553,3554,4,not_implied_by
3,3255,1949,1950,6,xor
3,3256,5259,5260,1,and
3,3257,621,622,6,xor
3,3258,851,852,9,not_xor
3,3259,49,50,6,xor
3,3260,5063,5064,3,a
3,3261,65,66,3,a
3,3262,2191,2192,2,not_implies
3,3263,4258,4259,10,not_b
3,3264,3061,3062,3,a
3,3265,1534,1535,8,not_or
3,3266,2105,2106,1,and
3,3267,1170,1171,5,b
3,3268,3990,3991,2,not_implies
3,3269,5589,5590,12,not_a
3,3270,5371,5372,10,not_b
3,3271,5358,5359,6,xor
3,3272,5891,5892,1,and
3,3273,5599,5600,3,a
3,3274,4433,4434,6,xor
3,3275,5936,5937,10,not_b
3,3276,1061,1062,5,b
3,3277,1168,1169,10,not_b
3,3278,1080,1081,5,b
3,3279,3240,3241,6,xor
3,3280,608,609,10,not_b
3,3281,3538,3539,9,not_xor
3,3282,3090,3091,7,or
3,3283,1755,1756,3,a
3,3284,701,702,6,xor
3,3285,249,250,8,not_or
3,3286,2789,2790,2,not_implies
3,3287,5464,5465,9,not_xor
3,3288,4493,4494,6,xor
3,3289,1591,1592,6,xor
3,3290,2997,2998,12,not_a
3,3291,2522,2523,5,b
3,3292,2647,2648,6,xor
3,3293,3541,3542,8,not_or
3,3294,900,901,4,not_implied_by
3,3295,2343,2344,5,b
3,3296,1,2,5,b
3,3297,5519,5520,14,not_and
3,3298,5099,5100,9,not_xor
3,3299,2943,2944,3,a
3,3300,4896,4897,5,b
3,3301,1139,1140,9,not_xor
3,3302,2325,2326,8,not_or
3,3303,3470,3471,6,xor
3,3304,4174,4175,10,not_b
3,3305,2043,2044,9,not_xor
3,3306,4406,4407,4,not_implied_by
3,3307,4634,4635,12,not_a
3,3308,843,844,9,not_xor
3,3309,1829,1830,10,not_b
3,3310,978,979,6,xor
3,3311,3016,3017,7,or
3,3312,231,232,12,not_a
3,3313,4400,4401,9,not_xor
3,3314,4785,4786,3,a
3,3315,4664,4665,9,not_xor
3,3316,3725,3726,3,a
3,3317,4746,4747,9,not_xor
3,3318,3126,3127,2,not_implies
3,3319,1990,1991,8,not_or
3,3320,951,952,4,not_implied_by
3,3321,1745,1746,2,not_implies
3,3322,1580,1581,12,not_a
3,3323,2758,2759,12,not_a
3,3324,4600,4601,3,a
3,3325,3899,3900,9,not_xor
3,3326,165,166,13,implies
3,3327,1431,1432,12,not_a
3,3328,3613,3614,4,not_implied_by
3,3329,4866,4867,10,not_b
3,3330,2449,2450,10,not_b
3,3331,5053,5054,2,not_implies
3,3332,3839,3840,10,not_b
3,3333,695,696,12,not_a
3,3334,2573,2574,2,not_implies
3,3335,2796,2797,10,not_b
3,3336,2752,2753,12,not_a
3,3337,5168,5169,8,not_or
3,3338,4093,4094,12,not_a
3,3339,5993,5994,3,a
3,3340,3324,3325,12,not_a
3,3341,4450,4451,8,not_or
3,3342,5330,5331,13,implies
3,3343,660,661,12,not_a
3,3344,4696,4697,3,a
3,3345,2339,2340,13,implies
3,3346,525,526,5,b
3,3347,3871,3872,10,not_b
3,3348,2684,2685,10,not_b
3,3349,5453,5454,1,and
3,3350,3076,3077,1,and
3,3351,5207,5208,4,not_implied_by
3,3352,108,109,3,a
3,3353,1832,1833,12,not_a
3,3354,1288,1289,1,and
3,3355,4603,4604,1,and
3,3356,3400,3401,6,xor
3,3357,652,653,8,not_or
3,3358,1390,1391,12,not_a
3,3359,1458,1459,10,not_b
3,3360,5899,5900,4,not_implied_by
3,3361,2935,2936,13,implies
3,3362,588,589,5,b
3,3363,3418,3419,14,not_and
3,3364,3693,3694,5,b
3,3365,339,340,12,not_a
3,3366,1957,1958,14,not_and
3,3367,3,4,14,not_and
3,3368,5248,5249,2,not_implies
3,3369,865,866,4,not_implied_by
3,3370,3628,3629,4,not_implied_by
3,3371,4521,4522,6,xor
3,3372,5852,5853,4,not_implied_by
3,3373,5452,5453,6,xor
3,3374,3715,3716,3,a
3,3375,4300,4301,7,or
3,3376,3410,3411,6,xor
3,3377,1484,1485,4,not_implied_by
3,3378,3536,3537,3,a
3,3379,1728,1729,6,xor
3,3380,983,984,11,implied_by
3,3381,3921,3922,7,or
3,3382,2225,2226,3,a
3,3383,4285,4286,6,xor
3,3384,5503,5504,3,a
3,3385,4502,4503,10,not_b
3,3386,500,501,6,xor
3,3387,795,796,12,not_a
3,3388,5085,5086,12,not_a
3,3389,824,825,1,and
3,3390,4113,4114,4,not_implied_by
3,3391,5114,5115,9,not_xor
3,3392,5386,5387,10,not_b
3,3393,3754,3755,1,and
3,3394,4799,4800,5,b
3,3395,3246,3247,5,b
3,3396,4047,4048,12,not_a
3,3397,5043,5044,12,not_a
3,3398,1549,1550,9,not_xor
3,3399,631,632,6,xor
3,3400,1943,1944,11,implied_by
3,3401,5677,5678,6,xor
3,3402,2882,2883,4,not_implied_by
3,3403,169,170,6,xor
3,3404,907,908,9,not_xor
3,3405,5389,5390,6,xor
3,3406,1183,1184,6,xor
3,3407,4455,4456,10,not_b
3,3408,1555,1556,9,not_xor
3,3409,267,268,11,implied_by
3,3410,4342,4343,3,a
3,3411,3824,3825,5,b
3,3412,4572,4573,4,not_implied_by
3,3413,2657,2658,9,not_xor
3,3414,4108,4109,3,a
3,3415,1542,1543,6,xor
3,3416,1253,1254,9,not_xor
3,3417,899,900,2,not_implies
3,3418,2635,2636,2,not_implies
3,3419,3719,3720,3,a
3,3420,3943,3944,10,not_b
3,3421,5128,5129,6,xor
3,3422,3950,3951,7,or
3,3423,1688,1689,12,not_a
3,3424,4107,4108,12,not_a
3,3425,3353,3354,14,not_and
3,3426,3033,3034,14,not_and
3,3427,679,680,10,not_b
3,3428,3279,3280,8,not_or
3,3429,1584,1585,8,not_or
3,3430,4674,4675,12,not_a
3,3431,5904,5905,9,not_xor
3,3432,4607,4608,3,a
3,3433,5434,5435,3,a
3,3434,3537,3538,6,xor
3,3435,4203,4204,12,not_a
3,3436,3523,3524,10,not_b
3,3437,1536,1537,5,b
3,3438,2960,2961,5,b
3,3439,264,265,2,not_implies
3,3440,3085,3086,1,and
3,3441,5311,5312,9,not_xor
3,3442,5560,5561,5,b
3,3443,3407,3408,4,not_implied_by
3,3444,543,544,6,xor
3,3445,3975,3976,13,implies
3,3446,4898,4899,9,not_xor
3,3447,3673,3674,6,xor
3,3448,581,582,6,xor
3,3449,1413,1414,8,not_or
3,3450,1352,1353,14,not_and
3,3451,3404,3405,5,b
3,3452,4272,4273,8,not_or
3,3453,3206,3207,5,b
3,3454,5193,5194,3,a
3,3455,2161,2162,10,not_b
3,3456,4693,4694,9,not_xor
3,3457,2279,2280,5,b
3,3458,1453,1454,9,not_xor
3,3459,1833,1834,10,not_b
3,3460,5566,5567,3,a
3,3461,5829,5830,10,not_b
3,3462,4419,4420,3,a
3,3463,67,68,5,b
3,3464,1489,1490,11,implied_by
3,3465,4133,4134,10,not_b
3,3466,3234,3235,11,implied_by
3,3467,1331,1332,6,xor
3,3468,1418,1419,6,xor
3,3469,726,727,6,xor
3,3470,1981,1982,6,xor
3,3471,5054,5055,6,xor
3,3472,954,955,12,not_a
3,3473,1840,1841,5,b
3,3474,4905,4906,6,xor
3,3475,2929,2930,5,b
3,3476,5165,5166,6,xor
3,3477,2819,2820,4,not_implied_by
3,3478,2421,2422,9,not_xor
3,3479,2987,2988,10,not_b
3,3480,586,587,6,xor
3,3481,2699,2700,9,not_xor
3,3482,1561,1562,10,not_b
3,3483,1404,1405,9,not_xor
3,3484,2838,2839,1,and
3,3485,4334,4335,6,xor
3,3486,2648,2649,12,not_a
3,3487,715,716,6,xor
3,3488,1802,1803,12,not_a
3,3489,2481,2482,5,b
3,3490,4325,4326,1,and
3,3491,4366,4367,1,and
3,3492,2549,2550,2,not_implies
3,3493,5395,5396,10,not_b
3,3494,2662,2663,8,not_or
3,3495,258,259,4,not_implied_by
3,3496,1571,1572,2,not_implies
3,3497,1895,1896,6,xor
3,3498,2164,2165,12,not_a
3,3499,4291,4292,13,implies
3,3500,4136,4137,6,xor
3,3501,662,663,1,and
3,3502,2761,2762,9,not_xor
3,3503,3738,3739,9,not_xor
3,3504,3706,3707,10,not_b
3,3505,2106,2107,6,xor
3,3506,3208,3209,3,a
3,3507,1870,1871,6,xor
3,3508,5935,5936,9,not_xor
3,3509,2344,2345,3,a
3,3510,3577,3578,10,not_b
3,3511,2636,2637,4,not_implied_by
3,3512,4019,4020,3,a
3,3513,5664,5665,3,a
3,3514,3176,3177,12,not_a
3,3515,480,481,2,not_implies
3,3516,3278,3279,10,not_b
3,3517,3503,3504,5,b
3,3518,5608,5609,8,not_or
3,3519,5176,5177,11,implied_by
3,3520,3568,3569,12,not_a
3,3521,1009,1010,4,not_implied_by
3,3522,4708,4709,4,not_implied_by
3,3523,3316,3317,14,not_and
3,3524,833,834,4,not_implied_by
3,3525,1138,1139,14,not_and
3,3526,4505,4506,9,not_xor
3,3527,3675,3676,9,not_xor
3,3528,5596,5597,12,not_a
3,3529,4033,4034,4,not_implied_by
3,3530,3907,3908,6,xor
3,3531,2731,2732,1,and
3,3532,2346,2347,11,implied_by
3,3533,3589,3590,13,implies
3,3534,4044,4045,8,not_or
3,3535,728,729,10,not_b
3,3536,1998,1999,7,or
3,3537,97,98,11,implied_by
3,3538,920,921,5,b
3,3539,5197,5198,10,not_b
3,3540,380,381,2,not_implies
3,3541,1663,1664,12,not_a
3,3542,5746,5747,11,implied_by
3,3543,5414,5415,3,a
3,3544,1227,1228,10,not_b
3,3545,670,671,14,not_and
3,3546,3567,3568,2,not_implies
3,3547,1803,1804,6,xor
3,3548,2101,2102,12,not_a
3,3549,4766,4767,8,not_or
3,3550,1322,1323,3,a
3,3551,508,509,10,not_b
3,3552,5539,5540,5,b
3,3553,2594,2595,9,not_xor
3,3554,4318,4319,12,not_a
3,3555,5574,5575,3,a
3,3556,2056,2057,5,b
3,3557,2721,2722,8,not_or
3,3558,2654,2655,3,a
3,3559,4430,4431,9,not_xor
3,3560,3013,3014,12,not_a
3,3561,3231,3232,14,not_and
3,3562,3519,3520,12,not_a
3,3563,5242,5243,9,not_xor
3,3564,5915,5916,12,not_a
3,3565,3284,3285,3,a
3,3566,1349,1350,11,implied_by
3,3567,1374,1375,12,not_a
3,3568,3776,3777,10,not_b
3,3569,913,914,3,a
3,3570,3672,3673,12,not_a
3,3571,513,514,5,b
3,3572,2840,2841,12,not_a
3,3573,3843,3844,12,not_a
3,3574,244,245,3,a
3,3575,663,664,3,a
3,3576,5946,5947,6,xor
3,3577,2790,2791,4,not_implied_by
3,3578,4944,4945,3,a
3,3579,3801,3802,3,a
3,3580,5984,5985,12,not_a
3,3581,5478,5479,9,not_xor
3,3582,4550,4551,9,not_xor
3,3583,3392,3393,6,xor
3,3584,1456,1457,8,not_or
3,3585,4359,4360,9,not_xor
3,3586,4448,4449,3,a
3,3587,1843,1844,9,not_xor
3,3588,2676,2677,10,not_b
3,3589,4667,4668,5,b
3,3590,2737,2738,6,xor
3,3591,4381,4382,7,or
3,3592,1083,1084,8,not_or
3,3593,2396,2397,5,b
3,3594,3251,3252,5,b
3,3595,841,842,12,not_a
3,3596,5727,5728,12,not_a
3,3597,3859,3860,8,not_or
3,3598,2520,2521,9,not_xor
3,3599,1640,1641,8,not_or
3,3600,2095,2096,10,not_b
3,3601,5922,5923,14,not_and
3,3602,2547,2548,9,not_xor
3,3603,251,252,7,or
3,3604,5081,5082,6,xor
3,3605,4962,4963,13,implies
3,3606,826,827,1,and
3,3607,3507,3508,10,not_b
3,3608,4737,4738,9,not_xor
3,3609,4576,4577,9,not_xor
3,3610,3341,3342,2,not_implies
3,3611,3983,3984,12,not_a
3,3612,2750,2751,3,a
3,3613,4424,4425,6,xor
3,3614,4401,4402,10,not_b
3,3615,1256,1257,5,b
3,3616,3992,3993,6,xor
3,3617,143,144,5,b
3,3618,839,840,9,not_xor
3,3619,3047,3048,5,b
3,3620,624,625,9,not_xor
3,3621,2598,2599,6,xor
3,3622,1160,1161,4,not_implied_by
3,3623,2410,2411,10,not_b
3,3624,5019,5020,10,not_b
3,3625,755,756,9,not_xor
3,3626,4757,4758,12,not_a
3,3627,5877,5878,9,not_xor
3,3628,922,923,12,not_a
3,3629,47,48,9,not_xor
3,3630,1300,1301,9,not_xor
3,3631,2804,2805,10,not_b
3,3632,5145,5146,3,a
3,3633,4298,4299,3,a
3,3634,4820,4821,14,not_and
3,3635,3790,3791,5,b
3,3636,4292,4293,6,xor
3,3637,5803,5804,8,not_or
3,3638,3905,3906,9,not_xor
3,3639,1774,1775,6,xor
3,3640,3972,3973,9,not_xor
3,3641,4758,4759,9,not_xor
3,3642,5231,5232,14,not_and
3,3643,4516,4517,12,not_a
3,3644,3077,3078,6,xor
3,3645,1479,1480,3,a
3,3646,2634,2635,6,xor
3,3647,1904,1905,14,not_and
3,3648,1612,1613,12,not_a
3,3649,92,93,11,implied_by
3,3650,4200,4201,11,implied_by
3,3651,4635,4636,6,xor
3,3652,4145,4146,10,not_b
3,3653,2119,2120,3,a
3,3654,3080,3081,6,xor
3,3655,3930,3931,9,not_xor
3,3656,2753,2754,6,xor
3,3657,4117,4118,9,not_xor
3,3658,259,260,9,not_xor
3,3659,491,492,6,xor
3,3660,1794,1795,6,xor
3,3661,4453,4454,3,a
3,3662,3197,3198,6,xor
3,3663,5086,5087,9,not_xor
3,3664,2173,2174,13,implies
3,3665,2333,2334,0,zero
3,3666,4206,4207,6,xor
3,3667,5659,5660,11,implied_by
3,3668,5031,5032,6,xor
3,3669,4165,4166,13,implies
3,3670,1798,1799,9,not_xor
3,3671,1530,1531,6,xor
3,3672,1664,1665,5,b
3,3673,3586,3587,3,a
3,3674,1887,1888,6,xor
3,3675,3063,3064,6,xor
3,3676,2094,2095,13,implies
3,3677,689,690,3,a
3,3678,3956,3957,13,implies
3,3679,5875,5876,12,not_a
3,3680,3164,3165,10,not_b
3,3681,2763,2764,6,xor
3,3682,1630,1631,9,not_xor
3,3683,4151,4152,8,not_or
3,3684,1303,1304,8,not_or
3,3685,2833,2834,10,not_b
3,3686,4075,4076,9,not_xor
3,3687,3914,3915,12,not_a
3,3688,2003,2004,14,not_and
3,3689,3487,3488,6,xor
3,3690,1190,1191,13,implies
3,3691,5742,5743,9,not_xor
3,3692,2276,2277,9,not_xor
3,3693,2397,2398,5,b
3,3694,1654,1655,6,xor
3,3695,3623,3624,9,not_xor
3,3696,2211,2212,14,not_and
3,3697,5029,5030,9,not_xor
3,3698,5869,5870,11,implied_by
3,3699,4586,4587,9,not_xor
3,3700,5208,5209,6,xor
3,3701,2751,2752,9,not_xor
3,3702,707,708,12,not_a
3,3703,2058,2059,6,xor
3,3704,1698,1699,9,not_xor
3,3705,2169,2170,6,xor
3,3706,4302,4303,1,and
3,3707,971,972,10,not_b
3,3708,1098,1099,11,implied_by
3,3709,2562,2563,9,not_xor
3,3710,884,885,10,not_b
3,3711,4467,4468,13,implies
3,3712,2310,2311,12,not_a
3,3713,3831,3832,14,not_and
3,3714,1576,1577,14,not_and
3,3715,2478,2479,8,not_or
3,3716,1531,1532,5,b
3,3717,1769,1770,9,not_xor
3,3718,402,403,6,xor
3,3719,4194,4195,12,not_a
3,3720,5670,5671,6,xor
3,3721,4260,4261,5,b
3,3722,2181,2182,12,not_a
3,3723,4819,4820,9,not_xor
3,3724,386,387,3,a
3,3725,5262,5263,4,not_implied_by
3,3726,3763,3764,10,not_b
3,3727,2603,2604,9,not_xor
3,3728,5733,5734,12,not_a
3,3729,3633,3634,6,xor
3,3730,872,873,11,implied_by
3,3731,5606,5607,7,or
3,3732,392,393,12,not_a
3,3733,5023,5024,5,b
3,3734,3713,3714,3,a
3,3735,4355,4356,3,a
3,3736,880,881,7,or
3,3737,1211,1212,2,not_implies
3,3738,2990,2991,5,b
3,3739,1325,1326,5,b
3,3740,272,273,11,implied_by
3,3741,4177,4178,2,not_implies
3,3742,4729,4730,6,xor
3,3743,5037,5038,5,b
3,3744,595,596,7,or
3,3745,3365,3366,12,not_a
3,3746,3102,3103,12,not_a
3,3747,190,191,6,xor
3,3748,4412,4413,12,not_a
3,3749,554,555,9,not_xor
3,3750,2135,2136,2,not_implies
3,3751,269,270,9,not_xor
3,3752,4265,4266,5,b
3,3753,470,471,9,not_xor
3,3754,2742,2743,10,not_b
3,3755,1777,1778,12,not_a
3,3756,5229,5230,6,xor
3,3757,87,88,4,not_implied_by
3,3758,4582,4583,6,xor
3,3759,1008,1009,10,not_b
3,3760,3935,3936,9,not_xor
3,3761,2519,2520,9,not_xor
3,3762,4112,4113,13,implies
3,3763,5401,5402,12,not_a
3,3764,1055,1056,3,a
3,3765,1164,1165,9,not_xor
3,3766,1961,1962,10,not_b
3,3767,5897,5898,10,not_b
3,3768,4888,4889,4,not_implied_by
3,3769,2896,2897,11,implied_by
3,3770,328,329,6,xor
3,3771,1896,1897,7,or
3,3772,3501,3502,9,not_xor
3,3773,5232,5233,10,not_b
3,3774,4539,4540,7,or
3,3775,5040,5041,6,xor
3,3776,3338,3339,9,not_xor
3,3777,4870,4871,9,not_xor
3,3778,3482,3483,9,not_xor
3,3779,3238,3239,9,not_xor
3,3780,4392,4393,8,not_or
3,3781,1040,1041,6,xor
3,3782,593,594,9,not_xor
3,3783,5317,5318,3,a
3,3784,3419,3420,9,not_xor
3,3785,854,855,5,b
3,3786,5858,5859,8,not_or
3,3787,5451,5452,13,implies
3,3788,5725,5726,2,not_implies
3,3789,786,787,3,a
3,3790,1380,1381,6,xor
3,3791,3569,3570,11,implied_by
3,3792,5035,5036,10,not_b
3,3793,4753,4754,4,not_implied_by
3,3794,3449,3450,10,not_b
3,3795,5306,5307,10,not_b
3,3796,4417,4418,10,not_b
3,3797,1042,1043,11,implied_by
3,3798,3466,3467,5,b
3,3799,722,723,5,b
3,3800,236,237,9,not_xor
3,3801,2291,2292,9,not_xor
3,3802,1933,1934,9,not_xor
3,3803,2810,2811,13,implies
3,3804,1613,1614,9,not_xor
3,3805,3326,3327,7,or
3,3806,3062,3063,10,not_b
3,3807,4612,4613,10,not_b
3,3808,5249,5250,10,not_b
3,3809,1866,1867,1,and
3,3810,52,53,10,not_b
3,3811,73,74,3,a
3,3812,1452,1453,15,one
3,3813,4461,4462,2,not_implies
3,3814,1151,1152,11,implied_by
3,3815,3437,3438,5,b
3,3816,3283,3284,8,not_or
3,3817,4451,4452,9,not_xor
3,3818,4897,4898,14,not_and
3,3819,3122,3123,9,not_xor
3,3820,2011,2012,14,not_and
3,3821,4162,4163,14,not_and
3,3822,1033,1034,6,xor
3,3823,4426,4427,4,not_implied_by
3,3824,4105,4106,3,a
3,3825,815,816,1,and
3,3826,3705,3706,5,b
3,3827,1994,1995,5,b
3,3828,3506,3507,10,not_b
3,3829,4472,4473,6,xor
3,3830,254,255,10,not_b
3,3831,4178,4179,4,not_implied_by
3,3832,4377,4378,12,not_a
3,3833,2072,2073,15,one
3,3834,367,368,3,a
3,3835,3174,3175,10,not_b
3,3836,266,267,12,not_a
3,3837,514,515,9,not_xor
3,3838,2632,2633,6,xor
3,3839,4048,4049,1,and
3,3840,2518,2519,11,implied_by
3,3841,4103,4104,9,not_xor
3,3842,4558,4559,10,not_b
3,3843,461,462,5,b
3,3844,555,556,1,and
3,3845,4518,4519,7,or
3,3846,449,450,9,not_xor
3,3847,1153,1154,8,not_or
3,3848,2733,2734,9,not_xor
3,3849,3791,3792,3,a
3,3850,4653,4654,6,xor
3,3851,2243,2244,8,not_or
3,3852,1678,1679,9,not_xor
3,3853,975,976,6,xor
3,3854,4529,4530,9,not_xor
3,3855,5601,5602,12,not_a
3,3856,5913,5914,14,not_and
3,3857,3296,3297,12,not_a
3,3858,1632,1633,11,implied_by
3,3859,2048,2049,5,b
3,3860,4928,4929,3,a
3,3861,3262,3263,14,not_and
3,3862,994,995,6,xor
3,3863,5102,5103,9,not_xor
3,3864,5067,5068,6,xor
3,3865,1206,1207,9,not_xor
3,3866,1207,1208,11,implied_by
3,3867,3851,3852,10,not_b
3,3868,1955,1956,12,not_a
3,3869,76,77,3,a
3,3870,5841,5842,12,not_a
3,3871,5692,5693,6,xor
3,3872,362,363,5,b
3,3873,2107,2108,5,b
3,3874,3170,3171,3,a
3,3875,1964,1965,5,b
3,3876,3808,3809,9,not_xor
3,3877,2900,2901,3,a
3,3878,1081,1082,14,not_and
3,3879,2023,2024,13,implies
3,3880,1162,1163,5,b
3,3881,5974,5975,10,not_b
3,3882,2142,2143,10,not_b
3,3883,797,798,11,implied_by
3,3884,3616,3617,9,not_xor
3,3885,4000,4001,11,implied_by
3,3886,3883,3884,7,or
3,3887,5986,5987,6,xor
3,3888,5199,5200,10,not_b
3,3889,1799,1800,14,not_and
3,3890,2321,2322,3,a
3,3891,803,804,9,not_xor
3,3892,1430,1431,9,not_xor
3,3893,219,220,9,not_xor
3,3894,1047,1048,10,not_b
3,3895,1562,1563,6,xor
3,3896,5944,5945,14,not_and
3,3897,7,8,1,and
3,3898,1848,1849,12,not_a
3,3899,3425,3426,9,not_xor
3,3900,5189,5190,15,one
3,3901,5752,5753,8,not_or
3,3902,2901,2902,1,and
3,3903,537,538,2,not_implies
3,3904,4787,4788,9,not_xor
3,3905,4045,4046,14,not_and
3,3906,240,241,9,not_xor
3,3907,2627,2628,12,not_a
3,3908,3415,3416,10,not_b
3,3909,2192,2193,12,not_a
3,3910,5418,5419,15,one
3,3911,4661,4662,10,not_b
3,3912,3528,3529,10,not_b
3,3913,1480,1481,3,a
3,3914,4823,4824,9,not_xor
3,3915,2938,2939,4,not_implied_by
3,3916,2829,2830,6,xor
3,3917,3772,3773,1,and
3,3918,3879,3880,9,not_xor
3,3919,2215,2216,6,xor
3,3920,2794,2795,10,not_b
3,3921,455,456,6,xor
3,3922,4447,4448,12,not_a
3,3923,3337,3338,13,implies
3,3924,5857,5858,9,not_xor
3,3925,5843,5844,3,a
3,3926,3340,3341,9,not_xor
3,3927,2499,2500,6,xor
3,3928,3548,3549,5,b
3,3929,809,810,6,xor
3,3930,4320,4321,12,not_a
3,3931,123,124,9,not_xor
3,3932,1039,1040,13,implies
3,3933,4396,4397,3,a
3,3934,3185,3186,5,b
3,3935,465,466,12,not_a
3,3936,4181,4182,14,not_and
3,3937,560,561,14,not_and
3,3938,2889,2890,8,not_or
3,3939,1947,1948,5,b
3,3940,3028,3029,4,not_implied_by
3,3941,495,496,6,xor
3,3942,3237,3238,7,or
3,3943,5609,5610,12,not_a
3,3944,5288,5289,8,not_or
3,3945,1974,1975,6,xor
3,3946,3380,3381,3,a
3,3947,4477,4478,14,not_and
3,3948,4219,4220,9,not_xor
3,3949,4350,4351,9,not_xor
3,3950,2451,2452,6,xor
3,3951,811,812,5,b
3,3952,568,569,11,implied_by
3,3953,3542,3543,7,or
3,3954,5516,5517,6,xor
3,3955,1605,1606,3,a
3,3956,5062,5063,13,implies
3,3957,4346,4347,9,not_xor
3,3958,5849,5850,9,not_xor
3,3959,2617,2618,12,not_a
3,3960,1077,1078,3,a
3,3961,2739,2740,6,xor
3,3962,279,280,2,not_implies
3,3963,5547,5548,9,not_xor
3,3964,1287,1288,4,not_implied_by
3,3965,54,55,9,not_xor
3,3966,3514,3515,12,not_a
3,3967,2099,2100,10,not_b
3,3968,2781,2782,12,not_a
3,3969,4032,4033,9,not_xor
3,3970,748,749,6,xor
3,3971,5679,5680,5,b
3,3972,5266,5267,1,and
3,3973,1854,1855,12,not_a
3,3974,4553,4554,12,not_a
3,3975,4584,4585,7,or
3,3976,925,926,7,or
3,3977,705,706,12,not_a
3,3978,4598,4599,4,not_implied_by
3,3979,1102,1103,6,xor
3,3980,612,613,5,b
3,3981,972,973,3,a
3,3982,2312,2313,12,not_a
3,3983,2564,2565,13,implies
3,3984,3362,3363,9,not_xor
3,3985,2213,2214,10,not_b
3,3986,1629,1630,12,not_a
3,3987,1589,1590,8,not_or
3,3988,583,584,9,not_xor
3,3989,4771,4772,6,xor
3,3990,5620,5621,5,b
3,3991,2278,2279,6,xor
3,3992,572,573,5,b
3,3993,3634,3635,5,b
3,3994,3558,3559,12,not_a
3,3995,4677,4678,12,not_a
3,3996,2398,2399,11,implied_by
3,3997,2553,2554,12,not_a
3,3998,3385,3386,5,b
3,3999,2028,2029,6,xor
3,4000,1511,1512,5,b
3,4001,1742,1743,5,b
3,4002,2619,2620,5,b
3,4003,2134,2135,3,a
3,4004,4669,4670,2,not_implies
3,4005,4208,4209,14,not_and
3,4006,3894,3895,9,not_xor
3,4007,5217,5218,10,not_b
3,4008,2487,2488,5,b
3,4009,4089,4090,2,not_implies
3,4010,548,549,9,not_xor
3,4011,3948,3949,5,b
3,4012,4332,4333,6,xor
3,4013,3088,3089,3,a
3,4014,89,90,10,not_b
3,4015,673,674,12,not_a
3,4016,209,210,3,a
3,4017,4301,4302,5,b
3,4018,1462,1463,7,or
3,4019,3581,3582,9,not_xor
3,4020,828,829,6,xor
3,4021,3807,3808,7,or
3,4022,3596,3597,14,not_and
3,4023,2979,2980,7,or
3,4024,119,120,9,not_xor
3,4025,2555,2556,3,a
3,4026,2967,2968,15,one
3,4027,1015,1016,11,implied_by
3,4028,122,123,6,xor
3,4029,3275,3276,8,not_or
3,4030,5119,5120,13,implies
3,4031,2133,2134,5,b
3,4032,2977,2978,9,not_xor
3,4033,2308,2309,2,not_implies
3,4034,1830,1831,5,b
3,4035,3845,3846,1,and
3,4036,1820,1821,11,implied_by
3,4037,398,399,4,not_implied_by
3,4038,5587,5588,6,xor
3,4039,4294,4295,14,not_and
3,4040,4004,4005,13,implies
3,4041,5958,5959,3,a
3,4042,2687,2688,13,implies
3,4043,2677,2678,11,implied_by
3,4044,1596,1597,9,not_xor
3,4045,204,205,9,not_xor
3,4046,5801,5802,7,or
3,4047,4864,4865,14,not_and
3,4048,5559,5560,9,not_xor
3,4049,3199,3200,4,not_implied_by
3,4050,4912,4913,9,not_xor
3,4051,5545,5546,4,not_implied_by
3,4052,3955,3956,11,implied_by
3,4053,9,10,7,or
3,4054,5743,5744,3,a
3,4055,5447,5448,12,not_a
3,4056,1242,1243,6,xor
3,4057,5337,5338,9,not_xor
3,4058,3759,3760,9,not_xor
3,4059,3379,3380,6,xor
3,4060,5111,5112,10,not_b
3,4061,2326,2327,8,not_or
3,4062,5243,5244,9,not_xor
3,4063,178,179,10,not_b
3,4064,3133,3134,5,b
3,4065,2071,2072,14,not_and
3,4066,29,30,14,not_and
3,4067,3511,3512,9,not_xor
3,4068,4525,4526,4,not_implied_by
3,4069,2501,2502,11,implied_by
3,4070,4230,4231,2,not_implies
3,4071,5498,5499,9,not_xor
3,4072,2091,2092,7,or
3,4073,2002,2003,10,not_b
3,4074,4444,4445,9,not_xor
3,4075,3248,3249,7,or
3,4076,2176,2177,5,b
3,4077,5260,5261,7,or
3,4078,106,107,13,implies
3,4079,1232,1233,5,b
3,4080,4909,4910,8,not_or
3,4081,3676,3677,3,a
3,4082,1490,1491,14,not_and
3,4083,2907,2908,14,not_and
3,4084,1510,1511,3,a
3,4085,403,404,3,a
3,4086,3495,3496,9,not_xor
3,4087,1483,1484,3,a
3,4088,792,793,1,and
3,4089,4454,4455,5,b
3,4090,4336,4337,6,xor
3,4091,2587,2588,3,a
3,4092,4090,4091,10,not_b
3,4093,3113,3114,9,not_xor
3,4094,5968,5969,10,not_b
3,4095,787,788,9,not_xor
3,4096,4099,4100,5,b
3,4097,4027,4028,12,not_a
3,4098,1602,1603,1,and
3,4099,996,997,3,a
3,4100,1503,1504,4,not_implied_by
3,4101,3906,3907,11,implied_by
3,4102,1000,1001,9,not_xor
3,4103,2585,2586,4,not_implied_by
3,4104,3025,3026,7,or
3,4105,1319,1320,8,not_or
3,4106,3440,3441,8,not_or
3,4107,5479,5480,6,xor
3,4108,4056,4057,12,not_a
3,4109,407,408,4,not_implied_by
3,4110,2622,2623,12,not_a
3,4111,1502,1503,10,not_b
3,4112,746,747,9,not_xor
3,4113,4474,4475,3,a
3,4114,3460,3461,12,not_a
3,4115,1222,1223,5,b
3,4116,3810,3811,11,implied_by
3,4117,3944,3945,14,not_and
3,4118,2505,2506,6,xor
3,4119,498,499,4,not_implied_by
3,4120,3289,3290,6,xor
3,4121,280,281,6,xor
3,4122,4920,4921,1,and
3,4123,1567,1568,3,a
3,4124,4867,4868,3,a
3,4125,5971,5972,6,xor
3,4126,4464,4465,5,b
3,4127,2815,2816,9,not_xor
3,4128,1507,1508,13,implies
3,4129,3143,3144,9,not_xor
3,4130,4914,4915,5,b
3,4131,1025,1026,12,not_a
3,4132,1984,1985,9,not_xor
3,4133,2174,2175,9,not_xor
3,4134,1259,1260,13,implies
3,4135,2013,2014,6,xor
3,4136,164,165,5,b
3,4137,1946,1947,15,one
3,4138,4372,4373,5,b
3,4139,1642,1643,12,not_a
3,4140,1956,1957,4,not_implied_by
3,4141,3651,3652,13,implies
3,4142,2093,2094,14,not_and
3,4143,5251,5252,13,implies
3,4144,4391,4392,9,not_xor
3,4145,345,346,3,a
3,4146,5961,5962,13,implies
3,4147,551,552,8,not_or
3,4148,2327,2328,9,not_xor
3,4149,4120,4121,14,not_and
3,4150,3398,3399,9,not_xor
3,4151,3403,3404,3,a
3,4152,2199,2200,14,not_and
3,4153,4609,4610,0,zero
3,4154,2879,2880,3,a
3,4155,239,240,7,or
3,4156,3820,3821,10,not_b
3,4157,1736,1737,6,xor
3,4158,3313,3314,10,not_b
3,4159,2004,2005,12,not_a
3,4160,3989,3990,6,xor
3,4161,2422,2423,9,not_xor
3,4162,2959,2960,9,not_xor
3,4163,1783,1784,7,or
3,4164,5819,5820,14,not_and
3,4165,1443,1444,7,or
3,4166,5586,5587,6,xor
3,4167,4740,4741,8,not_or
3,4168,2854,2855,12,not_a
3,4169,3708,3709,10,not_b
3,4170,4340,4341,5,b
3,4171,4982,4983,13,implies
3,4172,5140,5141,6,xor
3,4173,5152,5153,6,xor
3,4174,5546,5547,6,xor
3,4175,4199,4200,9,not_xor
3,4176,4526,4527,3,a
3,4177,1030,1031,3,a
3,4178,2232,2233,13,implies
3,4179,2084,2085,5,b
3,4180,3863,3864,12,not_a
3,4181,3762,3763,9,not_xor
3,4182,4049,4050,4,not_implied_by
3,4183,2241,2242,9,not_xor
3,4184,3190,3191,12,not_a
3,4185,1522,1523,5,b
3,4186,4879,4880,6,xor
3,4187,2754,2755,6,xor
3,4188,1173,1174,5,b
3,4189,1574,1575,14,not_and
3,4190,2148,2149,12,not_a
3,4191,2123,2124,5,b
3,4192,3780,3781,2,not_implies
3,4193,3908,3909,6,xor
3,4194,2771,2772,9,not_xor
3,4195,3532,3533,7,or
3,4196,887,888,15,one
3,4197,3476,3477,13,implies
3,4198,4803,4804,3,a
3,4199,1011,1012,9,not_xor
3,4200,2643,2644,9,not_xor
3,4201,1338,1339,4,not_implied_by
3,4202,5268,5269,10,not_b
3,4203,1543,1544,7,or
3,4204,4413,4414,1,and
3,4205,4836,4837,3,a
3,4206,3565,3566,12,not_a
3,4207,2253,2254,1,and
3,4208,2271,2272,2,not_implies
3,4209,3046,3047,10,not_b
3,4210,4171,4172,3,a
3,4211,3911,3912,7,or
3,4212,268,269,2,not_implies
3,4213,799,800,1,and
3,4214,2926,2927,2,not_implies
3,4215,1273,1274,12,not_a
3,4216,772,773,6,xor
3,4217,3282,3283,12,not_a
3,4218,232,233,6,xor
3,4219,5431,5432,3,a
3,4220,2674,2675,0,zero
3,4221,5006,5007,8,not_or
3,4222,4812,4813,6,xor
3,4223,3024,3025,3,a
3,4224,5270,5271,11,implied_by
3,4225,2193,2194,6,xor
3,4226,2185,2186,4,not_implied_by
3,4227,3158,3159,10,not_b
3,4228,558,559,4,not_implied_by
3,4229,3977,3978,10,not_b
3,4230,4297,4298,3,a
3,4231,1546,1547,8,not_or
3,4232,5319,5320,4,not_implied_by
3,4233,1575,1576,1,and
3,4234,945,946,4,not_implied_by
3,4235,1036,1037,6,xor
3,4236,1775,1776,5,b
3,4237,2212,2213,1,and
3,4238,5678,5679,2,not_implies
3,4239,5183,5184,10,not_b
3,4240,1120,1121,3,a
3,4241,1051,1052,12,not_a
3,4242,4011,4012,2,not_implies
3,4243,5346,5347,2,not_implies
3,4244,2512,2513,12,not_a
3,4245,897,898,1,and
3,4246,3368,3369,6,xor
3,4247,385,386,1,and
3,4248,1867,1868,2,not_implies
3,4249,697,698,3,a
3,4250,4211,4212,10,not_b
3,4251,877,878,9,not_xor
3,4252,2925,2926,12,not_a
3,4253,1290,1291,9,not_xor
3,4254,5250,5251,10,not_b
3,4255,1662,1663,3,a
3,4256,3490,3491,3,a
3,4257,5296,5297,5,b
3,4258,391,392,3,a
3,4259,2939,2940,12,not_a
3,4260,1925,1926,3,a
3,4261,1563,1564,5,b
3,4262,4471,4472,4,not_implied_by
3,4263,1697,1698,6,xor
3,4264,5239,5240,8,not_or
3,4265,1809,1810,8,not_or
3,4266,175,176,3,a
3,4267,1339,1340,5,b
3,4268,5646,5647,12,not_a
3,4269,3515,3516,6,xor
3,4270,5854,5855,6,xor
3,4271,1886,1887,2,not_implies
3,4272,3083,3084,5,b
3,4273,3391,3392,12,not_a
3,4274,4583,4584,6,xor
3,4275,659,660,10,not_b
3,4276,574,575,12,not_a
3,4277,5097,5098,10,not_b
3,4278,3928,3929,12,not_a
3,4279,3729,3730,4,not_implied_by
3,4280,2756,2757,7,or
3,4281,3213,3214,5,b
3,4282,4071,4072,6,xor
3,4283,3842,3843,3,a
3,4284,2045,2046,6,xor
3,4285,492,493,1,and
3,4286,2792,2793,5,b
3,4287,2264,2265,3,a
3,4288,1869,1870,6,xor
3,4289,4299,4300,6,xor
3,4290,2018,2019,9,not_xor
3,4291,3813,3814,4,not_implied_by
3,4292,5501,5502,5,b
3,4293,1013,1014,9,not_xor
3,4294,191,192,12,not_a
3,4295,774,775,6,xor
3,4296,1541,1542,12,not_a
3,4297,404,405,2,not_implies
3,4298,603,604,1,and
3,4299,4078,4079,8,not_or
3,4300,262,263,5,b
3,4301,2566,2567,9,not_xor
3,4302,2556,2557,3,a
3,4303,2951,2952,7,or
3,4304,4761,4762,12,not_a
3,4305,2747,2748,5,b
3,4306,5178,5179,4,not_implied_by
3,4307,3156,3157,9,not_xor
3,4308,1521,1522,9,not_xor
3,4309,1608,1609,2,not_implies
3,4310,3373,3374,12,not_a
3,4311,3117,3118,10,not_b
3,4312,3608,3609,8,not_or
3,4313,2349,2350,6,xor
3,4314,1825,1826,6,xor
3,4315,1166,1167,4,not_implied_by
3,4316,3209,3210,1,and
3,4317,225,226,3,a
3,4318,1262,1263,6,xor
3,4319,3351,3352,1,and
3,4320,1811,1812,12,not_a
3,4321,5182,5183,5,b
3,4322,1651,1652,5,b
3,4323,3308,3309,5,b
3,4324,2485,2486,5,b
3,4325,860,861,0,zero
3,4326,5767,5768,12,not_a
3,4327,5845,5846,8,not_or
3,4328,5134,5135,1,and
3,4329,2569,2570,4,not_implied_by
3,4330,5438,5439,3,a
3,4331,301,302,9,not_xor
3,4332,4128,4129,8,not_or
3,4333,2147,2148,10,not_b
3,4334,1725,1726,3,a
3,4335,3994,3995,12,not_a
3,4336,3138,3139,2,not_implies
3,4337,618,619,6,xor
3,4338,3120,3121,3,a
3,4339,2159,2160,6,xor
3,4340,594,595,5,b
3,4341,1245,1246,3,a
3,4342,5822,5823,1,and
3,4343,3389,3390,6,xor
3,4344,2009,2010,2,not_implies
3,4345,405,406,13,implies
3,4346,2729,2730,12,not_a
3,4347,4885,4886,8,not_or
3,4348,4327,4328,10,not_b
3,4349,3229,3230,3,a
3,4350,2719,2720,9,not_xor
3,4351,739,740,12,not_a
3,4352,1353,1354,9,not_xor
3,4353,5710,5711,6,xor
3,4354,3079,3080,8,not_or
3,4355,1793,1794,10,not_b
3,4356,3728,3729,8,not_or
3,4357,3631,3632,1,and
3,4358,1702,1703,3,a
3,4359,1416,1417,3,a
3,4360,2322,2323,7,or
3,4361,5861,5862,5,b
3,4362,1224,1225,5,b
3,4363,2425,2426,5,b
3,4364,2873,2874,3,a
3,4365,3900,3901,4,not_implied_by
3,4366,2888,2889,9,not_xor
3,4367,5109,5110,3,a
3,4368,4979,4980,9,not_xor
3,4369,4137,4138,9,not_xor
3,4370,2712,2713,8,not_or
3,4371,3625,3626,6,xor
3,4372,3098,3099,4,not_implied_by
3,4373,456,457,7,or
3,4374,2017,2018,1,and
3,4375,3186,3187,13,implies
3,4376,5363,5364,2,not_implies
3,4377,220,221,2,not_implies
3,4378,2550,2551,8,not_or
3,4379,1199,1200,6,xor
3,4380,4523,4524,9,not_xor
3,4381,869,870,6,xor
3,4382,1122,1123,8,not_or
3,4383,3873,3874,9,not_xor
3,4384,2908,2909,1,and
3,4385,4573,4574,9,not_xor
3,4386,5949,5950,11,implied_by
3,4387,4106,4107,9,not_xor
3,4388,5203,5204,5,b
3,4389,932,933,6,xor
3,4390,2646,2647,6,xor
3,4391,2890,2891,6,xor
3,4392,2872,2873,5,b
3,4393,2709,2710,10,not_b
3,4394,754,755,6,xor
3,4395,5432,5433,2,not_implies
3,4396,359,360,12,not_a
3,4397,1340,1341,9,not_xor
3,4398,521,522,8,not_or
3,4399,4306,4307,8,not_or
3,4400,15,16,10,not_b
3,4401,3193,3194,1,and
3,4402,3573,3574,3,a
3,4403,4519,4520,6,xor
3,4404,738,739,8,not_or
3,4405,1230,1231,10,not_b
3,4406,3579,3580,12,not_a
3,4407,183,184,12,not_a
3,4408,3505,3506,3,a
3,4409,3607,3608,14,not_and
3,4410,4268,4269,9,not_xor
3,4411,4286,4287,9,not_xor
3,4412,4599,4600,12,not_a
3,4413,3065,3066,8,not_or
3,4414,3127,3128,3,a
3,4415,5258,5259,10,not_b
3,4416,2441,2442,6,xor
3,4417,5716,5717,5,b
3,4418,651,652,2,not_implies
3,4419,1966,1967,9,not_xor
3,4420,488,489,13,implies
3,4421,3688,3689,11,implied_by
3,4422,2710,2711,4,not_implied_by
3,4423,5304,5305,10,not_b
3,4424,2446,2447,4,not_implied_by
3,4425,5937,5938,13,implies
3,4426,5953,5954,10,not_b
3,4427,727,728,5,b
3,4428,3263,3264,14,not_and
3,4429,3609,3610,1,and
3,4430,276,277,2,not_implies
3,4431,5903,5904,4,not_implied_by
3,4432,446,447,12,not_a
3,4433,5390,5391,5,b
3,4434,4131,4132,1,and
3,4435,5468,5469,8,not_or
3,4436,2036,2037,12,not_a
3,4437,5372,5373,9,not_xor
3,4438,4051,4052,2,not_implies
3,4439,1518,1519,10,not_b
3,4440,3344,3345,14,not_and
3,4441,2151,2152,5,b
3,4442,5847,5848,10,not_b
3,4443,3236,3237,10,not_b
3,4444,4404,4405,8,not_or
3,4445,4657,4658,5,b
3,4446,3678,3679,8,not_or
3,4447,435,436,4,not_implied_by
3,4448,1264,1265,1,and
3,4449,1100,1101,10,not_b
3,4450,2180,2181,9,not_xor
3,4451,2239,2240,6,xor
3,4452,1424,1425,8,not_or
3,4453,763,764,8,not_or
3,4454,103,104,2,not_implies
3,4455,3040,3041,3,a
3,4456,5627,5628,4,not_implied_by
3,4457,2738,2739,14,not_and
3,4458,1364,1365,1,and
3,4459,3370,3371,2,not_implies
3,4460,3723,3724,12,not_a
3,4461,3299,3300,8,not_or
3,4462,2010,2011,12,not_a
3,4463,3265,3266,12,not_a
3,4464,1254,1255,5,b
3,4465,5744,5745,6,xor
3,4466,5246,5247,8,not_or
3,4467,3384,3385,12,not_a
3,4468,5013,5014,9,not_xor
3,4469,4973,4974,2,not_implies
3,4470,5332,5333,9,not_xor
3,4471,871,872,2,not_implies
3,4472,4188,4189,3,a
3,4473,4353,4354,2,not_implies
3,4474,4357,4358,4,not_implied_by
3,4475,2231,2232,6,xor
3,4476,5133,5134,8,not_or
3,4477,4163,4164,7,or
3,4478,5918,5919,8,not_or
3,4479,1177,1178,12,not_a
3,4480,3901,3902,9,not_xor
3,4481,858,859,6,xor
3,4482,2669,2670,12,not_a
3,4483,927,928,6,xor
3,4484,2784,2785,2,not_implies
3,4485,2419,2420,8,not_or
3,4486,4196,4197,4,not_implied_by
3,4487,617,618,12,not_a
3,4488,2772,2773,2,not_implies
3,4489,3297,3298,6,xor
3,4490,327,328,2,not_implies
3,4491,4042,4043,12,not_a
3,4492,4460,4461,10,not_b
3,4493,3697,3698,6,xor
3,4494,4153,4154,9,not_xor
3,4495,438,439,2,not_implies
3,4496,2723,2724,2,not_implies
3,4497,2836,2837,9,not_xor
3,4498,910,911,1,and
3,4499,2168,2169,10,not_b
3,4500,1756,1757,5,b
3,4501,2800,2801,4,not_implied_by
3,4502,2027,2028,2,not_implies
3,4503,2849,2850,10,not_b
3,4504,3485,3486,6,xor
3,4505,133,134,6,xor
3,4506,3817,3818,2,not_implies
3,4507,3253,3254,11,implied_by
3,4508,1912,1913,5,b
3,4509,3642,3643,6,xor
3,4510,674,675,2,not_implies
3,4511,1669,1670,5,b
3,4512,5576,5577,4,not_implied_by
3,4513,1916,1917,5,b
3,4514,2928,2929,6,xor
3,4515,5378,5379,6,xor
3,4516,4394,4395,1,and
3,4517,1735,1736,5,b
3,4518,1763,1764,5,b
3,4519,298,299,4,not_implied_by
3,4520,4894,4895,2,not_implies
3,4521,4793,4794,5,b
3,4522,1113,1114,6,xor
3,4523,5802,5803,8,not_or
3,4524,3881,3882,5,b
3,4525,4121,4122,1,and
3,4526,464,465,9,not_xor
3,4527,1727,1728,5,b
3,4528,4685,4686,9,not_xor
3,4529,3477,3478,6,xor
3,4530,3276,3277,12,not_a
3,4531,3938,3939,4,not_implied_by
3,4532,1486,1487,10,not_b
3,4533,943,944,10,not_b
3,4534,4967,4968,6,xor
3,4535,2141,2142,7,or
3,4536,1223,1224,9,not_xor
3,4537,3615,3616,2,not_implies
3,4538,454,455,8,not_or
3,4539,2480,2481,9,not_xor
3,4540,4620,4621,8,not_or
3,4541,2773,2774,9,not_xor
3,4542,1772,1773,5,b
3,4543,5885,5886,9,not_xor
3,4544,3959,3960,5,b
3,4545,5653,5654,6,xor
3,4546,1421,1422,9,not_xor
3,4547,4883,4884,14,not_and
3,4548,615,616,3,a
3,4549,304,305,6,xor
3,4550,4281,4282,6,xor
3,4551,1159,1160,2,not_implies
3,4552,1500,1501,5,b
3,4553,789,790,4,not_implied_by
3,4554,5361,5362,14,not_and
3,4555,5817,5818,6,xor
3,4556,2182,2183,4,not_implied_by
3,4557,3862,3863,10,not_b
3,4558,2793,2794,3,a
3,4559,5842,5843,13,implies
3,4560,2108,2109,4,not_implied_by
3,4561,2039,2040,3,a
3,4562,2403,2404,9,not_xor
3,4563,5770,5771,1,and
3,4564,2307,2308,8,not_or
3,4565,3454,3455,10,not_b
3,4566,2448,2449,12,not_a
3,4567,1753,1754,5,b
3,4568,3178,3179,6,xor
3,4569,5278,5279,5,b
3,4570,3350,3351,4,not_implied_by
3,4571,5637,5638,9,not_xor
3,4572,917,918,1,and
3,4573,4831,4832,13,implies
3,4574,3954,3955,9,not_xor
3,4575,4524,4525,9,not_xor
3,4576,1233,1234,10,not_b
3,4577,2055,2056,8,not_or
3,4578,1892,1893,9,not_xor
3,4579,3731,3732,1,and
3,4580,2500,2501,8,not_or
3,4581,1780,1781,12,not_a
3,4582,3434,3435,6,xor
3,4583,3078,3079,12,not_a
3,4584,5011,5012,3,a
3,4585,421,422,1,and
3,4586,1776,1777,4,not_implied_by
3,4587,2911,2912,1,and
3,4588,5636,5637,7,or
3,4589,4028,4029,10,not_b
3,4590,4951,4952,12,not_a
3,4591,1965,1966,5,b
3,4592,3366,3367,14,not_and
3,4593,5255,5256,1,and
3,4594,2303,2304,2,not_implies
3,4595,2121,2122,9,not_xor
3,4596,3787,3788,3,a
3,4597,5055,5056,9,not_xor
3,4598,4185,4186,9,not_xor
3,4599,1140,1141,2,not_implies
3,4600,3043,3044,1,and
3,4601,538,539,13,implies
3,4602,5344,5345,6,xor
3,4603,1915,1916,8,not_or
3,4604,847,848,12,not_a
3,4605,1005,1006,9,not_xor
3,4606,3166,3167,3,a
3,4607,5309,5310,1,and
3,4608,5192,5193,5,b
3,4609,5282,5283,6,xor
3,4610,549,550,10,not_b
3,4611,773,774,4,not_implied_by
3,4612,1363,1364,4,not_implied_by
3,4613,3339,3340,7,or
3,4614,5310,5311,1,and
3,4615,1115,1116,2,not_implies
3,4616,2315,2316,10,not_b
3,4617,2835,2836,9,not_xor
3,4618,2509,2510,6,xor
3,4619,2129,2130,10,not_b
3,4620,3557,3558,12,not_a
3,4621,2671,2672,12,not_a
3,4622,3172,3173,12,not_a
3,4623,5465,5466,12,not_a
3,4624,2797,2798,5,b
3,4625,1343,1344,10,not_b
3,4626,223,224,10,not_b
3,4627,2706,2707,5,b
3,4628,4017,4018,8,not_or
3,4629,4183,4184,12,not_a
3,4630,2592,2593,10,not_b
3,4631,1935,1936,4,not_implied_by
3,4632,3187,3188,9,not_xor
3,4633,1328,1329,0,zero
3,4634,5020,5021,3,a
3,4635,4063,4064,1,and
3,4636,472,473,12,not_a
3,4637,4041,4042,8,not_or
3,4638,2267,2268,9,not_xor
3,4639,4213,4214,5,b
3,4640,5287,5288,3,a
3,4641,876,877,12,not_a
3,4642,433,434,1,and
3,4643,2942,2943,3,a
3,4644,607,608,1,and
3,4645,2621,2622,4,not_implied_by
3,4646,3755,3756,1,and
3,4647,1891,1892,5,b
3,4648,4581,4582,3,a
3,4649,2575,2576,10,not_b
3,4650,832,833,5,b
3,4651,355,356,2,not_implies
3,4652,1003,1004,9,not_xor
3,4653,4789,4790,4,not_implied_by
3,4654,1677,1678,8,not_or
3,4655,2577,2578,12,not_a
3,4656,5621,5622,12,not_a
3,4657,2482,2483,1,and
3,4658,3119,3120,1,and
3,4659,1836,1837,5,b
3,4660,4645,4646,11,implied_by
3,4661,3319,3320,6,xor
3,4662,5687,5688,8,not_or
3,4663,1520,1521,6,xor
3,4664,2806,2807,5,b
3,4665,637,638,6,xor
3,4666,5220,5221,10,not_b
3,4667,3056,3057,9,not_xor
3,4668,3803,3804,1,and
3,4669,4146,4147,5,b
3,4670,3742,3743,11,implied_by
3,4671,4191,4192,2,not_implies
3,4672,3267,3268,5,b
3,4673,440,441,4,not_implied_by
3,4674,4564,4565,9,not_xor
3,4675,4157,4158,4,not_implied_by
3,4676,25,26,3,a
3,4677,3995,3996,5,b
3,4678,3201,3202,6,xor
3,4679,698,699,12,not_a
3,4680,5079,5080,1,and
3,4681,671,672,1,and
3,4682,1701,1702,1,and
3,4683,434,435,2,not_implies
3,4684,61,62,3,a
3,4685,4536,4537,2,not_implies
3,4686,5548,5549,5,b
3,4687,4868,4869,9,not_xor
3,4688,4681,4682,9,not_xor
3,4689,2513,2514,13,implies
3,4690,5635,5636,6,xor
3,4691,5757,5758,4,not_implied_by
3,4692,3590,3591,1,and
3,4693,2143,2144,5,b
3,4694,1007,1008,7,or
3,4695,4718,4719,10,not_b
3,4696,5283,5284,6,xor
3,4697,5723,5724,5,b
3,4698,3531,3532,2,not_implies
3,4699,3978,3979,5,b
3,4700,5660,5661,4,not_implied_by
3,4701,4155,4156,6,xor
3,4702,4834,4835,10,not_b
3,4703,5289,5290,1,and
3,4704,1391,1392,2,not_implies
3,4705,3570,3571,9,not_xor
3,4706,1822,1823,6,xor
3,4707,2376,2377,2,not_implies
3,4708,5339,5340,8,not_or
3,4709,1142,1143,10,not_b
3,4710,5379,5380,12,not_a
3,4711,1668,1669,2,not_implies
3,4712,4210,4211,6,xor
3,4713,4862,4863,8,not_or
3,4714,2469,2470,9,not_xor
3,4715,1213,1214,5,b
3,4716,1875,1876,14,not_and
3,4717,3748,3749,10,not_b
3,4718,2175,2176,3,a
3,4719,5436,5437,5,b
3,4720,4087,4088,10,not_b
3,4721,3334,3335,9,not_xor
3,4722,2642,2643,9,not_xor
3,4723,4552,4553,1,and
3,4724,3111,3112,9,not_xor
3,4725,1722,1723,4,not_implied_by
3,4726,3125,3126,2,not_implies
3,4727,3593,3594,8,not_or
3,4728,5941,5942,13,implies
3,4729,1625,1626,10,not_b
3,4730,1926,1927,8,not_or
3,4731,2144,2145,3,a
3,4732,1131,1132,3,a
3,4733,5836,5837,5,b
3,4734,132,133,12,not_a
3,4735,1275,1276,1,and
3,4736,668,669,12,not_a
3,4737,116,117,5,b
3,4738,3641,3642,7,or
3,4739,4037,4038,8,not_or
3,4740,898,899,6,xor
3,4741,519,520,4,not_implied_by
3,4742,1894,1895,13,implies
3,4743,4160,4161,6,xor
3,4744,1695,1696,10,not_b
3,4745,1001,1002,9,not_xor
3,4746,2041,2042,4,not_implied_by
3,4747,1545,1546,1,and
3,4748,3856,3857,1,and
3,4749,334,335,3,a
3,4750,2923,2924,10,not_b
3,4751,3561,3562,10,not_b
3,4752,3612,3613,10,not_b
3,4753,4129,4130,9,not_xor
3,4754,5794,5795,5,b
3,4755,4662,4663,10,not_b
3,4756,4399,4400,3,a
3,4757,5373,5374,5,b
3,4758,5673,5674,6,xor
3,4759,2924,2925,13,implies
3,4760,5142,5143,12,not_a
3,4761,5865,5866,1,and
3,4762,5906,5907,8,not_or
3,4763,5273,5274,4,not_implied_by
3,4764,2579,2580,12,not_a
3,4765,2098,2099,9,not_xor
3,4766,4515,4516,12,not_a
3,4767,5312,5313,6,xor
3,4768,5127,5128,3,a
3,4769,59,60,1,and
3,4770,3416,3417,13,implies
3,4771,1186,1187,4,not_implied_by
3,4772,2799,2800,8,not_or
3,4773,3386,3387,3,a
3,4774,2543,2544,12,not_a
3,4775,233,234,6,xor
3,4776,4917,4918,10,not_b
3,4777,2694,2695,5,b
3,4778,5840,5841,9,not_xor
3,4779,3250,3251,5,b
3,4780,3168,3169,10,not_b
3,4781,55,56,4,not_implied_by
3,4782,818,819,12,not_a
3,4783,4688,4689,12,not_a
3,4784,1528,1529,1,and
3,4785,1996,1997,4,not_implied_by
3,4786,4248,4249,14,not_and
3,4787,3039,3040,4,not_implied_by
3,4788,2596,2597,12,not_a
3,4789,3130,3131,2,not_implies
3,4790,5788,5789,12,not_a
3,4791,982,983,13,implies
3,4792,4380,4381,5,b
3,4793,4173,4174,1,and
3,4794,5898,5899,3,a
3,4795,3411,3412,2,not_implies
3,4796,566,567,4,not_implied_by
3,4797,4703,4704,4,not_implied_by
3,4798,471,472,6,xor
3,4799,3210,3211,10,not_b
3,4800,3554,3555,10,not_b
3,4801,4857,4858,8,not_or
3,4802,197,198,12,not_a
3,4803,3571,3572,6,xor
3,4804,931,932,13,implies
3,4805,2273,2274,10,not_b
3,4806,3924,3925,4,not_implied_by
3,4807,5866,5867,13,implies
3,4808,1785,1786,8,not_or
3,4809,4343,4344,10,not_b
3,4810,5818,5819,11,implied_by
3,4811,5807,5808,6,xor
3,4812,5655,5656,12,not_a
3,4813,1284,1285,6,xor
3,4814,4842,4843,1,and
3,4815,5096,5097,8,not_or
3,4816,0,2,12,not_a
3,4817,5256,5257,6,xor
3,4818,3547,3548,11,implied_by
3,4819,2442,2443,13,implies
3,4820,2801,2802,10,not_b
3,4821,3228,3229,2,not_implies
3,4822,4432,4433,6,xor
3,4823,1032,1033,5,b
3,4824,2736,2737,9,not_xor
3,4825,4728,4729,6,xor
3,4826,427,428,2,not_implies
3,4827,4975,4976,6,xor
3,4828,3450,3451,1,and
3,4829,1197,1198,14,not_and
3,4830,3136,3137,1,and
3,4831,2557,2558,12,not_a
3,4832,5607,5608,12,not_a
3,4833,1554,1555,13,implies
3,4834,1369,1370,9,not_xor
3,4835,2457,2458,5,b
3,4836,315,316,9,not_xor
3,4837,5410,5411,11,implied_by
3,4838,2355,2356,6,xor
3,4839,91,92,14,not_and
3,4840,3041,3042,9,not_xor
3,4841,2639,2640,10,not_b
3,4842,3991,3992,7,or
3,4843,4510,4511,9,not_xor
3,4844,3840,3841,10,not_b
3,4845,2572,2573,6,xor
3,4846,3604,3605,5,b
3,4847,4257,4258,3,a
3,4848,3171,3172,7,or
3,4849,5950,5951,6,xor
3,4850,5090,5091,3,a
3,4851,756,757,6,xor
3,4852,962,963,11,implied_by
3,4853,661,662,6,xor
3,4854,4668,4669,11,implied_by
3,4855,3288,3289,5,b
3,4856,5482,5483,12,not_a
3,4857,794,795,3,a
3,4858,419,420,8,not_or
3,4859,2497,2498,4,not_implied_by
3,4860,1706,1707,12,not_a
3,4861,331,332,12,not_a
3,4862,1682,1683,6,xor
3,4863,5132,5133,10,not_b
3,4864,4748,4749,9,not_xor
3,4865,1355,1356,6,xor
3,4866,5856,5857,10,not_b
3,4867,5879,5880,6,xor
3,4868,2014,2015,13,implies
3,4869,1732,1733,6,xor
3,4870,1371,1372,11,implied_by
3,4871,3006,3007,14,not_and
3,4872,3207,3208,10,not_b
3,4873,3529,3530,3,a
3,4874,309,310,1,and
3,4875,1221,1222,12,not_a
3,4876,2999,3000,3,a
3,4877,3782,3783,6,xor
3,4878,3137,3138,9,not_xor
3,4879,1313,1314,5,b
3,4880,5211,5212,6,xor
3,4881,1911,1912,10,not_b
3,4882,1893,1894,12,not_a
3,4883,5681,5682,9,not_xor
3,4884,5308,5309,10,not_b
3,4885,2443,2444,10,not_b
3,4886,5406,5407,3,a
3,4887,2475,2476,5,b
3,4888,1699,1700,1,and
3,4889,201,202,10,not_b
3,4890,2038,2039,6,xor
3,4891,700,701,3,a
3,4892,3071,3072,14,not_and
3,4893,4533,4534,2,not_implies
3,4894,3947,3948,8,not_or
3,4895,1700,1701,3,a
3,4896,5581,5582,12,not_a
3,4897,4098,4099,13,implies
3,4898,1525,1526,10,not_b
3,4899,2388,2389,13,implies
3,4900,3382,3383,3,a
3,4901,4127,4128,9,not_xor
3,4902,1324,1325,6,xor
3,4903,3459,3460,3,a
3,4904,4548,4549,12,not_a
3,4905,5731,5732,8,not_or
3,4906,1937,1938,4,not_implied_by
3,4907,5872,5873,7,or
3,4908,1189,1190,12,not_a
3,4909,874,875,10,not_b
3,4910,1954,1955,13,implies
3,4911,1002,1003,12,not_a
3,4912,2329,2330,7,or
3,4913,2210,2211,10,not_b
3,4914,235,236,7,or
3,4915,210,211,10,not_b
3,4916,1175,1176,12,not_a
3,4917,990,991,12,not_a
3,4918,5426,5427,11,implied_by
3,4919,3662,3663,5,b
3,4920,483,484,12,not_a
3,4921,137,138,9,not_xor
3,4922,2722,2723,10,not_b
3,4923,2595,2596,3,a
3,4924,584,585,8,not_or
3,4925,2464,2465,12,not_a
3,4926,1163,1164,10,not_b
3,4927,5787,5788,11,implied_by
3,4928,820,821,8,not_or
3,4929,4601,4602,9,not_xor
3,4930,4958,4959,12,not_a
3,4931,5912,5913,9,not_xor
3,4932,4242,4243,12,not_a
3,4933,743,744,13,implies
3,4934,4305,4306,12,not_a
3,4935,1973,1974,3,a
3,4936,297,298,1,and
3,4937,2762,2763,5,b
3,4938,3611,3612,3,a
3,4939,3844,3845,14,not_and
3,4940,2365,2366,5,b
3,4941,214,215,5,b
3,4942,2827,2828,11,implied_by
3,4943,5314,5315,6,xor
3,4944,1504,1505,10,not_b
3,4945,2675,2676,3,a
3,4946,5534,5535,3,a
3,4947,599,600,5,b
3,4948,1762,1763,5,b
3,4949,5882,5883,6,xor
3,4950,1309,1310,3,a
3,4951,4397,4398,12,not_a
3,4952,1539,1540,6,xor
3,4953,5175,5176,14,not_and
3,4954,2832,2833,3,a
3,4955,1292,1293,13,implies
3,4956,41,42,3,a
3,4957,4482,4483,10,not_b
3,4958,1136,1137,3,a
3,4959,1016,1017,5,b
3,4960,2369,2370,6,xor
3,4961,4478,4479,5,b
3,4962,4240,4241,14,not_and
3,4963,4486,4487,13,implies
3,4964,3749,3750,9,not_xor
3,4965,4484,4485,10,not_b
3,4966,2066,2067,2,not_implies
3,4967,821,822,13,implies
3,4968,4589,4590,12,not_a
3,4969,3552,3553,10,not_b
3,4970,1226,1227,12,not_a
3,4971,1879,1880,7,or
3,4972,3258,3259,4,not_implied_by
3,4973,4561,4562,13,implies
3,4974,1564,1565,1,and
3,4975,4383,4384,2,not_implies
3,4976,5121,5122,14,not_and
3,4977,1583,1584,12,not_a
3,4978,855,856,12,not_a
3,4979,4774,4775,3,a
3,4980,4821,4822,9,not_xor
3,4981,1824,1825,14,not_and
3,4982,5064,5065,12,not_a
3,4983,4403,4404,6,xor
3,4984,4756,4757,6,xor
3,4985,5658,5659,2,not_implies
3,4986,4232,4233,8,not_or
3,4987,3426,3427,11,implied_by
3,4988,3674,3675,9,not_xor
3,4989,796,797,12,not_a
3,4990,2511,2512,12,not_a
3,4991,5263,5264,12,not_a
3,4992,3888,3889,12,not_a
3,4993,5131,5132,7,or
3,4994,5201,5202,10,not_b
3,4995,343,344,14,not_and
3,4996,5290,5291,5,b
3,4997,1315,1316,14,not_and
3,4998,757,758,11,implied_by
3,4999,4102,4103,6,xor
3,5000,23,24,3,a
3,5001,4682,4683,6,xor
3,5002,1062,1063,10,not_b
3,5003,1053,1054,12,not_a
3,5004,5976,5977,14,not_and
3,5005,2224,2225,13,implies
3,5006,3249,3250,5,b
3,5007,1760,1761,6,xor
3,5008,999,1000,8,not_or
3,5009,4142,4143,13,implies
3,5010,4513,4514,8,not_or
3,5011,4672,4673,3,a
3,5012,1202,1203,13,implies
3,5013,1800,1801,6,xor
3,5014,5342,5343,2,not_implies
3,5015,3360,3361,10,not_b
3,5016,812,813,3,a
3,5017,3066,3067,8,not_or
3,5018,4349,4350,3,a
3,5019,1059,1060,3,a
3,5020,3461,3462,2,not_implies
3,5021,4220,4221,7,or
3,5022,148,149,9,not_xor
3,5023,3148,3149,2,not_implies
3,5024,5223,5224,10,not_b
3,5025,2117,2118,14,not_and
3,5026,4040,4041,9,not_xor
3,5027,5702,5703,10,not_b
3,5028,2778,2779,5,b
3,5029,5473,5474,10,not_b
3,5030,5933,5934,10,not_b
3,5031,4388,4389,12,not_a
3,5032,1985,1986,10,not_b
3,5033,3580,3581,12,not_a
3,5034,1147,1148,6,xor
3,5035,2250,2251,1,and
3,5036,1868,1869,4,not_implied_by
3,5037,791,792,1,and
3,5038,4104,4105,12,not_a
3,5039,118,119,13,implies
3,5040,3257,3258,9,not_xor
3,5041,4647,4648,6,xor
3,5042,2395,2396,13,implies
3,5043,4637,4638,7,or
3,5044,3795,3796,1,and
3,5045,1499,1500,11,implied_by
3,5046,3427,3428,5,b
3,5047,635,636,1,and
3,5048,4593,4594,5,b
3,5049,3273,3274,5,b
3,5050,4925,4926,5,b
3,5051,375,376,6,xor
3,5052,4331,4332,7,or
3,5053,4968,4969,6,xor
3,5054,2111,2112,6,xor
3,5055,3792,3793,3,a
3,5056,1475,1476,1,and
3,5057,2385,2386,10,not_b
3,5058,598,599,9,not_xor
3,5059,1577,1578,9,not_xor
3,5060,3867,3868,7,or
3,5061,2922,2923,5,b
3,5062,3968,3969,3,a
3,5063,1909,1910,12,not_a
3,5064,5490,5491,3,a
3,5065,462,463,5,b
3,5066,151,152,3,a
3,5067,2033,2034,9,not_xor
3,5068,5351,5352,10,not_b
3,5069,735,736,9,not_xor
3,5070,3766,3767,6,xor
3,5071,256,257,6,xor
3,5072,5647,5648,3,a
3,5073,5198,5199,9,not_xor
3,5074,4954,4955,4,not_implied_by
3,5075,1038,1039,12,not_a
3,5076,4721,4722,3,a
3,5077,1200,1201,10,not_b
3,5078,753,754,9,not_xor
3,5079,2230,2231,9,not_xor
3,5080,5557,5558,6,xor
3,5081,245,246,6,xor
3,5082,5753,5754,3,a
3,5083,50,51,5,b
3,5084,113,114,2,not_implies
3,5085,2777,2778,9,not_xor
3,5086,4869,4870,3,a
3,5087,2766,2767,3,a
3,5088,1103,1104,9,not_xor
3,5089,4371,4372,5,b
3,5090,5761,5762,3,a
3,5091,4147,4148,14,not_and
3,5092,5204,5205,11,implied_by
3,5093,2118,2119,11,implied_by
3,5094,5403,5404,2,not_implies
3,5095,3973,3974,5,b
3,5096,632,633,2,not_implies
3,5097,3622,3623,3,a
3,5098,4772,4773,5,b
3,5099,3710,3711,9,not_xor
3,5100,2468,2469,7,or
3,5101,2700,2701,10,not_b
3,5102,669,670,12,not_a
3,5103,4236,4237,6,xor
3,5104,2875,2876,4,not_implied_by
3,5105,1512,1513,4,not_implied_by
3,5106,2514,2515,3,a
3,5107,1570,1571,11,implied_by
3,5108,1447,1448,12,not_a
3,5109,468,469,12,not_a
3,5110,2530,2531,9,not_xor
3,5111,5844,5845,6,xor
3,5112,3516,3517,13,implies
3,5113,5616,5617,6,xor
3,5114,2539,2540,3,a
3,5115,2985,2986,12,not_a
3,5116,4845,4846,13,implies
3,5117,70,71,6,xor
3,5118,5762,5763,10,not_b
3,5119,2802,2803,9,not_xor
3,5120,3054,3055,5,b
3,5121,2983,2984,12,not_a
3,5122,3356,3357,2,not_implies
3,5123,3005,3006,11,implied_by
3,5124,4494,4495,9,not_xor
3,5125,1114,1115,10,not_b
3,5126,5947,5948,3,a
3,5127,3661,3662,9,not_xor
3,5128,22,23,12,not_a
3,5129,5072,5073,10,not_b
3,5130,265,266,6,xor
3,5131,1306,1307,10,not_b
3,5132,666,667,14,not_and
3,5133,1379,1380,9,not_xor
3,5134,2382,2383,11,implied_by
3,5135,3455,3456,12,not_a
3,5136,3198,3199,5,b
3,5137,5459,5460,12,not_a
3,5138,2948,2949,6,xor
3,5139,3469,3470,14,not_and
3,5140,3937,3938,1,and
3,5141,4277,4278,7,or
3,5142,706,707,3,a
3,5143,131,132,2,not_implies
3,5144,4395,4396,12,not_a
3,5145,4930,4931,3,a
3,5146,2830,2831,9,not_xor
3,5147,5144,5145,13,implies
3,5148,166,167,11,implied_by
3,5149,710,711,11,implied_by
3,5150,802,803,10,not_b
3,5151,5293,5294,9,not_xor
3,5152,4744,4745,14,not_and
3,5153,5360,5361,14,not_and
3,5154,2845,2846,4,not_implied_by
3,5155,1121,1122,3,a
3,5156,81,82,9,not_xor
3,5157,4606,4607,6,xor
3,5158,1466,1467,2,not_implies
3,5159,4205,4206,5,b
3,5160,3926,3927,3,a
3,5161,2855,2856,5,b
3,5162,4639,4640,6,xor
3,5163,1603,1604,6,xor
3,5164,3847,3848,3,a
3,5165,5143,5144,3,a
3,5166,3038,3039,6,xor
3,5167,5076,5077,7,or
3,5168,4797,4798,14,not_and
3,5169,4648,4649,2,not_implies
3,5170,2288,2289,9,not_xor
3,5171,970,971,3,a
3,5172,5002,5003,3,a
3,5173,1999,2000,11,implied_by
3,5174,4180,4181,5,b
3,5175,3405,3406,9,not_xor
3,5176,1694,1695,4,not_implied_by
3,5177,4621,4622,5,b
3,5178,1149,1150,6,xor
3,5179,5696,5697,9,not_xor
3,5180,5028,5029,5,b
3,5181,3298,3299,6,xor
3,5182,4092,4093,1,and
3,5183,4993,4994,3,a
3,5184,3797,3798,1,and
3,5185,2561,2562,3,a
3,5186,1765,1766,6,xor
3,5187,3578,3579,6,xor
3,5188,904,905,9,not_xor
3,5189,2704,2705,12,not_a
3,5190,1733,1734,9,not_xor
3,5191,929,930,9,not_xor
3,5192,1435,1436,3,a
3,5193,2246,2247,1,and
3,5194,4067,4068,9,not_xor
3,5195,474,475,3,a
3,5196,3535,3536,5,b
3,5197,5579,5580,3,a
3,5198,2486,2487,6,xor
3,5199,3002,3003,15,one
3,5200,2864,2865,5,b
3,5201,246,247,8,not_or
3,5202,5091,5092,6,xor
3,5203,34,35,12,not_a
3,5204,1094,1095,2,not_implies
3,5205,3012,3013,9,not_xor
3,5206,4570,4571,6,xor
3,5207,2567,2568,3,a
3,5208,3584,3585,9,not_xor
3,5209,2458,2459,11,implied_by
3,5210,1482,1483,12,not_a
3,5211,3796,3797,9,not_xor
3,5212,10,11,13,implies
3,5213,5017,5018,12,not_a
3,5214,1388,1389,3,a
3,5215,1680,1681,3,a
3,5216,4264,4265,3,a
3,5217,5502,5503,3,a
3,5218,1806,1807,9,not_xor
3,5219,1540,1541,9,not_xor
3,5220,5967,5968,10,not_b
3,5221,4560,4561,10,not_b
3,5222,3347,3348,3,a
3,5223,51,52,9,not_xor
3,5224,399,400,12,not_a
3,5225,1323,1324,3,a
3,5226,1239,1240,6,xor
3,5227,2021,2022,6,xor
3,5228,3815,3816,7,or
3,5229,4947,4948,3,a
3,5230,1250,1251,7,or
3,5231,573,574,2,not_implies
3,5232,2552,2553,12,not_a
3,5233,1335,1336,10,not_b
3,5234,2994,2995,6,xor
3,5235,4953,4954,6,xor
3,5236,4717,4718,9,not_xor
3,5237,1129,1130,9,not_xor
3,5238,4187,4188,9,not_xor
3,5239,2919,2920,0,zero
3,5240,2022,2023,6,xor
3,5241,3096,3097,5,b
3,5242,1084,1085,14,not_and
3,5243,212,213,1,and
3,5244,194,195,10,not_b
3,5245,311,312,11,implied_by
3,5246,4251,4252,12,not_a
3,5247,346,347,12,not_a
3,5248,74,75,13,implies
3,5249,890,891,4,not_implied_by
3,5250,5186,5187,12,not_a
3,5251,692,693,9,not_xor
3,5252,3798,3799,10,not_b
3,5253,5073,5074,12,not_a
3,5254,4705,4706,10,not_b
3,5255,657,658,5,b
3,5256,2853,2854,3,a
3,5257,4541,4542,12,not_a
3,5258,1267,1268,13,implies
3,5259,1527,1528,9,not_xor
3,5260,1594,1595,9,not_xor
3,5261,3733,3734,9,not_xor
3,5262,3321,3322,5,b
3,5263,1978,1979,10,not_b
3,5264,4825,4826,6,xor
3,5265,1908,1909,6,xor
3,5266,1176,1177,9,not_xor
3,5267,1154,1155,10,not_b
3,5268,4530,4531,9,not_xor
3,5269,1134,1135,7,or
3,5270,1468,1469,9,not_xor
3,5271,964,965,12,not_a
3,5272,4873,4874,12,not_a
3,5273,3696,3697,12,not_a
3,5274,361,362,3,a
3,5275,1471,1472,12,not_a
3,5276,627,628,1,and
3,5277,3669,3670,2,not_implies
3,5278,5816,5817,3,a
3,5279,3204,3205,9,not_xor
3,5280,3026,3027,10,not_b
3,5281,3232,3233,12,not_a
3,5282,3042,3043,6,xor
3,5283,1463,1464,5,b
3,5284,5990,5991,9,not_xor
3,5285,2097,2098,10,not_b
3,5286,5116,5117,5,b
3,5287,5161,5162,9,not_xor
3,5288,5423,5424,7,or
3,5289,4463,4464,3,a
3,5290,2078,2079,9,not_xor
3,5291,765,766,3,a
3,5292,2042,2043,9,not_xor
3,5293,2301,2302,6,xor
3,5294,5227,5228,7,or
3,5295,1880,1881,9,not_xor
3,5296,1649,1650,13,implies
3,5297,2880,2881,5,b
3,5298,4409,4410,3,a
3,5299,5694,5695,9,not_xor
3,5300,3451,3452,9,not_xor
3,5301,512,513,11,implied_by
3,5302,2666,2667,3,a
3,5303,168,169,6,xor
3,5304,167,168,4,not_implied_by
3,5305,2341,2342,5,b
3,5306,2150,2151,6,xor
3,5307,3997,3998,6,xor
3,5308,3196,3197,6,xor
3,5309,2608,2609,9,not_xor
3,5310,3526,3527,10,not_b
3,5311,2783,2784,1,and
3,5312,5237,5238,12,not_a
3,5313,2846,2847,2,not_implies
3,5314,4557,4558,8,not_or
3,5315,5166,5167,6,xor
3,5316,1351,1352,3,a
3,5317,2998,2999,12,not_a
3,5318,1476,1477,3,a
3,5319,179,180,10,not_b
3,5320,4698,4699,9,not_xor
3,5321,360,361,5,b
3,5322,5123,5124,9,not_xor
3,5323,4418,4419,9,not_xor
3,5324,4125,4126,4,not_implied_by
3,5325,3868,3869,7,or
3,5326,3852,3853,11,implied_by
3,5327,2484,2485,3,a
3,5328,2311,2312,6,xor
3,5329,163,164,13,implies
3,5330,5461,5462,9,not_xor
3,5331,5394,5395,10,not_b
3,5332,241,242,13,implies
3,5333,1739,1740,6,xor
3,5334,2805,2806,9,not_xor
3,5335,3241,3242,9,not_xor
3,5336,1767,1768,13,implies
3,5337,953,954,9,not_xor
3,5338,37,38,13,implies
3,5339,1804,1805,6,xor
3,5340,2768,2769,10,not_b
3,5341,3115,3116,7,or
3,5342,2334,2335,2,not_implies
3,5343,4425,4426,13,implies
3,5344,3399,3400,5,b
3,5345,5570,5571,12,not_a
3,5346,596,597,4,not_implied_by
3,5347,4438,4439,3,a
3,5348,4974,4975,6,xor
3,5349,5888,5889,9,not_xor
3,5350,1067,1068,13,implies
3,5351,2367,2368,6,xor
3,5352,5736,5737,3,a
3,5353,4751,4752,13,implies
3,5354,1375,1376,3,a
3,5355,5695,5696,10,not_b
3,5356,2949,2950,12,not_a
3,5357,5729,5730,13,implies
3,5358,1172,1173,6,xor
3,5359,1729,1730,2,not_implies
3,5360,5957,5958,8,not_or
3,5361,1261,1262,12,not_a
3,5362,416,417,3,a
3,5363,3019,3020,4,not_implied_by
3,5364,3255,3256,11,implied_by
3,5365,3108,3109,6,xor
3,5366,2788,2789,10,not_b
3,5367,1637,1638,2,not_implies
3,5368,4567,4568,12,not_a
3,5369,2664,2665,12,not_a
3,5370,3180,3181,5,b
3,5371,5477,5478,6,xor
3,5372,4079,4080,14,not_and
3,5373,4719,4720,1,and
3,5374,5495,5496,12,not_a
3,5375,3205,3206,5,b
3,5376,5962,5963,6,xor
3,5377,2420,2421,9,not_xor
3,5378,1401,1402,5,b
3,5379,4936,4937,9,not_xor
3,5380,5334,5335,3,a
3,5381,3721,3722,11,implied_by
3,5382,3711,3712,6,xor
3,5383,1498,1499,5,b
3,5384,5213,5214,7,or
3,5385,1218,1219,10,not_b
3,5386,4347,4348,12,not_a
3,5387,2270,2271,9,not_xor
3,5388,3141,3142,11,implied_by
3,5389,3793,3794,6,xor
3,5390,4198,4199,11,implied_by
3,5391,5244,5245,10,not_b
3,5392,1850,1851,11,implied_by
3,5393,5942,5943,5,b
3,5394,1781,1782,6,xor
3,5395,4408,4409,5,b
3,5396,5649,5650,12,not_a
3,5397,5454,5455,6,xor
3,5398,3153,3154,12,not_a
3,5399,5188,5189,9,not_xor
3,5400,4201,4202,1,and
3,5401,4945,4946,5,b
3,5402,4420,4421,14,not_and
3,5403,4468,4469,4,not_implied_by
3,5404,3441,3442,9,not_xor
3,5405,993,994,5,b
3,5406,3896,3897,5,b
3,5407,1460,1461,2,not_implies
3,5408,5404,5405,3,a
3,5409,3203,3204,10,not_b
3,5410,5786,5787,1,and
3,5411,2414,2415,9,not_xor
3,5412,4036,4037,14,not_and
3,5413,1477,1478,4,not_implied_by
3,5414,1975,1976,9,not_xor
3,5415,140,141,4,not_implied_by
3,5416,2578,2579,10,not_b
3,5417,308,309,13,implies
3,5418,552,553,6,xor
3,5419,1143,1144,9,not_xor
3,5420,3775,3776,4,not_implied_by
3,5421,2586,2587,10,not_b
3,5422,4960,4961,3,a
3,5423,881,882,14,not_and
3,5424,5824,5825,8,not_or
3,5425,4114,4115,9,not_xor
3,5426,32,33,2,not_implies
3,5427,198,199,5,b
3,5428,4618,4619,12,not_a
3,5429,3406,3407,4,not_implied_by
3,5430,1872,1873,12,not_a
3,5431,1270,1271,2,not_implies
3,5432,2576,2577,12,not_a
3,5433,3734,3735,10,not_b
3,5434,3982,3983,5,b
3,5435,1293,1294,8,not_or
3,5436,5605,5606,12,not_a
3,5437,2257,2258,10,not_b
3,5438,550,551,5,b
3,5439,3233,3234,3,a
3,5440,798,799,6,xor
3,5441,3303,3304,6,xor
3,5442,2131,2132,9,not_xor
3,5443,1604,1605,9,not_xor
3,5444,4872,4873,4,not_implied_by
3,5445,3882,3883,9,not_xor
3,5446,5148,5149,1,and
3,5447,4290,4291,8,not_or
3,5448,5190,5191,2,not_implies
3,5449,277,278,5,b
3,5450,1988,1989,11,implied_by
3,5451,4437,4438,3,a
3,5452,2954,2955,10,not_b
3,5453,2299,2300,5,b
3,5454,4323,4324,3,a
3,5455,2818,2819,10,not_b
3,5456,546,547,3,a
3,5457,5065,5066,11,implied_by
3,5458,2765,2766,9,not_xor
3,5459,2658,2659,9,not_xor
3,5460,5699,5700,5,b
3,5461,2947,2948,6,xor
3,5462,2447,2448,2,not_implies
3,5463,4367,4368,5,b
3,5464,1667,1668,6,xor
3,5465,2978,2979,3,a
3,5466,750,751,2,not_implies
3,5467,4889,4890,5,b
3,5468,4801,4802,9,not_xor
3,5469,4024,4025,3,a
3,5470,4935,4936,8,not_or
3,5471,1858,1859,10,not_b
3,5472,4427,4428,10,not_b
3,5473,3686,3687,10,not_b
3,5474,4848,4849,10,not_b
3,5475,5357,5358,4,not_implied_by
3,5476,3300,3301,5,b
3,5477,1252,1253,5,b
3,5478,2868,2869,2,not_implies
3,5479,875,876,11,implied_by
3,5480,303,304,11,implied_by
3,5481,4207,4208,5,b
3,5482,260,261,3,a
3,5483,3211,3212,5,b
3,5484,4654,4655,6,xor
3,5485,894,895,10,not_b
3,5486,3838,3839,3,a
3,5487,2407,2408,1,and
3,5488,2402,2403,4,not_implied_by
3,5489,937,938,14,not_and
3,5490,2529,2530,9,not_xor
3,5491,3423,3424,10,not_b
3,5492,3393,3394,7,or
3,5493,1834,1835,6,xor
3,5494,4784,4785,9,not_xor
3,5495,215,216,10,not_b
3,5496,658,659,13,implies
3,5497,1609,1610,1,and
3,5498,5648,5649,9,not_xor
3,5499,5292,5293,6,xor
3,5500,5948,5949,6,xor
3,5501,1761,1762,6,xor
3,5502,808,809,10,not_b
3,5503,5059,5060,5,b
3,5504,5639,5640,6,xor
3,5505,4976,4977,7,or
3,5506,5060,5061,6,xor
3,5507,1350,1351,8,not_or
3,5508,5321,5322,1,and
3,5509,185,186,4,not_implied_by
3,5510,4924,4925,5,b
3,5511,4837,4838,11,implied_by
3,5512,3074,3075,9,not_xor
3,5513,4528,4529,10,not_b
3,5514,3575,3576,5,b
3,5515,271,272,10,not_b
3,5516,2728,2729,10,not_b
3,5517,4452,4453,10,not_b
3,5518,960,961,12,not_a
3,5519,1923,1924,12,not_a
3,5520,2860,2861,8,not_or
3,5521,3331,3332,8,not_or
3,5522,3591,3592,12,not_a
3,5523,2375,2376,9,not_xor
3,5524,4863,4864,12,not_a
3,5525,888,889,1,and
3,5526,199,200,10,not_b
3,5527,3588,3589,5,b
3,5528,2282,2283,10,not_b
3,5529,411,412,10,not_b
3,5530,702,703,9,not_xor
3,5531,533,534,10,not_b
3,5532,4727,4728,6,xor
3,5533,5,6,1,and
3,5534,2878,2879,2,not_implies
3,5535,2236,2237,11,implied_by
3,5536,5169,5170,1,and
3,5537,3866,3867,6,xor
3,5538,1210,1211,10,not_b
3,5539,528,529,10,not_b
3,5540,1215,1216,12,not_a
3,5541,3114,3115,9,not_xor
3,5542,2966,2967,1,and
3,5543,1017,1018,3,a
3,5544,4877,4878,3,a
3,5545,1396,1397,6,xor
3,5546,4065,4066,10,not_b
3,5547,1440,1441,6,xor
3,5548,862,863,5,b
3,5549,5929,5930,11,implied_by
3,5550,1342,1343,6,xor
3,5551,149,150,10,not_b
3,5552,4186,4187,6,xor
3,5553,5301,5302,3,a
3,5554,4547,4548,1,and
3,5555,5285,5286,4,not_implied_by
3,5556,384,385,6,xor
3,5557,5711,5712,14,not_and
3,5558,4154,4155,13,implies
3,5559,2686,2687,2,not_implies
3,5560,2936,2937,12,not_a
3,5561,2841,2842,10,not_b
3,5562,4235,4236,8,not_or
3,5563,1841,1842,3,a
3,5564,822,823,3,a
3,5565,1621,1622,10,not_b
3,5566,3481,3482,6,xor
3,5567,1931,1932,6,xor
3,5568,4423,4424,6,xor
3,5569,4679,4680,13,implies
3,5570,379,380,12,not_a
3,5571,694,695,8,not_or
3,5572,3270,3271,3,a
3,5573,1133,1134,6,xor
3,5574,5705,5706,9,not_xor
3,5575,1784,1785,10,not_b
3,5576,5391,5392,6,xor
3,5577,2461,2462,8,not_or
3,5578,1919,1920,10,not_b
3,5579,2429,2430,6,xor
3,5580,5690,5691,9,not_xor
3,5581,936,937,6,xor
3,5582,4921,4922,5,b
3,5583,4097,4098,12,not_a
3,5584,2616,2617,12,not_a
3,5585,4644,4645,5,b
3,5586,5474,5475,10,not_b
3,5587,3654,3655,6,xor
3,5588,2774,2775,7,or
3,5589,5022,5023,12,not_a
3,5590,686,687,13,implies
3,5591,5349,5350,8,not_or
3,5592,5074,5075,13,implies
3,5593,680,681,8,not_or
3,5594,4275,4276,2,not_implies
3,5595,5323,5324,6,xor
3,5596,3636,3637,10,not_b
3,5597,1117,1118,3,a
3,5598,5424,5425,10,not_b
3,5599,3059,3060,9,not_xor
3,5600,5668,5669,8,not_or
3,5601,1831,1832,12,not_a
3,5602,2528,2529,10,not_b
3,5603,531,532,8,not_or
3,5604,2542,2543,3,a
3,5605,1959,1960,9,not_xor
3,5606,2417,2418,1,and
3,5607,1057,1058,12,not_a
3,5608,5041,5042,9,not_xor
3,5609,1898,1899,3,a
3,5610,4919,4920,6,xor
3,5611,4939,4940,2,not_implies
3,5612,2859,2860,8,not_or
3,5613,3173,3174,9,not_xor
3,5614,778,779,3,a
3,5615,5374,5375,5,b
3,5616,2982,2983,12,not_a
3,5617,3064,3065,5,b
3,5618,4351,4352,13,implies
3,5619,5191,5192,10,not_b
3,5620,2338,2339,9,not_xor
3,5621,1178,1179,9,not_xor
3,5622,1647,1648,8,not_or
3,5623,5886,5887,3,a
3,5624,4225,4226,6,xor
3,5625,2857,2858,10,not_b
3,5626,4237,4238,5,b
3,5627,429,430,11,implied_by
3,5628,2471,2472,5,b
3,5629,3309,3310,6,xor
3,5630,4551,4552,6,xor
3,5631,5863,5864,8,not_or
3,5632,1715,1716,6,xor
3,5633,4610,4611,2,not_implies
3,5634,3960,3961,7,or
3,5635,4743,4744,3,a
3,5636,849,850,2,not_implies
3,5637,5864,5865,1,and
3,5638,2584,2585,12,not_a
3,5639,2335,2336,9,not_xor
3,5640,4082,4083,14,not_and
3,5641,5749,5750,2,not_implies
3,5642,2787,2788,8,not_or
3,5643,1012,1013,5,b
3,5644,4636,4637,2,not_implies
3,5645,1987,1988,9,not_xor
3,5646,2583,2584,8,not_or
3,5647,1556,1557,9,not_xor
3,5648,3343,3344,6,xor
3,5649,769,770,6,xor
3,5650,1707,1708,10,not_b
3,5651,3963,3964,5,b
3,5652,719,720,12,not_a
3,5653,5590,5591,10,not_b
3,5654,2061,2062,6,xor
3,5655,3630,3631,5,b
3,5656,4899,4900,8,not_or
3,5657,4853,4854,3,a
3,5658,4439,4440,3,a
3,5659,4480,4481,6,xor
3,5660,3224,3225,4,not_implied_by
3,5661,2476,2477,2,not_implies
3,5662,2803,2804,12,not_a
3,5663,1354,1355,13,implies
3,5664,5493,5494,8,not_or
3,5665,5444,5445,7,or
3,5666,2186,2187,9,not_xor
3,5667,413,414,3,a
3,5668,4769,4770,10,not_b
3,5669,4273,4274,8,not_or
3,5670,5409,5410,3,a
3,5671,645,646,12,not_a
3,5672,2760,2761,6,xor
3,5673,5834,5835,6,xor
3,5674,5756,5757,13,implies
3,5675,2580,2581,12,not_a
3,5676,681,682,5,b
3,5677,2415,2416,10,not_b
3,5678,2526,2527,8,not_or
3,5679,2668,2669,12,not_a
3,5680,5039,5040,5,b
3,5681,4013,4014,10,not_b
3,5682,5542,5543,4,not_implied_by
3,5683,4506,4507,5,b
3,5684,1141,1142,10,not_b
3,5685,3986,3987,6,xor
3,5686,5500,5501,2,not_implies
3,5687,737,738,6,xor
3,5688,1796,1797,1,and
3,5689,187,188,2,not_implies
3,5690,5467,5468,5,b
3,5691,5356,5357,2,not_implies
3,5692,4459,4460,10,not_b
3,5693,1410,1411,12,not_a
3,5694,2426,2427,6,xor
3,5695,3648,3649,3,a
3,5696,5156,5157,6,xor
3,5697,1930,1931,11,implied_by
3,5698,3939,3940,9,not_xor
3,5699,4625,4626,9,not_xor
3,5700,5652,5653,8,not_or
3,5701,5529,5530,2,not_implies
3,5702,3315,3316,4,not_implied_by
3,5703,4966,4967,9,not_xor
3,5704,3082,3083,10,not_b
3,5705,4169,4170,2,not_implies
3,5706,63,64,9,not_xor
3,5707,213,214,8,not_or
3,5708,5775,5776,12,not_a
3,5709,5077,5078,6,xor
3,5710,1902,1903,12,not_a
3,5711,4361,4362,9,not_xor
3,5712,2613,2614,5,b
3,5713,3756,3757,2,not_implies
3,5714,4457,4458,11,implied_by
3,5715,1382,1383,5,b
3,5716,687,688,8,not_or
3,5717,5565,5566,10,not_b
3,5718,19,20,1,and
3,5719,5907,5908,2,not_implies
3,5720,2347,2348,10,not_b
3,5721,5462,5463,12,not_a
3,5722,172,173,2,not_implies
3,5723,497,498,9,not_xor
3,5724,4214,4215,6,xor
3,5725,4527,4528,10,not_b
3,5726,2955,2956,6,xor
3,5727,2432,2433,3,a
3,5728,3757,3758,12,not_a
3,5729,3620,3621,3,a
3,5730,3332,3333,9,not_xor
3,5731,5036,5037,1,and
3,5732,3717,3718,10,not_b
3,5733,2525,2526,3,a
3,5734,4009,4010,10,not_b
3,5735,1914,1915,10,not_b
3,5736,3918,3919,10,not_b
3,5737,5595,5596,14,not_and
3,5738,5094,5095,5,b
3,5739,1595,1596,4,not_implied_by
3,5740,5420,5421,6,xor
3,5741,1373,1374,12,not_a
3,5742,4565,4566,6,xor
3,5743,1734,1735,3,a
3,5744,1658,1659,10,not_b
3,5745,1423,1424,12,not_a
3,5746,2743,2744,3,a
3,5747,5631,5632,1,and
3,5748,2228,2229,12,not_a
3,5749,1450,1451,1,and
3,5750,1524,1525,12,not_a
3,5751,3068,3069,7,or
3,5752,2044,2045,6,xor
3,5753,4244,4245,9,not_xor
3,5754,3188,3189,14,not_and
3,5755,2085,2086,14,not_and
3,5756,3091,3092,3,a
3,5757,3349,3350,12,not_a
3,5758,883,884,3,a
3,5759,189,190,10,not_b
3,5760,20,21,5,b
3,5761,2178,2179,6,xor
3,5762,4865,4866,9,not_xor
3,5763,2372,2373,3,a
3,5764,2961,2962,9,not_xor
3,5765,5713,5714,7,or
3,5766,2287,2288,3,a
3,5767,1434,1435,12,not_a
3,5768,4313,4314,1,and
3,5769,2384,2385,13,implies
3,5770,1672,1673,10,not_b
3,5771,4026,4027,12,not_a
3,5772,1110,1111,5,b
3,5773,4765,4766,5,b
3,5774,1708,1709,12,not_a
3,5775,5004,5005,3,a
3,5776,4702,4703,9,not_xor
3,5777,856,857,4,not_implied_by
3,5778,5769,5770,9,not_xor
3,5779,2920,2921,7,or
3,5780,4172,4173,1,and
3,5781,1191,1192,6,xor
3,5782,5914,5915,4,not_implied_by
3,5783,564,565,6,xor
3,5784,2046,2047,2,not_implies
3,5785,5104,5105,10,not_b
3,5786,600,601,0,zero
3,5787,903,904,4,not_implied_by
3,5788,2644,2645,6,xor
3,5789,5341,5342,6,xor
3,5790,1236,1237,14,not_and
3,5791,4671,4672,3,a
3,5792,2200,2201,9,not_xor
3,5793,181,182,12,not_a
3,5794,1888,1889,14,not_and
3,5795,138,139,10,not_b
3,5796,4144,4145,1,and
3,5797,2428,2429,6,xor
3,5798,1720,1721,1,and
3,5799,4507,4508,12,not_a
3,5800,1882,1883,3,a
3,5801,4168,4169,6,xor
3,5802,5352,5353,4,not_implied_by
3,5803,5830,5831,14,not_and
3,5804,5354,5355,9,not_xor
3,5805,2759,2760,3,a
3,5806,4846,4847,9,not_xor
3,5807,4224,4225,14,not_and
3,5808,3627,3628,8,not_or
3,5809,1989,1990,14,not_and
3,5810,991,992,13,implies
3,5811,1357,1358,6,xor
3,5812,5831,5832,14,not_and
3,5813,5980,5981,8,not_or
3,5814,2620,2621,12,not_a
3,5815,625,626,12,not_a
3,5816,3227,3228,4,not_implied_by
3,5817,5552,5553,12,not_a
3,5818,2906,2907,3,a
3,5819,5437,5438,2,not_implies
3,5820,5997,5998,9,not_xor
3,5821,676,677,6,xor
3,5822,2588,2589,3,a
3,5823,5066,5067,14,not_and
3,5824,5100,5101,9,not_xor
3,5825,838,839,4,not_implied_by
3,5826,1037,1038,12,not_a
3,5827,4734,4735,7,or
3,5828,967,968,8,not_or
3,5829,4374,4375,12,not_a
3,5830,3491,3492,9,not_xor
3,5831,337,338,5,b
3,5832,3735,3736,3,a
3,5833,633,634,4,not_implied_by
3,5834,4923,4924,10,not_b
3,5835,2391,2392,8,not_or
3,5836,3395,3396,5,b
3,5837,5486,5487,3,a
3,5838,4855,4856,12,not_a
3,5839,3052,3053,5,b
3,5840,2745,2746,14,not_and
3,5841,4591,4592,12,not_a
3,5842,4860,4861,9,not_xor
3,5843,1116,1117,4,not_implied_by
3,5844,5558,5559,11,implied_by
3,5845,2661,2662,14,not_and
3,5846,93,94,10,not_b
3,5847,2298,2299,7,or
3,5848,4963,4964,9,not_xor
3,5849,4288,4289,12,not_a
3,5850,3261,3262,2,not_implies
3,5851,3447,3448,4,not_implied_by
3,5852,3858,3859,3,a
3,5853,582,583,1,and
3,5854,5556,5557,3,a
3,5855,2319,2320,10,not_b
3,5856,3680,3681,2,not_implies
3,5857,296,297,10,not_b
3,5858,3287,3288,10,not_b
3,5859,1821,1822,9,not_xor
3,5860,2842,2843,12,not_a
3,5861,4369,4370,10,not_b
3,5862,338,339,3,a
3,5863,5214,5215,3,a
3,5864,5759,5760,12,not_a
3,5865,2275,2276,9,not_xor
3,5866,2190,2191,14,not_and
3,5867,1426,1427,10,not_b
3,5868,2197,2198,2,not_implies
3,5869,4462,4463,3,a
3,5870,1394,1395,8,not_or
3,5871,2656,2657,6,xor
3,5872,2884,2885,2,not_implies
3,5873,3646,3647,10,not_b
3,5874,5540,5541,14,not_and
3,5875,5781,5782,8,not_or
3,5876,4852,4853,1,and
3,5877,946,947,5,b
3,5878,1188,1189,9,not_xor
3,5879,121,122,10,not_b
3,5880,1090,1091,5,b
3,5881,5009,5010,6,xor
3,5882,4312,4313,3,a
3,5883,3072,3073,9,not_xor
3,5884,1787,1788,6,xor
3,5885,5973,5974,12,not_a
3,5886,208,209,3,a
3,5887,170,171,10,not_b
3,5888,489,490,6,xor
3,5889,2205,2206,10,not_b
3,5890,1983,1984,10,not_b
3,5891,1412,1413,7,or
3,5892,4649,4650,9,not_xor
3,5893,4829,4830,2,not_implies
3,5894,782,783,9,not_xor
3,5895,207,208,5,b
3,5896,3372,3373,6,xor
3,5897,4376,4377,3,a
3,5898,5982,5983,4,not_implied_by
3,5899,1636,1637,6,xor
3,5900,585,586,5,b
3,5901,78,79,9,not_xor
3,5902,2779,2780,6,xor
3,5903,3683,3684,2,not_implies
3,5904,2941,2942,3,a
3,5905,4538,4539,12,not_a
3,5906,316,317,9,not_xor
3,5907,2340,2341,10,not_b
3,5908,4029,4030,12,not_a
3,5909,4016,4017,13,implies
3,5910,4706,4707,5,b
3,5911,5275,5276,10,not_b
3,5912,1971,1972,11,implied_by
3,5913,4034,4035,1,and
3,5914,714,715,12,not_a
3,5915,445,446,5,b
3,5916,1035,1036,9,not_xor
3,5917,1201,1202,3,a
3,5918,4562,4563,12,not_a
3,5919,90,91,6,xor
3,5920,5700,5701,2,not_implies
3,5921,5532,5533,2,not_implies
3,5922,3230,3231,5,b
3,5923,5766,5767,11,implied_by
3,5924,3306,3307,5,b
3,5925,4695,4696,4,not_implied_by
3,5926,3132,3133,5,b
3,5927,39,40,12,not_a
3,5928,325,326,10,not_b
3,5929,5329,5330,12,not_a
3,5930,4631,4632,5,b
3,5931,915,916,9,not_xor
3,5932,3290,3291,9,not_xor
3,5933,2245,2246,14,not_and
3,5934,4555,4556,9,not_xor
3,5935,3903,3904,3,a
3,5936,2571,2572,5,b
3,5937,1572,1573,5,b
3,5938,2221,2222,10,not_b
3,5939,2905,2906,1,and
3,5940,2234,2235,9,not_xor
3,5941,117,118,1,and
3,5942,4436,4437,9,not_xor
3,5943,4613,4614,9,not_xor
3,5944,425,426,6,xor
3,5945,5703,5704,3,a
3,5946,422,423,10,not_b
3,5947,1377,1378,5,b
3,5948,5665,5666,6,xor
3,5949,535,536,9,not_xor
3,5950,177,178,5,b
3,5951,147,148,9,not_xor
3,5952,5671,5672,10,not_b
3,5953,3421,3422,12,not_a
3,5954,3716,3717,5,b
3,5955,4429,4430,12,not_a
3,5956,5663,5664,2,not_implies
3,5957,1968,1969,8,not_or
3,5958,4012,4013,2,not_implies
3,5959,3931,3932,9,not_xor
3,5960,4922,4923,6,xor
3,5961,2856,2857,6,xor
3,5962,3771,3772,6,xor
3,5963,2600,2601,12,not_a
3,5964,450,451,9,not_xor
3,5965,2237,2238,6,xor
3,5966,487,488,12,not_a
3,5967,761,762,11,implied_by
3,5968,1918,1919,12,not_a
3,5969,4929,4930,5,b
3,5970,188,189,6,xor
3,5971,1334,1335,6,xor
3,5972,5750,5751,12,not_a
3,5973,3286,3287,9,not_xor
3,5974,1238,1239,12,not_a
3,5975,5550,5551,12,not_a
3,5976,2610,2611,9,not_xor
3,5977,5230,5231,5,b
3,5978,3093,3094,3,a
3,5979,2899,2900,9,not_xor
3,5980,105,106,6,xor
3,5981,2769,2770,5,b
3,5982,3572,3573,6,xor
3,5983,2795,2796,9,not_xor
3,5984,1045,1046,13,implies
3,5985,5202,5203,9,not_xor
3,5986,1593,1594,8,not_or
3,5987,1449,1450,6,xor
3,5988,2377,2378,3,a
3,5989,243,244,3,a
3,5990,3684,3685,4,not_implied_by
3,5991,1944,1945,6,xor
3,5992,5544,5545,12,not_a
3,5993,2268,2269,5,b
3,5994,5476,5477,5,b
3,5995,1304,1305,5,b
3,5996,959,960,14,not_and
3,5997,777,778,3,a
3,5998,1627,1628,3,a
3,5999,567,568,2,not_implies
