layer,neuron,input_a,input_b,gate_id,gate_name
1,0,651,653,14,not_and
1,1,108,115,7,or
1,2,470,472,5,b
1,3,366,374,10,not_b
1,4,556,558,8,not_or
1,5,326,334,14,not_and
1,6,472,479,9,not_xor
1,7,51,58,6,xor
1,8,193,197,1,and
1,9,430,436,10,not_b
1,10,78,86,12,not_a
1,11,103,110,6,xor
1,12,581,588,13,implies
1,13,546,549,13,implies
1,14,366,371,5,b
1,15,14,19,10,not_b
1,16,715,717,5,b
1,17,45,49,6,xor
1,18,349,353,9,not_xor
1,19,662,665,11,implied_by
1,20,232,236,8,not_or
1,21,457,463,13,implies
1,22,90,93,7,or
1,23,462,468,4,not_implied_by
1,24,186,191,14,not_and
1,25,420,422,5,b
1,26,638,640,3,a
1,27,701,705,10,not_b
1,28,366,370,7,or
1,29,258,260,9,not_xor
1,30,53,60,11,implied_by
1,31,241,246,14,not_and
1,32,555,559,7,or
1,33,344,351,11,implied_by
1,34,16,24,1,and
1,35,210,215,4,not_implied_by
1,36,464,466,11,implied_by
1,37,572,577,9,not_xor
1,38,551,556,8,not_or
1,39,87,91,8,not_or
1,40,604,607,4,not_implied_by
1,41,419,422,5,b
1,42,340,342,6,xor
1,43,408,413,1,and
1,44,416,422,6,xor
1,45,101,104,2,not_implies
1,46,556,563,11,implied_by
1,47,738,745,7,or
1,48,94,95,8,not_or
1,49,98,103,8,not_or
1,50,400,402,14,not_and
1,51,367,375,8,not_or
1,52,196,200,11,implied_by
1,53,678,679,7,or
1,54,193,200,8,not_or
1,55,234,237,6,xor
1,56,364,372,4,not_implied_by
1,57,80,82,9,not_xor
1,58,78,82,6,xor
1,59,163,170,7,or
1,60,605,609,5,b
1,61,1,7,12,not_a
1,62,131,136,2,not_implies
1,63,304,308,7,or
1,64,648,650,7,or
1,65,673,674,8,not_or
1,66,212,216,8,not_or
1,67,143,148,6,xor
1,68,690,694,12,not_a
1,69,421,424,7,or
1,70,632,635,12,not_a
1,71,533,537,10,not_b
1,72,178,184,12,not_a
1,73,344,349,1,and
1,74,545,548,9,not_xor
1,75,118,120,9,not_xor
1,76,340,341,6,xor
1,77,374,378,11,implied_by
1,78,94,101,7,or
1,79,359,362,8,not_or
1,80,362,364,10,not_b
1,81,214,217,8,not_or
1,82,220,224,3,a
1,83,523,527,1,and
1,84,397,405,14,not_and
1,85,147,153,0,zero
1,86,352,355,14,not_and
1,87,154,162,8,not_or
1,88,496,504,7,or
1,89,732,735,10,not_b
1,90,165,172,6,xor
1,91,723,727,2,not_implies
1,92,654,656,6,xor
1,93,194,198,3,a
1,94,34,38,8,not_or
1,95,57,61,4,not_implied_by
1,96,180,188,2,not_implies
1,97,715,720,10,not_b
1,98,768,769,7,or
1,99,477,481,1,and
1,100,355,362,14,not_and
1,101,190,193,13,implies
1,102,353,356,9,not_xor
1,103,582,584,9,not_xor
1,104,649,655,1,and
1,105,476,479,14,not_and
1,106,272,280,8,not_or
1,107,289,295,4,not_implied_by
1,108,411,416,1,and
1,109,644,646,7,or
1,110,439,443,7,or
1,111,371,376,5,b
1,112,723,728,3,a
1,113,424,431,11,implied_by
1,114,56,59,14,not_and
1,115,537,544,15,one
1,116,277,283,11,implied_by
1,117,7,11,7,or
1,118,750,756,6,xor
1,119,673,679,7,or
1,120,1,9,7,or
1,121,130,138,8,not_or
1,122,645,646,12,not_a
1,123,339,344,3,a
1,124,196,197,6,xor
1,125,193,201,8,not_or
1,126,477,479,9,not_xor
1,127,695,701,3,a
1,128,306,313,8,not_or
1,129,484,487,3,a
1,130,629,630,9,not_xor
1,131,646,649,7,or
1,132,77,78,10,not_b
1,133,246,249,5,b
1,134,309,310,7,or
1,135,380,382,10,not_b
1,136,388,396,8,not_or
1,137,755,757,13,implies
1,138,47,52,15,one
1,139,294,300,2,not_implies
1,140,501,505,12,not_a
1,141,55,62,10,not_b
1,142,602,609,12,not_a
1,143,222,230,8,not_or
1,144,686,693,9,not_xor
1,145,308,311,4,not_implied_by
1,146,291,292,12,not_a
1,147,731,737,4,not_implied_by
1,148,693,698,4,not_implied_by
1,149,207,214,3,a
1,150,589,593,8,not_or
1,151,652,656,6,xor
1,152,408,412,9,not_xor
1,153,460,466,6,xor
1,154,397,400,8,not_or
1,155,28,35,2,not_implies
1,156,347,348,5,b
1,157,699,704,6,xor
1,158,37,44,11,implied_by
1,159,333,339,13,implies
1,160,183,188,12,not_a
1,161,248,250,6,xor
1,162,163,168,9,not_xor
1,163,267,271,13,implies
1,164,404,411,8,not_or
1,165,341,344,2,not_implies
1,166,17,22,9,not_xor
1,167,774,781,0,zero
1,168,637,639,6,xor
1,169,687,694,4,not_implied_by
1,170,677,679,8,not_or
1,171,0,7,13,implies
1,172,44,45,3,a
1,173,461,466,3,a
1,174,398,406,11,implied_by
1,175,477,478,9,not_xor
1,176,623,629,12,not_a
1,177,324,331,14,not_and
1,178,738,744,10,not_b
1,179,588,591,9,not_xor
1,180,156,158,14,not_and
1,181,654,658,4,not_implied_by
1,182,339,346,9,not_xor
1,183,401,407,11,implied_by
1,184,0,2,12,not_a
1,185,235,242,6,xor
1,186,14,15,8,not_or
1,187,771,775,13,implies
1,188,572,574,4,not_implied_by
1,189,326,333,13,implies
1,190,742,744,7,or
1,191,141,142,5,b
1,192,252,260,3,a
1,193,542,544,6,xor
1,194,474,477,2,not_implies
1,195,551,555,5,b
1,196,95,96,14,not_and
1,197,453,458,2,not_implies
1,198,536,539,6,xor
1,199,283,291,4,not_implied_by
1,200,64,65,3,a
1,201,276,280,13,implies
1,202,482,486,7,or
1,203,9,10,6,xor
1,204,602,605,8,not_or
1,205,679,681,10,not_b
1,206,752,757,7,or
1,207,441,449,6,xor
1,208,403,411,9,not_xor
1,209,365,371,7,or
1,210,114,115,7,or
1,211,759,760,5,b
1,212,734,739,6,xor
1,213,412,420,0,zero
1,214,525,533,8,not_or
1,215,314,318,8,not_or
1,216,48,55,8,not_or
1,217,294,297,3,a
1,218,369,377,3,a
1,219,407,412,14,not_and
1,220,628,632,3,a
1,221,658,662,12,not_a
1,222,771,772,7,or
1,223,350,356,12,not_a
1,224,128,135,13,implies
1,225,86,88,12,not_a
1,226,159,165,2,not_implies
1,227,680,681,3,a
1,228,508,511,9,not_xor
1,229,267,273,7,or
1,230,561,566,8,not_or
1,231,69,70,7,or
1,232,722,725,1,and
1,233,634,640,15,one
1,234,637,643,12,not_a
1,235,763,764,5,b
1,236,401,405,15,one
1,237,574,580,5,b
1,238,102,103,14,not_and
1,239,770,776,5,b
1,240,331,332,12,not_a
1,241,27,28,15,one
1,242,764,769,11,implied_by
1,243,395,401,5,b
1,244,371,374,12,not_a
1,245,457,458,2,not_implies
1,246,387,390,12,not_a
1,247,451,454,6,xor
1,248,462,466,10,not_b
1,249,761,764,9,not_xor
1,250,618,625,7,or
1,251,471,479,1,and
1,252,256,262,8,not_or
1,253,633,635,8,not_or
1,254,742,748,3,a
1,255,715,716,6,xor
1,256,491,498,0,zero
1,257,111,117,10,not_b
1,258,606,608,6,xor
1,259,344,346,3,a
1,260,506,514,8,not_or
1,261,646,647,3,a
1,262,99,107,9,not_xor
1,263,527,528,3,a
1,264,197,199,8,not_or
1,265,382,387,7,or
1,266,767,772,10,not_b
1,267,173,181,5,b
1,268,732,738,4,not_implied_by
1,269,14,18,4,not_implied_by
1,270,627,629,9,not_xor
1,271,207,212,5,b
1,272,402,403,5,b
1,273,717,722,1,and
1,274,3,7,6,xor
1,275,653,656,12,not_a
1,276,132,134,10,not_b
1,277,603,610,1,and
1,278,698,700,9,not_xor
1,279,363,367,11,implied_by
1,280,514,516,7,or
1,281,655,656,13,implies
1,282,113,117,8,not_or
1,283,587,592,11,implied_by
1,284,350,352,14,not_and
1,285,158,164,8,not_or
1,286,294,298,3,a
1,287,152,155,1,and
1,288,612,619,3,a
1,289,582,586,1,and
1,290,394,400,15,one
1,291,278,283,8,not_or
1,292,712,717,14,not_and
1,293,406,411,2,not_implies
1,294,408,409,8,not_or
1,295,414,421,5,b
1,296,606,607,6,xor
1,297,494,501,10,not_b
1,298,215,221,2,not_implies
1,299,64,69,3,a
1,300,1,4,12,not_a
1,301,303,306,2,not_implies
1,302,222,224,11,implied_by
1,303,583,590,4,not_implied_by
1,304,743,746,9,not_xor
1,305,653,660,11,implied_by
1,306,743,748,15,one
1,307,94,102,1,and
1,308,438,444,11,implied_by
1,309,319,320,9,not_xor
1,310,173,179,6,xor
1,311,472,475,12,not_a
1,312,467,471,9,not_xor
1,313,455,458,13,implies
1,314,329,333,9,not_xor
1,315,622,624,13,implies
1,316,191,196,12,not_a
1,317,752,758,7,or
1,318,484,489,10,not_b
1,319,164,170,14,not_and
1,320,520,526,3,a
1,321,462,469,13,implies
1,322,708,709,14,not_and
1,323,706,712,9,not_xor
1,324,782,783,9,not_xor
1,325,559,562,7,or
1,326,434,442,10,not_b
1,327,372,379,4,not_implied_by
1,328,1,3,6,xor
1,329,122,128,11,implied_by
1,330,374,379,9,not_xor
1,331,685,686,9,not_xor
1,332,139,140,6,xor
1,333,646,650,10,not_b
1,334,284,291,7,or
1,335,730,735,4,not_implied_by
1,336,140,145,9,not_xor
1,337,563,565,10,not_b
1,338,390,395,4,not_implied_by
1,339,192,194,7,or
1,340,629,631,14,not_and
1,341,387,395,6,xor
1,342,373,374,5,b
1,343,394,397,12,not_a
1,344,2,6,7,or
1,345,94,96,7,or
1,346,599,602,9,not_xor
1,347,611,615,9,not_xor
1,348,68,72,7,or
1,349,71,74,6,xor
1,350,518,524,5,b
1,351,399,400,7,or
1,352,90,92,9,not_xor
1,353,716,720,8,not_or
1,354,662,669,10,not_b
1,355,618,619,8,not_or
1,356,714,720,7,or
1,357,459,460,3,a
1,358,214,222,2,not_implies
1,359,519,527,8,not_or
1,360,17,24,3,a
1,361,31,37,9,not_xor
1,362,661,668,5,b
1,363,344,347,6,xor
1,364,505,508,2,not_implies
1,365,333,336,2,not_implies
1,366,118,121,9,not_xor
1,367,477,482,8,not_or
1,368,306,312,12,not_a
1,369,175,183,4,not_implied_by
1,370,321,328,6,xor
1,371,546,550,3,a
1,372,745,749,11,implied_by
1,373,193,195,2,not_implies
1,374,16,20,5,b
1,375,308,312,4,not_implied_by
1,376,114,116,5,b
1,377,301,309,9,not_xor
1,378,627,631,10,not_b
1,379,210,217,12,not_a
1,380,368,376,9,not_xor
1,381,375,378,7,or
1,382,90,97,3,a
1,383,298,306,10,not_b
1,384,109,117,5,b
1,385,566,571,15,one
1,386,177,185,1,and
1,387,325,327,7,or
1,388,358,365,2,not_implies
1,389,603,604,3,a
1,390,577,583,14,not_and
1,391,347,352,14,not_and
1,392,374,382,3,a
1,393,678,683,7,or
1,394,605,612,3,a
1,395,138,139,3,a
1,396,705,708,4,not_implied_by
1,397,314,315,7,or
1,398,667,672,5,b
1,399,96,98,8,not_or
1,400,494,498,3,a
1,401,758,762,4,not_implied_by
1,402,629,635,2,not_implies
1,403,54,56,11,implied_by
1,404,667,674,8,not_or
1,405,609,612,6,xor
1,406,475,476,13,implies
1,407,525,528,9,not_xor
1,408,67,68,8,not_or
1,409,373,379,11,implied_by
1,410,718,719,9,not_xor
1,411,374,375,14,not_and
1,412,656,660,9,not_xor
1,413,55,57,9,not_xor
1,414,775,782,7,or
1,415,621,623,2,not_implies
1,416,124,126,9,not_xor
1,417,560,565,8,not_or
1,418,516,523,4,not_implied_by
1,419,322,325,4,not_implied_by
1,420,95,103,3,a
1,421,283,286,8,not_or
1,422,465,472,10,not_b
1,423,700,706,10,not_b
1,424,213,219,8,not_or
1,425,281,287,5,b
1,426,576,577,15,one
1,427,720,724,9,not_xor
1,428,180,182,10,not_b
1,429,463,471,9,not_xor
1,430,218,222,5,b
1,431,656,663,10,not_b
1,432,226,230,8,not_or
1,433,192,198,9,not_xor
1,434,529,534,5,b
1,435,327,335,4,not_implied_by
1,436,71,73,14,not_and
1,437,322,329,9,not_xor
1,438,36,42,7,or
1,439,549,551,3,a
1,440,31,38,6,xor
1,441,231,233,11,implied_by
1,442,94,100,12,not_a
1,443,506,513,10,not_b
1,444,257,261,7,or
1,445,24,29,4,not_implied_by
1,446,357,361,5,b
1,447,46,54,8,not_or
1,448,686,690,12,not_a
1,449,653,659,9,not_xor
1,450,217,225,2,not_implies
1,451,15,18,11,implied_by
1,452,72,76,2,not_implies
1,453,558,560,14,not_and
1,454,152,158,8,not_or
1,455,294,302,6,xor
1,456,43,45,7,or
1,457,378,384,10,not_b
1,458,269,270,6,xor
1,459,95,98,8,not_or
1,460,141,147,9,not_xor
1,461,362,370,2,not_implies
1,462,206,209,14,not_and
1,463,230,232,12,not_a
1,464,639,645,6,xor
1,465,105,107,5,b
1,466,333,340,10,not_b
1,467,87,90,9,not_xor
1,468,578,584,12,not_a
1,469,532,538,4,not_implied_by
1,470,569,570,12,not_a
1,471,626,633,5,b
1,472,190,198,6,xor
1,473,224,230,7,or
1,474,389,391,3,a
1,475,2,5,10,not_b
1,476,681,684,9,not_xor
1,477,76,78,9,not_xor
1,478,170,177,8,not_or
1,479,430,435,8,not_or
1,480,583,588,3,a
1,481,114,118,9,not_xor
1,482,223,228,5,b
1,483,522,523,10,not_b
1,484,698,699,7,or
1,485,641,644,3,a
1,486,488,496,9,not_xor
1,487,516,522,8,not_or
1,488,452,454,6,xor
1,489,284,285,8,not_or
1,490,740,742,5,b
1,491,303,307,5,b
1,492,663,667,3,a
1,493,228,232,5,b
1,494,117,123,11,implied_by
1,495,98,100,6,xor
1,496,90,96,14,not_and
1,497,161,168,3,a
1,498,550,556,4,not_implied_by
1,499,599,603,6,xor
1,500,552,555,11,implied_by
1,501,432,434,1,and
1,502,598,600,1,and
1,503,372,373,8,not_or
1,504,255,262,5,b
1,505,356,360,11,implied_by
1,506,727,728,12,not_a
1,507,748,752,6,xor
1,508,194,201,11,implied_by
1,509,234,235,0,zero
1,510,701,702,7,or
1,511,168,171,4,not_implied_by
1,512,729,730,3,a
1,513,295,302,6,xor
1,514,675,681,14,not_and
1,515,35,37,7,or
1,516,581,584,6,xor
1,517,356,362,13,implies
1,518,323,328,2,not_implies
1,519,561,565,9,not_xor
1,520,23,27,2,not_implies
1,521,104,108,7,or
1,522,359,365,9,not_xor
1,523,584,590,3,a
1,524,600,602,1,and
1,525,250,258,6,xor
1,526,358,360,7,or
1,527,82,87,7,or
1,528,81,85,0,zero
1,529,86,94,4,not_implied_by
1,530,263,269,13,implies
1,531,517,522,11,implied_by
1,532,662,663,2,not_implies
1,533,443,446,5,b
1,534,358,364,9,not_xor
1,535,703,705,6,xor
1,536,776,777,8,not_or
1,537,374,381,9,not_xor
1,538,270,278,9,not_xor
1,539,179,186,14,not_and
1,540,392,399,6,xor
1,541,9,11,9,not_xor
1,542,696,697,12,not_a
1,543,117,125,9,not_xor
1,544,61,69,10,not_b
1,545,267,268,1,and
1,546,37,43,4,not_implied_by
1,547,369,375,3,a
1,548,125,128,9,not_xor
1,549,547,549,9,not_xor
1,550,4,10,7,or
1,551,584,591,12,not_a
1,552,168,172,9,not_xor
1,553,545,546,5,b
1,554,26,30,13,implies
1,555,303,305,7,or
1,556,120,127,12,not_a
1,557,709,714,6,xor
1,558,486,493,5,b
1,559,409,416,10,not_b
1,560,372,378,8,not_or
1,561,468,473,2,not_implies
1,562,580,586,3,a
1,563,631,632,8,not_or
1,564,746,750,7,or
1,565,618,622,9,not_xor
1,566,20,28,7,or
1,567,449,456,9,not_xor
1,568,197,201,12,not_a
1,569,529,531,3,a
1,570,313,319,5,b
1,571,587,591,5,b
1,572,91,94,8,not_or
1,573,67,74,12,not_a
1,574,22,26,6,xor
1,575,188,189,7,or
1,576,221,227,12,not_a
1,577,32,35,8,not_or
1,578,389,395,9,not_xor
1,579,15,20,7,or
1,580,418,426,9,not_xor
1,581,548,553,12,not_a
1,582,702,708,9,not_xor
1,583,489,492,14,not_and
1,584,532,539,10,not_b
1,585,291,293,7,or
1,586,649,652,5,b
1,587,204,210,9,not_xor
1,588,599,606,9,not_xor
1,589,184,188,9,not_xor
1,590,533,534,1,and
1,591,296,298,5,b
1,592,576,581,14,not_and
1,593,570,576,7,or
1,594,547,553,6,xor
1,595,155,158,14,not_and
1,596,329,331,14,not_and
1,597,388,391,3,a
1,598,312,318,9,not_xor
1,599,382,385,15,one
1,600,362,365,9,not_xor
1,601,196,199,4,not_implied_by
1,602,349,357,6,xor
1,603,524,525,14,not_and
1,604,21,25,4,not_implied_by
1,605,709,710,8,not_or
1,606,508,509,10,not_b
1,607,590,591,7,or
1,608,458,462,2,not_implies
1,609,177,179,13,implies
1,610,115,123,7,or
1,611,760,765,2,not_implies
1,612,767,769,3,a
1,613,536,540,7,or
1,614,500,502,8,not_or
1,615,531,538,4,not_implied_by
1,616,354,356,11,implied_by
1,617,332,336,2,not_implies
1,618,648,654,3,a
1,619,167,169,3,a
1,620,523,529,10,not_b
1,621,757,762,5,b
1,622,30,35,5,b
1,623,482,484,9,not_xor
1,624,593,595,9,not_xor
1,625,228,234,11,implied_by
1,626,103,108,9,not_xor
1,627,108,111,0,zero
1,628,478,486,12,not_a
1,629,224,228,11,implied_by
1,630,522,527,5,b
1,631,266,271,5,b
1,632,717,719,12,not_a
1,633,481,487,13,implies
1,634,773,776,13,implies
1,635,184,190,3,a
1,636,408,415,13,implies
1,637,571,573,14,not_and
1,638,582,587,11,implied_by
1,639,515,518,7,or
1,640,687,689,10,not_b
1,641,196,201,6,xor
1,642,217,218,10,not_b
1,643,269,271,2,not_implies
1,644,343,344,8,not_or
1,645,262,266,9,not_xor
1,646,315,322,6,xor
1,647,544,551,9,not_xor
1,648,202,205,4,not_implied_by
1,649,466,471,8,not_or
1,650,157,159,10,not_b
1,651,201,206,6,xor
1,652,738,743,3,a
1,653,562,568,12,not_a
1,654,8,16,11,implied_by
1,655,237,245,5,b
1,656,300,305,15,one
1,657,379,384,8,not_or
1,658,419,420,8,not_or
1,659,229,230,12,not_a
1,660,492,493,7,or
1,661,423,430,12,not_a
1,662,306,309,8,not_or
1,663,272,277,9,not_xor
1,664,438,442,3,a
1,665,570,573,3,a
1,666,634,641,3,a
1,667,403,405,11,implied_by
1,668,579,582,8,not_or
1,669,378,381,12,not_a
1,670,351,354,8,not_or
1,671,348,352,10,not_b
1,672,739,740,7,or
1,673,302,308,14,not_and
1,674,766,772,7,or
1,675,320,327,3,a
1,676,325,329,2,not_implies
1,677,429,431,8,not_or
1,678,15,21,9,not_xor
1,679,195,199,8,not_or
1,680,539,544,5,b
1,681,326,330,8,not_or
1,682,659,663,8,not_or
1,683,761,766,5,b
1,684,720,722,6,xor
1,685,600,601,3,a
1,686,432,433,14,not_and
1,687,717,720,2,not_implies
1,688,205,206,5,b
1,689,353,355,12,not_a
1,690,14,21,12,not_a
1,691,448,451,2,not_implies
1,692,51,56,7,or
1,693,751,752,8,not_or
1,694,68,69,8,not_or
1,695,80,84,2,not_implies
1,696,261,268,3,a
1,697,435,440,10,not_b
1,698,595,596,11,implied_by
1,699,373,380,15,one
1,700,469,472,9,not_xor
1,701,427,430,4,not_implied_by
1,702,306,308,8,not_or
1,703,716,722,7,or
1,704,589,595,5,b
1,705,331,337,3,a
1,706,537,539,12,not_a
1,707,20,26,12,not_a
1,708,705,707,12,not_a
1,709,301,306,2,not_implies
1,710,630,632,6,xor
1,711,438,440,6,xor
1,712,179,181,9,not_xor
1,713,510,516,5,b
1,714,370,377,8,not_or
1,715,469,474,7,or
1,716,298,299,10,not_b
1,717,299,306,13,implies
1,718,399,402,2,not_implies
1,719,406,409,6,xor
1,720,59,66,6,xor
1,721,508,513,1,and
1,722,1,8,5,b
1,723,726,732,7,or
1,724,315,319,12,not_a
1,725,625,630,4,not_implied_by
1,726,253,259,6,xor
1,727,677,684,13,implies
1,728,701,704,4,not_implied_by
1,729,476,481,9,not_xor
1,730,600,606,5,b
1,731,762,768,7,or
1,732,385,388,13,implies
1,733,227,231,3,a
1,734,540,545,5,b
1,735,546,552,12,not_a
1,736,361,368,14,not_and
1,737,236,238,5,b
1,738,46,52,9,not_xor
1,739,154,158,9,not_xor
1,740,769,776,3,a
1,741,53,56,9,not_xor
1,742,276,277,9,not_xor
1,743,126,127,6,xor
1,744,733,737,0,zero
1,745,47,53,8,not_or
1,746,483,488,4,not_implied_by
1,747,398,401,7,or
1,748,612,616,8,not_or
1,749,704,711,10,not_b
1,750,690,691,5,b
1,751,594,595,14,not_and
1,752,3,9,9,not_xor
1,753,176,177,5,b
1,754,6,13,3,a
1,755,657,660,1,and
1,756,604,610,9,not_xor
1,757,75,76,6,xor
1,758,48,53,8,not_or
1,759,256,260,11,implied_by
1,760,139,143,4,not_implied_by
1,761,311,317,6,xor
1,762,121,126,6,xor
1,763,307,311,14,not_and
1,764,516,517,5,b
1,765,527,529,10,not_b
1,766,177,182,14,not_and
1,767,425,430,11,implied_by
1,768,49,53,3,a
1,769,765,769,10,not_b
1,770,45,47,9,not_xor
1,771,398,404,9,not_xor
1,772,160,165,8,not_or
1,773,634,639,5,b
1,774,729,736,5,b
1,775,439,441,1,and
1,776,341,343,10,not_b
1,777,642,648,5,b
1,778,354,357,15,one
1,779,491,492,8,not_or
1,780,64,72,8,not_or
1,781,90,91,8,not_or
1,782,18,20,9,not_xor
1,783,453,457,3,a
1,784,677,680,5,b
1,785,487,488,14,not_and
1,786,372,374,10,not_b
1,787,526,532,2,not_implies
1,788,505,507,7,or
1,789,679,682,2,not_implies
1,790,530,534,10,not_b
1,791,242,247,14,not_and
1,792,343,346,8,not_or
1,793,130,134,13,implies
1,794,25,33,6,xor
1,795,264,267,9,not_xor
1,796,512,518,10,not_b
1,797,166,172,7,or
1,798,419,427,4,not_implied_by
1,799,290,291,9,not_xor
1,800,71,79,13,implies
1,801,605,610,6,xor
1,802,3,6,10,not_b
1,803,166,169,7,or
1,804,28,33,3,a
1,805,57,60,11,implied_by
1,806,250,251,11,implied_by
1,807,712,715,8,not_or
1,808,722,729,8,not_or
1,809,723,726,9,not_xor
1,810,342,348,14,not_and
1,811,667,668,15,one
1,812,11,15,12,not_a
1,813,49,52,2,not_implies
1,814,55,58,4,not_implied_by
1,815,225,233,15,one
1,816,286,287,15,one
1,817,499,500,14,not_and
1,818,313,320,4,not_implied_by
1,819,147,155,10,not_b
1,820,608,612,3,a
1,821,696,701,12,not_a
1,822,576,583,10,not_b
1,823,670,672,6,xor
1,824,44,49,2,not_implies
1,825,21,23,14,not_and
1,826,230,231,8,not_or
1,827,655,658,9,not_xor
1,828,239,244,7,or
1,829,55,59,7,or
1,830,472,478,7,or
1,831,275,282,9,not_xor
1,832,256,261,8,not_or
1,833,165,170,5,b
1,834,429,437,11,implied_by
1,835,461,463,8,not_or
1,836,207,211,3,a
1,837,560,562,11,implied_by
1,838,762,766,5,b
1,839,604,611,9,not_xor
1,840,668,669,4,not_implied_by
1,841,662,668,10,not_b
1,842,378,383,13,implies
1,843,721,725,9,not_xor
1,844,690,695,11,implied_by
1,845,215,220,1,and
1,846,406,410,1,and
1,847,724,728,9,not_xor
1,848,486,491,15,one
1,849,554,560,11,implied_by
1,850,525,532,3,a
1,851,133,134,5,b
1,852,739,746,8,not_or
1,853,543,550,10,not_b
1,854,492,497,6,xor
1,855,580,581,9,not_xor
1,856,205,208,8,not_or
1,857,558,564,7,or
1,858,623,626,14,not_and
1,859,228,236,4,not_implied_by
1,860,422,423,6,xor
1,861,86,87,6,xor
1,862,692,698,4,not_implied_by
1,863,328,336,2,not_implies
1,864,293,299,11,implied_by
1,865,254,259,7,or
1,866,104,111,12,not_a
1,867,8,11,14,not_and
1,868,111,119,11,implied_by
1,869,631,635,12,not_a
1,870,526,527,7,or
1,871,18,23,2,not_implies
1,872,497,500,7,or
1,873,14,16,9,not_xor
1,874,539,540,14,not_and
1,875,245,246,5,b
1,876,521,529,1,and
1,877,617,619,8,not_or
1,878,766,773,9,not_xor
1,879,375,382,12,not_a
1,880,115,122,8,not_or
1,881,9,15,9,not_xor
1,882,726,729,0,zero
1,883,234,239,6,xor
1,884,719,726,5,b
1,885,19,24,6,xor
1,886,591,598,4,not_implied_by
1,887,392,395,12,not_a
1,888,431,432,5,b
1,889,350,353,5,b
1,890,578,583,7,or
1,891,223,230,6,xor
1,892,464,471,12,not_a
1,893,320,328,5,b
1,894,741,743,10,not_b
1,895,238,239,8,not_or
1,896,519,523,10,not_b
1,897,198,205,11,implied_by
1,898,225,231,13,implies
1,899,592,593,8,not_or
1,900,135,141,13,implies
1,901,329,330,6,xor
1,902,685,689,10,not_b
1,903,675,680,11,implied_by
1,904,349,350,9,not_xor
1,905,137,142,9,not_xor
1,906,3,11,4,not_implied_by
1,907,728,735,10,not_b
1,908,129,137,9,not_xor
1,909,649,653,1,and
1,910,68,76,8,not_or
1,911,560,566,5,b
1,912,243,245,7,or
1,913,535,541,6,xor
1,914,669,676,7,or
1,915,197,203,12,not_a
1,916,196,202,4,not_implied_by
1,917,287,295,9,not_xor
1,918,617,618,3,a
1,919,135,143,10,not_b
1,920,724,727,9,not_xor
1,921,391,395,10,not_b
1,922,101,103,12,not_a
1,923,771,777,11,implied_by
1,924,309,312,10,not_b
1,925,611,617,0,zero
1,926,130,135,6,xor
1,927,12,17,8,not_or
1,928,18,24,9,not_xor
1,929,348,351,3,a
1,930,544,549,3,a
1,931,522,528,1,and
1,932,613,619,10,not_b
1,933,628,635,9,not_xor
1,934,43,50,2,not_implies
1,935,184,186,7,or
1,936,309,313,6,xor
1,937,342,346,10,not_b
1,938,463,467,6,xor
1,939,411,412,3,a
1,940,303,304,7,or
1,941,709,712,8,not_or
1,942,560,567,3,a
1,943,749,752,8,not_or
1,944,682,687,6,xor
1,945,220,222,6,xor
1,946,181,186,14,not_and
1,947,442,445,4,not_implied_by
1,948,233,234,7,or
1,949,391,396,13,implies
1,950,317,325,3,a
1,951,126,132,7,or
1,952,84,85,8,not_or
1,953,567,570,3,a
1,954,695,697,7,or
1,955,40,46,9,not_xor
1,956,493,501,8,not_or
1,957,32,37,11,implied_by
1,958,710,711,7,or
1,959,81,82,3,a
1,960,258,261,8,not_or
1,961,637,641,7,or
1,962,224,227,7,or
1,963,227,229,7,or
1,964,75,79,12,not_a
1,965,580,582,6,xor
1,966,130,133,7,or
1,967,319,321,1,and
1,968,122,127,12,not_a
1,969,199,201,7,or
1,970,637,642,6,xor
1,971,530,532,14,not_and
1,972,678,681,5,b
1,973,591,596,5,b
1,974,424,432,14,not_and
1,975,312,320,10,not_b
1,976,287,293,7,or
1,977,198,201,8,not_or
1,978,315,323,11,implied_by
1,979,120,126,9,not_xor
1,980,533,538,8,not_or
1,981,689,695,12,not_a
1,982,617,622,13,implies
1,983,226,232,6,xor
1,984,114,121,10,not_b
1,985,713,719,7,or
1,986,308,313,9,not_xor
1,987,682,685,10,not_b
1,988,426,429,3,a
1,989,149,156,6,xor
1,990,576,580,6,xor
1,991,7,8,8,not_or
1,992,547,554,2,not_implies
1,993,565,569,4,not_implied_by
1,994,11,13,12,not_a
1,995,347,349,12,not_a
1,996,253,256,7,or
1,997,170,176,10,not_b
1,998,293,295,14,not_and
1,999,311,318,3,a
1,1000,758,763,10,not_b
1,1001,209,216,15,one
1,1002,568,569,6,xor
1,1003,622,628,13,implies
1,1004,643,650,13,implies
1,1005,102,104,10,not_b
1,1006,171,177,11,implied_by
1,1007,402,405,3,a
1,1008,601,607,11,implied_by
1,1009,646,653,11,implied_by
1,1010,404,408,13,implies
1,1011,205,210,7,or
1,1012,595,601,6,xor
1,1013,60,66,6,xor
1,1014,557,562,5,b
1,1015,42,47,6,xor
1,1016,38,39,7,or
1,1017,489,494,12,not_a
1,1018,354,358,5,b
1,1019,649,650,7,or
1,1020,300,304,1,and
1,1021,42,46,7,or
1,1022,256,258,11,implied_by
1,1023,312,316,7,or
1,1024,191,195,8,not_or
1,1025,503,507,11,implied_by
1,1026,297,301,6,xor
1,1027,526,531,2,not_implies
1,1028,269,275,12,not_a
1,1029,310,315,4,not_implied_by
1,1030,630,636,6,xor
1,1031,431,433,13,implies
1,1032,327,328,12,not_a
1,1033,340,348,5,b
1,1034,674,679,9,not_xor
1,1035,469,475,13,implies
1,1036,193,196,7,or
1,1037,171,179,13,implies
1,1038,344,352,9,not_xor
1,1039,678,684,0,zero
1,1040,114,122,7,or
1,1041,475,478,5,b
1,1042,161,167,13,implies
1,1043,21,24,8,not_or
1,1044,72,73,3,a
1,1045,297,304,2,not_implies
1,1046,578,582,10,not_b
1,1047,550,557,8,not_or
1,1048,67,73,4,not_implied_by
1,1049,31,35,13,implies
1,1050,129,136,4,not_implied_by
1,1051,381,385,6,xor
1,1052,505,511,9,not_xor
1,1053,670,674,15,one
1,1054,106,110,13,implies
1,1055,328,335,11,implied_by
1,1056,632,636,5,b
1,1057,33,36,5,b
1,1058,696,698,2,not_implies
1,1059,292,295,4,not_implied_by
1,1060,257,265,3,a
1,1061,345,346,14,not_and
1,1062,714,718,0,zero
1,1063,2,4,6,xor
1,1064,474,481,11,implied_by
1,1065,467,473,10,not_b
1,1066,32,40,8,not_or
1,1067,754,758,3,a
1,1068,12,20,5,b
1,1069,179,185,14,not_and
1,1070,112,115,10,not_b
1,1071,573,580,6,xor
1,1072,659,665,5,b
1,1073,266,274,8,not_or
1,1074,680,683,14,not_and
1,1075,23,24,12,not_a
1,1076,647,652,6,xor
1,1077,390,397,6,xor
1,1078,725,726,12,not_a
1,1079,226,227,3,a
1,1080,448,449,13,implies
1,1081,693,697,2,not_implies
1,1082,635,636,14,not_and
1,1083,60,65,8,not_or
1,1084,749,756,8,not_or
1,1085,774,775,7,or
1,1086,260,267,15,one
1,1087,616,619,6,xor
1,1088,488,494,9,not_xor
1,1089,610,611,7,or
1,1090,628,630,2,not_implies
1,1091,370,376,4,not_implied_by
1,1092,754,756,2,not_implies
1,1093,557,563,8,not_or
1,1094,244,252,15,one
1,1095,37,45,7,or
1,1096,457,462,15,one
1,1097,148,153,7,or
1,1098,767,770,14,not_and
1,1099,45,48,6,xor
1,1100,15,23,12,not_a
1,1101,613,620,10,not_b
1,1102,41,43,5,b
1,1103,505,513,9,not_xor
1,1104,53,55,2,not_implies
1,1105,651,657,9,not_xor
1,1106,255,259,10,not_b
1,1107,327,329,6,xor
1,1108,619,622,6,xor
1,1109,522,530,0,zero
1,1110,329,332,3,a
1,1111,73,81,9,not_xor
1,1112,118,125,7,or
1,1113,113,115,8,not_or
1,1114,397,402,3,a
1,1115,444,452,8,not_or
1,1116,94,98,6,xor
1,1117,492,498,5,b
1,1118,170,171,10,not_b
1,1119,127,130,2,not_implies
1,1120,286,288,12,not_a
1,1121,164,172,10,not_b
1,1122,387,394,7,or
1,1123,300,301,10,not_b
1,1124,531,536,11,implied_by
1,1125,453,455,7,or
1,1126,213,214,7,or
1,1127,419,421,13,implies
1,1128,101,105,8,not_or
1,1129,102,105,6,xor
1,1130,513,516,11,implied_by
1,1131,261,264,6,xor
1,1132,362,363,7,or
1,1133,687,688,1,and
1,1134,104,105,5,b
1,1135,647,650,6,xor
1,1136,487,493,10,not_b
1,1137,41,42,14,not_and
1,1138,562,565,12,not_a
1,1139,520,522,1,and
1,1140,530,538,8,not_or
1,1141,571,572,10,not_b
1,1142,348,355,2,not_implies
1,1143,461,462,6,xor
1,1144,381,382,3,a
1,1145,316,321,9,not_xor
1,1146,562,563,8,not_or
1,1147,24,32,8,not_or
1,1148,413,418,3,a
1,1149,662,667,9,not_xor
1,1150,353,361,5,b
1,1151,3,8,1,and
1,1152,730,734,4,not_implied_by
1,1153,764,766,8,not_or
1,1154,191,192,12,not_a
1,1155,773,780,13,implies
1,1156,577,584,12,not_a
1,1157,29,36,11,implied_by
1,1158,0,6,5,b
1,1159,43,51,2,not_implies
1,1160,665,671,13,implies
1,1161,380,385,0,zero
1,1162,749,750,9,not_xor
1,1163,250,257,13,implies
1,1164,725,732,4,not_implied_by
1,1165,239,241,7,or
1,1166,304,306,4,not_implied_by
1,1167,484,486,3,a
1,1168,85,86,8,not_or
1,1169,158,160,8,not_or
1,1170,256,257,12,not_a
1,1171,370,374,7,or
1,1172,461,468,7,or
1,1173,384,386,12,not_a
1,1174,26,31,13,implies
1,1175,8,9,8,not_or
1,1176,734,736,1,and
1,1177,492,500,12,not_a
1,1178,453,460,7,or
1,1179,644,648,2,not_implies
1,1180,564,565,10,not_b
1,1181,279,287,4,not_implied_by
1,1182,549,553,2,not_implies
1,1183,660,661,14,not_and
1,1184,250,254,9,not_xor
1,1185,62,65,5,b
1,1186,715,719,9,not_xor
1,1187,297,298,7,or
1,1188,353,359,3,a
1,1189,17,19,6,xor
1,1190,684,687,7,or
1,1191,607,614,8,not_or
1,1192,236,241,5,b
1,1193,459,462,3,a
1,1194,238,240,6,xor
1,1195,509,510,8,not_or
1,1196,529,530,8,not_or
1,1197,483,487,3,a
1,1198,639,642,8,not_or
1,1199,169,175,9,not_xor
1,1200,737,743,9,not_xor
1,1201,237,240,14,not_and
1,1202,323,324,8,not_or
1,1203,747,754,12,not_a
1,1204,6,9,11,implied_by
1,1205,548,551,13,implies
1,1206,384,388,10,not_b
1,1207,488,491,15,one
1,1208,149,151,10,not_b
1,1209,474,479,8,not_or
1,1210,283,288,7,or
1,1211,769,772,12,not_a
1,1212,220,228,7,or
1,1213,164,169,11,implied_by
1,1214,509,512,3,a
1,1215,132,139,10,not_b
1,1216,272,274,8,not_or
1,1217,352,353,5,b
1,1218,183,186,14,not_and
1,1219,241,244,9,not_xor
1,1220,175,178,1,and
1,1221,132,138,2,not_implies
1,1222,318,319,3,a
1,1223,89,92,3,a
1,1224,422,429,11,implied_by
1,1225,181,187,12,not_a
1,1226,575,580,9,not_xor
1,1227,245,248,6,xor
1,1228,64,66,12,not_a
1,1229,277,278,12,not_a
1,1230,718,722,5,b
1,1231,435,439,14,not_and
1,1232,231,238,5,b
1,1233,128,130,12,not_a
1,1234,202,209,14,not_and
1,1235,242,248,5,b
1,1236,300,302,12,not_a
1,1237,257,264,13,implies
1,1238,163,165,7,or
1,1239,372,377,3,a
1,1240,165,167,14,not_and
1,1241,230,234,12,not_a
1,1242,446,450,3,a
1,1243,210,212,1,and
1,1244,134,138,8,not_or
1,1245,365,367,7,or
1,1246,459,466,2,not_implies
1,1247,441,442,5,b
1,1248,344,348,12,not_a
1,1249,676,680,6,xor
1,1250,313,316,7,or
1,1251,375,379,4,not_implied_by
1,1252,628,629,6,xor
1,1253,200,208,8,not_or
1,1254,17,25,4,not_implied_by
1,1255,710,714,1,and
1,1256,66,74,14,not_and
1,1257,521,523,6,xor
1,1258,306,307,8,not_or
1,1259,526,528,6,xor
1,1260,753,759,5,b
1,1261,290,297,11,implied_by
1,1262,243,250,3,a
1,1263,434,440,1,and
1,1264,142,146,3,a
1,1265,266,270,8,not_or
1,1266,527,535,9,not_xor
1,1267,301,302,7,or
1,1268,473,480,9,not_xor
1,1269,622,627,4,not_implied_by
1,1270,51,57,11,implied_by
1,1271,411,415,11,implied_by
1,1272,144,146,8,not_or
1,1273,140,144,6,xor
1,1274,383,387,5,b
1,1275,292,300,9,not_xor
1,1276,507,512,11,implied_by
1,1277,403,406,14,not_and
1,1278,348,353,6,xor
1,1279,86,89,11,implied_by
1,1280,41,47,9,not_xor
1,1281,691,693,3,a
1,1282,334,338,7,or
1,1283,113,114,3,a
1,1284,92,96,7,or
1,1285,526,534,13,implies
1,1286,583,584,8,not_or
1,1287,333,341,1,and
1,1288,539,541,13,implies
1,1289,713,714,12,not_a
1,1290,605,607,9,not_xor
1,1291,169,177,7,or
1,1292,691,695,2,not_implies
1,1293,167,175,15,one
1,1294,127,128,1,and
1,1295,280,281,7,or
1,1296,609,614,3,a
1,1297,264,271,8,not_or
1,1298,443,450,0,zero
1,1299,513,521,4,not_implied_by
1,1300,561,563,12,not_a
1,1301,625,632,6,xor
1,1302,702,705,6,xor
1,1303,295,303,13,implies
1,1304,682,684,14,not_and
1,1305,415,419,8,not_or
1,1306,414,419,6,xor
1,1307,429,433,4,not_implied_by
1,1308,157,160,8,not_or
1,1309,156,159,8,not_or
1,1310,683,688,14,not_and
1,1311,180,184,9,not_xor
1,1312,730,732,8,not_or
1,1313,439,445,5,b
1,1314,315,316,10,not_b
1,1315,285,286,7,or
1,1316,28,31,4,not_implied_by
1,1317,185,190,7,or
1,1318,714,716,10,not_b
1,1319,110,116,5,b
1,1320,194,202,5,b
1,1321,554,561,7,or
1,1322,340,344,5,b
1,1323,640,647,4,not_implied_by
1,1324,48,51,15,one
1,1325,393,399,9,not_xor
1,1326,170,174,4,not_implied_by
1,1327,159,160,10,not_b
1,1328,473,478,7,or
1,1329,235,241,10,not_b
1,1330,491,495,14,not_and
1,1331,102,109,2,not_implies
1,1332,209,213,8,not_or
1,1333,358,366,4,not_implied_by
1,1334,146,149,12,not_a
1,1335,307,312,5,b
1,1336,55,61,14,not_and
1,1337,44,48,2,not_implies
1,1338,748,749,3,a
1,1339,304,309,9,not_xor
1,1340,20,25,8,not_or
1,1341,202,203,8,not_or
1,1342,317,320,12,not_a
1,1343,581,583,11,implied_by
1,1344,231,237,12,not_a
1,1345,282,285,8,not_or
1,1346,331,336,9,not_xor
1,1347,111,115,5,b
1,1348,629,633,15,one
1,1349,645,647,13,implies
1,1350,207,213,9,not_xor
1,1351,596,601,10,not_b
1,1352,388,390,5,b
1,1353,512,513,14,not_and
1,1354,75,83,6,xor
1,1355,48,50,3,a
1,1356,536,541,12,not_a
1,1357,166,170,1,and
1,1358,176,182,5,b
1,1359,479,485,9,not_xor
1,1360,461,469,5,b
1,1361,135,142,6,xor
1,1362,474,478,7,or
1,1363,458,465,11,implied_by
1,1364,99,101,14,not_and
1,1365,588,592,9,not_xor
1,1366,225,229,9,not_xor
1,1367,138,140,7,or
1,1368,137,144,12,not_a
1,1369,134,141,2,not_implies
1,1370,263,264,8,not_or
1,1371,402,408,3,a
1,1372,702,709,5,b
1,1373,302,307,3,a
1,1374,498,504,8,not_or
1,1375,19,23,6,xor
1,1376,464,470,9,not_xor
1,1377,108,110,15,one
1,1378,450,453,3,a
1,1379,521,526,5,b
1,1380,110,111,15,one
1,1381,330,334,2,not_implies
1,1382,52,55,0,zero
1,1383,196,198,10,not_b
1,1384,357,362,2,not_implies
1,1385,777,782,7,or
1,1386,41,48,2,not_implies
1,1387,423,429,4,not_implied_by
1,1388,710,717,8,not_or
1,1389,152,157,9,not_xor
1,1390,364,366,5,b
1,1391,296,299,13,implies
1,1392,105,108,6,xor
1,1393,476,480,5,b
1,1394,189,195,3,a
1,1395,145,151,12,not_a
1,1396,631,636,6,xor
1,1397,189,192,8,not_or
1,1398,233,235,8,not_or
1,1399,165,171,12,not_a
1,1400,148,155,7,or
1,1401,684,688,1,and
1,1402,683,685,10,not_b
1,1403,616,620,9,not_xor
1,1404,124,125,12,not_a
1,1405,425,432,11,implied_by
1,1406,469,476,2,not_implies
1,1407,494,496,13,implies
1,1408,448,452,2,not_implies
1,1409,352,357,14,not_and
1,1410,463,465,9,not_xor
1,1411,149,153,1,and
1,1412,491,496,6,xor
1,1413,205,209,6,xor
1,1414,659,661,9,not_xor
1,1415,363,371,8,not_or
1,1416,568,573,1,and
1,1417,432,438,10,not_b
1,1418,481,489,4,not_implied_by
1,1419,665,672,2,not_implies
1,1420,597,602,7,or
1,1421,400,401,6,xor
1,1422,592,599,10,not_b
1,1423,685,690,8,not_or
1,1424,455,456,7,or
1,1425,49,55,7,or
1,1426,684,691,14,not_and
1,1427,618,624,4,not_implied_by
1,1428,621,627,2,not_implies
1,1429,3,4,5,b
1,1430,281,285,9,not_xor
1,1431,690,692,13,implies
1,1432,778,781,14,not_and
1,1433,97,98,13,implies
1,1434,657,661,10,not_b
1,1435,501,503,3,a
1,1436,455,460,9,not_xor
1,1437,129,131,6,xor
1,1438,553,555,6,xor
1,1439,119,126,4,not_implied_by
1,1440,608,609,13,implies
1,1441,694,696,12,not_a
1,1442,274,278,5,b
1,1443,514,521,13,implies
1,1444,239,245,5,b
1,1445,286,291,14,not_and
1,1446,241,247,4,not_implied_by
1,1447,578,581,5,b
1,1448,246,248,11,implied_by
1,1449,666,668,4,not_implied_by
1,1450,705,706,9,not_xor
1,1451,376,379,3,a
1,1452,481,488,3,a
1,1453,608,611,8,not_or
1,1454,51,59,6,xor
1,1455,64,67,12,not_a
1,1456,404,406,5,b
1,1457,248,249,15,one
1,1458,713,717,7,or
1,1459,702,704,7,or
1,1460,644,651,10,not_b
1,1461,490,497,13,implies
1,1462,569,573,10,not_b
1,1463,188,193,8,not_or
1,1464,188,194,11,implied_by
1,1465,177,183,8,not_or
1,1466,517,520,12,not_a
1,1467,528,529,15,one
1,1468,451,458,15,one
1,1469,723,730,9,not_xor
1,1470,411,418,7,or
1,1471,237,239,2,not_implies
1,1472,259,266,9,not_xor
1,1473,401,404,14,not_and
1,1474,442,446,6,xor
1,1475,216,224,13,implies
1,1476,511,514,8,not_or
1,1477,107,111,3,a
1,1478,466,474,3,a
1,1479,289,294,1,and
1,1480,74,79,9,not_xor
1,1481,323,331,5,b
1,1482,730,733,4,not_implied_by
1,1483,590,597,11,implied_by
1,1484,346,349,14,not_and
1,1485,111,114,8,not_or
1,1486,290,294,5,b
1,1487,202,204,12,not_a
1,1488,103,105,8,not_or
1,1489,760,761,5,b
1,1490,753,757,3,a
1,1491,259,261,9,not_xor
1,1492,780,782,8,not_or
1,1493,60,61,0,zero
1,1494,265,273,1,and
1,1495,413,416,10,not_b
1,1496,751,758,4,not_implied_by
1,1497,723,725,13,implies
1,1498,270,271,12,not_a
1,1499,404,407,5,b
1,1500,351,356,2,not_implies
1,1501,281,284,13,implies
1,1502,513,515,9,not_xor
1,1503,211,218,3,a
1,1504,289,292,11,implied_by
1,1505,179,183,14,not_and
1,1506,299,301,13,implies
1,1507,421,425,9,not_xor
1,1508,701,703,6,xor
1,1509,91,93,1,and
1,1510,493,500,8,not_or
1,1511,45,53,7,or
1,1512,248,256,12,not_a
1,1513,210,211,5,b
1,1514,241,249,14,not_and
1,1515,61,65,1,and
1,1516,271,278,5,b
1,1517,578,580,7,or
1,1518,319,322,7,or
1,1519,290,296,6,xor
1,1520,225,232,9,not_xor
1,1521,750,752,6,xor
1,1522,509,514,12,not_a
1,1523,434,436,9,not_xor
1,1524,314,320,2,not_implies
1,1525,685,692,10,not_b
1,1526,686,688,14,not_and
1,1527,215,219,13,implies
1,1528,283,284,9,not_xor
1,1529,261,263,12,not_a
1,1530,399,403,10,not_b
1,1531,132,135,13,implies
1,1532,608,615,3,a
1,1533,445,451,7,or
1,1534,746,749,9,not_xor
1,1535,727,731,9,not_xor
1,1536,169,176,11,implied_by
1,1537,52,53,2,not_implies
1,1538,429,430,7,or
1,1539,601,603,7,or
1,1540,354,362,14,not_and
1,1541,422,425,2,not_implies
1,1542,352,360,3,a
1,1543,20,23,7,or
1,1544,120,128,9,not_xor
1,1545,667,673,7,or
1,1546,98,105,6,xor
1,1547,369,376,6,xor
1,1548,189,191,8,not_or
1,1549,331,339,7,or
1,1550,55,63,4,not_implied_by
1,1551,736,741,8,not_or
1,1552,544,546,13,implies
1,1553,293,297,4,not_implied_by
1,1554,404,410,9,not_xor
1,1555,589,592,7,or
1,1556,12,15,8,not_or
1,1557,255,260,7,or
1,1558,393,396,8,not_or
1,1559,376,381,1,and
1,1560,116,117,9,not_xor
1,1561,170,175,7,or
1,1562,434,437,14,not_and
1,1563,692,696,8,not_or
1,1564,248,252,6,xor
1,1565,501,508,9,not_xor
1,1566,156,160,12,not_a
1,1567,617,621,8,not_or
1,1568,490,496,3,a
1,1569,276,282,10,not_b
1,1570,522,529,9,not_xor
1,1571,419,423,2,not_implies
1,1572,318,323,9,not_xor
1,1573,10,16,8,not_or
1,1574,217,223,9,not_xor
1,1575,284,288,7,or
1,1576,6,7,7,or
1,1577,552,554,10,not_b
1,1578,315,321,12,not_a
1,1579,456,464,11,implied_by
1,1580,769,770,7,or
1,1581,172,175,5,b
1,1582,53,57,13,implies
1,1583,595,600,14,not_and
1,1584,602,608,9,not_xor
1,1585,367,373,8,not_or
1,1586,121,122,7,or
1,1587,602,603,14,not_and
1,1588,151,158,12,not_a
1,1589,233,238,7,or
1,1590,100,101,5,b
1,1591,703,704,7,or
1,1592,506,511,4,not_implied_by
1,1593,268,270,1,and
1,1594,162,170,0,zero
1,1595,643,648,7,or
1,1596,479,482,11,implied_by
1,1597,237,244,13,implies
1,1598,181,182,7,or
1,1599,615,616,4,not_implied_by
1,1600,433,435,9,not_xor
1,1601,683,689,10,not_b
1,1602,511,512,1,and
1,1603,751,753,8,not_or
1,1604,532,533,7,or
1,1605,175,177,8,not_or
1,1606,141,146,7,or
1,1607,234,242,3,a
1,1608,83,86,8,not_or
1,1609,334,336,2,not_implies
1,1610,267,272,11,implied_by
1,1611,60,67,4,not_implied_by
1,1612,743,745,12,not_a
1,1613,160,167,7,or
1,1614,759,765,6,xor
1,1615,80,85,7,or
1,1616,507,509,10,not_b
1,1617,559,560,13,implies
1,1618,296,303,6,xor
1,1619,155,162,6,xor
1,1620,455,462,12,not_a
1,1621,31,39,5,b
1,1622,99,106,13,implies
1,1623,105,110,2,not_implies
1,1624,497,505,14,not_and
1,1625,774,778,4,not_implied_by
1,1626,353,358,13,implies
1,1627,660,667,13,implies
1,1628,459,467,14,not_and
1,1629,632,638,12,not_a
1,1630,760,763,15,one
1,1631,88,90,8,not_or
1,1632,87,88,13,implies
1,1633,41,46,9,not_xor
1,1634,120,125,9,not_xor
1,1635,473,479,3,a
1,1636,74,77,11,implied_by
1,1637,689,690,1,and
1,1638,279,280,2,not_implies
1,1639,350,357,10,not_b
1,1640,270,273,1,and
1,1641,647,649,8,not_or
1,1642,405,407,9,not_xor
1,1643,316,318,1,and
1,1644,425,429,11,implied_by
1,1645,442,443,7,or
1,1646,495,502,13,implies
1,1647,744,748,8,not_or
1,1648,235,240,10,not_b
1,1649,702,706,7,or
1,1650,602,604,6,xor
1,1651,657,663,5,b
1,1652,588,590,10,not_b
1,1653,133,139,2,not_implies
1,1654,26,27,12,not_a
1,1655,70,74,12,not_a
1,1656,65,67,14,not_and
1,1657,350,354,10,not_b
1,1658,539,547,12,not_a
1,1659,205,211,7,or
1,1660,265,267,9,not_xor
1,1661,179,182,7,or
1,1662,143,147,15,one
1,1663,125,126,8,not_or
1,1664,498,502,10,not_b
1,1665,181,183,8,not_or
1,1666,264,268,13,implies
1,1667,399,406,3,a
1,1668,476,478,11,implied_by
1,1669,237,241,11,implied_by
1,1670,544,545,2,not_implies
1,1671,126,134,8,not_or
1,1672,461,467,13,implies
1,1673,605,608,11,implied_by
1,1674,716,721,9,not_xor
1,1675,157,158,1,and
1,1676,110,112,3,a
1,1677,548,552,2,not_implies
1,1678,115,119,9,not_xor
1,1679,700,707,1,and
1,1680,76,83,8,not_or
1,1681,169,170,1,and
1,1682,9,17,10,not_b
1,1683,326,331,1,and
1,1684,478,479,6,xor
1,1685,8,13,9,not_xor
1,1686,191,197,8,not_or
1,1687,52,59,11,implied_by
1,1688,341,342,10,not_b
1,1689,375,380,8,not_or
1,1690,72,74,6,xor
1,1691,432,440,10,not_b
1,1692,324,326,13,implies
1,1693,115,118,7,or
1,1694,331,338,7,or
1,1695,122,130,4,not_implied_by
1,1696,236,242,14,not_and
1,1697,73,76,13,implies
1,1698,33,40,6,xor
1,1699,505,509,5,b
1,1700,650,651,4,not_implied_by
1,1701,485,492,15,one
1,1702,137,139,9,not_xor
1,1703,324,328,14,not_and
1,1704,634,638,9,not_xor
1,1705,732,733,7,or
1,1706,187,189,14,not_and
1,1707,174,179,8,not_or
1,1708,380,381,15,one
1,1709,562,567,10,not_b
1,1710,364,367,14,not_and
1,1711,120,121,10,not_b
1,1712,774,776,8,not_or
1,1713,176,180,0,zero
1,1714,444,446,6,xor
1,1715,42,50,3,a
1,1716,487,494,4,not_implied_by
1,1717,328,333,12,not_a
1,1718,707,710,14,not_and
1,1719,268,269,3,a
1,1720,230,237,12,not_a
1,1721,398,402,4,not_implied_by
1,1722,422,426,6,xor
1,1723,326,332,7,or
1,1724,597,599,1,and
1,1725,139,141,5,b
1,1726,270,272,9,not_xor
1,1727,427,435,6,xor
1,1728,375,383,5,b
1,1729,213,221,13,implies
1,1730,90,94,14,not_and
1,1731,355,358,13,implies
1,1732,186,193,9,not_xor
1,1733,543,544,13,implies
1,1734,368,375,2,not_implies
1,1735,767,771,3,a
1,1736,111,118,0,zero
1,1737,219,220,7,or
1,1738,107,109,1,and
1,1739,500,503,2,not_implies
1,1740,754,759,7,or
1,1741,365,370,7,or
1,1742,245,253,8,not_or
1,1743,588,589,11,implied_by
1,1744,396,398,7,or
1,1745,178,181,8,not_or
1,1746,81,84,10,not_b
1,1747,58,65,9,not_xor
1,1748,391,392,7,or
1,1749,302,303,6,xor
1,1750,110,118,13,implies
1,1751,452,455,8,not_or
1,1752,148,154,6,xor
1,1753,313,318,11,implied_by
1,1754,366,373,7,or
1,1755,277,280,3,a
1,1756,8,10,5,b
1,1757,50,58,3,a
1,1758,665,668,9,not_xor
1,1759,373,377,12,not_a
1,1760,535,539,6,xor
1,1761,758,761,6,xor
1,1762,541,545,3,a
1,1763,334,335,4,not_implied_by
1,1764,237,243,6,xor
1,1765,305,313,14,not_and
1,1766,404,409,6,xor
1,1767,118,124,7,or
1,1768,539,542,3,a
1,1769,518,520,14,not_and
1,1770,465,466,1,and
1,1771,320,323,10,not_b
1,1772,752,759,9,not_xor
1,1773,558,565,7,or
1,1774,414,417,14,not_and
1,1775,333,338,6,xor
1,1776,273,278,5,b
1,1777,314,321,9,not_xor
1,1778,439,447,3,a
1,1779,144,150,10,not_b
1,1780,396,402,11,implied_by
1,1781,649,656,4,not_implied_by
1,1782,365,369,7,or
1,1783,135,139,9,not_xor
1,1784,106,108,12,not_a
1,1785,387,393,13,implies
1,1786,12,13,6,xor
1,1787,259,264,12,not_a
1,1788,570,572,9,not_xor
1,1789,579,586,9,not_xor
1,1790,5,9,6,xor
1,1791,529,535,5,b
1,1792,324,330,4,not_implied_by
1,1793,95,97,6,xor
1,1794,279,285,8,not_or
1,1795,678,685,4,not_implied_by
1,1796,109,113,12,not_a
1,1797,248,255,12,not_a
1,1798,136,143,1,and
1,1799,553,556,6,xor
1,1800,456,463,11,implied_by
1,1801,424,430,2,not_implies
1,1802,240,242,5,b
1,1803,143,149,3,a
1,1804,708,714,6,xor
1,1805,239,247,10,not_b
1,1806,205,207,7,or
1,1807,214,219,6,xor
1,1808,378,382,15,one
1,1809,365,366,7,or
1,1810,286,289,14,not_and
1,1811,502,505,9,not_xor
1,1812,359,367,2,not_implies
1,1813,319,327,14,not_and
1,1814,70,71,8,not_or
1,1815,355,363,15,one
1,1816,36,41,7,or
1,1817,223,229,11,implied_by
1,1818,407,408,8,not_or
1,1819,688,689,8,not_or
1,1820,492,499,10,not_b
1,1821,669,673,2,not_implies
1,1822,247,248,0,zero
1,1823,518,523,14,not_and
1,1824,642,649,7,or
1,1825,169,173,2,not_implies
1,1826,354,361,6,xor
1,1827,164,171,10,not_b
1,1828,85,92,10,not_b
1,1829,108,109,7,or
1,1830,707,709,8,not_or
1,1831,466,467,3,a
1,1832,516,519,14,not_and
1,1833,213,220,6,xor
1,1834,92,94,9,not_xor
1,1835,63,67,8,not_or
1,1836,664,667,6,xor
1,1837,25,30,13,implies
1,1838,569,571,8,not_or
1,1839,222,229,10,not_b
1,1840,19,22,7,or
1,1841,638,639,8,not_or
1,1842,315,317,7,or
1,1843,459,465,10,not_b
1,1844,98,101,7,or
1,1845,471,478,0,zero
1,1846,159,167,5,b
1,1847,290,295,12,not_a
1,1848,409,410,3,a
1,1849,104,112,8,not_or
1,1850,399,404,14,not_and
1,1851,156,157,5,b
1,1852,650,655,3,a
1,1853,519,520,7,or
1,1854,716,723,6,xor
1,1855,281,283,9,not_xor
1,1856,393,401,8,not_or
1,1857,330,336,8,not_or
1,1858,155,160,12,not_a
1,1859,479,486,3,a
1,1860,500,507,7,or
1,1861,740,741,1,and
1,1862,447,451,2,not_implies
1,1863,247,254,7,or
1,1864,79,85,6,xor
1,1865,186,194,10,not_b
1,1866,150,152,8,not_or
1,1867,131,135,12,not_a
1,1868,410,415,12,not_a
1,1869,204,208,7,or
1,1870,734,737,12,not_a
1,1871,350,351,13,implies
1,1872,144,147,4,not_implied_by
1,1873,484,490,10,not_b
1,1874,71,75,13,implies
1,1875,770,777,8,not_or
1,1876,551,552,5,b
1,1877,775,777,14,not_and
1,1878,230,233,10,not_b
1,1879,346,351,9,not_xor
1,1880,29,37,7,or
1,1881,180,186,1,and
1,1882,543,546,6,xor
1,1883,0,4,4,not_implied_by
1,1884,771,776,7,or
1,1885,762,767,7,or
1,1886,81,89,5,b
1,1887,72,79,2,not_implies
1,1888,298,303,1,and
1,1889,573,577,9,not_xor
1,1890,731,736,10,not_b
1,1891,138,144,4,not_implied_by
1,1892,614,616,13,implies
1,1893,311,314,8,not_or
1,1894,623,628,3,a
1,1895,362,367,9,not_xor
1,1896,408,414,5,b
1,1897,310,317,8,not_or
1,1898,542,548,8,not_or
1,1899,65,68,13,implies
1,1900,667,669,7,or
1,1901,61,67,13,implies
1,1902,528,532,8,not_or
1,1903,185,191,2,not_implies
1,1904,514,519,8,not_or
1,1905,778,779,8,not_or
1,1906,64,70,6,xor
1,1907,267,274,10,not_b
1,1908,734,740,11,implied_by
1,1909,720,726,2,not_implies
1,1910,241,245,9,not_xor
1,1911,702,707,8,not_or
1,1912,400,403,1,and
1,1913,765,766,8,not_or
1,1914,252,258,11,implied_by
1,1915,545,547,10,not_b
1,1916,545,549,9,not_xor
1,1917,432,436,12,not_a
1,1918,401,408,3,a
1,1919,524,530,12,not_a
1,1920,336,338,5,b
1,1921,594,600,12,not_a
1,1922,572,573,1,and
1,1923,373,375,3,a
1,1924,259,263,3,a
1,1925,706,708,11,implied_by
1,1926,507,511,13,implies
1,1927,626,632,6,xor
1,1928,631,638,11,implied_by
1,1929,212,218,2,not_implies
1,1930,626,631,10,not_b
1,1931,199,204,8,not_or
1,1932,63,66,7,or
1,1933,420,424,15,one
1,1934,166,171,8,not_or
1,1935,288,289,0,zero
1,1936,594,599,3,a
1,1937,550,554,10,not_b
1,1938,89,93,1,and
1,1939,594,597,12,not_a
1,1940,369,372,7,or
1,1941,271,275,12,not_a
1,1942,18,26,6,xor
1,1943,197,204,6,xor
1,1944,412,413,8,not_or
1,1945,84,87,6,xor
1,1946,464,467,1,and
1,1947,244,248,8,not_or
1,1948,359,361,4,not_implied_by
1,1949,624,625,7,or
1,1950,460,464,10,not_b
1,1951,741,745,14,not_and
1,1952,227,232,8,not_or
1,1953,139,144,8,not_or
1,1954,702,703,10,not_b
1,1955,129,135,10,not_b
1,1956,278,286,11,implied_by
1,1957,501,506,8,not_or
1,1958,364,365,9,not_xor
1,1959,202,206,10,not_b
1,1960,501,509,12,not_a
1,1961,48,54,2,not_implies
1,1962,716,717,1,and
1,1963,352,359,1,and
1,1964,743,744,7,or
1,1965,436,442,1,and
1,1966,172,179,0,zero
1,1967,259,260,7,or
1,1968,617,624,7,or
1,1969,107,108,9,not_xor
1,1970,6,14,8,not_or
1,1971,25,28,12,not_a
1,1972,240,244,9,not_xor
1,1973,517,524,10,not_b
1,1974,633,636,8,not_or
1,1975,524,528,1,and
1,1976,127,134,10,not_b
1,1977,351,352,10,not_b
1,1978,166,174,4,not_implied_by
1,1979,242,245,0,zero
1,1980,278,280,7,or
1,1981,87,94,11,implied_by
1,1982,681,687,12,not_a
1,1983,106,112,11,implied_by
1,1984,754,757,3,a
1,1985,705,711,12,not_a
1,1986,254,255,10,not_b
1,1987,524,527,1,and
1,1988,736,737,14,not_and
1,1989,618,620,8,not_or
1,1990,84,90,10,not_b
1,1991,479,487,4,not_implied_by
1,1992,505,506,13,implies
1,1993,549,550,5,b
1,1994,761,762,8,not_or
1,1995,668,673,3,a
1,1996,121,123,10,not_b
1,1997,0,8,5,b
1,1998,107,113,2,not_implies
1,1999,493,496,10,not_b
1,2000,485,486,10,not_b
1,2001,115,116,9,not_xor
1,2002,213,216,10,not_b
1,2003,673,675,13,implies
1,2004,107,114,7,or
1,2005,23,29,0,zero
1,2006,547,551,13,implies
1,2007,124,132,9,not_xor
1,2008,403,410,11,implied_by
1,2009,593,598,6,xor
1,2010,447,453,3,a
1,2011,114,120,5,b
1,2012,63,68,3,a
1,2013,125,127,8,not_or
1,2014,670,677,8,not_or
1,2015,5,10,12,not_a
1,2016,123,128,0,zero
1,2017,407,414,13,implies
1,2018,56,61,12,not_a
1,2019,358,363,9,not_xor
1,2020,609,616,12,not_a
1,2021,143,151,4,not_implied_by
1,2022,361,362,9,not_xor
1,2023,728,732,4,not_implied_by
1,2024,703,707,6,xor
1,2025,342,343,8,not_or
1,2026,348,349,7,or
1,2027,37,38,8,not_or
1,2028,160,161,10,not_b
1,2029,774,779,7,or
1,2030,392,393,8,not_or
1,2031,281,288,8,not_or
1,2032,175,182,6,xor
1,2033,368,369,10,not_b
1,2034,523,526,9,not_xor
1,2035,84,92,11,implied_by
1,2036,24,26,15,one
1,2037,664,665,14,not_and
1,2038,341,345,7,or
1,2039,619,620,13,implies
1,2040,304,311,2,not_implies
1,2041,535,542,4,not_implied_by
1,2042,9,13,10,not_b
1,2043,473,474,8,not_or
1,2044,113,116,6,xor
1,2045,162,166,8,not_or
1,2046,467,468,10,not_b
1,2047,254,258,9,not_xor
1,2048,115,121,8,not_or
1,2049,177,181,6,xor
1,2050,309,316,9,not_xor
1,2051,404,405,6,xor
1,2052,635,637,13,implies
1,2053,411,419,12,not_a
1,2054,476,484,12,not_a
1,2055,761,765,10,not_b
1,2056,618,621,9,not_xor
1,2057,401,409,2,not_implies
1,2058,66,72,7,or
1,2059,520,524,13,implies
1,2060,626,628,6,xor
1,2061,603,608,13,implies
1,2062,589,590,8,not_or
1,2063,498,503,8,not_or
1,2064,779,781,8,not_or
1,2065,716,718,6,xor
1,2066,288,293,3,a
1,2067,42,48,9,not_xor
1,2068,585,591,12,not_a
1,2069,634,635,3,a
1,2070,85,87,5,b
1,2071,110,115,10,not_b
1,2072,98,99,8,not_or
1,2073,25,31,8,not_or
1,2074,683,684,14,not_and
1,2075,220,225,13,implies
1,2076,56,57,8,not_or
1,2077,140,143,1,and
1,2078,322,330,7,or
1,2079,146,151,4,not_implied_by
1,2080,389,393,11,implied_by
1,2081,398,399,3,a
1,2082,375,381,10,not_b
1,2083,63,71,4,not_implied_by
1,2084,642,644,9,not_xor
1,2085,751,754,3,a
1,2086,509,516,11,implied_by
1,2087,236,243,8,not_or
1,2088,411,417,1,and
1,2089,456,461,8,not_or
1,2090,599,601,8,not_or
1,2091,58,61,11,implied_by
1,2092,636,639,7,or
1,2093,85,88,9,not_xor
1,2094,747,753,12,not_a
1,2095,746,748,10,not_b
1,2096,339,341,12,not_a
1,2097,621,622,12,not_a
1,2098,335,337,9,not_xor
1,2099,307,313,10,not_b
1,2100,310,318,15,one
1,2101,684,685,9,not_xor
1,2102,479,483,8,not_or
1,2103,568,571,3,a
1,2104,436,444,12,not_a
1,2105,253,260,7,or
1,2106,34,42,12,not_a
1,2107,85,93,7,or
1,2108,541,544,14,not_and
1,2109,250,253,4,not_implied_by
1,2110,483,489,11,implied_by
1,2111,290,298,5,b
1,2112,79,82,8,not_or
1,2113,247,255,1,and
1,2114,148,152,8,not_or
1,2115,628,634,12,not_a
1,2116,601,602,6,xor
1,2117,325,330,4,not_implied_by
1,2118,269,273,9,not_xor
1,2119,77,79,10,not_b
1,2120,755,760,11,implied_by
1,2121,49,57,11,implied_by
1,2122,200,201,3,a
1,2123,459,464,5,b
1,2124,226,228,8,not_or
1,2125,235,238,3,a
1,2126,75,82,4,not_implied_by
1,2127,321,324,6,xor
1,2128,564,569,11,implied_by
1,2129,208,212,4,not_implied_by
1,2130,287,290,9,not_xor
1,2131,277,279,14,not_and
1,2132,70,72,3,a
1,2133,129,132,6,xor
1,2134,193,194,12,not_a
1,2135,494,497,13,implies
1,2136,433,437,4,not_implied_by
1,2137,534,536,6,xor
1,2138,246,250,7,or
1,2139,592,598,1,and
1,2140,183,190,9,not_xor
1,2141,541,543,12,not_a
1,2142,735,739,1,and
1,2143,5,7,9,not_xor
1,2144,728,731,5,b
1,2145,351,353,8,not_or
1,2146,155,159,9,not_xor
1,2147,363,366,12,not_a
1,2148,543,545,9,not_xor
1,2149,193,198,9,not_xor
1,2150,492,496,6,xor
1,2151,704,710,11,implied_by
1,2152,337,342,11,implied_by
1,2153,630,635,9,not_xor
1,2154,607,612,10,not_b
1,2155,139,142,7,or
1,2156,775,778,6,xor
1,2157,31,36,12,not_a
1,2158,297,302,8,not_or
1,2159,737,741,8,not_or
1,2160,414,416,10,not_b
1,2161,240,245,6,xor
1,2162,760,767,4,not_implied_by
1,2163,700,705,10,not_b
1,2164,626,627,10,not_b
1,2165,195,198,12,not_a
1,2166,44,50,2,not_implies
1,2167,109,116,15,one
1,2168,468,475,9,not_xor
1,2169,286,290,2,not_implies
1,2170,405,413,10,not_b
1,2171,390,396,3,a
1,2172,218,220,9,not_xor
1,2173,339,347,11,implied_by
1,2174,86,91,4,not_implied_by
1,2175,663,665,13,implies
1,2176,308,315,6,xor
1,2177,503,506,3,a
1,2178,332,337,8,not_or
1,2179,334,340,5,b
1,2180,93,97,8,not_or
1,2181,498,499,1,and
1,2182,535,537,9,not_xor
1,2183,374,377,8,not_or
1,2184,35,43,4,not_implied_by
1,2185,128,136,2,not_implies
1,2186,604,609,4,not_implied_by
1,2187,74,80,4,not_implied_by
1,2188,770,772,2,not_implies
1,2189,187,192,9,not_xor
1,2190,463,468,3,a
1,2191,760,766,7,or
1,2192,548,550,3,a
1,2193,493,499,6,xor
1,2194,189,196,13,implies
1,2195,230,235,12,not_a
1,2196,296,302,5,b
1,2197,735,736,3,a
1,2198,13,20,8,not_or
1,2199,120,123,3,a
1,2200,346,352,12,not_a
1,2201,533,535,9,not_xor
1,2202,535,540,13,implies
1,2203,46,48,8,not_or
1,2204,201,207,1,and
1,2205,375,377,4,not_implied_by
1,2206,183,185,14,not_and
1,2207,596,600,3,a
1,2208,641,647,9,not_xor
1,2209,672,679,3,a
1,2210,660,664,1,and
1,2211,123,126,8,not_or
1,2212,80,88,6,xor
1,2213,646,651,8,not_or
1,2214,442,450,13,implies
1,2215,363,369,5,b
1,2216,721,723,3,a
1,2217,190,192,2,not_implies
1,2218,263,268,4,not_implied_by
1,2219,410,417,14,not_and
1,2220,194,196,4,not_implied_by
1,2221,721,724,11,implied_by
1,2222,186,188,2,not_implies
1,2223,516,524,8,not_or
1,2224,327,334,13,implies
1,2225,737,738,1,and
1,2226,274,282,9,not_xor
1,2227,117,118,9,not_xor
1,2228,336,343,6,xor
1,2229,388,395,13,implies
1,2230,17,21,9,not_xor
1,2231,629,636,5,b
1,2232,218,223,7,or
1,2233,385,393,8,not_or
1,2234,48,56,7,or
1,2235,557,559,11,implied_by
1,2236,651,655,10,not_b
1,2237,592,597,12,not_a
1,2238,30,34,11,implied_by
1,2239,600,607,10,not_b
1,2240,40,48,3,a
1,2241,524,529,6,xor
1,2242,275,281,14,not_and
1,2243,10,14,6,xor
1,2244,210,218,1,and
1,2245,503,509,12,not_a
1,2246,378,379,6,xor
1,2247,131,132,10,not_b
1,2248,698,701,0,zero
1,2249,554,558,10,not_b
1,2250,123,125,14,not_and
1,2251,117,124,9,not_xor
1,2252,394,399,7,or
1,2253,671,672,9,not_xor
1,2254,695,698,13,implies
1,2255,218,224,6,xor
1,2256,259,262,11,implied_by
1,2257,586,587,12,not_a
1,2258,124,128,3,a
1,2259,444,448,10,not_b
1,2260,697,701,8,not_or
1,2261,661,665,10,not_b
1,2262,450,455,7,or
1,2263,43,44,7,or
1,2264,489,491,6,xor
1,2265,519,525,8,not_or
1,2266,46,47,8,not_or
1,2267,341,348,3,a
1,2268,246,252,0,zero
1,2269,521,528,5,b
1,2270,609,610,12,not_a
1,2271,140,142,6,xor
1,2272,197,200,10,not_b
1,2273,155,161,2,not_implies
1,2274,280,288,6,xor
1,2275,312,319,6,xor
1,2276,340,346,7,or
1,2277,444,451,10,not_b
1,2278,722,727,7,or
1,2279,300,307,11,implied_by
1,2280,97,103,6,xor
1,2281,305,309,8,not_or
1,2282,668,675,11,implied_by
1,2283,466,469,4,not_implied_by
1,2284,182,189,7,or
1,2285,777,783,14,not_and
1,2286,537,545,9,not_xor
1,2287,661,666,8,not_or
1,2288,446,453,8,not_or
1,2289,454,457,13,implies
1,2290,284,289,6,xor
1,2291,379,383,6,xor
1,2292,413,415,5,b
1,2293,79,81,12,not_a
1,2294,433,440,7,or
1,2295,308,316,3,a
1,2296,290,292,8,not_or
1,2297,425,427,10,not_b
1,2298,226,234,7,or
1,2299,228,230,12,not_a
1,2300,682,688,5,b
1,2301,755,756,3,a
1,2302,729,733,13,implies
1,2303,720,721,6,xor
1,2304,3,10,11,implied_by
1,2305,23,30,13,implies
1,2306,307,310,3,a
1,2307,410,411,6,xor
1,2308,90,95,9,not_xor
1,2309,619,621,6,xor
1,2310,310,312,4,not_implied_by
1,2311,438,446,15,one
1,2312,137,140,7,or
1,2313,351,355,1,and
1,2314,368,371,9,not_xor
1,2315,369,371,14,not_and
1,2316,277,281,2,not_implies
1,2317,672,676,5,b
1,2318,306,310,3,a
1,2319,117,122,4,not_implied_by
1,2320,60,68,4,not_implied_by
1,2321,119,122,4,not_implied_by
1,2322,648,649,7,or
1,2323,273,275,12,not_a
1,2324,780,783,6,xor
1,2325,229,233,0,zero
1,2326,275,277,8,not_or
1,2327,561,568,12,not_a
1,2328,278,285,10,not_b
1,2329,155,157,9,not_xor
1,2330,260,264,3,a
1,2331,522,524,7,or
1,2332,275,278,7,or
1,2333,142,143,2,not_implies
1,2334,742,749,12,not_a
1,2335,647,653,9,not_xor
1,2336,47,48,5,b
1,2337,381,386,11,implied_by
1,2338,226,229,7,or
1,2339,321,322,7,or
1,2340,245,250,9,not_xor
1,2341,394,395,6,xor
1,2342,200,205,9,not_xor
1,2343,240,247,1,and
1,2344,581,582,8,not_or
1,2345,587,593,0,zero
1,2346,3,5,4,not_implied_by
1,2347,285,287,5,b
1,2348,136,140,11,implied_by
1,2349,75,81,9,not_xor
1,2350,320,325,12,not_a
1,2351,283,287,0,zero
1,2352,742,743,9,not_xor
1,2353,92,97,14,not_and
1,2354,415,422,11,implied_by
1,2355,649,651,6,xor
1,2356,503,508,0,zero
1,2357,163,166,7,or
1,2358,568,572,7,or
1,2359,153,156,8,not_or
1,2360,767,773,13,implies
1,2361,732,737,6,xor
1,2362,168,175,6,xor
1,2363,145,147,7,or
1,2364,77,84,13,implies
1,2365,154,156,15,one
1,2366,249,254,6,xor
1,2367,418,420,14,not_and
1,2368,314,316,6,xor
1,2369,85,89,7,or
1,2370,779,783,3,a
1,2371,201,204,1,and
1,2372,721,722,6,xor
1,2373,478,484,12,not_a
1,2374,445,447,7,or
1,2375,189,197,6,xor
1,2376,677,682,8,not_or
1,2377,32,38,13,implies
1,2378,271,274,3,a
1,2379,419,424,9,not_xor
1,2380,99,102,11,implied_by
1,2381,772,777,10,not_b
1,2382,260,268,3,a
1,2383,527,532,10,not_b
1,2384,138,146,4,not_implied_by
1,2385,236,240,8,not_or
1,2386,694,701,11,implied_by
1,2387,313,315,13,implies
1,2388,245,247,9,not_xor
1,2389,199,203,8,not_or
1,2390,211,212,1,and
1,2391,467,472,5,b
1,2392,342,345,2,not_implies
1,2393,469,471,12,not_a
1,2394,495,500,8,not_or
1,2395,635,642,6,xor
1,2396,380,388,6,xor
1,2397,92,99,6,xor
1,2398,707,714,10,not_b
1,2399,599,600,10,not_b
1,2400,719,722,6,xor
1,2401,102,107,1,and
1,2402,760,764,9,not_xor
1,2403,740,744,8,not_or
1,2404,409,417,1,and
1,2405,772,778,9,not_xor
1,2406,564,570,5,b
1,2407,521,527,9,not_xor
1,2408,182,186,11,implied_by
1,2409,541,542,0,zero
1,2410,452,460,9,not_xor
1,2411,194,200,4,not_implied_by
1,2412,577,578,15,one
1,2413,514,522,12,not_a
1,2414,601,608,14,not_and
1,2415,718,724,13,implies
1,2416,504,509,4,not_implied_by
1,2417,727,733,4,not_implied_by
1,2418,145,149,14,not_and
1,2419,157,163,7,or
1,2420,606,613,9,not_xor
1,2421,150,158,10,not_b
1,2422,750,754,6,xor
1,2423,325,332,7,or
1,2424,350,355,10,not_b
1,2425,711,714,2,not_implies
1,2426,150,155,11,implied_by
1,2427,588,593,7,or
1,2428,590,593,2,not_implies
1,2429,593,599,7,or
1,2430,653,658,10,not_b
1,2431,315,318,1,and
1,2432,342,349,13,implies
1,2433,759,764,5,b
1,2434,263,265,3,a
1,2435,502,509,8,not_or
1,2436,485,487,10,not_b
1,2437,706,707,13,implies
1,2438,763,766,8,not_or
1,2439,614,620,5,b
1,2440,460,463,10,not_b
1,2441,521,522,7,or
1,2442,694,700,10,not_b
1,2443,383,390,8,not_or
1,2444,455,461,12,not_a
1,2445,98,104,5,b
1,2446,731,738,12,not_a
1,2447,193,199,7,or
1,2448,693,699,1,and
1,2449,569,575,1,and
1,2450,89,96,13,implies
1,2451,567,572,11,implied_by
1,2452,184,187,6,xor
1,2453,223,224,9,not_xor
1,2454,545,552,10,not_b
1,2455,169,171,8,not_or
1,2456,582,589,5,b
1,2457,286,294,4,not_implied_by
1,2458,130,137,13,implies
1,2459,743,749,2,not_implies
1,2460,563,564,6,xor
1,2461,601,606,13,implies
1,2462,441,448,13,implies
1,2463,320,324,9,not_xor
1,2464,752,754,9,not_xor
1,2465,530,531,2,not_implies
1,2466,360,363,13,implies
1,2467,333,337,7,or
1,2468,4,5,6,xor
1,2469,215,218,9,not_xor
1,2470,0,1,10,not_b
1,2471,232,239,7,or
1,2472,268,274,14,not_and
1,2473,36,40,9,not_xor
1,2474,270,277,9,not_xor
1,2475,590,594,11,implied_by
1,2476,401,402,8,not_or
1,2477,654,660,8,not_or
1,2478,705,709,2,not_implies
1,2479,386,387,7,or
1,2480,266,272,3,a
1,2481,330,337,13,implies
1,2482,218,219,8,not_or
1,2483,526,530,5,b
1,2484,689,692,10,not_b
1,2485,728,730,6,xor
1,2486,183,189,3,a
1,2487,261,262,7,or
1,2488,261,267,11,implied_by
1,2489,719,724,3,a
1,2490,534,540,9,not_xor
1,2491,205,213,3,a
1,2492,754,755,6,xor
1,2493,150,157,7,or
1,2494,279,283,11,implied_by
1,2495,57,59,12,not_a
1,2496,418,419,6,xor
1,2497,7,9,12,not_a
1,2498,392,397,10,not_b
1,2499,475,481,5,b
1,2500,728,734,4,not_implied_by
1,2501,589,594,10,not_b
1,2502,577,581,0,zero
1,2503,437,439,3,a
1,2504,224,232,3,a
1,2505,208,215,10,not_b
1,2506,268,275,9,not_xor
1,2507,410,414,4,not_implied_by
1,2508,158,159,6,xor
1,2509,171,178,9,not_xor
1,2510,122,129,8,not_or
1,2511,211,219,13,implies
1,2512,697,702,8,not_or
1,2513,42,43,7,or
1,2514,84,89,7,or
1,2515,766,767,6,xor
1,2516,383,384,13,implies
1,2517,553,554,3,a
1,2518,286,292,14,not_and
1,2519,338,341,7,or
1,2520,269,276,10,not_b
1,2521,606,610,10,not_b
1,2522,668,671,6,xor
1,2523,100,103,3,a
1,2524,531,535,5,b
1,2525,597,598,7,or
1,2526,216,220,13,implies
1,2527,106,107,6,xor
1,2528,570,574,11,implied_by
1,2529,151,156,3,a
1,2530,214,221,13,implies
1,2531,171,175,4,not_implied_by
1,2532,10,17,8,not_or
1,2533,297,300,12,not_a
1,2534,268,273,11,implied_by
1,2535,555,557,12,not_a
1,2536,29,33,6,xor
1,2537,79,87,5,b
1,2538,18,25,0,zero
1,2539,372,380,4,not_implied_by
1,2540,92,93,7,or
1,2541,5,8,7,or
1,2542,549,555,11,implied_by
1,2543,104,106,9,not_xor
1,2544,602,607,10,not_b
1,2545,711,712,9,not_xor
1,2546,514,515,9,not_xor
1,2547,753,758,8,not_or
1,2548,606,609,12,not_a
1,2549,615,618,1,and
1,2550,95,99,1,and
1,2551,48,49,7,or
1,2552,274,279,12,not_a
1,2553,709,715,2,not_implies
1,2554,381,384,1,and
1,2555,567,571,14,not_and
1,2556,166,167,8,not_or
1,2557,767,774,8,not_or
1,2558,505,510,14,not_and
1,2559,502,507,7,or
1,2560,567,573,6,xor
1,2561,429,435,5,b
1,2562,232,234,14,not_and
1,2563,29,30,11,implied_by
1,2564,753,760,6,xor
1,2565,667,671,13,implies
1,2566,466,472,9,not_xor
1,2567,745,752,12,not_a
1,2568,10,15,7,or
1,2569,360,361,8,not_or
1,2570,712,716,2,not_implies
1,2571,222,223,10,not_b
1,2572,686,687,1,and
1,2573,546,547,3,a
1,2574,302,306,2,not_implies
1,2575,170,178,8,not_or
1,2576,251,253,0,zero
1,2577,181,189,2,not_implies
1,2578,263,271,14,not_and
1,2579,438,441,9,not_xor
1,2580,497,499,9,not_xor
1,2581,266,269,8,not_or
1,2582,45,46,7,or
1,2583,240,241,8,not_or
1,2584,745,746,10,not_b
1,2585,36,44,11,implied_by
1,2586,504,512,1,and
1,2587,355,359,7,or
1,2588,739,744,7,or
1,2589,121,124,8,not_or
1,2590,77,85,2,not_implies
1,2591,464,469,9,not_xor
1,2592,125,131,1,and
1,2593,577,579,12,not_a
1,2594,156,163,8,not_or
1,2595,568,575,12,not_a
1,2596,64,68,8,not_or
1,2597,465,469,11,implied_by
1,2598,10,12,6,xor
1,2599,8,14,5,b
1,2600,643,649,3,a
1,2601,354,359,7,or
1,2602,399,405,15,one
1,2603,711,713,5,b
1,2604,355,361,9,not_xor
1,2605,191,194,4,not_implied_by
1,2606,27,33,14,not_and
1,2607,125,132,10,not_b
1,2608,298,304,2,not_implies
1,2609,396,403,3,a
1,2610,496,499,12,not_a
1,2611,186,192,9,not_xor
1,2612,51,53,6,xor
1,2613,151,155,5,b
1,2614,636,637,4,not_implied_by
1,2615,742,747,3,a
1,2616,598,601,3,a
1,2617,302,309,12,not_a
1,2618,276,279,4,not_implied_by
1,2619,614,619,8,not_or
1,2620,577,580,8,not_or
1,2621,701,708,10,not_b
1,2622,773,775,1,and
1,2623,322,324,7,or
1,2624,670,676,1,and
1,2625,442,447,10,not_b
1,2626,327,330,3,a
1,2627,405,409,5,b
1,2628,641,643,15,one
1,2629,657,662,10,not_b
1,2630,38,42,10,not_b
1,2631,624,626,6,xor
1,2632,33,41,7,or
1,2633,339,343,9,not_xor
1,2634,105,106,1,and
1,2635,148,149,7,or
1,2636,337,344,6,xor
1,2637,675,678,10,not_b
1,2638,356,363,6,xor
1,2639,286,293,4,not_implied_by
1,2640,363,370,14,not_and
1,2641,252,254,11,implied_by
1,2642,419,426,10,not_b
1,2643,295,298,6,xor
1,2644,424,427,8,not_or
1,2645,371,378,13,implies
1,2646,468,472,11,implied_by
1,2647,763,770,9,not_xor
1,2648,13,17,6,xor
1,2649,142,147,11,implied_by
1,2650,39,46,7,or
1,2651,682,689,5,b
1,2652,38,45,3,a
1,2653,297,305,3,a
1,2654,527,533,3,a
1,2655,387,388,6,xor
1,2656,440,446,12,not_a
1,2657,320,326,6,xor
1,2658,27,34,4,not_implied_by
1,2659,453,461,4,not_implied_by
1,2660,586,588,8,not_or
1,2661,175,181,3,a
1,2662,558,559,5,b
1,2663,388,389,10,not_b
1,2664,776,778,5,b
1,2665,689,693,6,xor
1,2666,435,438,3,a
1,2667,691,696,6,xor
1,2668,556,560,13,implies
1,2669,108,116,7,or
1,2670,29,35,11,implied_by
1,2671,4,8,0,zero
1,2672,501,502,8,not_or
1,2673,245,252,1,and
1,2674,53,54,2,not_implies
1,2675,154,159,10,not_b
1,2676,357,365,12,not_a
1,2677,326,327,3,a
1,2678,608,613,6,xor
1,2679,45,50,13,implies
1,2680,676,683,0,zero
1,2681,533,540,2,not_implies
1,2682,22,28,3,a
1,2683,225,230,6,xor
1,2684,769,773,6,xor
1,2685,200,207,4,not_implied_by
1,2686,491,497,9,not_xor
1,2687,291,297,1,and
1,2688,694,697,9,not_xor
1,2689,480,484,7,or
1,2690,340,343,14,not_and
1,2691,409,413,9,not_xor
1,2692,473,481,11,implied_by
1,2693,269,274,9,not_xor
1,2694,73,77,2,not_implies
1,2695,407,413,10,not_b
1,2696,148,151,1,and
1,2697,546,551,8,not_or
1,2698,57,58,11,implied_by
1,2699,207,209,14,not_and
1,2700,693,694,8,not_or
1,2701,336,339,6,xor
1,2702,186,189,2,not_implies
1,2703,16,23,4,not_implied_by
1,2704,709,716,7,or
1,2705,407,409,12,not_a
1,2706,16,17,1,and
1,2707,532,535,3,a
1,2708,503,510,8,not_or
1,2709,13,19,5,b
1,2710,138,142,15,one
1,2711,563,568,8,not_or
1,2712,362,368,12,not_a
1,2713,128,132,9,not_xor
1,2714,504,511,10,not_b
1,2715,113,119,5,b
1,2716,413,421,7,or
1,2717,231,234,8,not_or
1,2718,179,184,12,not_a
1,2719,138,141,8,not_or
1,2720,34,35,9,not_xor
1,2721,399,401,9,not_xor
1,2722,303,311,13,implies
1,2723,553,559,8,not_or
1,2724,163,164,8,not_or
1,2725,458,466,9,not_xor
1,2726,748,755,6,xor
1,2727,620,626,9,not_xor
1,2728,4,12,10,not_b
1,2729,527,530,10,not_b
1,2730,16,18,12,not_a
1,2731,145,148,11,implied_by
1,2732,764,771,4,not_implied_by
1,2733,655,662,2,not_implies
1,2734,680,685,6,xor
1,2735,614,621,9,not_xor
1,2736,775,779,8,not_or
1,2737,208,216,14,not_and
1,2738,249,250,6,xor
1,2739,511,519,11,implied_by
1,2740,470,474,10,not_b
1,2741,480,486,3,a
1,2742,410,413,5,b
1,2743,533,536,7,or
1,2744,706,709,6,xor
1,2745,580,584,7,or
1,2746,552,558,3,a
1,2747,63,69,8,not_or
1,2748,352,354,13,implies
1,2749,90,98,14,not_and
1,2750,547,552,7,or
1,2751,552,557,7,or
1,2752,93,96,4,not_implied_by
1,2753,738,742,10,not_b
1,2754,147,149,7,or
1,2755,616,617,3,a
1,2756,392,394,3,a
1,2757,640,646,12,not_a
1,2758,38,46,5,b
1,2759,428,432,6,xor
1,2760,406,413,0,zero
1,2761,332,339,13,implies
1,2762,438,443,14,not_and
1,2763,219,226,1,and
1,2764,735,738,8,not_or
1,2765,754,761,6,xor
1,2766,91,95,5,b
1,2767,97,99,3,a
1,2768,65,66,8,not_or
1,2769,80,87,9,not_xor
1,2770,606,612,2,not_implies
1,2771,460,468,12,not_a
1,2772,688,691,10,not_b
1,2773,496,501,2,not_implies
1,2774,615,622,9,not_xor
1,2775,277,282,3,a
1,2776,571,577,7,or
1,2777,74,78,13,implies
1,2778,101,106,7,or
1,2779,460,462,10,not_b
1,2780,289,293,1,and
1,2781,277,285,8,not_or
1,2782,516,521,5,b
1,2783,322,327,7,or
1,2784,214,218,14,not_and
1,2785,484,488,14,not_and
1,2786,374,376,10,not_b
1,2787,69,75,13,implies
1,2788,766,771,10,not_b
1,2789,345,351,12,not_a
1,2790,688,695,6,xor
1,2791,503,504,1,and
1,2792,644,649,9,not_xor
1,2793,305,310,10,not_b
1,2794,431,439,7,or
1,2795,172,180,5,b
1,2796,162,168,9,not_xor
1,2797,355,360,5,b
1,2798,693,696,8,not_or
1,2799,441,443,9,not_xor
1,2800,166,168,1,and
1,2801,596,598,8,not_or
1,2802,639,641,8,not_or
1,2803,756,760,2,not_implies
1,2804,18,21,13,implies
1,2805,307,315,6,xor
1,2806,54,61,8,not_or
1,2807,123,130,5,b
1,2808,586,589,2,not_implies
1,2809,766,769,3,a
1,2810,590,596,10,not_b
1,2811,595,598,11,implied_by
1,2812,423,425,4,not_implied_by
1,2813,284,286,7,or
1,2814,443,447,13,implies
1,2815,613,618,11,implied_by
1,2816,368,372,2,not_implies
1,2817,246,253,2,not_implies
1,2818,244,246,12,not_a
1,2819,136,138,6,xor
1,2820,37,41,5,b
1,2821,415,418,8,not_or
1,2822,688,693,9,not_xor
1,2823,22,24,15,one
1,2824,773,779,2,not_implies
1,2825,299,305,9,not_xor
1,2826,103,109,12,not_a
1,2827,517,525,2,not_implies
1,2828,266,268,4,not_implied_by
1,2829,71,77,5,b
1,2830,765,767,6,xor
1,2831,247,251,15,one
1,2832,453,456,6,xor
1,2833,181,188,5,b
1,2834,645,651,4,not_implied_by
1,2835,572,578,14,not_and
1,2836,397,403,3,a
1,2837,715,718,7,or
1,2838,147,154,3,a
1,2839,121,127,7,or
1,2840,382,390,4,not_implied_by
1,2841,670,671,13,implies
1,2842,674,678,5,b
1,2843,174,175,8,not_or
1,2844,421,423,6,xor
1,2845,537,538,6,xor
1,2846,518,521,9,not_xor
1,2847,195,201,14,not_and
1,2848,575,576,5,b
1,2849,58,64,6,xor
1,2850,38,44,12,not_a
1,2851,578,585,5,b
1,2852,565,571,12,not_a
1,2853,205,212,11,implied_by
1,2854,295,300,14,not_and
1,2855,390,398,11,implied_by
1,2856,687,693,14,not_and
1,2857,208,213,9,not_xor
1,2858,202,207,8,not_or
1,2859,102,108,9,not_xor
1,2860,571,576,5,b
1,2861,327,333,10,not_b
1,2862,698,703,0,zero
1,2863,135,137,3,a
1,2864,33,39,11,implied_by
1,2865,101,108,6,xor
1,2866,91,97,8,not_or
1,2867,116,123,6,xor
1,2868,686,692,11,implied_by
1,2869,456,462,6,xor
1,2870,325,326,3,a
1,2871,322,328,5,b
1,2872,418,425,9,not_xor
1,2873,557,561,13,implies
1,2874,606,611,6,xor
1,2875,449,451,9,not_xor
1,2876,430,434,14,not_and
1,2877,666,671,14,not_and
1,2878,224,226,11,implied_by
1,2879,327,332,8,not_or
1,2880,455,457,2,not_implies
1,2881,528,531,12,not_a
1,2882,428,434,1,and
1,2883,400,408,4,not_implied_by
1,2884,204,207,4,not_implied_by
1,2885,229,232,11,implied_by
1,2886,146,148,3,a
1,2887,336,344,9,not_xor
1,2888,117,121,8,not_or
1,2889,269,277,6,xor
1,2890,476,482,10,not_b
1,2891,437,441,13,implies
1,2892,131,134,10,not_b
1,2893,491,493,15,one
1,2894,332,338,9,not_xor
1,2895,389,390,8,not_or
1,2896,82,83,9,not_xor
1,2897,59,64,6,xor
1,2898,568,570,14,not_and
1,2899,748,751,3,a
1,2900,532,536,6,xor
1,2901,118,119,12,not_a
1,2902,534,538,6,xor
1,2903,720,725,13,implies
1,2904,306,311,10,not_b
1,2905,428,431,9,not_xor
1,2906,287,292,2,not_implies
1,2907,161,164,6,xor
1,2908,417,423,14,not_and
1,2909,161,169,13,implies
1,2910,364,370,7,or
1,2911,417,419,8,not_or
1,2912,249,252,3,a
1,2913,262,270,8,not_or
1,2914,398,403,1,and
1,2915,727,729,5,b
1,2916,514,520,10,not_b
1,2917,647,651,6,xor
1,2918,437,442,13,implies
1,2919,47,49,8,not_or
1,2920,345,353,7,or
1,2921,356,359,1,and
1,2922,295,301,2,not_implies
1,2923,721,727,10,not_b
1,2924,657,664,11,implied_by
1,2925,733,736,8,not_or
1,2926,752,755,14,not_and
1,2927,16,22,6,xor
1,2928,279,284,15,one
1,2929,197,202,9,not_xor
1,2930,745,751,7,or
1,2931,537,540,7,or
1,2932,54,60,12,not_a
1,2933,267,269,6,xor
1,2934,535,543,5,b
1,2935,39,44,2,not_implies
1,2936,512,515,4,not_implied_by
1,2937,437,438,10,not_b
1,2938,490,491,3,a
1,2939,651,654,4,not_implied_by
1,2940,769,775,6,xor
1,2941,40,42,5,b
1,2942,493,494,8,not_or
1,2943,687,690,9,not_xor
1,2944,487,492,6,xor
1,2945,613,617,7,or
1,2946,103,111,13,implies
1,2947,145,153,4,not_implied_by
1,2948,414,418,7,or
1,2949,656,662,13,implies
1,2950,398,405,5,b
1,2951,627,630,13,implies
1,2952,517,518,14,not_and
1,2953,146,154,9,not_xor
1,2954,237,242,9,not_xor
1,2955,600,604,1,and
1,2956,368,373,7,or
1,2957,28,30,6,xor
1,2958,359,360,12,not_a
1,2959,258,262,8,not_or
1,2960,299,304,0,zero
1,2961,292,298,11,implied_by
1,2962,504,510,11,implied_by
1,2963,185,189,13,implies
1,2964,434,438,14,not_and
1,2965,93,94,8,not_or
1,2966,34,41,4,not_implied_by
1,2967,251,255,5,b
1,2968,713,720,10,not_b
1,2969,695,700,8,not_or
1,2970,233,241,6,xor
1,2971,150,154,6,xor
1,2972,32,36,0,zero
1,2973,704,708,11,implied_by
1,2974,258,259,10,not_b
1,2975,705,712,11,implied_by
1,2976,343,345,10,not_b
1,2977,204,206,9,not_xor
1,2978,256,264,7,or
1,2979,735,737,3,a
1,2980,502,503,8,not_or
1,2981,426,433,13,implies
1,2982,620,625,10,not_b
1,2983,88,93,8,not_or
1,2984,147,151,1,and
1,2985,389,394,9,not_xor
1,2986,543,547,9,not_xor
1,2987,493,498,9,not_xor
1,2988,664,670,3,a
1,2989,56,60,8,not_or
1,2990,382,386,14,not_and
1,2991,430,438,4,not_implied_by
1,2992,647,654,11,implied_by
1,2993,660,665,9,not_xor
1,2994,703,709,12,not_a
1,2995,242,244,7,or
1,2996,550,555,6,xor
1,2997,462,465,8,not_or
1,2998,675,677,3,a
1,2999,294,299,14,not_and
1,3000,488,489,10,not_b
1,3001,45,51,12,not_a
1,3002,288,291,11,implied_by
1,3003,119,123,9,not_xor
1,3004,9,16,2,not_implies
1,3005,149,155,7,or
1,3006,77,83,2,not_implies
1,3007,621,626,1,and
1,3008,268,271,13,implies
1,3009,472,480,7,or
1,3010,534,541,13,implies
1,3011,223,231,7,or
1,3012,140,147,12,not_a
1,3013,529,533,13,implies
1,3014,402,406,5,b
1,3015,441,445,5,b
1,3016,301,308,7,or
1,3017,111,116,3,a
1,3018,580,587,9,not_xor
1,3019,116,120,7,or
1,3020,312,313,7,or
1,3021,679,685,5,b
1,3022,613,614,6,xor
1,3023,249,257,8,not_or
1,3024,350,358,6,xor
1,3025,458,464,6,xor
1,3026,210,216,3,a
1,3027,499,505,11,implied_by
1,3028,556,559,5,b
1,3029,263,270,2,not_implies
1,3030,80,81,8,not_or
1,3031,659,664,4,not_implied_by
1,3032,732,739,9,not_xor
1,3033,620,622,11,implied_by
1,3034,766,770,8,not_or
1,3035,624,628,13,implies
1,3036,225,226,8,not_or
1,3037,422,424,5,b
1,3038,500,508,13,implies
1,3039,149,154,0,zero
1,3040,288,295,11,implied_by
1,3041,52,58,8,not_or
1,3042,622,623,8,not_or
1,3043,231,235,3,a
1,3044,117,119,11,implied_by
1,3045,735,741,11,implied_by
1,3046,408,410,14,not_and
1,3047,199,205,3,a
1,3048,39,42,7,or
1,3049,2,7,15,one
1,3050,440,445,3,a
1,3051,110,117,14,not_and
1,3052,157,164,6,xor
1,3053,112,114,7,or
1,3054,685,691,6,xor
1,3055,6,11,9,not_xor
1,3056,242,250,13,implies
1,3057,307,314,11,implied_by
1,3058,283,290,7,or
1,3059,313,314,7,or
1,3060,636,641,8,not_or
1,3061,534,542,6,xor
1,3062,173,176,7,or
1,3063,672,678,4,not_implied_by
1,3064,717,723,6,xor
1,3065,409,412,5,b
1,3066,579,580,8,not_or
1,3067,127,129,12,not_a
1,3068,331,333,11,implied_by
1,3069,484,492,2,not_implies
1,3070,343,349,7,or
1,3071,598,602,3,a
1,3072,500,505,12,not_a
1,3073,378,386,8,not_or
1,3074,441,446,2,not_implies
1,3075,574,578,7,or
1,3076,473,477,9,not_xor
1,3077,88,92,12,not_a
1,3078,531,539,10,not_b
1,3079,196,203,9,not_xor
1,3080,370,371,4,not_implied_by
1,3081,171,172,3,a
1,3082,584,585,5,b
1,3083,641,642,7,or
1,3084,383,389,6,xor
1,3085,405,406,6,xor
1,3086,187,190,6,xor
1,3087,241,242,4,not_implied_by
1,3088,395,402,9,not_xor
1,3089,420,421,6,xor
1,3090,199,207,12,not_a
1,3091,718,725,6,xor
1,3092,733,734,9,not_xor
1,3093,364,369,15,one
1,3094,671,673,12,not_a
1,3095,273,277,5,b
1,3096,560,561,10,not_b
1,3097,70,76,9,not_xor
1,3098,280,282,1,and
1,3099,462,463,7,or
1,3100,78,84,6,xor
1,3101,323,326,12,not_a
1,3102,307,309,10,not_b
1,3103,144,148,7,or
1,3104,697,704,2,not_implies
1,3105,282,284,14,not_and
1,3106,426,427,8,not_or
1,3107,745,750,4,not_implied_by
1,3108,367,368,7,or
1,3109,497,501,10,not_b
1,3110,54,58,1,and
1,3111,448,453,7,or
1,3112,89,97,7,or
1,3113,221,223,8,not_or
1,3114,556,557,12,not_a
1,3115,162,167,9,not_xor
1,3116,532,540,8,not_or
1,3117,482,483,8,not_or
1,3118,178,185,3,a
1,3119,135,136,7,or
1,3120,96,103,10,not_b
1,3121,400,404,11,implied_by
1,3122,105,111,1,and
1,3123,377,379,8,not_or
1,3124,396,397,6,xor
1,3125,164,166,7,or
1,3126,708,710,5,b
1,3127,420,427,12,not_a
1,3128,454,460,12,not_a
1,3129,384,390,4,not_implied_by
1,3130,453,454,9,not_xor
1,3131,444,445,7,or
1,3132,35,39,11,implied_by
1,3133,134,136,9,not_xor
1,3134,585,587,7,or
1,3135,625,631,6,xor
1,3136,292,296,10,not_b
1,3137,199,202,7,or
1,3138,29,34,6,xor
1,3139,587,588,14,not_and
1,3140,446,449,6,xor
1,3141,572,575,3,a
1,3142,180,181,10,not_b
1,3143,560,563,5,b
1,3144,543,548,4,not_implied_by
1,3145,770,773,11,implied_by
1,3146,445,449,12,not_a
1,3147,699,702,5,b
1,3148,676,681,6,xor
1,3149,779,780,8,not_or
1,3150,443,448,15,one
1,3151,566,572,6,xor
1,3152,99,104,14,not_and
1,3153,611,616,12,not_a
1,3154,332,340,14,not_and
1,3155,394,396,7,or
1,3156,439,440,1,and
1,3157,216,218,12,not_a
1,3158,326,328,9,not_xor
1,3159,8,15,1,and
1,3160,255,263,8,not_or
1,3161,361,369,6,xor
1,3162,554,555,1,and
1,3163,511,516,3,a
1,3164,155,156,3,a
1,3165,427,431,12,not_a
1,3166,736,743,8,not_or
1,3167,324,325,10,not_b
1,3168,648,652,13,implies
1,3169,580,583,9,not_xor
1,3170,78,80,7,or
1,3171,150,151,5,b
1,3172,1,6,9,not_xor
1,3173,27,30,13,implies
1,3174,300,303,1,and
1,3175,69,74,13,implies
1,3176,21,28,8,not_or
1,3177,231,239,9,not_xor
1,3178,338,339,7,or
1,3179,25,29,9,not_xor
1,3180,696,699,2,not_implies
1,3181,161,166,3,a
1,3182,664,671,7,or
1,3183,518,526,3,a
1,3184,495,498,1,and
1,3185,681,686,4,not_implied_by
1,3186,429,436,5,b
1,3187,591,593,11,implied_by
1,3188,222,228,3,a
1,3189,725,730,8,not_or
1,3190,93,99,0,zero
1,3191,203,204,10,not_b
1,3192,41,44,1,and
1,3193,95,101,3,a
1,3194,311,313,7,or
1,3195,669,674,5,b
1,3196,725,729,7,or
1,3197,198,206,11,implied_by
1,3198,673,677,8,not_or
1,3199,489,490,1,and
1,3200,161,163,7,or
1,3201,116,121,3,a
1,3202,272,278,7,or
1,3203,19,20,7,or
1,3204,574,577,4,not_implied_by
1,3205,211,213,13,implies
1,3206,593,594,14,not_and
1,3207,243,244,8,not_or
1,3208,442,448,6,xor
1,3209,442,449,9,not_xor
1,3210,450,456,11,implied_by
1,3211,252,257,9,not_xor
1,3212,617,623,5,b
1,3213,765,770,4,not_implied_by
1,3214,495,496,7,or
1,3215,583,589,7,or
1,3216,67,75,7,or
1,3217,335,342,6,xor
1,3218,656,661,14,not_and
1,3219,283,289,8,not_or
1,3220,426,428,6,xor
1,3221,97,102,9,not_xor
1,3222,360,365,5,b
1,3223,280,287,7,or
1,3224,14,17,13,implies
1,3225,157,165,14,not_and
1,3226,553,558,14,not_and
1,3227,336,342,3,a
1,3228,704,707,6,xor
1,3229,447,452,15,one
1,3230,225,228,10,not_b
1,3231,383,388,8,not_or
1,3232,323,325,5,b
1,3233,612,613,6,xor
1,3234,669,675,11,implied_by
1,3235,256,263,1,and
1,3236,544,547,13,implies
1,3237,275,276,5,b
1,3238,564,571,8,not_or
1,3239,512,520,13,implies
1,3240,37,42,2,not_implies
1,3241,273,279,9,not_xor
1,3242,50,56,2,not_implies
1,3243,758,760,12,not_a
1,3244,598,599,7,or
1,3245,725,727,9,not_xor
1,3246,711,715,6,xor
1,3247,144,149,7,or
1,3248,301,303,2,not_implies
1,3249,402,409,6,xor
1,3250,417,422,8,not_or
1,3251,415,420,5,b
1,3252,461,464,14,not_and
1,3253,422,430,6,xor
1,3254,627,634,10,not_b
1,3255,188,196,2,not_implies
1,3256,168,169,9,not_xor
1,3257,386,394,9,not_xor
1,3258,661,662,10,not_b
1,3259,730,737,14,not_and
1,3260,450,458,11,implied_by
1,3261,582,585,10,not_b
1,3262,697,703,8,not_or
1,3263,418,423,7,or
1,3264,232,235,3,a
1,3265,737,740,9,not_xor
1,3266,463,469,5,b
1,3267,707,711,4,not_implied_by
1,3268,609,613,9,not_xor
1,3269,316,317,1,and
1,3270,162,165,6,xor
1,3271,697,700,5,b
1,3272,469,477,8,not_or
1,3273,120,124,3,a
1,3274,457,464,5,b
1,3275,633,637,6,xor
1,3276,174,177,4,not_implied_by
1,3277,298,305,6,xor
1,3278,703,706,6,xor
1,3279,636,642,0,zero
1,3280,136,142,7,or
1,3281,772,775,13,implies
1,3282,49,51,6,xor
1,3283,254,256,7,or
1,3284,140,141,7,or
1,3285,631,634,14,not_and
1,3286,611,618,3,a
1,3287,258,266,15,one
1,3288,362,369,2,not_implies
1,3289,711,717,2,not_implies
1,3290,35,41,1,and
1,3291,648,653,12,not_a
1,3292,139,146,4,not_implied_by
1,3293,438,445,1,and
1,3294,201,203,10,not_b
1,3295,4,9,8,not_or
1,3296,254,261,7,or
1,3297,471,474,14,not_and
1,3298,338,345,10,not_b
1,3299,781,783,10,not_b
1,3300,273,280,7,or
1,3301,624,631,10,not_b
1,3302,468,476,2,not_implies
1,3303,454,458,14,not_and
1,3304,498,506,2,not_implies
1,3305,324,329,13,implies
1,3306,159,164,9,not_xor
1,3307,605,606,6,xor
1,3308,644,645,5,b
1,3309,265,270,11,implied_by
1,3310,377,382,5,b
1,3311,335,338,6,xor
1,3312,708,711,9,not_xor
1,3313,234,238,8,not_or
1,3314,733,738,11,implied_by
1,3315,775,776,10,not_b
1,3316,227,235,8,not_or
1,3317,28,32,8,not_or
1,3318,753,755,6,xor
1,3319,520,523,2,not_implies
1,3320,283,285,8,not_or
1,3321,416,419,15,one
1,3322,388,393,5,b
1,3323,680,682,3,a
1,3324,174,182,12,not_a
1,3325,165,169,8,not_or
1,3326,599,605,5,b
1,3327,468,474,8,not_or
1,3328,144,151,11,implied_by
1,3329,680,686,1,and
1,3330,130,132,10,not_b
1,3331,626,630,2,not_implies
1,3332,223,227,12,not_a
1,3333,102,106,6,xor
1,3334,584,589,3,a
1,3335,258,263,10,not_b
1,3336,759,762,13,implies
1,3337,691,698,13,implies
1,3338,163,167,8,not_or
1,3339,76,84,12,not_a
1,3340,734,735,2,not_implies
1,3341,173,178,10,not_b
1,3342,489,496,8,not_or
1,3343,478,480,10,not_b
1,3344,446,451,7,or
1,3345,448,450,4,not_implied_by
1,3346,63,65,8,not_or
1,3347,153,154,14,not_and
1,3348,570,577,8,not_or
1,3349,472,474,11,implied_by
1,3350,699,700,2,not_implies
1,3351,10,18,6,xor
1,3352,487,495,1,and
1,3353,772,779,11,implied_by
1,3354,497,503,2,not_implies
1,3355,597,604,2,not_implies
1,3356,10,11,8,not_or
1,3357,260,266,3,a
1,3358,302,305,9,not_xor
1,3359,600,605,8,not_or
1,3360,421,429,3,a
1,3361,518,519,3,a
1,3362,755,762,12,not_a
1,3363,230,236,11,implied_by
1,3364,661,663,7,or
1,3365,209,217,2,not_implies
1,3366,220,227,10,not_b
1,3367,141,148,8,not_or
1,3368,201,208,9,not_xor
1,3369,200,202,9,not_xor
1,3370,7,10,5,b
1,3371,768,771,10,not_b
1,3372,475,482,9,not_xor
1,3373,530,535,7,or
1,3374,89,91,4,not_implied_by
1,3375,729,735,1,and
1,3376,22,25,6,xor
1,3377,525,526,12,not_a
1,3378,390,394,10,not_b
1,3379,487,491,7,or
1,3380,665,669,5,b
1,3381,674,675,1,and
1,3382,741,748,10,not_b
1,3383,688,690,6,xor
1,3384,671,678,7,or
1,3385,203,206,10,not_b
1,3386,757,759,3,a
1,3387,585,586,7,or
1,3388,163,171,8,not_or
1,3389,637,638,10,not_b
1,3390,476,477,6,xor
1,3391,425,433,6,xor
1,3392,12,18,10,not_b
1,3393,110,113,12,not_a
1,3394,551,553,6,xor
1,3395,321,329,1,and
1,3396,81,86,6,xor
1,3397,577,582,10,not_b
1,3398,427,432,8,not_or
1,3399,471,475,5,b
1,3400,424,426,6,xor
1,3401,722,724,3,a
1,3402,609,615,3,a
1,3403,658,665,12,not_a
1,3404,466,468,6,xor
1,3405,235,236,5,b
1,3406,323,330,6,xor
1,3407,420,426,5,b
1,3408,397,401,12,not_a
1,3409,316,323,1,and
1,3410,640,641,10,not_b
1,3411,237,238,7,or
1,3412,539,543,2,not_implies
1,3413,585,590,7,or
1,3414,229,236,8,not_or
1,3415,741,746,10,not_b
1,3416,294,295,10,not_b
1,3417,27,32,10,not_b
1,3418,658,660,12,not_a
1,3419,184,192,6,xor
1,3420,234,240,1,and
1,3421,45,52,13,implies
1,3422,541,546,11,implied_by
1,3423,173,180,9,not_xor
1,3424,289,291,12,not_a
1,3425,660,666,6,xor
1,3426,182,185,2,not_implies
1,3427,60,64,6,xor
1,3428,408,411,10,not_b
1,3429,7,14,14,not_and
1,3430,449,455,1,and
1,3431,778,783,1,and
1,3432,329,337,12,not_a
1,3433,607,608,8,not_or
1,3434,644,650,11,implied_by
1,3435,330,332,11,implied_by
1,3436,513,520,0,zero
1,3437,321,325,11,implied_by
1,3438,26,29,13,implies
1,3439,255,261,8,not_or
1,3440,525,530,4,not_implied_by
1,3441,37,40,6,xor
1,3442,376,382,10,not_b
1,3443,89,90,2,not_implies
1,3444,176,181,10,not_b
1,3445,676,682,0,zero
1,3446,56,64,11,implied_by
1,3447,611,612,0,zero
1,3448,255,257,8,not_or
1,3449,630,637,3,a
1,3450,387,392,2,not_implies
1,3451,506,507,12,not_a
1,3452,553,560,8,not_or
1,3453,62,63,7,or
1,3454,52,56,5,b
1,3455,227,230,3,a
1,3456,677,681,12,not_a
1,3457,346,347,8,not_or
1,3458,130,136,10,not_b
1,3459,312,317,11,implied_by
1,3460,222,226,7,or
1,3461,258,264,7,or
1,3462,509,513,5,b
1,3463,636,640,13,implies
1,3464,159,163,8,not_or
1,3465,116,118,5,b
1,3466,164,168,3,a
1,3467,358,362,3,a
1,3468,200,206,10,not_b
1,3469,429,434,8,not_or
1,3470,605,611,9,not_xor
1,3471,109,110,8,not_or
1,3472,449,450,1,and
1,3473,58,66,11,implied_by
1,3474,632,634,7,or
1,3475,665,670,1,and
1,3476,570,575,13,implies
1,3477,188,195,9,not_xor
1,3478,310,316,14,not_and
1,3479,382,383,12,not_a
1,3480,368,370,7,or
1,3481,470,478,8,not_or
1,3482,198,199,15,one
1,3483,320,321,1,and
1,3484,122,124,14,not_and
1,3485,639,646,9,not_xor
1,3486,405,411,5,b
1,3487,746,752,13,implies
1,3488,454,455,9,not_xor
1,3489,733,739,11,implied_by
1,3490,75,78,8,not_or
1,3491,305,307,7,or
1,3492,745,748,12,not_a
1,3493,587,594,9,not_xor
1,3494,630,631,14,not_and
1,3495,445,446,5,b
1,3496,218,221,5,b
1,3497,634,637,13,implies
1,3498,625,629,3,a
1,3499,662,664,5,b
1,3500,456,460,7,or
1,3501,335,341,6,xor
1,3502,250,252,10,not_b
1,3503,4,7,14,not_and
1,3504,598,604,4,not_implied_by
1,3505,552,553,10,not_b
1,3506,464,472,10,not_b
1,3507,5,11,12,not_a
1,3508,383,391,3,a
1,3509,86,90,9,not_xor
1,3510,273,281,13,implies
1,3511,187,195,2,not_implies
1,3512,468,471,14,not_and
1,3513,349,352,7,or
1,3514,379,385,14,not_and
1,3515,612,617,0,zero
1,3516,192,195,12,not_a
1,3517,483,484,8,not_or
1,3518,122,123,14,not_and
1,3519,400,406,12,not_a
1,3520,624,630,13,implies
1,3521,555,561,5,b
1,3522,13,15,6,xor
1,3523,40,41,8,not_or
1,3524,449,454,13,implies
1,3525,770,775,2,not_implies
1,3526,615,617,5,b
1,3527,689,696,9,not_xor
1,3528,509,517,9,not_xor
1,3529,80,86,7,or
1,3530,688,694,5,b
1,3531,711,716,7,or
1,3532,739,741,8,not_or
1,3533,695,696,5,b
1,3534,79,83,9,not_xor
1,3535,121,129,8,not_or
1,3536,189,190,2,not_implies
1,3537,372,376,1,and
1,3538,167,168,7,or
1,3539,746,753,13,implies
1,3540,650,654,14,not_and
1,3541,66,71,7,or
1,3542,478,485,4,not_implied_by
1,3543,726,731,9,not_xor
1,3544,226,231,12,not_a
1,3545,621,628,14,not_and
1,3546,397,404,12,not_a
1,3547,531,532,7,or
1,3548,651,656,9,not_xor
1,3549,533,539,13,implies
1,3550,80,83,9,not_xor
1,3551,469,470,7,or
1,3552,452,457,3,a
1,3553,397,398,10,not_b
1,3554,108,112,10,not_b
1,3555,712,719,5,b
1,3556,93,100,12,not_a
1,3557,755,761,6,xor
1,3558,698,705,5,b
1,3559,676,679,8,not_or
1,3560,76,80,1,and
1,3561,129,133,8,not_or
1,3562,342,350,9,not_xor
1,3563,652,659,7,or
1,3564,652,658,4,not_implied_by
1,3565,37,39,11,implied_by
1,3566,221,226,3,a
1,3567,619,624,4,not_implied_by
1,3568,371,375,10,not_b
1,3569,507,513,12,not_a
1,3570,174,176,1,and
1,3571,757,761,4,not_implied_by
1,3572,100,106,8,not_or
1,3573,498,505,10,not_b
1,3574,579,583,1,and
1,3575,652,655,6,xor
1,3576,87,95,9,not_xor
1,3577,324,327,13,implies
1,3578,179,187,3,a
1,3579,11,16,12,not_a
1,3580,365,368,8,not_or
1,3581,293,296,1,and
1,3582,153,158,3,a
1,3583,239,246,12,not_a
1,3584,598,603,1,and
1,3585,446,447,3,a
1,3586,135,138,10,not_b
1,3587,118,122,6,xor
1,3588,667,670,8,not_or
1,3589,739,743,7,or
1,3590,190,191,5,b
1,3591,639,643,14,not_and
1,3592,544,548,0,zero
1,3593,485,493,3,a
1,3594,670,673,8,not_or
1,3595,756,763,11,implied_by
1,3596,699,706,15,one
1,3597,604,605,8,not_or
1,3598,60,62,7,or
1,3599,427,433,3,a
1,3600,109,112,9,not_xor
1,3601,724,726,12,not_a
1,3602,742,745,8,not_or
1,3603,538,539,15,one
1,3604,359,363,6,xor
1,3605,772,774,5,b
1,3606,536,543,5,b
1,3607,491,494,7,or
1,3608,522,525,13,implies
1,3609,217,220,9,not_xor
1,3610,16,21,8,not_or
1,3611,593,600,10,not_b
1,3612,360,364,3,a
1,3613,481,484,4,not_implied_by
1,3614,773,774,7,or
1,3615,684,686,9,not_xor
1,3616,270,274,13,implies
1,3617,108,113,4,not_implied_by
1,3618,166,173,6,xor
1,3619,659,662,8,not_or
1,3620,722,723,8,not_or
1,3621,120,122,6,xor
1,3622,337,345,2,not_implies
1,3623,231,232,7,or
1,3624,563,570,2,not_implies
1,3625,342,347,12,not_a
1,3626,684,690,8,not_or
1,3627,385,390,9,not_xor
1,3628,661,667,14,not_and
1,3629,11,14,11,implied_by
1,3630,353,357,6,xor
1,3631,748,753,7,or
1,3632,304,307,8,not_or
1,3633,363,364,12,not_a
1,3634,650,652,6,xor
1,3635,513,518,1,and
1,3636,59,60,1,and
1,3637,485,488,10,not_b
1,3638,253,254,12,not_a
1,3639,377,381,5,b
1,3640,361,365,9,not_xor
1,3641,436,443,5,b
1,3642,412,414,5,b
1,3643,736,738,3,a
1,3644,485,491,6,xor
1,3645,232,237,4,not_implied_by
1,3646,597,603,8,not_or
1,3647,152,154,6,xor
1,3648,744,751,3,a
1,3649,180,185,14,not_and
1,3650,68,70,3,a
1,3651,439,446,4,not_implied_by
1,3652,244,250,6,xor
1,3653,173,177,12,not_a
1,3654,0,5,0,zero
1,3655,69,73,5,b
1,3656,729,734,9,not_xor
1,3657,73,74,8,not_or
1,3658,581,586,7,or
1,3659,507,510,4,not_implied_by
1,3660,203,209,6,xor
1,3661,614,615,7,or
1,3662,458,461,5,b
1,3663,175,179,9,not_xor
1,3664,663,666,1,and
1,3665,319,325,9,not_xor
1,3666,160,162,2,not_implies
1,3667,174,180,8,not_or
1,3668,19,27,7,or
1,3669,510,511,8,not_or
1,3670,666,669,9,not_xor
1,3671,554,559,4,not_implied_by
1,3672,710,716,3,a
1,3673,486,494,6,xor
1,3674,410,416,4,not_implied_by
1,3675,262,264,8,not_or
1,3676,468,470,11,implied_by
1,3677,496,497,8,not_or
1,3678,644,647,8,not_or
1,3679,87,92,10,not_b
1,3680,668,674,1,and
1,3681,472,476,12,not_a
1,3682,526,529,3,a
1,3683,672,675,6,xor
1,3684,133,140,9,not_xor
1,3685,540,541,2,not_implies
1,3686,737,744,5,b
1,3687,416,423,7,or
1,3688,515,522,9,not_xor
1,3689,411,413,8,not_or
1,3690,278,284,8,not_or
1,3691,663,670,3,a
1,3692,506,510,5,b
1,3693,407,410,2,not_implies
1,3694,318,321,13,implies
1,3695,495,499,9,not_xor
1,3696,682,686,10,not_b
1,3697,40,47,1,and
1,3698,539,546,6,xor
1,3699,276,281,8,not_or
1,3700,288,296,11,implied_by
1,3701,73,78,8,not_or
1,3702,44,47,5,b
1,3703,210,214,5,b
1,3704,126,131,5,b
1,3705,132,140,13,implies
1,3706,739,745,10,not_b
1,3707,124,127,11,implied_by
1,3708,209,215,3,a
1,3709,361,367,10,not_b
1,3710,5,6,5,b
1,3711,726,728,7,or
1,3712,128,131,6,xor
1,3713,200,204,8,not_or
1,3714,511,518,14,not_and
1,3715,319,326,4,not_implied_by
1,3716,440,443,11,implied_by
1,3717,737,739,7,or
1,3718,304,305,14,not_and
1,3719,418,424,12,not_a
1,3720,43,47,13,implies
1,3721,414,422,13,implies
1,3722,284,287,10,not_b
1,3723,614,617,7,or
1,3724,123,124,14,not_and
1,3725,446,454,8,not_or
1,3726,571,575,5,b
1,3727,721,728,2,not_implies
1,3728,32,33,8,not_or
1,3729,272,279,10,not_b
1,3730,216,219,9,not_xor
1,3731,403,407,10,not_b
1,3732,522,526,5,b
1,3733,594,601,2,not_implies
1,3734,274,281,7,or
1,3735,393,398,11,implied_by
1,3736,141,143,8,not_or
1,3737,727,732,12,not_a
1,3738,593,596,14,not_and
1,3739,443,451,5,b
1,3740,477,480,9,not_xor
1,3741,151,157,3,a
1,3742,344,350,3,a
1,3743,291,295,5,b
1,3744,257,260,7,or
1,3745,477,485,6,xor
1,3746,423,426,6,xor
1,3747,39,45,5,b
1,3748,445,448,3,a
1,3749,236,239,12,not_a
1,3750,559,563,4,not_implied_by
1,3751,49,54,9,not_xor
1,3752,216,217,10,not_b
1,3753,495,503,8,not_or
1,3754,603,607,5,b
1,3755,579,581,3,a
1,3756,500,506,2,not_implies
1,3757,473,475,3,a
1,3758,182,190,8,not_or
1,3759,472,477,7,or
1,3760,683,687,9,not_xor
1,3761,97,104,2,not_implies
1,3762,521,525,11,implied_by
1,3763,11,18,12,not_a
1,3764,469,473,5,b
1,3765,348,356,4,not_implied_by
1,3766,233,237,8,not_or
1,3767,517,519,7,or
1,3768,475,477,7,or
1,3769,604,606,9,not_xor
1,3770,566,570,1,and
1,3771,536,537,7,or
1,3772,152,160,1,and
1,3773,622,625,12,not_a
1,3774,36,38,8,not_or
1,3775,264,265,15,one
1,3776,433,434,1,and
1,3777,434,435,14,not_and
1,3778,206,212,9,not_xor
1,3779,674,680,6,xor
1,3780,172,177,8,not_or
1,3781,676,677,15,one
1,3782,749,753,13,implies
1,3783,548,554,10,not_b
1,3784,620,627,12,not_a
1,3785,134,137,6,xor
1,3786,259,265,5,b
1,3787,750,753,6,xor
1,3788,211,215,13,implies
1,3789,687,692,10,not_b
1,3790,508,514,4,not_implied_by
1,3791,151,152,8,not_or
1,3792,338,346,2,not_implies
1,3793,58,60,3,a
1,3794,153,155,7,or
1,3795,146,150,12,not_a
1,3796,377,380,14,not_and
1,3797,714,719,14,not_and
1,3798,296,297,7,or
1,3799,214,215,3,a
1,3800,26,33,6,xor
1,3801,543,549,7,or
1,3802,448,455,7,or
1,3803,488,495,6,xor
1,3804,172,174,8,not_or
1,3805,611,614,5,b
1,3806,602,606,6,xor
1,3807,1,5,3,a
1,3808,101,109,9,not_xor
1,3809,638,642,12,not_a
1,3810,655,659,3,a
1,3811,715,722,13,implies
1,3812,750,755,8,not_or
1,3813,645,649,3,a
1,3814,42,44,1,and
1,3815,397,399,10,not_b
1,3816,100,108,13,implies
1,3817,499,503,9,not_xor
1,3818,32,34,8,not_or
1,3819,96,97,8,not_or
1,3820,10,13,5,b
1,3821,449,453,8,not_or
1,3822,503,511,2,not_implies
1,3823,673,678,14,not_and
1,3824,573,576,10,not_b
1,3825,235,239,11,implied_by
1,3826,391,397,11,implied_by
1,3827,398,400,9,not_xor
1,3828,395,397,9,not_xor
1,3829,412,417,13,implies
1,3830,555,556,4,not_implied_by
1,3831,594,596,1,and
1,3832,729,731,6,xor
1,3833,567,568,11,implied_by
1,3834,142,145,8,not_or
1,3835,244,245,14,not_and
1,3836,170,172,6,xor
1,3837,81,83,4,not_implied_by
1,3838,30,38,8,not_or
1,3839,247,250,2,not_implies
1,3840,168,170,8,not_or
1,3841,438,439,11,implied_by
1,3842,217,219,9,not_xor
1,3843,158,163,9,not_xor
1,3844,121,128,8,not_or
1,3845,173,174,6,xor
1,3846,416,421,13,implies
1,3847,572,579,6,xor
1,3848,82,90,11,implied_by
1,3849,290,293,4,not_implied_by
1,3850,221,229,8,not_or
1,3851,356,361,3,a
1,3852,201,205,8,not_or
1,3853,287,288,7,or
1,3854,141,149,11,implied_by
1,3855,632,633,6,xor
1,3856,103,107,2,not_implies
1,3857,301,305,6,xor
1,3858,354,360,4,not_implied_by
1,3859,551,558,10,not_b
1,3860,164,167,2,not_implies
1,3861,411,414,7,or
1,3862,249,255,8,not_or
1,3863,77,81,13,implies
1,3864,642,646,8,not_or
1,3865,646,652,9,not_xor
1,3866,404,412,12,not_a
1,3867,73,80,9,not_xor
1,3868,608,610,11,implied_by
1,3869,328,329,7,or
1,3870,417,418,6,xor
1,3871,119,127,3,a
1,3872,575,578,9,not_xor
1,3873,446,448,3,a
1,3874,144,152,13,implies
1,3875,260,262,8,not_or
1,3876,66,73,11,implied_by
1,3877,276,284,4,not_implied_by
1,3878,59,61,14,not_and
1,3879,565,570,11,implied_by
1,3880,338,343,4,not_implied_by
1,3881,366,368,9,not_xor
1,3882,56,62,10,not_b
1,3883,677,678,12,not_a
1,3884,697,699,6,xor
1,3885,658,659,9,not_xor
1,3886,499,501,6,xor
1,3887,126,133,13,implies
1,3888,770,771,6,xor
1,3889,337,343,6,xor
1,3890,746,747,7,or
1,3891,126,128,8,not_or
1,3892,641,648,8,not_or
1,3893,518,525,0,zero
1,3894,447,448,4,not_implied_by
1,3895,50,51,9,not_xor
1,3896,279,286,11,implied_by
1,3897,682,683,3,a
1,3898,481,486,11,implied_by
1,3899,391,394,2,not_implies
1,3900,30,32,1,and
1,3901,395,403,6,xor
1,3902,271,272,6,xor
1,3903,72,78,2,not_implies
1,3904,478,481,11,implied_by
1,3905,681,688,3,a
1,3906,114,117,9,not_xor
1,3907,599,604,14,not_and
1,3908,127,131,3,a
1,3909,480,481,6,xor
1,3910,35,40,11,implied_by
1,3911,209,214,11,implied_by
1,3912,708,712,6,xor
1,3913,70,73,9,not_xor
1,3914,276,278,8,not_or
1,3915,130,131,2,not_implies
1,3916,238,246,6,xor
1,3917,721,726,9,not_xor
1,3918,569,574,8,not_or
1,3919,623,630,14,not_and
1,3920,343,348,8,not_or
1,3921,119,120,8,not_or
1,3922,62,66,4,not_implied_by
1,3923,360,362,5,b
1,3924,709,713,6,xor
1,3925,373,381,14,not_and
1,3926,432,435,1,and
1,3927,494,502,15,one
1,3928,597,601,1,and
1,3929,629,632,1,and
1,3930,494,500,8,not_or
1,3931,584,588,10,not_b
1,3932,13,14,7,or
1,3933,334,341,10,not_b
1,3934,201,202,10,not_b
1,3935,17,18,9,not_xor
1,3936,296,301,11,implied_by
1,3937,446,452,2,not_implies
1,3938,574,579,7,or
1,3939,538,542,13,implies
1,3940,245,251,6,xor
1,3941,601,605,13,implies
1,3942,334,342,10,not_b
1,3943,726,727,8,not_or
1,3944,222,225,8,not_or
1,3945,251,252,7,or
1,3946,15,19,12,not_a
1,3947,742,746,9,not_xor
1,3948,452,459,6,xor
1,3949,401,403,14,not_and
1,3950,565,572,9,not_xor
1,3951,683,686,14,not_and
1,3952,514,518,3,a
1,3953,338,344,7,or
1,3954,679,680,1,and
1,3955,731,732,7,or
1,3956,75,80,6,xor
1,3957,220,223,6,xor
1,3958,396,404,8,not_or
1,3959,219,221,8,not_or
1,3960,57,63,8,not_or
1,3961,385,386,5,b
1,3962,347,351,14,not_and
1,3963,640,642,12,not_a
1,3964,730,731,8,not_or
1,3965,158,166,5,b
1,3966,57,62,7,or
1,3967,131,139,13,implies
1,3968,131,133,13,implies
1,3969,370,375,7,or
1,3970,472,473,8,not_or
1,3971,209,212,11,implied_by
1,3972,268,276,13,implies
1,3973,96,102,1,and
1,3974,172,178,1,and
1,3975,71,72,3,a
1,3976,61,66,3,a
1,3977,496,502,6,xor
1,3978,448,454,10,not_b
1,3979,2,10,5,b
1,3980,633,634,6,xor
1,3981,470,473,10,not_b
1,3982,512,516,10,not_b
1,3983,293,301,5,b
1,3984,49,56,13,implies
1,3985,304,312,7,or
1,3986,127,133,9,not_xor
1,3987,1,2,10,not_b
1,3988,318,322,11,implied_by
1,3989,563,567,5,b
1,3990,554,557,1,and
1,3991,307,308,2,not_implies
1,3992,208,211,12,not_a
1,3993,228,231,11,implied_by
1,3994,188,190,10,not_b
1,3995,490,494,9,not_xor
1,3996,82,88,3,a
1,3997,502,506,7,or
1,3998,416,420,3,a
1,3999,688,692,9,not_xor
1,4000,692,699,8,not_or
1,4001,349,356,7,or
1,4002,497,498,6,xor
1,4003,637,644,14,not_and
1,4004,83,84,9,not_xor
1,4005,576,578,5,b
1,4006,204,205,3,a
1,4007,747,749,2,not_implies
1,4008,9,14,8,not_or
1,4009,343,347,6,xor
1,4010,528,530,5,b
1,4011,280,284,14,not_and
1,4012,233,236,9,not_xor
1,4013,558,562,10,not_b
1,4014,529,532,9,not_xor
1,4015,590,595,6,xor
1,4016,491,499,9,not_xor
1,4017,675,676,12,not_a
1,4018,666,672,3,a
1,4019,68,74,12,not_a
1,4020,335,336,4,not_implied_by
1,4021,40,43,14,not_and
1,4022,724,730,14,not_and
1,4023,198,200,7,or
1,4024,546,553,6,xor
1,4025,561,562,7,or
1,4026,717,718,9,not_xor
1,4027,451,452,14,not_and
1,4028,74,76,6,xor
1,4029,451,457,8,not_or
1,4030,630,633,6,xor
1,4031,439,442,5,b
1,4032,50,55,9,not_xor
1,4033,633,640,1,and
1,4034,744,749,9,not_xor
1,4035,588,595,9,not_xor
1,4036,265,272,10,not_b
1,4037,481,485,7,or
1,4038,74,81,13,implies
1,4039,554,556,9,not_xor
1,4040,437,444,5,b
1,4041,650,657,2,not_implies
1,4042,215,216,8,not_or
1,4043,613,616,3,a
1,4044,153,157,13,implies
1,4045,676,678,9,not_xor
1,4046,681,685,9,not_xor
1,4047,547,548,6,xor
1,4048,557,558,3,a
1,4049,317,323,0,zero
1,4050,137,145,8,not_or
1,4051,424,428,11,implied_by
1,4052,391,399,14,not_and
1,4053,447,455,8,not_or
1,4054,377,384,10,not_b
1,4055,551,557,7,or
1,4056,422,428,3,a
1,4057,219,225,12,not_a
1,4058,488,493,8,not_or
1,4059,574,575,7,or
1,4060,510,513,7,or
1,4061,526,533,7,or
1,4062,435,437,11,implied_by
1,4063,451,453,6,xor
1,4064,102,110,15,one
1,4065,33,37,4,not_implied_by
1,4066,396,400,8,not_or
1,4067,287,291,11,implied_by
1,4068,243,248,9,not_xor
1,4069,265,266,15,one
1,4070,538,540,3,a
1,4071,450,454,7,or
1,4072,289,297,5,b
1,4073,730,736,7,or
1,4074,53,58,4,not_implied_by
1,4075,643,646,6,xor
1,4076,227,234,7,or
1,4077,550,552,9,not_xor
1,4078,126,129,6,xor
1,4079,670,675,5,b
1,4080,195,200,7,or
1,4081,741,747,2,not_implies
1,4082,11,19,7,or
1,4083,115,117,8,not_or
1,4084,499,504,9,not_xor
1,4085,740,745,8,not_or
1,4086,680,684,6,xor
1,4087,257,262,6,xor
1,4088,15,17,13,implies
1,4089,172,176,7,or
1,4090,117,120,8,not_or
1,4091,405,412,14,not_and
1,4092,229,235,13,implies
1,4093,62,64,7,or
1,4094,762,765,13,implies
1,4095,116,124,4,not_implied_by
1,4096,136,137,5,b
1,4097,96,101,14,not_and
1,4098,252,256,11,implied_by
1,4099,84,86,6,xor
1,4100,305,311,6,xor
1,4101,535,536,12,not_a
1,4102,707,712,6,xor
1,4103,149,152,8,not_or
1,4104,376,380,14,not_and
1,4105,78,81,12,not_a
1,4106,100,102,7,or
1,4107,692,693,14,not_and
1,4108,68,75,8,not_or
1,4109,24,31,7,or
1,4110,718,721,10,not_b
1,4111,305,306,9,not_xor
1,4112,451,455,10,not_b
1,4113,359,366,3,a
1,4114,447,454,2,not_implies
1,4115,26,34,1,and
1,4116,618,623,10,not_b
1,4117,713,716,10,not_b
1,4118,348,350,1,and
1,4119,675,682,6,xor
1,4120,413,419,2,not_implies
1,4121,669,671,6,xor
1,4122,694,698,8,not_or
1,4123,394,401,7,or
1,4124,348,354,13,implies
1,4125,575,579,1,and
1,4126,231,236,7,or
1,4127,643,645,1,and
1,4128,195,196,6,xor
1,4129,757,764,11,implied_by
1,4130,536,542,14,not_and
1,4131,282,283,6,xor
1,4132,512,517,6,xor
1,4133,689,694,6,xor
1,4134,148,156,13,implies
1,4135,697,698,4,not_implied_by
1,4136,176,178,3,a
1,4137,345,348,13,implies
1,4138,99,100,12,not_a
1,4139,484,491,3,a
1,4140,292,297,2,not_implies
1,4141,139,147,11,implied_by
1,4142,262,267,14,not_and
1,4143,423,424,6,xor
1,4144,417,421,7,or
1,4145,356,358,13,implies
1,4146,436,439,12,not_a
1,4147,677,683,9,not_xor
1,4148,731,733,6,xor
1,4149,96,104,14,not_and
1,4150,520,527,9,not_xor
1,4151,763,765,10,not_b
1,4152,542,546,9,not_xor
1,4153,703,708,3,a
1,4154,668,670,11,implied_by
1,4155,54,59,8,not_or
1,4156,727,730,10,not_b
1,4157,158,161,14,not_and
1,4158,655,661,6,xor
1,4159,92,95,8,not_or
1,4160,700,703,14,not_and
1,4161,413,417,7,or
1,4162,531,537,15,one
1,4163,298,302,9,not_xor
1,4164,377,385,10,not_b
1,4165,247,249,11,implied_by
1,4166,542,549,12,not_a
1,4167,366,369,6,xor
1,4168,569,572,7,or
1,4169,596,597,11,implied_by
1,4170,171,174,9,not_xor
1,4171,27,35,11,implied_by
1,4172,587,589,11,implied_by
1,4173,70,77,4,not_implied_by
1,4174,187,188,9,not_xor
1,4175,113,118,8,not_or
1,4176,379,382,12,not_a
1,4177,475,479,2,not_implies
1,4178,389,392,8,not_or
1,4179,93,101,13,implies
1,4180,422,427,7,or
1,4181,332,334,10,not_b
1,4182,755,759,9,not_xor
1,4183,444,449,0,zero
1,4184,623,625,9,not_xor
1,4185,418,422,8,not_or
1,4186,558,563,3,a
1,4187,98,106,10,not_b
1,4188,285,288,11,implied_by
1,4189,131,138,7,or
1,4190,714,721,12,not_a
1,4191,705,710,11,implied_by
1,4192,612,615,3,a
1,4193,374,380,9,not_xor
1,4194,686,691,11,implied_by
1,4195,770,774,3,a
1,4196,655,657,1,and
1,4197,759,766,7,or
1,4198,262,265,11,implied_by
1,4199,497,502,5,b
1,4200,39,40,1,and
1,4201,328,330,8,not_or
1,4202,561,567,7,or
1,4203,252,253,15,one
1,4204,777,778,1,and
1,4205,508,516,15,one
1,4206,463,466,1,and
1,4207,447,449,8,not_or
1,4208,269,272,0,zero
1,4209,456,457,7,or
1,4210,337,339,8,not_or
1,4211,492,495,13,implies
1,4212,229,234,10,not_b
1,4213,332,333,5,b
1,4214,756,762,7,or
1,4215,620,621,8,not_or
1,4216,633,638,5,b
1,4217,308,310,4,not_implied_by
1,4218,225,227,8,not_or
1,4219,310,314,8,not_or
1,4220,240,243,11,implied_by
1,4221,615,619,12,not_a
1,4222,414,420,1,and
1,4223,559,566,6,xor
1,4224,22,29,12,not_a
1,4225,206,210,13,implies
1,4226,392,400,6,xor
1,4227,376,384,1,and
1,4228,775,781,1,and
1,4229,271,276,14,not_and
1,4230,449,452,7,or
1,4231,314,319,7,or
1,4232,558,561,5,b
1,4233,393,395,9,not_xor
1,4234,36,37,7,or
1,4235,24,27,12,not_a
1,4236,296,304,9,not_xor
1,4237,309,311,14,not_and
1,4238,299,303,3,a
1,4239,61,63,9,not_xor
1,4240,88,95,2,not_implies
1,4241,277,284,12,not_a
1,4242,7,15,10,not_b
1,4243,637,640,7,or
1,4244,215,222,7,or
1,4245,746,751,12,not_a
1,4246,135,140,6,xor
1,4247,136,144,8,not_or
1,4248,211,216,7,or
1,4249,91,92,8,not_or
1,4250,300,306,3,a
1,4251,6,8,5,b
1,4252,335,339,1,and
1,4253,452,456,11,implied_by
1,4254,640,645,8,not_or
1,4255,0,3,13,implies
1,4256,83,89,2,not_implies
1,4257,261,269,11,implied_by
1,4258,71,76,6,xor
1,4259,162,164,0,zero
1,4260,456,459,6,xor
1,4261,169,172,8,not_or
1,4262,46,49,2,not_implies
1,4263,703,710,2,not_implies
1,4264,698,702,12,not_a
1,4265,603,605,6,xor
1,4266,244,251,2,not_implies
1,4267,610,613,9,not_xor
1,4268,623,624,9,not_xor
1,4269,287,294,12,not_a
1,4270,360,366,5,b
1,4271,507,508,11,implied_by
1,4272,345,352,11,implied_by
1,4273,764,767,7,or
1,4274,281,289,8,not_or
1,4275,613,615,9,not_xor
1,4276,186,190,5,b
1,4277,54,57,7,or
1,4278,217,221,13,implies
1,4279,555,558,12,not_a
1,4280,58,59,7,or
1,4281,747,752,2,not_implies
1,4282,234,241,6,xor
1,4283,181,185,6,xor
1,4284,574,576,8,not_or
1,4285,107,110,8,not_or
1,4286,66,70,11,implied_by
1,4287,480,487,13,implies
1,4288,206,213,6,xor
1,4289,236,237,14,not_and
1,4290,549,556,4,not_implied_by
1,4291,174,181,7,or
1,4292,536,544,7,or
1,4293,96,100,7,or
1,4294,284,292,12,not_a
1,4295,370,373,10,not_b
1,4296,723,729,2,not_implies
1,4297,501,504,9,not_xor
1,4298,36,39,6,xor
1,4299,624,627,12,not_a
1,4300,76,81,2,not_implies
1,4301,316,324,11,implied_by
1,4302,47,54,7,or
1,4303,437,445,10,not_b
1,4304,665,666,8,not_or
1,4305,318,325,9,not_xor
1,4306,66,69,5,b
1,4307,756,757,15,one
1,4308,79,84,3,a
1,4309,53,61,14,not_and
1,4310,144,145,8,not_or
1,4311,20,27,14,not_and
1,4312,500,501,6,xor
1,4313,744,746,7,or
1,4314,251,256,3,a
1,4315,13,18,13,implies
1,4316,656,658,6,xor
1,4317,712,718,12,not_a
1,4318,339,340,4,not_implied_by
1,4319,195,197,9,not_xor
1,4320,41,49,6,xor
1,4321,617,620,6,xor
1,4322,393,397,13,implies
1,4323,563,566,13,implies
1,4324,515,519,14,not_and
1,4325,557,564,5,b
1,4326,158,162,3,a
1,4327,270,275,3,a
1,4328,101,107,13,implies
1,4329,437,443,9,not_xor
1,4330,409,411,8,not_or
1,4331,246,251,2,not_implies
1,4332,504,506,5,b
1,4333,187,193,9,not_xor
1,4334,744,750,6,xor
1,4335,696,702,14,not_and
1,4336,313,317,3,a
1,4337,328,332,8,not_or
1,4338,768,772,14,not_and
1,4339,747,748,14,not_and
1,4340,107,112,13,implies
1,4341,285,292,9,not_xor
1,4342,481,483,9,not_xor
1,4343,221,222,1,and
1,4344,564,568,9,not_xor
1,4345,430,437,2,not_implies
1,4346,59,67,6,xor
1,4347,421,422,6,xor
1,4348,616,621,4,not_implied_by
1,4349,153,161,8,not_or
1,4350,282,289,6,xor
1,4351,631,633,11,implied_by
1,4352,367,371,6,xor
1,4353,758,764,8,not_or
1,4354,765,772,3,a
1,4355,565,567,6,xor
1,4356,519,521,7,or
1,4357,437,440,4,not_implied_by
1,4358,717,721,3,a
1,4359,777,780,8,not_or
1,4360,729,732,7,or
1,4361,387,389,3,a
1,4362,570,571,13,implies
1,4363,504,505,7,or
1,4364,732,734,4,not_implied_by
1,4365,387,391,9,not_xor
1,4366,773,777,3,a
1,4367,77,82,6,xor
1,4368,748,750,11,implied_by
1,4369,550,553,5,b
1,4370,658,663,1,and
1,4371,168,173,4,not_implied_by
1,4372,448,456,10,not_b
1,4373,417,425,5,b
1,4374,364,368,6,xor
1,4375,757,758,13,implies
1,4376,625,628,1,and
1,4377,57,65,4,not_implied_by
1,4378,229,231,8,not_or
1,4379,712,713,7,or
1,4380,385,392,10,not_b
1,4381,382,388,2,not_implies
1,4382,579,584,1,and
1,4383,751,756,13,implies
1,4384,369,370,7,or
1,4385,571,578,13,implies
1,4386,211,214,1,and
1,4387,488,492,12,not_a
1,4388,189,194,8,not_or
1,4389,490,492,6,xor
1,4390,82,85,4,not_implied_by
1,4391,490,493,1,and
1,4392,155,163,7,or
1,4393,465,473,12,not_a
1,4394,542,547,9,not_xor
1,4395,596,603,11,implied_by
1,4396,152,153,1,and
1,4397,370,372,9,not_xor
1,4398,31,33,14,not_and
1,4399,450,452,1,and
1,4400,639,640,7,or
1,4401,391,398,7,or
1,4402,253,255,4,not_implied_by
1,4403,234,236,8,not_or
1,4404,122,125,10,not_b
1,4405,744,747,9,not_xor
1,4406,156,164,14,not_and
1,4407,420,425,7,or
1,4408,213,217,7,or
1,4409,96,99,1,and
1,4410,330,338,8,not_or
1,4411,134,135,10,not_b
1,4412,11,12,10,not_b
1,4413,137,138,10,not_b
1,4414,761,767,7,or
1,4415,628,631,7,or
1,4416,218,225,8,not_or
1,4417,341,347,7,or
1,4418,335,340,3,a
1,4419,495,501,8,not_or
1,4420,707,713,1,and
1,4421,487,490,14,not_and
1,4422,170,173,6,xor
1,4423,12,16,10,not_b
1,4424,519,522,6,xor
1,4425,50,57,9,not_xor
1,4426,177,184,11,implied_by
1,4427,583,587,10,not_b
1,4428,138,145,14,not_and
1,4429,278,279,7,or
1,4430,611,613,6,xor
1,4431,43,48,13,implies
1,4432,465,467,2,not_implies
1,4433,329,336,6,xor
1,4434,174,178,8,not_or
1,4435,335,343,8,not_or
1,4436,160,164,5,b
1,4437,299,300,10,not_b
1,4438,724,731,8,not_or
1,4439,678,682,6,xor
1,4440,762,763,14,not_and
1,4441,247,252,9,not_xor
1,4442,717,724,3,a
1,4443,586,591,4,not_implied_by
1,4444,504,508,8,not_or
1,4445,764,768,9,not_xor
1,4446,267,270,5,b
1,4447,221,224,13,implies
1,4448,650,653,15,one
1,4449,738,741,7,or
1,4450,532,534,7,or
1,4451,243,246,3,a
1,4452,76,82,12,not_a
1,4453,559,561,11,implied_by
1,4454,508,515,9,not_xor
1,4455,347,355,14,not_and
1,4456,178,179,8,not_or
1,4457,38,41,7,or
1,4458,224,229,5,b
1,4459,545,550,3,a
1,4460,78,79,3,a
1,4461,752,756,12,not_a
1,4462,467,475,12,not_a
1,4463,758,765,7,or
1,4464,583,586,8,not_or
1,4465,371,372,15,one
1,4466,502,510,9,not_xor
1,4467,326,329,12,not_a
1,4468,555,560,13,implies
1,4469,288,290,13,implies
1,4470,103,106,7,or
1,4471,114,119,5,b
1,4472,519,526,4,not_implied_by
1,4473,778,780,12,not_a
1,4474,756,761,7,or
1,4475,701,706,12,not_a
1,4476,384,391,3,a
1,4477,187,191,9,not_xor
1,4478,41,45,6,xor
1,4479,209,211,5,b
1,4480,686,689,14,not_and
1,4481,199,206,4,not_implied_by
1,4482,679,684,7,or
1,4483,256,259,1,and
1,4484,34,36,1,and
1,4485,513,519,1,and
1,4486,660,663,2,not_implies
1,4487,708,713,1,and
1,4488,167,170,7,or
1,4489,771,774,1,and
1,4490,547,550,6,xor
1,4491,776,783,12,not_a
1,4492,389,396,6,xor
1,4493,357,364,12,not_a
1,4494,700,701,2,not_implies
1,4495,228,229,7,or
1,4496,511,517,2,not_implies
1,4497,150,153,6,xor
1,4498,143,150,3,a
1,4499,657,659,1,and
1,4500,393,394,11,implied_by
1,4501,59,63,10,not_b
1,4502,337,338,8,not_or
1,4503,55,60,9,not_xor
1,4504,462,467,9,not_xor
1,4505,346,353,9,not_xor
1,4506,354,355,4,not_implied_by
1,4507,317,318,14,not_and
1,4508,663,664,14,not_and
1,4509,530,533,7,or
1,4510,658,664,3,a
1,4511,241,243,6,xor
1,4512,569,576,11,implied_by
1,4513,433,438,12,not_a
1,4514,465,470,9,not_xor
1,4515,410,418,8,not_or
1,4516,113,121,3,a
1,4517,222,227,2,not_implies
1,4518,430,432,3,a
1,4519,384,392,8,not_or
1,4520,357,363,4,not_implied_by
1,4521,353,360,5,b
1,4522,14,22,7,or
1,4523,381,383,5,b
1,4524,167,173,7,or
1,4525,521,524,13,implies
1,4526,227,233,9,not_xor
1,4527,450,451,14,not_and
1,4528,299,307,3,a
1,4529,654,657,1,and
1,4530,21,29,8,not_or
1,4531,242,243,9,not_xor
1,4532,450,457,12,not_a
1,4533,329,334,13,implies
1,4534,266,267,9,not_xor
1,4535,42,49,9,not_xor
1,4536,142,149,12,not_a
1,4537,275,279,12,not_a
1,4538,656,657,3,a
1,4539,282,290,7,or
1,4540,423,431,8,not_or
1,4541,250,256,7,or
1,4542,668,672,1,and
1,4543,456,458,6,xor
1,4544,28,34,4,not_implied_by
1,4545,610,614,8,not_or
1,4546,520,528,4,not_implied_by
1,4547,105,112,0,zero
1,4548,591,592,10,not_b
1,4549,736,742,5,b
1,4550,321,326,12,not_a
1,4551,466,473,7,or
1,4552,35,36,2,not_implies
1,4553,659,660,1,and
1,4554,215,217,14,not_and
1,4555,207,210,10,not_b
1,4556,698,704,10,not_b
1,4557,738,739,9,not_xor
1,4558,116,122,8,not_or
1,4559,470,475,2,not_implies
1,4560,291,296,6,xor
1,4561,509,515,5,b
1,4562,74,75,14,not_and
1,4563,367,369,8,not_or
1,4564,451,459,8,not_or
1,4565,142,144,11,implied_by
1,4566,529,537,12,not_a
1,4567,427,429,11,implied_by
1,4568,211,217,4,not_implied_by
1,4569,379,380,7,or
1,4570,50,53,12,not_a
1,4571,51,55,10,not_b
1,4572,660,662,7,or
1,4573,537,542,6,xor
1,4574,360,368,7,or
1,4575,436,438,11,implied_by
1,4576,776,779,8,not_or
1,4577,561,564,9,not_xor
1,4578,639,644,6,xor
1,4579,270,276,6,xor
1,4580,351,359,1,and
1,4581,192,200,7,or
1,4582,48,52,12,not_a
1,4583,403,404,12,not_a
1,4584,691,692,9,not_xor
1,4585,591,594,11,implied_by
1,4586,640,643,7,or
1,4587,293,298,11,implied_by
1,4588,147,150,7,or
1,4589,675,679,1,and
1,4590,264,270,14,not_and
1,4591,314,317,7,or
1,4592,213,215,7,or
1,4593,154,160,10,not_b
1,4594,255,258,6,xor
1,4595,565,568,7,or
1,4596,313,321,6,xor
1,4597,182,183,7,or
1,4598,493,495,4,not_implied_by
1,4599,91,99,5,b
1,4600,774,780,7,or
1,4601,251,258,11,implied_by
1,4602,230,238,12,not_a
1,4603,150,156,12,not_a
1,4604,390,392,3,a
1,4605,499,507,8,not_or
1,4606,626,629,3,a
1,4607,482,487,14,not_and
1,4608,22,27,12,not_a
1,4609,206,214,6,xor
1,4610,460,467,11,implied_by
1,4611,372,375,12,not_a
1,4612,346,354,10,not_b
1,4613,766,768,7,or
1,4614,151,159,5,b
1,4615,54,62,11,implied_by
1,4616,443,449,3,a
1,4617,343,351,15,one
1,4618,275,280,15,one
1,4619,106,109,7,or
1,4620,731,735,4,not_implied_by
1,4621,249,256,8,not_or
1,4622,525,531,7,or
1,4623,642,643,7,or
1,4624,247,253,8,not_or
1,4625,40,45,7,or
1,4626,592,595,10,not_b
1,4627,53,59,11,implied_by
1,4628,161,162,3,a
1,4629,552,556,7,or
1,4630,760,762,7,or
1,4631,382,384,1,and
1,4632,59,65,4,not_implied_by
1,4633,258,265,5,b
1,4634,726,730,2,not_implies
1,4635,650,656,6,xor
1,4636,663,668,7,or
1,4637,214,216,11,implied_by
1,4638,560,564,14,not_and
1,4639,504,507,8,not_or
1,4640,127,132,8,not_or
1,4641,525,529,1,and
1,4642,625,627,6,xor
1,4643,351,357,5,b
1,4644,288,294,8,not_or
1,4645,423,428,11,implied_by
1,4646,581,585,11,implied_by
1,4647,272,273,14,not_and
1,4648,699,703,12,not_a
1,4649,122,126,7,or
1,4650,291,299,13,implies
1,4651,147,148,14,not_and
1,4652,596,599,1,and
1,4653,674,676,7,or
1,4654,273,276,6,xor
1,4655,302,304,9,not_xor
1,4656,253,258,9,not_xor
1,4657,226,233,7,or
1,4658,696,700,2,not_implies
1,4659,562,564,6,xor
1,4660,35,38,6,xor
1,4661,203,208,9,not_xor
1,4662,586,592,10,not_b
1,4663,581,587,10,not_b
1,4664,61,68,13,implies
1,4665,67,69,10,not_b
1,4666,486,487,6,xor
1,4667,454,462,14,not_and
1,4668,151,154,10,not_b
1,4669,664,668,13,implies
1,4670,704,706,8,not_or
1,4671,714,717,12,not_a
1,4672,228,233,14,not_and
1,4673,88,89,14,not_and
1,4674,436,441,6,xor
1,4675,176,179,4,not_implied_by
1,4676,204,212,12,not_a
1,4677,262,263,7,or
1,4678,235,243,1,and
1,4679,181,184,9,not_xor
1,4680,206,208,1,and
1,4681,251,254,6,xor
1,4682,750,757,5,b
1,4683,486,488,11,implied_by
1,4684,328,334,7,or
1,4685,64,71,14,not_and
1,4686,18,19,10,not_b
1,4687,559,564,1,and
1,4688,305,312,13,implies
1,4689,304,310,10,not_b
1,4690,280,285,9,not_xor
1,4691,672,673,7,or
1,4692,754,760,3,a
1,4693,751,757,7,or
1,4694,651,658,11,implied_by
1,4695,483,490,2,not_implies
1,4696,190,196,8,not_or
1,4697,49,50,5,b
1,4698,252,259,6,xor
1,4699,65,69,6,xor
1,4700,75,77,7,or
1,4701,167,174,6,xor
1,4702,696,703,5,b
1,4703,282,288,4,not_implied_by
1,4704,512,514,9,not_xor
1,4705,562,569,3,a
1,4706,39,43,3,a
1,4707,752,753,4,not_implied_by
1,4708,445,452,12,not_a
1,4709,2,3,3,a
1,4710,110,114,3,a
1,4711,182,188,5,b
1,4712,777,781,4,not_implied_by
1,4713,182,187,11,implied_by
1,4714,687,691,14,not_and
1,4715,99,105,14,not_and
1,4716,596,602,7,or
1,4717,213,218,3,a
1,4718,409,414,7,or
1,4719,552,559,14,not_and
1,4720,87,93,9,not_xor
1,4721,482,485,3,a
1,4722,534,539,6,xor
1,4723,309,317,5,b
1,4724,275,283,10,not_b
1,4725,28,29,4,not_implied_by
1,4726,97,105,9,not_xor
1,4727,403,409,0,zero
1,4728,566,569,12,not_a
1,4729,89,94,1,and
1,4730,735,742,8,not_or
1,4731,294,301,5,b
1,4732,692,697,13,implies
1,4733,463,470,2,not_implies
1,4734,528,533,0,zero
1,4735,154,155,3,a
1,4736,30,37,12,not_a
1,4737,265,268,3,a
1,4738,50,52,13,implies
1,4739,538,544,1,and
1,4740,133,141,11,implied_by
1,4741,305,308,13,implies
1,4742,183,187,13,implies
1,4743,128,134,6,xor
1,4744,700,704,7,or
1,4745,743,747,7,or
1,4746,239,240,0,zero
1,4747,460,465,6,xor
1,4748,158,165,12,not_a
1,4749,694,699,8,not_or
1,4750,773,778,12,not_a
1,4751,266,273,2,not_implies
1,4752,489,493,4,not_implied_by
1,4753,771,778,13,implies
1,4754,556,561,11,implied_by
1,4755,757,760,10,not_b
1,4756,590,592,6,xor
1,4757,208,210,7,or
1,4758,482,488,6,xor
1,4759,97,100,7,or
1,4760,321,323,8,not_or
1,4761,595,599,5,b
1,4762,190,195,13,implies
1,4763,297,303,10,not_b
1,4764,591,595,7,or
1,4765,584,586,13,implies
1,4766,184,189,14,not_and
1,4767,406,408,12,not_a
1,4768,316,319,2,not_implies
1,4769,419,425,8,not_or
1,4770,303,310,14,not_and
1,4771,428,430,9,not_xor
1,4772,282,287,6,xor
1,4773,291,294,7,or
1,4774,351,358,9,not_xor
1,4775,600,603,6,xor
1,4776,762,769,5,b
1,4777,528,535,6,xor
1,4778,233,240,9,not_xor
1,4779,431,436,6,xor
1,4780,631,637,1,and
1,4781,749,751,4,not_implied_by
1,4782,610,616,12,not_a
1,4783,94,99,1,and
1,4784,415,421,9,not_xor
1,4785,695,702,9,not_xor
1,4786,381,389,1,and
1,4787,776,780,9,not_xor
1,4788,30,36,8,not_or
1,4789,753,756,15,one
1,4790,338,342,7,or
1,4791,52,60,0,zero
1,4792,357,358,5,b
1,4793,440,442,9,not_xor
1,4794,523,531,12,not_a
1,4795,21,26,14,not_and
1,4796,487,489,6,xor
1,4797,480,488,13,implies
1,4798,68,71,12,not_a
1,4799,85,90,4,not_implied_by
1,4800,607,613,10,not_b
1,4801,524,531,7,or
1,4802,212,217,9,not_xor
1,4803,57,64,0,zero
1,4804,388,394,5,b
1,4805,161,165,6,xor
1,4806,433,441,2,not_implies
1,4807,449,457,14,not_and
1,4808,99,103,10,not_b
1,4809,583,585,14,not_and
1,4810,2,9,9,not_xor
1,4811,566,568,14,not_and
1,4812,19,21,4,not_implied_by
1,4813,655,660,15,one
1,4814,645,650,8,not_or
1,4815,720,727,13,implies
1,4816,434,441,9,not_xor
1,4817,151,153,6,xor
1,4818,15,16,3,a
1,4819,635,641,6,xor
1,4820,282,286,7,or
1,4821,43,46,10,not_b
1,4822,681,683,6,xor
1,4823,131,137,9,not_xor
1,4824,302,310,3,a
1,4825,22,30,13,implies
1,4826,624,629,10,not_b
1,4827,292,293,4,not_implied_by
1,4828,740,746,7,or
1,4829,238,244,4,not_implied_by
1,4830,192,193,8,not_or
1,4831,91,98,12,not_a
1,4832,699,705,14,not_and
1,4833,759,763,13,implies
1,4834,223,226,13,implies
1,4835,195,203,11,implied_by
1,4836,88,94,5,b
1,4837,109,115,3,a
1,4838,239,243,7,or
1,4839,250,255,2,not_implies
1,4840,496,498,3,a
1,4841,771,773,6,xor
1,4842,693,700,2,not_implies
1,4843,435,443,12,not_a
1,4844,260,261,14,not_and
1,4845,183,184,4,not_implied_by
1,4846,287,289,7,or
1,4847,206,207,7,or
1,4848,480,483,7,or
1,4849,82,89,12,not_a
1,4850,614,618,6,xor
1,4851,246,254,14,not_and
1,4852,610,612,9,not_xor
1,4853,318,326,6,xor
1,4854,83,90,10,not_b
1,4855,436,437,13,implies
1,4856,468,469,8,not_or
1,4857,333,335,9,not_xor
1,4858,212,220,13,implies
1,4859,680,687,7,or
1,4860,253,261,9,not_xor
1,4861,19,26,0,zero
1,4862,464,468,1,and
1,4863,632,637,8,not_or
1,4864,240,248,12,not_a
1,4865,478,483,7,or
1,4866,706,710,3,a
1,4867,514,517,9,not_xor
1,4868,390,393,5,b
1,4869,82,84,12,not_a
1,4870,778,782,3,a
1,4871,303,308,3,a
1,4872,204,211,6,xor
1,4873,89,95,7,or
1,4874,337,341,8,not_or
1,4875,524,526,14,not_and
1,4876,129,130,5,b
1,4877,763,768,1,and
1,4878,638,645,13,implies
1,4879,105,109,2,not_implies
1,4880,462,464,1,and
1,4881,405,410,12,not_a
1,4882,634,636,12,not_a
1,4883,260,265,8,not_or
1,4884,480,482,12,not_a
1,4885,630,634,3,a
1,4886,207,215,14,not_and
1,4887,33,35,3,a
1,4888,111,113,6,xor
1,4889,451,456,0,zero
1,4890,519,524,2,not_implies
1,4891,325,328,7,or
1,4892,740,743,10,not_b
1,4893,380,387,12,not_a
1,4894,385,387,7,or
1,4895,31,32,1,and
1,4896,309,314,8,not_or
1,4897,768,775,12,not_a
1,4898,507,514,3,a
1,4899,257,263,8,not_or
1,4900,685,687,9,not_xor
1,4901,462,470,3,a
1,4902,597,600,2,not_implies
1,4903,365,373,8,not_or
1,4904,589,591,9,not_xor
1,4905,66,68,15,one
1,4906,744,745,8,not_or
1,4907,227,228,12,not_a
1,4908,654,661,13,implies
1,4909,750,751,8,not_or
1,4910,718,723,3,a
1,4911,427,428,5,b
1,4912,671,677,14,not_and
1,4913,616,623,14,not_and
1,4914,753,754,7,or
1,4915,133,135,6,xor
1,4916,728,729,13,implies
1,4917,738,740,6,xor
1,4918,692,694,4,not_implied_by
1,4919,719,720,3,a
1,4920,36,43,5,b
1,4921,563,569,4,not_implied_by
1,4922,208,214,9,not_xor
1,4923,621,624,11,implied_by
1,4924,417,420,11,implied_by
1,4925,224,231,9,not_xor
1,4926,243,251,5,b
1,4927,6,12,8,not_or
1,4928,567,574,5,b
1,4929,635,639,7,or
1,4930,47,51,9,not_xor
1,4931,732,736,14,not_and
1,4932,208,209,12,not_a
1,4933,119,121,7,or
1,4934,345,349,10,not_b
1,4935,377,378,13,implies
1,4936,719,725,9,not_xor
1,4937,129,134,13,implies
1,4938,502,504,7,or
1,4939,271,277,7,or
1,4940,203,205,11,implied_by
1,4941,485,489,5,b
1,4942,127,135,13,implies
1,4943,115,120,11,implied_by
1,4944,431,435,8,not_or
1,4945,197,205,9,not_xor
1,4946,457,459,14,not_and
1,4947,189,193,2,not_implies
1,4948,386,390,5,b
1,4949,530,537,6,xor
1,4950,633,639,7,or
1,4951,659,666,10,not_b
1,4952,377,383,9,not_xor
1,4953,203,207,9,not_xor
1,4954,484,485,3,a
1,4955,248,251,12,not_a
1,4956,232,240,4,not_implied_by
1,4957,516,518,9,not_xor
1,4958,400,405,5,b
1,4959,607,609,12,not_a
1,4960,109,111,15,one
1,4961,542,543,10,not_b
1,4962,609,611,7,or
1,4963,412,418,14,not_and
1,4964,178,182,5,b
1,4965,105,113,7,or
1,4966,648,651,6,xor
1,4967,379,386,0,zero
1,4968,575,582,3,a
1,4969,219,222,14,not_and
1,4970,140,146,7,or
1,4971,325,333,14,not_and
1,4972,692,695,7,or
1,4973,238,245,3,a
1,4974,44,51,13,implies
1,4975,309,315,8,not_or
1,4976,333,334,7,or
1,4977,384,387,7,or
1,4978,124,129,14,not_and
1,4979,263,266,3,a
1,4980,565,566,7,or
1,4981,376,383,6,xor
1,4982,421,426,4,not_implied_by
1,4983,8,12,9,not_xor
1,4984,693,695,7,or
1,4985,141,144,4,not_implied_by
1,4986,23,26,3,a
1,4987,406,414,12,not_a
1,4988,620,624,13,implies
1,4989,494,495,8,not_or
1,4990,320,322,5,b
1,4991,433,436,1,and
1,4992,162,163,8,not_or
1,4993,603,609,5,b
1,4994,9,12,7,or
1,4995,474,480,9,not_xor
1,4996,184,191,13,implies
1,4997,126,130,7,or
1,4998,153,160,2,not_implies
1,4999,43,49,2,not_implies
1,5000,44,46,12,not_a
1,5001,125,133,12,not_a
1,5002,245,249,6,xor
1,5003,375,376,7,or
1,5004,619,625,4,not_implied_by
1,5005,777,779,4,not_implied_by
1,5006,647,648,5,b
1,5007,288,292,12,not_a
1,5008,156,161,13,implies
1,5009,426,434,4,not_implied_by
1,5010,532,537,6,xor
1,5011,454,456,8,not_or
1,5012,248,253,12,not_a
1,5013,202,208,11,implied_by
1,5014,499,506,2,not_implies
1,5015,192,196,6,xor
1,5016,178,183,10,not_b
1,5017,238,241,2,not_implies
1,5018,518,522,8,not_or
1,5019,344,345,8,not_or
1,5020,352,356,6,xor
1,5021,656,659,7,or
1,5022,585,589,6,xor
1,5023,238,243,12,not_a
1,5024,25,32,9,not_xor
1,5025,473,476,2,not_implies
1,5026,311,319,3,a
1,5027,285,289,7,or
1,5028,494,499,13,implies
1,5029,740,747,9,not_xor
1,5030,509,511,8,not_or
1,5031,735,740,5,b
1,5032,424,429,1,and
1,5033,478,482,10,not_b
1,5034,685,688,1,and
1,5035,553,557,5,b
1,5036,534,537,8,not_or
1,5037,241,248,2,not_implies
1,5038,503,505,7,or
1,5039,22,23,9,not_xor
1,5040,643,647,0,zero
1,5041,137,143,12,not_a
1,5042,73,75,9,not_xor
1,5043,289,290,8,not_or
1,5044,556,562,2,not_implies
1,5045,568,574,15,one
1,5046,76,79,8,not_or
1,5047,26,32,5,b
1,5048,763,769,5,b
1,5049,198,202,8,not_or
1,5050,149,157,12,not_a
1,5051,679,686,12,not_a
1,5052,538,543,7,or
1,5053,417,424,1,and
1,5054,761,763,6,xor
1,5055,236,244,12,not_a
1,5056,781,782,9,not_xor
1,5057,402,407,9,not_xor
1,5058,323,329,4,not_implied_by
1,5059,311,312,4,not_implied_by
1,5060,199,200,14,not_and
1,5061,539,545,2,not_implies
1,5062,271,279,1,and
1,5063,175,180,6,xor
1,5064,515,517,9,not_xor
1,5065,706,711,7,or
1,5066,83,88,5,b
1,5067,167,172,6,xor
1,5068,395,398,1,and
1,5069,328,331,9,not_xor
1,5070,142,148,11,implied_by
1,5071,454,459,0,zero
1,5072,378,385,6,xor
1,5073,724,725,10,not_b
1,5074,458,459,11,implied_by
1,5075,327,331,11,implied_by
1,5076,495,497,3,a
1,5077,540,544,10,not_b
1,5078,254,260,6,xor
1,5079,666,673,13,implies
1,5080,395,399,13,implies
1,5081,691,697,13,implies
1,5082,104,109,6,xor
1,5083,91,96,5,b
1,5084,188,191,3,a
1,5085,399,407,12,not_a
1,5086,180,187,6,xor
1,5087,470,477,8,not_or
1,5088,642,645,6,xor
1,5089,616,622,11,implied_by
1,5090,357,359,8,not_or
1,5091,426,432,14,not_and
1,5092,212,214,3,a
1,5093,340,345,7,or
1,5094,312,315,0,zero
1,5095,185,187,14,not_and
1,5096,221,228,12,not_a
1,5097,653,657,15,one
1,5098,689,691,10,not_b
1,5099,511,513,13,implies
1,5100,679,683,6,xor
1,5101,381,387,14,not_and
1,5102,124,130,8,not_or
1,5103,506,508,13,implies
1,5104,25,27,1,and
1,5105,343,350,3,a
1,5106,185,186,7,or
1,5107,157,162,5,b
1,5108,386,389,10,not_b
1,5109,515,521,12,not_a
1,5110,768,774,14,not_and
1,5111,268,272,10,not_b
1,5112,52,57,3,a
1,5113,183,191,2,not_implies
1,5114,674,677,9,not_xor
1,5115,84,88,9,not_xor
1,5116,77,80,9,not_xor
1,5117,285,290,11,implied_by
1,5118,17,20,12,not_a
1,5119,431,434,0,zero
1,5120,311,315,9,not_xor
1,5121,510,517,7,or
1,5122,725,728,6,xor
1,5123,578,579,14,not_and
1,5124,164,165,12,not_a
1,5125,493,497,12,not_a
1,5126,402,404,8,not_or
1,5127,671,674,7,or
1,5128,615,620,11,implied_by
1,5129,347,353,14,not_and
1,5130,112,118,11,implied_by
1,5131,511,515,3,a
1,5132,610,617,10,not_b
1,5133,562,566,8,not_or
1,5134,133,137,2,not_implies
1,5135,67,72,10,not_b
1,5136,483,486,13,implies
1,5137,652,657,8,not_or
1,5138,612,618,6,xor
1,5139,690,697,11,implied_by
1,5140,202,210,10,not_b
1,5141,167,171,4,not_implied_by
1,5142,218,226,9,not_xor
1,5143,513,514,3,a
1,5144,439,444,10,not_b
1,5145,341,346,11,implied_by
1,5146,330,333,5,b
1,5147,723,724,2,not_implies
1,5148,17,23,13,implies
1,5149,334,337,7,or
1,5150,424,425,2,not_implies
1,5151,409,415,9,not_xor
1,5152,497,504,3,a
1,5153,479,481,6,xor
1,5154,467,469,5,b
1,5155,272,276,4,not_implied_by
1,5156,83,85,13,implies
1,5157,18,22,12,not_a
1,5158,61,62,15,one
1,5159,615,621,8,not_or
1,5160,160,166,13,implies
1,5161,407,415,4,not_implied_by
1,5162,641,645,8,not_or
1,5163,314,322,10,not_b
1,5164,726,733,4,not_implied_by
1,5165,415,416,15,one
1,5166,748,754,12,not_a
1,5167,359,364,5,b
1,5168,395,396,2,not_implies
1,5169,572,576,6,xor
1,5170,458,463,4,not_implied_by
1,5171,394,398,4,not_implied_by
1,5172,716,719,3,a
1,5173,594,598,12,not_a
1,5174,588,594,9,not_xor
1,5175,629,634,8,not_or
1,5176,69,76,6,xor
1,5177,293,300,9,not_xor
1,5178,537,543,4,not_implied_by
1,5179,638,643,10,not_b
1,5180,391,393,9,not_xor
1,5181,2,8,9,not_xor
1,5182,215,223,9,not_xor
1,5183,299,302,8,not_or
1,5184,357,360,6,xor
1,5185,239,242,9,not_xor
1,5186,246,247,10,not_b
1,5187,204,209,3,a
1,5188,367,374,7,or
1,5189,93,98,7,or
1,5190,573,574,5,b
1,5191,442,444,12,not_a
1,5192,523,528,11,implied_by
1,5193,386,388,6,xor
1,5194,51,54,12,not_a
1,5195,293,294,1,and
1,5196,645,652,7,or
1,5197,356,364,7,or
1,5198,191,193,6,xor
1,5199,628,633,6,xor
1,5200,471,477,12,not_a
1,5201,11,17,10,not_b
1,5202,319,324,8,not_or
1,5203,263,267,5,b
1,5204,295,296,7,or
1,5205,134,142,2,not_implies
1,5206,141,145,7,or
1,5207,463,464,7,or
1,5208,30,33,9,not_xor
1,5209,154,161,6,xor
1,5210,160,163,11,implied_by
1,5211,349,351,14,not_and
1,5212,428,435,4,not_implied_by
1,5213,224,225,4,not_implied_by
1,5214,44,52,13,implies
1,5215,528,534,6,xor
1,5216,46,50,9,not_xor
1,5217,103,104,7,or
1,5218,416,417,8,not_or
1,5219,527,531,2,not_implies
1,5220,490,498,2,not_implies
1,5221,371,377,6,xor
1,5222,118,126,11,implied_by
1,5223,249,253,2,not_implies
1,5224,192,199,4,not_implied_by
1,5225,710,712,5,b
1,5226,671,676,6,xor
1,5227,480,485,8,not_or
1,5228,575,581,13,implies
1,5229,718,720,2,not_implies
1,5230,190,197,13,implies
1,5231,719,721,12,not_a
1,5232,143,146,7,or
1,5233,392,398,11,implied_by
1,5234,147,152,4,not_implied_by
1,5235,252,255,14,not_and
1,5236,106,114,6,xor
1,5237,145,152,4,not_implied_by
1,5238,447,450,6,xor
1,5239,34,37,11,implied_by
1,5240,381,388,1,and
1,5241,93,95,7,or
1,5242,538,545,13,implies
1,5243,400,407,9,not_xor
1,5244,479,480,3,a
1,5245,62,67,10,not_b
1,5246,317,319,5,b
1,5247,758,759,14,not_and
1,5248,274,275,12,not_a
1,5249,476,483,6,xor
1,5250,550,551,8,not_or
1,5251,168,176,4,not_implied_by
1,5252,336,340,7,or
1,5253,434,439,10,not_b
1,5254,60,63,0,zero
1,5255,531,533,6,xor
1,5256,220,226,8,not_or
1,5257,396,399,10,not_b
1,5258,715,721,13,implies
1,5259,529,536,4,not_implied_by
1,5260,133,138,13,implies
1,5261,185,188,4,not_implied_by
1,5262,587,590,8,not_or
1,5263,741,742,8,not_or
1,5264,483,491,10,not_b
1,5265,776,782,12,not_a
1,5266,421,427,6,xor
1,5267,722,726,13,implies
1,5268,104,107,6,xor
1,5269,146,153,9,not_xor
1,5270,149,150,8,not_or
1,5271,482,490,5,b
1,5272,420,428,15,one
1,5273,441,444,8,not_or
1,5274,331,334,12,not_a
1,5275,15,22,2,not_implies
1,5276,339,342,10,not_b
1,5277,301,304,12,not_a
1,5278,308,314,6,xor
1,5279,440,448,8,not_or
1,5280,445,453,13,implies
1,5281,371,373,14,not_and
1,5282,573,579,6,xor
1,5283,175,176,8,not_or
1,5284,272,275,5,b
1,5285,651,652,7,or
1,5286,423,427,6,xor
1,5287,496,503,3,a
1,5288,280,286,10,not_b
1,5289,636,638,7,or
1,5290,428,436,5,b
1,5291,737,742,5,b
1,5292,279,282,13,implies
1,5293,557,560,0,zero
1,5294,747,751,14,not_and
1,5295,62,69,12,not_a
1,5296,265,269,8,not_or
1,5297,20,24,2,not_implies
1,5298,79,86,5,b
1,5299,62,70,10,not_b
1,5300,645,648,2,not_implies
1,5301,542,545,4,not_implied_by
1,5302,274,280,13,implies
1,5303,347,354,8,not_or
1,5304,389,397,5,b
1,5305,641,646,11,implied_by
1,5306,432,437,14,not_and
1,5307,192,197,8,not_or
1,5308,512,519,9,not_xor
1,5309,524,532,2,not_implies
1,5310,339,345,2,not_implies
1,5311,251,259,6,xor
1,5312,78,83,9,not_xor
1,5313,223,225,6,xor
1,5314,280,283,12,not_a
1,5315,376,378,5,b
1,5316,67,70,4,not_implied_by
1,5317,499,502,2,not_implies
1,5318,186,187,7,or
1,5319,358,361,5,b
1,5320,345,347,4,not_implied_by
1,5321,159,161,6,xor
1,5322,176,184,12,not_a
1,5323,132,136,9,not_xor
1,5324,7,12,10,not_b
1,5325,194,197,14,not_and
1,5326,361,366,6,xor
1,5327,380,384,2,not_implies
1,5328,63,70,6,xor
1,5329,453,459,11,implied_by
1,5330,523,525,12,not_a
1,5331,485,490,12,not_a
1,5332,486,490,12,not_a
1,5333,33,34,6,xor
1,5334,360,367,12,not_a
1,5335,322,326,1,and
1,5336,67,71,6,xor
1,5337,640,644,9,not_xor
1,5338,465,468,6,xor
1,5339,366,367,9,not_xor
1,5340,112,119,15,one
1,5341,13,21,8,not_or
1,5342,82,86,12,not_a
1,5343,749,755,7,or
1,5344,490,495,5,b
1,5345,627,633,11,implied_by
1,5346,177,178,8,not_or
1,5347,534,535,8,not_or
1,5348,244,247,10,not_b
1,5349,515,520,8,not_or
1,5350,582,583,9,not_xor
1,5351,361,364,2,not_implies
1,5352,589,596,5,b
1,5353,65,72,9,not_xor
1,5354,259,267,12,not_a
1,5355,92,98,7,or
1,5356,573,578,10,not_b
1,5357,510,515,11,implied_by
1,5358,477,483,6,xor
1,5359,56,63,5,b
1,5360,187,194,11,implied_by
1,5361,12,19,8,not_or
1,5362,76,77,1,and
1,5363,30,31,5,b
1,5364,5,12,9,not_xor
1,5365,367,372,9,not_xor
1,5366,440,441,6,xor
1,5367,197,198,8,not_or
1,5368,582,588,4,not_implied_by
1,5369,619,623,5,b
1,5370,517,521,6,xor
1,5371,95,102,10,not_b
1,5372,112,113,11,implied_by
1,5373,592,594,2,not_implies
1,5374,388,392,7,or
1,5375,362,366,8,not_or
1,5376,219,223,4,not_implied_by
1,5377,7,13,5,b
1,5378,210,213,2,not_implies
1,5379,690,696,6,xor
1,5380,455,459,6,xor
1,5381,106,111,12,not_a
1,5382,146,152,5,b
1,5383,165,173,11,implied_by
1,5384,416,424,6,xor
1,5385,593,597,6,xor
1,5386,298,300,14,not_and
1,5387,720,723,13,implies
1,5388,221,225,10,not_b
1,5389,188,192,1,and
1,5390,571,574,8,not_or
1,5391,541,548,9,not_xor
1,5392,195,202,9,not_xor
1,5393,312,314,7,or
1,5394,363,365,8,not_or
1,5395,341,349,9,not_xor
1,5396,92,100,13,implies
1,5397,574,581,6,xor
1,5398,669,670,14,not_and
1,5399,265,271,9,not_xor
1,5400,367,370,11,implied_by
1,5401,203,210,12,not_a
1,5402,249,251,13,implies
1,5403,261,265,3,a
1,5404,111,112,2,not_implies
1,5405,653,655,9,not_xor
1,5406,627,632,10,not_b
1,5407,762,764,12,not_a
1,5408,136,139,11,implied_by
1,5409,520,525,15,one
1,5410,169,174,8,not_or
1,5411,706,713,11,implied_by
1,5412,435,441,8,not_or
1,5413,731,734,8,not_or
1,5414,540,542,3,a
1,5415,759,761,5,b
1,5416,467,470,7,or
1,5417,536,538,7,or
1,5418,50,54,12,not_a
1,5419,429,432,3,a
1,5420,664,666,13,implies
1,5421,207,208,14,not_and
1,5422,672,674,5,b
1,5423,119,125,1,and
1,5424,384,385,6,xor
1,5425,281,286,8,not_or
1,5426,385,389,7,or
1,5427,394,402,7,or
1,5428,346,348,3,a
1,5429,267,275,5,b
1,5430,58,63,11,implied_by
1,5431,171,176,4,not_implied_by
1,5432,178,186,11,implied_by
1,5433,508,512,6,xor
1,5434,523,530,14,not_and
1,5435,24,30,10,not_b
1,5436,710,715,14,not_and
1,5437,342,344,1,and
1,5438,154,157,13,implies
1,5439,214,220,12,not_a
1,5440,349,355,2,not_implies
1,5441,355,357,3,a
1,5442,235,237,7,or
1,5443,257,259,3,a
1,5444,566,573,5,b
1,5445,25,26,12,not_a
1,5446,402,410,3,a
1,5447,441,447,6,xor
1,5448,461,465,7,or
1,5449,160,168,13,implies
1,5450,712,714,1,and
1,5451,71,78,8,not_or
1,5452,435,442,14,not_and
1,5453,595,602,9,not_xor
1,5454,412,415,12,not_a
1,5455,346,350,15,one
1,5456,46,51,3,a
1,5457,395,400,3,a
1,5458,414,415,3,a
1,5459,191,198,8,not_or
1,5460,741,744,5,b
1,5461,464,465,4,not_implied_by
1,5462,406,407,7,or
1,5463,749,754,7,or
1,5464,12,14,12,not_a
1,5465,106,113,2,not_implies
1,5466,648,655,11,implied_by
1,5467,684,689,14,not_and
1,5468,278,281,9,not_xor
1,5469,465,471,0,zero
1,5470,62,68,6,xor
1,5471,31,34,7,or
1,5472,713,715,8,not_or
1,5473,4,6,3,a
1,5474,330,331,5,b
1,5475,704,709,9,not_xor
1,5476,165,168,8,not_or
1,5477,535,538,6,xor
1,5478,303,309,12,not_a
1,5479,242,249,2,not_implies
1,5480,74,82,6,xor
1,5481,163,169,6,xor
1,5482,548,549,6,xor
1,5483,229,237,10,not_b
1,5484,238,242,3,a
1,5485,124,131,10,not_b
1,5486,396,401,12,not_a
1,5487,85,91,9,not_xor
1,5488,370,378,9,not_xor
1,5489,146,147,7,or
1,5490,601,604,9,not_xor
1,5491,471,472,9,not_xor
1,5492,772,776,13,implies
1,5493,47,50,11,implied_by
1,5494,145,146,5,b
1,5495,83,91,4,not_implied_by
1,5496,603,606,5,b
1,5497,198,204,9,not_xor
1,5498,289,296,6,xor
1,5499,623,627,6,xor
1,5500,540,543,10,not_b
1,5501,134,139,15,one
1,5502,407,411,6,xor
1,5503,244,249,14,not_and
1,5504,652,653,10,not_b
1,5505,125,129,10,not_b
1,5506,352,358,13,implies
1,5507,72,75,5,b
1,5508,496,500,6,xor
1,5509,408,416,9,not_xor
1,5510,479,484,15,one
1,5511,184,185,12,not_a
1,5512,575,577,6,xor
1,5513,366,372,2,not_implies
1,5514,413,420,7,or
1,5515,719,723,12,not_a
1,5516,700,702,11,implied_by
1,5517,627,628,9,not_xor
1,5518,638,644,2,not_implies
1,5519,625,626,7,or
1,5520,200,203,7,or
1,5521,520,521,12,not_a
1,5522,373,376,5,b
1,5523,690,693,7,or
1,5524,506,512,12,not_a
1,5525,251,257,8,not_or
1,5526,704,705,8,not_or
1,5527,555,562,8,not_or
1,5528,378,380,6,xor
1,5529,646,648,6,xor
1,5530,467,474,7,or
1,5531,332,335,3,a
1,5532,81,88,1,and
1,5533,69,72,3,a
1,5534,452,458,6,xor
1,5535,79,80,3,a
1,5536,212,219,9,not_xor
1,5537,219,227,13,implies
1,5538,674,681,2,not_implies
1,5539,5,13,10,not_b
1,5540,489,497,6,xor
1,5541,257,258,4,not_implied_by
1,5542,540,546,15,one
1,5543,386,393,9,not_xor
1,5544,24,28,3,a
1,5545,410,412,8,not_or
1,5546,775,780,14,not_and
1,5547,59,62,4,not_implied_by
1,5548,254,257,2,not_implies
1,5549,336,337,7,or
1,5550,669,672,6,xor
1,5551,426,431,12,not_a
1,5552,477,484,10,not_b
1,5553,87,89,5,b
1,5554,764,770,9,not_xor
1,5555,483,485,1,and
1,5556,118,123,8,not_or
1,5557,69,71,7,or
1,5558,471,476,14,not_and
1,5559,621,625,4,not_implied_by
1,5560,179,180,7,or
1,5561,549,552,3,a
1,5562,316,320,11,implied_by
1,5563,216,221,15,one
1,5564,203,211,3,a
1,5565,691,694,1,and
1,5566,349,354,8,not_or
1,5567,271,273,11,implied_by
1,5568,318,320,0,zero
1,5569,745,747,8,not_or
1,5570,107,115,5,b
1,5571,123,129,7,or
1,5572,273,274,10,not_b
1,5573,662,666,10,not_b
1,5574,709,711,3,a
1,5575,353,354,5,b
1,5576,72,77,6,xor
1,5577,538,546,12,not_a
1,5578,772,773,7,or
1,5579,88,96,10,not_b
1,5580,81,87,3,a
1,5581,308,309,7,or
1,5582,416,418,8,not_or
1,5583,292,294,11,implied_by
1,5584,294,296,13,implies
1,5585,317,321,14,not_and
1,5586,140,148,4,not_implied_by
1,5587,100,104,1,and
1,5588,436,440,14,not_and
1,5589,769,774,7,or
1,5590,743,750,3,a
1,5591,132,137,9,not_xor
1,5592,153,159,14,not_and
1,5593,279,281,6,xor
1,5594,470,476,3,a
1,5595,622,629,12,not_a
1,5596,291,298,12,not_a
1,5597,604,608,9,not_xor
1,5598,88,91,6,xor
1,5599,431,437,7,or
1,5600,756,759,8,not_or
1,5601,460,461,8,not_or
1,5602,284,290,7,or
1,5603,576,582,10,not_b
1,5604,546,548,8,not_or
1,5605,297,299,4,not_implied_by
1,5606,510,518,6,xor
1,5607,481,482,8,not_or
1,5608,591,597,10,not_b
1,5609,440,444,5,b
1,5610,564,567,4,not_implied_by
1,5611,310,313,8,not_or
1,5612,172,173,9,not_xor
1,5613,654,659,9,not_xor
1,5614,232,233,7,or
1,5615,701,707,0,zero
1,5616,209,210,15,one
1,5617,616,618,7,or
1,5618,527,534,3,a
1,5619,21,27,3,a
1,5620,405,408,10,not_b
1,5621,756,758,12,not_a
1,5622,580,585,13,implies
1,5623,301,307,8,not_or
1,5624,444,450,9,not_xor
1,5625,325,331,8,not_or
1,5626,185,193,2,not_implies
1,5627,725,731,6,xor
1,5628,324,332,1,and
1,5629,638,641,8,not_or
1,5630,376,377,7,or
1,5631,182,184,8,not_or
1,5632,380,386,1,and
1,5633,713,718,1,and
1,5634,498,501,9,not_xor
1,5635,566,567,8,not_or
1,5636,530,536,5,b
1,5637,216,223,2,not_implies
1,5638,336,341,7,or
1,5639,769,771,12,not_a
1,5640,86,92,13,implies
1,5641,191,199,9,not_xor
1,5642,673,676,2,not_implies
1,5643,133,136,9,not_xor
1,5644,100,105,7,or
1,5645,475,480,10,not_b
1,5646,136,141,14,not_and
1,5647,337,340,3,a
1,5648,401,406,10,not_b
1,5649,298,301,5,b
1,5650,109,114,10,not_b
1,5651,435,436,7,or
1,5652,23,31,5,b
1,5653,334,339,1,and
1,5654,678,680,8,not_or
1,5655,541,547,15,one
1,5656,228,235,5,b
1,5657,65,71,6,xor
1,5658,635,640,13,implies
1,5659,418,421,5,b
1,5660,510,512,12,not_a
1,5661,586,590,8,not_or
1,5662,264,269,3,a
1,5663,52,54,5,b
1,5664,27,31,11,implied_by
1,5665,358,359,5,b
1,5666,311,316,6,xor
1,5667,27,29,4,not_implied_by
1,5668,123,131,7,or
1,5669,724,729,4,not_implied_by
1,5670,548,555,3,a
1,5671,176,183,11,implied_by
1,5672,757,763,3,a
1,5673,768,773,3,a
1,5674,128,133,5,b
1,5675,779,782,11,implied_by
1,5676,445,450,7,or
1,5677,369,374,6,xor
1,5678,501,507,2,not_implies
1,5679,470,471,8,not_or
1,5680,459,461,10,not_b
1,5681,466,470,9,not_xor
1,5682,194,199,9,not_xor
1,5683,502,508,9,not_xor
1,5684,316,322,11,implied_by
1,5685,663,669,8,not_or
1,5686,544,550,6,xor
1,5687,755,758,10,not_b
1,5688,765,768,3,a
1,5689,420,423,14,not_and
1,5690,112,117,13,implies
1,5691,505,512,5,b
1,5692,148,150,9,not_xor
1,5693,699,701,2,not_implies
1,5694,653,654,9,not_xor
1,5695,525,527,3,a
1,5696,430,431,7,or
1,5697,763,767,3,a
1,5698,528,536,6,xor
1,5699,318,324,6,xor
1,5700,47,55,9,not_xor
1,5701,310,311,9,not_xor
1,5702,296,300,7,or
1,5703,559,565,6,xor
1,5704,486,489,14,not_and
1,5705,379,387,2,not_implies
1,5706,371,379,11,implied_by
1,5707,425,431,2,not_implies
1,5708,13,16,9,not_xor
1,5709,178,180,7,or
1,5710,711,718,8,not_or
1,5711,657,658,8,not_or
1,5712,317,322,7,or
1,5713,300,308,8,not_or
1,5714,482,489,7,or
1,5715,295,297,12,not_a
1,5716,489,495,14,not_and
1,5717,517,523,12,not_a
1,5718,765,771,5,b
1,5719,322,323,10,not_b
1,5720,97,101,7,or
1,5721,515,516,5,b
1,5722,132,133,7,or
1,5723,276,283,2,not_implies
1,5724,168,174,8,not_or
1,5725,457,460,6,xor
1,5726,428,429,6,xor
1,5727,35,42,6,xor
1,5728,58,62,7,or
1,5729,393,400,8,not_or
1,5730,137,141,5,b
1,5731,671,675,9,not_xor
1,5732,16,19,4,not_implied_by
1,5733,551,554,3,a
1,5734,157,161,8,not_or
1,5735,65,70,12,not_a
1,5736,649,654,6,xor
1,5737,123,127,6,xor
1,5738,278,282,7,or
1,5739,658,661,9,not_xor
1,5740,14,20,7,or
1,5741,444,447,3,a
1,5742,531,534,5,b
1,5743,156,162,9,not_xor
1,5744,219,224,8,not_or
1,5745,513,517,5,b
1,5746,768,770,9,not_xor
1,5747,198,203,6,xor
1,5748,217,224,12,not_a
1,5749,454,461,5,b
1,5750,206,211,6,xor
1,5751,24,25,14,not_and
1,5752,112,120,4,not_implied_by
1,5753,177,180,3,a
1,5754,538,541,1,and
1,5755,475,483,1,and
1,5756,69,77,6,xor
1,5757,356,357,1,and
1,5758,240,246,14,not_and
1,5759,128,129,1,and
1,5760,533,541,3,a
1,5761,747,750,11,implied_by
1,5762,443,445,9,not_xor
1,5763,281,282,9,not_xor
1,5764,355,356,7,or
1,5765,134,140,3,a
1,5766,86,93,3,a
1,5767,428,433,4,not_implied_by
1,5768,728,733,3,a
1,5769,196,204,9,not_xor
1,5770,243,247,8,not_or
1,5771,515,523,9,not_xor
1,5772,415,423,3,a
1,5773,734,738,6,xor
1,5774,159,162,13,implies
1,5775,46,53,0,zero
1,5776,95,100,14,not_and
1,5777,19,25,12,not_a
1,5778,764,765,14,not_and
1,5779,612,614,9,not_xor
1,5780,66,67,7,or
1,5781,295,299,10,not_b
1,5782,380,383,1,and
1,5783,194,195,1,and
1,5784,216,222,15,one
1,5785,217,222,13,implies
1,5786,369,373,7,or
1,5787,159,166,15,one
1,5788,42,45,8,not_or
1,5789,373,378,3,a
1,5790,610,615,12,not_a
1,5791,21,22,7,or
1,5792,661,664,9,not_xor
1,5793,607,611,14,not_and
1,5794,714,715,14,not_and
1,5795,113,120,12,not_a
1,5796,622,626,10,not_b
1,5797,212,215,9,not_xor
1,5798,386,392,9,not_xor
1,5799,412,416,9,not_xor
1,5800,363,368,11,implied_by
1,5801,34,39,9,not_xor
1,5802,261,266,4,not_implied_by
1,5803,121,125,9,not_xor
1,5804,727,734,8,not_or
1,5805,694,695,8,not_or
1,5806,112,116,9,not_xor
1,5807,340,347,11,implied_by
1,5808,683,690,7,or
1,5809,406,412,3,a
1,5810,598,605,5,b
1,5811,232,238,11,implied_by
1,5812,415,417,7,or
1,5813,321,327,0,zero
1,5814,264,266,8,not_or
1,5815,586,593,8,not_or
1,5816,84,91,5,b
1,5817,162,169,9,not_xor
1,5818,412,419,7,or
1,5819,33,38,3,a
1,5820,510,514,11,implied_by
1,5821,142,150,8,not_or
1,5822,666,670,2,not_implies
1,5823,68,73,4,not_implied_by
1,5824,368,374,7,or
1,5825,201,209,4,not_implied_by
1,5826,567,569,3,a
1,5827,28,36,5,b
1,5828,652,654,5,b
1,5829,492,494,2,not_implies
1,5830,608,614,9,not_xor
1,5831,736,739,7,or
1,5832,323,327,5,b
1,5833,23,25,8,not_or
1,5834,673,680,11,implied_by
1,5835,733,740,5,b
1,5836,274,276,3,a
1,5837,500,504,2,not_implies
1,5838,459,463,4,not_implied_by
1,5839,471,473,7,or
1,5840,78,85,7,or
1,5841,38,43,9,not_xor
1,5842,20,22,8,not_or
1,5843,185,192,7,or
1,5844,220,221,5,b
1,5845,507,515,12,not_a
1,5846,190,194,7,or
1,5847,345,350,4,not_implied_by
1,5848,319,323,2,not_implies
1,5849,152,156,13,implies
1,5850,508,510,7,or
1,5851,443,444,6,xor
1,5852,545,551,14,not_and
1,5853,139,145,6,xor
1,5854,54,55,9,not_xor
1,5855,579,585,14,not_and
1,5856,125,130,3,a
1,5857,739,742,11,implied_by
1,5858,63,64,9,not_xor
1,5859,285,293,4,not_implied_by
1,5860,585,588,13,implies
1,5861,421,428,5,b
1,5862,274,277,2,not_implies
1,5863,285,291,10,not_b
1,5864,710,713,9,not_xor
1,5865,180,183,12,not_a
1,5866,138,143,3,a
1,5867,242,246,13,implies
1,5868,452,453,8,not_or
1,5869,474,482,2,not_implies
1,5870,330,335,13,implies
1,5871,56,58,6,xor
1,5872,592,596,6,xor
1,5873,584,587,13,implies
1,5874,573,575,2,not_implies
1,5875,632,639,5,b
1,5876,767,768,6,xor
1,5877,364,371,4,not_implied_by
1,5878,101,102,1,and
1,5879,474,475,1,and
1,5880,425,428,5,b
1,5881,73,79,7,or
1,5882,681,682,14,not_and
1,5883,55,56,15,one
1,5884,707,708,6,xor
1,5885,152,159,7,or
1,5886,654,655,12,not_a
1,5887,734,741,9,not_xor
1,5888,413,414,14,not_and
1,5889,761,768,8,not_or
1,5890,506,509,12,not_a
1,5891,23,28,0,zero
1,5892,385,391,2,not_implies
1,5893,607,610,5,b
1,5894,317,324,1,and
1,5895,6,10,3,a
1,5896,433,439,14,not_and
1,5897,382,389,10,not_b
1,5898,51,52,12,not_a
1,5899,455,463,11,implied_by
1,5900,431,438,4,not_implied_by
1,5901,488,490,6,xor
1,5902,523,524,1,and
1,5903,392,396,8,not_or
1,5904,29,32,8,not_or
1,5905,83,87,11,implied_by
1,5906,576,579,1,and
1,5907,143,145,3,a
1,5908,516,520,7,or
1,5909,722,728,6,xor
1,5910,427,434,11,implied_by
1,5911,774,777,6,xor
1,5912,643,644,14,not_and
1,5913,425,426,8,not_or
1,5914,564,566,9,not_xor
1,5915,386,391,4,not_implied_by
1,5916,39,47,3,a
1,5917,171,173,7,or
1,5918,254,262,7,or
1,5919,243,249,11,implied_by
1,5920,255,256,5,b
1,5921,70,78,6,xor
1,5922,537,541,6,xor
1,5923,331,335,12,not_a
1,5924,29,31,11,implied_by
1,5925,72,80,9,not_xor
1,5926,549,554,6,xor
1,5927,619,626,7,or
1,5928,119,124,11,implied_by
1,5929,145,150,1,and
1,5930,338,340,8,not_or
1,5931,165,166,2,not_implies
1,5932,365,372,12,not_a
1,5933,751,755,10,not_b
1,5934,40,44,14,not_and
1,5935,733,735,11,implied_by
1,5936,39,41,5,b
1,5937,708,715,3,a
1,5938,430,433,6,xor
1,5939,4,11,6,xor
1,5940,315,320,5,b
1,5941,666,667,8,not_or
1,5942,116,119,13,implies
1,5943,173,175,12,not_a
1,5944,458,460,6,xor
1,5945,664,669,13,implies
1,5946,457,465,0,zero
1,5947,665,667,8,not_or
1,5948,104,110,12,not_a
1,5949,20,21,7,or
1,5950,61,64,13,implies
1,5951,361,363,8,not_or
1,5952,736,740,6,xor
1,5953,432,439,9,not_xor
1,5954,486,492,8,not_or
1,5955,260,263,5,b
1,5956,636,643,12,not_a
1,5957,329,335,12,not_a
1,5958,94,97,5,b
1,5959,262,269,9,not_xor
1,5960,776,781,14,not_and
1,5961,26,28,2,not_implies
1,5962,595,597,8,not_or
1,5963,383,385,10,not_b
1,5964,672,677,6,xor
1,5965,292,299,5,b
1,5966,306,314,5,b
1,5967,347,350,6,xor
1,5968,642,647,12,not_a
1,5969,98,102,2,not_implies
1,5970,212,213,14,not_and
1,5971,108,114,6,xor
1,5972,262,268,10,not_b
1,5973,498,500,1,and
1,5974,384,389,5,b
1,5975,379,381,9,not_xor
1,5976,233,239,10,not_b
1,5977,383,386,9,not_xor
1,5978,540,547,9,not_xor
1,5979,253,257,12,not_a
1,5980,34,40,6,xor
1,5981,143,144,15,one
1,5982,695,699,9,not_xor
1,5983,248,254,8,not_or
1,5984,32,39,4,not_implied_by
1,5985,635,638,7,or
1,5986,38,40,12,not_a
1,5987,457,461,9,not_xor
1,5988,264,272,7,or
1,5989,100,107,13,implies
1,5990,390,391,6,xor
1,5991,65,73,10,not_b
1,5992,585,592,12,not_a
1,5993,474,476,9,not_xor
1,5994,70,75,2,not_implies
1,5995,620,623,9,not_xor
1,5996,403,408,12,not_a
1,5997,426,430,9,not_xor
1,5998,440,447,9,not_xor
1,5999,780,781,1,and
2,0,4428,4429,1,and
2,1,4886,4887,5,b
2,2,2795,2796,14,not_and
2,3,5645,5646,3,a
2,4,2620,2621,9,not_xor
2,5,4908,4909,6,xor
2,6,1394,1395,11,implied_by
2,7,5851,5852,12,not_a
2,8,5910,5911,10,not_b
2,9,1371,1372,13,implies
2,10,2409,2410,5,b
2,11,5712,5713,5,b
2,12,3268,3269,13,implies
2,13,5606,5607,10,not_b
2,14,264,265,3,a
2,15,5212,5213,7,or
2,16,1099,1100,3,a
2,17,4004,4005,3,a
2,18,1038,1039,3,a
2,19,2449,2450,11,implied_by
2,20,3191,3192,10,not_b
2,21,5991,5992,6,xor
2,22,3752,3753,11,implied_by
2,23,5238,5239,5,b
2,24,2697,2698,14,not_and
2,25,4524,4525,0,zero
2,26,677,678,0,zero
2,27,4520,4521,14,not_and
2,28,3455,3456,6,xor
2,29,372,373,9,not_xor
2,30,318,319,9,not_xor
2,31,1633,1634,3,a
2,32,5092,5093,7,or
2,33,282,283,9,not_xor
2,34,1879,1880,9,not_xor
2,35,5541,5542,3,a
2,36,166,167,3,a
2,37,3600,3601,13,implies
2,38,2559,2560,8,not_or
2,39,1461,1462,13,implies
2,40,43,44,5,b
2,41,1101,1102,1,and
2,42,504,505,12,not_a
2,43,2285,2286,10,not_b
2,44,5529,5530,6,xor
2,45,590,591,4,not_implied_by
2,46,5925,5926,5,b
2,47,3530,3531,3,a
2,48,5361,5362,10,not_b
2,49,741,742,11,implied_by
2,50,5155,5156,0,zero
2,51,5676,5677,4,not_implied_by
2,52,1360,1361,0,zero
2,53,258,259,1,and
2,54,1283,1284,4,not_implied_by
2,55,858,859,1,and
2,56,3871,3872,7,or
2,57,4891,4892,2,not_implies
2,58,1342,1343,6,xor
2,59,1977,1978,7,or
2,60,1215,1216,9,not_xor
2,61,4166,4167,8,not_or
2,62,1609,1610,3,a
2,63,359,360,5,b
2,64,5374,5375,5,b
2,65,5988,5989,11,implied_by
2,66,5228,5229,6,xor
2,67,4843,4844,0,zero
2,68,2632,2633,4,not_implied_by
2,69,815,816,13,implies
2,70,11,12,4,not_implied_by
2,71,4451,4452,14,not_and
2,72,3625,3626,11,implied_by
2,73,2059,2060,3,a
2,74,3594,3595,6,xor
2,75,1524,1525,3,a
2,76,2012,2013,8,not_or
2,77,1405,1406,10,not_b
2,78,422,423,9,not_xor
2,79,3158,3159,5,b
2,80,277,278,1,and
2,81,1330,1331,8,not_or
2,82,3260,3261,10,not_b
2,83,4842,4843,4,not_implied_by
2,84,2659,2660,10,not_b
2,85,2910,2911,7,or
2,86,843,844,14,not_and
2,87,2426,2427,5,b
2,88,5164,5165,12,not_a
2,89,1340,1341,1,and
2,90,155,156,1,and
2,91,383,384,10,not_b
2,92,2929,2930,11,implied_by
2,93,1316,1317,8,not_or
2,94,3573,3574,11,implied_by
2,95,2309,2310,8,not_or
2,96,3499,3500,12,not_a
2,97,342,343,11,implied_by
2,98,3196,3197,5,b
2,99,4537,4538,9,not_xor
2,100,4625,4626,12,not_a
2,101,5467,5468,4,not_implied_by
2,102,5373,5374,6,xor
2,103,5505,5506,3,a
2,104,4013,4014,3,a
2,105,3129,3130,8,not_or
2,106,2110,2111,5,b
2,107,680,681,8,not_or
2,108,1088,1089,6,xor
2,109,5785,5786,0,zero
2,110,2239,2240,13,implies
2,111,7,8,4,not_implied_by
2,112,1275,1276,5,b
2,113,3411,3412,9,not_xor
2,114,2107,2108,4,not_implied_by
2,115,5200,5201,14,not_and
2,116,3714,3715,3,a
2,117,5227,5228,10,not_b
2,118,3675,3676,13,implies
2,119,4245,4246,6,xor
2,120,963,964,5,b
2,121,4529,4530,6,xor
2,122,53,54,5,b
2,123,388,389,14,not_and
2,124,3057,3058,11,implied_by
2,125,1916,1917,8,not_or
2,126,5908,5909,13,implies
2,127,5603,5604,4,not_implied_by
2,128,2048,2049,2,not_implies
2,129,1601,1602,6,xor
2,130,5448,5449,1,and
2,131,5673,5674,7,or
2,132,743,744,3,a
2,133,3021,3022,3,a
2,134,879,880,8,not_or
2,135,1406,1407,1,and
2,136,5288,5289,2,not_implies
2,137,5253,5254,12,not_a
2,138,5615,5616,3,a
2,139,74,75,6,xor
2,140,5270,5271,3,a
2,141,493,494,11,implied_by
2,142,1621,1622,2,not_implies
2,143,4435,4436,2,not_implies
2,144,5621,5622,13,implies
2,145,233,234,10,not_b
2,146,3343,3344,9,not_xor
2,147,2435,2436,5,b
2,148,5461,5462,5,b
2,149,2502,2503,5,b
2,150,183,184,12,not_a
2,151,289,290,2,not_implies
2,152,2161,2162,9,not_xor
2,153,1668,1669,12,not_a
2,154,4788,4789,12,not_a
2,155,2393,2394,12,not_a
2,156,351,352,14,not_and
2,157,915,916,2,not_implies
2,158,1998,1999,13,implies
2,159,3707,3708,12,not_a
2,160,3652,3653,4,not_implied_by
2,161,3964,3965,13,implies
2,162,3011,3012,9,not_xor
2,163,418,419,11,implied_by
2,164,712,713,12,not_a
2,165,1302,1303,4,not_implied_by
2,166,2270,2271,4,not_implied_by
2,167,5341,5342,13,implies
2,168,1626,1627,0,zero
2,169,3777,3778,5,b
2,170,1217,1218,14,not_and
2,171,5503,5504,8,not_or
2,172,4241,4242,14,not_and
2,173,3815,3816,14,not_and
2,174,3938,3939,11,implied_by
2,175,628,629,2,not_implies
2,176,1786,1787,9,not_xor
2,177,2086,2087,9,not_xor
2,178,4144,4145,9,not_xor
2,179,4051,4052,9,not_xor
2,180,4238,4239,6,xor
2,181,3031,3032,5,b
2,182,3735,3736,8,not_or
2,183,3222,3223,5,b
2,184,2349,2350,7,or
2,185,453,454,2,not_implies
2,186,5064,5065,3,a
2,187,4724,4725,15,one
2,188,380,381,1,and
2,189,4731,4732,6,xor
2,190,2639,2640,3,a
2,191,4698,4699,10,not_b
2,192,5347,5348,2,not_implies
2,193,382,383,1,and
2,194,517,518,12,not_a
2,195,5244,5245,11,implied_by
2,196,46,47,2,not_implies
2,197,3225,3226,8,not_or
2,198,1576,1577,11,implied_by
2,199,5497,5498,5,b
2,200,3868,3869,6,xor
2,201,3385,3386,13,implies
2,202,3332,3333,14,not_and
2,203,1937,1938,7,or
2,204,3435,3436,12,not_a
2,205,1865,1866,5,b
2,206,3738,3739,12,not_a
2,207,1081,1082,8,not_or
2,208,3496,3497,4,not_implied_by
2,209,1410,1411,8,not_or
2,210,4785,4786,13,implies
2,211,2803,2804,10,not_b
2,212,3194,3195,2,not_implies
2,213,1058,1059,14,not_and
2,214,349,350,1,and
2,215,1489,1490,14,not_and
2,216,1350,1351,4,not_implied_by
2,217,328,329,11,implied_by
2,218,5472,5473,12,not_a
2,219,4866,4867,10,not_b
2,220,2781,2782,1,and
2,221,634,635,10,not_b
2,222,5744,5745,14,not_and
2,223,3501,3502,10,not_b
2,224,2835,2836,2,not_implies
2,225,1014,1015,10,not_b
2,226,2334,2335,3,a
2,227,4639,4640,3,a
2,228,2188,2189,10,not_b
2,229,384,385,12,not_a
2,230,623,624,6,xor
2,231,3495,3496,6,xor
2,232,5156,5157,1,and
2,233,5049,5050,5,b
2,234,1030,1031,9,not_xor
2,235,4231,4232,2,not_implies
2,236,309,310,4,not_implied_by
2,237,5705,5706,10,not_b
2,238,3317,3318,8,not_or
2,239,1279,1280,10,not_b
2,240,4190,4191,10,not_b
2,241,134,135,4,not_implied_by
2,242,2751,2752,7,or
2,243,2109,2110,13,implies
2,244,1698,1699,8,not_or
2,245,3014,3015,9,not_xor
2,246,3593,3594,11,implied_by
2,247,1200,1201,3,a
2,248,1915,1916,7,or
2,249,5353,5354,14,not_and
2,250,2767,2768,11,implied_by
2,251,3500,3501,10,not_b
2,252,4604,4605,4,not_implied_by
2,253,4691,4692,9,not_xor
2,254,5446,5447,3,a
2,255,237,238,7,or
2,256,1965,1966,12,not_a
2,257,3365,3366,10,not_b
2,258,650,651,1,and
2,259,2860,2861,14,not_and
2,260,3505,3506,14,not_and
2,261,2925,2926,1,and
2,262,3446,3447,12,not_a
2,263,4531,4532,14,not_and
2,264,361,362,3,a
2,265,2104,2105,7,or
2,266,1908,1909,7,or
2,267,1265,1266,10,not_b
2,268,859,860,9,not_xor
2,269,4931,4932,10,not_b
2,270,3409,3410,3,a
2,271,5979,5980,1,and
2,272,5996,5997,1,and
2,273,3023,3024,3,a
2,274,1009,1010,6,xor
2,275,807,808,7,or
2,276,4574,4575,8,not_or
2,277,2518,2519,2,not_implies
2,278,2954,2955,1,and
2,279,1772,1773,13,implies
2,280,3246,3247,5,b
2,281,1496,1497,8,not_or
2,282,2928,2929,5,b
2,283,5043,5044,14,not_and
2,284,2675,2676,9,not_xor
2,285,5733,5734,13,implies
2,286,1946,1947,5,b
2,287,425,426,3,a
2,288,5749,5750,6,xor
2,289,442,443,8,not_or
2,290,3468,3469,12,not_a
2,291,5726,5727,10,not_b
2,292,3097,3098,3,a
2,293,4102,4103,0,zero
2,294,2757,2758,12,not_a
2,295,2971,2972,13,implies
2,296,2509,2510,3,a
2,297,3464,3465,7,or
2,298,4075,4076,2,not_implies
2,299,719,720,15,one
2,300,2962,2963,6,xor
2,301,4501,4502,2,not_implies
2,302,1280,1281,13,implies
2,303,638,639,10,not_b
2,304,1226,1227,12,not_a
2,305,5381,5382,1,and
2,306,2480,2481,11,implied_by
2,307,2307,2308,6,xor
2,308,1632,1633,14,not_and
2,309,3974,3975,11,implied_by
2,310,2801,2802,5,b
2,311,1716,1717,9,not_xor
2,312,410,411,13,implies
2,313,255,256,12,not_a
2,314,4471,4472,11,implied_by
2,315,2455,2456,4,not_implied_by
2,316,473,474,5,b
2,317,2220,2221,13,implies
2,318,4279,4280,11,implied_by
2,319,521,522,6,xor
2,320,5336,5337,3,a
2,321,1085,1086,12,not_a
2,322,5492,5493,9,not_xor
2,323,1271,1272,2,not_implies
2,324,5189,5190,2,not_implies
2,325,5990,5991,6,xor
2,326,423,424,15,one
2,327,1048,1049,14,not_and
2,328,2567,2568,8,not_or
2,329,3511,3512,5,b
2,330,1515,1516,7,or
2,331,4463,4464,5,b
2,332,4072,4073,2,not_implies
2,333,2766,2767,9,not_xor
2,334,5556,5557,13,implies
2,335,5686,5687,1,and
2,336,5568,5569,5,b
2,337,4579,4580,2,not_implies
2,338,5512,5513,8,not_or
2,339,1122,1123,10,not_b
2,340,243,244,5,b
2,341,641,642,8,not_or
2,342,3568,3569,7,or
2,343,646,647,14,not_and
2,344,4139,4140,13,implies
2,345,3852,3853,6,xor
2,346,674,675,13,implies
2,347,5300,5301,3,a
2,348,2102,2103,2,not_implies
2,349,4852,4853,1,and
2,350,3198,3199,12,not_a
2,351,4567,4568,2,not_implies
2,352,4183,4184,10,not_b
2,353,4270,4271,1,and
2,354,2322,2323,6,xor
2,355,2922,2923,11,implied_by
2,356,5063,5064,5,b
2,357,285,286,12,not_a
2,358,3656,3657,13,implies
2,359,531,532,1,and
2,360,3617,3618,11,implied_by
2,361,1247,1248,12,not_a
2,362,2442,2443,1,and
2,363,3536,3537,8,not_or
2,364,5544,5545,11,implied_by
2,365,1720,1721,6,xor
2,366,2279,2280,7,or
2,367,1201,1202,0,zero
2,368,4477,4478,10,not_b
2,369,1920,1921,7,or
2,370,126,127,10,not_b
2,371,2266,2267,3,a
2,372,1994,1995,13,implies
2,373,2986,2987,11,implied_by
2,374,4437,4438,3,a
2,375,4275,4276,5,b
2,376,5485,5486,1,and
2,377,771,772,14,not_and
2,378,856,857,8,not_or
2,379,217,218,11,implied_by
2,380,1664,1665,4,not_implied_by
2,381,1603,1604,2,not_implies
2,382,3508,3509,14,not_and
2,383,2950,2951,10,not_b
2,384,1658,1659,13,implies
2,385,2721,2722,5,b
2,386,3579,3580,13,implies
2,387,4445,4446,2,not_implies
2,388,3588,3589,14,not_and
2,389,1748,1749,13,implies
2,390,2486,2487,5,b
2,391,2284,2285,12,not_a
2,392,1475,1476,9,not_xor
2,393,1035,1036,14,not_and
2,394,2368,2369,8,not_or
2,395,1667,1668,3,a
2,396,4837,4838,4,not_implied_by
2,397,1921,1922,2,not_implies
2,398,3427,3428,3,a
2,399,2833,2834,13,implies
2,400,4897,4898,2,not_implies
2,401,5724,5725,10,not_b
2,402,548,549,14,not_and
2,403,4819,4820,9,not_xor
2,404,2538,2539,5,b
2,405,2063,2064,1,and
2,406,64,65,4,not_implied_by
2,407,5880,5881,2,not_implies
2,408,4317,4318,3,a
2,409,455,456,4,not_implied_by
2,410,158,159,3,a
2,411,1650,1651,8,not_or
2,412,5388,5389,0,zero
2,413,1862,1863,8,not_or
2,414,675,676,6,xor
2,415,2430,2431,3,a
2,416,4612,4613,12,not_a
2,417,5151,5152,7,or
2,418,5146,5147,2,not_implies
2,419,222,223,3,a
2,420,1890,1891,1,and
2,421,4602,4603,14,not_and
2,422,982,983,14,not_and
2,423,5011,5012,6,xor
2,424,1731,1732,1,and
2,425,3123,3124,5,b
2,426,3483,3484,10,not_b
2,427,421,422,5,b
2,428,585,586,4,not_implied_by
2,429,4461,4462,8,not_or
2,430,5857,5858,9,not_xor
2,431,4492,4493,13,implies
2,432,1303,1304,6,xor
2,433,3154,3155,2,not_implies
2,434,4702,4703,8,not_or
2,435,2896,2897,1,and
2,436,1818,1819,5,b
2,437,5682,5683,1,and
2,438,2627,2628,7,or
2,439,3030,3031,14,not_and
2,440,5666,5667,3,a
2,441,3204,3205,3,a
2,442,1719,1720,9,not_xor
2,443,2663,2664,8,not_or
2,444,1572,1573,5,b
2,445,973,974,0,zero
2,446,4949,4950,6,xor
2,447,5480,5481,7,or
2,448,3473,3474,10,not_b
2,449,2473,2474,1,and
2,450,5210,5211,1,and
2,451,995,996,3,a
2,452,2392,2393,5,b
2,453,2381,2382,4,not_implied_by
2,454,2066,2067,3,a
2,455,1597,1598,1,and
2,456,4960,4961,8,not_or
2,457,2890,2891,4,not_implied_by
2,458,4816,4817,4,not_implied_by
2,459,603,604,15,one
2,460,961,962,13,implies
2,461,162,163,12,not_a
2,462,5898,5899,9,not_xor
2,463,2920,2921,10,not_b
2,464,5643,5644,3,a
2,465,2073,2074,5,b
2,466,3338,3339,9,not_xor
2,467,4920,4921,8,not_or
2,468,5302,5303,6,xor
2,469,2262,2263,10,not_b
2,470,2147,2148,9,not_xor
2,471,5577,5578,7,or
2,472,2792,2793,3,a
2,473,4848,4849,8,not_or
2,474,5474,5475,7,or
2,475,5964,5965,7,or
2,476,1197,1198,3,a
2,477,5608,5609,6,xor
2,478,1129,1130,3,a
2,479,3952,3953,6,xor
2,480,1487,1488,11,implied_by
2,481,3439,3440,3,a
2,482,5295,5296,5,b
2,483,3373,3374,5,b
2,484,520,521,3,a
2,485,356,357,3,a
2,486,1274,1275,6,xor
2,487,4790,4791,7,or
2,488,2179,2180,9,not_xor
2,489,598,599,15,one
2,490,4452,4453,5,b
2,491,5391,5392,1,and
2,492,1562,1563,10,not_b
2,493,4396,4397,5,b
2,494,3547,3548,5,b
2,495,119,120,3,a
2,496,5249,5250,3,a
2,497,4303,4304,5,b
2,498,1598,1599,12,not_a
2,499,4476,4477,11,implied_by
2,500,3998,3999,7,or
2,501,1111,1112,4,not_implied_by
2,502,3417,3418,1,and
2,503,5722,5723,7,or
2,504,2643,2644,0,zero
2,505,4069,4070,10,not_b
2,506,1821,1822,12,not_a
2,507,1526,1527,3,a
2,508,4841,4842,3,a
2,509,4020,4021,11,implied_by
2,510,3555,3556,5,b
2,511,932,933,4,not_implied_by
2,512,5736,5737,2,not_implies
2,513,824,825,1,and
2,514,732,733,6,xor
2,515,3040,3041,6,xor
2,516,5375,5376,14,not_and
2,517,898,899,5,b
2,518,4622,4623,13,implies
2,519,5317,5318,11,implied_by
2,520,4825,4826,5,b
2,521,395,396,3,a
2,522,2625,2626,5,b
2,523,875,876,6,xor
2,524,1427,1428,12,not_a
2,525,5694,5695,0,zero
2,526,3258,3259,3,a
2,527,1891,1892,2,not_implies
2,528,5208,5209,5,b
2,529,5215,5216,8,not_or
2,530,3062,3063,10,not_b
2,531,5532,5533,4,not_implied_by
2,532,3761,3762,5,b
2,533,1771,1772,12,not_a
2,534,4760,4761,11,implied_by
2,535,32,33,7,or
2,536,5260,5261,2,not_implies
2,537,2360,2361,15,one
2,538,4058,4059,10,not_b
2,539,1710,1711,2,not_implies
2,540,4336,4337,14,not_and
2,541,143,144,6,xor
2,542,3301,3302,12,not_a
2,543,2050,2051,3,a
2,544,4654,4655,6,xor
2,545,3886,3887,10,not_b
2,546,406,407,13,implies
2,547,5914,5915,13,implies
2,548,1575,1576,5,b
2,549,4914,4915,9,not_xor
2,550,1190,1191,6,xor
2,551,376,377,3,a
2,552,5658,5659,8,not_or
2,553,2654,2655,5,b
2,554,1922,1923,4,not_implied_by
2,555,642,643,5,b
2,556,3077,3078,1,and
2,557,1218,1219,10,not_b
2,558,3380,3381,8,not_or
2,559,2114,2115,3,a
2,560,4597,4598,3,a
2,561,4633,4634,7,or
2,562,3830,3831,12,not_a
2,563,5056,5057,1,and
2,564,3901,3902,7,or
2,565,4440,4441,11,implied_by
2,566,2626,2627,5,b
2,567,1479,1480,5,b
2,568,4896,4897,8,not_or
2,569,652,653,14,not_and
2,570,3758,3759,13,implies
2,571,1337,1338,6,xor
2,572,5431,5432,1,and
2,573,404,405,3,a
2,574,4185,4186,2,not_implies
2,575,412,413,11,implied_by
2,576,3460,3461,3,a
2,577,2553,2554,5,b
2,578,5909,5910,10,not_b
2,579,3474,3475,12,not_a
2,580,3171,3172,11,implied_by
2,581,3231,3232,13,implies
2,582,4193,4194,9,not_xor
2,583,3341,3342,2,not_implies
2,584,1610,1611,3,a
2,585,1464,1465,10,not_b
2,586,1913,1914,10,not_b
2,587,210,211,4,not_implied_by
2,588,2443,2444,7,or
2,589,3514,3515,12,not_a
2,590,5875,5876,6,xor
2,591,2377,2378,11,implied_by
2,592,1434,1435,5,b
2,593,5550,5551,7,or
2,594,1150,1151,6,xor
2,595,5030,5031,2,not_implies
2,596,2425,2426,8,not_or
2,597,4735,4736,3,a
2,598,5290,5291,2,not_implies
2,599,3083,3084,7,or
2,600,2232,2233,12,not_a
2,601,1391,1392,2,not_implies
2,602,5363,5364,11,implied_by
2,603,344,345,7,or
2,604,5096,5097,0,zero
2,605,897,898,6,xor
2,606,2802,2803,2,not_implies
2,607,4439,4440,1,and
2,608,346,347,1,and
2,609,5339,5340,12,not_a
2,610,2800,2801,15,one
2,611,5091,5092,9,not_xor
2,612,2081,2082,7,or
2,613,3307,3308,6,xor
2,614,2853,2854,2,not_implies
2,615,2495,2496,1,and
2,616,1952,1953,1,and
2,617,4161,4162,12,not_a
2,618,833,834,6,xor
2,619,1869,1870,5,b
2,620,3626,3627,9,not_xor
2,621,3421,3422,11,implied_by
2,622,5659,5660,8,not_or
2,623,3553,3554,14,not_and
2,624,5487,5488,1,and
2,625,107,108,5,b
2,626,1631,1632,3,a
2,627,457,458,5,b
2,628,1725,1726,8,not_or
2,629,5919,5920,12,not_a
2,630,3079,3080,3,a
2,631,4397,4398,2,not_implies
2,632,3911,3912,14,not_and
2,633,3172,3173,2,not_implies
2,634,5547,5548,8,not_or
2,635,4135,4136,5,b
2,636,17,18,4,not_implied_by
2,637,2437,2438,10,not_b
2,638,299,300,2,not_implies
2,639,4859,4860,10,not_b
2,640,3951,3952,7,or
2,641,4899,4900,4,not_implied_by
2,642,1912,1913,11,implied_by
2,643,3099,3100,10,not_b
2,644,4149,4150,6,xor
2,645,1324,1325,6,xor
2,646,3724,3725,6,xor
2,647,1004,1005,5,b
2,648,1614,1615,5,b
2,649,3056,3057,10,not_b
2,650,3419,3420,3,a
2,651,4269,4270,13,implies
2,652,625,626,5,b
2,653,2299,2300,1,and
2,654,844,845,6,xor
2,655,1812,1813,6,xor
2,656,1368,1369,13,implies
2,657,2338,2339,14,not_and
2,658,5451,5452,1,and
2,659,5327,5328,8,not_or
2,660,2256,2257,6,xor
2,661,5826,5827,9,not_xor
2,662,4423,4424,2,not_implies
2,663,816,817,13,implies
2,664,2454,2455,14,not_and
2,665,2080,2081,8,not_or
2,666,877,878,14,not_and
2,667,4955,4956,9,not_xor
2,668,2527,2528,13,implies
2,669,4479,4480,6,xor
2,670,4892,4893,12,not_a
2,671,5900,5901,10,not_b
2,672,165,166,6,xor
2,673,2904,2905,6,xor
2,674,1736,1737,10,not_b
2,675,5321,5322,4,not_implied_by
2,676,3534,3535,2,not_implies
2,677,5762,5763,1,and
2,678,76,77,14,not_and
2,679,178,179,13,implies
2,680,4053,4054,12,not_a
2,681,3022,3023,4,not_implied_by
2,682,645,646,5,b
2,683,1208,1209,13,implies
2,684,2852,2853,14,not_and
2,685,5387,5388,1,and
2,686,1548,1549,8,not_or
2,687,1606,1607,12,not_a
2,688,4427,4428,4,not_implied_by
2,689,1849,1850,9,not_xor
2,690,4442,4443,6,xor
2,691,1186,1187,8,not_or
2,692,5788,5789,3,a
2,693,27,28,12,not_a
2,694,826,827,8,not_or
2,695,4033,4034,1,and
2,696,449,450,13,implies
2,697,2230,2231,0,zero
2,698,5052,5053,5,b
2,699,4838,4839,12,not_a
2,700,5079,5080,5,b
2,701,3165,3166,8,not_or
2,702,1616,1617,11,implied_by
2,703,5476,5477,2,not_implies
2,704,1958,1959,14,not_and
2,705,1511,1512,12,not_a
2,706,4077,4078,10,not_b
2,707,635,636,2,not_implies
2,708,5114,5115,2,not_implies
2,709,4643,4644,8,not_or
2,710,1917,1918,11,implied_by
2,711,2568,2569,8,not_or
2,712,2423,2424,14,not_and
2,713,3356,3357,13,implies
2,714,164,165,14,not_and
2,715,3984,3985,5,b
2,716,4372,4373,7,or
2,717,4911,4912,11,implied_by
2,718,4711,4712,12,not_a
2,719,3700,3701,14,not_and
2,720,2714,2715,13,implies
2,721,3126,3127,14,not_and
2,722,4226,4227,9,not_xor
2,723,1696,1697,14,not_and
2,724,4125,4126,9,not_xor
2,725,3170,3171,3,a
2,726,4131,4132,9,not_xor
2,727,5246,5247,1,and
2,728,3028,3029,5,b
2,729,3557,3558,12,not_a
2,730,3936,3937,10,not_b
2,731,3979,3980,9,not_xor
2,732,5250,5251,11,implied_by
2,733,1955,1956,13,implies
2,734,4078,4079,15,one
2,735,1686,1687,14,not_and
2,736,550,551,12,not_a
2,737,461,462,9,not_xor
2,738,4909,4910,2,not_implies
2,739,4315,4316,2,not_implies
2,740,2440,2441,11,implied_by
2,741,4496,4497,10,not_b
2,742,4638,4639,9,not_xor
2,743,5798,5799,10,not_b
2,744,2209,2210,4,not_implied_by
2,745,5100,5101,10,not_b
2,746,2600,2601,7,or
2,747,1703,1704,11,implied_by
2,748,857,858,4,not_implied_by
2,749,3027,3028,1,and
2,750,4298,4299,11,implied_by
2,751,228,229,10,not_b
2,752,621,622,4,not_implied_by
2,753,66,67,7,or
2,754,1178,1179,13,implies
2,755,1089,1090,9,not_xor
2,756,1228,1229,6,xor
2,757,1482,1483,1,and
2,758,3219,3220,2,not_implies
2,759,5515,5516,5,b
2,760,1195,1196,14,not_and
2,761,3137,3138,3,a
2,762,496,497,11,implied_by
2,763,4091,4092,14,not_and
2,764,4204,4205,11,implied_by
2,765,5000,5001,3,a
2,766,1074,1075,4,not_implied_by
2,767,1545,1546,10,not_b
2,768,5507,5508,5,b
2,769,5795,5796,10,not_b
2,770,523,524,7,or
2,771,632,633,3,a
2,772,800,801,6,xor
2,773,3211,3212,6,xor
2,774,967,968,14,not_and
2,775,2872,2873,11,implied_by
2,776,3699,3700,3,a
2,777,5867,5868,14,not_and
2,778,970,971,10,not_b
2,779,3980,3981,3,a
2,780,627,628,7,or
2,781,5943,5944,12,not_a
2,782,4543,4544,5,b
2,783,226,227,5,b
2,784,2033,2034,7,or
2,785,3589,3590,9,not_xor
2,786,5211,5212,1,and
2,787,3712,3713,5,b
2,788,3176,3177,5,b
2,789,1307,1308,8,not_or
2,790,1349,1350,2,not_implies
2,791,3644,3645,4,not_implied_by
2,792,4360,4361,7,or
2,793,2728,2729,14,not_and
2,794,1790,1791,5,b
2,795,3780,3781,12,not_a
2,796,4152,4153,0,zero
2,797,703,704,13,implies
2,798,4100,4101,10,not_b
2,799,130,131,2,not_implies
2,800,3043,3044,11,implied_by
2,801,4873,4874,4,not_implied_by
2,802,933,934,2,not_implies
2,803,1161,1162,10,not_b
2,804,2236,2237,0,zero
2,805,3539,3540,11,implied_by
2,806,3737,3738,2,not_implies
2,807,1117,1118,1,and
2,808,5588,5589,5,b
2,809,2093,2094,10,not_b
2,810,4970,4971,13,implies
2,811,5418,5419,14,not_and
2,812,1643,1644,5,b
2,813,405,406,9,not_xor
2,814,4159,4160,12,not_a
2,815,207,208,13,implies
2,816,710,711,7,or
2,817,2148,2149,7,or
2,818,5332,5333,10,not_b
2,819,2280,2281,14,not_and
2,820,5481,5482,4,not_implied_by
2,821,4534,4535,14,not_and
2,822,3615,3616,8,not_or
2,823,1220,1221,5,b
2,824,1065,1066,2,not_implies
2,825,3999,4000,3,a
2,826,2374,2375,5,b
2,827,5230,5231,1,and
2,828,5291,5292,14,not_and
2,829,5294,5295,9,not_xor
2,830,3559,3560,8,not_or
2,831,150,151,10,not_b
2,832,5008,5009,13,implies
2,833,3410,3411,2,not_implies
2,834,2983,2984,10,not_b
2,835,3807,3808,10,not_b
2,836,2218,2219,11,implied_by
2,837,2974,2975,8,not_or
2,838,357,358,12,not_a
2,839,476,477,12,not_a
2,840,5890,5891,12,not_a
2,841,3743,3744,5,b
2,842,3358,3359,12,not_a
2,843,483,484,9,not_xor
2,844,2024,2025,9,not_xor
2,845,3908,3909,9,not_xor
2,846,3895,3896,3,a
2,847,5426,5427,12,not_a
2,848,4083,4084,10,not_b
2,849,975,976,2,not_implies
2,850,2619,2620,12,not_a
2,851,1503,1504,3,a
2,852,1983,1984,14,not_and
2,853,1558,1559,13,implies
2,854,2296,2297,14,not_and
2,855,3382,3383,14,not_and
2,856,1836,1837,3,a
2,857,1832,1833,14,not_and
2,858,1188,1189,6,xor
2,859,3723,3724,7,or
2,860,4542,4543,11,implied_by
2,861,293,294,8,not_or
2,862,4559,4560,12,not_a
2,863,5793,5794,5,b
2,864,5367,5368,2,not_implies
2,865,4939,4940,3,a
2,866,2139,2140,10,not_b
2,867,5838,5839,5,b
2,868,2700,2701,6,xor
2,869,777,778,3,a
2,870,2989,2990,6,xor
2,871,4169,4170,2,not_implies
2,872,2043,2044,12,not_a
2,873,939,940,10,not_b
2,874,666,667,1,and
2,875,2706,2707,5,b
2,876,5840,5841,8,not_or
2,877,4244,4245,11,implied_by
2,878,5952,5953,3,a
2,879,4773,4774,14,not_and
2,880,5920,5921,11,implied_by
2,881,4902,4903,11,implied_by
2,882,250,251,9,not_xor
2,883,1223,1224,9,not_xor
2,884,889,890,2,not_implies
2,885,713,714,9,not_xor
2,886,4212,4213,10,not_b
2,887,4453,4454,6,xor
2,888,1583,1584,2,not_implies
2,889,4703,4704,5,b
2,890,3598,3599,10,not_b
2,891,2214,2215,13,implies
2,892,4237,4238,15,one
2,893,1184,1185,9,not_xor
2,894,4561,4562,10,not_b
2,895,4962,4963,4,not_implied_by
2,896,5415,5416,11,implied_by
2,897,3888,3889,4,not_implied_by
2,898,2744,2745,13,implies
2,899,3605,3606,3,a
2,900,996,997,8,not_or
2,901,3897,3898,12,not_a
2,902,2984,2985,4,not_implied_by
2,903,825,826,9,not_xor
2,904,251,252,10,not_b
2,905,2603,2604,9,not_xor
2,906,3796,3797,14,not_and
2,907,3001,3002,10,not_b
2,908,5444,5445,6,xor
2,909,300,301,13,implies
2,910,2959,2960,3,a
2,911,965,966,13,implies
2,912,5552,5553,3,a
2,913,5303,5304,12,not_a
2,914,4747,4748,8,not_or
2,915,536,537,2,not_implies
2,916,746,747,5,b
2,917,5041,5042,13,implies
2,918,8,9,8,not_or
2,919,1989,1990,3,a
2,920,5157,5158,3,a
2,921,2815,2816,2,not_implies
2,922,832,833,2,not_implies
2,923,5563,5564,5,b
2,924,4748,4749,11,implied_by
2,925,4490,4491,11,implied_by
2,926,3665,3666,6,xor
2,927,5088,5089,7,or
2,928,1936,1937,11,implied_by
2,929,3284,3285,8,not_or
2,930,206,207,8,not_or
2,931,5926,5927,7,or
2,932,3261,3262,2,not_implies
2,933,1803,1804,4,not_implied_by
2,934,82,83,8,not_or
2,935,1695,1696,10,not_b
2,936,4995,4996,3,a
2,937,4408,4409,10,not_b
2,938,5182,5183,3,a
2,939,2177,2178,11,implied_by
2,940,4589,4590,5,b
2,941,3956,3957,7,or
2,942,1127,1128,9,not_xor
2,943,4645,4646,4,not_implied_by
2,944,1412,1413,5,b
2,945,3552,3553,4,not_implied_by
2,946,482,483,15,one
2,947,1448,1449,14,not_and
2,948,4436,4437,3,a
2,949,1133,1134,5,b
2,950,1010,1011,1,and
2,951,29,30,10,not_b
2,952,797,798,3,a
2,953,5314,5315,10,not_b
2,954,2154,2155,7,or
2,955,197,198,10,not_b
2,956,4085,4086,3,a
2,957,1974,1975,4,not_implied_by
2,958,2589,2590,7,or
2,959,2488,2489,6,xor
2,960,5899,5900,11,implied_by
2,961,4106,4107,12,not_a
2,962,5233,5234,9,not_xor
2,963,2579,2580,10,not_b
2,964,3824,3825,4,not_implied_by
2,965,2014,2015,12,not_a
2,966,3717,3718,14,not_and
2,967,1644,1645,12,not_a
2,968,5746,5747,12,not_a
2,969,695,696,1,and
2,970,2532,2533,6,xor
2,971,1778,1779,9,not_xor
2,972,4985,4986,10,not_b
2,973,139,140,12,not_a
2,974,2762,2763,3,a
2,975,3093,3094,13,implies
2,976,974,975,13,implies
2,977,4122,4123,8,not_or
2,978,1817,1818,6,xor
2,979,4024,4025,5,b
2,980,4827,4828,4,not_implied_by
2,981,4761,4762,10,not_b
2,982,5368,5369,5,b
2,983,798,799,9,not_xor
2,984,3558,3559,6,xor
2,985,3529,3530,14,not_and
2,986,4456,4457,9,not_xor
2,987,2981,2982,6,xor
2,988,1573,1574,14,not_and
2,989,722,723,5,b
2,990,745,746,2,not_implies
2,991,4329,4330,13,implies
2,992,5329,5330,2,not_implies
2,993,187,188,14,not_and
2,994,1964,1965,11,implied_by
2,995,4865,4866,6,xor
2,996,3729,3730,4,not_implied_by
2,997,1801,1802,8,not_or
2,998,5009,5010,13,implies
2,999,2667,2668,9,not_xor
2,1000,2032,2033,6,xor
2,1001,3017,3018,10,not_b
2,1002,3200,3201,7,or
2,1003,2253,2254,14,not_and
2,1004,3765,3766,0,zero
2,1005,3355,3356,11,implied_by
2,1006,4469,4470,14,not_and
2,1007,4208,4209,5,b
2,1008,4214,4215,4,not_implied_by
2,1009,2306,2307,3,a
2,1010,3237,3238,9,not_xor
2,1011,5595,5596,7,or
2,1012,316,317,6,xor
2,1013,4119,4120,1,and
2,1014,3677,3678,14,not_and
2,1015,5457,5458,11,implied_by
2,1016,331,332,7,or
2,1017,2,3,11,implied_by
2,1018,1811,1812,2,not_implies
2,1019,1501,1502,9,not_xor
2,1020,3215,3216,3,a
2,1021,4757,4758,10,not_b
2,1022,5057,5058,11,implied_by
2,1023,2007,2008,5,b
2,1024,5665,5666,11,implied_by
2,1025,2591,2592,2,not_implies
2,1026,5108,5109,4,not_implied_by
2,1027,5520,5521,7,or
2,1028,2441,2442,15,one
2,1029,2163,2164,9,not_xor
2,1030,4839,4840,13,implies
2,1031,4306,4307,12,not_a
2,1032,416,417,13,implies
2,1033,778,779,10,not_b
2,1034,4352,4353,14,not_and
2,1035,4074,4075,5,b
2,1036,1428,1429,2,not_implies
2,1037,5223,5224,3,a
2,1038,2701,2702,6,xor
2,1039,5204,5205,14,not_and
2,1040,3941,3942,1,and
2,1041,1233,1234,1,and
2,1042,1858,1859,9,not_xor
2,1043,4039,4040,14,not_and
2,1044,2044,2045,6,xor
2,1045,4176,4177,6,xor
2,1046,3119,3120,7,or
2,1047,5385,5386,5,b
2,1048,5602,5603,14,not_and
2,1049,2170,2171,7,or
2,1050,1963,1964,10,not_b
2,1051,5811,5812,14,not_and
2,1052,2547,2548,0,zero
2,1053,1549,1550,6,xor
2,1054,0,2,9,not_xor
2,1055,2951,2952,7,or
2,1056,2370,2371,12,not_a
2,1057,3811,3812,11,implied_by
2,1058,2921,2922,0,zero
2,1059,2522,2523,4,not_implied_by
2,1060,2586,2587,15,one
2,1061,5747,5748,2,not_implies
2,1062,2268,2269,4,not_implied_by
2,1063,1234,1235,14,not_and
2,1064,2108,2109,0,zero
2,1065,1296,1297,6,xor
2,1066,4739,4740,3,a
2,1067,5789,5790,6,xor
2,1068,5047,5048,7,or
2,1069,427,428,7,or
2,1070,2365,2366,9,not_xor
2,1071,92,93,7,or
2,1072,5778,5779,7,or
2,1073,551,552,9,not_xor
2,1074,5869,5870,6,xor
2,1075,3666,3667,8,not_or
2,1076,3160,3161,12,not_a
2,1077,1595,1596,8,not_or
2,1078,4938,4939,7,or
2,1079,4121,4122,10,not_b
2,1080,3298,3299,14,not_and
2,1081,4569,4570,11,implied_by
2,1082,341,342,1,and
2,1083,2021,2022,7,or
2,1084,545,546,5,b
2,1085,4963,4964,1,and
2,1086,5,6,2,not_implies
2,1087,4294,4295,4,not_implied_by
2,1088,4003,4004,0,zero
2,1089,2390,2391,2,not_implies
2,1090,1170,1171,2,not_implies
2,1091,3877,3878,6,xor
2,1092,4450,4451,12,not_a
2,1093,886,887,3,a
2,1094,696,697,2,not_implies
2,1095,1476,1477,10,not_b
2,1096,604,605,9,not_xor
2,1097,3205,3206,2,not_implies
2,1098,942,943,11,implied_by
2,1099,3195,3196,1,and
2,1100,2870,2871,6,xor
2,1101,3546,3547,7,or
2,1102,5089,5090,12,not_a
2,1103,5140,5141,13,implies
2,1104,4756,4757,3,a
2,1105,2173,2174,12,not_a
2,1106,111,112,14,not_and
2,1107,5275,5276,13,implies
2,1108,2845,2846,1,and
2,1109,740,741,11,implied_by
2,1110,5125,5126,14,not_and
2,1111,5611,5612,14,not_and
2,1112,4487,4488,11,implied_by
2,1113,3785,3786,11,implied_by
2,1114,3561,3562,10,not_b
2,1115,3944,3945,4,not_implied_by
2,1116,1055,1056,13,implies
2,1117,3139,3140,5,b
2,1118,2456,2457,6,xor
2,1119,4512,4513,4,not_implied_by
2,1120,2087,2088,9,not_xor
2,1121,2463,2464,5,b
2,1122,5714,5715,1,and
2,1123,2913,2914,4,not_implied_by
2,1124,3026,3027,12,not_a
2,1125,2827,2828,10,not_b
2,1126,5987,5988,13,implies
2,1127,1833,1834,10,not_b
2,1128,4096,4097,7,or
2,1129,2691,2692,14,not_and
2,1130,3922,3923,11,implied_by
2,1131,4666,4667,11,implied_by
2,1132,353,354,9,not_xor
2,1133,4590,4591,0,zero
2,1134,3837,3838,5,b
2,1135,475,476,3,a
2,1136,4455,4456,11,implied_by
2,1137,5702,5703,12,not_a
2,1138,3096,3097,7,or
2,1139,2684,2685,4,not_implied_by
2,1140,1115,1116,12,not_a
2,1141,945,946,12,not_a
2,1142,5810,5811,12,not_a
2,1143,547,548,14,not_and
2,1144,4394,4395,13,implies
2,1145,707,708,13,implies
2,1146,463,464,11,implied_by
2,1147,2475,2476,1,and
2,1148,499,500,14,not_and
2,1149,3571,3572,15,one
2,1150,2243,2244,6,xor
2,1151,1484,1485,1,and
2,1152,1693,1694,12,not_a
2,1153,2431,2432,13,implies
2,1154,1970,1971,1,and
2,1155,4846,4847,8,not_or
2,1156,2906,2907,4,not_implied_by
2,1157,413,414,14,not_and
2,1158,1142,1143,4,not_implied_by
2,1159,2673,2674,15,one
2,1160,3950,3951,12,not_a
2,1161,1672,1673,12,not_a
2,1162,5325,5326,6,xor
2,1163,3904,3905,8,not_or
2,1164,4576,4577,14,not_and
2,1165,3792,3793,2,not_implies
2,1166,1171,1172,13,implies
2,1167,5760,5761,8,not_or
2,1168,1935,1936,10,not_b
2,1169,1799,1800,14,not_and
2,1170,4002,4003,14,not_and
2,1171,4624,4625,10,not_b
2,1172,278,279,12,not_a
2,1173,2146,2147,7,or
2,1174,4347,4348,14,not_and
2,1175,2933,2934,8,not_or
2,1176,2742,2743,8,not_or
2,1177,1470,1471,8,not_or
2,1178,3346,3347,12,not_a
2,1179,5917,5918,7,or
2,1180,4772,4773,12,not_a
2,1181,528,529,11,implied_by
2,1182,225,226,10,not_b
2,1183,615,616,4,not_implied_by
2,1184,5268,5269,11,implied_by
2,1185,3465,3466,2,not_implies
2,1186,579,580,14,not_and
2,1187,1173,1174,12,not_a
2,1188,3377,3378,9,not_xor
2,1189,540,541,10,not_b
2,1190,246,247,4,not_implied_by
2,1191,3818,3819,7,or
2,1192,2111,2112,10,not_b
2,1193,5186,5187,8,not_or
2,1194,3394,3395,11,implied_by
2,1195,2078,2079,11,implied_by
2,1196,2069,2070,12,not_a
2,1197,163,164,14,not_and
2,1198,4737,4738,14,not_and
2,1199,2724,2725,14,not_and
2,1200,4284,4285,3,a
2,1201,2202,2203,14,not_and
2,1202,511,512,6,xor
2,1203,4202,4203,11,implied_by
2,1204,991,992,9,not_xor
2,1205,4076,4077,14,not_and
2,1206,774,775,9,not_xor
2,1207,1003,1004,12,not_a
2,1208,1699,1700,2,not_implies
2,1209,1418,1419,7,or
2,1210,283,284,6,xor
2,1211,2997,2998,5,b
2,1212,5911,5912,3,a
2,1213,596,597,2,not_implies
2,1214,1984,1985,9,not_xor
2,1215,561,562,14,not_and
2,1216,983,984,6,xor
2,1217,1138,1139,11,implied_by
2,1218,2581,2582,8,not_or
2,1219,1179,1180,8,not_or
2,1220,438,439,11,implied_by
2,1221,3098,3099,2,not_implies
2,1222,2224,2225,7,or
2,1223,631,632,12,not_a
2,1224,846,847,6,xor
2,1225,3504,3505,6,xor
2,1226,5429,5430,11,implied_by
2,1227,3836,3837,1,and
2,1228,18,19,9,not_xor
2,1229,5111,5112,9,not_xor
2,1230,4850,4851,4,not_implied_by
2,1231,3067,3068,12,not_a
2,1232,3961,3962,1,and
2,1233,5681,5682,1,and
2,1234,3381,3382,6,xor
2,1235,2743,2744,10,not_b
2,1236,3835,3836,12,not_a
2,1237,109,110,12,not_a
2,1238,4662,4663,4,not_implied_by
2,1239,2515,2516,8,not_or
2,1240,1554,1555,2,not_implies
2,1241,1775,1776,3,a
2,1242,4515,4516,4,not_implied_by
2,1243,5891,5892,13,implies
2,1244,4578,4579,6,xor
2,1245,501,502,1,and
2,1246,4434,4435,2,not_implies
2,1247,5185,5186,1,and
2,1248,2875,2876,12,not_a
2,1249,737,738,11,implied_by
2,1250,486,487,13,implies
2,1251,4605,4606,12,not_a
2,1252,2637,2638,9,not_xor
2,1253,2640,2641,0,zero
2,1254,4483,4484,4,not_implied_by
2,1255,2840,2841,3,a
2,1256,2713,2714,11,implied_by
2,1257,5405,5406,1,and
2,1258,4522,4523,6,xor
2,1259,1250,1251,7,or
2,1260,3861,3862,10,not_b
2,1261,2558,2559,10,not_b
2,1262,5672,5673,9,not_xor
2,1263,3985,3986,8,not_or
2,1264,15,16,4,not_implied_by
2,1265,1281,1282,9,not_xor
2,1266,4011,4012,14,not_and
2,1267,5701,5702,7,or
2,1268,3943,3944,5,b
2,1269,4795,4796,5,b
2,1270,4626,4627,4,not_implied_by
2,1271,2949,2950,13,implies
2,1272,5206,5207,9,not_xor
2,1273,3709,3710,6,xor
2,1274,1617,1618,9,not_xor
2,1275,3813,3814,4,not_implied_by
2,1276,4783,4784,2,not_implies
2,1277,2384,2385,11,implied_by
2,1278,1236,1237,14,not_and
2,1279,3335,3336,3,a
2,1280,2433,2434,4,not_implied_by
2,1281,354,355,1,and
2,1282,701,702,3,a
2,1283,2561,2562,14,not_and
2,1284,373,374,8,not_or
2,1285,562,563,1,and
2,1286,4099,4100,10,not_b
2,1287,1052,1053,12,not_a
2,1288,4577,4578,13,implies
2,1289,2387,2388,5,b
2,1290,87,88,3,a
2,1291,2952,2953,4,not_implied_by
2,1292,1889,1890,5,b
2,1293,4239,4240,8,not_or
2,1294,4565,4566,13,implies
2,1295,4600,4601,9,not_xor
2,1296,3443,3444,5,b
2,1297,5730,5731,3,a
2,1298,2812,2813,10,not_b
2,1299,5304,5305,13,implies
2,1300,569,570,2,not_implies
2,1301,822,823,6,xor
2,1302,5627,5628,9,not_xor
2,1303,196,197,13,implies
2,1304,704,705,1,and
2,1305,1325,1326,10,not_b
2,1306,4246,4247,4,not_implied_by
2,1307,5037,5038,2,not_implies
2,1308,3226,3227,7,or
2,1309,256,257,5,b
2,1310,1902,1903,12,not_a
2,1311,135,136,5,b
2,1312,4763,4764,12,not_a
2,1313,5894,5895,3,a
2,1314,949,950,2,not_implies
2,1315,3933,3934,1,and
2,1316,5330,5331,8,not_or
2,1317,3493,3494,15,one
2,1318,1764,1765,6,xor
2,1319,280,281,5,b
2,1320,5671,5672,5,b
2,1321,726,727,3,a
2,1322,1956,1957,10,not_b
2,1323,535,536,4,not_implied_by
2,1324,5061,5062,6,xor
2,1325,5130,5131,3,a
2,1326,688,689,8,not_or
2,1327,184,185,14,not_and
2,1328,3106,3107,13,implies
2,1329,147,148,15,one
2,1330,2584,2585,5,b
2,1331,4885,4886,5,b
2,1332,2194,2195,6,xor
2,1333,3880,3881,11,implied_by
2,1334,387,388,5,b
2,1335,4254,4255,0,zero
2,1336,3442,3443,2,not_implies
2,1337,2358,2359,9,not_xor
2,1338,2972,2973,4,not_implied_by
2,1339,4700,4701,1,and
2,1340,1384,1385,1,and
2,1341,3257,3258,11,implied_by
2,1342,1514,1515,4,not_implied_by
2,1343,3437,3438,10,not_b
2,1344,3059,3060,1,and
2,1345,4680,4681,12,not_a
2,1346,5912,5913,10,not_b
2,1347,5021,5022,3,a
2,1348,1481,1482,7,or
2,1349,1564,1565,4,not_implied_by
2,1350,1557,1558,1,and
2,1351,2341,2342,6,xor
2,1352,144,145,13,implies
2,1353,3247,3248,6,xor
2,1354,1704,1705,9,not_xor
2,1355,2342,2343,7,or
2,1356,1678,1679,2,not_implies
2,1357,2580,2581,10,not_b
2,1358,953,954,9,not_xor
2,1359,5889,5890,5,b
2,1360,2490,2491,1,and
2,1361,1112,1113,9,not_xor
2,1362,281,282,5,b
2,1363,5955,5956,1,and
2,1364,2789,2790,6,xor
2,1365,51,52,6,xor
2,1366,956,957,4,not_implied_by
2,1367,176,177,13,implies
2,1368,1924,1925,9,not_xor
2,1369,5015,5016,11,implied_by
2,1370,1240,1241,10,not_b
2,1371,4147,4148,6,xor
2,1372,3111,3112,7,or
2,1373,586,587,10,not_b
2,1374,3968,3969,12,not_a
2,1375,842,843,10,not_b
2,1376,5097,5098,13,implies
2,1377,4277,4278,7,or
2,1378,5093,5094,3,a
2,1379,3891,3892,3,a
2,1380,567,568,5,b
2,1381,2321,2322,5,b
2,1382,4505,4506,2,not_implies
2,1383,3689,3690,6,xor
2,1384,5073,5074,4,not_implied_by
2,1385,3008,3009,2,not_implies
2,1386,5134,5135,8,not_or
2,1387,1723,1724,13,implies
2,1388,3734,3735,1,and
2,1389,5687,5688,14,not_and
2,1390,5535,5536,10,not_b
2,1391,5038,5039,10,not_b
2,1392,3489,3490,14,not_and
2,1393,2470,2471,2,not_implies
2,1394,152,153,12,not_a
2,1395,209,210,8,not_or
2,1396,3690,3691,9,not_xor
2,1397,1540,1541,13,implies
2,1398,5292,5293,1,and
2,1399,2117,2118,6,xor
2,1400,5256,5257,13,implies
2,1401,4826,4827,2,not_implies
2,1402,2327,2328,1,and
2,1403,3940,3941,7,or
2,1404,2097,2098,4,not_implied_by
2,1405,3794,3795,10,not_b
2,1406,3795,3796,3,a
2,1407,1033,1034,7,or
2,1408,1904,1905,9,not_xor
2,1409,4823,4824,2,not_implies
2,1410,2411,2412,13,implies
2,1411,5165,5166,10,not_b
2,1412,304,305,3,a
2,1413,2195,2196,1,and
2,1414,3209,3210,14,not_and
2,1415,4883,4884,14,not_and
2,1416,3131,3132,14,not_and
2,1417,2681,2682,12,not_a
2,1418,2945,2946,14,not_and
2,1419,4098,4099,2,not_implies
2,1420,5178,5179,6,xor
2,1421,714,715,3,a
2,1422,4723,4724,10,not_b
2,1423,5035,5036,2,not_implies
2,1424,4292,4293,10,not_b
2,1425,3433,3434,13,implies
2,1426,2331,2332,10,not_b
2,1427,5873,5874,11,implied_by
2,1428,1556,1557,3,a
2,1429,365,366,14,not_and
2,1430,921,922,8,not_or
2,1431,4900,4901,14,not_and
2,1432,2001,2002,14,not_and
2,1433,3372,3373,10,not_b
2,1434,338,339,8,not_or
2,1435,971,972,13,implies
2,1436,2533,2534,4,not_implied_by
2,1437,651,652,5,b
2,1438,5807,5808,13,implies
2,1439,5565,5566,14,not_and
2,1440,1232,1233,9,not_xor
2,1441,2312,2313,11,implied_by
2,1442,5020,5021,10,not_b
2,1443,1567,1568,1,and
2,1444,3363,3364,8,not_or
2,1445,943,944,12,not_a
2,1446,4941,4942,13,implies
2,1447,1744,1745,13,implies
2,1448,4933,4934,4,not_implied_by
2,1449,3376,3377,10,not_b
2,1450,827,828,12,not_a
2,1451,622,623,12,not_a
2,1452,2905,2906,12,not_a
2,1453,717,718,14,not_and
2,1454,5201,5202,12,not_a
2,1455,927,928,12,not_a
2,1456,3849,3850,14,not_and
2,1457,2857,2858,10,not_b
2,1458,4948,4949,1,and
2,1459,5607,5608,3,a
2,1460,4141,4142,6,xor
2,1461,4128,4129,7,or
2,1462,4165,4166,6,xor
2,1463,4448,4449,10,not_b
2,1464,314,315,10,not_b
2,1465,2004,2005,15,one
2,1466,4489,4490,1,and
2,1467,4296,4297,7,or
2,1468,5664,5665,1,and
2,1469,4305,4306,5,b
2,1470,2046,2047,3,a
2,1471,3481,3482,3,a
2,1472,219,220,12,not_a
2,1473,4659,4660,5,b
2,1474,2597,2598,13,implies
2,1475,5887,5888,6,xor
2,1476,5522,5523,5,b
2,1477,2198,2199,6,xor
2,1478,4206,4207,6,xor
2,1479,5737,5738,9,not_xor
2,1480,916,917,11,implied_by
2,1481,1791,1792,2,not_implies
2,1482,2241,2242,6,xor
2,1483,1844,1845,6,xor
2,1484,5600,5601,13,implies
2,1485,5261,5262,0,zero
2,1486,276,277,12,not_a
2,1487,1991,1992,4,not_implied_by
2,1488,3124,3125,9,not_xor
2,1489,3902,3903,7,or
2,1490,1594,1595,14,not_and
2,1491,5423,5424,9,not_xor
2,1492,2771,2772,1,and
2,1493,673,674,2,not_implies
2,1494,3697,3698,8,not_or
2,1495,5443,5444,8,not_or
2,1496,2407,2408,2,not_implies
2,1497,5422,5423,2,not_implies
2,1498,3719,3720,5,b
2,1499,923,924,2,not_implies
2,1500,3705,3706,7,or
2,1501,5675,5676,11,implied_by
2,1502,4133,4134,0,zero
2,1503,3953,3954,10,not_b
2,1504,396,397,5,b
2,1505,1297,1298,3,a
2,1506,5581,5582,3,a
2,1507,1486,1487,4,not_implied_by
2,1508,5383,5384,5,b
2,1509,4406,4407,8,not_or
2,1510,1298,1299,10,not_b
2,1511,5173,5174,1,and
2,1512,230,231,3,a
2,1513,3972,3973,2,not_implies
2,1514,1570,1571,6,xor
2,1515,3838,3839,8,not_or
2,1516,2773,2774,6,xor
2,1517,3387,3388,5,b
2,1518,4764,4765,9,not_xor
2,1519,3408,3409,11,implied_by
2,1520,2507,2508,14,not_and
2,1521,5640,5641,5,b
2,1522,3973,3974,14,not_and
2,1523,3772,3773,5,b
2,1524,3130,3131,12,not_a
2,1525,4942,4943,10,not_b
2,1526,1940,1941,14,not_and
2,1527,2739,2740,3,a
2,1528,1229,1230,5,b
2,1529,1254,1255,4,not_implied_by
2,1530,2557,2558,3,a
2,1531,173,174,7,or
2,1532,3853,3854,3,a
2,1533,2942,2943,14,not_and
2,1534,1258,1259,3,a
2,1535,3362,3363,7,or
2,1536,2775,2776,10,not_b
2,1537,99,100,10,not_b
2,1538,5551,5552,8,not_or
2,1539,1073,1074,12,not_a
2,1540,679,680,13,implies
2,1541,1638,1639,8,not_or
2,1542,1637,1638,1,and
2,1543,3633,3634,9,not_xor
2,1544,3760,3761,14,not_and
2,1545,3375,3376,2,not_implies
2,1546,3036,3037,14,not_and
2,1547,171,172,12,not_a
2,1548,263,264,4,not_implied_by
2,1549,95,96,9,not_xor
2,1550,1629,1630,3,a
2,1551,2908,2909,4,not_implied_by
2,1552,2397,2398,5,b
2,1553,505,506,1,and
2,1554,3302,3303,11,implied_by
2,1555,5511,5512,11,implied_by
2,1556,1431,1432,12,not_a
2,1557,2246,2247,4,not_implied_by
2,1558,4517,4518,1,and
2,1559,2359,2360,11,implied_by
2,1560,3986,3987,12,not_a
2,1561,5355,5356,12,not_a
2,1562,5022,5023,9,not_xor
2,1563,600,601,1,and
2,1564,3549,3550,6,xor
2,1565,2045,2046,11,implied_by
2,1566,1950,1951,9,not_xor
2,1567,1432,1433,5,b
2,1568,5138,5139,14,not_and
2,1569,5435,5436,13,implies
2,1570,3771,3772,7,or
2,1571,1070,1071,9,not_xor
2,1572,2077,2078,4,not_implied_by
2,1573,5576,5577,2,not_implies
2,1574,2457,2458,12,not_a
2,1575,3413,3414,12,not_a
2,1576,954,955,13,implies
2,1577,4481,4482,6,xor
2,1578,3750,3751,4,not_implied_by
2,1579,1420,1421,3,a
2,1580,2383,2384,13,implies
2,1581,4462,4463,12,not_a
2,1582,4,5,3,a
2,1583,4127,4128,3,a
2,1584,5690,5691,0,zero
2,1585,705,706,1,and
2,1586,1494,1495,7,or
2,1587,4966,4967,14,not_and
2,1588,4657,4658,8,not_or
2,1589,3210,3211,1,and
2,1590,2405,2406,14,not_and
2,1591,1627,1628,12,not_a
2,1592,5433,5434,9,not_xor
2,1593,5555,5556,12,not_a
2,1594,5473,5474,8,not_or
2,1595,3283,3284,9,not_xor
2,1596,1372,1373,6,xor
2,1597,4840,4841,10,not_b
2,1598,5689,5690,5,b
2,1599,5278,5279,1,and
2,1600,3134,3135,6,xor
2,1601,2487,2488,11,implied_by
2,1602,4503,4504,2,not_implies
2,1603,89,90,5,b
2,1604,3634,3635,12,not_a
2,1605,769,770,2,not_implies
2,1606,3263,3264,5,b
2,1607,4101,4102,6,xor
2,1608,5305,5306,2,not_implies
2,1609,5618,5619,6,xor
2,1610,1580,1581,9,not_xor
2,1611,5630,5631,8,not_or
2,1612,5668,5669,3,a
2,1613,3310,3311,1,and
2,1614,4606,4607,12,not_a
2,1615,3673,3674,10,not_b
2,1616,2736,2737,9,not_xor
2,1617,2317,2318,6,xor
2,1618,5938,5939,8,not_or
2,1619,4811,4812,8,not_or
2,1620,4081,4082,8,not_or
2,1621,1961,1962,4,not_implied_by
2,1622,5652,5653,8,not_or
2,1623,4804,4805,5,b
2,1624,5421,5422,15,one
2,1625,5782,5783,3,a
2,1626,2683,2684,8,not_or
2,1627,538,539,4,not_implied_by
2,1628,882,883,10,not_b
2,1629,106,107,12,not_a
2,1630,1269,1270,1,and
2,1631,1993,1994,11,implied_by
2,1632,5731,5732,7,or
2,1633,2830,2831,12,not_a
2,1634,2477,2478,8,not_or
2,1635,614,615,3,a
2,1636,4658,4659,8,not_or
2,1637,1825,1826,7,or
2,1638,4834,4835,3,a
2,1639,4123,4124,13,implies
2,1640,4234,4235,14,not_and
2,1641,747,748,4,not_implied_by
2,1642,2985,2986,12,not_a
2,1643,2192,2193,5,b
2,1644,4996,4997,6,xor
2,1645,4932,4933,0,zero
2,1646,4817,4818,7,or
2,1647,9,10,10,not_b
2,1648,347,348,1,and
2,1649,72,73,3,a
2,1650,4991,4992,1,and
2,1651,3175,3176,6,xor
2,1652,3797,3798,14,not_and
2,1653,1529,1530,3,a
2,1654,2171,2172,12,not_a
2,1655,748,749,11,implied_by
2,1656,570,571,10,not_b
2,1657,3832,3833,8,not_or
2,1658,3664,3665,9,not_xor
2,1659,2779,2780,13,implies
2,1660,4046,4047,7,or
2,1661,2120,2121,1,and
2,1662,3101,3102,10,not_b
2,1663,1106,1107,7,or
2,1664,4057,4058,4,not_implied_by
2,1665,2101,2102,5,b
2,1666,470,471,8,not_or
2,1667,1822,1823,5,b
2,1668,4628,4629,9,not_xor
2,1669,4584,4585,3,a
2,1670,3526,3527,7,or
2,1671,2544,2545,1,and
2,1672,5194,5195,14,not_and
2,1673,1327,1328,5,b
2,1674,5634,5635,7,or
2,1675,3088,3089,2,not_implies
2,1676,1761,1762,6,xor
2,1677,3250,3251,9,not_xor
2,1678,2565,2566,8,not_or
2,1679,589,590,5,b
2,1680,3127,3128,6,xor
2,1681,4338,4339,5,b
2,1682,510,511,4,not_implied_by
2,1683,1315,1316,7,or
2,1684,4016,4017,11,implied_by
2,1685,491,492,10,not_b
2,1686,1826,1827,3,a
2,1687,1860,1861,12,not_a
2,1688,5263,5264,3,a
2,1689,683,684,11,implied_by
2,1690,138,139,3,a
2,1691,5365,5366,6,xor
2,1692,2261,2262,12,not_a
2,1693,2295,2296,13,implies
2,1694,4510,4511,8,not_or
2,1695,1774,1775,5,b
2,1696,2969,2970,14,not_and
2,1697,4685,4686,14,not_and
2,1698,3586,3587,9,not_xor
2,1699,3574,3575,8,not_or
2,1700,733,734,1,and
2,1701,3316,3317,3,a
2,1702,5604,5605,7,or
2,1703,2772,2773,9,not_xor
2,1704,4609,4610,14,not_and
2,1705,5163,5164,13,implies
2,1706,3715,3716,1,and
2,1707,450,451,8,not_or
2,1708,5005,5006,3,a
2,1709,4285,4286,3,a
2,1710,1995,1996,1,and
2,1711,4312,4313,8,not_or
2,1712,3320,3321,12,not_a
2,1713,5669,5670,7,or
2,1714,1782,1783,9,not_xor
2,1715,2155,2156,4,not_implied_by
2,1716,4611,4612,3,a
2,1717,5825,5826,4,not_implied_by
2,1718,1743,1744,3,a
2,1719,4653,4654,10,not_b
2,1720,3087,3088,12,not_a
2,1721,946,947,1,and
2,1722,1823,1824,9,not_xor
2,1723,5660,5661,1,and
2,1724,113,114,15,one
2,1725,1047,1048,14,not_and
2,1726,1402,1403,5,b
2,1727,3297,3298,10,not_b
2,1728,2137,2138,7,or
2,1729,4802,4803,12,not_a
2,1730,3269,3270,5,b
2,1731,5017,5018,1,and
2,1732,4415,4416,11,implied_by
2,1733,3470,3471,4,not_implied_by
2,1734,3279,3280,5,b
2,1735,734,735,4,not_implied_by
2,1736,1259,1260,2,not_implies
2,1737,1767,1768,9,not_xor
2,1738,4572,4573,8,not_or
2,1739,4718,4719,8,not_or
2,1740,4656,4657,11,implied_by
2,1741,3340,3341,3,a
2,1742,3244,3245,9,not_xor
2,1743,4346,4347,9,not_xor
2,1744,3548,3549,8,not_or
2,1745,4835,4836,12,not_a
2,1746,5545,5546,3,a
2,1747,1541,1542,12,not_a
2,1748,2914,2915,6,xor
2,1749,3100,3101,8,not_or
2,1750,2250,2251,14,not_and
2,1751,829,830,4,not_implied_by
2,1752,2730,2731,12,not_a
2,1753,773,774,9,not_xor
2,1754,4355,4356,4,not_implied_by
2,1755,2854,2855,14,not_and
2,1756,2576,2577,12,not_a
2,1757,322,323,13,implies
2,1758,2647,2648,4,not_implied_by
2,1759,4815,4816,14,not_and
2,1760,5077,5078,13,implies
2,1761,367,368,1,and
2,1762,1872,1873,13,implies
2,1763,3873,3874,4,not_implied_by
2,1764,191,192,7,or
2,1765,5951,5952,8,not_or
2,1766,1008,1009,14,not_and
2,1767,3262,3263,6,xor
2,1768,766,767,12,not_a
2,1769,4750,4751,15,one
2,1770,3208,3209,4,not_implied_by
2,1771,2315,2316,5,b
2,1772,1062,1063,12,not_a
2,1773,979,980,2,not_implies
2,1774,2898,2899,13,implies
2,1775,4140,4141,4,not_implied_by
2,1776,2174,2175,3,a
2,1777,481,482,2,not_implies
2,1778,3611,3612,10,not_b
2,1779,371,372,13,implies
2,1780,5933,5934,6,xor
2,1781,3242,3243,12,not_a
2,1782,1705,1706,9,not_xor
2,1783,3948,3949,6,xor
2,1784,188,189,10,not_b
2,1785,4793,4794,9,not_xor
2,1786,4872,4873,7,or
2,1787,4681,4682,14,not_and
2,1788,1165,1166,12,not_a
2,1789,363,364,9,not_xor
2,1790,2316,2317,4,not_implied_by
2,1791,894,895,10,not_b
2,1792,5160,5161,2,not_implies
2,1793,2820,2821,3,a
2,1794,2957,2958,0,zero
2,1795,2006,2007,9,not_xor
2,1796,3206,3207,10,not_b
2,1797,1702,1703,3,a
2,1798,1648,1649,10,not_b
2,1799,5257,5258,3,a
2,1800,5231,5232,6,xor
2,1801,2049,2050,10,not_b
2,1802,1968,1969,4,not_implied_by
2,1803,3061,3062,14,not_and
2,1804,909,910,9,not_xor
2,1805,2330,2331,3,a
2,1806,2788,2789,10,not_b
2,1807,5442,5443,10,not_b
2,1808,2166,2167,12,not_a
2,1809,3810,3811,4,not_implied_by
2,1810,460,461,12,not_a
2,1811,1132,1133,5,b
2,1812,2563,2564,5,b
2,1813,4954,4955,7,or
2,1814,2838,2839,14,not_and
2,1815,2084,2085,0,zero
2,1816,5998,5999,7,or
2,1817,1319,1320,0,zero
2,1818,2182,2183,2,not_implies
2,1819,920,921,2,not_implies
2,1820,1520,1521,8,not_or
2,1821,4188,4189,11,implied_by
2,1822,5196,5197,5,b
2,1823,2079,2080,14,not_and
2,1824,736,737,10,not_b
2,1825,22,23,2,not_implies
2,1826,3049,3050,13,implies
2,1827,3199,3200,12,not_a
2,1828,2453,2454,2,not_implies
2,1829,5594,5595,4,not_implied_by
2,1830,4953,4954,8,not_or
2,1831,3945,3946,4,not_implied_by
2,1832,1380,1381,10,not_b
2,1833,3280,3281,4,not_implied_by
2,1834,3032,3033,4,not_implied_by
2,1835,3010,3011,12,not_a
2,1836,5692,5693,1,and
2,1837,3227,3228,1,and
2,1838,3753,3754,4,not_implied_by
2,1839,2036,2037,5,b
2,1840,5432,5433,2,not_implies
2,1841,2892,2893,8,not_or
2,1842,2839,2840,5,b
2,1843,3090,3091,15,one
2,1844,3581,3582,9,not_xor
2,1845,5081,5082,4,not_implied_by
2,1846,4905,4906,10,not_b
2,1847,3423,3424,9,not_xor
2,1848,5985,5986,14,not_and
2,1849,1653,1654,12,not_a
2,1850,2197,2198,1,and
2,1851,2608,2609,11,implied_by
2,1852,626,627,6,xor
2,1853,725,726,4,not_implied_by
2,1854,3276,3277,12,not_a
2,1855,4491,4492,12,not_a
2,1856,308,309,5,b
2,1857,41,42,6,xor
2,1858,4432,4433,7,or
2,1859,4049,4050,4,not_implied_by
2,1860,5610,5611,5,b
2,1861,3892,3893,3,a
2,1862,4684,4685,14,not_and
2,1863,4714,4715,1,and
2,1864,2356,2357,10,not_b
2,1865,5078,5079,14,not_and
2,1866,4619,4620,7,or
2,1867,5631,5632,11,implied_by
2,1868,4829,4830,5,b
2,1869,2346,2347,6,xor
2,1870,181,182,3,a
2,1871,3162,3163,10,not_b
2,1872,755,756,7,or
2,1873,917,918,1,and
2,1874,4374,4375,13,implies
2,1875,1378,1379,3,a
2,1876,775,776,10,not_b
2,1877,2026,2027,14,not_and
2,1878,2769,2770,9,not_xor
2,1879,3722,3723,5,b
2,1880,4971,4972,14,not_and
2,1881,4527,4528,10,not_b
2,1882,4844,4845,2,not_implies
2,1883,1152,1153,6,xor
2,1884,849,850,12,not_a
2,1885,204,205,3,a
2,1886,4551,4552,15,one
2,1887,3543,3544,5,b
2,1888,4390,4391,11,implied_by
2,1889,4424,4425,9,not_xor
2,1890,128,129,13,implies
2,1891,3958,3959,9,not_xor
2,1892,4393,4394,2,not_implies
2,1893,1404,1405,5,b
2,1894,4813,4814,2,not_implies
2,1895,5670,5671,2,not_implies
2,1896,578,579,8,not_or
2,1897,5177,5178,10,not_b
2,1898,518,519,5,b
2,1899,3118,3119,9,not_xor
2,1900,3163,3164,5,b
2,1901,5171,5172,13,implies
2,1902,194,195,8,not_or
2,1903,2345,2346,11,implied_by
2,1904,3403,3404,10,not_b
2,1905,5653,5654,6,xor
2,1906,2172,2173,3,a
2,1907,2897,2898,6,xor
2,1908,5518,5519,12,not_a
2,1909,4045,4046,11,implied_by
2,1910,3324,3325,7,or
2,1911,5650,5651,5,b
2,1912,2275,2276,7,or
2,1913,1537,1538,11,implied_by
2,1914,409,410,9,not_xor
2,1915,5051,5052,2,not_implies
2,1916,4720,4721,10,not_b
2,1917,3798,3799,3,a
2,1918,2956,2957,6,xor
2,1919,2598,2599,12,not_a
2,1920,2145,2146,14,not_and
2,1921,2668,2669,10,not_b
2,1922,3572,3573,12,not_a
2,1923,544,545,13,implies
2,1924,1076,1077,3,a
2,1925,1087,1088,13,implies
2,1926,1336,1337,5,b
2,1927,2254,2255,0,zero
2,1928,4951,4952,13,implies
2,1929,2540,2541,5,b
2,1930,5150,5151,6,xor
2,1931,1103,1104,8,not_or
2,1932,448,449,14,not_and
2,1933,3894,3895,14,not_and
2,1934,1789,1790,9,not_xor
2,1935,2432,2433,12,not_a
2,1936,1604,1605,10,not_b
2,1937,2240,2241,11,implied_by
2,1938,2344,2345,2,not_implies
2,1939,3627,3628,12,not_a
2,1940,3833,3834,5,b
2,1941,1338,1339,11,implied_by
2,1942,2715,2716,11,implied_by
2,1943,2747,2748,1,and
2,1944,2711,2712,13,implies
2,1945,1820,1821,3,a
2,1946,4801,4802,13,implies
2,1947,4386,4387,6,xor
2,1948,4668,4669,11,implied_by
2,1949,364,365,12,not_a
2,1950,5601,5602,9,not_xor
2,1951,5780,5781,9,not_xor
2,1952,992,993,1,and
2,1953,3874,3875,1,and
2,1954,4502,4503,9,not_xor
2,1955,5823,5824,7,or
2,1956,2995,2996,9,not_xor
2,1957,972,973,4,not_implied_by
2,1958,5312,5313,3,a
2,1959,5882,5883,11,implied_by
2,1960,599,600,10,not_b
2,1961,1244,1245,10,not_b
2,1962,3309,3310,11,implied_by
2,1963,57,58,2,not_implies
2,1964,2339,2340,9,not_xor
2,1965,1718,1719,2,not_implies
2,1966,2459,2460,11,implied_by
2,1967,1555,1556,10,not_b
2,1968,4629,4630,7,or
2,1969,4291,4292,8,not_or
2,1970,4550,4551,10,not_b
2,1971,3668,3669,11,implied_by
2,1972,2141,2142,2,not_implies
2,1973,4230,4231,13,implies
2,1974,1416,1417,8,not_or
2,1975,266,267,13,implies
2,1976,1355,1356,14,not_and
2,1977,3347,3348,1,and
2,1978,1126,1127,11,implied_by
2,1979,4048,4049,7,or
2,1980,2005,2006,7,or
2,1981,36,37,14,not_and
2,1982,4741,4742,1,and
2,1983,552,553,1,and
2,1984,2313,2314,7,or
2,1985,4582,4583,2,not_implies
2,1986,1466,1467,14,not_and
2,1987,4215,4216,1,and
2,1988,3567,3568,2,not_implies
2,1989,3755,3756,11,implied_by
2,1990,1715,1716,11,implied_by
2,1991,2768,2769,9,not_xor
2,1992,2219,2220,3,a
2,1993,1714,1715,6,xor
2,1994,5170,5171,11,implied_by
2,1995,903,904,6,xor
2,1996,2752,2753,10,not_b
2,1997,3870,3871,10,not_b
2,1998,506,507,1,and
2,1999,2062,2063,12,not_a
2,2000,2760,2761,7,or
2,2001,5242,5243,5,b
2,2002,4779,4780,11,implied_by
2,2003,1551,1552,1,and
2,2004,2618,2619,3,a
2,2005,937,938,8,not_or
2,2006,1636,1637,2,not_implies
2,2007,2829,2830,9,not_xor
2,2008,1499,1500,13,implies
2,2009,54,55,14,not_and
2,2010,5939,5940,7,or
2,2011,2323,2324,9,not_xor
2,2012,5269,5270,3,a
2,2013,61,62,10,not_b
2,2014,4861,4862,6,xor
2,2015,2274,2275,12,not_a
2,2016,3202,3203,8,not_or
2,2017,2797,2798,11,implied_by
2,2018,2529,2530,9,not_xor
2,2019,5058,5059,14,not_and
2,2020,5905,5906,3,a
2,2021,3654,3655,4,not_implied_by
2,2022,5404,5405,9,not_xor
2,2023,4087,4088,2,not_implies
2,2024,1483,1484,10,not_b
2,2025,3364,3365,13,implies
2,2026,3624,3625,8,not_or
2,2027,1422,1423,10,not_b
2,2028,1333,1334,10,not_b
2,2029,1706,1707,14,not_and
2,2030,3541,3542,8,not_or
2,2031,4322,4323,6,xor
2,2032,2676,2677,11,implied_by
2,2033,5885,5886,6,xor
2,2034,3784,3785,10,not_b
2,2035,4713,4714,5,b
2,2036,3507,3508,9,not_xor
2,2037,3805,3806,11,implied_by
2,2038,1735,1736,7,or
2,2039,5110,5111,1,and
2,2040,4431,4432,3,a
2,2041,1193,1194,14,not_and
2,2042,919,920,4,not_implied_by
2,2043,1270,1271,11,implied_by
2,2044,5143,5144,13,implies
2,2045,358,359,2,not_implies
2,2046,154,155,3,a
2,2047,4376,4377,4,not_implied_by
2,2048,2601,2602,12,not_a
2,2049,4070,4071,7,or
2,2050,5693,5694,1,and
2,2051,1268,1269,11,implied_by
2,2052,2530,2531,11,implied_by
2,2053,2203,2204,3,a
2,2054,3905,3906,6,xor
2,2055,4945,4946,1,and
2,2056,3639,3640,11,implied_by
2,2057,5310,5311,7,or
2,2058,1930,1931,5,b
2,2059,2207,2208,4,not_implied_by
2,2060,4363,4364,7,or
2,2061,4103,4104,3,a
2,2062,4349,4350,2,not_implies
2,2063,4887,4888,8,not_or
2,2064,1339,1340,12,not_a
2,2065,2276,2277,15,one
2,2066,3312,3313,9,not_xor
2,2067,5254,5255,10,not_b
2,2068,39,40,2,not_implies
2,2069,4398,4399,10,not_b
2,2070,1107,1108,4,not_implied_by
2,2071,2011,2012,7,or
2,2072,3304,3305,10,not_b
2,2073,3012,3013,13,implies
2,2074,831,832,2,not_implies
2,2075,3371,3372,10,not_b
2,2076,2091,2092,13,implies
2,2077,1857,1858,13,implies
2,2078,4272,4273,10,not_b
2,2079,694,695,1,and
2,2080,227,228,11,implied_by
2,2081,1180,1181,5,b
2,2082,3282,3283,5,b
2,2083,546,547,7,or
2,2084,1278,1279,11,implied_by
2,2085,4595,4596,13,implies
2,2086,3047,3048,6,xor
2,2087,2593,2594,6,xor
2,2088,417,418,5,b
2,2089,1586,1587,1,and
2,2090,4219,4220,14,not_and
2,2091,5144,5145,14,not_and
2,2092,3662,3663,6,xor
2,2093,5333,5334,10,not_b
2,2094,2227,2228,2,not_implies
2,2095,1892,1893,11,implied_by
2,2096,2320,2321,1,and
2,2097,3740,3741,7,or
2,2098,3685,3686,10,not_b
2,2099,5636,5637,10,not_b
2,2100,1063,1064,9,not_xor
2,2101,1593,1594,12,not_a
2,2102,1565,1566,9,not_xor
2,2103,2258,2259,15,one
2,2104,4640,4641,12,not_a
2,2105,3004,3005,7,or
2,2106,576,577,13,implies
2,2107,1044,1045,9,not_xor
2,2108,3190,3191,10,not_b
2,2109,1788,1789,13,implies
2,2110,5790,5791,2,not_implies
2,2111,85,86,0,zero
2,2112,3866,3867,13,implies
2,2113,490,491,12,not_a
2,2114,895,896,10,not_b
2,2115,3484,3485,1,and
2,2116,4507,4508,11,implied_by
2,2117,391,392,14,not_and
2,2118,784,785,12,not_a
2,2119,456,457,10,not_b
2,2120,5069,5070,2,not_implies
2,2121,4110,4111,10,not_b
2,2122,1683,1684,7,or
2,2123,60,61,3,a
2,2124,1334,1335,2,not_implies
2,2125,4959,4960,12,not_a
2,2126,4060,4061,12,not_a
2,2127,629,630,11,implied_by
2,2128,3076,3077,12,not_a
2,2129,5203,5204,7,or
2,2130,5809,5810,10,not_b
2,2131,5046,5047,2,not_implies
2,2132,1750,1751,6,xor
2,2133,26,27,6,xor
2,2134,541,542,1,and
2,2135,3978,3979,14,not_and
2,2136,4343,4344,9,not_xor
2,2137,1770,1771,3,a
2,2138,5127,5128,11,implied_by
2,2139,3636,3637,13,implies
2,2140,1909,1910,2,not_implies
2,2141,5087,5088,3,a
2,2142,1375,1376,4,not_implied_by
2,2143,1907,1908,4,not_implied_by
2,2144,1527,1528,3,a
2,2145,4425,4426,9,not_xor
2,2146,5109,5110,15,one
2,2147,5466,5467,7,or
2,2148,3773,3774,10,not_b
2,2149,926,927,11,implied_by
2,2150,2670,2671,3,a
2,2151,5543,5544,3,a
2,2152,5956,5957,1,and
2,2153,4571,4572,10,not_b
2,2154,1304,1305,8,not_or
2,2155,533,534,1,and
2,2156,4751,4752,10,not_b
2,2157,1834,1835,13,implies
2,2158,4981,4982,11,implied_by
2,2159,3834,3835,7,or
2,2160,35,36,2,not_implies
2,2161,2936,2937,12,not_a
2,2162,5136,5137,8,not_or
2,2163,1013,1014,7,or
2,2164,1837,1838,7,or
2,2165,1155,1156,2,not_implies
2,2166,624,625,12,not_a
2,2167,1730,1731,4,not_implied_by
2,2168,5340,5341,10,not_b
2,2169,5236,5237,6,xor
2,2170,2869,2870,10,not_b
2,2171,1285,1286,1,and
2,2172,3494,3495,13,implies
2,2173,3461,3462,14,not_and
2,2174,1400,1401,14,not_and
2,2175,3108,3109,7,or
2,2176,5174,5175,12,not_a
2,2177,4769,4770,4,not_implied_by
2,2178,1426,1427,5,b
2,2179,3431,3432,7,or
2,2180,2899,2900,3,a
2,2181,4926,4927,13,implies
2,2182,1737,1738,12,not_a
2,2183,988,989,3,a
2,2184,3676,3677,6,xor
2,2185,3696,3697,2,not_implies
2,2186,5752,5753,7,or
2,2187,665,666,5,b
2,2188,3273,3274,12,not_a
2,2189,3456,3457,3,a
2,2190,288,289,12,not_a
2,2191,5781,5782,11,implied_by
2,2192,4112,4113,9,not_xor
2,2193,817,818,8,not_or
2,2194,4853,4854,14,not_and
2,2195,1012,1013,13,implies
2,2196,88,89,5,b
2,2197,5060,5061,7,or
2,2198,5159,5160,7,or
2,2199,2998,2999,4,not_implied_by
2,2200,4182,4183,1,and
2,2201,835,836,7,or
2,2202,3366,3367,1,and
2,2203,2511,2512,8,not_or
2,2204,2115,2116,6,xor
2,2205,4958,4959,9,not_xor
2,2206,4740,4741,5,b
2,2207,653,654,14,not_and
2,2208,4570,4571,5,b
2,2209,1689,1690,8,not_or
2,2210,2233,2234,6,xor
2,2211,818,819,12,not_a
2,2212,3245,3246,15,one
2,2213,2612,2613,7,or
2,2214,588,589,7,or
2,2215,4236,4237,1,and
2,2216,5592,5593,6,xor
2,2217,3296,3297,6,xor
2,2218,5536,5537,5,b
2,2219,2534,2535,10,not_b
2,2220,3045,3046,2,not_implies
2,2221,870,871,10,not_b
2,2222,3630,3631,7,or
2,2223,407,408,1,and
2,2224,4068,4069,15,one
2,2225,97,98,7,or
2,2226,5080,5081,14,not_and
2,2227,1639,1640,1,and
2,2228,5105,5106,3,a
2,2229,5016,5017,12,not_a
2,2230,582,583,13,implies
2,2231,3407,3408,4,not_implied_by
2,2232,1377,1378,3,a
2,2233,294,295,13,implies
2,2234,4201,4202,9,not_xor
2,2235,2329,2330,6,xor
2,2236,3477,3478,8,not_or
2,2237,700,701,5,b
2,2238,3917,3918,7,or
2,2239,5045,5046,5,b
2,2240,4132,4133,10,not_b
2,2241,3854,3855,9,not_xor
2,2242,5876,5877,9,not_xor
2,2243,507,508,8,not_or
2,2244,5491,5492,3,a
2,2245,3151,3152,15,one
2,2246,4552,4553,11,implied_by
2,2247,1039,1040,5,b
2,2248,1288,1289,5,b
2,2249,1235,1236,12,not_a
2,2250,3513,3514,15,one
2,2251,4563,4564,13,implies
2,2252,2051,2052,7,or
2,2253,2184,2185,5,b
2,2254,1057,1058,12,not_a
2,2255,753,754,3,a
2,2256,2190,2191,9,not_xor
2,2257,1256,1257,7,or
2,2258,2234,2235,6,xor
2,2259,5688,5689,12,not_a
2,2260,5198,5199,3,a
2,2261,2512,2513,11,implied_by
2,2262,3184,3185,2,not_implies
2,2263,3879,3880,10,not_b
2,2264,3020,3021,12,not_a
2,2265,4694,4695,2,not_implies
2,2266,2992,2993,1,and
2,2267,2611,2612,6,xor
2,2268,4845,4846,10,not_b
2,2269,2159,2160,5,b
2,2270,3649,3650,13,implies
2,2271,3155,3156,4,not_implied_by
2,2272,1746,1747,9,not_xor
2,2273,4354,4355,4,not_implied_by
2,2274,1859,1860,6,xor
2,2275,3597,3598,4,not_implied_by
2,2276,938,939,14,not_and
2,2277,3214,3215,7,or
2,2278,3566,3567,10,not_b
2,2279,4749,4750,11,implied_by
2,2280,4265,4266,14,not_and
2,2281,445,446,7,or
2,2282,2652,2653,12,not_a
2,2283,2749,2750,1,and
2,2284,5566,5567,1,and
2,2285,2796,2797,2,not_implies
2,2286,4255,4256,4,not_implied_by
2,2287,1605,1606,13,implies
2,2288,2520,2521,15,one
2,2289,205,206,3,a
2,2290,1091,1092,2,not_implies
2,2291,4055,4056,10,not_b
2,2292,292,293,12,not_a
2,2293,2481,2482,14,not_and
2,2294,4111,4112,12,not_a
2,2295,261,262,4,not_implied_by
2,2296,1611,1612,10,not_b
2,2297,3646,3647,7,or
2,2298,4856,4857,6,xor
2,2299,1068,1069,3,a
2,2300,433,434,8,not_or
2,2301,3466,3467,4,not_implied_by
2,2302,1566,1567,10,not_b
2,2303,1119,1120,11,implied_by
2,2304,1249,1250,14,not_and
2,2305,636,637,6,xor
2,2306,1740,1741,7,or
2,2307,3946,3947,1,and
2,2308,1810,1811,5,b
2,2309,451,452,12,not_a
2,2310,1550,1551,5,b
2,2311,3,4,2,not_implies
2,2312,1542,1543,8,not_or
2,2313,3768,3769,9,not_xor
2,2314,2695,2696,8,not_or
2,2315,2371,2372,10,not_b
2,2316,465,466,7,or
2,2317,1809,1810,11,implied_by
2,2318,4385,4386,6,xor
2,2319,3957,3958,8,not_or
2,2320,2343,2344,10,not_b
2,2321,660,661,1,and
2,2322,2677,2678,1,and
2,2323,5569,5570,2,not_implies
2,2324,494,495,7,or
2,2325,2468,2469,3,a
2,2326,4644,4645,9,not_xor
2,2327,3883,3884,11,implied_by
2,2328,312,313,1,and
2,2329,2060,2061,13,implies
2,2330,1166,1167,1,and
2,2331,788,789,4,not_implied_by
2,2332,298,299,1,and
2,2333,2894,2895,5,b
2,2334,4855,4856,13,implies
2,2335,1329,1330,9,not_xor
2,2336,3378,3379,7,or
2,2337,4719,4720,2,not_implies
2,2338,1322,1323,13,implies
2,2339,4168,4169,10,not_b
2,2340,4339,4340,9,not_xor
2,2341,1760,1761,14,not_and
2,2342,4946,4947,9,not_xor
2,2343,4613,4614,14,not_and
2,2344,5883,5884,2,not_implies
2,2345,934,935,6,xor
2,2346,1019,1020,7,or
2,2347,5764,5765,3,a
2,2348,4732,4733,9,not_xor
2,2349,69,70,12,not_a
2,2350,2364,2365,3,a
2,2351,3117,3118,9,not_xor
2,2352,3424,3425,9,not_xor
2,2353,958,959,7,or
2,2354,3748,3749,12,not_a
2,2355,2421,2422,13,implies
2,2356,2178,2179,2,not_implies
2,2357,3281,3282,13,implies
2,2358,3577,3578,12,not_a
2,2359,1769,1770,10,not_b
2,2360,4690,4691,3,a
2,2361,5309,5310,8,not_or
2,2362,1158,1159,8,not_or
2,2363,1756,1757,9,not_xor
2,2364,4525,4526,11,implied_by
2,2365,3746,3747,1,and
2,2366,1528,1529,14,not_and
2,2367,3962,3963,15,one
2,2368,4059,4060,6,xor
2,2369,4344,4345,2,not_implies
2,2370,2658,2659,11,implied_by
2,2371,3865,3866,12,not_a
2,2372,5539,5540,7,or
2,2373,3674,3675,7,or
2,2374,244,245,7,or
2,2375,1829,1830,8,not_or
2,2376,757,758,11,implied_by
2,2377,1321,1322,5,b
2,2378,874,875,6,xor
2,2379,3708,3709,11,implied_by
2,2380,4093,4094,6,xor
2,2381,4692,4693,9,not_xor
2,2382,4286,4287,3,a
2,2383,4851,4852,2,not_implies
2,2384,468,469,5,b
2,2385,3241,3242,3,a
2,2386,3763,3764,6,xor
2,2387,3048,3049,4,not_implied_by
2,2388,2242,2243,6,xor
2,2389,1477,1478,1,and
2,2390,3187,3188,1,and
2,2391,5427,5428,10,not_b
2,2392,1053,1054,10,not_b
2,2393,5596,5597,1,and
2,2394,4120,4121,12,not_a
2,2395,5308,5309,3,a
2,2396,2483,2484,6,xor
2,2397,4566,4567,6,xor
2,2398,131,132,4,not_implied_by
2,2399,392,393,15,one
2,2400,1116,1117,3,a
2,2401,58,59,14,not_and
2,2402,4665,4666,2,not_implies
2,2403,821,822,3,a
2,2404,4290,4291,7,or
2,2405,1317,1318,7,or
2,2406,709,710,9,not_xor
2,2407,2168,2169,14,not_and
2,2408,2042,2043,11,implied_by
2,2409,1357,1358,10,not_b
2,2410,4220,4221,7,or
2,2411,3909,3910,11,implied_by
2,2412,537,538,2,not_implies
2,2413,1864,1865,7,or
2,2414,3693,3694,5,b
2,2415,2609,2610,3,a
2,2416,3914,3915,6,xor
2,2417,3965,3966,5,b
2,2418,4172,4173,7,or
2,2419,4009,4010,11,implied_by
2,2420,5243,5244,6,xor
2,2421,4833,4834,4,not_implied_by
2,2422,1599,1600,11,implied_by
2,2423,3476,3477,14,not_and
2,2424,2205,2206,13,implies
2,2425,2123,2124,3,a
2,2426,4997,4998,5,b
2,2427,5234,5235,12,not_a
2,2428,1875,1876,2,not_implies
2,2429,5560,5561,4,not_implied_by
2,2430,4562,4563,8,not_or
2,2431,4283,4284,10,not_b
2,2432,4407,4408,4,not_implied_by
2,2433,3009,3010,1,and
2,2434,5107,5108,11,implied_by
2,2435,1312,1313,9,not_xor
2,2436,5981,5982,5,b
2,2437,5622,5623,9,not_xor
2,2438,2165,2166,3,a
2,2439,214,215,8,not_or
2,2440,4443,4444,5,b
2,2441,2363,2364,10,not_b
2,2442,1997,1998,11,implied_by
2,2443,3060,3061,14,not_and
2,2444,1335,1336,0,zero
2,2445,3274,3275,5,b
2,2446,855,856,8,not_or
2,2447,2434,2435,10,not_b
2,2448,5218,5219,12,not_a
2,2449,123,124,6,xor
2,2450,4516,4517,8,not_or
2,2451,1202,1203,7,or
2,2452,2621,2622,4,not_implied_by
2,2453,193,194,6,xor
2,2454,4263,4264,11,implied_by
2,2455,4661,4662,5,b
2,2456,42,43,8,not_or
2,2457,2856,2857,14,not_and
2,2458,2891,2892,5,b
2,2459,447,448,12,not_a
2,2460,3046,3047,2,not_implies
2,2461,1051,1052,9,not_xor
2,2462,644,645,9,not_xor
2,2463,1046,1047,5,b
2,2464,5436,5437,10,not_b
2,2465,4404,4405,9,not_xor
2,2466,3527,3528,4,not_implied_by
2,2467,1356,1357,14,not_and
2,2468,3144,3145,5,b
2,2469,1198,1199,7,or
2,2470,2400,2401,6,xor
2,2471,469,470,11,implied_by
2,2472,4114,4115,2,not_implies
2,2473,5494,5495,10,not_b
2,2474,5424,5425,11,implied_by
2,2475,5379,5380,4,not_implied_by
2,2476,2328,2329,2,not_implies
2,2477,5966,5967,10,not_b
2,2478,4648,4649,10,not_b
2,2479,2186,2187,0,zero
2,2480,706,707,4,not_implied_by
2,2481,4361,4362,8,not_or
2,2482,3289,3290,10,not_b
2,2483,2311,2312,10,not_b
2,2484,2216,2217,13,implies
2,2485,3326,3327,1,and
2,2486,4402,4403,7,or
2,2487,104,105,2,not_implies
2,2488,1344,1345,14,not_and
2,2489,3721,3722,12,not_a
2,2490,1887,1888,3,a
2,2491,2536,2537,8,not_or
2,2492,2808,2809,7,or
2,2493,4260,4261,11,implied_by
2,2494,3073,3074,2,not_implies
2,2495,68,69,1,and
2,2496,2427,2428,15,one
2,2497,4196,4197,11,implied_by
2,2498,2649,2650,2,not_implies
2,2499,1252,1253,12,not_a
2,2500,4158,4159,1,and
2,2501,1512,1513,4,not_implied_by
2,2502,5439,5440,1,and
2,2503,1815,1816,5,b
2,2504,1419,1420,7,or
2,2505,3595,3596,8,not_or
2,2506,2047,2048,14,not_and
2,2507,4545,4546,12,not_a
2,2508,503,504,1,and
2,2509,4594,4595,8,not_or
2,2510,760,761,7,or
2,2511,4421,4422,13,implies
2,2512,572,573,2,not_implies
2,2513,4876,4877,3,a
2,2514,1652,1653,12,not_a
2,2515,2551,2552,10,not_b
2,2516,4482,4483,10,not_b
2,2517,1109,1110,3,a
2,2518,5453,5454,10,not_b
2,2519,301,302,10,not_b
2,2520,286,287,8,not_or
2,2521,231,232,6,xor
2,2522,3525,3526,13,implies
2,2523,38,39,4,not_implied_by
2,2524,1855,1856,14,not_and
2,2525,2287,2288,9,not_xor
2,2526,729,730,9,not_xor
2,2527,4580,4581,8,not_or
2,2528,4805,4806,11,implied_by
2,2529,2022,2023,3,a
2,2530,5599,5600,0,zero
2,2531,4170,4171,9,not_xor
2,2532,5572,5573,9,not_xor
2,2533,5267,5268,11,implied_by
2,2534,5897,5898,14,not_and
2,2535,893,894,10,not_b
2,2536,1802,1803,12,not_a
2,2537,3512,3513,3,a
2,2538,1780,1781,10,not_b
2,2539,5620,5621,1,and
2,2540,654,655,11,implied_by
2,2541,2570,2571,9,not_xor
2,2542,5137,5138,11,implied_by
2,2543,478,479,6,xor
2,2544,5526,5527,10,not_b
2,2545,444,445,13,implies
2,2546,5166,5167,13,implies
2,2547,4266,4267,3,a
2,2548,553,554,12,not_a
2,2549,4150,4151,5,b
2,2550,5936,5937,10,not_b
2,2551,4670,4671,8,not_or
2,2552,4225,4226,6,xor
2,2553,2333,2334,1,and
2,2554,2153,2154,0,zero
2,2555,5632,5633,9,not_xor
2,2556,4705,4706,2,not_implies
2,2557,2864,2865,3,a
2,2558,5864,5865,5,b
2,2559,4307,4308,13,implies
2,2560,787,788,6,xor
2,2561,5141,5142,10,not_b
2,2562,5326,5327,8,not_or
2,2563,500,501,13,implies
2,2564,912,913,3,a
2,2565,3294,3295,6,xor
2,2566,4005,4006,5,b
2,2567,5967,5968,6,xor
2,2568,3728,3729,0,zero
2,2569,3814,3815,1,and
2,2570,1792,1793,5,b
2,2571,234,235,12,not_a
2,2572,3497,3498,9,not_xor
2,2573,1084,1085,14,not_and
2,2574,4213,4214,8,not_or
2,2575,2446,2447,8,not_or
2,2576,2911,2912,8,not_or
2,2577,4326,4327,4,not_implied_by
2,2578,1399,1400,9,not_xor
2,2579,1800,1801,13,implies
2,2580,3342,3343,12,not_a
2,2581,5732,5733,9,not_xor
2,2582,202,203,5,b
2,2583,5965,5966,4,not_implied_by
2,2584,781,782,14,not_and
2,2585,5570,5571,10,not_b
2,2586,4575,4576,5,b
2,2587,2135,2136,13,implies
2,2588,93,94,7,or
2,2589,5667,5668,11,implied_by
2,2590,5739,5740,12,not_a
2,2591,3856,3857,1,and
2,2592,4224,4225,14,not_and
2,2593,763,764,10,not_b
2,2594,793,794,5,b
2,2595,5554,5555,12,not_a
2,2596,555,556,14,not_and
2,2597,498,499,7,or
2,2598,2017,2018,1,and
2,2599,3918,3919,10,not_b
2,2600,3318,3319,6,xor
2,2601,1300,1301,10,not_b
2,2602,5252,5253,11,implied_by
2,2603,910,911,8,not_or
2,2604,2482,2483,12,not_a
2,2605,4678,4679,10,not_b
2,2606,5031,5032,2,not_implies
2,2607,4830,4831,2,not_implies
2,2608,3157,3158,12,not_a
2,2609,4585,4586,1,and
2,2610,3006,3007,10,not_b
2,2611,5283,5284,4,not_implied_by
2,2612,2708,2709,1,and
2,2613,3648,3649,11,implied_by
2,2614,672,673,12,not_a
2,2615,1162,1163,12,not_a
2,2616,2090,2091,14,not_and
2,2617,2303,2304,4,not_implied_by
2,2618,124,125,11,implied_by
2,2619,4095,4096,3,a
2,2620,4092,4093,10,not_b
2,2621,1219,1220,6,xor
2,2622,3265,3266,7,or
2,2623,508,509,13,implies
2,2624,2336,2337,9,not_xor
2,2625,1444,1445,5,b
2,2626,1263,1264,6,xor
2,2627,5217,5218,6,xor
2,2628,4729,4730,4,not_implied_by
2,2629,2054,2055,6,xor
2,2630,2692,2693,13,implies
2,2631,2128,2129,12,not_a
2,2632,291,292,6,xor
2,2633,2879,2880,3,a
2,2634,4927,4928,9,not_xor
2,2635,3448,3449,5,b
2,2636,3695,3696,2,not_implies
2,2637,5923,5924,12,not_a
2,2638,5502,5503,14,not_and
2,2639,3732,3733,2,not_implies
2,2640,1160,1161,3,a
2,2641,5984,5985,4,not_implied_by
2,2642,5771,5772,2,not_implies
2,2643,5695,5696,12,not_a
2,2644,4411,4412,3,a
2,2645,3510,3511,13,implies
2,2646,3327,3328,11,implied_by
2,2647,5128,5129,7,or
2,2648,431,432,14,not_and
2,2649,2149,2150,9,not_xor
2,2650,1028,1029,7,or
2,2651,5142,5143,3,a
2,2652,5447,5448,10,not_b
2,2653,492,493,13,implies
2,2654,2438,2439,13,implies
2,2655,2281,2282,3,a
2,2656,3840,3841,15,one
2,2657,5827,5828,5,b
2,2658,5849,5850,13,implies
2,2659,4664,4665,14,not_and
2,2660,156,157,2,not_implies
2,2661,345,346,9,not_xor
2,2662,3232,3233,9,not_xor
2,2663,5496,5497,14,not_and
2,2664,16,17,3,a
2,2665,2592,2593,10,not_b
2,2666,5207,5208,0,zero
2,2667,1,2,2,not_implies
2,2668,947,948,5,b
2,2669,4647,4648,6,xor
2,2670,3107,3108,3,a
2,2671,4635,4636,8,not_or
2,2672,1467,1468,8,not_or
2,2673,2277,2278,6,xor
2,2674,4205,4206,7,or
2,2675,2458,2459,5,b
2,2676,4744,4745,10,not_b
2,2677,2466,2467,2,not_implies
2,2678,3887,3888,2,not_implies
2,2679,2588,2589,11,implied_by
2,2680,4812,4813,15,one
2,2681,637,638,2,not_implies
2,2682,2484,2485,10,not_b
2,2683,4021,4022,3,a
2,2684,1253,1254,7,or
2,2685,5350,5351,12,not_a
2,2686,5517,5518,7,or
2,2687,3478,3479,1,and
2,2688,4340,4341,12,not_a
2,2689,5384,5385,3,a
2,2690,71,72,3,a
2,2691,1587,1588,1,and
2,2692,5921,5922,3,a
2,2693,5123,5124,2,not_implies
2,2694,2562,2563,6,xor
2,2695,3799,3800,13,implies
2,2696,2887,2888,5,b
2,2697,4227,4228,12,not_a
2,2698,114,115,2,not_implies
2,2699,3292,3293,11,implied_by
2,2700,5220,5221,5,b
2,2701,1199,1200,13,implies
2,2702,3113,3114,11,implied_by
2,2703,5158,5159,5,b
2,2704,5637,5638,3,a
2,2705,1409,1410,2,not_implies
2,2706,1176,1177,6,xor
2,2707,5462,5463,12,not_a
2,2708,3492,3493,7,or
2,2709,2900,2901,9,not_xor
2,2710,716,717,5,b
2,2711,1362,1363,3,a
2,2712,1880,1881,11,implied_by
2,2713,4184,4185,3,a
2,2714,5761,5762,6,xor
2,2715,403,404,1,and
2,2716,5531,5532,8,not_or
2,2717,1497,1498,11,implied_by
2,2718,2385,2386,3,a
2,2719,4696,4697,2,not_implies
2,2720,3122,3123,10,not_b
2,2721,4712,4713,4,not_implied_by
2,2722,3982,3983,9,not_xor
2,2723,805,806,12,not_a
2,2724,2717,2718,3,a
2,2725,480,481,9,not_xor
2,2726,5710,5711,9,not_xor
2,2727,5748,5749,10,not_b
2,2728,2237,2238,14,not_and
2,2729,5213,5214,11,implied_by
2,2730,414,415,10,not_b
2,2731,5240,5241,3,a
2,2732,881,882,5,b
2,2733,4884,4885,1,and
2,2734,3438,3439,4,not_implied_by
2,2735,3248,3249,6,xor
2,2736,10,11,2,not_implies
2,2737,3329,3330,10,not_b
2,2738,1766,1767,5,b
2,2739,1954,1955,9,not_xor
2,2740,2756,2757,12,not_a
2,2741,19,20,5,b
2,2742,5874,5875,6,xor
2,2743,1741,1742,12,not_a
2,2744,1781,1782,8,not_or
2,2745,3976,3977,2,not_implies
2,2746,861,862,3,a
2,2747,3726,3727,5,b
2,2748,105,106,2,not_implies
2,2749,3932,3933,6,xor
2,2750,454,455,2,not_implies
2,2751,2661,2662,8,not_or
2,2752,3981,3982,7,or
2,2753,411,412,15,one
2,2754,2259,2260,9,not_xor
2,2755,727,728,6,xor
2,2756,2436,2437,10,not_b
2,2757,4466,4467,10,not_b
2,2758,5877,5878,7,or
2,2759,3286,3287,12,not_a
2,2760,368,369,10,not_b
2,2761,4771,4772,9,not_xor
2,2762,4475,4476,1,and
2,2763,2068,2069,12,not_a
2,2764,2674,2675,3,a
2,2765,2132,2133,3,a
2,2766,592,593,12,not_a
2,2767,4961,4962,4,not_implied_by
2,2768,3287,3288,9,not_xor
2,2769,3402,3403,4,not_implied_by
2,2770,2133,2134,14,not_and
2,2771,3216,3217,3,a
2,2772,839,840,1,and
2,2773,2249,2250,3,a
2,2774,4646,4647,14,not_and
2,2775,5656,5657,10,not_b
2,2776,5734,5735,7,or
2,2777,1097,1098,9,not_xor
2,2778,4972,4973,13,implies
2,2779,693,694,9,not_xor
2,2780,2382,2383,3,a
2,2781,5449,5450,15,one
2,2782,539,540,1,and
2,2783,690,691,6,xor
2,2784,3148,3149,6,xor
2,2785,5482,5483,4,not_implied_by
2,2786,738,739,2,not_implies
2,2787,5167,5168,8,not_or
2,2788,2367,2368,2,not_implies
2,2789,948,949,12,not_a
2,2790,4062,4063,8,not_or
2,2791,5059,5060,6,xor
2,2792,1006,1007,6,xor
2,2793,5478,5479,6,xor
2,2794,44,45,9,not_xor
2,2795,3997,3998,6,xor
2,2796,3632,3633,6,xor
2,2797,5715,5716,1,and
2,2798,1090,1091,11,implied_by
2,2799,4118,4119,9,not_xor
2,2800,1625,1626,3,a
2,2801,2831,2832,14,not_and
2,2802,487,488,5,b
2,2803,5865,5866,6,xor
2,2804,4607,4608,6,xor
2,2805,3623,3624,8,not_or
2,2806,3987,3988,15,one
2,2807,3071,3072,2,not_implies
2,2808,268,269,8,not_or
2,2809,3168,3169,11,implied_by
2,2810,1185,1186,7,or
2,2811,4300,4301,12,not_a
2,2812,940,941,10,not_b
2,2813,223,224,7,or
2,2814,2841,2842,7,or
2,2815,3467,3468,9,not_xor
2,2816,5209,5210,9,not_xor
2,2817,3930,3931,15,one
2,2818,2770,2771,7,or
2,2819,3253,3254,11,implied_by
2,2820,3678,3679,1,and
2,2821,4822,4823,6,xor
2,2822,5068,5069,1,and
2,2823,1525,1526,14,not_and
2,2824,1374,1375,6,xor
2,2825,2758,2759,8,not_or
2,2826,393,394,2,not_implies
2,2827,240,241,12,not_a
2,2828,271,272,8,not_or
2,2829,809,810,12,not_a
2,2830,2015,2016,12,not_a
2,2831,4603,4604,14,not_and
2,2832,4631,4632,6,xor
2,2833,5579,5580,14,not_and
2,2834,4869,4870,8,not_or
2,2835,1301,1302,8,not_or
2,2836,2722,2723,10,not_b
2,2837,5181,5182,6,xor
2,2838,5251,5252,6,xor
2,2839,4642,4643,10,not_b
2,2840,5149,5150,7,or
2,2841,5104,5105,0,zero
2,2842,2740,2741,4,not_implied_by
2,2843,3197,3198,13,implies
2,2844,3783,3784,7,or
2,2845,1352,1353,4,not_implied_by
2,2846,1492,1493,14,not_and
2,2847,3570,3571,11,implied_by
2,2848,2946,2947,3,a
2,2849,5039,5040,11,implied_by
2,2850,1306,1307,13,implies
2,2851,5648,5649,1,and
2,2852,5331,5332,10,not_b
2,2853,951,952,3,a
2,2854,5411,5412,9,not_xor
2,2855,4467,4468,12,not_a
2,2856,2613,2614,9,not_xor
2,2857,3428,3429,9,not_xor
2,2858,52,53,1,and
2,2859,2286,2287,5,b
2,2860,5719,5720,1,and
2,2861,678,679,11,implied_by
2,2862,3054,3055,6,xor
2,2863,3239,3240,1,and
2,2864,4770,4771,3,a
2,2865,1490,1491,6,xor
2,2866,702,703,8,not_or
2,2867,3716,3717,6,xor
2,2868,2499,2500,5,b
2,2869,4493,4494,12,not_a
2,2870,296,297,10,not_b
2,2871,4820,4821,4,not_implied_by
2,2872,2543,2544,10,not_b
2,2873,1721,1722,5,b
2,2874,4789,4790,10,not_b
2,2875,3121,3122,6,xor
2,2876,1216,1217,8,not_or
2,2877,2806,2807,9,not_xor
2,2878,5929,5930,11,implied_by
2,2879,336,337,3,a
2,2880,5470,5471,3,a
2,2881,424,425,2,not_implies
2,2882,5968,5969,0,zero
2,2883,754,755,11,implied_by
2,2884,568,569,7,or
2,2885,3831,3832,8,not_or
2,2886,4965,4966,8,not_or
2,2887,2710,2711,2,not_implies
2,2888,5344,5345,11,implied_by
2,2889,4717,4718,10,not_b
2,2890,2196,2197,1,and
2,2891,1687,1688,13,implies
2,2892,81,82,13,implies
2,2893,3613,3614,6,xor
2,2894,4669,4670,6,xor
2,2895,5343,5344,9,not_xor
2,2896,1620,1621,7,or
2,2897,3007,3008,3,a
2,2898,5124,5125,6,xor
2,2899,2733,2734,2,not_implies
2,2900,930,931,14,not_and
2,2901,566,567,11,implied_by
2,2902,2113,2114,7,or
2,2903,2386,2387,4,not_implied_by
2,2904,3138,3139,3,a
2,2905,4192,4193,12,not_a
2,2906,2689,2690,5,b
2,2907,5062,5063,8,not_or
2,2908,1814,1815,3,a
2,2909,4687,4688,11,implied_by
2,2910,5445,5446,8,not_or
2,2911,2506,2507,9,not_xor
2,2912,2162,2163,7,or
2,2913,3606,3607,9,not_xor
2,2914,2657,2658,6,xor
2,2915,4299,4300,6,xor
2,2916,3104,3105,14,not_and
2,2917,2774,2775,7,or
2,2918,2462,2463,6,xor
2,2919,3406,3407,10,not_b
2,2920,2564,2565,2,not_implies
2,2921,4956,4957,5,b
2,2922,5953,5954,12,not_a
2,2923,3445,3446,10,not_b
2,2924,1480,1481,11,implied_by
2,2925,3458,3459,2,not_implies
2,2926,3142,3143,13,implies
2,2927,1462,1463,12,not_a
2,2928,3528,3529,2,not_implies
2,2929,3164,3165,5,b
2,2930,4025,4026,11,implied_by
2,2931,5289,5290,1,and
2,2932,721,722,6,xor
2,2933,1164,1165,11,implied_by
2,2934,5012,5013,12,not_a
2,2935,4868,4869,4,not_implied_by
2,2936,3787,3788,6,xor
2,2937,616,617,0,zero
2,2938,3520,3521,12,not_a
2,2939,1745,1746,6,xor
2,2940,4973,4974,11,implied_by
2,2941,5176,5177,4,not_implied_by
2,2942,3325,3326,3,a
2,2943,290,291,10,not_b
2,2944,2369,2370,9,not_xor
2,2945,3657,3658,3,a
2,2946,1923,1924,4,not_implied_by
2,2947,5818,5819,2,not_implies
2,2948,4532,4533,2,not_implies
2,2949,1149,1150,10,not_b
2,2950,5380,5381,4,not_implied_by
2,2951,2934,2935,2,not_implies
2,2952,1522,1523,5,b
2,2953,4679,4680,14,not_and
2,2954,4472,4473,3,a
2,2955,4097,4098,9,not_xor
2,2956,3180,3181,11,implied_by
2,2957,2347,2348,11,implied_by
2,2958,5509,5510,12,not_a
2,2959,4807,4808,10,not_b
2,2960,3025,3026,14,not_and
2,2961,385,386,9,not_xor
2,2962,2380,2381,14,not_and
2,2963,3116,3117,3,a
2,2964,1546,1547,12,not_a
2,2965,4429,4430,8,not_or
2,2966,2445,2446,3,a
2,2967,1584,1585,11,implied_by
2,2968,1408,1409,7,or
2,2969,3475,3476,12,not_a
2,2970,1513,1514,2,not_implies
2,2971,1026,1027,14,not_and
2,2972,3692,3693,12,not_a
2,2973,1488,1489,12,not_a
2,2974,1011,1012,7,or
2,2975,3725,3726,13,implies
2,2976,5868,5869,3,a
2,2977,4743,4744,4,not_implied_by
2,2978,513,514,12,not_a
2,2979,3975,3976,6,xor
2,2980,369,370,3,a
2,2981,4109,4110,8,not_or
2,2982,4042,4043,9,not_xor
2,2983,2623,2624,8,not_or
2,2984,1975,1976,7,or
2,2985,2217,2218,8,not_or
2,2986,5232,5233,9,not_xor
2,2987,5728,5729,5,b
2,2988,377,378,10,not_b
2,2989,1182,1183,2,not_implies
2,2990,3463,3464,5,b
2,2991,4673,4674,5,b
2,2992,4373,4374,10,not_b
2,2993,868,869,6,xor
2,2994,5025,5026,5,b
2,2995,2452,2453,6,xor
2,2996,1326,1327,3,a
2,2997,2251,2252,12,not_a
2,2998,4138,4139,9,not_xor
2,2999,4969,4970,8,not_or
2,3000,1628,1629,8,not_or
2,3001,3942,3943,4,not_implied_by
2,3002,4065,4066,14,not_and
2,3003,2881,2882,12,not_a
2,3004,305,306,2,not_implies
2,3005,4412,4413,13,implies
2,3006,303,304,7,or
2,3007,1518,1519,1,and
2,3008,5403,5404,13,implies
2,3009,3851,3852,9,not_xor
2,3010,899,900,5,b
2,3011,3453,3454,12,not_a
2,3012,1310,1311,14,not_and
2,3013,1140,1141,12,not_a
2,3014,5274,5275,7,or
2,3015,1592,1593,3,a
2,3016,1364,1365,10,not_b
2,3017,1425,1426,4,not_implied_by
2,3018,1289,1290,5,b
2,3019,2725,2726,3,a
2,3020,5352,5353,3,a
2,3021,2500,2501,5,b
2,3022,772,773,13,implies
2,3023,5612,5613,4,not_implied_by
2,3024,2289,2290,13,implies
2,3025,2694,2695,7,or
2,3026,5438,5439,9,not_xor
2,3027,75,76,12,not_a
2,3028,2824,2825,10,not_b
2,3029,2089,2090,1,and
2,3030,168,169,12,not_a
2,3031,4189,4190,12,not_a
2,3032,2376,2377,7,or
2,3033,1034,1035,6,xor
2,3034,2510,2511,7,or
2,3035,4733,4734,6,xor
2,3036,2138,2139,6,xor
2,3037,5831,5832,12,not_a
2,3038,5718,5719,6,xor
2,3039,764,765,8,not_or
2,3040,2124,2125,5,b
2,3041,3498,3499,5,b
2,3042,5076,5077,2,not_implies
2,3043,2399,2400,8,not_or
2,3044,2790,2791,8,not_or
2,3045,5571,5572,2,not_implies
2,3046,4546,4547,3,a
2,3047,3295,3296,1,and
2,3048,366,367,13,implies
2,3049,248,249,1,and
2,3050,2738,2739,11,implied_by
2,3051,4498,4499,7,or
2,3052,3351,3352,3,a
2,3053,238,239,13,implies
2,3054,4782,4783,7,or
2,3055,2979,2980,11,implied_by
2,3056,3311,3312,0,zero
2,3057,3024,3025,8,not_or
2,3058,1676,1677,4,not_implied_by
2,3059,3270,3271,3,a
2,3060,2699,2700,10,not_b
2,3061,3432,3433,5,b
2,3062,4458,4459,14,not_and
2,3063,3590,3591,3,a
2,3064,2337,2338,5,b
2,3065,302,303,2,not_implies
2,3066,4821,4822,9,not_xor
2,3067,4323,4324,4,not_implied_by
2,3068,4063,4064,9,not_xor
2,3069,3503,3504,2,not_implies
2,3070,2907,2908,2,not_implies
2,3071,2930,2931,6,xor
2,3072,1213,1214,2,not_implies
2,3073,5708,5709,6,xor
2,3074,1323,1324,6,xor
2,3075,1433,1434,13,implies
2,3076,3622,3623,9,not_xor
2,3077,5172,5173,7,or
2,3078,1024,1025,13,implies
2,3079,1341,1342,1,and
2,3080,1395,1396,2,not_implies
2,3081,5971,5972,8,not_or
2,3082,5808,5809,5,b
2,3083,3691,3692,2,not_implies
2,3084,1713,1714,10,not_b
2,3085,3580,3581,13,implies
2,3086,489,490,13,implies
2,3087,4330,4331,6,xor
2,3088,3524,3525,10,not_b
2,3089,5903,5904,0,zero
2,3090,5641,5642,9,not_xor
2,3091,4535,4536,6,xor
2,3092,3420,3421,3,a
2,3093,2290,2291,4,not_implied_by
2,3094,3141,3142,13,implies
2,3095,4667,4668,5,b
2,3096,530,531,15,one
2,3097,1354,1355,7,or
2,3098,563,564,12,not_a
2,3099,922,923,12,not_a
2,3100,1183,1184,4,not_implied_by
2,3101,1072,1073,5,b
2,3102,2222,2223,11,implied_by
2,3103,5854,5855,9,not_xor
2,3104,5126,5127,10,not_b
2,3105,160,161,13,implies
2,3106,534,535,2,not_implies
2,3107,254,255,12,not_a
2,3108,952,953,8,not_or
2,3109,4921,4922,13,implies
2,3110,3360,3361,9,not_xor
2,3111,691,692,14,not_and
2,3112,153,154,11,implied_by
2,3113,5932,5933,3,a
2,3114,3533,3534,1,and
2,3115,4036,4037,5,b
2,3116,348,349,13,implies
2,3117,2595,2596,10,not_b
2,3118,334,335,2,not_implies
2,3119,4710,4711,13,implies
2,3120,4786,4787,5,b
2,3121,3563,3564,8,not_or
2,3122,4419,4420,14,not_and
2,3123,1379,1380,3,a
2,3124,2200,2201,4,not_implied_by
2,3125,5841,5842,11,implied_by
2,3126,182,183,8,not_or
2,3127,3899,3900,11,implied_by
2,3128,2070,2071,6,xor
2,3129,4079,4080,7,or
2,3130,3451,3452,1,and
2,3131,2288,2289,10,not_b
2,3132,2417,2418,14,not_and
2,3133,1027,1028,5,b
2,3134,1951,1952,14,not_and
2,3135,1311,1312,5,b
2,3136,4335,4336,13,implies
2,3137,5743,5744,9,not_xor
2,3138,3967,3968,7,or
2,3139,2472,2473,14,not_and
2,3140,186,187,3,a
2,3141,5707,5708,10,not_b
2,3142,5738,5739,6,xor
2,3143,4547,4548,15,one
2,3144,4936,4937,4,not_implied_by
2,3145,981,982,9,not_xor
2,3146,2545,2546,14,not_and
2,3147,5986,5987,12,not_a
2,3148,5997,5998,11,implied_by
2,3149,4792,4793,14,not_and
2,3150,5892,5893,9,not_xor
2,3151,5941,5942,12,not_a
2,3152,5850,5851,3,a
2,3153,5084,5085,7,or
2,3154,5861,5862,4,not_implied_by
2,3155,584,585,15,one
2,3156,2310,2311,4,not_implied_by
2,3157,5799,5800,12,not_a
2,3158,2944,2945,7,or
2,3159,195,196,7,or
2,3160,5978,5979,12,not_a
2,3161,4459,4460,2,not_implies
2,3162,4223,4224,8,not_or
2,3163,4860,4861,7,or
2,3164,5226,5227,12,not_a
2,3165,850,851,5,b
2,3166,3687,3688,12,not_a
2,3167,5614,5615,9,not_xor
2,3168,4726,4727,13,implies
2,3169,3094,3095,10,not_b
2,3170,1141,1142,11,implied_by
2,3171,2492,2493,10,not_b
2,3172,2616,2617,10,not_b
2,3173,5065,5066,12,not_a
2,3174,2842,2843,10,not_b
2,3175,1987,1988,1,and
2,3176,4365,4366,7,or
2,3177,2726,2727,8,not_or
2,3178,5646,5647,13,implies
2,3179,5567,5568,0,zero
2,3180,2902,2903,12,not_a
2,3181,5419,5420,12,not_a
2,3182,860,861,7,or
2,3183,4197,4198,14,not_and
2,3184,1779,1780,3,a
2,3185,1131,1132,10,not_b
2,3186,4999,5000,9,not_xor
2,3187,4056,4057,9,not_xor
2,3188,5559,5560,11,implied_by
2,3189,5271,5272,3,a
2,3190,892,893,2,not_implies
2,3191,320,321,9,not_xor
2,3192,1036,1037,15,one
2,3193,4778,4779,13,implies
2,3194,5949,5950,4,not_implied_by
2,3195,108,109,5,b
2,3196,2554,2555,5,b
2,3197,216,217,13,implies
2,3198,5280,5281,9,not_xor
2,3199,5973,5974,6,xor
2,3200,2614,2615,1,and
2,3201,4762,4763,6,xor
2,3202,3506,3507,12,not_a
2,3203,4405,4406,12,not_a
2,3204,1691,1692,3,a
2,3205,2504,2505,9,not_xor
2,3206,2888,2889,13,implies
2,3207,2931,2932,14,not_and
2,3208,458,459,12,not_a
2,3209,116,117,6,xor
2,3210,601,602,7,or
2,3211,1221,1222,8,not_or
2,3212,1751,1752,10,not_b
2,3213,2260,2261,14,not_and
2,3214,4858,4859,5,b
2,3215,3072,3073,14,not_and
2,3216,890,891,7,or
2,3217,5961,5962,8,not_or
2,3218,3767,3768,7,or
2,3219,3368,3369,14,not_and
2,3220,1020,1021,7,or
2,3221,3345,3346,12,not_a
2,3222,3812,3813,13,implies
2,3223,3996,3997,1,and
2,3224,2884,2885,6,xor
2,3225,4686,4687,10,not_b
2,3226,3051,3052,7,or
2,3227,1383,1384,1,and
2,3228,2764,2765,8,not_or
2,3229,5153,5154,11,implied_by
2,3230,484,485,6,xor
2,3231,597,598,9,not_xor
2,3232,5895,5896,10,not_b
2,3233,1738,1739,10,not_b
2,3234,325,326,4,not_implied_by
2,3235,1276,1277,5,b
2,3236,4146,4147,8,not_or
2,3237,4032,4033,7,or
2,3238,4232,4233,3,a
2,3239,279,280,1,and
2,3240,928,929,1,and
2,3241,1061,1062,12,not_a
2,3242,4288,4289,10,not_b
2,3243,5293,5294,5,b
2,3244,1827,1828,2,not_implies
2,3245,3906,3907,5,b
2,3246,3415,3416,7,or
2,3247,5004,5005,5,b
2,3248,4874,4875,8,not_or
2,3249,4334,4335,9,not_xor
2,3250,2206,2207,12,not_a
2,3251,1669,1670,8,not_or
2,3252,2412,2413,1,and
2,3253,5359,5360,14,not_and
2,3254,5845,5846,2,not_implies
2,3255,5360,5361,2,not_implies
2,3256,1941,1942,8,not_or
2,3257,3970,3971,1,and
2,3258,3398,3399,14,not_and
2,3259,1900,1901,3,a
2,3260,4377,4378,4,not_implied_by
2,3261,762,763,3,a
2,3262,2388,2389,14,not_and
2,3263,780,781,12,not_a
2,3264,5828,5829,7,or
2,3265,1148,1149,1,and
2,3266,2055,2056,12,not_a
2,3267,2335,2336,14,not_and
2,3268,2126,2127,7,or
2,3269,5010,5011,12,not_a
2,3270,620,621,13,implies
2,3271,2940,2941,11,implied_by
2,3272,1069,1070,7,or
2,3273,4282,4283,2,not_implies
2,3274,5148,5149,2,not_implies
2,3275,3454,3455,1,and
2,3276,2605,2606,12,not_a
2,3277,1888,1889,11,implied_by
2,3278,820,821,3,a
2,3279,5575,5576,2,not_implies
2,3280,2780,2781,5,b
2,3281,4301,4302,12,not_a
2,3282,2297,2298,10,not_b
2,3283,3706,3707,1,and
2,3284,4457,4458,8,not_or
2,3285,2685,2686,10,not_b
2,3286,5095,5096,1,and
2,3287,4358,4359,9,not_xor
2,3288,4518,4519,10,not_b
2,3289,5129,5130,5,b
2,3290,3991,3992,6,xor
2,3291,792,793,1,and
2,3292,756,757,7,or
2,3293,720,721,12,not_a
2,3294,175,176,14,not_and
2,3295,808,809,14,not_and
2,3296,5678,5679,8,not_or
2,3297,5950,5951,1,and
2,3298,5392,5393,9,not_xor
2,3299,2248,2249,14,not_and
2,3300,190,191,10,not_b
2,3301,4538,4539,10,not_b
2,3302,2340,2341,9,not_xor
2,3303,3601,3602,5,b
2,3304,4366,4367,7,or
2,3305,1370,1371,3,a
2,3306,3425,3426,8,not_or
2,3307,2100,2101,10,not_b
2,3308,2064,2065,5,b
2,3309,1931,1932,9,not_xor
2,3310,2909,2910,11,implied_by
2,3311,4345,4346,6,xor
2,3312,876,877,4,not_implied_by
2,3313,3556,3557,5,b
2,3314,2539,2540,10,not_b
2,3315,5430,5431,3,a
2,3316,4474,4475,7,or
2,3317,4540,4541,10,not_b
2,3318,786,787,3,a
2,3319,3679,3680,14,not_and
2,3320,3331,3332,9,not_xor
2,3321,4384,4385,11,implied_by
2,3322,978,979,10,not_b
2,3323,2816,2817,8,not_or
2,3324,4867,4868,9,not_xor
2,3325,4519,4520,14,not_and
2,3326,3393,3394,2,not_implies
2,3327,619,620,11,implied_by
2,3328,2052,2053,10,not_b
2,3329,2880,2881,10,not_b
2,3330,2228,2229,9,not_xor
2,3331,1925,1926,12,not_a
2,3332,2849,2850,6,xor
2,3333,145,146,5,b
2,3334,3429,3430,10,not_b
2,3335,2702,2703,8,not_or
2,3336,3821,3822,11,implied_by
2,3337,3896,3897,3,a
2,3338,4618,4619,0,zero
2,3339,1040,1041,12,not_a
2,3340,689,690,10,not_b
2,3341,5742,5743,1,and
2,3342,3928,3929,14,not_and
2,3343,428,429,6,xor
2,3344,3864,3865,13,implies
2,3345,1914,1915,3,a
2,3346,3336,3337,1,and
2,3347,5893,5894,8,not_or
2,3348,5248,5249,13,implies
2,3349,5410,5411,6,xor
2,3350,4261,4262,5,b
2,3351,969,970,9,not_xor
2,3352,5558,5559,3,a
2,3353,1959,1960,5,b
2,3354,2023,2024,3,a
2,3355,189,190,6,xor
2,3356,321,322,7,or
2,3357,5286,5287,4,not_implied_by
2,3358,4704,4705,3,a
2,3359,4409,4410,7,or
2,3360,3397,3398,1,and
2,3361,1671,1672,12,not_a
2,3362,4836,4837,2,not_implies
2,3363,2604,2605,9,not_xor
2,3364,1508,1509,8,not_or
2,3365,2408,2409,3,a
2,3366,221,222,2,not_implies
2,3367,4117,4118,1,and
2,3368,2847,2848,10,not_b
2,3369,2885,2886,13,implies
2,3370,3391,3392,2,not_implies
2,3371,591,592,10,not_b
2,3372,5812,5813,12,not_a
2,3373,4831,4832,9,not_xor
2,3374,5468,5469,0,zero
2,3375,1571,1572,7,or
2,3376,5527,5528,7,or
2,3377,5032,5033,4,not_implied_by
2,3378,1867,1868,9,not_xor
2,3379,5816,5817,3,a
2,3380,514,515,6,xor
2,3381,1798,1799,4,not_implied_by
2,3382,661,662,9,not_xor
2,3383,3236,3237,9,not_xor
2,3384,3754,3755,7,or
2,3385,1113,1114,7,or
2,3386,5528,5529,3,a
2,3387,2474,2475,13,implies
2,3388,2662,2663,8,not_or
2,3389,5763,5764,10,not_b
2,3390,5003,5004,10,not_b
2,3391,40,41,12,not_a
2,3392,3867,3868,11,implied_by
2,3393,2583,2584,9,not_xor
2,3394,5754,5755,9,not_xor
2,3395,381,382,1,and
2,3396,2960,2961,5,b
2,3397,823,824,10,not_b
2,3398,5441,5442,5,b
2,3399,4901,4902,11,implied_by
2,3400,2231,2232,8,not_or
2,3401,5773,5774,12,not_a
2,3402,319,320,14,not_and
2,3403,5070,5071,7,or
2,3404,3285,3286,1,and
2,3405,4332,4333,13,implies
2,3406,2528,2529,5,b
2,3407,4137,4138,12,not_a
2,3408,2156,2157,3,a
2,3409,2395,2396,2,not_implies
2,3410,776,777,10,not_b
2,3411,3584,3585,5,b
2,3412,512,513,5,b
2,3413,1267,1268,7,or
2,3414,2861,2862,12,not_a
2,3415,752,753,9,not_xor
2,3416,5337,5338,10,not_b
2,3417,1143,1144,0,zero
2,3418,2919,2920,1,and
2,3419,3688,3689,5,b
2,3420,200,201,2,not_implies
2,3421,1709,1710,14,not_and
2,3422,2893,2894,13,implies
2,3423,2061,2062,5,b
2,3424,3988,3989,1,and
2,3425,5870,5871,9,not_xor
2,3426,5297,5298,12,not_a
2,3427,4264,4265,5,b
2,3428,3156,3157,12,not_a
2,3429,3872,3873,1,and
2,3430,3234,3235,11,implied_by
2,3431,3354,3355,10,not_b
2,3432,198,199,8,not_or
2,3433,3969,3970,10,not_b
2,3434,4992,4993,11,implied_by
2,3435,14,15,9,not_xor
2,3436,4289,4290,5,b
2,3437,3954,3955,3,a
2,3438,5935,5936,14,not_and
2,3439,4488,4489,9,not_xor
2,3440,1225,1226,4,not_implied_by
2,3441,1507,1508,7,or
2,3442,1663,1664,10,not_b
2,3443,796,797,13,implies
2,3444,2076,2077,3,a
2,3445,1056,1057,1,and
2,3446,1414,1415,4,not_implied_by
2,3447,1681,1682,5,b
2,3448,3686,3687,14,not_and
2,3449,4124,4125,5,b
2,3450,5469,5470,2,not_implies
2,3451,5902,5903,6,xor
2,3452,2566,2567,5,b
2,3453,4759,4760,7,or
2,3454,5235,5236,2,not_implies
2,3455,3321,3322,9,not_xor
2,3456,2199,2200,5,b
2,3457,3374,3375,9,not_xor
2,3458,495,496,3,a
2,3459,3091,3092,11,implied_by
2,3460,4922,4923,0,zero
2,3461,464,465,12,not_a
2,3462,1747,1748,3,a
2,3463,5916,5917,7,or
2,3464,4495,4496,7,or
2,3465,4549,4550,6,xor
2,3466,3537,3538,6,xor
2,3467,2542,2543,1,and
2,3468,1877,1878,14,not_and
2,3469,1017,1018,13,implies
2,3470,3698,3699,9,not_xor
2,3471,1255,1256,5,b
2,3472,5805,5806,6,xor
2,3473,3825,3826,10,not_b
2,3474,2300,2301,4,not_implied_by
2,3475,2712,2713,9,not_xor
2,3476,2590,2591,8,not_or
2,3477,1532,1533,6,xor
2,3478,4630,4631,14,not_and
2,3479,5510,5511,1,and
2,3480,5832,5833,9,not_xor
2,3481,583,584,3,a
2,3482,4052,4053,7,or
2,3483,5071,5072,11,implied_by
2,3484,1239,1240,12,not_a
2,3485,2826,2827,6,xor
2,3486,1438,1439,7,or
2,3487,3919,3920,13,implies
2,3488,1212,1213,10,not_b
2,3489,5703,5704,8,not_or
2,3490,5972,5973,10,not_b
2,3491,5188,5189,12,not_a
2,3492,3800,3801,6,xor
2,3493,5315,5316,13,implies
2,3494,3619,3620,9,not_xor
2,3495,676,677,4,not_implied_by
2,3496,267,268,12,not_a
2,3497,1376,1377,2,not_implies
2,3498,3947,3948,14,not_and
2,3499,925,926,10,not_b
2,3500,5907,5908,10,not_b
2,3501,2727,2728,2,not_implies
2,3502,887,888,10,not_b
2,3503,1577,1578,14,not_and
2,3504,5616,5617,10,not_b
2,3505,5027,5028,3,a
2,3506,3925,3926,14,not_and
2,3507,2493,2494,12,not_a
2,3508,1684,1685,5,b
2,3509,4814,4815,7,or
2,3510,4047,4048,10,not_b
2,3511,4480,4481,1,and
2,3512,5351,5352,5,b
2,3513,2939,2940,12,not_a
2,3514,4928,4929,10,not_b
2,3515,1346,1347,8,not_or
2,3516,1660,1661,4,not_implied_by
2,3517,4207,4208,12,not_a
2,3518,5121,5122,8,not_or
2,3519,1429,1430,10,not_b
2,3520,1108,1109,8,not_or
2,3521,867,868,6,xor
2,3522,4287,4288,14,not_and
2,3523,2187,2188,2,not_implies
2,3524,2634,2635,11,implied_by
2,3525,1590,1591,8,not_or
2,3526,1759,1760,13,implies
2,3527,5406,5407,15,one
2,3528,5358,5359,10,not_b
2,3529,2671,2672,11,implied_by
2,3530,891,892,12,not_a
2,3531,4370,4371,8,not_or
2,3532,3491,3492,10,not_b
2,3533,2357,2358,2,not_implies
2,3534,3659,3660,2,not_implies
2,3535,177,178,5,b
2,3536,5946,5947,10,not_b
2,3537,803,804,12,not_a
2,3538,3201,3202,5,b
2,3539,1531,1532,1,and
2,3540,3369,3370,13,implies
2,3541,4610,4611,2,not_implies
2,3542,4977,4978,1,and
2,3543,2238,2239,1,and
2,3544,436,437,3,a
2,3545,5538,5539,1,and
2,3546,3299,3300,1,and
2,3547,3115,3116,10,not_b
2,3548,2152,2153,14,not_and
2,3549,5992,5993,7,or
2,3550,4787,4788,14,not_and
2,3551,3862,3863,11,implied_by
2,3552,5751,5752,2,not_implies
2,3553,522,523,2,not_implies
2,3554,4251,4252,13,implies
2,3555,137,138,12,not_a
2,3556,5019,5020,1,and
2,3557,5345,5346,10,not_b
2,3558,3034,3035,14,not_and
2,3559,3055,3056,1,and
2,3560,5094,5095,10,not_b
2,3561,13,14,5,b
2,3562,1159,1160,5,b
2,3563,2990,2991,9,not_xor
2,3564,3120,3121,1,and
2,3565,5974,5975,4,not_implied_by
2,3566,3878,3879,6,xor
2,3567,5348,5349,3,a
2,3568,1080,1081,13,implies
2,3569,1465,1466,8,not_or
2,3570,794,795,7,or
2,3571,333,334,2,not_implies
2,3572,4026,4027,6,xor
2,3573,5024,5025,9,not_xor
2,3574,2688,2689,1,and
2,3575,4784,4785,7,or
2,3576,350,351,5,b
2,3577,3817,3818,4,not_implied_by
2,3578,3066,3067,11,implied_by
2,3579,728,729,12,not_a
2,3580,4418,4419,4,not_implied_by
2,3581,3704,3705,4,not_implied_by
2,3582,1442,1443,9,not_xor
2,3583,4554,4555,5,b
2,3584,1622,1623,7,or
2,3585,848,849,10,not_b
2,3586,4018,4019,10,not_b
2,3587,723,724,13,implies
2,3588,5264,5265,4,not_implied_by
2,3589,3774,3775,4,not_implied_by
2,3590,4758,4759,10,not_b
2,3591,2672,2673,12,not_a
2,3592,3544,3545,3,a
2,3593,110,111,7,or
2,3594,3102,3103,1,and
2,3595,3015,3016,4,not_implied_by
2,3596,5382,5383,2,not_implies
2,3597,2635,2636,10,not_b
2,3598,2302,2303,2,not_implies
2,3599,5775,5776,14,not_and
2,3600,671,672,7,or
2,3601,4126,4127,9,not_xor
2,3602,968,969,14,not_and
2,3603,2785,2786,9,not_xor
2,3604,4174,4175,10,not_b
2,3605,4473,4474,11,implied_by
2,3606,4203,4204,15,one
2,3607,2918,2919,14,not_and
2,3608,4313,4314,12,not_a
2,3609,2862,2863,5,b
2,3610,2531,2532,6,xor
2,3611,5721,5722,1,and
2,3612,519,520,13,implies
2,3613,4187,4188,7,or
2,3614,5281,5282,13,implies
2,3615,4553,4554,2,not_implies
2,3616,2903,2904,6,xor
2,3617,3949,3950,1,and
2,3618,1824,1825,3,a
2,3619,3820,3821,7,or
2,3620,1205,1206,14,not_and
2,3621,1437,1438,14,not_and
2,3622,2353,2354,10,not_b
2,3623,5190,5191,7,or
2,3624,3682,3683,7,or
2,3625,1894,1895,9,not_xor
2,3626,5378,5379,12,not_a
2,3627,1472,1473,8,not_or
2,3628,3766,3767,11,implied_by
2,3629,4341,4342,2,not_implies
2,3630,4775,4776,4,not_implied_by
2,3631,580,581,12,not_a
2,3632,4818,4819,10,not_b
2,3633,5629,5630,11,implied_by
2,3634,4989,4990,12,not_a
2,3635,3264,3265,6,xor
2,3636,3426,3427,11,implied_by
2,3637,5537,5538,2,not_implies
2,3638,575,576,6,xor
2,3639,402,403,6,xor
2,3640,4878,4879,12,not_a
2,3641,3893,3894,10,not_b
2,3642,497,498,11,implied_by
2,3643,810,811,8,not_or
2,3644,2994,2995,10,not_b
2,3645,1456,1457,12,not_a
2,3646,5562,5563,4,not_implied_by
2,3647,5989,5990,12,not_a
2,3648,2176,2177,2,not_implies
2,3649,1707,1708,4,not_implied_by
2,3650,1574,1575,4,not_implied_by
2,3651,976,977,5,b
2,3652,3352,3353,2,not_implies
2,3653,4017,4018,9,not_xor
2,3654,5954,5955,12,not_a
2,3655,2966,2967,12,not_a
2,3656,5787,5788,10,not_b
2,3657,2980,2981,3,a
2,3658,847,848,3,a
2,3659,1517,1518,5,b
2,3660,3132,3133,6,xor
2,3661,5829,5830,2,not_implies
2,3662,630,631,2,not_implies
2,3663,1783,1784,1,and
2,3664,1579,1580,7,or
2,3665,668,669,12,not_a
2,3666,3934,3935,12,not_a
2,3667,4268,4269,12,not_a
2,3668,1449,1450,15,one
2,3669,2326,2327,4,not_implied_by
2,3670,232,233,2,not_implies
2,3671,3937,3938,11,implied_by
2,3672,4104,4105,3,a
2,3673,1755,1756,11,implied_by
2,3674,2142,2143,13,implies
2,3675,2943,2944,3,a
2,3676,2750,2751,4,not_implied_by
2,3677,4752,4753,5,b
2,3678,477,478,6,xor
2,3679,86,87,2,not_implies
2,3680,5872,5873,3,a
2,3681,1189,1190,6,xor
2,3682,5709,5710,7,or
2,3683,245,246,10,not_b
2,3684,3479,3480,1,and
2,3685,2651,2652,8,not_or
2,3686,1000,1001,12,not_a
2,3687,1231,1232,8,not_or
2,3688,2416,2417,5,b
2,3689,103,104,7,or
2,3690,4143,4144,3,a
2,3691,4160,4161,7,or
2,3692,1206,1207,7,or
2,3693,5786,5787,14,not_and
2,3694,1237,1238,15,one
2,3695,4544,4545,9,not_xor
2,3696,3741,3742,5,b
2,3697,5279,5280,5,b
2,3698,4632,4633,2,not_implies
2,3699,2709,2710,15,one
2,3700,167,168,5,b
2,3701,5349,5350,9,not_xor
2,3702,1290,1291,2,not_implies
2,3703,1123,1124,10,not_b
2,3704,1309,1310,5,b
2,3705,4259,4260,8,not_or
2,3706,4715,4716,4,not_implied_by
2,3707,4417,4418,7,or
2,3708,2348,2349,10,not_b
2,3709,273,274,1,and
2,3710,3680,3681,7,or
2,3711,3517,3518,12,not_a
2,3712,3290,3291,9,not_xor
2,3713,1343,1344,7,or
2,3714,275,276,3,a
2,3715,4857,4858,6,xor
2,3716,1996,1997,3,a
2,3717,2428,2429,11,implied_by
2,3718,28,29,9,not_xor
2,3719,1973,1974,1,and
2,3720,3518,3519,5,b
2,3721,834,835,3,a
2,3722,1797,1798,7,or
2,3723,311,312,6,xor
2,3724,3220,3221,12,not_a
2,3725,2009,2010,3,a
2,3726,814,815,3,a
2,3727,5195,5196,1,and
2,3728,5102,5103,5,b
2,3729,1098,1099,3,a
2,3730,2130,2131,1,and
2,3731,4506,4507,8,not_or
2,3732,3179,3180,0,zero
2,3733,4416,4417,3,a
2,3734,441,442,5,b
2,3735,2642,2643,13,implies
2,3736,5299,5300,12,not_a
2,3737,399,400,8,not_or
2,3738,3392,3393,10,not_b
2,3739,229,230,3,a
2,3740,3711,3712,6,xor
2,3741,986,987,12,not_a
2,3742,2777,2778,2,not_implies
2,3743,3858,3859,5,b
2,3744,884,885,10,not_b
2,3745,2352,2353,4,not_implied_by
2,3746,4557,4558,3,a
2,3747,4917,4918,3,a
2,3748,3667,3668,13,implies
2,3749,1665,1666,11,implied_by
2,3750,5881,5882,10,not_b
2,3751,297,298,6,xor
2,3752,3212,3213,8,not_or
2,3753,117,118,5,b
2,3754,4530,4531,5,b
2,3755,744,745,5,b
2,3756,2028,2029,15,one
2,3757,434,435,2,not_implies
2,3758,5727,5728,6,xor
2,3759,571,572,12,not_a
2,3760,4864,4865,4,not_implied_by
2,3761,1294,1295,9,not_xor
2,3762,4916,4917,14,not_and
2,3763,5399,5400,8,not_or
2,3764,4337,4338,3,a
2,3765,1447,1448,8,not_or
2,3766,1884,1885,3,a
2,3767,2765,2766,4,not_implied_by
2,3768,4738,4739,13,implies
2,3769,4030,4031,2,not_implies
2,3770,5364,5365,7,or
2,3771,5716,5717,6,xor
2,3772,3235,3236,12,not_a
2,3773,768,769,12,not_a
2,3774,5266,5267,4,not_implied_by
2,3775,3221,3222,9,not_xor
2,3776,657,658,5,b
2,3777,459,460,4,not_implied_by
2,3778,3669,3670,5,b
2,3779,3472,3473,8,not_or
2,3780,5417,5418,6,xor
2,3781,1905,1906,7,or
2,3782,5853,5854,14,not_and
2,3783,4043,4044,10,not_b
2,3784,4252,4253,7,or
2,3785,5573,5574,8,not_or
2,3786,5706,5707,13,implies
2,3787,5530,5531,8,not_or
2,3788,3744,3745,12,not_a
2,3789,4777,4778,4,not_implied_by
2,3790,326,327,2,not_implies
2,3791,5098,5099,1,and
2,3792,4367,4368,5,b
2,3793,2332,2333,8,not_or
2,3794,215,216,11,implied_by
2,3795,3252,3253,2,not_implies
2,3796,838,839,13,implies
2,3797,1454,1455,9,not_xor
2,3798,4088,4089,6,xor
2,3799,3569,3570,1,and
2,3800,1423,1424,10,not_b
2,3801,4210,4211,9,not_xor
2,3802,6,7,7,or
2,3803,1552,1553,2,not_implies
2,3804,1505,1506,3,a
2,3805,4449,4450,2,not_implies
2,3806,4382,4383,12,not_a
2,3807,78,79,10,not_b
2,3808,4919,4920,9,not_xor
2,3809,3585,3586,4,not_implied_by
2,3810,1005,1006,6,xor
2,3811,4593,4594,0,zero
2,3812,5465,5466,12,not_a
2,3813,2354,2355,10,not_b
2,3814,5800,5801,3,a
2,3815,3804,3805,9,not_xor
2,3816,284,285,9,not_xor
2,3817,4378,4379,1,and
2,3818,5836,5837,10,not_b
2,3819,90,91,5,b
2,3820,911,912,10,not_b
2,3821,4148,4149,12,not_a
2,3822,3452,3453,6,xor
2,3823,5086,5087,12,not_a
2,3824,3828,3829,4,not_implied_by
2,3825,4010,4011,12,not_a
2,3826,1533,1534,12,not_a
2,3827,3383,3384,8,not_or
2,3828,5644,5645,8,not_or
2,3829,1124,1125,5,b
2,3830,3019,3020,7,or
2,3831,1424,1425,13,implies
2,3832,5642,5643,11,implied_by
2,3833,4912,4913,0,zero
2,3834,3806,3807,2,not_implies
2,3835,5083,5084,3,a
2,3836,5960,5961,13,implies
2,3837,5574,5575,7,or
2,3838,3916,3917,5,b
2,3839,1167,1168,11,implied_by
2,3840,462,463,12,not_a
2,3841,4229,4230,3,a
2,3842,2645,2646,15,one
2,3843,2858,2859,3,a
2,3844,2923,2924,1,and
2,3845,1722,1723,6,xor
2,3846,1793,1794,11,implied_by
2,3847,3587,3588,3,a
2,3848,759,760,13,implies
2,3849,1804,1805,1,and
2,3850,5589,5590,9,not_xor
2,3851,1361,1362,8,not_or
2,3852,3480,3481,11,implied_by
2,3853,1025,1026,5,b
2,3854,37,38,14,not_and
2,3855,1082,1083,9,not_xor
2,3856,77,78,13,implies
2,3857,5316,5317,14,not_and
2,3858,4309,4310,5,b
2,3859,5711,5712,6,xor
2,3860,3809,3810,12,not_a
2,3861,4591,4592,3,a
2,3862,355,356,3,a
2,3863,5075,5076,1,and
2,3864,4375,4376,1,and
2,3865,122,123,4,not_implied_by
2,3866,3983,3984,4,not_implied_by
2,3867,4369,4370,11,implied_by
2,3868,5976,5977,12,not_a
2,3869,5915,5916,8,not_or
2,3870,1585,1586,5,b
2,3871,2092,2093,4,not_implied_by
2,3872,5609,5610,12,not_a
2,3873,3183,3184,3,a
2,3874,1071,1072,3,a
2,3875,4177,4178,6,xor
2,3876,2822,2823,0,zero
2,3877,2735,2736,5,b
2,3878,5499,5500,12,not_a
2,3879,1485,1486,1,and
2,3880,5506,5507,13,implies
2,3881,1105,1106,2,not_implies
2,3882,5434,5435,11,implied_by
2,3883,2517,2518,3,a
2,3884,751,752,3,a
2,3885,3063,3064,13,implies
2,3886,3592,3593,0,zero
2,3887,5501,5502,13,implies
2,3888,3149,3150,5,b
2,3889,4904,4905,12,not_a
2,3890,1878,1879,3,a
2,3891,4308,4309,13,implies
2,3892,4695,4696,4,not_implied_by
2,3893,1901,1902,2,not_implies
2,3894,98,99,0,zero
2,3895,3035,3036,13,implies
2,3896,5362,5363,9,not_xor
2,3897,4173,4174,7,or
2,3898,2630,2631,10,not_b
2,3899,1948,1949,3,a
2,3900,556,557,9,not_xor
2,3901,2136,2137,8,not_or
2,3902,5401,5402,4,not_implied_by
2,3903,1582,1583,5,b
2,3904,685,686,10,not_b
2,3905,1886,1887,5,b
2,3906,3192,3193,3,a
2,3907,4297,4298,14,not_and
2,3908,56,57,3,a
2,3909,4014,4015,13,implies
2,3910,5036,5037,9,not_xor
2,3911,1808,1809,5,b
2,3912,4037,4038,13,implies
2,3913,3075,3076,6,xor
2,3914,5370,5371,10,not_b
2,3915,3013,3014,1,and
2,3916,5322,5323,3,a
2,3917,5014,5015,8,not_or
2,3918,4073,4074,14,not_and
2,3919,1976,1977,3,a
2,3920,443,444,4,not_implied_by
2,3921,2804,2805,13,implies
2,3922,2413,2414,10,not_b
2,3923,4728,4729,8,not_or
2,3924,5458,5459,6,xor
2,3925,3681,3682,11,implied_by
2,3926,4974,4975,2,not_implies
2,3927,3793,3794,3,a
2,3928,4910,4911,10,not_b
2,3929,1292,1293,1,and
2,3930,1805,1806,8,not_or
2,3931,1876,1877,14,not_and
2,3932,4281,4282,11,implied_by
2,3933,1094,1095,10,not_b
2,3934,2965,2966,9,not_xor
2,3935,4262,4263,3,a
2,3936,5135,5136,1,and
2,3937,2850,2851,3,a
2,3938,3683,3684,13,implies
2,3939,1685,1686,10,not_b
2,3940,2489,2490,6,xor
2,3941,4935,4936,3,a
2,3942,65,66,12,not_a
2,3943,906,907,8,not_or
2,3944,1871,1872,1,and
2,3945,3459,3460,12,not_a
2,3946,913,914,2,not_implies
2,3947,836,837,11,implied_by
2,3948,3645,3646,11,implied_by
2,3949,1459,1460,8,not_or
2,3950,3370,3371,5,b
2,3951,1852,1853,4,not_implied_by
2,3952,420,421,4,not_implied_by
2,3953,3694,3695,4,not_implied_by
2,3954,2970,2971,10,not_b
2,3955,5683,5684,9,not_xor
2,3956,1386,1387,12,not_a
2,3957,2318,2319,12,not_a
2,3958,201,202,14,not_and
2,3959,1257,1258,5,b
2,3960,1332,1333,7,or
2,3961,3485,3486,11,implied_by
2,3962,4258,4259,3,a
2,3963,5112,5113,10,not_b
2,3964,670,671,11,implied_by
2,3965,2164,2165,5,b
2,3966,854,855,6,xor
2,3967,4952,4953,1,and
2,3968,295,296,13,implies
2,3969,2693,2694,1,and
2,3970,4915,4916,11,implied_by
2,3971,1478,1479,9,not_xor
2,3972,3637,3638,11,implied_by
2,3973,1850,1851,0,zero
2,3974,340,341,12,not_a
2,3975,4153,4154,14,not_and
2,3976,4608,4609,5,b
2,3977,310,311,8,not_or
2,3978,1096,1097,8,not_or
2,3979,2293,2294,2,not_implies
2,3980,2787,2788,6,xor
2,3981,3037,3038,13,implies
2,3982,5471,5472,11,implied_by
2,3983,4706,4707,6,xor
2,3984,5963,5964,13,implies
2,3985,1224,1225,6,xor
2,3986,2821,2822,4,not_implied_by
2,3987,5871,5872,5,b
2,3988,4655,4656,12,not_a
2,3989,639,640,1,and
2,3990,1049,1050,12,not_a
2,3991,5162,5163,13,implies
2,3992,4950,4951,10,not_b
2,3993,1677,1678,9,not_xor
2,3994,224,225,1,and
2,3995,1795,1796,14,not_and
2,3996,1728,1729,6,xor
2,3997,172,173,4,not_implied_by
2,3998,686,687,4,not_implied_by
2,3999,595,596,4,not_implied_by
2,4000,4497,4498,5,b
2,4001,4541,4542,13,implies
2,4002,4889,4890,10,not_b
2,4003,3359,3360,9,not_xor
2,4004,1708,1709,15,one
2,4005,4768,4769,11,implied_by
2,4006,3875,3876,4,not_implied_by
2,4007,3575,3576,13,implies
2,4008,4975,4976,14,not_and
2,4009,2406,2407,0,zero
2,4010,4674,4675,10,not_b
2,4011,2030,2031,6,xor
2,4012,2851,2852,13,implies
2,4013,2573,2574,3,a
2,4014,3400,3401,4,not_implied_by
2,4015,5796,5797,13,implies
2,4016,1569,1570,6,xor
2,4017,802,803,6,xor
2,4018,3086,3087,8,not_or
2,4019,3604,3605,3,a
2,4020,3471,3472,10,not_b
2,4021,132,133,2,not_implies
2,4022,270,271,12,not_a
2,4023,1175,1176,3,a
2,4024,4154,4155,15,one
2,4025,4964,4965,11,implied_by
2,4026,4243,4244,11,implied_by
2,4027,389,390,5,b
2,4028,3412,3413,11,implied_by
2,4029,235,236,3,a
2,4030,4615,4616,3,a
2,4031,4351,4352,13,implies
2,4032,2874,2875,14,not_and
2,4033,1794,1795,7,or
2,4034,4672,4673,3,a
2,4035,4320,4321,13,implies
2,4036,779,780,4,not_implied_by
2,4037,3749,3750,10,not_b
2,4038,3256,3257,0,zero
2,4039,3159,3160,5,b
2,4040,2648,2649,11,implied_by
2,4041,1469,1470,2,not_implies
2,4042,2002,2003,3,a
2,4043,5113,5114,2,not_implies
2,4044,4987,4988,7,or
2,4045,2229,2230,4,not_implied_by
2,4046,3272,3273,1,and
2,4047,323,324,1,and
2,4048,5145,5146,3,a
2,4049,4162,4163,5,b
2,4050,2169,2170,11,implied_by
2,4051,1313,1314,10,not_b
2,4052,3174,3175,7,or
2,4053,1458,1459,2,not_implies
2,4054,306,307,10,not_b
2,4055,3650,3651,12,not_a
2,4056,437,438,10,not_b
2,4057,5285,5286,9,not_xor
2,4058,3177,3178,8,not_or
2,4059,5273,5274,7,or
2,4060,2525,2526,10,not_b
2,4061,3920,3921,4,not_implied_by
2,4062,5255,5256,6,xor
2,4063,5591,5592,10,not_b
2,4064,2143,2144,5,b
2,4065,2211,2212,0,zero
2,4066,2696,2697,1,and
2,4067,5455,5456,14,not_and
2,4068,1835,1836,3,a
2,4069,980,981,15,one
2,4070,1842,1843,8,not_or
2,4071,2996,2997,2,not_implies
2,4072,5118,5119,3,a
2,4073,4649,4650,2,not_implies
2,4074,45,46,5,b
2,4075,750,751,3,a
2,4076,3275,3276,7,or
2,4077,1187,1188,5,b
2,4078,5402,5403,11,implied_by
2,4079,4943,4944,13,implies
2,4080,4389,4390,5,b
2,4081,2961,2962,1,and
2,4082,1351,1352,6,xor
2,4083,3788,3789,2,not_implies
2,4084,5048,5049,4,not_implied_by
2,4085,3288,3289,2,not_implies
2,4086,3110,3111,4,not_implied_by
2,4087,4113,4114,13,implies
2,4088,4947,4948,14,not_and
2,4089,218,219,3,a
2,4090,2818,2819,9,not_xor
2,4091,2040,2041,12,not_a
2,4092,5495,5496,11,implied_by
2,4093,4392,4393,8,not_or
2,4094,3660,3661,8,not_or
2,4095,5684,5685,1,and
2,4096,2596,2597,2,not_implies
2,4097,1491,1492,3,a
2,4098,21,22,13,implies
2,4099,5498,5499,3,a
2,4100,390,391,9,not_xor
2,4101,1450,1451,4,not_implied_by
2,4102,479,480,13,implies
2,4103,5635,5636,13,implies
2,4104,2185,2186,13,implies
2,4105,330,331,1,and
2,4106,96,97,4,not_implied_by
2,4107,869,870,2,not_implies
2,4108,2587,2588,2,not_implies
2,4109,4930,4931,9,not_xor
2,4110,1451,1452,6,xor
2,4111,2813,2814,11,implied_by
2,4112,4433,4434,4,not_implied_by
2,4113,5026,5027,6,xor
2,4114,1854,1855,6,xor
2,4115,863,864,6,xor
2,4116,5489,5490,12,not_a
2,4117,3602,3603,1,and
2,4118,73,74,12,not_a
2,4119,1042,1043,3,a
2,4120,5463,5464,2,not_implies
2,4121,4364,4365,11,implied_by
2,4122,1647,1648,2,not_implies
2,4123,1037,1038,1,and
2,4124,667,668,4,not_implied_by
2,4125,3578,3579,11,implied_by
2,4126,2035,2036,3,a
2,4127,3857,3858,2,not_implies
2,4128,2916,2917,8,not_or
2,4129,4847,4848,8,not_or
2,4130,5819,5820,7,or
2,4131,3923,3924,11,implied_by
2,4132,2993,2994,2,not_implies
2,4133,4008,4009,2,not_implies
2,4134,2615,2616,14,not_and
2,4135,4929,4930,4,not_implied_by
2,4136,4164,4165,6,xor
2,4137,4256,4257,4,not_implied_by
2,4138,3339,3340,3,a
2,4139,2927,2928,6,xor
2,4140,2682,2683,4,not_implied_by
2,4141,2948,2949,2,not_implies
2,4142,4107,4108,5,b
2,4143,4041,4042,13,implies
2,4144,5028,5029,14,not_and
2,4145,2422,2423,12,not_a
2,4146,5284,5285,10,not_b
2,4147,3399,3400,13,implies
2,4148,2690,2691,1,and
2,4149,379,380,9,not_xor
2,4150,2679,2680,3,a
2,4151,5980,5981,3,a
2,4152,3109,3110,8,not_or
2,4153,3353,3354,5,b
2,4154,1248,1249,7,or
2,4155,5597,5598,12,not_a
2,4156,3344,3345,9,not_xor
2,4157,4061,4062,11,implied_by
2,4158,5655,5656,10,not_b
2,4159,4808,4809,11,implied_by
2,4160,5007,5008,12,not_a
2,4161,656,657,14,not_and
2,4162,67,68,6,xor
2,4163,2394,2395,7,or
2,4164,1018,1019,1,and
2,4165,265,266,11,implied_by
2,4166,4521,4522,10,not_b
2,4167,3078,3079,10,not_b
2,4168,761,762,2,not_implies
2,4169,5704,5705,4,not_implied_by
2,4170,749,750,2,not_implies
2,4171,5725,5726,7,or
2,4172,5396,5397,2,not_implies
2,4173,3642,3643,11,implied_by
2,4174,118,119,14,not_and
2,4175,2415,2416,1,and
2,4176,5613,5614,10,not_b
2,4177,3762,3763,13,implies
2,4178,525,526,11,implied_by
2,4179,3084,3085,8,not_or
2,4180,3907,3908,2,not_implies
2,4181,4034,4035,1,and
2,4182,5983,5984,8,not_or
2,4183,446,447,12,not_a
2,4184,3330,3331,7,or
2,4185,1196,1197,5,b
2,4186,1054,1055,4,not_implied_by
2,4187,4250,4251,10,not_b
2,4188,4180,4181,6,xor
2,4189,2424,2425,12,not_a
2,4190,791,792,12,not_a
2,4191,4734,4735,4,not_implied_by
2,4192,2889,2890,12,not_a
2,4193,5282,5283,11,implied_by
2,4194,2882,2883,6,xor
2,4195,4136,4137,3,a
2,4196,1389,1390,1,and
2,4197,3052,3053,8,not_or
2,4198,4029,4030,10,not_b
2,4199,3640,3641,4,not_implied_by
2,4200,3855,3856,3,a
2,4201,1868,1869,9,not_xor
2,4202,3540,3541,10,not_b
2,4203,3718,3719,13,implies
2,4204,5797,5798,2,not_implies
2,4205,3016,3017,12,not_a
2,4206,3672,3673,5,b
2,4207,5101,5102,1,and
2,4208,1979,1980,11,implied_by
2,4209,2655,2656,8,not_or
2,4210,5698,5699,7,or
2,4211,3233,3234,3,a
2,4212,2859,2860,9,not_xor
2,4213,2865,2866,10,not_b
2,4214,2978,2979,12,not_a
2,4215,2282,2283,12,not_a
2,4216,4957,4958,5,b
2,4217,813,814,12,not_a
2,4218,1538,1539,9,not_xor
2,4219,4311,4312,1,and
2,4220,1692,1693,2,not_implies
2,4221,3349,3350,4,not_implied_by
2,4222,4890,4891,9,not_xor
2,4223,3367,3368,7,or
2,4224,4689,4690,14,not_and
2,4225,1095,1096,12,not_a
2,4226,4616,4617,3,a
2,4227,3065,3066,9,not_xor
2,4228,985,986,14,not_and
2,4229,944,945,8,not_or
2,4230,5029,5030,3,a
2,4231,3816,3817,6,xor
2,4232,5525,5526,14,not_and
2,4233,3663,3664,9,not_xor
2,4234,4383,4384,9,not_xor
2,4235,3733,3734,12,not_a
2,4236,883,884,7,or
2,4237,1381,1382,3,a
2,4238,587,588,12,not_a
2,4239,1385,1386,9,not_xor
2,4240,149,150,5,b
2,4241,260,261,13,implies
2,4242,2964,2965,4,not_implied_by
2,4243,2666,2667,2,not_implies
2,4244,4028,4029,5,b
2,4245,1500,1501,3,a
2,4246,1305,1306,4,not_implied_by
2,4247,1763,1764,9,not_xor
2,4248,4998,4999,8,not_or
2,4249,1847,1848,9,not_xor
2,4250,157,158,4,not_implied_by
2,4251,640,641,6,xor
2,4252,2617,2618,8,not_or
2,4253,1016,1017,1,and
2,4254,1067,1068,7,or
2,4255,612,613,10,not_b
2,4256,5523,5524,5,b
2,4257,993,994,6,xor
2,4258,5776,5777,4,not_implied_by
2,4259,2610,2611,3,a
2,4260,5822,5823,2,not_implies
2,4261,5354,5355,13,implies
2,4262,2745,2746,7,or
2,4263,2895,2896,11,implied_by
2,4264,2541,2542,4,not_implied_by
2,4265,5377,5378,9,not_xor
2,4266,3701,3702,1,and
2,4267,2118,2119,3,a
2,4268,1204,1205,10,not_b
2,4269,5132,5133,5,b
2,4270,1059,1060,3,a
2,4271,2836,2837,7,or
2,4272,2549,2550,8,not_or
2,4273,5277,5278,10,not_b
2,4274,4494,4495,5,b
2,4275,332,333,10,not_b
2,4276,3003,3004,12,not_a
2,4277,5753,5754,3,a
2,4278,4273,4274,12,not_a
2,4279,5757,5758,2,not_implies
2,4280,5450,5451,9,not_xor
2,4281,4155,4156,1,and
2,4282,3238,3239,13,implies
2,4283,1238,1239,3,a
2,4284,3628,3629,14,not_and
2,4285,3357,3358,12,not_a
2,4286,2519,2520,5,b
2,4287,5814,5815,6,xor
2,4288,2810,2811,2,not_implies
2,4289,3564,3565,6,xor
2,4290,1388,1389,13,implies
2,4291,1848,1849,5,b
2,4292,3551,3552,2,not_implies
2,4293,5817,5818,14,not_and
2,4294,515,516,4,not_implied_by
2,4295,4898,4899,14,not_and
2,4296,1032,1033,10,not_b
2,4297,1957,1958,6,xor
2,4298,830,831,4,not_implied_by
2,4299,343,344,4,not_implied_by
2,4300,2271,2272,7,or
2,4301,5944,5945,11,implied_by
2,4302,2555,2556,4,not_implied_by
2,4303,4810,4811,2,not_implies
2,4304,4707,4708,10,not_b
2,4305,2272,2273,2,not_implies
2,4306,2366,2367,4,not_implied_by
2,4307,2134,2135,1,and
2,4308,5767,5768,13,implies
2,4309,3843,3844,12,not_a
2,4310,2912,2913,13,implies
2,4311,964,965,3,a
2,4312,3457,3458,8,not_or
2,4313,3747,3748,13,implies
2,4314,2265,2266,5,b
2,4315,2834,2835,14,not_and
2,4316,4209,4210,1,and
2,4317,3523,3524,11,implied_by
2,4318,2403,2404,10,not_b
2,4319,4084,4085,6,xor
2,4320,5328,5329,4,not_implied_by
2,4321,2324,2325,12,not_a
2,4322,1618,1619,10,not_b
2,4323,4211,4212,9,not_xor
2,4324,5513,5514,4,not_implied_by
2,4325,2223,2224,11,implied_by
2,4326,524,525,3,a
2,4327,5237,5238,8,not_or
2,4328,5389,5390,14,not_and
2,4329,2731,2732,5,b
2,4330,5117,5118,6,xor
2,4331,1978,1979,12,not_a
2,4332,3751,3752,4,not_implied_by
2,4333,2577,2578,4,not_implied_by
2,4334,4446,4447,11,implied_by
2,4335,2977,2978,11,implied_by
2,4336,549,550,10,not_b
2,4337,4195,4196,12,not_a
2,4338,3217,3218,13,implies
2,4339,2703,2704,5,b
2,4340,2646,2647,6,xor
2,4341,4871,4872,11,implied_by
2,4342,2151,2152,10,not_b
2,4343,1903,1904,2,not_implies
2,4344,3188,3189,9,not_xor
2,4345,2988,2989,9,not_xor
2,4346,5452,5453,10,not_b
2,4347,136,137,12,not_a
2,4348,3903,3904,10,not_b
2,4349,3105,3106,2,not_implies
2,4350,1896,1897,10,not_b
2,4351,1712,1713,0,zero
2,4352,4357,4358,11,implied_by
2,4353,1591,1592,8,not_or
2,4354,3638,3639,1,and
2,4355,2503,2504,3,a
2,4356,5033,5034,9,not_xor
2,4357,565,566,4,not_implied_by
2,4358,611,612,7,or
2,4359,3599,3600,2,not_implies
2,4360,1436,1437,8,not_or
2,4361,3251,3252,12,not_a
2,4362,1293,1294,13,implies
2,4363,5219,5220,5,b
2,4364,4403,4404,5,b
2,4365,2008,2009,10,not_b
2,4366,3658,3659,14,not_and
2,4367,1734,1735,7,or
2,4368,1125,1126,12,not_a
2,4369,4328,4329,9,not_xor
2,4370,4157,4158,4,not_implied_by
2,4371,2807,2808,11,implied_by
2,4372,5700,5701,13,implies
2,4373,2027,2028,7,or
2,4374,663,664,10,not_b
2,4375,2497,2498,6,xor
2,4376,5735,5736,11,implied_by
2,4377,1724,1725,5,b
2,4378,1390,1391,10,not_b
2,4379,2799,2800,2,not_implies
2,4380,5490,5491,12,not_a
2,4381,146,147,10,not_b
2,4382,2823,2824,2,not_implies
2,4383,2550,2551,7,or
2,4384,2498,2499,15,one
2,4385,2189,2190,3,a
2,4386,5324,5325,11,implied_by
2,4387,2103,2104,14,not_and
2,4388,2636,2637,1,and
2,4389,4316,4317,7,or
2,4390,3841,3842,2,not_implies
2,4391,2941,2942,3,a
2,4392,49,50,11,implied_by
2,4393,1203,1204,10,not_b
2,4394,1873,1874,5,b
2,4395,3416,3417,12,not_a
2,4396,648,649,3,a
2,4397,2975,2976,9,not_xor
2,4398,3386,3387,7,or
2,4399,840,841,11,implied_by
2,4400,4015,4016,11,implied_by
2,4401,5416,5417,10,not_b
2,4402,4888,4889,12,not_a
2,4403,2501,2502,12,not_a
2,4404,2125,2126,3,a
2,4405,23,24,2,not_implies
2,4406,5680,5681,15,one
2,4407,5338,5339,3,a
2,4408,2447,2448,11,implied_by
2,4409,5755,5756,8,not_or
2,4410,2448,2449,11,implied_by
2,4411,941,942,13,implies
2,4412,4247,4248,10,not_b
2,4413,4924,4925,13,implies
2,4414,2844,2845,9,not_xor
2,4415,4447,4448,3,a
2,4416,4171,4172,0,zero
2,4417,1942,1943,3,a
2,4418,1742,1743,2,not_implies
2,4419,3303,3304,2,not_implies
2,4420,4755,4756,13,implies
2,4421,4422,4423,5,b
2,4422,5484,5485,2,not_implies
2,4423,5856,5857,13,implies
2,4424,400,401,5,b
2,4425,4877,4878,8,not_or
2,4426,4362,4363,5,b
2,4427,960,961,1,and
2,4428,2763,2764,4,not_implied_by
2,4429,1966,1967,5,b
2,4430,990,991,11,implied_by
2,4431,3085,3086,5,b
2,4432,4504,4505,9,not_xor
2,4433,1453,1454,7,or
2,4434,1498,1499,5,b
2,4435,1982,1983,8,not_or
2,4436,2308,2309,13,implies
2,4437,1287,1288,13,implies
2,4438,4222,4223,14,not_and
2,4439,2633,2634,5,b
2,4440,1373,1374,15,one
2,4441,4198,4199,10,not_b
2,4442,1853,1854,13,implies
2,4443,4722,4723,7,or
2,4444,133,134,5,b
2,4445,2167,2168,13,implies
2,4446,5847,5848,1,and
2,4447,5533,5534,4,not_implied_by
2,4448,2607,2608,3,a
2,4449,3671,3672,10,not_b
2,4450,2938,2939,10,not_b
2,4451,5945,5946,12,not_a
2,4452,3414,3415,14,not_and
2,4453,1358,1359,12,not_a
2,4454,5842,5843,6,xor
2,4455,5398,5399,5,b
2,4456,4067,4068,14,not_and
2,4457,1504,1505,5,b
2,4458,5546,5547,10,not_b
2,4459,4007,4008,14,not_and
2,4460,994,995,14,not_and
2,4461,3224,3225,1,and
2,4462,4800,4801,13,implies
2,4463,4967,4968,10,not_b
2,4464,4175,4176,3,a
2,4465,999,1000,0,zero
2,4466,662,663,2,not_implies
2,4467,5306,5307,10,not_b
2,4468,789,790,3,a
2,4469,5617,5618,14,not_and
2,4470,3769,3770,8,not_or
2,4471,5187,5188,3,a
2,4472,3847,3848,7,or
2,4473,1688,1689,4,not_implied_by
2,4474,2783,2784,14,not_and
2,4475,2963,2964,13,implies
2,4476,3029,3030,11,implied_by
2,4477,1050,1051,5,b
2,4478,4863,4864,3,a
2,4479,63,64,13,implies
2,4480,5116,5117,8,not_or
2,4481,4596,4597,5,b
2,4482,5103,5104,8,not_or
2,4483,2638,2639,5,b
2,4484,4181,4182,6,xor
2,4485,1785,1786,13,implies
2,4486,2465,2466,3,a
2,4487,880,881,9,not_xor
2,4488,1861,1862,13,implies
2,4489,4090,4091,12,not_a
2,4490,3992,3993,7,or
2,4491,0,1,13,implies
2,4492,1146,1147,6,xor
2,4493,669,670,8,not_or
2,4494,2301,2302,13,implies
2,4495,211,212,8,not_or
2,4496,3082,3083,7,or
2,4497,4725,4726,10,not_b
2,4498,4621,4622,11,implied_by
2,4499,236,237,10,not_b
2,4500,3005,3006,1,and
2,4501,5397,5398,3,a
2,4502,862,863,10,not_b
2,4503,3608,3609,12,not_a
2,4504,5848,5849,7,or
2,4505,1191,1192,9,not_xor
2,4506,1246,1247,7,or
2,4507,180,181,3,a
2,4508,2029,2030,10,not_b
2,4509,2505,2506,12,not_a
2,4510,5202,5203,11,implied_by
2,4511,4918,4919,11,implied_by
2,4512,3133,3134,5,b
2,4513,770,771,7,or
2,4514,5115,5116,9,not_xor
2,4515,2871,2872,6,xor
2,4516,3884,3885,5,b
2,4517,5619,5620,11,implied_by
2,4518,2235,2236,9,not_xor
2,4519,1100,1101,5,b
2,4520,1578,1579,6,xor
2,4521,5741,5742,12,not_a
2,4522,4598,4599,2,not_implies
2,4523,2180,2181,8,not_or
2,4524,2119,2120,11,implied_by
2,4525,692,693,7,or
2,4526,3819,3820,10,not_b
2,4527,918,919,10,not_b
2,4528,3041,3042,5,b
2,4529,841,842,5,b
2,4530,1151,1152,8,not_or
2,4531,3802,3803,7,or
2,4532,4293,4294,9,not_xor
2,4533,1121,1122,1,and
2,4534,1749,1750,2,not_implies
2,4535,2883,2884,13,implies
2,4536,1468,1469,10,not_b
2,4537,5803,5804,12,not_a
2,4538,4882,4883,2,not_implies
2,4539,1510,1511,3,a
2,4540,287,288,2,not_implies
2,4541,907,908,4,not_implied_by
2,4542,4295,4296,4,not_implied_by
2,4543,2215,2216,10,not_b
2,4544,3822,3823,7,or
2,4545,5699,5700,1,and
2,4546,3885,3886,14,not_and
2,4547,3396,3397,5,b
2,4548,4906,4907,12,not_a
2,4549,1169,1170,4,not_implied_by
2,4550,5205,5206,6,xor
2,4551,4178,4179,8,not_or
2,4552,5913,5914,6,xor
2,4553,2034,2035,13,implies
2,4554,4980,4981,1,and
2,4555,5122,5123,10,not_b
2,4556,659,660,13,implies
2,4557,4753,4754,10,not_b
2,4558,4163,4164,5,b
2,4559,1403,1404,3,a
2,4560,1137,1138,3,a
2,4561,3058,3059,8,not_or
2,4562,4765,4766,2,not_implies
2,4563,2846,2847,14,not_and
2,4564,1851,1852,4,not_implied_by
2,4565,1266,1267,2,not_implies
2,4566,112,113,5,b
2,4567,2372,2373,7,or
2,4568,1661,1662,12,not_a
2,4569,767,768,13,implies
2,4570,2982,2983,6,xor
2,4571,1784,1785,9,not_xor
2,4572,2191,2192,6,xor
2,4573,2245,2246,13,implies
2,4574,3490,3491,1,and
2,4575,5519,5520,2,not_implies
2,4576,4934,4935,7,or
2,4577,24,25,6,xor
2,4578,3166,3167,8,not_or
2,4579,1933,1934,15,one
2,4580,3910,3911,12,not_a
2,4581,1407,1408,2,not_implies
2,4582,5067,5068,9,not_xor
2,4583,5050,5051,14,not_and
2,4584,5053,5054,14,not_and
2,4585,4701,4702,9,not_xor
2,4586,3554,3555,1,and
2,4587,664,665,9,not_xor
2,4588,2973,2974,13,implies
2,4589,1613,1614,13,implies
2,4590,5586,5587,5,b
2,4591,5154,5155,7,or
2,4592,4799,4800,10,not_b
2,4593,1739,1740,5,b
2,4594,1083,1084,14,not_and
2,4595,208,209,5,b
2,4596,1568,1569,14,not_and
2,4597,2552,2553,2,not_implies
2,4598,4082,4083,7,or
2,4599,2157,2158,5,b
2,4600,3963,3964,6,xor
2,4601,1675,1676,13,implies
2,4602,2876,2877,3,a
2,4603,5548,5549,8,not_or
2,4604,1874,1875,3,a
2,4605,3610,3611,5,b
2,4606,3103,3104,13,implies
2,4607,529,530,1,and
2,4608,998,999,10,not_b
2,4609,4035,4036,14,not_and
2,4610,4186,4187,15,one
2,4611,3323,3324,11,implied_by
2,4612,901,902,1,and
2,4613,1192,1193,9,not_xor
2,4614,1949,1950,6,xor
2,4615,1369,1370,9,not_xor
2,4616,2665,2666,4,not_implied_by
2,4617,4145,4146,5,b
2,4618,5561,5562,1,and
2,4619,249,250,7,or
2,4620,4671,4672,9,not_xor
2,4621,5540,5541,4,not_implied_by
2,4622,765,766,14,not_and
2,4623,2140,2141,10,not_b
2,4624,5758,5759,10,not_b
2,4625,5296,5297,2,not_implies
2,4626,2429,2430,5,b
2,4627,864,865,10,not_b
2,4628,4216,4217,10,not_b
2,4629,3039,3040,10,not_b
2,4630,5276,5277,6,xor
2,4631,1345,1346,9,not_xor
2,4632,386,387,1,and
2,4633,1421,1422,9,not_xor
2,4634,5924,5925,7,or
2,4635,5393,5394,11,implied_by
2,4636,4500,4501,13,implies
2,4637,4893,4894,3,a
2,4638,2158,2159,10,not_b
2,4639,2999,3000,13,implies
2,4640,3535,3536,12,not_a
2,4641,2798,2799,10,not_b
2,4642,3960,3961,10,not_b
2,4643,415,416,5,b
2,4644,2926,2927,14,not_and
2,4645,1635,1636,10,not_b
2,4646,4708,4709,3,a
2,4647,3361,3362,5,b
2,4648,2741,2742,8,not_or
2,4649,2516,2517,8,not_or
2,4650,5034,5035,11,implied_by
2,4651,3095,3096,11,implied_by
2,4652,1654,1655,5,b
2,4653,997,998,12,not_a
2,4654,5342,5343,14,not_and
2,4655,3844,3845,2,not_implies
2,4656,742,743,10,not_b
2,4657,3243,3244,14,not_and
2,4658,4976,4977,8,not_or
2,4659,5323,5324,6,xor
2,4660,5055,5056,15,one
2,4661,2304,2305,9,not_xor
2,4662,5133,5134,7,or
2,4663,526,527,2,not_implies
2,4664,1619,1620,3,a
2,4665,3440,3441,7,or
2,4666,1130,1131,2,not_implies
2,4667,3293,3294,4,not_implied_by
2,4668,5931,5932,1,and
2,4669,3033,3034,1,and
2,4670,1634,1635,14,not_and
2,4671,3169,3170,1,and
2,4672,4006,4007,10,not_b
2,4673,1560,1561,5,b
2,4674,2419,2420,10,not_b
2,4675,5904,5905,6,xor
2,4676,1651,1652,3,a
2,4677,5886,5887,1,and
2,4678,1544,1545,8,not_or
2,4679,5862,5863,10,not_b
2,4680,1353,1354,14,not_and
2,4681,3053,3054,5,b
2,4682,1314,1315,1,and
2,4683,327,328,12,not_a
2,4684,2937,2938,4,not_implied_by
2,4685,148,149,5,b
2,4686,4791,4792,0,zero
2,4687,1754,1755,13,implies
2,4688,2631,2632,7,or
2,4689,1471,1472,7,or
2,4690,1939,1940,3,a
2,4691,1359,1360,6,xor
2,4692,5896,5897,12,not_a
2,4693,929,930,2,not_implies
2,4694,4089,4090,9,not_xor
2,4695,1210,1211,9,not_xor
2,4696,5120,5121,3,a
2,4697,5486,5487,6,xor
2,4698,4636,4637,13,implies
2,4699,5440,5441,12,not_a
2,4700,3259,3260,1,and
2,4701,220,221,10,not_b
2,4702,4663,4664,4,not_implied_by
2,4703,125,126,1,and
2,4704,1938,1939,7,or
2,4705,2418,2419,10,not_b
2,4706,1209,1210,0,zero
2,4707,2298,2299,13,implies
2,4708,4194,4195,10,not_b
2,4709,4968,4969,3,a
2,4710,931,932,12,not_a
2,4711,2622,2623,4,not_implied_by
2,4712,5578,5579,10,not_b
2,4713,5995,5996,0,zero
2,4714,4988,4989,1,and
2,4715,3389,3390,9,not_xor
2,4716,3207,3208,5,b
2,4717,3305,3306,8,not_or
2,4718,1277,1278,14,not_and
2,4719,3223,3224,5,b
2,4720,4682,4683,11,implied_by
2,4721,1662,1663,15,one
2,4722,4441,4442,9,not_xor
2,4723,307,308,1,and
2,4724,5183,5184,9,not_xor
2,4725,5409,5410,5,b
2,4726,1679,1680,7,or
2,4727,3823,3824,10,not_b
2,4728,3764,3765,5,b
2,4729,5691,5692,3,a
2,4730,5638,5639,11,implied_by
2,4731,2720,2721,6,xor
2,4732,1863,1864,12,not_a
2,4733,1064,1065,6,xor
2,4734,4683,4684,7,or
2,4735,581,582,1,and
2,4736,1717,1718,8,not_or
2,4737,2776,2777,11,implied_by
2,4738,3112,3113,10,not_b
2,4739,2575,2576,12,not_a
2,4740,711,712,10,not_b
2,4741,1657,1658,4,not_implied_by
2,4742,3651,3652,15,one
2,4743,5044,5045,0,zero
2,4744,5879,5880,15,one
2,4745,1990,1991,6,xor
2,4746,989,990,7,or
2,4747,2924,2925,10,not_b
2,4748,452,453,1,and
2,4749,2723,2724,12,not_a
2,4750,4716,4717,6,xor
2,4751,3218,3219,1,and
2,4752,5169,5170,12,not_a
2,4753,682,683,4,not_implied_by
2,4754,4333,4334,13,implies
2,4755,3971,3972,7,or
2,4756,977,978,2,not_implies
2,4757,2868,2869,0,zero
2,4758,203,204,1,and
2,4759,2129,2130,4,not_implied_by
2,4760,3313,3314,13,implies
2,4761,2037,2038,5,b
2,4762,3935,3936,1,and
2,4763,2955,2956,11,implied_by
2,4764,127,128,9,not_xor
2,4765,5768,5769,7,or
2,4766,2391,2392,5,b
2,4767,4601,4602,1,and
2,4768,1172,1173,9,not_xor
2,4769,5464,5465,8,not_or
2,4770,3890,3891,14,not_and
2,4771,2439,2440,14,not_and
2,4772,5199,5200,6,xor
2,4773,2687,2688,1,and
2,4774,5524,5525,5,b
2,4775,1972,1973,10,not_b
2,4776,4794,4795,6,xor
2,4777,724,725,3,a
2,4778,4592,4593,14,not_and
2,4779,4413,4414,13,implies
2,4780,4676,4677,6,xor
2,4781,2175,2176,2,not_implies
2,4782,2680,2681,14,not_and
2,4783,5792,5793,12,not_a
2,4784,5488,5489,12,not_a
2,4785,1768,1769,10,not_b
2,4786,212,213,3,a
2,4787,4314,4315,9,not_xor
2,4788,339,340,1,and
2,4789,1934,1935,12,not_a
2,4790,398,399,7,or
2,4791,2560,2561,5,b
2,4792,1023,1024,3,a
2,4793,633,634,11,implied_by
2,4794,3842,3843,5,b
2,4795,5765,5766,12,not_a
2,4796,3050,3051,9,not_xor
2,4797,606,607,14,not_and
2,4798,2878,2879,1,and
2,4799,1943,1944,11,implied_by
2,4800,5942,5943,10,not_b
2,4801,3921,3922,3,a
2,4802,2843,2844,6,xor
2,4803,1944,1945,14,not_and
2,4804,3074,3075,3,a
2,4805,5959,5960,1,and
2,4806,2737,2738,2,not_implies
2,4807,5766,5767,6,xor
2,4808,5356,5357,14,not_and
2,4809,3876,3877,4,not_implied_by
2,4810,5376,5377,10,not_b
2,4811,3781,3782,10,not_b
2,4812,1727,1728,12,not_a
2,4813,1139,1140,5,b
2,4814,4736,4737,4,not_implied_by
2,4815,2729,2730,14,not_and
2,4816,1509,1510,6,xor
2,4817,2460,2461,7,or
2,4818,4774,4775,1,and
2,4819,2556,2557,6,xor
2,4820,121,122,0,zero
2,4821,4331,4332,10,not_b
2,4822,3846,3847,11,implied_by
2,4823,1118,1119,4,not_implied_by
2,4824,2514,2515,15,one
2,4825,2476,2477,3,a
2,4826,3939,3940,14,not_and
2,4827,3068,3069,14,not_and
2,4828,2208,2209,2,not_implies
2,4829,2828,2829,9,not_xor
2,4830,1516,1517,11,implied_by
2,4831,3631,3632,6,xor
2,4832,1282,1283,3,a
2,4833,1262,1263,12,not_a
2,4834,2106,2107,14,not_and
2,4835,317,318,12,not_a
2,4836,5584,5585,5,b
2,4837,5265,5266,2,not_implies
2,4838,2521,2522,2,not_implies
2,4839,5783,5784,12,not_a
2,4840,3778,3779,10,not_b
2,4841,914,915,12,not_a
2,4842,5888,5889,3,a
2,4843,1260,1261,4,not_implied_by
2,4844,1177,1178,11,implied_by
2,4845,1615,1616,9,not_xor
2,4846,4248,4249,1,and
2,4847,401,402,7,or
2,4848,435,436,9,not_xor
2,4849,2513,2514,9,not_xor
2,4850,3545,3546,14,not_and
2,4851,908,909,9,not_xor
2,4852,3069,3070,8,not_or
2,4853,1022,1023,10,not_b
2,4854,4233,4234,11,implied_by
2,4855,4342,4343,6,xor
2,4856,4937,4938,1,and
2,4857,4599,4600,9,not_xor
2,4858,94,95,8,not_or
2,4859,5654,5655,4,not_implied_by
2,4860,1214,1215,12,not_a
2,4861,1066,1067,9,not_xor
2,4862,1899,1900,2,not_implies
2,4863,179,180,14,not_and
2,4864,3745,3746,7,or
2,4865,5863,5864,5,b
2,4866,1435,1436,12,not_a
2,4867,3388,3389,10,not_b
2,4868,5371,5372,4,not_implied_by
2,4869,1521,1522,9,not_xor
2,4870,610,611,9,not_xor
2,4871,3803,3804,7,or
2,4872,3924,3925,7,or
2,4873,4688,4689,4,not_implied_by
2,4874,1463,1464,11,implied_by
2,4875,2038,2039,9,not_xor
2,4876,1031,1032,5,b
2,4877,3603,3604,10,not_b
2,4878,5852,5853,1,and
2,4879,4321,4322,11,implied_by
2,4880,4832,4833,0,zero
2,4881,697,698,11,implied_by
2,4882,2041,2042,1,and
2,4883,115,116,0,zero
2,4884,1642,1643,13,implies
2,4885,1029,1030,6,xor
2,4886,5858,5859,2,not_implies
2,4887,1773,1774,2,not_implies
2,4888,558,559,9,not_xor
2,4889,2003,2004,5,b
2,4890,2805,2806,4,not_implied_by
2,4891,4586,4587,6,xor
2,4892,12,13,10,not_b
2,4893,1630,1631,5,b
2,4894,2131,2132,1,and
2,4895,5674,5675,2,not_implies
2,4896,5750,5751,9,not_xor
2,4897,5582,5583,3,a
2,4898,2523,2524,9,not_xor
2,4899,2402,2403,4,not_implied_by
2,4900,4267,4268,14,not_and
2,4901,5729,5730,2,not_implies
2,4902,4879,4880,11,implied_by
2,4903,4798,4799,10,not_b
2,4904,3502,3503,13,implies
2,4905,3337,3338,12,not_a
2,4906,3643,3644,11,implied_by
2,4907,4539,4540,4,not_implied_by
2,4908,4693,4694,3,a
2,4909,1840,1841,14,not_and
2,4910,3757,3758,5,b
2,4911,4555,4556,8,not_or
2,4912,1251,1252,6,xor
2,4913,1895,1896,6,xor
2,4914,3653,3654,0,zero
2,4915,1816,1817,9,not_xor
2,4916,5307,5308,8,not_or
2,4917,905,906,3,a
2,4918,5846,5847,5,b
2,4919,4001,4002,1,and
2,4920,2378,2379,14,not_and
2,4921,3509,3510,1,and
2,4922,718,719,12,not_a
2,4923,2716,2717,7,or
2,4924,2491,2492,13,implies
2,4925,3731,3732,3,a
2,4926,557,558,2,not_implies
2,4927,5514,5515,6,xor
2,4928,509,510,5,b
2,4929,2398,2399,14,not_and
2,4930,3869,3870,7,or
2,4931,2257,2258,6,xor
2,4932,4438,4439,4,not_implied_by
2,4933,5346,5347,2,not_implies
2,4934,2074,2075,5,b
2,4935,1135,1136,8,not_or
2,4936,5830,5831,1,and
2,4937,2083,2084,1,and
2,4938,4637,4638,6,xor
2,4939,4086,4087,7,or
2,4940,5425,5426,12,not_a
2,4941,3161,3162,8,not_or
2,4942,2746,2747,8,not_or
2,4943,1092,1093,11,implied_by
2,4944,1230,1231,3,a
2,4945,3418,3419,9,not_xor
2,4946,4276,4277,9,not_xor
2,4947,5717,5718,15,one
2,4948,1413,1414,9,not_xor
2,4949,1015,1016,14,not_and
2,4950,1241,1242,1,and
2,4951,5319,5320,6,xor
2,4952,1624,1625,9,not_xor
2,4953,3189,3190,15,one
2,4954,4278,4279,9,not_xor
2,4955,5661,5662,12,not_a
2,4956,5549,5550,12,not_a
2,4957,4000,4001,3,a
2,4958,1519,1520,1,and
2,4959,1752,1753,2,not_implies
2,4960,955,956,10,not_b
2,4961,4993,4994,10,not_b
2,4962,5598,5599,4,not_implied_by
2,4963,735,736,9,not_xor
2,4964,1757,1758,12,not_a
2,4965,2819,2820,10,not_b
2,4966,2935,2936,10,not_b
2,4967,4508,4509,6,xor
2,4968,257,258,12,not_a
2,4969,247,248,4,not_implied_by
2,4970,3300,3301,11,implied_by
2,4971,2451,2452,10,not_b
2,4972,1539,1540,10,not_b
2,4973,4727,4728,10,not_b
2,4974,430,431,5,b
2,4975,4944,4945,9,not_xor
2,4976,2088,2089,8,not_or
2,4977,2053,2054,11,implied_by
2,4978,2650,2651,7,or
2,4979,5258,5259,8,not_or
2,4980,5770,5771,3,a
2,4981,272,273,6,xor
2,4982,4257,4258,2,not_implies
2,4983,55,56,11,implied_by
2,4984,1328,1329,6,xor
2,4985,1985,1986,15,one
2,4986,5508,5509,4,not_implied_by
2,4987,4116,4117,5,b
2,4988,5298,5299,10,not_b
2,4989,5184,5185,12,not_a
2,4990,2641,2642,11,implied_by
2,4991,3791,3792,9,not_xor
2,4992,1078,1079,2,not_implies
2,4993,5784,5785,14,not_and
2,4994,1211,1212,13,implies
2,4995,1729,1730,3,a
2,4996,2755,2756,10,not_b
2,4997,871,872,4,not_implied_by
2,4998,4766,4767,11,implied_by
2,4999,5994,5995,6,xor
2,5000,2291,2292,4,not_implied_by
2,5001,2444,2445,6,xor
2,5002,3519,3520,9,not_xor
2,5003,613,614,5,b
2,5004,1530,1531,5,b
2,5005,1547,1548,7,or
2,5006,852,853,10,not_b
2,5007,853,854,9,not_xor
2,5008,3532,3533,13,implies
2,5009,5843,5844,12,not_a
2,5010,3125,3126,11,implied_by
2,5011,1286,1287,9,not_xor
2,5012,3759,3760,10,not_b
2,5013,474,475,1,and
2,5014,3775,3776,5,b
2,5015,2183,2184,5,b
2,5016,3081,3082,1,and
2,5017,804,805,13,implies
2,5018,3379,3380,12,not_a
2,5019,1086,1087,5,b
2,5020,655,656,12,not_a
2,5021,1445,1446,3,a
2,5022,687,688,8,not_or
2,5023,4022,4023,4,not_implied_by
2,5024,2355,2356,8,not_or
2,5025,2420,2421,14,not_and
2,5026,2252,2253,10,not_b
2,5027,1726,1727,5,b
2,5028,4253,4254,6,xor
2,5029,5835,5836,1,and
2,5030,609,610,2,not_implies
2,5031,3080,3081,4,not_implied_by
2,5032,4401,4402,8,not_or
2,5033,4528,4529,7,or
2,5034,329,330,0,zero
2,5035,924,925,1,and
2,5036,4651,4652,1,and
2,5037,5521,5522,2,not_implies
2,5038,2855,2856,9,not_xor
2,5039,4426,4427,1,and
2,5040,1128,1129,9,not_xor
2,5041,3616,3617,4,not_implied_by
2,5042,4978,4979,13,implies
2,5043,1960,1961,1,and
2,5044,5940,5941,11,implied_by
2,5045,4588,4589,2,not_implies
2,5046,1347,1348,11,implied_by
2,5047,5901,5902,3,a
2,5048,5179,5180,6,xor
2,5049,1272,1273,5,b
2,5050,5054,5055,3,a
2,5051,5906,5907,13,implies
2,5052,3255,3256,9,not_xor
2,5053,5844,5845,9,not_xor
2,5054,3801,3802,2,not_implies
2,5055,5713,5714,13,implies
2,5056,4614,4615,11,implied_by
2,5057,5504,5505,3,a
2,5058,3582,3583,12,not_a
2,5059,2794,2795,13,implies
2,5060,5222,5223,6,xor
2,5061,269,270,11,implied_by
2,5062,594,595,12,not_a
2,5063,102,103,14,not_and
2,5064,5685,5686,6,xor
2,5065,5958,5959,10,not_b
2,5066,5106,5107,13,implies
2,5067,5477,5478,10,not_b
2,5068,4721,4722,0,zero
2,5069,2396,2397,1,and
2,5070,5930,5931,5,b
2,5071,715,716,11,implied_by
2,5072,4745,4746,3,a
2,5073,5216,5217,2,not_implies
2,5074,2606,2607,5,b
2,5075,2678,2679,6,xor
2,5076,4468,4469,11,implied_by
2,5077,532,533,5,b
2,5078,3114,3115,3,a
2,5079,658,659,3,a
2,5080,5580,5581,14,not_and
2,5081,1110,1111,1,and
2,5082,378,379,14,not_and
2,5083,3550,3551,3,a
2,5084,4623,4624,14,not_and
2,5085,48,49,14,not_and
2,5086,5970,5971,5,b
2,5087,1163,1164,13,implies
2,5088,795,796,1,and
2,5089,5214,5215,9,not_xor
2,5090,1561,1562,8,not_or
2,5091,2325,2326,8,not_or
2,5092,83,84,13,implies
2,5093,4142,4143,12,not_a
2,5094,1331,1332,7,or
2,5095,34,35,5,b
2,5096,1928,1929,14,not_and
2,5097,4780,4781,3,a
2,5098,259,260,13,implies
2,5099,2095,2096,6,xor
2,5100,4587,4588,3,a
2,5101,4548,4549,4,not_implied_by
2,5102,2569,2570,12,not_a
2,5103,1261,1262,0,zero
2,5104,1411,1412,7,or
2,5105,5937,5938,11,implied_by
2,5106,2873,2874,6,xor
2,5107,3271,3272,11,implied_by
2,5108,5262,5263,13,implies
2,5109,5740,5741,13,implies
2,5110,4023,4024,6,xor
2,5111,1897,1898,15,one
2,5112,1670,1671,8,not_or
2,5113,5918,5919,4,not_implied_by
2,5114,1813,1814,8,not_or
2,5115,2664,2665,7,or
2,5116,4781,4782,4,not_implied_by
2,5117,174,175,10,not_b
2,5118,5957,5958,10,not_b
2,5119,649,650,13,implies
2,5120,3607,3608,8,not_or
2,5121,2599,2600,9,not_xor
2,5122,337,338,1,and
2,5123,140,141,13,implies
2,5124,4356,4357,3,a
2,5125,2698,2699,2,not_implies
2,5126,5962,5963,8,not_or
2,5127,408,409,4,not_implied_by
2,5128,3583,3584,9,not_xor
2,5129,2319,2320,13,implies
2,5130,4880,4881,13,implies
2,5131,2267,2268,12,not_a
2,5132,5927,5928,3,a
2,5133,1299,1300,7,or
2,5134,3850,3851,13,implies
2,5135,5878,5879,5,b
2,5136,3140,3141,3,a
2,5137,3618,3619,7,or
2,5138,2778,2779,10,not_b
2,5139,618,619,8,not_or
2,5140,2414,2415,12,not_a
2,5141,2264,2265,7,or
2,5142,4400,4401,11,implied_by
2,5143,684,685,14,not_and
2,5144,5369,5370,11,implied_by
2,5145,3254,3255,9,not_xor
2,5146,1393,1394,13,implies
2,5147,1284,1285,7,or
2,5148,4652,4653,14,not_and
2,5149,3002,3003,13,implies
2,5150,5791,5792,6,xor
2,5151,2075,2076,11,implied_by
2,5152,2082,2083,10,not_b
2,5153,4564,4565,8,not_or
2,5154,3384,3385,11,implied_by
2,5155,2917,2918,11,implied_by
2,5156,1645,1646,3,a
2,5157,4359,4360,10,not_b
2,5158,935,936,12,not_a
2,5159,4526,4527,4,not_implied_by
2,5160,2150,2151,11,implied_by
2,5161,5500,5501,4,not_implied_by
2,5162,3670,3671,7,or
2,5163,4979,4980,0,zero
2,5164,851,852,12,not_a
2,5165,2478,2479,9,not_xor
2,5166,2305,2306,8,not_or
2,5167,643,644,5,b
2,5168,2791,2792,3,a
2,5169,3486,3487,14,not_and
2,5170,1929,1930,7,or
2,5171,5459,5460,6,xor
2,5172,2496,2497,14,not_and
2,5173,1986,1987,14,not_and
2,5174,2255,2256,11,implied_by
2,5175,5428,5429,15,one
2,5176,101,102,2,not_implies
2,5177,885,886,7,or
2,5178,783,784,6,xor
2,5179,1536,1537,12,not_a
2,5180,2968,2969,3,a
2,5181,4634,4635,5,b
2,5182,4697,4698,4,not_implied_by
2,5183,3703,3704,0,zero
2,5184,605,606,12,not_a
2,5185,2144,2145,8,not_or
2,5186,2085,2086,7,or
2,5187,699,700,5,b
2,5188,4044,4045,1,and
2,5189,4115,4116,5,b
2,5190,5696,5697,9,not_xor
2,5191,1157,1158,11,implied_by
2,5192,4485,4486,6,xor
2,5193,1291,1292,8,not_or
2,5194,5628,5629,4,not_implied_by
2,5195,185,186,9,not_xor
2,5196,959,960,7,or
2,5197,4129,4130,12,not_a
2,5198,129,130,6,xor
2,5199,3266,3267,11,implied_by
2,5200,3291,3292,6,xor
2,5201,1308,1309,14,not_and
2,5202,1439,1440,9,not_xor
2,5203,1980,1981,8,not_or
2,5204,262,263,10,not_b
2,5205,3430,3431,13,implies
2,5206,5815,5816,14,not_and
2,5207,5287,5288,14,not_and
2,5208,5413,5414,6,xor
2,5209,4620,4621,8,not_or
2,5210,3153,3154,4,not_implied_by
2,5211,2273,2274,7,or
2,5212,2269,2270,6,xor
2,5213,352,353,1,and
2,5214,2707,2708,7,or
2,5215,5175,5176,7,or
2,5216,4990,4991,14,not_and
2,5217,4271,4272,13,implies
2,5218,80,81,14,not_and
2,5219,904,905,2,not_implies
2,5220,5777,5778,9,not_xor
2,5221,3531,3532,11,implied_by
2,5222,3542,3543,2,not_implies
2,5223,2122,2123,11,implied_by
2,5224,3790,3791,10,not_b
2,5225,3839,3840,0,zero
2,5226,3860,3861,9,not_xor
2,5227,3308,3309,9,not_xor
2,5228,4054,4055,14,not_and
2,5229,3730,3731,7,or
2,5230,5335,5336,1,and
2,5231,758,759,13,implies
2,5232,5553,5554,7,or
2,5233,360,361,4,not_implied_by
2,5234,3661,3662,15,one
2,5235,1120,1121,14,not_and
2,5236,1502,1503,5,b
2,5237,5085,5086,8,not_or
2,5238,1607,1608,14,not_and
2,5239,1417,1418,3,a
2,5240,253,254,8,not_or
2,5241,5723,5724,15,one
2,5242,4583,4584,11,implied_by
2,5243,2976,2977,9,not_xor
2,5244,5794,5795,12,not_a
2,5245,799,800,9,not_xor
2,5246,2263,2264,2,not_implies
2,5247,2524,2525,10,not_b
2,5248,2754,2755,6,xor
2,5249,1881,1882,6,xor
2,5250,730,731,7,or
2,5251,2127,2128,8,not_or
2,5252,3462,3463,1,and
2,5253,1382,1383,14,not_and
2,5254,31,32,5,b
2,5255,3635,3636,2,not_implies
2,5256,3240,3241,11,implied_by
2,5257,2025,2026,9,not_xor
2,5258,1363,1364,14,not_and
2,5259,33,34,6,xor
2,5260,5245,5246,6,xor
2,5261,1559,1560,10,not_b
2,5262,3931,3932,2,not_implies
2,5263,1926,1927,5,b
2,5264,593,594,13,implies
2,5265,1911,1912,4,not_implied_by
2,5266,2401,2402,13,implies
2,5267,3319,3320,14,not_and
2,5268,3614,3615,11,implied_by
2,5269,3882,3883,1,and
2,5270,4581,4582,4,not_implied_by
2,5271,2350,2351,12,not_a
2,5272,2181,2182,4,not_implied_by
2,5273,5139,5140,1,and
2,5274,3328,3329,9,not_xor
2,5275,2886,2887,2,not_implies
2,5276,4235,4236,14,not_and
2,5277,1455,1456,1,and
2,5278,962,963,10,not_b
2,5279,239,240,5,b
2,5280,1596,1597,12,not_a
2,5281,1535,1536,4,not_implied_by
2,5282,4484,4485,10,not_b
2,5283,3900,3901,5,b
2,5284,3826,3827,10,not_b
2,5285,3827,3828,1,and
2,5286,4796,4797,7,or
2,5287,1060,1061,12,not_a
2,5288,192,193,5,b
2,5289,4984,4985,3,a
2,5290,1701,1702,2,not_implies
2,5291,3629,3630,12,not_a
2,5292,4486,4487,14,not_and
2,5293,466,467,2,not_implies
2,5294,1602,1603,11,implied_by
2,5295,2811,2812,4,not_implied_by
2,5296,2031,2032,7,or
2,5297,4391,4392,13,implies
2,5298,5320,5321,7,or
2,5299,4742,4743,10,not_b
2,5300,4895,4896,6,xor
2,5301,1927,1928,4,not_implied_by
2,5302,1831,1832,11,implied_by
2,5303,4105,4106,1,and
2,5304,120,121,4,not_implied_by
2,5305,5460,5461,5,b
2,5306,3422,3423,1,and
2,5307,2039,2040,8,not_or
2,5308,397,398,7,or
2,5309,2537,2538,2,not_implies
2,5310,1674,1675,8,not_or
2,5311,2991,2992,12,not_a
2,5312,2987,2988,5,b
2,5313,1401,1402,11,implied_by
2,5314,4414,4415,1,and
2,5315,4854,4855,3,a
2,5316,142,143,12,not_a
2,5317,3779,3780,10,not_b
2,5318,2450,2451,14,not_and
2,5319,2020,2021,11,implied_by
2,5320,4828,4829,8,not_or
2,5321,4536,4537,14,not_and
2,5322,2585,2586,15,one
2,5323,3522,3523,4,not_implied_by
2,5324,2013,2014,6,xor
2,5325,1154,1155,2,not_implies
2,5326,647,648,5,b
2,5327,5334,5335,4,not_implied_by
2,5328,1988,1989,3,a
2,5329,3889,3890,3,a
2,5330,2901,2902,13,implies
2,5331,2283,2284,8,not_or
2,5332,1883,1884,11,implied_by
2,5333,2404,2405,11,implied_by
2,5334,2210,2211,7,or
2,5335,5677,5678,4,not_implied_by
2,5336,1366,1367,3,a
2,5337,5090,5091,3,a
2,5338,2628,2629,10,not_b
2,5339,4108,4109,2,not_implies
2,5340,2314,2315,11,implied_by
2,5341,957,958,14,not_and
2,5342,4040,4041,13,implies
2,5343,1387,1388,1,and
2,5344,1655,1656,3,a
2,5345,3959,3960,1,and
2,5346,3776,3777,13,implies
2,5347,2508,2509,11,implied_by
2,5348,812,813,8,not_or
2,5349,785,786,0,zero
2,5350,2825,2826,8,not_or
2,5351,5837,5838,6,xor
2,5352,1440,1441,11,implied_by
2,5353,527,528,2,not_implies
2,5354,3702,3703,14,not_and
2,5355,3390,3391,8,not_or
2,5356,5564,5565,8,not_or
2,5357,3647,3648,11,implied_by
2,5358,3966,3967,14,not_and
2,5359,5745,5746,1,and
2,5360,1796,1797,14,not_and
2,5361,151,152,14,not_and
2,5362,5657,5658,3,a
2,5363,1007,1008,7,or
2,5364,3152,3153,14,not_and
2,5365,4617,4618,13,implies
2,5366,3482,3483,10,not_b
2,5367,3955,3956,13,implies
2,5368,5772,5773,4,not_implied_by
2,5369,4514,4515,9,not_xor
2,5370,3395,3396,12,not_a
2,5371,5834,5835,4,not_implied_by
2,5372,5002,5003,11,implied_by
2,5373,3350,3351,8,not_or
2,5374,5191,5192,11,implied_by
2,5375,5390,5391,10,not_b
2,5376,4217,4218,4,not_implied_by
2,5377,4381,4382,9,not_xor
2,5378,1104,1105,8,not_or
2,5379,4348,4349,11,implied_by
2,5380,1856,1857,2,not_implies
2,5381,1711,1712,11,implied_by
2,5382,5420,5421,14,not_and
2,5383,4627,4628,12,not_a
2,5384,1666,1667,5,b
2,5385,866,867,1,and
2,5386,1608,1609,5,b
2,5387,4319,4320,6,xor
2,5388,1777,1778,10,not_b
2,5389,324,325,2,not_implies
2,5390,1673,1674,3,a
2,5391,2660,2661,3,a
2,5392,1264,1265,6,xor
2,5393,3756,3757,11,implied_by
2,5394,4870,4871,6,xor
2,5395,4875,4876,9,not_xor
2,5396,3306,3307,5,b
2,5397,790,791,6,xor
2,5398,3348,3349,11,implied_by
2,5399,4071,4072,7,or
2,5400,516,517,9,not_xor
2,5401,4368,4369,6,xor
2,5402,3228,3229,3,a
2,5403,950,951,14,not_and
2,5404,5152,5153,11,implied_by
2,5405,5180,5181,6,xor
2,5406,4151,4152,9,not_xor
2,5407,2373,2374,10,not_b
2,5408,79,80,14,not_and
2,5409,554,555,9,not_xor
2,5410,2225,2226,10,not_b
2,5411,1690,1691,10,not_b
2,5412,5072,5073,4,not_implied_by
2,5413,1367,1368,1,and
2,5414,502,503,9,not_xor
2,5415,708,709,6,xor
2,5416,1079,1080,8,not_or
2,5417,4324,4325,4,not_implied_by
2,5418,5412,5413,10,not_b
2,5419,4925,4926,6,xor
2,5420,4325,4326,5,b
2,5421,3977,3978,10,not_b
2,5422,2494,2495,9,not_xor
2,5423,4560,4561,12,not_a
2,5424,5454,5455,0,zero
2,5425,1918,1919,1,and
2,5426,1041,1042,7,or
2,5427,5801,5802,1,and
2,5428,3927,3928,10,not_b
2,5429,3786,3787,3,a
2,5430,2204,2205,1,and
2,5431,1523,1524,7,or
2,5432,872,873,8,not_or
2,5433,2786,2787,12,not_a
2,5434,432,433,14,not_and
2,5435,362,363,12,not_a
2,5436,1898,1899,11,implied_by
2,5437,4380,4381,10,not_b
2,5438,3929,3930,4,not_implied_by
2,5439,4903,4904,3,a
2,5440,5001,5002,2,not_implies
2,5441,1682,1683,9,not_xor
2,5442,3143,3144,12,not_a
2,5443,2072,2073,6,xor
2,5444,2375,2376,1,and
2,5445,4478,4479,4,not_implied_by
2,5446,3185,3186,5,b
2,5447,170,171,12,not_a
2,5448,1819,1820,3,a
2,5449,2389,2390,12,not_a
2,5450,5855,5856,8,not_or
2,5451,5023,5024,9,not_xor
2,5452,2379,2380,12,not_a
2,5453,5948,5949,13,implies
2,5454,5639,5640,3,a
2,5455,1680,1681,2,not_implies
2,5456,1415,1416,1,and
2,5457,1506,1507,10,not_b
2,5458,1694,1695,3,a
2,5459,1932,1933,12,not_a
2,5460,1102,1103,6,xor
2,5461,1002,1003,12,not_a
2,5462,1397,1398,10,not_b
2,5463,5197,5198,5,b
2,5464,3178,3179,6,xor
2,5465,1910,1911,5,b
2,5466,4094,4095,13,implies
2,5467,2221,2222,15,one
2,5468,59,60,13,implies
2,5469,4353,4354,5,b
2,5470,4699,4700,8,not_or
2,5471,3596,3597,15,one
2,5472,828,829,8,not_or
2,5473,2686,2687,6,xor
2,5474,1656,1657,2,not_implies
2,5475,3782,3783,5,b
2,5476,2932,2933,14,not_and
2,5477,4031,4032,7,or
2,5478,607,608,10,not_b
2,5479,4754,4755,12,not_a
2,5480,2947,2948,3,a
2,5481,2193,2194,5,b
2,5482,542,543,14,not_and
2,5483,4641,4642,13,implies
2,5484,1838,1839,11,implied_by
2,5485,5239,5240,6,xor
2,5486,2213,2214,14,not_and
2,5487,2915,2916,10,not_b
2,5488,837,838,13,implies
2,5489,3710,3711,3,a
2,5490,1649,1650,10,not_b
2,5491,2294,2295,3,a
2,5492,865,866,12,not_a
2,5493,4803,4804,5,b
2,5494,681,682,4,not_implied_by
2,5495,845,846,4,not_implied_by
2,5496,4444,4445,4,not_implied_by
2,5497,2967,2968,11,implied_by
2,5498,5066,5067,1,and
2,5499,3434,3435,10,not_b
2,5500,900,901,4,not_implied_by
2,5501,3018,3019,3,a
2,5502,4200,4201,10,not_b
2,5503,2832,2833,3,a
2,5504,5651,5652,1,and
2,5505,3334,3335,3,a
2,5506,4080,4081,12,not_a
2,5507,3684,3685,2,not_implies
2,5508,2784,2785,6,xor
2,5509,2526,2527,9,not_xor
2,5510,5193,5194,3,a
2,5511,4327,4328,1,and
2,5512,4894,4895,3,a
2,5513,5833,5834,14,not_and
2,5514,3181,3182,8,not_or
2,5515,2071,2072,1,and
2,5516,5756,5757,12,not_a
2,5517,47,48,12,not_a
2,5518,2016,2017,7,or
2,5519,1441,1442,13,implies
2,5520,5820,5821,1,and
2,5521,2718,2719,4,not_implied_by
2,5522,3538,3539,10,not_b
2,5523,1045,1046,4,not_implied_by
2,5524,5437,5438,7,or
2,5525,5928,5929,7,or
2,5526,5649,5650,4,not_implied_by
2,5527,2704,2705,2,not_implies
2,5528,4156,4157,9,not_xor
2,5529,2244,2245,6,xor
2,5530,199,200,2,not_implies
2,5531,4809,4810,11,implied_by
2,5532,1136,1137,14,not_and
2,5533,801,802,1,and
2,5534,5947,5948,12,not_a
2,5535,1273,1274,4,not_implied_by
2,5536,564,565,2,not_implies
2,5537,1697,1698,13,implies
2,5538,375,376,7,or
2,5539,602,603,1,and
2,5540,4350,4351,1,and
2,5541,3267,3268,3,a
2,5542,1700,1701,14,not_and
2,5543,4511,4512,11,implied_by
2,5544,4134,4135,12,not_a
2,5545,4038,4039,5,b
2,5546,4556,4557,11,implied_by
2,5547,5720,5721,4,not_implied_by
2,5548,1174,1175,2,not_implies
2,5549,5557,5558,14,not_and
2,5550,1181,1182,12,not_a
2,5551,3516,3517,1,and
2,5552,5131,5132,11,implied_by
2,5553,5318,5319,9,not_xor
2,5554,5042,5043,5,b
2,5555,429,430,10,not_b
2,5556,3135,3136,8,not_or
2,5557,2719,2720,12,not_a
2,5558,5679,5680,9,not_xor
2,5559,2782,2783,6,xor
2,5560,5407,5408,1,and
2,5561,3042,3043,8,not_or
2,5562,1452,1453,9,not_xor
2,5563,5040,5041,9,not_xor
2,5564,2000,2001,8,not_or
2,5565,4558,4559,10,not_b
2,5566,1075,1076,7,or
2,5567,5922,5923,12,not_a
2,5568,274,275,10,not_b
2,5569,5414,5415,10,not_b
2,5570,4983,4984,7,or
2,5571,471,472,5,b
2,5572,4660,4661,11,implied_by
2,5573,5625,5626,10,not_b
2,5574,2464,2465,9,not_xor
2,5575,2732,2733,4,not_implied_by
2,5576,3727,3728,10,not_b
2,5577,2814,2815,9,not_xor
2,5578,5813,5814,10,not_b
2,5579,1493,1494,6,xor
2,5580,1870,1871,1,and
2,5581,4499,4500,0,zero
2,5582,3993,3994,10,not_b
2,5583,5977,5978,3,a
2,5584,1207,1208,5,b
2,5585,1807,1808,14,not_and
2,5586,4862,4863,8,not_or
2,5587,5357,5358,14,not_and
2,5588,3249,3250,12,not_a
2,5589,1806,1807,3,a
2,5590,1443,1444,5,b
2,5591,3186,3187,5,b
2,5592,1893,1894,3,a
2,5593,2010,2011,0,zero
2,5594,5605,5606,14,not_and
2,5595,1147,1148,1,and
2,5596,1600,1601,3,a
2,5597,3405,3406,5,b
2,5598,467,468,6,xor
2,5599,5624,5625,8,not_or
2,5600,1495,1496,6,xor
2,5601,2748,2749,13,implies
2,5602,4240,4241,4,not_implied_by
2,5603,2572,2573,7,or
2,5604,1398,1399,13,implies
2,5605,1659,1660,1,and
2,5606,2793,2794,12,not_a
2,5607,2629,2630,1,and
2,5608,4509,4510,7,or
2,5609,5884,5885,5,b
2,5610,3000,3001,4,not_implied_by
2,5611,4730,4731,2,not_implies
2,5612,3591,3592,0,zero
2,5613,1534,1535,11,implied_by
2,5614,1134,1135,8,not_or
2,5615,1640,1641,3,a
2,5616,2866,2867,13,implies
2,5617,3444,3445,9,not_xor
2,5618,4849,4850,11,implied_by
2,5619,2602,2603,13,implies
2,5620,4304,4305,6,xor
2,5621,5313,5314,5,b
2,5622,4776,4777,3,a
2,5623,5241,5242,11,implied_by
2,5624,4310,4311,14,not_and
2,5625,3739,3740,12,not_a
2,5626,1866,1867,6,xor
2,5627,4242,4243,10,not_b
2,5628,5225,5226,3,a
2,5629,2479,2480,1,and
2,5630,577,578,1,and
2,5631,1981,1982,13,implies
2,5632,2160,2161,5,b
2,5633,1365,1366,5,b
2,5634,2863,2864,5,b
2,5635,2212,2213,9,not_xor
2,5636,5534,5535,1,and
2,5637,426,427,10,not_b
2,5638,4420,4421,7,or
2,5639,984,985,11,implied_by
2,5640,3620,3621,2,not_implies
2,5641,100,101,4,not_implied_by
2,5642,5585,5586,4,not_implied_by
2,5643,1430,1431,12,not_a
2,5644,5119,5120,10,not_b
2,5645,731,732,7,or
2,5646,819,820,14,not_and
2,5647,3565,3566,8,not_or
2,5648,888,889,6,xor
2,5649,1846,1847,10,not_b
2,5650,2582,2583,6,xor
2,5651,1919,1920,1,and
2,5652,1841,1842,13,implies
2,5653,2065,2066,5,b
2,5654,4019,4020,15,one
2,5655,3521,3522,1,and
2,5656,5475,5476,2,not_implies
2,5657,1992,1993,0,zero
2,5658,5483,5484,4,not_implied_by
2,5659,5824,5825,0,zero
2,5660,5408,5409,4,not_implied_by
2,5661,3092,3093,3,a
2,5662,1114,1115,11,implied_by
2,5663,5969,5970,1,and
2,5664,3146,3147,9,not_xor
2,5665,2098,2099,13,implies
2,5666,5774,5775,3,a
2,5667,3277,3278,7,or
2,5668,2094,2095,7,or
2,5669,4940,4941,1,and
2,5670,4675,4676,9,not_xor
2,5671,3742,3743,14,not_and
2,5672,3278,3279,2,not_implies
2,5673,3145,3146,10,not_b
2,5674,3829,3830,3,a
2,5675,3167,3168,4,not_implied_by
2,5676,3848,3849,8,not_or
2,5677,5806,5807,12,not_a
2,5678,4430,4431,10,not_b
2,5679,1967,1968,0,zero
2,5680,4923,4924,15,one
2,5681,241,242,1,and
2,5682,5006,5007,7,or
2,5683,3612,3613,8,not_or
2,5684,3044,3045,10,not_b
2,5685,5697,5698,7,or
2,5686,4746,4747,11,implied_by
2,5687,25,26,13,implies
2,5688,1245,1246,3,a
2,5689,1776,1777,10,not_b
2,5690,4982,4983,7,or
2,5691,4767,4768,8,not_or
2,5692,1971,1972,6,xor
2,5693,4027,4028,3,a
2,5694,1646,1647,1,and
2,5695,4986,4987,1,and
2,5696,2410,2411,10,not_b
2,5697,3990,3991,12,not_a
2,5698,5759,5760,4,not_implied_by
2,5699,439,440,5,b
2,5700,5993,5994,10,not_b
2,5701,84,85,11,implied_by
2,5702,5082,5083,5,b
2,5703,3898,3899,13,implies
2,5704,1474,1475,13,implies
2,5705,3401,3402,6,xor
2,5706,2669,2670,2,not_implies
2,5707,1348,1349,15,one
2,5708,159,160,3,a
2,5709,3229,3230,7,or
2,5710,3038,3039,12,not_a
2,5711,1947,1948,3,a
2,5712,1043,1044,6,xor
2,5713,4179,4180,2,not_implies
2,5714,5623,5624,2,not_implies
2,5715,1999,2000,14,not_and
2,5716,3173,3174,15,one
2,5717,370,371,6,xor
2,5718,3621,3622,6,xor
2,5719,4806,4807,4,not_implied_by
2,5720,20,21,2,not_implies
2,5721,2362,2363,8,not_or
2,5722,1318,1319,2,not_implies
2,5723,5456,5457,6,xor
2,5724,5301,5302,14,not_and
2,5725,3128,3129,6,xor
2,5726,2116,2117,13,implies
2,5727,252,253,1,and
2,5728,3989,3990,12,not_a
2,5729,4470,4471,3,a
2,5730,4221,4222,14,not_and
2,5731,2471,2472,14,not_and
2,5732,1589,1590,13,implies
2,5733,2734,2735,9,not_xor
2,5734,5839,5840,2,not_implies
2,5735,2867,2868,3,a
2,5736,419,420,12,not_a
2,5737,315,316,2,not_implies
2,5738,3770,3771,10,not_b
2,5739,902,903,1,and
2,5740,3450,3451,3,a
2,5741,560,561,12,not_a
2,5742,2292,2293,9,not_xor
2,5743,2535,2536,13,implies
2,5744,5663,5664,12,not_a
2,5745,3915,3916,9,not_xor
2,5746,5975,5976,1,and
2,5747,1001,1002,5,b
2,5748,2578,2579,6,xor
2,5749,1222,1223,7,or
2,5750,878,879,12,not_a
2,5751,543,544,6,xor
2,5752,1168,1169,5,b
2,5753,5493,5494,6,xor
2,5754,2877,2878,9,not_xor
2,5755,50,51,13,implies
2,5756,5161,5162,5,b
2,5757,394,395,6,xor
2,5758,1295,1296,7,or
2,5759,5229,5230,0,zero
2,5760,1623,1624,3,a
2,5761,3230,3231,8,not_or
2,5762,5221,5222,5,b
2,5763,2817,2818,2,not_implies
2,5764,1962,1963,9,not_xor
2,5765,5147,5148,6,xor
2,5766,3655,3656,10,not_b
2,5767,2809,2810,5,b
2,5768,2469,2470,13,implies
2,5769,3147,3148,11,implied_by
2,5770,2753,2754,6,xor
2,5771,1885,1886,7,or
2,5772,2574,2575,1,and
2,5773,4994,4995,6,xor
2,5774,5647,5648,11,implied_by
2,5775,4465,4466,5,b
2,5776,4460,4461,10,not_b
2,5777,1828,1829,8,not_or
2,5778,3193,3194,5,b
2,5779,2837,2838,2,not_implies
2,5780,3441,3442,10,not_b
2,5781,1581,1582,14,not_and
2,5782,3994,3995,10,not_b
2,5783,987,988,6,xor
2,5784,2485,2486,0,zero
2,5785,608,609,5,b
2,5786,5311,5312,9,not_xor
2,5787,5192,5193,11,implied_by
2,5788,559,560,4,not_implied_by
2,5789,617,618,2,not_implies
2,5790,3333,3334,2,not_implies
2,5791,1612,1613,3,a
2,5792,2278,2279,3,a
2,5793,1839,1840,14,not_and
2,5794,2571,2572,1,and
2,5795,3136,3137,14,not_and
2,5796,5400,5401,1,and
2,5797,4066,4067,14,not_and
2,5798,739,740,5,b
2,5799,5821,5822,7,or
2,5800,3859,3860,14,not_and
2,5801,1758,1759,13,implies
2,5802,3913,3914,12,not_a
2,5803,1227,1228,2,not_implies
2,5804,4824,4825,1,and
2,5805,5366,5367,1,and
2,5806,4318,4319,9,not_xor
2,5807,2105,2106,1,and
2,5808,2461,2462,7,or
2,5809,2761,2762,6,xor
2,5810,5168,5169,5,b
2,5811,3089,3090,1,and
2,5812,4677,4678,7,or
2,5813,5074,5075,7,or
2,5814,5860,5861,13,implies
2,5815,1093,1094,3,a
2,5816,4167,4168,8,not_or
2,5817,4191,4192,1,and
2,5818,2848,2849,6,xor
2,5819,2953,2954,13,implies
2,5820,4130,4131,7,or
2,5821,1021,1022,3,a
2,5822,4274,4275,13,implies
2,5823,5587,5588,9,not_xor
2,5824,2247,2248,0,zero
2,5825,2067,2068,2,not_implies
2,5826,1242,1243,2,not_implies
2,5827,3070,3071,9,not_xor
2,5828,4199,4200,9,not_xor
2,5829,3560,3561,5,b
2,5830,4218,4219,12,not_a
2,5831,811,812,5,b
2,5832,5386,5387,6,xor
2,5833,2361,2362,9,not_xor
2,5834,5018,5019,13,implies
2,5835,4050,4051,10,not_b
2,5836,5272,5273,10,not_b
2,5837,1762,1763,8,not_or
2,5838,4513,4514,15,one
2,5839,4379,4380,3,a
2,5840,3808,3809,4,not_implied_by
2,5841,2121,2122,5,b
2,5842,2759,2760,12,not_a
2,5843,3213,3214,6,xor
2,5844,2644,2645,8,not_or
2,5845,1588,1589,10,not_b
2,5846,2653,2654,6,xor
2,5847,2656,2657,13,implies
2,5848,698,699,12,not_a
2,5849,4454,4455,12,not_a
2,5850,5099,5100,4,not_implied_by
2,5851,1243,1244,14,not_and
2,5852,3203,3204,7,or
2,5853,3487,3488,1,and
2,5854,488,489,11,implied_by
2,5855,4064,4065,14,not_and
2,5856,2624,2625,11,implied_by
2,5857,1843,1844,5,b
2,5858,1553,1554,1,and
2,5859,3863,3864,2,not_implies
2,5860,5542,5543,4,not_implied_by
2,5861,4913,4914,8,not_or
2,5862,3926,3927,15,one
2,5863,2351,2352,10,not_b
2,5864,2594,2595,1,and
2,5865,1392,1393,12,not_a
2,5866,1396,1397,6,xor
2,5867,1787,1788,11,implied_by
2,5868,3713,3714,4,not_implied_by
2,5869,573,574,1,and
2,5870,2467,2468,0,zero
2,5871,485,486,14,not_and
2,5872,335,336,6,xor
2,5873,1953,1954,4,not_implied_by
2,5874,873,874,1,and
2,5875,3404,3405,11,implied_by
2,5876,1882,1883,5,b
2,5877,313,314,2,not_implies
2,5878,4371,4372,3,a
2,5879,5590,5591,1,and
2,5880,4907,4908,12,not_a
2,5881,1906,1907,7,or
2,5882,91,92,11,implied_by
2,5883,4280,4281,10,not_b
2,5884,4302,4303,6,xor
2,5885,5516,5517,14,not_and
2,5886,161,162,12,not_a
2,5887,472,473,10,not_b
2,5888,1320,1321,6,xor
2,5889,3150,3151,6,xor
2,5890,4228,4229,13,implies
2,5891,2548,2549,13,implies
2,5892,1543,1544,11,implied_by
2,5893,70,71,9,not_xor
2,5894,3449,3450,11,implied_by
2,5895,1732,1733,4,not_implied_by
2,5896,213,214,5,b
2,5897,1563,1564,2,not_implies
2,5898,966,967,2,not_implies
2,5899,1145,1146,6,xor
2,5900,440,441,6,xor
2,5901,5395,5396,7,or
2,5902,242,243,1,and
2,5903,30,31,10,not_b
2,5904,4395,4396,10,not_b
2,5905,5866,5867,5,b
2,5906,5934,5935,13,implies
2,5907,5804,5805,14,not_and
2,5908,3912,3913,14,not_and
2,5909,5394,5395,3,a
2,5910,1153,1154,9,not_xor
2,5911,5259,5260,5,b
2,5912,1446,1447,4,not_implied_by
2,5913,4249,4250,10,not_b
2,5914,3641,3642,8,not_or
2,5915,3314,3315,2,not_implies
2,5916,5247,5248,5,b
2,5917,1077,1078,7,or
2,5918,1969,1970,13,implies
2,5919,1733,1734,0,zero
2,5920,574,575,6,xor
2,5921,4650,4651,9,not_xor
2,5922,3995,3996,7,or
2,5923,5593,5594,6,xor
2,5924,5982,5983,12,not_a
2,5925,2546,2547,2,not_implies
2,5926,3064,3065,7,or
2,5927,4533,4534,10,not_b
2,5928,4568,4569,10,not_b
2,5929,4881,4882,6,xor
2,5930,5802,5803,14,not_and
2,5931,1641,1642,10,not_b
2,5932,2096,2097,9,not_xor
2,5933,141,142,2,not_implies
2,5934,5662,5663,9,not_xor
2,5935,4410,4411,6,xor
2,5936,3469,3470,7,or
2,5937,3436,3437,5,b
2,5938,3845,3846,8,not_or
2,5939,4387,4388,2,not_implies
2,5940,3789,3790,10,not_b
2,5941,2019,2020,1,and
2,5942,4797,4798,10,not_b
2,5943,3576,3577,5,b
2,5944,1845,1846,12,not_a
2,5945,374,375,2,not_implies
2,5946,5859,5860,4,not_implied_by
2,5947,3515,3516,15,one
2,5948,1144,1145,10,not_b
2,5949,3736,3737,14,not_and
2,5950,2958,2959,14,not_and
2,5951,5224,5225,8,not_or
2,5952,1830,1831,1,and
2,5953,5769,5770,4,not_implied_by
2,5954,1457,1458,5,b
2,5955,3322,3323,4,not_implied_by
2,5956,5633,5634,1,and
2,5957,5372,5373,5,b
2,5958,5479,5480,2,not_implies
2,5959,4709,4710,11,implied_by
2,5960,4012,4013,11,implied_by
2,5961,5013,5014,12,not_a
2,5962,2226,2227,4,not_implied_by
2,5963,4573,4574,7,or
2,5964,806,807,13,implies
2,5965,3315,3316,1,and
2,5966,2056,2057,3,a
2,5967,3562,3563,6,xor
2,5968,3447,3448,11,implied_by
2,5969,2705,2706,5,b
2,5970,3182,3183,3,a
2,5971,5779,5780,9,not_xor
2,5972,2201,2202,8,not_or
2,5973,169,170,12,not_a
2,5974,2112,2113,8,not_or
2,5975,62,63,4,not_implied_by
2,5976,2057,2058,5,b
2,5977,3881,3882,1,and
2,5978,5583,5584,5,b
2,5979,782,783,9,not_xor
2,5980,1194,1195,4,not_implied_by
2,5981,1765,1766,8,not_or
2,5982,4399,4400,12,not_a
2,5983,2058,2059,10,not_b
2,5984,3720,3721,11,implied_by
2,5985,936,937,8,not_or
2,5986,5626,5627,7,or
2,5987,2018,2019,2,not_implies
2,5988,1156,1157,4,not_implied_by
2,5989,2099,2100,12,not_a
2,5990,4388,4389,14,not_and
2,5991,3609,3610,14,not_and
2,5992,1945,1946,9,not_xor
2,5993,1753,1754,2,not_implies
2,5994,4464,4465,3,a
2,5995,896,897,11,implied_by
2,5996,4523,4524,5,b
2,5997,1473,1474,5,b
2,5998,3488,3489,5,b
2,5999,1460,1461,4,not_implied_by
3,0,1395,1396,5,b
3,1,3691,3692,7,or
3,2,5261,5262,9,not_xor
3,3,3595,3596,7,or
3,4,4818,4819,4,not_implied_by
3,5,4796,4797,5,b
3,6,4949,4950,1,and
3,7,1448,1449,12,not_a
3,8,2716,2717,3,a
3,9,2918,2919,4,not_implied_by
3,10,3502,3503,9,not_xor
3,11,3293,3294,4,not_implied_by
3,12,4152,4153,7,or
3,13,4714,4715,11,implied_by
3,14,401,402,11,implied_by
3,15,1314,1315,3,a
3,16,1992,1993,3,a
3,17,3664,3665,13,implies
3,18,5331,5332,4,not_implied_by
3,19,4295,4296,5,b
3,20,5657,5658,5,b
3,21,1024,1025,14,not_and
3,22,5205,5206,12,not_a
3,23,3212,3213,3,a
3,24,1125,1126,2,not_implies
3,25,501,502,2,not_implies
3,26,5827,5828,13,implies
3,27,1967,1968,12,not_a
3,28,1855,1856,9,not_xor
3,29,5027,5028,2,not_implies
3,30,3985,3986,10,not_b
3,31,2328,2329,6,xor
3,32,4010,4011,15,one
3,33,95,96,10,not_b
3,34,4317,4318,2,not_implies
3,35,1877,1878,14,not_and
3,36,4445,4446,13,implies
3,37,192,193,4,not_implied_by
3,38,4900,4901,14,not_and
3,39,5122,5123,7,or
3,40,857,858,11,implied_by
3,41,46,47,5,b
3,42,2172,2173,10,not_b
3,43,5672,5673,11,implied_by
3,44,1386,1387,4,not_implied_by
3,45,643,644,2,not_implies
3,46,5325,5326,7,or
3,47,4481,4482,7,or
3,48,2073,2074,13,implies
3,49,4694,4695,3,a
3,50,1523,1524,13,implies
3,51,4352,4353,9,not_xor
3,52,5083,5084,7,or
3,53,1743,1744,2,not_implies
3,54,2255,2256,7,or
3,55,4545,4546,5,b
3,56,3468,3469,3,a
3,57,3781,3782,9,not_xor
3,58,3773,3774,6,xor
3,59,4466,4467,2,not_implies
3,60,1048,1049,4,not_implied_by
3,61,307,308,14,not_and
3,62,4697,4698,0,zero
3,63,767,768,13,implies
3,64,3556,3557,7,or
3,65,4735,4736,13,implies
3,66,5758,5759,12,not_a
3,67,4310,4311,9,not_xor
3,68,3540,3541,9,not_xor
3,69,335,336,2,not_implies
3,70,1146,1147,13,implies
3,71,82,83,13,implies
3,72,2087,2088,1,and
3,73,5052,5053,6,xor
3,74,1182,1183,4,not_implied_by
3,75,5365,5366,5,b
3,76,4615,4616,6,xor
3,77,3243,3244,14,not_and
3,78,4021,4022,9,not_xor
3,79,5806,5807,7,or
3,80,1248,1249,6,xor
3,81,2007,2008,10,not_b
3,82,153,154,6,xor
3,83,5038,5039,4,not_implied_by
3,84,5785,5786,2,not_implies
3,85,5489,5490,10,not_b
3,86,2649,2650,13,implies
3,87,2289,2290,5,b
3,88,3564,3565,10,not_b
3,89,4324,4325,6,xor
3,90,3010,3011,10,not_b
3,91,4398,4399,8,not_or
3,92,1409,1410,3,a
3,93,5739,5740,12,not_a
3,94,3245,3246,7,or
3,95,655,656,5,b
3,96,2964,2965,12,not_a
3,97,3744,3745,2,not_implies
3,98,4658,4659,12,not_a
3,99,110,111,3,a
3,100,2638,2639,1,and
3,101,5996,5997,10,not_b
3,102,451,452,10,not_b
3,103,2092,2093,3,a
3,104,2109,2110,5,b
3,105,835,836,3,a
3,106,5483,5484,3,a
3,107,696,697,2,not_implies
3,108,852,853,11,implied_by
3,109,4908,4909,6,xor
3,110,4579,4580,14,not_and
3,111,1801,1802,11,implied_by
3,112,1169,1170,5,b
3,113,2791,2792,5,b
3,114,4022,4023,11,implied_by
3,115,2226,2227,3,a
3,116,2641,2642,3,a
3,117,4064,4065,3,a
3,118,2214,2215,1,and
3,119,5773,5774,12,not_a
3,120,1478,1479,12,not_a
3,121,5449,5450,12,not_a
3,122,736,737,12,not_a
3,123,4849,4850,7,or
3,124,3116,3117,5,b
3,125,1330,1331,9,not_xor
3,126,490,491,2,not_implies
3,127,5411,5412,6,xor
3,128,4933,4934,4,not_implied_by
3,129,5720,5721,7,or
3,130,992,993,1,and
3,131,4992,4993,14,not_and
3,132,1494,1495,10,not_b
3,133,2016,2017,1,and
3,134,4652,4653,6,xor
3,135,4498,4499,6,xor
3,136,3583,3584,3,a
3,137,5709,5710,2,not_implies
3,138,1910,1911,1,and
3,139,5421,5422,6,xor
3,140,5645,5646,14,not_and
3,141,1864,1865,15,one
3,142,749,750,10,not_b
3,143,2079,2080,10,not_b
3,144,1268,1269,3,a
3,145,5916,5917,14,not_and
3,146,3413,3414,10,not_b
3,147,3849,3850,12,not_a
3,148,4138,4139,11,implied_by
3,149,1307,1308,5,b
3,150,2725,2726,5,b
3,151,4386,4387,1,and
3,152,5335,5336,9,not_xor
3,153,5033,5034,3,a
3,154,347,348,7,or
3,155,704,705,6,xor
3,156,968,969,8,not_or
3,157,4378,4379,2,not_implies
3,158,510,511,9,not_xor
3,159,4348,4349,9,not_xor
3,160,5808,5809,5,b
3,161,2727,2728,8,not_or
3,162,5514,5515,5,b
3,163,3009,3010,11,implied_by
3,164,3194,3195,10,not_b
3,165,3543,3544,12,not_a
3,166,3520,3521,7,or
3,167,5732,5733,10,not_b
3,168,1581,1582,5,b
3,169,4382,4383,10,not_b
3,170,4002,4003,14,not_and
3,171,3525,3526,10,not_b
3,172,255,256,11,implied_by
3,173,1851,1852,0,zero
3,174,1052,1053,8,not_or
3,175,2162,2163,11,implied_by
3,176,614,615,11,implied_by
3,177,3099,3100,10,not_b
3,178,1004,1005,5,b
3,179,5838,5839,15,one
3,180,5969,5970,11,implied_by
3,181,5480,5481,6,xor
3,182,3778,3779,13,implies
3,183,2313,2314,6,xor
3,184,4791,4792,13,implies
3,185,5789,5790,6,xor
3,186,5448,5449,6,xor
3,187,3606,3607,5,b
3,188,5158,5159,11,implied_by
3,189,4768,4769,2,not_implies
3,190,3387,3388,11,implied_by
3,191,4640,4641,2,not_implies
3,192,734,735,10,not_b
3,193,3961,3962,2,not_implies
3,194,4927,4928,14,not_and
3,195,4683,4684,8,not_or
3,196,1279,1280,15,one
3,197,540,541,5,b
3,198,77,78,11,implied_by
3,199,2286,2287,13,implies
3,200,4891,4892,6,xor
3,201,1469,1470,1,and
3,202,5617,5618,0,zero
3,203,4943,4944,12,not_a
3,204,2814,2815,9,not_xor
3,205,4544,4545,6,xor
3,206,1535,1536,5,b
3,207,3745,3746,11,implied_by
3,208,4755,4756,10,not_b
3,209,66,67,8,not_or
3,210,460,461,6,xor
3,211,1579,1580,8,not_or
3,212,1444,1445,4,not_implied_by
3,213,2261,2262,1,and
3,214,4726,4727,4,not_implied_by
3,215,1900,1901,13,implies
3,216,2730,2731,1,and
3,217,2633,2634,9,not_xor
3,218,3880,3881,3,a
3,219,5313,5314,12,not_a
3,220,1196,1197,9,not_xor
3,221,3694,3695,5,b
3,222,5580,5581,12,not_a
3,223,2724,2725,2,not_implies
3,224,1496,1497,9,not_xor
3,225,4031,4032,13,implies
3,226,1192,1193,11,implied_by
3,227,3363,3364,8,not_or
3,228,4995,4996,14,not_and
3,229,1970,1971,6,xor
3,230,5088,5089,10,not_b
3,231,1455,1456,11,implied_by
3,232,780,781,13,implies
3,233,5307,5308,8,not_or
3,234,3602,3603,3,a
3,235,1862,1863,3,a
3,236,4614,4615,12,not_a
3,237,2089,2090,3,a
3,238,141,142,12,not_a
3,239,5526,5527,5,b
3,240,2869,2870,6,xor
3,241,3499,3500,12,not_a
3,242,4830,4831,5,b
3,243,5689,5690,9,not_xor
3,244,3375,3376,12,not_a
3,245,5686,5687,6,xor
3,246,762,763,1,and
3,247,947,948,8,not_or
3,248,1665,1666,12,not_a
3,249,3294,3295,14,not_and
3,250,4569,4570,13,implies
3,251,1687,1688,2,not_implies
3,252,1731,1732,12,not_a
3,253,1406,1407,3,a
3,254,4571,4572,3,a
3,255,5889,5890,1,and
3,256,5362,5363,11,implied_by
3,257,4373,4374,12,not_a
3,258,4680,4681,11,implied_by
3,259,2370,2371,8,not_or
3,260,3799,3800,10,not_b
3,261,4363,4364,10,not_b
3,262,3747,3748,14,not_and
3,263,4534,4535,1,and
3,264,3175,3176,10,not_b
3,265,2874,2875,5,b
3,266,5174,5175,6,xor
3,267,3614,3615,3,a
3,268,1344,1345,4,not_implied_by
3,269,4096,4097,8,not_or
3,270,2064,2065,12,not_a
3,271,1225,1226,8,not_or
3,272,2681,2682,10,not_b
3,273,4150,4151,3,a
3,274,4335,4336,15,one
3,275,1839,1840,12,not_a
3,276,2746,2747,10,not_b
3,277,2602,2603,6,xor
3,278,4691,4692,6,xor
3,279,1438,1439,1,and
3,280,4844,4845,10,not_b
3,281,2946,2947,9,not_xor
3,282,5792,5793,11,implied_by
3,283,5674,5675,14,not_and
3,284,1645,1646,5,b
3,285,420,421,10,not_b
3,286,5058,5059,5,b
3,287,579,580,4,not_implied_by
3,288,2770,2771,3,a
3,289,5629,5630,13,implies
3,290,4001,4002,4,not_implied_by
3,291,1942,1943,13,implies
3,292,5964,5965,4,not_implied_by
3,293,5320,5321,4,not_implied_by
3,294,1332,1333,4,not_implied_by
3,295,5302,5303,13,implies
3,296,368,369,13,implies
3,297,1185,1186,10,not_b
3,298,1547,1548,4,not_implied_by
3,299,3539,3540,3,a
3,300,3999,4000,3,a
3,301,1445,1446,5,b
3,302,5784,5785,10,not_b
3,303,2357,2358,8,not_or
3,304,1158,1159,3,a
3,305,3354,3355,5,b
3,306,5868,5869,7,or
3,307,4981,4982,6,xor
3,308,1659,1660,11,implied_by
3,309,3191,3192,6,xor
3,310,3927,3928,8,not_or
3,311,5814,5815,4,not_implied_by
3,312,1558,1559,12,not_a
3,313,5045,5046,2,not_implies
3,314,5016,5017,3,a
3,315,3264,3265,13,implies
3,316,4329,4330,5,b
3,317,2351,2352,8,not_or
3,318,1228,1229,2,not_implies
3,319,1194,1195,11,implied_by
3,320,1219,1220,6,xor
3,321,2051,2052,14,not_and
3,322,4971,4972,13,implies
3,323,5126,5127,10,not_b
3,324,1119,1120,7,or
3,325,952,953,8,not_or
3,326,1305,1306,10,not_b
3,327,1212,1213,7,or
3,328,3058,3059,7,or
3,329,5880,5881,12,not_a
3,330,3777,3778,10,not_b
3,331,2158,2159,6,xor
3,332,4881,4882,13,implies
3,333,5643,5644,6,xor
3,334,349,350,13,implies
3,335,5236,5237,13,implies
3,336,5622,5623,3,a
3,337,288,289,7,or
3,338,4389,4390,8,not_or
3,339,4850,4851,2,not_implies
3,340,3765,3766,5,b
3,341,4266,4267,6,xor
3,342,364,365,14,not_and
3,343,2277,2278,10,not_b
3,344,1552,1553,13,implies
3,345,1111,1112,11,implied_by
3,346,3594,3595,7,or
3,347,3812,3813,3,a
3,348,591,592,10,not_b
3,349,33,34,5,b
3,350,1312,1313,2,not_implies
3,351,342,343,10,not_b
3,352,5798,5799,4,not_implied_by
3,353,5291,5292,6,xor
3,354,2330,2331,8,not_or
3,355,2074,2075,4,not_implied_by
3,356,1681,1682,12,not_a
3,357,1878,1879,10,not_b
3,358,3861,3862,1,and
3,359,4256,4257,10,not_b
3,360,3355,3356,3,a
3,361,3107,3108,2,not_implies
3,362,5353,5354,13,implies
3,363,1599,1600,3,a
3,364,5471,5472,13,implies
3,365,4261,4262,12,not_a
3,366,534,535,8,not_or
3,367,4999,5000,3,a
3,368,2593,2594,6,xor
3,369,5003,5004,5,b
3,370,3271,3272,4,not_implied_by
3,371,2034,2035,2,not_implies
3,372,1808,1809,14,not_and
3,373,1657,1658,4,not_implied_by
3,374,4385,4386,9,not_xor
3,375,5388,5389,3,a
3,376,3488,3489,11,implied_by
3,377,1623,1624,1,and
3,378,286,287,6,xor
3,379,1890,1891,8,not_or
3,380,5428,5429,9,not_xor
3,381,3097,3098,12,not_a
3,382,2386,2387,3,a
3,383,720,721,4,not_implied_by
3,384,283,284,10,not_b
3,385,1082,1083,4,not_implied_by
3,386,409,410,6,xor
3,387,1474,1475,3,a
3,388,2817,2818,7,or
3,389,5780,5781,12,not_a
3,390,2394,2395,11,implied_by
3,391,4651,4652,6,xor
3,392,5876,5877,9,not_xor
3,393,5572,5573,4,not_implied_by
3,394,326,327,5,b
3,395,2695,2696,5,b
3,396,5070,5071,9,not_xor
3,397,3304,3305,12,not_a
3,398,3149,3150,11,implied_by
3,399,3919,3920,2,not_implies
3,400,3329,3330,10,not_b
3,401,2184,2185,4,not_implied_by
3,402,4811,4812,10,not_b
3,403,2910,2911,7,or
3,404,5640,5641,3,a
3,405,4370,4371,6,xor
3,406,4446,4447,6,xor
3,407,4778,4779,4,not_implied_by
3,408,4790,4791,5,b
3,409,353,354,7,or
3,410,5611,5612,9,not_xor
3,411,5218,5219,9,not_xor
3,412,4715,4716,4,not_implied_by
3,413,2861,2862,1,and
3,414,3192,3193,10,not_b
3,415,75,76,4,not_implied_by
3,416,4822,4823,8,not_or
3,417,5853,5854,5,b
3,418,1026,1027,4,not_implied_by
3,419,716,717,4,not_implied_by
3,420,4709,4710,7,or
3,421,3467,3468,5,b
3,422,5575,5576,5,b
3,423,3285,3286,11,implied_by
3,424,1310,1311,15,one
3,425,1144,1145,1,and
3,426,5264,5265,5,b
3,427,3195,3196,10,not_b
3,428,4007,4008,6,xor
3,429,4994,4995,1,and
3,430,2956,2957,10,not_b
3,431,688,689,4,not_implied_by
3,432,2249,2250,12,not_a
3,433,506,507,1,and
3,434,895,896,15,one
3,435,2877,2878,9,not_xor
3,436,4856,4857,13,implies
3,437,3017,3018,6,xor
3,438,4014,4015,2,not_implies
3,439,4826,4827,10,not_b
3,440,145,146,10,not_b
3,441,3101,3102,8,not_or
3,442,3740,3741,8,not_or
3,443,2154,2155,5,b
3,444,1266,1267,4,not_implied_by
3,445,544,545,3,a
3,446,26,27,0,zero
3,447,1118,1119,7,or
3,448,5216,5217,5,b
3,449,3073,3074,12,not_a
3,450,4824,4825,5,b
3,451,473,474,10,not_b
3,452,5740,5741,4,not_implied_by
3,453,3364,3365,12,not_a
3,454,45,46,2,not_implies
3,455,944,945,10,not_b
3,456,1157,1158,1,and
3,457,5281,5282,9,not_xor
3,458,2208,2209,4,not_implied_by
3,459,2682,2683,10,not_b
3,460,1419,1420,14,not_and
3,461,4179,4180,3,a
3,462,4759,4760,14,not_and
3,463,4977,4978,5,b
3,464,2605,2606,7,or
3,465,1948,1949,14,not_and
3,466,817,818,1,and
3,467,1076,1077,7,or
3,468,4642,4643,8,not_or
3,469,5484,5485,4,not_implied_by
3,470,2171,2172,1,and
3,471,2870,2871,14,not_and
3,472,5737,5738,1,and
3,473,3969,3970,8,not_or
3,474,4328,4329,14,not_and
3,475,958,959,13,implies
3,476,4390,4391,11,implied_by
3,477,3317,3318,2,not_implies
3,478,5466,5467,12,not_a
3,479,4678,4679,1,and
3,480,3555,3556,7,or
3,481,3422,3423,5,b
3,482,3884,3885,14,not_and
3,483,2670,2671,12,not_a
3,484,0,1,4,not_implied_by
3,485,374,375,12,not_a
3,486,2986,2987,13,implies
3,487,1723,1724,12,not_a
3,488,4008,4009,6,xor
3,489,823,824,12,not_a
3,490,3184,3185,5,b
3,491,4783,4784,9,not_xor
3,492,3681,3682,2,not_implies
3,493,4149,4150,5,b
3,494,1034,1035,7,or
3,495,2858,2859,8,not_or
3,496,4189,4190,10,not_b
3,497,4903,4904,8,not_or
3,498,731,732,14,not_and
3,499,2679,2680,12,not_a
3,500,2157,2158,3,a
3,501,2413,2414,1,and
3,502,684,685,9,not_xor
3,503,5419,5420,3,a
3,504,2455,2456,10,not_b
3,505,4807,4808,10,not_b
3,506,3513,3514,6,xor
3,507,476,477,3,a
3,508,1108,1109,1,and
3,509,4767,4768,3,a
3,510,5299,5300,10,not_b
3,511,5326,5327,5,b
3,512,4763,4764,6,xor
3,513,1347,1348,14,not_and
3,514,2757,2758,3,a
3,515,2052,2053,13,implies
3,516,4907,4908,4,not_implied_by
3,517,306,307,5,b
3,518,356,357,11,implied_by
3,519,5195,5196,11,implied_by
3,520,5159,5160,5,b
3,521,2280,2281,10,not_b
3,522,3746,3747,8,not_or
3,523,2962,2963,8,not_or
3,524,3032,3033,2,not_implies
3,525,3031,3032,12,not_a
3,526,2423,2424,13,implies
3,527,2389,2390,9,not_xor
3,528,4094,4095,10,not_b
3,529,3786,3787,11,implied_by
3,530,5796,5797,6,xor
3,531,5612,5613,4,not_implied_by
3,532,1112,1113,10,not_b
3,533,5196,5197,8,not_or
3,534,4835,4836,1,and
3,535,3414,3415,3,a
3,536,5210,5211,7,or
3,537,1043,1044,1,and
3,538,934,935,8,not_or
3,539,1451,1452,1,and
3,540,1611,1612,3,a
3,541,2012,2013,1,and
3,542,1286,1287,5,b
3,543,5385,5386,13,implies
3,544,611,612,5,b
3,545,507,508,5,b
3,546,733,734,12,not_a
3,547,5598,5599,3,a
3,548,5376,5377,5,b
3,549,5790,5791,2,not_implies
3,550,3162,3163,7,or
3,551,4700,4701,11,implied_by
3,552,1282,1283,12,not_a
3,553,3993,3994,4,not_implied_by
3,554,4991,4992,14,not_and
3,555,3732,3733,10,not_b
3,556,3057,3058,9,not_xor
3,557,3003,3004,8,not_or
3,558,814,815,1,and
3,559,827,828,11,implied_by
3,560,4520,4521,5,b
3,561,3806,3807,5,b
3,562,3152,3153,3,a
3,563,984,985,11,implied_by
3,564,44,45,3,a
3,565,432,433,6,xor
3,566,3383,3384,5,b
3,567,2207,2208,12,not_a
3,568,1441,1442,12,not_a
3,569,4084,4085,9,not_xor
3,570,3377,3378,8,not_or
3,571,217,218,14,not_and
3,572,1437,1438,7,or
3,573,2059,2060,5,b
3,574,5538,5539,8,not_or
3,575,5779,5780,12,not_a
3,576,481,482,12,not_a
3,577,810,811,9,not_xor
3,578,4259,4260,10,not_b
3,579,5157,5158,5,b
3,580,5656,5657,2,not_implies
3,581,5602,5603,2,not_implies
3,582,5832,5833,13,implies
3,583,2318,2319,11,implied_by
3,584,1606,1607,9,not_xor
3,585,1220,1221,6,xor
3,586,648,649,6,xor
3,587,1865,1866,6,xor
3,588,3432,3433,10,not_b
3,589,4938,4939,4,not_implied_by
3,590,3001,3002,2,not_implies
3,591,5917,5918,5,b
3,592,4415,4416,8,not_or
3,593,5862,5863,5,b
3,594,556,557,6,xor
3,595,1372,1373,3,a
3,596,816,817,4,not_implied_by
3,597,2660,2661,9,not_xor
3,598,389,390,3,a
3,599,995,996,12,not_a
3,600,1644,1645,3,a
3,601,2560,2561,9,not_xor
3,602,230,231,3,a
3,603,2897,2898,12,not_a
3,604,2764,2765,11,implied_by
3,605,5983,5984,11,implied_by
3,606,639,640,9,not_xor
3,607,4126,4127,10,not_b
3,608,2406,2407,3,a
3,609,3666,3667,7,or
3,610,1921,1922,3,a
3,611,3342,3343,12,not_a
3,612,289,290,5,b
3,613,2266,2267,12,not_a
3,614,234,235,5,b
3,615,68,69,12,not_a
3,616,5518,5519,14,not_and
3,617,5377,5378,11,implied_by
3,618,3333,3334,1,and
3,619,1336,1337,5,b
3,620,4725,4726,2,not_implies
3,621,5764,5765,11,implied_by
3,622,3830,3831,10,not_b
3,623,2601,2602,12,not_a
3,624,3035,3036,10,not_b
3,625,3704,3705,13,implies
3,626,699,700,11,implied_by
3,627,1135,1136,11,implied_by
3,628,2839,2840,3,a
3,629,5375,5376,5,b
3,630,5499,5500,10,not_b
3,631,5921,5922,14,not_and
3,632,628,629,7,or
3,633,2532,2533,12,not_a
3,634,2489,2490,12,not_a
3,635,71,72,5,b
3,636,781,782,3,a
3,637,321,322,3,a
3,638,5297,5298,13,implies
3,639,4948,4949,5,b
3,640,3464,3465,3,a
3,641,1517,1518,2,not_implies
3,642,5093,5094,0,zero
3,643,989,990,6,xor
3,644,5604,5605,2,not_implies
3,645,3836,3837,5,b
3,646,2604,2605,2,not_implies
3,647,3932,3933,14,not_and
3,648,3942,3943,5,b
3,649,1856,1857,6,xor
3,650,2611,2612,7,or
3,651,3832,3833,3,a
3,652,3667,3668,10,not_b
3,653,1320,1321,11,implied_by
3,654,4809,4810,11,implied_by
3,655,1634,1635,5,b
3,656,5715,5716,3,a
3,657,744,745,9,not_xor
3,658,1509,1510,5,b
3,659,2844,2845,10,not_b
3,660,1198,1199,5,b
3,661,2533,2534,3,a
3,662,2120,2121,10,not_b
3,663,790,791,2,not_implies
3,664,2612,2613,11,implied_by
3,665,5125,5126,9,not_xor
3,666,2473,2474,12,not_a
3,667,542,543,4,not_implied_by
3,668,3048,3049,6,xor
3,669,3473,3474,8,not_or
3,670,2405,2406,12,not_a
3,671,3660,3661,8,not_or
3,672,4747,4748,7,or
3,673,4940,4941,9,not_xor
3,674,3086,3087,7,or
3,675,3500,3501,8,not_or
3,676,4646,4647,9,not_xor
3,677,3510,3511,13,implies
3,678,3644,3645,10,not_b
3,679,2776,2777,5,b
3,680,2136,2137,12,not_a
3,681,1986,1987,3,a
3,682,1754,1755,9,not_xor
3,683,4841,4842,14,not_and
3,684,2130,2131,3,a
3,685,4874,4875,0,zero
3,686,2921,2922,3,a
3,687,4076,4077,3,a
3,688,3135,3136,13,implies
3,689,3582,3583,3,a
3,690,211,212,9,not_xor
3,691,2090,2091,13,implies
3,692,5569,5570,12,not_a
3,693,1214,1215,4,not_implied_by
3,694,3361,3362,1,and
3,695,1399,1400,10,not_b
3,696,1407,1408,5,b
3,697,5527,5528,3,a
3,698,4594,4595,12,not_a
3,699,4212,4213,11,implied_by
3,700,553,554,14,not_and
3,701,2304,2305,13,implies
3,702,2336,2337,9,not_xor
3,703,2809,2810,9,not_xor
3,704,3822,3823,4,not_implied_by
3,705,2302,2303,2,not_implies
3,706,1128,1129,14,not_and
3,707,4732,4733,5,b
3,708,4135,4136,14,not_and
3,709,3727,3728,9,not_xor
3,710,3183,3184,14,not_and
3,711,5910,5911,1,and
3,712,1415,1416,6,xor
3,713,866,867,4,not_implied_by
3,714,1614,1615,6,xor
3,715,444,445,6,xor
3,716,2474,2475,8,not_or
3,717,1020,1021,5,b
3,718,2891,2892,1,and
3,719,2459,2460,3,a
3,720,2274,2275,8,not_or
3,721,1960,1961,10,not_b
3,722,1726,1727,5,b
3,723,4209,4210,6,xor
3,724,829,830,13,implies
3,725,2785,2786,3,a
3,726,3751,3752,3,a
3,727,5905,5906,0,zero
3,728,3446,3447,4,not_implied_by
3,729,5524,5525,8,not_or
3,730,3550,3551,7,or
3,731,4130,4131,2,not_implies
3,732,3471,3472,3,a
3,733,4779,4780,10,not_b
3,734,3310,3311,10,not_b
3,735,418,419,2,not_implies
3,736,252,253,3,a
3,737,3682,3683,2,not_implies
3,738,5267,5268,5,b
3,739,3929,3930,8,not_or
3,740,3940,3941,13,implies
3,741,1788,1789,9,not_xor
3,742,1258,1259,3,a
3,743,4543,4544,4,not_implied_by
3,744,4815,4816,2,not_implies
3,745,2219,2220,6,xor
3,746,4978,4979,8,not_or
3,747,3966,3967,11,implied_by
3,748,5509,5510,1,and
3,749,2707,2708,11,implied_by
3,750,640,641,6,xor
3,751,2068,2069,10,not_b
3,752,4813,4814,14,not_and
3,753,3920,3921,8,not_or
3,754,2690,2691,4,not_implied_by
3,755,723,724,3,a
3,756,5173,5174,3,a
3,757,5833,5834,14,not_and
3,758,2390,2391,5,b
3,759,5924,5925,3,a
3,760,3444,3445,11,implied_by
3,761,5593,5594,0,zero
3,762,5245,5246,9,not_xor
3,763,354,355,13,implies
3,764,2510,2511,10,not_b
3,765,2945,2946,9,not_xor
3,766,423,424,11,implied_by
3,767,1420,1421,3,a
3,768,3328,3329,12,not_a
3,769,1795,1796,10,not_b
3,770,2195,2196,1,and
3,771,1193,1194,11,implied_by
3,772,414,415,9,not_xor
3,773,4055,4056,9,not_xor
3,774,2435,2436,3,a
3,775,861,862,4,not_implied_by
3,776,620,621,9,not_xor
3,777,1152,1153,4,not_implied_by
3,778,4781,4782,6,xor
3,779,5823,5824,2,not_implies
3,780,2035,2036,13,implies
3,781,229,230,12,not_a
3,782,1473,1474,7,or
3,783,5120,5121,6,xor
3,784,4375,4376,11,implied_by
3,785,4959,4960,4,not_implied_by
3,786,3857,3858,12,not_a
3,787,467,468,8,not_or
3,788,3396,3397,10,not_b
3,789,2981,2982,11,implied_by
3,790,180,181,3,a
3,791,1670,1671,14,not_and
3,792,4253,4254,13,implies
3,793,2248,2249,9,not_xor
3,794,2323,2324,12,not_a
3,795,667,668,10,not_b
3,796,2565,2566,8,not_or
3,797,4941,4942,8,not_or
3,798,1797,1798,8,not_or
3,799,784,785,14,not_and
3,800,1240,1241,5,b
3,801,282,283,13,implies
3,802,1963,1964,3,a
3,803,5884,5885,13,implies
3,804,5712,5713,8,not_or
3,805,4416,4417,10,not_b
3,806,976,977,14,not_and
3,807,1600,1601,4,not_implied_by
3,808,5481,5482,13,implies
3,809,227,228,8,not_or
3,810,3639,3640,13,implies
3,811,2527,2528,3,a
3,812,2462,2463,13,implies
3,813,5730,5731,4,not_implied_by
3,814,644,645,15,one
3,815,1676,1677,7,or
3,816,1624,1625,5,b
3,817,2546,2547,9,not_xor
3,818,1724,1725,9,not_xor
3,819,2744,2745,7,or
3,820,3848,3849,12,not_a
3,821,606,607,12,not_a
3,822,597,598,2,not_implies
3,823,287,288,7,or
3,824,159,160,2,not_implies
3,825,5407,5408,9,not_xor
3,826,4574,4575,12,not_a
3,827,4314,4315,12,not_a
3,828,5177,5178,13,implies
3,829,3307,3308,7,or
3,830,4895,4896,15,one
3,831,2242,2243,5,b
3,832,3327,3328,8,not_or
3,833,4321,4322,6,xor
3,834,1666,1667,1,and
3,835,5821,5822,3,a
3,836,4566,4567,6,xor
3,837,3785,3786,4,not_implied_by
3,838,2260,2261,4,not_implied_by
3,839,3217,3218,10,not_b
3,840,2408,2409,3,a
3,841,2563,2564,1,and
3,842,2387,2388,14,not_and
3,843,5754,5755,13,implies
3,844,3976,3977,5,b
3,845,1513,1514,10,not_b
3,846,2538,2539,7,or
3,847,2317,2318,7,or
3,848,4549,4550,3,a
3,849,5651,5652,6,xor
3,850,5610,5611,11,implied_by
3,851,2163,2164,2,not_implies
3,852,5118,5119,3,a
3,853,4624,4625,1,and
3,854,5146,5147,6,xor
3,855,1465,1466,3,a
3,856,4773,4774,10,not_b
3,857,1095,1096,5,b
3,858,539,540,12,not_a
3,859,2903,2904,2,not_implies
3,860,760,761,9,not_xor
3,861,3388,3389,4,not_implied_by
3,862,107,108,4,not_implied_by
3,863,1551,1552,10,not_b
3,864,43,44,1,and
3,865,590,591,9,not_xor
3,866,5181,5182,7,or
3,867,742,743,10,not_b
3,868,3635,3636,13,implies
3,869,448,449,2,not_implies
3,870,3629,3630,5,b
3,871,4449,4450,13,implies
3,872,5642,5643,4,not_implied_by
3,873,675,676,2,not_implies
3,874,3671,3672,3,a
3,875,4641,4642,11,implied_by
3,876,3345,3346,2,not_implies
3,877,479,480,2,not_implies
3,878,685,686,6,xor
3,879,2025,2026,6,xor
3,880,3816,3817,13,implies
3,881,831,832,2,not_implies
3,882,1814,1815,2,not_implies
3,883,5333,5334,11,implied_by
3,884,4985,4986,6,xor
3,885,60,61,7,or
3,886,5008,5009,8,not_or
3,887,3179,3180,5,b
3,888,885,886,1,and
3,889,997,998,3,a
3,890,2629,2630,14,not_and
3,891,2574,2575,3,a
3,892,2767,2768,11,implied_by
3,893,4061,4062,10,not_b
3,894,2537,2538,2,not_implies
3,895,5491,5492,7,or
3,896,3037,3038,1,and
3,897,2624,2625,10,not_b
3,898,717,718,1,and
3,899,1495,1496,8,not_or
3,900,2076,2077,6,xor
3,901,1812,1813,8,not_or
3,902,623,624,5,b
3,903,174,175,13,implies
3,904,2416,2417,14,not_and
3,905,2834,2835,5,b
3,906,4969,4970,12,not_a
3,907,112,113,10,not_b
3,908,3239,3240,11,implied_by
3,909,2492,2493,14,not_and
3,910,4710,4711,3,a
3,911,4052,4053,13,implies
3,912,3247,3248,12,not_a
3,913,1519,1520,11,implied_by
3,914,5811,5812,2,not_implies
3,915,1559,1560,9,not_xor
3,916,3428,3429,5,b
3,917,1454,1455,12,not_a
3,918,1488,1489,12,not_a
3,919,3374,3375,10,not_b
3,920,3508,3509,7,or
3,921,3312,3313,6,xor
3,922,848,849,7,or
3,923,3348,3349,13,implies
3,924,5200,5201,2,not_implies
3,925,4689,4690,11,implied_by
3,926,5508,5509,4,not_implied_by
3,927,2238,2239,5,b
3,928,3724,3725,2,not_implies
3,929,2251,2252,1,and
3,930,3668,3669,5,b
3,931,4871,4872,12,not_a
3,932,1497,1498,11,implied_by
3,933,1208,1209,9,not_xor
3,934,1278,1279,6,xor
3,935,4972,4973,5,b
3,936,2088,2089,7,or
3,937,292,293,3,a
3,938,5298,5299,12,not_a
3,939,1620,1621,14,not_and
3,940,1560,1561,2,not_implies
3,941,5106,5107,9,not_xor
3,942,3055,3056,7,or
3,943,4249,4250,12,not_a
3,944,3029,3030,4,not_implied_by
3,945,4858,4859,9,not_xor
3,946,5170,5171,5,b
3,947,3222,3223,1,and
3,948,977,978,6,xor
3,949,99,100,8,not_or
3,950,3891,3892,2,not_implies
3,951,2720,2721,12,not_a
3,952,134,135,3,a
3,953,2748,2749,14,not_and
3,954,914,915,11,implied_by
3,955,1127,1128,5,b
3,956,928,929,6,xor
3,957,2149,2150,14,not_and
3,958,2400,2401,10,not_b
3,959,4910,4911,9,not_xor
3,960,5316,5317,5,b
3,961,747,748,12,not_a
3,962,2652,2653,3,a
3,963,2466,2467,3,a
3,964,3652,3653,1,and
3,965,2696,2697,1,and
3,966,3869,3870,13,implies
3,967,458,459,15,one
3,968,5012,5013,13,implies
3,969,4984,4985,15,one
3,970,1598,1599,10,not_b
3,971,5430,5431,6,xor
3,972,785,786,10,not_b
3,973,4060,4061,5,b
3,974,2554,2555,3,a
3,975,4660,4661,1,and
3,976,1467,1468,5,b
3,977,768,769,8,not_or
3,978,2851,2852,12,not_a
3,979,3665,3666,12,not_a
3,980,2914,2915,10,not_b
3,981,1023,1024,1,and
3,982,3430,3431,1,and
3,983,2187,2188,12,not_a
3,984,955,956,9,not_xor
3,985,2040,2041,3,a
3,986,3802,3803,3,a
3,987,5860,5861,0,zero
3,988,1569,1570,1,and
3,989,2379,2380,9,not_xor
3,990,2167,2168,6,xor
3,991,873,874,5,b
3,992,1901,1902,13,implies
3,993,604,605,0,zero
3,994,3480,3481,12,not_a
3,995,5416,5417,10,not_b
3,996,2714,2715,3,a
3,997,2940,2941,14,not_and
3,998,3103,3104,13,implies
3,999,522,523,0,zero
3,1000,247,248,4,not_implied_by
3,1001,3788,3789,3,a
3,1002,3897,3898,12,not_a
3,1003,3325,3326,14,not_and
3,1004,3435,3436,13,implies
3,1005,4716,4717,4,not_implied_by
3,1006,1927,1928,5,b
3,1007,4575,4576,11,implied_by
3,1008,1884,1885,13,implies
3,1009,3984,3985,6,xor
3,1010,2741,2742,3,a
3,1011,2958,2959,10,not_b
3,1012,4770,4771,11,implied_by
3,1013,4190,4191,10,not_b
3,1014,950,951,3,a
3,1015,4358,4359,4,not_implied_by
3,1016,388,389,12,not_a
3,1017,4095,4096,12,not_a
3,1018,5568,5569,4,not_implied_by
3,1019,1492,1493,5,b
3,1020,3371,3372,10,not_b
3,1021,5369,5370,5,b
3,1022,530,531,5,b
3,1023,1318,1319,1,and
3,1024,919,920,2,not_implies
3,1025,3177,3178,3,a
3,1026,5771,5772,12,not_a
3,1027,5021,5022,1,and
3,1028,1165,1166,6,xor
3,1029,2673,2674,15,one
3,1030,3084,3085,12,not_a
3,1031,1641,1642,2,not_implies
3,1032,125,126,6,xor
3,1033,619,620,2,not_implies
3,1034,3893,3894,12,not_a
3,1035,114,115,9,not_xor
3,1036,3805,3806,12,not_a
3,1037,5848,5849,7,or
3,1038,85,86,6,xor
3,1039,4344,4345,12,not_a
3,1040,3202,3203,4,not_implied_by
3,1041,1101,1102,1,and
3,1042,5684,5685,4,not_implied_by
3,1043,463,464,10,not_b
3,1044,509,510,11,implied_by
3,1045,5741,5742,2,not_implies
3,1046,1427,1428,1,and
3,1047,2440,2441,5,b
3,1048,1086,1087,3,a
3,1049,891,892,3,a
3,1050,752,753,3,a
3,1051,42,43,2,not_implies
3,1052,5691,5692,3,a
3,1053,109,110,0,zero
3,1054,1982,1983,3,a
3,1055,5851,5852,5,b
3,1056,4229,4230,3,a
3,1057,3140,3141,2,not_implies
3,1058,397,398,3,a
3,1059,634,635,9,not_xor
3,1060,3087,3088,9,not_xor
3,1061,469,470,3,a
3,1062,1656,1657,7,or
3,1063,3741,3742,12,not_a
3,1064,5348,5349,2,not_implies
3,1065,5110,5111,3,a
3,1066,5135,5136,8,not_or
3,1067,1381,1382,8,not_or
3,1068,4116,4117,12,not_a
3,1069,4485,4486,7,or
3,1070,5783,5784,12,not_a
3,1071,3165,3166,11,implied_by
3,1072,3656,3657,1,and
3,1073,5624,5625,1,and
3,1074,4159,4160,9,not_xor
3,1075,2353,2354,1,and
3,1076,1885,1886,3,a
3,1077,5366,5367,4,not_implied_by
3,1078,4072,4073,13,implies
3,1079,562,563,1,and
3,1080,3474,3475,10,not_b
3,1081,340,341,8,not_or
3,1082,1828,1829,6,xor
3,1083,1818,1819,12,not_a
3,1084,2953,2954,13,implies
3,1085,3121,3122,6,xor
3,1086,4458,4459,7,or
3,1087,2992,2993,1,and
3,1088,3598,3599,14,not_and
3,1089,2680,2681,1,and
3,1090,4952,4953,6,xor
3,1091,3458,3459,7,or
3,1092,893,894,1,and
3,1093,4270,4271,3,a
3,1094,1837,1838,10,not_b
3,1095,5513,5514,11,implied_by
3,1096,2081,2082,3,a
3,1097,5704,5705,13,implies
3,1098,4989,4990,3,a
3,1099,5018,5019,10,not_b
3,1100,3804,3805,9,not_xor
3,1101,4913,4914,6,xor
3,1102,293,294,11,implied_by
3,1103,1993,1994,12,not_a
3,1104,1425,1426,12,not_a
3,1105,1913,1914,5,b
3,1106,4736,4737,8,not_or
3,1107,2165,2166,12,not_a
3,1108,5439,5440,10,not_b
3,1109,3774,3775,13,implies
3,1110,3142,3143,13,implies
3,1111,3269,3270,9,not_xor
3,1112,4356,4357,12,not_a
3,1113,1104,1105,3,a
3,1114,708,709,4,not_implied_by
3,1115,5141,5142,5,b
3,1116,4053,4054,10,not_b
3,1117,4775,4776,3,a
3,1118,1021,1022,3,a
3,1119,3496,3497,12,not_a
3,1120,647,648,7,or
3,1121,3378,3379,5,b
3,1122,2589,2590,12,not_a
3,1123,447,448,9,not_xor
3,1124,350,351,7,or
3,1125,3898,3899,12,not_a
3,1126,1257,1258,7,or
3,1127,4384,4385,6,xor
3,1128,3429,3430,4,not_implied_by
3,1129,261,262,9,not_xor
3,1130,3770,3771,5,b
3,1131,4957,4958,13,implies
3,1132,2659,2660,7,or
3,1133,1432,1433,1,and
3,1134,2678,2679,11,implied_by
3,1135,4512,4513,12,not_a
3,1136,5562,5563,8,not_or
3,1137,4611,4612,14,not_and
3,1138,2672,2673,10,not_b
3,1139,3069,3070,6,xor
3,1140,2008,2009,10,not_b
3,1141,5573,5574,9,not_xor
3,1142,3821,3822,6,xor
3,1143,1072,1073,11,implied_by
3,1144,930,931,1,and
3,1145,532,533,1,and
3,1146,4434,4435,12,not_a
3,1147,5338,5339,3,a
3,1148,5805,5806,3,a
3,1149,1537,1538,14,not_and
3,1150,5163,5164,5,b
3,1151,2000,2001,3,a
3,1152,4590,4591,4,not_implied_by
3,1153,4741,4742,11,implied_by
3,1154,4202,4203,5,b
3,1155,3022,3023,2,not_implies
3,1156,5894,5895,10,not_b
3,1157,3650,3651,10,not_b
3,1158,4222,4223,4,not_implied_by
3,1159,2227,2228,10,not_b
3,1160,2615,2616,1,and
3,1161,4006,4007,2,not_implies
3,1162,1899,1900,3,a
3,1163,5900,5901,3,a
3,1164,4937,4938,8,not_or
3,1165,4039,4040,10,not_b
3,1166,1087,1088,2,not_implies
3,1167,1272,1273,5,b
3,1168,1835,1836,12,not_a
3,1169,1089,1090,5,b
3,1170,4058,4059,12,not_a
3,1171,3643,3644,6,xor
3,1172,4902,4903,5,b
3,1173,2989,2990,4,not_implied_by
3,1174,3626,3627,3,a
3,1175,3147,3148,12,not_a
3,1176,2083,2084,8,not_or
3,1177,3498,3499,9,not_xor
3,1178,3014,3015,5,b
3,1179,5934,5935,5,b
3,1180,4619,4620,5,b
3,1181,4630,4631,6,xor
3,1182,2607,2608,14,not_and
3,1183,1260,1261,10,not_b
3,1184,2703,2704,3,a
3,1185,949,950,7,or
3,1186,5124,5125,9,not_xor
3,1187,5050,5051,8,not_or
3,1188,4814,4815,7,or
3,1189,4050,4051,4,not_implied_by
3,1190,2559,2560,7,or
3,1191,5347,5348,10,not_b
3,1192,2843,2844,5,b
3,1193,3809,3810,10,not_b
3,1194,4289,4290,1,and
3,1195,1368,1369,2,not_implies
3,1196,1356,1357,13,implies
3,1197,3892,3893,3,a
3,1198,4616,4617,11,implied_by
3,1199,4988,4989,9,not_xor
3,1200,3549,3550,13,implies
3,1201,1827,1828,12,not_a
3,1202,527,528,10,not_b
3,1203,4517,4518,14,not_and
3,1204,3663,3664,10,not_b
3,1205,3870,3871,0,zero
3,1206,3695,3696,12,not_a
3,1207,4216,4217,14,not_and
3,1208,1231,1232,13,implies
3,1209,912,913,10,not_b
3,1210,2837,2838,11,implied_by
3,1211,2362,2363,12,not_a
3,1212,5343,5344,6,xor
3,1213,80,81,3,a
3,1214,2637,2638,6,xor
3,1215,318,319,3,a
3,1216,5751,5752,1,and
3,1217,1289,1290,2,not_implies
3,1218,4057,4058,5,b
3,1219,2127,2128,5,b
3,1220,2454,2455,11,implied_by
3,1221,2904,2905,11,implied_by
3,1222,5277,5278,3,a
3,1223,3007,3008,3,a
3,1224,4479,4480,1,and
3,1225,916,917,4,not_implied_by
3,1226,160,161,6,xor
3,1227,5005,5006,14,not_and
3,1228,4998,4999,5,b
3,1229,3699,3700,10,not_b
3,1230,3412,3413,8,not_or
3,1231,2115,2116,10,not_b
3,1232,2917,2918,9,not_xor
3,1233,1748,1749,3,a
3,1234,5938,5939,12,not_a
3,1235,4961,4962,9,not_xor
3,1236,3004,3005,10,not_b
3,1237,5717,5718,11,implied_by
3,1238,571,572,12,not_a
3,1239,1980,1981,14,not_and
3,1240,5603,5604,14,not_and
3,1241,1757,1758,2,not_implies
3,1242,5707,5708,13,implies
3,1243,2467,2468,14,not_and
3,1244,3497,3498,10,not_b
3,1245,3160,3161,3,a
3,1246,135,136,11,implied_by
3,1247,4269,4270,1,and
3,1248,4215,4216,4,not_implied_by
3,1249,79,80,10,not_b
3,1250,5504,5505,0,zero
3,1251,1810,1811,9,not_xor
3,1252,973,974,10,not_b
3,1253,3484,3485,10,not_b
3,1254,1302,1303,9,not_xor
3,1255,486,487,1,and
3,1256,1361,1362,10,not_b
3,1257,1717,1718,4,not_implied_by
3,1258,3974,3975,8,not_or
3,1259,1671,1672,1,and
3,1260,4003,4004,12,not_a
3,1261,3409,3410,9,not_xor
3,1262,4271,4272,3,a
3,1263,3465,3466,7,or
3,1264,144,145,5,b
3,1265,578,579,10,not_b
3,1266,5748,5749,4,not_implied_by
3,1267,1414,1415,11,implied_by
3,1268,295,296,6,xor
3,1269,713,714,9,not_xor
3,1270,4322,4323,2,not_implies
3,1271,4882,4883,9,not_xor
3,1272,4296,4297,10,not_b
3,1273,3067,3068,8,not_or
3,1274,1132,1133,9,not_xor
3,1275,1358,1359,13,implies
3,1276,437,438,11,implied_by
3,1277,3100,3101,10,not_b
3,1278,1861,1862,4,not_implied_by
3,1279,1633,1634,1,and
3,1280,5026,5027,7,or
3,1281,2292,2293,4,not_implied_by
3,1282,3104,3105,5,b
3,1283,5533,5534,9,not_xor
3,1284,5336,5337,7,or
3,1285,299,300,10,not_b
3,1286,4893,4894,5,b
3,1287,1014,1015,1,and
3,1288,965,966,10,not_b
3,1289,5254,5255,1,and
3,1290,5549,5550,3,a
3,1291,1712,1713,8,not_or
3,1292,998,999,6,xor
3,1293,2820,2821,3,a
3,1294,4904,4905,14,not_and
3,1295,1385,1386,8,not_or
3,1296,5092,5093,4,not_implied_by
3,1297,2146,2147,10,not_b
3,1298,2067,2068,7,or
3,1299,2507,2508,12,not_a
3,1300,4431,4432,8,not_or
3,1301,5551,5552,12,not_a
3,1302,1652,1653,6,xor
3,1303,2122,2123,12,not_a
3,1304,918,919,4,not_implied_by
3,1305,1764,1765,10,not_b
3,1306,2177,2178,9,not_xor
3,1307,2116,2117,14,not_and
3,1308,4643,4644,1,and
3,1309,2126,2127,11,implied_by
3,1310,3433,3434,14,not_and
3,1311,5226,5227,2,not_implies
3,1312,5698,5699,10,not_b
3,1313,3877,3878,1,and
3,1314,332,333,12,not_a
3,1315,1616,1617,4,not_implied_by
3,1316,4798,4799,13,implies
3,1317,28,29,5,b
3,1318,3967,3968,6,xor
3,1319,853,854,7,or
3,1320,5455,5456,13,implies
3,1321,439,440,13,implies
3,1322,2294,2295,8,not_or
3,1323,3533,3534,10,not_b
3,1324,1587,1588,11,implied_by
3,1325,206,207,12,not_a
3,1326,1091,1092,9,not_xor
3,1327,5113,5114,11,implied_by
3,1328,1638,1639,5,b
3,1329,2651,2652,11,implied_by
3,1330,3105,3106,9,not_xor
3,1331,2295,2296,7,or
3,1332,3814,3815,3,a
3,1333,2433,2434,14,not_and
3,1334,5247,5248,9,not_xor
3,1335,1249,1250,12,not_a
3,1336,2927,2928,1,and
3,1337,906,907,7,or
3,1338,2852,2853,3,a
3,1339,5667,5668,3,a
3,1340,5772,5773,11,implied_by
3,1341,1281,1282,2,not_implies
3,1342,35,36,9,not_xor
3,1343,357,358,11,implied_by
3,1344,3783,3784,11,implied_by
3,1345,4428,4429,5,b
3,1346,5666,5667,12,not_a
3,1347,1167,1168,9,not_xor
3,1348,4792,4793,6,xor
3,1349,672,673,3,a
3,1350,1130,1131,5,b
3,1351,3000,3001,4,not_implied_by
3,1352,4354,4355,9,not_xor
3,1353,305,306,1,and
3,1354,1428,1429,2,not_implies
3,1355,3912,3913,14,not_and
3,1356,4861,4862,7,or
3,1357,2060,2061,7,or
3,1358,4255,4256,6,xor
3,1359,1639,1640,9,not_xor
3,1360,1689,1690,3,a
3,1361,1920,1921,3,a
3,1362,2933,2934,2,not_implies
3,1363,610,611,14,not_and
3,1364,1137,1138,12,not_a
3,1365,2591,2592,7,or
3,1366,3021,3022,4,not_implied_by
3,1367,844,845,12,not_a
3,1368,2053,2054,6,xor
3,1369,1685,1686,4,not_implied_by
3,1370,5734,5735,2,not_implies
3,1371,3779,3780,14,not_and
3,1372,1296,1297,8,not_or
3,1373,205,206,10,not_b
3,1374,281,282,4,not_implied_by
3,1375,4886,4887,12,not_a
3,1376,4364,4365,5,b
3,1377,1403,1404,6,xor
3,1378,5685,5686,12,not_a
3,1379,5628,5629,9,not_xor
3,1380,2026,2027,12,not_a
3,1381,4805,4806,3,a
3,1382,864,865,5,b
3,1383,278,279,10,not_b
3,1384,1241,1242,9,not_xor
3,1385,889,890,14,not_and
3,1386,8,9,12,not_a
3,1387,1280,1281,10,not_b
3,1388,2077,2078,10,not_b
3,1389,1514,1515,15,one
3,1390,5470,5471,3,a
3,1391,2331,2332,10,not_b
3,1392,4233,4234,11,implied_by
3,1393,4843,4844,9,not_xor
3,1394,5241,5242,5,b
3,1395,2112,2113,6,xor
3,1396,690,691,1,and
3,1397,2166,2167,3,a
3,1398,3952,3953,3,a
3,1399,2541,2542,12,not_a
3,1400,3658,3659,12,not_a
3,1401,4892,4893,7,or
3,1402,5755,5756,1,and
3,1403,5870,5871,5,b
3,1404,2477,2478,10,not_b
3,1405,3154,3155,4,not_implied_by
3,1406,324,325,12,not_a
3,1407,5724,5725,10,not_b
3,1408,4986,4987,5,b
3,1409,5427,5428,1,and
3,1410,3301,3302,12,not_a
3,1411,3417,3418,7,or
3,1412,4990,4991,1,and
3,1413,1883,1884,2,not_implies
3,1414,523,524,9,not_xor
3,1415,3936,3937,10,not_b
3,1416,5782,5783,11,implied_by
3,1417,3445,3446,8,not_or
3,1418,5867,5868,2,not_implies
3,1419,431,432,6,xor
3,1420,867,868,10,not_b
3,1421,1997,1998,6,xor
3,1422,1709,1710,3,a
3,1423,3860,3861,2,not_implies
3,1424,4542,4543,9,not_xor
3,1425,228,229,10,not_b
3,1426,5398,5399,5,b
3,1427,48,49,6,xor
3,1428,1690,1691,5,b
3,1429,5234,5235,10,not_b
3,1430,1060,1061,14,not_and
3,1431,4501,4502,11,implied_by
3,1432,1610,1611,13,implies
3,1433,5154,5155,12,not_a
3,1434,1770,1771,6,xor
3,1435,5825,5826,5,b
3,1436,766,767,3,a
3,1437,496,497,9,not_xor
3,1438,1876,1877,12,not_a
3,1439,505,506,1,and
3,1440,2691,2692,2,not_implies
3,1441,1758,1759,10,not_b
3,1442,2984,2985,10,not_b
3,1443,4345,4346,12,not_a
3,1444,5988,5989,5,b
3,1445,1345,1346,14,not_and
3,1446,4330,4331,4,not_implied_by
3,1447,5384,5385,7,or
3,1448,5172,5173,5,b
3,1449,5392,5393,9,not_xor
3,1450,3302,3303,11,implied_by
3,1451,5676,5677,8,not_or
3,1452,2265,2266,12,not_a
3,1453,2645,2646,14,not_and
3,1454,1991,1992,4,not_implied_by
3,1455,3314,3315,14,not_and
3,1456,1171,1172,12,not_a
3,1457,4221,4222,4,not_implied_by
3,1458,4241,4242,12,not_a
3,1459,302,303,5,b
3,1460,2558,2559,12,not_a
3,1461,4074,4075,6,xor
3,1462,5535,5536,8,not_or
3,1463,4309,4310,12,not_a
3,1464,547,548,12,not_a
3,1465,3714,3715,1,and
3,1466,511,512,12,not_a
3,1467,4508,4509,11,implied_by
3,1468,5697,5698,1,and
3,1469,2883,2884,3,a
3,1470,3603,3604,14,not_and
3,1471,2452,2453,10,not_b
3,1472,3750,3751,6,xor
3,1473,1493,1494,13,implies
3,1474,94,95,1,and
3,1475,377,378,2,not_implies
3,1476,3020,3021,9,not_xor
3,1477,466,467,0,zero
3,1478,2320,2321,12,not_a
3,1479,2399,2400,10,not_b
3,1480,5253,5254,13,implies
3,1481,942,943,5,b
3,1482,2350,2351,7,or
3,1483,1532,1533,3,a
3,1484,1251,1252,10,not_b
3,1485,878,879,12,not_a
3,1486,5460,5461,2,not_implies
3,1487,5928,5929,13,implies
3,1488,1387,1388,2,not_implies
3,1489,1472,1473,13,implies
3,1490,2062,2063,13,implies
3,1491,3864,3865,9,not_xor
3,1492,1505,1506,5,b
3,1493,4499,4500,9,not_xor
3,1494,1778,1779,9,not_xor
3,1495,3768,3769,7,or
3,1496,5276,5277,8,not_or
3,1497,11,12,5,b
3,1498,3913,3914,7,or
3,1499,2439,2440,7,or
3,1500,4393,4394,4,not_implied_by
3,1501,587,588,8,not_or
3,1502,5926,5927,7,or
3,1503,84,85,1,and
3,1504,1716,1717,13,implies
3,1505,3624,3625,9,not_xor
3,1506,3492,3493,12,not_a
3,1507,656,657,8,not_or
3,1508,5812,5813,12,not_a
3,1509,4906,4907,10,not_b
3,1510,4338,4339,2,not_implies
3,1511,1459,1460,13,implies
3,1512,2380,2381,5,b
3,1513,3369,3370,3,a
3,1514,4326,4327,10,not_b
3,1515,5994,5995,1,and
3,1516,1691,1692,1,and
3,1517,5130,5131,9,not_xor
3,1518,2893,2894,5,b
3,1519,2504,2505,8,not_or
3,1520,5776,5777,10,not_b
3,1521,1359,1360,11,implied_by
3,1522,69,70,5,b
3,1523,1789,1790,10,not_b
3,1524,452,453,8,not_or
3,1525,203,204,2,not_implies
3,1526,5902,5903,10,not_b
3,1527,1365,1366,1,and
3,1528,4500,4501,15,one
3,1529,1790,1791,11,implied_by
3,1530,5683,5684,12,not_a
3,1531,1979,1980,12,not_a
3,1532,1951,1952,9,not_xor
3,1533,3167,3168,5,b
3,1534,5530,5531,12,not_a
3,1535,2102,2103,11,implied_by
3,1536,3443,3444,12,not_a
3,1537,1740,1741,5,b
3,1538,3225,3226,9,not_xor
3,1539,4738,4739,3,a
3,1540,4441,4442,3,a
3,1541,4411,4412,10,not_b
3,1542,3335,3336,3,a
3,1543,1592,1593,15,one
3,1544,5271,5272,7,or
3,1545,4132,4133,4,not_implied_by
3,1546,4204,4205,1,and
3,1547,4627,4628,5,b
3,1548,5397,5398,9,not_xor
3,1549,4267,4268,3,a
3,1550,3216,3217,5,b
3,1551,475,476,8,not_or
3,1552,1031,1032,5,b
3,1553,5506,5507,5,b
3,1554,5893,5894,6,xor
3,1555,320,321,2,not_implies
3,1556,4915,4916,2,not_implies
3,1557,4184,4185,8,not_or
3,1558,5987,5988,5,b
3,1559,436,437,12,not_a
3,1560,4916,4917,4,not_implied_by
3,1561,1779,1780,6,xor
3,1562,4387,4388,13,implies
3,1563,2551,2552,8,not_or
3,1564,322,323,5,b
3,1565,3638,3639,14,not_and
3,1566,1590,1591,5,b
3,1567,3220,3221,9,not_xor
3,1568,4596,4597,9,not_xor
3,1569,589,590,12,not_a
3,1570,677,678,12,not_a
3,1571,4227,4228,8,not_or
3,1572,4804,4805,6,xor
3,1573,4234,4235,11,implied_by
3,1574,2887,2888,0,zero
3,1575,2786,2787,10,not_b
3,1576,3489,3490,3,a
3,1577,1516,1517,4,not_implied_by
3,1578,3163,3164,5,b
3,1579,1056,1057,10,not_b
3,1580,2361,2362,6,xor
3,1581,5475,5476,3,a
3,1582,5219,5220,11,implied_by
3,1583,5488,5489,10,not_b
3,1584,4650,4651,3,a
3,1585,5164,5165,14,not_and
3,1586,124,125,10,not_b
3,1587,2463,2464,1,and
3,1588,1805,1806,9,not_xor
3,1589,5469,5470,10,not_b
3,1590,636,637,8,not_or
3,1591,4245,4246,11,implied_by
3,1592,4932,4933,14,not_and
3,1593,4950,4951,7,or
3,1594,3827,3828,12,not_a
3,1595,5588,5589,6,xor
3,1596,3438,3439,11,implied_by
3,1597,2030,2031,9,not_xor
3,1598,1064,1065,9,not_xor
3,1599,1235,1236,2,not_implies
3,1600,725,726,12,not_a
3,1601,4337,4338,11,implied_by
3,1602,2902,2903,3,a
3,1603,2735,2736,11,implied_by
3,1604,5061,5062,6,xor
3,1605,846,847,10,not_b
3,1606,1439,1440,10,not_b
3,1607,158,159,10,not_b
3,1608,1619,1620,5,b
3,1609,5706,5707,10,not_b
3,1610,2894,2895,11,implied_by
3,1611,2980,2981,10,not_b
3,1612,2850,2851,3,a
3,1613,1085,1086,2,not_implies
3,1614,1618,1619,10,not_b
3,1615,4263,4264,3,a
3,1616,3574,3575,14,not_and
3,1617,1389,1390,8,not_or
3,1618,1283,1284,9,not_xor
3,1619,3023,3024,6,xor
3,1620,4333,4334,12,not_a
3,1621,2001,2002,9,not_xor
3,1622,3530,3531,12,not_a
3,1623,2024,2025,8,not_or
3,1624,3169,3170,9,not_xor
3,1625,1501,1502,0,zero
3,1626,1849,1850,2,not_implies
3,1627,18,19,11,implied_by
3,1628,3439,3440,5,b
3,1629,2293,2294,8,not_or
3,1630,382,383,3,a
3,1631,1705,1706,14,not_and
3,1632,5995,5996,11,implied_by
3,1633,3268,3269,12,not_a
3,1634,4059,4060,10,not_b
3,1635,2411,2412,3,a
3,1636,329,330,12,not_a
3,1637,4405,4406,0,zero
3,1638,1768,1769,4,not_implied_by
3,1639,4720,4721,1,and
3,1640,5032,5033,4,not_implied_by
3,1641,3645,3646,2,not_implies
3,1642,1906,1907,4,not_implied_by
3,1643,654,655,5,b
3,1644,1010,1011,10,not_b
3,1645,13,14,1,and
3,1646,5015,5016,13,implies
3,1647,4247,4248,13,implies
3,1648,4686,4687,13,implies
3,1649,2718,2719,6,xor
3,1650,3800,3801,1,and
3,1651,5381,5382,10,not_b
3,1652,1397,1398,3,a
3,1653,3730,3731,6,xor
3,1654,369,370,1,and
3,1655,5960,5961,13,implies
3,1656,4546,4547,14,not_and
3,1657,2780,2781,12,not_a
3,1658,2755,2756,3,a
3,1659,3559,3560,13,implies
3,1660,4749,4750,4,not_implied_by
3,1661,1049,1050,10,not_b
3,1662,3475,3476,4,not_implied_by
3,1663,5925,5926,6,xor
3,1664,394,395,13,implies
3,1665,3685,3686,7,or
3,1666,3527,3528,5,b
3,1667,1958,1959,12,not_a
3,1668,2324,2325,2,not_implies
3,1669,27,28,14,not_and
3,1670,2412,2413,11,implied_by
3,1671,503,504,12,not_a
3,1672,1582,1583,13,implies
3,1673,1515,1516,7,or
3,1674,2006,2007,10,not_b
3,1675,3834,3835,9,not_xor
3,1676,2300,2301,8,not_or
3,1677,370,371,1,and
3,1678,5136,5137,14,not_and
3,1679,4531,4532,2,not_implies
3,1680,3112,3113,12,not_a
3,1681,5747,5748,8,not_or
3,1682,1436,1437,10,not_b
3,1683,5160,5161,11,implied_by
3,1684,5978,5979,7,or
3,1685,127,128,5,b
3,1686,4476,4477,7,or
3,1687,2599,2600,14,not_and
3,1688,5633,5634,7,or
3,1689,5014,5015,12,not_a
3,1690,58,59,8,not_or
3,1691,2393,2394,11,implied_by
3,1692,870,871,13,implies
3,1693,4456,4457,14,not_and
3,1694,1660,1661,2,not_implies
3,1695,5939,5940,8,not_or
3,1696,5892,5893,7,or
3,1697,1718,1719,5,b
3,1698,1782,1783,10,not_b
3,1699,3292,3293,9,not_xor
3,1700,4038,4039,5,b
3,1701,3394,3395,11,implied_by
3,1702,5992,5993,7,or
3,1703,2050,2051,12,not_a
3,1704,3825,3826,14,not_and
3,1705,5714,5715,10,not_b
3,1706,1976,1977,2,not_implies
3,1707,5007,5008,5,b
3,1708,248,249,5,b
3,1709,776,777,5,b
3,1710,1123,1124,3,a
3,1711,5896,5897,12,not_a
3,1712,1271,1272,4,not_implied_by
3,1713,3910,3911,1,and
3,1714,2524,2525,3,a
3,1715,1209,1210,9,not_xor
3,1716,1692,1693,3,a
3,1717,40,41,10,not_b
3,1718,1393,1394,10,not_b
3,1719,270,271,10,not_b
3,1720,703,704,2,not_implies
3,1721,4788,4789,3,a
3,1722,2494,2495,3,a
3,1723,1046,1047,10,not_b
3,1724,3752,3753,9,not_xor
3,1725,4046,4047,11,implied_by
3,1726,5979,5980,5,b
3,1727,3902,3903,2,not_implies
3,1728,2450,2451,5,b
3,1729,1422,1423,8,not_or
3,1730,5212,5213,8,not_or
3,1731,2188,2189,3,a
3,1732,2865,2866,5,b
3,1733,2975,2976,6,xor
3,1734,3971,3972,4,not_implied_by
3,1735,442,443,0,zero
3,1736,5931,5932,5,b
3,1737,2472,2473,9,not_xor
3,1738,4577,4578,8,not_or
3,1739,4166,4167,3,a
3,1740,3726,3727,5,b
3,1741,3876,3877,10,not_b
3,1742,4890,4891,13,implies
3,1743,1088,1089,10,not_b
3,1744,5463,5464,11,implied_by
3,1745,5497,5498,2,not_implies
3,1746,2570,2571,6,xor
3,1747,4086,4087,11,implied_by
3,1748,2401,2402,5,b
3,1749,408,409,11,implied_by
3,1750,1181,1182,3,a
3,1751,5435,5436,2,not_implies
3,1752,4965,4966,10,not_b
3,1753,1044,1045,12,not_a
3,1754,3576,3577,9,not_xor
3,1755,646,647,9,not_xor
3,1756,2798,2799,8,not_or
3,1757,4156,4157,12,not_a
3,1758,5046,5047,13,implies
3,1759,3223,3224,10,not_b
3,1760,1092,1093,10,not_b
3,1761,2296,2297,11,implied_by
3,1762,892,893,10,not_b
3,1763,312,313,10,not_b
3,1764,4491,4492,13,implies
3,1765,3094,3095,10,not_b
3,1766,3811,3812,5,b
3,1767,1586,1587,1,and
3,1768,1941,1942,8,not_or
3,1769,825,826,5,b
3,1770,5850,5851,3,a
3,1771,1075,1076,14,not_and
3,1772,5396,5397,12,not_a
3,1773,3129,3130,9,not_xor
3,1774,712,713,1,and
3,1775,2203,2204,9,not_xor
3,1776,1362,1363,12,not_a
3,1777,4633,4634,3,a
3,1778,257,258,14,not_and
3,1779,2348,2349,3,a
3,1780,2470,2471,7,or
3,1781,1065,1066,10,not_b
3,1782,3330,3331,9,not_xor
3,1783,5400,5401,3,a
3,1784,1871,1872,9,not_xor
3,1785,1859,1860,14,not_and
3,1786,250,251,8,not_or
3,1787,1285,1286,5,b
3,1788,136,137,9,not_xor
3,1789,1655,1656,8,not_or
3,1790,5417,5418,12,not_a
3,1791,4942,4943,13,implies
3,1792,111,112,11,implied_by
3,1793,2222,2223,3,a
3,1794,3092,3093,4,not_implied_by
3,1795,2272,2273,2,not_implies
3,1796,602,603,6,xor
3,1797,4365,4366,10,not_b
3,1798,3155,3156,5,b
3,1799,4243,4244,10,not_b
3,1800,1617,1618,11,implied_by
3,1801,3219,3220,8,not_or
3,1802,2352,2353,8,not_or
3,1803,3789,3790,6,xor
3,1804,2065,2066,5,b
3,1805,1156,1157,6,xor
3,1806,4254,4255,11,implied_by
3,1807,4608,4609,14,not_and
3,1808,1148,1149,12,not_a
3,1809,3159,3160,10,not_b
3,1810,2701,2702,3,a
3,1811,5240,5241,3,a
3,1812,3420,3421,2,not_implies
3,1813,2972,2973,10,not_b
3,1814,1265,1266,12,not_a
3,1815,14,15,2,not_implies
3,1816,751,752,3,a
3,1817,4140,4141,6,xor
3,1818,4675,4676,4,not_implied_by
3,1819,3850,3851,5,b
3,1820,363,364,2,not_implies
3,1821,383,384,11,implied_by
3,1822,4170,4171,3,a
3,1823,3835,3836,15,one
3,1824,5909,5910,14,not_and
3,1825,5874,5875,8,not_or
3,1826,6,7,4,not_implied_by
3,1827,5071,5072,14,not_and
3,1828,376,377,12,not_a
3,1829,665,666,7,or
3,1830,859,860,14,not_and
3,1831,4802,4803,3,a
3,1832,5728,5729,9,not_xor
3,1833,3358,3359,3,a
3,1834,1317,1318,13,implies
3,1835,2096,2097,3,a
3,1836,4316,4317,14,not_and
3,1837,3295,3296,7,or
3,1838,1446,1447,13,implies
3,1839,4497,4498,6,xor
3,1840,1464,1465,2,not_implies
3,1841,5571,5572,7,or
3,1842,830,831,6,xor
3,1843,4473,4474,9,not_xor
3,1844,3712,3713,6,xor
3,1845,1216,1217,4,not_implied_by
3,1846,1179,1180,11,implied_by
3,1847,4509,4510,8,not_or
3,1848,4495,4496,6,xor
3,1849,4360,4361,7,or
3,1850,2179,2180,9,not_xor
3,1851,1255,1256,8,not_or
3,1852,2160,2161,4,not_implied_by
3,1853,5370,5371,5,b
3,1854,1097,1098,6,xor
3,1855,3597,3598,6,xor
3,1856,3689,3690,5,b
3,1857,5252,5253,15,one
3,1858,536,537,3,a
3,1859,4901,4902,5,b
3,1860,2702,2703,10,not_b
3,1861,1526,1527,10,not_b
3,1862,2063,2064,8,not_or
3,1863,4687,4688,10,not_b
3,1864,1360,1361,7,or
3,1865,4817,4818,4,not_implied_by
3,1866,5224,5225,12,not_a
3,1867,5185,5186,11,implied_by
3,1868,275,276,12,not_a
3,1869,5324,5325,8,not_or
3,1870,4175,4176,10,not_b
3,1871,4827,4828,2,not_implies
3,1872,5155,5156,14,not_and
3,1873,2434,2435,10,not_b
3,1874,3722,3723,1,and
3,1875,4303,4304,9,not_xor
3,1876,2653,2654,12,not_a
3,1877,1529,1530,6,xor
3,1878,64,65,6,xor
3,1879,3701,3702,10,not_b
3,1880,3357,3358,9,not_xor
3,1881,529,530,10,not_b
3,1882,3743,3744,9,not_xor
3,1883,4587,4588,2,not_implies
3,1884,3828,3829,5,b
3,1885,3359,3360,14,not_and
3,1886,1470,1471,10,not_b
3,1887,4111,4112,11,implied_by
3,1888,2828,2829,5,b
3,1889,1597,1598,12,not_a
3,1890,4699,4700,9,not_xor
3,1891,526,527,9,not_xor
3,1892,3853,3854,8,not_or
3,1893,1934,1935,2,not_implies
3,1894,3601,3602,9,not_xor
3,1895,3134,3135,3,a
3,1896,5634,5635,12,not_a
3,1897,4540,4541,2,not_implies
3,1898,5305,5306,6,xor
3,1899,2491,2492,1,and
3,1900,2132,2133,12,not_a
3,1901,3060,3061,8,not_or
3,1902,5523,5524,6,xor
3,1903,1299,1300,1,and
3,1904,1411,1412,11,implied_by
3,1905,2247,2248,5,b
3,1906,3737,3738,12,not_a
3,1907,4407,4408,3,a
3,1908,557,558,9,not_xor
3,1909,2862,2863,2,not_implies
3,1910,3996,3997,3,a
3,1911,3259,3260,12,not_a
3,1912,3517,3518,13,implies
3,1913,4421,4422,4,not_implied_by
3,1914,5047,5048,7,or
3,1915,5528,5529,14,not_and
3,1916,2453,2454,5,b
3,1917,16,17,3,a
3,1918,1746,1747,10,not_b
3,1919,4228,4229,14,not_and
3,1920,3981,3982,2,not_implies
3,1921,3214,3215,6,xor
3,1922,1461,1462,13,implies
3,1923,5405,5406,4,not_implied_by
3,1924,2667,2668,5,b
3,1925,1487,1488,4,not_implied_by
3,1926,863,864,12,not_a
3,1927,4379,4380,10,not_b
3,1928,2029,2030,6,xor
3,1929,1229,1230,1,and
3,1930,2125,2126,13,implies
3,1931,1294,1295,13,implies
3,1932,2031,2032,4,not_implied_by
3,1933,806,807,4,not_implied_by
3,1934,5492,5493,9,not_xor
3,1935,2256,2257,2,not_implies
3,1936,1719,1720,15,one
3,1937,3320,3321,8,not_or
3,1938,779,780,4,not_implied_by
3,1939,195,196,1,and
3,1940,3659,3660,4,not_implied_by
3,1941,2204,2205,5,b
3,1942,4659,4660,11,implied_by
3,1943,1311,1312,6,xor
3,1944,3736,3737,8,not_or
3,1945,5965,5966,6,xor
3,1946,5295,5296,10,not_b
3,1947,2826,2827,9,not_xor
3,1948,4712,4713,12,not_a
3,1949,2606,2607,10,not_b
3,1950,1751,1752,6,xor
3,1951,5496,5497,4,not_implied_by
3,1952,5446,5447,3,a
3,1953,801,802,3,a
3,1954,3889,3890,3,a
3,1955,5024,5025,6,xor
3,1956,2688,2689,12,not_a
3,1957,1106,1107,1,and
3,1958,4839,4840,6,xor
3,1959,4226,4227,2,not_implies
3,1960,459,460,5,b
3,1961,3784,3785,7,or
3,1962,3280,3281,5,b
3,1963,314,315,3,a
3,1964,2971,2972,10,not_b
3,1965,3189,3190,3,a
3,1966,4115,4116,9,not_xor
3,1967,2812,2813,1,and
3,1968,4005,4006,6,xor
3,1969,1124,1125,10,not_b
3,1970,3050,3051,3,a
3,1971,1643,1644,8,not_or
3,1972,3318,3319,13,implies
3,1973,5895,5896,9,not_xor
3,1974,1786,1787,9,not_xor
3,1975,1721,1722,12,not_a
3,1976,5422,5423,10,not_b
3,1977,4119,4120,7,or
3,1978,1244,1245,12,not_a
3,1979,741,742,0,zero
3,1980,1683,1684,4,not_implied_by
3,1981,2886,2887,13,implies
3,1982,5654,5655,15,one
3,1983,152,153,3,a
3,1984,1367,1368,13,implies
3,1985,2424,2425,1,and
3,1986,986,987,5,b
3,1987,1823,1824,2,not_implies
3,1988,4692,4693,8,not_or
3,1989,5328,5329,12,not_a
3,1990,5367,5368,6,xor
3,1991,2383,2384,5,b
3,1992,5184,5185,7,or
3,1993,2822,2823,9,not_xor
3,1994,4192,4193,0,zero
3,1995,4195,4196,1,and
3,1996,1873,1874,3,a
3,1997,415,416,12,not_a
3,1998,3424,3425,9,not_xor
3,1999,1741,1742,7,or
3,2000,1939,1940,10,not_b
3,2001,3522,3523,2,not_implies
3,2002,5512,5513,5,b
3,2003,5069,5070,3,a
3,2004,5828,5829,7,or
3,2005,4410,4411,13,implies
3,2006,1234,1235,6,xor
3,2007,718,719,10,not_b
3,2008,3841,3842,9,not_xor
3,2009,4101,4102,2,not_implies
3,2010,842,843,13,implies
3,2011,4435,4436,9,not_xor
3,2012,352,353,1,and
3,2013,2269,2270,7,or
3,2014,4875,4876,8,not_or
3,2015,4066,4067,4,not_implied_by
3,2016,575,576,6,xor
3,2017,5591,5592,13,implies
3,2018,987,988,9,not_xor
3,2019,5600,5601,11,implied_by
3,2020,5340,5341,8,not_or
3,2021,4684,4685,9,not_xor
3,2022,2378,2379,14,not_and
3,2023,5584,5585,13,implies
3,2024,1346,1347,2,not_implies
3,2025,390,391,7,or
3,2026,4440,4441,5,b
3,2027,182,183,8,not_or
3,2028,5911,5912,5,b
3,2029,5531,5532,8,not_or
3,2030,291,292,5,b
3,2031,5048,5049,5,b
3,2032,4239,4240,14,not_and
3,2033,443,444,11,implied_by
3,2034,2545,2546,10,not_b
3,2035,1771,1772,4,not_implied_by
3,2036,2581,2582,14,not_and
3,2037,1457,1458,3,a
3,2038,2244,2245,3,a
3,2039,2456,2457,5,b
3,2040,3760,3761,5,b
3,2041,5901,5902,2,not_implies
3,2042,1161,1162,0,zero
3,2043,2316,2317,9,not_xor
3,2044,5030,5031,2,not_implies
3,2045,430,431,11,implied_by
3,2046,2110,2111,3,a
3,2047,2536,2537,10,not_b
3,2048,1917,1918,13,implies
3,2049,2915,2916,8,not_or
3,2050,2082,2083,5,b
3,2051,4934,4935,6,xor
3,2052,3925,3926,9,not_xor
3,2053,333,334,10,not_b
3,2054,3218,3219,7,or
3,2055,711,712,10,not_b
3,2056,2285,2286,8,not_or
3,2057,5068,5069,10,not_b
3,2058,5561,5562,5,b
3,2059,3221,3222,6,xor
3,2060,1628,1629,5,b
3,2061,3397,3398,2,not_implies
3,2062,2047,2048,6,xor
3,2063,2392,2393,8,not_or
3,2064,4595,4596,8,not_or
3,2065,1341,1342,3,a
3,2066,1187,1188,5,b
3,2067,4655,4656,1,and
3,2068,3915,3916,13,implies
3,2069,2075,2076,5,b
3,2070,184,185,13,implies
3,2071,3018,3019,5,b
3,2072,3875,3876,3,a
3,2073,3823,3824,3,a
3,2074,5625,5626,7,or
3,2075,4996,4997,9,not_xor
3,2076,186,187,12,not_a
3,2077,1442,1443,11,implied_by
3,2078,502,503,12,not_a
3,2079,626,627,10,not_b
3,2080,2516,2517,8,not_or
3,2081,5233,5234,12,not_a
3,2082,3493,3494,11,implied_by
3,2083,1538,1539,10,not_b
3,2084,3764,3765,7,or
3,2085,3110,3111,3,a
3,2086,2932,2933,1,and
3,2087,1816,1817,15,one
3,2088,104,105,8,not_or
3,2089,395,396,5,b
3,2090,4308,4309,13,implies
3,2091,693,694,7,or
3,2092,4283,4284,7,or
3,2093,5521,5522,3,a
3,2094,3463,3464,2,not_implies
3,2095,2140,2141,8,not_or
3,2096,4062,4063,2,not_implies
3,2097,155,156,14,not_and
3,2098,4956,4957,9,not_xor
3,2099,101,102,11,implied_by
3,2100,1759,1760,3,a
3,2101,5138,5139,3,a
3,2102,559,560,13,implies
3,2103,2069,2070,7,or
3,2104,3034,3035,3,a
3,2105,129,130,6,xor
3,2106,3679,3680,13,implies
3,2107,5412,5413,3,a
3,2108,5107,5108,9,not_xor
3,2109,2404,2405,12,not_a
3,2110,3965,3966,2,not_implies
3,2111,3281,3282,2,not_implies
3,2112,2306,2307,1,and
3,2113,3131,3132,3,a
3,2114,1028,1029,5,b
3,2115,3874,3875,11,implied_by
3,2116,5274,5275,12,not_a
3,2117,1195,1196,12,not_a
3,2118,4193,4194,9,not_xor
3,2119,4139,4140,13,implies
3,2120,819,820,7,or
3,2121,2374,2375,13,implies
3,2122,4073,4074,1,and
3,2123,150,151,6,xor
3,2124,840,841,5,b
3,2125,5393,5394,10,not_b
3,2126,2139,2140,11,implied_by
3,2127,3109,3110,13,implies
3,2128,4503,4504,7,or
3,2129,3226,3227,2,not_implies
3,2130,1298,1299,12,not_a
3,2131,1029,1030,13,implies
3,2132,330,331,4,not_implied_by
3,2133,3890,3891,4,not_implied_by
3,2134,4580,4581,6,xor
3,2135,2498,2499,6,xor
3,2136,5359,5360,8,not_or
3,2137,5117,5118,4,not_implied_by
3,2138,5873,5874,8,not_or
3,2139,2049,2050,12,not_a
3,2140,5457,5458,2,not_implies
3,2141,2373,2374,6,xor
3,2142,2821,2822,7,or
3,2143,4782,4783,11,implied_by
3,2144,2503,2504,12,not_a
3,2145,365,366,10,not_b
3,2146,1400,1401,14,not_and
3,2147,4713,4714,11,implied_by
3,2148,5878,5879,6,xor
3,2149,788,789,7,or
3,2150,3381,3382,4,not_implied_by
3,2151,1924,1925,12,not_a
3,2152,3272,3273,10,not_b
3,2153,563,564,1,and
3,2154,4341,4342,6,xor
3,2155,4764,4765,4,not_implied_by
3,2156,1204,1205,15,one
3,2157,5763,5764,10,not_b
3,2158,3649,3650,14,not_and
3,2159,2314,2315,10,not_b
3,2160,1429,1430,12,not_a
3,2161,2359,2360,9,not_xor
3,2162,771,772,3,a
3,2163,2898,2899,11,implied_by
3,2164,3819,3820,3,a
3,2165,1402,1403,1,and
3,2166,4083,4084,4,not_implied_by
3,2167,2867,2868,12,not_a
3,2168,1376,1377,1,and
3,2169,1907,1908,8,not_or
3,2170,2952,2953,3,a
3,2171,3486,3487,11,implied_by
3,2172,5345,5346,12,not_a
3,2173,2993,2994,5,b
3,2174,4711,4712,3,a
3,2175,4091,4092,4,not_implied_by
3,2176,5963,5964,3,a
3,2177,157,158,11,implied_by
3,2178,5721,5722,1,and
3,2179,2360,2361,2,not_implies
3,2180,3988,3989,9,not_xor
3,2181,3878,3879,5,b
3,2182,36,37,11,implied_by
3,2183,1566,1567,11,implied_by
3,2184,196,197,3,a
3,2185,21,22,13,implies
3,2186,5619,5620,4,not_implied_by
3,2187,3886,3887,3,a
3,2188,641,642,13,implies
3,2189,3698,3699,2,not_implies
3,2190,5450,5451,14,not_and
3,2191,2220,2221,13,implies
3,2192,5881,5882,6,xor
3,2193,88,89,8,not_or
3,2194,4217,4218,1,and
3,2195,3605,3606,13,implies
3,2196,2640,2641,3,a
3,2197,908,909,7,or
3,2198,3700,3701,12,not_a
3,2199,5799,5800,4,not_implied_by
3,2200,3610,3611,2,not_implies
3,2201,1737,1738,1,and
3,2202,4231,4232,12,not_a
3,2203,1054,1055,11,implied_by
3,2204,4537,4538,7,or
3,2205,1713,1714,11,implied_by
3,2206,5613,5614,6,xor
3,2207,4806,4807,11,implied_by
3,2208,5364,5365,3,a
3,2209,1433,1434,11,implied_by
3,2210,901,902,14,not_and
3,2211,724,725,11,implied_by
3,2212,3592,3593,13,implies
3,2213,1184,1185,11,implied_by
3,2214,3545,3546,9,not_xor
3,2215,2517,2518,5,b
3,2216,2957,2958,5,b
3,2217,2100,2101,9,not_xor
3,2218,4795,4796,5,b
3,2219,3846,3847,7,or
3,2220,3322,3323,5,b
3,2221,193,194,14,not_and
3,2222,2194,2195,8,not_or
3,2223,2235,2236,3,a
3,2224,4673,4674,9,not_xor
3,2225,3123,3124,10,not_b
3,2226,156,157,10,not_b
3,2227,4246,4247,8,not_or
3,2228,5682,5683,10,not_b
3,2229,4816,4817,8,not_or
3,2230,517,518,3,a
3,2231,323,324,10,not_b
3,2232,3632,3633,11,implied_by
3,2233,3027,3028,12,not_a
3,2234,5536,5537,8,not_or
3,2235,5520,5521,9,not_xor
3,2236,4015,4016,14,not_and
3,2237,961,962,3,a
3,2238,5577,5578,9,not_xor
3,2239,5981,5982,5,b
3,2240,4182,4183,13,implies
3,2241,4859,4860,11,implied_by
3,2242,1807,1808,2,not_implies
3,2243,5708,5709,12,not_a
3,2244,3958,3959,6,xor
3,2245,2625,2626,15,one
3,2246,3145,3146,14,not_and
3,2247,515,516,4,not_implied_by
3,2248,3563,3564,4,not_implied_by
3,2249,4911,4912,12,not_a
3,2250,2626,2627,9,not_xor
3,2251,609,610,12,not_a
3,2252,5774,5775,11,implied_by
3,2253,576,577,9,not_xor
3,2254,2233,2234,9,not_xor
3,2255,12,13,7,or
3,2256,5221,5222,2,not_implies
3,2257,5537,5538,12,not_a
3,2258,2263,2264,1,and
3,2259,2354,2355,13,implies
3,2260,4496,4497,8,not_or
3,2261,4707,4708,2,not_implies
3,2262,1932,1933,3,a
3,2263,5151,5152,5,b
3,2264,5675,5676,5,b
3,2265,3546,3547,9,not_xor
3,2266,4262,4263,11,implied_by
3,2267,2531,2532,12,not_a
3,2268,317,318,14,not_and
3,2269,745,746,12,not_a
3,2270,969,970,10,not_b
3,2271,2963,2964,5,b
3,2272,5368,5369,13,implies
3,2273,664,665,8,not_or
3,2274,2364,2365,7,or
3,2275,4504,4505,14,not_and
3,2276,1107,1108,2,not_implies
3,2277,3524,3525,6,xor
3,2278,5641,5642,8,not_or
3,2279,263,264,10,not_b
3,2280,4854,4855,12,not_a
3,2281,5456,5457,3,a
3,2282,1813,1814,9,not_xor
3,2283,935,936,8,not_or
3,2284,759,760,14,not_and
3,2285,616,617,9,not_xor
3,2286,2259,2260,3,a
3,2287,3941,3942,12,not_a
3,2288,1696,1697,7,or
3,2289,1650,1651,7,or
3,2290,836,837,3,a
3,2291,4723,4724,4,not_implied_by
3,2292,1838,1839,1,and
3,2293,1940,1941,6,xor
3,2294,4176,4177,3,a
3,2295,5956,5957,8,not_or
3,2296,3151,3152,1,and
3,2297,100,101,2,not_implies
3,2298,1815,1816,10,not_b
3,2299,1791,1792,3,a
3,2300,154,155,8,not_or
3,2301,1607,1608,9,not_xor
3,2302,5303,5304,5,b
3,2303,1050,1051,12,not_a
3,2304,1066,1067,5,b
3,2305,31,32,1,and
3,2306,1327,1328,12,not_a
3,2307,128,129,5,b
3,2308,2258,2259,1,and
3,2309,2297,2298,12,not_a
3,2310,2895,2896,3,a
3,2311,5597,5598,10,not_b
3,2312,979,980,12,not_a
3,2313,5429,5430,5,b
3,2314,1969,1970,10,not_b
3,2315,5162,5163,12,not_a
3,2316,2811,2812,3,a
3,2317,4532,4533,10,not_b
3,2318,2427,2428,10,not_b
3,2319,783,784,11,implied_by
3,2320,372,373,12,not_a
3,2321,4368,4369,14,not_and
3,2322,1601,1602,9,not_xor
3,2323,1247,1248,3,a
3,2324,2206,2207,12,not_a
3,2325,1674,1675,11,implied_by
3,2326,1845,1846,7,or
3,2327,3106,3107,5,b
3,2328,406,407,13,implies
3,2329,130,131,5,b
3,2330,2201,2202,3,a
3,2331,613,614,5,b
3,2332,5215,5216,14,not_and
3,2333,4489,4490,8,not_or
3,2334,1145,1146,10,not_b
3,2335,4780,4781,12,not_a
3,2336,5350,5351,0,zero
3,2337,2189,2190,14,not_and
3,2338,1847,1848,1,and
3,2339,638,639,5,b
3,2340,1203,1204,9,not_xor
3,2341,56,57,2,not_implies
3,2342,3670,3671,10,not_b
3,2343,1408,1409,3,a
3,2344,3402,3403,4,not_implied_by
3,2345,938,939,1,and
3,2346,4628,4629,14,not_and
3,2347,5408,5409,9,not_xor
3,2348,804,805,5,b
3,2349,4776,4777,7,or
3,2350,457,458,13,implies
3,2351,5089,5090,9,not_xor
3,2352,924,925,4,not_implied_by
3,2353,622,623,9,not_xor
3,2354,4918,4919,7,or
3,2355,3739,3740,8,not_or
3,2356,2968,2969,5,b
3,2357,2483,2484,14,not_and
3,2358,3266,3267,14,not_and
3,2359,921,922,1,and
3,2360,4535,4536,3,a
3,2361,1301,1302,14,not_and
3,2362,4488,4489,12,not_a
3,2363,5553,5554,11,implied_by
3,2364,1078,1079,5,b
3,2365,2128,2129,10,not_b
3,2366,5415,5416,4,not_implied_by
3,2367,2881,2882,9,not_xor
3,2368,4070,4071,9,not_xor
3,2369,2262,2263,12,not_a
3,2370,2548,2549,4,not_implied_by
3,2371,139,140,3,a
3,2372,2368,2369,6,xor
3,2373,5257,5258,7,or
3,2374,1929,1930,1,and
3,2375,3970,3971,5,b
3,2376,886,887,3,a
3,2377,2381,2382,10,not_b
3,2378,5327,5328,5,b
3,2379,477,478,3,a
3,2380,1155,1156,7,or
3,2381,3895,3896,6,xor
3,2382,5632,5633,14,not_and
3,2383,3095,3096,12,not_a
3,2384,3653,3654,6,xor
3,2385,5735,5736,3,a
3,2386,3962,3963,2,not_implies
3,2387,5908,5909,3,a
3,2388,2252,2253,6,xor
3,2389,5800,5801,3,a
3,2390,4315,4316,10,not_b
3,2391,5505,5506,12,not_a
3,2392,3837,3838,12,not_a
3,2393,5187,5188,9,not_xor
3,2394,1243,1244,10,not_b
3,2395,162,163,2,not_implies
3,2396,5171,5172,14,not_and
3,2397,3244,3245,9,not_xor
3,2398,2152,2153,11,implied_by
3,2399,2283,2284,9,not_xor
3,2400,5975,5976,4,not_implied_by
3,2401,1730,1731,10,not_b
3,2402,3709,3710,15,one
3,2403,2544,2545,10,not_b
3,2404,1962,1963,1,and
3,2405,3887,3888,3,a
3,2406,253,254,6,xor
3,2407,4983,4984,5,b
3,2408,5222,5223,4,not_implied_by
3,2409,237,238,2,not_implies
3,2410,4832,4833,8,not_or
3,2411,4035,4036,8,not_or
3,2412,2630,2631,14,not_and
3,2413,3277,3278,14,not_and
3,2414,5846,5847,13,implies
3,2415,4238,4239,9,not_xor
3,2416,5688,5689,3,a
3,2417,682,683,13,implies
3,2418,4980,4981,3,a
3,2419,4556,4557,5,b
3,2420,273,274,6,xor
3,2421,4578,4579,3,a
3,2422,5194,5195,9,not_xor
3,2423,1881,1882,7,or
3,2424,4605,4606,12,not_a
3,2425,400,401,5,b
3,2426,4704,4705,12,not_a
3,2427,1844,1845,9,not_xor
3,2428,1417,1418,11,implied_by
3,2429,1533,1534,1,and
3,2430,4840,4841,11,implied_by
3,2431,3436,3437,6,xor
3,2432,86,87,8,not_or
3,2433,5760,5761,12,not_a
3,2434,1079,1080,2,not_implies
3,2435,1074,1075,8,not_or
3,2436,3483,3484,2,not_implies
3,2437,5809,5810,5,b
3,2438,4622,4623,0,zero
3,2439,5517,5518,6,xor
3,2440,1936,1937,11,implied_by
3,2441,2825,2826,7,or
3,2442,5578,5579,8,not_or
3,2443,3953,3954,10,not_b
3,2444,1398,1399,5,b
3,2445,1686,1687,2,not_implies
3,2446,4722,4723,7,or
3,2447,5793,5794,5,b
3,2448,4955,4956,7,or
3,2449,845,846,1,and
3,2450,1071,1072,9,not_xor
3,2451,988,989,10,not_b
3,2452,4124,4125,11,implied_by
3,2453,1099,1100,10,not_b
3,2454,1237,1238,2,not_implies
3,2455,4085,4086,2,not_implies
3,2456,3494,3495,12,not_a
3,2457,5082,5083,4,not_implied_by
3,2458,5472,5473,5,b
3,2459,1673,1674,12,not_a
3,2460,2866,2867,3,a
3,2461,653,654,2,not_implies
3,2462,5001,5002,1,and
3,2463,3934,3935,7,or
3,2464,2070,2071,4,not_implied_by
3,2465,1703,1704,14,not_and
3,2466,1274,1275,10,not_b
3,2467,5383,5384,9,not_xor
3,2468,4739,4740,7,or
3,2469,2371,2372,9,not_xor
3,2470,2218,2219,4,not_implied_by
3,2471,1905,1906,5,b
3,2472,1977,1978,5,b
3,2473,1631,1632,14,not_and
3,2474,2934,2935,12,not_a
3,2475,926,927,4,not_implied_by
3,2476,5010,5011,10,not_b
3,2477,1710,1711,10,not_b
3,2478,5105,5106,3,a
3,2479,3587,3588,9,not_xor
3,2480,4307,4308,7,or
3,2481,3794,3795,5,b
3,2482,3311,3312,6,xor
3,2483,775,776,10,not_b
3,2484,3346,3347,5,b
3,2485,1150,1151,4,not_implied_by
3,2486,5718,5719,8,not_or
3,2487,2816,2817,12,not_a
3,2488,2488,2489,5,b
3,2489,310,311,13,implies
3,2490,805,806,13,implies
3,2491,4362,4363,7,or
3,2492,218,219,8,not_or
3,2493,3544,3545,1,and
3,2494,4559,4560,5,b
3,2495,5322,5323,10,not_b
3,2496,53,54,8,not_or
3,2497,1938,1939,11,implied_by
3,2498,410,411,7,or
3,2499,3855,3856,2,not_implies
3,2500,4023,4024,4,not_implied_by
3,2501,4284,4285,5,b
3,2502,2618,2619,7,or
3,2503,3139,3140,11,implied_by
3,2504,5129,5130,2,not_implies
3,2505,4443,4444,9,not_xor
3,2506,3600,3601,12,not_a
3,2507,4018,4019,9,not_xor
3,2508,1366,1367,11,implied_by
3,2509,3619,3620,2,not_implies
3,2510,426,427,12,not_a
3,2511,905,906,8,not_or
3,2512,721,722,7,or
3,2513,5726,5727,2,not_implies
3,2514,3979,3980,6,xor
3,2515,290,291,5,b
3,2516,4274,4275,13,implies
3,2517,1506,1507,9,not_xor
3,2518,5315,5316,14,not_and
3,2519,3707,3708,4,not_implied_by
3,2520,3690,3691,3,a
3,2521,5511,5512,11,implied_by
3,2522,3637,3638,9,not_xor
3,2523,561,562,3,a
3,2524,3504,3505,6,xor
3,2525,4742,4743,12,not_a
3,2526,2871,2872,2,not_implies
3,2527,5826,5827,7,or
3,2528,2974,2975,3,a
3,2529,4077,4078,12,not_a
3,2530,4054,4055,10,not_b
3,2531,5355,5356,1,and
3,2532,2950,2951,11,implied_by
3,2533,3401,3402,12,not_a
3,2534,2170,2171,10,not_b
3,2535,5564,5565,6,xor
3,2536,412,413,4,not_implied_by
3,2537,3070,3071,10,not_b
3,2538,5179,5180,3,a
3,2539,161,162,6,xor
3,2540,4568,4569,8,not_or
3,2541,1295,1296,0,zero
3,2542,1174,1175,5,b
3,2543,5797,5798,7,or
3,2544,5644,5645,3,a
3,2545,3462,3463,13,implies
3,2546,3390,3391,13,implies
3,2547,5541,5542,11,implied_by
3,2548,2290,2291,3,a
3,2549,5515,5516,3,a
3,2550,709,710,12,not_a
3,2551,300,301,10,not_b
3,2552,3677,3678,10,not_b
3,2553,3075,3076,14,not_and
3,2554,4161,4162,8,not_or
3,2555,358,359,1,and
3,2556,2114,2115,3,a
3,2557,2342,2343,7,or
3,2558,2156,2157,6,xor
3,2559,4020,4021,1,and
3,2560,5680,5681,5,b
3,2561,4880,4881,10,not_b
3,2562,5778,5779,12,not_a
3,2563,2445,2446,12,not_a
3,2564,482,483,7,or
3,2565,4319,4320,11,implied_by
3,2566,348,349,11,implied_by
3,2567,3720,3721,10,not_b
3,2568,3562,3563,12,not_a
3,2569,1019,1020,13,implies
3,2570,1950,1951,8,not_or
3,2571,923,924,12,not_a
3,2572,2969,2970,3,a
3,2573,5139,5140,13,implies
3,2574,1903,1904,6,xor
3,2575,3758,3759,5,b
3,2576,2502,2503,5,b
3,2577,4081,4082,10,not_b
3,2578,1675,1676,0,zero
3,2579,4794,4795,14,not_and
3,2580,5955,5956,14,not_and
3,2581,3753,3754,5,b
3,2582,4414,4415,4,not_implied_by
3,2583,3305,3306,12,not_a
3,2584,5638,5639,5,b
3,2585,2782,2783,14,not_and
3,2586,879,880,6,xor
3,2587,4490,4491,6,xor
3,2588,957,958,8,not_or
3,2589,2153,2154,7,or
3,2590,1069,1070,3,a
3,2591,5101,5102,10,not_b
3,2592,120,121,5,b
3,2593,83,84,14,not_and
3,2594,2080,2081,3,a
3,2595,3030,3031,10,not_b
3,2596,1508,1509,3,a
3,2597,2305,2306,13,implies
3,2598,393,394,10,not_b
3,2599,424,425,2,not_implies
3,2600,2493,2494,5,b
3,2601,4252,4253,11,implied_by
3,2602,5280,5281,5,b
3,2603,5582,5583,4,not_implied_by
3,2604,2,3,7,or
3,2605,173,174,1,and
3,2606,4623,4624,5,b
3,2607,202,203,11,implied_by
3,2608,1263,1264,2,not_implies
3,2609,5594,5595,14,not_and
3,2610,4670,4671,12,not_a
3,2611,428,429,8,not_or
3,2612,336,337,2,not_implies
3,2613,2540,2541,1,and
3,2614,4876,4877,6,xor
3,2615,3998,3999,10,not_b
3,2616,3692,3693,5,b
3,2617,1852,1853,2,not_implies
3,2618,4218,4219,9,not_xor
3,2619,2284,2285,10,not_b
3,2620,5592,5593,12,not_a
3,2621,2876,2877,12,not_a
3,2622,4465,4466,5,b
3,2623,4887,4888,4,not_implied_by
3,2624,4931,4932,7,or
3,2625,1897,1898,12,not_a
3,2626,834,835,10,not_b
3,2627,1744,1745,9,not_xor
3,2628,4745,4746,3,a
3,2629,5380,5381,4,not_implied_by
3,2630,630,631,0,zero
3,2631,5859,5860,3,a
3,2632,642,643,1,and
3,2633,387,388,9,not_xor
3,2634,2913,2914,3,a
3,2635,5650,5651,3,a
3,2636,4701,4702,12,not_a
3,2637,3200,3201,9,not_xor
3,2638,3980,3981,4,not_implied_by
3,2639,4250,4251,13,implies
3,2640,285,286,9,not_xor
3,2641,793,794,1,and
3,2642,2015,2016,8,not_or
3,2643,5525,5526,13,implies
3,2644,3769,3770,1,and
3,2645,4100,4101,13,implies
3,2646,3036,3037,5,b
3,2647,3933,3934,14,not_and
3,2648,4522,4523,11,implied_by
3,2649,2590,2591,2,not_implies
3,2650,4754,4755,4,not_implied_by
3,2651,4030,4031,14,not_and
3,2652,2216,2217,2,not_implies
3,2653,3509,3510,7,or
3,2654,2138,2139,12,not_a
3,2655,5738,5739,14,not_and
3,2656,313,314,2,not_implies
3,2657,5804,5805,11,implied_by
3,2658,1544,1545,6,xor
3,2659,1553,1554,14,not_and
3,2660,758,759,11,implied_by
3,2661,5443,5444,7,or
3,2662,4304,4305,12,not_a
3,2663,2973,2974,6,xor
3,2664,909,910,5,b
3,2665,5777,5778,7,or
3,2666,1348,1349,10,not_b
3,2667,1817,1818,8,not_or
3,2668,729,730,12,not_a
3,2669,396,397,6,xor
3,2670,4043,4044,3,a
3,2671,5284,5285,5,b
3,2672,2708,2709,5,b
3,2673,1481,1482,6,xor
3,2674,2717,2718,12,not_a
3,2675,2254,2255,5,b
3,2676,3687,3688,4,not_implied_by
3,2677,5494,5495,1,and
3,2678,3045,3046,7,or
3,2679,1773,1774,14,not_and
3,2680,4287,4288,5,b
3,2681,319,320,3,a
3,2682,2916,2917,9,not_xor
3,2683,2490,2491,12,not_a
3,2684,2689,2690,9,not_xor
3,2685,5147,5148,12,not_a
3,2686,4511,4512,3,a
3,2687,5441,5442,4,not_implied_by
3,2688,4629,4630,8,not_or
3,2689,2749,2750,3,a
3,2690,1863,1864,6,xor
3,2691,5669,5670,5,b
3,2692,4088,4089,2,not_implies
3,2693,4,5,13,implies
3,2694,813,814,8,not_or
3,2695,4293,4294,6,xor
3,2696,4223,4224,10,not_b
3,2697,541,542,3,a
3,2698,807,808,4,not_implied_by
3,2699,2697,2698,9,not_xor
3,2700,5510,5511,9,not_xor
3,2701,570,571,10,not_b
3,2702,2037,2038,3,a
3,2703,3909,3910,7,or
3,2704,62,63,3,a
3,2705,5839,5840,3,a
3,2706,2614,2615,5,b
3,2707,351,352,4,not_implied_by
3,2708,2418,2419,0,zero
3,2709,2732,2733,5,b
3,2710,2057,2058,6,xor
3,2711,2628,2629,10,not_b
3,2712,4626,4627,15,one
3,2713,5387,5388,3,a
3,2714,294,295,5,b
3,2715,1337,1338,12,not_a
3,2716,5626,5627,12,not_a
3,2717,3089,3090,9,not_xor
3,2718,3518,3519,7,or
3,2719,4588,4589,12,not_a
3,2720,3124,3125,11,implied_by
3,2721,3951,3952,3,a
3,2722,5662,5663,8,not_or
3,2723,1972,1973,6,xor
3,2724,1889,1890,15,one
3,2725,1585,1586,4,not_implied_by
3,2726,30,31,12,not_a
3,2727,5815,5816,5,b
3,2728,5835,5836,9,not_xor
3,2729,740,741,10,not_b
3,2730,3521,3522,12,not_a
3,2731,5977,5978,3,a
3,2732,224,225,15,one
3,2733,5034,5035,14,not_and
3,2734,3865,3866,4,not_implied_by
3,2735,2515,2516,1,and
3,2736,911,912,12,not_a
3,2737,3617,3618,5,b
3,2738,5991,5992,6,xor
3,2739,1557,1558,6,xor
3,2740,5630,5631,3,a
3,2741,5959,5960,14,not_and
3,2742,981,982,11,implied_by
3,2743,3566,3567,12,not_a
3,2744,3964,3965,2,not_implies
3,2745,2937,2938,8,not_or
3,2746,1291,1292,10,not_b
3,2747,2823,2824,11,implied_by
3,2748,5098,5099,4,not_implied_by
3,2749,1953,1954,2,not_implies
3,2750,5294,5295,12,not_a
3,2751,3618,3619,12,not_a
3,2752,216,217,4,not_implied_by
3,2753,2711,2712,7,or
3,2754,5149,5150,12,not_a
3,2755,2229,2230,14,not_and
3,2756,3008,3009,1,and
3,2757,3957,3958,2,not_implies
3,2758,1874,1875,15,one
3,2759,3051,3052,3,a
3,2760,4141,4142,7,or
3,2761,520,521,12,not_a
3,2762,2438,2439,11,implied_by
3,2763,2437,2438,3,a
3,2764,5614,5615,15,one
3,2765,5887,5888,1,and
3,2766,3923,3924,12,not_a
3,2767,933,934,5,b
3,2768,2976,2977,9,not_xor
3,2769,5286,5287,1,and
3,2770,5615,5616,4,not_implied_by
3,2771,2145,2146,3,a
3,2772,2521,2522,5,b
3,2773,2740,2741,12,not_a
3,2774,2005,2006,3,a
3,2775,3376,3377,14,not_and
3,2776,1653,1654,12,not_a
3,2777,102,103,3,a
3,2778,5042,5043,3,a
3,2779,4828,4829,1,and
3,2780,4878,4879,4,not_implied_by
3,2781,5871,5872,3,a
3,2782,1704,1705,3,a
3,2783,2705,2706,10,not_b
3,2784,4665,4666,4,not_implied_by
3,2785,3872,3873,11,implied_by
3,2786,2912,2913,12,not_a
3,2787,142,143,13,implies
3,2788,5618,5619,9,not_xor
3,2789,3323,3324,3,a
3,2790,1749,1750,13,implies
3,2791,3829,3830,10,not_b
3,2792,3146,3147,12,not_a
3,2793,4750,4751,4,not_implied_by
3,2794,5445,5446,12,not_a
3,2795,371,372,14,not_and
3,2796,5951,5952,8,not_or
3,2797,2209,2210,13,implies
3,2798,5095,5096,4,not_implied_by
3,2799,5425,5426,7,or
3,2800,2019,2020,5,b
3,2801,4632,4633,9,not_xor
3,2802,2345,2346,5,b
3,2803,2568,2569,10,not_b
3,2804,176,177,10,not_b
3,2805,3534,3535,15,one
3,2806,2692,2693,3,a
3,2807,4143,4144,12,not_a
3,2808,5985,5986,3,a
3,2809,2944,2945,9,not_xor
3,2810,4068,4069,3,a
3,2811,4158,4159,6,xor
3,2812,4690,4691,9,not_xor
3,2813,1995,1996,5,b
3,2814,341,342,10,not_b
3,2815,5137,5138,12,not_a
3,2816,5952,5953,8,not_or
3,2817,5883,5884,6,xor
3,2818,1578,1579,5,b
3,2819,3150,3151,9,not_xor
3,2820,3049,3050,10,not_b
3,2821,5507,5508,15,one
3,2822,1105,1106,1,and
3,2823,5920,5921,7,or
3,2824,2885,2886,10,not_b
3,2825,5768,5769,7,or
3,2826,650,651,10,not_b
3,2827,4442,4443,7,or
3,2828,1370,1371,10,not_b
3,2829,2103,2104,4,not_implied_by
3,2830,1615,1616,6,xor
3,2831,3946,3947,3,a
3,2832,3431,3432,12,not_a
3,2833,2996,2997,7,or
3,2834,2104,2105,8,not_or
3,2835,2495,2496,3,a
3,2836,57,58,10,not_b
3,2837,3885,3886,13,implies
3,2838,3916,3917,13,implies
3,2839,3452,3453,4,not_implied_by
3,2840,3703,3704,6,xor
3,2841,484,485,11,implied_by
3,2842,5056,5057,12,not_a
3,2843,5279,5280,6,xor
3,2844,1326,1327,13,implies
3,2845,4134,4135,12,not_a
3,2846,1205,1206,9,not_xor
3,2847,2655,2656,4,not_implied_by
3,2848,4602,4603,5,b
3,2849,4884,4885,13,implies
3,2850,5919,5920,5,b
3,2851,2965,2966,12,not_a
3,2852,3718,3719,3,a
3,2853,4987,4988,12,not_a
3,2854,1842,1843,14,not_and
3,2855,2444,2445,10,not_b
3,2856,5855,5856,9,not_xor
3,2857,3448,3449,9,not_xor
3,2858,3854,3855,9,not_xor
3,2859,2863,2864,9,not_xor
3,2860,1928,1929,3,a
3,2861,5485,5486,1,and
3,2862,524,525,11,implied_by
3,2863,2713,2714,3,a
3,2864,2124,2125,2,not_implies
3,2865,5049,5050,12,not_a
3,2866,3442,3443,12,not_a
3,2867,3621,3622,10,not_b
3,2868,1952,1953,9,not_xor
3,2869,963,964,3,a
3,2870,493,494,3,a
3,2871,4656,4657,12,not_a
3,2872,1568,1569,11,implied_by
3,2873,3182,3183,6,xor
3,2874,1819,1820,4,not_implied_by
3,2875,171,172,6,xor
3,2876,5998,5999,8,not_or
3,2877,499,500,5,b
3,2878,5272,5273,7,or
3,2879,2808,2809,12,not_a
3,2880,1626,1627,11,implied_by
3,2881,5820,5821,10,not_b
3,2882,5945,5946,4,not_implied_by
3,2883,764,765,5,b
3,2884,1321,1322,3,a
3,2885,4997,4998,6,xor
3,2886,902,903,8,not_or
3,2887,2534,2535,9,not_xor
3,2888,1070,1071,7,or
3,2889,1392,1393,6,xor
3,2890,3904,3905,13,implies
3,2891,1752,1753,7,or
3,2892,96,97,14,not_and
3,2893,1792,1793,3,a
3,2894,2930,2931,7,or
3,2895,4025,4026,3,a
3,2896,4733,4734,6,xor
3,2897,5837,5838,6,xor
3,2898,3181,3182,14,not_and
3,2899,732,733,10,not_b
3,2900,4069,4070,3,a
3,2901,2137,2138,11,implied_by
3,2902,691,692,11,implied_by
3,2903,1384,1385,9,not_xor
3,2904,4279,4280,15,one
3,2905,2281,2282,8,not_or
3,2906,3560,3561,8,not_or
3,2907,3260,3261,8,not_or
3,2908,2465,2466,3,a
3,2909,730,731,1,and
3,2910,2663,2664,5,b
3,2911,4197,4198,6,xor
3,2912,5167,5168,13,implies
3,2913,1063,1064,7,or
3,2914,1126,1127,2,not_implies
3,2915,2698,2699,11,implied_by
3,2916,226,227,10,not_b
3,2917,5440,5441,12,not_a
3,2918,1058,1059,10,not_b
3,2919,1041,1042,8,not_or
3,2920,17,18,6,xor
3,2921,4276,4277,6,xor
3,2922,5701,5702,11,implied_by
3,2923,3235,3236,5,b
3,2924,2909,2910,2,not_implies
3,2925,2609,2610,9,not_xor
3,2926,2020,2021,11,implied_by
3,2927,2479,2480,9,not_xor
3,2928,5932,5933,6,xor
3,2929,5693,5694,13,implies
3,2930,3161,3162,3,a
3,2931,605,606,10,not_b
3,2932,4164,4165,14,not_and
3,2933,2665,2666,12,not_a
3,2934,5940,5941,1,and
3,2935,4777,4778,12,not_a
3,2936,5813,5814,5,b
3,2937,2848,2849,4,not_implied_by
3,2938,4311,4312,3,a
3,2939,4851,4852,0,zero
3,2940,4838,4839,1,and
3,2941,5791,5792,8,not_or
3,2942,649,650,3,a
3,2943,4833,4834,11,implied_by
3,2944,4148,4149,5,b
3,2945,5890,5891,11,implied_by
3,2946,2054,2055,5,b
3,2947,366,367,1,and
3,2948,4470,4471,11,implied_by
3,2949,565,566,5,b
3,2950,5661,5662,10,not_b
3,2951,441,442,8,not_or
3,2952,5765,5766,5,b
3,2953,2430,2431,12,not_a
3,2954,4604,4605,6,xor
3,2955,850,851,1,and
3,2956,98,99,11,implied_by
3,2957,3144,3145,11,implied_by
3,2958,5745,5746,9,not_xor
3,2959,1383,1384,2,not_implies
3,2960,4492,4493,8,not_or
3,2961,3456,3457,11,implied_by
3,2962,4946,4947,12,not_a
3,2963,4800,4801,9,not_xor
3,2964,4970,4971,3,a
3,2965,504,505,10,not_b
3,2966,4080,4081,10,not_b
3,2967,381,382,1,and
3,2968,868,869,2,not_implies
3,2969,1661,1662,5,b
3,2970,5943,5944,0,zero
3,2971,4762,4763,3,a
3,2972,4554,4555,7,or
3,2973,4422,4423,1,and
3,2974,4514,4515,11,implied_by
3,2975,4585,4586,9,not_xor
3,2976,3479,3480,10,not_b
3,2977,4926,4927,0,zero
3,2978,5180,5181,8,not_or
3,2979,5087,5088,11,implied_by
3,2980,4638,4639,3,a
3,2981,4808,4809,7,or
3,2982,3015,3016,3,a
3,2983,3081,3082,6,xor
3,2984,5153,5154,10,not_b
3,2985,5228,5229,5,b
3,2986,2358,2359,11,implied_by
3,2987,956,957,6,xor
3,2988,569,570,3,a
3,2989,2496,2497,0,zero
3,2990,4110,4111,11,implied_by
3,2991,1277,1278,13,implies
3,2992,2198,2199,3,a
3,2993,2506,2507,7,or
3,2994,2892,2893,10,not_b
3,2995,5585,5586,6,xor
3,2996,5075,5076,3,a
3,2997,580,581,1,and
3,2998,629,630,4,not_implied_by
3,2999,3453,3454,5,b
3,3000,3478,3479,11,implied_by
3,3001,5719,5720,9,not_xor
3,3002,1766,1767,12,not_a
3,3003,1405,1406,12,not_a
3,3004,1588,1589,10,not_b
3,3005,5235,5236,12,not_a
3,3006,4109,4110,2,not_implies
3,3007,1684,1685,10,not_b
3,3008,3215,3216,14,not_and
3,3009,4676,4677,11,implied_by
3,3010,5554,5555,12,not_a
3,3011,5044,5045,10,not_b
3,3012,1693,1694,1,and
3,3013,1648,1649,2,not_implies
3,3014,882,883,3,a
3,3015,3457,3458,13,implies
3,3016,5382,5383,10,not_b
3,3017,2155,2156,9,not_xor
3,3018,2683,2684,5,b
3,3019,3011,3012,5,b
3,3020,3702,3703,3,a
3,3021,2332,2333,6,xor
3,3022,5810,5811,12,not_a
3,3023,2715,2716,1,and
3,3024,5269,5270,9,not_xor
3,3025,3252,3253,1,and
3,3026,800,801,2,not_implies
3,3027,516,517,5,b
3,3028,2807,2808,10,not_b
3,3029,3987,3988,5,b
3,3030,417,418,9,not_xor
3,3031,3053,3054,9,not_xor
3,3032,2535,2536,4,not_implied_by
3,3033,5265,5266,11,implied_by
3,3034,4810,4811,7,or
3,3035,5458,5459,5,b
3,3036,238,239,11,implied_by
3,3037,4167,4168,7,or
3,3038,5084,5085,10,not_b
3,3039,3826,3827,10,not_b
3,3040,3274,3275,3,a
3,3041,1329,1330,1,and
3,3042,518,519,8,not_or
3,3043,3352,3353,14,not_and
3,3044,5487,5488,12,not_a
3,3045,545,546,12,not_a
3,3046,242,243,12,not_a
3,3047,5413,5414,4,not_implied_by
3,3048,5103,5104,8,not_or
3,3049,948,949,10,not_b
3,3050,200,201,9,not_xor
3,3051,2597,2598,12,not_a
3,3052,5623,5624,3,a
3,3053,2409,2410,14,not_and
3,3054,4597,4598,13,implies
3,3055,5238,5239,6,xor
3,3056,5989,5990,10,not_b
3,3057,3336,3337,2,not_implies
3,3058,4122,4123,3,a
3,3059,5972,5973,15,one
3,3060,4731,4732,5,b
3,3061,344,345,10,not_b
3,3062,4280,4281,6,xor
3,3063,2693,2694,5,b
3,3064,980,981,11,implied_by
3,3065,1826,1827,4,not_implied_by
3,3066,1565,1566,1,and
3,3067,5966,5967,2,not_implies
3,3068,896,897,3,a
3,3069,5051,5052,13,implies
3,3070,453,454,5,b
3,3071,577,578,10,not_b
3,3072,284,285,10,not_b
3,3073,2631,2632,5,b
3,3074,5000,5001,10,not_b
3,3075,1073,1074,9,not_xor
3,3076,5930,5931,14,not_and
3,3077,1180,1181,9,not_xor
3,3078,2988,2989,11,implied_by
3,3079,5795,5796,14,not_and
3,3080,2775,2776,2,not_implies
3,3081,4563,4564,7,or
3,3082,3599,3600,10,not_b
3,3083,5108,5109,3,a
3,3084,5402,5403,2,not_implies
3,3085,4663,4664,14,not_and
3,3086,3472,3473,8,not_or
3,3087,2217,2218,10,not_b
3,3088,2726,2727,5,b
3,3089,5442,5443,5,b
3,3090,5722,5723,1,and
3,3091,2240,2241,3,a
3,3092,3128,3129,15,one
3,3093,2813,2814,3,a
3,3094,941,942,9,not_xor
3,3095,5543,5544,8,not_or
3,3096,3367,3368,3,a
3,3097,3256,3257,11,implied_by
3,3098,3254,3255,3,a
3,3099,3818,3819,13,implies
3,3100,1922,1923,1,and
3,3101,3291,3292,14,not_and
3,3102,72,73,2,not_implies
3,3103,1485,1486,8,not_or
3,3104,4483,4484,13,implies
3,3105,3945,3946,9,not_xor
3,3106,4730,4731,1,and
3,3107,378,379,6,xor
3,3108,5433,5434,2,not_implies
3,3109,5927,5928,10,not_b
3,3110,5112,5113,10,not_b
3,3111,485,486,4,not_implied_by
3,3112,1860,1861,6,xor
3,3113,1945,1946,10,not_b
3,3114,1068,1069,6,xor
3,3115,3044,3045,7,or
3,3116,1096,1097,2,not_implies
3,3117,38,39,8,not_or
3,3118,1093,1094,2,not_implies
3,3119,4847,4848,5,b
3,3120,2508,2509,7,or
3,3121,2032,2033,6,xor
3,3122,1857,1858,8,not_or
3,3123,2183,2184,9,not_xor
3,3124,3917,3918,6,xor
3,3125,1333,1334,3,a
3,3126,1679,1680,4,not_implied_by
3,3127,2366,2367,3,a
3,3128,5583,5584,10,not_b
3,3129,1646,1647,12,not_a
3,3130,2356,2357,2,not_implies
3,3131,2113,2114,12,not_a
3,3132,1750,1751,8,not_or
3,3133,126,127,14,not_and
3,3134,2460,2461,3,a
3,3135,2847,2848,5,b
3,3136,1491,1492,3,a
3,3137,478,479,6,xor
3,3138,2363,2364,6,xor
3,3139,939,940,8,not_or
3,3140,4475,4476,3,a
3,3141,5923,5924,12,not_a
3,3142,3551,3552,6,xor
3,3143,3949,3950,1,and
3,3144,678,679,9,not_xor
3,3145,4402,4403,5,b
3,3146,2431,2432,10,not_b
3,3147,2202,2203,12,not_a
3,3148,1846,1847,7,or
3,3149,2991,2992,11,implied_by
3,3150,1550,1551,12,not_a
3,3151,5078,5079,4,not_implied_by
3,3152,4339,4340,9,not_xor
3,3153,4118,4119,9,not_xor
3,3154,4666,4667,11,implied_by
3,3155,2337,2338,4,not_implied_by
3,3156,3833,3834,14,not_and
3,3157,3118,3119,12,not_a
3,3158,2309,2310,3,a
3,3159,2734,2735,6,xor
3,3160,4964,4965,13,implies
3,3161,2831,2832,12,not_a
3,3162,3585,3586,3,a
3,3163,2650,2651,9,not_xor
3,3164,974,975,14,not_and
3,3165,4282,4283,2,not_implies
3,3166,5399,5400,5,b
3,3167,592,593,7,or
3,3168,2995,2996,3,a
3,3169,940,941,5,b
3,3170,2685,2686,14,not_and
3,3171,1018,1019,12,not_a
3,3172,1217,1218,6,xor
3,3173,1109,1110,12,not_a
3,3174,1276,1277,3,a
3,3175,2623,2624,6,xor
3,3176,1297,1298,2,not_implies
3,3177,1853,1854,3,a
3,3178,601,602,11,implied_by
3,3179,3922,3923,14,not_and
3,3180,683,684,5,b
3,3181,1246,1247,14,not_and
3,3182,2436,2437,1,and
3,3183,5080,5081,14,not_and
3,3184,3761,3762,5,b
3,3185,2970,2971,8,not_or
3,3186,1738,1739,12,not_a
3,3187,4278,4279,6,xor
3,3188,5567,5568,12,not_a
3,3189,4724,4725,1,and
3,3190,5318,5319,9,not_xor
3,3191,1308,1309,8,not_or
3,3192,3157,3158,10,not_b
3,3193,4487,4488,7,or
3,3194,2223,2224,3,a
3,3195,5954,5955,9,not_xor
3,3196,494,495,12,not_a
3,3197,4786,4787,6,xor
3,3198,221,222,7,or
3,3199,1269,1270,7,or
3,3200,274,275,3,a
3,3201,4752,4753,6,xor
3,3202,1714,1715,3,a
3,3203,4469,4470,8,not_or
3,3204,5025,5026,9,not_xor
3,3205,3767,3768,12,not_a
3,3206,2931,2932,2,not_implies
3,3207,1711,1712,2,not_implies
3,3208,5300,5301,6,xor
3,3209,3657,3658,14,not_and
3,3210,2582,2583,12,not_a
3,3211,2523,2524,11,implied_by
3,3212,1022,1023,14,not_and
3,3213,373,374,6,xor
3,3214,5057,5058,4,not_implied_by
3,3215,24,25,12,not_a
3,3216,5206,5207,12,not_a
3,3217,3640,3641,11,implied_by
3,3218,3512,3513,6,xor
3,3219,1316,1317,12,not_a
3,3220,1747,1748,4,not_implied_by
3,3221,1378,1379,3,a
3,3222,4123,4124,7,or
3,3223,5970,5971,10,not_b
3,3224,1006,1007,14,not_and
3,3225,2196,2197,3,a
3,3226,1635,1636,5,b
3,3227,5225,5226,11,implied_by
3,3228,1622,1623,10,not_b
3,3229,146,147,13,implies
3,3230,5150,5151,14,not_and
3,3231,5563,5564,15,one
3,3232,5555,5556,9,not_xor
3,3233,985,986,5,b
3,3234,2086,2087,3,a
3,3235,3647,3648,8,not_or
3,3236,5209,5210,8,not_or
3,3237,5115,5116,5,b
3,3238,2824,2825,5,b
3,3239,222,223,12,not_a
3,3240,5522,5523,12,not_a
3,3241,4760,4761,12,not_a
3,3242,966,967,3,a
3,3243,770,771,1,and
3,3244,3655,3656,5,b
3,3245,1548,1549,8,not_or
3,3246,837,838,6,xor
3,3247,1573,1574,8,not_or
3,3248,1027,1028,1,and
3,3249,3408,3409,12,not_a
3,3250,4592,4593,12,not_a
3,3251,115,116,0,zero
3,3252,4617,4618,6,xor
3,3253,3242,3243,11,implied_by
3,3254,3553,3554,13,implies
3,3255,1949,1950,2,not_implies
3,3256,5259,5260,13,implies
3,3257,621,622,12,not_a
3,3258,851,852,3,a
3,3259,49,50,0,zero
3,3260,5063,5064,2,not_implies
3,3261,65,66,1,and
3,3262,2191,2192,2,not_implies
3,3263,4258,4259,10,not_b
3,3264,3061,3062,1,and
3,3265,1534,1535,4,not_implied_by
3,3266,2105,2106,11,implied_by
3,3267,1170,1171,1,and
3,3268,3990,3991,8,not_or
3,3269,5589,5590,12,not_a
3,3270,5371,5372,7,or
3,3271,5358,5359,2,not_implies
3,3272,5891,5892,2,not_implies
3,3273,5599,5600,8,not_or
3,3274,4433,4434,6,xor
3,3275,5936,5937,2,not_implies
3,3276,1061,1062,7,or
3,3277,1168,1169,6,xor
3,3278,1080,1081,12,not_a
3,3279,3240,3241,2,not_implies
3,3280,608,609,1,and
3,3281,3538,3539,8,not_or
3,3282,3090,3091,8,not_or
3,3283,1755,1756,3,a
3,3284,701,702,5,b
3,3285,249,250,8,not_or
3,3286,2789,2790,10,not_b
3,3287,5464,5465,1,and
3,3288,4493,4494,12,not_a
3,3289,1591,1592,13,implies
3,3290,2997,2998,12,not_a
3,3291,2522,2523,10,not_b
3,3292,2647,2648,1,and
3,3293,3541,3542,5,b
3,3294,900,901,6,xor
3,3295,2343,2344,4,not_implied_by
3,3296,1,2,4,not_implied_by
3,3297,5519,5520,14,not_and
3,3298,5099,5100,1,and
3,3299,2943,2944,9,not_xor
3,3300,4896,4897,4,not_implied_by
3,3301,1139,1140,11,implied_by
3,3302,2325,2326,8,not_or
3,3303,3470,3471,3,a
3,3304,4174,4175,10,not_b
3,3305,2043,2044,5,b
3,3306,4406,4407,10,not_b
3,3307,4634,4635,10,not_b
3,3308,843,844,10,not_b
3,3309,1829,1830,14,not_and
3,3310,978,979,6,xor
3,3311,3016,3017,7,or
3,3312,231,232,12,not_a
3,3313,4400,4401,14,not_and
3,3314,4785,4786,5,b
3,3315,4664,4665,10,not_b
3,3316,3725,3726,3,a
3,3317,4746,4747,7,or
3,3318,3126,3127,3,a
3,3319,1990,1991,2,not_implies
3,3320,951,952,8,not_or
3,3321,1745,1746,10,not_b
3,3322,1580,1581,14,not_and
3,3323,2758,2759,6,xor
3,3324,4600,4601,7,or
3,3325,3899,3900,9,not_xor
3,3326,165,166,12,not_a
3,3327,1431,1432,12,not_a
3,3328,3613,3614,10,not_b
3,3329,4866,4867,2,not_implies
3,3330,2449,2450,3,a
3,3331,5053,5054,10,not_b
3,3332,3839,3840,14,not_and
3,3333,695,696,7,or
3,3334,2573,2574,9,not_xor
3,3335,2796,2797,6,xor
3,3336,2752,2753,5,b
3,3337,5168,5169,9,not_xor
3,3338,4093,4094,8,not_or
3,3339,5993,5994,11,implied_by
3,3340,3324,3325,1,and
3,3341,4450,4451,7,or
3,3342,5330,5331,13,implies
3,3343,660,661,12,not_a
3,3344,4696,4697,12,not_a
3,3345,2339,2340,7,or
3,3346,525,526,5,b
3,3347,3871,3872,9,not_xor
3,3348,2684,2685,12,not_a
3,3349,5453,5454,12,not_a
3,3350,3076,3077,4,not_implied_by
3,3351,5207,5208,7,or
3,3352,108,109,3,a
3,3353,1832,1833,10,not_b
3,3354,1288,1289,1,and
3,3355,4603,4604,1,and
3,3356,3400,3401,5,b
3,3357,652,653,6,xor
3,3358,1390,1391,12,not_a
3,3359,1458,1459,11,implied_by
3,3360,5899,5900,6,xor
3,3361,2935,2936,13,implies
3,3362,588,589,6,xor
3,3363,3418,3419,10,not_b
3,3364,3693,3694,4,not_implied_by
3,3365,339,340,5,b
3,3366,1957,1958,3,a
3,3367,3,4,5,b
3,3368,5248,5249,10,not_b
3,3369,865,866,5,b
3,3370,3628,3629,8,not_or
3,3371,4521,4522,6,xor
3,3372,5852,5853,3,a
3,3373,5452,5453,14,not_and
3,3374,3715,3716,6,xor
3,3375,4300,4301,7,or
3,3376,3410,3411,8,not_or
3,3377,1484,1485,12,not_a
3,3378,3536,3537,12,not_a
3,3379,1728,1729,3,a
3,3380,983,984,14,not_and
3,3381,3921,3922,14,not_and
3,3382,2225,2226,5,b
3,3383,4285,4286,3,a
3,3384,5503,5504,12,not_a
3,3385,4502,4503,9,not_xor
3,3386,500,501,10,not_b
3,3387,795,796,12,not_a
3,3388,5085,5086,2,not_implies
3,3389,824,825,4,not_implied_by
3,3390,4113,4114,4,not_implied_by
3,3391,5114,5115,5,b
3,3392,5386,5387,10,not_b
3,3393,3754,3755,5,b
3,3394,4799,4800,7,or
3,3395,3246,3247,6,xor
3,3396,4047,4048,12,not_a
3,3397,5043,5044,7,or
3,3398,1549,1550,12,not_a
3,3399,631,632,5,b
3,3400,1943,1944,11,implied_by
3,3401,5677,5678,5,b
3,3402,2882,2883,7,or
3,3403,169,170,10,not_b
3,3404,907,908,9,not_xor
3,3405,5389,5390,5,b
3,3406,1183,1184,6,xor
3,3407,4455,4456,2,not_implies
3,3408,1555,1556,9,not_xor
3,3409,267,268,13,implies
3,3410,4342,4343,5,b
3,3411,3824,3825,4,not_implied_by
3,3412,4572,4573,12,not_a
3,3413,2657,2658,13,implies
3,3414,4108,4109,1,and
3,3415,1542,1543,6,xor
3,3416,1253,1254,11,implied_by
3,3417,899,900,9,not_xor
3,3418,2635,2636,3,a
3,3419,3719,3720,6,xor
3,3420,3943,3944,15,one
3,3421,5128,5129,6,xor
3,3422,3950,3951,11,implied_by
3,3423,1688,1689,14,not_and
3,3424,4107,4108,9,not_xor
3,3425,3353,3354,9,not_xor
3,3426,3033,3034,9,not_xor
3,3427,679,680,11,implied_by
3,3428,3279,3280,11,implied_by
3,3429,1584,1585,5,b
3,3430,4674,4675,2,not_implies
3,3431,5904,5905,13,implies
3,3432,4607,4608,3,a
3,3433,5434,5435,11,implied_by
3,3434,3537,3538,14,not_and
3,3435,4203,4204,2,not_implies
3,3436,3523,3524,10,not_b
3,3437,1536,1537,6,xor
3,3438,2960,2961,3,a
3,3439,264,265,6,xor
3,3440,3085,3086,7,or
3,3441,5311,5312,12,not_a
3,3442,5560,5561,7,or
3,3443,3407,3408,9,not_xor
3,3444,543,544,3,a
3,3445,3975,3976,13,implies
3,3446,4898,4899,8,not_or
3,3447,3673,3674,10,not_b
3,3448,581,582,14,not_and
3,3449,1413,1414,4,not_implied_by
3,3450,1352,1353,5,b
3,3451,3404,3405,12,not_a
3,3452,4272,4273,1,and
3,3453,3206,3207,3,a
3,3454,5193,5194,2,not_implies
3,3455,2161,2162,2,not_implies
3,3456,4693,4694,12,not_a
3,3457,2279,2280,3,a
3,3458,1453,1454,13,implies
3,3459,1833,1834,2,not_implies
3,3460,5566,5567,13,implies
3,3461,5829,5830,14,not_and
3,3462,4419,4420,11,implied_by
3,3463,67,68,10,not_b
3,3464,1489,1490,3,a
3,3465,4133,4134,11,implied_by
3,3466,3234,3235,11,implied_by
3,3467,1331,1332,13,implies
3,3468,1418,1419,12,not_a
3,3469,726,727,5,b
3,3470,1981,1982,5,b
3,3471,5054,5055,6,xor
3,3472,954,955,5,b
3,3473,1840,1841,12,not_a
3,3474,4905,4906,8,not_or
3,3475,2929,2930,5,b
3,3476,5165,5166,7,or
3,3477,2819,2820,4,not_implied_by
3,3478,2421,2422,15,one
3,3479,2987,2988,12,not_a
3,3480,586,587,10,not_b
3,3481,2699,2700,10,not_b
3,3482,1561,1562,2,not_implies
3,3483,1404,1405,10,not_b
3,3484,2838,2839,10,not_b
3,3485,4334,4335,12,not_a
3,3486,2648,2649,12,not_a
3,3487,715,716,8,not_or
3,3488,1802,1803,10,not_b
3,3489,2481,2482,4,not_implied_by
3,3490,4325,4326,9,not_xor
3,3491,4366,4367,8,not_or
3,3492,2549,2550,2,not_implies
3,3493,5395,5396,5,b
3,3494,2662,2663,8,not_or
3,3495,258,259,13,implies
3,3496,1571,1572,2,not_implies
3,3497,1895,1896,7,or
3,3498,2164,2165,1,and
3,3499,4291,4292,9,not_xor
3,3500,4136,4137,5,b
3,3501,662,663,3,a
3,3502,2761,2762,12,not_a
3,3503,3738,3739,11,implied_by
3,3504,3706,3707,11,implied_by
3,3505,2106,2107,2,not_implies
3,3506,3208,3209,10,not_b
3,3507,1870,1871,4,not_implied_by
3,3508,5935,5936,4,not_implied_by
3,3509,2344,2345,5,b
3,3510,3577,3578,11,implied_by
3,3511,2636,2637,8,not_or
3,3512,4019,4020,14,not_and
3,3513,5664,5665,12,not_a
3,3514,3176,3177,13,implies
3,3515,480,481,2,not_implies
3,3516,3278,3279,10,not_b
3,3517,3503,3504,14,not_and
3,3518,5608,5609,2,not_implies
3,3519,5176,5177,11,implied_by
3,3520,3568,3569,5,b
3,3521,1009,1010,11,implied_by
3,3522,4708,4709,4,not_implied_by
3,3523,3316,3317,14,not_and
3,3524,833,834,1,and
3,3525,1138,1139,0,zero
3,3526,4505,4506,3,a
3,3527,3675,3676,13,implies
3,3528,5596,5597,9,not_xor
3,3529,4033,4034,5,b
3,3530,3907,3908,6,xor
3,3531,2731,2732,2,not_implies
3,3532,2346,2347,6,xor
3,3533,3589,3590,8,not_or
3,3534,4044,4045,5,b
3,3535,728,729,3,a
3,3536,1998,1999,10,not_b
3,3537,97,98,11,implied_by
3,3538,920,921,2,not_implies
3,3539,5197,5198,7,or
3,3540,380,381,3,a
3,3541,1663,1664,14,not_and
3,3542,5746,5747,11,implied_by
3,3543,5414,5415,3,a
3,3544,1227,1228,11,implied_by
3,3545,670,671,13,implies
3,3546,3567,3568,2,not_implies
3,3547,1803,1804,5,b
3,3548,2101,2102,10,not_b
3,3549,4766,4767,10,not_b
3,3550,1322,1323,3,a
3,3551,508,509,8,not_or
3,3552,5539,5540,3,a
3,3553,2594,2595,9,not_xor
3,3554,4318,4319,14,not_and
3,3555,5574,5575,8,not_or
3,3556,2056,2057,13,implies
3,3557,2721,2722,6,xor
3,3558,2654,2655,2,not_implies
3,3559,4430,4431,3,a
3,3560,3013,3014,7,or
3,3561,3231,3232,14,not_and
3,3562,3519,3520,5,b
3,3563,5242,5243,13,implies
3,3564,5915,5916,12,not_a
3,3565,3284,3285,3,a
3,3566,1349,1350,12,not_a
3,3567,1374,1375,9,not_xor
3,3568,3776,3777,12,not_a
3,3569,913,914,6,xor
3,3570,3672,3673,14,not_and
3,3571,513,514,8,not_or
3,3572,2840,2841,12,not_a
3,3573,3843,3844,12,not_a
3,3574,244,245,3,a
3,3575,663,664,2,not_implies
3,3576,5946,5947,3,a
3,3577,2790,2791,9,not_xor
3,3578,4944,4945,2,not_implies
3,3579,3801,3802,1,and
3,3580,5984,5985,8,not_or
3,3581,5478,5479,4,not_implied_by
3,3582,4550,4551,8,not_or
3,3583,3392,3393,4,not_implied_by
3,3584,1456,1457,12,not_a
3,3585,4359,4360,9,not_xor
3,3586,4448,4449,9,not_xor
3,3587,1843,1844,8,not_or
3,3588,2676,2677,6,xor
3,3589,4667,4668,13,implies
3,3590,2737,2738,10,not_b
3,3591,4381,4382,14,not_and
3,3592,1083,1084,2,not_implies
3,3593,2396,2397,11,implied_by
3,3594,3251,3252,2,not_implies
3,3595,841,842,8,not_or
3,3596,5727,5728,13,implies
3,3597,3859,3860,8,not_or
3,3598,2520,2521,9,not_xor
3,3599,1640,1641,13,implies
3,3600,2095,2096,14,not_and
3,3601,5922,5923,6,xor
3,3602,2547,2548,8,not_or
3,3603,251,252,6,xor
3,3604,5081,5082,5,b
3,3605,4962,4963,11,implied_by
3,3606,826,827,1,and
3,3607,3507,3508,11,implied_by
3,3608,4737,4738,3,a
3,3609,4576,4577,6,xor
3,3610,3341,3342,9,not_xor
3,3611,3983,3984,12,not_a
3,3612,2750,2751,11,implied_by
3,3613,4424,4425,4,not_implied_by
3,3614,4401,4402,12,not_a
3,3615,1256,1257,5,b
3,3616,3992,3993,8,not_or
3,3617,143,144,6,xor
3,3618,839,840,7,or
3,3619,3047,3048,3,a
3,3620,624,625,3,a
3,3621,2598,2599,11,implied_by
3,3622,1160,1161,3,a
3,3623,2410,2411,10,not_b
3,3624,5019,5020,7,or
3,3625,755,756,9,not_xor
3,3626,4757,4758,6,xor
3,3627,5877,5878,6,xor
3,3628,922,923,4,not_implied_by
3,3629,47,48,13,implies
3,3630,1300,1301,3,a
3,3631,2804,2805,10,not_b
3,3632,5145,5146,12,not_a
3,3633,4298,4299,3,a
3,3634,4820,4821,5,b
3,3635,3790,3791,4,not_implied_by
3,3636,4292,4293,12,not_a
3,3637,5803,5804,5,b
3,3638,3905,3906,6,xor
3,3639,1774,1775,9,not_xor
3,3640,3972,3973,8,not_or
3,3641,4758,4759,4,not_implied_by
3,3642,5231,5232,4,not_implied_by
3,3643,4516,4517,12,not_a
3,3644,3077,3078,4,not_implied_by
3,3645,1479,1480,14,not_and
3,3646,2634,2635,5,b
3,3647,1904,1905,14,not_and
3,3648,1612,1613,6,xor
3,3649,92,93,8,not_or
3,3650,4200,4201,11,implied_by
3,3651,4635,4636,4,not_implied_by
3,3652,4145,4146,5,b
3,3653,2119,2120,3,a
3,3654,3080,3081,6,xor
3,3655,3930,3931,11,implied_by
3,3656,2753,2754,10,not_b
3,3657,4117,4118,7,or
3,3658,259,260,3,a
3,3659,491,492,5,b
3,3660,1794,1795,9,not_xor
3,3661,4453,4454,3,a
3,3662,3197,3198,6,xor
3,3663,5086,5087,11,implied_by
3,3664,2173,2174,14,not_and
3,3665,2333,2334,5,b
3,3666,4206,4207,5,b
3,3667,5659,5660,9,not_xor
3,3668,5031,5032,11,implied_by
3,3669,4165,4166,1,and
3,3670,1798,1799,6,xor
3,3671,1530,1531,8,not_or
3,3672,1664,1665,10,not_b
3,3673,3586,3587,10,not_b
3,3674,1887,1888,13,implies
3,3675,3063,3064,6,xor
3,3676,2094,2095,9,not_xor
3,3677,689,690,6,xor
3,3678,3956,3957,4,not_implied_by
3,3679,5875,5876,3,a
3,3680,3164,3165,10,not_b
3,3681,2763,2764,9,not_xor
3,3682,1630,1631,11,implied_by
3,3683,4151,4152,13,implies
3,3684,1303,1304,9,not_xor
3,3685,2833,2834,8,not_or
3,3686,4075,4076,9,not_xor
3,3687,3914,3915,3,a
3,3688,2003,2004,9,not_xor
3,3689,3487,3488,3,a
3,3690,1190,1191,3,a
3,3691,5742,5743,9,not_xor
3,3692,2276,2277,11,implied_by
3,3693,2397,2398,5,b
3,3694,1654,1655,6,xor
3,3695,3623,3624,1,and
3,3696,2211,2212,3,a
3,3697,5029,5030,8,not_or
3,3698,5869,5870,15,one
3,3699,4586,4587,10,not_b
3,3700,5208,5209,9,not_xor
3,3701,2751,2752,12,not_a
3,3702,707,708,13,implies
3,3703,2058,2059,2,not_implies
3,3704,1698,1699,3,a
3,3705,2169,2170,13,implies
3,3706,4302,4303,8,not_or
3,3707,971,972,4,not_implied_by
3,3708,1098,1099,8,not_or
3,3709,2562,2563,1,and
3,3710,884,885,10,not_b
3,3711,4467,4468,9,not_xor
3,3712,2310,2311,3,a
3,3713,3831,3832,6,xor
3,3714,1576,1577,14,not_and
3,3715,2478,2479,3,a
3,3716,1531,1532,5,b
3,3717,1769,1770,5,b
3,3718,402,403,12,not_a
3,3719,4194,4195,6,xor
3,3720,5670,5671,12,not_a
3,3721,4260,4261,4,not_implied_by
3,3722,2181,2182,5,b
3,3723,4819,4820,3,a
3,3724,386,387,10,not_b
3,3725,5262,5263,7,or
3,3726,3763,3764,7,or
3,3727,2603,2604,6,xor
3,3728,5733,5734,7,or
3,3729,3633,3634,5,b
3,3730,872,873,11,implied_by
3,3731,5606,5607,12,not_a
3,3732,392,393,14,not_and
3,3733,5023,5024,4,not_implied_by
3,3734,3713,3714,10,not_b
3,3735,4355,4356,9,not_xor
3,3736,880,881,9,not_xor
3,3737,1211,1212,8,not_or
3,3738,2990,2991,3,a
3,3739,1325,1326,14,not_and
3,3740,272,273,11,implied_by
3,3741,4177,4178,2,not_implies
3,3742,4729,4730,5,b
3,3743,5037,5038,4,not_implied_by
3,3744,595,596,13,implies
3,3745,3365,3366,14,not_and
3,3746,3102,3103,1,and
3,3747,190,191,5,b
3,3748,4412,4413,12,not_a
3,3749,554,555,2,not_implies
3,3750,2135,2136,3,a
3,3751,269,270,9,not_xor
3,3752,4265,4266,3,a
3,3753,470,471,5,b
3,3754,2742,2743,6,xor
3,3755,1777,1778,9,not_xor
3,3756,5229,5230,3,a
3,3757,87,88,6,xor
3,3758,4582,4583,10,not_b
3,3759,1008,1009,10,not_b
3,3760,3935,3936,8,not_or
3,3761,2519,2520,15,one
3,3762,4112,4113,5,b
3,3763,5401,5402,8,not_or
3,3764,1055,1056,6,xor
3,3765,1164,1165,1,and
3,3766,1961,1962,14,not_and
3,3767,5897,5898,13,implies
3,3768,4888,4889,12,not_a
3,3769,2896,2897,5,b
3,3770,328,329,12,not_a
3,3771,1896,1897,3,a
3,3772,3501,3502,9,not_xor
3,3773,5232,5233,10,not_b
3,3774,4539,4540,6,xor
3,3775,5040,5041,5,b
3,3776,3338,3339,9,not_xor
3,3777,4870,4871,1,and
3,3778,3482,3483,5,b
3,3779,3238,3239,1,and
3,3780,4392,4393,7,or
3,3781,1040,1041,10,not_b
3,3782,593,594,8,not_or
3,3783,5317,5318,3,a
3,3784,3419,3420,1,and
3,3785,854,855,12,not_a
3,3786,5858,5859,8,not_or
3,3787,5451,5452,9,not_xor
3,3788,5725,5726,12,not_a
3,3789,786,787,11,implied_by
3,3790,1380,1381,13,implies
3,3791,3569,3570,11,implied_by
3,3792,5035,5036,10,not_b
3,3793,4753,4754,4,not_implied_by
3,3794,3449,3450,15,one
3,3795,5306,5307,8,not_or
3,3796,4417,4418,7,or
3,3797,1042,1043,3,a
3,3798,3466,3467,12,not_a
3,3799,722,723,13,implies
3,3800,236,237,11,implied_by
3,3801,2291,2292,12,not_a
3,3802,1933,1934,13,implies
3,3803,2810,2811,14,not_and
3,3804,1613,1614,14,not_and
3,3805,3326,3327,12,not_a
3,3806,3062,3063,10,not_b
3,3807,4612,4613,10,not_b
3,3808,5249,5250,10,not_b
3,3809,1866,1867,3,a
3,3810,52,53,2,not_implies
3,3811,73,74,11,implied_by
3,3812,1452,1453,1,and
3,3813,4461,4462,5,b
3,3814,1151,1152,11,implied_by
3,3815,3437,3438,10,not_b
3,3816,3283,3284,3,a
3,3817,4451,4452,12,not_a
3,3818,4897,4898,6,xor
3,3819,3122,3123,6,xor
3,3820,2011,2012,12,not_a
3,3821,4162,4163,13,implies
3,3822,1033,1034,12,not_a
3,3823,4426,4427,7,or
3,3824,4105,4106,11,implied_by
3,3825,815,816,5,b
3,3826,3705,3706,12,not_a
3,3827,1994,1995,1,and
3,3828,3506,3507,5,b
3,3829,4472,4473,6,xor
3,3830,254,255,6,xor
3,3831,4178,4179,13,implies
3,3832,4377,4378,5,b
3,3833,2072,2073,3,a
3,3834,367,368,8,not_or
3,3835,3174,3175,10,not_b
3,3836,266,267,15,one
3,3837,514,515,7,or
3,3838,2632,2633,2,not_implies
3,3839,4048,4049,3,a
3,3840,2518,2519,12,not_a
3,3841,4103,4104,11,implied_by
3,3842,4558,4559,14,not_and
3,3843,461,462,2,not_implies
3,3844,555,556,1,and
3,3845,4518,4519,13,implies
3,3846,449,450,12,not_a
3,3847,1153,1154,1,and
3,3848,2733,2734,12,not_a
3,3849,3791,3792,5,b
3,3850,4653,4654,7,or
3,3851,2243,2244,10,not_b
3,3852,1678,1679,11,implied_by
3,3853,975,976,8,not_or
3,3854,4529,4530,1,and
3,3855,5601,5602,3,a
3,3856,5913,5914,14,not_and
3,3857,3296,3297,8,not_or
3,3858,1632,1633,2,not_implies
3,3859,2048,2049,13,implies
3,3860,4928,4929,11,implied_by
3,3861,3262,3263,10,not_b
3,3862,994,995,1,and
3,3863,5102,5103,12,not_a
3,3864,5067,5068,8,not_or
3,3865,1206,1207,6,xor
3,3866,1207,1208,11,implied_by
3,3867,3851,3852,14,not_and
3,3868,1955,1956,12,not_a
3,3869,76,77,3,a
3,3870,5841,5842,12,not_a
3,3871,5692,5693,11,implied_by
3,3872,362,363,14,not_and
3,3873,2107,2108,13,implies
3,3874,3170,3171,1,and
3,3875,1964,1965,3,a
3,3876,3808,3809,13,implies
3,3877,2900,2901,12,not_a
3,3878,1081,1082,10,not_b
3,3879,2023,2024,11,implied_by
3,3880,1162,1163,7,or
3,3881,5974,5975,10,not_b
3,3882,2142,2143,13,implies
3,3883,797,798,2,not_implies
3,3884,3616,3617,9,not_xor
3,3885,4000,4001,5,b
3,3886,3883,3884,0,zero
3,3887,5986,5987,7,or
3,3888,5199,5200,14,not_and
3,3889,1799,1800,14,not_and
3,3890,2321,2322,7,or
3,3891,803,804,3,a
3,3892,1430,1431,8,not_or
3,3893,219,220,12,not_a
3,3894,1047,1048,10,not_b
3,3895,1562,1563,4,not_implied_by
3,3896,5944,5945,14,not_and
3,3897,7,8,1,and
3,3898,1848,1849,12,not_a
3,3899,3425,3426,6,xor
3,3900,5189,5190,5,b
3,3901,5752,5753,1,and
3,3902,2901,2902,11,implied_by
3,3903,537,538,5,b
3,3904,4787,4788,0,zero
3,3905,4045,4046,12,not_a
3,3906,240,241,0,zero
3,3907,2627,2628,8,not_or
3,3908,3415,3416,14,not_and
3,3909,2192,2193,6,xor
3,3910,5418,5419,9,not_xor
3,3911,4661,4662,13,implies
3,3912,3528,3529,14,not_and
3,3913,1480,1481,12,not_a
3,3914,4823,4824,12,not_a
3,3915,2938,2939,5,b
3,3916,2829,2830,4,not_implied_by
3,3917,3772,3773,0,zero
3,3918,3879,3880,10,not_b
3,3919,2215,2216,6,xor
3,3920,2794,2795,2,not_implies
3,3921,455,456,7,or
3,3922,4447,4448,12,not_a
3,3923,3337,3338,7,or
3,3924,5857,5858,2,not_implies
3,3925,5843,5844,10,not_b
3,3926,3340,3341,8,not_or
3,3927,2499,2500,3,a
3,3928,3548,3549,12,not_a
3,3929,809,810,12,not_a
3,3930,4320,4321,1,and
3,3931,123,124,9,not_xor
3,3932,1039,1040,13,implies
3,3933,4396,4397,1,and
3,3934,3185,3186,5,b
3,3935,465,466,13,implies
3,3936,4181,4182,5,b
3,3937,560,561,14,not_and
3,3938,2889,2890,15,one
3,3939,1947,1948,10,not_b
3,3940,3028,3029,14,not_and
3,3941,495,496,9,not_xor
3,3942,3237,3238,2,not_implies
3,3943,5609,5610,2,not_implies
3,3944,5288,5289,13,implies
3,3945,1974,1975,6,xor
3,3946,3380,3381,1,and
3,3947,4477,4478,12,not_a
3,3948,4219,4220,7,or
3,3949,4350,4351,13,implies
3,3950,2451,2452,4,not_implied_by
3,3951,811,812,14,not_and
3,3952,568,569,9,not_xor
3,3953,3542,3543,5,b
3,3954,5516,5517,12,not_a
3,3955,1605,1606,7,or
3,3956,5062,5063,5,b
3,3957,4346,4347,13,implies
3,3958,5849,5850,13,implies
3,3959,2617,2618,3,a
3,3960,1077,1078,7,or
3,3961,2739,2740,2,not_implies
3,3962,279,280,8,not_or
3,3963,5547,5548,14,not_and
3,3964,1287,1288,4,not_implied_by
3,3965,54,55,6,xor
3,3966,3514,3515,6,xor
3,3967,2099,2100,9,not_xor
3,3968,2781,2782,10,not_b
3,3969,4032,4033,12,not_a
3,3970,748,749,3,a
3,3971,5679,5680,15,one
3,3972,5266,5267,1,and
3,3973,1854,1855,12,not_a
3,3974,4553,4554,5,b
3,3975,4584,4585,2,not_implies
3,3976,925,926,3,a
3,3977,705,706,11,implied_by
3,3978,4598,4599,6,xor
3,3979,1102,1103,5,b
3,3980,612,613,8,not_or
3,3981,972,973,5,b
3,3982,2312,2313,10,not_b
3,3983,2564,2565,13,implies
3,3984,3362,3363,13,implies
3,3985,2213,2214,0,zero
3,3986,1629,1630,4,not_implied_by
3,3987,1589,1590,11,implied_by
3,3988,583,584,11,implied_by
3,3989,4771,4772,14,not_and
3,3990,5620,5621,6,xor
3,3991,2278,2279,3,a
3,3992,572,573,6,xor
3,3993,3634,3635,5,b
3,3994,3558,3559,8,not_or
3,3995,4677,4678,4,not_implied_by
3,3996,2398,2399,3,a
3,3997,2553,2554,1,and
3,3998,3385,3386,13,implies
3,3999,2028,2029,9,not_xor
3,4000,1511,1512,14,not_and
3,4001,1742,1743,5,b
3,4002,2619,2620,5,b
3,4003,2134,2135,1,and
3,4004,4669,4670,14,not_and
3,4005,4208,4209,9,not_xor
3,4006,3894,3895,10,not_b
3,4007,5217,5218,14,not_and
3,4008,2487,2488,5,b
3,4009,4089,4090,2,not_implies
3,4010,548,549,9,not_xor
3,4011,3948,3949,12,not_a
3,4012,4332,4333,8,not_or
3,4013,3088,3089,1,and
3,4014,89,90,12,not_a
3,4015,673,674,14,not_and
3,4016,209,210,3,a
3,4017,4301,4302,8,not_or
3,4018,1462,1463,3,a
3,4019,3581,3582,7,or
3,4020,828,829,4,not_implied_by
3,4021,3807,3808,7,or
3,4022,3596,3597,4,not_implied_by
3,4023,2979,2980,7,or
3,4024,119,120,8,not_or
3,4025,2555,2556,2,not_implies
3,4026,2967,2968,15,one
3,4027,1015,1016,1,and
3,4028,122,123,14,not_and
3,4029,3275,3276,10,not_b
3,4030,5119,5120,6,xor
3,4031,2133,2134,10,not_b
3,4032,2977,2978,8,not_or
3,4033,2308,2309,2,not_implies
3,4034,1830,1831,12,not_a
3,4035,3845,3846,13,implies
3,4036,1820,1821,3,a
3,4037,398,399,4,not_implied_by
3,4038,5587,5588,10,not_b
3,4039,4294,4295,12,not_a
3,4040,4004,4005,5,b
3,4041,5958,5959,1,and
3,4042,2687,2688,5,b
3,4043,2677,2678,11,implied_by
3,4044,1596,1597,14,not_and
3,4045,204,205,13,implies
3,4046,5801,5802,7,or
3,4047,4864,4865,12,not_a
3,4048,5559,5560,9,not_xor
3,4049,3199,3200,7,or
3,4050,4912,4913,12,not_a
3,4051,5545,5546,14,not_and
3,4052,3955,3956,2,not_implies
3,4053,9,10,14,not_and
3,4054,5743,5744,3,a
3,4055,5447,5448,8,not_or
3,4056,1242,1243,14,not_and
3,4057,5337,5338,8,not_or
3,4058,3759,3760,9,not_xor
3,4059,3379,3380,4,not_implied_by
3,4060,5111,5112,5,b
3,4061,2326,2327,6,xor
3,4062,5243,5244,10,not_b
3,4063,178,179,3,a
3,4064,3133,3134,5,b
3,4065,2071,2072,5,b
3,4066,29,30,14,not_and
3,4067,3511,3512,3,a
3,4068,4525,4526,4,not_implied_by
3,4069,2501,2502,10,not_b
3,4070,4230,4231,12,not_a
3,4071,5498,5499,3,a
3,4072,2091,2092,5,b
3,4073,2002,2003,12,not_a
3,4074,4444,4445,11,implied_by
3,4075,3248,3249,5,b
3,4076,2176,2177,5,b
3,4077,5260,5261,13,implies
3,4078,106,107,10,not_b
3,4079,1232,1233,13,implies
3,4080,4909,4910,9,not_xor
3,4081,3676,3677,5,b
3,4082,1490,1491,10,not_b
3,4083,2907,2908,10,not_b
3,4084,1510,1511,14,not_and
3,4085,403,404,12,not_a
3,4086,3495,3496,15,one
3,4087,1483,1484,5,b
3,4088,792,793,13,implies
3,4089,4454,4455,13,implies
3,4090,4336,4337,9,not_xor
3,4091,2587,2588,3,a
3,4092,4090,4091,11,implied_by
3,4093,3113,3114,2,not_implies
3,4094,5968,5969,5,b
3,4095,787,788,9,not_xor
3,4096,4099,4100,7,or
3,4097,4027,4028,6,xor
3,4098,1602,1603,1,and
3,4099,996,997,3,a
3,4100,1503,1504,4,not_implied_by
3,4101,3906,3907,2,not_implies
3,4102,1000,1001,2,not_implies
3,4103,2585,2586,12,not_a
3,4104,3025,3026,5,b
3,4105,1319,1320,5,b
3,4106,3440,3441,6,xor
3,4107,5479,5480,8,not_or
3,4108,4056,4057,5,b
3,4109,407,408,1,and
3,4110,2622,2623,6,xor
3,4111,1502,1503,7,or
3,4112,746,747,4,not_implied_by
3,4113,4474,4475,10,not_b
3,4114,3460,3461,9,not_xor
3,4115,1222,1223,1,and
3,4116,3810,3811,11,implied_by
3,4117,3944,3945,14,not_and
3,4118,2505,2506,10,not_b
3,4119,498,499,8,not_or
3,4120,3289,3290,5,b
3,4121,280,281,13,implies
3,4122,4920,4921,0,zero
3,4123,1567,1568,3,a
3,4124,4867,4868,5,b
3,4125,5971,5972,6,xor
3,4126,4464,4465,2,not_implies
3,4127,2815,2816,1,and
3,4128,1507,1508,5,b
3,4129,3143,3144,5,b
3,4130,4914,4915,5,b
3,4131,1025,1026,13,implies
3,4132,1984,1985,13,implies
3,4133,2174,2175,5,b
3,4134,1259,1260,8,not_or
3,4135,2013,2014,4,not_implied_by
3,4136,164,165,10,not_b
3,4137,1946,1947,7,or
3,4138,4372,4373,12,not_a
3,4139,1642,1643,12,not_a
3,4140,1956,1957,4,not_implied_by
3,4141,3651,3652,12,not_a
3,4142,2093,2094,6,xor
3,4143,5251,5252,14,not_and
3,4144,4391,4392,11,implied_by
3,4145,345,346,15,one
3,4146,5961,5962,13,implies
3,4147,551,552,2,not_implies
3,4148,2327,2328,1,and
3,4149,4120,4121,10,not_b
3,4150,3398,3399,10,not_b
3,4151,3403,3404,11,implied_by
3,4152,2199,2200,3,a
3,4153,4609,4610,0,zero
3,4154,2879,2880,9,not_xor
3,4155,239,240,7,or
3,4156,3820,3821,4,not_implied_by
3,4157,1736,1737,5,b
3,4158,3313,3314,12,not_a
3,4159,2004,2005,11,implied_by
3,4160,3989,3990,3,a
3,4161,2422,2423,3,a
3,4162,2959,2960,4,not_implied_by
3,4163,1783,1784,1,and
3,4164,5819,5820,14,not_and
3,4165,1443,1444,7,or
3,4166,5586,5587,14,not_and
3,4167,4740,4741,0,zero
3,4168,2854,2855,6,xor
3,4169,3708,3709,10,not_b
3,4170,4340,4341,9,not_xor
3,4171,4982,4983,12,not_a
3,4172,5140,5141,10,not_b
3,4173,5152,5153,7,or
3,4174,5546,5547,2,not_implies
3,4175,4199,4200,12,not_a
3,4176,4526,4527,3,a
3,4177,1030,1031,14,not_and
3,4178,2232,2233,10,not_b
3,4179,2084,2085,6,xor
3,4180,3863,3864,12,not_a
3,4181,3762,3763,3,a
3,4182,4049,4050,12,not_a
3,4183,2241,2242,10,not_b
3,4184,3190,3191,13,implies
3,4185,1522,1523,3,a
3,4186,4879,4880,11,implied_by
3,4187,2754,2755,1,and
3,4188,1173,1174,3,a
3,4189,1574,1575,0,zero
3,4190,2148,2149,9,not_xor
3,4191,2123,2124,3,a
3,4192,3780,3781,6,xor
3,4193,3908,3909,5,b
3,4194,2771,2772,1,and
3,4195,3532,3533,6,xor
3,4196,887,888,12,not_a
3,4197,3476,3477,13,implies
3,4198,4803,4804,14,not_and
3,4199,1011,1012,12,not_a
3,4200,2643,2644,14,not_and
3,4201,1338,1339,5,b
3,4202,5268,5269,11,implied_by
3,4203,1543,1544,12,not_a
3,4204,4413,4414,3,a
3,4205,4836,4837,6,xor
3,4206,3565,3566,8,not_or
3,4207,2253,2254,3,a
3,4208,2271,2272,12,not_a
3,4209,3046,3047,10,not_b
3,4210,4171,4172,2,not_implies
3,4211,3911,3912,12,not_a
3,4212,268,269,12,not_a
3,4213,799,800,3,a
3,4214,2926,2927,10,not_b
3,4215,1273,1274,5,b
3,4216,772,773,7,or
3,4217,3282,3283,1,and
3,4218,232,233,3,a
3,4219,5431,5432,9,not_xor
3,4220,2674,2675,5,b
3,4221,5006,5007,10,not_b
3,4222,4812,4813,14,not_and
3,4223,3024,3025,5,b
3,4224,5270,5271,3,a
3,4225,2193,2194,5,b
3,4226,2185,2186,4,not_implied_by
3,4227,3158,3159,11,implied_by
3,4228,558,559,5,b
3,4229,3977,3978,12,not_a
3,4230,4297,4298,11,implied_by
3,4231,1546,1547,11,implied_by
3,4232,5319,5320,6,xor
3,4233,1575,1576,1,and
3,4234,945,946,14,not_and
3,4235,1036,1037,5,b
3,4236,1775,1776,13,implies
3,4237,2212,2213,5,b
3,4238,5678,5679,7,or
3,4239,5183,5184,8,not_or
3,4240,1120,1121,3,a
3,4241,1051,1052,12,not_a
3,4242,4011,4012,4,not_implied_by
3,4243,5346,5347,4,not_implied_by
3,4244,2512,2513,12,not_a
3,4245,897,898,0,zero
3,4246,3368,3369,7,or
3,4247,385,386,1,and
3,4248,1867,1868,14,not_and
3,4249,697,698,8,not_or
3,4250,4211,4212,11,implied_by
3,4251,877,878,6,xor
3,4252,2925,2926,14,not_and
3,4253,1290,1291,1,and
3,4254,5250,5251,6,xor
3,4255,1662,1663,1,and
3,4256,3490,3491,13,implies
3,4257,5296,5297,5,b
3,4258,391,392,5,b
3,4259,2939,2940,12,not_a
3,4260,1925,1926,13,implies
3,4261,1563,1564,6,xor
3,4262,4471,4472,6,xor
3,4263,1697,1698,10,not_b
3,4264,5239,5240,8,not_or
3,4265,1809,1810,5,b
3,4266,175,176,3,a
3,4267,1339,1340,12,not_a
3,4268,5646,5647,5,b
3,4269,3515,3516,6,xor
3,4270,5854,5855,6,xor
3,4271,1886,1887,10,not_b
3,4272,3083,3084,5,b
3,4273,3391,3392,14,not_and
3,4274,4583,4584,7,or
3,4275,659,660,13,implies
3,4276,574,575,3,a
3,4277,5097,5098,13,implies
3,4278,3928,3929,6,xor
3,4279,3729,3730,14,not_and
3,4280,2756,2757,12,not_a
3,4281,3213,3214,11,implied_by
3,4282,4071,4072,6,xor
3,4283,3842,3843,5,b
3,4284,2045,2046,11,implied_by
3,4285,492,493,1,and
3,4286,2792,2793,8,not_or
3,4287,2264,2265,9,not_xor
3,4288,1869,1870,6,xor
3,4289,4299,4300,13,implies
3,4290,2018,2019,11,implied_by
3,4291,3813,3814,14,not_and
3,4292,5501,5502,11,implied_by
3,4293,1013,1014,11,implied_by
3,4294,191,192,10,not_b
3,4295,774,775,6,xor
3,4296,1541,1542,12,not_a
3,4297,404,405,8,not_or
3,4298,603,604,7,or
3,4299,4078,4079,5,b
3,4300,262,263,4,not_implied_by
3,4301,2566,2567,5,b
3,4302,2556,2557,4,not_implied_by
3,4303,2951,2952,3,a
3,4304,4761,4762,4,not_implied_by
3,4305,2747,2748,5,b
3,4306,5178,5179,12,not_a
3,4307,3156,3157,11,implied_by
3,4308,1521,1522,2,not_implies
3,4309,1608,1609,5,b
3,4310,3373,3374,11,implied_by
3,4311,3117,3118,3,a
3,4312,3608,3609,6,xor
3,4313,2349,2350,7,or
3,4314,1825,1826,13,implies
3,4315,1166,1167,1,and
3,4316,3209,3210,9,not_xor
3,4317,225,226,6,xor
3,4318,1262,1263,14,not_and
3,4319,3351,3352,4,not_implied_by
3,4320,1811,1812,9,not_xor
3,4321,5182,5183,5,b
3,4322,1651,1652,5,b
3,4323,3308,3309,12,not_a
3,4324,2485,2486,4,not_implied_by
3,4325,860,861,12,not_a
3,4326,5767,5768,9,not_xor
3,4327,5845,5846,8,not_or
3,4328,5134,5135,7,or
3,4329,2569,2570,12,not_a
3,4330,5438,5439,11,implied_by
3,4331,301,302,9,not_xor
3,4332,4128,4129,2,not_implies
3,4333,2147,2148,14,not_and
3,4334,1725,1726,14,not_and
3,4335,3994,3995,12,not_a
3,4336,3138,3139,7,or
3,4337,618,619,3,a
3,4338,3120,3121,3,a
3,4339,2159,2160,3,a
3,4340,594,595,5,b
3,4341,1245,1246,3,a
3,4342,5822,5823,3,a
3,4343,3389,3390,1,and
3,4344,2009,2010,8,not_or
3,4345,405,406,14,not_and
3,4346,2729,2730,11,implied_by
3,4347,4885,4886,5,b
3,4348,4327,4328,5,b
3,4349,3229,3230,10,not_b
3,4350,2719,2720,1,and
3,4351,739,740,1,and
3,4352,1353,1354,8,not_or
3,4353,5710,5711,10,not_b
3,4354,3079,3080,12,not_a
3,4355,1793,1794,13,implies
3,4356,3728,3729,12,not_a
3,4357,3631,3632,9,not_xor
3,4358,1702,1703,10,not_b
3,4359,1416,1417,9,not_xor
3,4360,2322,2323,10,not_b
3,4361,5861,5862,13,implies
3,4362,1224,1225,1,and
3,4363,2425,2426,12,not_a
3,4364,2873,2874,11,implied_by
3,4365,3900,3901,12,not_a
3,4366,2888,2889,1,and
3,4367,5109,5110,7,or
3,4368,4979,4980,1,and
3,4369,4137,4138,9,not_xor
3,4370,2712,2713,13,implies
3,4371,3625,3626,14,not_and
3,4372,3098,3099,8,not_or
3,4373,456,457,10,not_b
3,4374,2017,2018,2,not_implies
3,4375,3186,3187,3,a
3,4376,5363,5364,11,implied_by
3,4377,220,221,8,not_or
3,4378,2550,2551,10,not_b
3,4379,1199,1200,7,or
3,4380,4523,4524,9,not_xor
3,4381,869,870,4,not_implied_by
3,4382,1122,1123,6,xor
3,4383,3873,3874,8,not_or
3,4384,2908,2909,1,and
3,4385,4573,4574,9,not_xor
3,4386,5949,5950,3,a
3,4387,4106,4107,9,not_xor
3,4388,5203,5204,5,b
3,4389,932,933,10,not_b
3,4390,2646,2647,14,not_and
3,4391,2890,2891,7,or
3,4392,2872,2873,12,not_a
3,4393,2709,2710,6,xor
3,4394,754,755,2,not_implies
3,4395,5432,5433,2,not_implies
3,4396,359,360,9,not_xor
3,4397,1340,1341,3,a
3,4398,521,522,5,b
3,4399,4306,4307,14,not_and
3,4400,15,16,8,not_or
3,4401,3193,3194,6,xor
3,4402,3573,3574,10,not_b
3,4403,4519,4520,9,not_xor
3,4404,738,739,10,not_b
3,4405,1230,1231,14,not_and
3,4406,3579,3580,1,and
3,4407,183,184,3,a
3,4408,3505,3506,9,not_xor
3,4409,3607,3608,3,a
3,4410,4268,4269,9,not_xor
3,4411,4286,4287,9,not_xor
3,4412,4599,4600,5,b
3,4413,3065,3066,6,xor
3,4414,3127,3128,15,one
3,4415,5258,5259,10,not_b
3,4416,2441,2442,13,implies
3,4417,5716,5717,5,b
3,4418,651,652,1,and
3,4419,1966,1967,9,not_xor
3,4420,488,489,1,and
3,4421,3688,3689,11,implied_by
3,4422,2710,2711,1,and
3,4423,5304,5305,8,not_or
3,4424,2446,2447,7,or
3,4425,5937,5938,13,implies
3,4426,5953,5954,3,a
3,4427,727,728,5,b
3,4428,3263,3264,14,not_and
3,4429,3609,3610,5,b
3,4430,276,277,11,implied_by
3,4431,5903,5904,14,not_and
3,4432,446,447,10,not_b
3,4433,5390,5391,6,xor
3,4434,4131,4132,6,xor
3,4435,5468,5469,13,implies
3,4436,2036,2037,14,not_and
3,4437,5372,5373,1,and
3,4438,4051,4052,10,not_b
3,4439,1518,1519,2,not_implies
3,4440,3344,3345,9,not_xor
3,4441,2151,2152,5,b
3,4442,5847,5848,7,or
3,4443,3236,3237,4,not_implied_by
3,4444,4404,4405,2,not_implies
3,4445,4657,4658,5,b
3,4446,3678,3679,5,b
3,4447,435,436,14,not_and
3,4448,1264,1265,12,not_a
3,4449,1100,1101,4,not_implied_by
3,4450,2180,2181,12,not_a
3,4451,2239,2240,10,not_b
3,4452,1424,1425,12,not_a
3,4453,763,764,10,not_b
3,4454,103,104,11,implied_by
3,4455,3040,3041,10,not_b
3,4456,5627,5628,9,not_xor
3,4457,2738,2739,14,not_and
3,4458,1364,1365,5,b
3,4459,3370,3371,10,not_b
3,4460,3723,3724,12,not_a
3,4461,3299,3300,2,not_implies
3,4462,2010,2011,13,implies
3,4463,3265,3266,6,xor
3,4464,1254,1255,5,b
3,4465,5744,5745,6,xor
3,4466,5246,5247,12,not_a
3,4467,3384,3385,4,not_implied_by
3,4468,5013,5014,9,not_xor
3,4469,4973,4974,2,not_implies
3,4470,5332,5333,13,implies
3,4471,871,872,6,xor
3,4472,4188,4189,3,a
3,4473,4353,4354,3,a
3,4474,4357,4358,5,b
3,4475,2231,2232,12,not_a
3,4476,5133,5134,1,and
3,4477,4163,4164,7,or
3,4478,5918,5919,12,not_a
3,4479,1177,1178,12,not_a
3,4480,3901,3902,12,not_a
3,4481,858,859,1,and
3,4482,2669,2670,7,or
3,4483,927,928,14,not_and
3,4484,2784,2785,2,not_implies
3,4485,2419,2420,12,not_a
3,4486,4196,4197,6,xor
3,4487,617,618,9,not_xor
3,4488,2772,2773,7,or
3,4489,3297,3298,7,or
3,4490,327,328,6,xor
3,4491,4042,4043,12,not_a
3,4492,4460,4461,14,not_and
3,4493,3697,3698,14,not_and
3,4494,4153,4154,5,b
3,4495,438,439,2,not_implies
3,4496,2723,2724,9,not_xor
3,4497,2836,2837,7,or
3,4498,910,911,9,not_xor
3,4499,2168,2169,6,xor
3,4500,1756,1757,1,and
3,4501,2800,2801,9,not_xor
3,4502,2027,2028,6,xor
3,4503,2849,2850,10,not_b
3,4504,3485,3486,9,not_xor
3,4505,133,134,8,not_or
3,4506,3817,3818,11,implied_by
3,4507,3253,3254,7,or
3,4508,1912,1913,4,not_implied_by
3,4509,3642,3643,8,not_or
3,4510,674,675,4,not_implied_by
3,4511,1669,1670,5,b
3,4512,5576,5577,5,b
3,4513,1916,1917,1,and
3,4514,2928,2929,3,a
3,4515,5378,5379,0,zero
3,4516,4394,4395,12,not_a
3,4517,1735,1736,8,not_or
3,4518,1763,1764,6,xor
3,4519,298,299,12,not_a
3,4520,4894,4895,7,or
3,4521,4793,4794,13,implies
3,4522,1113,1114,14,not_and
3,4523,5802,5803,13,implies
3,4524,3881,3882,1,and
3,4525,4121,4122,5,b
3,4526,464,465,9,not_xor
3,4527,1727,1728,9,not_xor
3,4528,4685,4686,12,not_a
3,4529,3477,3478,13,implies
3,4530,3276,3277,2,not_implies
3,4531,3938,3939,8,not_or
3,4532,1486,1487,9,not_xor
3,4533,943,944,11,implied_by
3,4534,4967,4968,12,not_a
3,4535,2141,2142,5,b
3,4536,1223,1224,1,and
3,4537,3615,3616,8,not_or
3,4538,454,455,12,not_a
3,4539,2480,2481,8,not_or
3,4540,4620,4621,14,not_and
3,4541,2773,2774,12,not_a
3,4542,1772,1773,13,implies
3,4543,5885,5886,7,or
3,4544,3959,3960,13,implies
3,4545,5653,5654,1,and
3,4546,1421,1422,11,implied_by
3,4547,4883,4884,10,not_b
3,4548,615,616,6,xor
3,4549,304,305,9,not_xor
3,4550,4281,4282,11,implied_by
3,4551,1159,1160,10,not_b
3,4552,1500,1501,12,not_a
3,4553,789,790,5,b
3,4554,5361,5362,3,a
3,4555,5817,5818,7,or
3,4556,2182,2183,4,not_implied_by
3,4557,3862,3863,10,not_b
3,4558,2793,2794,3,a
3,4559,5842,5843,6,xor
3,4560,2108,2109,14,not_and
3,4561,2039,2040,1,and
3,4562,2403,2404,13,implies
3,4563,5770,5771,6,xor
3,4564,2307,2308,4,not_implied_by
3,4565,3454,3455,9,not_xor
3,4566,2448,2449,8,not_or
3,4567,1753,1754,15,one
3,4568,3178,3179,6,xor
3,4569,5278,5279,13,implies
3,4570,3350,3351,13,implies
3,4571,5637,5638,13,implies
3,4572,917,918,6,xor
3,4573,4831,4832,13,implies
3,4574,3954,3955,3,a
3,4575,4524,4525,2,not_implies
3,4576,1233,1234,10,not_b
3,4577,2055,2056,14,not_and
3,4578,1892,1893,11,implied_by
3,4579,3731,3732,2,not_implies
3,4580,2500,2501,8,not_or
3,4581,1780,1781,9,not_xor
3,4582,3434,3435,9,not_xor
3,4583,3078,3079,14,not_and
3,4584,5011,5012,3,a
3,4585,421,422,1,and
3,4586,1776,1777,2,not_implies
3,4587,2911,2912,13,implies
3,4588,5636,5637,10,not_b
3,4589,4028,4029,2,not_implies
3,4590,4951,4952,12,not_a
3,4591,1965,1966,5,b
3,4592,3366,3367,12,not_a
3,4593,5255,5256,12,not_a
3,4594,2303,2304,9,not_xor
3,4595,2121,2122,8,not_or
3,4596,3787,3788,2,not_implies
3,4597,5055,5056,10,not_b
3,4598,4185,4186,5,b
3,4599,1140,1141,2,not_implies
3,4600,3043,3044,3,a
3,4601,538,539,10,not_b
3,4602,5344,5345,5,b
3,4603,1915,1916,8,not_or
3,4604,847,848,9,not_xor
3,4605,1005,1006,12,not_a
3,4606,3166,3167,6,xor
3,4607,5309,5310,3,a
3,4608,5192,5193,5,b
3,4609,5282,5283,5,b
3,4610,549,550,10,not_b
3,4611,773,774,12,not_a
3,4612,1363,1364,7,or
3,4613,3339,3340,9,not_xor
3,4614,5310,5311,3,a
3,4615,1115,1116,9,not_xor
3,4616,2315,2316,1,and
3,4617,2835,2836,7,or
3,4618,2509,2510,5,b
3,4619,2129,2130,12,not_a
3,4620,3557,3558,14,not_and
3,4621,2671,2672,12,not_a
3,4622,3172,3173,4,not_implied_by
3,4623,5465,5466,15,one
3,4624,2797,2798,8,not_or
3,4625,1343,1344,10,not_b
3,4626,223,224,11,implied_by
3,4627,2706,2707,6,xor
3,4628,4017,4018,10,not_b
3,4629,4183,4184,12,not_a
3,4630,2592,2593,15,one
3,4631,1935,1936,7,or
3,4632,3187,3188,7,or
3,4633,1328,1329,1,and
3,4634,5020,5021,3,a
3,4635,4063,4064,7,or
3,4636,472,473,8,not_or
3,4637,4041,4042,14,not_and
3,4638,2267,2268,14,not_and
3,4639,4213,4214,1,and
3,4640,5287,5288,3,a
3,4641,876,877,12,not_a
3,4642,433,434,12,not_a
3,4643,2942,2943,3,a
3,4644,607,608,3,a
3,4645,2621,2622,4,not_implied_by
3,4646,3755,3756,1,and
3,4647,1891,1892,11,implied_by
3,4648,4581,4582,10,not_b
3,4649,2575,2576,1,and
3,4650,832,833,3,a
3,4651,355,356,3,a
3,4652,1003,1004,3,a
3,4653,4789,4790,5,b
3,4654,1677,1678,6,xor
3,4655,2577,2578,10,not_b
3,4656,5621,5622,14,not_and
3,4657,2482,2483,14,not_and
3,4658,3119,3120,1,and
3,4659,1836,1837,13,implies
3,4660,4645,4646,4,not_implied_by
3,4661,3319,3320,6,xor
3,4662,5687,5688,5,b
3,4663,1520,1521,14,not_and
3,4664,2806,2807,5,b
3,4665,637,638,8,not_or
3,4666,5220,5221,13,implies
3,4667,3056,3057,11,implied_by
3,4668,3803,3804,5,b
3,4669,4146,4147,13,implies
3,4670,3742,3743,1,and
3,4671,4191,4192,2,not_implies
3,4672,3267,3268,2,not_implies
3,4673,440,441,3,a
3,4674,4564,4565,4,not_implied_by
3,4675,4157,4158,2,not_implies
3,4676,25,26,0,zero
3,4677,3995,3996,5,b
3,4678,3201,3202,7,or
3,4679,698,699,6,xor
3,4680,5079,5080,7,or
3,4681,671,672,9,not_xor
3,4682,1701,1702,1,and
3,4683,434,435,6,xor
3,4684,61,62,11,implied_by
3,4685,4536,4537,2,not_implies
3,4686,5548,5549,8,not_or
3,4687,4868,4869,2,not_implies
3,4688,4681,4682,6,xor
3,4689,2513,2514,10,not_b
3,4690,5635,5636,2,not_implies
3,4691,5757,5758,4,not_implied_by
3,4692,3590,3591,5,b
3,4693,2143,2144,5,b
3,4694,1007,1008,9,not_xor
3,4695,4718,4719,1,and
3,4696,5283,5284,12,not_a
3,4697,5723,5724,11,implied_by
3,4698,3531,3532,10,not_b
3,4699,3978,3979,5,b
3,4700,5660,5661,6,xor
3,4701,4155,4156,8,not_or
3,4702,4834,4835,4,not_implied_by
3,4703,5289,5290,3,a
3,4704,1391,1392,6,xor
3,4705,3570,3571,3,a
3,4706,1822,1823,1,and
3,4707,2376,2377,3,a
3,4708,5339,5340,2,not_implies
3,4709,1142,1143,9,not_xor
3,4710,5379,5380,11,implied_by
3,4711,1668,1669,10,not_b
3,4712,4210,4211,8,not_or
3,4713,4862,4863,2,not_implies
3,4714,2469,2470,10,not_b
3,4715,1213,1214,13,implies
3,4716,1875,1876,5,b
3,4717,3748,3749,10,not_b
3,4718,2175,2176,6,xor
3,4719,5436,5437,13,implies
3,4720,4087,4088,12,not_a
3,4721,3334,3335,5,b
3,4722,2642,2643,9,not_xor
3,4723,4552,4553,3,a
3,4724,3111,3112,0,zero
3,4725,1722,1723,4,not_implied_by
3,4726,3125,3126,7,or
3,4727,3593,3594,4,not_implied_by
3,4728,5941,5942,12,not_a
3,4729,1625,1626,6,xor
3,4730,1926,1927,8,not_or
3,4731,2144,2145,14,not_and
3,4732,1131,1132,3,a
3,4733,5836,5837,3,a
3,4734,132,133,9,not_xor
3,4735,1275,1276,2,not_implies
3,4736,668,669,10,not_b
3,4737,116,117,1,and
3,4738,3641,3642,7,or
3,4739,4037,4038,13,implies
3,4740,898,899,8,not_or
3,4741,519,520,1,and
3,4742,1894,1895,13,implies
3,4743,4160,4161,8,not_or
3,4744,1695,1696,10,not_b
3,4745,1001,1002,5,b
3,4746,2041,2042,1,and
3,4747,1545,1546,8,not_or
3,4748,3856,3857,12,not_a
3,4749,334,335,7,or
3,4750,2923,2924,6,xor
3,4751,3561,3562,10,not_b
3,4752,3612,3613,8,not_or
3,4753,4129,4130,6,xor
3,4754,5794,5795,4,not_implied_by
3,4755,4662,4663,6,xor
3,4756,4399,4400,11,implied_by
3,4757,5373,5374,5,b
3,4758,5673,5674,3,a
3,4759,2924,2925,8,not_or
3,4760,5142,5143,14,not_and
3,4761,5865,5866,9,not_xor
3,4762,5906,5907,10,not_b
3,4763,5273,5274,1,and
3,4764,2579,2580,4,not_implied_by
3,4765,2098,2099,5,b
3,4766,4515,4516,5,b
3,4767,5312,5313,6,xor
3,4768,5127,5128,7,or
3,4769,59,60,2,not_implies
3,4770,3416,3417,13,implies
3,4771,1186,1187,4,not_implied_by
3,4772,2799,2800,8,not_or
3,4773,3386,3387,3,a
3,4774,2543,2544,12,not_a
3,4775,233,234,3,a
3,4776,4917,4918,6,xor
3,4777,2694,2695,9,not_xor
3,4778,5840,5841,13,implies
3,4779,3250,3251,5,b
3,4780,3168,3169,6,xor
3,4781,55,56,8,not_or
3,4782,818,819,10,not_b
3,4783,4688,4689,10,not_b
3,4784,1528,1529,9,not_xor
3,4785,1996,1997,12,not_a
3,4786,4248,4249,12,not_a
3,4787,3039,3040,7,or
3,4788,2596,2597,8,not_or
3,4789,3130,3131,4,not_implied_by
3,4790,5788,5789,9,not_xor
3,4791,982,983,11,implied_by
3,4792,4380,4381,8,not_or
3,4793,4173,4174,1,and
3,4794,5898,5899,3,a
3,4795,3411,3412,5,b
3,4796,566,567,13,implies
3,4797,4703,4704,6,xor
3,4798,471,472,6,xor
3,4799,3210,3211,5,b
3,4800,3554,3555,3,a
3,4801,4857,4858,13,implies
3,4802,197,198,4,not_implied_by
3,4803,3571,3572,14,not_and
3,4804,931,932,15,one
3,4805,2273,2274,2,not_implies
3,4806,3924,3925,4,not_implied_by
3,4807,5866,5867,13,implies
3,4808,1785,1786,11,implied_by
3,4809,4343,4344,11,implied_by
3,4810,5818,5819,11,implied_by
3,4811,5807,5808,4,not_implied_by
3,4812,5655,5656,10,not_b
3,4813,1284,1285,13,implies
3,4814,4842,4843,5,b
3,4815,5096,5097,13,implies
3,4816,0,2,9,not_xor
3,4817,5256,5257,12,not_a
3,4818,3547,3548,7,or
3,4819,2442,2443,14,not_and
3,4820,2801,2802,6,xor
3,4821,3228,3229,10,not_b
3,4822,4432,4433,4,not_implied_by
3,4823,1032,1033,14,not_and
3,4824,2736,2737,4,not_implied_by
3,4825,4728,4729,6,xor
3,4826,427,428,2,not_implies
3,4827,4975,4976,12,not_a
3,4828,3450,3451,2,not_implies
3,4829,1197,1198,5,b
3,4830,3136,3137,3,a
3,4831,2557,2558,12,not_a
3,4832,5607,5608,7,or
3,4833,1554,1555,6,xor
3,4834,1369,1370,9,not_xor
3,4835,2457,2458,7,or
3,4836,315,316,9,not_xor
3,4837,5410,5411,14,not_and
3,4838,2355,2356,9,not_xor
3,4839,91,92,11,implied_by
3,4840,3041,3042,3,a
3,4841,2639,2640,4,not_implied_by
3,4842,3991,3992,5,b
3,4843,4510,4511,5,b
3,4844,3840,3841,12,not_a
3,4845,2572,2573,12,not_a
3,4846,3604,3605,12,not_a
3,4847,4257,4258,12,not_a
3,4848,3171,3172,14,not_and
3,4849,5950,5951,4,not_implied_by
3,4850,5090,5091,10,not_b
3,4851,756,757,2,not_implies
3,4852,962,963,8,not_or
3,4853,661,662,1,and
3,4854,4668,4669,13,implies
3,4855,3288,3289,11,implied_by
3,4856,5482,5483,11,implied_by
3,4857,794,795,11,implied_by
3,4858,419,420,9,not_xor
3,4859,2497,2498,4,not_implied_by
3,4860,1706,1707,13,implies
3,4861,331,332,12,not_a
3,4862,1682,1683,7,or
3,4863,5132,5133,3,a
3,4864,4748,4749,8,not_or
3,4865,1355,1356,7,or
3,4866,5856,5857,6,xor
3,4867,5879,5880,3,a
3,4868,2014,2015,1,and
3,4869,1732,1733,1,and
3,4870,1371,1372,2,not_implies
3,4871,3006,3007,2,not_implies
3,4872,3207,3208,11,implied_by
3,4873,3529,3530,10,not_b
3,4874,309,310,1,and
3,4875,1221,1222,5,b
3,4876,2999,3000,8,not_or
3,4877,3782,3783,14,not_and
3,4878,3137,3138,4,not_implied_by
3,4879,1313,1314,12,not_a
3,4880,5211,5212,12,not_a
3,4881,1911,1912,8,not_or
3,4882,1893,1894,3,a
3,4883,5681,5682,5,b
3,4884,5308,5309,12,not_a
3,4885,2443,2444,12,not_a
3,4886,5406,5407,2,not_implies
3,4887,2475,2476,5,b
3,4888,1699,1700,2,not_implies
3,4889,201,202,12,not_a
3,4890,2038,2039,11,implied_by
3,4891,700,701,2,not_implies
3,4892,3071,3072,13,implies
3,4893,4533,4534,6,xor
3,4894,3947,3948,9,not_xor
3,4895,1700,1701,8,not_or
3,4896,5581,5582,13,implies
3,4897,4098,4099,13,implies
3,4898,1525,1526,3,a
3,4899,2388,2389,2,not_implies
3,4900,3382,3383,6,xor
3,4901,4127,4128,7,or
3,4902,1324,1325,8,not_or
3,4903,3459,3460,3,a
3,4904,4548,4549,12,not_a
3,4905,5731,5732,8,not_or
3,4906,1937,1938,2,not_implies
3,4907,5872,5873,7,or
3,4908,1189,1190,12,not_a
3,4909,874,875,12,not_a
3,4910,1954,1955,13,implies
3,4911,1002,1003,5,b
3,4912,2329,2330,4,not_implied_by
3,4913,2210,2211,10,not_b
3,4914,235,236,7,or
3,4915,210,211,2,not_implies
3,4916,1175,1176,8,not_or
3,4917,990,991,13,implies
3,4918,5426,5427,9,not_xor
3,4919,3662,3663,10,not_b
3,4920,483,484,15,one
3,4921,137,138,3,a
3,4922,2722,2723,3,a
3,4923,2595,2596,11,implied_by
3,4924,584,585,12,not_a
3,4925,2464,2465,12,not_a
3,4926,1163,1164,5,b
3,4927,5787,5788,11,implied_by
3,4928,820,821,11,implied_by
3,4929,4601,4602,4,not_implied_by
3,4930,4958,4959,8,not_or
3,4931,5912,5913,12,not_a
3,4932,4242,4243,11,implied_by
3,4933,743,744,13,implies
3,4934,4305,4306,12,not_a
3,4935,1973,1974,6,xor
3,4936,297,298,1,and
3,4937,2762,2763,5,b
3,4938,3611,3612,8,not_or
3,4939,3844,3845,2,not_implies
3,4940,2365,2366,5,b
3,4941,214,215,14,not_and
3,4942,2827,2828,10,not_b
3,4943,5314,5315,14,not_and
3,4944,1504,1505,14,not_and
3,4945,2675,2676,7,or
3,4946,5534,5535,4,not_implied_by
3,4947,599,600,12,not_a
3,4948,1762,1763,3,a
3,4949,5882,5883,6,xor
3,4950,1309,1310,6,xor
3,4951,4397,4398,11,implied_by
3,4952,1539,1540,9,not_xor
3,4953,5175,5176,15,one
3,4954,2832,2833,7,or
3,4955,1292,1293,2,not_implies
3,4956,41,42,9,not_xor
3,4957,4482,4483,12,not_a
3,4958,1136,1137,13,implies
3,4959,1016,1017,13,implies
3,4960,2369,2370,3,a
3,4961,4478,4479,4,not_implied_by
3,4962,4240,4241,2,not_implies
3,4963,4486,4487,11,implied_by
3,4964,3749,3750,5,b
3,4965,4484,4485,7,or
3,4966,2066,2067,10,not_b
3,4967,821,822,2,not_implies
3,4968,4589,4590,4,not_implied_by
3,4969,3552,3553,10,not_b
3,4970,1226,1227,2,not_implies
3,4971,1879,1880,7,or
3,4972,3258,3259,8,not_or
3,4973,4561,4562,8,not_or
3,4974,1564,1565,3,a
3,4975,4383,4384,8,not_or
3,4976,5121,5122,12,not_a
3,4977,1583,1584,3,a
3,4978,855,856,2,not_implies
3,4979,4774,4775,14,not_and
3,4980,4821,4822,3,a
3,4981,1824,1825,10,not_b
3,4982,5064,5065,13,implies
3,4983,4403,4404,3,a
3,4984,4756,4757,12,not_a
3,4985,5658,5659,6,xor
3,4986,4232,4233,0,zero
3,4987,3426,3427,14,not_and
3,4988,3674,3675,9,not_xor
3,4989,796,797,15,one
3,4990,2511,2512,12,not_a
3,4991,5263,5264,11,implied_by
3,4992,3888,3889,10,not_b
3,4993,5131,5132,14,not_and
3,4994,5201,5202,3,a
3,4995,343,344,9,not_xor
3,4996,5290,5291,5,b
3,4997,1315,1316,14,not_and
3,4998,757,758,5,b
3,4999,4102,4103,13,implies
3,5000,23,24,3,a
3,5001,4682,4683,5,b
3,5002,1062,1063,2,not_implies
3,5003,1053,1054,7,or
3,5004,5976,5977,12,not_a
3,5005,2224,2225,5,b
3,5006,3249,3250,3,a
3,5007,1760,1761,4,not_implied_by
3,5008,999,1000,14,not_and
3,5009,4142,4143,4,not_implied_by
3,5010,4513,4514,4,not_implied_by
3,5011,4672,4673,3,a
3,5012,1202,1203,13,implies
3,5013,1800,1801,10,not_b
3,5014,5342,5343,3,a
3,5015,3360,3361,10,not_b
3,5016,812,813,3,a
3,5017,3066,3067,9,not_xor
3,5018,4349,4350,11,implied_by
3,5019,1059,1060,1,and
3,5020,3461,3462,6,xor
3,5021,4220,4221,9,not_xor
3,5022,148,149,12,not_a
3,5023,3148,3149,2,not_implies
3,5024,5223,5224,10,not_b
3,5025,2117,2118,1,and
3,5026,4040,4041,7,or
3,5027,5702,5703,4,not_implied_by
3,5028,2778,2779,10,not_b
3,5029,5473,5474,14,not_and
3,5030,5933,5934,12,not_a
3,5031,4388,4389,3,a
3,5032,1985,1986,6,xor
3,5033,3580,3581,14,not_and
3,5034,1147,1148,5,b
3,5035,2250,2251,13,implies
3,5036,1868,1869,8,not_or
3,5037,791,792,8,not_or
3,5038,4104,4105,6,xor
3,5039,118,119,7,or
3,5040,3257,3258,1,and
3,5041,4647,4648,14,not_and
3,5042,2395,2396,9,not_xor
3,5043,4637,4638,7,or
3,5044,3795,3796,11,implied_by
3,5045,1499,1500,11,implied_by
3,5046,3427,3428,7,or
3,5047,635,636,5,b
3,5048,4593,4594,1,and
3,5049,3273,3274,4,not_implied_by
3,5050,4925,4926,6,xor
3,5051,375,376,12,not_a
3,5052,4331,4332,7,or
3,5053,4968,4969,12,not_a
3,5054,2111,2112,0,zero
3,5055,3792,3793,6,xor
3,5056,1475,1476,6,xor
3,5057,2385,2386,10,not_b
3,5058,598,599,12,not_a
3,5059,1577,1578,5,b
3,5060,3867,3868,2,not_implies
3,5061,2922,2923,7,or
3,5062,3968,3969,3,a
3,5063,1909,1910,12,not_a
3,5064,5490,5491,9,not_xor
3,5065,462,463,4,not_implied_by
3,5066,151,152,13,implies
3,5067,2033,2034,3,a
3,5068,5351,5352,10,not_b
3,5069,735,736,3,a
3,5070,3766,3767,11,implied_by
3,5071,256,257,15,one
3,5072,5647,5648,8,not_or
3,5073,5198,5199,10,not_b
3,5074,4954,4955,13,implies
3,5075,1038,1039,1,and
3,5076,4721,4722,5,b
3,5077,1200,1201,3,a
3,5078,753,754,8,not_or
3,5079,2230,2231,7,or
3,5080,5557,5558,9,not_xor
3,5081,245,246,12,not_a
3,5082,5753,5754,3,a
3,5083,50,51,5,b
3,5084,113,114,10,not_b
3,5085,2777,2778,4,not_implied_by
3,5086,4869,4870,2,not_implies
3,5087,2766,2767,1,and
3,5088,1103,1104,12,not_a
3,5089,4371,4372,13,implies
3,5090,5761,5762,2,not_implies
3,5091,4147,4148,10,not_b
3,5092,5204,5205,11,implied_by
3,5093,2118,2119,15,one
3,5094,5403,5404,12,not_a
3,5095,3973,3974,10,not_b
3,5096,632,633,8,not_or
3,5097,3622,3623,9,not_xor
3,5098,4772,4773,5,b
3,5099,3710,3711,14,not_and
3,5100,2468,2469,1,and
3,5101,2700,2701,10,not_b
3,5102,669,670,12,not_a
3,5103,4236,4237,14,not_and
3,5104,2875,2876,1,and
3,5105,1512,1513,5,b
3,5106,2514,2515,0,zero
3,5107,1570,1571,11,implied_by
3,5108,1447,1448,12,not_a
3,5109,468,469,8,not_or
3,5110,2530,2531,10,not_b
3,5111,5844,5845,6,xor
3,5112,3516,3517,8,not_or
3,5113,5616,5617,8,not_or
3,5114,2539,2540,3,a
3,5115,2985,2986,4,not_implied_by
3,5116,4845,4846,5,b
3,5117,70,71,5,b
3,5118,5762,5763,12,not_a
3,5119,2802,2803,9,not_xor
3,5120,3054,3055,8,not_or
3,5121,2983,2984,14,not_and
3,5122,3356,3357,2,not_implies
3,5123,3005,3006,10,not_b
3,5124,4494,4495,9,not_xor
3,5125,1114,1115,2,not_implies
3,5126,5947,5948,14,not_and
3,5127,3661,3662,5,b
3,5128,22,23,4,not_implied_by
3,5129,5072,5073,13,implies
3,5130,265,266,1,and
3,5131,1306,1307,9,not_xor
3,5132,666,667,10,not_b
3,5133,1379,1380,12,not_a
3,5134,2382,2383,2,not_implies
3,5135,3455,3456,10,not_b
3,5136,3198,3199,10,not_b
3,5137,5459,5460,13,implies
3,5138,2948,2949,6,xor
3,5139,3469,3470,10,not_b
3,5140,3937,3938,9,not_xor
3,5141,4277,4278,5,b
3,5142,706,707,8,not_or
3,5143,131,132,3,a
3,5144,4395,4396,2,not_implies
3,5145,4930,4931,12,not_a
3,5146,2830,2831,6,xor
3,5147,5144,5145,13,implies
3,5148,166,167,8,not_or
3,5149,710,711,10,not_b
3,5150,802,803,9,not_xor
3,5151,5293,5294,5,b
3,5152,4744,4745,14,not_and
3,5153,5360,5361,14,not_and
3,5154,2845,2846,3,a
3,5155,1121,1122,3,a
3,5156,81,82,9,not_xor
3,5157,4606,4607,3,a
3,5158,1466,1467,9,not_xor
3,5159,4205,4206,2,not_implies
3,5160,3926,3927,1,and
3,5161,2855,2856,3,a
3,5162,4639,4640,4,not_implied_by
3,5163,1603,1604,6,xor
3,5164,3847,3848,7,or
3,5165,5143,5144,3,a
3,5166,3038,3039,7,or
3,5167,5076,5077,3,a
3,5168,4797,4798,3,a
3,5169,4648,4649,4,not_implied_by
3,5170,2288,2289,10,not_b
3,5171,970,971,10,not_b
3,5172,5002,5003,13,implies
3,5173,1999,2000,8,not_or
3,5174,4180,4181,3,a
3,5175,3405,3406,2,not_implies
3,5176,1694,1695,4,not_implied_by
3,5177,4621,4622,14,not_and
3,5178,1149,1150,2,not_implies
3,5179,5696,5697,12,not_a
3,5180,5028,5029,7,or
3,5181,3298,3299,12,not_a
3,5182,4092,4093,1,and
3,5183,4993,4994,10,not_b
3,5184,3797,3798,6,xor
3,5185,2561,2562,11,implied_by
3,5186,1765,1766,14,not_and
3,5187,3578,3579,6,xor
3,5188,904,905,9,not_xor
3,5189,2704,2705,9,not_xor
3,5190,1733,1734,9,not_xor
3,5191,929,930,11,implied_by
3,5192,1435,1436,9,not_xor
3,5193,2246,2247,2,not_implies
3,5194,4067,4068,5,b
3,5195,474,475,7,or
3,5196,3535,3536,7,or
3,5197,5579,5580,2,not_implies
3,5198,2486,2487,3,a
3,5199,3002,3003,13,implies
3,5200,2864,2865,14,not_and
3,5201,246,247,10,not_b
3,5202,5091,5092,9,not_xor
3,5203,34,35,3,a
3,5204,1094,1095,2,not_implies
3,5205,3012,3013,11,implied_by
3,5206,4570,4571,10,not_b
3,5207,2567,2568,2,not_implies
3,5208,3584,3585,9,not_xor
3,5209,2458,2459,13,implies
3,5210,1482,1483,13,implies
3,5211,3796,3797,3,a
3,5212,10,11,13,implies
3,5213,5017,5018,11,implied_by
3,5214,1388,1389,6,xor
3,5215,1680,1681,6,xor
3,5216,4264,4265,11,implied_by
3,5217,5502,5503,5,b
3,5218,1806,1807,2,not_implies
3,5219,1540,1541,6,xor
3,5220,5967,5968,2,not_implies
3,5221,4560,4561,14,not_and
3,5222,3347,3348,1,and
3,5223,51,52,3,a
3,5224,399,400,13,implies
3,5225,1323,1324,3,a
3,5226,1239,1240,8,not_or
3,5227,2021,2022,9,not_xor
3,5228,3815,3816,5,b
3,5229,4947,4948,5,b
3,5230,1250,1251,12,not_a
3,5231,573,574,3,a
3,5232,2552,2553,9,not_xor
3,5233,1335,1336,8,not_or
3,5234,2994,2995,8,not_or
3,5235,4953,4954,10,not_b
3,5236,4717,4718,3,a
3,5237,1129,1130,5,b
3,5238,4187,4188,6,xor
3,5239,2919,2920,13,implies
3,5240,2022,2023,8,not_or
3,5241,3096,3097,15,one
3,5242,1084,1085,14,not_and
3,5243,212,213,1,and
3,5244,194,195,8,not_or
3,5245,311,312,4,not_implied_by
3,5246,4251,4252,12,not_a
3,5247,346,347,8,not_or
3,5248,74,75,9,not_xor
3,5249,890,891,4,not_implied_by
3,5250,5186,5187,4,not_implied_by
3,5251,692,693,3,a
3,5252,3798,3799,9,not_xor
3,5253,5073,5074,13,implies
3,5254,4705,4706,3,a
3,5255,657,658,11,implied_by
3,5256,2853,2854,5,b
3,5257,4541,4542,12,not_a
3,5258,1267,1268,1,and
3,5259,1527,1528,11,implied_by
3,5260,1594,1595,11,implied_by
3,5261,3733,3734,7,or
3,5262,3321,3322,13,implies
3,5263,1978,1979,2,not_implies
3,5264,4825,4826,4,not_implied_by
3,5265,1908,1909,11,implied_by
3,5266,1176,1177,8,not_or
3,5267,1154,1155,12,not_a
3,5268,4530,4531,9,not_xor
3,5269,1134,1135,14,not_and
3,5270,1468,1469,6,xor
3,5271,964,965,8,not_or
3,5272,4873,4874,4,not_implied_by
3,5273,3696,3697,12,not_a
3,5274,361,362,10,not_b
3,5275,1471,1472,4,not_implied_by
3,5276,627,628,3,a
3,5277,3669,3670,1,and
3,5278,5816,5817,10,not_b
3,5279,3204,3205,12,not_a
3,5280,3026,3027,10,not_b
3,5281,3232,3233,12,not_a
3,5282,3042,3043,6,xor
3,5283,1463,1464,4,not_implied_by
3,5284,5990,5991,5,b
3,5285,2097,2098,5,b
3,5286,5116,5117,5,b
3,5287,5161,5162,9,not_xor
3,5288,5423,5424,7,or
3,5289,4463,4464,13,implies
3,5290,2078,2079,13,implies
3,5291,765,766,3,a
3,5292,2042,2043,3,a
3,5293,2301,2302,9,not_xor
3,5294,5227,5228,11,implied_by
3,5295,1880,1881,9,not_xor
3,5296,1649,1650,13,implies
3,5297,2880,2881,5,b
3,5298,4409,4410,8,not_or
3,5299,5694,5695,8,not_or
3,5300,3451,3452,10,not_b
3,5301,512,513,2,not_implies
3,5302,2666,2667,3,a
3,5303,168,169,6,xor
3,5304,167,168,4,not_implied_by
3,5305,2341,2342,12,not_a
3,5306,2150,2151,1,and
3,5307,3997,3998,6,xor
3,5308,3196,3197,13,implies
3,5309,2608,2609,8,not_or
3,5310,3526,3527,3,a
3,5311,2783,2784,9,not_xor
3,5312,5237,5238,12,not_a
3,5313,2846,2847,2,not_implies
3,5314,4557,4558,11,implied_by
3,5315,5166,5167,10,not_b
3,5316,1351,1352,9,not_xor
3,5317,2998,2999,12,not_a
3,5318,1476,1477,5,b
3,5319,179,180,10,not_b
3,5320,4698,4699,10,not_b
3,5321,360,361,3,a
3,5322,5123,5124,13,implies
3,5323,4418,4419,9,not_xor
3,5324,4125,4126,4,not_implied_by
3,5325,3868,3869,7,or
3,5326,3852,3853,9,not_xor
3,5327,2484,2485,3,a
3,5328,2311,2312,13,implies
3,5329,163,164,3,a
3,5330,5461,5462,6,xor
3,5331,5394,5395,11,implied_by
3,5332,241,242,4,not_implied_by
3,5333,1739,1740,7,or
3,5334,2805,2806,6,xor
3,5335,3241,3242,10,not_b
3,5336,1767,1768,3,a
3,5337,953,954,4,not_implied_by
3,5338,37,38,10,not_b
3,5339,1804,1805,12,not_a
3,5340,2768,2769,9,not_xor
3,5341,3115,3116,6,xor
3,5342,2334,2335,4,not_implied_by
3,5343,4425,4426,6,xor
3,5344,3399,3400,5,b
3,5345,5570,5571,12,not_a
3,5346,596,597,5,b
3,5347,4438,4439,3,a
3,5348,4974,4975,14,not_and
3,5349,5888,5889,5,b
3,5350,1067,1068,5,b
3,5351,2367,2368,3,a
3,5352,5736,5737,2,not_implies
3,5353,4751,4752,13,implies
3,5354,1375,1376,3,a
3,5355,5695,5696,9,not_xor
3,5356,2949,2950,13,implies
3,5357,5729,5730,3,a
3,5358,1172,1173,7,or
3,5359,1729,1730,9,not_xor
3,5360,5957,5958,7,or
3,5361,1261,1262,12,not_a
3,5362,416,417,6,xor
3,5363,3019,3020,4,not_implied_by
3,5364,3255,3256,9,not_xor
3,5365,3108,3109,7,or
3,5366,2788,2789,10,not_b
3,5367,1637,1638,3,a
3,5368,4567,4568,13,implies
3,5369,2664,2665,9,not_xor
3,5370,3180,3181,9,not_xor
3,5371,5477,5478,14,not_and
3,5372,4079,4080,7,or
3,5373,4719,4720,3,a
3,5374,5495,5496,6,xor
3,5375,3205,3206,6,xor
3,5376,5962,5963,6,xor
3,5377,2420,2421,2,not_implies
3,5378,1401,1402,12,not_a
3,5379,4936,4937,11,implied_by
3,5380,5334,5335,3,a
3,5381,3721,3722,3,a
3,5382,3711,3712,1,and
3,5383,1498,1499,6,xor
3,5384,5213,5214,3,a
3,5385,1218,1219,6,xor
3,5386,4347,4348,11,implied_by
3,5387,2270,2271,10,not_b
3,5388,3141,3142,8,not_or
3,5389,3793,3794,2,not_implies
3,5390,4198,4199,12,not_a
3,5391,5244,5245,3,a
3,5392,1850,1851,6,xor
3,5393,5942,5943,1,and
3,5394,1781,1782,2,not_implies
3,5395,4408,4409,5,b
3,5396,5649,5650,14,not_and
3,5397,5454,5455,6,xor
3,5398,3153,3154,4,not_implied_by
3,5399,5188,5189,1,and
3,5400,4201,4202,1,and
3,5401,4945,4946,3,a
3,5402,4420,4421,7,or
3,5403,4468,4469,15,one
3,5404,3441,3442,9,not_xor
3,5405,993,994,5,b
3,5406,3896,3897,9,not_xor
3,5407,1460,1461,12,not_a
3,5408,5404,5405,9,not_xor
3,5409,3203,3204,12,not_a
3,5410,5786,5787,3,a
3,5411,2414,2415,1,and
3,5412,4036,4037,2,not_implies
3,5413,1477,1478,12,not_a
3,5414,1975,1976,12,not_a
3,5415,140,141,13,implies
3,5416,2578,2579,10,not_b
3,5417,308,309,13,implies
3,5418,552,553,3,a
3,5419,1143,1144,4,not_implied_by
3,5420,3775,3776,4,not_implied_by
3,5421,2586,2587,10,not_b
3,5422,4960,4961,11,implied_by
3,5423,881,882,9,not_xor
3,5424,5824,5825,7,or
3,5425,4114,4115,2,not_implies
3,5426,32,33,5,b
3,5427,198,199,5,b
3,5428,4618,4619,12,not_a
3,5429,3406,3407,12,not_a
3,5430,1872,1873,13,implies
3,5431,1270,1271,2,not_implies
3,5432,2576,2577,12,not_a
3,5433,3734,3735,14,not_and
3,5434,3982,3983,6,xor
3,5435,1293,1294,1,and
3,5436,5605,5606,12,not_a
3,5437,2257,2258,10,not_b
3,5438,550,551,2,not_implies
3,5439,3233,3234,3,a
3,5440,798,799,4,not_implied_by
3,5441,3303,3304,5,b
3,5442,2131,2132,9,not_xor
3,5443,1604,1605,12,not_a
3,5444,4872,4873,4,not_implied_by
3,5445,3882,3883,1,and
3,5446,5148,5149,2,not_implies
3,5447,4290,4291,4,not_implied_by
3,5448,5190,5191,4,not_implied_by
3,5449,277,278,6,xor
3,5450,1988,1989,11,implied_by
3,5451,4437,4438,7,or
3,5452,2954,2955,10,not_b
3,5453,2299,2300,6,xor
3,5454,4323,4324,2,not_implies
3,5455,2818,2819,10,not_b
3,5456,546,547,2,not_implies
3,5457,5065,5066,12,not_a
3,5458,2765,2766,10,not_b
3,5459,2658,2659,4,not_implied_by
3,5460,5699,5700,6,xor
3,5461,2947,2948,2,not_implies
3,5462,2447,2448,2,not_implies
3,5463,4367,4368,7,or
3,5464,1667,1668,1,and
3,5465,2978,2979,6,xor
3,5466,750,751,10,not_b
3,5467,4889,4890,2,not_implies
3,5468,4801,4802,1,and
3,5469,4024,4025,14,not_and
3,5470,4935,4936,4,not_implied_by
3,5471,1858,1859,6,xor
3,5472,4427,4428,9,not_xor
3,5473,3686,3687,11,implied_by
3,5474,4848,4849,5,b
3,5475,5357,5358,12,not_a
3,5476,3300,3301,10,not_b
3,5477,1252,1253,7,or
3,5478,2868,2869,9,not_xor
3,5479,875,876,7,or
3,5480,303,304,2,not_implies
3,5481,4207,4208,10,not_b
3,5482,260,261,2,not_implies
3,5483,3211,3212,13,implies
3,5484,4654,4655,6,xor
3,5485,894,895,13,implies
3,5486,3838,3839,3,a
3,5487,2407,2408,1,and
3,5488,2402,2403,2,not_implies
3,5489,937,938,12,not_a
3,5490,2529,2530,9,not_xor
3,5491,3423,3424,10,not_b
3,5492,3393,3394,13,implies
3,5493,1834,1835,6,xor
3,5494,4784,4785,8,not_or
3,5495,215,216,4,not_implied_by
3,5496,658,659,7,or
3,5497,1609,1610,8,not_or
3,5498,5648,5649,3,a
3,5499,5292,5293,10,not_b
3,5500,5948,5949,2,not_implies
3,5501,1761,1762,3,a
3,5502,808,809,10,not_b
3,5503,5059,5060,7,or
3,5504,5639,5640,2,not_implies
3,5505,4976,4977,7,or
3,5506,5060,5061,4,not_implied_by
3,5507,1350,1351,4,not_implied_by
3,5508,5321,5322,3,a
3,5509,185,186,6,xor
3,5510,4924,4925,12,not_a
3,5511,4837,4838,11,implied_by
3,5512,3074,3075,13,implies
3,5513,4528,4529,11,implied_by
3,5514,3575,3576,9,not_xor
3,5515,271,272,1,and
3,5516,2728,2729,10,not_b
3,5517,4452,4453,2,not_implies
3,5518,960,961,8,not_or
3,5519,1923,1924,3,a
3,5520,2860,2861,9,not_xor
3,5521,3331,3332,10,not_b
3,5522,3591,3592,3,a
3,5523,2375,2376,6,xor
3,5524,4863,4864,12,not_a
3,5525,888,889,1,and
3,5526,199,200,12,not_a
3,5527,3588,3589,3,a
3,5528,2282,2283,1,and
3,5529,411,412,12,not_a
3,5530,702,703,6,xor
3,5531,533,534,3,a
3,5532,4727,4728,7,or
3,5533,5,6,3,a
3,5534,2878,2879,1,and
3,5535,2236,2237,6,xor
3,5536,5169,5170,6,xor
3,5537,3866,3867,5,b
3,5538,1210,1211,5,b
3,5539,528,529,3,a
3,5540,1215,1216,14,not_and
3,5541,3114,3115,3,a
3,5542,2966,2967,5,b
3,5543,1017,1018,5,b
3,5544,4877,4878,7,or
3,5545,1396,1397,7,or
3,5546,4065,4066,10,not_b
3,5547,1440,1441,4,not_implied_by
3,5548,862,863,10,not_b
3,5549,5929,5930,11,implied_by
3,5550,1342,1343,1,and
3,5551,149,150,15,one
3,5552,4186,4187,4,not_implied_by
3,5553,5301,5302,12,not_a
3,5554,4547,4548,1,and
3,5555,5285,5286,3,a
3,5556,384,385,14,not_and
3,5557,5711,5712,9,not_xor
3,5558,4154,4155,3,a
3,5559,2686,2687,14,not_and
3,5560,2936,2937,7,or
3,5561,2841,2842,10,not_b
3,5562,4235,4236,8,not_or
3,5563,1841,1842,5,b
3,5564,822,823,5,b
3,5565,1621,1622,6,xor
3,5566,3481,3482,2,not_implies
3,5567,1931,1932,10,not_b
3,5568,4423,4424,10,not_b
3,5569,4679,4680,13,implies
3,5570,379,380,3,a
3,5571,694,695,12,not_a
3,5572,3270,3271,10,not_b
3,5573,1133,1134,5,b
3,5574,5705,5706,3,a
3,5575,1784,1785,10,not_b
3,5576,5391,5392,2,not_implies
3,5577,2461,2462,13,implies
3,5578,1919,1920,10,not_b
3,5579,2429,2430,2,not_implies
3,5580,5690,5691,4,not_implied_by
3,5581,936,937,6,xor
3,5582,4921,4922,5,b
3,5583,4097,4098,12,not_a
3,5584,2616,2617,1,and
3,5585,4644,4645,12,not_a
3,5586,5474,5475,3,a
3,5587,3654,3655,3,a
3,5588,2774,2775,4,not_implied_by
3,5589,5022,5023,12,not_a
3,5590,686,687,10,not_b
3,5591,5349,5350,11,implied_by
3,5592,5074,5075,13,implies
3,5593,680,681,10,not_b
3,5594,4275,4276,6,xor
3,5595,5323,5324,10,not_b
3,5596,3636,3637,12,not_a
3,5597,1117,1118,3,a
3,5598,5424,5425,10,not_b
3,5599,3059,3060,9,not_xor
3,5600,5668,5669,13,implies
3,5601,1831,1832,13,implies
3,5602,2528,2529,1,and
3,5603,531,532,5,b
3,5604,2542,2543,2,not_implies
3,5605,1959,1960,2,not_implies
3,5606,2417,2418,3,a
3,5607,1057,1058,12,not_a
3,5608,5041,5042,11,implied_by
3,5609,1898,1899,11,implied_by
3,5610,4919,4920,13,implies
3,5611,4939,4940,6,xor
3,5612,2859,2860,9,not_xor
3,5613,3173,3174,7,or
3,5614,778,779,8,not_or
3,5615,5374,5375,5,b
3,5616,2982,2983,9,not_xor
3,5617,3064,3065,3,a
3,5618,4351,4352,13,implies
3,5619,5191,5192,1,and
3,5620,2338,2339,9,not_xor
3,5621,1178,1179,7,or
3,5622,1647,1648,11,implied_by
3,5623,5886,5887,13,implies
3,5624,4225,4226,14,not_and
3,5625,2857,2858,7,or
3,5626,4237,4238,7,or
3,5627,429,430,5,b
3,5628,2471,2472,6,xor
3,5629,3309,3310,3,a
3,5630,4551,4552,10,not_b
3,5631,5863,5864,8,not_or
3,5632,1715,1716,10,not_b
3,5633,4610,4611,10,not_b
3,5634,3960,3961,3,a
3,5635,4743,4744,0,zero
3,5636,849,850,7,or
3,5637,5864,5865,9,not_xor
3,5638,2584,2585,8,not_or
3,5639,2335,2336,1,and
3,5640,4082,4083,5,b
3,5641,5749,5750,5,b
3,5642,2787,2788,14,not_and
3,5643,1012,1013,1,and
3,5644,4636,4637,2,not_implies
3,5645,1987,1988,2,not_implies
3,5646,2583,2584,8,not_or
3,5647,1556,1557,10,not_b
3,5648,3343,3344,6,xor
3,5649,769,770,5,b
3,5650,1707,1708,8,not_or
3,5651,3963,3964,4,not_implied_by
3,5652,719,720,10,not_b
3,5653,5590,5591,1,and
3,5654,2061,2062,10,not_b
3,5655,3630,3631,12,not_a
3,5656,4899,4900,8,not_or
3,5657,4853,4854,11,implied_by
3,5658,4439,4440,3,a
3,5659,4480,4481,5,b
3,5660,3224,3225,13,implies
3,5661,2476,2477,11,implied_by
3,5662,2803,2804,14,not_and
3,5663,1354,1355,4,not_implied_by
3,5664,5493,5494,8,not_or
3,5665,5444,5445,11,implied_by
3,5666,2186,2187,9,not_xor
3,5667,413,414,3,a
3,5668,4769,4770,9,not_xor
3,5669,4273,4274,5,b
3,5670,5409,5410,8,not_or
3,5671,645,646,12,not_a
3,5672,2760,2761,12,not_a
3,5673,5834,5835,6,xor
3,5674,5756,5757,13,implies
3,5675,2580,2581,9,not_xor
3,5676,681,682,1,and
3,5677,2415,2416,8,not_or
3,5678,2526,2527,12,not_a
3,5679,2668,2669,7,or
3,5680,5039,5040,2,not_implies
3,5681,4013,4014,8,not_or
3,5682,5542,5543,6,xor
3,5683,4506,4507,9,not_xor
3,5684,1141,1142,3,a
3,5685,3986,3987,3,a
3,5686,5500,5501,3,a
3,5687,737,738,11,implied_by
3,5688,1796,1797,11,implied_by
3,5689,187,188,0,zero
3,5690,5467,5468,8,not_or
3,5691,5356,5357,9,not_xor
3,5692,4459,4460,11,implied_by
3,5693,1410,1411,5,b
3,5694,2426,2427,6,xor
3,5695,3648,3649,7,or
3,5696,5156,5157,11,implied_by
3,5697,1930,1931,11,implied_by
3,5698,3939,3940,11,implied_by
3,5699,4625,4626,3,a
3,5700,5652,5653,8,not_or
3,5701,5529,5530,8,not_or
3,5702,3315,3316,4,not_implied_by
3,5703,4966,4967,14,not_and
3,5704,3082,3083,9,not_xor
3,5705,4169,4170,3,a
3,5706,63,64,11,implied_by
3,5707,213,214,0,zero
3,5708,5775,5776,7,or
3,5709,5077,5078,12,not_a
3,5710,1902,1903,1,and
3,5711,4361,4362,5,b
3,5712,2613,2614,5,b
3,5713,3756,3757,12,not_a
3,5714,4457,4458,11,implied_by
3,5715,1382,1383,5,b
3,5716,687,688,8,not_or
3,5717,5565,5566,11,implied_by
3,5718,19,20,11,implied_by
3,5719,5907,5908,9,not_xor
3,5720,2347,2348,8,not_or
3,5721,5462,5463,12,not_a
3,5722,172,173,4,not_implied_by
3,5723,497,498,13,implies
3,5724,4214,4215,7,or
3,5725,4527,4528,9,not_xor
3,5726,2955,2956,2,not_implies
3,5727,2432,2433,11,implied_by
3,5728,3757,3758,8,not_or
3,5729,3620,3621,5,b
3,5730,3332,3333,12,not_a
3,5731,5036,5037,1,and
3,5732,3717,3718,11,implied_by
3,5733,2525,2526,2,not_implies
3,5734,4009,4010,7,or
3,5735,1914,1915,3,a
3,5736,3918,3919,10,not_b
3,5737,5595,5596,14,not_and
3,5738,5094,5095,13,implies
3,5739,1595,1596,11,implied_by
3,5740,5420,5421,10,not_b
3,5741,1373,1374,12,not_a
3,5742,4565,4566,3,a
3,5743,1734,1735,9,not_xor
3,5744,1658,1659,11,implied_by
3,5745,1423,1424,4,not_implied_by
3,5746,2743,2744,1,and
3,5747,5631,5632,9,not_xor
3,5748,2228,2229,12,not_a
3,5749,1450,1451,4,not_implied_by
3,5750,1524,1525,11,implied_by
3,5751,3068,3069,3,a
3,5752,2044,2045,10,not_b
3,5753,4244,4245,11,implied_by
3,5754,3188,3189,14,not_and
3,5755,2085,2086,10,not_b
3,5756,3091,3092,6,xor
3,5757,3349,3350,9,not_xor
3,5758,883,884,6,xor
3,5759,189,190,2,not_implies
3,5760,20,21,1,and
3,5761,2178,2179,5,b
3,5762,4865,4866,12,not_a
3,5763,2372,2373,2,not_implies
3,5764,2961,2962,3,a
3,5765,5713,5714,3,a
3,5766,2287,2288,3,a
3,5767,1434,1435,13,implies
3,5768,4313,4314,1,and
3,5769,2384,2385,13,implies
3,5770,1672,1673,8,not_or
3,5771,4026,4027,9,not_xor
3,5772,1110,1111,5,b
3,5773,4765,4766,12,not_a
3,5774,1708,1709,15,one
3,5775,5004,5005,10,not_b
3,5776,4702,4703,10,not_b
3,5777,856,857,14,not_and
3,5778,5769,5770,14,not_and
3,5779,2920,2921,7,or
3,5780,4172,4173,10,not_b
3,5781,1191,1192,6,xor
3,5782,5914,5915,2,not_implies
3,5783,564,565,12,not_a
3,5784,2046,2047,5,b
3,5785,5104,5105,3,a
3,5786,600,601,1,and
3,5787,903,904,13,implies
3,5788,2644,2645,10,not_b
3,5789,5341,5342,10,not_b
3,5790,1236,1237,13,implies
3,5791,4671,4672,3,a
3,5792,2200,2201,9,not_xor
3,5793,181,182,1,and
3,5794,1888,1889,14,not_and
3,5795,138,139,10,not_b
3,5796,4144,4145,1,and
3,5797,2428,2429,12,not_a
3,5798,1720,1721,13,implies
3,5799,4507,4508,7,or
3,5800,1882,1883,6,xor
3,5801,4168,4169,3,a
3,5802,5352,5353,4,not_implied_by
3,5803,5830,5831,14,not_and
3,5804,5354,5355,8,not_or
3,5805,2759,2760,3,a
3,5806,4846,4847,9,not_xor
3,5807,4224,4225,14,not_and
3,5808,3627,3628,3,a
3,5809,1989,1990,14,not_and
3,5810,991,992,13,implies
3,5811,1357,1358,14,not_and
3,5812,5831,5832,14,not_and
3,5813,5980,5981,10,not_b
3,5814,2620,2621,13,implies
3,5815,625,626,5,b
3,5816,3227,3228,4,not_implied_by
3,5817,5552,5553,12,not_a
3,5818,2906,2907,9,not_xor
3,5819,5437,5438,10,not_b
3,5820,5997,5998,10,not_b
3,5821,676,677,6,xor
3,5822,2588,2589,6,xor
3,5823,5066,5067,12,not_a
3,5824,5100,5101,12,not_a
3,5825,838,839,5,b
3,5826,1037,1038,2,not_implies
3,5827,4734,4735,11,implied_by
3,5828,967,968,10,not_b
3,5829,4374,4375,5,b
3,5830,3491,3492,3,a
3,5831,337,338,5,b
3,5832,3735,3736,3,a
3,5833,633,634,4,not_implied_by
3,5834,4923,4924,14,not_and
3,5835,2391,2392,9,not_xor
3,5836,3395,3396,6,xor
3,5837,5486,5487,13,implies
3,5838,4855,4856,4,not_implied_by
3,5839,3052,3053,7,or
3,5840,2745,2746,14,not_and
3,5841,4591,4592,13,implies
3,5842,4860,4861,14,not_and
3,5843,1116,1117,7,or
3,5844,5558,5559,11,implied_by
3,5845,2661,2662,12,not_a
3,5846,93,94,2,not_implies
3,5847,2298,2299,7,or
3,5848,4963,4964,6,xor
3,5849,4288,4289,9,not_xor
3,5850,3261,3262,4,not_implied_by
3,5851,3447,3448,13,implies
3,5852,3858,3859,1,and
3,5853,582,583,13,implies
3,5854,5556,5557,5,b
3,5855,2319,2320,2,not_implies
3,5856,3680,3681,6,xor
3,5857,296,297,1,and
3,5858,3287,3288,3,a
3,5859,1821,1822,1,and
3,5860,2842,2843,12,not_a
3,5861,4369,4370,7,or
3,5862,338,339,5,b
3,5863,5214,5215,0,zero
3,5864,5759,5760,10,not_b
3,5865,2275,2276,10,not_b
3,5866,2190,2191,14,not_and
3,5867,1426,1427,14,not_and
3,5868,2197,2198,6,xor
3,5869,4462,4463,3,a
3,5870,1394,1395,11,implied_by
3,5871,2656,2657,2,not_implies
3,5872,2884,2885,9,not_xor
3,5873,3646,3647,10,not_b
3,5874,5540,5541,9,not_xor
3,5875,5781,5782,8,not_or
3,5876,4852,4853,9,not_xor
3,5877,946,947,5,b
3,5878,1188,1189,13,implies
3,5879,121,122,14,not_and
3,5880,1090,1091,9,not_xor
3,5881,5009,5010,4,not_implied_by
3,5882,4312,4313,7,or
3,5883,3072,3073,5,b
3,5884,1787,1788,0,zero
3,5885,5973,5974,3,a
3,5886,208,209,10,not_b
3,5887,170,171,3,a
3,5888,489,490,5,b
3,5889,2205,2206,10,not_b
3,5890,1983,1984,10,not_b
3,5891,1412,1413,6,xor
3,5892,4649,4650,11,implied_by
3,5893,4829,4830,11,implied_by
3,5894,782,783,9,not_xor
3,5895,207,208,8,not_or
3,5896,3372,3373,8,not_or
3,5897,4376,4377,12,not_a
3,5898,5982,5983,14,not_and
3,5899,1636,1637,15,one
3,5900,585,586,5,b
3,5901,78,79,9,not_xor
3,5902,2779,2780,12,not_a
3,5903,3683,3684,12,not_a
3,5904,2941,2942,6,xor
3,5905,4538,4539,4,not_implied_by
3,5906,316,317,15,one
3,5907,2340,2341,10,not_b
3,5908,4029,4030,11,implied_by
3,5909,4016,4017,7,or
3,5910,4706,4707,5,b
3,5911,5275,5276,12,not_a
3,5912,1971,1972,11,implied_by
3,5913,4034,4035,6,xor
3,5914,714,715,14,not_and
3,5915,445,446,5,b
3,5916,1035,1036,7,or
3,5917,1201,1202,3,a
3,5918,4562,4563,5,b
3,5919,90,91,5,b
3,5920,5700,5701,12,not_a
3,5921,5532,5533,4,not_implied_by
3,5922,3230,3231,7,or
3,5923,5766,5767,15,one
3,5924,3306,3307,7,or
3,5925,4695,4696,6,xor
3,5926,3132,3133,5,b
3,5927,39,40,6,xor
3,5928,325,326,14,not_and
3,5929,5329,5330,12,not_a
3,5930,4631,4632,7,or
3,5931,915,916,5,b
3,5932,3290,3291,9,not_xor
3,5933,2245,2246,7,or
3,5934,4555,4556,3,a
3,5935,3903,3904,13,implies
3,5936,2571,2572,12,not_a
3,5937,1572,1573,12,not_a
3,5938,2221,2222,14,not_and
3,5939,2905,2906,1,and
3,5940,2234,2235,11,implied_by
3,5941,117,118,1,and
3,5942,4436,4437,11,implied_by
3,5943,4613,4614,11,implied_by
3,5944,425,426,8,not_or
3,5945,5703,5704,1,and
3,5946,422,423,9,not_xor
3,5947,1377,1378,13,implies
3,5948,5665,5666,6,xor
3,5949,535,536,1,and
3,5950,177,178,5,b
3,5951,147,148,9,not_xor
3,5952,5671,5672,4,not_implied_by
3,5953,3421,3422,6,xor
3,5954,3716,3717,3,a
3,5955,4429,4430,12,not_a
3,5956,5663,5664,4,not_implied_by
3,5957,1968,1969,8,not_or
3,5958,4012,4013,10,not_b
3,5959,3931,3932,5,b
3,5960,4922,4923,0,zero
3,5961,2856,2857,9,not_xor
3,5962,3771,3772,4,not_implied_by
3,5963,2600,2601,7,or
3,5964,450,451,7,or
3,5965,2237,2238,5,b
3,5966,487,488,10,not_b
3,5967,761,762,11,implied_by
3,5968,1918,1919,9,not_xor
3,5969,4929,4930,15,one
3,5970,188,189,4,not_implied_by
3,5971,1334,1335,3,a
3,5972,5750,5751,11,implied_by
3,5973,3286,3287,10,not_b
3,5974,1238,1239,8,not_or
3,5975,5550,5551,13,implies
3,5976,2610,2611,10,not_b
3,5977,5230,5231,9,not_xor
3,5978,3093,3094,3,a
3,5979,2899,2900,1,and
3,5980,105,106,11,implied_by
3,5981,2769,2770,5,b
3,5982,3572,3573,9,not_xor
3,5983,2795,2796,3,a
3,5984,1045,1046,1,and
3,5985,5202,5203,12,not_a
3,5986,1593,1594,8,not_or
3,5987,1449,1450,12,not_a
3,5988,2377,2378,6,xor
3,5989,243,244,5,b
3,5990,3684,3685,0,zero
3,5991,1944,1945,12,not_a
3,5992,5544,5545,7,or
3,5993,2268,2269,10,not_b
3,5994,5476,5477,4,not_implied_by
3,5995,1304,1305,5,b
3,5996,959,960,14,not_and
3,5997,777,778,3,a
3,5998,1627,1628,10,not_b
3,5999,567,568,6,xor
4,0,3383,3384,6,xor
4,1,1857,1858,9,not_xor
4,2,23,24,3,a
4,3,53,54,10,not_b
4,4,4312,4313,11,implied_by
4,5,2075,2076,7,or
4,6,5183,5184,9,not_xor
4,7,5563,5564,10,not_b
4,8,827,828,11,implied_by
4,9,3421,3422,14,not_and
4,10,1889,1890,8,not_or
4,11,3138,3139,3,a
4,12,148,149,5,b
4,13,3722,3723,13,implies
4,14,2749,2750,7,or
4,15,4646,4647,4,not_implied_by
4,16,179,180,10,not_b
4,17,5148,5149,8,not_or
4,18,5667,5668,12,not_a
4,19,4432,4433,11,implied_by
4,20,1568,1569,5,b
4,21,2167,2168,3,a
4,22,641,642,3,a
4,23,1670,1671,10,not_b
4,24,3103,3104,12,not_a
4,25,1618,1619,12,not_a
4,26,4185,4186,3,a
4,27,3206,3207,11,implied_by
4,28,47,48,12,not_a
4,29,3720,3721,3,a
4,30,2122,2123,3,a
4,31,4931,4932,5,b
4,32,4112,4113,2,not_implies
4,33,5706,5707,6,xor
4,34,5723,5724,2,not_implies
4,35,4442,4443,6,xor
4,36,5926,5927,10,not_b
4,37,1039,1040,2,not_implies
4,38,5331,5332,5,b
4,39,2138,2139,0,zero
4,40,4421,4422,3,a
4,41,5829,5830,9,not_xor
4,42,2839,2840,11,implied_by
4,43,4101,4102,3,a
4,44,2442,2443,3,a
4,45,3582,3583,6,xor
4,46,63,64,5,b
4,47,1148,1149,6,xor
4,48,5272,5273,12,not_a
4,49,2542,2543,1,and
4,50,2353,2354,6,xor
4,51,2278,2279,5,b
4,52,5017,5018,3,a
4,53,3937,3938,4,not_implied_by
4,54,1356,1357,4,not_implied_by
4,55,2084,2085,1,and
4,56,2562,2563,1,and
4,57,4751,4752,8,not_or
4,58,4236,4237,3,a
4,59,1335,1336,12,not_a
4,60,3635,3636,3,a
4,61,2979,2980,1,and
4,62,4506,4507,11,implied_by
4,63,370,371,7,or
4,64,3167,3168,12,not_a
4,65,5687,5688,10,not_b
4,66,5840,5841,13,implies
4,67,852,853,6,xor
4,68,3371,3372,8,not_or
4,69,1675,1676,3,a
4,70,4805,4806,6,xor
4,71,4765,4766,1,and
4,72,1897,1898,8,not_or
4,73,3372,3373,4,not_implied_by
4,74,947,948,10,not_b
4,75,3680,3681,8,not_or
4,76,2386,2387,3,a
4,77,2893,2894,2,not_implies
4,78,1516,1517,11,implied_by
4,79,4943,4944,3,a
4,80,4174,4175,5,b
4,81,1733,1734,6,xor
4,82,3820,3821,5,b
4,83,3234,3235,10,not_b
4,84,2617,2618,1,and
4,85,4168,4169,11,implied_by
4,86,5541,5542,14,not_and
4,87,505,506,8,not_or
4,88,4880,4881,9,not_xor
4,89,2103,2104,3,a
4,90,960,961,13,implies
4,91,2598,2599,12,not_a
4,92,3855,3856,11,implied_by
4,93,5368,5369,2,not_implies
4,94,3870,3871,1,and
4,95,3845,3846,3,a
4,96,5378,5379,10,not_b
4,97,1533,1534,2,not_implies
4,98,290,291,9,not_xor
4,99,2883,2884,14,not_and
4,100,1365,1366,6,xor
4,101,5460,5461,3,a
4,102,2107,2108,2,not_implies
4,103,1137,1138,5,b
4,104,1968,1969,12,not_a
4,105,2639,2640,12,not_a
4,106,2885,2886,8,not_or
4,107,5163,5164,8,not_or
4,108,95,96,14,not_and
4,109,2046,2047,10,not_b
4,110,2631,2632,14,not_and
4,111,3484,3485,6,xor
4,112,5617,5618,12,not_a
4,113,1565,1566,8,not_or
4,114,5995,5996,9,not_xor
4,115,427,428,10,not_b
4,116,2370,2371,7,or
4,117,4110,4111,11,implied_by
4,118,5802,5803,9,not_xor
4,119,5815,5816,11,implied_by
4,120,1229,1230,12,not_a
4,121,4259,4260,2,not_implies
4,122,790,791,7,or
4,123,5746,5747,6,xor
4,124,371,372,3,a
4,125,4384,4385,10,not_b
4,126,5881,5882,9,not_xor
4,127,3184,3185,0,zero
4,128,4550,4551,9,not_xor
4,129,1641,1642,6,xor
4,130,1803,1804,5,b
4,131,5327,5328,11,implied_by
4,132,1190,1191,3,a
4,133,703,704,6,xor
4,134,1169,1170,11,implied_by
4,135,4115,4116,12,not_a
4,136,3896,3897,0,zero
4,137,322,323,6,xor
4,138,2646,2647,9,not_xor
4,139,4467,4468,5,b
4,140,2057,2058,10,not_b
4,141,3779,3780,9,not_xor
4,142,2910,2911,13,implies
4,143,2336,2337,10,not_b
4,144,3381,3382,10,not_b
4,145,5275,5276,8,not_or
4,146,5488,5489,10,not_b
4,147,2422,2423,3,a
4,148,87,88,7,or
4,149,1327,1328,13,implies
4,150,1806,1807,10,not_b
4,151,5945,5946,9,not_xor
4,152,3328,3329,11,implied_by
4,153,2074,2075,6,xor
4,154,2681,2682,3,a
4,155,5361,5362,11,implied_by
4,156,1672,1673,5,b
4,157,1116,1117,9,not_xor
4,158,5023,5024,5,b
4,159,3732,3733,5,b
4,160,1680,1681,7,or
4,161,3536,3537,9,not_xor
4,162,3062,3063,14,not_and
4,163,1304,1305,9,not_xor
4,164,4729,4730,5,b
4,165,1666,1667,6,xor
4,166,2015,2016,3,a
4,167,2996,2997,12,not_a
4,168,5503,5504,9,not_xor
4,169,5899,5900,5,b
4,170,5051,5052,9,not_xor
4,171,2340,2341,6,xor
4,172,4393,4394,0,zero
4,173,2847,2848,10,not_b
4,174,2083,2084,6,xor
4,175,4936,4937,5,b
4,176,1612,1613,13,implies
4,177,3440,3441,12,not_a
4,178,3401,3402,3,a
4,179,5803,5804,6,xor
4,180,1068,1069,8,not_or
4,181,3714,3715,12,not_a
4,182,2299,2300,7,or
4,183,797,798,9,not_xor
4,184,5081,5082,11,implied_by
4,185,5759,5760,3,a
4,186,3545,3546,3,a
4,187,1344,1345,1,and
4,188,2645,2646,6,xor
4,189,3698,3699,2,not_implies
4,190,1796,1797,12,not_a
4,191,1939,1940,10,not_b
4,192,1096,1097,13,implies
4,193,1484,1485,13,implies
4,194,3752,3753,11,implied_by
4,195,975,976,2,not_implies
4,196,2230,2231,5,b
4,197,5099,5100,8,not_or
4,198,1279,1280,11,implied_by
4,199,5001,5002,13,implies
4,200,5606,5607,4,not_implied_by
4,201,1886,1887,8,not_or
4,202,174,175,8,not_or
4,203,5731,5732,7,or
4,204,4672,4673,9,not_xor
4,205,3895,3896,2,not_implies
4,206,5557,5558,10,not_b
4,207,5623,5624,4,not_implied_by
4,208,974,975,10,not_b
4,209,1929,1930,5,b
4,210,4431,4432,6,xor
4,211,3318,3319,8,not_or
4,212,2335,2336,12,not_a
4,213,1931,1932,12,not_a
4,214,1576,1577,9,not_xor
4,215,5516,5517,9,not_xor
4,216,375,376,12,not_a
4,217,1287,1288,12,not_a
4,218,520,521,8,not_or
4,219,5550,5551,0,zero
4,220,5198,5199,11,implied_by
4,221,4904,4905,10,not_b
4,222,5716,5717,5,b
4,223,2753,2754,14,not_and
4,224,2413,2414,1,and
4,225,1786,1787,3,a
4,226,109,110,9,not_xor
4,227,4693,4694,8,not_or
4,228,5742,5743,10,not_b
4,229,1406,1407,12,not_a
4,230,4492,4493,1,and
4,231,1255,1256,6,xor
4,232,4613,4614,3,a
4,233,3496,3497,4,not_implied_by
4,234,4246,4247,13,implies
4,235,5818,5819,3,a
4,236,4695,4696,14,not_and
4,237,3329,3330,9,not_xor
4,238,1835,1836,9,not_xor
4,239,4807,4808,10,not_b
4,240,5125,5126,4,not_implied_by
4,241,2678,2679,1,and
4,242,4725,4726,10,not_b
4,243,3824,3825,2,not_implies
4,244,383,384,6,xor
4,245,1098,1099,14,not_and
4,246,3024,3025,12,not_a
4,247,1273,1274,2,not_implies
4,248,1185,1186,1,and
4,249,1232,1233,12,not_a
4,250,5864,5865,6,xor
4,251,3483,3484,5,b
4,252,3117,3118,10,not_b
4,253,1854,1855,8,not_or
4,254,5646,5647,6,xor
4,255,5222,5223,11,implied_by
4,256,2738,2739,12,not_a
4,257,4489,4490,2,not_implies
4,258,4985,4986,8,not_or
4,259,1282,1283,2,not_implies
4,260,3497,3498,2,not_implies
4,261,5954,5955,6,xor
4,262,3696,3697,13,implies
4,263,1517,1518,10,not_b
4,264,2962,2963,2,not_implies
4,265,2492,2493,3,a
4,266,3620,3621,12,not_a
4,267,4998,4999,6,xor
4,268,206,207,2,not_implies
4,269,4706,4707,13,implies
4,270,1180,1181,12,not_a
4,271,4316,4317,5,b
4,272,1167,1168,14,not_and
4,273,3385,3386,5,b
4,274,1747,1748,10,not_b
4,275,915,916,12,not_a
4,276,3526,3527,6,xor
4,277,747,748,14,not_and
4,278,5609,5610,14,not_and
4,279,5128,5129,5,b
4,280,3859,3860,12,not_a
4,281,1053,1054,5,b
4,282,3839,3840,9,not_xor
4,283,1415,1416,9,not_xor
4,284,2295,2296,10,not_b
4,285,238,239,7,or
4,286,1290,1291,3,a
4,287,17,18,6,xor
4,288,5146,5147,9,not_xor
4,289,3650,3651,4,not_implied_by
4,290,4117,4118,3,a
4,291,4277,4278,5,b
4,292,5599,5600,4,not_implied_by
4,293,3754,3755,3,a
4,294,2483,2484,6,xor
4,295,227,228,2,not_implies
4,296,4240,4241,14,not_and
4,297,1343,1344,14,not_and
4,298,554,555,9,not_xor
4,299,4164,4165,7,or
4,300,5182,5183,14,not_and
4,301,434,435,6,xor
4,302,1217,1218,3,a
4,303,5753,5754,10,not_b
4,304,3465,3466,6,xor
4,305,3179,3180,13,implies
4,306,2655,2656,6,xor
4,307,4865,4866,9,not_xor
4,308,855,856,10,not_b
4,309,4064,4065,3,a
4,310,1502,1503,1,and
4,311,2281,2282,12,not_a
4,312,5724,5725,3,a
4,313,326,327,4,not_implied_by
4,314,5589,5590,3,a
4,315,4542,4543,11,implied_by
4,316,2054,2055,13,implies
4,317,4894,4895,7,or
4,318,5833,5834,10,not_b
4,319,892,893,6,xor
4,320,4133,4134,12,not_a
4,321,3851,3852,12,not_a
4,322,5688,5689,8,not_or
4,323,1578,1579,2,not_implies
4,324,506,507,5,b
4,325,2763,2764,12,not_a
4,326,4454,4455,3,a
4,327,1972,1973,1,and
4,328,4296,4297,9,not_xor
4,329,5719,5720,10,not_b
4,330,3991,3992,9,not_xor
4,331,632,633,13,implies
4,332,5545,5546,1,and
4,333,4395,4396,5,b
4,334,339,340,13,implies
4,335,2197,2198,4,not_implied_by
4,336,5857,5858,11,implied_by
4,337,4204,4205,12,not_a
4,338,1038,1039,4,not_implied_by
4,339,2940,2941,12,not_a
4,340,3699,3700,3,a
4,341,5637,5638,8,not_or
4,342,5528,5529,12,not_a
4,343,3327,3328,14,not_and
4,344,5314,5315,5,b
4,345,1150,1151,10,not_b
4,346,3637,3638,10,not_b
4,347,2412,2413,14,not_and
4,348,5323,5324,8,not_or
4,349,4831,4832,6,xor
4,350,4474,4475,5,b
4,351,2268,2269,10,not_b
4,352,30,31,2,not_implies
4,353,1349,1350,1,and
4,354,4407,4408,8,not_or
4,355,3966,3967,2,not_implies
4,356,5432,5433,14,not_and
4,357,4784,4785,5,b
4,358,2590,2591,9,not_xor
4,359,2195,2196,12,not_a
4,360,4341,4342,11,implied_by
4,361,4548,4549,10,not_b
4,362,3998,3999,4,not_implied_by
4,363,2823,2824,2,not_implies
4,364,3569,3570,8,not_or
4,365,5324,5325,9,not_xor
4,366,286,287,14,not_and
4,367,5779,5780,14,not_and
4,368,2387,2388,7,or
4,369,763,764,12,not_a
4,370,4888,4889,10,not_b
4,371,991,992,9,not_xor
4,372,5131,5132,5,b
4,373,5477,5478,9,not_xor
4,374,2333,2334,8,not_or
4,375,5247,5248,6,xor
4,376,523,524,4,not_implied_by
4,377,4783,4784,3,a
4,378,4675,4676,15,one
4,379,1382,1383,6,xor
4,380,3207,3208,9,not_xor
4,381,9,10,2,not_implies
4,382,5915,5916,8,not_or
4,383,4582,4583,3,a
4,384,2791,2792,5,b
4,385,714,715,14,not_and
4,386,4824,4825,6,xor
4,387,3209,3210,8,not_or
4,388,4735,4736,5,b
4,389,4461,4462,10,not_b
4,390,1969,1970,13,implies
4,391,2135,2136,11,implied_by
4,392,106,107,6,xor
4,393,2315,2316,6,xor
4,394,4238,4239,14,not_and
4,395,930,931,1,and
4,396,2697,2698,3,a
4,397,5920,5921,3,a
4,398,4484,4485,5,b
4,399,3073,3074,11,implied_by
4,400,1847,1848,11,implied_by
4,401,4189,4190,10,not_b
4,402,3377,3378,10,not_b
4,403,93,94,2,not_implies
4,404,1537,1538,11,implied_by
4,405,1035,1036,2,not_implies
4,406,1683,1684,12,not_a
4,407,2597,2598,1,and
4,408,5581,5582,6,xor
4,409,5400,5401,6,xor
4,410,3866,3867,6,xor
4,411,878,879,4,not_implied_by
4,412,82,83,13,implies
4,413,3423,3424,10,not_b
4,414,3,4,9,not_xor
4,415,5868,5869,9,not_xor
4,416,2455,2456,13,implies
4,417,1143,1144,2,not_implies
4,418,4045,4046,5,b
4,419,2012,2013,6,xor
4,420,1359,1360,1,and
4,421,1909,1910,14,not_and
4,422,4462,4463,6,xor
4,423,5844,5845,14,not_and
4,424,5597,5598,11,implied_by
4,425,2243,2244,4,not_implied_by
4,426,5912,5913,9,not_xor
4,427,188,189,14,not_and
4,428,5258,5259,0,zero
4,429,694,695,9,not_xor
4,430,2819,2820,11,implied_by
4,431,5910,5911,9,not_xor
4,432,1774,1775,12,not_a
4,433,3549,3550,11,implied_by
4,434,1238,1239,3,a
4,435,1341,1342,10,not_b
4,436,4063,4064,11,implied_by
4,437,4969,4970,6,xor
4,438,2475,2476,14,not_and
4,439,766,767,14,not_and
4,440,3373,3374,9,not_xor
4,441,920,921,9,not_xor
4,442,4879,4880,10,not_b
4,443,3816,3817,2,not_implies
4,444,2658,2659,3,a
4,445,398,399,2,not_implies
4,446,2513,2514,5,b
4,447,4287,4288,3,a
4,448,4968,4969,11,implied_by
4,449,5789,5790,10,not_b
4,450,5301,5302,5,b
4,451,3257,3258,3,a
4,452,2992,2993,9,not_xor
4,453,566,567,3,a
4,454,65,66,5,b
4,455,3096,3097,8,not_or
4,456,2620,2621,4,not_implied_by
4,457,5749,5750,13,implies
4,458,3718,3719,12,not_a
4,459,1274,1275,11,implied_by
4,460,5762,5763,11,implied_by
4,461,2168,2169,6,xor
4,462,219,220,3,a
4,463,473,474,6,xor
4,464,461,462,8,not_or
4,465,5786,5787,7,or
4,466,888,889,6,xor
4,467,1851,1852,6,xor
4,468,5284,5285,9,not_xor
4,469,5927,5928,7,or
4,470,3151,3152,5,b
4,471,4051,4052,3,a
4,472,1376,1377,6,xor
4,473,4233,4234,3,a
4,474,387,388,3,a
4,475,3989,3990,13,implies
4,476,1588,1589,3,a
4,477,2066,2067,14,not_and
4,478,1956,1957,3,a
4,479,3320,3321,14,not_and
4,480,4886,4887,6,xor
4,481,4196,4197,10,not_b
4,482,5626,5627,9,not_xor
4,483,5032,5033,5,b
4,484,3505,3506,3,a
4,485,1888,1889,9,not_xor
4,486,2662,2663,12,not_a
4,487,4764,4765,11,implied_by
4,488,3618,3619,12,not_a
4,489,1362,1363,1,and
4,490,19,20,13,implies
4,491,5814,5815,6,xor
4,492,3676,3677,10,not_b
4,493,1101,1102,3,a
4,494,1843,1844,6,xor
4,495,535,536,5,b
4,496,4958,4959,14,not_and
4,497,4727,4728,5,b
4,498,4035,4036,5,b
4,499,4068,4069,9,not_xor
4,500,4187,4188,1,and
4,501,466,467,14,not_and
4,502,722,723,1,and
4,503,3077,3078,3,a
4,504,1691,1692,3,a
4,505,509,510,12,not_a
4,506,4897,4898,10,not_b
4,507,2976,2977,9,not_xor
4,508,3846,3847,13,implies
4,509,384,385,5,b
4,510,4913,4914,12,not_a
4,511,2947,2948,5,b
4,512,2774,2775,12,not_a
4,513,5014,5015,11,implied_by
4,514,2355,2356,12,not_a
4,515,0,2,6,xor
4,516,4480,4481,10,not_b
4,517,3568,3569,3,a
4,518,2478,2479,6,xor
4,519,1483,1484,3,a
4,520,4595,4596,2,not_implies
4,521,34,35,4,not_implied_by
4,522,5450,5451,3,a
4,523,2870,2871,12,not_a
4,524,5778,5779,10,not_b
4,525,5738,5739,6,xor
4,526,801,802,1,and
4,527,1164,1165,12,not_a
4,528,2702,2703,6,xor
4,529,83,84,12,not_a
4,530,3691,3692,3,a
4,531,504,505,12,not_a
4,532,4066,4067,13,implies
4,533,3107,3108,8,not_or
4,534,4561,4562,9,not_xor
4,535,5000,5001,4,not_implied_by
4,536,5058,5059,11,implied_by
4,537,4086,4087,6,xor
4,538,3416,3417,14,not_and
4,539,3014,3015,9,not_xor
4,540,3868,3869,12,not_a
4,541,1610,1611,11,implied_by
4,542,1029,1030,10,not_b
4,543,3974,3975,5,b
4,544,5122,5123,12,not_a
4,545,5984,5985,6,xor
4,546,5116,5117,9,not_xor
4,547,4060,4061,5,b
4,548,3649,3650,5,b
4,549,5039,5040,6,xor
4,550,1780,1781,14,not_and
4,551,4388,4389,11,implied_by
4,552,86,87,9,not_xor
4,553,2093,2094,2,not_implies
4,554,2374,2375,11,implied_by
4,555,5525,5526,9,not_xor
4,556,1746,1747,12,not_a
4,557,374,375,2,not_implies
4,558,3550,3551,1,and
4,559,1440,1441,11,implied_by
4,560,3128,3129,12,not_a
4,561,3460,3461,14,not_and
4,562,5661,5662,1,and
4,563,3433,3434,5,b
4,564,2435,2436,12,not_a
4,565,3747,3748,5,b
4,566,4515,4516,11,implied_by
4,567,4286,4287,9,not_xor
4,568,4539,4540,12,not_a
4,569,3557,3558,9,not_xor
4,570,114,115,13,implies
4,571,3119,3120,5,b
4,572,4666,4667,4,not_implied_by
4,573,596,597,12,not_a
4,574,3988,3989,2,not_implies
4,575,3674,3675,9,not_xor
4,576,2458,2459,3,a
4,577,1877,1878,13,implies
4,578,3923,3924,9,not_xor
4,579,3190,3191,6,xor
4,580,3992,3993,14,not_and
4,581,2502,2503,9,not_xor
4,582,342,343,13,implies
4,583,1745,1746,7,or
4,584,5650,5651,2,not_implies
4,585,5835,5836,8,not_or
4,586,5201,5202,8,not_or
4,587,1524,1525,6,xor
4,588,4472,4473,6,xor
4,589,3269,3270,6,xor
4,590,5472,5473,3,a
4,591,2886,2887,5,b
4,592,5018,5019,3,a
4,593,1797,1798,5,b
4,594,3081,3082,2,not_implies
4,595,2000,2001,4,not_implied_by
4,596,1651,1652,6,xor
4,597,3080,3081,10,not_b
4,598,4914,4915,3,a
4,599,3065,3066,10,not_b
4,600,1286,1287,3,a
4,601,1135,1136,9,not_xor
4,602,3487,3488,5,b
4,603,5935,5936,10,not_b
4,604,5761,5762,10,not_b
4,605,1623,1624,9,not_xor
4,606,343,344,6,xor
4,607,4270,4271,2,not_implies
4,608,4007,4008,2,not_implies
4,609,5371,5372,5,b
4,610,3619,3620,9,not_xor
4,611,4453,4454,3,a
4,612,1523,1524,14,not_and
4,613,451,452,3,a
4,614,191,192,5,b
4,615,5260,5261,5,b
4,616,4082,4083,0,zero
4,617,2781,2782,1,and
4,618,5543,5544,2,not_implies
4,619,455,456,2,not_implies
4,620,1512,1513,2,not_implies
4,621,4724,4725,5,b
4,622,4746,4747,3,a
4,623,5312,5313,3,a
4,624,2495,2496,3,a
4,625,3007,3008,9,not_xor
4,626,2320,2321,3,a
4,627,696,697,5,b
4,628,32,33,10,not_b
4,629,745,746,10,not_b
4,630,2943,2944,3,a
4,631,457,458,11,implied_by
4,632,2060,2061,5,b
4,633,854,855,6,xor
4,634,1823,1824,10,not_b
4,635,2364,2365,9,not_xor
4,636,3767,3768,6,xor
4,637,2684,2685,14,not_and
4,638,670,671,6,xor
4,639,4372,4373,13,implies
4,640,4952,4953,1,and
4,641,4500,4501,0,zero
4,642,3829,3830,13,implies
4,643,1054,1055,10,not_b
4,644,512,513,1,and
4,645,3379,3380,9,not_xor
4,646,1841,1842,13,implies
4,647,4231,4232,1,and
4,648,5138,5139,12,not_a
4,649,5282,5283,3,a
4,650,5240,5241,1,and
4,651,1773,1774,9,not_xor
4,652,5465,5466,8,not_or
4,653,4509,4510,4,not_implied_by
4,654,1996,1997,5,b
4,655,3015,3016,12,not_a
4,656,795,796,11,implied_by
4,657,3005,3006,9,not_xor
4,658,3879,3880,10,not_b
4,659,4141,4142,12,not_a
4,660,810,811,11,implied_by
4,661,713,714,4,not_implied_by
4,662,2711,2712,11,implied_by
4,663,2171,2172,6,xor
4,664,5231,5232,7,or
4,665,3187,3188,6,xor
4,666,4248,4249,14,not_and
4,667,928,929,12,not_a
4,668,3414,3415,11,implied_by
4,669,2855,2856,8,not_or
4,670,3608,3609,9,not_xor
4,671,2794,2795,9,not_xor
4,672,5044,5045,12,not_a
4,673,5248,5249,5,b
4,674,4159,4160,9,not_xor
4,675,3324,3325,10,not_b
4,676,4165,4166,1,and
4,677,2676,2677,6,xor
4,678,3258,3259,3,a
4,679,952,953,8,not_or
4,680,1891,1892,6,xor
4,681,2033,2034,5,b
4,682,2304,2305,10,not_b
4,683,4925,4926,6,xor
4,684,1997,1998,8,not_or
4,685,3765,3766,4,not_implied_by
4,686,2913,2914,2,not_implies
4,687,113,114,12,not_a
4,688,367,368,7,or
4,689,2845,2846,12,not_a
4,690,1993,1994,7,or
4,691,1864,1865,8,not_or
4,692,117,118,6,xor
4,693,2474,2475,9,not_xor
4,694,5357,5358,12,not_a
4,695,886,887,2,not_implies
4,696,2796,2797,6,xor
4,697,2007,2008,5,b
4,698,2280,2281,4,not_implied_by
4,699,3956,3957,15,one
4,700,5340,5341,6,xor
4,701,246,247,9,not_xor
4,702,5808,5809,4,not_implied_by
4,703,5511,5512,8,not_or
4,704,2817,2818,7,or
4,705,1434,1435,12,not_a
4,706,5064,5065,2,not_implies
4,707,3267,3268,9,not_xor
4,708,5686,5687,4,not_implied_by
4,709,4142,4143,12,not_a
4,710,2418,2419,8,not_or
4,711,3641,3642,6,xor
4,712,2714,2715,2,not_implies
4,713,3743,3744,12,not_a
4,714,2578,2579,11,implied_by
4,715,5084,5085,10,not_b
4,716,2849,2850,11,implied_by
4,717,2508,2509,7,or
4,718,4741,4742,3,a
4,719,730,731,1,and
4,720,2045,2046,5,b
4,721,597,598,1,and
4,722,4360,4361,15,one
4,723,4872,4873,9,not_xor
4,724,1042,1043,12,not_a
4,725,2696,2697,6,xor
4,726,982,983,2,not_implies
4,727,1586,1587,5,b
4,728,1821,1822,9,not_xor
4,729,1903,1904,10,not_b
4,730,934,935,6,xor
4,731,476,477,6,xor
4,732,822,823,5,b
4,733,3605,3606,6,xor
4,734,4967,4968,3,a
4,735,2712,2713,1,and
4,736,73,74,6,xor
4,737,5950,5951,7,or
4,738,59,60,9,not_xor
4,739,4648,4649,12,not_a
4,740,1914,1915,6,xor
4,741,3352,3353,3,a
4,742,5152,5153,9,not_xor
4,743,1694,1695,5,b
4,744,1631,1632,3,a
4,745,5972,5973,13,implies
4,746,1668,1669,10,not_b
4,747,5096,5097,9,not_xor
4,748,5454,5455,8,not_or
4,749,570,571,7,or
4,750,3906,3907,10,not_b
4,751,4359,4360,1,and
4,752,708,709,10,not_b
4,753,698,699,11,implied_by
4,754,642,643,8,not_or
4,755,5296,5297,13,implies
4,756,317,318,12,not_a
4,757,5385,5386,9,not_xor
4,758,4451,4452,2,not_implies
4,759,3335,3336,0,zero
4,760,4514,4515,3,a
4,761,5949,5950,11,implied_by
4,762,1445,1446,4,not_implied_by
4,763,533,534,6,xor
4,764,51,52,3,a
4,765,3776,3777,2,not_implies
4,766,1065,1066,14,not_and
4,767,2393,2394,10,not_b
4,768,3638,3639,8,not_or
4,769,5305,5306,6,xor
4,770,3036,3037,11,implied_by
4,771,5783,5784,3,a
4,772,3657,3658,5,b
4,773,537,538,7,or
4,774,1977,1978,9,not_xor
4,775,4529,4530,6,xor
4,776,3615,3616,5,b
4,777,4457,4458,10,not_b
4,778,3376,3377,12,not_a
4,779,1930,1931,14,not_and
4,780,2551,2552,5,b
4,781,841,842,5,b
4,782,3231,3232,10,not_b
4,783,4659,4660,13,implies
4,784,3693,3694,5,b
4,785,1259,1260,6,xor
4,786,5827,5828,13,implies
4,787,193,194,12,not_a
4,788,3921,3922,10,not_b
4,789,2750,2751,9,not_xor
4,790,1671,1672,12,not_a
4,791,2191,2192,9,not_xor
4,792,1211,1212,2,not_implies
4,793,3490,3491,2,not_implies
4,794,5130,5131,9,not_xor
4,795,5484,5485,12,not_a
4,796,5123,5124,3,a
4,797,4383,4384,13,implies
4,798,2137,2138,9,not_xor
4,799,2935,2936,9,not_xor
4,800,4322,4323,1,and
4,801,4780,4781,8,not_or
4,802,2273,2274,12,not_a
4,803,5652,5653,9,not_xor
4,804,2070,2071,5,b
4,805,3412,3413,3,a
4,806,3053,3054,1,and
4,807,386,387,12,not_a
4,808,1221,1222,10,not_b
4,809,1041,1042,5,b
4,810,5057,5058,9,not_xor
4,811,5435,5436,2,not_implies
4,812,2129,2130,13,implies
4,813,3469,3470,10,not_b
4,814,2293,2294,10,not_b
4,815,494,495,6,xor
4,816,2128,2129,14,not_and
4,817,2399,2400,9,not_xor
4,818,481,482,5,b
4,819,4349,4350,12,not_a
4,820,5629,5630,8,not_or
4,821,5996,5997,0,zero
4,822,1215,1216,2,not_implies
4,823,4062,4063,12,not_a
4,824,4631,4632,9,not_xor
4,825,3243,3244,11,implied_by
4,826,1120,1121,2,not_implies
4,827,2470,2471,10,not_b
4,828,3409,3410,2,not_implies
4,829,4773,4774,9,not_xor
4,830,3634,3635,12,not_a
4,831,2740,2741,7,or
4,832,5876,5877,14,not_and
4,833,1904,1905,1,and
4,834,155,156,4,not_implied_by
4,835,4456,4457,12,not_a
4,836,1289,1290,10,not_b
4,837,1023,1024,13,implies
4,838,5615,5616,8,not_or
4,839,4643,4644,1,and
4,840,985,986,12,not_a
4,841,3593,3594,13,implies
4,842,5506,5507,4,not_implied_by
4,843,4418,4419,12,not_a
4,844,2789,2790,4,not_implied_by
4,845,5224,5225,10,not_b
4,846,3124,3125,15,one
4,847,5625,5626,8,not_or
4,848,2117,2118,2,not_implies
4,849,738,739,6,xor
4,850,3810,3811,3,a
4,851,4776,4777,13,implies
4,852,3832,3833,6,xor
4,853,556,557,2,not_implies
4,854,3082,3083,7,or
4,855,4948,4949,14,not_and
4,856,3828,3829,6,xor
4,857,1473,1474,10,not_b
4,858,1090,1091,7,or
4,859,5417,5418,8,not_or
4,860,385,386,6,xor
4,861,5360,5361,2,not_implies
4,862,5227,5228,10,not_b
4,863,5390,5391,3,a
4,864,5577,5578,6,xor
4,865,3941,3942,9,not_xor
4,866,354,355,6,xor
4,867,3734,3735,5,b
4,868,2071,2072,1,and
4,869,3519,3520,6,xor
4,870,558,559,5,b
4,871,4404,4405,11,implied_by
4,872,4774,4775,11,implied_by
4,873,3555,3556,12,not_a
4,874,3362,3363,10,not_b
4,875,3827,3828,1,and
4,876,4874,4875,4,not_implied_by
4,877,5026,5027,1,and
4,878,4232,4233,6,xor
4,879,1660,1661,5,b
4,880,2106,2107,13,implies
4,881,3340,3341,9,not_xor
4,882,3610,3611,6,xor
4,883,3200,3201,10,not_b
4,884,3314,3315,10,not_b
4,885,132,133,2,not_implies
4,886,5236,5237,5,b
4,887,622,623,8,not_or
4,888,2261,2262,4,not_implied_by
4,889,3162,3163,7,or
4,890,5529,5530,8,not_or
4,891,4327,4328,3,a
4,892,167,168,10,not_b
4,893,4006,4007,4,not_implied_by
4,894,2706,2707,11,implied_by
4,895,3013,3014,2,not_implies
4,896,3514,3515,5,b
4,897,2835,2836,9,not_xor
4,898,2724,2725,10,not_b
4,899,557,558,6,xor
4,900,3721,3722,6,xor
4,901,3993,3994,5,b
4,902,4214,4215,13,implies
4,903,4534,4535,3,a
4,904,3521,3522,6,xor
4,905,944,945,12,not_a
4,906,2276,2277,3,a
4,907,1865,1866,8,not_or
4,908,2011,2012,6,xor
4,909,5727,5728,9,not_xor
4,910,2628,2629,11,implied_by
4,911,4551,4552,8,not_or
4,912,2124,2125,9,not_xor
4,913,887,888,2,not_implies
4,914,1562,1563,7,or
4,915,3575,3576,9,not_xor
4,916,149,150,1,and
4,917,2162,2163,14,not_and
4,918,3136,3137,12,not_a
4,919,3934,3935,1,and
4,920,3101,3102,6,xor
4,921,439,440,9,not_xor
4,922,2421,2422,14,not_and
4,923,2375,2376,3,a
4,924,2950,2951,10,not_b
4,925,5905,5906,9,not_xor
4,926,1640,1641,6,xor
4,927,3955,3956,12,not_a
4,928,5326,5327,9,not_xor
4,929,4731,4732,3,a
4,930,1669,1670,12,not_a
4,931,5717,5718,14,not_and
4,932,621,622,1,and
4,933,3924,3925,6,xor
4,934,392,393,9,not_xor
4,935,4557,4558,11,implied_by
4,936,5341,5342,10,not_b
4,937,4294,4295,6,xor
4,938,4680,4681,5,b
4,939,3203,3204,5,b
4,940,2115,2116,9,not_xor
4,941,2148,2149,6,xor
4,942,4167,4168,13,implies
4,943,3892,3893,7,or
4,944,3395,3396,13,implies
4,945,200,201,5,b
4,946,2185,2186,10,not_b
4,947,4723,4724,3,a
4,948,5119,5120,6,xor
4,949,2123,2124,10,not_b
4,950,938,939,3,a
4,951,120,121,3,a
4,952,3945,3946,7,or
4,953,5042,5043,12,not_a
4,954,4447,4448,3,a
4,955,4335,4336,6,xor
4,956,2605,2606,11,implied_by
4,957,3907,3908,9,not_xor
4,958,5656,5657,5,b
4,959,3598,3599,4,not_implied_by
4,960,4927,4928,14,not_and
4,961,2761,2762,3,a
4,962,3920,3921,9,not_xor
4,963,313,314,1,and
4,964,1571,1572,6,xor
4,965,2623,2624,8,not_or
4,966,1911,1912,6,xor
4,967,2780,2781,4,not_implied_by
4,968,3278,3279,3,a
4,969,3583,3584,3,a
4,970,2857,2858,3,a
4,971,1103,1104,8,not_or
4,972,3947,3948,11,implied_by
4,973,1943,1944,14,not_and
4,974,1685,1686,1,and
4,975,2264,2265,8,not_or
4,976,4025,4026,3,a
4,977,3298,3299,10,not_b
4,978,5121,5122,10,not_b
4,979,1436,1437,14,not_and
4,980,4368,4369,6,xor
4,981,4857,4858,14,not_and
4,982,3208,3209,6,xor
4,983,4700,4701,12,not_a
4,984,2826,2827,13,implies
4,985,2554,2555,2,not_implies
4,986,4057,4058,8,not_or
4,987,838,839,3,a
4,988,5698,5699,6,xor
4,989,1024,1025,3,a
4,990,805,806,6,xor
4,991,3020,3021,13,implies
4,992,5353,5354,6,xor
4,993,4789,4790,3,a
4,994,3111,3112,2,not_implies
4,995,1008,1009,10,not_b
4,996,3742,3743,14,not_and
4,997,3303,3304,11,implied_by
4,998,4337,4338,1,and
4,999,4866,4867,7,or
4,1000,5990,5991,10,not_b
4,1001,5939,5940,1,and
4,1002,4769,4770,6,xor
4,1003,3534,3535,2,not_implies
4,1004,2552,2553,13,implies
4,1005,2059,2060,12,not_a
4,1006,4394,4395,6,xor
4,1007,2358,2359,14,not_and
4,1008,5091,5092,5,b
4,1009,5025,5026,3,a
4,1010,687,688,11,implied_by
4,1011,3056,3057,12,not_a
4,1012,484,485,8,not_or
4,1013,2398,2399,1,and
4,1014,1900,1901,13,implies
4,1015,1801,1802,1,and
4,1016,2842,2843,2,not_implies
4,1017,2881,2882,9,not_xor
4,1018,5622,5623,2,not_implies
4,1019,1218,1219,7,or
4,1020,5900,5901,12,not_a
4,1021,5860,5861,12,not_a
4,1022,1867,1868,6,xor
4,1023,5809,5810,6,xor
4,1024,2256,2257,12,not_a
4,1025,3875,3876,12,not_a
4,1026,4935,4936,2,not_implies
4,1027,137,138,10,not_b
4,1028,417,418,12,not_a
4,1029,4169,4170,1,and
4,1030,4275,4276,6,xor
4,1031,3664,3665,10,not_b
4,1032,5548,5549,1,and
4,1033,3844,3845,9,not_xor
4,1034,3105,3106,2,not_implies
4,1035,5931,5932,6,xor
4,1036,5430,5431,7,or
4,1037,1078,1079,3,a
4,1038,5491,5492,4,not_implied_by
4,1039,4997,4998,10,not_b
4,1040,1210,1211,8,not_or
4,1041,962,963,12,not_a
4,1042,3938,3939,6,xor
4,1043,3915,3916,12,not_a
4,1044,4419,4420,9,not_xor
4,1045,613,614,10,not_b
4,1046,3011,3012,3,a
4,1047,141,142,6,xor
4,1048,2899,2900,9,not_xor
4,1049,1100,1101,10,not_b
4,1050,645,646,6,xor
4,1051,4205,4206,2,not_implies
4,1052,5676,5677,13,implies
4,1053,1277,1278,2,not_implies
4,1054,1243,1244,11,implied_by
4,1055,3004,3005,11,implied_by
4,1056,1487,1488,13,implies
4,1057,5076,5077,6,xor
4,1058,2548,2549,14,not_and
4,1059,4004,4005,9,not_xor
4,1060,3289,3290,2,not_implies
4,1061,5388,5389,7,or
4,1062,2853,2854,2,not_implies
4,1063,1462,1463,6,xor
4,1064,5293,5294,10,not_b
4,1065,5665,5666,6,xor
4,1066,278,279,10,not_b
4,1067,1133,1134,6,xor
4,1068,3694,3695,3,a
4,1069,5054,5055,5,b
4,1070,911,912,12,not_a
4,1071,679,680,11,implied_by
4,1072,3415,3416,14,not_and
4,1073,2884,2885,4,not_implied_by
4,1074,1236,1237,12,not_a
4,1075,4858,4859,7,or
4,1076,187,188,3,a
4,1077,591,592,7,or
4,1078,5468,5469,3,a
4,1079,3803,3804,11,implied_by
4,1080,2086,2087,14,not_and
4,1081,1257,1258,3,a
4,1082,3880,3881,3,a
4,1083,3171,3172,1,and
4,1084,4862,4863,9,not_xor
4,1085,3140,3141,9,not_xor
4,1086,824,825,11,implied_by
4,1087,4130,4131,4,not_implied_by
4,1088,5223,5224,10,not_b
4,1089,3170,3171,5,b
4,1090,2900,2901,13,implies
4,1091,3481,3482,3,a
4,1092,5745,5746,10,not_b
4,1093,2073,2074,10,not_b
4,1094,5925,5926,9,not_xor
4,1095,665,666,6,xor
4,1096,5701,5702,8,not_or
4,1097,5124,5125,3,a
4,1098,2923,2924,5,b
4,1099,4522,4523,10,not_b
4,1100,1882,1883,6,xor
4,1101,2150,2151,3,a
4,1102,1244,1245,7,or
4,1103,5811,5812,3,a
4,1104,2089,2090,13,implies
4,1105,5539,5540,12,not_a
4,1106,2227,2228,12,not_a
4,1107,735,736,5,b
4,1108,1816,1817,6,xor
4,1109,2461,2462,5,b
4,1110,5695,5696,3,a
4,1111,1564,1565,1,and
4,1112,3260,3261,7,or
4,1113,5204,5205,12,not_a
4,1114,1203,1204,6,xor
4,1115,5092,5093,6,xor
4,1116,2854,2855,13,implies
4,1117,3960,3961,13,implies
4,1118,3975,3976,10,not_b
4,1119,786,787,10,not_b
4,1120,3336,3337,10,not_b
4,1121,2308,2309,10,not_b
4,1122,5060,5061,10,not_b
4,1123,5170,5171,14,not_and
4,1124,1455,1456,8,not_or
4,1125,2977,2978,8,not_or
4,1126,4011,4012,12,not_a
4,1127,931,932,5,b
4,1128,3881,3882,14,not_and
4,1129,2425,2426,12,not_a
4,1130,48,49,14,not_and
4,1131,2286,2287,1,and
4,1132,5585,5586,4,not_implied_by
4,1133,4111,4112,8,not_or
4,1134,1165,1166,6,xor
4,1135,1513,1514,12,not_a
4,1136,5139,5140,10,not_b
4,1137,4094,4095,5,b
4,1138,1739,1740,3,a
4,1139,3030,3031,12,not_a
4,1140,3152,3153,9,not_xor
4,1141,5370,5371,9,not_xor
4,1142,1522,1523,12,not_a
4,1143,5593,5594,6,xor
4,1144,787,788,3,a
4,1145,2038,2039,9,not_xor
4,1146,5906,5907,5,b
4,1147,667,668,10,not_b
4,1148,2143,2144,5,b
4,1149,5647,5648,5,b
4,1150,2402,2403,9,not_xor
4,1151,3533,3534,10,not_b
4,1152,3291,3292,8,not_or
4,1153,2644,2645,4,not_implied_by
4,1154,2363,2364,13,implies
4,1155,4441,4442,3,a
4,1156,626,627,3,a
4,1157,1824,1825,12,not_a
4,1158,3508,3509,6,xor
4,1159,2896,2897,4,not_implied_by
4,1160,857,858,14,not_and
4,1161,3577,3578,7,or
4,1162,3003,3004,10,not_b
4,1163,5177,5178,2,not_implies
4,1164,2517,2518,9,not_xor
4,1165,2406,2407,10,not_b
4,1166,105,106,9,not_xor
4,1167,4052,4053,12,not_a
4,1168,1435,1436,7,or
4,1169,3931,3932,12,not_a
4,1170,4409,4410,2,not_implies
4,1171,5781,5782,10,not_b
4,1172,1885,1886,9,not_xor
4,1173,4686,4687,3,a
4,1174,163,164,13,implies
4,1175,389,390,3,a
4,1176,2874,2875,7,or
4,1177,2728,2729,10,not_b
4,1178,45,46,5,b
4,1179,529,530,10,not_b
4,1180,4049,4050,4,not_implied_by
4,1181,1575,1576,8,not_or
4,1182,4678,4679,3,a
4,1183,2218,2219,10,not_b
4,1184,5487,5488,2,not_implies
4,1185,3972,3973,1,and
4,1186,20,21,7,or
4,1187,2408,2409,8,not_or
4,1188,4826,4827,3,a
4,1189,1634,1635,9,not_xor
4,1190,813,814,9,not_xor
4,1191,968,969,3,a
4,1192,2694,2695,3,a
4,1193,780,781,9,not_xor
4,1194,2784,2785,12,not_a
4,1195,1945,1946,7,or
4,1196,922,923,10,not_b
4,1197,3888,3889,3,a
4,1198,1011,1012,9,not_xor
4,1199,3925,3926,9,not_xor
4,1200,5729,5730,14,not_and
4,1201,499,500,3,a
4,1202,3873,3874,4,not_implied_by
4,1203,2613,2614,10,not_b
4,1204,1404,1405,3,a
4,1205,3905,3906,6,xor
4,1206,4806,4807,4,not_implied_by
4,1207,388,389,13,implies
4,1208,4427,4428,6,xor
4,1209,4200,4201,6,xor
4,1210,4495,4496,9,not_xor
4,1211,5614,5615,9,not_xor
4,1212,4916,4917,10,not_b
4,1213,3838,3839,4,not_implied_by
4,1214,510,511,11,implied_by
4,1215,4059,4060,9,not_xor
4,1216,2773,2774,5,b
4,1217,4908,4909,3,a
4,1218,104,105,7,or
4,1219,1168,1169,10,not_b
4,1220,1145,1146,6,xor
4,1221,5966,5967,4,not_implied_by
4,1222,1598,1599,13,implies
4,1223,1055,1056,9,not_xor
4,1224,164,165,9,not_xor
4,1225,3936,3937,11,implied_by
4,1226,789,790,14,not_and
4,1227,4748,4749,6,xor
4,1228,4022,4023,5,b
4,1229,4956,4957,14,not_and
4,1230,1314,1315,1,and
4,1231,4469,4470,5,b
4,1232,5792,5793,8,not_or
4,1233,4736,4737,7,or
4,1234,5709,5710,10,not_b
4,1235,5638,5639,7,or
4,1236,2690,2691,1,and
4,1237,4965,4966,2,not_implies
4,1238,156,157,5,b
4,1239,2533,2534,5,b
4,1240,673,674,5,b
4,1241,5337,5338,11,implied_by
4,1242,1298,1299,5,b
4,1243,950,951,6,xor
4,1244,54,55,12,not_a
4,1245,4429,4430,10,not_b
4,1246,4284,4285,12,not_a
4,1247,5186,5187,10,not_b
4,1248,5211,5212,2,not_implies
4,1249,3782,3783,5,b
4,1250,508,509,6,xor
4,1251,2313,2314,10,not_b
4,1252,4305,4306,1,and
4,1253,2521,2522,5,b
4,1254,4476,4477,6,xor
4,1255,799,800,8,not_or
4,1256,1556,1557,9,not_xor
4,1257,3227,3228,2,not_implies
4,1258,242,243,10,not_b
4,1259,949,950,10,not_b
4,1260,4269,4270,14,not_and
4,1261,942,943,5,b
4,1262,5486,5487,10,not_b
4,1263,1829,1830,12,not_a
4,1264,3607,3608,12,not_a
4,1265,607,608,3,a
4,1266,5117,5118,13,implies
4,1267,5166,5167,5,b
4,1268,4019,4020,6,xor
4,1269,2132,2133,6,xor
4,1270,3427,3428,9,not_xor
4,1271,3653,3654,2,not_implies
4,1272,1353,1354,12,not_a
4,1273,2871,2872,12,not_a
4,1274,1437,1438,9,not_xor
4,1275,217,218,9,not_xor
4,1276,5426,5427,6,xor
4,1277,1734,1735,12,not_a
4,1278,5710,5711,6,xor
4,1279,5485,5486,8,not_or
4,1280,3737,3738,12,not_a
4,1281,4397,4398,13,implies
4,1282,3419,3420,12,not_a
4,1283,3884,3885,9,not_xor
4,1284,3756,3757,12,not_a
4,1285,5641,5642,7,or
4,1286,2745,2746,5,b
4,1287,4188,4189,10,not_b
4,1288,272,273,9,not_xor
4,1289,4658,4659,14,not_and
4,1290,2446,2447,7,or
4,1291,2760,2761,5,b
4,1292,4440,4441,2,not_implies
4,1293,5206,5207,4,not_implied_by
4,1294,4347,4348,9,not_xor
4,1295,3477,3478,1,and
4,1296,2096,2097,5,b
4,1297,2638,2639,1,and
4,1298,4308,4309,5,b
4,1299,5559,5560,9,not_xor
4,1300,1958,1959,6,xor
4,1301,100,101,8,not_or
4,1302,3509,3510,8,not_or
4,1303,1573,1574,3,a
4,1304,569,570,3,a
4,1305,4555,4556,9,not_xor
4,1306,757,758,7,or
4,1307,4450,4451,10,not_b
4,1308,5959,5960,3,a
4,1309,267,268,4,not_implied_by
4,1310,2765,2766,7,or
4,1311,4624,4625,4,not_implied_by
4,1312,4753,4754,7,or
4,1313,2705,2706,5,b
4,1314,99,100,2,not_implies
4,1315,2744,2745,4,not_implied_by
4,1316,3733,3734,14,not_and
4,1317,5705,5706,9,not_xor
4,1318,865,866,5,b
4,1319,5520,5521,5,b
4,1320,2005,2006,5,b
4,1321,102,103,13,implies
4,1322,4493,4494,12,not_a
4,1323,4719,4720,9,not_xor
4,1324,4910,4911,3,a
4,1325,690,691,1,and
4,1326,1480,1481,10,not_b
4,1327,1927,1928,12,not_a
4,1328,4313,4314,9,not_xor
4,1329,1091,1092,9,not_xor
4,1330,623,624,3,a
4,1331,5632,5633,5,b
4,1332,4911,4912,6,xor
4,1333,1881,1882,11,implied_by
4,1334,4578,4579,14,not_and
4,1335,5108,5109,9,not_xor
4,1336,230,231,9,not_xor
4,1337,1316,1317,9,not_xor
4,1338,5940,5941,8,not_or
4,1339,3280,3281,10,not_b
4,1340,356,357,5,b
4,1341,2155,2156,4,not_implied_by
4,1342,2025,2026,2,not_implies
4,1343,3273,3274,9,not_xor
4,1344,5865,5866,10,not_b
4,1345,532,533,11,implied_by
4,1346,4786,4787,4,not_implied_by
4,1347,5938,5939,2,not_implies
4,1348,424,425,2,not_implies
4,1349,3100,3101,7,or
4,1350,4292,4293,13,implies
4,1351,5358,5359,9,not_xor
4,1352,2078,2079,1,and
4,1353,2447,2448,11,implied_by
4,1354,2156,2157,10,not_b
4,1355,2297,2298,1,and
4,1356,5423,5424,13,implies
4,1357,2384,2385,6,xor
4,1358,3889,3890,1,and
4,1359,2451,2452,14,not_and
4,1360,3501,3502,11,implied_by
4,1361,2915,2916,10,not_b
4,1362,4645,4646,9,not_xor
4,1363,4799,4800,12,not_a
4,1364,262,263,13,implies
4,1365,2892,2893,9,not_xor
4,1366,779,780,12,not_a
4,1367,2924,2925,12,not_a
4,1368,4995,4996,2,not_implies
4,1369,4263,4264,2,not_implies
4,1370,2636,2637,5,b
4,1371,5680,5681,3,a
4,1372,867,868,10,not_b
4,1373,4089,4090,3,a
4,1374,5031,5032,10,not_b
4,1375,5194,5195,14,not_and
4,1376,4191,4192,5,b
4,1377,2252,2253,5,b
4,1378,391,392,9,not_xor
4,1379,4,5,11,implied_by
4,1380,3740,3741,5,b
4,1381,355,356,6,xor
4,1382,2654,2655,9,not_xor
4,1383,5220,5221,10,not_b
4,1384,3051,3052,6,xor
4,1385,4298,4299,10,not_b
4,1386,582,583,14,not_and
4,1387,3204,3205,10,not_b
4,1388,5578,5579,6,xor
4,1389,851,852,13,implies
4,1390,2647,2648,9,not_xor
4,1391,3651,3652,6,xor
4,1392,4491,4492,5,b
4,1393,4868,4869,13,implies
4,1394,2267,2268,4,not_implied_by
4,1395,1696,1697,11,implied_by
4,1396,5812,5813,14,not_and
4,1397,4496,4497,10,not_b
4,1398,3425,3426,4,not_implied_by
4,1399,3486,3487,12,not_a
4,1400,1633,1634,3,a
4,1401,1315,1316,9,not_xor
4,1402,2154,2155,2,not_implies
4,1403,295,296,14,not_and
4,1404,3656,3657,6,xor
4,1405,2942,2943,3,a
4,1406,4609,4610,10,not_b
4,1407,3871,3872,3,a
4,1408,1770,1771,9,not_xor
4,1409,376,377,9,not_xor
4,1410,1017,1018,12,not_a
4,1411,1645,1646,4,not_implied_by
4,1412,5277,5278,10,not_b
4,1413,959,960,4,not_implied_by
4,1414,4258,4259,10,not_b
4,1415,1032,1033,2,not_implies
4,1416,958,959,1,and
4,1417,4926,4927,9,not_xor
4,1418,452,453,12,not_a
4,1419,2581,2582,6,xor
4,1420,681,682,3,a
4,1421,14,15,6,xor
4,1422,488,489,3,a
4,1423,989,990,7,or
4,1424,1899,1900,9,not_xor
4,1425,1528,1529,5,b
4,1426,428,429,10,not_b
4,1427,2512,2513,10,not_b
4,1428,151,152,2,not_implies
4,1429,2381,2382,9,not_xor
4,1430,3302,3303,10,not_b
4,1431,2932,2933,10,not_b
4,1432,4881,4882,12,not_a
4,1433,2035,2036,13,implies
4,1434,5533,5534,2,not_implies
4,1435,4524,4525,6,xor
4,1436,4733,4734,6,xor
4,1437,993,994,11,implied_by
4,1438,1398,1399,4,not_implied_by
4,1439,3540,3541,11,implied_by
4,1440,3723,3724,12,not_a
4,1441,1540,1541,3,a
4,1442,5290,5291,5,b
4,1443,3041,3042,12,not_a
4,1444,651,652,3,a
4,1445,2852,2853,3,a
4,1446,2985,2986,6,xor
4,1447,3380,3381,6,xor
4,1448,3942,3943,5,b
4,1449,5643,5644,7,or
4,1450,1405,1406,4,not_implied_by
4,1451,1479,1480,12,not_a
4,1452,628,629,9,not_xor
4,1453,2535,2536,6,xor
4,1454,299,300,6,xor
4,1455,4023,4024,13,implies
4,1456,3910,3911,3,a
4,1457,2317,2318,6,xor
4,1458,2837,2838,5,b
4,1459,3478,3479,10,not_b
4,1460,4590,4591,13,implies
4,1461,2516,2517,6,xor
4,1462,4838,4839,6,xor
4,1463,2799,2800,1,and
4,1464,2641,2642,6,xor
4,1465,5115,5116,5,b
4,1466,2188,2189,3,a
4,1467,1209,1210,2,not_implies
4,1468,4098,4099,8,not_or
4,1469,323,324,14,not_and
4,1470,2803,2804,12,not_a
4,1471,2199,2200,10,not_b
4,1472,2259,2260,1,and
4,1473,4290,4291,5,b
4,1474,3708,3709,9,not_xor
4,1475,4961,4962,3,a
4,1476,5214,5215,13,implies
4,1477,4851,4852,5,b
4,1478,5335,5336,5,b
4,1479,3090,3091,7,or
4,1480,1579,1580,11,implied_by
4,1481,1577,1578,6,xor
4,1482,5579,5580,2,not_implies
4,1483,97,98,5,b
4,1484,4382,4383,10,not_b
4,1485,1361,1362,12,not_a
4,1486,5685,5686,7,or
4,1487,5309,5310,8,not_or
4,1488,5187,5188,6,xor
4,1489,4732,4733,3,a
4,1490,1531,1532,12,not_a
4,1491,190,191,5,b
4,1492,2476,2477,6,xor
4,1493,5490,5491,6,xor
4,1494,4690,4691,8,not_or
4,1495,1559,1560,1,and
4,1496,2729,2730,11,implied_by
4,1497,1129,1130,5,b
4,1498,5600,5601,1,and
4,1499,4823,4824,10,not_b
4,1500,2549,2550,3,a
4,1501,3370,3371,13,implies
4,1502,4186,4187,9,not_xor
4,1503,3157,3158,10,not_b
4,1504,3639,3640,2,not_implies
4,1505,5547,5548,3,a
4,1506,750,751,14,not_and
4,1507,5073,5074,13,implies
4,1508,4376,4377,5,b
4,1509,1319,1320,12,not_a
4,1510,2063,2064,10,not_b
4,1511,3596,3597,13,implies
4,1512,2808,2809,4,not_implied_by
4,1513,2170,2171,12,not_a
4,1514,5538,5539,3,a
4,1515,4362,4363,3,a
4,1516,3063,3064,11,implied_by
4,1517,1722,1723,9,not_xor
4,1518,2889,2890,4,not_implied_by
4,1519,4730,4731,13,implies
4,1520,3471,3472,12,not_a
4,1521,3929,3930,3,a
4,1522,3222,3223,3,a
4,1523,5568,5569,5,b
4,1524,3757,3758,3,a
4,1525,5379,5380,7,or
4,1526,1620,1621,13,implies
4,1527,2525,2526,10,not_b
4,1528,5339,5340,12,not_a
4,1529,3309,3310,12,not_a
4,1530,5645,5646,5,b
4,1531,3672,3673,10,not_b
4,1532,4876,4877,14,not_and
4,1533,5777,5778,1,and
4,1534,894,895,14,not_and
4,1535,4835,4836,9,not_xor
4,1536,3877,3878,6,xor
4,1537,5349,5350,10,not_b
4,1538,3959,3960,12,not_a
4,1539,5845,5846,6,xor
4,1540,3814,3815,10,not_b
4,1541,746,747,3,a
4,1542,1572,1573,5,b
4,1543,2142,2143,4,not_implied_by
4,1544,2863,2864,10,not_b
4,1545,2522,2523,6,xor
4,1546,443,444,10,not_b
4,1547,3999,4000,5,b
4,1548,1175,1176,9,not_xor
4,1549,3595,3596,9,not_xor
4,1550,605,606,1,and
4,1551,2292,2293,9,not_xor
4,1552,5613,5614,9,not_xor
4,1553,2713,2714,14,not_and
4,1554,3504,3505,1,and
4,1555,1793,1794,5,b
4,1556,4801,4802,3,a
4,1557,3592,3593,3,a
4,1558,5682,5683,7,or
4,1559,1510,1511,1,and
4,1560,5077,5078,10,not_b
4,1561,1458,1459,1,and
4,1562,3654,3655,11,implied_by
4,1563,373,374,6,xor
4,1564,3092,3093,10,not_b
4,1565,4708,4709,9,not_xor
4,1566,4771,4772,9,not_xor
4,1567,1594,1595,13,implies
4,1568,3874,3875,13,implies
4,1569,1859,1860,11,implied_by
4,1570,3926,3927,4,not_implied_by
4,1571,544,545,7,or
4,1572,1961,1962,14,not_and
4,1573,303,304,2,not_implies
4,1574,3963,3964,1,and
4,1575,1317,1318,7,or
4,1576,5917,5918,13,implies
4,1577,1637,1638,10,not_b
4,1578,1028,1029,3,a
4,1579,5391,5392,8,not_or
4,1580,1269,1270,8,not_or
4,1581,302,303,3,a
4,1582,4843,4844,7,or
4,1583,336,337,12,not_a
4,1584,1414,1415,9,not_xor
4,1585,5007,5008,1,and
4,1586,870,871,6,xor
4,1587,157,158,5,b
4,1588,2592,2593,12,not_a
4,1589,707,708,1,and
4,1590,1503,1504,4,not_implied_by
4,1591,251,252,6,xor
4,1592,2595,2596,12,not_a
4,1593,935,936,6,xor
4,1594,762,763,13,implies
4,1595,1704,1705,8,not_or
4,1596,2050,2051,3,a
4,1597,5791,5792,4,not_implied_by
4,1598,4145,4146,14,not_and
4,1599,3039,3040,6,xor
4,1600,5298,5299,6,xor
4,1601,3600,3601,3,a
4,1602,823,824,3,a
4,1603,1906,1907,12,not_a
4,1604,2212,2213,10,not_b
4,1605,3922,3923,3,a
4,1606,4468,4469,9,not_xor
4,1607,5741,5742,2,not_implies
4,1608,1247,1248,8,not_or
4,1609,2092,2093,13,implies
4,1610,159,160,9,not_xor
4,1611,792,793,6,xor
4,1612,2589,2590,10,not_b
4,1613,397,398,3,a
4,1614,1815,1816,3,a
4,1615,4840,4841,9,not_xor
4,1616,1123,1124,6,xor
4,1617,4367,4368,2,not_implies
4,1618,5985,5986,6,xor
4,1619,1122,1123,12,not_a
4,1620,1609,1610,7,or
4,1621,5721,5722,12,not_a
4,1622,294,295,3,a
4,1623,3450,3451,6,xor
4,1624,2094,2095,5,b
4,1625,2414,2415,13,implies
4,1626,3786,3787,8,not_or
4,1627,1822,1823,12,not_a
4,1628,1375,1376,2,not_implies
4,1629,1593,1594,14,not_and
4,1630,207,208,10,not_b
4,1631,925,926,7,or
4,1632,3359,3360,12,not_a
4,1633,1617,1618,3,a
4,1634,4510,4511,12,not_a
4,1635,1650,1651,3,a
4,1636,1699,1700,13,implies
4,1637,1224,1225,10,not_b
4,1638,4085,4086,12,not_a
4,1639,4508,4509,8,not_or
4,1640,1201,1202,6,xor
4,1641,3731,3732,9,not_xor
4,1642,5831,5832,3,a
4,1643,1443,1444,5,b
4,1644,320,321,3,a
4,1645,4977,4978,5,b
4,1646,921,922,8,not_or
4,1647,4939,4940,8,not_or
4,1648,1251,1252,12,not_a
4,1649,3763,3764,7,or
4,1650,3719,3720,2,not_implies
4,1651,2076,2077,9,not_xor
4,1652,3330,3331,10,not_b
4,1653,4972,4973,7,or
4,1654,5346,5347,12,not_a
4,1655,1729,1730,7,or
4,1656,5297,5298,5,b
4,1657,92,93,4,not_implied_by
4,1658,528,529,6,xor
4,1659,269,270,9,not_xor
4,1660,168,169,12,not_a
4,1661,2975,2976,6,xor
4,1662,3163,3164,1,and
4,1663,5174,5175,6,xor
4,1664,380,381,12,not_a
4,1665,5726,5727,9,not_xor
4,1666,2612,2613,13,implies
4,1667,1417,1418,8,not_or
4,1668,654,655,12,not_a
4,1669,4860,4861,5,b
4,1670,2327,2328,13,implies
4,1671,4324,4325,9,not_xor
4,1672,2737,2738,3,a
4,1673,4575,4576,2,not_implies
4,1674,5088,5089,3,a
4,1675,983,984,4,not_implied_by
4,1676,3168,3169,2,not_implies
4,1677,330,331,12,not_a
4,1678,2651,2652,6,xor
4,1679,923,924,13,implies
4,1680,4199,4200,4,not_implied_by
4,1681,3652,3653,7,or
4,1682,1798,1799,5,b
4,1683,56,57,3,a
4,1684,5013,5014,14,not_and
4,1685,1104,1105,4,not_implied_by
4,1686,4716,4717,3,a
4,1687,3408,3409,14,not_and
4,1688,1266,1267,12,not_a
4,1689,2201,2202,14,not_and
4,1690,2165,2166,10,not_b
4,1691,562,563,11,implied_by
4,1692,2751,2752,13,implies
4,1693,1768,1769,13,implies
4,1694,2591,2592,14,not_and
4,1695,259,260,3,a
4,1696,2830,2831,12,not_a
4,1697,2928,2929,5,b
4,1698,1702,1703,4,not_implied_by
4,1699,881,882,7,or
4,1700,5664,5665,12,not_a
4,1701,4009,4010,12,not_a
4,1702,365,366,2,not_implies
4,1703,3194,3195,1,and
4,1704,4081,4082,14,not_and
4,1705,1500,1501,14,not_and
4,1706,1114,1115,6,xor
4,1707,3046,3047,12,not_a
4,1708,1944,1945,9,not_xor
4,1709,3112,3113,4,not_implied_by
4,1710,611,612,10,not_b
4,1711,4644,4645,10,not_b
4,1712,3342,3343,12,not_a
4,1713,3350,3351,3,a
4,1714,5584,5585,6,xor
4,1715,3572,3573,12,not_a
4,1716,4772,4773,8,not_or
4,1717,3659,3660,5,b
4,1718,4792,4793,13,implies
4,1719,1569,1570,8,not_or
4,1720,5433,5434,5,b
4,1721,2002,2003,13,implies
4,1722,1338,1339,14,not_and
4,1723,2530,2531,10,not_b
4,1724,2630,2631,10,not_b
4,1725,5065,5066,14,not_and
4,1726,5616,5617,13,implies
4,1727,1063,1064,2,not_implies
4,1728,378,379,6,xor
4,1729,689,690,12,not_a
4,1730,587,588,12,not_a
4,1731,4249,4250,9,not_xor
4,1732,4264,4265,2,not_implies
4,1733,1082,1083,5,b
4,1734,3391,3392,8,not_or
4,1735,5904,5905,8,not_or
4,1736,2978,2979,13,implies
4,1737,1371,1372,9,not_xor
4,1738,511,512,10,not_b
4,1739,3683,3684,7,or
4,1740,1979,1980,10,not_b
4,1741,144,145,2,not_implies
4,1742,4302,4303,4,not_implied_by
4,1743,209,210,6,xor
4,1744,1381,1382,1,and
4,1745,3033,3034,10,not_b
4,1746,4853,4854,6,xor
4,1747,5562,5563,12,not_a
4,1748,79,80,7,or
4,1749,5933,5934,14,not_and
4,1750,1230,1231,8,not_or
4,1751,4021,4022,13,implies
4,1752,5134,5135,12,not_a
4,1753,1489,1490,12,not_a
4,1754,36,37,10,not_b
4,1755,728,729,13,implies
4,1756,598,599,10,not_b
4,1757,2864,2865,1,and
4,1758,4679,4680,3,a
4,1759,3996,3997,3,a
4,1760,5916,5917,10,not_b
4,1761,2352,2353,8,not_or
4,1762,3154,3155,3,a
4,1763,1495,1496,13,implies
4,1764,826,827,12,not_a
4,1765,1111,1112,13,implies
4,1766,518,519,1,and
4,1767,719,720,12,not_a
4,1768,4988,4989,3,a
4,1769,4709,4710,12,not_a
4,1770,4756,4757,10,not_b
4,1771,964,965,5,b
4,1772,630,631,9,not_xor
4,1773,3351,3352,2,not_implies
4,1774,281,282,12,not_a
4,1775,3644,3645,5,b
4,1776,4747,4748,9,not_xor
4,1777,4770,4771,2,not_implies
4,1778,2204,2205,14,not_and
4,1779,3153,3154,5,b
4,1780,1254,1255,3,a
4,1781,586,587,6,xor
4,1782,817,818,12,not_a
4,1783,165,166,4,not_implied_by
4,1784,3834,3835,9,not_xor
4,1785,5965,5966,14,not_and
4,1786,3476,3477,8,not_or
4,1787,5560,5561,9,not_xor
4,1788,3645,3646,3,a
4,1789,2337,2338,5,b
4,1790,600,601,14,not_and
4,1791,5919,5920,8,not_or
4,1792,1069,1070,2,not_implies
4,1793,4345,4346,4,not_implied_by
4,1794,3225,3226,3,a
4,1795,3574,3575,13,implies
4,1796,2052,2053,11,implied_by
4,1797,1844,1845,6,xor
4,1798,40,41,2,not_implies
4,1799,4839,4840,10,not_b
4,1800,2246,2247,5,b
4,1801,308,309,6,xor
4,1802,1378,1379,12,not_a
4,1803,3217,3218,6,xor
4,1804,5819,5820,9,not_xor
4,1805,4099,4100,12,not_a
4,1806,379,380,8,not_or
4,1807,3277,3278,10,not_b
4,1808,1992,1993,14,not_and
4,1809,5837,5838,12,not_a
4,1810,3559,3560,3,a
4,1811,4076,4077,8,not_or
4,1812,4125,4126,12,not_a
4,1813,809,810,10,not_b
4,1814,5790,5791,10,not_b
4,1815,3744,3745,10,not_b
4,1816,4759,4760,6,xor
4,1817,2509,2510,3,a
4,1818,2941,2942,9,not_xor
4,1819,2968,2969,13,implies
4,1820,1018,1019,9,not_xor
4,1821,1536,1537,10,not_b
4,1822,5071,5072,6,xor
4,1823,2622,2623,14,not_and
4,1824,3954,3955,6,xor
4,1825,2014,2015,10,not_b
4,1826,3542,3543,14,not_and
4,1827,836,837,9,not_xor
4,1828,1647,1648,3,a
4,1829,3987,3988,1,and
4,1830,1333,1334,2,not_implies
4,1831,3120,3121,1,and
4,1832,3825,3826,8,not_or
4,1833,435,436,9,not_xor
4,1834,1921,1922,3,a
4,1835,727,728,10,not_b
4,1836,4947,4948,13,implies
4,1837,2306,2307,8,not_or
4,1838,2894,2895,1,and
4,1839,2019,2020,7,or
4,1840,4516,4517,10,not_b
4,1841,909,910,2,not_implies
4,1842,4761,4762,14,not_and
4,1843,4800,4801,12,not_a
4,1844,3833,3834,12,not_a
4,1845,3730,3731,9,not_xor
4,1846,4934,4935,11,implied_by
4,1847,5989,5990,13,implies
4,1848,5903,5904,12,not_a
4,1849,1401,1402,14,not_and
4,1850,4594,4595,6,xor
4,1851,1258,1259,14,not_and
4,1852,5249,5250,4,not_implied_by
4,1853,3109,3110,5,b
4,1854,5143,5144,10,not_b
4,1855,2989,2990,10,not_b
4,1856,5546,5547,5,b
4,1857,2905,2906,9,not_xor
4,1858,5531,5532,7,or
4,1859,1756,1757,7,or
4,1860,1099,1100,5,b
4,1861,736,737,3,a
4,1862,5542,5543,3,a
4,1863,4611,4612,11,implied_by
4,1864,142,143,3,a
4,1865,3221,3222,10,not_b
4,1866,2691,2692,7,or
4,1867,5384,5385,2,not_implies
4,1868,3456,3457,1,and
4,1869,154,155,10,not_b
4,1870,5226,5227,1,and
4,1871,2953,2954,14,not_and
4,1872,2367,2368,10,not_b
4,1873,5412,5413,10,not_b
4,1874,3341,3342,9,not_xor
4,1875,906,907,5,b
4,1876,2265,2266,5,b
4,1877,2526,2527,12,not_a
4,1878,5540,5541,9,not_xor
4,1879,3849,3850,9,not_xor
4,1880,620,621,9,not_xor
4,1881,5271,5272,11,implied_by
4,1882,3513,3514,6,xor
4,1883,5508,5509,4,not_implied_by
4,1884,1303,1304,3,a
4,1885,3449,3450,7,or
4,1886,5980,5981,13,implies
4,1887,4087,4088,9,not_xor
4,1888,5850,5851,10,not_b
4,1889,5888,5889,14,not_and
4,1890,4587,4588,5,b
4,1891,4075,4076,12,not_a
4,1892,2667,2668,13,implies
4,1893,839,840,5,b
4,1894,653,654,13,implies
4,1895,5168,5169,12,not_a
4,1896,880,881,15,one
4,1897,602,603,11,implied_by
4,1898,4849,4850,11,implied_by
4,1899,2113,2114,14,not_and
4,1900,130,131,6,xor
4,1901,4044,4045,6,xor
4,1902,5856,5857,9,not_xor
4,1903,3468,3469,4,not_implied_by
4,1904,1697,1698,9,not_xor
4,1905,3700,3701,2,not_implies
4,1906,609,610,11,implied_by
4,1907,1794,1795,3,a
4,1908,5325,5326,6,xor
4,1909,4033,4034,14,not_and
4,1910,2464,2465,5,b
4,1911,1548,1549,12,not_a
4,1912,2366,2367,10,not_b
4,1913,2782,2783,9,not_xor
4,1914,4560,4561,9,not_xor
4,1915,2739,2740,15,one
4,1916,610,611,2,not_implies
4,1917,5979,5980,8,not_or
4,1918,3228,3229,6,xor
4,1919,3520,3521,4,not_implied_by
4,1920,3418,3419,3,a
4,1921,4649,4650,9,not_xor
4,1922,4828,4829,10,not_b
4,1923,2725,2726,12,not_a
4,1924,61,62,3,a
4,1925,646,647,8,not_or
4,1926,3248,3249,4,not_implied_by
4,1927,4297,4298,5,b
4,1928,1615,1616,9,not_xor
4,1929,889,890,14,not_and
4,1930,2208,2209,10,not_b
4,1931,1087,1088,10,not_b
4,1932,1890,1891,6,xor
4,1933,5515,5516,6,xor
4,1934,5082,5083,9,not_xor
4,1935,3113,3114,5,b
4,1936,3068,3069,9,not_xor
4,1937,2072,2073,4,not_implied_by
4,1938,3495,3496,2,not_implies
4,1939,3751,3752,3,a
4,1940,3554,3555,8,not_or
4,1941,4711,4712,5,b
4,1942,2114,2115,12,not_a
4,1943,5493,5494,12,not_a
4,1944,1791,1792,10,not_b
4,1945,1795,1796,5,b
4,1946,4580,4581,13,implies
4,1947,2778,2779,9,not_xor
4,1948,1439,1440,10,not_b
4,1949,4017,4018,3,a
4,1950,315,316,11,implied_by
4,1951,1845,1846,8,not_or
4,1952,2607,2608,5,b
4,1953,4370,4371,4,not_implied_by
4,1954,37,38,9,not_xor
4,1955,1328,1329,13,implies
4,1956,1392,1393,12,not_a
4,1957,5549,5550,8,not_or
4,1958,5040,5041,4,not_implied_by
4,1959,1134,1135,2,not_implies
4,1960,2149,2150,14,not_and
4,1961,3738,3739,14,not_and
4,1962,2486,2487,8,not_or
4,1963,2677,2678,14,not_and
4,1964,2716,2717,12,not_a
4,1965,5751,5752,3,a
4,1966,3374,3375,4,not_implied_by
4,1967,717,718,5,b
4,1968,3325,3326,9,not_xor
4,1969,2683,2684,6,xor
4,1970,3823,3824,2,not_implies
4,1971,2409,2410,7,or
4,1972,1964,1965,10,not_b
4,1973,3146,3147,3,a
4,1974,22,23,9,not_xor
4,1975,2186,2187,3,a
4,1976,4371,4372,10,not_b
4,1977,225,226,1,and
4,1978,4195,4196,14,not_and
4,1979,396,397,12,not_a
4,1980,4160,4161,13,implies
4,1981,350,351,2,not_implies
4,1982,3741,3742,8,not_or
4,1983,3249,3250,5,b
4,1984,4630,4631,6,xor
4,1985,4438,4439,3,a
4,1986,5190,5191,8,not_or
4,1987,1194,1195,13,implies
4,1988,5725,5726,13,implies
4,1989,3783,3784,8,not_or
4,1990,1552,1553,9,not_xor
4,1991,239,240,11,implied_by
4,1992,1868,1869,9,not_xor
4,1993,2397,2398,5,b
4,1994,486,487,6,xor
4,1995,3049,3050,5,b
4,1996,21,22,9,not_xor
4,1997,601,602,12,not_a
4,1998,2462,2463,12,not_a
4,1999,2065,2066,10,not_b
4,2000,4184,4185,4,not_implied_by
4,2001,5847,5848,3,a
4,2002,5070,5071,12,not_a
4,2003,4300,4301,6,xor
4,2004,3148,3149,7,or
4,2005,5098,5099,1,and
4,2006,907,908,9,not_xor
4,2007,3337,3338,9,not_xor
4,2008,208,209,2,not_implies
4,2009,3713,3714,10,not_b
4,2010,2266,2267,10,not_b
4,2011,199,200,2,not_implies
4,2012,2489,2490,2,not_implies
4,2013,3114,3115,5,b
4,2014,5475,5476,8,not_or
4,2015,1482,1483,10,not_b
4,2016,2775,2776,9,not_xor
4,2017,664,665,12,not_a
4,2018,5892,5893,6,xor
4,2019,236,237,9,not_xor
4,2020,1986,1987,12,not_a
4,2021,1589,1590,3,a
4,2022,1079,1080,7,or
4,2023,5902,5903,3,a
4,2024,4796,4797,10,not_b
4,2025,2274,2275,11,implied_by
4,2026,2277,2278,7,or
4,2027,5273,5274,9,not_xor
4,2028,3684,3685,6,xor
4,2029,4986,4987,5,b
4,2030,5561,5562,0,zero
4,2031,3715,3716,4,not_implied_by
4,2032,453,454,12,not_a
4,2033,3772,3773,10,not_b
4,2034,5029,5030,10,not_b
4,2035,1804,1805,13,implies
4,2036,4608,4609,10,not_b
4,2037,1261,1262,3,a
4,2038,5464,5465,6,xor
4,2039,1113,1114,3,a
4,2040,2001,2002,7,or
4,2041,2536,2537,3,a
4,2042,493,494,3,a
4,2043,4656,4657,12,not_a
4,2044,3240,3241,12,not_a
4,2045,1828,1829,5,b
4,2046,905,906,1,and
4,2047,5251,5252,10,not_b
4,2048,3837,3838,12,not_a
4,2049,2843,2844,12,not_a
4,2050,2629,2630,0,zero
4,2051,752,753,10,not_b
4,2052,3629,3630,10,not_b
4,2053,3444,3445,2,not_implies
4,2054,2664,2665,4,not_implied_by
4,2055,2844,2845,13,implies
4,2056,1605,1606,14,not_and
4,2057,2192,2193,8,not_or
4,2058,4120,4121,6,xor
4,2059,1071,1072,5,b
4,2060,1276,1277,14,not_and
4,2061,2501,2502,5,b
4,2062,2856,2857,6,xor
4,2063,4494,4495,9,not_xor
4,2064,3661,3662,9,not_xor
4,2065,751,752,4,not_implied_by
4,2066,2415,2416,13,implies
4,2067,2898,2899,9,not_xor
4,2068,5459,5460,11,implied_by
4,2069,2805,2806,6,xor
4,2070,1337,1338,13,implies
4,2071,3047,3048,10,not_b
4,2072,2405,2406,5,b
4,2073,3417,3418,9,not_xor
4,2074,4712,4713,3,a
4,2075,1037,1038,1,and
4,2076,2908,2909,12,not_a
4,2077,4048,4049,12,not_a
4,2078,1628,1629,9,not_xor
4,2079,3390,3391,12,not_a
4,2080,3334,3335,6,xor
4,2081,5848,5849,4,not_implied_by
4,2082,559,560,3,a
4,2083,1662,1663,12,not_a
4,2084,5239,5240,9,not_xor
4,2085,1753,1754,12,not_a
4,2086,4224,4225,12,not_a
4,2087,2058,2059,12,not_a
4,2088,5111,5112,3,a
4,2089,3882,3883,2,not_implies
4,2090,3348,3349,6,xor
4,2091,1514,1515,10,not_b
4,2092,833,834,6,xor
4,2093,5918,5919,12,not_a
4,2094,2136,2137,3,a
4,2095,5278,5279,12,not_a
4,2096,3088,3089,14,not_and
4,2097,2029,2030,1,and
4,2098,2190,2191,3,a
4,2099,4436,4437,10,not_b
4,2100,4380,4381,10,not_b
4,2101,5072,5073,5,b
4,2102,3394,3395,3,a
4,2103,4584,4585,8,not_or
4,2104,2709,2710,12,not_a
4,2105,560,561,6,xor
4,2106,2245,2246,10,not_b
4,2107,3142,3143,12,not_a
4,2108,2219,2220,1,and
4,2109,3300,3301,14,not_and
4,2110,534,535,10,not_b
4,2111,3503,3504,12,not_a
4,2112,539,540,3,a
4,2113,963,964,9,not_xor
4,2114,3028,3029,13,implies
4,2115,5526,5527,5,b
4,2116,2322,2323,9,not_xor
4,2117,1657,1658,13,implies
4,2118,4481,4482,6,xor
4,2119,3295,3296,10,not_b
4,2120,3016,3017,13,implies
4,2121,3658,3659,5,b
4,2122,3894,3895,11,implied_by
4,2123,4547,4548,12,not_a
4,2124,734,735,13,implies
4,2125,4083,4084,3,a
4,2126,995,996,6,xor
4,2127,1367,1368,12,not_a
4,2128,1174,1175,5,b
4,2129,5103,5104,11,implied_by
4,2130,840,841,3,a
4,2131,1736,1737,4,not_implied_by
4,2132,195,196,12,not_a
4,2133,767,768,6,xor
4,2134,2906,2907,12,not_a
4,2135,1245,1246,10,not_b
4,2136,2350,2351,11,implied_by
4,2137,1515,1516,10,not_b
4,2138,781,782,6,xor
4,2139,1948,1949,14,not_and
4,2140,1836,1837,12,not_a
4,2141,1600,1601,14,not_and
4,2142,5696,5697,9,not_xor
4,2143,5880,5881,13,implies
4,2144,1170,1171,8,not_or
4,2145,1846,1847,4,not_implied_by
4,2146,3940,3941,6,xor
4,2147,306,307,12,not_a
4,2148,4106,4107,6,xor
4,2149,1551,1552,4,not_implied_by
4,2150,4228,4229,10,not_b
4,2151,46,47,9,not_xor
4,2152,2042,2043,5,b
4,2153,5796,5797,6,xor
4,2154,4459,4460,10,not_b
4,2155,1596,1597,9,not_xor
4,2156,1535,1536,5,b
4,2157,4433,4434,11,implied_by
4,2158,4235,4236,12,not_a
4,2159,5873,5874,5,b
4,2160,500,501,5,b
4,2161,233,234,6,xor
4,2162,3458,3459,4,not_implied_by
4,2163,10,11,12,not_a
4,2164,4460,4461,2,not_implies
4,2165,4878,4879,6,xor
4,2166,5551,5552,10,not_b
4,2167,2144,2145,3,a
4,2168,4310,4311,5,b
4,2169,5250,5251,5,b
4,2170,147,148,10,not_b
4,2171,2762,2763,9,not_xor
4,2172,1825,1826,9,not_xor
4,2173,316,317,4,not_implied_by
4,2174,1410,1411,5,b
4,2175,2717,2718,5,b
4,2176,1125,1126,11,implied_by
4,2177,1924,1925,7,or
4,2178,2754,2755,9,not_xor
4,2179,3321,3322,4,not_implied_by
4,2180,3930,3931,14,not_and
4,2181,2907,2908,8,not_or
4,2182,1700,1701,7,or
4,2183,1220,1221,7,or
4,2184,3411,3412,6,xor
4,2185,496,497,9,not_xor
4,2186,933,934,6,xor
4,2187,5105,5106,3,a
4,2188,3561,3562,10,not_b
4,2189,3212,3213,3,a
4,2190,1186,1187,15,one
4,2191,3697,3698,14,not_and
4,2192,2036,2037,5,b
4,2193,2596,2597,14,not_and
4,2194,3008,3009,11,implied_by
4,2195,1677,1678,12,not_a
4,2196,2205,2206,3,a
4,2197,5380,5381,9,not_xor
4,2198,5245,5246,7,or
4,2199,4203,4204,1,and
4,2200,4635,4636,7,or
4,2201,2879,2880,12,not_a
4,2202,1015,1016,5,b
4,2203,215,216,2,not_implies
4,2204,4398,4399,9,not_xor
4,2205,1954,1955,10,not_b
4,2206,4850,4851,10,not_b
4,2207,76,77,12,not_a
4,2208,4288,4289,9,not_xor
4,2209,314,315,9,not_xor
4,2210,447,448,11,implied_by
4,2211,5067,5068,3,a
4,2212,3800,3801,9,not_xor
4,2213,1599,1600,9,not_xor
4,2214,3034,3035,7,or
4,2215,3817,3818,7,or
4,2216,3775,3776,10,not_b
4,2217,5184,5185,14,not_and
4,2218,772,773,6,xor
4,2219,4599,4600,7,or
4,2220,2876,2877,5,b
4,2221,5446,5447,7,or
4,2222,2043,2044,4,not_implied_by
4,2223,1239,1240,9,not_xor
4,2224,4739,4740,8,not_or
4,2225,3951,3952,14,not_and
4,2226,1561,1562,5,b
4,2227,1235,1236,12,not_a
4,2228,2251,2252,2,not_implies
4,2229,4867,4868,5,b
4,2230,3502,3503,3,a
4,2231,4953,4954,10,not_b
4,2232,3084,3085,11,implied_by
4,2233,2420,2421,9,not_xor
4,2234,1197,1198,3,a
4,2235,954,955,1,and
4,2236,1966,1967,8,not_or
4,2237,5885,5886,5,b
4,2238,270,271,13,implies
4,2239,4757,4758,11,implied_by
4,2240,4681,4682,5,b
4,2241,4699,4700,9,not_xor
4,2242,814,815,6,xor
4,2243,471,472,9,not_xor
4,2244,1233,1234,9,not_xor
4,2245,4175,4176,10,not_b
4,2246,4344,4345,10,not_b
4,2247,3261,3262,2,not_implies
4,2248,1724,1725,3,a
4,2249,2289,2290,7,or
4,2250,5764,5765,8,not_or
4,2251,1712,1713,1,and
4,2252,5660,5661,10,not_b
4,2253,1334,1335,5,b
4,2254,924,925,10,not_b
4,2255,4892,4893,9,not_xor
4,2256,297,298,14,not_and
4,2257,3808,3809,3,a
4,2258,4734,4735,11,implied_by
4,2259,2140,2141,6,xor
4,2260,337,338,8,not_or
4,2261,4640,4641,10,not_b
4,2262,2166,2167,6,xor
4,2263,3563,3564,6,xor
4,2264,2572,2573,11,implied_by
4,2265,5722,5723,6,xor
4,2266,4870,4871,5,b
4,2267,3980,3981,6,xor
4,2268,967,968,9,not_xor
4,2269,2659,2660,7,or
4,2270,710,711,5,b
4,2271,2882,2883,4,not_implied_by
4,2272,210,211,3,a
4,2273,2077,2078,14,not_and
4,2274,1910,1911,1,and
4,2275,5238,5239,15,one
4,2276,3768,3769,2,not_implies
4,2277,3869,3870,3,a
4,2278,4586,4587,10,not_b
4,2279,5034,5035,14,not_and
4,2280,680,681,12,not_a
4,2281,5376,5377,10,not_b
4,2282,4581,4582,12,not_a
4,2283,711,712,4,not_implied_by
4,2284,2559,2560,5,b
4,2285,1883,1884,4,not_implied_by
4,2286,1399,1400,2,not_implies
4,2287,3183,3184,10,not_b
4,2288,2309,2310,14,not_and
4,2289,5463,5464,5,b
4,2290,1967,1968,3,a
4,2291,1715,1716,0,zero
4,2292,5221,5222,9,not_xor
4,2293,4377,4378,6,xor
4,2294,3818,3819,3,a
4,2295,2902,2903,13,implies
4,2296,2936,2937,9,not_xor
4,2297,3677,3678,5,b
4,2298,5604,5605,14,not_and
4,2299,5304,5305,9,not_xor
4,2300,5763,5764,10,not_b
4,2301,5697,5698,9,not_xor
4,2302,4069,4070,10,not_b
4,2303,5554,5555,14,not_and
4,2304,5603,5604,6,xor
4,2305,2671,2672,14,not_and
4,2306,5162,5163,12,not_a
4,2307,3108,3109,1,and
4,2308,3978,3979,2,not_implies
4,2309,25,26,3,a
4,2310,5891,5892,2,not_implies
4,2311,2790,2791,5,b
4,2312,4607,4608,6,xor
4,2313,4907,4908,6,xor
4,2314,5947,5948,11,implied_by
4,2315,860,861,12,not_a
4,2316,4320,4321,9,not_xor
4,2317,3983,3984,10,not_b
4,2318,4959,4960,5,b
4,2319,5474,5475,8,not_or
4,2320,1664,1665,11,implied_by
4,2321,2868,2869,3,a
4,2322,1360,1361,1,and
4,2323,4498,4499,12,not_a
4,2324,5449,5450,3,a
4,2325,5861,5862,13,implies
4,2326,5421,5422,13,implies
4,2327,305,306,8,not_or
4,2328,4651,4652,2,not_implies
4,2329,4074,4075,5,b
4,2330,1060,1061,5,b
4,2331,470,471,9,not_xor
4,2332,5041,5042,12,not_a
4,2333,5366,5367,12,not_a
4,2334,618,619,1,and
4,2335,1127,1128,10,not_b
4,2336,549,550,7,or
4,2337,78,79,5,b
4,2338,5657,5658,5,b
4,2339,2608,2609,5,b
4,2340,5383,5384,5,b
4,2341,3074,3075,12,not_a
4,2342,232,233,6,xor
4,2343,5544,5545,6,xor
4,2344,2816,2817,3,a
4,2345,3914,3915,4,not_implied_by
4,2346,3079,3080,13,implies
4,2347,1504,1505,14,not_and
4,2348,3283,3284,9,not_xor
4,2349,3156,3157,5,b
4,2350,765,766,9,not_xor
4,2351,1703,1704,5,b
4,2352,3961,3962,10,not_b
4,2353,3365,3366,3,a
4,2354,3813,3814,1,and
4,2355,2538,2539,10,not_b
4,2356,3807,3808,10,not_b
4,2357,2479,2480,13,implies
4,2358,1827,1828,14,not_and
4,2359,1036,1037,12,not_a
4,2360,33,34,3,a
4,2361,318,319,11,implied_by
4,2362,3790,3791,5,b
4,2363,2270,2271,4,not_implied_by
4,2364,5897,5898,14,not_and
4,2365,3173,3174,7,or
4,2366,5164,5165,6,xor
4,2367,3305,3306,12,not_a
4,2368,4340,4341,5,b
4,2369,5336,5337,3,a
4,2370,5242,5243,11,implied_by
4,2371,4836,4837,9,not_xor
4,2372,5523,5524,3,a
4,2373,4921,4922,6,xor
4,2374,695,696,3,a
4,2375,3862,3863,11,implied_by
4,2376,29,30,10,not_b
4,2377,1635,1636,5,b
4,2378,2841,2842,1,and
4,2379,5907,5908,10,not_b
4,2380,4533,4534,13,implies
4,2381,28,29,9,not_xor
4,2382,4523,4524,8,not_or
4,2383,5118,5119,10,not_b
4,2384,5392,5393,3,a
4,2385,1097,1098,10,not_b
4,2386,4490,4491,10,not_b
4,2387,5171,5172,6,xor
4,2388,820,821,3,a
4,2389,524,525,1,and
4,2390,5993,5994,2,not_implies
4,2391,431,432,6,xor
4,2392,3123,3124,2,not_implies
4,2393,2661,2662,3,a
4,2394,5825,5826,8,not_or
4,2395,2821,2822,5,b
4,2396,5504,5505,9,not_xor
4,2397,3531,3532,10,not_b
4,2398,1923,1924,12,not_a
4,2399,758,759,13,implies
4,2400,2998,2999,9,not_xor
4,2401,649,650,6,xor
4,2402,4273,4274,1,and
4,2403,116,117,13,implies
4,2404,2176,2177,14,not_and
4,2405,3366,3367,5,b
4,2406,2587,2588,1,and
4,2407,4606,4607,2,not_implies
4,2408,1905,1906,6,xor
4,2409,4614,4615,4,not_implied_by
4,2410,2090,2091,3,a
4,2411,3093,3094,12,not_a
4,2412,263,264,11,implied_by
4,2413,5442,5443,6,xor
4,2414,2326,2327,9,not_xor
4,2415,1003,1004,5,b
4,2416,3308,3309,11,implied_by
4,2417,573,574,12,not_a
4,2418,2100,2101,5,b
4,2419,1132,1133,10,not_b
4,2420,5956,5957,11,implied_by
4,2421,182,183,3,a
4,2422,2488,2489,6,xor
4,2423,5344,5345,3,a
4,2424,700,701,10,not_b
4,2425,585,586,10,not_b
4,2426,3912,3913,2,not_implies
4,2427,3301,3302,3,a
4,2428,372,373,12,not_a
4,2429,726,727,13,implies
4,2430,3435,3436,8,not_or
4,2431,1262,1263,12,not_a
4,2432,4276,4277,3,a
4,2433,2104,2105,8,not_or
4,2434,2382,2383,13,implies
4,2435,2693,2694,12,not_a
4,2436,2215,2216,4,not_implied_by
4,2437,3771,3772,5,b
4,2438,3667,3668,9,not_xor
4,2439,647,648,8,not_or
4,2440,3220,3221,11,implied_by
4,2441,521,522,12,not_a
4,2442,2131,2132,8,not_or
4,2443,1109,1110,3,a
4,2444,683,684,6,xor
4,2445,183,184,11,implied_by
4,2446,1519,1520,10,not_b
4,2447,3060,3061,5,b
4,2448,5728,5729,3,a
4,2449,2361,2362,10,not_b
4,2450,5261,5262,9,not_xor
4,2451,1453,1454,5,b
4,2452,2018,2019,14,not_and
4,2453,2041,2042,12,not_a
4,2454,978,979,4,not_implied_by
4,2455,2550,2551,4,not_implied_by
4,2456,4208,4209,9,not_xor
4,2457,5953,5954,5,b
4,2458,3769,3770,5,b
4,2459,1830,1831,5,b
4,2460,3706,3707,1,and
4,2461,2430,2431,5,b
4,2462,2766,2767,8,not_or
4,2463,2220,2221,12,not_a
4,2464,2209,2210,3,a
4,2465,1452,1453,13,implies
4,2466,3662,3663,5,b
4,2467,969,970,5,b
4,2468,4177,4178,10,not_b
4,2469,3517,3518,5,b
4,2470,663,664,10,not_b
4,2471,2362,2363,5,b
4,2472,1391,1392,2,not_implies
4,2473,1727,1728,3,a
4,2474,5670,5671,9,not_xor
4,2475,4702,4703,11,implied_by
4,2476,3967,3968,3,a
4,2477,3169,3170,5,b
4,2478,3493,3494,3,a
4,2479,785,786,3,a
4,2480,3155,3156,12,not_a
4,2481,4363,4364,8,not_or
4,2482,4136,4137,12,not_a
4,2483,2187,2188,10,not_b
4,2484,410,411,6,xor
4,2485,5612,5613,12,not_a
4,2486,1385,1386,9,not_xor
4,2487,5086,5087,3,a
4,2488,3488,3489,10,not_b
4,2489,3452,3453,8,not_or
4,2490,2688,2689,12,not_a
4,2491,2434,2435,8,not_or
4,2492,4278,4279,12,not_a
4,2493,3331,3332,12,not_a
4,2494,3256,3257,12,not_a
4,2495,2356,2357,2,not_implies
4,2496,1574,1575,5,b
4,2497,3535,3536,14,not_and
4,2498,16,17,13,implies
4,2499,4707,4708,3,a
4,2500,4713,4714,11,implied_by
4,2501,3793,3794,4,not_implied_by
4,2502,3886,3887,11,implied_by
4,2503,2695,2696,12,not_a
4,2504,5941,5942,11,implied_by
4,2505,1643,1644,10,not_b
4,2506,2679,2680,13,implies
4,2507,800,801,3,a
4,2508,4266,4267,11,implied_by
4,2509,4951,4952,10,not_b
4,2510,1861,1862,9,not_xor
4,2511,348,349,6,xor
4,2512,283,284,1,and
4,2513,2241,2242,9,not_xor
4,2514,3552,3553,3,a
4,2515,2445,2446,12,not_a
4,2516,1336,1337,5,b
4,2517,2818,2819,8,not_or
4,2518,160,161,14,not_and
4,2519,2956,2957,3,a
4,2520,70,71,9,not_xor
4,2521,5402,5403,6,xor
4,2522,1848,1849,10,not_b
4,2523,2529,2530,2,not_implies
4,2524,273,274,3,a
4,2525,3909,3910,12,not_a
4,2526,3266,3267,9,not_xor
4,2527,368,369,8,not_or
4,2528,5911,5912,3,a
4,2529,5514,5515,7,or
4,2530,1544,1545,13,implies
4,2531,4602,4603,14,not_and
4,2532,135,136,5,b
4,2533,901,902,4,not_implied_by
4,2534,327,328,12,not_a
4,2535,4873,4874,13,implies
4,2536,1184,1185,11,implied_by
4,2537,5196,5197,2,not_implies
4,2538,249,250,5,b
4,2539,3439,3440,8,not_or
4,2540,3901,3902,3,a
4,2541,2365,2366,12,not_a
4,2542,3553,3554,6,xor
4,2543,169,170,3,a
4,2544,3950,3951,4,not_implied_by
4,2545,3787,3788,7,or
4,2546,1870,1871,2,not_implies
4,2547,743,744,9,not_xor
4,2548,2767,2768,9,not_xor
4,2549,2302,2303,13,implies
4,2550,3323,3324,13,implies
4,2551,1324,1325,1,and
4,2552,769,770,12,not_a
4,2553,5715,5716,3,a
4,2554,4348,4349,9,not_xor
4,2555,5596,5597,13,implies
4,2556,4243,4244,2,not_implies
4,2557,3040,3041,13,implies
4,2558,2565,2566,7,or
4,2559,803,804,12,not_a
4,2560,3537,3538,10,not_b
4,2561,1810,1811,10,not_b
4,2562,0,1,3,a
4,2563,5556,5557,3,a
4,2564,2965,2966,1,and
4,2565,485,486,11,implied_by
4,2566,971,972,4,not_implied_by
4,2567,5172,5173,3,a
4,2568,624,625,4,not_implied_by
4,2569,5611,5612,3,a
4,2570,945,946,12,not_a
4,2571,260,261,10,not_b
4,2572,4268,4269,2,not_implies
4,2573,1781,1782,6,xor
4,2574,4728,4729,13,implies
4,2575,4488,4489,12,not_a
4,2576,3098,3099,9,not_xor
4,2577,2159,2160,7,or
4,2578,794,795,6,xor
4,2579,3287,3288,13,implies
4,2580,2026,2027,5,b
4,2581,228,229,3,a
4,2582,589,590,7,or
4,2583,5436,5437,2,not_implies
4,2584,5202,5203,3,a
4,2585,1387,1388,5,b
4,2586,3304,3305,14,not_and
4,2587,4920,4921,0,zero
4,2588,937,938,2,not_implies
4,2589,2004,2005,6,xor
4,2590,319,320,14,not_and
4,2591,4153,4154,9,not_xor
4,2592,1064,1065,6,xor
4,2593,5518,5519,6,xor
4,2594,2003,2004,6,xor
4,2595,4797,4798,14,not_and
4,2596,1219,1220,8,not_or
4,2597,5570,5571,4,not_implied_by
4,2598,4132,4133,3,a
4,2599,3066,3067,10,not_b
4,2600,541,542,3,a
4,2601,599,600,3,a
4,2602,4677,4678,2,not_implies
4,2603,1154,1155,5,b
4,2604,3590,3591,5,b
4,2605,1767,1768,12,not_a
4,2606,4053,4054,7,or
4,2607,1853,1854,10,not_b
4,2608,1222,1223,8,not_or
4,2609,1908,1909,7,or
4,2610,2948,2949,5,b
4,2611,3994,3995,5,b
4,2612,1874,1875,1,and
4,2613,1659,1660,9,not_xor
4,2614,4994,4995,4,not_implied_by
4,2615,2257,2258,1,and
4,2616,4674,4675,7,or
4,2617,3441,3442,6,xor
4,2618,324,325,12,not_a
4,2619,4375,4376,11,implied_by
4,2620,4887,4888,6,xor
4,2621,300,301,10,not_b
4,2622,2603,2604,9,not_xor
4,2623,1590,1591,14,not_and
4,2624,5537,5538,8,not_or
4,2625,1869,1870,9,not_xor
4,2626,4623,4624,2,not_implies
4,2627,1912,1913,13,implies
4,2628,4119,4120,7,or
4,2629,4289,4290,10,not_b
4,2630,1549,1550,6,xor
4,2631,538,539,1,and
4,2632,5649,5650,4,not_implied_by
4,2633,4861,4862,3,a
4,2634,5552,5553,13,implies
4,2635,4991,4992,14,not_and
4,2636,3858,3859,4,not_implied_by
4,2637,3736,3737,12,not_a
4,2638,5702,5703,9,not_xor
4,2639,3432,3433,8,not_or
4,2640,3453,3454,10,not_b
4,2641,3811,3812,2,not_implies
4,2642,2342,2343,11,implied_by
4,2643,3045,3046,9,not_xor
4,2644,3322,3323,6,xor
4,2645,139,140,7,or
4,2646,5429,5430,10,not_b
4,2647,4987,4988,6,xor
4,2648,2436,2437,3,a
4,2649,1995,1996,1,and
4,2650,3353,3354,10,not_b
4,2651,2380,2381,10,not_b
4,2652,5675,5676,12,not_a
4,2653,526,527,3,a
4,2654,5590,5591,12,not_a
4,2655,608,609,9,not_xor
4,2656,5681,5682,14,not_and
4,2657,3159,3160,5,b
4,2658,3219,3220,0,zero
4,2659,4137,4138,2,not_implies
4,2660,2314,2315,2,not_implies
4,2661,3009,3010,13,implies
4,2662,2954,2955,3,a
4,2663,5140,5141,14,not_and
4,2664,2543,2544,3,a
4,2665,2577,2578,8,not_or
4,2666,3611,3612,1,and
4,2667,3175,3176,13,implies
4,2668,4222,4223,7,or
4,2669,2601,2602,12,not_a
4,2670,192,193,12,not_a
4,2671,39,40,3,a
4,2672,5787,5788,9,not_xor
4,2673,3387,3388,2,not_implies
4,2674,4334,4335,12,not_a
4,2675,2310,2311,3,a
4,2676,3804,3805,6,xor
4,2677,2934,2935,8,not_or
4,2678,5389,5390,5,b
4,2679,816,817,3,a
4,2680,1354,1355,10,not_b
4,2681,4162,4163,3,a
4,2682,5499,5500,12,not_a
4,2683,1379,1380,5,b
4,2684,4647,4648,3,a
4,2685,4766,4767,7,or
4,2686,1933,1934,6,xor
4,2687,4541,4542,12,not_a
4,2688,4877,4878,14,not_and
4,2689,1518,1519,10,not_b
4,2690,4726,4727,7,or
4,2691,4037,4038,5,b
4,2692,895,896,14,not_and
4,2693,2673,2674,5,b
4,2694,3293,3294,3,a
4,2695,4282,4283,9,not_xor
4,2696,41,42,5,b
4,2697,477,478,7,or
4,2698,247,248,0,zero
4,2699,616,617,3,a
4,2700,2287,2288,11,implied_by
4,2701,1173,1174,4,not_implied_by
4,2702,3144,3145,8,not_or
4,2703,3467,3468,13,implies
4,2704,1872,1873,1,and
4,2705,2101,2102,4,not_implied_by
4,2706,2986,2987,5,b
4,2707,2378,2379,9,not_xor
4,2708,1326,1327,9,not_xor
4,2709,1151,1152,10,not_b
4,2710,516,517,7,or
4,2711,4705,4706,3,a
4,2712,4845,4846,11,implied_by
4,2713,5328,5329,2,not_implies
4,2714,3709,3710,3,a
4,2715,3578,3579,5,b
4,2716,4554,4555,10,not_b
4,2717,5461,5462,11,implied_by
4,2718,1198,1199,5,b
4,2719,2023,2024,5,b
4,2720,4090,4091,2,not_implies
4,2721,1690,1691,3,a
4,2722,3229,3230,3,a
4,2723,3010,3011,6,xor
4,2724,1497,1498,5,b
4,2725,1981,1982,12,not_a
4,2726,5106,5107,8,not_or
4,2727,4612,4613,6,xor
4,2728,514,515,13,implies
4,2729,1895,1896,3,a
4,2730,4158,4159,11,implied_by
4,2731,4750,4751,11,implied_by
4,2732,4043,4044,12,not_a
4,2733,5319,5320,12,not_a
4,2734,4055,4056,3,a
4,2735,2865,2866,9,not_xor
4,2736,2369,2370,1,and
4,2737,3826,3827,10,not_b
4,2738,4220,4221,7,or
4,2739,4201,4202,4,not_implied_by
4,2740,475,476,2,not_implies
4,2741,4430,4431,5,b
4,2742,3979,3980,3,a
4,2743,196,197,6,xor
4,2744,4767,4768,5,b
4,2745,3788,3789,6,xor
4,2746,3944,3945,13,implies
4,2747,2764,2765,10,not_b
4,2748,4403,4404,11,implied_by
4,2749,2231,2232,12,not_a
4,2750,5521,5522,9,not_xor
4,2751,4901,4902,7,or
4,2752,2028,2029,12,not_a
4,2753,4942,4943,12,not_a
4,2754,5386,5387,10,not_b
4,2755,1034,1035,3,a
4,2756,288,289,12,not_a
4,2757,755,756,2,not_implies
4,2758,682,683,6,xor
4,2759,3565,3566,9,not_xor
4,2760,1741,1742,3,a
4,2761,5961,5962,6,xor
4,2762,5257,5258,1,and
4,2763,35,36,10,not_b
4,2764,2088,2089,12,not_a
4,2765,4794,4795,11,implied_by
4,2766,5872,5873,6,xor
4,2767,5666,5667,9,not_xor
4,2768,4937,4938,6,xor
4,2769,5267,5268,3,a
4,2770,3646,3647,12,not_a
4,2771,423,424,12,not_a
4,2772,5478,5479,6,xor
4,2773,5052,5053,5,b
4,2774,2626,2627,9,not_xor
4,2775,939,940,13,implies
4,2776,235,236,12,not_a
4,2777,2846,2847,7,or
4,2778,1106,1107,10,not_b
4,2779,2733,2734,1,and
4,2780,5078,5079,12,not_a
4,2781,3543,3544,10,not_b
4,2782,821,822,7,or
4,2783,1061,1062,3,a
4,2784,804,805,1,and
4,2785,4355,4356,2,not_implies
4,2786,3558,3559,7,or
4,2787,1419,1420,2,not_implies
4,2788,1875,1876,1,and
4,2789,2344,2345,5,b
4,2790,4373,4374,5,b
4,2791,5311,5312,5,b
4,2792,2111,2112,11,implied_by
4,2793,2064,2065,9,not_xor
4,2794,2931,2932,12,not_a
4,2795,2721,2722,10,not_b
4,2796,2056,2057,4,not_implied_by
4,2797,4517,4518,3,a
4,2798,3522,3523,6,xor
4,2799,4155,4156,8,not_or
4,2800,2960,2961,4,not_implied_by
4,2801,1347,1348,5,b
4,2802,4688,4689,8,not_or
4,2803,3831,3832,9,not_xor
4,2804,2929,2930,10,not_b
4,2805,1607,1608,14,not_and
4,2806,2499,2500,8,not_or
4,2807,574,575,12,not_a
4,2808,347,348,1,and
4,2809,1157,1158,12,not_a
4,2810,706,707,12,not_a
4,2811,2330,2331,8,not_or
4,2812,2438,2439,9,not_xor
4,2813,3237,3238,9,not_xor
4,2814,1817,1818,12,not_a
4,2815,3939,3940,4,not_implied_by
4,2816,402,403,7,or
4,2817,1268,1269,8,not_or
4,2818,5090,5091,7,or
4,2819,90,91,2,not_implies
4,2820,3842,3843,2,not_implies
4,2821,913,914,3,a
4,2822,1709,1710,6,xor
4,2823,3292,3293,2,not_implies
4,2824,2239,2240,14,not_and
4,2825,4088,4089,14,not_and
4,2826,4139,4140,3,a
4,2827,4641,4642,9,not_xor
4,2828,96,97,11,implied_by
4,2829,4040,4041,7,or
4,2830,2972,2973,2,not_implies
4,2831,3132,3133,6,xor
4,2832,4332,4333,5,b
4,2833,4923,4924,8,not_or
4,2834,4744,4745,6,xor
4,2835,3139,3140,3,a
4,2836,5132,5133,12,not_a
4,2837,3863,3864,6,xor
4,2838,2570,2571,4,not_implied_by
4,2839,4261,4262,7,or
4,2840,3773,3774,4,not_implied_by
4,2841,4030,4031,4,not_implied_by
4,2842,5129,5130,9,not_xor
4,2843,2407,2408,7,or
4,2844,3977,3978,11,implied_by
4,2845,871,872,13,implies
4,2846,1062,1063,6,xor
4,2847,3332,3333,10,not_b
4,2848,5300,5301,7,or
4,2849,123,124,6,xor
4,2850,4274,4275,5,b
4,2851,2269,2270,9,not_xor
4,2852,2099,2100,5,b
4,2853,4336,4337,7,or
4,2854,1789,1790,3,a
4,2855,5708,5709,2,not_implies
4,2856,4570,4571,3,a
4,2857,1919,1920,4,not_implied_by
4,2858,4976,4977,1,and
4,2859,4930,4931,12,not_a
4,2860,547,548,6,xor
4,2861,4577,4578,0,zero
4,2862,4963,4964,6,xor
4,2863,252,253,9,not_xor
4,2864,408,409,6,xor
4,2865,2248,2249,14,not_and
4,2866,335,336,10,not_b
4,2867,1957,1958,13,implies
4,2868,5437,5438,8,not_or
4,2869,1021,1022,10,not_b
4,2870,5922,5923,12,not_a
4,2871,5689,5690,13,implies
4,2872,5241,5242,10,not_b
4,2873,5942,5943,5,b
4,2874,5639,5640,12,not_a
4,2875,4601,4602,3,a
4,2876,5757,5758,12,not_a
4,2877,5381,5382,2,not_implies
4,2878,5161,5162,10,not_b
4,2879,5403,5404,9,not_xor
4,2880,4891,4892,11,implied_by
4,2881,1070,1071,12,not_a
4,2882,1112,1113,5,b
4,2883,5588,5589,2,not_implies
4,2884,1463,1464,14,not_and
4,2885,4071,4072,5,b
4,2886,5133,5134,14,not_and
4,2887,1582,1583,1,and
4,2888,3061,3062,12,not_a
4,2889,4841,4842,9,not_xor
4,2890,2897,2898,3,a
4,2891,2635,2636,12,not_a
4,2892,503,504,6,xor
4,2893,3029,3030,6,xor
4,2894,4559,4560,12,not_a
4,2895,3360,3361,5,b
4,2896,1323,1324,12,not_a
4,2897,3176,3177,4,not_implied_by
4,2898,1974,1975,9,not_xor
4,2899,2703,2704,2,not_implies
4,2900,1726,1727,6,xor
4,2901,3131,3132,10,not_b
4,2902,720,721,2,not_implies
4,2903,2236,2237,12,not_a
4,2904,3463,3464,9,not_xor
4,2905,3437,3438,9,not_xor
4,2906,2347,2348,3,a
4,2907,3903,3904,8,not_or
4,2908,4114,4115,11,implied_by
4,2909,2294,2295,5,b
4,2910,3191,3192,7,or
4,2911,567,568,5,b
4,2912,152,153,8,not_or
4,2913,5055,5056,12,not_a
4,2914,3006,3007,10,not_b
4,2915,3908,3909,8,not_or
4,2916,5509,5510,12,not_a
4,2917,4622,4623,3,a
4,2918,5476,5477,1,and
4,2919,5382,5383,5,b
4,2920,1543,1544,14,not_and
4,2921,997,998,1,and
4,2922,1278,1279,1,and
4,2923,5867,5868,11,implied_by
4,2924,5703,5704,2,not_implies
4,2925,2021,2022,13,implies
4,2926,3126,3127,14,not_and
4,2927,3239,3240,6,xor
4,2928,1860,1861,3,a
4,2929,3778,3779,13,implies
4,2930,5780,5781,11,implied_by
4,2931,3532,3533,12,not_a
4,2932,3518,3519,9,not_xor
4,2933,3326,3327,9,not_xor
4,2934,3761,3762,10,not_b
4,2935,3296,3297,6,xor
4,2936,899,900,9,not_xor
4,2937,3695,3696,6,xor
4,2938,1949,1950,0,zero
4,2939,1812,1813,5,b
4,2940,161,162,8,not_or
4,2941,5895,5896,12,not_a
4,2942,2836,2837,6,xor
4,2943,783,784,14,not_and
4,2944,1307,1308,4,not_implied_by
4,2945,2925,2926,12,not_a
4,2946,2473,2474,11,implied_by
4,2947,1431,1432,1,and
4,2948,5929,5930,3,a
4,2949,5952,5953,8,not_or
4,2950,107,108,12,not_a
4,2951,5849,5850,4,not_implied_by
4,2952,3310,3311,4,not_implied_by
4,2953,830,831,4,not_implied_by
4,2954,5100,5101,12,not_a
4,2955,125,126,12,not_a
4,2956,1748,1749,12,not_a
4,2957,2006,2007,8,not_or
4,2958,2448,2449,12,not_a
4,2959,3770,3771,14,not_and
4,2960,3018,3019,3,a
4,2961,619,620,3,a
4,2962,3290,3291,5,b
4,2963,2810,2811,12,not_a
4,2964,3400,3401,2,not_implies
4,2965,5185,5186,12,not_a
4,2966,4717,4718,3,a
4,2967,4722,4723,10,not_b
4,2968,2301,2302,6,xor
4,2969,4883,4884,9,not_xor
4,2970,1022,1023,1,and
4,2971,965,966,2,not_implies
4,2972,2748,2749,6,xor
4,2973,4814,4815,12,not_a
4,2974,916,917,3,a
4,2975,2911,2912,3,a
4,2976,5425,5426,10,not_b
4,2977,274,275,10,not_b
4,2978,629,630,1,and
4,2979,5720,5721,8,not_or
4,2980,3378,3379,12,not_a
4,2981,405,406,12,not_a
4,2982,2914,2915,14,not_and
4,2983,3794,3795,10,not_b
4,2984,67,68,9,not_xor
4,2985,3636,3637,13,implies
4,2986,4924,4925,3,a
4,2987,4417,4418,7,or
4,2988,2615,2616,13,implies
4,2989,5673,5674,3,a
4,2990,2228,2229,5,b
4,2991,4687,4688,13,implies
4,2992,2279,2280,9,not_xor
4,2993,5387,5388,13,implies
4,2994,3254,3255,10,not_b
4,2995,5439,5440,10,not_b
4,2996,768,769,7,or
4,2997,5535,5536,5,b
4,2998,257,258,8,not_or
4,2999,5842,5843,12,not_a
4,3000,3037,3038,10,not_b
4,3001,4361,4362,7,or
4,3002,4964,4965,12,not_a
4,3003,4946,4947,7,or
4,3004,5348,5349,1,and
4,3005,5263,5264,3,a
4,3006,4944,4945,2,not_implies
4,3007,5866,5867,4,not_implied_by
4,3008,3434,3435,3,a
4,3009,2321,2322,14,not_and
4,3010,1163,1164,12,not_a
4,3011,2233,2234,1,and
4,3012,3621,3622,10,not_b
4,3013,1663,1664,2,not_implies
4,3014,5019,5020,6,xor
4,3015,241,242,7,or
4,3016,4571,4572,11,implied_by
4,3017,1308,1309,5,b
4,3018,5455,5456,12,not_a
4,3019,3643,3644,10,not_b
4,3020,1893,1894,13,implies
4,3021,862,863,5,b
4,3022,1153,1154,4,not_implied_by
4,3023,2303,2304,8,not_or
4,3024,2481,2482,9,not_xor
4,3025,1646,1647,12,not_a
4,3026,2825,2826,1,and
4,3027,1626,1627,12,not_a
4,3028,3428,3429,3,a
4,3029,357,358,14,not_and
4,3030,2974,2975,4,not_implied_by
4,3031,3121,3122,12,not_a
4,3032,1581,1582,5,b
4,3033,1448,1449,8,not_or
4,3034,1965,1966,9,not_xor
4,3035,4092,4093,13,implies
4,3036,5501,5502,6,xor
4,3037,2668,2669,6,xor
4,3038,5921,5922,6,xor
4,3039,1241,1242,1,and
4,3040,2557,2558,14,not_and
4,3041,463,464,10,not_b
4,3042,4600,4601,4,not_implied_by
4,3043,5530,5531,2,not_implies
4,3044,4637,4638,5,b
4,3045,3703,3704,4,not_implied_by
4,3046,4026,4027,7,or
4,3047,2991,2992,2,not_implies
4,3048,2555,2556,5,b
4,3049,5317,5318,10,not_b
4,3050,5923,5924,14,not_and
4,3051,2866,2867,1,and
4,3052,741,742,10,not_b
4,3053,5855,5856,13,implies
4,3054,5233,5234,8,not_or
4,3055,5630,5631,14,not_and
4,3056,4812,4813,5,b
4,3057,1237,1238,7,or
4,3058,138,139,2,not_implies
4,3059,3246,3247,3,a
4,3060,1679,1680,12,not_a
4,3061,414,415,12,not_a
4,3062,1461,1462,1,and
4,3063,4154,4155,10,not_b
4,3064,615,616,11,implied_by
4,3065,764,765,5,b
4,3066,1950,1951,12,not_a
4,3067,4720,4721,9,not_xor
4,3068,1283,1284,3,a
4,3069,2471,2472,10,not_b
4,3070,5884,5885,8,not_or
4,3071,5419,5420,4,not_implied_by
4,3072,2561,2562,14,not_and
4,3073,4354,4355,12,not_a
4,3074,3069,3070,8,not_or
4,3075,701,702,1,and
4,3076,3969,3970,12,not_a
4,3077,1550,1551,11,implied_by
4,3078,1318,1319,5,b
4,3079,3134,3135,7,or
4,3080,3764,3765,8,not_or
4,3081,3899,3900,9,not_xor
4,3082,436,437,5,b
4,3083,3127,3128,6,xor
4,3084,635,636,13,implies
4,3085,2339,2340,13,implies
4,3086,4844,4845,5,b
4,3087,1225,1226,8,not_or
4,3088,2833,2834,6,xor
4,3089,2564,2565,14,not_and
4,3090,4108,4109,9,not_xor
4,3091,1629,1630,8,not_or
4,3092,2710,2711,11,implied_by
4,3093,489,490,12,not_a
4,3094,5839,5840,9,not_xor
4,3095,4642,4643,14,not_and
4,3096,1952,1953,4,not_implied_by
4,3097,1570,1571,8,not_or
4,3098,525,526,12,not_a
4,3099,5495,5496,11,implied_by
4,3100,1446,1447,11,implied_by
4,3101,1878,1879,5,b
4,3102,555,556,9,not_xor
4,3103,2930,2931,10,not_b
4,3104,5998,5999,7,or
4,3105,5142,5143,9,not_xor
4,3106,3628,3629,1,and
4,3107,304,305,7,or
4,3108,5153,5154,6,xor
4,3109,2062,2063,5,b
4,3110,71,72,2,not_implies
4,3111,140,141,12,not_a
4,3112,5932,5933,9,not_xor
4,3113,403,404,9,not_xor
4,3114,704,705,3,a
4,3115,1322,1323,10,not_b
4,3116,977,978,14,not_and
4,3117,4445,4446,8,not_or
4,3118,3275,3276,8,not_or
4,3119,3368,3369,12,not_a
4,3120,5928,5929,5,b
4,3121,5788,5789,9,not_xor
4,3122,153,154,10,not_b
4,3123,4564,4565,12,not_a
4,3124,2482,2483,5,b
4,3125,4416,4417,2,not_implies
4,3126,7,8,11,implied_by
4,3127,1296,1297,10,not_b
4,3128,3585,3586,4,not_implied_by
4,3129,837,838,9,not_xor
4,3130,2769,2770,4,not_implied_by
4,3131,75,76,1,and
4,3132,775,776,7,or
4,3133,5572,5573,11,implied_by
4,3134,5151,5152,12,not_a
4,3135,5181,5182,12,not_a
4,3136,3043,3044,9,not_xor
4,3137,2203,2204,4,not_implied_by
4,3138,2957,2958,1,and
4,3139,4654,4655,12,not_a
4,3140,2632,2633,10,not_b
4,3141,1395,1396,8,not_or
4,3142,483,484,1,and
4,3143,1673,1674,10,not_b
4,3144,1687,1688,2,not_implies
4,3145,1762,1763,9,not_xor
4,3146,261,262,6,xor
4,3147,2922,2923,10,not_b
4,3148,5957,5958,6,xor
4,3149,4663,4664,5,b
4,3150,4230,4231,4,not_implied_by
4,3151,1879,1880,6,xor
4,3152,3911,3912,9,not_xor
4,3153,1305,1306,5,b
4,3154,584,585,12,not_a
4,3155,2377,2378,5,b
4,3156,3806,3807,13,implies
4,3157,3571,3572,10,not_b
4,3158,1019,1020,3,a
4,3159,472,473,8,not_or
4,3160,459,460,10,not_b
4,3161,341,342,3,a
4,3162,3479,3480,12,not_a
4,3163,4096,4097,12,not_a
4,3164,908,909,10,not_b
4,3165,1121,1122,6,xor
4,3166,3952,3953,9,not_xor
4,3167,3762,3763,2,not_implies
4,3168,1077,1078,10,not_b
4,3169,5199,5200,8,not_or
4,3170,3178,3179,5,b
4,3171,3172,3173,14,not_and
4,3172,5462,5463,12,not_a
4,3173,4898,4899,15,one
4,3174,2480,2481,7,or
4,3175,5795,5796,11,implied_by
4,3176,3235,3236,1,and
4,3177,213,214,3,a
4,3178,5410,5411,6,xor
4,3179,2566,2567,3,a
4,3180,3055,3056,13,implies
4,3181,4822,4823,3,a
4,3182,4301,4302,3,a
4,3183,652,653,10,not_b
4,3184,5566,5567,7,or
4,3185,3917,3918,13,implies
4,3186,1351,1352,10,not_b
4,3187,712,713,7,or
4,3188,1140,1141,3,a
4,3189,5580,5581,5,b
4,3190,3864,3865,5,b
4,3191,4255,4256,4,not_implied_by
4,3192,5483,5484,6,xor
4,3193,5669,5670,12,not_a
4,3194,3474,3475,5,b
4,3195,1606,1607,4,not_implied_by
4,3196,2172,2173,6,xor
4,3197,1397,1398,14,not_and
4,3198,4820,4821,2,not_implies
4,3199,4272,4273,1,and
4,3200,2666,2667,3,a
4,3201,80,81,6,xor
4,3202,3777,3778,11,implied_by
4,3203,773,774,2,not_implies
4,3204,2506,2507,6,xor
4,3205,5755,5756,4,not_implied_by
4,3206,3165,3166,5,b
4,3207,5276,5277,12,not_a
4,3208,490,491,11,implied_by
4,3209,1183,1184,1,and
4,3210,1585,1586,12,not_a
4,3211,2332,2333,6,xor
4,3212,5841,5842,11,implied_by
4,3213,2157,2158,9,not_xor
4,3214,5699,5700,13,implies
4,3215,1485,1486,2,not_implies
4,3216,3739,3740,2,not_implies
4,3217,292,293,6,xor
4,3218,4241,4242,12,not_a
4,3219,4738,4739,10,not_b
4,3220,404,405,5,b
4,3221,1193,1194,14,not_and
4,3222,5635,5636,5,b
4,3223,5113,5114,12,not_a
4,3224,4896,4897,6,xor
4,3225,5453,5454,3,a
4,3226,1092,1093,8,not_or
4,3227,3032,3033,5,b
4,3228,5894,5895,3,a
4,3229,2250,2251,3,a
4,3230,4293,4294,9,not_xor
4,3231,5914,5915,9,not_xor
4,3232,793,794,0,zero
4,3233,879,880,6,xor
4,3234,671,672,2,not_implies
4,3235,5776,5777,9,not_xor
4,3236,5109,5110,8,not_or
4,3237,5229,5230,6,xor
4,3238,2633,2634,4,not_implied_by
4,3239,844,845,10,not_b
4,3240,2660,2661,5,b
4,3241,5255,5256,6,xor
4,3242,1110,1111,5,b
4,3243,1750,1751,12,not_a
4,3244,5591,5592,9,not_xor
4,3245,3455,3456,3,a
4,3246,3663,3664,2,not_implies
4,3247,4410,4411,11,implied_by
4,3248,896,897,4,not_implied_by
4,3249,692,693,11,implied_by
4,3250,211,212,6,xor
4,3251,2800,2801,10,not_b
4,3252,2181,2182,6,xor
4,3253,3836,3837,13,implies
4,3254,60,61,5,b
4,3255,5988,5989,1,and
4,3256,4311,4312,13,implies
4,3257,4339,4340,1,and
4,3258,3315,3316,2,not_implies
4,3259,3436,3437,4,not_implied_by
4,3260,1494,1495,2,not_implies
4,3261,3442,3443,1,and
4,3262,5976,5977,5,b
4,3263,1840,1841,15,one
4,3264,5372,5373,10,not_b
4,3265,2008,2009,9,not_xor
4,3266,1758,1759,14,not_and
4,3267,3438,3439,3,a
4,3268,5246,5247,7,or
4,3269,3317,3318,9,not_xor
4,3270,5443,5444,9,not_xor
4,3271,218,219,12,not_a
4,3272,4791,4792,14,not_and
4,3273,1501,1502,1,and
4,3274,266,267,5,b
4,3275,222,223,5,b
4,3276,5937,5938,4,not_implied_by
4,3277,3299,3300,14,not_and
4,3278,5004,5005,8,not_or
4,3279,2540,2541,12,not_a
4,3280,3609,3610,8,not_or
4,3281,4933,4934,12,not_a
4,3282,3404,3405,6,xor
4,3283,835,836,12,not_a
4,3284,4854,4855,8,not_or
4,3285,220,221,9,not_xor
4,3286,3510,3511,9,not_xor
4,3287,437,438,14,not_and
4,3288,5155,5156,12,not_a
4,3289,4426,4427,11,implied_by
4,3290,5234,5235,14,not_and
4,3291,4566,4567,4,not_implied_by
4,3292,5594,5595,9,not_xor
4,3293,4538,4539,7,or
4,3294,24,25,7,or
4,3295,2511,2512,9,not_xor
4,3296,819,820,1,and
4,3297,1558,1559,9,not_xor
4,3298,4401,4402,6,xor
4,3299,4790,4791,6,xor
4,3300,1433,1434,13,implies
4,3301,5497,5498,8,not_or
4,3302,5846,5847,12,not_a
4,3303,848,849,6,xor
4,3304,419,420,14,not_and
4,3305,1421,1422,1,and
4,3306,2616,2617,1,and
4,3307,1115,1116,13,implies
4,3308,4010,4011,6,xor
4,3309,2997,2998,10,not_b
4,3310,3792,3793,5,b
4,3311,2260,2261,7,or
4,3312,846,847,14,not_and
4,3313,4979,4980,10,not_b
4,3314,770,771,5,b
4,3315,5832,5833,5,b
4,3316,5191,5192,12,not_a
4,3317,4182,4183,8,not_or
4,3318,3971,3972,6,xor
4,3319,5690,5691,2,not_implies
4,3320,4315,4316,8,not_or
4,3321,2970,2971,7,or
4,3322,2966,2967,4,not_implied_by
4,3323,718,719,3,a
4,3324,1457,1458,13,implies
4,3325,4013,4014,5,b
4,3326,4197,4198,10,not_b
4,3327,4795,4796,11,implied_by
4,3328,749,750,7,or
4,3329,1777,1778,3,a
4,3330,1214,1215,6,xor
4,3331,1999,2000,13,implies
4,3332,1181,1182,3,a
4,3333,828,829,2,not_implies
4,3334,237,238,3,a
4,3335,1295,1296,10,not_b
4,3336,2983,2984,4,not_implied_by
4,3337,1020,1021,6,xor
4,3338,5481,5482,10,not_b
4,3339,3821,3822,3,a
4,3340,4217,4218,1,and
4,3341,1557,1558,4,not_implied_by
4,3342,1075,1076,5,b
4,3343,973,974,3,a
4,3344,1784,1785,3,a
4,3345,298,299,8,not_or
4,3346,4528,4529,12,not_a
4,3347,412,413,9,not_xor
4,3348,4032,4033,6,xor
4,3349,4754,4755,1,and
4,3350,1192,1193,9,not_xor
4,3351,5770,5771,9,not_xor
4,3352,2793,2794,12,not_a
4,3353,5159,5160,6,xor
4,3354,4024,4025,3,a
4,3355,309,310,6,xor
4,3356,2459,2460,6,xor
4,3357,3059,3060,10,not_b
4,3358,2487,2488,3,a
4,3359,3500,3501,10,not_b
4,3360,1755,1756,14,not_and
4,3361,1721,1722,8,not_or
4,3362,3789,3790,14,not_and
4,3363,5110,5111,3,a
4,3364,2040,2041,5,b
4,3365,3382,3383,6,xor
4,3366,530,531,13,implies
4,3367,5015,5016,12,not_a
4,3368,3218,3219,11,implied_by
4,3369,4917,4918,6,xor
4,3370,4893,4894,12,not_a
4,3371,4091,4092,7,or
4,3372,1076,1077,3,a
4,3373,594,595,2,not_implies
4,3374,1,2,13,implies
4,3375,1603,1604,4,not_implied_by
4,3376,1475,1476,5,b
4,3377,2311,2312,9,not_xor
4,3378,5053,5054,11,implied_by
4,3379,2247,2248,3,a
4,3380,3426,3427,11,implied_by
4,3381,2901,2902,13,implies
4,3382,1141,1142,6,xor
4,3383,4869,4870,7,or
4,3384,5974,5975,7,or
4,3385,1604,1605,1,and
4,3386,1267,1268,9,not_xor
4,3387,5642,5643,8,not_or
4,3388,5035,5036,7,or
4,3389,4694,4695,5,b
4,3390,4029,4030,9,not_xor
4,3391,1396,1397,10,not_b
4,3392,4633,4634,11,implied_by
4,3393,1363,1364,5,b
4,3394,2275,2276,12,not_a
4,3395,2151,2152,11,implied_by
4,3396,2493,2494,10,not_b
4,3397,5334,5335,14,not_and
4,3398,3489,3490,5,b
4,3399,2338,2339,7,or
4,3400,3462,3463,6,xor
4,3401,5210,5211,12,not_a
4,3402,5160,5161,6,xor
4,3403,5693,5694,11,implied_by
4,3404,2912,2913,10,not_b
4,3405,1554,1555,8,not_or
4,3406,3422,3423,6,xor
4,3407,3461,3462,3,a
4,3408,3958,3959,13,implies
4,3409,4785,4786,14,not_and
4,3410,4247,4248,7,or
4,3411,131,132,6,xor
4,3412,4660,4661,14,not_and
4,3413,5962,5963,2,not_implies
4,3414,1602,1603,6,xor
4,3415,3548,3549,13,implies
4,3416,2624,2625,2,not_implies
4,3417,3265,3266,9,not_xor
4,3418,331,332,5,b
4,3419,2497,2498,1,and
4,3420,4107,4108,4,not_implied_by
4,3421,487,488,5,b
4,3422,2102,2103,10,not_b
4,3423,4001,4002,14,not_and
4,3424,3981,3982,2,not_implies
4,3425,4016,4017,5,b
4,3426,561,562,1,and
4,3427,3515,3516,9,not_xor
4,3428,2037,2038,12,not_a
4,3429,4309,4310,5,b
4,3430,1975,1976,13,implies
4,3431,4018,4019,5,b
4,3432,4667,4668,2,not_implies
4,3433,2792,2793,14,not_and
4,3434,1630,1631,6,xor
4,3435,5409,5410,8,not_or
4,3436,3244,3245,12,not_a
4,3437,5767,5768,1,and
4,3438,1805,1806,12,not_a
4,3439,4129,4130,10,not_b
4,3440,2556,2557,5,b
4,3441,2599,2600,7,or
4,3442,4218,4219,10,not_b
4,3443,1394,1395,2,not_implies
4,3444,3935,3936,9,not_xor
4,3445,4544,4545,15,one
4,3446,1807,1808,8,not_or
4,3447,3215,3216,11,implied_by
4,3448,458,459,5,b
4,3449,5934,5935,6,xor
4,3450,4900,4901,9,not_xor
4,3451,1520,1521,6,xor
4,3452,5735,5736,13,implies
4,3453,400,401,9,not_xor
4,3454,1676,1677,9,not_xor
4,3455,4749,4750,12,not_a
4,3456,5513,5514,1,and
4,3457,1584,1585,8,not_or
4,3458,3118,3119,2,not_implies
4,3459,3284,3285,14,not_and
4,3460,1935,1936,4,not_implied_by
4,3461,3660,3661,12,not_a
4,3462,777,778,14,not_and
4,3463,4576,4577,7,or
4,3464,1638,1639,7,or
4,3465,1000,1001,6,xor
4,3466,456,457,10,not_b
4,3467,872,873,12,not_a
4,3468,590,591,6,xor
4,3469,2039,2040,5,b
4,3470,145,146,4,not_implied_by
4,3471,248,249,9,not_xor
4,3472,4697,4698,3,a
4,3473,1083,1084,3,a
4,3474,2648,2649,7,or
4,3475,592,593,5,b
4,3476,4884,4885,2,not_implies
4,3477,467,468,13,implies
4,3478,390,391,7,or
4,3479,5793,5794,6,xor
4,3480,5030,5031,10,not_b
4,3481,1321,1322,7,or
4,3482,1991,1992,5,b
4,3483,4439,4440,11,implied_by
4,3484,3264,3265,2,not_implies
4,3485,212,213,12,not_a
4,3486,951,952,12,not_a
4,3487,3252,3253,5,b
4,3488,4328,4329,13,implies
4,3489,1546,1547,9,not_xor
4,3490,3801,3802,11,implied_by
4,3491,3122,3123,8,not_or
4,3492,2553,2554,8,not_or
4,3493,2967,2968,6,xor
4,3494,1348,1349,10,not_b
4,3495,1330,1331,12,not_a
4,3496,3668,3669,6,xor
4,3497,693,694,8,not_or
4,3498,4627,4628,7,or
4,3499,5006,5007,10,not_b
4,3500,2098,2099,4,not_implied_by
4,3501,2120,2121,10,not_b
4,3502,1094,1095,2,not_implies
4,3503,5586,5587,7,or
4,3504,3443,3444,12,not_a
4,3505,5987,5988,6,xor
4,3506,3397,3398,2,not_implies
4,3507,3333,3334,9,not_xor
4,3508,900,901,10,not_b
4,3509,2105,2106,1,and
4,3510,2584,2585,14,not_and
4,3511,4885,4886,14,not_and
4,3512,1642,1643,14,not_and
4,3513,3214,3215,13,implies
4,3514,5994,5995,9,not_xor
4,3515,5418,5419,4,not_implied_by
4,3516,2194,2195,1,and
4,3517,420,421,14,not_and
4,3518,1842,1843,4,not_implied_by
4,3519,4333,4334,12,not_a
4,3520,4479,4480,6,xor
4,3521,2732,2733,15,one
4,3522,778,779,9,not_xor
4,3523,4253,4254,12,not_a
4,3524,1400,1401,4,not_implied_by
4,3525,3633,3634,14,not_and
4,3526,2213,2214,9,not_xor
4,3527,2119,2120,4,not_implied_by
4,3528,4971,4972,8,not_or
4,3529,2850,2851,9,not_xor
4,3530,2546,2547,14,not_and
4,3531,548,549,3,a
4,3532,3809,3810,6,xor
4,3533,5704,5705,10,not_b
4,3534,4974,4975,2,not_implies
4,3535,4818,4819,14,not_and
4,3536,4307,4308,12,not_a
4,3537,4966,4967,9,not_xor
4,3538,2237,2238,4,not_implied_by
4,3539,5901,5902,9,not_xor
4,3540,4553,4554,1,and
4,3541,1728,1729,10,not_b
4,3542,5352,5353,10,not_b
4,3543,4392,4393,9,not_xor
4,3544,2890,2891,2,not_implies
4,3545,4864,4865,14,not_and
4,3546,4982,4983,5,b
4,3547,1772,1773,2,not_implies
4,3548,2472,2473,10,not_b
4,3549,1614,1615,3,a
4,3550,659,660,3,a
4,3551,603,604,9,not_xor
4,3552,1936,1937,5,b
4,3553,4295,4296,14,not_and
4,3554,3076,3077,13,implies
4,3555,1161,1162,10,not_b
4,3556,31,32,12,not_a
4,3557,181,182,3,a
4,3558,1428,1429,9,not_xor
4,3559,3624,3625,2,not_implies
4,3560,2602,2603,7,or
4,3561,5997,5998,10,not_b
4,3562,1369,1370,9,not_xor
4,3563,301,302,7,or
4,3564,3116,3117,5,b
4,3565,4408,4409,3,a
4,3566,360,361,4,not_implied_by
4,3567,5254,5255,3,a
4,3568,5005,5006,5,b
4,3569,2741,2742,4,not_implied_by
4,3570,5178,5179,7,or
4,3571,1088,1089,8,not_or
4,3572,175,176,5,b
4,3573,917,918,5,b
4,3574,5107,5108,6,xor
4,3575,1080,1081,1,and
4,3576,5444,5445,10,not_b
4,3577,5407,5408,10,not_b
4,3578,5440,5441,3,a
4,3579,3410,3411,6,xor
4,3580,4497,4498,7,or
4,3581,5821,5822,12,not_a
4,3582,58,59,13,implies
4,3583,2918,2919,11,implied_by
4,3584,1481,1482,9,not_xor
4,3585,3161,3162,6,xor
4,3586,3420,3421,10,not_b
4,3587,1783,1784,4,not_implied_by
4,3588,3399,3400,1,and
4,3589,3403,3404,10,not_b
4,3590,3002,3003,5,b
4,3591,3313,3314,6,xor
4,3592,1142,1143,3,a
4,3593,674,675,5,b
4,3594,1688,1689,9,not_xor
4,3595,4065,4066,11,implied_by
4,3596,1674,1675,12,not_a
4,3597,1293,1294,1,and
4,3598,438,439,10,not_b
4,3599,4135,4136,10,not_b
4,3600,5212,5213,12,not_a
4,3601,2798,2799,9,not_xor
4,3602,2385,2386,12,not_a
4,3603,2263,2264,1,and
4,3604,4039,4040,3,a
4,3605,1800,1801,7,or
4,3606,4817,4818,12,not_a
4,3607,5672,5673,6,xor
4,3608,3856,3857,3,a
4,3609,1403,1404,13,implies
4,3610,5677,5678,12,not_a
4,3611,497,498,9,not_xor
4,3612,3893,3894,13,implies
4,3613,115,116,13,implies
4,3614,2811,2812,10,not_b
4,3615,3001,3002,4,not_implied_by
4,3616,4755,4756,9,not_xor
4,3617,2161,2162,1,and
4,3618,399,400,14,not_and
4,3619,5274,5275,9,not_xor
4,3620,1179,1180,15,one
4,3621,5010,5011,4,not_implied_by
4,3622,3000,3001,14,not_and
4,3623,5975,5976,12,not_a
4,3624,2030,2031,9,not_xor
4,3625,4483,4484,3,a
4,3626,3454,3455,9,not_xor
4,3627,5510,5511,4,not_implied_by
4,3628,3622,3623,7,or
4,3629,2571,2572,9,not_xor
4,3630,2921,2922,12,not_a
4,3631,3957,3958,11,implied_by
4,3632,4193,4194,9,not_xor
4,3633,1468,1469,5,b
4,3634,4955,4956,8,not_or
4,3635,972,973,5,b
4,3636,1159,1160,13,implies
4,3637,2685,2686,7,or
4,3638,3579,3580,3,a
4,3639,5964,5965,9,not_xor
4,3640,5944,5945,10,not_b
4,3641,2232,2233,14,not_and
4,3642,4225,4226,4,not_implied_by
4,3643,2404,2405,2,not_implies
4,3644,3149,3150,9,not_xor
4,3645,5415,5416,10,not_b
4,3646,829,830,12,not_a
4,3647,3263,3264,8,not_or
4,3648,1963,1964,13,implies
4,3649,5003,5004,12,not_a
4,3650,5898,5899,8,not_or
4,3651,3338,3339,3,a
4,3652,515,516,6,xor
4,3653,4072,4073,3,a
4,3654,4473,4474,6,xor
4,3655,5691,5692,13,implies
4,3656,2206,2207,10,not_b
4,3657,5093,5094,9,not_xor
4,3658,2820,2821,12,not_a
4,3659,2609,2610,4,not_implied_by
4,3660,5573,5574,8,not_or
4,3661,2875,2876,7,or
4,3662,1320,1321,5,b
4,3663,5342,5343,14,not_and
4,3664,4597,4598,5,b
4,3665,3861,3862,3,a
4,3666,4262,4263,3,a
4,3667,1583,1584,7,or
4,3668,1216,1217,8,not_or
4,3669,5354,5355,1,and
4,3670,69,70,5,b
4,3671,5343,5344,9,not_xor
4,3672,1329,1330,10,not_b
4,3673,3344,3345,1,and
4,3674,1010,1011,9,not_xor
4,3675,2708,2709,9,not_xor
4,3676,4535,4536,3,a
4,3677,1009,1010,5,b
4,3678,5365,5366,14,not_and
4,3679,1839,1840,12,not_a
4,3680,1491,1492,12,not_a
4,3681,5406,5407,5,b
4,3682,2390,2391,12,not_a
4,3683,3232,3233,4,not_implied_by
4,3684,5799,5800,6,xor
4,3685,1313,1314,3,a
4,3686,1454,1455,1,and
4,3687,1707,1708,12,not_a
4,3688,1592,1593,10,not_b
4,3689,501,502,1,and
4,3690,3749,3750,7,or
4,3691,739,740,6,xor
4,3692,198,199,3,a
4,3693,2379,2380,12,not_a
4,3694,4237,4238,14,not_and
4,3695,4501,4502,5,b
4,3696,3556,3557,9,not_xor
4,3697,3673,3674,6,xor
4,3698,3701,3702,9,not_xor
4,3699,5851,5852,5,b
4,3700,2585,2586,9,not_xor
4,3701,644,645,14,not_and
4,3702,2271,2272,1,and
4,3703,5473,5474,6,xor
4,3704,3236,3237,9,not_xor
4,3705,2217,2218,10,not_b
4,3706,2887,2888,6,xor
4,3707,3780,3781,3,a
4,3708,482,483,9,not_xor
4,3709,2433,2434,9,not_xor
4,3710,4536,4537,11,implied_by
4,3711,625,626,3,a
4,3712,3464,3465,12,not_a
4,3713,3238,3239,6,xor
4,3714,1309,1310,6,xor
4,3715,3281,3282,5,b
4,3716,5610,5611,10,not_b
4,3717,3457,3458,3,a
4,3718,4810,4811,6,xor
4,3719,5890,5891,10,not_b
4,3720,3852,3853,8,not_or
4,3721,4902,4903,4,not_implied_by
4,3722,5507,5508,5,b
4,3723,4181,4182,14,not_and
4,3724,3470,3471,5,b
4,3725,2877,2878,10,not_b
4,3726,3388,3389,9,not_xor
4,3727,3702,3703,10,not_b
4,3728,998,999,4,not_implied_by
4,3729,2053,2054,6,xor
4,3730,5322,5323,2,not_implies
4,3731,1818,1819,13,implies
4,3732,3202,3203,9,not_xor
4,3733,3363,3364,4,not_implied_by
4,3734,5636,5637,6,xor
4,3735,3042,3043,11,implied_by
4,3736,2527,2528,2,not_implies
4,3737,4657,4658,2,not_implies
4,3738,2718,2719,2,not_implies
4,3739,970,971,5,b
4,3740,3429,3430,11,implied_by
4,3741,1601,1602,12,not_a
4,3742,2477,2478,4,not_implied_by
4,3743,1566,1567,9,not_xor
4,3744,2184,2185,7,or
4,3745,1031,1032,10,not_b
4,3746,4684,4685,1,and
4,3747,1050,1051,8,not_or
4,3748,5805,5806,9,not_xor
4,3749,3271,3272,13,implies
4,3750,3424,3425,1,and
4,3751,943,944,10,not_b
4,3752,4827,4828,3,a
4,3753,807,808,6,xor
4,3754,57,58,1,and
4,3755,5225,5226,9,not_xor
4,3756,4134,4135,8,not_or
4,3757,1866,1867,5,b
4,3758,1920,1921,5,b
4,3759,5303,5304,0,zero
4,3760,2024,2025,9,not_xor
4,3761,932,933,12,not_a
4,3762,5558,5559,10,not_b
4,3763,966,967,3,a
4,3764,4413,4414,13,implies
4,3765,2827,2828,14,not_and
4,3766,3679,3680,5,b
4,3767,1432,1433,12,not_a
4,3768,2410,2411,10,not_b
4,3769,2242,2243,10,not_b
4,3770,108,109,9,not_xor
4,3771,4573,4574,5,b
4,3772,1223,1224,7,or
4,3773,426,427,3,a
4,3774,321,322,7,or
4,3775,5838,5839,5,b
4,3776,5482,5483,8,not_or
4,3777,5769,5770,12,not_a
4,3778,4960,4961,12,not_a
4,3779,4973,4974,2,not_implies
4,3780,5364,5365,9,not_xor
4,3781,4589,4590,3,a
4,3782,377,378,6,xor
4,3783,4364,4365,12,not_a
4,3784,4558,4559,10,not_b
4,3785,3710,3711,6,xor
4,3786,5448,5449,10,not_b
4,3787,4123,4124,10,not_b
4,3788,3405,3406,1,and
4,3789,5619,5620,9,not_xor
4,3790,3255,3256,5,b
4,3791,4842,4843,9,not_xor
4,3792,5393,5394,12,not_a
4,3793,66,67,13,implies
4,3794,5216,5217,6,xor
4,3795,545,546,9,not_xor
4,3796,2225,2226,12,not_a
4,3797,1913,1914,5,b
4,3798,1716,1717,9,not_xor
4,3799,2973,2974,12,not_a
4,3800,5634,5635,3,a
4,3801,1444,1445,13,implies
4,3802,4077,4078,3,a
4,3803,3180,3181,6,xor
4,3804,5909,5910,10,not_b
4,3805,4605,4606,1,and
4,3806,2576,2577,9,not_xor
4,3807,1408,1409,6,xor
4,3808,5405,5406,12,not_a
4,3809,1862,1863,1,and
4,3810,5674,5675,7,or
4,3811,4390,4391,12,not_a
4,3812,2982,2983,7,or
4,3813,927,928,6,xor
4,3814,3860,3861,6,xor
4,3815,761,762,10,not_b
4,3816,4981,4982,1,and
4,3817,1355,1356,2,not_implies
4,3818,5414,5415,9,not_xor
4,3819,2222,2223,4,not_implied_by
4,3820,1067,1068,9,not_xor
4,3821,8,9,5,b
4,3822,1449,1450,10,not_b
4,3823,4549,4550,9,not_xor
4,3824,2955,2956,14,not_and
4,3825,2707,2708,12,not_a
4,3826,5992,5993,9,not_xor
4,3827,3883,3884,6,xor
4,3828,1656,1657,9,not_xor
4,3829,4852,4853,10,not_b
4,3830,3976,3977,11,implied_by
4,3831,43,44,2,not_implies
4,3832,3584,3585,2,not_implies
4,3833,5524,5525,6,xor
4,3834,5447,5448,9,not_xor
4,3835,4945,4946,1,and
4,3836,3841,3842,9,not_xor
4,3837,5983,5984,5,b
4,3838,4121,4122,10,not_b
4,3839,2625,2626,3,a
4,3840,3259,3260,7,or
4,3841,3251,3252,9,not_xor
4,3842,5943,5944,1,and
4,3843,4317,4318,4,not_implied_by
4,3844,4399,4400,7,or
4,3845,3759,3760,9,not_xor
4,3846,3192,3193,14,not_and
4,3847,4303,4304,10,not_b
4,3848,1072,1073,6,xor
4,3849,677,678,11,implied_by
4,3850,806,807,10,not_b
4,3851,686,687,10,not_b
4,3852,4556,4557,5,b
4,3853,5286,5287,3,a
4,3854,666,667,12,not_a
4,3855,284,285,9,not_xor
4,3856,276,277,6,xor
4,3857,1195,1196,2,not_implies
4,3858,850,851,13,implies
4,3859,338,339,5,b
4,3860,1393,1394,11,implied_by
4,3861,432,433,4,not_implied_by
4,3862,2895,2896,3,a
4,3863,4140,4141,7,or
4,3864,226,227,3,a
4,3865,4015,4016,5,b
4,3866,3174,3175,5,b
4,3867,3104,3105,5,b
4,3868,1204,1205,3,a
4,3869,2180,2181,3,a
4,3870,1832,1833,3,a
4,3871,4183,4184,11,implied_by
4,3872,4714,4715,7,or
4,3873,2933,2934,3,a
4,3874,4012,4013,12,not_a
4,3875,5882,5883,7,or
4,3876,3546,3547,9,not_xor
4,3877,3640,3641,9,not_xor
4,3878,1427,1428,8,not_or
4,3879,2491,2492,6,xor
4,3880,5967,5968,9,not_xor
4,3881,4889,4890,14,not_and
4,3882,3413,3414,13,implies
4,3883,4619,4620,13,implies
4,3884,3347,3348,9,not_xor
4,3885,1059,1060,10,not_b
4,3886,650,651,7,or
4,3887,4466,4467,14,not_and
4,3888,3564,3565,6,xor
4,3889,3506,3507,3,a
4,3890,3613,3614,4,not_implied_by
4,3891,4832,4833,3,a
4,3892,5427,5428,4,not_implied_by
4,3893,4689,4690,9,not_xor
4,3894,4743,4744,14,not_and
4,3895,2169,2170,10,not_b
4,3896,3396,3397,4,not_implied_by
4,3897,1213,1214,5,b
4,3898,2961,2962,6,xor
4,3899,3021,3022,4,not_implied_by
4,3900,2731,2732,12,not_a
4,3901,4938,4939,10,not_b
4,3902,588,589,9,not_xor
4,3903,5332,5333,9,not_xor
4,3904,996,997,4,not_implied_by
4,3905,2783,2784,10,not_b
4,3906,1764,1765,10,not_b
4,3907,4701,4702,3,a
4,3908,1521,1522,14,not_and
4,3909,2650,2651,11,implied_by
4,3910,2919,2920,9,not_xor
4,3911,3589,3590,14,not_and
4,3912,1766,1767,5,b
4,3913,4299,4300,2,not_implies
4,3914,4148,4149,12,not_a
4,3915,429,430,3,a
4,3916,4763,4764,10,not_b
4,3917,1509,1510,4,not_implied_by
4,3918,3745,3746,3,a
4,3919,4190,4191,5,b
4,3920,4104,4105,11,implied_by
4,3921,986,987,13,implies
4,3922,3755,3756,3,a
4,3923,1976,1977,1,and
4,3924,902,903,8,not_or
4,3925,2351,2352,5,b
4,3926,3083,3084,2,not_implies
4,3927,5281,5282,11,implied_by
4,3928,4280,4281,4,not_implied_by
4,3929,776,777,14,not_and
4,3930,352,353,8,not_or
4,3931,2031,2032,4,not_implied_by
4,3932,5422,5423,10,not_b
4,3933,4211,4212,3,a
4,3934,1737,1738,11,implied_by
4,3935,4434,4435,5,b
4,3936,2456,2457,3,a
4,3937,3064,3065,13,implies
4,3938,4054,4055,10,not_b
4,3939,5752,5753,1,and
4,3940,2200,2201,9,not_xor
4,3941,5804,5805,11,implied_by
4,3942,1212,1213,7,or
4,3943,1826,1827,6,xor
4,3944,1834,1835,12,not_a
4,3945,4331,4332,10,not_b
4,3946,3560,3561,9,not_xor
4,3947,3791,3792,10,not_b
4,3948,3485,3486,10,not_b
4,3949,2223,2224,8,not_or
4,3950,3647,3648,3,a
4,3951,4834,4835,15,one
4,3952,1234,1235,10,not_b
4,3953,2345,2346,9,not_xor
4,3954,1563,1564,6,xor
4,3955,2653,2654,11,implied_by
4,3956,4574,4575,14,not_and
4,3957,1632,1633,5,b
4,3958,3705,3706,3,a
4,3959,2652,2653,6,xor
4,3960,578,579,12,not_a
4,3961,5259,5260,6,xor
4,3962,4639,4640,11,implied_by
4,3963,1474,1475,3,a
4,3964,1611,1612,1,and
4,3965,3398,3399,1,and
4,3966,5466,5467,3,a
4,3967,4569,4570,12,not_a
4,3968,5527,5528,3,a
4,3969,4402,4403,3,a
4,3970,2752,2753,11,implied_by
4,3971,5087,5088,9,not_xor
4,3972,897,898,10,not_b
4,3973,3985,3986,6,xor
4,3974,754,755,8,not_or
4,3975,3023,3024,6,xor
4,3976,5413,5414,11,implied_by
4,3977,4038,4039,6,xor
4,3978,1542,1543,6,xor
4,3979,3262,3263,14,not_and
4,3980,4176,4177,6,xor
4,3981,1426,1427,9,not_xor
4,3982,4291,4292,4,not_implied_by
4,3983,2221,2222,14,not_and
4,3984,2815,2816,8,not_or
4,3985,478,479,12,not_a
4,3986,2869,2870,3,a
4,3987,926,927,11,implied_by
4,3988,5801,5802,6,xor
4,3989,3447,3448,0,zero
4,3990,2649,2650,9,not_xor
4,3991,748,749,9,not_xor
4,3992,4411,4412,8,not_or
4,3993,12,13,5,b
4,3994,1732,1733,5,b
4,3995,2032,2033,7,or
4,3996,2806,2807,7,or
4,3997,2700,2701,14,not_and
4,3998,253,254,10,not_b
4,3999,4366,4367,10,not_b
4,4000,4050,4051,13,implies
4,4001,4234,4235,6,xor
4,4002,4358,4359,5,b
4,4003,2457,2458,7,or
4,4004,4180,4181,9,not_xor
4,4005,4816,4817,9,not_xor
4,4006,2116,2117,12,not_a
4,4007,172,173,11,implied_by
4,4008,1253,1254,8,not_or
4,4009,4254,4255,8,not_or
4,4010,5022,5023,13,implies
4,4011,5969,5970,5,b
4,4012,2146,2147,3,a
4,4013,1187,1188,13,implies
4,4014,4928,4929,5,b
4,4015,2468,2469,13,implies
4,4016,5295,5296,10,not_b
4,4017,5862,5863,15,one
4,4018,2642,2643,7,or
4,4019,5316,5317,5,b
4,4020,2392,2393,9,not_xor
4,4021,4319,4320,9,not_xor
4,4022,4244,4245,2,not_implies
4,4023,2049,2050,8,not_or
4,4024,3306,3307,8,not_or
4,4025,1505,1506,4,not_implied_by
4,4026,1940,1941,10,not_b
4,4027,1654,1655,12,not_a
4,4028,1917,1918,8,not_or
4,4029,3682,3683,14,not_and
4,4030,5683,5684,11,implied_by
4,4031,1301,1302,10,not_b
4,4032,3189,3190,15,one
4,4033,4173,4174,7,or
4,4034,3724,3725,5,b
4,4035,2500,2501,3,a
4,4036,3904,3905,10,not_b
4,4037,4915,4916,10,not_b
4,4038,1372,1373,10,not_b
4,4039,479,480,8,not_or
4,4040,4996,4997,8,not_or
4,4041,2465,2466,1,and
4,4042,1953,1954,6,xor
4,4043,2643,2644,14,not_and
4,4044,3472,3473,3,a
4,4045,5011,5012,14,not_and
4,4046,345,346,9,not_xor
4,4047,4163,4164,11,implied_by
4,4048,64,65,12,not_a
4,4049,3711,3712,13,implies
4,4050,3587,3588,5,b
4,4051,5009,5010,8,not_or
4,4052,4385,4386,12,not_a
4,4053,282,283,8,not_or
4,4054,1928,1929,13,implies
4,4055,2331,2332,10,not_b
4,4056,2388,2389,3,a
4,4057,1760,1761,9,not_xor
4,4058,5816,5817,6,xor
4,4059,4443,4444,4,not_implied_by
4,4060,5396,5397,5,b
4,4061,5045,5046,4,not_implied_by
4,4062,2715,2716,5,b
4,4063,1871,1872,5,b
4,4064,1025,1026,6,xor
4,4065,5141,5142,3,a
4,4066,2768,2769,1,and
4,4067,3681,3682,6,xor
4,4068,3052,3053,10,not_b
4,4069,903,904,9,not_xor
4,4070,1102,1103,14,not_and
4,4071,2082,2083,10,not_b
4,4072,1089,1090,15,one
4,4073,2537,2538,11,implied_by
4,4074,2746,2747,9,not_xor
4,4075,3389,3390,12,not_a
4,4076,3196,3197,5,b
4,4077,580,581,6,xor
4,4078,2657,2658,12,not_a
4,4079,1757,1758,3,a
4,4080,1989,1990,7,or
4,4081,1681,1682,2,not_implies
4,4082,1658,1659,14,not_and
4,4083,4149,4150,12,not_a
4,4084,5291,5292,5,b
4,4085,441,442,6,xor
4,4086,4486,4487,12,not_a
4,4087,3692,3693,3,a
4,4088,3865,3866,9,not_xor
4,4089,3670,3671,9,not_xor
4,4090,2779,2780,10,not_b
4,4091,4848,4849,2,not_implies
4,4092,2807,2808,6,xor
4,4093,89,90,3,a
4,4094,1158,1159,12,not_a
4,4095,1710,1711,10,not_b
4,4096,4704,4705,10,not_b
4,4097,3997,3998,10,not_b
4,4098,5982,5983,13,implies
4,4099,864,865,7,or
4,4100,4079,4080,1,and
4,4101,849,850,13,implies
4,4102,4650,4651,6,xor
4,4103,5479,5480,9,not_xor
4,4104,3576,3577,6,xor
4,4105,2686,2687,5,b
4,4106,4031,4032,11,implied_by
4,4107,1555,1556,11,implied_by
4,4108,5150,5151,2,not_implies
4,4109,1532,1533,7,or
4,4110,1284,1285,14,not_and
4,4111,366,367,6,xor
4,4112,3182,3183,11,implied_by
4,4113,38,39,8,not_or
4,4114,1177,1178,5,b
4,4115,3919,3920,10,not_b
4,4116,2926,2927,5,b
4,4117,5377,5378,6,xor
4,4118,633,634,6,xor
4,4119,3949,3950,3,a
4,4120,2198,2199,9,not_xor
4,4121,1616,1617,4,not_implied_by
4,4122,4365,4366,7,or
4,4123,325,326,4,not_implied_by
4,4124,733,734,8,not_or
4,4125,4260,4261,6,xor
4,4126,756,757,8,not_or
4,4127,1138,1139,3,a
4,4128,2108,2109,7,or
4,4129,2296,2297,4,not_implied_by
4,4130,2284,2285,9,not_xor
4,4131,3205,3206,7,or
4,4132,5823,5824,12,not_a
4,4133,285,286,2,not_implies
4,4134,676,677,3,a
4,4135,3054,3055,5,b
4,4136,1809,1810,14,not_and
4,4137,784,785,6,xor
4,4138,1661,1662,12,not_a
4,4139,885,886,10,not_b
4,4140,5397,5398,15,one
4,4141,782,783,3,a
4,4142,2627,2628,7,or
4,4143,2179,2180,7,or
4,4144,4629,4630,12,not_a
4,4145,2963,2964,12,not_a
4,4146,3431,3432,5,b
4,4147,2834,2835,7,or
4,4148,2665,2666,11,implied_by
4,4149,691,692,2,not_implies
4,4150,3393,3394,12,not_a
4,4151,133,134,7,or
4,4152,166,167,2,not_implies
4,4153,2867,2868,2,not_implies
4,4154,1901,1902,11,implied_by
4,4155,1040,1041,3,a
4,4156,4323,4324,3,a
4,4157,4170,4171,9,not_xor
4,4158,359,360,3,a
4,4159,3480,3481,11,implied_by
4,4160,1386,1387,6,xor
4,4161,2786,2787,5,b
4,4162,1833,1834,14,not_and
4,4163,2431,2432,3,a
4,4164,4829,4830,9,not_xor
4,4165,2416,2417,9,not_xor
4,4166,1597,1598,10,not_b
4,4167,5512,5513,12,not_a
4,4168,3211,3212,9,not_xor
4,4169,5775,5776,8,not_or
4,4170,3177,3178,6,xor
4,4171,1026,1027,7,or
4,4172,1416,1417,5,b
4,4173,1352,1353,6,xor
4,4174,1368,1369,7,or
4,4175,5700,5701,12,not_a
4,4176,1678,1679,3,a
4,4177,3512,3513,14,not_and
4,4178,4271,4272,10,not_b
4,4179,4028,4029,15,one
4,4180,3567,3568,2,not_implies
4,4181,1545,1546,3,a
4,4182,2851,2852,12,not_a
4,4183,3617,3618,3,a
4,4184,5930,5931,3,a
4,4185,3250,3251,6,xor
4,4186,3384,3385,3,a
4,4187,264,265,5,b
4,4188,1205,1206,5,b
4,4189,1922,1923,13,implies
4,4190,1252,1253,2,not_implies
4,4191,394,395,5,b
4,4192,1294,1295,8,not_or
4,4193,1527,1528,3,a
4,4194,2770,2771,3,a
4,4195,1425,1426,9,not_xor
4,4196,4949,4950,10,not_b
4,4197,433,434,13,implies
4,4198,5713,5714,10,not_b
4,4199,4975,4976,5,b
4,4200,1438,1439,9,not_xor
4,4201,5981,5982,10,not_b
4,4202,1705,1706,10,not_b
4,4203,5800,5801,5,b
4,4204,3223,3224,12,not_a
4,4205,723,724,5,b
4,4206,1066,1067,13,implies
4,4207,4422,4423,3,a
4,4208,1144,1145,8,not_or
4,4209,2133,2134,6,xor
4,4210,980,981,1,and
4,4211,1492,1493,12,not_a
4,4212,13,14,3,a
4,4213,4568,4569,4,not_implied_by
4,4214,5519,5520,6,xor
4,4215,4940,4941,12,not_a
4,4216,5266,5267,12,not_a
4,4217,2917,2918,1,and
4,4218,4583,4584,9,not_xor
4,4219,4778,4779,13,implies
4,4220,791,792,11,implied_by
4,4221,527,528,5,b
4,4222,5027,5028,13,implies
4,4223,5733,5734,14,not_and
4,4224,4166,4167,2,not_implies
4,4225,2568,2569,8,not_or
4,4226,4458,4459,4,not_implied_by
4,4227,1855,1856,3,a
4,4228,660,661,6,xor
4,4229,955,956,3,a
4,4230,2939,2940,5,b
4,4231,3386,3387,7,or
4,4232,5502,5503,13,implies
4,4233,243,244,6,xor
4,4234,121,122,7,or
4,4235,3599,3600,3,a
4,4236,3276,3277,6,xor
4,4237,961,962,2,not_implies
4,4238,4128,4129,4,not_implied_by
4,4239,4871,4872,12,not_a
4,4240,2417,2418,9,not_xor
4,4241,5059,5060,1,and
4,4242,5858,5859,13,implies
4,4243,340,341,12,not_a
4,4244,110,111,4,not_implied_by
4,4245,3627,3628,14,not_and
4,4246,1383,1384,6,xor
4,4247,3346,3347,14,not_and
4,4248,18,19,4,not_implied_by
4,4249,4041,4042,2,not_implies
4,4250,1508,1509,12,not_a
4,4251,2563,2564,12,not_a
4,4252,5147,5148,2,not_implies
4,4253,5843,5844,6,xor
4,4254,4692,4693,1,and
4,4255,2097,2098,6,xor
4,4256,3499,3500,7,or
4,4257,3367,3368,3,a
4,4258,4350,4351,10,not_b
4,4259,4005,4006,2,not_implies
4,4260,3614,3615,2,not_implies
4,4261,2742,2743,9,not_xor
4,4262,189,190,9,not_xor
4,4263,3735,3736,2,not_implies
4,4264,4078,4079,6,xor
4,4265,1373,1374,14,not_and
4,4266,3982,3983,9,not_xor
4,4267,4227,4228,12,not_a
4,4268,4391,4392,12,not_a
4,4269,5215,5216,1,and
4,4270,415,416,12,not_a
4,4271,579,580,3,a
4,4272,2988,2989,13,implies
4,4273,256,257,5,b
4,4274,3872,3873,10,not_b
4,4275,4762,4763,12,not_a
4,4276,2051,2052,10,not_b
4,4277,5768,5769,12,not_a
4,4278,4638,4639,3,a
4,4279,1027,1028,2,not_implies
4,4280,2153,2154,5,b
4,4281,5375,5376,8,not_or
4,4282,3186,3187,5,b
4,4283,1621,1622,7,or
4,4284,3133,3134,9,not_xor
4,4285,2009,2010,10,not_b
4,4286,4423,4424,6,xor
4,4287,843,844,2,not_implies
4,4288,4768,4769,12,not_a
4,4289,1441,1442,5,b
4,4290,1073,1074,4,not_implied_by
4,4291,2125,2126,3,a
4,4292,4962,4963,3,a
4,4293,3588,3589,12,not_a
4,4294,3528,3529,1,and
4,4295,221,222,10,not_b
4,4296,5601,5602,3,a
4,4297,5434,5435,2,not_implies
4,4298,517,518,9,not_xor
4,4299,1785,1786,12,not_a
4,4300,5913,5914,11,implied_by
4,4301,5836,5837,1,and
4,4302,275,276,9,not_xor
4,4303,4779,4780,3,a
4,4304,4144,4145,12,not_a
4,4305,1231,1232,9,not_xor
4,4306,5640,5641,5,b
4,4307,5618,5619,10,not_b
4,4308,5069,5070,3,a
4,4309,1380,1381,5,b
4,4310,5356,5357,14,not_and
4,4311,4758,4759,6,xor
4,4312,4326,4327,10,not_b
4,4313,1873,1874,3,a
4,4314,976,977,6,xor
4,4315,1476,1477,3,a
4,4316,5522,5523,7,or
4,4317,2692,2693,10,not_b
4,4318,859,860,11,implied_by
4,4319,5268,5269,7,or
4,4320,4593,4594,8,not_or
4,4321,5748,5749,4,not_implied_by
4,4322,5167,5168,14,not_and
4,4323,3812,3813,4,not_implied_by
4,4324,3848,3849,10,not_b
4,4325,1667,1668,3,a
4,4326,3316,3317,1,and
4,4327,5320,5321,5,b
4,4328,3307,3308,14,not_and
4,4329,4617,4618,5,b
4,4330,3110,3111,4,not_implied_by
4,4331,815,816,1,and
4,4332,5671,5672,3,a
4,4333,231,232,5,b
4,4334,1409,1410,7,or
4,4335,4804,4805,5,b
4,4336,4178,4179,10,not_b
4,4337,5373,5374,12,not_a
4,4338,1332,1333,5,b
4,4339,2013,2014,9,not_xor
4,4340,3797,3798,11,implied_by
4,4341,883,884,2,not_implies
4,4342,5711,5712,3,a
4,4343,724,725,13,implies
4,4344,4655,4656,12,not_a
4,4345,2394,2395,8,not_or
4,4346,311,312,9,not_xor
4,4347,5569,5570,3,a
4,4348,5863,5864,4,not_implied_by
4,4349,4525,4526,3,a
4,4350,460,461,11,implied_by
4,4351,912,913,12,not_a
4,4352,2528,2529,12,not_a
4,4353,873,874,2,not_implies
4,4354,5565,5566,12,not_a
4,4355,3603,3604,3,a
4,4356,4918,4919,10,not_b
4,4357,732,733,10,not_b
4,4358,4207,4208,6,xor
4,4359,4127,4128,6,xor
4,4360,5209,5210,10,not_b
4,4361,2341,2342,8,not_or
4,4362,4157,4158,12,not_a
4,4363,4226,4227,2,not_implies
4,4364,369,370,5,b
4,4365,1880,1881,9,not_xor
4,4366,2202,2203,3,a
4,4367,5754,5755,10,not_b
4,4368,3242,3243,10,not_b
4,4369,4221,4222,1,and
4,4370,3932,3933,2,not_implies
4,4371,2723,2724,11,implied_by
4,4372,4126,4127,3,a
4,4373,5582,5583,2,not_implies
4,4374,4512,4513,5,b
4,4375,1281,1282,14,not_and
4,4376,808,809,8,not_or
4,4377,2145,2146,9,not_xor
4,4378,3990,3991,9,not_xor
4,4379,5232,5233,3,a
4,4380,1430,1431,14,not_and
4,4381,1056,1057,1,and
4,4382,2183,2184,11,implied_by
4,4383,4171,4172,2,not_implies
4,4384,1227,1228,6,xor
4,4385,4562,4563,5,b
4,4386,3226,3227,6,xor
4,4387,4742,4743,7,or
4,4388,4242,4243,9,not_xor
4,4389,3164,3165,5,b
4,4390,3604,3605,11,implied_by
4,4391,3392,3393,1,and
4,4392,3750,3751,3,a
4,4393,1005,1006,6,xor
4,4394,5852,5853,11,implied_by
4,4395,4321,4322,5,b
4,4396,5830,5831,10,not_b
4,4397,4210,4211,10,not_b
4,4398,2730,2731,12,not_a
4,4399,4507,4508,12,not_a
4,4400,4710,4711,7,or
4,4401,5101,5102,1,and
4,4402,1464,1465,6,xor
4,4403,2343,2344,12,not_a
4,4404,2081,2082,3,a
4,4405,5197,5198,7,or
4,4406,312,313,10,not_b
4,4407,5104,5105,10,not_b
4,4408,2087,2088,6,xor
4,4409,5404,5405,7,or
4,4410,462,463,13,implies
4,4411,4503,4504,2,not_implies
4,4412,1471,1472,1,and
4,4413,1188,1189,5,b
4,4414,1547,1548,13,implies
4,4415,328,329,4,not_implied_by
4,4416,5878,5879,12,not_a
4,4417,5280,5281,3,a
4,4418,1191,1192,14,not_and
4,4419,1802,1803,13,implies
4,4420,425,426,3,a
4,4421,268,269,9,not_xor
4,4422,287,288,11,implied_by
4,4423,84,85,4,not_implied_by
4,4424,1763,1764,4,not_implied_by
4,4425,4788,4789,2,not_implies
4,4426,2813,2814,9,not_xor
4,4427,4008,4009,6,xor
4,4428,3551,3552,14,not_and
4,4429,5970,5971,9,not_xor
4,4430,2722,2723,12,not_a
4,4431,1814,1815,10,not_b
4,4432,4414,4415,1,and
4,4433,2432,2433,6,xor
4,4434,2829,2830,10,not_b
4,4435,1058,1059,10,not_b
4,4436,1107,1108,10,not_b
4,4437,1265,1266,6,xor
4,4438,4875,4876,6,xor
4,4439,2229,2230,11,implied_by
4,4440,3573,3574,6,xor
4,4441,4118,4119,12,not_a
4,4442,4396,4397,5,b
4,4443,381,382,13,implies
4,4444,1493,1494,14,not_and
4,4445,5784,5785,10,not_b
4,4446,5605,5606,2,not_implies
4,4447,5036,5037,4,not_implied_by
4,4448,1838,1839,5,b
4,4449,4314,4315,14,not_and
4,4450,5200,5201,10,not_b
4,4451,2758,2759,5,b
4,4452,571,572,10,not_b
4,4453,3867,3868,6,xor
4,4454,531,532,6,xor
4,4455,1012,1013,13,implies
4,4456,2532,2533,5,b
4,4457,1896,1897,11,implied_by
4,4458,5114,5115,2,not_implies
4,4459,5678,5679,14,not_and
4,4460,513,514,1,and
4,4461,3819,3820,14,not_and
4,4462,2606,2607,14,not_and
4,4463,1941,1942,5,b
4,4464,465,466,4,not_implied_by
4,4465,5963,5964,14,not_and
4,4466,3547,3548,5,b
4,4467,3712,3713,1,and
4,4468,1792,1793,12,not_a
4,4469,5771,5772,5,b
4,4470,2047,2048,10,not_b
4,4471,3343,3344,7,or
4,4472,2952,2953,1,and
4,4473,1553,1554,5,b
4,4474,1388,1389,11,implied_by
4,4475,1776,1777,4,not_implied_by
4,4476,4304,4305,8,not_or
4,4477,5496,5497,12,not_a
4,4478,3274,3275,5,b
4,4479,440,441,2,not_implies
4,4480,662,663,13,implies
4,4481,2699,2700,12,not_a
4,4482,126,127,6,xor
4,4483,4425,4426,12,not_a
4,4484,919,920,11,implied_by
4,4485,847,848,6,xor
4,4486,3968,3969,9,not_xor
4,4487,4543,4544,10,not_b
4,4488,2558,2559,10,not_b
4,4489,1627,1628,9,not_xor
4,4490,709,710,4,not_implied_by
4,4491,1960,1961,9,not_xor
4,4492,3106,3107,5,b
4,4493,5470,5471,10,not_b
4,4494,5718,5719,1,and
4,4495,5253,5254,5,b
4,4496,1152,1153,2,not_implies
4,4497,1004,1005,12,not_a
4,4498,3150,3151,8,not_or
4,4499,1916,1917,6,xor
4,4500,5169,5170,11,implied_by
4,4501,502,503,7,or
4,4502,2993,2994,4,not_implied_by
4,4503,5813,5814,13,implies
4,4504,1147,1148,5,b
4,4505,2400,2401,10,not_b
4,4506,112,113,9,not_xor
4,4507,245,246,3,a
4,4508,699,700,11,implied_by
4,4509,146,147,2,not_implies
4,4510,1312,1313,13,implies
4,4511,2573,2574,12,not_a
4,4512,672,673,14,not_and
4,4513,2507,2508,7,or
4,4514,4572,4573,7,or
4,4515,4563,4564,10,not_b
4,4516,5692,5693,13,implies
4,4517,1423,1424,6,xor
4,4518,639,640,2,not_implies
4,4519,988,989,3,a
4,4520,11,12,10,not_b
4,4521,2244,2245,3,a
4,4522,2469,2470,3,a
4,4523,201,202,3,a
4,4524,2927,2928,5,b
4,4525,948,949,5,b
4,4526,2776,2777,9,not_xor
4,4527,5644,5645,3,a
4,4528,5179,5180,12,not_a
4,4529,1595,1596,10,not_b
4,4530,5144,5145,1,and
4,4531,62,63,10,not_b
4,4532,4338,4339,7,or
4,4533,2360,2361,9,not_xor
4,4534,542,543,6,xor
4,4535,3986,3987,12,not_a
4,4536,5302,5303,9,not_xor
4,4537,1128,1129,5,b
4,4538,2158,2159,5,b
4,4539,5270,5271,13,implies
4,4540,2594,2595,12,not_a
4,4541,363,364,8,not_or
4,4542,2999,3000,1,and
4,4543,119,120,9,not_xor
4,4544,1199,1200,9,not_xor
4,4545,4610,4611,3,a
4,4546,4252,4253,10,not_b
4,4547,876,877,3,a
4,4548,3078,3079,5,b
4,4549,3746,3747,0,zero
4,4550,1506,1507,6,xor
4,4551,4387,4388,14,not_and
4,4552,223,224,5,b
4,4553,2611,2612,9,not_xor
4,4554,1787,1788,13,implies
4,4555,1525,1526,9,not_xor
4,4556,4097,4098,7,or
4,4557,2391,2392,8,not_or
4,4558,3748,3749,6,xor
4,4559,5424,5425,5,b
4,4560,4250,4251,10,not_b
4,4561,992,993,7,or
4,4562,5621,5622,4,not_implied_by
4,4563,127,128,10,not_b
4,4564,845,846,12,not_a
4,4565,4781,4782,6,xor
4,4566,863,864,13,implies
4,4567,5,6,3,a
4,4568,3094,3095,5,b
4,4569,5834,5835,8,not_or
4,4570,5046,5047,6,xor
4,4571,4552,4553,5,b
4,4572,2510,2511,2,not_implies
4,4573,2904,2905,10,not_b
4,4574,1074,1075,5,b
4,4575,4455,4456,14,not_and
4,4576,3026,3027,4,not_implied_by
4,4577,1002,1003,6,xor
4,4578,4105,4106,5,b
4,4579,4579,4580,8,not_or
4,4580,5737,5738,7,or
4,4581,2325,2326,10,not_b
4,4582,1465,1466,4,not_implied_by
4,4583,4464,4465,8,not_or
4,4584,2428,2429,3,a
4,4585,3530,3531,5,b
4,4586,5712,5713,2,not_implies
4,4587,868,869,13,implies
4,4588,577,578,6,xor
4,4589,3570,3571,12,not_a
4,4590,1819,1820,3,a
4,4591,2994,2995,13,implies
4,4592,1292,1293,12,not_a
4,4593,5049,5050,2,not_implies
4,4594,5655,5656,5,b
4,4595,4596,4597,11,implied_by
4,4596,4813,4814,12,not_a
4,4597,3612,3613,7,or
4,4598,1713,1714,7,or
4,4599,4342,4343,5,b
4,4600,3494,3495,13,implies
4,4601,5095,5096,6,xor
4,4602,205,206,9,not_xor
4,4603,349,350,12,not_a
4,4604,4449,4450,1,and
4,4605,1407,1408,1,and
4,4606,2334,2335,10,not_b
4,4607,1749,1750,2,not_implies
4,4608,3655,3656,7,or
4,4609,4760,4761,12,not_a
4,4610,5608,5609,5,b
4,4611,760,761,6,xor
4,4612,464,465,6,xor
4,4613,3130,3131,2,not_implies
4,4614,2600,2601,5,b
4,4615,2193,2194,5,b
4,4616,3876,3877,13,implies
4,4617,1384,1385,6,xor
4,4618,3193,3194,8,not_or
4,4619,4485,4486,12,not_a
4,4620,891,892,7,or
4,4621,861,862,6,xor
4,4622,3726,3727,5,b
4,4623,627,628,10,not_b
4,4624,4463,4464,8,not_or
4,4625,310,311,15,one
4,4626,2305,2306,7,or
4,4627,5156,5157,12,not_a
4,4628,1971,1972,4,not_implied_by
4,4629,1779,1780,6,xor
4,4630,4628,4629,10,not_b
4,4631,351,352,5,b
4,4632,1095,1096,10,not_b
4,4633,5002,5003,14,not_and
4,4634,4369,4370,9,not_xor
4,4635,5739,5740,5,b
4,4636,3071,3072,5,b
4,4637,1131,1132,9,not_xor
4,4638,26,27,4,not_implied_by
4,4639,5112,5113,5,b
4,4640,4281,4282,1,and
4,4641,4353,4354,11,implied_by
4,4642,1639,1640,6,xor
4,4643,5517,5518,6,xor
4,4644,2701,2702,6,xor
4,4645,3027,3028,6,xor
4,4646,1162,1163,10,not_b
4,4647,1256,1257,14,not_and
4,4648,411,412,5,b
4,4649,4073,4074,7,or
4,4650,2560,2561,3,a
4,4651,3729,3730,9,not_xor
4,4652,2938,2939,5,b
4,4653,3524,3525,3,a
4,4654,4620,4621,1,and
4,4655,5467,5468,15,one
4,4656,4194,4195,4,not_implied_by
4,4657,2579,2580,3,a
4,4658,1047,1048,7,or
4,4659,4983,4984,10,not_b
4,4660,4903,4904,14,not_and
4,4661,413,414,10,not_b
4,4662,2419,2420,12,not_a
4,4663,617,618,9,not_xor
4,4664,5968,5969,14,not_and
4,4665,2916,2917,6,xor
4,4666,1208,1209,2,not_implies
4,4667,445,446,3,a
4,4668,265,266,5,b
4,4669,5893,5894,5,b
4,4670,5750,5751,12,not_a
4,4671,1898,1899,7,or
4,4672,334,335,1,and
4,4673,5149,5150,14,not_and
4,4674,4721,4722,1,and
4,4675,4465,4466,5,b
4,4676,2017,2018,10,not_b
4,4677,1695,1696,3,a
4,4678,4487,4488,1,and
4,4679,3586,3587,12,not_a
4,4680,2152,2153,9,not_xor
4,4681,834,835,8,not_or
4,4682,124,125,6,xor
4,4683,5662,5663,9,not_xor
4,4684,2831,2832,10,not_b
4,4685,1765,1766,4,not_implied_by
4,4686,640,641,4,not_implied_by
4,4687,5806,5807,14,not_and
4,4688,42,43,11,implied_by
4,4689,4202,4203,1,and
4,4690,143,144,10,not_b
4,4691,2920,2921,14,not_and
4,4692,4219,4220,5,b
4,4693,2055,2056,8,not_or
4,4694,2618,2619,14,not_and
4,4695,5127,5128,6,xor
4,4696,444,445,5,b
4,4697,5971,5972,12,not_a
4,4698,4691,4692,9,not_xor
4,4699,2429,2430,3,a
4,4700,5694,5695,10,not_b
4,4701,1907,1908,7,or
4,4702,1196,1197,10,not_b
4,4703,1852,1853,8,not_or
4,4704,2258,2259,7,or
4,4705,5948,5949,6,xor
4,4706,5747,5748,12,not_a
4,4707,788,789,3,a
4,4708,2110,2111,10,not_b
4,4709,3507,3508,3,a
4,4710,2812,2813,5,b
4,4711,2450,2451,6,xor
4,4712,4381,4382,8,not_or
4,4713,1863,1864,13,implies
4,4714,5367,5368,8,not_or
4,4715,2196,2197,6,xor
4,4716,1249,1250,4,not_implied_by
4,4717,293,294,10,not_b
4,4718,4325,4326,11,implied_by
4,4719,5576,5577,10,not_b
4,4720,4020,4021,6,xor
4,4721,3890,3891,2,not_implies
4,4722,240,241,10,not_b
4,4723,716,717,12,not_a
4,4724,4847,4848,5,b
4,4725,604,605,9,not_xor
4,4726,2118,2119,10,not_b
4,4727,5431,5432,11,implied_by
4,4728,953,954,1,and
4,4729,2802,2803,6,xor
4,4730,2539,2540,3,a
4,4731,1684,1685,1,and
4,4732,3601,3602,7,or
4,4733,858,859,0,zero
4,4734,4215,4216,9,not_xor
4,4735,1813,1814,10,not_b
4,4736,2396,2397,8,not_or
4,4737,5874,5875,10,not_b
4,4738,1477,1478,4,not_implied_by
4,4739,5457,5458,3,a
4,4740,5289,5290,10,not_b
4,4741,5958,5959,6,xor
4,4742,3070,3071,11,implied_by
4,4743,4138,4139,4,not_implied_by
4,4744,744,745,5,b
4,4745,5951,5952,2,not_implies
4,4746,1717,1718,10,not_b
4,4747,2224,2225,11,implied_by
4,4748,5021,5022,5,b
4,4749,2909,2910,3,a
4,4750,2858,2859,3,a
4,4751,332,333,13,implies
4,4752,3058,3059,1,and
4,4753,1118,1119,14,not_and
4,4754,4131,4132,3,a
4,4755,1272,1273,7,or
4,4756,5137,5138,9,not_xor
4,4757,1451,1452,5,b
4,4758,1172,1173,9,not_xor
4,4759,612,613,8,not_or
4,4760,5810,5811,3,a
4,4761,5859,5860,9,not_xor
4,4762,990,991,9,not_xor
4,4763,5946,5947,11,implied_by
4,4764,2959,2960,6,xor
4,4765,2814,2815,11,implied_by
4,4766,5707,5708,10,not_b
4,4767,1980,1981,5,b
4,4768,5765,5766,3,a
4,4769,4696,4697,5,b
4,4770,158,159,7,or
4,4771,5730,5731,12,not_a
4,4772,2772,2773,8,not_or
4,4773,5740,5741,5,b
4,4774,5089,5090,14,not_and
4,4775,1625,1626,9,not_xor
4,4776,4257,4258,10,not_b
4,4777,3984,3985,12,not_a
4,4778,5458,5459,12,not_a
4,4779,575,576,3,a
4,4780,4446,4447,12,not_a
4,4781,3580,3581,6,xor
4,4782,1374,1375,5,b
4,4783,3781,3782,9,not_xor
4,4784,5363,5364,4,not_implied_by
4,4785,5798,5799,10,not_b
4,4786,4400,4401,9,not_xor
4,4787,5875,5876,10,not_b
4,4788,3675,3676,5,b
4,4789,180,181,2,not_implies
4,4790,3774,3775,3,a
4,4791,3758,3759,12,not_a
4,4792,5321,5322,3,a
4,4793,244,245,6,xor
4,4794,2177,2178,8,not_or
4,4795,3995,3996,4,not_implied_by
4,4796,103,104,1,and
4,4797,1706,1707,5,b
4,4798,5924,5925,14,not_and
4,4799,5408,5409,7,or
4,4800,4267,4268,5,b
4,4801,5807,5808,2,not_implies
4,4802,1014,1015,12,not_a
4,4803,2348,2349,6,xor
4,4804,2288,2289,3,a
4,4805,831,832,3,a
4,4806,5230,5231,5,b
4,4807,3135,3136,6,xor
4,4808,5020,5021,1,and
4,4809,2440,2441,8,not_or
4,4810,4482,4483,10,not_b
4,4811,2235,2236,3,a
4,4812,1081,1082,7,or
4,4813,2328,2329,8,not_or
4,4814,2504,2505,5,b
4,4815,1226,1227,14,not_and
4,4816,1084,1085,6,xor
4,4817,4909,4910,13,implies
4,4818,5536,5537,13,implies
4,4819,1689,1690,6,xor
4,4820,5668,5669,7,or
4,4821,1511,1512,12,not_a
4,4822,5165,5166,9,not_xor
4,4823,1420,1421,13,implies
4,4824,1959,1960,9,not_xor
4,4825,2861,2862,7,or
4,4826,1799,1800,4,not_implied_by
4,4827,742,743,13,implies
4,4828,4984,4985,12,not_a
4,4829,4752,4753,5,b
4,4830,3115,3116,10,not_b
4,4831,4330,4331,5,b
4,4832,5075,5076,10,not_b
4,4833,1693,1694,8,not_or
4,4834,4042,4043,3,a
4,4835,5219,5220,14,not_and
4,4836,5471,5472,2,not_implies
4,4837,1250,1251,10,not_b
4,4838,498,499,11,implied_by
4,4839,5489,5490,9,not_xor
4,4840,5420,5421,14,not_and
4,4841,2838,2839,9,not_xor
4,4842,5602,5603,3,a
4,4843,5469,5470,11,implied_by
4,4844,5583,5584,8,not_or
4,4845,731,732,10,not_b
4,4846,5785,5786,5,b
4,4847,77,78,2,not_implies
4,4848,214,215,13,implies
4,4849,866,867,11,implied_by
4,4850,3197,3198,9,not_xor
4,4851,655,656,3,a
4,4852,3224,3225,11,implied_by
4,4853,88,89,3,a
4,4854,721,722,10,not_b
4,4855,4216,4217,2,not_implies
4,4856,2164,2165,8,not_or
4,4857,869,870,7,or
4,4858,918,919,5,b
4,4859,4546,4547,1,and
4,4860,2426,2427,7,or
4,4861,4803,4804,12,not_a
4,4862,5330,5331,8,not_or
4,4863,1136,1137,13,implies
4,4864,1242,1243,13,implies
4,4865,2727,2728,10,not_b
4,4866,1264,1265,12,not_a
4,4867,2610,2611,5,b
4,4868,3898,3899,12,not_a
4,4869,2534,2535,3,a
4,4870,5822,5823,1,and
4,4871,2285,2286,6,xor
4,4872,4950,4951,8,not_or
4,4873,802,803,13,implies
4,4874,1962,1963,1,and
4,4875,5663,5664,3,a
4,4876,3375,3376,5,b
4,4877,2207,2208,9,not_xor
4,4878,4080,4081,12,not_a
4,4879,5883,5884,3,a
4,4880,2359,2360,4,not_implied_by
4,4881,1460,1461,5,b
4,4882,3067,3068,10,not_b
4,4883,3492,3493,2,not_implies
4,4884,5532,5533,2,not_implies
4,4885,3784,3785,5,b
4,4886,5631,5632,6,xor
4,4887,981,982,6,xor
4,4888,1178,1179,5,b
4,4889,946,947,13,implies
4,4890,4351,4352,12,not_a
4,4891,2574,2575,11,implied_by
4,4892,3970,3971,6,xor
4,4893,1350,1351,6,xor
4,4894,1456,1457,9,not_xor
4,4895,1263,1264,8,not_or
4,4896,2324,2325,4,not_implied_by
4,4897,3857,3858,10,not_b
4,4898,2937,2938,5,b
4,4899,4058,4059,9,not_xor
4,4900,1636,1637,6,xor
4,4901,715,716,13,implies
4,4902,2262,2263,6,xor
4,4903,1884,1885,6,xor
4,4904,2354,2355,5,b
4,4905,4206,4207,11,implied_by
4,4906,5828,5829,13,implies
4,4907,5978,5979,7,or
4,4908,2109,2110,14,not_and
4,4909,5048,5049,5,b
4,4910,3361,3362,14,not_and
4,4911,5195,5196,1,and
4,4912,454,455,3,a
4,4913,2840,2841,1,and
4,4914,4477,4478,5,b
4,4915,1534,1535,8,not_or
4,4916,3247,3248,6,xor
4,4917,2126,2127,5,b
4,4918,2755,2756,11,implied_by
4,4919,3272,3273,3,a
4,4920,3349,3350,6,xor
4,4921,150,151,12,not_a
4,4922,5889,5890,7,or
4,4923,1325,1326,8,not_or
4,4924,2163,2164,9,not_xor
4,4925,3075,3076,12,not_a
4,4926,4664,4665,10,not_b
4,4927,184,185,2,not_implies
4,4928,1942,1943,10,not_b
4,4929,2067,2068,12,not_a
4,4930,2670,2671,10,not_b
4,4931,3962,3963,12,not_a
4,4932,2672,2673,11,implied_by
4,4933,5193,5194,5,b
4,4934,1934,1935,3,a
4,4935,2147,2148,1,and
4,4936,3623,3624,12,not_a
4,4937,254,255,13,implies
4,4938,5592,5593,2,not_implies
4,4939,2719,2720,9,not_xor
4,4940,5243,5244,6,xor
4,4941,5288,5289,9,not_xor
4,4942,4992,4993,10,not_b
4,4943,5135,5136,10,not_b
4,4944,5203,5204,8,not_or
4,4945,1973,1974,5,b
4,4946,5333,5334,5,b
4,4947,3625,3626,8,not_or
4,4948,657,658,12,not_a
4,4949,4113,4114,5,b
4,4950,2804,2805,3,a
4,4951,1200,1201,1,and
4,4952,5056,5057,4,not_implied_by
4,4953,5218,5219,8,not_or
4,4954,4668,4669,1,and
4,4955,3686,3687,4,not_implied_by
4,4956,2048,2049,8,not_or
4,4957,5318,5319,8,not_or
4,4958,229,230,9,not_xor
4,4959,519,520,5,b
4,4960,1299,1300,1,and
4,4961,5208,5209,6,xor
4,4962,421,422,6,xor
4,4963,3913,3914,4,not_implied_by
4,4964,5628,5629,8,not_or
4,4965,4882,4883,7,or
4,4966,684,685,12,not_a
4,4967,4970,4971,7,or
4,4968,1876,1877,9,not_xor
4,4969,1499,1500,10,not_b
4,4970,346,347,11,implied_by
4,4971,1926,1927,1,and
4,4972,1580,1581,5,b
4,4973,2674,2675,10,not_b
4,4974,5299,5300,9,not_xor
4,4975,4665,4666,14,not_and
4,4976,2282,2283,14,not_and
4,4977,446,447,5,b
4,4978,2485,2486,12,not_a
4,4979,1310,1311,2,not_implies
4,4980,1207,1208,3,a
4,4981,296,297,10,not_b
4,4982,1486,1487,10,not_b
4,4983,2878,2879,9,not_xor
4,4984,4412,4413,3,a
4,4985,4444,4445,10,not_b
4,4986,3878,3879,11,implied_by
4,4987,85,86,11,implied_by
4,4988,5347,5348,4,not_implied_by
4,4989,255,256,2,not_implies
4,4990,1202,1203,12,not_a
4,4991,3038,3039,3,a
4,4992,3523,3524,2,not_implies
4,4993,638,639,5,b
4,4994,2020,2021,12,not_a
4,4995,3511,3512,4,not_implied_by
4,4996,1364,1365,11,implied_by
4,4997,2494,2495,1,and
4,4998,818,819,10,not_b
4,4999,4811,4812,3,a
4,5000,3725,3726,7,or
4,5001,1470,1471,6,xor
4,5002,2443,2444,8,not_or
4,5003,2449,2450,3,a
4,5004,5555,5556,7,or
4,5005,3356,3357,1,and
4,5006,4787,4788,13,implies
4,5007,4056,4057,4,not_implied_by
4,5008,2127,2128,6,xor
4,5009,4588,4589,4,not_implied_by
4,5010,469,470,6,xor
4,5011,1246,1247,12,not_a
4,5012,2121,2122,9,not_xor
4,5013,5886,5887,9,not_xor
4,5014,1918,1919,6,xor
4,5015,3753,3754,9,not_xor
4,5016,4505,4506,6,xor
4,5017,1498,1499,3,a
4,5018,979,980,8,not_or
4,5019,812,813,12,not_a
4,5020,5126,5127,13,implies
4,5021,2569,2570,3,a
4,5022,4919,4920,12,not_a
4,5023,5237,5238,1,and
4,5024,2891,2892,4,not_implied_by
4,5025,5416,5417,5,b
4,5026,2068,2069,6,xor
4,5027,606,607,5,b
4,5028,5936,5937,6,xor
4,5029,656,657,4,not_implied_by
4,5030,5008,5009,5,b
4,5031,3355,3356,14,not_and
4,5032,4478,4479,2,not_implies
4,5033,5797,5798,7,or
4,5034,4179,4180,12,not_a
4,5035,2424,2425,14,not_and
4,5036,409,410,9,not_xor
4,5037,725,726,5,b
4,5038,2873,2874,2,not_implies
4,5039,2467,2468,4,not_implied_by
4,5040,1652,1653,3,a
4,5041,2173,2174,11,implied_by
4,5042,1358,1359,3,a
4,5043,162,163,11,implied_by
4,5044,3689,3690,5,b
4,5045,5564,5565,9,not_xor
4,5046,4047,4048,10,not_b
4,5047,3044,3045,5,b
4,5048,3717,3718,10,not_b
4,5049,5083,5084,8,not_or
4,5050,3541,3542,10,not_b
4,5051,4661,4662,12,not_a
4,5052,4662,4663,3,a
4,5053,2583,2584,12,not_a
4,5054,2368,2369,11,implied_by
4,5055,271,272,7,or
4,5056,3407,3408,9,not_xor
4,5057,4618,4619,5,b
4,5058,1429,1430,3,a
4,5059,2505,2506,10,not_b
4,5060,3785,3786,10,not_b
4,5061,492,493,10,not_b
4,5062,3282,3283,9,not_xor
4,5063,540,541,9,not_xor
4,5064,5176,5177,3,a
4,5065,4905,4906,5,b
4,5066,2903,2904,3,a
4,5067,5567,5568,14,not_and
4,5068,4745,4746,13,implies
4,5069,358,359,7,or
4,5070,2211,2212,7,or
4,5071,5633,5634,9,not_xor
4,5072,2828,2829,6,xor
4,5073,1655,1656,11,implied_by
4,5074,4592,4593,10,not_b
4,5075,5188,5189,12,not_a
4,5076,4890,4891,5,b
4,5077,91,92,1,and
4,5078,1270,1271,13,implies
4,5079,5441,5442,3,a
4,5080,74,75,7,or
4,5081,1044,1045,9,not_xor
4,5082,72,73,10,not_b
4,5083,890,891,1,and
4,5084,4932,4933,10,not_b
4,5085,4245,4246,5,b
4,5086,234,235,6,xor
4,5087,2255,2256,14,not_and
4,5088,3897,3898,7,or
4,5089,5494,5495,12,not_a
4,5090,796,797,2,not_implies
4,5091,550,551,9,not_xor
4,5092,3285,3286,1,and
4,5093,3031,3032,2,not_implies
4,5094,2316,2317,6,xor
4,5095,2981,2982,6,xor
4,5096,1858,1859,3,a
4,5097,2061,2062,6,xor
4,5098,2298,2299,5,b
4,5099,957,958,6,xor
4,5100,4980,4981,1,and
4,5101,5575,5576,12,not_a
4,5102,3815,3816,3,a
4,5103,4530,4531,12,not_a
4,5104,5207,5208,8,not_or
4,5105,2254,2255,12,not_a
4,5106,5037,5038,11,implied_by
4,5107,3798,3799,10,not_b
4,5108,4856,4857,12,not_a
4,5109,171,172,11,implied_by
4,5110,2189,2190,10,not_b
4,5111,344,345,5,b
4,5112,2403,2404,3,a
4,5113,1093,1094,14,not_and
4,5114,2283,2284,4,not_implied_by
4,5115,4989,4990,13,implies
4,5116,450,451,2,not_implies
4,5117,6,7,14,not_and
4,5118,940,941,9,not_xor
4,5119,101,102,6,xor
4,5120,3927,3928,6,xor
4,5121,5401,5402,4,not_implied_by
4,5122,4632,4633,7,or
4,5123,2809,2810,5,b
4,5124,1820,1821,7,or
4,5125,5853,5854,14,not_and
4,5126,1291,1292,10,not_b
4,5127,449,450,3,a
4,5128,2376,2377,8,not_or
4,5129,759,760,12,not_a
4,5130,5016,5017,5,b
4,5131,1248,1249,0,zero
4,5132,4146,4147,3,a
4,5133,5362,5363,5,b
4,5134,1526,1527,1,and
4,5135,2238,2239,11,implied_by
4,5136,5658,5659,8,not_or
4,5137,3953,3954,3,a
4,5138,3017,3018,4,not_implied_by
4,5139,3199,3200,8,not_or
4,5140,5338,5339,12,not_a
4,5141,3491,3492,6,xor
4,5142,4470,4471,2,not_implies
4,5143,5991,5992,4,not_implied_by
4,5144,1285,1286,2,not_implies
4,5145,3566,3567,8,not_or
4,5146,5308,5309,5,b
4,5147,5315,5316,8,not_or
4,5148,2240,2241,10,not_b
4,5149,5079,5080,6,xor
4,5150,5061,5062,11,implied_by
4,5151,2160,2161,3,a
4,5152,2312,2313,9,not_xor
4,5153,507,508,12,not_a
4,5154,1894,1895,6,xor
4,5155,2441,2442,15,one
4,5156,3358,3359,11,implied_by
4,5157,4855,4856,11,implied_by
4,5158,2130,2131,6,xor
4,5159,4521,4522,3,a
4,5160,3245,3246,11,implied_by
4,5161,50,51,2,not_implies
4,5162,4527,4528,12,not_a
4,5163,3525,3526,5,b
4,5164,1665,1666,1,and
4,5165,3902,3903,5,b
4,5166,853,854,1,and
4,5167,3928,3929,1,and
4,5168,2987,2988,14,not_and
4,5169,1743,1744,1,and
4,5170,111,112,4,not_implied_by
4,5171,5624,5625,10,not_b
4,5172,1985,1986,10,not_b
4,5173,4604,4605,6,xor
4,5174,3035,3036,5,b
4,5175,2524,2525,1,and
4,5176,1108,1109,5,b
4,5177,4718,4719,12,not_a
4,5178,1275,1276,1,and
4,5179,2460,2461,12,not_a
4,5180,4102,4103,8,not_or
4,5181,5760,5761,3,a
4,5182,4782,4783,6,xor
4,5183,5307,5308,12,not_a
4,5184,1149,1150,6,xor
4,5185,4669,4670,12,not_a
4,5186,2523,2524,14,not_and
4,5187,1990,1991,13,implies
4,5188,884,885,3,a
4,5189,2182,2183,7,or
4,5190,1653,1654,9,not_xor
4,5191,1723,1724,7,or
4,5192,3830,3831,7,or
4,5193,1130,1131,4,not_implied_by
4,5194,551,552,12,not_a
4,5195,5620,5621,4,not_implied_by
4,5196,3025,3026,4,not_implied_by
4,5197,5033,5034,3,a
4,5198,3095,3096,12,not_a
4,5199,1306,1307,1,and
4,5200,4957,4958,12,not_a
4,5201,1622,1623,8,not_or
4,5202,3048,3049,11,implied_by
4,5203,4424,4425,8,not_or
4,5204,3665,3666,2,not_implies
4,5205,3369,3370,3,a
4,5206,5505,5506,8,not_or
4,5207,1418,1419,3,a
4,5208,5627,5628,14,not_and
4,5209,5102,5103,12,not_a
4,5210,4070,4071,12,not_a
4,5211,1560,1561,2,not_implies
4,5212,3087,3088,11,implied_by
4,5213,1182,1183,12,not_a
4,5214,4378,4379,8,not_or
4,5215,3099,3100,10,not_b
4,5216,3354,3355,5,b
4,5217,1608,1609,2,not_implies
4,5218,5456,5457,1,and
4,5219,3581,3582,4,not_implied_by
4,5220,1389,1390,5,b
4,5221,289,290,6,xor
4,5222,941,942,12,not_a
4,5223,2743,2744,7,or
4,5224,3198,3199,9,not_xor
4,5225,5772,5773,11,implied_by
4,5226,5986,5987,10,not_b
4,5227,4306,4307,9,not_xor
4,5228,3430,3431,1,and
4,5229,4067,4068,5,b
4,5230,5598,5599,11,implied_by
4,5231,1538,1539,4,not_implied_by
4,5232,4802,4803,11,implied_by
4,5233,3630,3631,10,not_b
4,5234,2373,2374,8,not_or
4,5235,5492,5493,8,not_or
4,5236,4151,4152,10,not_b
4,5237,4415,4416,12,not_a
4,5238,1048,1049,7,or
4,5239,634,635,10,not_b
4,5240,1811,1812,12,not_a
4,5241,1987,1988,6,xor
4,5242,4929,4930,8,not_or
4,5243,4352,4353,5,b
4,5244,4809,4810,6,xor
4,5245,3230,3231,8,not_or
4,5246,5374,5375,3,a
4,5247,2174,2175,3,a
4,5248,4172,4173,11,implied_by
4,5249,2112,2113,3,a
4,5250,5256,5257,6,xor
4,5251,3900,3901,10,not_b
4,5252,1045,1046,12,not_a
4,5253,5329,5330,9,not_xor
4,5254,688,689,12,not_a
4,5255,2234,2235,7,or
4,5256,2290,2291,12,not_a
4,5257,4531,4532,7,or
4,5258,1342,1343,3,a
4,5259,468,469,3,a
4,5260,224,225,14,not_and
4,5261,1357,1358,9,not_xor
4,5262,1735,1736,2,not_implies
4,5263,2634,2635,5,b
4,5264,1297,1298,9,not_xor
4,5265,1988,1989,13,implies
4,5266,5047,5048,13,implies
4,5267,2515,2516,12,not_a
4,5268,856,857,4,not_implied_by
4,5269,4518,4519,4,not_implied_by
4,5270,430,431,4,not_implied_by
4,5271,2307,2308,11,implied_by
4,5272,5313,5314,1,and
4,5273,842,843,1,and
4,5274,4265,4266,9,not_xor
4,5275,1459,1460,5,b
4,5276,2586,2587,7,or
4,5277,3916,3917,12,not_a
4,5278,2726,2727,5,b
4,5279,2080,2081,4,not_implied_by
4,5280,4673,4674,9,not_xor
4,5281,4239,4240,9,not_xor
4,5282,5869,5870,2,not_implies
4,5283,5228,5229,6,xor
4,5284,3311,3312,14,not_and
4,5285,2091,2092,2,not_implies
4,5286,329,330,2,not_implies
4,5287,2951,2952,3,a
4,5288,3270,3271,12,not_a
4,5289,5877,5878,10,not_b
4,5290,1206,1207,3,a
4,5291,3147,3148,7,or
4,5292,416,417,6,xor
4,5293,2675,2676,4,not_implied_by
4,5294,2759,2760,1,and
4,5295,3669,3670,12,not_a
4,5296,5235,5236,6,xor
4,5297,5659,5660,0,zero
4,5298,984,985,6,xor
4,5299,2544,2545,4,not_implied_by
4,5300,5262,5263,5,b
4,5301,1030,1031,3,a
4,5302,3687,3688,14,not_and
4,5303,2518,2519,3,a
4,5304,2689,2690,6,xor
4,5305,1937,1938,11,implied_by
4,5306,1271,1272,5,b
4,5307,5359,5360,9,not_xor
4,5308,2466,2467,7,or
4,5309,5870,5871,11,implied_by
4,5310,5038,5039,4,not_implied_by
4,5311,1377,1378,10,not_b
4,5312,250,251,9,not_xor
4,5313,1752,1753,14,not_and
4,5314,1013,1014,13,implies
4,5315,1719,1720,9,not_xor
4,5316,1751,1752,2,not_implies
4,5317,1778,1779,5,b
4,5318,3631,3632,8,not_or
4,5319,904,905,13,implies
4,5320,3539,3540,1,and
4,5321,2848,2849,10,not_b
4,5322,5180,5181,14,not_and
4,5323,3319,3320,4,not_implied_by
4,5324,1591,1592,1,and
4,5325,3795,3796,10,not_b
4,5326,4229,4230,13,implies
4,5327,2044,2045,9,not_xor
4,5328,4520,4521,3,a
4,5329,1983,1984,12,not_a
4,5330,4833,4834,2,not_implies
4,5331,5269,5270,9,not_xor
4,5332,1086,1087,9,not_xor
4,5333,5043,5044,3,a
4,5334,1051,1052,6,xor
4,5335,5062,5063,14,not_and
4,5336,3137,3138,14,not_and
4,5337,2771,2772,12,not_a
4,5338,2531,2532,11,implied_by
4,5339,5205,5206,14,not_and
4,5340,3402,3403,6,xor
4,5341,2496,2497,3,a
4,5342,1412,1413,2,not_implies
4,5343,136,137,2,not_implies
4,5344,3145,3146,6,xor
4,5345,648,649,10,not_b
4,5346,2832,2833,10,not_b
4,5347,1754,1755,3,a
4,5348,185,186,10,not_b
4,5349,1160,1161,7,or
4,5350,2,3,9,not_xor
4,5351,4683,4684,10,not_b
4,5352,3339,3340,3,a
4,5353,1790,1791,6,xor
4,5354,3933,3934,11,implied_by
4,5355,4093,4094,2,not_implies
4,5356,2588,2589,5,b
4,5357,5394,5395,2,not_implies
4,5358,581,582,3,a
4,5359,1280,1281,10,not_b
4,5360,636,637,14,not_and
4,5361,2990,2991,1,and
4,5362,5744,5745,2,not_implies
4,5363,1228,1229,9,not_xor
4,5364,4895,4896,12,not_a
4,5365,5066,5067,13,implies
4,5366,4150,4151,2,not_implies
4,5367,4084,4085,10,not_b
4,5368,4406,4407,0,zero
4,5369,1849,1850,5,b
4,5370,3459,3460,13,implies
4,5371,1769,1770,8,not_or
4,5372,1176,1177,5,b
4,5373,2439,2440,12,not_a
4,5374,4567,4568,6,xor
4,5375,401,402,5,b
4,5376,3475,3476,12,not_a
4,5377,1139,1140,13,implies
4,5378,4046,4047,7,or
4,5379,2945,2946,6,xor
4,5380,2178,2179,14,not_and
4,5381,2656,2657,11,implied_by
4,5382,5571,5572,9,not_xor
4,5383,4906,4907,1,and
4,5384,4386,4387,10,not_b
4,5385,3085,3086,13,implies
4,5386,3297,3298,2,not_implies
4,5387,2582,2583,12,not_a
4,5388,565,566,9,not_xor
4,5389,1541,1542,4,not_implied_by
4,5390,5960,5961,10,not_b
4,5391,3446,3447,8,not_or
4,5392,3891,3892,12,not_a
4,5393,5732,5733,6,xor
4,5394,685,686,5,b
4,5395,1648,1649,4,not_implied_by
4,5396,3591,3592,5,b
4,5397,4475,4476,3,a
4,5398,4737,4738,11,implied_by
4,5399,2401,2402,12,not_a
4,5400,4519,4520,5,b
4,5401,406,407,9,not_xor
4,5402,98,99,14,not_and
4,5403,3012,3013,10,not_b
4,5404,4279,4280,12,not_a
4,5405,3498,3499,10,not_b
4,5406,614,615,8,not_or
4,5407,522,523,6,xor
4,5408,668,669,3,a
4,5409,4922,4923,6,xor
4,5410,1366,1367,5,b
4,5411,178,179,6,xor
4,5412,4374,4375,9,not_xor
4,5413,5345,5346,4,not_implied_by
4,5414,4143,4144,13,implies
4,5415,49,50,4,not_implied_by
4,5416,173,174,10,not_b
4,5417,737,738,10,not_b
4,5418,418,419,3,a
4,5419,2427,2428,11,implied_by
4,5420,5395,5396,2,not_implies
4,5421,1978,1979,3,a
4,5422,2637,2638,3,a
4,5423,3948,3949,11,implied_by
4,5424,1771,1772,14,not_and
4,5425,2621,2622,2,not_implies
4,5426,4192,4193,9,not_xor
4,5427,4152,4153,7,or
4,5428,1708,1709,8,not_or
4,5429,204,205,11,implied_by
4,5430,353,354,9,not_xor
4,5431,1057,1058,2,not_implies
4,5432,2958,2959,7,or
4,5433,4027,4028,9,not_xor
4,5434,2862,2863,6,xor
4,5435,4109,4110,1,and
4,5436,2463,2464,8,not_or
4,5437,393,394,11,implied_by
4,5438,5189,5190,3,a
4,5439,1887,1888,13,implies
4,5440,4585,4586,8,not_or
4,5441,194,195,13,implies
4,5442,2022,2023,11,implied_by
4,5443,3594,3595,12,not_a
4,5444,1837,1838,6,xor
4,5445,4941,4942,1,and
4,5446,382,383,4,not_implied_by
4,5447,914,915,2,not_implies
4,5448,4615,4616,11,implied_by
4,5449,2490,2491,6,xor
4,5450,5217,5218,12,not_a
4,5451,3091,3092,12,not_a
4,5452,2736,2737,1,and
4,5453,2453,2454,9,not_xor
4,5454,2946,2947,12,not_a
4,5455,4526,4527,9,not_xor
4,5456,4819,4820,14,not_and
4,5457,874,875,12,not_a
4,5458,2545,2546,4,not_implied_by
4,5459,4003,4004,9,not_xor
4,5460,4061,4062,4,not_implied_by
4,5461,2437,2438,12,not_a
4,5462,875,876,9,not_xor
4,5463,1731,1732,5,b
4,5464,4318,4319,15,one
4,5465,3602,3603,10,not_b
4,5466,5355,5356,4,not_implied_by
4,5467,3181,3182,7,or
4,5468,1744,1745,9,not_xor
4,5469,3188,3189,9,not_xor
4,5470,5651,5652,11,implied_by
4,5471,4621,4622,6,xor
4,5472,202,203,10,not_b
4,5473,3544,3545,10,not_b
4,5474,1467,1468,5,b
4,5475,546,547,5,b
4,5476,2214,2215,6,xor
4,5477,186,187,10,not_b
4,5478,4502,4503,6,xor
4,5479,5794,5795,1,and
4,5480,2614,2615,10,not_b
4,5481,3516,3517,11,implied_by
4,5482,553,554,12,not_a
4,5483,1345,1346,8,not_or
4,5484,3606,3607,9,not_xor
4,5485,2514,2515,6,xor
4,5486,5684,5685,13,implies
4,5487,5480,5481,13,implies
4,5488,1450,1451,1,and
4,5489,3973,3974,15,one
4,5490,3357,3358,3,a
4,5491,5908,5909,12,not_a
4,5492,3850,3851,10,not_b
4,5493,177,178,4,not_implied_by
4,5494,4213,4214,13,implies
4,5495,5094,5095,9,not_xor
4,5496,3160,3161,6,xor
4,5497,4002,4003,6,xor
4,5498,4428,4429,9,not_xor
4,5499,4513,4514,13,implies
4,5500,3843,3844,9,not_xor
4,5501,5648,5649,1,and
4,5502,2795,2796,8,not_or
4,5503,2079,2080,2,not_implies
4,5504,1016,1017,9,not_xor
4,5505,4198,4199,7,or
4,5506,2777,2778,3,a
4,5507,4000,4001,8,not_or
4,5508,1738,1739,9,not_xor
4,5509,697,698,7,or
4,5510,3143,3144,8,not_or
4,5511,4389,4390,13,implies
4,5512,3802,3803,2,not_implies
4,5513,4356,4357,12,not_a
4,5514,5264,5265,2,not_implies
4,5515,576,577,1,and
4,5516,893,894,12,not_a
4,5517,2226,2227,12,not_a
4,5518,4251,4252,9,not_xor
4,5519,5050,5051,1,and
4,5520,658,659,8,not_or
4,5521,4815,4816,1,and
4,5522,3166,3167,10,not_b
4,5523,4793,4794,10,not_b
4,5524,4540,4541,13,implies
4,5525,4798,4799,11,implied_by
4,5526,280,281,1,and
4,5527,5758,5759,3,a
4,5528,3538,3539,6,xor
4,5529,5498,5499,2,not_implies
4,5530,3102,3103,11,implied_by
4,5531,4821,4822,6,xor
4,5532,5283,5284,5,b
4,5533,4670,4671,2,not_implies
4,5534,1686,1687,1,and
4,5535,5351,5352,1,and
4,5536,1155,1156,12,not_a
4,5537,5553,5554,9,not_xor
4,5538,2016,2017,14,not_and
4,5539,2785,2786,15,one
4,5540,4565,4566,6,xor
4,5541,5679,5680,3,a
4,5542,2519,2520,8,not_or
4,5543,4504,4505,13,implies
4,5544,2880,2881,14,not_and
4,5545,4223,4224,1,and
4,5546,2547,2548,8,not_or
4,5547,5074,5075,10,not_b
4,5548,3853,3854,4,not_implied_by
4,5549,1046,1047,8,not_or
4,5550,543,544,2,not_implies
4,5551,661,662,10,not_b
4,5552,5896,5897,9,not_xor
4,5553,5136,5137,5,b
4,5554,910,911,9,not_xor
4,5555,5887,5888,8,not_or
4,5556,2444,2445,12,not_a
4,5557,4859,4860,11,implied_by
4,5558,307,308,10,not_b
4,5559,4626,4627,3,a
4,5560,1619,1620,12,not_a
4,5561,4212,4213,8,not_or
4,5562,1932,1933,6,xor
4,5563,5252,5253,9,not_xor
4,5564,2756,2757,2,not_implies
4,5565,4437,4438,7,or
4,5566,1402,1403,12,not_a
4,5567,2859,2860,11,implied_by
4,5568,999,1000,11,implied_by
4,5569,5743,5744,4,not_implied_by
4,5570,2822,2823,4,not_implied_by
4,5571,1126,1127,9,not_xor
4,5572,3642,3643,12,not_a
4,5573,1682,1683,6,xor
4,5574,5028,5029,2,not_implies
4,5575,3345,3346,13,implies
4,5576,2787,2788,3,a
4,5577,4775,4776,13,implies
4,5578,81,82,7,or
4,5579,1146,1147,3,a
4,5580,1711,1712,7,or
4,5581,3233,3234,2,not_implies
4,5582,5244,5245,12,not_a
4,5583,4954,4955,10,not_b
4,5584,448,449,13,implies
4,5585,1260,1261,12,not_a
4,5586,4671,4672,12,not_a
4,5587,5175,5176,6,xor
4,5588,2995,2996,10,not_b
4,5589,3086,3087,6,xor
4,5590,495,496,6,xor
4,5591,4978,4979,6,xor
4,5592,4100,4101,4,not_implied_by
4,5593,55,56,3,a
4,5594,1156,1157,3,a
4,5595,4846,4847,5,b
4,5596,1725,1726,5,b
4,5597,2141,2142,4,not_implied_by
4,5598,3766,3767,3,a
4,5599,1994,1995,0,zero
4,5600,1124,1125,2,not_implies
4,5601,5820,5821,3,a
4,5602,291,292,3,a
4,5603,3707,3708,4,not_implied_by
4,5604,3286,3287,5,b
4,5605,2069,2070,9,not_xor
4,5606,3527,3528,12,not_a
4,5607,129,130,13,implies
4,5608,1488,1489,12,not_a
4,5609,5451,5452,10,not_b
4,5610,3253,3254,9,not_xor
4,5611,1701,1702,6,xor
4,5612,1001,1002,13,implies
4,5613,5773,5774,11,implied_by
4,5614,4603,4604,14,not_and
4,5615,1007,1008,4,not_implied_by
4,5616,1624,1625,12,not_a
4,5617,3716,3717,5,b
4,5618,2944,2945,12,not_a
4,5619,4034,4035,2,not_implies
4,5620,1496,1497,3,a
4,5621,1119,1120,1,and
4,5622,27,28,6,xor
4,5623,5024,5025,0,zero
4,5624,3473,3474,6,xor
4,5625,5399,5400,3,a
4,5626,3885,3886,15,one
4,5627,5068,5069,1,and
4,5628,1984,1985,13,implies
4,5629,3965,3966,3,a
4,5630,5213,5214,5,b
4,5631,5782,5783,9,not_xor
4,5632,4435,4436,12,not_a
4,5633,1302,1303,4,not_implied_by
4,5634,1422,1423,9,not_xor
4,5635,4420,4421,5,b
4,5636,3648,3649,3,a
4,5637,4452,4453,10,not_b
4,5638,5411,5412,9,not_xor
4,5639,5120,5121,7,or
4,5640,3195,3196,11,implied_by
4,5641,362,363,3,a
4,5642,3822,3823,1,and
4,5643,1613,1614,8,not_or
4,5644,898,899,4,not_implied_by
4,5645,5279,5280,10,not_b
4,5646,1915,1916,7,or
4,5647,2139,2140,7,or
4,5648,5826,5827,8,not_or
4,5649,1925,1926,6,xor
4,5650,5158,5159,4,not_implied_by
4,5651,1782,1783,5,b
4,5652,3671,3672,6,xor
4,5653,3562,3563,3,a
4,5654,2329,2330,14,not_and
4,5655,2824,2825,12,not_a
4,5656,1340,1341,4,not_implied_by
4,5657,197,198,4,not_implied_by
4,5658,5306,5307,5,b
4,5659,3626,3627,6,xor
4,5660,5574,5575,4,not_implied_by
4,5661,5534,5535,8,not_or
4,5662,1530,1531,6,xor
4,5663,4499,4500,12,not_a
4,5664,1490,1491,3,a
4,5665,3918,3919,12,not_a
4,5666,170,171,12,not_a
4,5667,3805,3806,11,implied_by
4,5668,2034,2035,13,implies
4,5669,2801,2802,9,not_xor
4,5670,5080,5081,5,b
4,5671,2567,2568,5,b
4,5672,3213,3214,12,not_a
4,5673,2575,2576,10,not_b
4,5674,5452,5453,12,not_a
4,5675,729,730,8,not_or
4,5676,3632,3633,11,implied_by
4,5677,2593,2594,10,not_b
4,5678,118,119,5,b
4,5679,2984,2985,14,not_and
4,5680,2318,2319,10,not_b
4,5681,3288,3289,12,not_a
4,5682,3141,3142,2,not_implies
4,5683,2454,2455,3,a
4,5684,2395,2396,1,and
4,5685,3688,3689,2,not_implies
4,5686,1105,1106,3,a
4,5687,1507,1508,9,not_xor
4,5688,5063,5064,8,not_or
4,5689,583,584,10,not_b
4,5690,2619,2620,6,xor
4,5691,1808,1809,12,not_a
4,5692,2888,2889,11,implied_by
4,5693,3796,3797,9,not_xor
4,5694,5766,5767,12,not_a
4,5695,3887,3888,8,not_or
4,5696,5955,5956,9,not_xor
4,5697,5350,5351,9,not_xor
4,5698,1692,1693,2,not_implies
4,5699,4616,4617,6,xor
4,5700,4591,4592,3,a
4,5701,5734,5735,13,implies
4,5702,68,69,3,a
4,5703,536,537,6,xor
4,5704,1831,1832,3,a
4,5705,1850,1851,12,not_a
4,5706,5285,5286,13,implies
4,5707,1049,1050,7,or
4,5708,4703,4704,3,a
4,5709,4346,4347,1,and
4,5710,593,594,12,not_a
4,5711,675,676,11,implied_by
4,5712,956,957,10,not_b
4,5713,5012,5013,5,b
4,5714,4095,4096,9,not_xor
4,5715,1085,1086,3,a
4,5716,5871,5872,10,not_b
4,5717,1644,1645,5,b
4,5718,5369,5370,7,or
4,5719,3466,3467,12,not_a
4,5720,568,569,9,not_xor
4,5721,4511,4512,9,not_xor
4,5722,5824,5825,4,not_implied_by
4,5723,3089,3090,8,not_or
4,5724,4598,4599,10,not_b
4,5725,4715,4716,6,xor
4,5726,1478,1479,14,not_and
4,5727,877,878,4,not_implied_by
4,5728,564,565,1,and
4,5729,771,772,2,not_implies
4,5730,2580,2581,14,not_and
4,5731,5817,5818,9,not_xor
4,5732,4124,4125,4,not_implied_by
4,5733,5736,5737,11,implied_by
4,5734,1955,1956,4,not_implied_by
4,5735,1587,1588,1,and
4,5736,333,334,12,not_a
4,5737,702,703,4,not_implied_by
4,5738,1742,1743,5,b
4,5739,3840,3841,2,not_implies
4,5740,2010,2011,10,not_b
4,5741,3835,3836,4,not_implied_by
4,5742,2210,2211,6,xor
4,5743,5173,5174,3,a
4,5744,176,177,10,not_b
4,5745,4014,4015,4,not_implied_by
4,5746,1331,1332,7,or
4,5747,563,564,1,and
4,5748,2346,2347,5,b
4,5749,637,638,11,implied_by
4,5750,3364,3365,10,not_b
4,5751,1311,1312,5,b
4,5752,4698,4699,2,not_implies
4,5753,2640,2641,7,or
4,5754,1469,1470,5,b
4,5755,474,475,6,xor
4,5756,3097,3098,3,a
4,5757,4156,4157,10,not_b
4,5758,2964,2965,1,and
4,5759,4740,4741,11,implied_by
4,5760,2949,2950,4,not_implied_by
4,5761,2134,2135,3,a
4,5762,4116,4117,13,implies
4,5763,4912,4913,10,not_b
4,5764,3678,3679,7,or
4,5765,2216,2217,7,or
4,5766,929,930,8,not_or
4,5767,1698,1699,7,or
4,5768,3727,3728,10,not_b
4,5769,753,754,2,not_implies
4,5770,1171,1172,5,b
4,5771,52,53,10,not_b
4,5772,4537,4538,9,not_xor
4,5773,552,553,11,implied_by
4,5774,5294,5295,3,a
4,5775,1413,1414,10,not_b
4,5776,2663,2664,6,xor
4,5777,705,706,10,not_b
4,5778,4685,4686,6,xor
4,5779,3760,3761,3,a
4,5780,2872,2873,10,not_b
4,5781,4405,4406,6,xor
4,5782,15,16,2,not_implies
4,5783,1442,1443,4,not_implied_by
4,5784,5854,5855,9,not_xor
4,5785,1052,1053,12,not_a
4,5786,1951,1952,6,xor
4,5787,1947,1948,13,implies
4,5788,3241,3242,9,not_xor
4,5789,4147,4148,14,not_and
4,5790,3847,3848,5,b
4,5791,407,408,4,not_implied_by
4,5792,4209,4210,9,not_xor
4,5793,1411,1412,5,b
4,5794,1370,1371,4,not_implied_by
4,5795,2698,2699,9,not_xor
4,5796,3799,3800,6,xor
4,5797,3451,3452,6,xor
4,5798,1033,1034,7,or
4,5799,4448,4449,14,not_and
4,5800,643,644,1,and
4,5801,4993,4994,12,not_a
4,5802,4103,4104,9,not_xor
4,5803,678,679,10,not_b
4,5804,4999,5000,6,xor
4,5805,3943,3944,9,not_xor
4,5806,5085,5086,3,a
4,5807,2704,2705,4,not_implied_by
4,5808,1856,1857,12,not_a
4,5809,1649,1650,8,not_or
4,5810,3854,3855,5,b
4,5811,2734,2735,10,not_b
4,5812,1117,1118,6,xor
4,5813,1775,1776,13,implies
4,5814,3616,3617,12,not_a
4,5815,2249,2250,12,not_a
4,5816,669,670,7,or
4,5817,5154,5155,4,not_implied_by
4,5818,4825,4826,6,xor
4,5819,1892,1893,6,xor
4,5820,422,423,8,not_or
4,5821,480,481,11,implied_by
4,5822,5756,5757,9,not_xor
4,5823,364,365,3,a
4,5824,361,362,1,and
4,5825,128,129,5,b
4,5826,2980,2981,6,xor
4,5827,5192,5193,8,not_or
4,5828,2971,2972,10,not_b
4,5829,5292,5293,8,not_or
4,5830,798,799,7,or
4,5831,2969,2970,15,one
4,5832,5097,5098,10,not_b
4,5833,1006,1007,6,xor
4,5834,1529,1530,12,not_a
4,5835,3294,3295,7,or
4,5836,3946,3947,9,not_xor
4,5837,5654,5655,3,a
4,5838,3597,3598,14,not_and
4,5839,4122,4123,10,not_b
4,5840,631,632,14,not_and
4,5841,2319,2320,5,b
4,5842,4830,4831,1,and
4,5843,3529,3530,6,xor
4,5844,1424,1425,3,a
4,5845,3964,3965,6,xor
4,5846,1240,1241,5,b
4,5847,4777,4778,3,a
4,5848,4545,4546,14,not_and
4,5849,2860,2861,13,implies
4,5850,2680,2681,3,a
4,5851,5438,5439,2,not_implies
4,5852,1902,1903,2,not_implies
4,5853,277,278,5,b
4,5854,4343,4344,12,not_a
4,5855,1539,1540,12,not_a
4,5856,4899,4900,14,not_and
4,5857,2747,2748,5,b
4,5858,3185,3186,6,xor
4,5859,2669,2670,4,not_implied_by
4,5860,3728,3729,14,not_and
4,5861,5445,5446,5,b
4,5862,3279,3280,7,or
4,5863,3158,3159,4,not_implied_by
4,5864,2682,2683,6,xor
4,5865,3482,3483,4,not_implied_by
4,5866,4990,4991,10,not_b
4,5867,5653,5654,10,not_b
4,5868,216,217,5,b
4,5869,1740,1741,2,not_implies
4,5870,4329,4330,12,not_a
4,5871,4532,4533,9,not_xor
4,5872,2323,2324,7,or
4,5873,2503,2504,3,a
4,5874,3685,3686,10,not_b
4,5875,3216,3217,9,not_xor
4,5876,4653,4654,3,a
4,5877,3445,3446,5,b
4,5878,279,280,9,not_xor
4,5879,5265,5266,12,not_a
4,5880,1938,1939,13,implies
4,5881,825,826,6,xor
4,5882,2349,2350,13,implies
4,5883,3050,3051,9,not_xor
4,5884,4625,4626,11,implied_by
4,5885,1714,1715,11,implied_by
4,5886,3448,3449,8,not_or
4,5887,994,995,9,not_xor
4,5888,5157,5158,1,and
4,5889,4283,4284,8,not_or
4,5890,2797,2798,1,and
4,5891,2687,2688,7,or
4,5892,572,573,2,not_implies
4,5893,5595,5596,12,not_a
4,5894,1970,1971,8,not_or
4,5895,1788,1789,8,not_or
4,5896,1946,1947,12,not_a
4,5897,4256,4257,5,b
4,5898,3125,3126,8,not_or
4,5899,2027,2028,12,not_a
4,5900,3057,3058,8,not_or
4,5901,2372,2373,4,not_implied_by
4,5902,3704,3705,1,and
4,5903,2383,2384,9,not_xor
4,5904,5145,5146,12,not_a
4,5905,2498,2499,8,not_or
4,5906,3201,3202,10,not_b
4,5907,5587,5588,11,implied_by
4,5908,3022,3023,1,and
4,5909,3129,3130,13,implies
4,5910,832,833,9,not_xor
4,5911,2095,2096,11,implied_by
4,5912,1466,1467,5,b
4,5913,1472,1473,1,and
4,5914,3072,3073,7,or
4,5915,2300,2301,1,and
4,5916,1730,1731,6,xor
4,5917,1346,1347,9,not_xor
4,5918,1390,1391,6,xor
4,5919,2175,2176,9,not_xor
4,5920,4379,4380,6,xor
4,5921,2253,2254,3,a
4,5922,2423,2424,8,not_or
4,5923,5879,5880,5,b
4,5924,1288,1289,4,not_implied_by
4,5925,4636,4637,4,not_implied_by
4,5926,2291,2292,3,a
4,5927,882,883,6,xor
4,5928,4036,4037,7,or
4,5929,3406,3407,9,not_xor
4,5930,2541,2542,7,or
4,5931,5973,5974,6,xor
4,5932,1718,1719,14,not_and
4,5933,395,396,9,not_xor
4,5934,2520,2521,1,and
4,5935,4634,4635,12,not_a
4,5936,4161,4162,12,not_a
4,5937,5500,5501,4,not_implied_by
4,5938,740,741,10,not_b
4,5939,1166,1167,11,implied_by
4,5940,258,259,13,implies
4,5941,1189,1190,5,b
4,5942,3268,3269,10,not_b
4,5943,2735,2736,10,not_b
4,5944,2371,2372,4,not_implied_by
4,5945,44,45,3,a
4,5946,5398,5399,6,xor
4,5947,5774,5775,14,not_and
4,5948,5428,5429,12,not_a
4,5949,2788,2789,6,xor
4,5950,987,988,8,not_or
4,5951,1998,1999,3,a
4,5952,3690,3691,2,not_implies
4,5953,774,775,9,not_xor
4,5954,2757,2758,9,not_xor
4,5955,4863,4864,9,not_xor
4,5956,5977,5978,8,not_or
4,5957,5287,5288,10,not_b
4,5958,936,937,1,and
4,5959,2357,2358,11,implied_by
4,5960,1447,1448,12,not_a
4,5961,4652,4653,3,a
4,5962,4357,4358,12,not_a
4,5963,134,135,13,implies
4,5964,3210,3211,3,a
4,5965,1982,1983,10,not_b
4,5966,595,596,9,not_xor
4,5967,2484,2485,6,xor
4,5968,811,812,9,not_xor
4,5969,122,123,4,not_implied_by
4,5970,4837,4838,5,b
4,5971,442,443,1,and
4,5972,491,492,3,a
4,5973,4471,4472,12,not_a
4,5974,203,204,8,not_or
4,5975,2452,2453,9,not_xor
4,5976,4808,4809,12,not_a
4,5977,3019,3020,4,not_implied_by
4,5978,1759,1760,12,not_a
4,5979,4682,4683,7,or
4,5980,1567,1568,10,not_b
4,5981,5310,5311,2,not_implies
4,5982,1720,1721,6,xor
4,5983,1339,1340,6,xor
4,5984,1300,1301,12,not_a
4,5985,2411,2412,4,not_implied_by
4,5986,94,95,10,not_b
4,5987,1043,1044,8,not_or
4,5988,3666,3667,7,or
4,5989,5714,5715,3,a
4,5990,2720,2721,3,a
4,5991,4676,4677,1,and
4,5992,2085,2086,3,a
4,5993,3312,3313,3,a
4,5994,2604,2605,12,not_a
4,5995,5607,5608,4,not_implied_by
4,5996,2389,2390,10,not_b
4,5997,1761,1762,3,a
4,5998,4285,4286,7,or
4,5999,2272,2273,10,not_b
5,0,1111,1112,6,xor
5,1,4616,4617,10,not_b
5,2,3027,3028,5,b
5,3,3143,3144,5,b
5,4,3071,3072,5,b
5,5,936,937,9,not_xor
5,6,5299,5300,7,or
5,7,1574,1575,13,implies
5,8,4884,4885,9,not_xor
5,9,5222,5223,9,not_xor
5,10,4356,4357,9,not_xor
5,11,4115,4116,13,implies
5,12,4098,4099,11,implied_by
5,13,2957,2958,3,a
5,14,3964,3965,6,xor
5,15,727,728,1,and
5,16,2256,2257,9,not_xor
5,17,4849,4850,9,not_xor
5,18,1922,1923,7,or
5,19,1763,1764,3,a
5,20,3710,3711,1,and
5,21,4007,4008,6,xor
5,22,14,15,3,a
5,23,2623,2624,6,xor
5,24,33,34,4,not_implied_by
5,25,5540,5541,12,not_a
5,26,3515,3516,9,not_xor
5,27,4464,4465,10,not_b
5,28,4417,4418,9,not_xor
5,29,2806,2807,12,not_a
5,30,2109,2110,12,not_a
5,31,3494,3495,2,not_implies
5,32,5093,5094,5,b
5,33,1978,1979,12,not_a
5,34,4036,4037,5,b
5,35,4188,4189,1,and
5,36,2904,2905,8,not_or
5,37,1682,1683,1,and
5,38,3499,3500,13,implies
5,39,3560,3561,13,implies
5,40,1812,1813,10,not_b
5,41,332,333,4,not_implied_by
5,42,1112,1113,11,implied_by
5,43,932,933,4,not_implied_by
5,44,5734,5735,12,not_a
5,45,3772,3773,9,not_xor
5,46,5058,5059,14,not_and
5,47,3678,3679,9,not_xor
5,48,296,297,6,xor
5,49,5537,5538,9,not_xor
5,50,3553,3554,6,xor
5,51,5494,5495,12,not_a
5,52,2891,2892,10,not_b
5,53,1580,1581,6,xor
5,54,5574,5575,11,implied_by
5,55,4729,4730,6,xor
5,56,1658,1659,4,not_implied_by
5,57,2624,2625,9,not_xor
5,58,4647,4648,12,not_a
5,59,482,483,11,implied_by
5,60,499,500,5,b
5,61,5572,5573,3,a
5,62,4909,4910,9,not_xor
5,63,2183,2184,8,not_or
5,64,588,589,8,not_or
5,65,2627,2628,12,not_a
5,66,5449,5450,8,not_or
5,67,3195,3196,6,xor
5,68,3493,3494,12,not_a
5,69,3837,3838,3,a
5,70,5027,5028,12,not_a
5,71,3091,3092,11,implied_by
5,72,1247,1248,7,or
5,73,1077,1078,1,and
5,74,503,504,4,not_implied_by
5,75,2182,2183,10,not_b
5,76,5626,5627,5,b
5,77,3959,3960,10,not_b
5,78,1293,1294,5,b
5,79,1035,1036,6,xor
5,80,5682,5683,9,not_xor
5,81,1412,1413,12,not_a
5,82,4809,4810,8,not_or
5,83,1067,1068,9,not_xor
5,84,5004,5005,6,xor
5,85,3142,3143,4,not_implied_by
5,86,601,602,5,b
5,87,1233,1234,10,not_b
5,88,5085,5086,6,xor
5,89,3594,3595,5,b
5,90,5421,5422,9,not_xor
5,91,1690,1691,6,xor
5,92,5813,5814,6,xor
5,93,2110,2111,11,implied_by
5,94,1576,1577,14,not_and
5,95,297,298,6,xor
5,96,1823,1824,10,not_b
5,97,4199,4200,6,xor
5,98,5972,5973,5,b
5,99,366,367,2,not_implies
5,100,4931,4932,9,not_xor
5,101,2090,2091,9,not_xor
5,102,5846,5847,9,not_xor
5,103,2242,2243,3,a
5,104,1390,1391,13,implies
5,105,4754,4755,4,not_implied_by
5,106,429,430,6,xor
5,107,2823,2824,6,xor
5,108,2517,2518,9,not_xor
5,109,2029,2030,7,or
5,110,4618,4619,5,b
5,111,61,62,9,not_xor
5,112,2423,2424,14,not_and
5,113,3000,3001,5,b
5,114,2913,2914,8,not_or
5,115,5964,5965,12,not_a
5,116,3550,3551,10,not_b
5,117,1420,1421,9,not_xor
5,118,2523,2524,8,not_or
5,119,3430,3431,9,not_xor
5,120,5074,5075,5,b
5,121,3297,3298,13,implies
5,122,2798,2799,3,a
5,123,2074,2075,1,and
5,124,4476,4477,6,xor
5,125,4902,4903,10,not_b
5,126,2357,2358,4,not_implied_by
5,127,3182,3183,5,b
5,128,5198,5199,6,xor
5,129,716,717,5,b
5,130,3879,3880,9,not_xor
5,131,4190,4191,9,not_xor
5,132,5531,5532,9,not_xor
5,133,3471,3472,12,not_a
5,134,894,895,1,and
5,135,628,629,6,xor
5,136,404,405,12,not_a
5,137,2773,2774,6,xor
5,138,3393,3394,6,xor
5,139,4621,4622,12,not_a
5,140,2907,2908,9,not_xor
5,141,1606,1607,5,b
5,142,5246,5247,10,not_b
5,143,5584,5585,12,not_a
5,144,4996,4997,10,not_b
5,145,3626,3627,11,implied_by
5,146,1377,1378,3,a
5,147,5184,5185,3,a
5,148,2557,2558,1,and
5,149,5652,5653,6,xor
5,150,5609,5610,9,not_xor
5,151,185,186,12,not_a
5,152,2224,2225,9,not_xor
5,153,1340,1341,7,or
5,154,4655,4656,13,implies
5,155,4416,4417,6,xor
5,156,1793,1794,11,implied_by
5,157,3655,3656,9,not_xor
5,158,4141,4142,9,not_xor
5,159,4739,4740,13,implies
5,160,5857,5858,11,implied_by
5,161,4109,4110,6,xor
5,162,1189,1190,7,or
5,163,5113,5114,5,b
5,164,1811,1812,9,not_xor
5,165,2874,2875,10,not_b
5,166,1506,1507,10,not_b
5,167,5982,5983,10,not_b
5,168,4364,4365,9,not_xor
5,169,4079,4080,4,not_implied_by
5,170,2868,2869,11,implied_by
5,171,222,223,3,a
5,172,380,381,8,not_or
5,173,5637,5638,10,not_b
5,174,1592,1593,6,xor
5,175,3630,3631,7,or
5,176,5661,5662,5,b
5,177,567,568,7,or
5,178,5159,5160,6,xor
5,179,1975,1976,6,xor
5,180,3128,3129,9,not_xor
5,181,3222,3223,9,not_xor
5,182,1090,1091,1,and
5,183,2157,2158,12,not_a
5,184,2419,2420,14,not_and
5,185,1206,1207,12,not_a
5,186,2345,2346,9,not_xor
5,187,65,66,12,not_a
5,188,4607,4608,9,not_xor
5,189,1675,1676,3,a
5,190,2670,2671,9,not_xor
5,191,876,877,7,or
5,192,2495,2496,8,not_or
5,193,5439,5440,12,not_a
5,194,3299,3300,4,not_implied_by
5,195,2165,2166,5,b
5,196,2193,2194,9,not_xor
5,197,4285,4286,10,not_b
5,198,2932,2933,4,not_implied_by
5,199,4622,4623,8,not_or
5,200,4936,4937,9,not_xor
5,201,5947,5948,6,xor
5,202,181,182,6,xor
5,203,2726,2727,5,b
5,204,843,844,9,not_xor
5,205,4988,4989,9,not_xor
5,206,1546,1547,8,not_or
5,207,5330,5331,7,or
5,208,1729,1730,6,xor
5,209,5121,5122,4,not_implied_by
5,210,304,305,4,not_implied_by
5,211,5064,5065,10,not_b
5,212,758,759,12,not_a
5,213,355,356,10,not_b
5,214,1006,1007,4,not_implied_by
5,215,325,326,6,xor
5,216,1107,1108,6,xor
5,217,587,588,6,xor
5,218,4335,4336,3,a
5,219,1673,1674,12,not_a
5,220,1348,1349,12,not_a
5,221,3534,3535,11,implied_by
5,222,4802,4803,9,not_xor
5,223,2776,2777,10,not_b
5,224,1984,1985,9,not_xor
5,225,5179,5180,9,not_xor
5,226,804,805,12,not_a
5,227,2472,2473,4,not_implied_by
5,228,3537,3538,12,not_a
5,229,369,370,12,not_a
5,230,376,377,9,not_xor
5,231,5026,5027,8,not_or
5,232,1761,1762,4,not_implied_by
5,233,5468,5469,10,not_b
5,234,3877,3878,9,not_xor
5,235,1785,1786,12,not_a
5,236,2890,2891,6,xor
5,237,2591,2592,3,a
5,238,1285,1286,13,implies
5,239,2525,2526,13,implies
5,240,3488,3489,13,implies
5,241,1678,1679,5,b
5,242,2629,2630,12,not_a
5,243,4325,4326,3,a
5,244,5525,5526,12,not_a
5,245,911,912,5,b
5,246,1747,1748,9,not_xor
5,247,1923,1924,9,not_xor
5,248,3106,3107,9,not_xor
5,249,1665,1666,9,not_xor
5,250,484,485,1,and
5,251,1918,1919,10,not_b
5,252,720,721,6,xor
5,253,591,592,10,not_b
5,254,3704,3705,9,not_xor
5,255,3538,3539,8,not_or
5,256,5974,5975,5,b
5,257,3559,3560,3,a
5,258,1425,1426,10,not_b
5,259,4081,4082,11,implied_by
5,260,3651,3652,10,not_b
5,261,5268,5269,12,not_a
5,262,931,932,8,not_or
5,263,4458,4459,7,or
5,264,3120,3121,5,b
5,265,5412,5413,9,not_xor
5,266,3254,3255,9,not_xor
5,267,2215,2216,8,not_or
5,268,4830,4831,11,implied_by
5,269,4173,4174,5,b
5,270,1839,1840,5,b
5,271,1941,1942,3,a
5,272,571,572,9,not_xor
5,273,856,857,10,not_b
5,274,5309,5310,9,not_xor
5,275,3243,3244,9,not_xor
5,276,4970,4971,7,or
5,277,86,87,3,a
5,278,4193,4194,7,or
5,279,3942,3943,9,not_xor
5,280,3326,3327,8,not_or
5,281,1248,1249,6,xor
5,282,4582,4583,1,and
5,283,1033,1034,9,not_xor
5,284,5805,5806,5,b
5,285,4918,4919,9,not_xor
5,286,3908,3909,6,xor
5,287,1081,1082,9,not_xor
5,288,4774,4775,9,not_xor
5,289,5401,5402,5,b
5,290,5295,5296,10,not_b
5,291,4649,4650,9,not_xor
5,292,199,200,6,xor
5,293,2640,2641,6,xor
5,294,1596,1597,6,xor
5,295,435,436,12,not_a
5,296,3487,3488,9,not_xor
5,297,5210,5211,8,not_or
5,298,2051,2052,3,a
5,299,4967,4968,2,not_implies
5,300,2902,2903,9,not_xor
5,301,446,447,12,not_a
5,302,3330,3331,5,b
5,303,2279,2280,3,a
5,304,3415,3416,3,a
5,305,1593,1594,4,not_implied_by
5,306,5464,5465,5,b
5,307,3172,3173,9,not_xor
5,308,3083,3084,6,xor
5,309,553,554,3,a
5,310,4089,4090,1,and
5,311,4629,4630,9,not_xor
5,312,815,816,6,xor
5,313,5713,5714,10,not_b
5,314,3885,3886,12,not_a
5,315,1170,1171,6,xor
5,316,3031,3032,8,not_or
5,317,4628,4629,9,not_xor
5,318,358,359,7,or
5,319,2326,2327,2,not_implies
5,320,3501,3502,9,not_xor
5,321,3524,3525,8,not_or
5,322,1250,1251,14,not_and
5,323,1238,1239,10,not_b
5,324,956,957,8,not_or
5,325,5380,5381,10,not_b
5,326,1378,1379,2,not_implies
5,327,4058,4059,6,xor
5,328,1901,1902,10,not_b
5,329,4850,4851,5,b
5,330,4183,4184,10,not_b
5,331,2811,2812,4,not_implied_by
5,332,4160,4161,6,xor
5,333,4409,4410,3,a
5,334,2573,2574,12,not_a
5,335,2983,2984,5,b
5,336,912,913,9,not_xor
5,337,4282,4283,1,and
5,338,5404,5405,5,b
5,339,2613,2614,6,xor
5,340,3627,3628,4,not_implied_by
5,341,3737,3738,5,b
5,342,4592,4593,9,not_xor
5,343,90,91,12,not_a
5,344,1660,1661,6,xor
5,345,2337,2338,7,or
5,346,234,235,12,not_a
5,347,3130,3131,3,a
5,348,5836,5837,5,b
5,349,2720,2721,12,not_a
5,350,1952,1953,9,not_xor
5,351,1087,1088,12,not_a
5,352,3790,3791,5,b
5,353,4519,4520,6,xor
5,354,4876,4877,10,not_b
5,355,2141,2142,11,implied_by
5,356,312,313,10,not_b
5,357,2762,2763,9,not_xor
5,358,778,779,1,and
5,359,4412,4413,7,or
5,360,5678,5679,9,not_xor
5,361,5653,5654,14,not_and
5,362,5559,5560,9,not_xor
5,363,3126,3127,14,not_and
5,364,5873,5874,6,xor
5,365,1755,1756,10,not_b
5,366,1630,1631,8,not_or
5,367,197,198,5,b
5,368,1804,1805,12,not_a
5,369,884,885,5,b
5,370,5968,5969,5,b
5,371,398,399,4,not_implied_by
5,372,4920,4921,10,not_b
5,373,4654,4655,6,xor
5,374,2383,2384,6,xor
5,375,4866,4867,6,xor
5,376,5005,5006,6,xor
5,377,3819,3820,5,b
5,378,4701,4702,5,b
5,379,182,183,5,b
5,380,5628,5629,5,b
5,381,2010,2011,9,not_xor
5,382,2822,2823,6,xor
5,383,4438,4439,12,not_a
5,384,5680,5681,1,and
5,385,3479,3480,9,not_xor
5,386,806,807,6,xor
5,387,4767,4768,6,xor
5,388,2084,2085,8,not_or
5,389,2457,2458,9,not_xor
5,390,1948,1949,8,not_or
5,391,4226,4227,5,b
5,392,3621,3622,9,not_xor
5,393,1321,1322,11,implied_by
5,394,4299,4300,6,xor
5,395,4277,4278,7,or
5,396,3940,3941,14,not_and
5,397,4313,4314,3,a
5,398,4587,4588,6,xor
5,399,2172,2173,9,not_xor
5,400,1406,1407,9,not_xor
5,401,2982,2983,6,xor
5,402,1791,1792,11,implied_by
5,403,4068,4069,7,or
5,404,1615,1616,10,not_b
5,405,4194,4195,11,implied_by
5,406,5529,5530,3,a
5,407,1717,1718,10,not_b
5,408,330,331,12,not_a
5,409,4430,4431,5,b
5,410,4600,4601,2,not_implies
5,411,479,480,6,xor
5,412,1003,1004,6,xor
5,413,2257,2258,12,not_a
5,414,5764,5765,6,xor
5,415,4078,4079,8,not_or
5,416,5065,5066,12,not_a
5,417,5450,5451,6,xor
5,418,5276,5277,6,xor
5,419,4863,4864,2,not_implies
5,420,3527,3528,9,not_xor
5,421,169,170,11,implied_by
5,422,974,975,4,not_implied_by
5,423,456,457,6,xor
5,424,5627,5628,11,implied_by
5,425,3994,3995,3,a
5,426,1664,1665,14,not_and
5,427,522,523,5,b
5,428,111,112,9,not_xor
5,429,3363,3364,2,not_implies
5,430,2060,2061,1,and
5,431,1959,1960,9,not_xor
5,432,4069,4070,9,not_xor
5,433,4958,4959,5,b
5,434,1349,1350,5,b
5,435,5596,5597,3,a
5,436,5757,5758,3,a
5,437,1868,1869,9,not_xor
5,438,5138,5139,6,xor
5,439,4123,4124,3,a
5,440,3274,3275,9,not_xor
5,441,3570,3571,6,xor
5,442,930,931,10,not_b
5,443,651,652,5,b
5,444,4331,4332,8,not_or
5,445,5166,5167,12,not_a
5,446,2978,2979,12,not_a
5,447,2964,2965,9,not_xor
5,448,4736,4737,7,or
5,449,4056,4057,3,a
5,450,3054,3055,11,implied_by
5,451,4275,4276,12,not_a
5,452,152,153,9,not_xor
5,453,3635,3636,6,xor
5,454,544,545,4,not_implied_by
5,455,4650,4651,7,or
5,456,5017,5018,7,or
5,457,466,467,12,not_a
5,458,2559,2560,6,xor
5,459,4887,4888,5,b
5,460,1919,1920,6,xor
5,461,5699,5700,3,a
5,462,2458,2459,9,not_xor
5,463,3789,3790,11,implied_by
5,464,2662,2663,9,not_xor
5,465,1436,1437,3,a
5,466,3945,3946,1,and
5,467,2622,2623,8,not_or
5,468,5907,5908,6,xor
5,469,5084,5085,5,b
5,470,2124,2125,10,not_b
5,471,5772,5773,9,not_xor
5,472,629,630,7,or
5,473,1907,1908,5,b
5,474,3752,3753,2,not_implies
5,475,4377,4378,7,or
5,476,1444,1445,6,xor
5,477,4211,4212,2,not_implies
5,478,1324,1325,6,xor
5,479,710,711,2,not_implies
5,480,2666,2667,14,not_and
5,481,352,353,3,a
5,482,2703,2704,12,not_a
5,483,893,894,6,xor
5,484,1696,1697,6,xor
5,485,4510,4511,5,b
5,486,5056,5057,10,not_b
5,487,1963,1964,6,xor
5,488,2875,2876,10,not_b
5,489,1171,1172,13,implies
5,490,2413,2414,3,a
5,491,5080,5081,10,not_b
5,492,3862,3863,6,xor
5,493,1361,1362,1,and
5,494,3090,3091,14,not_and
5,495,777,778,12,not_a
5,496,650,651,9,not_xor
5,497,5406,5407,9,not_xor
5,498,84,85,9,not_xor
5,499,3343,3344,3,a
5,500,3063,3064,12,not_a
5,501,4941,4942,14,not_and
5,502,4624,4625,3,a
5,503,4318,4319,3,a
5,504,3155,3156,6,xor
5,505,236,237,6,xor
5,506,5260,5261,6,xor
5,507,3981,3982,14,not_and
5,508,859,860,3,a
5,509,3902,3903,4,not_implied_by
5,510,2685,2686,6,xor
5,511,3688,3689,5,b
5,512,2995,2996,12,not_a
5,513,5264,5265,7,or
5,514,1375,1376,3,a
5,515,4333,4334,6,xor
5,516,5606,5607,10,not_b
5,517,554,555,6,xor
5,518,2881,2882,2,not_implies
5,519,5708,5709,4,not_implied_by
5,520,3237,3238,9,not_xor
5,521,3798,3799,11,implied_by
5,522,4071,4072,6,xor
5,523,5020,5021,9,not_xor
5,524,2449,2450,13,implies
5,525,4236,4237,12,not_a
5,526,3883,3884,5,b
5,527,914,915,12,not_a
5,528,487,488,9,not_xor
5,529,256,257,1,and
5,530,4157,4158,12,not_a
5,531,201,202,6,xor
5,532,1100,1101,5,b
5,533,3085,3086,6,xor
5,534,5396,5397,9,not_xor
5,535,1044,1045,13,implies
5,536,5785,5786,6,xor
5,537,4272,4273,10,not_b
5,538,2654,2655,5,b
5,539,1900,1901,9,not_xor
5,540,5381,5382,6,xor
5,541,323,324,6,xor
5,542,5107,5108,10,not_b
5,543,882,883,10,not_b
5,544,3803,3804,6,xor
5,545,3232,3233,5,b
5,546,3691,3692,9,not_xor
5,547,278,279,6,xor
5,548,537,538,2,not_implies
5,549,265,266,9,not_xor
5,550,2794,2795,3,a
5,551,3102,3103,6,xor
5,552,2219,2220,13,implies
5,553,441,442,1,and
5,554,3578,3579,1,and
5,555,5629,5630,3,a
5,556,2008,2009,9,not_xor
5,557,3804,3805,7,or
5,558,5614,5615,5,b
5,559,5960,5961,10,not_b
5,560,1966,1967,3,a
5,561,695,696,8,not_or
5,562,5266,5267,6,xor
5,563,683,684,12,not_a
5,564,3865,3866,4,not_implied_by
5,565,2178,2179,9,not_xor
5,566,5869,5870,6,xor
5,567,4898,4899,4,not_implied_by
5,568,4983,4984,3,a
5,569,3373,3374,10,not_b
5,570,3367,3368,3,a
5,571,5001,5002,4,not_implied_by
5,572,3628,3629,11,implied_by
5,573,4791,4792,8,not_or
5,574,3720,3721,9,not_xor
5,575,4620,4621,14,not_and
5,576,3743,3744,1,and
5,577,2082,2083,11,implied_by
5,578,2608,2609,6,xor
5,579,2746,2747,9,not_xor
5,580,2948,2949,6,xor
5,581,784,785,10,not_b
5,582,4046,4047,12,not_a
5,583,5201,5202,6,xor
5,584,1272,1273,9,not_xor
5,585,3125,3126,10,not_b
5,586,968,969,5,b
5,587,3320,3321,10,not_b
5,588,2175,2176,2,not_implies
5,589,5332,5333,13,implies
5,590,2725,2726,12,not_a
5,591,1163,1164,7,or
5,592,5933,5934,8,not_or
5,593,4642,4643,14,not_and
5,594,5882,5883,13,implies
5,595,320,321,13,implies
5,596,5605,5606,9,not_xor
5,597,2555,2556,9,not_xor
5,598,2936,2937,6,xor
5,599,3939,3940,6,xor
5,600,703,704,10,not_b
5,601,29,30,12,not_a
5,602,500,501,3,a
5,603,2057,2058,5,b
5,604,1053,1054,5,b
5,605,1693,1694,2,not_implies
5,606,4721,4722,3,a
5,607,2313,2314,3,a
5,608,767,768,5,b
5,609,4312,4313,6,xor
5,610,3066,3067,10,not_b
5,611,908,909,9,not_xor
5,612,4202,4203,6,xor
5,613,2194,2195,13,implies
5,614,5950,5951,9,not_xor
5,615,5338,5339,5,b
5,616,4956,4957,5,b
5,617,603,604,10,not_b
5,618,190,191,14,not_and
5,619,626,627,1,and
5,620,4962,4963,9,not_xor
5,621,5906,5907,1,and
5,622,2866,2867,3,a
5,623,5106,5107,6,xor
5,624,1597,1598,6,xor
5,625,1691,1692,9,not_xor
5,626,104,105,6,xor
5,627,5514,5515,1,and
5,628,3275,3276,5,b
5,629,2924,2925,9,not_xor
5,630,228,229,1,and
5,631,4317,4318,6,xor
5,632,4625,4626,5,b
5,633,1933,1934,6,xor
5,634,4903,4904,6,xor
5,635,4640,4641,3,a
5,636,3861,3862,3,a
5,637,1127,1128,12,not_a
5,638,1117,1118,6,xor
5,639,1662,1663,12,not_a
5,640,1713,1714,13,implies
5,641,5211,5212,2,not_implies
5,642,449,450,6,xor
5,643,5885,5886,9,not_xor
5,644,2003,2004,3,a
5,645,2343,2344,5,b
5,646,1927,1928,9,not_xor
5,647,368,369,12,not_a
5,648,3322,3323,5,b
5,649,5057,5058,1,and
5,650,3121,3122,6,xor
5,651,2002,2003,5,b
5,652,1333,1334,11,implied_by
5,653,744,745,6,xor
5,654,3595,3596,10,not_b
5,655,3064,3065,5,b
5,656,3026,3027,6,xor
5,657,5124,5125,1,and
5,658,3951,3952,5,b
5,659,2723,2724,12,not_a
5,660,1519,1520,12,not_a
5,661,3995,3996,9,not_xor
5,662,1041,1042,2,not_implies
5,663,2131,2132,10,not_b
5,664,616,617,11,implied_by
5,665,681,682,6,xor
5,666,434,435,6,xor
5,667,5917,5918,12,not_a
5,668,5751,5752,9,not_xor
5,669,270,271,12,not_a
5,670,367,368,10,not_b
5,671,4886,4887,12,not_a
5,672,2459,2460,13,implies
5,673,302,303,3,a
5,674,5569,5570,3,a
5,675,3660,3661,9,not_xor
5,676,3859,3860,0,zero
5,677,2406,2407,3,a
5,678,2372,2373,14,not_and
5,679,3850,3851,14,not_and
5,680,1874,1875,5,b
5,681,2230,2231,6,xor
5,682,3225,3226,1,and
5,683,1617,1618,6,xor
5,684,2268,2269,9,not_xor
5,685,3419,3420,4,not_implied_by
5,686,1560,1561,1,and
5,687,2061,2062,6,xor
5,688,2999,3000,5,b
5,689,903,904,9,not_xor
5,690,3118,3119,10,not_b
5,691,5966,5967,9,not_xor
5,692,546,547,6,xor
5,693,5089,5090,12,not_a
5,694,5721,5722,13,implies
5,695,112,113,10,not_b
5,696,5512,5513,6,xor
5,697,3358,3359,6,xor
5,698,653,654,10,not_b
5,699,869,870,10,not_b
5,700,3447,3448,3,a
5,701,4843,4844,2,not_implies
5,702,602,603,6,xor
5,703,1178,1179,11,implied_by
5,704,5394,5395,12,not_a
5,705,329,330,3,a
5,706,5197,5198,12,not_a
5,707,3874,3875,10,not_b
5,708,2174,2175,12,not_a
5,709,2287,2288,3,a
5,710,1778,1779,10,not_b
5,711,4302,4303,9,not_xor
5,712,166,167,12,not_a
5,713,53,54,6,xor
5,714,5250,5251,9,not_xor
5,715,1583,1584,3,a
5,716,854,855,11,implied_by
5,717,71,72,8,not_or
5,718,4492,4493,10,not_b
5,719,5756,5757,8,not_or
5,720,2447,2448,10,not_b
5,721,5949,5950,12,not_a
5,722,3076,3077,6,xor
5,723,2168,2169,10,not_b
5,724,611,612,6,xor
5,725,1982,1983,1,and
5,726,73,74,12,not_a
5,727,5521,5522,7,or
5,728,5142,5143,3,a
5,729,458,459,6,xor
5,730,1543,1544,6,xor
5,731,4480,4481,8,not_or
5,732,5759,5760,12,not_a
5,733,4506,4507,9,not_xor
5,734,3878,3879,5,b
5,735,5874,5875,1,and
5,736,3346,3347,10,not_b
5,737,1137,1138,10,not_b
5,738,2289,2290,3,a
5,739,4062,4063,6,xor
5,740,4145,4146,9,not_xor
5,741,2056,2057,10,not_b
5,742,2122,2123,5,b
5,743,2770,2771,2,not_implies
5,744,1949,1950,14,not_and
5,745,2093,2094,4,not_implied_by
5,746,5411,5412,12,not_a
5,747,4047,4048,3,a
5,748,5292,5293,11,implied_by
5,749,2923,2924,13,implies
5,750,922,923,12,not_a
5,751,3876,3877,5,b
5,752,3690,3691,12,not_a
5,753,2155,2156,6,xor
5,754,1790,1791,12,not_a
5,755,4419,4420,9,not_xor
5,756,2426,2427,6,xor
5,757,2360,2361,9,not_xor
5,758,5389,5390,12,not_a
5,759,2440,2441,6,xor
5,760,5303,5304,6,xor
5,761,3857,3858,5,b
5,762,535,536,6,xor
5,763,2616,2617,3,a
5,764,973,974,11,implied_by
5,765,3576,3577,11,implied_by
5,766,1346,1347,3,a
5,767,5880,5881,7,or
5,768,4235,4236,14,not_and
5,769,1601,1602,13,implies
5,770,2227,2228,9,not_xor
5,771,729,730,5,b
5,772,5707,5708,8,not_or
5,773,4276,4277,5,b
5,774,4067,4068,6,xor
5,775,4895,4896,14,not_and
5,776,836,837,5,b
5,777,2226,2227,4,not_implied_by
5,778,5789,5790,5,b
5,779,2825,2826,4,not_implied_by
5,780,192,193,14,not_and
5,781,2153,2154,3,a
5,782,673,674,9,not_xor
5,783,4703,4704,9,not_xor
5,784,5128,5129,6,xor
5,785,3055,3056,3,a
5,786,5132,5133,10,not_b
5,787,3758,3759,12,not_a
5,788,1680,1681,6,xor
5,789,324,325,10,not_b
5,790,1721,1722,2,not_implies
5,791,1997,1998,8,not_or
5,792,5374,5375,5,b
5,793,4179,4180,12,not_a
5,794,687,688,5,b
5,795,1419,1420,10,not_b
5,796,4757,4758,6,xor
5,797,3781,3782,9,not_xor
5,798,1473,1474,10,not_b
5,799,2352,2353,11,implied_by
5,800,3446,3447,4,not_implied_by
5,801,4171,4172,6,xor
5,802,910,911,13,implies
5,803,4061,4062,3,a
5,804,2599,2600,11,implied_by
5,805,1567,1568,12,not_a
5,806,4637,4638,9,not_xor
5,807,1364,1365,3,a
5,808,1522,1523,3,a
5,809,5051,5052,3,a
5,810,4470,4471,10,not_b
5,811,817,818,9,not_xor
5,812,2961,2962,11,implied_by
5,813,1148,1149,10,not_b
5,814,5364,5365,5,b
5,815,315,316,5,b
5,816,5909,5910,14,not_and
5,817,4013,4014,9,not_xor
5,818,2953,2954,5,b
5,819,1810,1811,2,not_implies
5,820,2261,2262,10,not_b
5,821,2939,2940,6,xor
5,822,162,163,2,not_implies
5,823,1309,1310,8,not_or
5,824,3934,3935,5,b
5,825,5838,5839,7,or
5,826,4403,4404,9,not_xor
5,827,259,260,3,a
5,828,5489,5490,10,not_b
5,829,4575,4576,6,xor
5,830,2571,2572,13,implies
5,831,5200,5201,4,not_implied_by
5,832,426,427,9,not_xor
5,833,1054,1055,3,a
5,834,5991,5992,6,xor
5,835,2532,2533,4,not_implied_by
5,836,193,194,14,not_and
5,837,987,988,6,xor
5,838,4174,4175,9,not_xor
5,839,4759,4760,10,not_b
5,840,4178,4179,6,xor
5,841,4316,4317,4,not_implied_by
5,842,196,197,13,implies
5,843,1834,1835,4,not_implied_by
5,844,4766,4767,12,not_a
5,845,2095,2096,10,not_b
5,846,890,891,6,xor
5,847,5114,5115,1,and
5,848,2486,2487,7,or
5,849,3333,3334,13,implies
5,850,5697,5698,10,not_b
5,851,418,419,7,or
5,852,3890,3891,10,not_b
5,853,532,533,7,or
5,854,3124,3125,6,xor
5,855,3468,3469,13,implies
5,856,261,262,6,xor
5,857,4789,4790,3,a
5,858,701,702,8,not_or
5,859,3686,3687,9,not_xor
5,860,4124,4125,10,not_b
5,861,1920,1921,12,not_a
5,862,4787,4788,12,not_a
5,863,248,249,3,a
5,864,832,833,5,b
5,865,1152,1153,8,not_or
5,866,4494,4495,12,not_a
5,867,3899,3900,9,not_xor
5,868,4667,4668,3,a
5,869,5792,5793,3,a
5,870,2998,2999,3,a
5,871,4583,4584,12,not_a
5,872,5477,5478,12,not_a
5,873,3741,3742,12,not_a
5,874,1619,1620,14,not_and
5,875,4950,4951,10,not_b
5,876,63,64,6,xor
5,877,4659,4660,9,not_xor
5,878,1448,1449,1,and
5,879,5536,5537,2,not_implies
5,880,1185,1186,11,implied_by
5,881,5748,5749,14,not_and
5,882,1103,1104,14,not_and
5,883,3159,3160,12,not_a
5,884,4914,4915,3,a
5,885,5403,5404,5,b
5,886,547,548,5,b
5,887,2339,2340,11,implied_by
5,888,5236,5237,9,not_xor
5,889,2328,2329,1,and
5,890,5094,5095,10,not_b
5,891,245,246,9,not_xor
5,892,1326,1327,5,b
5,893,5366,5367,11,implied_by
5,894,1577,1578,6,xor
5,895,1981,1982,6,xor
5,896,2398,2399,3,a
5,897,5030,5031,6,xor
5,898,4297,4298,10,not_b
5,899,3893,3894,9,not_xor
5,900,570,571,6,xor
5,901,5229,5230,10,not_b
5,902,230,231,12,not_a
5,903,5928,5929,1,and
5,904,2461,2462,6,xor
5,905,4782,4783,9,not_xor
5,906,4709,4710,10,not_b
5,907,5104,5105,12,not_a
5,908,5565,5566,8,not_or
5,909,282,283,10,not_b
5,910,1953,1954,8,not_or
5,911,1798,1799,9,not_xor
5,912,5493,5494,5,b
5,913,1128,1129,13,implies
5,914,6,7,3,a
5,915,1291,1292,12,not_a
5,916,2694,2695,12,not_a
5,917,4189,4190,12,not_a
5,918,797,798,12,not_a
5,919,4064,4065,3,a
5,920,2620,2621,9,not_xor
5,921,1909,1910,4,not_implied_by
5,922,4350,4351,2,not_implies
5,923,816,817,12,not_a
5,924,3416,3417,8,not_or
5,925,5133,5134,12,not_a
5,926,3123,3124,12,not_a
5,927,3020,3021,10,not_b
5,928,4514,4515,1,and
5,929,1663,1664,8,not_or
5,930,3245,3246,10,not_b
5,931,1418,1419,2,not_implies
5,932,4392,4393,4,not_implied_by
5,933,3571,3572,1,and
5,934,2460,2461,7,or
5,935,3112,3113,9,not_xor
5,936,4894,4895,8,not_or
5,937,2206,2207,7,or
5,938,2543,2544,12,not_a
5,939,4114,4115,11,implied_by
5,940,340,341,8,not_or
5,941,5853,5854,2,not_implies
5,942,2698,2699,9,not_xor
5,943,5416,5417,8,not_or
5,944,2336,2337,3,a
5,945,189,190,2,not_implies
5,946,4536,4537,10,not_b
5,947,5432,5433,13,implies
5,948,31,32,12,not_a
5,949,3602,3603,8,not_or
5,950,2607,2608,9,not_xor
5,951,640,641,8,not_or
5,952,2946,2947,13,implies
5,953,5585,5586,6,xor
5,954,667,668,3,a
5,955,793,794,12,not_a
5,956,3483,3484,6,xor
5,957,2089,2090,10,not_b
5,958,676,677,12,not_a
5,959,1442,1443,10,not_b
5,960,5969,5970,9,not_xor
5,961,3697,3698,5,b
5,962,3445,3446,10,not_b
5,963,1456,1457,5,b
5,964,5802,5803,10,not_b
5,965,5415,5416,9,not_xor
5,966,4463,4464,2,not_implies
5,967,2914,2915,6,xor
5,968,342,343,1,and
5,969,3114,3115,12,not_a
5,970,2274,2275,1,and
5,971,4504,4505,9,not_xor
5,972,3160,3161,10,not_b
5,973,5358,5359,3,a
5,974,1818,1819,10,not_b
5,975,2414,2415,3,a
5,976,4897,4898,12,not_a
5,977,831,832,14,not_and
5,978,4469,4470,8,not_or
5,979,562,563,4,not_implied_by
5,980,343,344,6,xor
5,981,2154,2155,8,not_or
5,982,1533,1534,11,implied_by
5,983,2808,2809,9,not_xor
5,984,597,598,6,xor
5,985,4481,4482,5,b
5,986,1803,1804,3,a
5,987,2266,2267,9,not_xor
5,988,5553,5554,9,not_xor
5,989,3698,3699,5,b
5,990,3359,3360,5,b
5,991,3588,3589,5,b
5,992,2933,2934,12,not_a
5,993,2466,2467,10,not_b
5,994,948,949,14,not_and
5,995,4681,4682,9,not_xor
5,996,1491,1492,9,not_xor
5,997,3794,3795,10,not_b
5,998,1512,1513,9,not_xor
5,999,180,181,10,not_b
5,1000,3502,3503,1,and
5,1001,4395,4396,6,xor
5,1002,828,829,3,a
5,1003,5930,5931,12,not_a
5,1004,4673,4674,5,b
5,1005,2705,2706,11,implied_by
5,1006,1739,1740,9,not_xor
5,1007,2769,2770,5,b
5,1008,3928,3929,10,not_b
5,1009,2373,2374,5,b
5,1010,2752,2753,9,not_xor
5,1011,1767,1768,9,not_xor
5,1012,3889,3890,6,xor
5,1013,2560,2561,10,not_b
5,1014,3771,3772,10,not_b
5,1015,4267,4268,3,a
5,1016,1528,1529,9,not_xor
5,1017,2088,2089,6,xor
5,1018,4612,4613,12,not_a
5,1019,4661,4662,14,not_and
5,1020,5146,5147,9,not_xor
5,1021,4526,4527,5,b
5,1022,4905,4906,5,b
5,1023,5455,5456,3,a
5,1024,1024,1025,10,not_b
5,1025,1294,1295,14,not_and
5,1026,3210,3211,1,and
5,1027,4561,4562,10,not_b
5,1028,2617,2618,14,not_and
5,1029,3739,3740,14,not_and
5,1030,3147,3148,4,not_implied_by
5,1031,3894,3895,9,not_xor
5,1032,4825,4826,9,not_xor
5,1033,3435,3436,3,a
5,1034,108,109,12,not_a
5,1035,4545,4546,4,not_implied_by
5,1036,5291,5292,7,or
5,1037,2612,2613,6,xor
5,1038,2748,2749,13,implies
5,1039,2581,2582,9,not_xor
5,1040,473,474,10,not_b
5,1041,4498,4499,6,xor
5,1042,139,140,9,not_xor
5,1043,541,542,9,not_xor
5,1044,1002,1003,12,not_a
5,1045,4407,4408,6,xor
5,1046,1139,1140,10,not_b
5,1047,4986,4987,5,b
5,1048,1310,1311,13,implies
5,1049,3960,3961,10,not_b
5,1050,5578,5579,10,not_b
5,1051,469,470,2,not_implies
5,1052,4391,4392,6,xor
5,1053,2547,2548,12,not_a
5,1054,213,214,9,not_xor
5,1055,4952,4953,1,and
5,1056,1509,1510,3,a
5,1057,3834,3835,2,not_implies
5,1058,1422,1423,5,b
5,1059,4707,4708,10,not_b
5,1060,4847,4848,12,not_a
5,1061,1329,1330,2,not_implies
5,1062,3423,3424,9,not_xor
5,1063,5032,5033,10,not_b
5,1064,3414,3415,12,not_a
5,1065,5657,5658,2,not_implies
5,1066,2333,2334,9,not_xor
5,1067,454,455,13,implies
5,1068,984,985,13,implies
5,1069,2081,2082,10,not_b
5,1070,3041,3042,10,not_b
5,1071,5419,5420,5,b
5,1072,357,358,3,a
5,1073,1402,1403,9,not_xor
5,1074,4027,4028,9,not_xor
5,1075,1915,1916,5,b
5,1076,3357,3358,12,not_a
5,1077,3749,3750,12,not_a
5,1078,156,157,9,not_xor
5,1079,4777,4778,3,a
5,1080,1783,1784,12,not_a
5,1081,2434,2435,9,not_xor
5,1082,5007,5008,9,not_xor
5,1083,2835,2836,6,xor
5,1084,4170,4171,2,not_implies
5,1085,2144,2145,12,not_a
5,1086,4016,4017,9,not_xor
5,1087,2522,2523,7,or
5,1088,2036,2037,3,a
5,1089,202,203,12,not_a
5,1090,3911,3912,14,not_and
5,1091,1960,1961,6,xor
5,1092,1990,1991,3,a
5,1093,2370,2371,3,a
5,1094,1253,1254,9,not_xor
5,1095,4785,4786,10,not_b
5,1096,3296,3297,14,not_and
5,1097,1858,1859,14,not_and
5,1098,4614,4615,14,not_and
5,1099,962,963,3,a
5,1100,3461,3462,10,not_b
5,1101,1174,1175,1,and
5,1102,4502,4503,10,not_b
5,1103,5462,5463,9,not_xor
5,1104,2349,2350,5,b
5,1105,5867,5868,5,b
5,1106,1400,1401,9,not_xor
5,1107,1474,1475,6,xor
5,1108,3300,3301,1,and
5,1109,5317,5318,3,a
5,1110,1563,1564,12,not_a
5,1111,2064,2065,12,not_a
5,1112,3108,3109,9,not_xor
5,1113,2529,2530,10,not_b
5,1114,4387,4388,6,xor
5,1115,2885,2886,1,and
5,1116,3784,3785,3,a
5,1117,5393,5394,6,xor
5,1118,5542,5543,12,not_a
5,1119,34,35,5,b
5,1120,5053,5054,14,not_and
5,1121,4042,4043,10,not_b
5,1122,5992,5993,1,and
5,1123,989,990,5,b
5,1124,5191,5192,6,xor
5,1125,3399,3400,14,not_and
5,1126,2185,2186,10,not_b
5,1127,855,856,12,not_a
5,1128,2565,2566,5,b
5,1129,1627,1628,13,implies
5,1130,3162,3163,10,not_b
5,1131,5139,5140,12,not_a
5,1132,5375,5376,9,not_xor
5,1133,3919,3920,3,a
5,1134,3650,3651,6,xor
5,1135,3541,3542,4,not_implied_by
5,1136,4017,4018,1,and
5,1137,3456,3457,7,or
5,1138,2735,2736,2,not_implies
5,1139,2506,2507,2,not_implies
5,1140,4857,4858,12,not_a
5,1141,4221,4222,14,not_and
5,1142,940,941,12,not_a
5,1143,4968,4969,9,not_xor
5,1144,941,942,12,not_a
5,1145,536,537,9,not_xor
5,1146,642,643,10,not_b
5,1147,5722,5723,6,xor
5,1148,2252,2253,10,not_b
5,1149,2584,2585,5,b
5,1150,1799,1800,6,xor
5,1151,3086,3087,2,not_implies
5,1152,99,100,2,not_implies
5,1153,3991,3992,1,and
5,1154,1359,1360,14,not_and
5,1155,2538,2539,12,not_a
5,1156,3486,3487,3,a
5,1157,5744,5745,8,not_or
5,1158,2487,2488,7,or
5,1159,1972,1973,9,not_xor
5,1160,1571,1572,3,a
5,1161,2104,2105,3,a
5,1162,2677,2678,7,or
5,1163,3679,3680,3,a
5,1164,805,806,3,a
5,1165,5340,5341,3,a
5,1166,3905,3906,10,not_b
5,1167,274,275,10,not_b
5,1168,3028,3029,13,implies
5,1169,1076,1077,3,a
5,1170,3098,3099,6,xor
5,1171,207,208,6,xor
5,1172,5656,5657,13,implies
5,1173,3775,3776,6,xor
5,1174,565,566,3,a
5,1175,2346,2347,10,not_b
5,1176,5199,5200,9,not_xor
5,1177,1470,1471,5,b
5,1178,3975,3976,5,b
5,1179,1450,1451,12,not_a
5,1180,3386,3387,4,not_implied_by
5,1181,4658,4659,12,not_a
5,1182,926,927,9,not_xor
5,1183,3138,3139,12,not_a
5,1184,4104,4105,8,not_or
5,1185,1401,1402,6,xor
5,1186,5988,5989,6,xor
5,1187,2669,2670,2,not_implies
5,1188,942,943,14,not_and
5,1189,290,291,9,not_xor
5,1190,3949,3950,9,not_xor
5,1191,4355,4356,6,xor
5,1192,3958,3959,12,not_a
5,1193,5491,5492,9,not_xor
5,1194,2281,2282,9,not_xor
5,1195,1591,1592,12,not_a
5,1196,1809,1810,5,b
5,1197,2481,2482,10,not_b
5,1198,4677,4678,9,not_xor
5,1199,3829,3830,1,and
5,1200,1847,1848,6,xor
5,1201,4396,4397,12,not_a
5,1202,2845,2846,11,implied_by
5,1203,1287,1288,5,b
5,1204,2037,2038,11,implied_by
5,1205,2381,2382,12,not_a
5,1206,2180,2181,6,xor
5,1207,906,907,12,not_a
5,1208,3144,3145,11,implied_by
5,1209,3181,3182,4,not_implied_by
5,1210,3298,3299,3,a
5,1211,3670,3671,3,a
5,1212,3768,3769,5,b
5,1213,4044,4045,5,b
5,1214,618,619,4,not_implied_by
5,1215,1878,1879,6,xor
5,1216,1108,1109,8,not_or
5,1217,1788,1789,14,not_and
5,1218,4674,4675,9,not_xor
5,1219,4601,4602,5,b
5,1220,829,830,12,not_a
5,1221,3099,3100,11,implied_by
5,1222,5259,5260,8,not_or
5,1223,2368,2369,5,b
5,1224,1274,1275,10,not_b
5,1225,4049,4050,2,not_implies
5,1226,4121,4122,10,not_b
5,1227,125,126,12,not_a
5,1228,3417,3418,2,not_implies
5,1229,4386,4387,10,not_b
5,1230,251,252,4,not_implied_by
5,1231,636,637,9,not_xor
5,1232,2633,2634,3,a
5,1233,4273,4274,3,a
5,1234,4939,4940,6,xor
5,1235,514,515,9,not_xor
5,1236,191,192,12,not_a
5,1237,494,495,5,b
5,1238,1787,1788,12,not_a
5,1239,4404,4405,9,not_xor
5,1240,2079,2080,10,not_b
5,1241,3955,3956,14,not_and
5,1242,5597,5598,5,b
5,1243,1598,1599,5,b
5,1244,474,475,12,not_a
5,1245,2200,2201,6,xor
5,1246,2130,2131,13,implies
5,1247,461,462,6,xor
5,1248,5994,5995,10,not_b
5,1249,3780,3781,9,not_xor
5,1250,2451,2452,11,implied_by
5,1251,2004,2005,13,implies
5,1252,2163,2164,6,xor
5,1253,1288,1289,3,a
5,1254,247,248,14,not_and
5,1255,1159,1160,9,not_xor
5,1256,1186,1187,3,a
5,1257,5743,5744,5,b
5,1258,5335,5336,6,xor
5,1259,2354,2355,10,not_b
5,1260,656,657,13,implies
5,1261,5418,5419,1,and
5,1262,3089,3090,3,a
5,1263,250,251,9,not_xor
5,1264,1684,1685,8,not_or
5,1265,5067,5068,12,not_a
5,1266,41,42,14,not_and
5,1267,1102,1103,9,not_xor
5,1268,2331,2332,13,implies
5,1269,3084,3085,9,not_xor
5,1270,244,245,4,not_implied_by
5,1271,5978,5979,7,or
5,1272,1155,1156,13,implies
5,1273,5814,5815,10,not_b
5,1274,5433,5434,5,b
5,1275,5151,5152,9,not_xor
5,1276,5747,5748,13,implies
5,1277,5022,5023,5,b
5,1278,4380,4381,9,not_xor
5,1279,4756,4757,9,not_xor
5,1280,2247,2248,12,not_a
5,1281,364,365,8,not_or
5,1282,4943,4944,3,a
5,1283,5826,5827,3,a
5,1284,689,690,6,xor
5,1285,260,261,12,not_a
5,1286,5993,5994,2,not_implies
5,1287,4491,4492,11,implied_by
5,1288,953,954,13,implies
5,1289,983,984,1,and
5,1290,127,128,5,b
5,1291,1467,1468,9,not_xor
5,1292,2129,2130,6,xor
5,1293,5781,5782,12,not_a
5,1294,604,605,3,a
5,1295,5592,5593,3,a
5,1296,5409,5410,9,not_xor
5,1297,5611,5612,9,not_xor
5,1298,1670,1671,5,b
5,1299,1641,1642,9,not_xor
5,1300,4180,4181,10,not_b
5,1301,452,453,6,xor
5,1302,2604,2605,7,or
5,1303,3385,3386,9,not_xor
5,1304,5147,5148,14,not_and
5,1305,981,982,12,not_a
5,1306,3390,3391,10,not_b
5,1307,5602,5603,9,not_xor
5,1308,4588,4589,11,implied_by
5,1309,4229,4230,12,not_a
5,1310,5023,5024,6,xor
5,1311,4310,4311,6,xor
5,1312,5202,5203,8,not_or
5,1313,1569,1570,6,xor
5,1314,3270,3271,9,not_xor
5,1315,2338,2339,10,not_b
5,1316,4591,4592,9,not_xor
5,1317,1685,1686,6,xor
5,1318,4225,4226,8,not_or
5,1319,1855,1856,12,not_a
5,1320,2318,2319,2,not_implies
5,1321,373,374,9,not_xor
5,1322,3250,3251,6,xor
5,1323,3334,3335,6,xor
5,1324,5311,5312,9,not_xor
5,1325,5283,5284,10,not_b
5,1326,1369,1370,9,not_xor
5,1327,1760,1761,14,not_and
5,1328,2246,2247,10,not_b
5,1329,5920,5921,6,xor
5,1330,2305,2306,3,a
5,1331,3047,3048,9,not_xor
5,1332,4668,4669,10,not_b
5,1333,899,900,2,not_implies
5,1334,2732,2733,5,b
5,1335,5296,5297,3,a
5,1336,4311,4312,7,or
5,1337,1928,1929,11,implied_by
5,1338,1707,1708,13,implies
5,1339,2138,2139,6,xor
5,1340,1225,1226,12,not_a
5,1341,4882,4883,4,not_implied_by
5,1342,3750,3751,6,xor
5,1343,4363,4364,6,xor
5,1344,2753,2754,10,not_b
5,1345,4593,4594,9,not_xor
5,1346,483,484,12,not_a
5,1347,1926,1927,12,not_a
5,1348,4283,4284,1,and
5,1349,5006,5007,3,a
5,1350,491,492,2,not_implies
5,1351,5938,5939,12,not_a
5,1352,3115,3116,9,not_xor
5,1353,1587,1588,5,b
5,1354,3748,3749,4,not_implied_by
5,1355,4585,4586,5,b
5,1356,612,613,1,and
5,1357,5398,5399,7,or
5,1358,954,955,5,b
5,1359,2265,2266,5,b
5,1360,2151,2152,3,a
5,1361,3224,3225,12,not_a
5,1362,1016,1017,9,not_xor
5,1363,1332,1333,10,not_b
5,1364,3797,3798,14,not_and
5,1365,1490,1491,9,not_xor
5,1366,2886,2887,6,xor
5,1367,3745,3746,5,b
5,1368,5304,5305,9,not_xor
5,1369,2468,2469,6,xor
5,1370,5961,5962,8,not_or
5,1371,3003,3004,5,b
5,1372,1279,1280,7,or
5,1373,3045,3046,3,a
5,1374,5690,5691,4,not_implied_by
5,1375,5238,5239,5,b
5,1376,131,132,9,not_xor
5,1377,5945,5946,9,not_xor
5,1378,1175,1176,2,not_implies
5,1379,1825,1826,3,a
5,1380,393,394,6,xor
5,1381,5316,5317,8,not_or
5,1382,4698,4699,2,not_implies
5,1383,641,642,5,b
5,1384,3860,3861,12,not_a
5,1385,700,701,5,b
5,1386,2745,2746,9,not_xor
5,1387,2427,2428,10,not_b
5,1388,5848,5849,9,not_xor
5,1389,142,143,9,not_xor
5,1390,2851,2852,14,not_and
5,1391,1001,1002,3,a
5,1392,5763,5764,4,not_implied_by
5,1393,2314,2315,6,xor
5,1394,3929,3930,3,a
5,1395,4750,4751,3,a
5,1396,4783,4784,6,xor
5,1397,5732,5733,4,not_implied_by
5,1398,1626,1627,6,xor
5,1399,3952,3953,7,or
5,1400,4792,4793,12,not_a
5,1401,1780,1781,3,a
5,1402,3646,3647,3,a
5,1403,406,407,5,b
5,1404,394,395,6,xor
5,1405,5212,5213,8,not_or
5,1406,322,323,9,not_xor
5,1407,83,84,6,xor
5,1408,4148,4149,1,and
5,1409,1852,1853,12,not_a
5,1410,327,328,12,not_a
5,1411,1676,1677,10,not_b
5,1412,3770,3771,5,b
5,1413,1050,1051,6,xor
5,1414,5787,5788,14,not_and
5,1415,69,70,13,implies
5,1416,2869,2870,9,not_xor
5,1417,1930,1931,8,not_or
5,1418,3253,3254,12,not_a
5,1419,5334,5335,10,not_b
5,1420,346,347,14,not_and
5,1421,1223,1224,12,not_a
5,1422,2643,2644,5,b
5,1423,5157,5158,4,not_implied_by
5,1424,241,242,14,not_and
5,1425,1527,1528,2,not_implies
5,1426,3601,3602,6,xor
5,1427,5730,5731,12,not_a
5,1428,2952,2953,6,xor
5,1429,5676,5677,6,xor
5,1430,1427,1428,12,not_a
5,1431,4357,4358,5,b
5,1432,4737,4738,8,not_or
5,1433,3675,3676,11,implied_by
5,1434,1429,1430,6,xor
5,1435,3812,3813,6,xor
5,1436,976,977,5,b
5,1437,823,824,7,or
5,1438,634,635,11,implied_by
5,1439,5686,5687,6,xor
5,1440,579,580,5,b
5,1441,1677,1678,13,implies
5,1442,5658,5659,11,implied_by
5,1443,5342,5343,6,xor
5,1444,4892,4893,5,b
5,1445,5888,5889,5,b
5,1446,5218,5219,5,b
5,1447,5511,5512,10,not_b
5,1448,1010,1011,1,and
5,1449,5910,5911,14,not_and
5,1450,3019,3020,5,b
5,1451,3444,3445,12,not_a
5,1452,1242,1243,6,xor
5,1453,226,227,10,not_b
5,1454,2945,2946,9,not_xor
5,1455,839,840,6,xor
5,1456,3509,3510,9,not_xor
5,1457,1136,1137,9,not_xor
5,1458,1537,1538,5,b
5,1459,3870,3871,6,xor
5,1460,4726,4727,10,not_b
5,1461,1875,1876,14,not_and
5,1462,2299,2300,14,not_and
5,1463,5172,5173,6,xor
5,1464,4516,4517,5,b
5,1465,1820,1821,8,not_or
5,1466,227,228,5,b
5,1467,1893,1894,5,b
5,1468,3340,3341,13,implies
5,1469,510,511,8,not_or
5,1470,1162,1163,8,not_or
5,1471,2264,2265,2,not_implies
5,1472,977,978,3,a
5,1473,4280,4281,6,xor
5,1474,851,852,9,not_xor
5,1475,4444,4445,8,not_or
5,1476,1131,1132,8,not_or
5,1477,3672,3673,5,b
5,1478,3519,3520,3,a
5,1479,2675,2676,10,not_b
5,1480,2519,2520,9,not_xor
5,1481,849,850,3,a
5,1482,2031,2032,14,not_and
5,1483,4039,4040,9,not_xor
5,1484,5893,5894,10,not_b
5,1485,1741,1742,4,not_implied_by
5,1486,4873,4874,1,and
5,1487,901,902,3,a
5,1488,2380,2381,14,not_and
5,1489,5108,5109,8,not_or
5,1490,2482,2483,13,implies
5,1491,4292,4293,5,b
5,1492,175,176,6,xor
5,1493,353,354,9,not_xor
5,1494,1534,1535,10,not_b
5,1495,1624,1625,11,implied_by
5,1496,2251,2252,5,b
5,1497,2862,2863,10,not_b
5,1498,2355,2356,4,not_implied_by
5,1499,2049,2050,3,a
5,1500,5571,5572,2,not_implies
5,1501,742,743,9,not_xor
5,1502,1881,1882,7,or
5,1503,2588,2589,12,not_a
5,1504,390,391,10,not_b
5,1505,1602,1603,6,xor
5,1506,2347,2348,5,b
5,1507,2909,2910,13,implies
5,1508,963,964,9,not_xor
5,1509,5552,5553,3,a
5,1510,4697,4698,12,not_a
5,1511,4846,4847,5,b
5,1512,5164,5165,4,not_implied_by
5,1513,740,741,11,implied_by
5,1514,401,402,7,or
5,1515,2111,2112,6,xor
5,1516,4493,4494,5,b
5,1517,3439,3440,12,not_a
5,1518,5918,5919,6,xor
5,1519,1786,1787,2,not_implies
5,1520,4168,4169,6,xor
5,1521,2213,2214,6,xor
5,1522,3219,3220,5,b
5,1523,4656,4657,6,xor
5,1524,5689,5690,3,a
5,1525,5071,5072,5,b
5,1526,4303,4304,10,not_b
5,1527,1886,1887,6,xor
5,1528,5607,5608,10,not_b
5,1529,2145,2146,10,not_b
5,1530,4971,4972,6,xor
5,1531,5808,5809,4,not_implied_by
5,1532,1228,1229,11,implied_by
5,1533,3639,3640,6,xor
5,1534,5779,5780,9,not_xor
5,1535,2188,2189,6,xor
5,1536,3971,3972,3,a
5,1537,5503,5504,6,xor
5,1538,2158,2159,1,and
5,1539,1777,1778,9,not_xor
5,1540,478,479,3,a
5,1541,4245,4246,6,xor
5,1542,2,3,7,or
5,1543,4045,4046,3,a
5,1544,5284,5285,10,not_b
5,1545,4891,4892,9,not_xor
5,1546,1889,1890,13,implies
5,1547,3709,3710,9,not_xor
5,1548,3754,3755,10,not_b
5,1549,4828,4829,11,implied_by
5,1550,1096,1097,9,not_xor
5,1551,5443,5444,14,not_and
5,1552,4260,4261,5,b
5,1553,2083,2084,3,a
5,1554,2888,2889,5,b
5,1555,1906,1907,2,not_implies
5,1556,2793,2794,4,not_implied_by
5,1557,1397,1398,6,xor
5,1558,2483,2484,9,not_xor
5,1559,5012,5013,12,not_a
5,1560,1330,1331,13,implies
5,1561,1579,1580,10,not_b
5,1562,2377,2378,7,or
5,1563,4541,4542,12,not_a
5,1564,5391,5392,2,not_implies
5,1565,264,265,7,or
5,1566,1416,1417,9,not_xor
5,1567,761,762,10,not_b
5,1568,1976,1977,6,xor
5,1569,4207,4208,7,or
5,1570,2126,2127,12,not_a
5,1571,2386,2387,8,not_or
5,1572,4881,4882,10,not_b
5,1573,64,65,6,xor
5,1574,2009,2010,1,and
5,1575,4926,4927,8,not_or
5,1576,1751,1752,5,b
5,1577,1388,1389,3,a
5,1578,205,206,5,b
5,1579,1871,1872,7,or
5,1580,2937,2938,7,or
5,1581,5386,5387,11,implied_by
5,1582,4900,4901,11,implied_by
5,1583,2232,2233,3,a
5,1584,2943,2944,6,xor
5,1585,3211,3212,12,not_a
5,1586,5111,5112,8,not_or
5,1587,1088,1089,11,implied_by
5,1588,4500,4501,9,not_xor
5,1589,757,758,7,or
5,1590,1674,1675,9,not_xor
5,1591,4747,4748,13,implies
5,1592,2709,2710,10,not_b
5,1593,2763,2764,5,b
5,1594,423,424,6,xor
5,1595,1595,1596,2,not_implies
5,1596,2739,2740,9,not_xor
5,1597,715,716,6,xor
5,1598,584,585,9,not_xor
5,1599,2839,2840,14,not_and
5,1600,1421,1422,9,not_xor
5,1601,1993,1994,8,not_or
5,1602,3673,3674,2,not_implies
5,1603,4678,4679,6,xor
5,1604,2549,2550,14,not_and
5,1605,4050,4051,10,not_b
5,1606,1477,1478,5,b
5,1607,1774,1775,3,a
5,1608,5973,5974,9,not_xor
5,1609,5877,5878,10,not_b
5,1610,3347,3348,3,a
5,1611,3632,3633,3,a
5,1612,1954,1955,3,a
5,1613,5684,5685,8,not_or
5,1614,3475,3476,8,not_or
5,1615,1264,1265,14,not_and
5,1616,4405,4406,6,xor
5,1617,3593,3594,11,implied_by
5,1618,1278,1279,3,a
5,1619,1267,1268,6,xor
5,1620,4518,4519,8,not_or
5,1621,625,626,8,not_or
5,1622,1929,1930,12,not_a
5,1623,5472,5473,8,not_or
5,1624,1366,1367,5,b
5,1625,2210,2211,6,xor
5,1626,1280,1281,9,not_xor
5,1627,4203,4204,11,implied_by
5,1628,3620,3621,6,xor
5,1629,3542,3543,9,not_xor
5,1630,4569,4570,10,not_b
5,1631,5483,5484,6,xor
5,1632,5127,5128,12,not_a
5,1633,5160,5161,10,not_b
5,1634,5497,5498,2,not_implies
5,1635,4243,4244,14,not_and
5,1636,5178,5179,1,and
5,1637,4423,4424,4,not_implied_by
5,1638,2976,2977,13,implies
5,1639,5508,5509,3,a
5,1640,2258,2259,1,and
5,1641,204,205,3,a
5,1642,5318,5319,12,not_a
5,1643,1585,1586,10,not_b
5,1644,845,846,9,not_xor
5,1645,4442,4443,9,not_xor
5,1646,1207,1208,14,not_and
5,1647,835,836,10,not_b
5,1648,0,2,3,a
5,1649,2647,2648,12,not_a
5,1650,5460,5461,4,not_implied_by
5,1651,795,796,10,not_b
5,1652,2207,2208,12,not_a
5,1653,524,525,6,xor
5,1654,2504,2505,4,not_implied_by
5,1655,2602,2603,1,and
5,1656,3552,3553,13,implies
5,1657,2882,2883,1,and
5,1658,2938,2939,5,b
5,1659,4223,4224,9,not_xor
5,1660,351,352,0,zero
5,1661,4753,4754,3,a
5,1662,3526,3527,10,not_b
5,1663,1446,1447,8,not_or
5,1664,472,473,7,or
5,1665,5927,5928,10,not_b
5,1666,1312,1313,13,implies
5,1667,841,842,6,xor
5,1668,802,803,8,not_or
5,1669,1896,1897,13,implies
5,1670,5231,5232,10,not_b
5,1671,2127,2128,6,xor
5,1672,5621,5622,6,xor
5,1673,3388,3389,9,not_xor
5,1674,39,40,5,b
5,1675,4580,4581,13,implies
5,1676,50,51,9,not_xor
5,1677,5485,5486,6,xor
5,1678,2280,2281,5,b
5,1679,4963,4964,6,xor
5,1680,5935,5936,5,b
5,1681,4385,4386,12,not_a
5,1682,4606,4607,13,implies
5,1683,2724,2725,10,not_b
5,1684,2475,2476,9,not_xor
5,1685,4775,4776,13,implies
5,1686,5437,5438,12,not_a
5,1687,3824,3825,10,not_b
5,1688,3318,3319,6,xor
5,1689,2781,2782,6,xor
5,1690,5830,5831,14,not_and
5,1691,5129,5130,11,implied_by
5,1692,4244,4245,9,not_xor
5,1693,619,620,10,not_b
5,1694,3198,3199,8,not_or
5,1695,3328,3329,3,a
5,1696,528,529,6,xor
5,1697,150,151,12,not_a
5,1698,3375,3376,7,or
5,1699,4702,4703,9,not_xor
5,1700,160,161,3,a
5,1701,3352,3353,1,and
5,1702,2899,2900,10,not_b
5,1703,1614,1615,9,not_xor
5,1704,834,835,11,implied_by
5,1705,2980,2981,10,not_b
5,1706,4150,4151,6,xor
5,1707,1472,1473,6,xor
5,1708,4126,4127,7,or
5,1709,3173,3174,10,not_b
5,1710,3636,3637,1,and
5,1711,2120,2121,5,b
5,1712,789,790,12,not_a
5,1713,3164,3165,10,not_b
5,1714,1870,1871,5,b
5,1715,126,127,7,or
5,1716,657,658,10,not_b
5,1717,1214,1215,13,implies
5,1718,4794,4795,6,xor
5,1719,5208,5209,2,not_implies
5,1720,5729,5730,12,not_a
5,1721,1441,1442,10,not_b
5,1722,785,786,5,b
5,1723,3490,3491,5,b
5,1724,1318,1319,1,and
5,1725,2238,2239,12,not_a
5,1726,1985,1986,10,not_b
5,1727,2635,2636,6,xor
5,1728,3240,3241,12,not_a
5,1729,3174,3175,1,and
5,1730,365,366,6,xor
5,1731,2987,2988,3,a
5,1732,1762,1763,5,b
5,1733,627,628,6,xor
5,1734,4645,4646,6,xor
5,1735,1973,1974,10,not_b
5,1736,5719,5720,6,xor
5,1737,1937,1938,4,not_implied_by
5,1738,5174,5175,12,not_a
5,1739,5855,5856,2,not_implies
5,1740,534,535,5,b
5,1741,770,771,12,not_a
5,1742,5081,5082,12,not_a
5,1743,3111,3112,4,not_implied_by
5,1744,1074,1075,9,not_xor
5,1745,2919,2920,12,not_a
5,1746,2916,2917,3,a
5,1747,3048,3049,13,implies
5,1748,4919,4920,10,not_b
5,1749,450,451,5,b
5,1750,5995,5996,12,not_a
5,1751,3364,3365,10,not_b
5,1752,3277,3278,5,b
5,1753,2204,2205,11,implied_by
5,1754,2585,2586,12,not_a
5,1755,3969,3970,9,not_xor
5,1756,3230,3231,12,not_a
5,1757,1229,1230,7,or
5,1758,3582,3583,5,b
5,1759,902,903,8,not_or
5,1760,3633,3634,9,not_xor
5,1761,787,788,6,xor
5,1762,5417,5418,9,not_xor
5,1763,1300,1301,12,not_a
5,1764,4327,4328,12,not_a
5,1765,2993,2994,13,implies
5,1766,1561,1562,11,implied_by
5,1767,1753,1754,6,xor
5,1768,2693,2694,12,not_a
5,1769,1209,1210,8,not_or
5,1770,3828,3829,7,or
5,1771,2393,2394,12,not_a
5,1772,4724,4725,5,b
5,1773,2831,2832,12,not_a
5,1774,5300,5301,13,implies
5,1775,4531,4532,6,xor
5,1776,5385,5386,5,b
5,1777,2797,2798,12,not_a
5,1778,5980,5981,7,or
5,1779,2156,2157,9,not_xor
5,1780,3175,3176,3,a
5,1781,2233,2234,9,not_xor
5,1782,3391,3392,6,xor
5,1783,4804,4805,9,not_xor
5,1784,5220,5221,9,not_xor
5,1785,5217,5218,9,not_xor
5,1786,3767,3768,9,not_xor
5,1787,3141,3142,3,a
5,1788,2317,2318,3,a
5,1789,1311,1312,14,not_and
5,1790,5000,5001,6,xor
5,1791,42,43,5,b
5,1792,1766,1767,6,xor
5,1793,3591,3592,11,implied_by
5,1794,3412,3413,13,implies
5,1795,146,147,4,not_implied_by
5,1796,5548,5549,6,xor
5,1797,4688,4689,2,not_implies
5,1798,775,776,6,xor
5,1799,4550,4551,12,not_a
5,1800,4573,4574,13,implies
5,1801,2548,2549,4,not_implied_by
5,1802,384,385,12,not_a
5,1803,3769,3770,5,b
5,1804,4238,4239,9,not_xor
5,1805,647,648,3,a
5,1806,3103,3104,1,and
5,1807,3221,3222,9,not_xor
5,1808,1768,1769,9,not_xor
5,1809,4309,4310,3,a
5,1810,100,101,10,not_b
5,1811,1374,1375,1,and
5,1812,1018,1019,5,b
5,1813,3265,3266,10,not_b
5,1814,2877,2878,6,xor
5,1815,1651,1652,1,and
5,1816,1030,1031,9,not_xor
5,1817,1023,1024,10,not_b
5,1818,4103,4104,9,not_xor
5,1819,4130,4131,9,not_xor
5,1820,928,929,9,not_xor
5,1821,1610,1611,5,b
5,1822,2526,2527,9,not_xor
5,1823,279,280,5,b
5,1824,2595,2596,3,a
5,1825,5843,5844,3,a
5,1826,952,953,13,implies
5,1827,5362,5363,6,xor
5,1828,4205,4206,14,not_and
5,1829,225,226,1,and
5,1830,3060,3061,9,not_xor
5,1831,3821,3822,10,not_b
5,1832,1892,1893,6,xor
5,1833,4746,4747,9,not_xor
5,1834,5989,5990,1,and
5,1835,3325,3326,12,not_a
5,1836,3202,3203,5,b
5,1837,5804,5805,9,not_xor
5,1838,11,12,4,not_implied_by
5,1839,2272,2273,9,not_xor
5,1840,4413,4414,14,not_and
5,1841,5573,5574,10,not_b
5,1842,2488,2489,7,or
5,1843,1542,1543,5,b
5,1844,3429,3430,10,not_b
5,1845,43,44,3,a
5,1846,3179,3180,14,not_and
5,1847,317,318,3,a
5,1848,1269,1270,9,not_xor
5,1849,49,50,9,not_xor
5,1850,1750,1751,3,a
5,1851,2043,2044,6,xor
5,1852,1205,1206,12,not_a
5,1853,2977,2978,12,not_a
5,1854,1683,1684,9,not_xor
5,1855,1236,1237,9,not_xor
5,1856,929,930,3,a
5,1857,2887,2888,4,not_implied_by
5,1858,5100,5101,10,not_b
5,1859,5425,5426,9,not_xor
5,1860,4336,4337,7,or
5,1861,4224,4225,3,a
5,1862,5355,5356,10,not_b
5,1863,2080,2081,9,not_xor
5,1864,3833,3834,3,a
5,1865,545,546,10,not_b
5,1866,5219,5220,3,a
5,1867,938,939,14,not_and
5,1868,1405,1406,9,not_xor
5,1869,5623,5624,10,not_b
5,1870,3699,3700,4,not_implied_by
5,1871,2439,2440,9,not_xor
5,1872,4552,4553,5,b
5,1873,5285,5286,4,not_implied_by
5,1874,3793,3794,9,not_xor
5,1875,277,278,13,implies
5,1876,1320,1321,12,not_a
5,1877,3449,3450,9,not_xor
5,1878,136,137,10,not_b
5,1879,2024,2025,3,a
5,1880,293,294,9,not_xor
5,1881,2114,2115,6,xor
5,1882,3079,3080,5,b
5,1883,3356,3357,10,not_b
5,1884,1650,1651,6,xor
5,1885,5594,5595,6,xor
5,1886,748,749,10,not_b
5,1887,719,720,11,implied_by
5,1888,3381,3382,3,a
5,1889,5534,5535,1,and
5,1890,915,916,6,xor
5,1891,2018,2019,10,not_b
5,1892,206,207,6,xor
5,1893,2148,2149,10,not_b
5,1894,4479,4480,10,not_b
5,1895,4837,4838,6,xor
5,1896,3728,3729,7,or
5,1897,2863,2864,9,not_xor
5,1898,1759,1760,3,a
5,1899,1856,1857,2,not_implies
5,1900,3306,3307,6,xor
5,1901,5436,5437,12,not_a
5,1902,1177,1178,13,implies
5,1903,5619,5620,3,a
5,1904,3092,3093,3,a
5,1905,2424,2425,9,not_xor
5,1906,3009,3010,1,and
5,1907,2135,2136,11,implied_by
5,1908,2947,2948,6,xor
5,1909,3757,3758,11,implied_by
5,1910,3723,3724,3,a
5,1911,505,506,9,not_xor
5,1912,10,11,8,not_or
5,1913,120,121,9,not_xor
5,1914,211,212,2,not_implies
5,1915,4959,4960,1,and
5,1916,1538,1539,6,xor
5,1917,3292,3293,9,not_xor
5,1918,1862,1863,3,a
5,1919,2661,2662,9,not_xor
5,1920,3157,3158,8,not_or
5,1921,485,486,2,not_implies
5,1922,459,460,10,not_b
5,1923,4652,4653,7,or
5,1924,3867,3868,9,not_xor
5,1925,669,670,9,not_xor
5,1926,4055,4056,12,not_a
5,1927,2112,2113,6,xor
5,1928,437,438,9,not_xor
5,1929,5654,5655,9,not_xor
5,1930,5420,5421,5,b
5,1931,620,621,9,not_xor
5,1932,5738,5739,9,not_xor
5,1933,2589,2590,3,a
5,1934,3368,3369,6,xor
5,1935,5806,5807,13,implies
5,1936,1356,1357,2,not_implies
5,1937,5518,5519,9,not_xor
5,1938,610,611,1,and
5,1939,305,306,5,b
5,1940,2344,2345,3,a
5,1941,3543,3544,8,not_or
5,1942,4421,4422,12,not_a
5,1943,2759,2760,3,a
5,1944,4204,4205,12,not_a
5,1945,5390,5391,12,not_a
5,1946,3379,3380,9,not_xor
5,1947,1176,1177,9,not_xor
5,1948,1220,1221,10,not_b
5,1949,5163,5164,12,not_a
5,1950,3658,3659,2,not_implies
5,1951,4965,4966,11,implied_by
5,1952,3682,3683,2,not_implies
5,1953,3565,3566,9,not_xor
5,1954,5315,5316,9,not_xor
5,1955,2514,2515,6,xor
5,1956,149,150,3,a
5,1957,1835,1836,9,not_xor
5,1958,4326,4327,5,b
5,1959,2935,2936,3,a
5,1960,4301,4302,10,not_b
5,1961,1564,1565,10,not_b
5,1962,5090,5091,9,not_xor
5,1963,5963,5964,7,or
5,1964,1072,1073,3,a
5,1965,2966,2967,4,not_implied_by
5,1966,3681,3682,3,a
5,1967,4338,4339,2,not_implies
5,1968,2400,2401,12,not_a
5,1969,58,59,9,not_xor
5,1970,1616,1617,5,b
5,1971,791,792,3,a
5,1972,2053,2054,5,b
5,1973,822,823,12,not_a
5,1974,5716,5717,4,not_implied_by
5,1975,1863,1864,5,b
5,1976,5469,5470,5,b
5,1977,4177,4178,9,not_xor
5,1978,4298,4299,12,not_a
5,1979,457,458,12,not_a
5,1980,1935,1936,9,not_xor
5,1981,1144,1145,6,xor
5,1982,5096,5097,13,implies
5,1983,2284,2285,10,not_b
5,1984,3974,3975,10,not_b
5,1985,4215,4216,9,not_xor
5,1986,2005,2006,10,not_b
5,1987,2363,2364,8,not_or
5,1988,5677,5678,10,not_b
5,1989,3205,3206,3,a
5,1990,5801,5802,5,b
5,1991,5741,5742,9,not_xor
5,1992,4100,4101,3,a
5,1993,3811,3812,6,xor
5,1994,335,336,10,not_b
5,1995,4509,4510,3,a
5,1996,3903,3904,5,b
5,1997,979,980,10,not_b
5,1998,4459,4460,6,xor
5,1999,4511,4512,3,a
5,2000,2941,2942,5,b
5,2001,4432,4433,9,not_xor
5,2002,2652,2653,9,not_xor
5,2003,2170,2171,6,xor
5,2004,3371,3372,3,a
5,2005,4907,4908,6,xor
5,2006,4048,4049,12,not_a
5,2007,5647,5648,5,b
5,2008,386,387,2,not_implies
5,2009,1352,1353,12,not_a
5,2010,5049,5050,4,not_implied_by
5,2011,3631,3632,12,not_a
5,2012,887,888,9,not_xor
5,2013,654,655,9,not_xor
5,2014,3186,3187,6,xor
5,2015,2309,2310,1,and
5,2016,3589,3590,6,xor
5,2017,232,233,2,not_implies
5,2018,2917,2918,6,xor
5,2019,2070,2071,14,not_and
5,2020,1360,1361,12,not_a
5,2021,1974,1975,9,not_xor
5,2022,5402,5403,9,not_xor
5,2023,2068,2069,6,xor
5,2024,2146,2147,3,a
5,2025,1936,1937,9,not_xor
5,2026,4694,4695,2,not_implies
5,2027,3448,3449,9,not_xor
5,2028,3792,3793,2,not_implies
5,2029,161,162,9,not_xor
5,2030,5383,5384,8,not_or
5,2031,5423,5424,5,b
5,2032,5794,5795,10,not_b
5,2033,1476,1477,2,not_implies
5,2034,3866,3867,12,not_a
5,2035,3062,3063,6,xor
5,2036,2637,2638,9,not_xor
5,2037,1351,1352,10,not_b
5,2038,5273,5274,1,and
5,2039,21,22,9,not_xor
5,2040,1447,1448,3,a
5,2041,698,699,12,not_a
5,2042,2996,2997,3,a
5,2043,3814,3815,5,b
5,2044,4043,4044,12,not_a
5,2045,1732,1733,5,b
5,2046,2841,2842,7,or
5,2047,5426,5427,1,and
5,2048,4685,4686,9,not_xor
5,2049,3914,3915,6,xor
5,2050,3136,3137,4,not_implied_by
5,2051,4535,4536,12,not_a
5,2052,286,287,2,not_implies
5,2053,3849,3850,6,xor
5,2054,1719,1720,6,xor
5,2055,4156,4157,12,not_a
5,2056,1180,1181,14,not_and
5,2057,3229,3230,4,not_implied_by
5,2058,4015,4016,10,not_b
5,2059,722,723,10,not_b
5,2060,2410,2411,7,or
5,2061,361,362,5,b
5,2062,1924,1925,5,b
5,2063,5700,5701,10,not_b
5,2064,5372,5373,7,or
5,2065,4029,4030,12,not_a
5,2066,1065,1066,13,implies
5,2067,1743,1744,3,a
5,2068,3916,3917,8,not_or
5,2069,4896,4897,10,not_b
5,2070,1042,1043,3,a
5,2071,1133,1134,10,not_b
5,2072,2582,2583,11,implied_by
5,2073,18,19,6,xor
5,2074,3813,3814,3,a
5,2075,5399,5400,6,xor
5,2076,298,299,5,b
5,2077,1232,1233,6,xor
5,2078,4503,4504,6,xor
5,2079,2757,2758,7,or
5,2080,4523,4524,6,xor
5,2081,3166,3167,2,not_implies
5,2082,2190,2191,2,not_implies
5,2083,1939,1940,5,b
5,2084,3623,3624,11,implied_by
5,2085,5011,5012,1,and
5,2086,235,236,12,not_a
5,2087,2908,2909,9,not_xor
5,2088,666,667,9,not_xor
5,2089,5099,5100,14,not_and
5,2090,4324,4325,8,not_or
5,2091,5523,5524,3,a
5,2092,750,751,6,xor
5,2093,2791,2792,3,a
5,2094,9,10,10,not_b
5,2095,4136,4137,3,a
5,2096,3641,3642,3,a
5,2097,2749,2750,10,not_b
5,2098,4533,4534,3,a
5,2099,752,753,12,not_a
5,2100,1283,1284,12,not_a
5,2101,2027,2028,12,not_a
5,2102,5545,5546,6,xor
5,2103,4995,4996,10,not_b
5,2104,1845,1846,12,not_a
5,2105,961,962,10,not_b
5,2106,95,96,3,a
5,2107,3926,3927,12,not_a
5,2108,5675,5676,10,not_b
5,2109,3341,3342,6,xor
5,2110,4841,4842,12,not_a
5,2111,5600,5601,5,b
5,2112,3643,3644,2,not_implies
5,2113,52,53,12,not_a
5,2114,4997,4998,12,not_a
5,2115,4149,4150,7,or
5,2116,3614,3615,10,not_b
5,2117,3998,3999,12,not_a
5,2118,3289,3290,6,xor
5,2119,2642,2643,10,not_b
5,2120,1885,1886,14,not_and
5,2121,566,567,9,not_xor
5,2122,1057,1058,3,a
5,2123,5331,5332,6,xor
5,2124,3004,3005,5,b
5,2125,5204,5205,9,not_xor
5,2126,5954,5955,6,xor
5,2127,0,1,11,implied_by
5,2128,5549,5550,6,xor
5,2129,1950,1951,12,not_a
5,2130,3680,3681,9,not_xor
5,2131,4381,4382,4,not_implied_by
5,2132,506,507,8,not_or
5,2133,4185,4186,6,xor
5,2134,5072,5073,4,not_implied_by
5,2135,5507,5508,8,not_or
5,2136,3268,3269,9,not_xor
5,2137,2433,2434,3,a
5,2138,4119,4120,5,b
5,2139,644,645,5,b
5,2140,5883,5884,3,a
5,2141,4922,4923,6,xor
5,2142,874,875,9,not_xor
5,2143,995,996,1,and
5,2144,4812,4813,5,b
5,2145,2992,2993,12,not_a
5,2146,4457,4458,9,not_xor
5,2147,5847,5848,10,not_b
5,2148,4689,4690,6,xor
5,2149,5610,5611,3,a
5,2150,5025,5026,10,not_b
5,2151,5215,5216,9,not_xor
5,2152,598,599,10,not_b
5,2153,2838,2839,10,not_b
5,2154,2974,2975,9,not_xor
5,2155,3669,3670,10,not_b
5,2156,950,951,13,implies
5,2157,1873,1874,10,not_b
5,2158,3443,3444,10,not_b
5,2159,3404,3405,4,not_implied_by
5,2160,1545,1546,12,not_a
5,2161,2800,2801,5,b
5,2162,2812,2813,6,xor
5,2163,4773,4774,12,not_a
5,2164,4839,4840,9,not_xor
5,2165,3836,3837,15,one
5,2166,2856,2857,6,xor
5,2167,2958,2959,15,one
5,2168,3920,3921,6,xor
5,2169,958,959,5,b
5,2170,5766,5767,6,xor
5,2171,2772,2773,12,not_a
5,2172,4769,4770,1,and
5,2173,2632,2633,3,a
5,2174,1699,1700,6,xor
5,2175,4187,4188,10,not_b
5,2176,5892,5893,7,or
5,2177,3717,3718,9,not_xor
5,2178,4360,4361,9,not_xor
5,2179,3703,3704,12,not_a
5,2180,1454,1455,5,b
5,2181,1395,1396,6,xor
5,2182,5905,5906,4,not_implied_by
5,2183,4764,4765,9,not_xor
5,2184,2788,2789,3,a
5,2185,165,166,3,a
5,2186,4973,4974,14,not_and
5,2187,4102,4103,6,xor
5,2188,2667,2668,9,not_xor
5,2189,269,270,5,b
5,2190,4908,4909,10,not_b
5,2191,1710,1711,9,not_xor
5,2192,3491,3492,8,not_or
5,2193,1097,1098,2,not_implies
5,2194,4844,4845,5,b
5,2195,5168,5169,6,xor
5,2196,5368,5369,6,xor
5,2197,2250,2251,9,not_xor
5,2198,391,392,13,implies
5,2199,3791,3792,9,not_xor
5,2200,4471,4472,6,xor
5,2201,1093,1094,5,b
5,2202,2042,2043,9,not_xor
5,2203,1605,1606,6,xor
5,2204,5173,5174,5,b
5,2205,4332,4333,3,a
5,2206,326,327,8,not_or
5,2207,2684,2685,6,xor
5,2208,2674,2675,1,and
5,2209,5322,5323,6,xor
5,2210,3017,3018,4,not_implied_by
5,2211,2871,2872,10,not_b
5,2212,3200,3201,12,not_a
5,2213,2758,2759,3,a
5,2214,1193,1194,6,xor
5,2215,148,149,12,not_a
5,2216,283,284,3,a
5,2217,5028,5029,9,not_xor
5,2218,2893,2894,12,not_a
5,2219,5484,5485,3,a
5,2220,2323,2324,5,b
5,2221,3574,3575,13,implies
5,2222,5942,5943,3,a
5,2223,439,440,3,a
5,2224,2796,2797,14,not_and
5,2225,3596,3597,14,not_and
5,2226,2833,2834,5,b
5,2227,3151,3152,3,a
5,2228,1156,1157,6,xor
5,2229,4865,4866,6,xor
5,2230,3904,3905,3,a
5,2231,2730,2731,1,and
5,2232,3100,3101,9,not_xor
5,2233,1821,1822,3,a
5,2234,4167,4168,3,a
5,2235,1435,1436,8,not_or
5,2236,5987,5988,12,not_a
5,2237,705,706,13,implies
5,2238,1106,1107,5,b
5,2239,3199,3200,10,not_b
5,2240,613,614,5,b
5,2241,239,240,3,a
5,2242,5662,5663,6,xor
5,2243,3427,3428,14,not_and
5,2244,2404,2405,1,and
5,2245,837,838,11,implied_by
5,2246,986,987,1,and
5,2247,4779,4780,3,a
5,2248,5575,5576,6,xor
5,2249,3101,3102,1,and
5,2250,3944,3945,6,xor
5,2251,3795,3796,9,not_xor
5,2252,5861,5862,4,not_implied_by
5,2253,2187,2188,9,not_xor
5,2254,2327,2328,3,a
5,2255,5962,5963,3,a
5,2256,3113,3114,14,not_and
5,2257,395,396,10,not_b
5,2258,219,220,11,implied_by
5,2259,2554,2555,6,xor
5,2260,153,154,6,xor
5,2261,13,14,6,xor
5,2262,688,689,6,xor
5,2263,2771,2772,3,a
5,2264,1628,1629,1,and
5,2265,3167,3168,10,not_b
5,2266,3606,3607,5,b
5,2267,2641,2642,9,not_xor
5,2268,3533,3534,12,not_a
5,2269,3418,3419,1,and
5,2270,1716,1717,6,xor
5,2271,4433,4434,12,not_a
5,2272,4399,4400,6,xor
5,2273,3241,3242,9,not_xor
5,2274,1736,1737,9,not_xor
5,2275,3539,3540,6,xor
5,2276,2704,2705,13,implies
5,2277,1254,1255,10,not_b
5,2278,4106,4107,14,not_and
5,2279,5186,5187,6,xor
5,2280,1917,1918,12,not_a
5,2281,4636,4637,7,or
5,2282,3353,3354,5,b
5,2283,4096,4097,4,not_implied_by
5,2284,280,281,9,not_xor
5,2285,595,596,9,not_xor
5,2286,3117,3118,9,not_xor
5,2287,328,329,4,not_implied_by
5,2288,792,793,9,not_xor
5,2289,5492,5493,5,b
5,2290,3466,3467,7,or
5,2291,2128,2129,12,not_a
5,2292,1814,1815,2,not_implies
5,2293,1143,1144,6,xor
5,2294,1549,1550,6,xor
5,2295,4411,4412,8,not_or
5,2296,652,653,9,not_xor
5,2297,5925,5926,2,not_implies
5,2298,5762,5763,6,xor
5,2299,1631,1632,9,not_xor
5,2300,4162,4163,1,and
5,2301,3918,3919,2,not_implies
5,2302,4088,4089,10,not_b
5,2303,1322,1323,10,not_b
5,2304,895,896,6,xor
5,2305,1581,1582,3,a
5,2306,263,264,2,not_implies
5,2307,5209,5210,11,implied_by
5,2308,1243,1244,6,xor
5,2309,1201,1202,8,not_or
5,2310,511,512,6,xor
5,2311,4692,4693,8,not_or
5,2312,3611,3612,12,not_a
5,2313,5509,5510,2,not_implies
5,2314,1428,1429,10,not_b
5,2315,3873,3874,5,b
5,2316,4073,4074,13,implies
5,2317,414,415,3,a
5,2318,5470,5471,3,a
5,2319,966,967,5,b
5,2320,2764,2765,6,xor
5,2321,3707,3708,12,not_a
5,2322,3187,3188,5,b
5,2323,5671,5672,9,not_xor
5,2324,4373,4374,9,not_xor
5,2325,292,293,12,not_a
5,2326,5233,5234,3,a
5,2327,1934,1935,10,not_b
5,2328,440,441,5,b
5,2329,4762,4763,1,and
5,2330,788,789,9,not_xor
5,2331,27,28,2,not_implies
5,2332,691,692,12,not_a
5,2333,5870,5871,14,not_and
5,2334,275,276,3,a
5,2335,1792,1793,8,not_or
5,2336,2255,2256,11,implied_by
5,2337,4030,4031,5,b
5,2338,909,910,10,not_b
5,2339,2783,2784,4,not_implied_by
5,2340,4805,4806,4,not_implied_by
5,2341,4819,4820,9,not_xor
5,2342,1413,1414,7,or
5,2343,5271,5272,3,a
5,2344,2801,2802,2,not_implies
5,2345,5695,5696,10,not_b
5,2346,5568,5569,10,not_b
5,2347,3654,3655,10,not_b
5,2348,4451,4452,6,xor
5,2349,1882,1883,3,a
5,2350,2646,2647,10,not_b
5,2351,4781,4782,1,and
5,2352,1166,1167,9,not_xor
5,2353,3677,3678,12,not_a
5,2354,4242,4243,6,xor
5,2355,5183,5184,12,not_a
5,2356,3648,3649,5,b
5,2357,2521,2522,6,xor
5,2358,507,508,4,not_implied_by
5,2359,1649,1650,5,b
5,2360,1944,1945,5,b
5,2361,3523,3524,3,a
5,2362,1698,1699,6,xor
5,2363,5135,5136,6,xor
5,2364,475,476,10,not_b
5,2365,3426,3427,12,not_a
5,2366,4870,4871,9,not_xor
5,2367,4912,4913,8,not_or
5,2368,2092,2093,7,or
5,2369,3039,3040,9,not_xor
5,2370,5161,5162,10,not_b
5,2371,3702,3703,10,not_b
5,2372,221,222,9,not_xor
5,2373,2379,2380,9,not_xor
5,2374,5329,5330,3,a
5,2375,5272,5273,5,b
5,2376,4949,4950,5,b
5,2377,3104,3105,5,b
5,2378,2927,2928,6,xor
5,2379,711,712,6,xor
5,2380,5119,5120,5,b
5,2381,885,886,4,not_implied_by
5,2382,268,269,12,not_a
5,2383,5131,5132,10,not_b
5,2384,2673,2674,12,not_a
5,2385,5788,5789,3,a
5,2386,3056,3057,14,not_and
5,2387,737,738,6,xor
5,2388,2236,2237,11,implied_by
5,2389,2787,2788,7,or
5,2390,2734,2735,9,not_xor
5,2391,30,31,9,not_xor
5,2392,4669,4670,9,not_xor
5,2393,303,304,10,not_b
5,2394,2816,2817,6,xor
5,2395,3666,3667,6,xor
5,2396,157,158,2,not_implies
5,2397,2803,2804,9,not_xor
5,2398,1551,1552,12,not_a
5,2399,5278,5279,7,or
5,2400,5815,5816,3,a
5,2401,1772,1773,3,a
5,2402,123,124,6,xor
5,2403,5087,5088,3,a
5,2404,2169,2170,10,not_b
5,2405,462,463,9,not_xor
5,2406,5622,5623,12,not_a
5,2407,3370,3371,10,not_b
5,2408,3644,3645,13,implies
5,2409,3170,3171,14,not_and
5,2410,5668,5669,10,not_b
5,2411,3135,3136,10,not_b
5,2412,2535,2536,12,not_a
5,2413,3779,3780,2,not_implies
5,2414,3555,3556,9,not_xor
5,2415,4343,4344,5,b
5,2416,5196,5197,7,or
5,2417,3517,3518,5,b
5,2418,1479,1480,9,not_xor
5,2419,1164,1165,8,not_or
5,2420,2990,2991,6,xor
5,2421,2777,2778,12,not_a
5,2422,81,82,14,not_and
5,2423,3730,3731,6,xor
5,2424,2929,2930,14,not_and
5,2425,4019,4020,3,a
5,2426,1998,1999,6,xor
5,2427,2672,2673,10,not_b
5,2428,4665,4666,10,not_b
5,2429,5312,5313,12,not_a
5,2430,4993,4994,4,not_implied_by
5,2431,4799,4800,9,not_xor
5,2432,4704,4705,5,b
5,2433,5712,5713,12,not_a
5,2434,520,521,9,not_xor
5,2435,4290,4291,9,not_xor
5,2436,3664,3665,12,not_a
5,2437,1047,1048,13,implies
5,2438,214,215,10,not_b
5,2439,4474,4475,9,not_xor
5,2440,1608,1609,5,b
5,2441,1488,1489,6,xor
5,2442,586,587,5,b
5,2443,754,755,8,not_or
5,2444,2586,2587,3,a
5,2445,4818,4819,13,implies
5,2446,5488,5489,3,a
5,2447,5832,5833,9,not_xor
5,2448,2861,2862,9,not_xor
5,2449,96,97,2,not_implies
5,2450,1826,1827,5,b
5,2451,1082,1083,3,a
5,2452,3518,3519,10,not_b
5,2453,5313,5314,3,a
5,2454,713,714,5,b
5,2455,3067,3068,3,a
5,2456,913,914,13,implies
5,2457,5634,5635,6,xor
5,2458,898,899,12,not_a
5,2459,1505,1506,12,not_a
5,2460,3485,3486,13,implies
5,2461,4725,4726,2,not_implies
5,2462,3581,3582,11,implied_by
5,2463,3464,3465,2,not_implies
5,2464,3165,3166,9,not_xor
5,2465,5767,5768,6,xor
5,2466,577,578,9,not_xor
5,2467,5650,5651,3,a
5,2468,5856,5857,12,not_a
5,2469,1637,1638,1,and
5,2470,4264,4265,1,and
5,2471,2505,2506,9,not_xor
5,2472,4913,4914,7,or
5,2473,1385,1386,9,not_xor
5,2474,1752,1753,5,b
5,2475,3993,3994,6,xor
5,2476,5397,5398,9,not_xor
5,2477,5837,5838,9,not_xor
5,2478,5033,5034,6,xor
5,2479,4082,4083,11,implied_by
5,2480,3283,3284,12,not_a
5,2481,1149,1150,12,not_a
5,2482,2378,2379,5,b
5,2483,4878,4879,2,not_implies
5,2484,4979,4980,10,not_b
5,2485,5254,5255,9,not_xor
5,2486,4872,4873,9,not_xor
5,2487,3856,3857,3,a
5,2488,2014,2015,2,not_implies
5,2489,3360,3361,3,a
5,2490,1582,1583,9,not_xor
5,2491,1172,1173,5,b
5,2492,5248,5249,10,not_b
5,2493,2896,2897,6,xor
5,2494,944,945,13,implies
5,2495,3696,3697,12,not_a
5,2496,1372,1373,1,and
5,2497,5044,5045,5,b
5,2498,347,348,6,xor
5,2499,464,465,3,a
5,2500,2099,2100,4,not_implied_by
5,2501,5582,5583,2,not_implies
5,2502,2628,2629,6,xor
5,2503,3568,3569,3,a
5,2504,231,232,9,not_xor
5,2505,4974,4975,1,and
5,2506,1877,1878,6,xor
5,2507,4765,4766,2,not_implies
5,2508,2997,2998,12,not_a
5,2509,4590,4591,1,and
5,2510,508,509,12,not_a
5,2511,5666,5667,9,not_xor
5,2512,2774,2775,6,xor
5,2513,1403,1404,14,not_and
5,2514,807,808,9,not_xor
5,2515,3799,3800,10,not_b
5,2516,5203,5204,6,xor
5,2517,935,936,6,xor
5,2518,2077,2078,10,not_b
5,2519,141,142,9,not_xor
5,2520,2073,2074,6,xor
5,2521,3246,3247,6,xor
5,2522,4034,4035,14,not_and
5,2523,4529,4530,6,xor
5,2524,5720,5721,10,not_b
5,2525,5162,5163,3,a
5,2526,44,45,6,xor
5,2527,5378,5379,3,a
5,2528,4553,4554,13,implies
5,2529,5,6,2,not_implies
5,2530,333,334,10,not_b
5,2531,2181,2182,3,a
5,2532,5440,5441,9,not_xor
5,2533,1219,1220,5,b
5,2534,5226,5227,6,xor
5,2535,5760,5761,7,or
5,2536,1358,1359,12,not_a
5,2537,2566,2567,5,b
5,2538,3935,3936,4,not_implied_by
5,2539,3436,3437,9,not_xor
5,2540,93,94,4,not_implied_by
5,2541,5181,5182,12,not_a
5,2542,4266,4267,9,not_xor
5,2543,3529,3530,10,not_b
5,2544,2713,2714,7,or
5,2545,430,431,5,b
5,2546,5679,5680,9,not_xor
5,2547,4780,4781,12,not_a
5,2548,5223,5224,1,and
5,2549,362,363,9,not_xor
5,2550,1969,1970,3,a
5,2551,2316,2317,9,not_xor
5,2552,194,195,5,b
5,2553,5709,5710,8,not_or
5,2554,3922,3923,3,a
5,2555,311,312,5,b
5,2556,4268,4269,9,not_xor
5,2557,5255,5256,13,implies
5,2558,3149,3150,12,not_a
5,2559,3304,3305,9,not_xor
5,2560,5913,5914,4,not_implied_by
5,2561,3006,3007,8,not_or
5,2562,1492,1493,7,or
5,2563,130,131,4,not_implied_by
5,2564,5886,5887,4,not_implied_by
5,2565,3603,3604,10,not_b
5,2566,751,752,9,not_xor
5,2567,4110,4111,6,xor
5,2568,5591,5592,9,not_xor
5,2569,2369,2370,3,a
5,2570,4929,4930,3,a
5,2571,4822,4823,3,a
5,2572,2047,2048,4,not_implied_by
5,2573,2365,2366,10,not_b
5,2574,3853,3854,13,implies
5,2575,1807,1808,7,or
5,2576,4147,4148,9,not_xor
5,2577,4262,4263,12,not_a
5,2578,3875,3876,9,not_xor
5,2579,755,756,13,implies
5,2580,3895,3896,11,implied_by
5,2581,5646,5647,6,xor
5,2582,3708,3709,3,a
5,2583,5761,5762,6,xor
5,2584,3498,3499,6,xor
5,2585,2087,2088,2,not_implies
5,2586,334,335,9,not_xor
5,2587,5347,5348,10,not_b
5,2588,4700,4701,6,xor
5,2589,4682,4683,9,not_xor
5,2590,1037,1038,9,not_xor
5,2591,4808,4809,3,a
5,2592,4435,4436,6,xor
5,2593,4172,4173,5,b
5,2594,4456,4457,3,a
5,2595,3656,3657,5,b
5,2596,1187,1188,8,not_or
5,2597,1079,1080,12,not_a
5,2598,1109,1110,5,b
5,2599,4749,4750,1,and
5,2600,5644,5645,9,not_xor
5,2601,3178,3179,4,not_implied_by
5,2602,4990,4991,10,not_b
5,2603,3637,3638,2,not_implies
5,2604,4186,4187,5,b
5,2605,1500,1501,14,not_and
5,2606,2931,2932,12,not_a
5,2607,959,960,4,not_implied_by
5,2608,59,60,6,xor
5,2609,1101,1102,12,not_a
5,2610,1860,1861,13,implies
5,2611,2417,2418,3,a
5,2612,1653,1654,9,not_xor
5,2613,154,155,3,a
5,2614,3220,3221,5,b
5,2615,5739,5740,10,not_b
5,2616,3701,3702,10,not_b
5,2617,1931,1932,5,b
5,2618,5476,5477,9,not_xor
5,2619,811,812,4,not_implied_by
5,2620,2302,2303,1,and
5,2621,5859,5860,9,not_xor
5,2622,3932,3933,12,not_a
5,2623,5717,5718,9,not_xor
5,2624,2558,2559,9,not_xor
5,2625,5438,5439,9,not_xor
5,2626,3898,3899,8,not_or
5,2627,5175,5176,5,b
5,2628,1908,1909,2,not_implies
5,2629,5640,5641,1,and
5,2630,5746,5747,13,implies
5,2631,2186,2187,12,not_a
5,2632,2298,2299,10,not_b
5,2633,764,765,12,not_a
5,2634,1640,1641,12,not_a
5,2635,2601,2602,14,not_and
5,2636,2125,2126,9,not_xor
5,2637,5262,5263,8,not_or
5,2638,4359,4360,12,not_a
5,2639,2030,2031,5,b
5,2640,2480,2481,6,xor
5,2641,4348,4349,1,and
5,2642,3035,3036,10,not_b
5,2643,3937,3938,11,implied_by
5,2644,5576,5577,4,not_implied_by
5,2645,1212,1213,7,or
5,2646,5860,5861,13,implies
5,2647,3342,3343,8,not_or
5,2648,2453,2454,12,not_a
5,2649,2955,2956,12,not_a
5,2650,1745,1746,9,not_xor
5,2651,763,764,3,a
5,2652,2733,2734,13,implies
5,2653,287,288,12,not_a
5,2654,1404,1405,1,and
5,2655,8,9,6,xor
5,2656,1590,1591,3,a
5,2657,1921,1922,12,not_a
5,2658,3058,3059,5,b
5,2659,1138,1139,6,xor
5,2660,3065,3066,5,b
5,2661,5048,5049,6,xor
5,2662,3598,3599,6,xor
5,2663,1515,1516,4,not_implied_by
5,2664,2708,2709,6,xor
5,2665,1502,1503,5,b
5,2666,2382,2383,3,a
5,2667,718,719,4,not_implied_by
5,2668,1487,1488,7,or
5,2669,2462,2463,9,not_xor
5,2670,3822,3823,5,b
5,2671,4192,4193,6,xor
5,2672,4414,4415,12,not_a
5,2673,1501,1502,9,not_xor
5,2674,3924,3925,10,not_b
5,2675,5289,5290,11,implied_by
5,2676,3671,3672,12,not_a
5,2677,2802,2803,5,b
5,2678,3548,3549,2,not_implies
5,2679,25,26,6,xor
5,2680,3133,3134,6,xor
5,2681,600,601,6,xor
5,2682,1521,1522,12,not_a
5,2683,2085,2086,2,not_implies
5,2684,5844,5845,6,xor
5,2685,3279,3280,12,not_a
5,2686,4867,4868,4,not_implied_by
5,2687,5377,5378,3,a
5,2688,106,107,7,or
5,2689,4254,4255,7,or
5,2690,4646,4647,3,a
5,2691,2066,2067,5,b
5,2692,133,134,12,not_a
5,2693,5649,5650,13,implies
5,2694,5745,5746,10,not_b
5,2695,4014,4015,9,not_xor
5,2696,4453,4454,4,not_implied_by
5,2697,2594,2595,10,not_b
5,2698,4670,4671,10,not_b
5,2699,3825,3826,9,not_xor
5,2700,3985,3986,9,not_xor
5,2701,2473,2474,5,b
5,2702,1849,1850,4,not_implied_by
5,2703,3239,3240,7,or
5,2704,2784,2785,2,not_implies
5,2705,3424,3425,9,not_xor
5,2706,501,502,4,not_implied_by
5,2707,3408,3409,10,not_b
5,2708,5189,5190,1,and
5,2709,5038,5039,7,or
5,2710,5916,5917,13,implies
5,2711,2610,2611,5,b
5,2712,5182,5183,1,and
5,2713,5045,5046,9,not_xor
5,2714,2648,2649,3,a
5,2715,3310,3311,9,not_xor
5,2716,3766,3767,3,a
5,2717,3840,3841,11,implied_by
5,2718,3662,3663,6,xor
5,2719,5140,5141,9,not_xor
5,2720,3562,3563,10,not_b
5,2721,2660,2661,12,not_a
5,2722,4951,4952,13,implies
5,2723,773,774,3,a
5,2724,5021,5022,5,b
5,2725,3137,3138,6,xor
5,2726,3740,3741,6,xor
5,2727,2590,2591,9,not_xor
5,2728,5149,5150,11,implied_by
5,2729,2159,2160,9,not_xor
5,2730,1169,1170,10,not_b
5,2731,3567,3568,5,b
5,2732,4567,4568,1,and
5,2733,1431,1432,10,not_b
5,2734,5171,5172,7,or
5,2735,5890,5891,1,and
5,2736,858,859,5,b
5,2737,451,452,9,not_xor
5,2738,4351,4352,11,implied_by
5,2739,5400,5401,9,not_xor
5,2740,5137,5138,9,not_xor
5,2741,2925,2926,8,not_or
5,2742,243,244,13,implies
5,2743,3563,3564,12,not_a
5,2744,1457,1458,4,not_implied_by
5,2745,539,540,3,a
5,2746,1367,1368,9,not_xor
5,2747,5560,5561,12,not_a
5,2748,416,417,1,and
5,2749,1620,1621,6,xor
5,2750,4706,4707,3,a
5,2751,3309,3310,5,b
5,2752,1828,1829,8,not_or
5,2753,3747,3748,5,b
5,2754,2922,2923,7,or
5,2755,4861,4862,7,or
5,2756,1822,1823,12,not_a
5,2757,336,337,4,not_implied_by
5,2758,4719,4720,6,xor
5,2759,5388,5389,13,implies
5,2760,223,224,6,xor
5,2761,1147,1148,6,xor
5,2762,4437,4438,8,not_or
5,2763,3315,3316,10,not_b
5,2764,1110,1111,6,xor
5,2765,4985,4986,5,b
5,2766,3131,3132,10,not_b
5,2767,873,874,3,a
5,2768,5373,5374,12,not_a
5,2769,1613,1614,3,a
5,2770,3597,3598,12,not_a
5,2771,5850,5851,6,xor
5,2772,4166,4167,10,not_b
5,2773,765,766,9,not_xor
5,2774,1773,1774,5,b
5,2775,2136,2137,6,xor
5,2776,5092,5093,11,implied_by
5,2777,203,204,14,not_and
5,2778,428,429,10,not_b
5,2779,5823,5824,9,not_xor
5,2780,5118,5119,3,a
5,2781,1914,1915,6,xor
5,2782,1183,1184,9,not_xor
5,2783,284,285,6,xor
5,2784,782,783,9,not_xor
5,2785,77,78,5,b
5,2786,5797,5798,9,not_xor
5,2787,1063,1064,4,not_implied_by
5,2788,5235,5236,4,not_implied_by
5,2789,3251,3252,6,xor
5,2790,623,624,13,implies
5,2791,2979,2980,6,xor
5,2792,5305,5306,4,not_implied_by
5,2793,1891,1892,12,not_a
5,2794,2396,2397,11,implied_by
5,2795,3693,3694,8,not_or
5,2796,4856,4857,12,not_a
5,2797,2676,2677,9,not_xor
5,2798,4033,4034,6,xor
5,2799,2292,2293,4,not_implied_by
5,2800,4023,4024,13,implies
5,2801,3706,3707,6,xor
5,2802,1060,1061,3,a
5,2803,2656,2657,14,not_and
5,2804,4548,4549,6,xor
5,2805,2277,2278,3,a
5,2806,399,400,1,and
5,2807,2034,2035,1,and
5,2808,5635,5636,9,not_xor
5,2809,4448,4449,12,not_a
5,2810,5134,5135,11,implied_by
5,2811,5490,5491,11,implied_by
5,2812,2750,2751,6,xor
5,2813,728,729,6,xor
5,2814,4663,4664,5,b
5,2815,1647,1648,6,xor
5,2816,3014,3015,7,or
5,2817,3460,3461,6,xor
5,2818,1661,1662,3,a
5,2819,5884,5885,10,not_b
5,2820,4060,4061,8,not_or
5,2821,5333,5334,12,not_a
5,2822,1525,1526,12,not_a
5,2823,3481,3482,6,xor
5,2824,3999,4000,1,and
5,2825,1070,1071,6,xor
5,2826,3661,3662,4,not_implied_by
5,2827,3134,3135,13,implies
5,2828,4452,4453,11,implied_by
5,2829,210,211,10,not_b
5,2830,4116,4117,9,not_xor
5,2831,2098,2099,6,xor
5,2832,3590,3591,14,not_and
5,2833,3462,3463,1,and
5,2834,1524,1525,10,not_b
5,2835,1135,1136,6,xor
5,2836,173,174,8,not_or
5,2837,1068,1069,10,not_b
5,2838,551,552,2,not_implies
5,2839,5624,5625,3,a
5,2840,5055,5056,10,not_b
5,2841,2840,2841,6,xor
5,2842,1733,1734,3,a
5,2843,424,425,9,not_xor
5,2844,4717,4718,12,not_a
5,2845,4454,4455,3,a
5,2846,1749,1750,9,not_xor
5,2847,1203,1204,5,b
5,2848,4246,4247,9,not_xor
5,2849,4731,4732,6,xor
5,2850,45,46,9,not_xor
5,2851,1861,1862,6,xor
5,2852,1031,1032,3,a
5,2853,4758,4759,2,not_implies
5,2854,5824,5825,9,not_xor
5,2855,3450,3451,2,not_implies
5,2856,3252,3253,10,not_b
5,2857,377,378,12,not_a
5,2858,4422,4423,5,b
5,2859,1451,1452,6,xor
5,2860,2829,2830,2,not_implies
5,2861,1526,1527,14,not_and
5,2862,1967,1968,9,not_xor
5,2863,630,631,3,a
5,2864,5580,5581,9,not_xor
5,2865,2364,2365,9,not_xor
5,2866,4831,4832,10,not_b
5,2867,76,77,3,a
5,2868,2682,2683,9,not_xor
5,2869,2465,2466,12,not_a
5,2870,559,560,10,not_b
5,2871,4542,4543,11,implied_by
5,2872,2479,2480,9,not_xor
5,2873,743,744,5,b
5,2874,2926,2927,6,xor
5,2875,1258,1259,3,a
5,2876,1869,1870,9,not_xor
5,2877,1704,1705,6,xor
5,2878,78,79,11,implied_by
5,2879,5996,5997,6,xor
5,2880,101,102,12,not_a
5,2881,2075,2076,5,b
5,2882,4680,4681,10,not_b
5,2883,276,277,1,and
5,2884,1815,1816,10,not_b
5,2885,5778,5779,3,a
5,2886,5240,5241,5,b
5,2887,3659,3660,9,not_xor
5,2888,1140,1141,7,or
5,2889,4811,4812,6,xor
5,2890,4957,4958,8,not_or
5,2891,1379,1380,8,not_or
5,2892,1806,1807,7,or
5,2893,374,375,12,not_a
5,2894,3197,3198,6,xor
5,2895,4028,4029,6,xor
5,2896,387,388,10,not_b
5,2897,1671,1672,12,not_a
5,2898,5008,5009,5,b
5,2899,2023,2024,4,not_implied_by
5,2900,5865,5866,12,not_a
5,2901,2241,2242,12,not_a
5,2902,137,138,2,not_implies
5,2903,4522,4523,6,xor
5,2904,2202,2203,6,xor
5,2905,3442,3443,9,not_xor
5,2906,188,189,14,not_and
5,2907,4305,4306,10,not_b
5,2908,2692,2693,5,b
5,2909,2551,2552,9,not_xor
5,2910,4530,4531,10,not_b
5,2911,847,848,7,or
5,2912,4200,4201,10,not_b
5,2913,2045,2046,8,not_or
5,2914,5422,5423,11,implied_by
5,2915,578,579,2,not_implies
5,2916,3049,3050,6,xor
5,2917,606,607,5,b
5,2918,2621,2622,6,xor
5,2919,1417,1418,9,not_xor
5,2920,1198,1199,11,implied_by
5,2921,4361,4362,10,not_b
5,2922,2905,2906,5,b
5,2923,746,747,7,or
5,2924,4195,4196,10,not_b
5,2925,1353,1354,14,not_and
5,2926,1550,1551,10,not_b
5,2927,5307,5308,10,not_b
5,2928,2963,2964,6,xor
5,2929,5833,5834,14,not_and
5,2930,4961,4962,12,not_a
5,2931,5975,5976,10,not_b
5,2932,15,16,8,not_or
5,2933,3223,3224,7,or
5,2934,2436,2437,9,not_xor
5,2935,2214,2215,14,not_and
5,2936,5195,5196,6,xor
5,2937,2634,2635,6,xor
5,2938,4549,4550,4,not_implied_by
5,2939,5915,5916,10,not_b
5,2940,2140,2141,11,implied_by
5,2941,2245,2246,1,and
5,2942,1666,1667,9,not_xor
5,2943,1013,1014,12,not_a
5,2944,488,489,5,b
5,2945,4733,4734,5,b
5,2946,2511,2512,13,implies
5,2947,1273,1274,12,not_a
5,2948,2747,2748,2,not_implies
5,2949,2665,2666,6,xor
5,2950,3786,3787,6,xor
5,2951,2512,2513,2,not_implies
5,2952,4814,4815,14,not_and
5,2953,1317,1318,3,a
5,2954,1376,1377,14,not_and
5,2955,1430,1431,6,xor
5,2956,575,576,10,not_b
5,2957,4540,4541,11,implied_by
5,2958,4718,4719,6,xor
5,2959,3413,3414,10,not_b
5,2960,4341,4342,3,a
5,2961,1411,1412,12,not_a
5,2962,5810,5811,2,not_implies
5,2963,5245,5246,10,not_b
5,2964,4362,4363,13,implies
5,2965,945,946,6,xor
5,2966,4086,4087,3,a
5,2967,5636,5637,5,b
5,2968,2290,2291,12,not_a
5,2969,5875,5876,10,not_b
5,2970,5669,5670,10,not_b
5,2971,1531,1532,9,not_xor
5,2972,2220,2221,9,not_xor
5,2973,2821,2822,9,not_xor
5,2974,2850,2851,6,xor
5,2975,5499,5500,1,and
5,2976,3882,3883,3,a
5,2977,5258,5259,9,not_xor
5,2978,411,412,6,xor
5,2979,2269,2270,12,not_a
5,2980,1145,1146,12,not_a
5,2981,998,999,1,and
5,2982,592,593,6,xor
5,2983,4875,4876,9,not_xor
5,2984,2593,2594,5,b
5,2985,5434,5435,6,xor
5,2986,4323,4324,4,not_implied_by
5,2987,2502,2503,5,b
5,2988,5864,5865,6,xor
5,2989,3073,3074,6,xor
5,2990,1095,1096,3,a
5,2991,5871,5872,5,b
5,2992,4304,4305,4,not_implied_by
5,2993,4181,4182,3,a
5,2994,1284,1285,6,xor
5,2995,5384,5385,6,xor
5,2996,417,418,9,not_xor
5,2997,905,906,10,not_b
5,2998,3685,3686,12,not_a
5,2999,5790,5791,9,not_xor
5,3000,5034,5035,9,not_xor
5,3001,2476,2477,4,not_implied_by
5,3002,3402,3403,8,not_or
5,3003,589,590,12,not_a
5,3004,4249,4250,12,not_a
5,3005,1297,1298,2,not_implies
5,3006,2817,2818,3,a
5,3007,1789,1790,6,xor
5,3008,3544,3545,10,not_b
5,3009,307,308,5,b
5,3010,4339,4340,10,not_b
5,3011,2285,2286,9,not_xor
5,3012,1499,1500,5,b
5,3013,1230,1231,9,not_xor
5,3014,5889,5890,11,implied_by
5,3015,4482,4483,6,xor
5,3016,1951,1952,3,a
5,3017,3082,3083,8,not_or
5,3018,1844,1845,9,not_xor
5,3019,2441,2442,3,a
5,3020,5834,5835,11,implied_by
5,3021,5126,5127,2,not_implies
5,3022,4389,4390,6,xor
5,3023,242,243,10,not_b
5,3024,759,760,5,b
5,3025,2959,2960,9,not_xor
5,3026,3583,3584,5,b
5,3027,4732,4733,6,xor
5,3028,2834,2835,7,or
5,3029,563,564,14,not_and
5,3030,2847,2848,12,not_a
5,3031,4461,4462,6,xor
5,3032,2975,2976,12,not_a
5,3033,1725,1726,10,not_b
5,3034,3990,3991,6,xor
5,3035,4840,4841,5,b
5,3036,4833,4834,7,or
5,3037,1570,1571,5,b
5,3038,3266,3267,3,a
5,3039,5688,5689,10,not_b
5,3040,1188,1189,5,b
5,3041,3088,3089,1,and
5,3042,1905,1906,3,a
5,3043,2691,2692,9,not_xor
5,3044,2971,2972,2,not_implies
5,3045,1438,1439,8,not_or
5,3046,4671,4672,10,not_b
5,3047,438,439,10,not_b
5,3048,2728,2729,6,xor
5,3049,2756,2757,7,or
5,3050,1211,1212,3,a
5,3051,498,499,4,not_implied_by
5,3052,5598,5599,13,implies
5,3053,4714,4715,8,not_or
5,3054,3437,3438,5,b
5,3055,3024,3025,6,xor
5,3056,5002,5003,10,not_b
5,3057,5535,5536,10,not_b
5,3058,2984,2985,12,not_a
5,3059,4450,4451,6,xor
5,3060,4565,4566,14,not_and
5,3061,215,216,4,not_implied_by
5,3062,4803,4804,7,or
5,3063,62,63,10,not_b
5,3064,3800,3801,5,b
5,3065,5444,5445,6,xor
5,3066,155,156,3,a
5,3067,820,821,6,xor
5,3068,402,403,9,not_xor
5,3069,947,948,7,or
5,3070,316,317,10,not_b
5,3071,1334,1335,1,and
5,3072,4559,4560,1,and
5,3073,492,493,5,b
5,3074,4076,4077,12,not_a
5,3075,1432,1433,12,not_a
5,3076,1530,1531,3,a
5,3077,3401,3402,3,a
5,3078,648,649,2,not_implies
5,3079,1034,1035,11,implied_by
5,3080,4738,4739,8,not_or
5,3081,3547,3548,6,xor
5,3082,706,707,10,not_b
5,3083,639,640,12,not_a
5,3084,4164,4165,8,not_or
5,3085,4695,4696,9,not_xor
5,3086,1507,1508,3,a
5,3087,5901,5902,8,not_or
5,3088,3580,3581,2,not_implies
5,3089,5681,5682,8,not_or
5,3090,4107,4108,2,not_implies
5,3091,5206,5207,5,b
5,3092,4853,4854,9,not_xor
5,3093,531,532,3,a
5,3094,1556,1557,4,not_implied_by
5,3095,5188,5189,3,a
5,3096,3881,3882,13,implies
5,3097,427,428,9,not_xor
5,3098,2894,2895,6,xor
5,3099,4269,4270,6,xor
5,3100,3756,3757,10,not_b
5,3101,2657,2658,3,a
5,3102,2058,2059,8,not_or
5,3103,2294,2295,6,xor
5,3104,1708,1709,12,not_a
5,3105,4966,4967,4,not_implied_by
5,3106,2485,2486,14,not_and
5,3107,5301,5302,12,not_a
5,3108,4933,4934,2,not_implies
5,3109,2790,2791,2,not_implies
5,3110,1986,1987,10,not_b
5,3111,2184,2185,3,a
5,3112,1518,1519,3,a
5,3113,2409,2410,7,or
5,3114,4241,4242,4,not_implied_by
5,3115,176,177,5,b
5,3116,5750,5751,5,b
5,3117,2013,2014,3,a
5,3118,5517,5518,2,not_implies
5,3119,3094,3095,1,and
5,3120,2718,2719,6,xor
5,3121,3474,3475,2,not_implies
5,3122,1165,1166,7,or
5,3123,4065,4066,13,implies
5,3124,4752,4753,3,a
5,3125,3987,3988,2,not_implies
5,3126,5985,5986,10,not_b
5,3127,1888,1889,10,not_b
5,3128,2311,2312,1,and
5,3129,3206,3207,7,or
5,3130,2218,2219,3,a
5,3131,4240,4241,14,not_and
5,3132,4684,4685,6,xor
5,3133,798,799,2,not_implies
5,3134,1282,1283,11,implied_by
5,3135,5872,5873,10,not_b
5,3136,2536,2537,12,not_a
5,3137,576,577,1,and
5,3138,2598,2599,9,not_xor
5,3139,3339,3340,6,xor
5,3140,1722,1723,10,not_b
5,3141,2119,2120,4,not_implied_by
5,3142,5408,5409,12,not_a
5,3143,266,267,10,not_b
5,3144,690,691,9,not_xor
5,3145,115,116,1,and
5,3146,2867,2868,3,a
5,3147,262,263,6,xor
5,3148,4842,4843,11,implied_by
5,3149,3845,3846,5,b
5,3150,2429,2430,7,or
5,3151,2039,2040,6,xor
5,3152,4462,4463,6,xor
5,3153,3763,3764,12,not_a
5,3154,971,972,8,not_or
5,3155,2786,2787,6,xor
5,3156,5914,5915,12,not_a
5,3157,2537,2538,0,zero
5,3158,2592,2593,5,b
5,3159,3242,3243,3,a
5,3160,4441,4442,8,not_or
5,3161,5965,5966,1,and
5,3162,1298,1299,10,not_b
5,3163,733,734,10,not_b
5,3164,2611,2612,5,b
5,3165,72,73,4,not_implied_by
5,3166,3725,3726,10,not_b
5,3167,2837,2838,3,a
5,3168,4230,4231,12,not_a
5,3169,5043,5044,5,b
5,3170,119,120,6,xor
5,3171,3227,3228,8,not_or
5,3172,4214,4215,5,b
5,3173,425,426,8,not_or
5,3174,2795,2796,10,not_b
5,3175,4379,4380,6,xor
5,3176,5324,5325,8,not_or
5,3177,2356,2357,12,not_a
5,3178,4834,4835,3,a
5,3179,1541,1542,9,not_xor
5,3180,4006,4007,11,implied_by
5,3181,1726,1727,12,not_a
5,3182,693,694,11,implied_by
5,3183,1850,1851,3,a
5,3184,4784,4785,12,not_a
5,3185,766,767,2,not_implies
5,3186,2568,2569,11,implied_by
5,3187,5345,5346,12,not_a
5,3188,5290,5291,8,not_or
5,3189,3746,3747,8,not_or
5,3190,4544,4545,7,or
5,3191,2541,2542,12,not_a
5,3192,407,408,6,xor
5,3193,5232,5233,5,b
5,3194,2376,2377,6,xor
5,3195,916,917,11,implied_by
5,3196,803,804,14,not_and
5,3197,2319,2320,14,not_and
5,3198,88,89,1,and
5,3199,3382,3383,9,not_xor
5,3200,4854,4855,10,not_b
5,3201,5977,5978,3,a
5,3202,2234,2235,10,not_b
5,3203,4428,4429,5,b
5,3204,1,2,12,not_a
5,3205,4465,4466,5,b
5,3206,5911,5912,3,a
5,3207,5879,5880,2,not_implies
5,3208,5845,5846,5,b
5,3209,5599,5600,11,implied_by
5,3210,2105,2106,13,implies
5,3211,4354,4355,12,not_a
5,3212,1089,1090,3,a
5,3213,702,703,7,or
5,3214,4947,4948,5,b
5,3215,4330,4331,10,not_b
5,3216,1314,1315,14,not_and
5,3217,4835,4836,10,not_b
5,3218,299,300,9,not_xor
5,3219,3030,3031,7,or
5,3220,631,632,6,xor
5,3221,4899,4900,9,not_xor
5,3222,4431,4432,9,not_xor
5,3223,3734,3735,10,not_b
5,3224,4539,4540,10,not_b
5,3225,2524,2525,6,xor
5,3226,1813,1814,6,xor
5,3227,4904,4905,5,b
5,3228,1252,1253,10,not_b
5,3229,28,29,5,b
5,3230,2000,2001,6,xor
5,3231,509,510,3,a
5,3232,5275,5276,10,not_b
5,3233,4475,4476,6,xor
5,3234,1134,1135,1,and
5,3235,5673,5674,1,and
5,3236,5339,5340,4,not_implied_by
5,3237,128,129,3,a
5,3238,288,289,4,not_implied_by
5,3239,934,935,1,and
5,3240,3489,3490,3,a
5,3241,2025,2026,14,not_and
5,3242,5595,5596,9,not_xor
5,3243,2564,2565,9,not_xor
5,3244,3962,3963,12,not_a
5,3245,3947,3948,11,implied_by
5,3246,1331,1332,6,xor
5,3247,5711,5712,7,or
5,3248,801,802,8,not_or
5,3249,2792,2793,12,not_a
5,3250,2842,2843,10,not_b
5,3251,3314,3315,3,a
5,3252,1302,1303,9,not_xor
5,3253,5351,5352,9,not_xor
5,3254,1262,1263,12,not_a
5,3255,2518,2519,6,xor
5,3256,2530,2531,6,xor
5,3257,1496,1497,12,not_a
5,3258,2243,2244,5,b
5,3259,5117,5118,6,xor
5,3260,1199,1200,1,and
5,3261,1955,1956,5,b
5,3262,4934,4935,8,not_or
5,3263,4342,4343,10,not_b
5,3264,2569,2570,9,not_xor
5,3265,525,526,10,not_b
5,3266,5239,5240,5,b
5,3267,3152,3153,10,not_b
5,3268,5308,5309,9,not_xor
5,3269,3830,3831,2,not_implies
5,3270,1239,1240,10,not_b
5,3271,4760,4761,6,xor
5,3272,4209,4210,3,a
5,3273,4521,4522,5,b
5,3274,583,584,14,not_and
5,3275,5581,5582,14,not_and
5,3276,3023,3024,1,and
5,3277,2035,2036,12,not_a
5,3278,4687,4688,12,not_a
5,3279,2680,2681,12,not_a
5,3280,257,258,10,not_b
5,3281,3212,3213,6,xor
5,3282,714,715,10,not_b
5,3283,5674,5675,12,not_a
5,3284,1544,1545,12,not_a
5,3285,1897,1898,3,a
5,3286,3469,3470,2,not_implies
5,3287,3153,3154,8,not_or
5,3288,240,241,3,a
5,3289,1652,1653,10,not_b
5,3290,4138,4139,1,and
5,3291,3467,3468,1,and
5,3292,2033,2034,6,xor
5,3293,5471,5472,13,implies
5,3294,4713,4714,10,not_b
5,3295,3387,3388,9,not_xor
5,3296,2471,2472,9,not_xor
5,3297,3441,3442,2,not_implies
5,3298,4666,4667,3,a
5,3299,883,884,10,not_b
5,3300,1295,1296,5,b
5,3301,4478,4479,10,not_b
5,3302,2515,2516,12,not_a
5,3303,4534,4535,11,implied_by
5,3304,867,868,2,not_implies
5,3305,4467,4468,12,not_a
5,3306,1689,1690,10,not_b
5,3307,2443,2444,10,not_b
5,3308,4984,4985,11,implied_by
5,3309,5279,5280,5,b
5,3310,3145,3146,10,not_b
5,3311,5557,5558,3,a
5,3312,5858,5859,12,not_a
5,3313,2513,2514,9,not_xor
5,3314,3619,3620,12,not_a
5,3315,3324,3325,6,xor
5,3316,3774,3775,12,not_a
5,3317,1462,1463,6,xor
5,3318,5981,5982,5,b
5,3319,741,742,10,not_b
5,3320,3087,3088,3,a
5,3321,2022,2023,9,not_xor
5,3322,301,302,5,b
5,3323,5527,5528,12,not_a
5,3324,2134,2135,8,not_or
5,3325,5185,5186,10,not_b
5,3326,4093,4094,6,xor
5,3327,2139,2140,13,implies
5,3328,5346,5347,1,and
5,3329,2650,2651,3,a
5,3330,4989,4990,6,xor
5,3331,2499,2500,3,a
5,3332,2448,2449,11,implied_by
5,3333,2446,2447,8,not_or
5,3334,3193,3194,2,not_implies
5,3335,1142,1143,7,or
5,3336,1277,1278,6,xor
5,3337,448,449,9,not_xor
5,3338,2727,2728,3,a
5,3339,5370,5371,13,implies
5,3340,1520,1521,4,not_implied_by
5,3341,3397,3398,2,not_implies
5,3342,3931,3932,9,not_xor
5,3343,4228,4229,6,xor
5,3344,2493,2494,11,implied_by
5,3345,1123,1124,13,implies
5,3346,3760,3761,9,not_xor
5,3347,4340,4341,10,not_b
5,3348,3018,3019,10,not_b
5,3349,4604,4605,5,b
5,3350,1599,1600,3,a
5,3351,3762,3763,10,not_b
5,3352,4031,4032,3,a
5,3353,3396,3397,4,not_implied_by
5,3354,5693,5694,5,b
5,3355,721,722,3,a
5,3356,443,444,6,xor
5,3357,4446,4447,10,not_b
5,3358,821,822,5,b
5,3359,3425,3426,5,b
5,3360,385,386,9,not_xor
5,3361,110,111,10,not_b
5,3362,5424,5425,8,not_or
5,3363,5849,5850,11,implied_by
5,3364,2968,2969,1,and
5,3365,523,524,12,not_a
5,3366,1589,1590,3,a
5,3367,3497,3498,10,not_b
5,3368,569,570,10,not_b
5,3369,1008,1009,10,not_b
5,3370,3573,3574,5,b
5,3371,4434,4435,1,and
5,3372,4977,4978,10,not_b
5,3373,56,57,9,not_xor
5,3374,1484,1485,7,or
5,3375,396,397,9,not_xor
5,3376,5951,5952,6,xor
5,3377,5698,5699,3,a
5,3378,5510,5511,5,b
5,3379,2490,2491,9,not_xor
5,3380,3910,3911,14,not_and
5,3381,5244,5245,9,not_xor
5,3382,1458,1459,4,not_implied_by
5,3383,4975,4976,1,and
5,3384,5704,5705,3,a
5,3385,5459,5460,12,not_a
5,3386,2189,2190,3,a
5,3387,1511,1512,9,not_xor
5,3388,3259,3260,3,a
5,3389,4657,4658,5,b
5,3390,1263,1264,3,a
5,3391,4038,4039,3,a
5,3392,319,320,9,not_xor
5,3393,5076,5077,10,not_b
5,3394,4153,4154,10,not_b
5,3395,1842,1843,3,a
5,3396,3025,3026,5,b
5,3397,2814,2815,1,and
5,3398,5728,5729,7,or
5,3399,5361,5362,5,b
5,3400,5783,5784,6,xor
5,3401,40,41,6,xor
5,3402,3428,3429,3,a
5,3403,4059,4060,7,or
5,3404,3454,3455,13,implies
5,3405,622,623,10,not_b
5,3406,5228,5229,5,b
5,3407,5441,5442,3,a
5,3408,2350,2351,5,b
5,3409,635,636,9,not_xor
5,3410,1251,1252,8,not_or
5,3411,5737,5738,3,a
5,3412,4259,4260,3,a
5,3413,564,565,8,not_or
5,3414,5207,5208,2,not_implies
5,3415,4473,4474,5,b
5,3416,1126,1127,13,implies
5,3417,2142,2143,6,xor
5,3418,1423,1424,12,not_a
5,3419,4730,4731,4,not_implied_by
5,3420,4247,4248,9,not_xor
5,3421,5414,5415,4,not_implied_by
5,3422,4978,4979,5,b
5,3423,709,710,6,xor
5,3424,4980,4981,1,and
5,3425,1086,1087,13,implies
5,3426,140,141,9,not_xor
5,3427,2858,2859,4,not_implied_by
5,3428,771,772,1,and
5,3429,4954,4955,2,not_implies
5,3430,1840,1841,9,not_xor
5,3431,1255,1256,5,b
5,3432,955,956,6,xor
5,3433,572,573,6,xor
5,3434,2028,2029,2,not_implies
5,3435,4797,4798,3,a
5,3436,5105,5106,3,a
5,3437,5586,5587,1,and
5,3438,5091,5092,9,not_xor
5,3439,4322,4323,6,xor
5,3440,271,272,8,not_or
5,3441,5579,5580,9,not_xor
5,3442,2301,2302,10,not_b
5,3443,1968,1969,6,xor
5,3444,5103,5104,9,not_xor
5,3445,796,797,4,not_implied_by
5,3446,1735,1736,6,xor
5,3447,3891,3892,2,not_implies
5,3448,891,892,9,not_xor
5,3449,1489,1490,7,or
5,3450,5904,5905,12,not_a
5,3451,178,179,4,not_implied_by
5,3452,3032,3033,3,a
5,3453,3997,3998,12,not_a
5,3454,5742,5743,5,b
5,3455,4279,4280,9,not_xor
5,3456,694,695,9,not_xor
5,3457,359,360,3,a
5,3458,1192,1193,3,a
5,3459,3887,3888,12,not_a
5,3460,1407,1408,8,not_or
5,3461,3647,3648,4,not_implied_by
5,3462,2587,2588,6,xor
5,3463,3236,3237,2,not_implies
5,3464,2195,2196,9,not_xor
5,3465,1718,1719,6,xor
5,3466,2341,2342,5,b
5,3467,4257,4258,3,a
5,3468,2767,2768,3,a
5,3469,4632,4633,9,not_xor
5,3470,1483,1484,9,not_xor
5,3471,2198,2199,5,b
5,3472,3192,3193,1,and
5,3473,3513,3514,10,not_b
5,3474,3700,3701,14,not_and
5,3475,5454,5455,12,not_a
5,3476,967,968,9,not_xor
5,3477,2897,2898,12,not_a
5,3478,4286,4287,9,not_xor
5,3479,3917,3918,2,not_implies
5,3480,5696,5697,12,not_a
5,3481,3802,3803,8,not_or
5,3482,5670,5671,6,xor
5,3483,3961,3962,3,a
5,3484,74,75,8,not_or
5,3485,1116,1117,6,xor
5,3486,2217,2218,12,not_a
5,3487,3653,3654,10,not_b
5,3488,3843,3844,1,and
5,3489,5818,5819,4,not_implied_by
5,3490,3587,3588,4,not_implied_by
5,3491,4532,4533,1,and
5,3492,5194,5195,8,not_or
5,3493,3478,3479,2,not_implies
5,3494,2695,2696,3,a
5,3495,3818,3819,12,not_a
5,3496,183,184,6,xor
5,3497,1249,1250,4,not_implied_by
5,3498,1049,1050,12,not_a
5,3499,209,210,5,b
5,3500,1754,1755,10,not_b
5,3501,1558,1559,1,and
5,3502,1657,1658,10,not_b
5,3503,2278,2279,9,not_xor
5,3504,4400,4401,5,b
5,3505,4436,4437,12,not_a
5,3506,1880,1881,5,b
5,3507,1301,1302,6,xor
5,3508,2052,2053,6,xor
5,3509,4261,4262,5,b
5,3510,477,478,10,not_b
5,3511,1932,1933,12,not_a
5,3512,1517,1518,6,xor
5,3513,3727,3728,12,not_a
5,3514,4383,4384,8,not_or
5,3515,3361,3362,4,not_implied_by
5,3516,1709,1710,5,b
5,3517,5862,5863,6,xor
5,3518,2123,2124,3,a
5,3519,1578,1579,5,b
5,3520,5958,5959,5,b
5,3521,2167,2168,6,xor
5,3522,4603,4604,12,not_a
5,3523,3191,3192,1,and
5,3524,5546,5547,9,not_xor
5,3525,3109,3110,8,not_or
5,3526,4365,4366,14,not_and
5,3527,5941,5942,9,not_xor
5,3528,4610,4611,3,a
5,3529,3711,3712,5,b
5,3530,1805,1806,10,not_b
5,3531,5796,5797,6,xor
5,3532,5929,5930,3,a
5,3533,4524,4525,2,not_implies
5,3534,5136,5137,4,not_implied_by
5,3535,4651,4652,12,not_a
5,3536,3713,3714,5,b
5,3537,1355,1356,3,a
5,3538,2405,2406,3,a
5,3539,2944,2945,8,not_or
5,3540,3005,3006,9,not_xor
5,3541,868,869,4,not_implied_by
5,3542,3457,3458,3,a
5,3543,3892,3893,5,b
5,3544,5343,5344,5,b
5,3545,1195,1196,6,xor
5,3546,174,175,7,or
5,3547,170,171,12,not_a
5,3548,1014,1015,9,not_xor
5,3549,872,873,5,b
5,3550,4675,4676,6,xor
5,3551,2614,2615,4,not_implied_by
5,3552,4705,4706,5,b
5,3553,354,355,3,a
5,3554,1289,1290,9,not_xor
5,3555,827,828,11,implied_by
5,3556,2906,2907,12,not_a
5,3557,5046,5047,6,xor
5,3558,5165,5166,9,not_xor
5,3559,5970,5971,6,xor
5,3560,3622,3623,13,implies
5,3561,1071,1072,12,not_a
5,3562,2664,2665,9,not_xor
5,3563,453,454,12,not_a
5,3564,3858,3859,2,not_implies
5,3565,5898,5899,6,xor
5,3566,5612,5613,12,not_a
5,3567,5110,5111,10,not_b
5,3568,840,841,8,not_or
5,3569,1296,1297,1,and
5,3570,1999,2000,9,not_xor
5,3571,1876,1877,12,not_a
5,3572,5725,5726,3,a
5,3573,3110,3111,12,not_a
5,3574,512,513,6,xor
5,3575,5120,5121,5,b
5,3576,3201,3202,5,b
5,3577,432,433,3,a
5,3578,5298,5299,10,not_b
5,3579,5457,5458,1,and
5,3580,4838,4839,4,not_implied_by
5,3581,519,520,4,not_implied_by
5,3582,1656,1657,3,a
5,3583,3805,3806,5,b
5,3584,4132,4133,3,a
5,3585,5715,5716,5,b
5,3586,5359,5360,4,not_implied_by
5,3587,846,847,6,xor
5,3588,2785,2786,3,a
5,3589,852,853,5,b
5,3590,4329,4330,8,not_or
5,3591,5706,5707,4,not_implied_by
5,3592,1770,1771,9,not_xor
5,3593,4142,4143,5,b
5,3594,2340,2341,3,a
5,3595,3332,3333,4,not_implied_by
5,3596,2849,2850,3,a
5,3597,1938,1939,1,and
5,3598,2371,2372,12,not_a
5,3599,5770,5771,10,not_b
5,3600,431,432,8,not_or
5,3601,2741,2742,9,not_xor
5,3602,861,862,8,not_or
5,3603,5125,5126,2,not_implies
5,3604,1781,1782,5,b
5,3605,1916,1917,8,not_or
5,3606,4488,4489,6,xor
5,3607,2655,2656,9,not_xor
5,3608,2563,2564,1,and
5,3609,1714,1715,13,implies
5,3610,2399,2400,10,not_b
5,3611,5946,5947,12,not_a
5,3612,1078,1079,5,b
5,3613,5604,5605,9,not_xor
5,3614,1706,1707,6,xor
5,3615,4888,4889,10,not_b
5,3616,4231,4232,9,not_xor
5,3617,3403,3404,9,not_xor
5,3618,5835,5836,13,implies
5,3619,3207,3208,14,not_and
5,3620,5122,5123,10,not_b
5,3621,159,160,12,not_a
5,3622,5407,5408,6,xor
5,3623,4527,4528,6,xor
5,3624,3868,3869,14,not_and
5,3625,2843,2844,5,b
5,3626,3395,3396,10,not_b
5,3627,5630,5631,9,not_xor
5,3628,3405,3406,2,not_implies
5,3629,4208,4209,10,not_b
5,3630,121,122,5,b
5,3631,3204,3205,12,not_a
5,3632,1513,1514,6,xor
5,3633,530,531,12,not_a
5,3634,3820,3821,3,a
5,3635,2577,2578,1,and
5,3636,5003,5004,6,xor
5,3637,5608,5609,10,not_b
5,3638,5524,5525,11,implied_by
5,3639,5937,5938,11,implied_by
5,3640,1540,1541,6,xor
5,3641,2389,2390,9,not_xor
5,3642,4877,4878,6,xor
5,3643,1120,1121,5,b
5,3644,4201,4202,5,b
5,3645,2809,2810,12,not_a
5,3646,3394,3395,8,not_or
5,3647,2534,2535,5,b
5,3648,54,55,9,not_xor
5,3649,4558,4559,9,not_xor
5,3650,655,656,5,b
5,3651,1829,1830,6,xor
5,3652,812,813,9,not_xor
5,3653,5073,5074,9,not_xor
5,3654,2820,2821,3,a
5,3655,925,926,14,not_and
5,3656,5042,5043,9,not_xor
5,3657,1022,1023,9,not_xor
5,3658,866,867,12,not_a
5,3659,3051,3052,10,not_b
5,3660,2387,2388,8,not_or
5,3661,2164,2165,10,not_b
5,3662,2209,2210,9,not_xor
5,3663,4927,4928,9,not_xor
5,3664,2572,2573,7,or
5,3665,1328,1329,14,not_and
5,3666,3093,3094,6,xor
5,3667,5302,5303,3,a
5,3668,3848,3849,6,xor
5,3669,1021,1022,10,not_b
5,3670,2716,2717,9,not_xor
5,3671,3577,3578,2,not_implies
5,3672,4406,4407,13,implies
5,3673,4515,4516,8,not_or
5,3674,1603,1604,3,a
5,3675,2597,2598,10,not_b
5,3676,5526,5527,9,not_xor
5,3677,272,273,9,not_xor
5,3678,3248,3249,9,not_xor
5,3679,3496,3497,13,implies
5,3680,4928,4929,7,or
5,3681,2994,2995,8,not_or
5,3682,3459,3460,3,a
5,3683,3815,3816,6,xor
5,3684,1315,1316,15,one
5,3685,3349,3350,9,not_xor
5,3686,515,516,9,not_xor
5,3687,5024,5025,11,implied_by
5,3688,2244,2245,12,not_a
5,3689,179,180,6,xor
5,3690,46,47,11,implied_by
5,3691,5532,5533,13,implies
5,3692,1529,1530,10,not_b
5,3693,2113,2114,6,xor
5,3694,5663,5664,6,xor
5,3695,4885,4886,5,b
5,3696,5952,5953,9,not_xor
5,3697,1912,1913,10,not_b
5,3698,471,472,6,xor
5,3699,3615,3616,9,not_xor
5,3700,3380,3381,14,not_and
5,3701,436,437,5,b
5,3702,1475,1476,14,not_and
5,3703,5567,5568,9,not_xor
5,3704,4308,4309,13,implies
5,3705,4233,4234,6,xor
5,3706,5632,5633,3,a
5,3707,3816,3817,12,not_a
5,3708,5154,5155,4,not_implied_by
5,3709,187,188,9,not_xor
5,3710,5054,5055,3,a
5,3711,403,404,4,not_implied_by
5,3712,4468,4469,5,b
5,3713,331,332,6,xor
5,3714,122,123,3,a
5,3715,2303,2304,10,not_b
5,3716,1157,1158,3,a
5,3717,5282,5283,9,not_xor
5,3718,3855,3856,9,not_xor
5,3719,753,754,6,xor
5,3720,4660,4661,1,and
5,3721,3267,3268,14,not_and
5,3722,1642,1643,6,xor
5,3723,2297,2298,10,not_b
5,3724,590,591,3,a
5,3725,4916,4917,2,not_implies
5,3726,2550,2551,9,not_xor
5,3727,5319,5320,3,a
5,3728,372,373,7,or
5,3729,3546,3547,10,not_b
5,3730,5840,5841,9,not_xor
5,3731,2570,2571,3,a
5,3732,5216,5217,8,not_or
5,3733,1728,1729,9,not_xor
5,3734,5724,5725,2,not_implies
5,3735,4513,4514,14,not_and
5,3736,1179,1180,8,not_or
5,3737,1313,1314,9,not_xor
5,3738,5348,5349,13,implies
5,3739,2884,2885,6,xor
5,3740,1495,1496,9,not_xor
5,3741,3451,3452,7,or
5,3742,4460,4461,6,xor
5,3743,1399,1400,10,not_b
5,3744,4250,4251,6,xor
5,3745,3189,3190,13,implies
5,3746,3927,3928,13,implies
5,3747,4599,4600,6,xor
5,3748,4120,4121,6,xor
5,3749,1705,1706,3,a
5,3750,5931,5932,5,b
5,3751,2497,2498,3,a
5,3752,2492,2493,9,not_xor
5,3753,518,519,9,not_xor
5,3754,1286,1287,12,not_a
5,3755,2358,2359,7,or
5,3756,3695,3696,12,not_a
5,3757,4001,4002,4,not_implied_by
5,3758,3715,3716,6,xor
5,3759,3139,3140,13,implies
5,3760,2951,2952,12,not_a
5,3761,5354,5355,5,b
5,3762,4443,4444,1,and
5,3763,1202,1203,9,not_xor
5,3764,880,881,9,not_xor
5,3765,2402,2403,9,not_xor
5,3766,1443,1444,5,b
5,3767,1794,1795,9,not_xor
5,3768,4564,4565,13,implies
5,3769,465,466,5,b
5,3770,1655,1656,12,not_a
5,3771,3293,3294,6,xor
5,3772,2116,2117,1,and
5,3773,4091,4092,9,not_xor
5,3774,3453,3454,10,not_b
5,3775,4484,4485,6,xor
5,3776,4154,4155,6,xor
5,3777,2312,2313,6,xor
5,3778,3119,3120,11,implied_by
5,3779,1654,1655,2,not_implies
5,3780,2308,2309,12,not_a
5,3781,2818,2819,5,b
5,3782,555,556,12,not_a
5,3783,4111,4112,12,not_a
5,3784,2249,2250,9,not_xor
5,3785,5522,5523,4,not_implied_by
5,3786,1536,1537,10,not_b
5,3787,1730,1731,12,not_a
5,3788,4074,4075,6,xor
5,3789,4946,4947,3,a
5,3790,4151,4152,8,not_or
5,3791,2392,2393,1,and
5,3792,3566,3567,4,not_implied_by
5,3793,2819,2820,9,not_xor
5,3794,447,448,9,not_xor
5,3795,3586,3587,14,not_and
5,3796,5547,5548,13,implies
5,3797,321,322,9,not_xor
5,3798,4711,4712,9,not_xor
5,3799,3751,3752,10,not_b
5,3800,5083,5084,7,or
5,3801,4589,4590,9,not_xor
5,3802,314,315,9,not_xor
5,3803,5876,5877,13,implies
5,3804,2986,2987,9,not_xor
5,3805,3040,3041,9,not_xor
5,3806,1398,1399,4,not_implied_by
5,3807,4083,4084,7,or
5,3808,2248,2249,12,not_a
5,3809,749,750,6,xor
5,3810,5478,5479,9,not_xor
5,3811,5410,5411,4,not_implied_by
5,3812,2546,2547,6,xor
5,3813,32,33,9,not_xor
5,3814,5895,5896,10,not_b
5,3815,3311,3312,14,not_and
5,3816,2101,2102,12,not_a
5,3817,5903,5904,14,not_and
5,3818,5516,5517,9,not_xor
5,3819,460,461,10,not_b
5,3820,994,995,3,a
5,3821,5822,5823,3,a
5,3822,4237,4238,5,b
5,3823,4418,4419,9,not_xor
5,3824,3431,3432,9,not_xor
5,3825,5939,5940,9,not_xor
5,3826,4490,4491,13,implies
5,3827,3127,3128,10,not_b
5,3828,1957,1958,9,not_xor
5,3829,3854,3855,9,not_xor
5,3830,5098,5099,6,xor
5,3831,5253,5254,3,a
5,3832,2133,2134,6,xor
5,3833,781,782,7,or
5,3834,3033,3034,6,xor
5,3835,1612,1613,6,xor
5,3836,2464,2465,10,not_b
5,3837,345,346,10,not_b
5,3838,4925,4926,10,not_b
5,3839,1424,1425,6,xor
5,3840,3154,3155,9,not_xor
5,3841,1480,1481,5,b
5,3842,3674,3675,7,or
5,3843,5213,5214,1,and
5,3844,23,24,7,or
5,3845,5152,5153,10,not_b
5,3846,1161,1162,10,not_b
5,3847,5265,5266,10,not_b
5,3848,4994,4995,11,implied_by
5,3849,2701,2702,6,xor
5,3850,497,498,9,not_xor
5,3851,1851,1852,9,not_xor
5,3852,5431,5432,3,a
5,3853,1121,1122,6,xor
5,3854,1486,1487,8,not_or
5,3855,550,551,4,not_implied_by
5,3856,5395,5396,10,not_b
5,3857,87,88,10,not_b
5,3858,1977,1978,6,xor
5,3859,645,646,5,b
5,3860,2857,2858,8,not_or
5,3861,4026,4027,3,a
5,3862,879,880,9,not_xor
5,3863,1327,1328,10,not_b
5,3864,2415,2416,8,not_or
5,3865,5392,5393,5,b
5,3866,643,644,6,xor
5,3867,2171,2172,5,b
5,3868,1200,1201,3,a
5,3869,5270,5271,11,implied_by
5,3870,5252,5253,12,not_a
5,3871,2205,2206,14,not_and
5,3872,2498,2499,9,not_xor
5,3873,1903,1904,6,xor
5,3874,4626,4627,13,implies
5,3875,4547,4548,7,or
5,3876,1817,1818,6,xor
5,3877,5587,5588,9,not_xor
5,3878,1453,1454,3,a
5,3879,794,795,6,xor
5,3880,2166,2167,9,not_xor
5,3881,5956,5957,12,not_a
5,3882,1824,1825,3,a
5,3883,102,103,9,not_xor
5,3884,5274,5275,9,not_xor
5,3885,2712,2713,3,a
5,3886,717,718,0,zero
5,3887,923,924,9,not_xor
5,3888,696,697,9,not_xor
5,3889,5190,5191,14,not_and
5,3890,1158,1159,10,not_b
5,3891,3525,3526,9,not_xor
5,3892,1184,1185,9,not_xor
5,3893,1838,1839,3,a
5,3894,5645,5646,3,a
5,3895,5141,5142,3,a
5,3896,470,471,9,not_xor
5,3897,4795,4796,5,b
5,3898,2988,2989,6,xor
5,3899,2452,2453,11,implied_by
5,3900,3687,3688,13,implies
5,3901,813,814,5,b
5,3902,363,364,3,a
5,3903,237,238,6,xor
5,3904,3278,3279,10,not_b
5,3905,5723,5724,4,not_implied_by
5,3906,4393,4394,9,not_xor
5,3907,2878,2879,3,a
5,3908,349,350,9,not_xor
5,3909,739,740,11,implied_by
5,3910,1011,1012,10,not_b
5,3911,1797,1798,6,xor
5,3912,3535,3536,7,or
5,3913,2989,2990,12,not_a
5,3914,3863,3864,9,not_xor
5,3915,4163,4164,3,a
5,3916,481,482,9,not_xor
5,3917,3001,3002,9,not_xor
5,3918,5753,5754,10,not_b
5,3919,3808,3809,12,not_a
5,3920,116,117,4,not_implied_by
5,3921,699,700,6,xor
5,3922,4000,4001,14,not_and
5,3923,919,920,6,xor
5,3924,5570,5571,5,b
5,3925,2456,2457,9,not_xor
5,3926,3365,3366,6,xor
5,3927,2403,2404,12,not_a
5,3928,2967,2968,8,not_or
5,3929,1724,1725,1,and
5,3930,3963,3964,12,not_a
5,3931,686,687,9,not_xor
5,3932,1688,1689,5,b
5,3933,5429,5430,10,not_b
5,3934,495,496,3,a
5,3935,337,338,3,a
5,3936,3280,3281,12,not_a
5,3937,114,115,4,not_implied_by
5,3938,1956,1957,12,not_a
5,3939,4508,4509,6,xor
5,3940,2438,2439,5,b
5,3941,1338,1339,4,not_implied_by
5,3942,1468,1469,1,and
5,3943,3217,3218,9,not_xor
5,3944,5445,5446,8,not_or
5,3945,5827,5828,14,not_and
5,3946,842,843,6,xor
5,3947,2361,2362,12,not_a
5,3948,5672,5673,12,not_a
5,3949,79,80,11,implied_by
5,3950,5225,5226,12,not_a
5,3951,1261,1262,2,not_implies
5,3952,3511,3512,11,implied_by
5,3953,4991,4992,3,a
5,3954,3042,3043,3,a
5,3955,5944,5945,9,not_xor
5,3956,772,773,6,xor
5,3957,1231,1232,9,not_xor
5,3958,663,664,12,not_a
5,3959,1737,1738,6,xor
5,3960,2681,2682,9,not_xor
5,3961,4155,4156,8,not_or
5,3962,4321,4322,9,not_xor
5,3963,860,861,3,a
5,3964,556,557,9,not_xor
5,3965,4018,4019,6,xor
5,3966,4198,4199,9,not_xor
5,3967,5224,5225,9,not_xor
5,3968,3733,3734,8,not_or
5,3969,5086,5087,6,xor
5,3970,4800,4801,2,not_implies
5,3971,3545,3546,6,xor
5,3972,2883,2884,8,not_or
5,3973,5983,5984,9,not_xor
5,3974,4008,4009,10,not_b
5,3975,3584,3585,10,not_b
5,3976,3183,3184,6,xor
5,3977,504,505,9,not_xor
5,3978,2288,2289,3,a
5,3979,1648,1649,10,not_b
5,3980,5473,5474,7,or
5,3981,4398,4399,13,implies
5,3982,3738,3739,7,or
5,3983,3492,3493,6,xor
5,3984,5660,5661,6,xor
5,3985,4691,4692,3,a
5,3986,5771,5772,11,implied_by
5,3987,3634,3635,9,not_xor
5,3988,1237,1238,10,not_b
5,3989,2283,2284,10,not_b
5,3990,5638,5639,1,and
5,3991,4638,4639,8,not_or
5,3992,5740,5741,9,not_xor
5,3993,614,615,6,xor
5,3994,896,897,5,b
5,3995,91,92,6,xor
5,3996,3161,3162,5,b
5,3997,4836,4837,13,implies
5,3998,1756,1757,12,not_a
5,3999,5563,5564,2,not_implies
5,4000,844,845,3,a
5,4001,4505,4506,10,not_b
5,4002,637,638,6,xor
5,4003,2132,2133,6,xor
5,4004,1325,1326,4,not_implied_by
5,4005,3629,3630,7,or
5,4006,825,826,9,not_xor
5,4007,4306,4307,10,not_b
5,4008,4771,4772,1,and
5,4009,1879,1880,6,xor
5,4010,5249,5250,12,not_a
5,4011,1996,1997,6,xor
5,4012,57,58,9,not_xor
5,4013,4862,4863,4,not_implied_by
5,4014,2222,2223,12,not_a
5,4015,2106,2107,2,not_implies
5,4016,2889,2890,10,not_b
5,4017,2510,2511,4,not_implied_by
5,4018,1197,1198,9,not_xor
5,4019,1370,1371,5,b
5,4020,2690,2691,12,not_a
5,4021,4644,4645,6,xor
5,4022,608,609,11,implied_by
5,4023,2260,2261,7,or
5,4024,1611,1612,5,b
5,4025,4092,4093,7,or
5,4026,5714,5715,6,xor
5,4027,4227,4228,10,not_b
5,4028,4528,4529,9,not_xor
5,4029,4586,4587,10,not_b
5,4030,4807,4808,3,a
5,4031,5601,5602,9,not_xor
5,4032,4087,4088,5,b
5,4033,1720,1721,9,not_xor
5,4034,5979,5980,3,a
5,4035,573,574,3,a
5,4036,3059,3060,6,xor
5,4037,5428,5429,10,not_b
5,4038,3624,3625,9,not_xor
5,4039,4608,4609,6,xor
5,4040,4094,4095,6,xor
5,4041,668,669,12,not_a
5,4042,5123,5124,9,not_xor
5,4043,2107,2108,6,xor
5,4044,5655,5656,6,xor
5,4045,1493,1494,11,implied_by
5,4046,3013,3014,11,implied_by
5,4047,1290,1291,9,not_xor
5,4048,3512,3513,12,not_a
5,4049,5900,5901,0,zero
5,4050,67,68,6,xor
5,4051,1036,1037,6,xor
5,4052,3972,3973,6,xor
5,4053,97,98,5,b
5,4054,4020,4021,12,not_a
5,4055,5554,5555,6,xor
5,4056,646,647,6,xor
5,4057,5694,5695,9,not_xor
5,4058,1256,1257,12,not_a
5,4059,638,639,11,implied_by
5,4060,4712,4713,12,not_a
5,4061,5326,5327,12,not_a
5,4062,2689,2690,10,not_b
5,4063,138,139,6,xor
5,4064,3362,3363,9,not_xor
5,4065,2408,2409,9,not_xor
5,4066,255,256,12,not_a
5,4067,338,339,10,not_b
5,4068,4915,4916,4,not_implied_by
5,4069,4790,4791,14,not_and
5,4070,2855,2856,4,not_implied_by
5,4071,810,811,12,not_a
5,4072,2015,2016,14,not_and
5,4073,98,99,2,not_implies
5,4074,5936,5937,6,xor
5,4075,4538,4539,11,implied_by
5,4076,1669,1670,14,not_and
5,4077,1141,1142,9,not_xor
5,4078,3312,3313,7,or
5,4079,2477,2478,13,implies
5,4080,4012,4013,9,not_xor
5,4081,4728,4729,10,not_b
5,4082,5687,5688,6,xor
5,4083,4869,4870,9,not_xor
5,4084,3901,3902,13,implies
5,4085,624,625,6,xor
5,4086,2527,2528,13,implies
5,4087,3286,3287,3,a
5,4088,3731,3732,3,a
5,4089,2401,2402,9,not_xor
5,4090,186,187,5,b
5,4091,3271,3272,5,b
5,4092,3238,3239,10,not_b
5,4093,3521,3522,10,not_b
5,4094,1600,1601,4,not_implied_by
5,4095,107,108,11,implied_by
5,4096,4402,4403,3,a
5,4097,521,522,6,xor
5,4098,649,650,10,not_b
5,4099,5685,5686,11,implied_by
5,4100,2474,2475,9,not_xor
5,4101,3158,3159,6,xor
5,4102,3923,3924,8,not_or
5,4103,907,908,3,a
5,4104,1994,1995,9,not_xor
5,4105,5617,5618,6,xor
5,4106,309,310,3,a
5,4107,2351,2352,12,not_a
5,4108,3823,3824,3,a
5,4109,285,286,10,not_b
5,4110,113,114,9,not_xor
5,4111,5079,5080,9,not_xor
5,4112,2137,2138,5,b
5,4113,5923,5924,6,xor
5,4114,5360,5361,6,xor
5,4115,5341,5342,9,not_xor
5,4116,3665,3666,12,not_a
5,4117,1387,1388,4,not_implied_by
5,4118,712,713,5,b
5,4119,2846,2847,9,not_xor
5,4120,2540,2541,6,xor
5,4121,4662,4663,6,xor
5,4122,1091,1092,12,not_a
5,4123,2804,2805,3,a
5,4124,1449,1450,12,not_a
5,4125,4755,4756,6,xor
5,4126,2609,2610,6,xor
5,4127,2304,2305,12,not_a
5,4128,4005,4006,8,not_or
5,4129,937,938,13,implies
5,4130,2391,2392,3,a
5,4131,838,839,3,a
5,4132,4288,4289,7,or
5,4133,3531,3532,3,a
5,4134,5029,5030,6,xor
5,4135,3308,3309,9,not_xor
5,4136,662,663,2,not_implies
5,4137,1846,1847,6,xor
5,4138,1701,1702,2,not_implies
5,4139,2962,2963,3,a
5,4140,4631,4632,14,not_and
5,4141,917,918,5,b
5,4142,3886,3887,3,a
5,4143,5955,5956,2,not_implies
5,4144,252,253,6,xor
5,4145,1831,1832,10,not_b
5,4146,4627,4628,5,b
5,4147,1633,1634,13,implies
5,4148,2579,2580,6,xor
5,4149,4135,4136,9,not_xor
5,4150,3077,3078,12,not_a
5,4151,5465,5466,6,xor
5,4152,1816,1817,6,xor
5,4153,596,597,2,not_implies
5,4154,2618,2619,9,not_xor
5,4155,4982,4983,12,not_a
5,4156,921,922,5,b
5,4157,585,586,9,not_xor
5,4158,2425,2426,5,b
5,4159,4940,4941,5,b
5,4160,3953,3954,9,not_xor
5,4161,405,406,7,or
5,4162,1119,1120,14,not_and
5,4163,3556,3557,6,xor
5,4164,5369,5370,9,not_xor
5,4165,2011,2012,12,not_a
5,4166,3689,3690,11,implied_by
5,4167,1276,1277,6,xor
5,4168,4683,4684,9,not_xor
5,4169,4932,4933,12,not_a
5,4170,5088,5089,3,a
5,4171,3504,3505,9,not_xor
5,4172,82,83,5,b
5,4173,5070,5071,6,xor
5,4174,2006,2007,10,not_b
5,4175,5257,5258,6,xor
5,4176,1464,1465,10,not_b
5,4177,89,90,11,implied_by
5,4178,3642,3643,8,not_or
5,4179,4144,4145,10,not_b
5,4180,965,966,6,xor
5,4181,5306,5307,13,implies
5,4182,3705,3706,9,not_xor
5,4183,664,665,13,implies
5,4184,2864,2865,6,xor
5,4185,5009,5010,5,b
5,4186,2671,2672,9,not_xor
5,4187,5948,5949,6,xor
5,4188,2263,2264,6,xor
5,4189,4722,4723,13,implies
5,4190,4010,4011,6,xor
5,4191,3514,3515,6,xor
5,4192,2830,2831,6,xor
5,4193,1336,1337,12,not_a
5,4194,5811,5812,13,implies
5,4195,2873,2874,2,not_implies
5,4196,5736,5737,3,a
5,4197,4003,4004,6,xor
5,4198,3255,3256,10,not_b
5,4199,2832,2833,6,xor
5,4200,4623,4624,6,xor
5,4201,848,849,0,zero
5,4202,5967,5968,2,not_implies
5,4203,502,503,7,or
5,4204,4143,4144,6,xor
5,4205,1343,1344,3,a
5,4206,1629,1630,1,and
5,4207,3950,3951,10,not_b
5,4208,2501,2502,6,xor
5,4209,493,494,9,not_xor
5,4210,1240,1241,6,xor
5,4211,5116,5117,8,not_or
5,4212,2583,2584,1,and
5,4213,2553,2554,6,xor
5,4214,5035,5036,2,not_implies
5,4215,3022,3023,5,b
5,4216,2353,2354,9,not_xor
5,4217,4584,4585,10,not_b
5,4218,1782,1783,12,not_a
5,4219,2810,2811,12,not_a
5,4220,341,342,13,implies
5,4221,886,887,6,xor
5,4222,970,971,4,not_implied_by
5,4223,1604,1605,10,not_b
5,4224,2455,2456,10,not_b
5,4225,1051,1052,3,a
5,4226,35,36,6,xor
5,4227,2615,2616,3,a
5,4228,4,5,10,not_b
5,4229,5082,5083,2,not_implies
5,4230,1687,1688,14,not_and
5,4231,4024,4025,6,xor
5,4232,581,582,3,a
5,4233,4176,4177,9,not_xor
5,4234,4815,4816,11,implied_by
5,4235,5665,5666,5,b
5,4236,593,594,10,not_b
5,4237,3948,3949,9,not_xor
5,4238,3398,3399,4,not_implied_by
5,4239,17,18,3,a
5,4240,1748,1749,12,not_a
5,4241,4252,4253,2,not_implies
5,4242,1009,1010,3,a
5,4243,1679,1680,2,not_implies
5,4244,233,234,3,a
5,4245,132,133,1,and
5,4246,819,820,12,not_a
5,4247,1028,1029,2,not_implies
5,4248,3438,3439,5,b
5,4249,3938,3939,10,not_b
5,4250,5538,5539,14,not_and
5,4251,2702,2703,9,not_xor
5,4252,5986,5987,9,not_xor
5,4253,4930,4931,8,not_or
5,4254,1841,1842,11,implied_by
5,4255,3982,3983,6,xor
5,4256,5902,5903,8,not_or
5,4257,4265,4266,12,not_a
5,4258,2659,2660,1,and
5,4259,4976,4977,12,not_a
5,4260,3420,3421,10,not_b
5,4261,5442,5443,2,not_implies
5,4262,1958,1959,3,a
5,4263,3776,3777,10,not_b
5,4264,4735,4736,6,xor
5,4265,2576,2577,6,xor
5,4266,4066,4067,12,not_a
5,4267,3714,3715,4,not_implied_by
5,4268,1354,1355,9,not_xor
5,4269,5170,5171,6,xor
5,4270,3600,3601,10,not_b
5,4271,1836,1837,12,not_a
5,4272,4425,4426,11,implied_by
5,4273,4744,4745,12,not_a
5,4274,4415,4416,3,a
5,4275,3194,3195,6,xor
5,4276,4328,4329,9,not_xor
5,4277,4004,4005,10,not_b
5,4278,3520,3521,11,implied_by
5,4279,2329,2330,4,not_implied_by
5,4280,129,130,12,not_a
5,4281,1380,1381,7,or
5,4282,3105,3106,2,not_implies
5,4283,3946,3947,12,not_a
5,4284,158,159,10,not_b
5,4285,4139,4140,12,not_a
5,4286,5825,5826,1,and
5,4287,1697,1698,7,or
5,4288,621,622,9,not_xor
5,4289,3372,3373,9,not_xor
5,4290,3148,3149,9,not_xor
5,4291,3208,3209,9,not_xor
5,4292,2118,2119,8,not_or
5,4293,1622,1623,4,not_implied_by
5,4294,4832,4833,5,b
5,4295,786,787,6,xor
5,4296,177,178,2,not_implies
5,4297,2742,2743,6,xor
5,4298,769,770,6,xor
5,4299,957,958,4,not_implied_by
5,4300,5427,5428,1,and
5,4301,4258,4259,10,not_b
5,4302,5325,5326,1,and
5,4303,2934,2935,2,not_implies
5,4304,5922,5923,5,b
5,4305,295,296,10,not_b
5,4306,5446,5447,6,xor
5,4307,2714,2715,5,b
5,4308,2972,2973,5,b
5,4309,5659,5660,5,b
5,4310,2965,2966,6,xor
5,4311,552,553,12,not_a
5,4312,5177,5178,9,not_xor
5,4313,3052,3053,10,not_b
5,4314,557,558,4,not_implied_by
5,4315,725,726,7,or
5,4316,2262,2263,3,a
5,4317,4921,4922,12,not_a
5,4318,3692,3693,6,xor
5,4319,4041,4042,10,not_b
5,4320,5502,5503,10,not_b
5,4321,1988,1989,1,and
5,4322,1832,1833,10,not_b
5,4323,1337,1338,5,b
5,4324,1758,1759,6,xor
5,4325,2212,2213,3,a
5,4326,2824,2825,3,a
5,4327,3068,3069,3,a
5,4328,4372,4373,5,b
5,4329,2359,2360,10,not_b
5,4330,5059,5060,5,b
5,4331,4578,4579,8,not_or
5,4332,3329,3330,12,not_a
5,4333,951,952,3,a
5,4334,5501,5502,8,not_or
5,4335,3344,3345,3,a
5,4336,3649,3650,12,not_a
5,4337,3214,3215,1,and
5,4338,55,56,4,not_implied_by
5,4339,4248,4249,1,and
5,4340,5550,5551,3,a
5,4341,4057,4058,12,not_a
5,4342,1635,1636,1,and
5,4343,2239,2240,13,implies
5,4344,3281,3282,9,not_xor
5,4345,4099,4100,5,b
5,4346,2912,2913,10,not_b
5,4347,1365,1366,2,not_implies
5,4348,2421,2422,8,not_or
5,4349,779,780,1,and
5,4350,2375,2376,3,a
5,4351,5475,5476,3,a
5,4352,3472,3473,10,not_b
5,4353,1471,1472,5,b
5,4354,2366,2367,5,b
5,4355,1703,1704,13,implies
5,4356,5328,5329,4,not_implied_by
5,4357,4937,4938,5,b
5,4358,3260,3261,9,not_xor
5,4359,1150,1151,10,not_b
5,4360,26,27,6,xor
5,4361,4611,4612,8,not_or
5,4362,4581,4582,6,xor
5,4363,674,675,12,not_a
5,4364,2603,2604,2,not_implies
5,4365,1039,1040,12,not_a
5,4366,946,947,8,not_or
5,4367,3507,3508,12,not_a
5,4368,927,928,9,not_xor
5,4369,3880,3881,6,xor
5,4370,5363,5364,5,b
5,4371,1995,1996,4,not_implied_by
5,4372,163,164,9,not_xor
5,4373,5533,5534,9,not_xor
5,4374,4052,4053,1,and
5,4375,2872,2873,4,not_implied_by
5,4376,3839,3840,6,xor
5,4377,2973,2974,9,not_xor
5,4378,2679,2680,10,not_b
5,4379,1392,1393,10,not_b
5,4380,3072,3073,5,b
5,4381,4889,4890,8,not_or
5,4382,3316,3317,8,not_or
5,4383,1362,1363,5,b
5,4384,1859,1860,3,a
5,4385,2330,2331,3,a
5,4386,2191,2192,2,not_implies
5,4387,3422,3423,11,implied_by
5,4388,5625,5626,1,and
5,4389,599,600,3,a
5,4390,3572,3573,8,not_or
5,4391,2706,2707,1,and
5,4392,633,634,9,not_xor
5,4393,864,865,3,a
5,4394,1154,1155,9,not_xor
5,4395,37,38,9,not_xor
5,4396,4924,4925,5,b
5,4397,542,543,9,not_xor
5,4398,5664,5665,5,b
5,4399,1643,1644,10,not_b
5,4400,5919,5920,4,not_implied_by
5,4401,3290,3291,1,and
5,4402,1883,1884,9,not_xor
5,4403,1382,1383,4,not_implied_by
5,4404,658,659,1,and
5,4405,2516,2517,7,or
5,4406,1621,1622,8,not_or
5,4407,1235,1236,10,not_b
5,4408,2223,2224,12,not_a
5,4409,147,148,12,not_a
5,4410,2578,2579,9,not_xor
5,4411,1190,1191,10,not_b
5,4412,1020,1021,2,not_implies
5,4413,5940,5941,7,or
5,4414,4054,4055,4,not_implied_by
5,4415,4563,4564,1,and
5,4416,216,217,9,not_xor
5,4417,4716,4717,4,not_implied_by
5,4418,1594,1595,10,not_b
5,4419,4597,4598,6,xor
5,4420,2688,2689,11,implied_by
5,4421,4860,4861,12,not_a
5,4422,4213,4214,10,not_b
5,4423,1099,1100,14,not_and
5,4424,1481,1482,9,not_xor
5,4425,5013,5014,10,not_b
5,4426,433,434,5,b
5,4427,4334,4335,8,not_or
5,4428,5613,5614,12,not_a
5,4429,4577,4578,12,not_a
5,4430,5031,5032,8,not_or
5,4431,3755,3756,2,not_implies
5,4432,4813,4814,5,b
5,4433,1769,1770,3,a
5,4434,4472,4473,5,b
5,4435,3844,3845,10,not_b
5,4436,4002,4003,4,not_implied_by
5,4437,1866,1867,10,not_b
5,4438,3209,3210,3,a
5,4439,5543,5544,10,not_b
5,4440,2229,2230,6,xor
5,4441,3986,3987,9,not_xor
5,4442,1623,1624,1,and
5,4443,5863,5864,9,not_xor
5,4444,3777,3778,5,b
5,4445,16,17,4,not_implied_by
5,4446,2721,2722,2,not_implies
5,4447,3540,3541,10,not_b
5,4448,1552,1553,8,not_or
5,4449,1118,1119,9,not_xor
5,4450,2696,2697,6,xor
5,4451,3983,3984,2,not_implies
5,4452,5063,5064,5,b
5,4453,672,673,3,a
5,4454,2799,2800,6,xor
5,4455,3724,3725,6,xor
5,4456,3002,3003,5,b
5,4457,5461,5462,3,a
5,4458,375,376,9,not_xor
5,4459,5297,5298,10,not_b
5,4460,2815,2816,1,and
5,4461,2606,2607,5,b
5,4462,1734,1735,3,a
5,4463,2638,2639,5,b
5,4464,4445,4446,10,not_b
5,4465,881,882,5,b
5,4466,388,389,5,b
5,4467,3244,3245,5,b
5,4468,3966,3967,9,not_xor
5,4469,3132,3133,10,not_b
5,4470,3168,3169,1,and
5,4471,3508,3509,1,and
5,4472,5775,5776,9,not_xor
5,4473,5482,5483,4,not_implied_by
5,4474,2760,2761,9,not_xor
5,4475,4369,4370,5,b
5,4476,2879,2880,11,implied_by
5,4477,1872,1873,3,a
5,4478,2484,2485,1,and
5,4479,2508,2509,12,not_a
5,4480,3156,3157,10,not_b
5,4481,1129,1130,6,xor
5,4482,4639,4640,3,a
5,4483,3116,3117,4,not_implied_by
5,4484,4134,4135,13,implies
5,4485,1414,1415,10,not_b
5,4486,3607,3608,6,xor
5,4487,1686,1687,9,not_xor
5,4488,1069,1070,5,b
5,4489,1012,1013,1,and
5,4490,4798,4799,12,not_a
5,4491,826,827,3,a
5,4492,4634,4635,1,and
5,4493,220,221,3,a
5,4494,4999,5000,3,a
5,4495,1113,1114,10,not_b
5,4496,2920,2921,12,not_a
5,4497,4197,4198,8,not_or
5,4498,2046,2047,2,not_implies
5,4499,1040,1041,1,and
5,4500,3826,3827,5,b
5,4501,3806,3807,4,not_implied_by
5,4502,5061,5062,8,not_or
5,4503,4429,4430,8,not_or
5,4504,707,708,12,not_a
5,4505,4300,4301,9,not_xor
5,4506,4998,4999,4,not_implied_by
5,4507,1015,1016,3,a
5,4508,4388,4389,1,and
5,4509,5839,5840,11,implied_by
5,4510,3234,3235,7,or
5,4511,490,491,13,implies
5,4512,1485,1486,4,not_implied_by
5,4513,2384,2385,5,b
5,4514,5321,5322,11,implied_by
5,4515,5816,5817,9,not_xor
5,4516,4786,4787,6,xor
5,4517,4128,4129,1,and
5,4518,5327,5328,2,not_implies
5,4519,3608,3609,2,not_implies
5,4520,5768,5769,4,not_implied_by
5,4521,4220,4221,4,not_implied_by
5,4522,5616,5617,10,not_b
5,4523,2467,2468,1,and
5,4524,1646,1647,5,b
5,4525,4852,4853,6,xor
5,4526,3355,3356,10,not_b
5,4527,3218,3219,1,and
5,4528,799,800,10,not_b
5,4529,4289,4290,3,a
5,4530,1307,1308,6,xor
5,4531,5486,5487,6,xor
5,4532,4763,4764,12,not_a
5,4533,2012,2013,5,b
5,4534,1864,1865,6,xor
5,4535,3564,3565,10,not_b
5,4536,3307,3308,4,not_implied_by
5,4537,4129,4130,2,not_implies
5,4538,875,876,10,not_b
5,4539,19,20,14,not_and
5,4540,1681,1682,5,b
5,4541,1700,1701,3,a
5,4542,988,989,12,not_a
5,4543,4255,4256,10,not_b
5,4544,2636,2637,3,a
5,4545,1695,1696,3,a
5,4546,2097,2098,8,not_or
5,4547,4394,4395,9,not_xor
5,4548,1306,1307,1,and
5,4549,5896,5897,2,not_implies
5,4550,1381,1382,10,not_b
5,4551,3788,3789,5,b
5,4552,5430,5431,6,xor
5,4553,4284,4285,5,b
5,4554,3516,3517,9,not_xor
5,4555,4653,4654,2,not_implies
5,4556,3684,3685,12,not_a
5,4557,1316,1317,10,not_b
5,4558,1555,1556,3,a
5,4559,4040,4041,9,not_xor
5,4560,4796,4797,2,not_implies
5,4561,3965,3966,12,not_a
5,4562,1609,1610,9,not_xor
5,4563,5735,5736,9,not_xor
5,4564,685,686,2,not_implies
5,4565,4371,4372,1,and
5,4566,1383,1384,9,not_xor
5,4567,1854,1855,5,b
5,4568,2253,2254,3,a
5,4569,2072,2073,6,xor
5,4570,1167,1168,9,not_xor
5,4571,4449,4450,4,not_implied_by
5,4572,4009,4010,5,b
5,4573,198,199,9,not_xor
5,4574,445,446,6,xor
5,4575,3835,3836,9,not_xor
5,4576,1208,1209,13,implies
5,4577,1092,1093,12,not_a
5,4578,5320,5321,5,b
5,4579,3434,3435,2,not_implies
5,4580,783,784,5,b
5,4581,4137,4138,3,a
5,4582,3585,3586,6,xor
5,4583,5807,5808,5,b
5,4584,2605,2606,1,and
5,4585,3551,3552,5,b
5,4586,5280,5281,9,not_xor
5,4587,830,831,10,not_b
5,4588,3764,3765,5,b
5,4589,4345,4346,3,a
5,4590,3842,3843,1,and
5,4591,36,37,1,and
5,4592,2626,2627,5,b
5,4593,2717,2718,9,not_xor
5,4594,2562,2563,12,not_a
5,4595,1384,1385,7,or
5,4596,2208,2209,8,not_or
5,4597,4021,4022,9,not_xor
5,4598,1173,1174,6,xor
5,4599,5367,5368,5,b
5,4600,2644,2645,3,a
5,4601,273,274,14,not_and
5,4602,3335,3336,1,and
5,4603,3294,3295,12,not_a
5,4604,3506,3507,10,not_b
5,4605,5337,5338,9,not_xor
5,4606,80,81,12,not_a
5,4607,2216,2217,11,implied_by
5,4608,4175,4176,9,not_xor
5,4609,5130,5131,2,not_implies
5,4610,258,259,6,xor
5,4611,5618,5619,4,not_implied_by
5,4612,3722,3723,2,not_implies
5,4613,2321,2322,12,not_a
5,4614,2374,2375,6,xor
5,4615,889,890,12,not_a
5,4616,3976,3977,12,not_a
5,4617,5344,5345,13,implies
5,4618,2273,2274,5,b
5,4619,3301,3302,2,not_implies
5,4620,4827,4828,13,implies
5,4621,2630,2631,12,not_a
5,4622,632,633,2,not_implies
5,4623,5718,5719,13,implies
5,4624,2432,2433,12,not_a
5,4625,5153,5154,1,and
5,4626,1738,1739,6,xor
5,4627,5452,5453,10,not_b
5,4628,1132,1133,9,not_xor
5,4629,1837,1838,12,not_a
5,4630,4495,4496,6,xor
5,4631,5481,5482,12,not_a
5,4632,5667,5668,9,not_xor
5,4633,2710,2711,3,a
5,4634,1961,1962,9,not_xor
5,4635,3480,3481,10,not_b
5,4636,4424,4425,9,not_xor
5,4637,4874,4875,4,not_implied_by
5,4638,1638,1639,2,not_implies
5,4639,3604,3605,9,not_xor
5,4640,684,685,7,or
5,4641,2431,2432,2,not_implies
5,4642,3912,3913,8,not_or
5,4643,2307,2308,9,not_xor
5,4644,5795,5796,9,not_xor
5,4645,415,416,6,xor
5,4646,1415,1416,9,not_xor
5,4647,2211,2212,5,b
5,4648,486,487,9,not_xor
5,4649,1105,1106,5,b
5,4650,1482,1483,7,or
5,4651,22,23,2,not_implies
5,4652,1553,1554,12,not_a
5,4653,3411,3412,9,not_xor
5,4654,3984,3985,10,not_b
5,4655,1497,1498,6,xor
5,4656,2779,2780,9,not_xor
5,4657,2161,2162,6,xor
5,4658,4761,4762,6,xor
5,4659,24,25,5,b
5,4660,5701,5702,2,not_implies
5,4661,4602,4603,10,not_b
5,4662,2412,2413,12,not_a
5,4663,2286,2287,10,not_b
5,4664,1350,1351,9,not_xor
5,4665,1494,1495,6,xor
5,4666,2096,2097,6,xor
5,4667,949,950,9,not_xor
5,4668,3046,3047,5,b
5,4669,568,569,5,b
5,4670,609,610,8,not_or
5,4671,3384,3385,12,not_a
5,4672,756,757,12,not_a
5,4673,1222,1223,2,not_implies
5,4674,2645,2646,9,not_xor
5,4675,1004,1005,12,not_a
5,4676,3884,3885,5,b
5,4677,5256,5257,12,not_a
5,4678,1335,1336,1,and
5,4679,1532,1533,2,not_implies
5,4680,3351,3352,7,or
5,4681,5357,5358,10,not_b
5,4682,5448,5449,1,and
5,4683,2054,2055,4,not_implied_by
5,4684,3455,3456,3,a
5,4685,2173,2174,7,or
5,4686,3841,3842,5,b
5,4687,378,379,10,not_b
5,4688,5350,5351,5,b
5,4689,3759,3760,8,not_or
5,4690,1867,1868,9,not_xor
5,4691,558,559,5,b
5,4692,3510,3511,11,implied_by
5,4693,2960,2961,10,not_b
5,4694,3827,3828,3,a
5,4695,3872,3873,2,not_implies
5,4696,419,420,10,not_b
5,4697,3616,3617,6,xor
5,4698,4133,4134,3,a
5,4699,4159,4160,10,not_b
5,4700,5277,5278,5,b
5,4701,3421,3422,12,not_a
5,4702,1510,1511,9,not_xor
5,4703,1386,1387,8,not_or
5,4704,200,201,8,not_or
5,4705,5603,5604,6,xor
5,4706,2729,2730,4,not_implied_by
5,4707,4816,4817,5,b
5,4708,2100,2101,1,and
5,4709,2949,2950,4,not_implied_by
5,4710,318,319,2,not_implies
5,4711,5620,5621,12,not_a
5,4712,246,247,5,b
5,4713,2117,2118,2,not_implies
5,4714,2911,2912,2,not_implies
5,4715,1694,1695,3,a
5,4716,3838,3839,2,not_implies
5,4717,5819,5820,12,not_a
5,4718,5221,5222,10,not_b
5,4719,4271,4272,12,not_a
5,4720,2050,2051,10,not_b
5,4721,5562,5563,10,not_b
5,4722,1466,1467,13,implies
5,4723,4793,4794,6,xor
5,4724,2267,2268,12,not_a
5,4725,4376,4377,1,and
5,4726,4720,4721,6,xor
5,4727,871,872,8,not_or
5,4728,2699,2700,1,and
5,4729,1987,1988,12,not_a
5,4730,383,384,6,xor
5,4731,2507,2508,9,not_xor
5,4732,993,994,4,not_implied_by
5,4733,2813,2814,1,and
5,4734,4562,4563,1,and
5,4735,3735,3736,9,not_xor
5,4736,516,517,12,not_a
5,4737,3832,3833,9,not_xor
5,4738,3579,3580,9,not_xor
5,4739,780,781,2,not_implies
5,4740,389,390,10,not_b
5,4741,5243,5244,9,not_xor
5,4742,5143,5144,5,b
5,4743,2040,2041,6,xor
5,4744,339,340,12,not_a
5,4745,3549,3550,9,not_xor
5,4746,2683,2684,9,not_xor
5,4747,5018,5019,4,not_implied_by
5,4748,2722,2723,13,implies
5,4749,218,219,6,xor
5,4750,4972,4973,0,zero
5,4751,4352,4353,9,not_xor
5,4752,1853,1854,12,not_a
5,4753,118,119,12,not_a
5,4754,4801,4802,1,and
5,4755,1303,1304,5,b
5,4756,3096,3097,9,not_xor
5,4757,4390,4391,8,not_or
5,4758,1771,1772,5,b
5,4759,747,748,13,implies
5,4760,3392,3393,9,not_xor
5,4761,5506,5507,3,a
5,4762,382,383,9,not_xor
5,4763,5866,5867,9,not_xor
5,4764,1568,1569,5,b
5,4765,692,693,5,b
5,4766,313,314,6,xor
5,4767,4218,4219,1,and
5,4768,5758,5759,9,not_xor
5,4769,1819,1820,6,xor
5,4770,2631,2632,6,xor
5,4771,3216,3217,6,xor
5,4772,4032,4033,11,implied_by
5,4773,5036,5037,12,not_a
5,4774,463,464,8,not_or
5,4775,1153,1154,2,not_implies
5,4776,3744,3745,5,b
5,4777,533,534,9,not_xor
5,4778,421,422,12,not_a
5,4779,1299,1300,8,not_or
5,4780,3716,3717,1,and
5,4781,1947,1948,10,not_b
5,4782,5323,5324,6,xor
5,4783,560,561,2,not_implies
5,4784,2334,2335,5,b
5,4785,3377,3378,6,xor
5,4786,1796,1797,6,xor
5,4787,5800,5801,12,not_a
5,4788,3936,3937,6,xor
5,4789,580,581,4,not_implied_by
5,4790,4037,4038,6,xor
5,4791,4075,4076,8,not_or
5,4792,2463,2464,10,not_b
5,4793,1711,1712,8,not_or
5,4794,972,973,2,not_implies
5,4795,809,810,3,a
5,4796,5467,5468,3,a
5,4797,5868,5869,4,not_implied_by
5,4798,3683,3684,6,xor
5,4799,538,539,7,or
5,4800,4112,4113,9,not_xor
5,4801,4378,4379,12,not_a
5,4802,2805,2806,14,not_and
5,4803,1056,1057,9,not_xor
5,4804,4987,4988,12,not_a
5,4805,5731,5732,5,b
5,4806,1586,1587,9,not_xor
5,4807,4320,4321,9,not_xor
5,4808,2969,2970,9,not_xor
5,4809,4158,4159,12,not_a
5,4810,1104,1105,3,a
5,4811,4140,4141,10,not_b
5,4812,5242,5243,8,not_or
5,4813,356,357,10,not_b
5,4814,736,737,5,b
5,4815,3075,3076,4,not_implied_by
5,4816,1066,1067,4,not_implied_by
5,4817,708,709,3,a
5,4818,300,301,13,implies
5,4819,4295,4296,5,b
5,4820,833,834,14,not_and
5,4821,774,775,3,a
5,4822,1784,1785,5,b
5,4823,2162,2163,1,and
5,4824,5566,5567,11,implied_by
5,4825,5014,5015,6,xor
5,4826,4858,4859,3,a
5,4827,2469,2470,5,b
5,4828,5075,5076,14,not_and
5,4829,2853,2854,2,not_implies
5,4830,5899,5900,6,xor
5,4831,5267,5268,12,not_a
5,4832,1801,1802,9,not_xor
5,4833,5068,5069,6,xor
5,4834,4772,4773,6,xor
5,4835,5897,5898,10,not_b
5,4836,5921,5922,9,not_xor
5,4837,4845,4846,5,b
5,4838,2561,2562,9,not_xor
5,4839,814,815,3,a
5,4840,3008,3009,9,not_xor
5,4841,3996,3997,12,not_a
5,4842,878,879,9,not_xor
5,4843,1715,1716,11,implied_by
5,4844,5148,5149,7,or
5,4845,4278,4279,9,not_xor
5,4846,1742,1743,8,not_or
5,4847,3465,3466,6,xor
5,4848,2761,2762,10,not_b
5,4849,4945,4946,9,not_xor
5,4850,1426,1427,10,not_b
5,4851,2295,2296,9,not_xor
5,4852,3663,3664,6,xor
5,4853,5513,5514,13,implies
5,4854,1308,1309,6,xor
5,4855,2509,2510,3,a
5,4856,4826,4827,6,xor
5,4857,5588,5589,1,and
5,4858,3558,3559,9,not_xor
5,4859,2221,2222,10,not_b
5,4860,5539,5540,6,xor
5,4861,1218,1219,14,not_and
5,4862,1702,1703,6,xor
5,4863,68,69,10,not_b
5,4864,1795,1796,5,b
5,4865,294,295,6,xor
5,4866,3482,3483,6,xor
5,4867,2275,2276,13,implies
5,4868,3785,3786,6,xor
5,4869,2322,2323,1,and
5,4870,1562,1563,9,not_xor
5,4871,1962,1963,12,not_a
5,4872,1396,1397,3,a
5,4873,5831,5832,10,not_b
5,4874,5784,5785,5,b
5,4875,3925,3926,5,b
5,4876,4817,4818,3,a
5,4877,3078,3079,1,and
5,4878,4598,4599,3,a
5,4879,877,878,12,not_a
5,4880,3348,3349,5,b
5,4881,1884,1885,12,not_a
5,4882,4063,4064,3,a
5,4883,4992,4993,4,not_implied_by
5,4884,1216,1217,5,b
5,4885,924,925,12,not_a
5,4886,2596,2597,13,implies
5,4887,1890,1891,9,not_xor
5,4888,5480,5481,3,a
5,4889,1026,1027,12,not_a
5,4890,4501,4502,2,not_implies
5,4891,4253,4254,12,not_a
5,4892,348,349,5,b
5,4893,1073,1074,12,not_a
5,4894,4708,4709,14,not_and
5,4895,2021,2022,12,not_a
5,4896,4080,4081,3,a
5,4897,3053,3054,12,not_a
5,4898,3809,3810,12,not_a
5,4899,66,67,10,not_b
5,4900,5828,5829,12,not_a
5,4901,3247,3248,9,not_xor
5,4902,4871,4872,7,or
5,4903,2048,2049,2,not_implies
5,4904,5643,5644,2,not_implies
5,4905,3773,3774,3,a
5,4906,344,345,9,not_xor
5,4907,4864,4865,9,not_xor
5,4908,4727,4728,3,a
5,4909,2807,2808,12,not_a
5,4910,997,998,5,b
5,4911,1584,1585,6,xor
5,4912,1017,1018,3,a
5,4913,3712,3713,3,a
5,4914,4397,4398,3,a
5,4915,3282,3283,10,not_b
5,4916,3303,3304,9,not_xor
5,4917,3366,3367,3,a
5,4918,999,1000,9,not_xor
5,4919,51,52,12,not_a
5,4920,3285,3286,10,not_b
5,4921,2687,2688,6,xor
5,4922,2001,2002,13,implies
5,4923,3235,3236,11,implied_by
5,4924,1433,1434,2,not_implies
5,4925,1130,1131,3,a
5,4926,2394,2395,9,not_xor
5,4927,2348,2349,3,a
5,4928,900,901,14,not_and
5,4929,4981,4982,2,not_implies
5,4930,5726,5727,6,xor
5,4931,3383,3384,5,b
5,4932,2254,2255,4,not_implied_by
5,4933,3288,3289,14,not_and
5,4934,217,218,7,or
5,4935,3477,3478,4,not_implied_by
5,4936,3668,3669,3,a
5,4937,2859,2860,4,not_implied_by
5,4938,3012,3013,6,xor
5,4939,2296,2297,10,not_b
5,4940,2019,2020,13,implies
5,4941,660,661,2,not_implies
5,4942,3522,3523,10,not_b
5,4943,254,255,3,a
5,4944,3016,3017,1,and
5,4945,897,898,11,implied_by
5,4946,992,993,7,or
5,4947,409,410,5,b
5,4948,1245,1246,12,not_a
5,4949,1194,1195,4,not_implied_by
5,4950,1048,1049,12,not_a
5,4951,3331,3332,10,not_b
5,4952,1946,1947,8,not_or
5,4953,4890,4891,10,not_b
5,4954,4486,4487,9,not_xor
5,4955,4778,4779,6,xor
5,4956,3933,3934,12,not_a
5,4957,3452,3453,14,not_and
5,4958,3389,3390,13,implies
5,4959,3188,3189,5,b
5,4960,172,173,7,or
5,4961,3007,3008,6,xor
5,4962,420,421,3,a
5,4963,2697,2698,3,a
5,4964,212,213,8,not_or
5,4965,5310,5311,3,a
5,4966,2038,2039,7,or
5,4967,224,225,6,xor
5,4968,1437,1438,9,not_xor
5,4969,3345,3346,4,not_implied_by
5,4970,2719,2720,14,not_and
5,4971,2367,2368,8,not_or
5,4972,526,527,10,not_b
5,4973,2160,2161,13,implies
5,4974,2542,2543,4,not_implied_by
5,4975,2658,2659,8,not_or
5,4976,3287,3288,10,not_b
5,4977,3979,3980,10,not_b
5,4978,2062,2063,6,xor
5,4979,4499,4500,12,not_a
5,4980,5353,5354,10,not_b
5,4981,5169,5170,11,implied_by
5,4982,2196,2197,9,not_xor
5,4983,4344,4345,13,implies
5,4984,3376,3377,10,not_b
5,4985,1341,1342,3,a
5,4986,2707,2708,4,not_implied_by
5,4987,4420,4421,12,not_a
5,4988,548,549,8,not_or
5,4989,665,666,10,not_b
5,4990,4630,4631,1,and
5,4991,1125,1126,5,b
5,4992,2743,2744,5,b
5,4993,2418,2419,12,not_a
5,4994,168,169,14,not_and
5,4995,3095,3096,6,xor
5,4996,5241,5242,10,not_b
5,4997,5541,5542,2,not_implies
5,4998,3847,3848,9,not_xor
5,4999,1160,1161,14,not_and
5,5000,1080,1081,9,not_xor
5,5001,1052,1053,7,or
5,5002,4776,4777,2,not_implies
5,5003,1455,1456,6,xor
5,5004,5544,5545,6,xor
5,5005,5842,5843,12,not_a
5,5006,1727,1728,1,and
5,5007,2020,2021,10,not_b
5,5008,3374,3375,3,a
5,5009,1508,1509,9,not_xor
5,5010,1000,1001,13,implies
5,5011,3503,3504,10,not_b
5,5012,2069,2070,3,a
5,5013,4234,4235,6,xor
5,5014,3038,3039,3,a
5,5015,2282,2283,3,a
5,5016,5519,5520,6,xor
5,5017,4851,4852,5,b
5,5018,1776,1777,12,not_a
5,5019,5144,5145,6,xor
5,5020,2016,2017,5,b
5,5021,1410,1411,9,not_xor
5,5022,5642,5643,5,b
5,5023,1523,1524,6,xor
5,5024,4942,4943,9,not_xor
5,5025,3569,3570,14,not_and
5,5026,5382,5383,3,a
5,5027,5555,5556,9,not_xor
5,5028,4496,4497,12,not_a
5,5029,5633,5634,8,not_or
5,5030,4294,4295,12,not_a
5,5031,2059,2060,10,not_b
5,5032,2880,2881,9,not_xor
5,5033,2335,2336,11,implied_by
5,5034,3036,3037,10,not_b
5,5035,5528,5529,7,or
5,5036,2231,2232,10,not_b
5,5037,3787,3788,10,not_b
5,5038,1215,1216,12,not_a
5,5039,3433,3434,1,and
5,5040,4035,4036,5,b
5,5041,4686,4687,9,not_xor
5,5042,3069,3070,9,not_xor
5,5043,2271,2272,12,not_a
5,5044,171,172,2,not_implies
5,5045,3988,3989,2,not_implies
5,5046,3378,3379,5,b
5,5047,5060,5061,10,not_b
5,5048,3909,3910,3,a
5,5049,4131,4132,9,not_xor
5,5050,4353,4354,7,or
5,5051,734,735,13,implies
5,5052,5812,5813,4,not_implied_by
5,5053,4347,4348,5,b
5,5054,661,662,6,xor
5,5055,5288,5289,1,and
5,5056,2055,2056,11,implied_by
5,5057,3978,3979,14,not_and
5,5058,2500,2501,9,not_xor
5,5059,4525,4526,5,b
5,5060,5016,5017,12,not_a
5,5061,3336,3337,12,not_a
5,5062,1504,1505,3,a
5,5063,5466,5467,9,not_xor
5,5064,164,165,1,and
5,5065,4307,4308,9,not_xor
5,5066,1408,1409,3,a
5,5067,4084,4085,9,not_xor
5,5068,1910,1911,10,not_b
5,5069,1124,1125,9,not_xor
5,5070,5752,5753,6,xor
5,5071,381,382,11,implied_by
5,5072,5015,5016,10,not_b
5,5073,517,518,3,a
5,5074,4648,4649,9,not_xor
5,5075,4366,4367,6,xor
5,5076,1964,1965,7,or
5,5077,1043,1044,10,not_b
5,5078,3557,3558,2,not_implies
5,5079,704,705,2,not_implies
5,5080,3044,3045,9,not_xor
5,5081,94,95,8,not_or
5,5082,745,746,14,not_and
5,5083,4184,4185,5,b
5,5084,3831,3832,2,not_implies
5,5085,3599,3600,7,or
5,5086,3852,3853,5,b
5,5087,2491,2492,4,not_implied_by
5,5088,5932,5933,12,not_a
5,5089,4161,4162,2,not_implies
5,5090,4315,4316,4,not_implied_by
5,5091,682,683,5,b
5,5092,5451,5452,12,not_a
5,5093,3406,3407,10,not_b
5,5094,3484,3485,6,xor
5,5095,4911,4912,13,implies
5,5096,4855,4856,3,a
5,5097,2918,2919,1,and
5,5098,117,118,1,and
5,5099,3213,3214,2,not_implies
5,5100,109,110,14,not_and
5,5101,3273,3274,9,not_xor
5,5102,2063,2064,6,xor
5,5103,3765,3766,5,b
5,5104,617,618,10,not_b
5,5105,2678,2679,9,not_xor
5,5106,4664,4665,5,b
5,5107,800,801,5,b
5,5108,5912,5913,2,not_implies
5,5109,105,106,7,or
5,5110,4146,4147,6,xor
5,5111,4879,4880,12,not_a
5,5112,4829,4830,3,a
5,5113,4426,4427,9,not_xor
5,5114,1904,1905,5,b
5,5115,680,681,11,implied_by
5,5116,1565,1566,10,not_b
5,5117,1281,1282,13,implies
5,5118,4025,4026,9,not_xor
5,5119,3846,3847,9,not_xor
5,5120,2580,2581,13,implies
5,5121,1992,1993,1,and
5,5122,3973,3974,8,not_or
5,5123,5957,5958,5,b
5,5124,2765,2766,5,b
5,5125,253,254,4,not_implied_by
5,5126,1991,1992,5,b
5,5127,1775,1776,2,not_implies
5,5128,5702,5703,9,not_xor
5,5129,1857,1858,12,not_a
5,5130,5959,5960,6,xor
5,5131,2921,2922,12,not_a
5,5132,2362,2363,12,not_a
5,5133,582,583,12,not_a
5,5134,5589,5590,10,not_b
5,5135,5780,5781,3,a
5,5136,2324,2325,5,b
5,5137,1765,1766,2,not_implies
5,5138,3810,3811,13,implies
5,5139,2420,2421,13,implies
5,5140,1061,1062,6,xor
5,5141,738,739,3,a
5,5142,2738,2739,4,not_implied_by
5,5143,5294,5295,5,b
5,5144,2766,2767,11,implied_by
5,5145,2503,2504,3,a
5,5146,2293,2294,5,b
5,5147,2744,2745,3,a
5,5148,3249,3250,10,not_b
5,5149,1547,1548,3,a
5,5150,2228,2229,12,not_a
5,5151,5505,5506,1,and
5,5152,4287,4288,6,xor
5,5153,4382,4383,6,xor
5,5154,1465,1466,12,not_a
5,5155,3440,3441,9,not_xor
5,5156,3021,3022,10,not_b
5,5157,865,866,3,a
5,5158,3617,3618,14,not_and
5,5159,996,997,14,not_and
5,5160,5908,5909,5,b
5,5161,379,380,5,b
5,5162,5155,5156,1,and
5,5163,5976,5977,12,not_a
5,5164,3264,3265,3,a
5,5165,2651,2652,5,b
5,5166,4212,4213,3,a
5,5167,4070,4071,8,not_or
5,5168,1800,1801,5,b
5,5169,808,809,5,b
5,5170,3291,3292,1,and
5,5171,306,307,3,a
5,5172,933,934,5,b
5,5173,3184,3185,6,xor
5,5174,144,145,10,not_b
5,5175,3726,3727,7,or
5,5176,3319,3320,5,b
5,5177,920,921,1,and
5,5178,3317,3318,10,not_b
5,5179,1319,1320,12,not_a
5,5180,2531,2532,6,xor
5,5181,2826,2827,6,xor
5,5182,70,71,5,b
5,5183,1210,1211,14,not_and
5,5184,5878,5879,3,a
5,5185,1257,1258,5,b
5,5186,529,530,3,a
5,5187,4605,4606,9,not_xor
5,5188,5648,5649,5,b
5,5189,3140,3141,3,a
5,5190,3034,3035,12,not_a
5,5191,38,39,3,a
5,5192,392,393,5,b
5,5193,3943,3944,11,implied_by
5,5194,1607,1608,6,xor
5,5195,1461,1462,10,not_b
5,5196,7,8,10,not_b
5,5197,5515,5516,3,a
5,5198,2956,2957,13,implies
5,5199,818,819,3,a
5,5200,2827,2828,10,not_b
5,5201,4742,4743,14,not_and
5,5202,2736,2737,9,not_xor
5,5203,2700,2701,8,not_or
5,5204,2102,2103,5,b
5,5205,1075,1076,3,a
5,5206,4125,4126,12,not_a
5,5207,5115,5116,6,xor
5,5208,4944,4945,10,not_b
5,5209,2619,2620,3,a
5,5210,724,725,14,not_and
5,5211,4710,4711,9,not_xor
5,5212,3652,3653,3,a
5,5213,4487,4488,10,not_b
5,5214,4672,4673,3,a
5,5215,5293,5294,4,not_implied_by
5,5216,281,282,9,not_xor
5,5217,1368,1369,13,implies
5,5218,75,76,8,not_or
5,5219,1692,1693,5,b
5,5220,5286,5287,5,b
5,5221,5809,5810,11,implied_by
5,5222,3302,3303,1,and
5,5223,3667,3668,5,b
5,5224,1459,1460,14,not_and
5,5225,4617,4618,7,or
5,5226,4696,4697,1,and
5,5227,3753,3754,13,implies
5,5228,4507,4508,4,not_implied_by
5,5229,3321,3322,2,not_implies
5,5230,5097,5098,10,not_b
5,5231,3122,3123,12,not_a
5,5232,3530,3531,3,a
5,5233,2450,2451,10,not_b
5,5234,3107,3108,13,implies
5,5235,3196,3197,9,not_xor
5,5236,2496,2497,11,implied_by
5,5237,892,893,3,a
5,5238,1181,1182,12,not_a
5,5239,5047,5048,6,xor
5,5240,5078,5079,10,not_b
5,5241,1062,1063,5,b
5,5242,5349,5350,12,not_a
5,5243,3231,3232,7,or
5,5244,3185,3186,1,and
5,5245,1241,1242,9,not_xor
5,5246,444,445,10,not_b
5,5247,4699,4700,12,not_a
5,5248,1084,1085,10,not_b
5,5249,5251,5252,6,xor
5,5250,1744,1745,7,or
5,5251,3169,3170,1,and
5,5252,790,791,9,not_xor
5,5253,5881,5882,12,not_a
5,5254,2454,2455,9,not_xor
5,5255,3528,3529,10,not_b
5,5256,3177,3178,8,not_or
5,5257,184,185,4,not_implied_by
5,5258,5263,5264,12,not_a
5,5259,3970,3971,7,or
5,5260,4072,4073,5,b
5,5261,5112,5113,6,xor
5,5262,4823,4824,12,not_a
5,5263,4337,4338,3,a
5,5264,2737,2738,10,not_b
5,5265,2435,2436,6,xor
5,5266,1625,1626,13,implies
5,5267,3613,3614,6,xor
5,5268,5227,5228,5,b
5,5269,2259,2260,3,a
5,5270,5998,5999,5,b
5,5271,4938,4939,9,not_xor
5,5272,1122,1123,3,a
5,5273,2416,2417,11,implied_by
5,5274,5691,5692,9,not_xor
5,5275,1478,1479,2,not_implies
5,5276,2556,2557,0,zero
5,5277,468,469,4,not_implied_by
5,5278,4901,4902,6,xor
5,5279,5158,5159,1,and
5,5280,1503,1504,5,b
5,5281,3163,3164,12,not_a
5,5282,4740,4741,4,not_implied_by
5,5283,4810,4811,5,b
5,5284,2041,2042,4,not_implied_by
5,5285,1779,1780,10,not_b
5,5286,4594,4595,10,not_b
5,5287,2895,2896,3,a
5,5288,3719,3720,9,not_xor
5,5289,5498,5499,10,not_b
5,5290,671,672,11,implied_by
5,5291,5387,5388,12,not_a
5,5292,4196,4197,11,implied_by
5,5293,4152,4153,10,not_b
5,5294,2091,2092,6,xor
5,5295,1802,1803,7,or
5,5296,1557,1558,12,not_a
5,5297,1830,1831,12,not_a
5,5298,1394,1395,6,xor
5,5299,1029,1030,7,or
5,5300,5066,5067,3,a
5,5301,4572,4573,9,not_xor
5,5302,1498,1499,11,implied_by
5,5303,1032,1033,6,xor
5,5304,5852,5853,5,b
5,5305,2177,2178,3,a
5,5306,4690,4691,3,a
5,5307,2780,2781,11,implied_by
5,5308,4960,4961,6,xor
5,5309,3015,3016,12,not_a
5,5310,1373,1374,3,a
5,5311,5037,5038,10,not_b
5,5312,5631,5632,12,not_a
5,5313,2201,2202,6,xor
5,5314,5943,5944,6,xor
5,5315,5205,5206,9,not_xor
5,5316,3851,3852,2,not_implies
5,5317,3097,3098,12,not_a
5,5318,1618,1619,3,a
5,5319,3554,3555,10,not_b
5,5320,1007,1008,3,a
5,5321,4270,4271,8,not_or
5,5322,4077,4078,6,xor
5,5323,1196,1197,5,b
5,5324,3957,3958,11,implied_by
5,5325,360,361,13,implies
5,5326,4293,4294,14,not_and
5,5327,4969,4970,10,not_b
5,5328,5050,5051,5,b
5,5329,5039,5040,6,xor
5,5330,4556,4557,2,not_implies
5,5331,1083,1084,3,a
5,5332,2442,2443,4,not_implied_by
5,5333,943,944,10,not_b
5,5334,5990,5991,12,not_a
5,5335,3269,3270,1,and
5,5336,4788,4789,6,xor
5,5337,5010,5011,12,not_a
5,5338,4497,4498,5,b
5,5339,2991,2992,5,b
5,5340,904,905,10,not_b
5,5341,2715,2716,12,not_a
5,5342,1227,1228,8,not_or
5,5343,3761,3762,8,not_or
5,5344,4679,4680,10,not_b
5,5345,408,409,9,not_xor
5,5346,1894,1895,3,a
5,5347,2086,2087,9,not_xor
5,5348,4613,4614,4,not_implied_by
5,5349,5463,5464,3,a
5,5350,5156,5157,9,not_xor
5,5351,2782,2783,10,not_b
5,5352,5754,5755,10,not_b
5,5353,4512,4513,1,and
5,5354,2300,2301,5,b
5,5355,3327,3328,6,xor
5,5356,2755,2756,10,not_b
5,5357,1259,1260,5,b
5,5358,5447,5448,10,not_b
5,5359,2954,2955,6,xor
5,5360,5683,5684,9,not_xor
5,5361,2044,2045,5,b
5,5362,5052,5053,11,implied_by
5,5363,2150,2151,10,not_b
5,5364,2985,2986,9,not_xor
5,5365,2930,2931,8,not_or
5,5366,5269,5270,13,implies
5,5367,527,528,10,not_b
5,5368,574,575,7,or
5,5369,1146,1147,12,not_a
5,5370,2600,2601,6,xor
5,5371,5234,5235,3,a
5,5372,969,970,5,b
5,5373,4370,4371,6,xor
5,5374,726,727,8,not_or
5,5375,3869,3870,10,not_b
5,5376,1833,1834,12,not_a
5,5377,4090,4091,12,not_a
5,5378,5851,5852,6,xor
5,5379,3495,3496,12,not_a
5,5380,5786,5787,11,implied_by
5,5381,4880,4881,9,not_xor
5,5382,92,93,9,not_xor
5,5383,675,676,3,a
5,5384,2325,2326,10,not_b
5,5385,5793,5794,3,a
5,5386,400,401,10,not_b
5,5387,5817,5818,3,a
5,5388,5095,5096,5,b
5,5389,3410,3411,13,implies
5,5390,5590,5591,12,not_a
5,5391,4182,4183,12,not_a
5,5392,5405,5406,13,implies
5,5393,4210,4211,11,implied_by
5,5394,1645,1646,3,a
5,5395,3907,3908,3,a
5,5396,2197,2198,1,and
5,5397,1440,1441,14,not_and
5,5398,3638,3639,14,not_and
5,5399,679,680,5,b
5,5400,3476,3477,5,b
5,5401,5854,5855,10,not_b
5,5402,4520,4521,10,not_b
5,5403,3992,3993,12,not_a
5,5404,5479,5480,7,or
5,5405,960,961,7,or
5,5406,853,854,2,not_implies
5,5407,4910,4911,5,b
5,5408,85,86,2,not_implies
5,5409,5705,5706,6,xor
5,5410,1094,1095,6,xor
5,5411,5192,5193,5,b
5,5412,410,411,12,not_a
5,5413,4824,4825,14,not_and
5,5414,1191,1192,5,b
5,5415,4384,4385,4,not_implied_by
5,5416,4955,4956,6,xor
5,5417,3645,3646,7,or
5,5418,195,196,9,not_xor
5,5419,4676,4677,10,not_b
5,5420,4274,4275,5,b
5,5421,1827,1828,9,not_xor
5,5422,3536,3537,4,not_implied_by
5,5423,2078,2079,6,xor
5,5424,1559,1560,6,xor
5,5425,2103,2104,9,not_xor
5,5426,2395,2396,1,and
5,5427,3930,3931,5,b
5,5428,540,541,12,not_a
5,5429,3915,3916,9,not_xor
5,5430,4410,4411,12,not_a
5,5431,2520,2521,6,xor
5,5432,4641,4642,3,a
5,5433,4011,4012,6,xor
5,5434,1712,1713,9,not_xor
5,5435,5777,5778,12,not_a
5,5436,1055,1056,12,not_a
5,5437,1573,1574,5,b
5,5438,5062,5063,9,not_xor
5,5439,5435,5436,1,and
5,5440,980,981,3,a
5,5441,2445,2446,2,not_implies
5,5442,5040,5041,6,xor
5,5443,5692,5693,9,not_xor
5,5444,3409,3410,3,a
5,5445,5894,5895,8,not_or
5,5446,4917,4918,4,not_implied_by
5,5447,3354,3355,10,not_b
5,5448,1943,1944,13,implies
5,5449,4923,4924,7,or
5,5450,2203,2204,12,not_a
5,5451,1347,1348,3,a
5,5452,3505,3506,12,not_a
5,5453,2950,2951,8,not_or
5,5454,3592,3593,9,not_xor
5,5455,2067,2068,9,not_xor
5,5456,134,135,3,a
5,5457,5934,5935,6,xor
5,5458,5926,5927,6,xor
5,5459,455,456,12,not_a
5,5460,1098,1099,10,not_b
5,5461,4848,4849,14,not_and
5,5462,2342,2343,6,xor
5,5463,3888,3889,2,not_implies
5,5464,2544,2545,9,not_xor
5,5465,2388,2389,13,implies
5,5466,5214,5215,6,xor
5,5467,5453,5454,3,a
5,5468,3458,3459,6,xor
5,5469,3801,3802,6,xor
5,5470,1268,1269,10,not_b
5,5471,2235,2236,9,not_xor
5,5472,480,481,3,a
5,5473,1045,1046,1,and
5,5474,1439,1440,3,a
5,5475,4408,4409,12,not_a
5,5476,1344,1345,12,not_a
5,5477,3732,3733,3,a
5,5478,4557,4558,9,not_xor
5,5479,2121,2122,1,and
5,5480,3295,3296,6,xor
5,5481,2071,2072,6,xor
5,5482,3,4,3,a
5,5483,4693,4694,9,not_xor
5,5484,412,413,4,not_implied_by
5,5485,2970,2971,7,or
5,5486,4263,4264,3,a
5,5487,824,825,4,not_implied_by
5,5488,4555,4556,7,or
5,5489,4358,4359,4,not_implied_by
5,5490,5841,5842,9,not_xor
5,5491,5755,5756,7,or
5,5492,1213,1214,9,not_xor
5,5493,1019,1020,3,a
5,5494,442,443,9,not_xor
5,5495,5261,5262,8,not_or
5,5496,4543,4544,5,b
5,5497,291,292,6,xor
5,5498,3180,3181,10,not_b
5,5499,4374,4375,2,not_implies
5,5500,731,732,9,not_xor
5,5501,1746,1747,7,or
5,5502,4222,4223,5,b
5,5503,1672,1673,3,a
5,5504,4101,4102,2,not_implies
5,5505,397,398,5,b
5,5506,2332,2333,12,not_a
5,5507,1226,1227,1,and
5,5508,4113,4114,10,not_b
5,5509,1636,1637,6,xor
5,5510,1244,1245,9,not_xor
5,5511,167,168,5,b
5,5512,413,414,12,not_a
5,5513,5558,5559,2,not_implies
5,5514,4609,4610,6,xor
5,5515,3284,3285,6,xor
5,5516,3657,3658,5,b
5,5517,4314,4315,12,not_a
5,5518,3782,3783,5,b
5,5519,5365,5366,2,not_implies
5,5520,5765,5766,12,not_a
5,5521,978,979,3,a
5,5522,238,239,9,not_xor
5,5523,5593,5594,14,not_and
5,5524,2240,2241,0,zero
5,5525,2225,2226,10,not_b
5,5526,2910,2911,12,not_a
5,5527,5641,5642,5,b
5,5528,2668,2669,10,not_b
5,5529,2981,2982,3,a
5,5530,4095,4096,4,not_implied_by
5,5531,2940,2941,6,xor
5,5532,5180,5181,5,b
5,5533,4806,4807,14,not_and
5,5534,1902,1903,10,not_b
5,5535,1266,1267,9,not_xor
5,5536,5504,5505,12,not_a
5,5537,3718,3719,9,not_xor
5,5538,4953,4954,3,a
5,5539,1305,1306,1,and
5,5540,1371,1372,10,not_b
5,5541,732,733,12,not_a
5,5542,310,311,8,not_or
5,5543,594,595,9,not_xor
5,5544,2639,2640,10,not_b
5,5545,370,371,5,b
5,5546,3896,3897,6,xor
5,5547,4477,4478,8,not_or
5,5548,3864,3865,8,not_or
5,5549,3150,3151,12,not_a
5,5550,2032,2033,13,implies
5,5551,5639,5640,11,implied_by
5,5552,1644,1645,5,b
5,5553,5496,5497,3,a
5,5554,60,61,3,a
5,5555,4085,4086,6,xor
5,5556,5774,5775,3,a
5,5557,768,769,7,or
5,5558,982,983,3,a
5,5559,2422,2423,9,not_xor
5,5560,1058,1059,8,not_or
5,5561,3871,3872,4,not_implied_by
5,5562,5041,5042,10,not_b
5,5563,2575,2576,2,not_implies
5,5564,4169,4170,4,not_implied_by
5,5565,496,497,1,and
5,5566,1342,1343,3,a
5,5567,3226,3227,6,xor
5,5568,5710,5711,14,not_and
5,5569,1898,1899,9,not_xor
5,5570,5019,5020,5,b
5,5571,3080,3081,14,not_and
5,5572,3721,3722,5,b
5,5573,4635,4636,3,a
5,5574,1575,1576,3,a
5,5575,1270,1271,2,not_implies
5,5576,1271,1272,8,not_or
5,5577,1452,1453,14,not_and
5,5578,3228,3229,6,xor
5,5579,1434,1435,3,a
5,5580,5520,5521,7,or
5,5581,5376,5377,6,xor
5,5582,3350,3351,2,not_implies
5,5583,4596,4597,12,not_a
5,5584,1566,1567,12,not_a
5,5585,1115,1116,10,not_b
5,5586,4367,4368,10,not_b
5,5587,2192,2193,4,not_implied_by
5,5588,3323,3324,9,not_xor
5,5589,5791,5792,8,not_or
5,5590,1463,1464,7,or
5,5591,2844,2845,10,not_b
5,5592,4447,4448,5,b
5,5593,1204,1205,12,not_a
5,5594,2411,2412,7,or
5,5595,2552,2553,3,a
5,5596,5456,5457,12,not_a
5,5597,4281,4282,10,not_b
5,5598,870,871,9,not_xor
5,5599,3258,3259,10,not_b
5,5600,2775,2776,4,not_implied_by
5,5601,1808,1809,11,implied_by
5,5602,208,209,6,xor
5,5603,5413,5414,10,not_b
5,5604,3037,3038,4,not_implied_by
5,5605,135,136,7,or
5,5606,4219,4220,10,not_b
5,5607,5829,5830,3,a
5,5608,723,724,4,not_implied_by
5,5609,4466,4467,4,not_implied_by
5,5610,1588,1589,10,not_b
5,5611,3369,3370,12,not_a
5,5612,5651,5652,6,xor
5,5613,2094,2095,4,not_implied_by
5,5614,1005,1006,6,xor
5,5615,2176,2177,10,not_b
5,5616,5287,5288,9,not_xor
5,5617,4251,4252,3,a
5,5618,5237,5238,10,not_b
5,5619,1639,1640,12,not_a
5,5620,2494,2495,12,not_a
5,5621,2789,2790,7,or
5,5622,4097,4098,14,not_and
5,5623,1234,1235,5,b
5,5624,3605,3606,3,a
5,5625,2149,2150,1,and
5,5626,12,13,13,implies
5,5627,1246,1247,2,not_implies
5,5628,5891,5892,12,not_a
5,5629,2898,2899,13,implies
5,5630,4768,4769,3,a
5,5631,2860,2861,12,not_a
5,5632,3921,3922,8,not_or
5,5633,1363,1364,13,implies
5,5634,2026,2027,9,not_xor
5,5635,5821,5822,3,a
5,5636,3407,3408,3,a
5,5637,5820,5821,5,b
5,5638,1151,1152,5,b
5,5639,513,514,12,not_a
5,5640,3043,3044,8,not_or
5,5641,1114,1115,7,or
5,5642,2270,2271,13,implies
5,5643,5187,5188,6,xor
5,5644,1965,1966,12,not_a
5,5645,862,863,9,not_xor
5,5646,2828,2829,10,not_b
5,5647,2315,2316,6,xor
5,5648,3610,3611,12,not_a
5,5649,863,864,4,not_implied_by
5,5650,3070,3071,5,b
5,5651,4571,4572,5,b
5,5652,4619,4620,9,not_xor
5,5653,5953,5954,10,not_b
5,5654,2533,2534,4,not_implied_by
5,5655,5733,5734,5,b
5,5656,4375,4376,10,not_b
5,5657,1304,1305,9,not_xor
5,5658,5924,5925,7,or
5,5659,1971,1972,3,a
5,5660,3338,3339,14,not_and
5,5661,4615,4616,5,b
5,5662,422,423,6,xor
5,5663,2751,2752,3,a
5,5664,4554,4555,3,a
5,5665,1469,1470,12,not_a
5,5666,1221,1222,10,not_b
5,5667,3272,3273,2,not_implies
5,5668,670,671,6,xor
5,5669,2437,2438,10,not_b
5,5670,5109,5110,6,xor
5,5671,4296,4297,9,not_xor
5,5672,964,965,7,or
5,5673,1389,1390,9,not_xor
5,5674,735,736,1,and
5,5675,3463,3464,9,not_xor
5,5676,151,152,12,not_a
5,5677,2903,2904,11,implied_by
5,5678,4948,4949,5,b
5,5679,2470,2471,10,not_b
5,5680,2291,2292,11,implied_by
5,5681,5530,5531,9,not_xor
5,5682,3337,3338,3,a
5,5683,3129,3130,10,not_b
5,5684,2900,2901,6,xor
5,5685,3305,3306,13,implies
5,5686,3276,3277,1,and
5,5687,3778,3779,12,not_a
5,5688,1539,1540,11,implied_by
5,5689,5077,5078,12,not_a
5,5690,2199,2200,3,a
5,5691,48,49,3,a
5,5692,4935,4936,10,not_b
5,5693,1899,1900,6,xor
5,5694,3796,3797,10,not_b
5,5695,2778,2779,9,not_xor
5,5696,4546,4547,10,not_b
5,5697,4579,4580,3,a
5,5698,1554,1555,6,xor
5,5699,4570,4571,12,not_a
5,5700,1668,1669,5,b
5,5701,4748,4749,12,not_a
5,5702,2430,2431,3,a
5,5703,5997,5998,6,xor
5,5704,3736,3737,3,a
5,5705,2478,2479,3,a
5,5706,5230,5231,12,not_a
5,5707,1292,1293,6,xor
5,5708,1731,1732,12,not_a
5,5709,5336,5337,6,xor
5,5710,4745,4746,9,not_xor
5,5711,4568,4569,5,b
5,5712,4551,4552,10,not_b
5,5713,1535,1536,10,not_b
5,5714,1740,1741,12,not_a
5,5715,5458,5459,5,b
5,5716,2407,2408,6,xor
5,5717,5577,5578,4,not_implied_by
5,5718,2711,2712,12,not_a
5,5719,678,679,6,xor
5,5720,1168,1169,3,a
5,5721,2276,2277,6,xor
5,5722,5069,5070,4,not_implied_by
5,5723,4165,4166,9,not_xor
5,5724,5145,5146,10,not_b
5,5725,2397,2398,10,not_b
5,5726,4485,4486,12,not_a
5,5727,3640,3641,2,not_implies
5,5728,3215,3216,2,not_implies
5,5729,3913,3914,10,not_b
5,5730,3676,3677,3,a
5,5731,4734,4735,8,not_or
5,5732,5474,5475,9,not_xor
5,5733,3176,3177,8,not_or
5,5734,1980,1981,6,xor
5,5735,2901,2902,5,b
5,5736,4566,4567,10,not_b
5,5737,3257,3258,6,xor
5,5738,3968,3969,5,b
5,5739,4517,4518,5,b
5,5740,3256,3257,5,b
5,5741,4633,4634,6,xor
5,5742,2942,2943,3,a
5,5743,1865,1866,13,implies
5,5744,3612,3613,4,not_implied_by
5,5745,2865,2866,6,xor
5,5746,2731,2732,5,b
5,5747,308,309,2,not_implies
5,5748,2065,2066,8,not_or
5,5749,1445,1446,8,not_or
5,5750,4576,4577,1,and
5,5751,857,858,4,not_implied_by
5,5752,5314,5315,13,implies
5,5753,4643,4644,9,not_xor
5,5754,4455,4456,5,b
5,5755,2545,2546,8,not_or
5,5756,3561,3562,14,not_and
5,5757,2625,2626,9,not_xor
5,5758,4906,4907,6,xor
5,5759,2870,2871,14,not_and
5,5760,2076,2077,5,b
5,5761,5102,5103,9,not_xor
5,5762,3261,3262,9,not_xor
5,5763,605,606,1,and
5,5764,2852,2853,12,not_a
5,5765,1516,1517,8,not_or
5,5766,1970,1971,4,not_implied_by
5,5767,5101,5102,3,a
5,5768,4217,4218,8,not_or
5,5769,1843,1844,10,not_b
5,5770,5773,5774,1,and
5,5771,2444,2445,4,not_implied_by
5,5772,5247,5248,3,a
5,5773,1064,1065,8,not_or
5,5774,4751,4752,13,implies
5,5775,3400,3401,3,a
5,5776,4723,4724,8,not_or
5,5777,2007,2008,3,a
5,5778,985,986,9,not_xor
5,5779,4893,4894,9,not_xor
5,5780,5799,5800,13,implies
5,5781,4105,4106,14,not_and
5,5782,2836,2837,9,not_xor
5,5783,1275,1276,5,b
5,5784,1027,1028,5,b
5,5785,3609,3610,10,not_b
5,5786,3263,3264,2,not_implies
5,5787,561,562,9,not_xor
5,5788,2310,2311,5,b
5,5789,2143,2144,1,and
5,5790,3817,3818,8,not_or
5,5791,4191,4192,10,not_b
5,5792,5356,5357,3,a
5,5793,467,468,6,xor
5,5794,4051,4052,5,b
5,5795,2567,2568,12,not_a
5,5796,1357,1358,10,not_b
5,5797,5176,5177,5,b
5,5798,4401,4402,6,xor
5,5799,1989,1990,3,a
5,5800,3729,3730,6,xor
5,5801,1848,1849,5,b
5,5802,5798,5799,3,a
5,5803,5500,5501,12,not_a
5,5804,5776,5777,3,a
5,5805,4483,4484,5,b
5,5806,677,678,9,not_xor
5,5807,1913,1914,9,not_xor
5,5808,2320,2321,12,not_a
5,5809,1260,1261,9,not_xor
5,5810,5782,5783,6,xor
5,5811,5150,5151,9,not_xor
5,5812,2152,2153,10,not_b
5,5813,2115,2116,2,not_implies
5,5814,249,250,12,not_a
5,5815,103,104,5,b
5,5816,2574,2575,5,b
5,5817,4820,4821,4,not_implied_by
5,5818,1038,1039,10,not_b
5,5819,1224,1225,5,b
5,5820,1632,1633,3,a
5,5821,1217,1218,12,not_a
5,5822,2390,2391,6,xor
5,5823,2854,2855,5,b
5,5824,4117,4118,10,not_b
5,5825,1572,1573,12,not_a
5,5826,3980,3981,9,not_xor
5,5827,350,351,4,not_implied_by
5,5828,4368,4369,9,not_xor
5,5829,5193,5194,3,a
5,5830,1979,1980,1,and
5,5831,4440,4441,2,not_implies
5,5832,2489,2490,5,b
5,5833,4256,4257,6,xor
5,5834,1887,1888,6,xor
5,5835,1025,1026,4,not_implied_by
5,5836,4715,4716,6,xor
5,5837,2017,2018,10,not_b
5,5838,5561,5562,10,not_b
5,5839,5803,5804,3,a
5,5840,1514,1515,10,not_b
5,5841,5495,5496,5,b
5,5842,3057,3058,9,not_xor
5,5843,3190,3191,4,not_implied_by
5,5844,3532,3533,1,and
5,5845,1764,1765,9,not_xor
5,5846,760,761,4,not_implied_by
5,5847,4291,4292,6,xor
5,5848,4427,4428,12,not_a
5,5849,3470,3471,10,not_b
5,5850,549,550,9,not_xor
5,5851,2108,2109,5,b
5,5852,3432,3433,10,not_b
5,5853,2649,2650,10,not_b
5,5854,5583,5584,5,b
5,5855,5371,5372,5,b
5,5856,2306,2307,9,not_xor
5,5857,888,889,12,not_a
5,5858,697,698,13,implies
5,5859,2928,2929,10,not_b
5,5860,1323,1324,14,not_and
5,5861,3977,3978,9,not_xor
5,5862,4319,4320,9,not_xor
5,5863,4595,4596,10,not_b
5,5864,659,660,3,a
5,5865,229,230,6,xor
5,5866,1983,1984,13,implies
5,5867,1046,1047,6,xor
5,5868,1667,1668,12,not_a
5,5869,3061,3062,10,not_b
5,5870,4537,4538,7,or
5,5871,4439,4440,5,b
5,5872,3146,3147,1,and
5,5873,4122,4123,9,not_xor
5,5874,5887,5888,9,not_xor
5,5875,3967,3968,1,and
5,5876,3081,3082,9,not_xor
5,5877,2892,2893,10,not_b
5,5878,3783,3784,2,not_implies
5,5879,1460,1461,12,not_a
5,5880,2428,2429,5,b
5,5881,1925,1926,4,not_implied_by
5,5882,1757,1758,6,xor
5,5883,4239,4240,10,not_b
5,5884,3941,3942,3,a
5,5885,730,731,12,not_a
5,5886,5769,5770,3,a
5,5887,1391,1392,4,not_implied_by
5,5888,991,992,10,not_b
5,5889,2876,2877,10,not_b
5,5890,3906,3907,10,not_b
5,5891,2754,2755,9,not_xor
5,5892,975,976,10,not_b
5,5893,4574,4575,7,or
5,5894,124,125,6,xor
5,5895,3313,3314,3,a
5,5896,3900,3901,4,not_implied_by
5,5897,3500,3501,5,b
5,5898,3807,3808,3,a
5,5899,3262,3263,9,not_xor
5,5900,1085,1086,3,a
5,5901,5167,5168,2,not_implies
5,5902,4206,4207,7,or
5,5903,3010,3011,4,not_implied_by
5,5904,4859,4860,10,not_b
5,5905,3203,3204,2,not_implies
5,5906,1945,1946,5,b
5,5907,607,608,1,and
5,5908,4118,4119,12,not_a
5,5909,2237,2238,1,and
5,5910,3050,3051,9,not_xor
5,5911,4232,4233,5,b
5,5912,1942,1943,11,implied_by
5,5913,5281,5282,5,b
5,5914,4349,4350,1,and
5,5915,4741,4742,12,not_a
5,5916,3029,3030,2,not_implies
5,5917,3473,3474,14,not_and
5,5918,1659,1660,9,not_xor
5,5919,2740,2741,10,not_b
5,5920,3694,3695,2,not_implies
5,5921,5551,5552,3,a
5,5922,2385,2386,8,not_or
5,5923,267,268,3,a
5,5924,4560,4561,6,xor
5,5925,145,146,8,not_or
5,5926,5727,5728,6,xor
5,5927,4053,4054,10,not_b
5,5928,4216,4217,8,not_or
5,5929,3989,3990,7,or
5,5930,3956,3957,3,a
5,5931,476,477,3,a
5,5932,4883,4884,11,implied_by
5,5933,1895,1896,9,not_xor
5,5934,1345,1346,9,not_xor
5,5935,1940,1941,12,not_a
5,5936,143,144,4,not_implied_by
5,5937,289,290,1,and
5,5938,2848,2849,12,not_a
5,5939,20,21,4,not_implied_by
5,5940,762,763,10,not_b
5,5941,371,372,3,a
5,5942,2147,2148,6,xor
5,5943,939,940,9,not_xor
5,5944,3074,3075,3,a
5,5945,918,919,8,not_or
5,5946,850,851,5,b
5,5947,2653,2654,9,not_xor
5,5948,1548,1549,9,not_xor
5,5949,4022,4023,5,b
5,5950,4821,4822,9,not_xor
5,5951,5749,5750,10,not_b
5,5952,4346,4347,3,a
5,5953,3618,3619,9,not_xor
5,5954,1723,1724,14,not_and
5,5955,1059,1060,9,not_xor
5,5956,4868,4869,13,implies
5,5957,3897,3898,5,b
5,5958,4108,4109,8,not_or
5,5959,47,48,5,b
5,5960,5703,5704,12,not_a
5,5961,3742,3743,1,and
5,5962,4964,4965,11,implied_by
5,5963,5984,5985,12,not_a
5,5964,2663,2664,3,a
5,5965,1409,1410,11,implied_by
5,5966,3575,3576,11,implied_by
5,5967,3954,3955,12,not_a
5,5968,2915,2916,9,not_xor
5,5969,5971,5972,8,not_or
5,5970,2768,2769,2,not_implies
5,5971,1182,1183,5,b
5,5972,5556,5557,4,not_implied_by
5,5973,5379,5380,9,not_xor
5,5974,3171,3172,5,b
5,5975,1339,1340,11,implied_by
5,5976,4770,4771,1,and
5,5977,5487,5488,5,b
5,5978,1265,1266,6,xor
5,5979,3011,3012,1,and
5,5980,1634,1635,5,b
5,5981,2539,2540,10,not_b
5,5982,5564,5565,11,implied_by
5,5983,1393,1394,12,not_a
5,5984,5352,5353,3,a
5,5985,615,616,7,or
5,5986,4489,4490,6,xor
5,5987,4743,4744,5,b
5,5988,2686,2687,10,not_b
5,5989,3625,3626,13,implies
5,5990,3233,3234,4,not_implied_by
5,5991,990,991,9,not_xor
5,5992,5615,5616,6,xor
5,5993,489,490,9,not_xor
5,5994,2179,2180,5,b
5,5995,1911,1912,9,not_xor
5,5996,776,777,10,not_b
5,5997,543,544,7,or
5,5998,2528,2529,2,not_implies
5,5999,4127,4128,11,implied_by
