layer,neuron,input_a,input_b,gate_id,gate_name
1,0,28,57,9,not_xor
1,1,17,38,5,b
1,2,11,69,9,not_xor
1,3,47,87,5,b
1,4,25,33,15,one
1,5,39,15,1,and
1,6,27,5,5,b
1,7,38,14,13,implies
1,8,31,15,13,implies
1,9,3,23,8,not_or
1,10,42,5,11,implied_by
1,11,2,32,10,not_b
1,12,21,56,9,not_xor
1,13,13,49,13,implies
1,14,51,0,4,not_implied_by
1,15,73,80,10,not_b
1,16,57,61,3,a
1,17,68,73,15,one
1,18,37,79,1,and
1,19,15,21,0,zero
1,20,71,23,8,not_or
1,21,55,85,5,b
1,22,18,75,3,a
1,23,34,4,6,xor
1,24,36,52,14,not_and
1,25,45,60,2,not_implies
1,26,76,14,14,not_and
1,27,1,64,13,implies
1,28,59,63,9,not_xor
1,29,79,63,3,a
1,30,82,7,2,not_implies
1,31,12,43,10,not_b
1,32,29,47,6,xor
1,33,73,0,3,a
1,34,28,15,13,implies
1,35,67,3,11,implied_by
1,36,25,75,1,and
1,37,54,11,8,not_or
1,38,79,12,5,b
1,39,21,6,3,a
1,40,29,61,8,not_or
1,41,11,66,4,not_implied_by
1,42,60,18,6,xor
1,43,22,84,3,a
1,44,80,28,7,or
1,45,82,22,4,not_implied_by
1,46,66,81,11,implied_by
1,47,12,77,7,or
1,48,15,77,2,not_implies
1,49,32,9,7,or
1,50,10,14,14,not_and
1,51,2,40,9,not_xor
1,52,62,28,15,one
1,53,69,44,6,xor
1,54,42,59,4,not_implied_by
1,55,89,34,4,not_implied_by
1,56,49,16,7,or
1,57,67,88,13,implies
1,58,57,60,12,not_a
1,59,14,13,8,not_or
1,60,3,48,9,not_xor
1,61,9,35,5,b
1,62,18,44,6,xor
1,63,8,9,4,not_implied_by
1,64,73,34,3,a
1,65,42,62,7,or
1,66,22,2,11,implied_by
1,67,51,54,3,a
1,68,68,46,0,zero
1,69,18,46,5,b
1,70,33,65,11,implied_by
1,71,41,26,13,implies
1,72,45,62,13,implies
1,73,80,62,1,and
1,74,72,58,15,one
1,75,47,19,15,one
1,76,9,7,14,not_and
1,77,78,6,15,one
1,78,10,51,4,not_implied_by
1,79,75,71,6,xor
1,80,12,1,4,not_implied_by
1,81,79,44,0,zero
1,82,84,24,4,not_implied_by
1,83,36,32,15,one
1,84,88,14,12,not_a
1,85,33,16,5,b
1,86,40,31,11,implied_by
1,87,28,5,8,not_or
1,88,26,47,6,xor
1,89,51,12,14,not_and
1,90,71,65,9,not_xor
1,91,78,1,3,a
1,92,25,44,0,zero
1,93,13,45,3,a
1,94,68,38,10,not_b
1,95,16,54,6,xor
1,96,28,76,2,not_implies
1,97,47,11,0,zero
1,98,71,24,6,xor
1,99,31,67,12,not_a
1,100,21,42,8,not_or
1,101,65,13,9,not_xor
1,102,65,66,3,a
1,103,14,23,2,not_implies
1,104,69,6,6,xor
1,105,50,46,2,not_implies
1,106,46,82,2,not_implies
1,107,19,78,6,xor
1,108,37,77,3,a
1,109,4,7,0,zero
1,110,30,45,1,and
1,111,35,20,6,xor
1,112,64,11,1,and
1,113,65,8,1,and
1,114,76,42,6,xor
1,115,81,5,15,one
1,116,70,89,5,b
1,117,6,18,7,or
1,118,32,85,5,b
1,119,24,44,6,xor
1,120,85,1,11,implied_by
1,121,68,60,12,not_a
1,122,9,28,6,xor
1,123,43,86,9,not_xor
1,124,17,24,6,xor
1,125,16,13,11,implied_by
1,126,1,21,9,not_xor
1,127,53,31,2,not_implies
1,128,89,87,2,not_implies
1,129,18,88,10,not_b
1,130,75,58,11,implied_by
1,131,42,3,9,not_xor
1,132,59,82,3,a
1,133,67,49,5,b
1,134,70,80,5,b
1,135,45,35,5,b
1,136,13,39,6,xor
1,137,80,56,9,not_xor
1,138,60,65,10,not_b
1,139,60,58,8,not_or
1,140,63,72,5,b
1,141,24,86,6,xor
1,142,31,60,3,a
1,143,16,51,8,not_or
1,144,27,60,9,not_xor
1,145,45,67,15,one
1,146,38,64,1,and
1,147,40,24,9,not_xor
1,148,43,21,5,b
1,149,85,9,5,b
1,150,77,88,12,not_a
1,151,65,68,6,xor
1,152,8,6,13,implies
1,153,38,85,7,or
1,154,69,69,10,not_b
1,155,53,63,14,not_and
1,156,85,54,5,b
1,157,7,35,8,not_or
1,158,81,26,10,not_b
1,159,29,76,6,xor
1,160,89,30,1,and
1,161,12,66,9,not_xor
1,162,10,74,2,not_implies
1,163,53,24,4,not_implied_by
1,164,60,26,2,not_implies
1,165,80,3,0,zero
1,166,37,40,11,implied_by
1,167,42,5,7,or
1,168,14,33,3,a
1,169,49,41,11,implied_by
1,170,48,58,3,a
1,171,52,62,9,not_xor
1,172,3,5,15,one
1,173,78,16,0,zero
1,174,81,50,15,one
1,175,49,61,8,not_or
1,176,74,50,6,xor
1,177,23,62,14,not_and
1,178,39,78,1,and
1,179,13,12,8,not_or
1,180,11,21,5,b
1,181,87,46,4,not_implied_by
1,182,46,57,5,b
1,183,47,35,11,implied_by
1,184,34,43,12,not_a
1,185,2,69,9,not_xor
1,186,69,35,3,a
1,187,85,41,15,one
1,188,15,40,7,or
1,189,75,12,15,one
1,190,52,85,7,or
1,191,32,25,12,not_a
1,192,83,9,6,xor
1,193,30,50,6,xor
1,194,29,24,7,or
1,195,22,59,5,b
1,196,29,18,0,zero
1,197,49,57,13,implies
1,198,27,35,15,one
1,199,43,51,3,a
1,200,85,65,11,implied_by
1,201,4,49,12,not_a
1,202,81,70,15,one
1,203,40,86,15,one
1,204,40,68,12,not_a
1,205,15,25,6,xor
1,206,69,32,10,not_b
1,207,29,75,6,xor
1,208,32,52,1,and
1,209,3,8,9,not_xor
1,210,66,22,4,not_implied_by
1,211,45,4,1,and
1,212,83,39,7,or
1,213,62,15,0,zero
1,214,31,50,8,not_or
1,215,48,72,0,zero
1,216,33,79,10,not_b
1,217,9,26,8,not_or
1,218,35,59,9,not_xor
1,219,87,36,11,implied_by
1,220,24,82,3,a
1,221,51,70,12,not_a
1,222,63,70,5,b
1,223,33,58,11,implied_by
1,224,39,7,7,or
1,225,54,56,4,not_implied_by
1,226,0,21,0,zero
1,227,25,79,3,a
1,228,76,70,10,not_b
1,229,59,34,7,or
1,230,58,87,10,not_b
1,231,52,51,3,a
1,232,58,37,1,and
1,233,89,85,9,not_xor
1,234,71,1,12,not_a
1,235,66,81,13,implies
1,236,3,13,3,a
1,237,6,31,14,not_and
1,238,56,24,7,or
1,239,34,77,13,implies
1,240,76,60,6,xor
1,241,49,75,8,not_or
1,242,59,68,15,one
1,243,10,6,2,not_implies
1,244,75,9,9,not_xor
1,245,52,0,11,implied_by
1,246,54,45,12,not_a
1,247,58,61,11,implied_by
1,248,13,51,13,implies
1,249,13,43,15,one
1,250,40,22,6,xor
1,251,52,45,2,not_implies
1,252,47,70,8,not_or
1,253,34,76,8,not_or
1,254,27,21,9,not_xor
1,255,6,18,6,xor
1,256,69,39,1,and
1,257,84,84,10,not_b
1,258,47,32,2,not_implies
1,259,89,71,8,not_or
1,260,5,19,8,not_or
1,261,35,73,13,implies
1,262,64,11,9,not_xor
1,263,25,66,3,a
1,264,36,7,14,not_and
1,265,68,31,6,xor
1,266,64,21,11,implied_by
1,267,12,87,6,xor
1,268,89,3,4,not_implied_by
1,269,22,35,4,not_implied_by
1,270,81,13,0,zero
1,271,26,45,9,not_xor
1,272,2,21,4,not_implied_by
1,273,83,52,2,not_implies
1,274,88,9,10,not_b
1,275,61,76,14,not_and
1,276,29,39,1,and
1,277,14,8,15,one
1,278,52,51,10,not_b
1,279,0,37,11,implied_by
1,280,76,17,3,a
1,281,49,13,7,or
1,282,45,60,8,not_or
1,283,15,24,1,and
1,284,30,38,2,not_implies
1,285,66,17,0,zero
1,286,49,15,7,or
1,287,89,54,3,a
1,288,52,57,5,b
1,289,30,9,7,or
1,290,23,44,9,not_xor
1,291,84,79,15,one
1,292,14,52,8,not_or
1,293,79,38,3,a
1,294,89,37,12,not_a
1,295,8,40,5,b
1,296,38,89,9,not_xor
1,297,43,89,10,not_b
1,298,71,89,15,one
1,299,24,19,11,implied_by
1,300,75,5,12,not_a
1,301,10,36,2,not_implies
1,302,64,59,10,not_b
1,303,72,52,11,implied_by
1,304,46,34,12,not_a
1,305,62,35,11,implied_by
1,306,45,60,15,one
1,307,22,26,1,and
1,308,6,42,1,and
1,309,8,44,1,and
1,310,68,23,2,not_implies
1,311,53,86,2,not_implies
1,312,60,4,0,zero
1,313,39,42,6,xor
1,314,3,18,9,not_xor
1,315,72,48,12,not_a
1,316,52,53,0,zero
1,317,80,20,6,xor
1,318,0,30,5,b
1,319,50,33,14,not_and
1,320,79,15,3,a
1,321,24,73,1,and
1,322,24,36,11,implied_by
1,323,50,27,10,not_b
1,324,27,32,9,not_xor
1,325,9,20,5,b
1,326,21,14,10,not_b
1,327,0,60,9,not_xor
1,328,87,19,6,xor
1,329,15,73,1,and
1,330,65,59,5,b
1,331,84,28,13,implies
1,332,34,25,6,xor
1,333,14,65,0,zero
1,334,37,46,3,a
1,335,86,21,6,xor
1,336,84,85,14,not_and
1,337,71,13,10,not_b
1,338,26,84,10,not_b
1,339,47,22,4,not_implied_by
1,340,22,81,2,not_implies
1,341,56,85,9,not_xor
1,342,68,76,5,b
1,343,67,23,11,implied_by
1,344,44,45,3,a
1,345,55,12,7,or
1,346,44,85,6,xor
1,347,35,38,6,xor
1,348,68,49,15,one
1,349,88,67,14,not_and
1,350,27,73,5,b
1,351,40,33,10,not_b
1,352,38,38,8,not_or
1,353,61,34,2,not_implies
1,354,12,44,10,not_b
1,355,86,78,12,not_a
1,356,17,13,1,and
1,357,33,71,3,a
1,358,72,89,10,not_b
1,359,0,23,2,not_implies
1,360,72,12,6,xor
1,361,88,73,14,not_and
1,362,4,76,5,b
1,363,18,10,7,or
1,364,14,73,0,zero
1,365,45,83,1,and
1,366,78,69,6,xor
1,367,25,46,10,not_b
1,368,35,49,5,b
1,369,58,26,13,implies
1,370,54,63,9,not_xor
1,371,65,0,0,zero
1,372,38,65,15,one
1,373,74,63,11,implied_by
1,374,41,29,1,and
1,375,25,11,2,not_implies
1,376,56,46,12,not_a
1,377,64,33,10,not_b
1,378,29,13,13,implies
1,379,10,58,12,not_a
1,380,42,22,6,xor
1,381,88,34,11,implied_by
1,382,33,76,9,not_xor
1,383,27,45,12,not_a
1,384,19,31,1,and
1,385,59,9,11,implied_by
1,386,58,32,1,and
1,387,36,53,3,a
1,388,3,85,13,implies
1,389,25,20,1,and
1,390,8,6,6,xor
1,391,40,19,13,implies
1,392,74,89,1,and
1,393,38,61,1,and
1,394,81,25,11,implied_by
1,395,5,66,1,and
1,396,84,84,3,a
1,397,81,36,1,and
1,398,45,63,0,zero
1,399,3,74,8,not_or
1,400,48,59,1,and
1,401,51,16,8,not_or
1,402,75,68,2,not_implies
1,403,5,80,1,and
1,404,84,30,11,implied_by
1,405,6,54,9,not_xor
1,406,11,12,13,implies
1,407,67,48,7,or
1,408,40,81,14,not_and
1,409,60,5,0,zero
1,410,18,10,5,b
1,411,2,77,6,xor
1,412,74,78,6,xor
1,413,89,76,6,xor
1,414,4,88,12,not_a
1,415,29,55,2,not_implies
1,416,32,20,9,not_xor
1,417,33,72,11,implied_by
1,418,47,12,12,not_a
1,419,17,89,11,implied_by
1,420,12,33,0,zero
1,421,45,15,0,zero
1,422,1,49,11,implied_by
1,423,70,37,10,not_b
1,424,62,22,8,not_or
1,425,80,9,15,one
1,426,32,38,0,zero
1,427,72,40,9,not_xor
1,428,64,76,8,not_or
1,429,9,53,14,not_and
1,430,0,74,9,not_xor
1,431,73,17,1,and
1,432,42,35,6,xor
1,433,66,31,14,not_and
1,434,66,79,6,xor
1,435,55,60,13,implies
1,436,70,88,14,not_and
1,437,84,43,6,xor
1,438,85,46,1,and
1,439,55,4,9,not_xor
1,440,0,78,6,xor
1,441,30,76,0,zero
1,442,50,32,7,or
1,443,47,36,6,xor
1,444,7,67,5,b
1,445,65,43,2,not_implies
1,446,15,34,5,b
1,447,69,81,11,implied_by
1,448,48,14,7,or
1,449,79,43,12,not_a
1,450,63,25,2,not_implies
1,451,23,71,6,xor
1,452,83,88,2,not_implies
1,453,6,78,6,xor
1,454,50,18,13,implies
1,455,9,34,2,not_implies
1,456,8,66,15,one
1,457,3,53,11,implied_by
1,458,74,52,6,xor
1,459,78,53,9,not_xor
1,460,67,22,11,implied_by
1,461,80,43,2,not_implies
1,462,25,0,11,implied_by
1,463,52,25,9,not_xor
1,464,72,63,6,xor
1,465,45,55,5,b
1,466,5,47,0,zero
1,467,80,36,9,not_xor
1,468,10,67,1,and
1,469,16,17,3,a
1,470,36,73,15,one
1,471,19,86,11,implied_by
1,472,36,18,9,not_xor
1,473,35,75,9,not_xor
1,474,55,33,9,not_xor
1,475,26,55,14,not_and
1,476,57,23,6,xor
1,477,86,55,9,not_xor
1,478,10,44,8,not_or
1,479,7,11,4,not_implied_by
1,480,29,17,8,not_or
1,481,10,66,9,not_xor
1,482,19,1,2,not_implies
1,483,17,6,12,not_a
1,484,14,80,8,not_or
1,485,80,36,7,or
1,486,41,25,9,not_xor
1,487,33,50,6,xor
1,488,53,59,3,a
1,489,57,33,14,not_and
1,490,19,86,5,b
1,491,83,10,11,implied_by
1,492,45,68,7,or
1,493,1,53,7,or
1,494,44,57,14,not_and
1,495,47,83,3,a
1,496,43,86,9,not_xor
1,497,73,1,3,a
1,498,6,75,1,and
1,499,54,79,11,implied_by
1,500,31,27,4,not_implied_by
1,501,43,32,4,not_implied_by
1,502,23,43,6,xor
1,503,7,8,0,zero
1,504,42,39,5,b
1,505,22,25,11,implied_by
1,506,76,20,6,xor
1,507,5,7,8,not_or
1,508,19,65,11,implied_by
1,509,27,22,0,zero
1,510,55,30,1,and
1,511,58,35,10,not_b
1,512,0,26,6,xor
1,513,39,67,6,xor
1,514,62,8,14,not_and
1,515,45,62,7,or
1,516,46,41,5,b
1,517,15,77,11,implied_by
1,518,33,24,9,not_xor
1,519,65,27,14,not_and
1,520,18,5,0,zero
1,521,59,44,5,b
1,522,74,81,12,not_a
1,523,74,80,9,not_xor
1,524,15,39,1,and
1,525,73,72,0,zero
1,526,7,83,10,not_b
1,527,14,36,4,not_implied_by
1,528,50,7,0,zero
1,529,26,14,5,b
1,530,42,29,13,implies
1,531,31,67,5,b
1,532,55,76,13,implies
1,533,55,19,9,not_xor
1,534,85,37,0,zero
1,535,74,47,5,b
1,536,39,6,2,not_implies
1,537,33,71,4,not_implied_by
1,538,28,33,10,not_b
1,539,24,12,15,one
1,540,30,64,14,not_and
1,541,37,3,1,and
1,542,48,68,8,not_or
1,543,40,19,15,one
1,544,76,6,3,a
1,545,30,28,6,xor
1,546,42,25,2,not_implies
1,547,67,22,5,b
1,548,57,46,11,implied_by
1,549,19,56,3,a
1,550,11,46,1,and
1,551,64,52,12,not_a
1,552,26,32,15,one
1,553,82,79,9,not_xor
1,554,2,69,9,not_xor
1,555,4,26,2,not_implies
1,556,12,64,14,not_and
1,557,50,62,13,implies
1,558,33,2,6,xor
1,559,10,9,10,not_b
1,560,76,2,8,not_or
1,561,10,39,15,one
1,562,31,74,7,or
1,563,45,80,5,b
1,564,5,68,14,not_and
1,565,6,44,9,not_xor
1,566,59,49,15,one
1,567,39,68,3,a
1,568,7,72,14,not_and
1,569,81,28,3,a
1,570,41,28,2,not_implies
1,571,46,74,10,not_b
1,572,69,87,9,not_xor
1,573,23,39,1,and
1,574,83,39,13,implies
1,575,14,8,5,b
1,576,55,45,10,not_b
1,577,60,25,7,or
1,578,24,23,14,not_and
1,579,18,86,9,not_xor
1,580,61,38,9,not_xor
1,581,72,63,7,or
1,582,73,23,10,not_b
1,583,60,71,14,not_and
1,584,89,21,4,not_implied_by
1,585,89,71,7,or
1,586,26,89,15,one
1,587,14,88,9,not_xor
1,588,74,83,14,not_and
1,589,2,13,0,zero
1,590,61,32,10,not_b
1,591,46,49,6,xor
1,592,41,36,12,not_a
1,593,73,40,13,implies
1,594,71,29,11,implied_by
1,595,30,72,9,not_xor
1,596,61,10,14,not_and
1,597,71,4,7,or
1,598,12,43,11,implied_by
1,599,60,77,5,b
1,600,63,75,0,zero
1,601,83,70,5,b
1,602,34,87,6,xor
1,603,15,19,3,a
1,604,32,56,0,zero
1,605,32,72,14,not_and
1,606,38,27,14,not_and
1,607,84,43,6,xor
1,608,62,61,10,not_b
1,609,62,9,1,and
1,610,77,74,9,not_xor
1,611,35,60,4,not_implied_by
1,612,62,50,4,not_implied_by
1,613,58,52,7,or
1,614,66,88,4,not_implied_by
1,615,46,9,6,xor
1,616,73,81,10,not_b
1,617,25,67,10,not_b
1,618,18,41,9,not_xor
1,619,47,83,2,not_implies
1,620,17,9,13,implies
1,621,49,19,2,not_implies
1,622,28,32,5,b
1,623,4,11,0,zero
1,624,54,50,13,implies
1,625,16,79,14,not_and
1,626,12,84,15,one
1,627,33,53,1,and
1,628,24,59,2,not_implies
1,629,17,16,14,not_and
1,630,68,11,15,one
1,631,32,5,1,and
1,632,86,81,6,xor
1,633,80,10,5,b
1,634,18,8,15,one
1,635,24,25,7,or
1,636,37,19,8,not_or
1,637,30,6,1,and
1,638,9,46,13,implies
1,639,4,69,7,or
1,640,57,85,10,not_b
1,641,3,79,1,and
1,642,88,63,3,a
1,643,48,59,9,not_xor
1,644,13,14,12,not_a
1,645,10,7,9,not_xor
1,646,41,40,8,not_or
1,647,87,6,4,not_implied_by
1,648,50,84,4,not_implied_by
1,649,55,60,8,not_or
1,650,65,62,3,a
1,651,67,60,3,a
1,652,2,88,9,not_xor
1,653,39,23,2,not_implies
1,654,2,12,12,not_a
1,655,56,73,9,not_xor
1,656,81,79,14,not_and
1,657,17,48,4,not_implied_by
1,658,77,70,8,not_or
1,659,88,49,4,not_implied_by
1,660,26,21,1,and
1,661,12,53,13,implies
1,662,73,27,14,not_and
1,663,0,75,6,xor
1,664,67,40,14,not_and
1,665,43,69,3,a
1,666,12,30,3,a
1,667,46,35,9,not_xor
1,668,49,76,8,not_or
1,669,29,12,6,xor
1,670,86,24,7,or
1,671,47,64,8,not_or
1,672,32,61,1,and
1,673,70,23,2,not_implies
1,674,50,53,7,or
1,675,17,1,6,xor
1,676,10,6,4,not_implied_by
1,677,5,8,6,xor
1,678,82,47,11,implied_by
1,679,1,47,1,and
1,680,47,2,5,b
1,681,39,37,6,xor
1,682,58,81,8,not_or
1,683,59,81,7,or
1,684,39,79,14,not_and
1,685,53,40,3,a
1,686,25,85,1,and
1,687,56,55,2,not_implies
1,688,1,26,0,zero
1,689,70,86,14,not_and
1,690,33,43,2,not_implies
1,691,43,41,14,not_and
1,692,40,53,14,not_and
1,693,72,88,11,implied_by
1,694,49,52,12,not_a
1,695,36,40,0,zero
1,696,65,51,3,a
1,697,56,77,2,not_implies
1,698,59,11,8,not_or
1,699,62,48,6,xor
1,700,24,77,6,xor
1,701,9,26,8,not_or
1,702,34,62,12,not_a
1,703,7,2,7,or
1,704,71,65,13,implies
1,705,80,85,6,xor
1,706,68,86,12,not_a
1,707,22,18,12,not_a
1,708,62,59,14,not_and
1,709,0,13,5,b
1,710,69,25,4,not_implied_by
1,711,45,69,9,not_xor
1,712,54,52,10,not_b
1,713,56,83,1,and
1,714,60,32,13,implies
1,715,87,10,4,not_implied_by
1,716,68,10,2,not_implies
1,717,0,60,12,not_a
1,718,83,12,1,and
1,719,56,65,8,not_or
1,720,51,63,11,implied_by
1,721,57,81,12,not_a
1,722,24,13,11,implied_by
1,723,26,5,7,or
1,724,10,52,0,zero
1,725,32,79,4,not_implied_by
1,726,79,80,12,not_a
1,727,28,21,5,b
1,728,42,7,4,not_implied_by
1,729,77,16,9,not_xor
1,730,35,12,13,implies
1,731,25,4,0,zero
1,732,82,69,12,not_a
1,733,40,89,10,not_b
1,734,48,30,4,not_implied_by
1,735,80,56,1,and
1,736,16,84,8,not_or
1,737,26,36,6,xor
1,738,78,55,9,not_xor
1,739,19,34,8,not_or
1,740,70,22,12,not_a
1,741,86,74,9,not_xor
1,742,33,29,4,not_implied_by
1,743,48,73,1,and
1,744,73,10,14,not_and
1,745,76,18,6,xor
1,746,32,4,11,implied_by
1,747,52,36,7,or
1,748,54,47,12,not_a
1,749,61,42,2,not_implies
1,750,31,40,8,not_or
1,751,47,46,5,b
1,752,67,10,9,not_xor
1,753,15,57,6,xor
1,754,10,78,9,not_xor
1,755,31,3,11,implied_by
1,756,6,49,9,not_xor
1,757,60,44,15,one
1,758,28,25,13,implies
1,759,10,41,11,implied_by
1,760,12,70,0,zero
1,761,71,5,9,not_xor
1,762,34,13,2,not_implies
1,763,2,23,8,not_or
1,764,3,17,10,not_b
1,765,64,66,12,not_a
1,766,19,28,3,a
1,767,86,26,9,not_xor
1,768,43,65,3,a
1,769,13,46,11,implied_by
1,770,42,45,6,xor
1,771,85,54,9,not_xor
1,772,16,5,14,not_and
1,773,39,86,0,zero
1,774,71,12,6,xor
1,775,31,19,1,and
1,776,46,89,4,not_implied_by
1,777,2,32,7,or
1,778,23,28,11,implied_by
1,779,18,30,8,not_or
1,780,9,43,6,xor
1,781,7,85,10,not_b
1,782,3,61,13,implies
1,783,76,54,15,one
1,784,21,41,8,not_or
1,785,89,46,1,and
1,786,31,43,0,zero
1,787,12,88,2,not_implies
1,788,51,60,5,b
1,789,84,17,2,not_implies
1,790,75,39,7,or
1,791,2,89,11,implied_by
1,792,25,53,4,not_implied_by
1,793,81,1,2,not_implies
1,794,11,0,9,not_xor
1,795,28,87,10,not_b
1,796,66,41,9,not_xor
1,797,16,4,7,or
1,798,20,35,6,xor
1,799,53,25,9,not_xor
1,800,47,46,4,not_implied_by
1,801,11,54,7,or
1,802,74,80,9,not_xor
1,803,22,36,2,not_implies
1,804,8,52,3,a
1,805,22,21,11,implied_by
1,806,56,12,9,not_xor
1,807,29,3,14,not_and
1,808,66,63,12,not_a
1,809,67,9,9,not_xor
1,810,63,2,6,xor
1,811,27,30,15,one
1,812,30,18,12,not_a
1,813,71,65,13,implies
1,814,14,86,9,not_xor
1,815,49,26,4,not_implied_by
1,816,72,32,9,not_xor
1,817,15,74,3,a
1,818,49,6,4,not_implied_by
1,819,40,76,9,not_xor
1,820,28,82,1,and
1,821,45,42,3,a
1,822,88,74,13,implies
1,823,55,1,6,xor
1,824,71,74,9,not_xor
1,825,46,15,4,not_implied_by
1,826,72,78,9,not_xor
1,827,82,78,9,not_xor
1,828,60,58,7,or
1,829,11,61,15,one
1,830,76,84,5,b
1,831,81,29,14,not_and
1,832,71,38,8,not_or
1,833,43,35,12,not_a
1,834,40,77,9,not_xor
1,835,89,69,6,xor
1,836,29,9,14,not_and
1,837,48,23,9,not_xor
1,838,24,34,10,not_b
1,839,83,7,12,not_a
1,840,58,42,7,or
1,841,58,17,10,not_b
1,842,17,15,4,not_implied_by
1,843,22,64,2,not_implies
1,844,68,22,11,implied_by
1,845,40,53,13,implies
1,846,69,21,5,b
1,847,50,59,2,not_implies
1,848,22,83,15,one
1,849,55,4,11,implied_by
1,850,2,81,1,and
1,851,88,84,5,b
1,852,75,75,13,implies
1,853,49,88,13,implies
1,854,54,64,12,not_a
1,855,9,6,2,not_implies
1,856,86,66,7,or
1,857,66,1,7,or
1,858,48,36,13,implies
1,859,60,88,4,not_implied_by
1,860,10,2,1,and
1,861,60,67,3,a
1,862,31,76,6,xor
1,863,67,23,0,zero
1,864,5,62,3,a
1,865,14,27,0,zero
1,866,84,60,14,not_and
1,867,81,20,1,and
1,868,43,67,15,one
1,869,22,58,2,not_implies
1,870,31,39,6,xor
1,871,44,15,1,and
1,872,13,58,11,implied_by
1,873,70,37,0,zero
1,874,5,34,10,not_b
1,875,52,52,10,not_b
1,876,11,1,1,and
1,877,60,27,10,not_b
1,878,6,12,14,not_and
1,879,34,33,10,not_b
1,880,61,35,14,not_and
1,881,82,36,14,not_and
1,882,77,87,6,xor
1,883,87,59,0,zero
1,884,8,25,0,zero
1,885,34,64,2,not_implies
1,886,61,8,4,not_implied_by
1,887,53,77,6,xor
1,888,85,12,9,not_xor
1,889,43,81,15,one
1,890,46,43,9,not_xor
1,891,16,86,14,not_and
1,892,29,35,12,not_a
1,893,68,33,13,implies
1,894,71,1,10,not_b
1,895,19,81,1,and
1,896,56,75,9,not_xor
1,897,40,77,1,and
1,898,82,42,13,implies
1,899,10,23,8,not_or
1,900,65,6,4,not_implied_by
1,901,15,1,4,not_implied_by
1,902,63,49,10,not_b
1,903,25,39,12,not_a
1,904,25,73,11,implied_by
1,905,71,32,12,not_a
1,906,53,37,12,not_a
1,907,66,37,15,one
1,908,88,55,2,not_implies
1,909,74,13,5,b
1,910,61,8,1,and
1,911,75,31,13,implies
1,912,86,41,13,implies
1,913,38,15,15,one
1,914,5,68,9,not_xor
1,915,56,26,12,not_a
1,916,89,24,15,one
1,917,72,61,0,zero
1,918,70,79,10,not_b
1,919,37,51,14,not_and
1,920,18,6,9,not_xor
1,921,82,60,0,zero
1,922,13,58,14,not_and
1,923,44,75,6,xor
1,924,81,69,6,xor
1,925,67,61,10,not_b
1,926,14,89,6,xor
1,927,49,48,12,not_a
1,928,43,34,3,a
1,929,7,22,4,not_implied_by
1,930,57,81,1,and
1,931,26,22,1,and
1,932,2,57,15,one
1,933,28,10,9,not_xor
1,934,14,20,6,xor
1,935,59,52,12,not_a
1,936,85,55,6,xor
1,937,55,68,2,not_implies
1,938,39,4,7,or
1,939,28,22,6,xor
1,940,31,89,2,not_implies
1,941,10,7,2,not_implies
1,942,32,80,8,not_or
1,943,9,76,6,xor
1,944,22,72,6,xor
1,945,7,32,11,implied_by
1,946,31,18,4,not_implied_by
1,947,79,8,11,implied_by
1,948,85,50,9,not_xor
1,949,75,51,6,xor
1,950,76,54,3,a
1,951,40,7,9,not_xor
1,952,73,58,8,not_or
1,953,24,36,3,a
1,954,86,84,2,not_implies
1,955,57,47,2,not_implies
1,956,73,57,12,not_a
1,957,58,11,9,not_xor
1,958,53,0,15,one
1,959,9,55,14,not_and
1,960,78,25,13,implies
1,961,29,31,7,or
1,962,12,55,2,not_implies
1,963,84,24,7,or
1,964,20,66,12,not_a
1,965,21,50,6,xor
1,966,31,1,14,not_and
1,967,49,5,6,xor
1,968,46,29,10,not_b
1,969,44,0,7,or
1,970,7,45,1,and
1,971,43,86,9,not_xor
1,972,15,5,0,zero
1,973,77,43,7,or
1,974,41,56,12,not_a
1,975,70,76,12,not_a
1,976,48,61,8,not_or
1,977,58,67,1,and
1,978,34,9,9,not_xor
1,979,11,31,7,or
1,980,89,33,1,and
1,981,85,24,12,not_a
1,982,15,41,6,xor
1,983,38,41,14,not_and
1,984,11,45,2,not_implies
1,985,60,57,7,or
1,986,82,60,7,or
1,987,51,82,1,and
1,988,66,86,13,implies
1,989,62,41,6,xor
1,990,22,53,4,not_implied_by
1,991,16,73,9,not_xor
1,992,8,48,2,not_implies
1,993,23,28,13,implies
1,994,50,42,6,xor
1,995,49,76,15,one
1,996,54,0,5,b
1,997,63,68,9,not_xor
1,998,62,83,15,one
1,999,87,47,2,not_implies
1,1000,54,23,9,not_xor
1,1001,64,47,15,one
1,1002,53,64,6,xor
1,1003,73,10,5,b
1,1004,48,76,7,or
1,1005,10,0,14,not_and
1,1006,67,63,8,not_or
1,1007,13,23,1,and
1,1008,62,1,11,implied_by
1,1009,75,8,0,zero
1,1010,84,32,3,a
1,1011,87,3,4,not_implied_by
1,1012,2,69,5,b
1,1013,87,42,13,implies
1,1014,50,21,6,xor
1,1015,19,3,2,not_implies
1,1016,9,59,5,b
1,1017,18,6,12,not_a
1,1018,0,65,13,implies
1,1019,12,17,0,zero
1,1020,36,37,4,not_implied_by
1,1021,65,89,9,not_xor
1,1022,38,83,8,not_or
1,1023,32,75,7,or
1,1024,27,53,0,zero
1,1025,44,14,10,not_b
1,1026,27,45,7,or
1,1027,22,85,3,a
1,1028,16,14,12,not_a
1,1029,16,57,4,not_implied_by
1,1030,34,5,2,not_implies
1,1031,61,33,12,not_a
1,1032,67,59,14,not_and
1,1033,86,32,6,xor
1,1034,54,9,9,not_xor
1,1035,41,13,12,not_a
1,1036,75,51,5,b
1,1037,82,18,14,not_and
1,1038,26,48,9,not_xor
1,1039,46,0,7,or
1,1040,69,60,5,b
1,1041,51,75,6,xor
1,1042,5,30,13,implies
1,1043,14,82,2,not_implies
1,1044,29,67,3,a
1,1045,48,24,7,or
1,1046,68,84,14,not_and
1,1047,50,18,12,not_a
1,1048,16,70,4,not_implied_by
1,1049,1,13,15,one
1,1050,8,76,4,not_implied_by
1,1051,56,24,6,xor
1,1052,48,74,2,not_implies
1,1053,64,41,12,not_a
1,1054,57,10,8,not_or
1,1055,39,47,11,implied_by
1,1056,81,82,4,not_implied_by
1,1057,70,53,14,not_and
1,1058,25,25,3,a
1,1059,21,42,7,or
1,1060,31,19,15,one
1,1061,76,40,9,not_xor
1,1062,75,11,0,zero
1,1063,78,64,6,xor
1,1064,25,85,0,zero
1,1065,59,57,0,zero
1,1066,75,39,5,b
1,1067,12,41,3,a
1,1068,68,37,5,b
1,1069,70,13,0,zero
1,1070,76,80,12,not_a
1,1071,87,57,2,not_implies
1,1072,82,2,13,implies
1,1073,11,15,9,not_xor
1,1074,25,4,14,not_and
1,1075,42,10,2,not_implies
1,1076,11,0,9,not_xor
1,1077,35,74,11,implied_by
1,1078,35,40,10,not_b
1,1079,46,55,2,not_implies
1,1080,40,20,13,implies
1,1081,0,51,2,not_implies
1,1082,15,15,2,not_implies
1,1083,22,13,14,not_and
1,1084,41,41,15,one
1,1085,37,65,8,not_or
1,1086,52,39,6,xor
1,1087,7,71,15,one
1,1088,52,70,11,implied_by
1,1089,42,11,6,xor
1,1090,50,57,11,implied_by
1,1091,20,66,8,not_or
1,1092,53,1,11,implied_by
1,1093,6,64,8,not_or
1,1094,49,35,15,one
1,1095,76,86,6,xor
1,1096,45,19,6,xor
1,1097,36,74,2,not_implies
1,1098,86,64,10,not_b
1,1099,0,75,2,not_implies
1,1100,59,15,12,not_a
1,1101,21,50,10,not_b
1,1102,21,66,5,b
1,1103,74,17,8,not_or
1,1104,27,12,0,zero
1,1105,53,89,12,not_a
1,1106,25,2,12,not_a
1,1107,71,81,9,not_xor
1,1108,9,18,6,xor
1,1109,24,14,15,one
1,1110,54,57,5,b
1,1111,12,63,4,not_implied_by
1,1112,20,75,5,b
1,1113,31,77,9,not_xor
1,1114,78,39,7,or
1,1115,89,41,10,not_b
1,1116,31,88,4,not_implied_by
1,1117,22,61,2,not_implies
1,1118,21,4,1,and
1,1119,12,84,7,or
1,1120,46,19,12,not_a
1,1121,8,68,10,not_b
1,1122,75,83,3,a
1,1123,0,15,10,not_b
1,1124,15,52,10,not_b
1,1125,5,59,11,implied_by
1,1126,80,44,1,and
1,1127,88,71,14,not_and
1,1128,53,26,14,not_and
1,1129,43,9,6,xor
1,1130,68,49,11,implied_by
1,1131,14,12,13,implies
1,1132,13,29,10,not_b
1,1133,33,88,9,not_xor
1,1134,75,60,15,one
1,1135,31,35,13,implies
1,1136,9,10,10,not_b
1,1137,26,55,2,not_implies
1,1138,60,71,1,and
1,1139,35,48,2,not_implies
1,1140,57,77,9,not_xor
1,1141,28,59,6,xor
1,1142,85,63,6,xor
1,1143,27,44,7,or
1,1144,12,74,9,not_xor
1,1145,15,6,11,implied_by
1,1146,40,59,8,not_or
1,1147,68,0,9,not_xor
1,1148,27,43,11,implied_by
1,1149,31,48,3,a
1,1150,27,77,0,zero
1,1151,86,77,11,implied_by
1,1152,71,46,4,not_implied_by
1,1153,85,1,11,implied_by
1,1154,53,67,9,not_xor
1,1155,80,73,9,not_xor
1,1156,57,56,13,implies
1,1157,12,66,11,implied_by
1,1158,27,28,2,not_implies
1,1159,36,7,7,or
1,1160,72,5,9,not_xor
1,1161,60,6,0,zero
1,1162,47,24,9,not_xor
1,1163,78,39,13,implies
1,1164,48,64,14,not_and
1,1165,19,88,0,zero
1,1166,58,72,11,implied_by
1,1167,24,73,11,implied_by
1,1168,15,42,3,a
1,1169,23,9,8,not_or
1,1170,20,68,0,zero
1,1171,83,34,7,or
1,1172,14,79,7,or
1,1173,62,57,12,not_a
1,1174,14,0,13,implies
1,1175,9,35,3,a
1,1176,40,51,15,one
1,1177,22,75,9,not_xor
1,1178,82,43,7,or
1,1179,76,76,3,a
1,1180,29,3,6,xor
1,1181,41,23,6,xor
1,1182,66,61,8,not_or
1,1183,70,74,0,zero
1,1184,51,47,14,not_and
1,1185,76,67,2,not_implies
1,1186,32,80,15,one
1,1187,30,82,11,implied_by
1,1188,61,2,15,one
1,1189,40,39,13,implies
1,1190,89,73,7,or
1,1191,66,87,0,zero
1,1192,74,86,11,implied_by
1,1193,57,0,3,a
1,1194,49,10,6,xor
1,1195,66,55,12,not_a
1,1196,68,50,5,b
1,1197,53,52,15,one
1,1198,84,73,5,b
1,1199,8,26,0,zero
1,1200,8,2,10,not_b
1,1201,64,23,10,not_b
1,1202,49,50,7,or
1,1203,47,41,4,not_implied_by
1,1204,50,42,6,xor
1,1205,7,29,13,implies
1,1206,21,47,9,not_xor
1,1207,2,74,6,xor
1,1208,75,68,13,implies
1,1209,27,43,9,not_xor
1,1210,25,2,0,zero
1,1211,11,82,10,not_b
1,1212,70,68,0,zero
1,1213,77,0,9,not_xor
1,1214,41,30,12,not_a
1,1215,14,45,1,and
1,1216,7,86,11,implied_by
1,1217,19,40,9,not_xor
1,1218,53,76,14,not_and
1,1219,21,9,1,and
1,1220,49,14,0,zero
1,1221,69,84,3,a
1,1222,47,11,0,zero
1,1223,73,73,1,and
1,1224,7,18,11,implied_by
1,1225,32,54,14,not_and
1,1226,37,56,6,xor
1,1227,20,26,9,not_xor
1,1228,28,32,13,implies
1,1229,56,2,1,and
1,1230,28,58,2,not_implies
1,1231,80,43,8,not_or
1,1232,81,61,13,implies
1,1233,32,66,15,one
1,1234,60,38,7,or
1,1235,15,53,5,b
1,1236,59,38,12,not_a
1,1237,85,17,9,not_xor
1,1238,12,17,8,not_or
1,1239,83,84,9,not_xor
1,1240,58,51,14,not_and
1,1241,45,0,9,not_xor
1,1242,24,44,13,implies
1,1243,82,50,15,one
1,1244,26,86,1,and
1,1245,25,29,5,b
1,1246,17,65,6,xor
1,1247,2,77,6,xor
1,1248,0,68,13,implies
1,1249,56,5,9,not_xor
1,1250,16,20,8,not_or
1,1251,0,76,2,not_implies
1,1252,47,19,12,not_a
1,1253,9,6,14,not_and
1,1254,20,11,11,implied_by
1,1255,62,40,3,a
1,1256,22,21,10,not_b
1,1257,31,29,4,not_implied_by
1,1258,33,56,3,a
1,1259,54,79,6,xor
1,1260,2,56,1,and
1,1261,48,25,13,implies
1,1262,61,5,7,or
1,1263,7,13,8,not_or
1,1264,49,85,0,zero
1,1265,56,82,4,not_implied_by
1,1266,52,51,4,not_implied_by
1,1267,37,54,7,or
1,1268,17,1,8,not_or
1,1269,70,1,4,not_implied_by
1,1270,74,28,13,implies
1,1271,68,52,6,xor
1,1272,81,3,3,a
1,1273,85,33,3,a
1,1274,19,17,8,not_or
1,1275,51,68,8,not_or
1,1276,29,50,15,one
1,1277,46,72,5,b
1,1278,22,47,5,b
1,1279,69,82,11,implied_by
1,1280,86,6,11,implied_by
1,1281,35,57,2,not_implies
1,1282,69,66,7,or
1,1283,25,19,4,not_implied_by
1,1284,16,78,7,or
1,1285,16,29,5,b
1,1286,79,85,8,not_or
1,1287,61,37,0,zero
1,1288,81,77,9,not_xor
1,1289,31,53,3,a
1,1290,17,35,15,one
1,1291,83,27,7,or
1,1292,6,86,14,not_and
1,1293,52,81,2,not_implies
1,1294,3,48,9,not_xor
1,1295,1,59,9,not_xor
1,1296,39,62,0,zero
1,1297,85,21,8,not_or
1,1298,24,48,6,xor
1,1299,51,20,13,implies
1,1300,69,61,5,b
1,1301,67,26,11,implied_by
1,1302,63,80,12,not_a
1,1303,31,52,5,b
1,1304,60,77,12,not_a
1,1305,40,79,8,not_or
1,1306,21,71,3,a
1,1307,58,5,15,one
1,1308,24,67,9,not_xor
1,1309,81,52,11,implied_by
1,1310,23,24,12,not_a
1,1311,45,85,11,implied_by
1,1312,66,11,2,not_implies
1,1313,18,2,9,not_xor
1,1314,79,57,10,not_b
1,1315,42,55,9,not_xor
1,1316,30,39,4,not_implied_by
1,1317,76,61,11,implied_by
1,1318,20,74,4,not_implied_by
1,1319,29,79,7,or
1,1320,69,59,2,not_implies
1,1321,60,7,1,and
1,1322,26,59,5,b
1,1323,50,84,4,not_implied_by
1,1324,12,17,9,not_xor
1,1325,66,76,4,not_implied_by
1,1326,4,77,0,zero
1,1327,52,68,13,implies
1,1328,13,24,13,implies
1,1329,54,71,7,or
1,1330,58,5,11,implied_by
1,1331,55,17,6,xor
1,1332,56,81,6,xor
1,1333,48,54,4,not_implied_by
1,1334,58,46,8,not_or
1,1335,10,32,13,implies
1,1336,46,33,14,not_and
1,1337,87,38,2,not_implies
1,1338,46,14,8,not_or
1,1339,5,23,13,implies
1,1340,86,22,9,not_xor
1,1341,19,42,6,xor
1,1342,71,45,12,not_a
1,1343,44,72,11,implied_by
1,1344,2,27,8,not_or
1,1345,59,76,9,not_xor
1,1346,27,46,4,not_implied_by
1,1347,71,4,15,one
1,1348,3,71,15,one
1,1349,24,18,13,implies
1,1350,1,2,10,not_b
1,1351,36,1,15,one
1,1352,57,0,6,xor
1,1353,65,56,7,or
1,1354,40,87,11,implied_by
1,1355,21,65,6,xor
1,1356,8,78,12,not_a
1,1357,82,45,1,and
1,1358,29,85,5,b
1,1359,40,65,13,implies
1,1360,40,33,12,not_a
1,1361,19,71,9,not_xor
1,1362,36,71,7,or
1,1363,52,65,11,implied_by
1,1364,43,40,15,one
1,1365,69,55,9,not_xor
1,1366,50,76,1,and
1,1367,11,31,13,implies
1,1368,54,25,14,not_and
1,1369,63,86,3,a
1,1370,25,28,4,not_implied_by
1,1371,9,76,5,b
1,1372,39,84,11,implied_by
1,1373,15,75,6,xor
1,1374,11,37,7,or
1,1375,35,3,15,one
1,1376,35,53,9,not_xor
1,1377,31,17,11,implied_by
1,1378,58,74,10,not_b
1,1379,15,49,2,not_implies
1,1380,89,23,15,one
1,1381,23,10,13,implies
1,1382,58,26,8,not_or
1,1383,57,47,10,not_b
1,1384,77,89,9,not_xor
1,1385,38,17,10,not_b
1,1386,68,38,11,implied_by
1,1387,46,25,12,not_a
1,1388,6,64,0,zero
1,1389,73,3,6,xor
1,1390,44,12,1,and
1,1391,49,87,11,implied_by
1,1392,61,9,5,b
1,1393,82,83,8,not_or
1,1394,17,85,13,implies
1,1395,81,18,9,not_xor
1,1396,58,69,14,not_and
1,1397,2,5,10,not_b
1,1398,60,71,11,implied_by
1,1399,27,42,3,a
1,1400,47,23,2,not_implies
1,1401,49,46,1,and
1,1402,84,20,12,not_a
1,1403,41,87,4,not_implied_by
1,1404,20,78,9,not_xor
1,1405,10,68,13,implies
1,1406,51,85,7,or
1,1407,19,63,15,one
1,1408,24,7,5,b
1,1409,30,7,12,not_a
1,1410,22,14,11,implied_by
1,1411,78,59,3,a
1,1412,27,35,8,not_or
1,1413,76,43,7,or
1,1414,70,20,10,not_b
1,1415,78,72,15,one
1,1416,60,29,13,implies
1,1417,72,81,12,not_a
1,1418,11,1,0,zero
1,1419,75,16,2,not_implies
1,1420,27,71,0,zero
1,1421,4,31,3,a
1,1422,47,67,8,not_or
1,1423,32,82,12,not_a
1,1424,56,12,4,not_implied_by
1,1425,44,36,9,not_xor
1,1426,34,64,12,not_a
1,1427,61,16,6,xor
1,1428,17,62,4,not_implied_by
1,1429,87,80,2,not_implies
1,1430,33,86,2,not_implies
1,1431,59,45,5,b
1,1432,37,61,3,a
1,1433,35,55,6,xor
1,1434,52,69,8,not_or
1,1435,42,81,3,a
1,1436,47,3,2,not_implies
1,1437,13,29,0,zero
1,1438,1,2,10,not_b
1,1439,88,5,9,not_xor
1,1440,13,76,2,not_implies
1,1441,52,58,7,or
1,1442,49,63,0,zero
1,1443,64,87,13,implies
1,1444,16,3,9,not_xor
1,1445,59,12,2,not_implies
1,1446,84,46,0,zero
1,1447,86,17,10,not_b
1,1448,65,56,3,a
1,1449,72,40,9,not_xor
1,1450,18,76,4,not_implied_by
1,1451,45,78,3,a
1,1452,41,58,15,one
1,1453,87,47,11,implied_by
1,1454,60,21,4,not_implied_by
1,1455,54,24,12,not_a
1,1456,12,28,5,b
1,1457,77,82,10,not_b
1,1458,18,83,6,xor
1,1459,45,41,7,or
1,1460,88,50,2,not_implies
1,1461,8,30,10,not_b
1,1462,35,27,6,xor
1,1463,25,1,12,not_a
1,1464,3,10,0,zero
1,1465,51,72,10,not_b
1,1466,14,45,4,not_implied_by
1,1467,67,46,15,one
1,1468,61,68,14,not_and
1,1469,57,2,9,not_xor
1,1470,46,41,9,not_xor
1,1471,26,24,0,zero
1,1472,24,61,9,not_xor
1,1473,43,11,15,one
1,1474,16,58,6,xor
1,1475,3,8,9,not_xor
1,1476,62,0,0,zero
1,1477,79,21,6,xor
1,1478,51,40,3,a
1,1479,53,1,0,zero
1,1480,57,76,10,not_b
1,1481,57,28,1,and
1,1482,64,4,4,not_implied_by
1,1483,47,26,6,xor
1,1484,23,14,14,not_and
1,1485,80,8,2,not_implies
1,1486,59,78,9,not_xor
1,1487,23,33,12,not_a
1,1488,28,44,8,not_or
1,1489,22,67,14,not_and
1,1490,43,15,6,xor
1,1491,61,44,11,implied_by
1,1492,35,29,12,not_a
1,1493,41,13,0,zero
1,1494,31,65,1,and
1,1495,2,18,9,not_xor
1,1496,10,50,4,not_implied_by
1,1497,67,71,11,implied_by
1,1498,31,76,5,b
1,1499,72,39,7,or
1,1500,15,69,15,one
1,1501,29,63,15,one
1,1502,73,20,13,implies
1,1503,55,53,6,xor
1,1504,59,69,11,implied_by
1,1505,49,71,10,not_b
1,1506,27,28,2,not_implies
1,1507,37,79,9,not_xor
1,1508,79,10,4,not_implied_by
1,1509,36,24,2,not_implies
1,1510,74,52,4,not_implied_by
1,1511,32,53,9,not_xor
1,1512,16,23,9,not_xor
1,1513,52,64,5,b
1,1514,27,13,13,implies
1,1515,26,78,2,not_implies
1,1516,70,15,2,not_implies
1,1517,34,7,7,or
1,1518,86,87,8,not_or
1,1519,43,83,11,implied_by
1,1520,17,63,12,not_a
1,1521,55,54,5,b
1,1522,40,60,6,xor
1,1523,39,6,9,not_xor
1,1524,6,0,10,not_b
1,1525,61,34,10,not_b
1,1526,67,68,15,one
1,1527,69,71,14,not_and
1,1528,48,45,0,zero
1,1529,16,18,14,not_and
1,1530,77,88,10,not_b
1,1531,60,24,8,not_or
1,1532,33,68,0,zero
1,1533,14,65,3,a
1,1534,10,42,13,implies
1,1535,7,70,14,not_and
1,1536,16,42,15,one
1,1537,88,63,10,not_b
1,1538,12,43,11,implied_by
1,1539,61,29,9,not_xor
1,1540,83,32,14,not_and
1,1541,3,14,11,implied_by
1,1542,13,28,15,one
1,1543,31,5,0,zero
1,1544,81,73,9,not_xor
1,1545,22,49,14,not_and
1,1546,45,32,7,or
1,1547,83,9,4,not_implied_by
1,1548,20,37,12,not_a
1,1549,21,21,9,not_xor
1,1550,12,62,13,implies
1,1551,3,45,1,and
1,1552,30,26,1,and
1,1553,58,12,2,not_implies
1,1554,27,54,7,or
1,1555,46,20,2,not_implies
1,1556,37,34,8,not_or
1,1557,29,8,4,not_implied_by
1,1558,86,15,0,zero
1,1559,22,21,5,b
1,1560,34,26,7,or
1,1561,51,18,8,not_or
1,1562,50,86,6,xor
1,1563,4,87,10,not_b
1,1564,86,51,8,not_or
1,1565,29,70,13,implies
1,1566,69,77,6,xor
1,1567,51,1,15,one
1,1568,82,5,2,not_implies
1,1569,57,71,1,and
1,1570,35,0,9,not_xor
1,1571,12,32,0,zero
1,1572,68,37,13,implies
1,1573,67,28,7,or
1,1574,61,56,4,not_implied_by
1,1575,57,79,8,not_or
1,1576,1,87,0,zero
1,1577,57,53,10,not_b
1,1578,42,73,2,not_implies
1,1579,28,19,9,not_xor
1,1580,76,61,6,xor
1,1581,60,78,7,or
1,1582,45,45,13,implies
1,1583,12,88,9,not_xor
1,1584,40,66,1,and
1,1585,31,55,11,implied_by
1,1586,71,60,1,and
1,1587,67,6,10,not_b
1,1588,42,43,10,not_b
1,1589,48,38,2,not_implies
1,1590,49,15,6,xor
1,1591,7,37,12,not_a
1,1592,65,45,5,b
1,1593,68,33,12,not_a
1,1594,44,24,6,xor
1,1595,44,73,4,not_implied_by
1,1596,26,83,11,implied_by
1,1597,73,60,15,one
1,1598,37,35,7,or
1,1599,86,71,1,and
1,1600,47,12,9,not_xor
1,1601,47,39,7,or
1,1602,66,61,5,b
1,1603,0,73,8,not_or
1,1604,27,25,1,and
1,1605,38,10,9,not_xor
1,1606,3,58,0,zero
1,1607,78,14,5,b
1,1608,81,79,13,implies
1,1609,42,76,6,xor
1,1610,78,89,3,a
1,1611,75,51,12,not_a
1,1612,59,51,12,not_a
1,1613,17,32,13,implies
1,1614,59,28,4,not_implied_by
1,1615,3,13,4,not_implied_by
1,1616,19,11,6,xor
1,1617,20,63,13,implies
1,1618,39,43,1,and
1,1619,8,0,11,implied_by
1,1620,68,71,9,not_xor
1,1621,13,13,15,one
1,1622,22,13,10,not_b
1,1623,29,84,7,or
1,1624,27,23,12,not_a
1,1625,14,18,7,or
1,1626,34,80,6,xor
1,1627,22,13,1,and
1,1628,33,66,11,implied_by
1,1629,51,49,0,zero
1,1630,12,23,11,implied_by
1,1631,14,19,9,not_xor
1,1632,18,26,4,not_implied_by
1,1633,2,1,15,one
1,1634,11,75,15,one
1,1635,45,75,6,xor
1,1636,28,85,12,not_a
1,1637,33,44,1,and
1,1638,12,59,14,not_and
1,1639,64,77,4,not_implied_by
1,1640,79,40,1,and
1,1641,77,56,11,implied_by
1,1642,14,78,9,not_xor
1,1643,31,39,0,zero
1,1644,50,42,6,xor
1,1645,83,57,7,or
1,1646,26,52,11,implied_by
1,1647,82,41,8,not_or
1,1648,64,41,15,one
1,1649,56,64,7,or
1,1650,51,12,6,xor
1,1651,38,84,7,or
1,1652,52,62,10,not_b
1,1653,7,71,15,one
1,1654,6,17,2,not_implies
1,1655,50,16,1,and
1,1656,9,14,15,one
1,1657,13,5,0,zero
1,1658,27,16,8,not_or
1,1659,70,81,7,or
1,1660,1,12,9,not_xor
1,1661,27,72,6,xor
1,1662,3,52,3,a
1,1663,81,71,2,not_implies
1,1664,66,35,4,not_implied_by
1,1665,3,83,11,implied_by
1,1666,67,52,9,not_xor
1,1667,1,26,3,a
1,1668,35,82,10,not_b
1,1669,1,5,11,implied_by
1,1670,59,86,10,not_b
1,1671,7,2,14,not_and
1,1672,13,3,6,xor
1,1673,8,3,0,zero
1,1674,67,81,6,xor
1,1675,82,28,10,not_b
1,1676,28,43,3,a
1,1677,13,7,8,not_or
1,1678,27,33,9,not_xor
1,1679,82,83,1,and
1,1680,11,4,13,implies
1,1681,1,34,11,implied_by
1,1682,64,41,11,implied_by
1,1683,14,54,14,not_and
1,1684,33,31,7,or
1,1685,6,15,5,b
1,1686,49,10,9,not_xor
1,1687,84,64,15,one
1,1688,39,33,7,or
1,1689,19,54,3,a
1,1690,11,77,6,xor
1,1691,64,14,10,not_b
1,1692,2,40,12,not_a
1,1693,39,69,11,implied_by
1,1694,51,56,2,not_implies
1,1695,51,32,14,not_and
1,1696,31,89,14,not_and
1,1697,51,62,3,a
1,1698,24,11,11,implied_by
1,1699,15,51,4,not_implied_by
1,1700,46,67,12,not_a
1,1701,38,19,9,not_xor
1,1702,49,33,2,not_implies
1,1703,5,5,4,not_implied_by
1,1704,54,52,3,a
1,1705,22,68,7,or
1,1706,77,55,5,b
1,1707,77,11,0,zero
1,1708,82,7,6,xor
1,1709,0,10,9,not_xor
1,1710,6,18,14,not_and
1,1711,87,64,7,or
1,1712,25,26,4,not_implied_by
1,1713,8,73,0,zero
1,1714,51,29,4,not_implied_by
1,1715,1,39,6,xor
1,1716,81,78,9,not_xor
1,1717,14,47,0,zero
1,1718,36,40,10,not_b
1,1719,17,63,0,zero
1,1720,19,51,8,not_or
1,1721,46,78,6,xor
1,1722,13,71,6,xor
1,1723,84,75,2,not_implies
1,1724,64,49,11,implied_by
1,1725,76,33,11,implied_by
1,1726,87,80,3,a
1,1727,52,33,6,xor
1,1728,47,20,15,one
1,1729,84,10,12,not_a
1,1730,36,15,5,b
1,1731,29,3,6,xor
1,1732,60,58,14,not_and
1,1733,84,76,2,not_implies
1,1734,56,17,12,not_a
1,1735,71,77,9,not_xor
1,1736,21,60,13,implies
1,1737,13,86,11,implied_by
1,1738,1,23,11,implied_by
1,1739,25,31,11,implied_by
1,1740,87,86,9,not_xor
1,1741,39,63,11,implied_by
1,1742,45,30,7,or
1,1743,36,5,13,implies
1,1744,16,62,14,not_and
1,1745,55,77,8,not_or
1,1746,41,31,11,implied_by
1,1747,77,58,9,not_xor
1,1748,18,76,7,or
1,1749,62,31,7,or
1,1750,63,74,6,xor
1,1751,9,7,6,xor
1,1752,50,39,2,not_implies
1,1753,12,13,9,not_xor
1,1754,39,77,3,a
1,1755,38,54,4,not_implied_by
1,1756,62,17,5,b
1,1757,15,54,2,not_implies
1,1758,42,89,6,xor
1,1759,63,22,3,a
1,1760,80,75,9,not_xor
1,1761,4,56,12,not_a
1,1762,78,11,7,or
1,1763,80,15,4,not_implied_by
1,1764,82,80,6,xor
1,1765,42,4,15,one
1,1766,49,72,2,not_implies
1,1767,47,5,8,not_or
1,1768,45,55,1,and
1,1769,87,1,7,or
1,1770,25,82,9,not_xor
1,1771,43,81,10,not_b
1,1772,31,85,8,not_or
1,1773,72,38,0,zero
1,1774,64,69,4,not_implied_by
1,1775,6,6,6,xor
1,1776,60,48,2,not_implies
1,1777,37,17,9,not_xor
1,1778,64,84,2,not_implies
1,1779,47,74,0,zero
1,1780,50,2,10,not_b
1,1781,47,68,5,b
1,1782,83,25,4,not_implied_by
1,1783,79,8,13,implies
1,1784,40,16,12,not_a
1,1785,20,72,5,b
1,1786,18,11,9,not_xor
1,1787,20,23,2,not_implies
1,1788,87,52,11,implied_by
1,1789,83,17,14,not_and
1,1790,50,0,5,b
1,1791,9,7,5,b
1,1792,7,83,4,not_implied_by
1,1793,87,35,5,b
1,1794,67,17,8,not_or
1,1795,67,66,1,and
1,1796,45,17,12,not_a
1,1797,10,5,14,not_and
1,1798,59,5,9,not_xor
1,1799,33,67,13,implies
1,1800,6,69,11,implied_by
1,1801,10,64,2,not_implies
1,1802,16,27,3,a
1,1803,56,26,0,zero
1,1804,38,66,6,xor
1,1805,6,31,11,implied_by
1,1806,3,1,15,one
1,1807,60,54,3,a
1,1808,24,69,13,implies
1,1809,55,34,3,a
1,1810,39,19,11,implied_by
1,1811,27,16,9,not_xor
1,1812,50,64,4,not_implied_by
1,1813,36,69,15,one
1,1814,74,58,2,not_implies
1,1815,12,64,3,a
1,1816,28,87,4,not_implied_by
1,1817,81,68,11,implied_by
1,1818,20,61,14,not_and
1,1819,33,81,12,not_a
1,1820,73,10,12,not_a
1,1821,62,3,14,not_and
1,1822,55,54,12,not_a
1,1823,57,62,10,not_b
1,1824,63,87,2,not_implies
1,1825,64,66,5,b
1,1826,34,67,15,one
1,1827,69,27,13,implies
1,1828,16,4,9,not_xor
1,1829,6,17,3,a
1,1830,23,61,13,implies
1,1831,83,1,9,not_xor
1,1832,85,70,8,not_or
1,1833,33,89,6,xor
1,1834,67,22,6,xor
1,1835,29,16,10,not_b
1,1836,23,40,9,not_xor
1,1837,64,22,6,xor
1,1838,65,57,8,not_or
1,1839,70,14,6,xor
1,1840,88,67,4,not_implied_by
1,1841,46,55,15,one
1,1842,75,58,5,b
1,1843,4,55,1,and
1,1844,56,42,6,xor
1,1845,81,30,0,zero
1,1846,12,8,0,zero
1,1847,86,73,15,one
1,1848,32,47,15,one
1,1849,57,20,12,not_a
1,1850,73,16,14,not_and
1,1851,16,75,7,or
1,1852,81,4,3,a
1,1853,61,32,7,or
1,1854,20,9,4,not_implied_by
1,1855,76,78,14,not_and
1,1856,89,84,12,not_a
1,1857,77,53,8,not_or
1,1858,5,85,12,not_a
1,1859,53,57,0,zero
1,1860,66,47,9,not_xor
1,1861,35,36,0,zero
1,1862,33,61,2,not_implies
1,1863,38,1,1,and
1,1864,82,88,15,one
1,1865,47,64,10,not_b
1,1866,77,75,4,not_implied_by
1,1867,34,12,15,one
1,1868,86,57,13,implies
1,1869,72,55,7,or
1,1870,18,63,12,not_a
1,1871,4,76,15,one
1,1872,21,30,6,xor
1,1873,16,66,10,not_b
1,1874,19,26,4,not_implied_by
1,1875,10,75,10,not_b
1,1876,38,83,2,not_implies
1,1877,18,48,15,one
1,1878,66,66,0,zero
1,1879,84,88,0,zero
1,1880,23,27,0,zero
1,1881,89,16,1,and
1,1882,9,56,2,not_implies
1,1883,49,11,3,a
1,1884,79,47,4,not_implied_by
1,1885,60,60,3,a
1,1886,3,3,11,implied_by
1,1887,14,66,4,not_implied_by
1,1888,16,33,11,implied_by
1,1889,71,81,15,one
1,1890,88,4,6,xor
1,1891,73,78,6,xor
1,1892,38,20,13,implies
1,1893,3,7,9,not_xor
1,1894,89,7,0,zero
1,1895,21,28,15,one
1,1896,18,83,13,implies
1,1897,50,23,3,a
1,1898,33,0,14,not_and
1,1899,71,41,2,not_implies
1,1900,6,37,7,or
1,1901,74,8,6,xor
1,1902,41,87,9,not_xor
1,1903,83,56,6,xor
1,1904,87,46,8,not_or
1,1905,70,43,13,implies
1,1906,63,29,8,not_or
1,1907,39,71,15,one
1,1908,4,18,11,implied_by
1,1909,48,52,12,not_a
1,1910,15,42,10,not_b
1,1911,20,12,10,not_b
1,1912,23,36,12,not_a
1,1913,49,46,8,not_or
1,1914,11,20,10,not_b
1,1915,54,47,6,xor
1,1916,85,21,11,implied_by
1,1917,40,29,13,implies
1,1918,59,71,2,not_implies
1,1919,39,84,6,xor
1,1920,89,23,2,not_implies
1,1921,54,39,5,b
1,1922,83,0,5,b
1,1923,25,17,9,not_xor
1,1924,50,35,3,a
1,1925,42,83,9,not_xor
1,1926,58,82,3,a
1,1927,88,49,9,not_xor
1,1928,17,4,8,not_or
1,1929,52,74,15,one
1,1930,70,59,15,one
1,1931,1,31,12,not_a
1,1932,26,36,3,a
1,1933,50,41,6,xor
1,1934,54,3,8,not_or
1,1935,65,58,15,one
1,1936,31,52,0,zero
1,1937,1,22,4,not_implied_by
1,1938,7,55,10,not_b
1,1939,41,86,9,not_xor
1,1940,22,60,4,not_implied_by
1,1941,34,46,12,not_a
1,1942,16,32,3,a
1,1943,61,54,15,one
1,1944,82,82,0,zero
1,1945,10,50,6,xor
1,1946,19,34,1,and
1,1947,66,34,8,not_or
1,1948,19,81,14,not_and
1,1949,29,36,7,or
1,1950,76,33,10,not_b
1,1951,13,5,13,implies
1,1952,20,10,6,xor
1,1953,79,12,9,not_xor
1,1954,77,65,6,xor
1,1955,69,2,9,not_xor
1,1956,61,3,11,implied_by
1,1957,38,75,8,not_or
1,1958,46,18,14,not_and
1,1959,43,75,14,not_and
1,1960,32,53,12,not_a
1,1961,54,54,10,not_b
1,1962,21,19,6,xor
1,1963,25,13,1,and
1,1964,30,20,1,and
1,1965,50,48,1,and
1,1966,25,29,0,zero
1,1967,45,43,10,not_b
1,1968,62,79,14,not_and
1,1969,13,40,9,not_xor
1,1970,74,2,14,not_and
1,1971,66,15,12,not_a
1,1972,24,38,10,not_b
1,1973,51,70,12,not_a
1,1974,85,27,14,not_and
1,1975,34,19,1,and
1,1976,67,16,12,not_a
1,1977,56,60,2,not_implies
1,1978,4,5,5,b
1,1979,49,9,0,zero
1,1980,13,85,2,not_implies
1,1981,29,85,0,zero
1,1982,71,56,10,not_b
1,1983,41,14,8,not_or
1,1984,47,77,6,xor
1,1985,79,25,12,not_a
1,1986,48,2,10,not_b
1,1987,81,18,9,not_xor
1,1988,20,18,9,not_xor
1,1989,89,54,15,one
1,1990,29,16,10,not_b
1,1991,61,73,7,or
1,1992,80,60,7,or
1,1993,18,34,2,not_implies
1,1994,31,78,8,not_or
1,1995,7,51,5,b
1,1996,67,78,11,implied_by
1,1997,50,58,5,b
1,1998,81,38,9,not_xor
1,1999,28,63,7,or
1,2000,42,87,11,implied_by
1,2001,66,33,9,not_xor
1,2002,88,18,15,one
1,2003,35,55,7,or
1,2004,14,52,9,not_xor
1,2005,61,53,2,not_implies
1,2006,60,80,13,implies
1,2007,46,57,11,implied_by
1,2008,54,14,3,a
1,2009,22,43,9,not_xor
1,2010,55,68,3,a
1,2011,30,43,0,zero
1,2012,55,32,2,not_implies
1,2013,14,78,12,not_a
1,2014,39,58,10,not_b
1,2015,80,86,9,not_xor
1,2016,30,5,0,zero
1,2017,85,82,7,or
1,2018,67,19,8,not_or
1,2019,33,71,4,not_implied_by
1,2020,8,50,9,not_xor
1,2021,42,43,6,xor
1,2022,14,83,14,not_and
1,2023,66,68,2,not_implies
1,2024,88,86,3,a
1,2025,32,50,10,not_b
1,2026,49,50,7,or
1,2027,72,89,13,implies
1,2028,22,35,0,zero
1,2029,12,11,4,not_implied_by
1,2030,61,29,15,one
1,2031,22,15,11,implied_by
1,2032,40,31,8,not_or
1,2033,45,6,11,implied_by
1,2034,26,18,6,xor
1,2035,89,70,7,or
1,2036,43,51,15,one
1,2037,78,34,14,not_and
1,2038,29,79,0,zero
1,2039,27,68,0,zero
1,2040,31,65,0,zero
1,2041,66,27,13,implies
1,2042,50,84,9,not_xor
1,2043,35,0,8,not_or
1,2044,85,35,6,xor
1,2045,71,56,5,b
1,2046,35,27,3,a
1,2047,71,47,15,one
1,2048,82,20,8,not_or
1,2049,23,89,5,b
1,2050,22,72,2,not_implies
1,2051,22,55,8,not_or
1,2052,85,43,0,zero
1,2053,86,0,14,not_and
1,2054,9,61,8,not_or
1,2055,1,8,2,not_implies
1,2056,50,48,1,and
1,2057,75,32,14,not_and
1,2058,19,7,11,implied_by
1,2059,48,16,13,implies
1,2060,2,8,13,implies
1,2061,87,45,5,b
1,2062,56,33,15,one
1,2063,76,79,10,not_b
1,2064,7,80,15,one
1,2065,79,80,11,implied_by
1,2066,75,43,9,not_xor
1,2067,37,55,0,zero
1,2068,61,33,11,implied_by
1,2069,15,50,9,not_xor
1,2070,53,22,9,not_xor
1,2071,4,88,9,not_xor
1,2072,51,66,8,not_or
1,2073,56,73,13,implies
1,2074,11,12,5,b
1,2075,83,59,14,not_and
1,2076,86,63,4,not_implied_by
1,2077,69,71,7,or
1,2078,34,57,7,or
1,2079,71,70,8,not_or
1,2080,77,70,14,not_and
1,2081,48,65,1,and
1,2082,82,88,10,not_b
1,2083,37,76,5,b
1,2084,87,72,14,not_and
1,2085,80,88,12,not_a
1,2086,70,81,11,implied_by
1,2087,82,32,15,one
1,2088,75,12,1,and
1,2089,25,45,3,a
1,2090,28,30,8,not_or
1,2091,35,79,11,implied_by
1,2092,3,55,9,not_xor
1,2093,68,74,13,implies
1,2094,55,81,13,implies
1,2095,79,85,6,xor
1,2096,0,43,8,not_or
1,2097,55,4,1,and
1,2098,2,64,2,not_implies
1,2099,34,47,5,b
1,2100,57,32,6,xor
1,2101,44,67,15,one
1,2102,19,25,8,not_or
1,2103,78,38,3,a
1,2104,14,71,13,implies
1,2105,62,2,14,not_and
1,2106,41,63,12,not_a
1,2107,27,49,14,not_and
1,2108,69,6,2,not_implies
1,2109,82,34,4,not_implied_by
1,2110,2,70,0,zero
1,2111,56,53,8,not_or
1,2112,40,57,5,b
1,2113,39,74,1,and
1,2114,62,18,10,not_b
1,2115,61,62,8,not_or
1,2116,73,34,0,zero
1,2117,55,71,8,not_or
1,2118,18,5,13,implies
1,2119,49,41,8,not_or
1,2120,3,7,3,a
1,2121,83,10,11,implied_by
1,2122,21,70,2,not_implies
1,2123,2,13,5,b
1,2124,47,22,6,xor
1,2125,18,3,6,xor
1,2126,83,17,0,zero
1,2127,22,88,6,xor
1,2128,49,89,9,not_xor
1,2129,65,55,10,not_b
1,2130,59,75,3,a
1,2131,49,27,14,not_and
1,2132,46,10,3,a
1,2133,31,81,2,not_implies
1,2134,79,76,11,implied_by
1,2135,36,37,13,implies
1,2136,31,3,0,zero
1,2137,50,71,0,zero
1,2138,9,27,5,b
1,2139,87,39,6,xor
1,2140,4,32,15,one
1,2141,63,51,0,zero
1,2142,29,42,1,and
1,2143,44,17,0,zero
1,2144,29,63,5,b
1,2145,31,75,12,not_a
1,2146,10,88,0,zero
1,2147,14,29,9,not_xor
1,2148,1,40,9,not_xor
1,2149,5,77,6,xor
1,2150,2,62,10,not_b
1,2151,54,29,9,not_xor
1,2152,35,37,11,implied_by
1,2153,64,14,11,implied_by
1,2154,58,59,3,a
1,2155,35,44,10,not_b
1,2156,44,78,7,or
1,2157,1,66,12,not_a
1,2158,70,21,8,not_or
1,2159,9,81,13,implies
1,2160,18,17,14,not_and
1,2161,3,63,8,not_or
1,2162,35,26,15,one
1,2163,85,17,15,one
1,2164,48,54,10,not_b
1,2165,74,4,13,implies
1,2166,60,45,13,implies
1,2167,62,13,15,one
1,2168,43,59,9,not_xor
1,2169,26,36,7,or
1,2170,12,7,14,not_and
1,2171,20,81,13,implies
1,2172,74,68,9,not_xor
1,2173,83,14,9,not_xor
1,2174,5,30,7,or
1,2175,4,78,10,not_b
1,2176,58,68,1,and
1,2177,4,62,7,or
1,2178,61,37,1,and
1,2179,73,34,6,xor
1,2180,25,19,4,not_implied_by
1,2181,86,66,1,and
1,2182,43,70,8,not_or
1,2183,66,36,1,and
1,2184,70,37,3,a
1,2185,61,37,10,not_b
1,2186,42,69,9,not_xor
1,2187,26,17,15,one
1,2188,34,42,2,not_implies
1,2189,43,72,12,not_a
1,2190,18,88,7,or
1,2191,78,4,3,a
1,2192,66,5,6,xor
1,2193,41,26,9,not_xor
1,2194,86,26,13,implies
1,2195,36,41,0,zero
1,2196,38,40,8,not_or
1,2197,15,72,3,a
1,2198,72,12,8,not_or
1,2199,1,46,4,not_implied_by
1,2200,47,7,0,zero
1,2201,13,18,9,not_xor
1,2202,50,53,4,not_implied_by
1,2203,40,82,8,not_or
1,2204,1,30,3,a
1,2205,14,10,11,implied_by
1,2206,14,80,7,or
1,2207,53,48,2,not_implies
1,2208,17,84,9,not_xor
1,2209,23,70,13,implies
1,2210,86,43,1,and
1,2211,15,17,10,not_b
1,2212,68,26,3,a
1,2213,2,13,1,and
1,2214,70,40,8,not_or
1,2215,66,36,13,implies
1,2216,9,48,13,implies
1,2217,37,19,5,b
1,2218,40,36,4,not_implied_by
1,2219,63,38,12,not_a
1,2220,38,41,15,one
1,2221,6,66,5,b
1,2222,25,63,1,and
1,2223,44,19,12,not_a
1,2224,71,15,5,b
1,2225,35,45,3,a
1,2226,67,51,4,not_implied_by
1,2227,55,24,11,implied_by
1,2228,80,2,6,xor
1,2229,18,88,4,not_implied_by
1,2230,53,62,2,not_implies
1,2231,45,89,5,b
1,2232,72,16,0,zero
1,2233,70,34,2,not_implies
1,2234,74,67,2,not_implies
1,2235,36,56,11,implied_by
1,2236,6,86,8,not_or
1,2237,75,69,9,not_xor
1,2238,21,1,10,not_b
1,2239,88,11,8,not_or
1,2240,49,79,5,b
1,2241,38,33,11,implied_by
1,2242,81,72,14,not_and
1,2243,17,57,1,and
1,2244,46,53,2,not_implies
1,2245,60,15,6,xor
1,2246,7,80,10,not_b
1,2247,79,64,8,not_or
1,2248,85,30,4,not_implied_by
1,2249,58,61,15,one
1,2250,2,79,2,not_implies
1,2251,26,40,6,xor
1,2252,54,40,1,and
1,2253,56,71,3,a
1,2254,24,79,13,implies
1,2255,68,50,11,implied_by
1,2256,77,14,13,implies
1,2257,82,4,6,xor
1,2258,22,29,2,not_implies
1,2259,65,43,14,not_and
1,2260,60,26,3,a
1,2261,10,52,4,not_implied_by
1,2262,51,3,5,b
1,2263,6,1,5,b
1,2264,28,28,7,or
1,2265,68,54,12,not_a
1,2266,60,57,11,implied_by
1,2267,22,38,3,a
1,2268,78,43,0,zero
1,2269,25,21,0,zero
1,2270,0,30,13,implies
1,2271,71,81,13,implies
1,2272,10,12,9,not_xor
1,2273,63,24,9,not_xor
1,2274,21,37,6,xor
1,2275,52,64,15,one
1,2276,18,39,7,or
1,2277,15,37,10,not_b
1,2278,24,18,9,not_xor
1,2279,42,58,15,one
1,2280,55,57,13,implies
1,2281,56,65,12,not_a
1,2282,78,79,4,not_implied_by
1,2283,25,55,3,a
1,2284,85,2,7,or
1,2285,3,75,12,not_a
1,2286,56,16,10,not_b
1,2287,36,89,8,not_or
1,2288,39,19,1,and
1,2289,5,55,10,not_b
1,2290,65,9,6,xor
1,2291,44,63,9,not_xor
1,2292,21,60,3,a
1,2293,4,78,6,xor
1,2294,5,7,0,zero
1,2295,45,45,13,implies
1,2296,2,49,15,one
1,2297,79,58,12,not_a
1,2298,13,14,6,xor
1,2299,38,57,12,not_a
1,2300,0,66,0,zero
1,2301,78,40,15,one
1,2302,34,61,11,implied_by
1,2303,37,35,12,not_a
1,2304,60,48,9,not_xor
1,2305,39,37,7,or
1,2306,71,75,6,xor
1,2307,10,77,9,not_xor
1,2308,86,34,8,not_or
1,2309,75,32,1,and
1,2310,13,42,4,not_implied_by
1,2311,82,19,15,one
1,2312,9,63,9,not_xor
1,2313,63,3,7,or
1,2314,2,19,6,xor
1,2315,5,63,2,not_implies
1,2316,66,72,6,xor
1,2317,28,66,7,or
1,2318,1,16,11,implied_by
1,2319,70,13,6,xor
1,2320,14,49,4,not_implied_by
1,2321,55,16,6,xor
1,2322,52,9,7,or
1,2323,61,56,14,not_and
1,2324,35,3,12,not_a
1,2325,79,38,2,not_implies
1,2326,31,56,11,implied_by
1,2327,82,51,15,one
1,2328,3,2,3,a
1,2329,68,81,11,implied_by
1,2330,67,66,1,and
1,2331,83,48,11,implied_by
1,2332,40,86,6,xor
1,2333,43,15,4,not_implied_by
1,2334,15,16,11,implied_by
1,2335,56,37,9,not_xor
1,2336,33,34,14,not_and
1,2337,59,54,10,not_b
1,2338,86,21,6,xor
1,2339,84,44,1,and
1,2340,80,74,9,not_xor
1,2341,12,61,6,xor
1,2342,48,48,13,implies
1,2343,61,18,0,zero
1,2344,47,37,0,zero
1,2345,26,71,0,zero
1,2346,55,6,0,zero
1,2347,33,70,15,one
1,2348,62,8,2,not_implies
1,2349,70,53,8,not_or
1,2350,67,8,0,zero
1,2351,55,84,4,not_implied_by
1,2352,70,86,10,not_b
1,2353,72,10,11,implied_by
1,2354,57,0,11,implied_by
1,2355,17,1,0,zero
1,2356,85,45,11,implied_by
1,2357,18,31,4,not_implied_by
1,2358,48,31,2,not_implies
1,2359,30,2,2,not_implies
1,2360,1,22,12,not_a
1,2361,25,78,3,a
1,2362,35,59,9,not_xor
1,2363,89,85,0,zero
1,2364,13,68,1,and
1,2365,2,24,10,not_b
1,2366,58,84,0,zero
1,2367,64,89,14,not_and
1,2368,44,14,2,not_implies
1,2369,66,50,7,or
1,2370,12,30,3,a
1,2371,20,85,6,xor
1,2372,13,28,7,or
1,2373,84,66,15,one
1,2374,59,10,5,b
1,2375,44,63,8,not_or
1,2376,43,27,9,not_xor
1,2377,4,39,15,one
1,2378,40,26,6,xor
1,2379,45,30,10,not_b
1,2380,46,0,6,xor
1,2381,33,44,3,a
1,2382,61,35,1,and
1,2383,31,18,11,implied_by
1,2384,0,0,4,not_implied_by
1,2385,58,69,8,not_or
1,2386,23,7,12,not_a
1,2387,28,77,10,not_b
1,2388,87,3,5,b
1,2389,9,59,14,not_and
1,2390,46,73,7,or
1,2391,87,35,9,not_xor
1,2392,62,69,4,not_implied_by
1,2393,15,65,11,implied_by
1,2394,30,25,15,one
1,2395,37,88,6,xor
1,2396,44,61,4,not_implied_by
1,2397,51,51,13,implies
1,2398,22,70,10,not_b
1,2399,68,78,12,not_a
1,2400,49,84,7,or
1,2401,58,10,1,and
1,2402,21,12,9,not_xor
1,2403,77,73,12,not_a
1,2404,33,75,14,not_and
1,2405,33,19,13,implies
1,2406,52,32,15,one
1,2407,34,24,8,not_or
1,2408,81,56,13,implies
1,2409,69,79,2,not_implies
1,2410,55,46,9,not_xor
1,2411,73,0,6,xor
1,2412,78,82,5,b
1,2413,55,4,2,not_implies
1,2414,62,63,14,not_and
1,2415,14,9,12,not_a
1,2416,24,1,6,xor
1,2417,47,42,5,b
1,2418,35,24,7,or
1,2419,63,76,5,b
1,2420,29,64,12,not_a
1,2421,20,0,11,implied_by
1,2422,65,31,8,not_or
1,2423,63,1,8,not_or
1,2424,81,3,10,not_b
1,2425,72,79,2,not_implies
1,2426,13,35,7,or
1,2427,50,12,4,not_implied_by
1,2428,2,4,2,not_implies
1,2429,48,31,3,a
1,2430,59,79,8,not_or
1,2431,10,10,13,implies
1,2432,53,85,13,implies
1,2433,61,55,6,xor
1,2434,36,32,4,not_implied_by
1,2435,12,8,0,zero
1,2436,4,57,0,zero
1,2437,59,36,3,a
1,2438,32,82,10,not_b
1,2439,70,15,5,b
1,2440,78,30,14,not_and
1,2441,72,33,3,a
1,2442,33,40,15,one
1,2443,80,12,12,not_a
1,2444,21,41,8,not_or
1,2445,79,66,10,not_b
1,2446,0,30,2,not_implies
1,2447,65,46,14,not_and
1,2448,76,28,1,and
1,2449,78,69,6,xor
1,2450,59,21,15,one
1,2451,11,89,11,implied_by
1,2452,62,75,3,a
1,2453,20,83,12,not_a
1,2454,41,1,0,zero
1,2455,87,47,4,not_implied_by
1,2456,76,39,5,b
1,2457,27,4,2,not_implies
1,2458,10,65,8,not_or
1,2459,48,31,4,not_implied_by
1,2460,56,82,15,one
1,2461,82,15,6,xor
1,2462,59,50,14,not_and
1,2463,1,35,7,or
1,2464,56,72,13,implies
1,2465,78,34,2,not_implies
1,2466,57,9,3,a
1,2467,28,24,14,not_and
1,2468,43,29,6,xor
1,2469,74,61,9,not_xor
1,2470,27,77,2,not_implies
1,2471,16,58,5,b
1,2472,29,15,9,not_xor
1,2473,68,63,12,not_a
1,2474,60,4,9,not_xor
1,2475,86,79,2,not_implies
1,2476,9,55,15,one
1,2477,64,30,10,not_b
1,2478,0,64,2,not_implies
1,2479,89,27,5,b
1,2480,53,57,0,zero
1,2481,3,55,1,and
1,2482,40,24,9,not_xor
1,2483,84,39,6,xor
1,2484,77,64,10,not_b
1,2485,48,15,0,zero
1,2486,28,23,1,and
1,2487,62,50,7,or
1,2488,81,60,0,zero
1,2489,35,6,3,a
1,2490,29,11,8,not_or
1,2491,60,26,3,a
1,2492,34,39,4,not_implied_by
1,2493,31,51,3,a
1,2494,11,6,12,not_a
1,2495,74,52,15,one
1,2496,5,69,6,xor
1,2497,14,8,12,not_a
1,2498,84,39,5,b
1,2499,41,10,5,b
1,2500,10,0,8,not_or
1,2501,73,43,11,implied_by
1,2502,22,72,3,a
1,2503,15,75,3,a
1,2504,84,66,3,a
1,2505,86,16,12,not_a
1,2506,85,25,1,and
1,2507,21,27,4,not_implied_by
1,2508,88,1,10,not_b
1,2509,45,74,10,not_b
1,2510,79,58,8,not_or
1,2511,49,52,13,implies
1,2512,64,89,9,not_xor
1,2513,4,41,2,not_implies
1,2514,48,80,4,not_implied_by
1,2515,68,80,11,implied_by
1,2516,81,26,13,implies
1,2517,61,11,12,not_a
1,2518,35,40,15,one
1,2519,45,67,7,or
1,2520,39,3,3,a
1,2521,30,21,7,or
1,2522,56,62,6,xor
1,2523,85,81,3,a
1,2524,79,72,3,a
1,2525,76,68,13,implies
1,2526,59,66,6,xor
1,2527,18,27,6,xor
1,2528,82,47,10,not_b
1,2529,57,74,15,one
1,2530,88,23,11,implied_by
1,2531,80,66,3,a
1,2532,6,84,4,not_implied_by
1,2533,45,87,12,not_a
1,2534,57,13,3,a
1,2535,39,34,2,not_implies
1,2536,52,55,1,and
1,2537,53,67,0,zero
1,2538,47,14,12,not_a
1,2539,71,51,0,zero
1,2540,6,59,5,b
1,2541,39,25,2,not_implies
1,2542,61,80,5,b
1,2543,21,72,9,not_xor
1,2544,21,62,11,implied_by
1,2545,57,3,8,not_or
1,2546,47,39,7,or
1,2547,81,42,1,and
1,2548,38,80,4,not_implied_by
1,2549,71,60,1,and
1,2550,24,30,6,xor
1,2551,23,20,12,not_a
1,2552,22,67,11,implied_by
1,2553,1,19,6,xor
1,2554,61,30,11,implied_by
1,2555,67,24,14,not_and
1,2556,56,43,9,not_xor
1,2557,23,7,8,not_or
1,2558,53,28,14,not_and
1,2559,53,36,7,or
1,2560,1,34,8,not_or
1,2561,18,35,13,implies
1,2562,41,40,12,not_a
1,2563,11,37,11,implied_by
1,2564,33,74,12,not_a
1,2565,37,69,13,implies
1,2566,89,15,8,not_or
1,2567,26,26,9,not_xor
1,2568,36,32,0,zero
1,2569,67,31,8,not_or
1,2570,17,46,9,not_xor
1,2571,7,89,10,not_b
1,2572,64,68,6,xor
1,2573,13,85,0,zero
1,2574,36,24,13,implies
1,2575,30,74,14,not_and
1,2576,83,7,4,not_implied_by
1,2577,6,72,11,implied_by
1,2578,23,50,9,not_xor
1,2579,86,74,9,not_xor
1,2580,75,62,10,not_b
1,2581,38,20,0,zero
1,2582,49,55,11,implied_by
1,2583,52,12,3,a
1,2584,87,0,10,not_b
1,2585,40,32,11,implied_by
1,2586,74,85,0,zero
1,2587,82,4,7,or
1,2588,29,44,7,or
1,2589,13,27,12,not_a
1,2590,38,22,6,xor
1,2591,77,89,9,not_xor
1,2592,28,29,4,not_implied_by
1,2593,55,27,12,not_a
1,2594,40,47,9,not_xor
1,2595,62,52,12,not_a
1,2596,89,61,1,and
1,2597,48,44,4,not_implied_by
1,2598,87,25,4,not_implied_by
1,2599,38,22,7,or
1,2600,68,15,1,and
1,2601,1,24,7,or
1,2602,70,35,15,one
1,2603,9,3,9,not_xor
1,2604,4,4,12,not_a
1,2605,21,8,2,not_implies
1,2606,69,44,6,xor
1,2607,82,6,8,not_or
1,2608,12,22,5,b
1,2609,25,33,9,not_xor
1,2610,11,34,13,implies
1,2611,23,8,14,not_and
1,2612,27,89,1,and
1,2613,58,42,5,b
1,2614,41,76,6,xor
1,2615,41,41,14,not_and
1,2616,67,51,14,not_and
1,2617,42,31,9,not_xor
1,2618,10,77,8,not_or
1,2619,68,15,13,implies
1,2620,53,27,15,one
1,2621,76,60,6,xor
1,2622,3,9,13,implies
1,2623,71,61,7,or
1,2624,27,53,6,xor
1,2625,37,6,10,not_b
1,2626,37,8,15,one
1,2627,87,17,5,b
1,2628,18,87,15,one
1,2629,6,63,0,zero
1,2630,68,86,4,not_implied_by
1,2631,70,73,13,implies
1,2632,18,27,2,not_implies
1,2633,20,7,9,not_xor
1,2634,0,38,10,not_b
1,2635,66,70,3,a
1,2636,24,60,8,not_or
1,2637,22,64,12,not_a
1,2638,79,73,0,zero
1,2639,62,80,3,a
1,2640,82,23,8,not_or
1,2641,42,3,11,implied_by
1,2642,24,32,9,not_xor
1,2643,33,11,6,xor
1,2644,65,31,9,not_xor
1,2645,3,12,7,or
1,2646,5,27,2,not_implies
1,2647,55,2,6,xor
1,2648,34,32,7,or
1,2649,22,1,2,not_implies
1,2650,13,68,1,and
1,2651,53,58,5,b
1,2652,63,79,2,not_implies
1,2653,23,74,9,not_xor
1,2654,78,28,5,b
1,2655,0,80,1,and
1,2656,63,75,6,xor
1,2657,70,58,8,not_or
1,2658,62,35,4,not_implied_by
1,2659,28,29,9,not_xor
1,2660,87,9,12,not_a
1,2661,52,47,13,implies
1,2662,37,57,0,zero
1,2663,14,55,8,not_or
1,2664,8,74,13,implies
1,2665,48,26,1,and
1,2666,9,69,6,xor
1,2667,80,74,9,not_xor
1,2668,22,49,8,not_or
1,2669,56,53,7,or
1,2670,44,13,11,implied_by
1,2671,18,24,13,implies
1,2672,7,41,8,not_or
1,2673,45,41,12,not_a
1,2674,82,49,15,one
1,2675,79,34,4,not_implied_by
1,2676,30,14,2,not_implies
1,2677,14,20,2,not_implies
1,2678,36,54,6,xor
1,2679,13,87,8,not_or
1,2680,25,69,1,and
1,2681,12,20,2,not_implies
1,2682,37,22,6,xor
1,2683,19,39,13,implies
1,2684,35,82,2,not_implies
1,2685,10,3,14,not_and
1,2686,22,45,6,xor
1,2687,29,61,12,not_a
1,2688,62,68,13,implies
1,2689,46,0,6,xor
1,2690,50,38,12,not_a
1,2691,80,70,3,a
1,2692,41,21,12,not_a
1,2693,79,56,15,one
1,2694,73,51,7,or
1,2695,38,39,5,b
1,2696,35,81,9,not_xor
1,2697,89,84,8,not_or
1,2698,38,78,11,implied_by
1,2699,56,65,11,implied_by
1,2700,85,24,8,not_or
1,2701,81,67,0,zero
1,2702,67,61,2,not_implies
1,2703,32,40,15,one
1,2704,44,65,5,b
1,2705,21,28,3,a
1,2706,62,64,4,not_implied_by
1,2707,1,62,6,xor
1,2708,72,32,3,a
1,2709,5,57,15,one
1,2710,19,22,13,implies
1,2711,58,61,4,not_implied_by
1,2712,88,29,14,not_and
1,2713,3,88,4,not_implied_by
1,2714,6,50,6,xor
1,2715,21,42,6,xor
1,2716,85,25,11,implied_by
1,2717,30,85,1,and
1,2718,78,64,4,not_implied_by
1,2719,83,42,11,implied_by
1,2720,77,51,14,not_and
1,2721,82,69,13,implies
1,2722,57,64,13,implies
1,2723,68,6,2,not_implies
1,2724,77,30,4,not_implied_by
1,2725,21,57,9,not_xor
1,2726,47,53,4,not_implied_by
1,2727,58,64,7,or
1,2728,84,37,1,and
1,2729,76,53,0,zero
1,2730,48,64,11,implied_by
1,2731,35,30,14,not_and
1,2732,43,21,9,not_xor
1,2733,61,37,2,not_implies
1,2734,17,17,7,or
1,2735,33,81,3,a
1,2736,87,51,8,not_or
1,2737,56,20,12,not_a
1,2738,29,31,9,not_xor
1,2739,82,77,11,implied_by
1,2740,5,80,11,implied_by
1,2741,41,88,8,not_or
1,2742,4,56,5,b
1,2743,81,50,9,not_xor
1,2744,87,37,14,not_and
1,2745,4,40,8,not_or
1,2746,20,40,1,and
1,2747,12,64,10,not_b
1,2748,54,13,14,not_and
1,2749,68,39,1,and
1,2750,44,52,7,or
1,2751,67,47,13,implies
1,2752,32,51,10,not_b
1,2753,48,41,10,not_b
1,2754,8,83,2,not_implies
1,2755,37,72,5,b
1,2756,12,78,3,a
1,2757,6,53,0,zero
1,2758,70,6,11,implied_by
1,2759,58,16,11,implied_by
1,2760,43,38,6,xor
1,2761,70,57,13,implies
1,2762,75,5,9,not_xor
1,2763,76,66,1,and
1,2764,47,54,1,and
1,2765,38,77,12,not_a
1,2766,22,10,2,not_implies
1,2767,13,22,3,a
1,2768,2,26,13,implies
1,2769,58,12,4,not_implied_by
1,2770,40,46,6,xor
1,2771,7,85,12,not_a
1,2772,28,45,2,not_implies
1,2773,79,87,2,not_implies
1,2774,28,14,11,implied_by
1,2775,41,40,15,one
1,2776,14,30,13,implies
1,2777,66,36,13,implies
1,2778,11,60,15,one
1,2779,58,29,12,not_a
1,2780,68,52,1,and
1,2781,23,63,8,not_or
1,2782,36,19,6,xor
1,2783,37,23,9,not_xor
1,2784,49,27,10,not_b
1,2785,77,12,4,not_implied_by
1,2786,61,20,10,not_b
1,2787,56,65,13,implies
1,2788,1,84,10,not_b
1,2789,33,64,12,not_a
1,2790,85,65,9,not_xor
1,2791,58,36,1,and
1,2792,24,12,2,not_implies
1,2793,30,15,12,not_a
1,2794,12,42,6,xor
1,2795,56,59,5,b
1,2796,32,44,12,not_a
1,2797,46,3,5,b
1,2798,58,35,8,not_or
1,2799,83,59,15,one
1,2800,63,30,13,implies
1,2801,66,75,13,implies
1,2802,52,20,14,not_and
1,2803,4,70,2,not_implies
1,2804,11,2,6,xor
1,2805,13,47,15,one
1,2806,85,12,9,not_xor
1,2807,53,65,9,not_xor
1,2808,89,13,6,xor
1,2809,74,83,6,xor
1,2810,79,44,13,implies
1,2811,52,76,11,implied_by
1,2812,25,4,1,and
1,2813,58,15,12,not_a
1,2814,24,76,12,not_a
1,2815,11,55,10,not_b
1,2816,88,13,2,not_implies
1,2817,18,85,3,a
1,2818,13,26,5,b
1,2819,53,57,7,or
1,2820,7,68,13,implies
1,2821,49,80,9,not_xor
1,2822,28,4,1,and
1,2823,34,15,15,one
1,2824,4,58,12,not_a
1,2825,9,72,14,not_and
1,2826,84,70,10,not_b
1,2827,87,48,14,not_and
1,2828,63,29,13,implies
1,2829,27,51,0,zero
1,2830,89,33,14,not_and
1,2831,32,16,2,not_implies
1,2832,54,35,1,and
1,2833,59,35,9,not_xor
1,2834,81,3,4,not_implied_by
1,2835,35,1,10,not_b
1,2836,39,39,9,not_xor
1,2837,47,15,7,or
1,2838,67,53,13,implies
1,2839,67,25,7,or
1,2840,80,45,14,not_and
1,2841,74,4,15,one
1,2842,5,30,1,and
1,2843,50,56,2,not_implies
1,2844,15,16,6,xor
1,2845,49,48,6,xor
1,2846,27,43,9,not_xor
1,2847,82,88,14,not_and
1,2848,19,73,5,b
1,2849,29,87,0,zero
1,2850,51,47,4,not_implied_by
1,2851,82,21,6,xor
1,2852,26,59,7,or
1,2853,44,63,9,not_xor
1,2854,56,35,14,not_and
1,2855,72,46,10,not_b
1,2856,9,47,10,not_b
1,2857,69,42,9,not_xor
1,2858,41,66,9,not_xor
1,2859,40,44,12,not_a
1,2860,58,81,13,implies
1,2861,35,79,10,not_b
1,2862,4,59,2,not_implies
1,2863,44,37,4,not_implied_by
1,2864,59,81,3,a
1,2865,28,9,2,not_implies
1,2866,44,47,14,not_and
1,2867,15,56,4,not_implied_by
1,2868,50,88,1,and
1,2869,86,10,14,not_and
1,2870,71,21,7,or
1,2871,46,78,5,b
1,2872,7,62,12,not_a
1,2873,88,63,15,one
1,2874,1,66,6,xor
1,2875,11,56,15,one
1,2876,46,78,7,or
1,2877,2,26,4,not_implied_by
1,2878,0,15,15,one
1,2879,55,89,14,not_and
1,2880,13,33,2,not_implies
1,2881,55,1,6,xor
1,2882,27,88,1,and
1,2883,68,18,11,implied_by
1,2884,54,20,1,and
1,2885,57,64,2,not_implies
1,2886,82,77,3,a
1,2887,40,78,12,not_a
1,2888,5,18,13,implies
1,2889,68,59,9,not_xor
1,2890,47,47,11,implied_by
1,2891,52,48,4,not_implied_by
1,2892,38,30,2,not_implies
1,2893,12,16,15,one
1,2894,15,23,0,zero
1,2895,15,36,4,not_implied_by
1,2896,31,82,7,or
1,2897,78,70,4,not_implied_by
1,2898,46,31,15,one
1,2899,78,39,9,not_xor
1,2900,26,55,6,xor
1,2901,30,44,12,not_a
1,2902,19,52,6,xor
1,2903,85,51,5,b
1,2904,1,19,14,not_and
1,2905,59,13,8,not_or
1,2906,53,79,10,not_b
1,2907,59,9,6,xor
1,2908,80,19,9,not_xor
1,2909,79,82,5,b
1,2910,25,0,1,and
1,2911,69,31,12,not_a
1,2912,41,84,0,zero
1,2913,53,60,6,xor
1,2914,74,75,1,and
1,2915,39,82,3,a
1,2916,43,7,10,not_b
1,2917,57,36,11,implied_by
1,2918,39,68,5,b
1,2919,36,84,0,zero
1,2920,39,9,2,not_implies
1,2921,41,55,0,zero
1,2922,81,78,9,not_xor
1,2923,79,36,10,not_b
1,2924,67,71,0,zero
1,2925,74,57,12,not_a
1,2926,13,71,5,b
1,2927,88,11,4,not_implied_by
1,2928,30,78,9,not_xor
1,2929,40,20,9,not_xor
1,2930,57,58,4,not_implied_by
1,2931,27,4,3,a
1,2932,30,37,14,not_and
1,2933,47,47,2,not_implies
1,2934,27,36,5,b
1,2935,52,27,0,zero
1,2936,70,45,14,not_and
1,2937,85,22,7,or
1,2938,72,31,7,or
1,2939,70,73,1,and
1,2940,23,32,4,not_implied_by
1,2941,36,84,3,a
1,2942,4,23,10,not_b
1,2943,38,77,3,a
1,2944,10,26,13,implies
1,2945,0,33,5,b
1,2946,45,40,12,not_a
1,2947,75,3,5,b
1,2948,33,24,11,implied_by
1,2949,24,65,0,zero
1,2950,2,48,13,implies
1,2951,61,84,15,one
1,2952,89,8,14,not_and
1,2953,80,32,9,not_xor
1,2954,23,67,8,not_or
1,2955,42,40,6,xor
1,2956,88,70,0,zero
1,2957,58,74,6,xor
1,2958,16,56,6,xor
1,2959,36,57,9,not_xor
1,2960,30,65,0,zero
1,2961,83,33,13,implies
1,2962,29,7,10,not_b
1,2963,37,79,15,one
1,2964,26,24,8,not_or
1,2965,47,7,15,one
1,2966,7,19,14,not_and
1,2967,72,32,4,not_implied_by
1,2968,75,71,6,xor
1,2969,50,11,9,not_xor
1,2970,7,22,4,not_implied_by
1,2971,54,51,7,or
1,2972,89,77,9,not_xor
1,2973,36,18,11,implied_by
1,2974,57,51,2,not_implies
1,2975,37,9,8,not_or
1,2976,76,30,1,and
1,2977,25,13,10,not_b
1,2978,68,40,15,one
1,2979,18,50,9,not_xor
1,2980,40,69,10,not_b
1,2981,81,43,7,or
1,2982,72,80,10,not_b
1,2983,82,64,11,implied_by
1,2984,60,75,13,implies
1,2985,84,57,9,not_xor
1,2986,29,28,10,not_b
1,2987,28,74,6,xor
1,2988,50,44,3,a
1,2989,37,86,5,b
1,2990,69,69,14,not_and
1,2991,86,51,9,not_xor
1,2992,83,73,10,not_b
1,2993,74,65,13,implies
1,2994,75,88,12,not_a
1,2995,67,28,4,not_implied_by
1,2996,60,48,6,xor
1,2997,67,80,12,not_a
1,2998,56,77,0,zero
1,2999,80,55,14,not_and
1,3000,72,86,6,xor
1,3001,52,46,1,and
1,3002,10,9,11,implied_by
1,3003,35,83,14,not_and
1,3004,2,44,10,not_b
1,3005,28,86,11,implied_by
1,3006,67,32,4,not_implied_by
1,3007,71,44,9,not_xor
1,3008,17,19,15,one
1,3009,2,79,0,zero
1,3010,86,13,8,not_or
1,3011,89,26,2,not_implies
1,3012,66,5,1,and
1,3013,76,67,12,not_a
1,3014,65,70,5,b
1,3015,44,85,6,xor
1,3016,86,9,0,zero
1,3017,44,88,3,a
1,3018,31,62,14,not_and
1,3019,16,75,3,a
1,3020,2,64,14,not_and
1,3021,9,51,3,a
1,3022,54,43,9,not_xor
1,3023,35,60,10,not_b
1,3024,41,88,11,implied_by
1,3025,7,72,6,xor
1,3026,73,35,1,and
1,3027,40,34,11,implied_by
1,3028,78,43,15,one
1,3029,22,88,2,not_implies
1,3030,27,47,3,a
1,3031,4,8,4,not_implied_by
1,3032,85,14,14,not_and
1,3033,85,57,12,not_a
1,3034,59,72,8,not_or
1,3035,61,77,3,a
1,3036,17,80,8,not_or
1,3037,61,69,14,not_and
1,3038,14,9,11,implied_by
1,3039,5,10,2,not_implies
1,3040,78,49,11,implied_by
1,3041,46,85,12,not_a
1,3042,42,34,6,xor
1,3043,74,35,0,zero
1,3044,41,40,10,not_b
1,3045,64,61,12,not_a
1,3046,17,41,14,not_and
1,3047,37,22,3,a
1,3048,85,36,3,a
1,3049,20,88,15,one
1,3050,42,58,3,a
1,3051,5,71,9,not_xor
1,3052,48,79,5,b
1,3053,89,44,7,or
1,3054,82,85,6,xor
1,3055,1,66,15,one
1,3056,84,4,5,b
1,3057,44,59,3,a
1,3058,14,8,4,not_implied_by
1,3059,27,24,6,xor
1,3060,4,13,10,not_b
1,3061,45,15,6,xor
1,3062,4,6,15,one
1,3063,86,79,13,implies
1,3064,75,57,15,one
1,3065,69,15,5,b
1,3066,50,22,4,not_implied_by
1,3067,80,8,14,not_and
1,3068,34,71,15,one
1,3069,36,57,0,zero
1,3070,68,56,7,or
1,3071,4,50,1,and
1,3072,42,56,14,not_and
1,3073,33,69,8,not_or
1,3074,19,3,4,not_implied_by
1,3075,84,62,5,b
1,3076,18,23,6,xor
1,3077,63,9,12,not_a
1,3078,77,41,8,not_or
1,3079,17,4,3,a
1,3080,78,54,15,one
1,3081,63,75,6,xor
1,3082,17,35,14,not_and
1,3083,14,39,3,a
1,3084,61,22,4,not_implied_by
1,3085,59,69,2,not_implies
1,3086,10,22,6,xor
1,3087,13,89,12,not_a
1,3088,62,80,3,a
1,3089,60,43,10,not_b
1,3090,38,42,13,implies
1,3091,47,4,12,not_a
1,3092,46,72,8,not_or
1,3093,66,4,12,not_a
1,3094,36,56,6,xor
1,3095,73,13,5,b
1,3096,27,67,11,implied_by
1,3097,83,47,11,implied_by
1,3098,38,83,2,not_implies
1,3099,5,77,6,xor
1,3100,45,85,0,zero
1,3101,42,9,9,not_xor
1,3102,23,62,12,not_a
1,3103,68,63,14,not_and
1,3104,69,77,2,not_implies
1,3105,77,75,7,or
1,3106,29,52,10,not_b
1,3107,64,84,0,zero
1,3108,31,76,9,not_xor
1,3109,85,29,2,not_implies
1,3110,23,81,14,not_and
1,3111,76,6,11,implied_by
1,3112,76,76,13,implies
1,3113,12,2,5,b
1,3114,8,49,9,not_xor
1,3115,68,82,10,not_b
1,3116,44,20,9,not_xor
1,3117,6,15,13,implies
1,3118,88,27,0,zero
1,3119,57,70,5,b
1,3120,25,58,9,not_xor
1,3121,19,42,6,xor
1,3122,48,25,1,and
1,3123,5,42,1,and
1,3124,81,55,1,and
1,3125,11,2,6,xor
1,3126,46,13,5,b
1,3127,48,42,13,implies
1,3128,43,70,0,zero
1,3129,76,81,0,zero
1,3130,45,43,9,not_xor
1,3131,88,39,3,a
1,3132,71,1,11,implied_by
1,3133,48,63,8,not_or
1,3134,17,67,5,b
1,3135,49,56,6,xor
1,3136,38,64,10,not_b
1,3137,68,80,8,not_or
1,3138,88,12,6,xor
1,3139,59,71,9,not_xor
1,3140,18,68,6,xor
1,3141,62,0,10,not_b
1,3142,13,87,8,not_or
1,3143,40,58,12,not_a
1,3144,78,36,6,xor
1,3145,55,51,11,implied_by
1,3146,68,39,9,not_xor
1,3147,17,26,4,not_implied_by
1,3148,17,68,7,or
1,3149,47,35,8,not_or
1,3150,6,89,15,one
1,3151,82,41,6,xor
1,3152,50,78,15,one
1,3153,84,78,15,one
1,3154,42,58,14,not_and
1,3155,51,70,7,or
1,3156,36,72,1,and
1,3157,86,35,4,not_implied_by
1,3158,75,47,9,not_xor
1,3159,79,78,1,and
1,3160,51,8,9,not_xor
1,3161,88,67,2,not_implies
1,3162,61,16,1,and
1,3163,10,20,0,zero
1,3164,66,28,3,a
1,3165,38,46,9,not_xor
1,3166,31,67,13,implies
1,3167,22,2,11,implied_by
1,3168,5,39,13,implies
1,3169,26,44,10,not_b
1,3170,9,3,3,a
1,3171,22,37,7,or
1,3172,39,50,9,not_xor
1,3173,25,33,4,not_implied_by
1,3174,26,1,4,not_implied_by
1,3175,72,44,13,implies
1,3176,29,74,6,xor
1,3177,4,41,1,and
1,3178,86,41,7,or
1,3179,14,80,1,and
1,3180,56,78,14,not_and
1,3181,55,5,2,not_implies
1,3182,40,6,6,xor
1,3183,11,10,11,implied_by
1,3184,16,47,11,implied_by
1,3185,55,24,1,and
1,3186,44,29,11,implied_by
1,3187,7,1,15,one
1,3188,9,41,11,implied_by
1,3189,22,8,8,not_or
1,3190,42,63,0,zero
1,3191,54,82,7,or
1,3192,88,0,0,zero
1,3193,44,80,11,implied_by
1,3194,81,55,10,not_b
1,3195,12,33,5,b
1,3196,6,16,1,and
1,3197,64,54,13,implies
1,3198,13,81,14,not_and
1,3199,85,79,4,not_implied_by
1,3200,68,84,7,or
1,3201,6,3,6,xor
1,3202,76,38,9,not_xor
1,3203,50,16,0,zero
1,3204,64,12,4,not_implied_by
1,3205,35,21,8,not_or
1,3206,9,32,4,not_implied_by
1,3207,21,49,8,not_or
1,3208,43,40,11,implied_by
1,3209,87,80,10,not_b
1,3210,77,8,13,implies
1,3211,80,9,14,not_and
1,3212,41,82,2,not_implies
1,3213,22,51,3,a
1,3214,73,17,9,not_xor
1,3215,42,71,6,xor
1,3216,2,72,9,not_xor
1,3217,62,3,15,one
1,3218,46,34,9,not_xor
1,3219,40,49,8,not_or
1,3220,48,36,0,zero
1,3221,45,64,11,implied_by
1,3222,81,36,12,not_a
1,3223,47,79,4,not_implied_by
1,3224,84,14,9,not_xor
1,3225,55,26,14,not_and
1,3226,20,8,6,xor
1,3227,60,27,6,xor
1,3228,11,44,2,not_implies
1,3229,86,27,15,one
1,3230,57,88,10,not_b
1,3231,7,8,1,and
1,3232,70,39,6,xor
1,3233,25,66,0,zero
1,3234,0,11,9,not_xor
1,3235,62,84,14,not_and
1,3236,47,36,13,implies
1,3237,17,80,1,and
1,3238,19,16,6,xor
1,3239,47,41,6,xor
1,3240,44,78,2,not_implies
1,3241,1,83,11,implied_by
1,3242,21,38,6,xor
1,3243,59,16,14,not_and
1,3244,61,71,5,b
1,3245,26,2,9,not_xor
1,3246,22,7,7,or
1,3247,62,42,9,not_xor
1,3248,71,37,0,zero
1,3249,3,34,6,xor
1,3250,27,19,8,not_or
1,3251,88,6,1,and
1,3252,67,54,12,not_a
1,3253,72,17,8,not_or
1,3254,86,43,9,not_xor
1,3255,45,21,6,xor
1,3256,66,13,11,implied_by
1,3257,46,48,9,not_xor
1,3258,67,69,10,not_b
1,3259,16,89,7,or
1,3260,83,30,9,not_xor
1,3261,46,4,10,not_b
1,3262,64,78,6,xor
1,3263,42,52,4,not_implied_by
1,3264,47,29,6,xor
1,3265,65,72,14,not_and
1,3266,36,7,12,not_a
1,3267,6,28,4,not_implied_by
1,3268,76,44,9,not_xor
1,3269,11,67,3,a
1,3270,58,55,6,xor
1,3271,77,73,1,and
1,3272,37,24,1,and
1,3273,37,68,1,and
1,3274,69,55,2,not_implies
1,3275,55,70,10,not_b
1,3276,63,56,10,not_b
1,3277,86,48,9,not_xor
1,3278,53,56,11,implied_by
1,3279,54,55,5,b
1,3280,53,63,3,a
1,3281,74,79,14,not_and
1,3282,69,69,5,b
1,3283,31,8,4,not_implied_by
1,3284,55,21,4,not_implied_by
1,3285,44,41,6,xor
1,3286,46,30,0,zero
1,3287,9,4,15,one
1,3288,10,42,2,not_implies
1,3289,87,47,6,xor
1,3290,57,37,0,zero
1,3291,17,8,4,not_implied_by
1,3292,30,1,3,a
1,3293,48,55,0,zero
1,3294,29,3,15,one
1,3295,16,86,14,not_and
1,3296,42,43,6,xor
1,3297,4,35,4,not_implied_by
1,3298,60,77,9,not_xor
1,3299,59,18,10,not_b
1,3300,81,41,1,and
1,3301,32,10,12,not_a
1,3302,72,67,7,or
1,3303,71,86,8,not_or
1,3304,44,4,14,not_and
1,3305,35,40,4,not_implied_by
1,3306,53,73,15,one
1,3307,69,89,4,not_implied_by
1,3308,33,5,8,not_or
1,3309,34,31,11,implied_by
1,3310,45,6,0,zero
1,3311,27,75,6,xor
1,3312,24,34,13,implies
1,3313,83,87,0,zero
1,3314,35,54,3,a
1,3315,65,57,5,b
1,3316,27,29,14,not_and
1,3317,6,50,6,xor
1,3318,83,87,1,and
1,3319,18,23,14,not_and
1,3320,65,15,1,and
1,3321,40,25,15,one
1,3322,9,38,4,not_implied_by
1,3323,75,64,0,zero
1,3324,54,30,4,not_implied_by
1,3325,36,34,5,b
1,3326,70,27,12,not_a
1,3327,57,89,4,not_implied_by
1,3328,79,73,0,zero
1,3329,15,10,2,not_implies
1,3330,49,81,6,xor
1,3331,49,20,2,not_implies
1,3332,76,52,12,not_a
1,3333,73,31,12,not_a
1,3334,75,6,3,a
1,3335,35,43,9,not_xor
1,3336,5,81,14,not_and
1,3337,10,67,9,not_xor
1,3338,42,24,9,not_xor
1,3339,16,21,2,not_implies
1,3340,45,80,3,a
1,3341,82,83,1,and
1,3342,49,12,2,not_implies
1,3343,83,20,7,or
1,3344,72,51,7,or
1,3345,81,38,0,zero
1,3346,20,83,15,one
1,3347,15,6,15,one
1,3348,39,47,5,b
1,3349,30,35,4,not_implied_by
1,3350,43,2,0,zero
1,3351,27,61,1,and
1,3352,23,21,13,implies
1,3353,10,18,14,not_and
1,3354,54,81,4,not_implied_by
1,3355,34,6,10,not_b
1,3356,61,57,10,not_b
1,3357,21,14,3,a
1,3358,19,47,6,xor
1,3359,7,85,11,implied_by
1,3360,39,18,10,not_b
1,3361,13,36,5,b
1,3362,51,44,9,not_xor
1,3363,60,21,1,and
1,3364,21,65,2,not_implies
1,3365,6,33,8,not_or
1,3366,31,66,14,not_and
1,3367,1,63,8,not_or
1,3368,13,9,5,b
1,3369,79,21,15,one
1,3370,36,20,5,b
1,3371,2,45,6,xor
1,3372,24,60,1,and
1,3373,18,74,6,xor
1,3374,18,51,6,xor
1,3375,24,54,14,not_and
1,3376,43,58,9,not_xor
1,3377,79,83,0,zero
1,3378,66,55,5,b
1,3379,43,50,4,not_implied_by
1,3380,27,58,10,not_b
1,3381,29,14,6,xor
1,3382,74,76,6,xor
1,3383,39,67,6,xor
1,3384,0,5,6,xor
1,3385,53,15,15,one
1,3386,21,65,3,a
1,3387,6,56,6,xor
1,3388,85,69,9,not_xor
1,3389,66,45,6,xor
1,3390,31,8,2,not_implies
1,3391,50,11,3,a
1,3392,6,15,1,and
1,3393,31,87,11,implied_by
1,3394,11,30,11,implied_by
1,3395,35,77,7,or
1,3396,13,10,6,xor
1,3397,76,59,11,implied_by
1,3398,34,57,0,zero
1,3399,57,41,13,implies
1,3400,85,36,2,not_implies
1,3401,61,9,0,zero
1,3402,26,54,14,not_and
1,3403,65,49,12,not_a
1,3404,84,29,2,not_implies
1,3405,13,77,11,implied_by
1,3406,84,21,8,not_or
1,3407,79,54,7,or
1,3408,51,83,10,not_b
1,3409,6,33,14,not_and
1,3410,79,34,9,not_xor
1,3411,43,20,6,xor
1,3412,2,39,0,zero
1,3413,51,21,3,a
1,3414,21,53,3,a
1,3415,51,25,6,xor
1,3416,28,31,7,or
1,3417,6,84,6,xor
1,3418,65,48,9,not_xor
1,3419,11,78,1,and
1,3420,29,79,1,and
1,3421,81,83,11,implied_by
1,3422,77,2,6,xor
1,3423,65,23,9,not_xor
1,3424,82,33,12,not_a
1,3425,73,16,9,not_xor
1,3426,20,59,7,or
1,3427,44,43,7,or
1,3428,75,19,10,not_b
1,3429,57,50,13,implies
1,3430,69,76,8,not_or
1,3431,30,35,14,not_and
1,3432,50,65,6,xor
1,3433,71,30,14,not_and
1,3434,85,48,6,xor
1,3435,28,24,6,xor
1,3436,71,4,7,or
1,3437,67,77,11,implied_by
1,3438,42,12,6,xor
1,3439,31,45,0,zero
1,3440,61,22,4,not_implied_by
1,3441,20,5,12,not_a
1,3442,20,42,10,not_b
1,3443,1,11,15,one
1,3444,9,84,10,not_b
1,3445,5,74,6,xor
1,3446,28,70,2,not_implies
1,3447,88,64,0,zero
1,3448,62,43,7,or
1,3449,54,0,2,not_implies
1,3450,10,68,7,or
1,3451,84,85,12,not_a
1,3452,2,71,6,xor
1,3453,59,66,6,xor
1,3454,64,70,5,b
1,3455,42,85,11,implied_by
1,3456,33,76,9,not_xor
1,3457,58,17,9,not_xor
1,3458,47,5,5,b
1,3459,7,38,9,not_xor
1,3460,75,83,9,not_xor
1,3461,67,17,11,implied_by
1,3462,1,60,7,or
1,3463,19,46,1,and
1,3464,66,24,12,not_a
1,3465,11,7,7,or
1,3466,78,72,9,not_xor
1,3467,86,53,7,or
1,3468,76,66,6,xor
1,3469,52,2,0,zero
1,3470,87,75,5,b
1,3471,53,79,0,zero
1,3472,61,34,1,and
1,3473,86,79,13,implies
1,3474,20,82,7,or
1,3475,12,50,5,b
1,3476,53,21,5,b
1,3477,4,10,9,not_xor
1,3478,78,3,0,zero
1,3479,71,65,9,not_xor
1,3480,11,58,0,zero
1,3481,52,13,6,xor
1,3482,5,57,15,one
1,3483,17,66,1,and
1,3484,50,46,14,not_and
1,3485,55,9,13,implies
1,3486,74,14,13,implies
1,3487,7,88,6,xor
1,3488,50,58,0,zero
1,3489,29,60,9,not_xor
1,3490,61,51,13,implies
1,3491,44,21,2,not_implies
1,3492,28,62,12,not_a
1,3493,6,69,14,not_and
1,3494,61,12,14,not_and
1,3495,77,42,9,not_xor
1,3496,40,68,8,not_or
1,3497,43,31,12,not_a
1,3498,8,56,1,and
1,3499,89,86,6,xor
1,3500,51,77,7,or
1,3501,84,43,6,xor
1,3502,81,44,1,and
1,3503,53,61,14,not_and
1,3504,31,46,6,xor
1,3505,63,35,9,not_xor
1,3506,41,46,8,not_or
1,3507,34,35,5,b
1,3508,53,40,15,one
1,3509,70,80,8,not_or
1,3510,19,11,6,xor
1,3511,20,56,2,not_implies
1,3512,34,69,2,not_implies
1,3513,59,36,2,not_implies
1,3514,8,5,6,xor
1,3515,2,17,0,zero
1,3516,75,71,6,xor
1,3517,63,33,5,b
1,3518,24,8,12,not_a
1,3519,67,16,14,not_and
1,3520,20,65,13,implies
1,3521,36,45,9,not_xor
1,3522,89,74,4,not_implied_by
1,3523,64,42,8,not_or
1,3524,59,61,5,b
1,3525,3,68,2,not_implies
1,3526,73,84,0,zero
1,3527,54,76,6,xor
1,3528,11,81,11,implied_by
1,3529,21,58,13,implies
1,3530,45,33,4,not_implied_by
1,3531,34,45,9,not_xor
1,3532,39,21,11,implied_by
1,3533,45,49,1,and
1,3534,27,41,9,not_xor
1,3535,50,43,14,not_and
1,3536,81,9,4,not_implied_by
1,3537,44,69,6,xor
1,3538,7,50,3,a
1,3539,31,69,12,not_a
1,3540,67,20,7,or
1,3541,68,25,3,a
1,3542,50,38,4,not_implied_by
1,3543,17,84,11,implied_by
1,3544,7,87,14,not_and
1,3545,51,48,7,or
1,3546,72,55,2,not_implies
1,3547,84,34,7,or
1,3548,38,20,8,not_or
1,3549,52,42,12,not_a
1,3550,22,14,9,not_xor
1,3551,33,37,9,not_xor
1,3552,44,74,1,and
1,3553,29,73,2,not_implies
1,3554,1,48,10,not_b
1,3555,52,77,11,implied_by
1,3556,72,24,15,one
1,3557,7,30,4,not_implied_by
1,3558,73,58,9,not_xor
1,3559,30,57,12,not_a
1,3560,63,37,9,not_xor
1,3561,45,57,6,xor
1,3562,47,33,8,not_or
1,3563,17,34,9,not_xor
1,3564,53,36,9,not_xor
1,3565,14,24,10,not_b
1,3566,10,79,2,not_implies
1,3567,35,55,6,xor
1,3568,55,62,3,a
1,3569,19,50,12,not_a
1,3570,70,86,6,xor
1,3571,46,40,4,not_implied_by
1,3572,49,74,8,not_or
1,3573,54,25,11,implied_by
1,3574,87,0,7,or
1,3575,63,22,5,b
1,3576,78,33,5,b
1,3577,34,23,11,implied_by
1,3578,63,26,12,not_a
1,3579,21,57,9,not_xor
1,3580,59,36,14,not_and
1,3581,48,70,3,a
1,3582,73,67,3,a
1,3583,39,16,1,and
1,3584,42,55,9,not_xor
1,3585,79,33,3,a
1,3586,80,53,10,not_b
1,3587,23,69,0,zero
1,3588,20,59,12,not_a
1,3589,20,35,6,xor
1,3590,60,57,8,not_or
1,3591,70,8,6,xor
1,3592,35,67,11,implied_by
1,3593,70,40,13,implies
1,3594,89,60,4,not_implied_by
1,3595,20,89,14,not_and
1,3596,21,64,4,not_implied_by
1,3597,5,32,8,not_or
1,3598,11,69,9,not_xor
1,3599,17,86,10,not_b
1,3600,59,58,15,one
1,3601,85,55,6,xor
1,3602,57,79,12,not_a
1,3603,33,27,6,xor
1,3604,72,9,6,xor
1,3605,23,18,6,xor
1,3606,73,75,9,not_xor
1,3607,9,20,6,xor
1,3608,80,64,10,not_b
1,3609,19,82,2,not_implies
1,3610,42,26,6,xor
1,3611,81,32,5,b
1,3612,71,67,3,a
1,3613,32,48,4,not_implied_by
1,3614,15,9,6,xor
1,3615,20,12,13,implies
1,3616,49,63,10,not_b
1,3617,15,41,14,not_and
1,3618,45,38,6,xor
1,3619,15,87,2,not_implies
1,3620,5,16,8,not_or
1,3621,49,23,13,implies
1,3622,54,68,10,not_b
1,3623,22,6,3,a
1,3624,4,72,0,zero
1,3625,14,32,10,not_b
1,3626,64,86,15,one
1,3627,45,59,4,not_implied_by
1,3628,78,82,2,not_implies
1,3629,70,26,3,a
1,3630,81,54,3,a
1,3631,48,24,14,not_and
1,3632,51,63,13,implies
1,3633,19,25,12,not_a
1,3634,36,14,3,a
1,3635,6,86,5,b
1,3636,11,24,1,and
1,3637,29,47,4,not_implied_by
1,3638,38,2,6,xor
1,3639,59,42,1,and
1,3640,67,23,11,implied_by
1,3641,4,63,1,and
1,3642,83,75,5,b
1,3643,4,0,11,implied_by
1,3644,17,25,13,implies
1,3645,32,0,4,not_implied_by
1,3646,71,44,9,not_xor
1,3647,32,47,5,b
1,3648,34,75,3,a
1,3649,10,3,8,not_or
1,3650,65,47,5,b
1,3651,86,76,5,b
1,3652,39,71,11,implied_by
1,3653,21,74,6,xor
1,3654,28,14,0,zero
1,3655,61,15,14,not_and
1,3656,27,26,12,not_a
1,3657,70,31,13,implies
1,3658,35,77,14,not_and
1,3659,21,58,15,one
1,3660,21,35,9,not_xor
1,3661,34,87,15,one
1,3662,23,50,1,and
1,3663,55,86,15,one
1,3664,62,37,1,and
1,3665,0,66,13,implies
1,3666,46,5,4,not_implied_by
1,3667,83,42,4,not_implied_by
1,3668,45,50,7,or
1,3669,5,30,6,xor
1,3670,26,33,12,not_a
1,3671,14,13,11,implied_by
1,3672,64,33,2,not_implies
1,3673,31,77,11,implied_by
1,3674,20,39,7,or
1,3675,49,27,2,not_implies
1,3676,57,47,8,not_or
1,3677,30,11,0,zero
1,3678,48,8,1,and
1,3679,18,48,10,not_b
1,3680,60,55,1,and
1,3681,46,70,8,not_or
1,3682,25,64,7,or
1,3683,64,55,0,zero
1,3684,67,0,4,not_implied_by
1,3685,56,88,11,implied_by
1,3686,16,40,10,not_b
1,3687,51,13,2,not_implies
1,3688,70,15,6,xor
1,3689,67,20,8,not_or
1,3690,45,31,9,not_xor
1,3691,55,70,7,or
1,3692,63,78,6,xor
1,3693,78,64,4,not_implied_by
1,3694,87,80,0,zero
1,3695,80,87,12,not_a
1,3696,77,15,11,implied_by
1,3697,18,10,1,and
1,3698,70,70,4,not_implied_by
1,3699,28,55,13,implies
1,3700,42,76,6,xor
1,3701,43,15,4,not_implied_by
1,3702,53,35,4,not_implied_by
1,3703,85,13,7,or
1,3704,36,59,8,not_or
1,3705,22,5,4,not_implied_by
1,3706,50,9,2,not_implies
1,3707,50,38,10,not_b
1,3708,48,4,3,a
1,3709,25,65,6,xor
1,3710,21,2,6,xor
1,3711,60,67,7,or
1,3712,52,35,0,zero
1,3713,50,5,11,implied_by
1,3714,52,55,8,not_or
1,3715,63,88,4,not_implied_by
1,3716,42,83,9,not_xor
1,3717,57,27,9,not_xor
1,3718,26,86,9,not_xor
1,3719,80,4,13,implies
1,3720,34,36,11,implied_by
1,3721,9,62,10,not_b
1,3722,4,32,2,not_implies
1,3723,24,44,1,and
1,3724,30,30,13,implies
1,3725,53,50,4,not_implied_by
1,3726,69,32,6,xor
1,3727,26,39,6,xor
1,3728,71,15,12,not_a
1,3729,27,82,3,a
1,3730,8,74,15,one
1,3731,36,58,5,b
1,3732,87,62,8,not_or
1,3733,7,76,0,zero
1,3734,64,48,7,or
1,3735,79,30,11,implied_by
1,3736,5,83,8,not_or
1,3737,2,80,6,xor
1,3738,9,56,14,not_and
1,3739,4,41,8,not_or
1,3740,66,29,12,not_a
1,3741,76,46,3,a
1,3742,38,6,8,not_or
1,3743,18,62,6,xor
1,3744,75,51,7,or
1,3745,58,68,14,not_and
1,3746,38,0,15,one
1,3747,23,80,6,xor
1,3748,21,89,7,or
1,3749,57,24,6,xor
1,3750,63,42,7,or
1,3751,51,19,15,one
1,3752,39,68,7,or
1,3753,41,4,9,not_xor
1,3754,85,84,11,implied_by
1,3755,77,58,0,zero
1,3756,73,19,15,one
1,3757,62,68,15,one
1,3758,28,1,8,not_or
1,3759,47,59,14,not_and
1,3760,13,75,15,one
1,3761,29,22,12,not_a
1,3762,78,3,9,not_xor
1,3763,17,73,9,not_xor
1,3764,35,28,0,zero
1,3765,41,13,9,not_xor
1,3766,71,74,0,zero
1,3767,66,69,9,not_xor
1,3768,25,60,6,xor
1,3769,83,80,13,implies
1,3770,1,9,7,or
1,3771,34,70,4,not_implied_by
1,3772,16,25,1,and
1,3773,7,87,14,not_and
1,3774,30,47,14,not_and
1,3775,4,78,8,not_or
1,3776,69,31,15,one
1,3777,10,8,15,one
1,3778,30,62,8,not_or
1,3779,31,13,6,xor
1,3780,3,66,9,not_xor
1,3781,89,66,13,implies
1,3782,64,35,8,not_or
1,3783,8,4,2,not_implies
1,3784,66,30,0,zero
1,3785,88,73,5,b
1,3786,39,30,7,or
1,3787,85,19,6,xor
1,3788,2,53,3,a
1,3789,35,69,12,not_a
1,3790,7,10,14,not_and
1,3791,31,61,14,not_and
1,3792,9,39,2,not_implies
1,3793,52,8,7,or
1,3794,46,46,4,not_implied_by
1,3795,67,52,2,not_implies
1,3796,86,66,4,not_implied_by
1,3797,26,65,15,one
1,3798,19,8,1,and
1,3799,73,16,9,not_xor
1,3800,21,57,5,b
1,3801,43,61,3,a
1,3802,66,49,9,not_xor
1,3803,59,0,3,a
1,3804,4,77,15,one
1,3805,4,7,4,not_implied_by
1,3806,30,8,8,not_or
1,3807,33,26,6,xor
1,3808,83,82,9,not_xor
1,3809,24,71,3,a
1,3810,57,48,7,or
1,3811,75,30,13,implies
1,3812,48,42,9,not_xor
1,3813,39,10,11,implied_by
1,3814,68,18,11,implied_by
1,3815,83,11,10,not_b
1,3816,54,29,6,xor
1,3817,38,68,9,not_xor
1,3818,88,1,13,implies
1,3819,30,28,2,not_implies
1,3820,42,37,14,not_and
1,3821,19,4,13,implies
1,3822,30,85,2,not_implies
1,3823,24,89,13,implies
1,3824,74,5,6,xor
1,3825,25,39,7,or
1,3826,16,83,14,not_and
1,3827,65,63,12,not_a
1,3828,58,10,10,not_b
1,3829,28,41,13,implies
1,3830,87,70,6,xor
1,3831,5,22,5,b
1,3832,54,83,4,not_implied_by
1,3833,2,15,13,implies
1,3834,75,10,10,not_b
1,3835,4,37,2,not_implies
1,3836,36,60,14,not_and
1,3837,79,64,4,not_implied_by
1,3838,75,49,9,not_xor
1,3839,42,1,4,not_implied_by
1,3840,67,72,3,a
1,3841,54,5,15,one
1,3842,0,8,1,and
1,3843,11,28,8,not_or
1,3844,67,59,5,b
1,3845,63,30,6,xor
1,3846,64,25,12,not_a
1,3847,28,22,1,and
1,3848,48,0,10,not_b
1,3849,68,68,4,not_implied_by
1,3850,3,5,15,one
1,3851,79,22,1,and
1,3852,39,15,1,and
1,3853,63,12,3,a
1,3854,37,31,5,b
1,3855,27,51,6,xor
1,3856,36,80,3,a
1,3857,41,68,6,xor
1,3858,35,85,4,not_implied_by
1,3859,56,9,11,implied_by
1,3860,65,60,15,one
1,3861,83,37,7,or
1,3862,36,77,0,zero
1,3863,15,73,11,implied_by
1,3864,60,31,2,not_implies
1,3865,3,79,10,not_b
1,3866,70,50,8,not_or
1,3867,65,6,5,b
1,3868,39,5,11,implied_by
1,3869,52,49,1,and
1,3870,53,46,6,xor
1,3871,71,22,13,implies
1,3872,22,24,10,not_b
1,3873,51,64,2,not_implies
1,3874,41,81,9,not_xor
1,3875,65,58,7,or
1,3876,15,56,2,not_implies
1,3877,42,0,3,a
1,3878,20,13,15,one
1,3879,28,32,13,implies
1,3880,40,71,15,one
1,3881,81,3,13,implies
1,3882,3,85,1,and
1,3883,66,3,13,implies
1,3884,20,12,15,one
1,3885,1,59,4,not_implied_by
1,3886,63,15,4,not_implied_by
1,3887,73,3,13,implies
1,3888,44,33,4,not_implied_by
1,3889,19,31,1,and
1,3890,51,27,8,not_or
1,3891,73,37,12,not_a
1,3892,4,65,5,b
1,3893,87,21,0,zero
1,3894,71,13,9,not_xor
1,3895,39,35,2,not_implies
1,3896,11,14,3,a
1,3897,60,70,5,b
1,3898,8,4,7,or
1,3899,87,29,5,b
1,3900,46,28,1,and
1,3901,7,88,1,and
1,3902,34,31,11,implied_by
1,3903,79,37,7,or
1,3904,48,54,11,implied_by
1,3905,89,23,10,not_b
1,3906,52,2,11,implied_by
1,3907,88,89,2,not_implies
1,3908,44,31,3,a
1,3909,83,58,4,not_implied_by
1,3910,29,44,15,one
1,3911,2,4,15,one
1,3912,59,42,12,not_a
1,3913,46,68,9,not_xor
1,3914,40,88,12,not_a
1,3915,15,41,2,not_implies
1,3916,62,25,2,not_implies
1,3917,2,13,1,and
1,3918,26,44,14,not_and
1,3919,38,13,8,not_or
1,3920,64,85,8,not_or
1,3921,66,3,13,implies
1,3922,37,25,10,not_b
1,3923,11,46,15,one
1,3924,82,21,7,or
1,3925,78,30,1,and
1,3926,14,72,13,implies
1,3927,29,60,5,b
1,3928,66,59,3,a
1,3929,18,28,5,b
1,3930,25,69,5,b
1,3931,66,89,10,not_b
1,3932,45,35,15,one
1,3933,52,13,12,not_a
1,3934,22,29,9,not_xor
1,3935,8,63,4,not_implied_by
1,3936,60,8,8,not_or
1,3937,68,60,14,not_and
1,3938,16,35,7,or
1,3939,8,78,11,implied_by
1,3940,14,72,5,b
1,3941,79,25,12,not_a
1,3942,61,56,0,zero
1,3943,55,25,13,implies
1,3944,70,61,10,not_b
1,3945,53,21,12,not_a
1,3946,78,37,12,not_a
1,3947,12,34,11,implied_by
1,3948,7,57,7,or
1,3949,24,33,14,not_and
1,3950,42,35,3,a
1,3951,24,65,6,xor
1,3952,56,74,13,implies
1,3953,47,55,7,or
1,3954,19,40,11,implied_by
1,3955,17,19,14,not_and
1,3956,27,6,5,b
1,3957,87,80,2,not_implies
1,3958,46,51,13,implies
1,3959,19,78,6,xor
1,3960,59,42,6,xor
1,3961,61,13,9,not_xor
1,3962,10,54,7,or
1,3963,26,35,12,not_a
1,3964,39,9,3,a
1,3965,19,16,13,implies
1,3966,82,68,13,implies
1,3967,62,34,13,implies
1,3968,24,37,9,not_xor
1,3969,74,40,14,not_and
1,3970,59,26,14,not_and
1,3971,16,58,12,not_a
1,3972,55,48,9,not_xor
1,3973,42,18,9,not_xor
1,3974,38,7,8,not_or
1,3975,4,49,3,a
1,3976,66,36,9,not_xor
1,3977,75,12,9,not_xor
1,3978,85,43,9,not_xor
1,3979,51,60,14,not_and
1,3980,60,76,4,not_implied_by
1,3981,46,8,0,zero
1,3982,18,48,6,xor
1,3983,51,31,5,b
1,3984,54,7,10,not_b
1,3985,84,60,3,a
1,3986,5,43,6,xor
1,3987,2,52,10,not_b
1,3988,41,78,6,xor
1,3989,17,51,9,not_xor
1,3990,60,60,4,not_implied_by
1,3991,43,36,2,not_implies
1,3992,35,69,4,not_implied_by
1,3993,30,77,5,b
1,3994,83,12,1,and
1,3995,30,29,9,not_xor
1,3996,57,29,5,b
1,3997,64,52,5,b
1,3998,40,8,4,not_implied_by
1,3999,81,46,12,not_a
1,4000,35,53,8,not_or
1,4001,71,5,15,one
1,4002,72,38,14,not_and
1,4003,39,13,14,not_and
1,4004,32,36,9,not_xor
1,4005,11,69,2,not_implies
1,4006,51,1,3,a
1,4007,58,16,11,implied_by
1,4008,65,33,1,and
1,4009,68,4,6,xor
1,4010,21,1,5,b
1,4011,34,83,14,not_and
1,4012,31,89,8,not_or
1,4013,38,39,10,not_b
1,4014,51,70,9,not_xor
1,4015,29,70,1,and
1,4016,63,0,7,or
1,4017,37,15,14,not_and
1,4018,15,40,13,implies
1,4019,38,77,2,not_implies
1,4020,26,81,9,not_xor
1,4021,87,45,14,not_and
1,4022,80,57,10,not_b
1,4023,36,4,4,not_implied_by
1,4024,43,67,10,not_b
1,4025,3,88,13,implies
1,4026,40,53,7,or
1,4027,36,11,12,not_a
1,4028,52,13,7,or
1,4029,28,42,10,not_b
1,4030,86,84,5,b
1,4031,23,54,15,one
1,4032,69,21,8,not_or
1,4033,61,82,0,zero
1,4034,73,36,2,not_implies
1,4035,39,21,9,not_xor
1,4036,61,29,0,zero
1,4037,24,58,3,a
1,4038,30,88,3,a
1,4039,74,61,13,implies
1,4040,48,66,5,b
1,4041,34,36,0,zero
1,4042,12,31,9,not_xor
1,4043,61,23,6,xor
1,4044,56,4,10,not_b
1,4045,18,66,0,zero
1,4046,83,36,4,not_implied_by
1,4047,49,2,14,not_and
1,4048,4,67,2,not_implies
1,4049,77,15,10,not_b
1,4050,4,24,12,not_a
1,4051,50,4,8,not_or
1,4052,27,60,14,not_and
1,4053,16,18,8,not_or
1,4054,72,19,9,not_xor
1,4055,85,81,4,not_implied_by
1,4056,86,71,10,not_b
1,4057,6,7,8,not_or
1,4058,64,83,15,one
1,4059,45,37,3,a
1,4060,31,4,11,implied_by
1,4061,88,69,7,or
1,4062,12,9,1,and
1,4063,6,45,3,a
1,4064,74,45,15,one
1,4065,55,65,2,not_implies
1,4066,8,61,8,not_or
1,4067,17,29,2,not_implies
1,4068,39,20,13,implies
1,4069,48,78,7,or
1,4070,48,66,3,a
1,4071,41,43,2,not_implies
1,4072,18,46,12,not_a
1,4073,84,19,7,or
1,4074,34,89,8,not_or
1,4075,20,20,13,implies
1,4076,83,74,9,not_xor
1,4077,85,87,8,not_or
1,4078,68,72,2,not_implies
1,4079,76,22,9,not_xor
1,4080,48,53,3,a
1,4081,6,53,2,not_implies
1,4082,56,49,9,not_xor
1,4083,33,38,14,not_and
1,4084,37,48,11,implied_by
1,4085,11,41,9,not_xor
1,4086,32,4,6,xor
1,4087,20,38,0,zero
1,4088,64,29,12,not_a
1,4089,81,13,7,or
1,4090,29,71,6,xor
1,4091,3,71,9,not_xor
1,4092,10,63,2,not_implies
1,4093,11,19,15,one
1,4094,84,88,15,one
1,4095,31,15,8,not_or
1,4096,69,7,13,implies
1,4097,47,8,14,not_and
1,4098,45,31,9,not_xor
1,4099,56,15,13,implies
1,4100,81,54,5,b
1,4101,73,31,13,implies
1,4102,25,9,11,implied_by
1,4103,78,2,10,not_b
1,4104,76,31,14,not_and
1,4105,39,5,8,not_or
1,4106,58,77,5,b
1,4107,87,89,4,not_implied_by
1,4108,61,78,12,not_a
1,4109,88,5,4,not_implied_by
1,4110,36,40,2,not_implies
1,4111,77,6,1,and
1,4112,82,38,11,implied_by
1,4113,1,55,7,or
1,4114,84,24,11,implied_by
1,4115,4,86,4,not_implied_by
1,4116,54,62,2,not_implies
1,4117,4,63,10,not_b
1,4118,52,75,2,not_implies
1,4119,13,41,4,not_implied_by
1,4120,4,2,2,not_implies
1,4121,60,83,15,one
1,4122,20,64,8,not_or
1,4123,61,20,14,not_and
1,4124,64,2,6,xor
1,4125,24,5,3,a
1,4126,35,76,13,implies
1,4127,60,58,8,not_or
1,4128,18,69,6,xor
1,4129,82,34,9,not_xor
1,4130,40,85,12,not_a
1,4131,78,56,3,a
1,4132,34,5,4,not_implied_by
1,4133,26,2,0,zero
1,4134,0,85,6,xor
1,4135,76,20,9,not_xor
1,4136,23,39,3,a
1,4137,69,49,14,not_and
1,4138,84,69,2,not_implies
1,4139,25,77,5,b
1,4140,9,43,9,not_xor
1,4141,24,76,15,one
1,4142,73,8,11,implied_by
1,4143,41,42,6,xor
1,4144,57,19,6,xor
1,4145,81,87,13,implies
1,4146,70,35,12,not_a
1,4147,28,85,11,implied_by
1,4148,47,79,2,not_implies
1,4149,64,40,4,not_implied_by
1,4150,42,19,9,not_xor
1,4151,47,21,6,xor
1,4152,86,39,4,not_implied_by
1,4153,49,67,0,zero
1,4154,33,57,14,not_and
1,4155,75,67,12,not_a
1,4156,47,77,11,implied_by
1,4157,30,77,12,not_a
1,4158,55,86,6,xor
1,4159,52,36,13,implies
1,4160,28,18,4,not_implied_by
1,4161,36,15,11,implied_by
1,4162,70,53,9,not_xor
1,4163,57,77,6,xor
1,4164,89,61,10,not_b
1,4165,35,16,11,implied_by
1,4166,58,80,12,not_a
1,4167,30,79,6,xor
1,4168,36,56,12,not_a
1,4169,86,26,5,b
1,4170,69,40,5,b
1,4171,18,54,12,not_a
1,4172,6,26,9,not_xor
1,4173,2,41,9,not_xor
1,4174,55,88,13,implies
1,4175,1,65,8,not_or
1,4176,76,9,9,not_xor
1,4177,14,78,10,not_b
1,4178,84,35,6,xor
1,4179,12,2,6,xor
1,4180,55,14,7,or
1,4181,85,36,2,not_implies
1,4182,49,77,11,implied_by
1,4183,13,46,0,zero
1,4184,48,2,1,and
1,4185,51,50,9,not_xor
1,4186,83,14,9,not_xor
1,4187,73,3,0,zero
1,4188,54,63,5,b
1,4189,19,89,6,xor
1,4190,88,34,14,not_and
1,4191,70,58,15,one
1,4192,54,84,3,a
1,4193,45,24,9,not_xor
1,4194,11,67,2,not_implies
1,4195,63,16,6,xor
1,4196,52,69,10,not_b
1,4197,83,75,5,b
1,4198,63,60,11,implied_by
1,4199,49,6,5,b
1,4200,22,1,13,implies
1,4201,79,60,5,b
1,4202,65,38,7,or
1,4203,21,7,15,one
1,4204,7,5,1,and
1,4205,25,28,15,one
1,4206,19,18,0,zero
1,4207,80,1,3,a
1,4208,55,58,10,not_b
1,4209,0,48,5,b
1,4210,67,21,12,not_a
1,4211,33,29,0,zero
1,4212,57,10,11,implied_by
1,4213,39,12,14,not_and
1,4214,28,50,7,or
1,4215,31,22,0,zero
1,4216,54,59,5,b
1,4217,68,32,6,xor
1,4218,60,46,10,not_b
1,4219,16,6,11,implied_by
1,4220,64,16,5,b
1,4221,74,89,12,not_a
1,4222,38,49,2,not_implies
1,4223,61,44,13,implies
1,4224,56,37,15,one
1,4225,5,57,13,implies
1,4226,22,85,14,not_and
1,4227,88,82,6,xor
1,4228,65,16,8,not_or
1,4229,37,40,14,not_and
1,4230,45,46,3,a
1,4231,54,78,12,not_a
1,4232,80,16,14,not_and
1,4233,77,78,6,xor
1,4234,79,38,6,xor
1,4235,15,71,7,or
1,4236,86,62,9,not_xor
1,4237,18,66,9,not_xor
1,4238,72,65,15,one
1,4239,43,73,13,implies
1,4240,50,81,2,not_implies
1,4241,84,73,15,one
1,4242,32,21,15,one
1,4243,55,78,7,or
1,4244,87,32,6,xor
1,4245,53,72,1,and
1,4246,5,3,2,not_implies
1,4247,48,8,11,implied_by
1,4248,4,88,5,b
1,4249,12,85,12,not_a
1,4250,53,37,0,zero
1,4251,48,50,0,zero
1,4252,1,37,15,one
1,4253,89,58,11,implied_by
1,4254,15,27,12,not_a
1,4255,11,44,9,not_xor
1,4256,14,38,7,or
1,4257,73,49,15,one
1,4258,30,7,6,xor
1,4259,69,85,2,not_implies
1,4260,10,39,9,not_xor
1,4261,21,30,0,zero
1,4262,25,43,1,and
1,4263,0,61,2,not_implies
1,4264,44,85,8,not_or
1,4265,54,18,5,b
1,4266,76,87,6,xor
1,4267,6,57,7,or
1,4268,66,52,15,one
1,4269,49,59,8,not_or
1,4270,67,79,5,b
1,4271,9,79,3,a
1,4272,70,81,4,not_implied_by
1,4273,18,3,5,b
1,4274,64,57,6,xor
1,4275,53,31,4,not_implied_by
1,4276,7,38,1,and
1,4277,37,60,9,not_xor
1,4278,9,21,11,implied_by
1,4279,83,25,12,not_a
1,4280,74,61,6,xor
1,4281,53,49,10,not_b
1,4282,60,71,4,not_implied_by
1,4283,71,68,6,xor
1,4284,44,32,10,not_b
1,4285,85,62,8,not_or
1,4286,31,80,11,implied_by
1,4287,50,33,12,not_a
1,4288,41,65,11,implied_by
1,4289,19,63,12,not_a
1,4290,1,53,5,b
1,4291,65,58,4,not_implied_by
1,4292,53,16,1,and
1,4293,65,84,9,not_xor
1,4294,8,43,12,not_a
1,4295,25,84,10,not_b
1,4296,9,55,2,not_implies
1,4297,15,1,0,zero
1,4298,49,66,0,zero
1,4299,35,3,8,not_or
1,4300,1,62,2,not_implies
1,4301,24,19,2,not_implies
1,4302,59,65,3,a
1,4303,77,0,7,or
1,4304,0,61,12,not_a
1,4305,40,66,9,not_xor
1,4306,45,76,2,not_implies
1,4307,37,68,15,one
1,4308,43,55,9,not_xor
1,4309,62,9,15,one
1,4310,32,36,9,not_xor
1,4311,11,64,12,not_a
1,4312,56,26,0,zero
1,4313,38,56,3,a
1,4314,13,22,3,a
1,4315,36,50,7,or
1,4316,66,71,2,not_implies
1,4317,84,22,14,not_and
1,4318,44,32,6,xor
1,4319,60,29,8,not_or
1,4320,50,77,6,xor
1,4321,51,48,6,xor
1,4322,16,59,8,not_or
1,4323,78,36,13,implies
1,4324,69,85,6,xor
1,4325,49,74,9,not_xor
1,4326,14,3,6,xor
1,4327,14,69,3,a
1,4328,69,72,14,not_and
1,4329,35,67,13,implies
1,4330,61,1,12,not_a
1,4331,64,73,10,not_b
1,4332,50,58,6,xor
1,4333,59,57,10,not_b
1,4334,12,78,2,not_implies
1,4335,39,3,14,not_and
1,4336,47,48,11,implied_by
1,4337,12,60,12,not_a
1,4338,43,78,12,not_a
1,4339,23,34,7,or
1,4340,88,28,13,implies
1,4341,4,10,9,not_xor
1,4342,89,34,13,implies
1,4343,11,40,4,not_implied_by
1,4344,41,55,9,not_xor
1,4345,50,65,8,not_or
1,4346,85,47,5,b
1,4347,2,38,0,zero
1,4348,60,10,0,zero
1,4349,3,4,13,implies
1,4350,35,83,9,not_xor
1,4351,29,75,9,not_xor
1,4352,12,82,15,one
1,4353,82,24,8,not_or
1,4354,44,76,6,xor
1,4355,60,22,10,not_b
1,4356,68,28,7,or
1,4357,13,47,1,and
1,4358,32,52,6,xor
1,4359,56,76,9,not_xor
1,4360,4,2,4,not_implied_by
1,4361,83,59,7,or
1,4362,65,58,1,and
1,4363,58,14,5,b
1,4364,69,85,6,xor
1,4365,42,12,8,not_or
1,4366,72,15,3,a
1,4367,62,0,5,b
1,4368,68,3,9,not_xor
1,4369,75,88,1,and
1,4370,15,46,13,implies
1,4371,5,6,6,xor
1,4372,5,54,15,one
1,4373,75,43,10,not_b
1,4374,50,39,10,not_b
1,4375,23,37,7,or
1,4376,44,2,6,xor
1,4377,40,28,1,and
1,4378,51,81,8,not_or
1,4379,3,62,13,implies
1,4380,42,67,10,not_b
1,4381,35,20,2,not_implies
1,4382,84,18,5,b
1,4383,88,18,0,zero
1,4384,33,21,10,not_b
1,4385,11,73,15,one
1,4386,86,53,3,a
1,4387,57,35,12,not_a
1,4388,53,64,14,not_and
1,4389,54,53,7,or
1,4390,29,83,13,implies
1,4391,20,15,7,or
1,4392,15,17,0,zero
1,4393,19,72,9,not_xor
1,4394,78,12,12,not_a
1,4395,18,31,9,not_xor
1,4396,11,33,11,implied_by
1,4397,24,5,2,not_implies
1,4398,22,27,14,not_and
1,4399,60,21,2,not_implies
1,4400,56,71,14,not_and
1,4401,14,25,7,or
1,4402,45,4,13,implies
1,4403,88,7,8,not_or
1,4404,60,42,12,not_a
1,4405,51,5,12,not_a
1,4406,59,39,2,not_implies
1,4407,6,4,4,not_implied_by
1,4408,9,14,15,one
1,4409,61,58,1,and
1,4410,49,8,15,one
1,4411,61,2,14,not_and
1,4412,50,47,1,and
1,4413,32,83,11,implied_by
1,4414,40,88,7,or
1,4415,16,6,7,or
1,4416,7,16,8,not_or
1,4417,54,57,7,or
1,4418,63,0,0,zero
1,4419,83,53,8,not_or
1,4420,22,35,0,zero
1,4421,6,1,10,not_b
1,4422,44,31,11,implied_by
1,4423,59,70,15,one
1,4424,5,43,5,b
1,4425,16,16,9,not_xor
1,4426,65,58,9,not_xor
1,4427,42,85,15,one
1,4428,10,8,12,not_a
1,4429,60,64,12,not_a
1,4430,0,13,0,zero
1,4431,76,38,6,xor
1,4432,3,37,8,not_or
1,4433,37,20,5,b
1,4434,74,57,10,not_b
1,4435,81,11,9,not_xor
1,4436,80,33,12,not_a
1,4437,7,40,0,zero
1,4438,3,31,11,implied_by
1,4439,64,29,2,not_implies
1,4440,50,11,14,not_and
1,4441,28,25,14,not_and
1,4442,3,69,0,zero
1,4443,83,25,4,not_implied_by
1,4444,73,79,15,one
1,4445,14,70,6,xor
1,4446,38,88,5,b
1,4447,77,65,15,one
1,4448,89,87,0,zero
1,4449,85,56,7,or
1,4450,21,27,6,xor
1,4451,74,47,9,not_xor
1,4452,75,63,0,zero
1,4453,39,46,12,not_a
1,4454,37,33,9,not_xor
1,4455,39,2,12,not_a
1,4456,82,73,8,not_or
1,4457,0,20,1,and
1,4458,74,69,9,not_xor
1,4459,51,62,3,a
1,4460,76,8,5,b
1,4461,22,57,15,one
1,4462,33,88,4,not_implied_by
1,4463,43,41,1,and
1,4464,13,74,14,not_and
1,4465,34,59,7,or
1,4466,22,15,8,not_or
1,4467,39,29,12,not_a
1,4468,74,89,9,not_xor
1,4469,51,30,15,one
1,4470,82,87,6,xor
1,4471,67,85,1,and
1,4472,5,33,4,not_implied_by
1,4473,8,79,12,not_a
1,4474,58,35,0,zero
1,4475,88,84,12,not_a
1,4476,76,1,1,and
1,4477,5,36,8,not_or
1,4478,75,23,9,not_xor
1,4479,29,73,5,b
1,4480,24,47,6,xor
1,4481,49,71,9,not_xor
1,4482,12,31,11,implied_by
1,4483,64,44,14,not_and
1,4484,8,71,14,not_and
1,4485,37,66,1,and
1,4486,80,74,6,xor
1,4487,48,54,4,not_implied_by
1,4488,27,17,1,and
1,4489,72,12,1,and
1,4490,87,1,15,one
1,4491,8,44,12,not_a
1,4492,9,34,6,xor
1,4493,88,33,10,not_b
1,4494,55,87,10,not_b
1,4495,86,43,6,xor
1,4496,63,68,3,a
1,4497,41,66,7,or
1,4498,61,54,14,not_and
1,4499,74,19,6,xor
1,4500,74,51,6,xor
1,4501,18,68,11,implied_by
1,4502,9,37,11,implied_by
1,4503,80,26,14,not_and
1,4504,47,88,11,implied_by
1,4505,0,8,1,and
1,4506,32,51,0,zero
1,4507,14,17,4,not_implied_by
1,4508,53,25,13,implies
1,4509,23,27,1,and
1,4510,6,56,7,or
1,4511,89,53,5,b
1,4512,74,36,11,implied_by
1,4513,2,78,15,one
1,4514,28,18,9,not_xor
1,4515,77,43,15,one
1,4516,39,60,8,not_or
1,4517,18,25,6,xor
1,4518,25,24,3,a
1,4519,43,62,9,not_xor
1,4520,73,1,4,not_implied_by
1,4521,82,86,5,b
1,4522,71,78,6,xor
1,4523,85,80,8,not_or
1,4524,38,7,14,not_and
1,4525,59,4,6,xor
1,4526,10,40,13,implies
1,4527,30,70,0,zero
1,4528,32,9,0,zero
1,4529,87,52,1,and
1,4530,47,45,15,one
1,4531,70,72,9,not_xor
1,4532,73,78,8,not_or
1,4533,80,39,11,implied_by
1,4534,72,56,13,implies
1,4535,84,62,9,not_xor
1,4536,12,75,7,or
1,4537,36,33,8,not_or
1,4538,72,18,6,xor
1,4539,55,85,9,not_xor
1,4540,60,63,9,not_xor
1,4541,14,66,5,b
1,4542,46,31,6,xor
1,4543,76,42,9,not_xor
1,4544,76,11,4,not_implied_by
1,4545,17,13,9,not_xor
1,4546,21,75,6,xor
1,4547,59,76,0,zero
1,4548,63,56,10,not_b
1,4549,76,65,14,not_and
1,4550,86,51,7,or
1,4551,50,49,12,not_a
1,4552,89,46,8,not_or
1,4553,44,28,0,zero
1,4554,0,89,11,implied_by
1,4555,48,71,14,not_and
1,4556,89,54,3,a
1,4557,62,48,10,not_b
1,4558,32,50,11,implied_by
1,4559,65,64,3,a
1,4560,81,76,9,not_xor
1,4561,61,34,5,b
1,4562,23,16,6,xor
1,4563,47,4,1,and
1,4564,32,25,10,not_b
1,4565,82,26,9,not_xor
1,4566,36,2,12,not_a
1,4567,57,38,9,not_xor
1,4568,82,61,6,xor
1,4569,25,72,11,implied_by
1,4570,18,54,14,not_and
1,4571,81,44,0,zero
1,4572,64,60,0,zero
1,4573,48,68,1,and
1,4574,46,17,7,or
1,4575,44,65,3,a
1,4576,85,46,8,not_or
1,4577,48,18,9,not_xor
1,4578,2,21,3,a
1,4579,3,3,4,not_implied_by
1,4580,31,34,7,or
1,4581,52,54,7,or
1,4582,29,14,5,b
1,4583,44,48,12,not_a
1,4584,75,77,4,not_implied_by
1,4585,18,18,8,not_or
1,4586,2,43,2,not_implies
1,4587,78,17,1,and
1,4588,82,32,9,not_xor
1,4589,38,49,8,not_or
1,4590,72,8,14,not_and
1,4591,65,40,4,not_implied_by
1,4592,76,49,9,not_xor
1,4593,22,74,14,not_and
1,4594,11,13,1,and
1,4595,72,3,9,not_xor
1,4596,38,38,4,not_implied_by
1,4597,51,88,7,or
1,4598,75,71,9,not_xor
1,4599,37,55,15,one
1,4600,13,30,6,xor
1,4601,23,13,6,xor
1,4602,20,41,5,b
1,4603,17,88,4,not_implied_by
1,4604,44,45,3,a
1,4605,44,47,15,one
1,4606,64,40,3,a
1,4607,37,65,15,one
1,4608,58,71,12,not_a
1,4609,76,63,6,xor
1,4610,10,47,8,not_or
1,4611,59,30,13,implies
1,4612,42,55,2,not_implies
1,4613,82,8,5,b
1,4614,50,1,6,xor
1,4615,83,42,6,xor
1,4616,45,42,11,implied_by
1,4617,73,21,13,implies
1,4618,73,86,15,one
1,4619,30,59,4,not_implied_by
1,4620,87,23,4,not_implied_by
1,4621,33,50,14,not_and
1,4622,0,18,9,not_xor
1,4623,53,70,6,xor
1,4624,49,3,8,not_or
1,4625,79,60,0,zero
1,4626,20,64,10,not_b
1,4627,11,40,6,xor
1,4628,17,39,12,not_a
1,4629,83,14,1,and
1,4630,21,38,5,b
1,4631,49,20,15,one
1,4632,52,69,11,implied_by
1,4633,77,36,6,xor
1,4634,43,78,6,xor
1,4635,25,0,14,not_and
1,4636,22,7,4,not_implied_by
1,4637,43,2,7,or
1,4638,28,88,13,implies
1,4639,19,55,4,not_implied_by
1,4640,1,27,5,b
1,4641,37,10,0,zero
1,4642,64,71,1,and
1,4643,83,70,10,not_b
1,4644,65,32,9,not_xor
1,4645,63,28,9,not_xor
1,4646,67,46,15,one
1,4647,7,74,14,not_and
1,4648,57,38,3,a
1,4649,70,46,5,b
1,4650,81,21,10,not_b
1,4651,46,78,9,not_xor
1,4652,32,86,1,and
1,4653,47,6,7,or
1,4654,68,25,6,xor
1,4655,30,46,13,implies
1,4656,41,8,7,or
1,4657,86,77,6,xor
1,4658,8,55,4,not_implied_by
1,4659,6,6,4,not_implied_by
1,4660,32,79,2,not_implies
1,4661,53,65,8,not_or
1,4662,43,14,10,not_b
1,4663,60,25,10,not_b
1,4664,70,9,15,one
1,4665,45,42,8,not_or
1,4666,65,22,8,not_or
1,4667,18,13,12,not_a
1,4668,29,29,15,one
1,4669,10,56,9,not_xor
1,4670,15,67,13,implies
1,4671,19,87,12,not_a
1,4672,89,65,8,not_or
1,4673,37,67,4,not_implied_by
1,4674,78,1,11,implied_by
1,4675,85,58,12,not_a
1,4676,52,41,12,not_a
1,4677,17,54,5,b
1,4678,69,35,1,and
1,4679,42,71,9,not_xor
1,4680,55,76,0,zero
1,4681,85,86,2,not_implies
1,4682,80,21,6,xor
1,4683,52,84,12,not_a
1,4684,69,73,7,or
1,4685,53,18,15,one
1,4686,81,51,12,not_a
1,4687,20,86,1,and
1,4688,1,79,7,or
1,4689,18,19,11,implied_by
1,4690,89,40,13,implies
1,4691,35,65,10,not_b
1,4692,17,7,1,and
1,4693,63,14,2,not_implies
1,4694,9,0,9,not_xor
1,4695,85,81,6,xor
1,4696,72,38,8,not_or
1,4697,67,28,0,zero
1,4698,20,72,2,not_implies
1,4699,26,24,7,or
1,4700,63,42,3,a
1,4701,26,52,7,or
1,4702,12,12,8,not_or
1,4703,29,14,15,one
1,4704,76,45,10,not_b
1,4705,79,17,5,b
1,4706,70,9,11,implied_by
1,4707,8,3,6,xor
1,4708,50,52,10,not_b
1,4709,5,27,3,a
1,4710,64,40,15,one
1,4711,41,51,5,b
1,4712,84,26,2,not_implies
1,4713,84,62,1,and
1,4714,41,48,14,not_and
1,4715,25,65,4,not_implied_by
1,4716,12,76,15,one
1,4717,45,62,0,zero
1,4718,56,87,15,one
1,4719,45,31,10,not_b
1,4720,53,58,0,zero
1,4721,73,23,2,not_implies
1,4722,67,83,4,not_implied_by
1,4723,82,30,5,b
1,4724,76,80,7,or
1,4725,24,72,4,not_implied_by
1,4726,75,71,13,implies
1,4727,31,62,0,zero
1,4728,52,22,9,not_xor
1,4729,44,39,0,zero
1,4730,21,26,8,not_or
1,4731,26,33,0,zero
1,4732,27,47,3,a
1,4733,77,54,11,implied_by
1,4734,69,63,4,not_implied_by
1,4735,4,3,3,a
1,4736,7,12,10,not_b
1,4737,37,4,3,a
1,4738,38,79,10,not_b
1,4739,18,85,3,a
1,4740,13,11,11,implied_by
1,4741,49,26,10,not_b
1,4742,47,3,13,implies
1,4743,50,88,5,b
1,4744,6,71,7,or
1,4745,61,51,7,or
1,4746,54,23,6,xor
1,4747,67,80,7,or
1,4748,77,50,5,b
1,4749,61,54,8,not_or
1,4750,16,37,13,implies
1,4751,50,14,2,not_implies
1,4752,83,22,14,not_and
1,4753,46,65,8,not_or
1,4754,47,19,0,zero
1,4755,30,25,9,not_xor
1,4756,86,84,15,one
1,4757,7,10,12,not_a
1,4758,49,1,12,not_a
1,4759,69,86,13,implies
1,4760,80,12,10,not_b
1,4761,36,77,2,not_implies
1,4762,10,40,12,not_a
1,4763,27,26,10,not_b
1,4764,7,37,9,not_xor
1,4765,41,73,11,implied_by
1,4766,65,64,5,b
1,4767,40,7,15,one
1,4768,69,88,2,not_implies
1,4769,19,6,11,implied_by
1,4770,62,87,7,or
1,4771,78,11,12,not_a
1,4772,64,12,3,a
1,4773,82,67,5,b
1,4774,75,8,7,or
1,4775,23,69,6,xor
1,4776,37,39,11,implied_by
1,4777,84,77,4,not_implied_by
1,4778,37,0,0,zero
1,4779,65,1,0,zero
1,4780,73,19,5,b
1,4781,58,3,12,not_a
1,4782,68,89,4,not_implied_by
1,4783,10,46,8,not_or
1,4784,47,84,9,not_xor
1,4785,7,72,9,not_xor
1,4786,38,55,9,not_xor
1,4787,20,17,4,not_implied_by
1,4788,59,19,12,not_a
1,4789,22,79,15,one
1,4790,77,62,5,b
1,4791,14,37,10,not_b
1,4792,7,10,5,b
1,4793,6,24,2,not_implies
1,4794,50,65,8,not_or
1,4795,31,14,11,implied_by
1,4796,88,67,4,not_implied_by
1,4797,12,51,15,one
1,4798,10,6,12,not_a
1,4799,22,5,1,and
1,4800,51,72,3,a
1,4801,6,26,4,not_implied_by
1,4802,28,73,0,zero
1,4803,8,85,13,implies
1,4804,89,60,6,xor
1,4805,45,7,4,not_implied_by
1,4806,12,13,2,not_implies
1,4807,8,17,7,or
1,4808,5,68,2,not_implies
1,4809,45,31,10,not_b
1,4810,29,19,9,not_xor
1,4811,64,26,0,zero
1,4812,31,3,2,not_implies
1,4813,45,64,9,not_xor
1,4814,41,73,8,not_or
1,4815,34,11,5,b
1,4816,20,74,9,not_xor
1,4817,89,81,4,not_implied_by
1,4818,16,87,6,xor
1,4819,58,54,15,one
1,4820,58,6,12,not_a
1,4821,60,75,14,not_and
1,4822,73,69,1,and
1,4823,7,48,10,not_b
1,4824,23,88,2,not_implies
1,4825,59,23,7,or
1,4826,55,31,10,not_b
1,4827,77,62,7,or
1,4828,29,72,7,or
1,4829,23,80,9,not_xor
1,4830,49,39,3,a
1,4831,56,82,14,not_and
1,4832,49,27,15,one
1,4833,72,32,10,not_b
1,4834,33,62,5,b
1,4835,14,73,2,not_implies
1,4836,29,4,2,not_implies
1,4837,63,11,1,and
1,4838,27,44,5,b
1,4839,26,75,12,not_a
1,4840,59,37,14,not_and
1,4841,12,88,15,one
1,4842,48,23,5,b
1,4843,55,77,11,implied_by
1,4844,0,3,1,and
1,4845,32,35,6,xor
1,4846,4,7,7,or
1,4847,23,44,0,zero
1,4848,13,73,6,xor
1,4849,32,71,3,a
1,4850,45,65,6,xor
1,4851,67,62,13,implies
1,4852,2,71,9,not_xor
1,4853,54,37,15,one
1,4854,55,43,0,zero
1,4855,89,60,11,implied_by
1,4856,59,51,9,not_xor
1,4857,82,5,10,not_b
1,4858,61,55,0,zero
1,4859,70,45,11,implied_by
1,4860,60,27,1,and
1,4861,84,87,5,b
1,4862,76,60,15,one
1,4863,48,77,9,not_xor
1,4864,4,69,15,one
1,4865,5,62,7,or
1,4866,26,45,6,xor
1,4867,41,73,2,not_implies
1,4868,54,28,13,implies
1,4869,47,41,13,implies
1,4870,0,57,5,b
1,4871,76,66,9,not_xor
1,4872,23,31,0,zero
1,4873,0,26,6,xor
1,4874,73,69,8,not_or
1,4875,80,68,10,not_b
1,4876,57,72,7,or
1,4877,20,14,10,not_b
1,4878,47,70,2,not_implies
1,4879,21,75,6,xor
1,4880,11,70,11,implied_by
1,4881,47,36,12,not_a
1,4882,73,69,10,not_b
1,4883,49,67,4,not_implied_by
1,4884,81,61,13,implies
1,4885,31,75,4,not_implied_by
1,4886,56,32,7,or
1,4887,76,59,3,a
1,4888,6,87,1,and
1,4889,2,19,9,not_xor
1,4890,76,48,0,zero
1,4891,63,29,10,not_b
1,4892,81,75,9,not_xor
1,4893,0,49,8,not_or
1,4894,33,11,5,b
1,4895,79,82,1,and
1,4896,80,44,10,not_b
1,4897,80,5,5,b
1,4898,9,60,10,not_b
1,4899,79,1,12,not_a
1,4900,46,50,9,not_xor
1,4901,77,11,0,zero
1,4902,20,47,8,not_or
1,4903,53,36,8,not_or
1,4904,79,50,2,not_implies
1,4905,21,63,12,not_a
1,4906,21,72,10,not_b
1,4907,50,21,9,not_xor
1,4908,51,79,12,not_a
1,4909,68,32,14,not_and
1,4910,32,64,7,or
1,4911,53,25,5,b
1,4912,37,87,14,not_and
1,4913,55,26,14,not_and
1,4914,17,46,2,not_implies
1,4915,84,41,12,not_a
1,4916,12,53,6,xor
1,4917,32,44,6,xor
1,4918,72,67,4,not_implied_by
1,4919,6,69,9,not_xor
1,4920,13,29,4,not_implied_by
1,4921,14,84,15,one
1,4922,65,88,2,not_implies
1,4923,67,1,6,xor
1,4924,67,1,11,implied_by
1,4925,30,19,9,not_xor
1,4926,56,64,9,not_xor
1,4927,17,78,1,and
1,4928,64,53,3,a
1,4929,16,26,6,xor
1,4930,78,65,7,or
1,4931,77,51,13,implies
1,4932,27,80,15,one
1,4933,41,59,11,implied_by
1,4934,29,23,5,b
1,4935,0,56,9,not_xor
1,4936,29,15,5,b
1,4937,51,63,15,one
1,4938,1,85,10,not_b
1,4939,9,6,9,not_xor
1,4940,75,75,7,or
1,4941,74,67,4,not_implied_by
1,4942,76,17,1,and
1,4943,27,9,3,a
1,4944,59,42,10,not_b
1,4945,87,25,9,not_xor
1,4946,83,15,14,not_and
1,4947,78,80,4,not_implied_by
1,4948,30,37,5,b
1,4949,23,66,2,not_implies
1,4950,8,10,7,or
1,4951,15,59,10,not_b
1,4952,56,62,9,not_xor
1,4953,44,2,0,zero
1,4954,84,82,11,implied_by
1,4955,23,2,6,xor
1,4956,14,88,14,not_and
1,4957,75,25,12,not_a
1,4958,85,28,5,b
1,4959,42,83,12,not_a
1,4960,38,9,1,and
1,4961,16,56,12,not_a
1,4962,50,28,6,xor
1,4963,72,82,14,not_and
1,4964,26,43,6,xor
1,4965,84,23,5,b
1,4966,24,29,2,not_implies
1,4967,87,19,9,not_xor
1,4968,87,17,5,b
1,4969,61,82,15,one
1,4970,49,43,3,a
1,4971,23,18,15,one
1,4972,33,83,7,or
1,4973,18,6,0,zero
1,4974,66,41,13,implies
1,4975,74,39,9,not_xor
1,4976,43,89,7,or
1,4977,84,54,7,or
1,4978,8,88,6,xor
1,4979,60,37,1,and
1,4980,26,82,2,not_implies
1,4981,45,49,10,not_b
1,4982,34,27,4,not_implied_by
1,4983,11,2,9,not_xor
1,4984,78,16,3,a
1,4985,50,66,7,or
1,4986,52,1,8,not_or
1,4987,69,13,1,and
1,4988,46,74,4,not_implied_by
1,4989,65,1,8,not_or
1,4990,84,17,5,b
1,4991,62,7,13,implies
1,4992,47,53,14,not_and
1,4993,9,64,12,not_a
1,4994,78,88,11,implied_by
1,4995,85,26,9,not_xor
1,4996,52,32,9,not_xor
1,4997,56,36,15,one
1,4998,11,6,4,not_implied_by
1,4999,78,3,1,and
1,5000,88,46,3,a
1,5001,33,0,11,implied_by
1,5002,63,51,0,zero
1,5003,21,31,13,implies
1,5004,59,11,7,or
1,5005,69,69,4,not_implied_by
1,5006,33,89,9,not_xor
1,5007,5,22,8,not_or
1,5008,71,46,13,implies
1,5009,87,88,10,not_b
1,5010,9,67,3,a
1,5011,45,86,9,not_xor
1,5012,29,31,8,not_or
1,5013,52,58,7,or
1,5014,77,17,5,b
1,5015,68,44,4,not_implied_by
1,5016,82,61,9,not_xor
1,5017,77,60,2,not_implies
1,5018,22,11,12,not_a
1,5019,56,63,12,not_a
1,5020,73,22,11,implied_by
1,5021,1,61,4,not_implied_by
1,5022,6,82,10,not_b
1,5023,44,62,12,not_a
1,5024,43,29,9,not_xor
1,5025,88,51,2,not_implies
1,5026,37,83,5,b
1,5027,84,82,7,or
1,5028,12,61,12,not_a
1,5029,86,89,9,not_xor
1,5030,15,82,12,not_a
1,5031,48,59,4,not_implied_by
1,5032,86,44,11,implied_by
1,5033,73,30,10,not_b
1,5034,34,43,0,zero
1,5035,66,89,13,implies
1,5036,68,5,10,not_b
1,5037,2,2,9,not_xor
1,5038,46,73,15,one
1,5039,50,25,10,not_b
1,5040,72,80,9,not_xor
1,5041,78,48,6,xor
1,5042,85,35,0,zero
1,5043,3,16,3,a
1,5044,33,57,6,xor
1,5045,68,89,11,implied_by
1,5046,25,26,14,not_and
1,5047,5,63,0,zero
1,5048,16,49,14,not_and
1,5049,38,48,8,not_or
1,5050,6,14,14,not_and
1,5051,23,59,7,or
1,5052,26,0,8,not_or
1,5053,21,14,1,and
1,5054,70,34,8,not_or
1,5055,40,8,5,b
1,5056,84,75,12,not_a
1,5057,34,42,8,not_or
1,5058,35,23,15,one
1,5059,81,55,2,not_implies
1,5060,45,74,14,not_and
1,5061,75,10,2,not_implies
1,5062,56,25,14,not_and
1,5063,30,42,0,zero
1,5064,46,30,5,b
1,5065,37,84,1,and
1,5066,29,42,3,a
1,5067,40,67,5,b
1,5068,3,6,1,and
1,5069,52,87,4,not_implied_by
1,5070,59,84,11,implied_by
1,5071,16,61,6,xor
1,5072,24,27,6,xor
1,5073,68,57,11,implied_by
1,5074,86,24,1,and
1,5075,70,87,15,one
1,5076,77,45,6,xor
1,5077,48,89,15,one
1,5078,56,76,8,not_or
1,5079,38,58,12,not_a
1,5080,44,31,13,implies
1,5081,9,9,13,implies
1,5082,48,48,6,xor
1,5083,58,62,5,b
1,5084,4,79,15,one
1,5085,25,87,12,not_a
1,5086,28,51,8,not_or
1,5087,83,81,8,not_or
1,5088,61,24,15,one
1,5089,15,37,9,not_xor
1,5090,2,34,10,not_b
1,5091,40,45,14,not_and
1,5092,80,22,0,zero
1,5093,11,15,2,not_implies
1,5094,8,17,13,implies
1,5095,17,86,9,not_xor
1,5096,37,43,13,implies
1,5097,80,54,4,not_implied_by
1,5098,33,67,2,not_implies
1,5099,17,80,3,a
1,5100,68,51,9,not_xor
1,5101,87,38,9,not_xor
1,5102,69,86,13,implies
1,5103,52,69,13,implies
1,5104,17,46,2,not_implies
1,5105,75,69,6,xor
1,5106,45,5,9,not_xor
1,5107,31,35,5,b
1,5108,63,66,10,not_b
1,5109,67,7,12,not_a
1,5110,82,21,14,not_and
1,5111,54,0,14,not_and
1,5112,65,30,6,xor
1,5113,68,42,12,not_a
1,5114,88,14,9,not_xor
1,5115,70,19,1,and
1,5116,16,42,10,not_b
1,5117,39,85,12,not_a
1,5118,33,28,13,implies
1,5119,74,81,12,not_a
1,5120,47,66,14,not_and
1,5121,40,58,7,or
1,5122,9,16,12,not_a
1,5123,79,11,7,or
1,5124,2,70,5,b
1,5125,58,39,12,not_a
1,5126,60,16,8,not_or
1,5127,57,81,15,one
1,5128,39,89,12,not_a
1,5129,0,68,13,implies
1,5130,74,27,8,not_or
1,5131,61,67,8,not_or
1,5132,45,1,13,implies
1,5133,64,54,6,xor
1,5134,13,73,4,not_implied_by
1,5135,30,16,8,not_or
1,5136,75,49,13,implies
1,5137,61,40,6,xor
1,5138,76,40,6,xor
1,5139,60,73,2,not_implies
1,5140,33,14,1,and
1,5141,19,4,4,not_implied_by
1,5142,62,27,6,xor
1,5143,20,83,9,not_xor
1,5144,2,18,6,xor
1,5145,8,14,8,not_or
1,5146,36,61,0,zero
1,5147,39,72,12,not_a
1,5148,79,76,0,zero
1,5149,45,72,15,one
1,5150,7,41,0,zero
1,5151,55,25,14,not_and
1,5152,36,83,6,xor
1,5153,32,87,2,not_implies
1,5154,3,17,5,b
1,5155,58,44,4,not_implied_by
1,5156,62,75,2,not_implies
1,5157,16,54,3,a
1,5158,73,47,11,implied_by
1,5159,87,0,11,implied_by
1,5160,61,4,4,not_implied_by
1,5161,35,53,10,not_b
1,5162,35,26,5,b
1,5163,45,72,10,not_b
1,5164,50,26,9,not_xor
1,5165,26,34,2,not_implies
1,5166,60,34,2,not_implies
1,5167,51,48,6,xor
1,5168,34,12,2,not_implies
1,5169,6,53,2,not_implies
1,5170,23,13,1,and
1,5171,28,62,1,and
1,5172,18,8,6,xor
1,5173,35,39,12,not_a
1,5174,72,18,12,not_a
1,5175,54,71,13,implies
1,5176,83,77,9,not_xor
1,5177,32,30,2,not_implies
1,5178,8,14,13,implies
1,5179,17,30,10,not_b
1,5180,15,28,9,not_xor
1,5181,12,85,6,xor
1,5182,78,11,4,not_implied_by
1,5183,60,85,8,not_or
1,5184,64,75,4,not_implied_by
1,5185,47,70,0,zero
1,5186,26,20,6,xor
1,5187,56,23,1,and
1,5188,58,61,2,not_implies
1,5189,72,46,3,a
1,5190,64,15,10,not_b
1,5191,73,21,4,not_implied_by
1,5192,7,16,8,not_or
1,5193,20,36,6,xor
1,5194,66,63,15,one
1,5195,81,13,15,one
1,5196,17,82,7,or
1,5197,35,47,5,b
1,5198,54,82,10,not_b
1,5199,74,74,9,not_xor
1,5200,54,25,14,not_and
1,5201,19,35,8,not_or
1,5202,14,36,0,zero
1,5203,63,23,1,and
1,5204,56,72,0,zero
1,5205,61,76,10,not_b
1,5206,89,83,1,and
1,5207,37,54,0,zero
1,5208,70,61,15,one
1,5209,31,67,2,not_implies
1,5210,8,77,4,not_implied_by
1,5211,20,80,9,not_xor
1,5212,36,61,5,b
1,5213,71,48,0,zero
1,5214,5,37,10,not_b
1,5215,7,88,8,not_or
1,5216,69,15,10,not_b
1,5217,74,19,6,xor
1,5218,25,27,12,not_a
1,5219,32,4,4,not_implied_by
1,5220,84,16,15,one
1,5221,62,42,1,and
1,5222,17,24,11,implied_by
1,5223,83,24,13,implies
1,5224,32,43,3,a
1,5225,12,54,9,not_xor
1,5226,42,73,14,not_and
1,5227,55,43,9,not_xor
1,5228,8,62,9,not_xor
1,5229,15,64,10,not_b
1,5230,37,26,13,implies
1,5231,3,43,11,implied_by
1,5232,8,6,0,zero
1,5233,76,22,6,xor
1,5234,5,42,5,b
1,5235,84,75,5,b
1,5236,22,45,9,not_xor
1,5237,18,7,0,zero
1,5238,86,59,0,zero
1,5239,80,76,10,not_b
1,5240,27,7,5,b
1,5241,52,51,7,or
1,5242,54,17,7,or
1,5243,62,54,1,and
1,5244,28,72,3,a
1,5245,76,39,10,not_b
1,5246,11,53,10,not_b
1,5247,73,6,13,implies
1,5248,22,3,13,implies
1,5249,53,1,6,xor
1,5250,37,51,14,not_and
1,5251,52,88,7,or
1,5252,26,8,11,implied_by
1,5253,33,40,9,not_xor
1,5254,68,86,2,not_implies
1,5255,23,16,7,or
1,5256,67,20,13,implies
1,5257,72,82,3,a
1,5258,48,80,13,implies
1,5259,79,68,3,a
1,5260,9,36,12,not_a
1,5261,62,23,9,not_xor
1,5262,37,43,13,implies
1,5263,87,45,12,not_a
1,5264,47,43,9,not_xor
1,5265,14,37,8,not_or
1,5266,39,40,5,b
1,5267,89,8,10,not_b
1,5268,56,0,13,implies
1,5269,34,14,1,and
1,5270,42,77,6,xor
1,5271,5,23,7,or
1,5272,0,81,15,one
1,5273,56,11,11,implied_by
1,5274,9,23,11,implied_by
1,5275,16,34,2,not_implies
1,5276,82,50,11,implied_by
1,5277,9,0,12,not_a
1,5278,64,37,9,not_xor
1,5279,55,2,1,and
1,5280,79,17,2,not_implies
1,5281,44,27,14,not_and
1,5282,39,6,9,not_xor
1,5283,67,5,4,not_implied_by
1,5284,88,82,1,and
1,5285,29,19,3,a
1,5286,70,2,5,b
1,5287,77,10,7,or
1,5288,16,41,7,or
1,5289,27,33,7,or
1,5290,73,44,9,not_xor
1,5291,41,67,0,zero
1,5292,17,38,6,xor
1,5293,71,86,6,xor
1,5294,25,63,0,zero
1,5295,2,6,4,not_implied_by
1,5296,13,12,3,a
1,5297,19,24,2,not_implies
1,5298,50,36,13,implies
1,5299,27,81,3,a
1,5300,80,51,11,implied_by
1,5301,32,59,0,zero
1,5302,86,13,11,implied_by
1,5303,63,34,7,or
1,5304,18,62,7,or
1,5305,23,74,6,xor
1,5306,38,83,15,one
1,5307,50,12,8,not_or
1,5308,71,73,5,b
1,5309,38,30,9,not_xor
1,5310,34,12,3,a
1,5311,14,41,6,xor
1,5312,27,57,12,not_a
1,5313,19,26,15,one
1,5314,40,41,5,b
1,5315,17,10,2,not_implies
1,5316,18,21,0,zero
1,5317,46,44,15,one
1,5318,80,55,5,b
1,5319,52,30,0,zero
1,5320,0,18,9,not_xor
1,5321,51,79,1,and
1,5322,68,47,7,or
1,5323,69,71,13,implies
1,5324,76,11,12,not_a
1,5325,56,45,4,not_implied_by
1,5326,67,25,3,a
1,5327,38,77,0,zero
1,5328,55,23,4,not_implied_by
1,5329,24,73,9,not_xor
1,5330,59,8,14,not_and
1,5331,28,21,3,a
1,5332,78,79,5,b
1,5333,11,16,5,b
1,5334,89,27,7,or
1,5335,32,67,3,a
1,5336,36,39,6,xor
1,5337,45,66,9,not_xor
1,5338,51,40,7,or
1,5339,18,73,14,not_and
1,5340,1,48,0,zero
1,5341,41,82,2,not_implies
1,5342,10,9,5,b
1,5343,12,21,2,not_implies
1,5344,22,85,9,not_xor
1,5345,80,15,9,not_xor
1,5346,68,84,11,implied_by
1,5347,21,30,14,not_and
1,5348,8,62,12,not_a
1,5349,18,83,4,not_implied_by
1,5350,34,4,2,not_implies
1,5351,28,34,1,and
1,5352,28,51,13,implies
1,5353,16,74,11,implied_by
1,5354,80,42,9,not_xor
1,5355,60,16,10,not_b
1,5356,12,35,14,not_and
1,5357,28,32,11,implied_by
1,5358,70,77,5,b
1,5359,5,87,6,xor
1,5360,71,57,14,not_and
1,5361,75,49,8,not_or
1,5362,73,67,15,one
1,5363,46,37,2,not_implies
1,5364,21,83,8,not_or
1,5365,60,46,8,not_or
1,5366,9,57,6,xor
1,5367,37,80,3,a
1,5368,75,76,2,not_implies
1,5369,16,41,4,not_implied_by
1,5370,9,24,13,implies
1,5371,19,21,9,not_xor
1,5372,65,72,8,not_or
1,5373,20,18,2,not_implies
1,5374,25,57,3,a
1,5375,46,48,14,not_and
1,5376,22,9,13,implies
1,5377,10,31,0,zero
1,5378,38,39,6,xor
1,5379,8,83,6,xor
1,5380,52,62,2,not_implies
1,5381,61,32,13,implies
1,5382,19,20,15,one
1,5383,32,41,9,not_xor
1,5384,21,15,14,not_and
1,5385,89,0,0,zero
1,5386,52,42,14,not_and
1,5387,75,20,5,b
1,5388,13,74,6,xor
1,5389,4,41,6,xor
1,5390,80,24,12,not_a
1,5391,26,18,9,not_xor
1,5392,42,74,4,not_implied_by
1,5393,41,78,1,and
1,5394,45,34,9,not_xor
1,5395,32,80,9,not_xor
1,5396,70,5,4,not_implied_by
1,5397,36,38,15,one
1,5398,80,80,0,zero
1,5399,55,87,15,one
1,5400,58,51,15,one
1,5401,29,31,12,not_a
1,5402,18,56,14,not_and
1,5403,15,18,0,zero
1,5404,65,80,13,implies
1,5405,86,28,10,not_b
1,5406,25,63,7,or
1,5407,54,10,14,not_and
1,5408,56,79,13,implies
1,5409,5,49,15,one
1,5410,28,6,5,b
1,5411,18,10,11,implied_by
1,5412,7,51,8,not_or
1,5413,9,67,9,not_xor
1,5414,55,16,10,not_b
1,5415,33,37,12,not_a
1,5416,75,70,7,or
1,5417,66,56,0,zero
1,5418,67,20,0,zero
1,5419,86,2,6,xor
1,5420,65,28,6,xor
1,5421,48,48,12,not_a
1,5422,65,10,5,b
1,5423,29,37,9,not_xor
1,5424,70,80,6,xor
1,5425,15,42,8,not_or
1,5426,44,24,13,implies
1,5427,8,89,4,not_implied_by
1,5428,19,76,2,not_implies
1,5429,52,27,1,and
1,5430,59,37,0,zero
1,5431,83,23,4,not_implied_by
1,5432,41,28,2,not_implies
1,5433,0,49,4,not_implied_by
1,5434,75,58,8,not_or
1,5435,26,6,10,not_b
1,5436,8,10,12,not_a
1,5437,37,41,1,and
1,5438,54,26,13,implies
1,5439,67,81,8,not_or
1,5440,25,17,14,not_and
1,5441,18,71,9,not_xor
1,5442,34,38,4,not_implied_by
1,5443,78,48,12,not_a
1,5444,20,66,7,or
1,5445,26,58,5,b
1,5446,28,2,3,a
1,5447,23,48,1,and
1,5448,53,11,7,or
1,5449,67,57,6,xor
1,5450,74,8,13,implies
1,5451,28,62,8,not_or
1,5452,78,77,6,xor
1,5453,68,35,1,and
1,5454,39,24,12,not_a
1,5455,16,56,14,not_and
1,5456,83,25,3,a
1,5457,81,56,3,a
1,5458,15,10,13,implies
1,5459,41,89,2,not_implies
1,5460,0,87,5,b
1,5461,10,11,11,implied_by
1,5462,20,30,6,xor
1,5463,59,21,8,not_or
1,5464,70,57,0,zero
1,5465,27,82,3,a
1,5466,21,52,5,b
1,5467,15,59,4,not_implied_by
1,5468,27,40,5,b
1,5469,43,7,4,not_implied_by
1,5470,17,28,11,implied_by
1,5471,25,71,3,a
1,5472,63,29,6,xor
1,5473,14,7,13,implies
1,5474,85,45,5,b
1,5475,25,36,14,not_and
1,5476,28,22,15,one
1,5477,32,31,3,a
1,5478,76,0,0,zero
1,5479,54,20,12,not_a
1,5480,4,3,15,one
1,5481,59,71,7,or
1,5482,59,12,2,not_implies
1,5483,56,68,10,not_b
1,5484,72,76,6,xor
1,5485,62,11,11,implied_by
1,5486,63,33,1,and
1,5487,57,28,0,zero
1,5488,23,65,0,zero
1,5489,64,53,3,a
1,5490,8,51,4,not_implied_by
1,5491,65,32,12,not_a
1,5492,6,7,11,implied_by
1,5493,18,35,6,xor
1,5494,70,83,1,and
1,5495,48,44,9,not_xor
1,5496,52,4,1,and
1,5497,7,61,5,b
1,5498,57,84,6,xor
1,5499,25,84,6,xor
1,5500,13,0,10,not_b
1,5501,13,50,15,one
1,5502,27,15,14,not_and
1,5503,89,17,13,implies
1,5504,68,62,0,zero
1,5505,87,38,15,one
1,5506,85,43,13,implies
1,5507,70,30,5,b
1,5508,64,54,6,xor
1,5509,69,3,9,not_xor
1,5510,39,49,8,not_or
1,5511,37,36,8,not_or
1,5512,83,83,4,not_implied_by
1,5513,9,68,9,not_xor
1,5514,58,69,7,or
1,5515,24,27,4,not_implied_by
1,5516,35,12,4,not_implied_by
1,5517,77,26,2,not_implies
1,5518,18,17,3,a
1,5519,30,11,9,not_xor
1,5520,30,85,15,one
1,5521,4,5,2,not_implies
1,5522,56,58,11,implied_by
1,5523,39,15,4,not_implied_by
1,5524,15,29,12,not_a
1,5525,14,63,8,not_or
1,5526,61,7,9,not_xor
1,5527,83,28,0,zero
1,5528,46,33,14,not_and
1,5529,16,29,5,b
1,5530,56,23,5,b
1,5531,19,8,4,not_implied_by
1,5532,11,54,6,xor
1,5533,58,58,3,a
1,5534,20,47,15,one
1,5535,50,69,2,not_implies
1,5536,37,82,4,not_implied_by
1,5537,88,35,15,one
1,5538,78,28,2,not_implies
1,5539,74,38,9,not_xor
1,5540,25,74,14,not_and
1,5541,82,9,13,implies
1,5542,15,3,12,not_a
1,5543,65,64,6,xor
1,5544,48,50,3,a
1,5545,53,41,4,not_implied_by
1,5546,77,6,9,not_xor
1,5547,24,56,8,not_or
1,5548,30,39,3,a
1,5549,19,48,4,not_implied_by
1,5550,63,24,15,one
1,5551,72,42,9,not_xor
1,5552,30,70,8,not_or
1,5553,9,56,3,a
1,5554,70,43,10,not_b
1,5555,76,11,3,a
1,5556,56,47,9,not_xor
1,5557,27,29,7,or
1,5558,28,9,14,not_and
1,5559,41,36,0,zero
1,5560,50,5,6,xor
1,5561,4,18,12,not_a
1,5562,10,11,15,one
1,5563,32,17,13,implies
1,5564,30,10,13,implies
1,5565,38,75,9,not_xor
1,5566,35,23,8,not_or
1,5567,71,17,5,b
1,5568,44,89,10,not_b
1,5569,25,42,8,not_or
1,5570,43,6,0,zero
1,5571,16,54,3,a
1,5572,64,67,12,not_a
1,5573,86,41,7,or
1,5574,52,42,10,not_b
1,5575,38,27,1,and
1,5576,82,19,0,zero
1,5577,78,86,8,not_or
1,5578,23,36,3,a
1,5579,8,7,9,not_xor
1,5580,52,34,11,implied_by
1,5581,44,14,15,one
1,5582,23,17,6,xor
1,5583,9,56,0,zero
1,5584,14,57,9,not_xor
1,5585,34,28,14,not_and
1,5586,9,24,4,not_implied_by
1,5587,38,53,9,not_xor
1,5588,82,55,14,not_and
1,5589,55,51,3,a
1,5590,83,73,10,not_b
1,5591,88,48,11,implied_by
1,5592,18,51,9,not_xor
1,5593,2,40,5,b
1,5594,35,63,13,implies
1,5595,75,75,1,and
1,5596,47,44,12,not_a
1,5597,18,39,11,implied_by
1,5598,12,7,15,one
1,5599,73,43,2,not_implies
1,5600,64,85,8,not_or
1,5601,27,87,7,or
1,5602,42,1,15,one
1,5603,47,69,10,not_b
1,5604,24,8,9,not_xor
1,5605,20,60,4,not_implied_by
1,5606,54,40,6,xor
1,5607,89,80,12,not_a
1,5608,2,3,14,not_and
1,5609,53,2,4,not_implied_by
1,5610,36,38,4,not_implied_by
1,5611,44,71,6,xor
1,5612,75,12,2,not_implies
1,5613,12,35,15,one
1,5614,89,45,0,zero
1,5615,89,62,0,zero
1,5616,15,87,9,not_xor
1,5617,14,20,1,and
1,5618,38,13,1,and
1,5619,67,64,3,a
1,5620,83,9,11,implied_by
1,5621,11,88,1,and
1,5622,81,17,12,not_a
1,5623,89,39,3,a
1,5624,37,15,10,not_b
1,5625,27,26,0,zero
1,5626,63,5,6,xor
1,5627,16,14,13,implies
1,5628,81,75,1,and
1,5629,9,20,12,not_a
1,5630,36,38,7,or
1,5631,0,47,2,not_implies
1,5632,70,63,3,a
1,5633,83,64,10,not_b
1,5634,85,53,3,a
1,5635,86,48,6,xor
1,5636,34,78,13,implies
1,5637,62,39,6,xor
1,5638,75,38,9,not_xor
1,5639,69,64,14,not_and
1,5640,63,71,13,implies
1,5641,81,2,5,b
1,5642,5,0,6,xor
1,5643,87,11,9,not_xor
1,5644,35,73,13,implies
1,5645,15,1,5,b
1,5646,16,32,2,not_implies
1,5647,64,89,2,not_implies
1,5648,5,58,10,not_b
1,5649,59,70,4,not_implied_by
1,5650,21,35,10,not_b
1,5651,67,30,0,zero
1,5652,19,62,5,b
1,5653,21,66,4,not_implied_by
1,5654,83,66,10,not_b
1,5655,9,2,6,xor
1,5656,30,11,13,implies
1,5657,32,77,14,not_and
1,5658,21,31,8,not_or
1,5659,3,66,11,implied_by
1,5660,19,28,12,not_a
1,5661,30,89,8,not_or
1,5662,12,87,11,implied_by
1,5663,33,30,0,zero
1,5664,74,13,7,or
1,5665,18,3,12,not_a
1,5666,66,21,7,or
1,5667,30,44,0,zero
1,5668,55,63,11,implied_by
1,5669,21,19,9,not_xor
1,5670,8,67,8,not_or
1,5671,60,84,15,one
1,5672,58,27,0,zero
1,5673,11,13,7,or
1,5674,2,58,4,not_implied_by
1,5675,1,24,14,not_and
1,5676,27,24,1,and
1,5677,31,44,7,or
1,5678,17,88,2,not_implies
1,5679,2,27,6,xor
1,5680,82,88,10,not_b
1,5681,36,20,11,implied_by
1,5682,9,58,10,not_b
1,5683,54,40,13,implies
1,5684,21,82,8,not_or
1,5685,6,20,2,not_implies
1,5686,66,41,7,or
1,5687,45,76,6,xor
1,5688,14,76,10,not_b
1,5689,17,75,7,or
1,5690,22,86,14,not_and
1,5691,47,42,7,or
1,5692,87,1,9,not_xor
1,5693,68,1,1,and
1,5694,56,2,6,xor
1,5695,77,72,9,not_xor
1,5696,76,44,6,xor
1,5697,51,80,13,implies
1,5698,18,37,7,or
1,5699,31,17,3,a
1,5700,43,58,15,one
1,5701,56,22,14,not_and
1,5702,37,87,2,not_implies
1,5703,26,83,14,not_and
1,5704,24,55,14,not_and
1,5705,28,72,2,not_implies
1,5706,7,55,9,not_xor
1,5707,65,30,6,xor
1,5708,6,47,15,one
1,5709,25,11,0,zero
1,5710,41,40,6,xor
1,5711,2,24,11,implied_by
1,5712,2,1,13,implies
1,5713,63,0,10,not_b
1,5714,28,79,5,b
1,5715,22,7,8,not_or
1,5716,5,80,14,not_and
1,5717,86,48,6,xor
1,5718,50,4,1,and
1,5719,67,79,10,not_b
1,5720,30,51,1,and
1,5721,28,44,13,implies
1,5722,77,51,5,b
1,5723,83,74,9,not_xor
1,5724,83,25,13,implies
1,5725,57,78,6,xor
1,5726,53,52,5,b
1,5727,68,22,12,not_a
1,5728,88,41,7,or
1,5729,14,66,8,not_or
1,5730,43,87,3,a
1,5731,63,35,6,xor
1,5732,25,44,4,not_implied_by
1,5733,64,22,6,xor
1,5734,8,11,8,not_or
1,5735,27,28,15,one
1,5736,69,38,4,not_implied_by
1,5737,34,68,8,not_or
1,5738,61,26,0,zero
1,5739,39,19,6,xor
1,5740,9,80,14,not_and
1,5741,4,41,1,and
1,5742,36,74,7,or
1,5743,78,47,6,xor
1,5744,26,80,8,not_or
1,5745,33,34,9,not_xor
1,5746,8,59,6,xor
1,5747,53,19,9,not_xor
1,5748,40,69,8,not_or
1,5749,63,28,5,b
1,5750,77,51,7,or
1,5751,18,39,8,not_or
1,5752,71,16,7,or
1,5753,18,55,9,not_xor
1,5754,82,4,2,not_implies
1,5755,74,62,9,not_xor
1,5756,38,31,6,xor
1,5757,3,6,9,not_xor
1,5758,60,74,6,xor
1,5759,18,10,1,and
1,5760,78,10,3,a
1,5761,49,8,10,not_b
1,5762,4,36,8,not_or
1,5763,28,34,8,not_or
1,5764,4,70,4,not_implied_by
1,5765,15,25,0,zero
1,5766,80,37,15,one
1,5767,3,49,6,xor
1,5768,46,49,12,not_a
1,5769,17,59,0,zero
1,5770,74,74,12,not_a
1,5771,78,82,9,not_xor
1,5772,66,74,15,one
1,5773,53,41,15,one
1,5774,36,49,4,not_implied_by
1,5775,74,87,4,not_implied_by
1,5776,52,38,4,not_implied_by
1,5777,46,24,5,b
1,5778,38,88,14,not_and
1,5779,43,82,9,not_xor
1,5780,25,2,15,one
1,5781,46,88,7,or
1,5782,8,10,1,and
1,5783,64,8,6,xor
1,5784,33,67,13,implies
1,5785,4,12,3,a
1,5786,14,26,6,xor
1,5787,66,7,15,one
1,5788,0,89,0,zero
1,5789,81,2,13,implies
1,5790,83,8,12,not_a
1,5791,13,89,5,b
1,5792,13,86,2,not_implies
1,5793,16,45,13,implies
1,5794,17,35,11,implied_by
1,5795,16,44,12,not_a
1,5796,43,79,12,not_a
1,5797,87,8,4,not_implied_by
1,5798,14,10,7,or
1,5799,84,33,9,not_xor
1,5800,34,89,6,xor
1,5801,44,44,15,one
1,5802,87,32,4,not_implied_by
1,5803,3,60,7,or
1,5804,48,63,8,not_or
1,5805,51,9,10,not_b
1,5806,54,15,9,not_xor
1,5807,16,79,4,not_implied_by
1,5808,8,77,9,not_xor
1,5809,54,14,3,a
1,5810,32,50,6,xor
1,5811,16,16,15,one
1,5812,50,89,3,a
1,5813,81,36,1,and
1,5814,88,30,2,not_implies
1,5815,80,32,13,implies
1,5816,65,54,8,not_or
1,5817,84,54,5,b
1,5818,0,66,3,a
1,5819,63,36,15,one
1,5820,51,57,6,xor
1,5821,62,14,11,implied_by
1,5822,31,86,7,or
1,5823,76,80,6,xor
1,5824,49,28,5,b
1,5825,9,45,10,not_b
1,5826,15,72,5,b
1,5827,32,87,11,implied_by
1,5828,23,18,9,not_xor
1,5829,48,81,9,not_xor
1,5830,83,49,4,not_implied_by
1,5831,78,30,6,xor
1,5832,71,48,14,not_and
1,5833,86,47,6,xor
1,5834,58,76,1,and
1,5835,4,34,13,implies
1,5836,22,38,5,b
1,5837,23,21,6,xor
1,5838,14,42,6,xor
1,5839,22,68,4,not_implied_by
1,5840,44,21,13,implies
1,5841,5,77,9,not_xor
1,5842,29,20,13,implies
1,5843,18,71,9,not_xor
1,5844,46,69,15,one
1,5845,8,83,10,not_b
1,5846,69,60,0,zero
1,5847,32,27,2,not_implies
1,5848,51,52,11,implied_by
1,5849,11,20,7,or
1,5850,12,32,3,a
1,5851,51,72,15,one
1,5852,5,28,8,not_or
1,5853,35,60,5,b
1,5854,48,41,6,xor
1,5855,9,73,14,not_and
1,5856,65,48,6,xor
1,5857,37,38,12,not_a
1,5858,19,84,13,implies
1,5859,4,32,9,not_xor
1,5860,15,39,10,not_b
1,5861,68,78,2,not_implies
1,5862,44,55,9,not_xor
1,5863,82,36,1,and
1,5864,53,80,12,not_a
1,5865,2,12,14,not_and
1,5866,77,52,10,not_b
1,5867,67,79,13,implies
1,5868,68,40,1,and
1,5869,7,73,2,not_implies
1,5870,79,3,6,xor
1,5871,21,46,14,not_and
1,5872,13,20,3,a
1,5873,53,24,0,zero
1,5874,3,1,12,not_a
1,5875,75,36,6,xor
1,5876,17,28,6,xor
1,5877,11,47,3,a
1,5878,25,68,4,not_implied_by
1,5879,47,44,13,implies
1,5880,73,0,5,b
1,5881,15,25,12,not_a
1,5882,44,41,1,and
1,5883,45,54,4,not_implied_by
1,5884,85,36,14,not_and
1,5885,28,53,15,one
1,5886,20,55,12,not_a
1,5887,29,33,13,implies
1,5888,34,5,10,not_b
1,5889,57,61,8,not_or
1,5890,67,21,15,one
1,5891,86,10,9,not_xor
1,5892,88,57,11,implied_by
1,5893,54,85,14,not_and
1,5894,53,20,1,and
1,5895,42,29,15,one
1,5896,33,35,14,not_and
1,5897,81,50,14,not_and
1,5898,11,20,6,xor
1,5899,17,25,14,not_and
1,5900,46,1,1,and
1,5901,66,8,3,a
1,5902,0,30,5,b
1,5903,13,18,8,not_or
1,5904,3,85,5,b
1,5905,5,19,12,not_a
1,5906,78,64,1,and
1,5907,58,83,8,not_or
1,5908,35,13,7,or
1,5909,40,32,3,a
1,5910,52,23,6,xor
1,5911,31,84,4,not_implied_by
1,5912,10,48,2,not_implies
1,5913,60,32,3,a
1,5914,49,68,9,not_xor
1,5915,42,45,1,and
1,5916,11,25,3,a
1,5917,57,29,1,and
1,5918,55,54,1,and
1,5919,74,85,8,not_or
1,5920,16,46,13,implies
1,5921,11,75,0,zero
1,5922,73,39,11,implied_by
1,5923,21,59,12,not_a
1,5924,34,14,11,implied_by
1,5925,89,60,12,not_a
1,5926,22,19,6,xor
1,5927,55,34,5,b
1,5928,81,73,13,implies
1,5929,81,76,1,and
1,5930,65,3,0,zero
1,5931,24,80,2,not_implies
1,5932,28,28,11,implied_by
1,5933,6,17,14,not_and
1,5934,85,31,4,not_implied_by
1,5935,45,65,5,b
1,5936,88,52,5,b
1,5937,67,52,3,a
1,5938,52,22,6,xor
1,5939,53,68,4,not_implied_by
1,5940,34,25,0,zero
1,5941,26,69,7,or
1,5942,79,80,9,not_xor
1,5943,65,16,15,one
1,5944,36,60,10,not_b
1,5945,30,83,8,not_or
1,5946,80,66,6,xor
1,5947,67,24,11,implied_by
1,5948,33,65,5,b
1,5949,68,86,0,zero
1,5950,64,26,8,not_or
1,5951,46,10,7,or
1,5952,29,74,11,implied_by
1,5953,17,39,11,implied_by
1,5954,51,23,5,b
1,5955,37,82,2,not_implies
1,5956,12,27,12,not_a
1,5957,2,54,9,not_xor
1,5958,22,34,5,b
1,5959,57,73,1,and
1,5960,12,36,14,not_and
1,5961,84,19,1,and
1,5962,10,23,0,zero
1,5963,72,89,14,not_and
1,5964,10,87,4,not_implied_by
1,5965,53,68,5,b
1,5966,66,44,6,xor
1,5967,43,66,6,xor
1,5968,4,74,0,zero
1,5969,25,3,0,zero
1,5970,65,42,6,xor
1,5971,1,4,3,a
1,5972,64,41,7,or
1,5973,41,5,6,xor
1,5974,34,39,1,and
1,5975,6,33,15,one
1,5976,46,79,14,not_and
1,5977,23,0,13,implies
1,5978,5,58,14,not_and
1,5979,57,66,5,b
1,5980,75,52,0,zero
1,5981,22,49,13,implies
1,5982,22,54,8,not_or
1,5983,4,15,8,not_or
1,5984,9,10,15,one
1,5985,2,19,9,not_xor
1,5986,1,26,12,not_a
1,5987,82,73,15,one
1,5988,88,42,5,b
1,5989,22,0,5,b
1,5990,50,54,15,one
1,5991,14,56,12,not_a
1,5992,13,42,4,not_implied_by
1,5993,33,10,8,not_or
1,5994,70,44,2,not_implies
1,5995,1,55,6,xor
1,5996,46,31,12,not_a
1,5997,70,49,9,not_xor
1,5998,27,80,15,one
1,5999,34,66,12,not_a
1,6000,9,62,6,xor
1,6001,84,85,12,not_a
1,6002,21,41,7,or
1,6003,78,68,2,not_implies
1,6004,56,28,1,and
1,6005,4,14,7,or
1,6006,38,13,3,a
1,6007,58,9,2,not_implies
1,6008,26,46,14,not_and
1,6009,73,47,10,not_b
1,6010,8,64,1,and
1,6011,0,49,1,and
1,6012,50,48,13,implies
1,6013,86,82,13,implies
1,6014,41,38,1,and
1,6015,56,36,12,not_a
1,6016,38,25,6,xor
1,6017,84,19,0,zero
1,6018,78,70,2,not_implies
1,6019,36,72,7,or
1,6020,77,21,6,xor
1,6021,69,83,6,xor
1,6022,11,25,12,not_a
1,6023,5,70,15,one
1,6024,25,82,5,b
1,6025,84,45,11,implied_by
1,6026,79,78,9,not_xor
1,6027,33,11,10,not_b
1,6028,38,28,1,and
1,6029,33,40,3,a
1,6030,20,80,0,zero
1,6031,11,48,11,implied_by
1,6032,88,65,13,implies
1,6033,27,85,3,a
1,6034,55,67,11,implied_by
1,6035,62,61,3,a
1,6036,2,58,15,one
1,6037,30,79,6,xor
1,6038,67,63,4,not_implied_by
1,6039,58,41,5,b
1,6040,74,63,15,one
1,6041,0,86,9,not_xor
1,6042,89,8,8,not_or
1,6043,82,2,15,one
1,6044,42,20,9,not_xor
1,6045,76,25,4,not_implied_by
1,6046,48,78,2,not_implies
1,6047,79,59,8,not_or
1,6048,12,46,12,not_a
1,6049,53,76,7,or
1,6050,48,56,10,not_b
1,6051,45,49,14,not_and
1,6052,33,3,12,not_a
1,6053,75,46,6,xor
1,6054,48,22,10,not_b
1,6055,22,12,12,not_a
1,6056,79,64,0,zero
1,6057,12,83,7,or
1,6058,83,1,14,not_and
1,6059,7,46,4,not_implied_by
1,6060,48,6,6,xor
1,6061,21,28,13,implies
1,6062,38,29,10,not_b
1,6063,80,67,5,b
1,6064,58,24,0,zero
1,6065,30,88,12,not_a
1,6066,61,77,3,a
1,6067,16,17,7,or
1,6068,84,9,6,xor
1,6069,3,2,6,xor
1,6070,3,16,15,one
1,6071,5,85,9,not_xor
1,6072,6,61,2,not_implies
1,6073,62,74,4,not_implied_by
1,6074,9,17,6,xor
1,6075,89,75,10,not_b
1,6076,3,64,11,implied_by
1,6077,72,54,9,not_xor
1,6078,33,78,5,b
1,6079,17,52,2,not_implies
1,6080,81,40,5,b
1,6081,39,50,13,implies
1,6082,44,30,1,and
1,6083,29,32,4,not_implied_by
1,6084,58,85,3,a
1,6085,43,66,4,not_implied_by
1,6086,44,66,9,not_xor
1,6087,55,33,6,xor
1,6088,22,52,5,b
1,6089,30,11,8,not_or
1,6090,58,11,3,a
1,6091,23,13,11,implied_by
1,6092,8,5,13,implies
1,6093,31,75,6,xor
1,6094,78,30,8,not_or
1,6095,75,32,8,not_or
1,6096,52,32,12,not_a
1,6097,63,73,1,and
1,6098,0,3,1,and
1,6099,21,10,1,and
1,6100,80,46,4,not_implied_by
1,6101,62,66,1,and
1,6102,3,23,5,b
1,6103,52,72,13,implies
1,6104,76,81,9,not_xor
1,6105,27,86,15,one
1,6106,87,15,8,not_or
1,6107,45,11,11,implied_by
1,6108,62,74,9,not_xor
1,6109,30,23,13,implies
1,6110,18,2,6,xor
1,6111,62,42,8,not_or
1,6112,80,7,14,not_and
1,6113,10,59,8,not_or
1,6114,43,65,8,not_or
1,6115,70,87,14,not_and
1,6116,73,75,0,zero
1,6117,70,0,12,not_a
1,6118,58,0,9,not_xor
1,6119,36,40,13,implies
1,6120,37,4,2,not_implies
1,6121,77,32,3,a
1,6122,87,54,3,a
1,6123,25,17,3,a
1,6124,45,44,6,xor
1,6125,87,78,15,one
1,6126,79,56,10,not_b
1,6127,33,60,7,or
1,6128,87,4,5,b
1,6129,14,26,10,not_b
1,6130,87,24,2,not_implies
1,6131,32,87,11,implied_by
1,6132,60,75,15,one
1,6133,52,83,15,one
1,6134,46,73,2,not_implies
1,6135,36,6,9,not_xor
1,6136,24,16,0,zero
1,6137,31,35,9,not_xor
1,6138,8,59,1,and
1,6139,11,64,3,a
1,6140,83,34,12,not_a
1,6141,77,24,11,implied_by
1,6142,51,23,7,or
1,6143,86,86,9,not_xor
1,6144,23,42,6,xor
1,6145,27,33,10,not_b
1,6146,63,20,0,zero
1,6147,31,59,1,and
1,6148,2,71,9,not_xor
1,6149,48,5,9,not_xor
1,6150,72,48,11,implied_by
1,6151,44,34,12,not_a
1,6152,2,36,14,not_and
1,6153,62,87,15,one
1,6154,40,36,3,a
1,6155,54,4,13,implies
1,6156,35,79,15,one
1,6157,64,73,7,or
1,6158,51,28,11,implied_by
1,6159,8,45,1,and
1,6160,60,88,7,or
1,6161,74,49,6,xor
1,6162,8,37,7,or
1,6163,74,8,8,not_or
1,6164,1,11,9,not_xor
1,6165,24,20,9,not_xor
1,6166,27,18,3,a
1,6167,71,10,1,and
1,6168,84,11,8,not_or
1,6169,5,34,11,implied_by
1,6170,35,15,10,not_b
1,6171,3,65,14,not_and
1,6172,43,5,9,not_xor
1,6173,79,49,12,not_a
1,6174,10,65,9,not_xor
1,6175,40,76,6,xor
1,6176,18,52,10,not_b
1,6177,68,46,10,not_b
1,6178,6,54,1,and
1,6179,67,85,11,implied_by
1,6180,20,40,15,one
1,6181,0,84,3,a
1,6182,81,13,8,not_or
1,6183,82,70,15,one
1,6184,40,71,3,a
1,6185,30,80,1,and
1,6186,40,84,6,xor
1,6187,39,89,7,or
1,6188,57,56,6,xor
1,6189,39,24,4,not_implied_by
1,6190,61,29,4,not_implied_by
1,6191,11,9,15,one
1,6192,13,36,11,implied_by
1,6193,27,10,11,implied_by
1,6194,60,1,3,a
1,6195,44,50,4,not_implied_by
1,6196,22,66,8,not_or
1,6197,40,48,1,and
1,6198,21,36,12,not_a
1,6199,84,31,9,not_xor
1,6200,74,73,7,or
1,6201,86,29,0,zero
1,6202,88,0,9,not_xor
1,6203,65,44,1,and
1,6204,6,29,9,not_xor
1,6205,65,10,4,not_implied_by
1,6206,19,71,6,xor
1,6207,42,51,6,xor
1,6208,32,74,15,one
1,6209,49,76,9,not_xor
1,6210,37,84,1,and
1,6211,6,16,2,not_implies
1,6212,45,8,4,not_implied_by
1,6213,37,55,7,or
1,6214,21,85,12,not_a
1,6215,52,59,14,not_and
1,6216,83,24,3,a
1,6217,85,83,9,not_xor
1,6218,17,28,2,not_implies
1,6219,69,24,0,zero
1,6220,27,62,13,implies
1,6221,31,58,3,a
1,6222,68,1,9,not_xor
1,6223,69,62,10,not_b
1,6224,16,47,1,and
1,6225,68,17,4,not_implied_by
1,6226,17,62,7,or
1,6227,32,8,5,b
1,6228,27,20,9,not_xor
1,6229,27,31,13,implies
1,6230,78,87,4,not_implied_by
1,6231,18,23,9,not_xor
1,6232,38,65,12,not_a
1,6233,87,30,1,and
1,6234,45,26,6,xor
1,6235,63,3,1,and
1,6236,67,61,6,xor
1,6237,4,76,11,implied_by
1,6238,77,17,11,implied_by
1,6239,52,29,8,not_or
1,6240,20,61,14,not_and
1,6241,16,13,5,b
1,6242,62,2,15,one
1,6243,84,63,6,xor
1,6244,64,9,12,not_a
1,6245,1,26,5,b
1,6246,53,39,12,not_a
1,6247,6,62,0,zero
1,6248,62,68,3,a
1,6249,7,83,9,not_xor
1,6250,37,41,5,b
1,6251,52,76,15,one
1,6252,12,43,14,not_and
1,6253,4,10,7,or
1,6254,66,18,9,not_xor
1,6255,8,65,4,not_implied_by
1,6256,26,72,13,implies
1,6257,17,32,3,a
1,6258,62,6,4,not_implied_by
1,6259,30,57,14,not_and
1,6260,33,42,6,xor
1,6261,29,65,10,not_b
1,6262,35,15,14,not_and
1,6263,70,34,6,xor
1,6264,75,88,4,not_implied_by
1,6265,57,38,9,not_xor
1,6266,51,59,13,implies
1,6267,53,50,14,not_and
1,6268,74,32,7,or
1,6269,50,71,4,not_implied_by
1,6270,35,44,14,not_and
1,6271,47,40,6,xor
1,6272,23,6,2,not_implies
1,6273,4,70,1,and
1,6274,1,72,0,zero
1,6275,39,80,14,not_and
1,6276,28,34,6,xor
1,6277,45,18,1,and
1,6278,49,59,10,not_b
1,6279,41,11,9,not_xor
1,6280,66,87,2,not_implies
1,6281,80,33,6,xor
1,6282,85,28,14,not_and
1,6283,24,62,8,not_or
1,6284,61,51,6,xor
1,6285,70,74,0,zero
1,6286,29,63,10,not_b
1,6287,56,62,7,or
1,6288,13,35,13,implies
1,6289,71,69,7,or
1,6290,57,49,9,not_xor
1,6291,37,33,2,not_implies
1,6292,38,89,4,not_implied_by
1,6293,77,74,6,xor
1,6294,66,87,15,one
1,6295,49,70,12,not_a
1,6296,22,36,8,not_or
1,6297,2,0,6,xor
1,6298,57,46,4,not_implied_by
1,6299,81,77,6,xor
1,6300,54,2,15,one
1,6301,53,16,10,not_b
1,6302,88,52,2,not_implies
1,6303,65,20,6,xor
1,6304,21,31,4,not_implied_by
1,6305,74,5,9,not_xor
1,6306,28,5,9,not_xor
1,6307,22,49,0,zero
1,6308,63,50,6,xor
1,6309,29,64,4,not_implied_by
1,6310,49,59,2,not_implies
1,6311,89,32,7,or
1,6312,9,28,0,zero
1,6313,48,19,5,b
1,6314,37,33,14,not_and
1,6315,70,69,0,zero
1,6316,77,71,6,xor
1,6317,61,41,7,or
1,6318,80,29,11,implied_by
1,6319,16,88,2,not_implies
1,6320,62,40,7,or
1,6321,78,88,6,xor
1,6322,28,45,9,not_xor
1,6323,11,25,9,not_xor
1,6324,60,82,12,not_a
1,6325,46,71,1,and
1,6326,72,48,14,not_and
1,6327,39,43,6,xor
1,6328,39,62,11,implied_by
1,6329,52,77,2,not_implies
1,6330,72,0,13,implies
1,6331,6,9,3,a
1,6332,89,65,8,not_or
1,6333,68,84,3,a
1,6334,56,89,10,not_b
1,6335,0,83,13,implies
1,6336,10,12,8,not_or
1,6337,41,81,6,xor
1,6338,85,75,10,not_b
1,6339,50,79,8,not_or
1,6340,43,44,2,not_implies
1,6341,19,71,6,xor
1,6342,57,47,10,not_b
1,6343,41,52,7,or
1,6344,28,65,2,not_implies
1,6345,48,62,12,not_a
1,6346,76,29,8,not_or
1,6347,20,75,7,or
1,6348,1,57,15,one
1,6349,32,81,4,not_implied_by
1,6350,65,42,2,not_implies
1,6351,4,54,12,not_a
1,6352,35,42,9,not_xor
1,6353,30,76,4,not_implied_by
1,6354,42,77,6,xor
1,6355,58,26,9,not_xor
1,6356,73,79,7,or
1,6357,7,5,14,not_and
1,6358,23,72,1,and
1,6359,72,31,9,not_xor
1,6360,54,60,13,implies
1,6361,51,53,8,not_or
1,6362,51,9,7,or
1,6363,79,28,8,not_or
1,6364,78,49,7,or
1,6365,6,20,10,not_b
1,6366,71,46,5,b
1,6367,20,28,1,and
1,6368,3,66,10,not_b
1,6369,46,69,13,implies
1,6370,79,47,7,or
1,6371,77,13,3,a
1,6372,84,36,3,a
1,6373,14,41,13,implies
1,6374,8,4,10,not_b
1,6375,82,14,3,a
1,6376,56,38,6,xor
1,6377,88,46,13,implies
1,6378,27,65,7,or
1,6379,71,88,2,not_implies
1,6380,36,47,4,not_implied_by
1,6381,39,40,1,and
1,6382,26,55,4,not_implied_by
1,6383,65,47,12,not_a
1,6384,6,76,0,zero
1,6385,3,31,12,not_a
1,6386,25,15,3,a
1,6387,75,21,6,xor
1,6388,75,40,9,not_xor
1,6389,68,54,9,not_xor
1,6390,21,82,11,implied_by
1,6391,49,75,3,a
1,6392,20,62,7,or
1,6393,26,81,12,not_a
1,6394,55,2,9,not_xor
1,6395,57,13,9,not_xor
1,6396,29,70,4,not_implied_by
1,6397,13,13,2,not_implies
1,6398,3,43,10,not_b
1,6399,23,11,3,a
1,6400,3,46,10,not_b
1,6401,63,89,6,xor
1,6402,82,74,1,and
1,6403,49,79,7,or
1,6404,56,20,6,xor
1,6405,28,77,2,not_implies
1,6406,3,85,6,xor
1,6407,89,38,2,not_implies
1,6408,63,18,15,one
1,6409,88,19,7,or
1,6410,85,82,11,implied_by
1,6411,84,42,9,not_xor
1,6412,14,31,12,not_a
1,6413,14,82,1,and
1,6414,44,55,0,zero
1,6415,13,6,1,and
1,6416,83,56,1,and
1,6417,21,38,12,not_a
1,6418,10,26,11,implied_by
1,6419,46,49,11,implied_by
1,6420,54,14,8,not_or
1,6421,58,33,10,not_b
1,6422,46,40,1,and
1,6423,21,83,12,not_a
1,6424,50,43,6,xor
1,6425,58,72,6,xor
1,6426,73,25,5,b
1,6427,50,30,14,not_and
1,6428,67,13,13,implies
1,6429,38,8,13,implies
1,6430,11,81,0,zero
1,6431,65,56,2,not_implies
1,6432,31,42,2,not_implies
1,6433,84,81,9,not_xor
1,6434,77,0,6,xor
1,6435,34,49,1,and
1,6436,37,87,4,not_implied_by
1,6437,66,7,0,zero
1,6438,75,12,2,not_implies
1,6439,82,29,7,or
1,6440,9,83,15,one
1,6441,64,51,3,a
1,6442,74,88,13,implies
1,6443,54,74,15,one
1,6444,3,12,4,not_implied_by
1,6445,82,9,10,not_b
1,6446,34,35,14,not_and
1,6447,78,38,1,and
1,6448,30,20,0,zero
1,6449,39,51,9,not_xor
1,6450,66,10,3,a
1,6451,0,68,6,xor
1,6452,72,89,14,not_and
1,6453,4,79,9,not_xor
1,6454,0,81,5,b
1,6455,48,44,9,not_xor
1,6456,28,26,1,and
1,6457,64,61,8,not_or
1,6458,70,4,15,one
1,6459,86,65,4,not_implied_by
1,6460,58,65,0,zero
1,6461,5,11,14,not_and
1,6462,27,6,5,b
1,6463,72,80,9,not_xor
1,6464,5,46,10,not_b
1,6465,7,24,14,not_and
1,6466,75,39,14,not_and
1,6467,62,13,14,not_and
1,6468,39,50,12,not_a
1,6469,60,19,3,a
1,6470,81,1,15,one
1,6471,81,45,13,implies
1,6472,8,24,0,zero
1,6473,19,7,5,b
1,6474,23,37,7,or
1,6475,10,66,12,not_a
1,6476,62,61,10,not_b
1,6477,74,5,9,not_xor
1,6478,47,2,4,not_implied_by
1,6479,7,18,12,not_a
1,6480,54,29,6,xor
1,6481,41,47,1,and
1,6482,34,82,13,implies
1,6483,60,34,10,not_b
1,6484,0,35,7,or
1,6485,80,53,10,not_b
1,6486,10,59,4,not_implied_by
1,6487,46,69,7,or
1,6488,39,75,13,implies
1,6489,15,74,6,xor
1,6490,75,84,12,not_a
1,6491,65,34,1,and
1,6492,54,66,2,not_implies
1,6493,83,32,5,b
1,6494,53,4,10,not_b
1,6495,45,52,2,not_implies
1,6496,82,17,15,one
1,6497,35,43,15,one
1,6498,31,52,6,xor
1,6499,30,30,8,not_or
1,6500,51,53,4,not_implied_by
1,6501,56,12,12,not_a
1,6502,20,63,2,not_implies
1,6503,1,80,1,and
1,6504,57,87,10,not_b
1,6505,18,67,13,implies
1,6506,11,78,1,and
1,6507,26,56,8,not_or
1,6508,50,7,11,implied_by
1,6509,85,38,7,or
1,6510,22,88,9,not_xor
1,6511,34,85,0,zero
1,6512,53,20,3,a
1,6513,83,34,2,not_implies
1,6514,45,28,13,implies
1,6515,72,83,7,or
1,6516,36,79,12,not_a
1,6517,76,82,11,implied_by
1,6518,70,34,3,a
1,6519,64,47,13,implies
1,6520,58,68,1,and
1,6521,46,46,6,xor
1,6522,29,72,8,not_or
1,6523,40,62,3,a
1,6524,86,46,1,and
1,6525,62,23,10,not_b
1,6526,73,30,3,a
1,6527,43,44,10,not_b
1,6528,42,38,6,xor
1,6529,4,23,5,b
1,6530,42,44,10,not_b
1,6531,49,65,9,not_xor
1,6532,89,33,14,not_and
1,6533,23,43,9,not_xor
1,6534,60,15,11,implied_by
1,6535,20,75,9,not_xor
1,6536,16,86,13,implies
1,6537,78,50,14,not_and
1,6538,7,65,4,not_implied_by
1,6539,22,58,9,not_xor
1,6540,48,55,5,b
1,6541,63,52,2,not_implies
1,6542,86,30,3,a
1,6543,59,40,12,not_a
1,6544,59,4,2,not_implies
1,6545,10,4,15,one
1,6546,48,25,12,not_a
1,6547,45,37,9,not_xor
1,6548,85,1,6,xor
1,6549,72,11,5,b
1,6550,61,15,14,not_and
1,6551,31,44,14,not_and
1,6552,4,20,15,one
1,6553,30,64,15,one
1,6554,23,6,11,implied_by
1,6555,39,41,9,not_xor
1,6556,5,84,13,implies
1,6557,49,5,11,implied_by
1,6558,59,22,6,xor
1,6559,56,55,8,not_or
1,6560,64,82,6,xor
1,6561,73,66,11,implied_by
1,6562,29,66,9,not_xor
1,6563,79,67,2,not_implies
1,6564,41,88,1,and
1,6565,15,51,14,not_and
1,6566,60,55,4,not_implied_by
1,6567,27,37,3,a
1,6568,74,20,1,and
1,6569,37,58,1,and
1,6570,36,27,8,not_or
1,6571,63,0,14,not_and
1,6572,73,70,2,not_implies
1,6573,76,59,8,not_or
1,6574,20,86,9,not_xor
1,6575,31,18,15,one
1,6576,1,72,0,zero
1,6577,36,71,10,not_b
1,6578,0,21,0,zero
1,6579,36,14,0,zero
1,6580,11,15,14,not_and
1,6581,32,64,12,not_a
1,6582,10,15,9,not_xor
1,6583,36,20,10,not_b
1,6584,74,17,1,and
1,6585,22,31,1,and
1,6586,18,15,9,not_xor
1,6587,16,5,14,not_and
1,6588,79,60,1,and
1,6589,22,6,13,implies
1,6590,63,0,7,or
1,6591,46,55,0,zero
1,6592,26,19,3,a
1,6593,60,85,15,one
1,6594,22,4,13,implies
1,6595,86,75,3,a
1,6596,75,42,4,not_implied_by
1,6597,87,69,8,not_or
1,6598,45,56,11,implied_by
1,6599,6,26,1,and
1,6600,36,12,6,xor
1,6601,64,39,15,one
1,6602,81,34,11,implied_by
1,6603,82,11,11,implied_by
1,6604,79,60,15,one
1,6605,64,67,4,not_implied_by
1,6606,60,35,10,not_b
1,6607,89,66,14,not_and
1,6608,71,52,3,a
1,6609,18,81,10,not_b
1,6610,5,11,3,a
1,6611,58,75,1,and
1,6612,48,71,6,xor
1,6613,40,39,11,implied_by
1,6614,6,68,11,implied_by
1,6615,1,71,7,or
1,6616,60,86,5,b
1,6617,51,77,2,not_implies
1,6618,86,9,0,zero
1,6619,3,34,7,or
1,6620,23,71,3,a
1,6621,54,40,6,xor
1,6622,20,70,1,and
1,6623,23,81,10,not_b
1,6624,87,53,3,a
1,6625,63,32,2,not_implies
1,6626,3,31,3,a
1,6627,8,58,13,implies
1,6628,27,86,0,zero
1,6629,83,69,6,xor
1,6630,44,34,11,implied_by
1,6631,27,66,7,or
1,6632,74,72,9,not_xor
1,6633,7,72,15,one
1,6634,70,43,9,not_xor
1,6635,2,67,13,implies
1,6636,78,76,12,not_a
1,6637,57,54,5,b
1,6638,74,53,13,implies
1,6639,19,30,0,zero
1,6640,70,73,9,not_xor
1,6641,53,69,3,a
1,6642,72,50,15,one
1,6643,52,37,2,not_implies
1,6644,49,38,12,not_a
1,6645,33,46,0,zero
1,6646,53,52,13,implies
1,6647,39,67,12,not_a
1,6648,62,24,2,not_implies
1,6649,20,78,6,xor
1,6650,21,76,9,not_xor
1,6651,17,67,11,implied_by
1,6652,42,59,3,a
1,6653,38,48,0,zero
1,6654,74,61,5,b
1,6655,82,11,7,or
1,6656,15,56,6,xor
1,6657,6,81,13,implies
1,6658,78,7,2,not_implies
1,6659,83,24,12,not_a
1,6660,74,29,14,not_and
1,6661,29,44,5,b
1,6662,57,74,2,not_implies
1,6663,87,54,4,not_implied_by
1,6664,82,43,13,implies
1,6665,56,78,8,not_or
1,6666,21,42,14,not_and
1,6667,14,21,2,not_implies
1,6668,1,46,12,not_a
1,6669,8,75,8,not_or
1,6670,0,16,11,implied_by
1,6671,45,32,2,not_implies
1,6672,62,32,5,b
1,6673,12,21,7,or
1,6674,7,12,11,implied_by
1,6675,33,29,14,not_and
1,6676,38,37,6,xor
1,6677,53,63,8,not_or
1,6678,15,59,6,xor
1,6679,33,7,8,not_or
1,6680,60,8,2,not_implies
1,6681,34,29,15,one
1,6682,20,45,4,not_implied_by
1,6683,6,62,14,not_and
1,6684,23,43,9,not_xor
1,6685,83,33,6,xor
1,6686,53,82,14,not_and
1,6687,41,11,9,not_xor
1,6688,22,73,12,not_a
1,6689,1,52,8,not_or
1,6690,1,23,7,or
1,6691,40,88,13,implies
1,6692,23,16,5,b
1,6693,89,68,12,not_a
1,6694,52,64,14,not_and
1,6695,32,3,3,a
1,6696,65,14,13,implies
1,6697,41,60,3,a
1,6698,85,27,8,not_or
1,6699,51,84,11,implied_by
1,6700,51,42,10,not_b
1,6701,50,88,7,or
1,6702,23,19,6,xor
1,6703,46,69,3,a
1,6704,85,33,7,or
1,6705,52,77,7,or
1,6706,81,55,2,not_implies
1,6707,30,57,12,not_a
1,6708,31,17,5,b
1,6709,56,12,5,b
1,6710,79,48,13,implies
1,6711,51,51,15,one
1,6712,51,16,2,not_implies
1,6713,47,76,14,not_and
1,6714,59,61,6,xor
1,6715,86,59,2,not_implies
1,6716,70,32,9,not_xor
1,6717,19,15,11,implied_by
1,6718,9,50,2,not_implies
1,6719,86,59,3,a
1,6720,22,82,9,not_xor
1,6721,86,20,6,xor
1,6722,26,7,10,not_b
1,6723,73,31,12,not_a
1,6724,64,89,5,b
1,6725,65,16,14,not_and
1,6726,25,70,14,not_and
1,6727,27,52,2,not_implies
1,6728,58,67,3,a
1,6729,38,43,10,not_b
1,6730,69,43,6,xor
1,6731,31,20,0,zero
1,6732,6,20,6,xor
1,6733,69,70,13,implies
1,6734,79,89,10,not_b
1,6735,84,79,5,b
1,6736,29,83,1,and
1,6737,39,74,12,not_a
1,6738,52,31,7,or
1,6739,56,63,10,not_b
1,6740,88,45,15,one
1,6741,81,65,1,and
1,6742,84,30,2,not_implies
1,6743,1,23,7,or
1,6744,84,80,13,implies
1,6745,23,10,3,a
1,6746,78,88,11,implied_by
1,6747,5,8,15,one
1,6748,52,4,8,not_or
1,6749,71,33,3,a
1,6750,89,75,3,a
1,6751,29,57,6,xor
1,6752,57,13,3,a
1,6753,81,88,6,xor
1,6754,28,39,15,one
1,6755,89,8,9,not_xor
1,6756,62,84,13,implies
1,6757,34,27,3,a
1,6758,24,83,10,not_b
1,6759,12,20,1,and
1,6760,47,39,2,not_implies
1,6761,34,84,14,not_and
1,6762,78,70,7,or
1,6763,47,49,13,implies
1,6764,71,3,9,not_xor
1,6765,55,77,11,implied_by
1,6766,43,1,8,not_or
1,6767,38,25,14,not_and
1,6768,13,12,11,implied_by
1,6769,41,9,6,xor
1,6770,77,50,7,or
1,6771,27,76,7,or
1,6772,26,49,8,not_or
1,6773,86,62,12,not_a
1,6774,68,11,3,a
1,6775,30,58,12,not_a
1,6776,29,16,6,xor
1,6777,55,48,14,not_and
1,6778,48,53,8,not_or
1,6779,38,53,9,not_xor
1,6780,82,37,0,zero
1,6781,27,6,2,not_implies
1,6782,35,19,2,not_implies
1,6783,10,14,10,not_b
1,6784,53,14,1,and
1,6785,10,63,7,or
1,6786,31,68,6,xor
1,6787,74,14,10,not_b
1,6788,57,79,13,implies
1,6789,44,75,1,and
1,6790,28,50,7,or
1,6791,42,20,13,implies
1,6792,43,18,2,not_implies
1,6793,77,43,14,not_and
1,6794,80,8,8,not_or
1,6795,69,29,13,implies
1,6796,17,63,5,b
1,6797,80,89,0,zero
1,6798,62,65,1,and
1,6799,62,65,9,not_xor
1,6800,73,5,0,zero
1,6801,69,15,3,a
1,6802,15,79,13,implies
1,6803,89,16,15,one
1,6804,46,87,6,xor
1,6805,86,38,6,xor
1,6806,10,65,2,not_implies
1,6807,16,22,9,not_xor
1,6808,4,37,14,not_and
1,6809,11,30,8,not_or
1,6810,37,56,6,xor
1,6811,66,2,8,not_or
1,6812,17,5,9,not_xor
1,6813,61,51,11,implied_by
1,6814,35,56,15,one
1,6815,46,72,8,not_or
1,6816,78,55,7,or
1,6817,0,79,6,xor
1,6818,19,84,6,xor
1,6819,82,61,5,b
1,6820,87,0,15,one
1,6821,17,73,3,a
1,6822,24,37,13,implies
1,6823,41,85,0,zero
1,6824,1,41,0,zero
1,6825,87,70,5,b
1,6826,23,81,9,not_xor
1,6827,29,41,13,implies
1,6828,78,7,10,not_b
1,6829,26,3,3,a
1,6830,73,16,12,not_a
1,6831,83,38,3,a
1,6832,33,74,5,b
1,6833,88,28,15,one
1,6834,76,61,3,a
1,6835,6,44,7,or
1,6836,32,57,6,xor
1,6837,12,70,12,not_a
1,6838,6,14,0,zero
1,6839,29,0,9,not_xor
1,6840,29,38,9,not_xor
1,6841,78,8,2,not_implies
1,6842,77,76,13,implies
1,6843,21,75,6,xor
1,6844,74,83,5,b
1,6845,38,41,5,b
1,6846,6,47,7,or
1,6847,72,11,2,not_implies
1,6848,38,71,14,not_and
1,6849,31,3,6,xor
1,6850,41,45,3,a
1,6851,86,23,2,not_implies
1,6852,62,66,2,not_implies
1,6853,1,40,13,implies
1,6854,81,34,10,not_b
1,6855,32,58,14,not_and
1,6856,0,2,15,one
1,6857,77,20,6,xor
1,6858,37,27,4,not_implied_by
1,6859,8,54,12,not_a
1,6860,54,73,3,a
1,6861,88,28,11,implied_by
1,6862,33,57,12,not_a
1,6863,77,61,3,a
1,6864,53,15,10,not_b
1,6865,48,78,4,not_implied_by
1,6866,29,82,3,a
1,6867,86,45,5,b
1,6868,26,75,9,not_xor
1,6869,68,85,11,implied_by
1,6870,24,76,7,or
1,6871,87,74,6,xor
1,6872,79,71,12,not_a
1,6873,87,7,13,implies
1,6874,21,76,9,not_xor
1,6875,53,25,7,or
1,6876,73,63,7,or
1,6877,4,28,5,b
1,6878,86,58,11,implied_by
1,6879,17,87,14,not_and
1,6880,82,79,10,not_b
1,6881,61,66,9,not_xor
1,6882,88,27,10,not_b
1,6883,85,59,0,zero
1,6884,56,58,15,one
1,6885,51,69,14,not_and
1,6886,52,7,7,or
1,6887,35,19,14,not_and
1,6888,38,25,4,not_implied_by
1,6889,55,4,13,implies
1,6890,43,55,1,and
1,6891,81,38,6,xor
1,6892,69,28,4,not_implied_by
1,6893,65,23,13,implies
1,6894,63,28,15,one
1,6895,13,63,6,xor
1,6896,18,5,2,not_implies
1,6897,88,26,2,not_implies
1,6898,84,62,5,b
1,6899,10,4,9,not_xor
1,6900,62,30,2,not_implies
1,6901,37,82,11,implied_by
1,6902,89,46,8,not_or
1,6903,72,6,5,b
1,6904,82,48,14,not_and
1,6905,69,5,10,not_b
1,6906,16,61,11,implied_by
1,6907,28,62,8,not_or
1,6908,0,74,6,xor
1,6909,69,54,14,not_and
1,6910,59,50,8,not_or
1,6911,23,57,9,not_xor
1,6912,59,41,5,b
1,6913,9,75,4,not_implied_by
1,6914,25,88,7,or
1,6915,59,34,1,and
1,6916,71,19,6,xor
1,6917,84,79,15,one
1,6918,79,31,13,implies
1,6919,53,1,15,one
1,6920,69,1,8,not_or
1,6921,87,67,0,zero
1,6922,64,6,9,not_xor
1,6923,2,1,12,not_a
1,6924,89,73,10,not_b
1,6925,48,37,8,not_or
1,6926,10,42,2,not_implies
1,6927,6,43,5,b
1,6928,83,42,15,one
1,6929,48,38,7,or
1,6930,85,16,0,zero
1,6931,77,75,5,b
1,6932,8,23,7,or
1,6933,3,21,8,not_or
1,6934,60,50,2,not_implies
1,6935,19,44,15,one
1,6936,41,11,1,and
1,6937,24,55,1,and
1,6938,58,83,7,or
1,6939,54,4,14,not_and
1,6940,89,14,0,zero
1,6941,49,42,10,not_b
1,6942,69,42,6,xor
1,6943,87,56,2,not_implies
1,6944,33,89,11,implied_by
1,6945,42,69,6,xor
1,6946,70,48,5,b
1,6947,28,45,10,not_b
1,6948,26,60,10,not_b
1,6949,20,47,11,implied_by
1,6950,30,22,14,not_and
1,6951,62,80,2,not_implies
1,6952,60,31,3,a
1,6953,81,7,0,zero
1,6954,30,73,12,not_a
1,6955,88,17,6,xor
1,6956,28,7,9,not_xor
1,6957,49,32,2,not_implies
1,6958,0,85,6,xor
1,6959,40,51,13,implies
1,6960,33,61,7,or
1,6961,50,33,7,or
1,6962,36,16,14,not_and
1,6963,9,40,13,implies
1,6964,40,21,9,not_xor
1,6965,7,53,14,not_and
1,6966,15,44,8,not_or
1,6967,74,49,1,and
1,6968,45,80,15,one
1,6969,6,29,15,one
1,6970,86,74,6,xor
1,6971,35,88,0,zero
1,6972,81,76,14,not_and
1,6973,47,44,10,not_b
1,6974,1,49,5,b
1,6975,14,77,14,not_and
1,6976,55,11,6,xor
1,6977,68,25,1,and
1,6978,56,32,0,zero
1,6979,85,67,12,not_a
1,6980,23,89,3,a
1,6981,83,14,4,not_implied_by
1,6982,36,63,8,not_or
1,6983,3,48,6,xor
1,6984,36,66,14,not_and
1,6985,70,60,3,a
1,6986,67,44,15,one
1,6987,0,3,9,not_xor
1,6988,1,9,1,and
1,6989,75,88,8,not_or
1,6990,87,44,5,b
1,6991,7,77,12,not_a
1,6992,6,57,4,not_implied_by
1,6993,2,43,9,not_xor
1,6994,28,21,13,implies
1,6995,74,16,5,b
1,6996,89,42,1,and
1,6997,40,87,13,implies
1,6998,38,73,11,implied_by
1,6999,56,16,5,b
1,7000,81,62,3,a
1,7001,88,34,14,not_and
1,7002,36,36,6,xor
1,7003,89,18,15,one
1,7004,65,19,10,not_b
1,7005,49,0,7,or
1,7006,17,31,3,a
1,7007,52,6,5,b
1,7008,77,75,2,not_implies
1,7009,86,72,9,not_xor
1,7010,6,29,15,one
1,7011,53,20,5,b
1,7012,57,26,6,xor
1,7013,86,36,1,and
1,7014,13,6,15,one
1,7015,46,89,2,not_implies
1,7016,57,85,8,not_or
1,7017,83,31,14,not_and
1,7018,81,21,6,xor
1,7019,16,65,0,zero
1,7020,76,50,3,a
1,7021,11,57,14,not_and
1,7022,51,89,1,and
1,7023,64,87,15,one
1,7024,78,17,15,one
1,7025,69,52,8,not_or
1,7026,12,54,8,not_or
1,7027,29,67,8,not_or
1,7028,38,18,9,not_xor
1,7029,87,75,9,not_xor
1,7030,72,10,2,not_implies
1,7031,1,89,0,zero
1,7032,65,8,6,xor
1,7033,77,80,9,not_xor
1,7034,66,4,10,not_b
1,7035,44,74,13,implies
1,7036,65,53,14,not_and
1,7037,12,53,6,xor
1,7038,73,30,11,implied_by
1,7039,28,13,4,not_implied_by
1,7040,80,82,0,zero
1,7041,49,23,4,not_implied_by
1,7042,18,75,15,one
1,7043,62,32,2,not_implies
1,7044,83,37,15,one
1,7045,45,57,11,implied_by
1,7046,52,69,0,zero
1,7047,74,54,15,one
1,7048,37,5,4,not_implied_by
1,7049,44,45,0,zero
1,7050,79,20,12,not_a
1,7051,26,69,8,not_or
1,7052,51,63,6,xor
1,7053,26,79,13,implies
1,7054,80,72,9,not_xor
1,7055,85,56,14,not_and
1,7056,18,5,3,a
1,7057,29,2,0,zero
1,7058,30,14,6,xor
1,7059,50,79,2,not_implies
1,7060,21,16,12,not_a
1,7061,24,28,9,not_xor
1,7062,45,45,8,not_or
1,7063,54,61,2,not_implies
1,7064,26,35,1,and
1,7065,88,36,0,zero
1,7066,36,6,9,not_xor
1,7067,11,30,13,implies
1,7068,16,52,11,implied_by
1,7069,24,73,11,implied_by
1,7070,71,34,1,and
1,7071,5,57,7,or
1,7072,17,38,3,a
1,7073,76,39,10,not_b
1,7074,62,85,13,implies
1,7075,37,19,11,implied_by
1,7076,61,0,8,not_or
1,7077,62,89,4,not_implied_by
1,7078,88,5,8,not_or
1,7079,68,69,9,not_xor
1,7080,11,73,12,not_a
1,7081,65,75,7,or
1,7082,12,77,15,one
1,7083,84,10,3,a
1,7084,40,32,0,zero
1,7085,43,71,8,not_or
1,7086,33,9,9,not_xor
1,7087,63,14,3,a
1,7088,28,50,0,zero
1,7089,3,4,0,zero
1,7090,64,61,15,one
1,7091,48,9,15,one
1,7092,5,32,6,xor
1,7093,46,45,15,one
1,7094,61,9,1,and
1,7095,17,58,10,not_b
1,7096,83,67,14,not_and
1,7097,4,63,10,not_b
1,7098,72,89,14,not_and
1,7099,64,10,10,not_b
1,7100,20,19,11,implied_by
1,7101,31,11,0,zero
1,7102,60,40,5,b
1,7103,39,69,6,xor
1,7104,18,49,0,zero
1,7105,51,23,5,b
1,7106,59,22,15,one
1,7107,87,30,0,zero
1,7108,55,35,4,not_implied_by
1,7109,53,88,6,xor
1,7110,57,49,8,not_or
1,7111,29,17,12,not_a
1,7112,70,88,12,not_a
1,7113,81,22,6,xor
1,7114,83,81,7,or
1,7115,50,77,12,not_a
1,7116,27,11,10,not_b
1,7117,0,54,5,b
1,7118,16,26,3,a
1,7119,44,62,13,implies
1,7120,69,71,11,implied_by
1,7121,33,82,13,implies
1,7122,59,55,15,one
1,7123,33,23,3,a
1,7124,76,57,13,implies
1,7125,5,9,14,not_and
1,7126,59,60,9,not_xor
1,7127,36,2,0,zero
1,7128,74,8,7,or
1,7129,10,0,0,zero
1,7130,37,52,12,not_a
1,7131,32,53,3,a
1,7132,23,25,3,a
1,7133,62,10,6,xor
1,7134,65,47,11,implied_by
1,7135,3,23,12,not_a
1,7136,3,76,2,not_implies
1,7137,75,11,10,not_b
1,7138,63,44,14,not_and
1,7139,49,64,6,xor
1,7140,46,78,5,b
1,7141,15,82,8,not_or
1,7142,61,47,5,b
1,7143,26,32,11,implied_by
1,7144,63,54,12,not_a
1,7145,69,26,5,b
1,7146,81,19,3,a
1,7147,54,82,14,not_and
1,7148,0,37,0,zero
1,7149,52,50,9,not_xor
1,7150,63,34,7,or
1,7151,62,21,9,not_xor
1,7152,32,36,2,not_implies
1,7153,8,58,0,zero
1,7154,53,67,3,a
1,7155,5,56,7,or
1,7156,77,54,11,implied_by
1,7157,63,59,11,implied_by
1,7158,76,71,14,not_and
1,7159,9,84,11,implied_by
1,7160,22,69,7,or
1,7161,34,56,11,implied_by
1,7162,47,13,5,b
1,7163,38,39,10,not_b
1,7164,51,54,1,and
1,7165,48,85,9,not_xor
1,7166,1,81,10,not_b
1,7167,1,24,12,not_a
1,7168,24,48,11,implied_by
1,7169,24,84,2,not_implies
1,7170,28,80,8,not_or
1,7171,89,49,7,or
1,7172,9,42,15,one
1,7173,8,68,15,one
1,7174,62,51,13,implies
1,7175,51,66,12,not_a
1,7176,2,59,5,b
1,7177,25,14,14,not_and
1,7178,8,33,8,not_or
1,7179,17,18,3,a
1,7180,2,80,9,not_xor
1,7181,76,4,3,a
1,7182,0,78,9,not_xor
1,7183,47,73,15,one
1,7184,70,39,9,not_xor
1,7185,83,8,1,and
1,7186,64,8,11,implied_by
1,7187,64,57,13,implies
1,7188,66,70,5,b
1,7189,59,25,7,or
1,7190,72,64,7,or
1,7191,56,46,6,xor
1,7192,87,7,4,not_implied_by
1,7193,77,56,6,xor
1,7194,50,46,10,not_b
1,7195,25,34,13,implies
1,7196,30,16,0,zero
1,7197,7,7,15,one
1,7198,33,87,6,xor
1,7199,13,79,15,one
1,7200,80,86,15,one
1,7201,41,1,11,implied_by
1,7202,33,36,9,not_xor
1,7203,72,78,6,xor
1,7204,74,17,5,b
1,7205,81,12,0,zero
1,7206,54,63,4,not_implied_by
1,7207,14,7,2,not_implies
1,7208,0,60,9,not_xor
1,7209,83,35,9,not_xor
1,7210,26,33,5,b
1,7211,40,89,3,a
1,7212,82,61,6,xor
1,7213,49,23,7,or
1,7214,33,5,1,and
1,7215,6,87,15,one
1,7216,66,24,15,one
1,7217,60,15,11,implied_by
1,7218,64,11,5,b
1,7219,50,65,9,not_xor
1,7220,15,14,12,not_a
1,7221,16,81,8,not_or
1,7222,26,22,2,not_implies
1,7223,10,89,10,not_b
1,7224,85,65,14,not_and
1,7225,22,26,6,xor
1,7226,27,46,2,not_implies
1,7227,75,33,13,implies
1,7228,66,9,2,not_implies
1,7229,63,57,12,not_a
1,7230,46,19,3,a
1,7231,27,23,5,b
1,7232,73,32,1,and
1,7233,74,64,4,not_implied_by
1,7234,72,24,10,not_b
1,7235,52,33,6,xor
1,7236,16,10,7,or
1,7237,84,61,11,implied_by
1,7238,59,71,2,not_implies
1,7239,48,60,10,not_b
1,7240,43,52,15,one
1,7241,45,70,9,not_xor
1,7242,43,13,10,not_b
1,7243,26,54,2,not_implies
1,7244,87,36,6,xor
1,7245,84,1,3,a
1,7246,66,35,9,not_xor
1,7247,27,86,1,and
1,7248,36,54,3,a
1,7249,0,45,7,or
1,7250,20,86,14,not_and
1,7251,87,26,7,or
1,7252,47,85,9,not_xor
1,7253,3,41,1,and
1,7254,1,29,15,one
1,7255,42,72,0,zero
1,7256,34,22,13,implies
1,7257,14,25,1,and
1,7258,84,32,10,not_b
1,7259,89,68,0,zero
1,7260,63,29,15,one
1,7261,59,81,1,and
1,7262,62,38,5,b
1,7263,41,82,6,xor
1,7264,46,13,1,and
1,7265,14,50,15,one
1,7266,28,54,8,not_or
1,7267,66,72,1,and
1,7268,20,4,9,not_xor
1,7269,22,23,6,xor
1,7270,1,21,7,or
1,7271,88,19,8,not_or
1,7272,40,65,7,or
1,7273,29,28,6,xor
1,7274,77,3,2,not_implies
1,7275,82,82,13,implies
1,7276,8,7,14,not_and
1,7277,10,78,7,or
1,7278,38,52,5,b
1,7279,38,38,7,or
1,7280,41,61,11,implied_by
1,7281,29,37,14,not_and
1,7282,53,85,14,not_and
1,7283,63,11,7,or
1,7284,72,40,12,not_a
1,7285,14,43,13,implies
1,7286,0,17,15,one
1,7287,71,28,8,not_or
1,7288,53,53,6,xor
1,7289,2,10,7,or
1,7290,8,19,5,b
1,7291,12,88,0,zero
1,7292,34,82,14,not_and
1,7293,12,71,15,one
1,7294,13,84,1,and
1,7295,70,25,1,and
1,7296,70,51,12,not_a
1,7297,28,53,13,implies
1,7298,28,80,11,implied_by
1,7299,70,61,12,not_a
1,7300,37,9,0,zero
1,7301,27,31,3,a
1,7302,49,58,4,not_implied_by
1,7303,19,37,15,one
1,7304,74,72,7,or
1,7305,47,78,6,xor
1,7306,55,34,10,not_b
1,7307,46,18,8,not_or
1,7308,19,34,5,b
1,7309,68,67,2,not_implies
1,7310,51,59,13,implies
1,7311,50,73,10,not_b
1,7312,31,76,15,one
1,7313,12,6,13,implies
1,7314,30,55,6,xor
1,7315,63,40,9,not_xor
1,7316,50,32,11,implied_by
1,7317,73,74,10,not_b
1,7318,77,84,11,implied_by
1,7319,84,43,9,not_xor
1,7320,44,0,8,not_or
1,7321,84,45,9,not_xor
1,7322,41,14,12,not_a
1,7323,0,66,3,a
1,7324,84,68,12,not_a
1,7325,27,73,6,xor
1,7326,75,42,6,xor
1,7327,35,20,9,not_xor
1,7328,54,5,8,not_or
1,7329,70,52,1,and
1,7330,76,77,13,implies
1,7331,81,86,10,not_b
1,7332,7,59,9,not_xor
1,7333,45,66,10,not_b
1,7334,16,56,4,not_implied_by
1,7335,46,49,7,or
1,7336,34,6,14,not_and
1,7337,83,87,0,zero
1,7338,16,32,10,not_b
1,7339,88,30,2,not_implies
1,7340,87,55,8,not_or
1,7341,77,36,6,xor
1,7342,57,23,13,implies
1,7343,83,5,12,not_a
1,7344,86,8,3,a
1,7345,35,7,15,one
1,7346,12,86,9,not_xor
1,7347,15,69,0,zero
1,7348,36,41,1,and
1,7349,8,52,5,b
1,7350,14,56,1,and
1,7351,85,61,13,implies
1,7352,70,20,6,xor
1,7353,40,25,6,xor
1,7354,86,82,12,not_a
1,7355,79,58,15,one
1,7356,3,32,8,not_or
1,7357,64,37,2,not_implies
1,7358,49,17,6,xor
1,7359,16,52,12,not_a
1,7360,39,71,8,not_or
1,7361,53,7,10,not_b
1,7362,40,66,8,not_or
1,7363,64,14,8,not_or
1,7364,7,77,5,b
1,7365,76,14,6,xor
1,7366,83,56,10,not_b
1,7367,55,18,0,zero
1,7368,89,57,6,xor
1,7369,18,3,3,a
1,7370,4,68,7,or
1,7371,43,60,14,not_and
1,7372,7,2,5,b
1,7373,55,87,13,implies
1,7374,30,22,8,not_or
1,7375,15,45,12,not_a
1,7376,66,4,1,and
1,7377,12,30,2,not_implies
1,7378,80,7,0,zero
1,7379,80,1,7,or
1,7380,50,10,12,not_a
1,7381,76,50,15,one
1,7382,83,67,12,not_a
1,7383,84,47,5,b
1,7384,56,67,11,implied_by
1,7385,86,66,9,not_xor
1,7386,6,88,1,and
1,7387,67,82,13,implies
1,7388,4,9,6,xor
1,7389,21,77,6,xor
1,7390,16,64,8,not_or
1,7391,35,59,1,and
1,7392,65,61,14,not_and
1,7393,34,34,10,not_b
1,7394,51,73,0,zero
1,7395,37,28,13,implies
1,7396,29,83,9,not_xor
1,7397,1,57,0,zero
1,7398,61,0,14,not_and
1,7399,58,23,0,zero
1,7400,9,22,15,one
1,7401,3,56,1,and
1,7402,87,74,6,xor
1,7403,79,58,2,not_implies
1,7404,84,87,11,implied_by
1,7405,22,17,7,or
1,7406,44,87,15,one
1,7407,44,82,3,a
1,7408,43,12,15,one
1,7409,34,49,10,not_b
1,7410,45,23,6,xor
1,7411,60,11,7,or
1,7412,19,15,0,zero
1,7413,24,3,5,b
1,7414,13,34,10,not_b
1,7415,80,35,13,implies
1,7416,73,55,1,and
1,7417,49,74,14,not_and
1,7418,59,21,9,not_xor
1,7419,1,78,7,or
1,7420,41,52,3,a
1,7421,27,48,4,not_implied_by
1,7422,30,78,14,not_and
1,7423,62,30,3,a
1,7424,1,79,4,not_implied_by
1,7425,26,7,5,b
1,7426,1,53,8,not_or
1,7427,88,12,14,not_and
1,7428,51,40,9,not_xor
1,7429,6,48,6,xor
1,7430,42,67,12,not_a
1,7431,54,74,2,not_implies
1,7432,52,33,5,b
1,7433,25,19,3,a
1,7434,68,13,11,implied_by
1,7435,65,65,4,not_implied_by
1,7436,17,24,4,not_implied_by
1,7437,11,12,7,or
1,7438,30,25,13,implies
1,7439,48,66,2,not_implies
1,7440,79,73,3,a
1,7441,56,63,3,a
1,7442,23,46,1,and
1,7443,24,13,13,implies
1,7444,10,50,9,not_xor
1,7445,24,88,5,b
1,7446,13,17,9,not_xor
1,7447,14,60,13,implies
1,7448,15,20,1,and
1,7449,18,33,9,not_xor
1,7450,1,70,14,not_and
1,7451,30,33,2,not_implies
1,7452,53,22,2,not_implies
1,7453,60,7,6,xor
1,7454,83,5,12,not_a
1,7455,84,34,3,a
1,7456,68,9,11,implied_by
1,7457,47,74,9,not_xor
1,7458,27,16,2,not_implies
1,7459,9,27,9,not_xor
1,7460,16,69,15,one
1,7461,34,53,12,not_a
1,7462,78,16,6,xor
1,7463,14,76,5,b
1,7464,15,59,5,b
1,7465,20,50,9,not_xor
1,7466,53,89,11,implied_by
1,7467,3,46,10,not_b
1,7468,80,57,7,or
1,7469,31,88,13,implies
1,7470,25,74,8,not_or
1,7471,8,71,9,not_xor
1,7472,73,69,13,implies
1,7473,37,8,15,one
1,7474,31,83,1,and
1,7475,0,71,4,not_implied_by
1,7476,84,31,12,not_a
1,7477,77,74,6,xor
1,7478,76,57,9,not_xor
1,7479,20,7,0,zero
1,7480,12,63,15,one
1,7481,78,83,11,implied_by
1,7482,14,27,5,b
1,7483,38,31,9,not_xor
1,7484,2,3,13,implies
1,7485,34,65,5,b
1,7486,16,76,9,not_xor
1,7487,73,22,10,not_b
1,7488,33,73,14,not_and
1,7489,86,84,12,not_a
1,7490,4,58,3,a
1,7491,73,29,3,a
1,7492,87,69,7,or
1,7493,58,72,4,not_implied_by
1,7494,23,69,2,not_implies
1,7495,27,36,6,xor
1,7496,48,77,15,one
1,7497,19,58,0,zero
1,7498,7,80,9,not_xor
1,7499,61,45,2,not_implies
1,7500,24,2,1,and
1,7501,65,7,10,not_b
1,7502,81,71,6,xor
1,7503,28,10,15,one
1,7504,67,72,10,not_b
1,7505,2,28,3,a
1,7506,3,20,13,implies
1,7507,50,26,9,not_xor
1,7508,64,56,6,xor
1,7509,18,70,6,xor
1,7510,27,55,4,not_implied_by
1,7511,69,87,5,b
1,7512,52,66,15,one
1,7513,74,10,7,or
1,7514,9,73,12,not_a
1,7515,53,25,1,and
1,7516,5,29,6,xor
1,7517,48,17,12,not_a
1,7518,9,81,12,not_a
1,7519,69,78,9,not_xor
1,7520,68,68,13,implies
1,7521,29,2,5,b
1,7522,50,80,12,not_a
1,7523,16,19,0,zero
1,7524,10,46,11,implied_by
1,7525,63,79,15,one
1,7526,41,20,2,not_implies
1,7527,89,52,0,zero
1,7528,89,30,4,not_implied_by
1,7529,24,72,6,xor
1,7530,31,45,9,not_xor
1,7531,53,32,13,implies
1,7532,2,36,0,zero
1,7533,56,19,0,zero
1,7534,34,89,12,not_a
1,7535,62,39,10,not_b
1,7536,47,52,14,not_and
1,7537,53,76,2,not_implies
1,7538,71,19,6,xor
1,7539,62,8,8,not_or
1,7540,64,20,5,b
1,7541,1,53,13,implies
1,7542,33,72,5,b
1,7543,39,34,12,not_a
1,7544,59,72,10,not_b
1,7545,22,43,6,xor
1,7546,24,64,7,or
1,7547,18,8,14,not_and
1,7548,30,5,4,not_implied_by
1,7549,87,7,10,not_b
1,7550,81,25,13,implies
1,7551,40,13,7,or
1,7552,11,24,5,b
1,7553,32,15,14,not_and
1,7554,38,63,3,a
1,7555,49,14,12,not_a
1,7556,86,86,5,b
1,7557,19,74,6,xor
1,7558,61,22,10,not_b
1,7559,25,20,13,implies
1,7560,17,70,7,or
1,7561,16,73,9,not_xor
1,7562,69,34,15,one
1,7563,15,30,0,zero
1,7564,22,22,4,not_implied_by
1,7565,25,17,6,xor
1,7566,24,85,14,not_and
1,7567,86,32,11,implied_by
1,7568,17,83,10,not_b
1,7569,0,25,1,and
1,7570,24,61,1,and
1,7571,13,22,15,one
1,7572,71,58,15,one
1,7573,1,11,15,one
1,7574,44,40,14,not_and
1,7575,11,62,13,implies
1,7576,66,5,9,not_xor
1,7577,62,63,12,not_a
1,7578,61,53,8,not_or
1,7579,82,30,13,implies
1,7580,3,58,13,implies
1,7581,47,1,5,b
1,7582,5,37,8,not_or
1,7583,39,73,9,not_xor
1,7584,8,79,11,implied_by
1,7585,72,70,11,implied_by
1,7586,84,52,10,not_b
1,7587,31,64,1,and
1,7588,33,14,0,zero
1,7589,41,63,6,xor
1,7590,49,21,10,not_b
1,7591,63,39,9,not_xor
1,7592,68,83,5,b
1,7593,26,2,10,not_b
1,7594,80,75,6,xor
1,7595,40,58,3,a
1,7596,44,4,4,not_implied_by
1,7597,45,59,14,not_and
1,7598,17,49,7,or
1,7599,23,84,7,or
1,7600,72,81,9,not_xor
1,7601,79,45,9,not_xor
1,7602,58,65,13,implies
1,7603,85,68,1,and
1,7604,7,77,6,xor
1,7605,74,59,6,xor
1,7606,0,17,11,implied_by
1,7607,8,5,9,not_xor
1,7608,32,68,11,implied_by
1,7609,2,25,8,not_or
1,7610,46,52,12,not_a
1,7611,43,39,2,not_implies
1,7612,79,48,1,and
1,7613,3,35,10,not_b
1,7614,41,58,3,a
1,7615,22,52,9,not_xor
1,7616,29,38,12,not_a
1,7617,45,77,6,xor
1,7618,54,7,13,implies
1,7619,80,38,6,xor
1,7620,12,6,5,b
1,7621,24,66,10,not_b
1,7622,28,87,15,one
1,7623,58,19,13,implies
1,7624,30,4,3,a
1,7625,29,87,2,not_implies
1,7626,78,86,9,not_xor
1,7627,2,8,7,or
1,7628,34,88,7,or
1,7629,87,5,0,zero
1,7630,65,61,13,implies
1,7631,61,68,8,not_or
1,7632,74,31,15,one
1,7633,18,23,1,and
1,7634,42,17,6,xor
1,7635,21,2,14,not_and
1,7636,72,51,10,not_b
1,7637,11,48,2,not_implies
1,7638,2,67,13,implies
1,7639,84,56,9,not_xor
1,7640,23,66,0,zero
1,7641,27,50,3,a
1,7642,67,38,12,not_a
1,7643,8,82,2,not_implies
1,7644,84,23,7,or
1,7645,20,11,12,not_a
1,7646,78,87,0,zero
1,7647,10,42,8,not_or
1,7648,75,44,9,not_xor
1,7649,82,44,3,a
1,7650,19,89,3,a
1,7651,39,73,8,not_or
1,7652,44,35,1,and
1,7653,88,29,4,not_implied_by
1,7654,62,1,14,not_and
1,7655,75,24,4,not_implied_by
1,7656,83,51,6,xor
1,7657,82,34,10,not_b
1,7658,85,58,2,not_implies
1,7659,54,9,13,implies
1,7660,5,49,14,not_and
1,7661,70,13,13,implies
1,7662,15,80,8,not_or
1,7663,16,23,2,not_implies
1,7664,1,80,14,not_and
1,7665,41,19,5,b
1,7666,59,89,1,and
1,7667,51,19,8,not_or
1,7668,79,73,8,not_or
1,7669,86,41,12,not_a
1,7670,44,17,14,not_and
1,7671,80,27,6,xor
1,7672,75,11,5,b
1,7673,86,59,0,zero
1,7674,63,42,9,not_xor
1,7675,27,49,1,and
1,7676,3,56,9,not_xor
1,7677,50,10,6,xor
1,7678,73,27,15,one
1,7679,59,66,11,implied_by
1,7680,36,23,13,implies
1,7681,87,69,14,not_and
1,7682,80,21,6,xor
1,7683,21,44,9,not_xor
1,7684,62,74,13,implies
1,7685,10,81,8,not_or
1,7686,26,49,0,zero
1,7687,44,19,1,and
1,7688,30,86,10,not_b
1,7689,85,72,6,xor
1,7690,76,72,6,xor
1,7691,21,10,13,implies
1,7692,67,45,9,not_xor
1,7693,47,52,9,not_xor
1,7694,42,12,12,not_a
1,7695,13,83,13,implies
1,7696,50,71,5,b
1,7697,44,84,6,xor
1,7698,72,76,6,xor
1,7699,78,16,6,xor
1,7700,0,32,0,zero
1,7701,65,56,4,not_implied_by
1,7702,89,85,1,and
1,7703,9,51,13,implies
1,7704,80,15,12,not_a
1,7705,64,54,10,not_b
1,7706,47,53,11,implied_by
1,7707,83,72,4,not_implied_by
1,7708,24,72,6,xor
1,7709,21,18,6,xor
1,7710,10,0,13,implies
1,7711,84,65,13,implies
1,7712,49,41,14,not_and
1,7713,50,1,3,a
1,7714,37,32,3,a
1,7715,65,22,10,not_b
1,7716,79,51,2,not_implies
1,7717,17,35,0,zero
1,7718,26,66,6,xor
1,7719,37,1,9,not_xor
1,7720,51,79,11,implied_by
1,7721,37,85,7,or
1,7722,55,80,12,not_a
1,7723,2,84,9,not_xor
1,7724,66,36,6,xor
1,7725,3,39,12,not_a
1,7726,42,47,1,and
1,7727,23,36,1,and
1,7728,37,11,0,zero
1,7729,27,42,1,and
1,7730,29,42,5,b
1,7731,27,24,6,xor
1,7732,59,52,0,zero
1,7733,72,43,6,xor
1,7734,51,37,1,and
1,7735,84,23,7,or
1,7736,78,61,1,and
1,7737,84,41,8,not_or
1,7738,46,69,8,not_or
1,7739,21,43,4,not_implied_by
1,7740,26,66,2,not_implies
1,7741,39,51,10,not_b
1,7742,49,87,5,b
1,7743,73,46,6,xor
1,7744,0,70,15,one
1,7745,13,58,11,implied_by
1,7746,89,81,15,one
1,7747,87,40,3,a
1,7748,72,41,0,zero
1,7749,17,15,14,not_and
1,7750,25,19,13,implies
1,7751,3,48,6,xor
1,7752,33,57,6,xor
1,7753,10,34,6,xor
1,7754,81,44,6,xor
1,7755,69,56,0,zero
1,7756,43,29,11,implied_by
1,7757,17,65,1,and
1,7758,50,41,7,or
1,7759,19,2,9,not_xor
1,7760,30,41,6,xor
1,7761,18,75,14,not_and
1,7762,32,11,4,not_implied_by
1,7763,48,2,13,implies
1,7764,18,49,8,not_or
1,7765,17,24,4,not_implied_by
1,7766,51,19,4,not_implied_by
1,7767,59,19,8,not_or
1,7768,4,27,11,implied_by
1,7769,60,39,3,a
1,7770,13,17,4,not_implied_by
1,7771,83,43,15,one
1,7772,75,38,1,and
1,7773,50,14,12,not_a
1,7774,71,12,11,implied_by
1,7775,11,80,3,a
1,7776,84,17,4,not_implied_by
1,7777,78,23,6,xor
1,7778,72,45,12,not_a
1,7779,61,43,7,or
1,7780,24,69,0,zero
1,7781,0,84,5,b
1,7782,53,7,3,a
1,7783,63,75,1,and
1,7784,71,21,4,not_implied_by
1,7785,52,52,5,b
1,7786,48,34,12,not_a
1,7787,80,9,5,b
1,7788,77,69,9,not_xor
1,7789,81,79,15,one
1,7790,54,67,14,not_and
1,7791,88,36,10,not_b
1,7792,67,49,5,b
1,7793,37,0,15,one
1,7794,49,57,1,and
1,7795,56,88,12,not_a
1,7796,33,86,14,not_and
1,7797,87,52,5,b
1,7798,54,52,12,not_a
1,7799,6,44,3,a
1,7800,70,60,9,not_xor
1,7801,89,57,7,or
1,7802,60,53,9,not_xor
1,7803,2,34,15,one
1,7804,41,32,11,implied_by
1,7805,78,15,1,and
1,7806,1,44,10,not_b
1,7807,19,49,12,not_a
1,7808,49,89,5,b
1,7809,39,68,5,b
1,7810,77,24,1,and
1,7811,45,21,9,not_xor
1,7812,38,41,9,not_xor
1,7813,84,52,14,not_and
1,7814,47,28,1,and
1,7815,38,39,10,not_b
1,7816,84,13,2,not_implies
1,7817,41,88,7,or
1,7818,88,20,7,or
1,7819,27,27,2,not_implies
1,7820,78,69,9,not_xor
1,7821,35,16,2,not_implies
1,7822,62,7,15,one
1,7823,61,77,6,xor
1,7824,50,79,9,not_xor
1,7825,58,7,5,b
1,7826,75,36,4,not_implied_by
1,7827,0,62,14,not_and
1,7828,6,19,11,implied_by
1,7829,35,42,10,not_b
1,7830,46,0,1,and
1,7831,26,68,15,one
1,7832,47,68,4,not_implied_by
1,7833,73,27,14,not_and
1,7834,77,58,14,not_and
1,7835,32,57,14,not_and
1,7836,51,26,5,b
1,7837,43,81,10,not_b
1,7838,38,27,0,zero
1,7839,71,70,2,not_implies
1,7840,46,40,1,and
1,7841,7,63,13,implies
1,7842,70,38,9,not_xor
1,7843,31,38,7,or
1,7844,22,13,5,b
1,7845,42,0,1,and
1,7846,37,8,7,or
1,7847,24,22,8,not_or
1,7848,16,11,14,not_and
1,7849,71,2,13,implies
1,7850,77,7,15,one
1,7851,41,22,14,not_and
1,7852,52,2,3,a
1,7853,25,33,6,xor
1,7854,33,43,1,and
1,7855,85,2,9,not_xor
1,7856,27,63,11,implied_by
1,7857,85,8,0,zero
1,7858,62,57,9,not_xor
1,7859,59,51,2,not_implies
1,7860,65,74,3,a
1,7861,45,70,9,not_xor
1,7862,71,62,3,a
1,7863,18,81,0,zero
1,7864,79,82,12,not_a
1,7865,82,37,5,b
1,7866,48,54,0,zero
1,7867,11,53,14,not_and
1,7868,89,58,13,implies
1,7869,43,12,3,a
1,7870,81,63,5,b
1,7871,0,5,6,xor
1,7872,81,56,4,not_implied_by
1,7873,70,1,11,implied_by
1,7874,78,53,5,b
1,7875,66,45,9,not_xor
1,7876,71,36,4,not_implied_by
1,7877,55,10,4,not_implied_by
1,7878,20,54,5,b
1,7879,79,21,10,not_b
1,7880,43,5,2,not_implies
1,7881,57,85,9,not_xor
1,7882,26,64,8,not_or
1,7883,22,44,4,not_implied_by
1,7884,52,71,0,zero
1,7885,26,68,1,and
1,7886,12,87,9,not_xor
1,7887,30,42,9,not_xor
1,7888,82,24,3,a
1,7889,55,0,6,xor
1,7890,6,54,2,not_implies
1,7891,9,3,14,not_and
1,7892,13,47,5,b
1,7893,8,24,9,not_xor
1,7894,3,82,14,not_and
1,7895,19,7,4,not_implied_by
1,7896,89,17,12,not_a
1,7897,23,19,6,xor
1,7898,54,47,15,one
1,7899,20,57,12,not_a
1,7900,10,13,6,xor
1,7901,77,56,6,xor
1,7902,48,49,9,not_xor
1,7903,39,84,12,not_a
1,7904,26,53,5,b
1,7905,68,86,7,or
1,7906,45,45,0,zero
1,7907,20,79,4,not_implied_by
1,7908,55,82,1,and
1,7909,57,42,0,zero
1,7910,25,59,14,not_and
1,7911,16,28,14,not_and
1,7912,67,72,12,not_a
1,7913,8,3,7,or
1,7914,72,71,9,not_xor
1,7915,69,43,4,not_implied_by
1,7916,0,80,6,xor
1,7917,24,49,6,xor
1,7918,4,18,13,implies
1,7919,14,23,1,and
1,7920,23,43,9,not_xor
1,7921,13,88,6,xor
1,7922,51,64,11,implied_by
1,7923,17,40,15,one
1,7924,49,48,6,xor
1,7925,36,72,15,one
1,7926,72,19,9,not_xor
1,7927,7,21,10,not_b
1,7928,24,35,9,not_xor
1,7929,13,71,8,not_or
1,7930,89,76,9,not_xor
1,7931,44,60,3,a
1,7932,15,32,10,not_b
1,7933,79,72,11,implied_by
1,7934,31,47,3,a
1,7935,59,74,10,not_b
1,7936,79,67,2,not_implies
1,7937,18,79,13,implies
1,7938,72,40,6,xor
1,7939,78,38,6,xor
1,7940,12,62,14,not_and
1,7941,32,50,7,or
1,7942,40,53,7,or
1,7943,33,31,11,implied_by
1,7944,43,35,3,a
1,7945,48,57,8,not_or
1,7946,28,87,12,not_a
1,7947,83,72,12,not_a
1,7948,3,12,1,and
1,7949,14,78,3,a
1,7950,44,85,9,not_xor
1,7951,65,22,3,a
1,7952,43,74,4,not_implied_by
1,7953,78,59,4,not_implied_by
1,7954,16,42,14,not_and
1,7955,3,63,1,and
1,7956,26,86,5,b
1,7957,32,33,4,not_implied_by
1,7958,25,0,10,not_b
1,7959,20,84,0,zero
1,7960,5,82,7,or
1,7961,42,50,8,not_or
1,7962,73,55,2,not_implies
1,7963,57,8,8,not_or
1,7964,7,52,1,and
1,7965,88,47,10,not_b
1,7966,72,29,5,b
1,7967,19,31,10,not_b
1,7968,34,1,10,not_b
1,7969,79,14,2,not_implies
1,7970,9,65,12,not_a
1,7971,49,87,0,zero
1,7972,57,45,8,not_or
1,7973,73,30,6,xor
1,7974,80,70,8,not_or
1,7975,7,75,15,one
1,7976,71,80,9,not_xor
1,7977,78,73,4,not_implied_by
1,7978,16,6,4,not_implied_by
1,7979,64,37,4,not_implied_by
1,7980,58,44,5,b
1,7981,15,75,1,and
1,7982,66,78,14,not_and
1,7983,55,1,3,a
1,7984,77,14,6,xor
1,7985,76,10,8,not_or
1,7986,0,28,1,and
1,7987,10,43,14,not_and
1,7988,20,54,6,xor
1,7989,17,33,7,or
1,7990,42,64,0,zero
1,7991,57,46,0,zero
1,7992,16,54,14,not_and
1,7993,75,15,12,not_a
1,7994,20,47,11,implied_by
1,7995,69,86,11,implied_by
1,7996,83,0,6,xor
1,7997,34,80,5,b
1,7998,42,32,5,b
1,7999,41,47,1,and
