layer,neuron,input_a,input_b,gate_id,gate_name
1,0,28,57,9,not_xor
1,1,17,38,14,not_and
1,2,11,69,9,not_xor
1,3,47,87,12,not_a
1,4,25,33,0,zero
1,5,39,15,8,not_or
1,6,27,5,11,implied_by
1,7,38,14,14,not_and
1,8,31,15,9,not_xor
1,9,3,23,5,b
1,10,42,5,6,xor
1,11,2,32,10,not_b
1,12,21,56,12,not_a
1,13,13,49,13,implies
1,14,51,0,3,a
1,15,73,80,10,not_b
1,16,57,61,15,one
1,17,68,73,15,one
1,18,37,79,1,and
1,19,15,21,4,not_implied_by
1,20,71,23,8,not_or
1,21,55,85,5,b
1,22,18,75,3,a
1,23,34,4,6,xor
1,24,36,52,14,not_and
1,25,45,60,10,not_b
1,26,76,14,12,not_a
1,27,1,64,13,implies
1,28,59,63,9,not_xor
1,29,79,63,11,implied_by
1,30,82,7,9,not_xor
1,31,12,43,10,not_b
1,32,29,47,5,b
1,33,73,0,8,not_or
1,34,28,15,1,and
1,35,67,3,11,implied_by
1,36,25,75,9,not_xor
1,37,54,11,6,xor
1,38,79,12,10,not_b
1,39,21,6,3,a
1,40,29,61,8,not_or
1,41,11,66,4,not_implied_by
1,42,60,18,6,xor
1,43,22,84,15,one
1,44,80,28,10,not_b
1,45,82,22,10,not_b
1,46,66,81,2,not_implies
1,47,12,77,10,not_b
1,48,15,77,2,not_implies
1,49,32,9,15,one
1,50,10,14,14,not_and
1,51,2,40,10,not_b
1,52,62,28,15,one
1,53,69,44,4,not_implied_by
1,54,42,59,4,not_implied_by
1,55,89,34,3,a
1,56,49,16,15,one
1,57,67,88,13,implies
1,58,57,60,5,b
1,59,14,13,14,not_and
1,60,3,48,6,xor
1,61,9,35,4,not_implied_by
1,62,18,44,6,xor
1,63,8,9,12,not_a
1,64,73,34,3,a
1,65,42,62,12,not_a
1,66,22,2,11,implied_by
1,67,51,54,3,a
1,68,68,46,2,not_implies
1,69,18,46,10,not_b
1,70,33,65,9,not_xor
1,71,41,26,13,implies
1,72,45,62,13,implies
1,73,80,62,11,implied_by
1,74,72,58,7,or
1,75,47,19,10,not_b
1,76,9,7,14,not_and
1,77,78,6,15,one
1,78,10,51,4,not_implied_by
1,79,75,71,9,not_xor
1,80,12,1,4,not_implied_by
1,81,79,44,11,implied_by
1,82,84,24,4,not_implied_by
1,83,36,32,14,not_and
1,84,88,14,12,not_a
1,85,33,16,5,b
1,86,40,31,11,implied_by
1,87,28,5,12,not_a
1,88,26,47,4,not_implied_by
1,89,51,12,14,not_and
1,90,71,65,15,one
1,91,78,1,4,not_implied_by
1,92,25,44,6,xor
1,93,13,45,10,not_b
1,94,68,38,8,not_or
1,95,16,54,6,xor
1,96,28,76,13,implies
1,97,47,11,0,zero
1,98,71,24,0,zero
1,99,31,67,12,not_a
1,100,21,42,7,or
1,101,65,13,9,not_xor
1,102,65,66,8,not_or
1,103,14,23,2,not_implies
1,104,69,6,6,xor
1,105,50,46,11,implied_by
1,106,46,82,8,not_or
1,107,19,78,5,b
1,108,37,77,9,not_xor
1,109,4,7,3,a
1,110,30,45,7,or
1,111,35,20,6,xor
1,112,64,11,1,and
1,113,65,8,1,and
1,114,76,42,6,xor
1,115,81,5,3,a
1,116,70,89,5,b
1,117,6,18,12,not_a
1,118,32,85,5,b
1,119,24,44,6,xor
1,120,85,1,7,or
1,121,68,60,12,not_a
1,122,9,28,0,zero
1,123,43,86,8,not_or
1,124,17,24,5,b
1,125,16,13,2,not_implies
1,126,1,21,9,not_xor
1,127,53,31,15,one
1,128,89,87,8,not_or
1,129,18,88,10,not_b
1,130,75,58,5,b
1,131,42,3,9,not_xor
1,132,59,82,3,a
1,133,67,49,5,b
1,134,70,80,5,b
1,135,45,35,9,not_xor
1,136,13,39,8,not_or
1,137,80,56,6,xor
1,138,60,65,10,not_b
1,139,60,58,8,not_or
1,140,63,72,5,b
1,141,24,86,10,not_b
1,142,31,60,3,a
1,143,16,51,8,not_or
1,144,27,60,9,not_xor
1,145,45,67,2,not_implies
1,146,38,64,3,a
1,147,40,24,3,a
1,148,43,21,5,b
1,149,85,9,11,implied_by
1,150,77,88,12,not_a
1,151,65,68,10,not_b
1,152,8,6,13,implies
1,153,38,85,11,implied_by
1,154,69,69,10,not_b
1,155,53,63,2,not_implies
1,156,85,54,8,not_or
1,157,7,35,8,not_or
1,158,81,26,8,not_or
1,159,29,76,13,implies
1,160,89,30,1,and
1,161,12,66,9,not_xor
1,162,10,74,13,implies
1,163,53,24,4,not_implied_by
1,164,60,26,2,not_implies
1,165,80,3,0,zero
1,166,37,40,4,not_implied_by
1,167,42,5,9,not_xor
1,168,14,33,11,implied_by
1,169,49,41,7,or
1,170,48,58,3,a
1,171,52,62,9,not_xor
1,172,3,5,1,and
1,173,78,16,0,zero
1,174,81,50,6,xor
1,175,49,61,4,not_implied_by
1,176,74,50,15,one
1,177,23,62,3,a
1,178,39,78,4,not_implied_by
1,179,13,12,8,not_or
1,180,11,21,5,b
1,181,87,46,4,not_implied_by
1,182,46,57,5,b
1,183,47,35,11,implied_by
1,184,34,43,1,and
1,185,2,69,9,not_xor
1,186,69,35,10,not_b
1,187,85,41,15,one
1,188,15,40,3,a
1,189,75,12,15,one
1,190,52,85,7,or
1,191,32,25,14,not_and
1,192,83,9,2,not_implies
1,193,30,50,6,xor
1,194,29,24,7,or
1,195,22,59,11,implied_by
1,196,29,18,9,not_xor
1,197,49,57,6,xor
1,198,27,35,5,b
1,199,43,51,3,a
1,200,85,65,11,implied_by
1,201,4,49,12,not_a
1,202,81,70,3,a
1,203,40,86,3,a
1,204,40,68,12,not_a
1,205,15,25,13,implies
1,206,69,32,11,implied_by
1,207,29,75,6,xor
1,208,32,52,1,and
1,209,3,8,7,or
1,210,66,22,8,not_or
1,211,45,4,1,and
1,212,83,39,10,not_b
1,213,62,15,0,zero
1,214,31,50,14,not_and
1,215,48,72,0,zero
1,216,33,79,10,not_b
1,217,9,26,8,not_or
1,218,35,59,6,xor
1,219,87,36,10,not_b
1,220,24,82,3,a
1,221,51,70,12,not_a
1,222,63,70,3,a
1,223,33,58,1,and
1,224,39,7,7,or
1,225,54,56,4,not_implied_by
1,226,0,21,0,zero
1,227,25,79,3,a
1,228,76,70,10,not_b
1,229,59,34,11,implied_by
1,230,58,87,10,not_b
1,231,52,51,13,implies
1,232,58,37,1,and
1,233,89,85,9,not_xor
1,234,71,1,6,xor
1,235,66,81,5,b
1,236,3,13,3,a
1,237,6,31,14,not_and
1,238,56,24,7,or
1,239,34,77,7,or
1,240,76,60,6,xor
1,241,49,75,8,not_or
1,242,59,68,9,not_xor
1,243,10,6,2,not_implies
1,244,75,9,14,not_and
1,245,52,0,5,b
1,246,54,45,12,not_a
1,247,58,61,11,implied_by
1,248,13,51,13,implies
1,249,13,43,5,b
1,250,40,22,3,a
1,251,52,45,2,not_implies
1,252,47,70,8,not_or
1,253,34,76,8,not_or
1,254,27,21,4,not_implied_by
1,255,6,18,4,not_implied_by
1,256,69,39,1,and
1,257,84,84,10,not_b
1,258,47,32,6,xor
1,259,89,71,9,not_xor
1,260,5,19,8,not_or
1,261,35,73,13,implies
1,262,64,11,9,not_xor
1,263,25,66,3,a
1,264,36,7,8,not_or
1,265,68,31,6,xor
1,266,64,21,12,not_a
1,267,12,87,7,or
1,268,89,3,4,not_implied_by
1,269,22,35,4,not_implied_by
1,270,81,13,3,a
1,271,26,45,5,b
1,272,2,21,13,implies
1,273,83,52,2,not_implies
1,274,88,9,10,not_b
1,275,61,76,7,or
1,276,29,39,10,not_b
1,277,14,8,9,not_xor
1,278,52,51,10,not_b
1,279,0,37,0,zero
1,280,76,17,2,not_implies
1,281,49,13,11,implied_by
1,282,45,60,8,not_or
1,283,15,24,0,zero
1,284,30,38,10,not_b
1,285,66,17,10,not_b
1,286,49,15,7,or
1,287,89,54,0,zero
1,288,52,57,11,implied_by
1,289,30,9,0,zero
1,290,23,44,2,not_implies
1,291,84,79,0,zero
1,292,14,52,6,xor
1,293,79,38,10,not_b
1,294,89,37,12,not_a
1,295,8,40,5,b
1,296,38,89,9,not_xor
1,297,43,89,10,not_b
1,298,71,89,5,b
1,299,24,19,10,not_b
1,300,75,5,7,or
1,301,10,36,2,not_implies
1,302,64,59,10,not_b
1,303,72,52,3,a
1,304,46,34,12,not_a
1,305,62,35,2,not_implies
1,306,45,60,3,a
1,307,22,26,7,or
1,308,6,42,11,implied_by
1,309,8,44,1,and
1,310,68,23,10,not_b
1,311,53,86,4,not_implied_by
1,312,60,4,0,zero
1,313,39,42,8,not_or
1,314,3,18,15,one
1,315,72,48,8,not_or
1,316,52,53,4,not_implied_by
1,317,80,20,10,not_b
1,318,0,30,14,not_and
1,319,50,33,14,not_and
1,320,79,15,6,xor
1,321,24,73,9,not_xor
1,322,24,36,13,implies
1,323,50,27,6,xor
1,324,27,32,8,not_or
1,325,9,20,11,implied_by
1,326,21,14,10,not_b
1,327,0,60,9,not_xor
1,328,87,19,8,not_or
1,329,15,73,1,and
1,330,65,59,5,b
1,331,84,28,13,implies
1,332,34,25,6,xor
1,333,14,65,14,not_and
1,334,37,46,3,a
1,335,86,21,11,implied_by
1,336,84,85,6,xor
1,337,71,13,12,not_a
1,338,26,84,6,xor
1,339,47,22,4,not_implied_by
1,340,22,81,7,or
1,341,56,85,14,not_and
1,342,68,76,5,b
1,343,67,23,11,implied_by
1,344,44,45,3,a
1,345,55,12,6,xor
1,346,44,85,9,not_xor
1,347,35,38,6,xor
1,348,68,49,15,one
1,349,88,67,14,not_and
1,350,27,73,3,a
1,351,40,33,3,a
1,352,38,38,15,one
1,353,61,34,2,not_implies
1,354,12,44,12,not_a
1,355,86,78,3,a
1,356,17,13,1,and
1,357,33,71,11,implied_by
1,358,72,89,0,zero
1,359,0,23,12,not_a
1,360,72,12,6,xor
1,361,88,73,14,not_and
1,362,4,76,7,or
1,363,18,10,13,implies
1,364,14,73,0,zero
1,365,45,83,11,implied_by
1,366,78,69,9,not_xor
1,367,25,46,10,not_b
1,368,35,49,15,one
1,369,58,26,6,xor
1,370,54,63,1,and
1,371,65,0,2,not_implies
1,372,38,65,15,one
1,373,74,63,3,a
1,374,41,29,10,not_b
1,375,25,11,12,not_a
1,376,56,46,12,not_a
1,377,64,33,7,or
1,378,29,13,13,implies
1,379,10,58,2,not_implies
1,380,42,22,8,not_or
1,381,88,34,11,implied_by
1,382,33,76,7,or
1,383,27,45,11,implied_by
1,384,19,31,1,and
1,385,59,9,11,implied_by
1,386,58,32,1,and
1,387,36,53,3,a
1,388,3,85,2,not_implies
1,389,25,20,5,b
1,390,8,6,6,xor
1,391,40,19,2,not_implies
1,392,74,89,1,and
1,393,38,61,1,and
1,394,81,25,11,implied_by
1,395,5,66,1,and
1,396,84,84,3,a
1,397,81,36,8,not_or
1,398,45,63,9,not_xor
1,399,3,74,8,not_or
1,400,48,59,6,xor
1,401,51,16,11,implied_by
1,402,75,68,2,not_implies
1,403,5,80,9,not_xor
1,404,84,30,11,implied_by
1,405,6,54,9,not_xor
1,406,11,12,12,not_a
1,407,67,48,7,or
1,408,40,81,13,implies
1,409,60,5,8,not_or
1,410,18,10,9,not_xor
1,411,2,77,6,xor
1,412,74,78,8,not_or
1,413,89,76,6,xor
1,414,4,88,12,not_a
1,415,29,55,4,not_implied_by
1,416,32,20,9,not_xor
1,417,33,72,8,not_or
1,418,47,12,12,not_a
1,419,17,89,11,implied_by
1,420,12,33,15,one
1,421,45,15,14,not_and
1,422,1,49,11,implied_by
1,423,70,37,10,not_b
1,424,62,22,6,xor
1,425,80,9,5,b
1,426,32,38,6,xor
1,427,72,40,12,not_a
1,428,64,76,4,not_implied_by
1,429,9,53,0,zero
1,430,0,74,9,not_xor
1,431,73,17,7,or
1,432,42,35,12,not_a
1,433,66,31,14,not_and
1,434,66,79,10,not_b
1,435,55,60,13,implies
1,436,70,88,14,not_and
1,437,84,43,5,b
1,438,85,46,3,a
1,439,55,4,9,not_xor
1,440,0,78,6,xor
1,441,30,76,12,not_a
1,442,50,32,10,not_b
1,443,47,36,11,implied_by
1,444,7,67,5,b
1,445,65,43,13,implies
1,446,15,34,5,b
1,447,69,81,11,implied_by
1,448,48,14,6,xor
1,449,79,43,9,not_xor
1,450,63,25,5,b
1,451,23,71,3,a
1,452,83,88,2,not_implies
1,453,6,78,4,not_implied_by
1,454,50,18,14,not_and
1,455,9,34,2,not_implies
1,456,8,66,6,xor
1,457,3,53,11,implied_by
1,458,74,52,6,xor
1,459,78,53,9,not_xor
1,460,67,22,11,implied_by
1,461,80,43,5,b
1,462,25,0,14,not_and
1,463,52,25,9,not_xor
1,464,72,63,3,a
1,465,45,55,3,a
1,466,5,47,9,not_xor
1,467,80,36,9,not_xor
1,468,10,67,9,not_xor
1,469,16,17,9,not_xor
1,470,36,73,7,or
1,471,19,86,5,b
1,472,36,18,14,not_and
1,473,35,75,0,zero
1,474,55,33,3,a
1,475,26,55,14,not_and
1,476,57,23,5,b
1,477,86,55,15,one
1,478,10,44,8,not_or
1,479,7,11,4,not_implied_by
1,480,29,17,5,b
1,481,10,66,9,not_xor
1,482,19,1,2,not_implies
1,483,17,6,12,not_a
1,484,14,80,1,and
1,485,80,36,4,not_implied_by
1,486,41,25,3,a
1,487,33,50,9,not_xor
1,488,53,59,6,xor
1,489,57,33,2,not_implies
1,490,19,86,5,b
1,491,83,10,11,implied_by
1,492,45,68,3,a
1,493,1,53,7,or
1,494,44,57,14,not_and
1,495,47,83,3,a
1,496,43,86,8,not_or
1,497,73,1,8,not_or
1,498,6,75,1,and
1,499,54,79,3,a
1,500,31,27,4,not_implied_by
1,501,43,32,4,not_implied_by
1,502,23,43,14,not_and
1,503,7,8,0,zero
1,504,42,39,5,b
1,505,22,25,11,implied_by
1,506,76,20,12,not_a
1,507,5,7,10,not_b
1,508,19,65,11,implied_by
1,509,27,22,10,not_b
1,510,55,30,1,and
1,511,58,35,10,not_b
1,512,0,26,3,a
1,513,39,67,6,xor
1,514,62,8,0,zero
1,515,45,62,13,implies
1,516,46,41,6,xor
1,517,15,77,13,implies
1,518,33,24,9,not_xor
1,519,65,27,14,not_and
1,520,18,5,6,xor
1,521,59,44,5,b
1,522,74,81,14,not_and
1,523,74,80,9,not_xor
1,524,15,39,1,and
1,525,73,72,0,zero
1,526,7,83,10,not_b
1,527,14,36,5,b
1,528,50,7,3,a
1,529,26,14,5,b
1,530,42,29,14,not_and
1,531,31,67,13,implies
1,532,55,76,2,not_implies
1,533,55,19,13,implies
1,534,85,37,6,xor
1,535,74,47,4,not_implied_by
1,536,39,6,12,not_a
1,537,33,71,3,a
1,538,28,33,2,not_implies
1,539,24,12,6,xor
1,540,30,64,14,not_and
1,541,37,3,1,and
1,542,48,68,8,not_or
1,543,40,19,3,a
1,544,76,6,3,a
1,545,30,28,14,not_and
1,546,42,25,2,not_implies
1,547,67,22,5,b
1,548,57,46,11,implied_by
1,549,19,56,7,or
1,550,11,46,1,and
1,551,64,52,0,zero
1,552,26,32,9,not_xor
1,553,82,79,5,b
1,554,2,69,6,xor
1,555,4,26,2,not_implies
1,556,12,64,14,not_and
1,557,50,62,13,implies
1,558,33,2,6,xor
1,559,10,9,15,one
1,560,76,2,8,not_or
1,561,10,39,7,or
1,562,31,74,7,or
1,563,45,80,3,a
1,564,5,68,12,not_a
1,565,6,44,8,not_or
1,566,59,49,5,b
1,567,39,68,3,a
1,568,7,72,14,not_and
1,569,81,28,8,not_or
1,570,41,28,2,not_implies
1,571,46,74,10,not_b
1,572,69,87,15,one
1,573,23,39,10,not_b
1,574,83,39,6,xor
1,575,14,8,5,b
1,576,55,45,10,not_b
1,577,60,25,5,b
1,578,24,23,14,not_and
1,579,18,86,11,implied_by
1,580,61,38,9,not_xor
1,581,72,63,2,not_implies
1,582,73,23,10,not_b
1,583,60,71,14,not_and
1,584,89,21,14,not_and
1,585,89,71,4,not_implied_by
1,586,26,89,15,one
1,587,14,88,9,not_xor
1,588,74,83,9,not_xor
1,589,2,13,2,not_implies
1,590,61,32,4,not_implied_by
1,591,46,49,6,xor
1,592,41,36,3,a
1,593,73,40,7,or
1,594,71,29,11,implied_by
1,595,30,72,9,not_xor
1,596,61,10,14,not_and
1,597,71,4,7,or
1,598,12,43,0,zero
1,599,60,77,6,xor
1,600,63,75,14,not_and
1,601,83,70,12,not_a
1,602,34,87,6,xor
1,603,15,19,3,a
1,604,32,56,0,zero
1,605,32,72,10,not_b
1,606,38,27,14,not_and
1,607,84,43,5,b
1,608,62,61,10,not_b
1,609,62,9,15,one
1,610,77,74,9,not_xor
1,611,35,60,4,not_implied_by
1,612,62,50,5,b
1,613,58,52,7,or
1,614,66,88,14,not_and
1,615,46,9,6,xor
1,616,73,81,5,b
1,617,25,67,0,zero
1,618,18,41,11,implied_by
1,619,47,83,2,not_implies
1,620,17,9,13,implies
1,621,49,19,11,implied_by
1,622,28,32,5,b
1,623,4,11,0,zero
1,624,54,50,13,implies
1,625,16,79,14,not_and
1,626,12,84,15,one
1,627,33,53,1,and
1,628,24,59,8,not_or
1,629,17,16,14,not_and
1,630,68,11,15,one
1,631,32,5,1,and
1,632,86,81,12,not_a
1,633,80,10,9,not_xor
1,634,18,8,6,xor
1,635,24,25,12,not_a
1,636,37,19,8,not_or
1,637,30,6,1,and
1,638,9,46,13,implies
1,639,4,69,7,or
1,640,57,85,10,not_b
1,641,3,79,3,a
1,642,88,63,3,a
1,643,48,59,14,not_and
1,644,13,14,8,not_or
1,645,10,7,9,not_xor
1,646,41,40,7,or
1,647,87,6,7,or
1,648,50,84,4,not_implied_by
1,649,55,60,8,not_or
1,650,65,62,3,a
1,651,67,60,3,a
1,652,2,88,9,not_xor
1,653,39,23,12,not_a
1,654,2,12,12,not_a
1,655,56,73,9,not_xor
1,656,81,79,13,implies
1,657,17,48,12,not_a
1,658,77,70,8,not_or
1,659,88,49,10,not_b
1,660,26,21,1,and
1,661,12,53,6,xor
1,662,73,27,14,not_and
1,663,0,75,13,implies
1,664,67,40,7,or
1,665,43,69,3,a
1,666,12,30,4,not_implied_by
1,667,46,35,2,not_implies
1,668,49,76,8,not_or
1,669,29,12,6,xor
1,670,86,24,14,not_and
1,671,47,64,8,not_or
1,672,32,61,11,implied_by
1,673,70,23,6,xor
1,674,50,53,1,and
1,675,17,1,6,xor
1,676,10,6,4,not_implied_by
1,677,5,8,6,xor
1,678,82,47,12,not_a
1,679,1,47,1,and
1,680,47,2,5,b
1,681,39,37,6,xor
1,682,58,81,8,not_or
1,683,59,81,3,a
1,684,39,79,9,not_xor
1,685,53,40,5,b
1,686,25,85,10,not_b
1,687,56,55,15,one
1,688,1,26,6,xor
1,689,70,86,14,not_and
1,690,33,43,2,not_implies
1,691,43,41,10,not_b
1,692,40,53,1,and
1,693,72,88,9,not_xor
1,694,49,52,12,not_a
1,695,36,40,5,b
1,696,65,51,13,implies
1,697,56,77,2,not_implies
1,698,59,11,6,xor
1,699,62,48,11,implied_by
1,700,24,77,6,xor
1,701,9,26,3,a
1,702,34,62,1,and
1,703,7,2,7,or
1,704,71,65,11,implied_by
1,705,80,85,9,not_xor
1,706,68,86,5,b
1,707,22,18,6,xor
1,708,62,59,11,implied_by
1,709,0,13,7,or
1,710,69,25,2,not_implies
1,711,45,69,4,not_implied_by
1,712,54,52,1,and
1,713,56,83,9,not_xor
1,714,60,32,13,implies
1,715,87,10,4,not_implied_by
1,716,68,10,2,not_implies
1,717,0,60,12,not_a
1,718,83,12,1,and
1,719,56,65,14,not_and
1,720,51,63,6,xor
1,721,57,81,12,not_a
1,722,24,13,5,b
1,723,26,5,7,or
1,724,10,52,12,not_a
1,725,32,79,9,not_xor
1,726,79,80,6,xor
1,727,28,21,5,b
1,728,42,7,13,implies
1,729,77,16,14,not_and
1,730,35,12,13,implies
1,731,25,4,0,zero
1,732,82,69,12,not_a
1,733,40,89,10,not_b
1,734,48,30,4,not_implied_by
1,735,80,56,1,and
1,736,16,84,8,not_or
1,737,26,36,6,xor
1,738,78,55,9,not_xor
1,739,19,34,3,a
1,740,70,22,12,not_a
1,741,86,74,9,not_xor
1,742,33,29,9,not_xor
1,743,48,73,11,implied_by
1,744,73,10,2,not_implies
1,745,76,18,8,not_or
1,746,32,4,6,xor
1,747,52,36,7,or
1,748,54,47,7,or
1,749,61,42,11,implied_by
1,750,31,40,5,b
1,751,47,46,0,zero
1,752,67,10,9,not_xor
1,753,15,57,13,implies
1,754,10,78,6,xor
1,755,31,3,11,implied_by
1,756,6,49,9,not_xor
1,757,60,44,4,not_implied_by
1,758,28,25,13,implies
1,759,10,41,11,implied_by
1,760,12,70,0,zero
1,761,71,5,2,not_implies
1,762,34,13,2,not_implies
1,763,2,23,4,not_implied_by
1,764,3,17,5,b
1,765,64,66,12,not_a
1,766,19,28,3,a
1,767,86,26,3,a
1,768,43,65,3,a
1,769,13,46,11,implied_by
1,770,42,45,6,xor
1,771,85,54,2,not_implies
1,772,16,5,10,not_b
1,773,39,86,0,zero
1,774,71,12,2,not_implies
1,775,31,19,10,not_b
1,776,46,89,8,not_or
1,777,2,32,0,zero
1,778,23,28,2,not_implies
1,779,18,30,2,not_implies
1,780,9,43,8,not_or
1,781,7,85,14,not_and
1,782,3,61,13,implies
1,783,76,54,12,not_a
1,784,21,41,5,b
1,785,89,46,1,and
1,786,31,43,10,not_b
1,787,12,88,2,not_implies
1,788,51,60,5,b
1,789,84,17,8,not_or
1,790,75,39,10,not_b
1,791,2,89,11,implied_by
1,792,25,53,9,not_xor
1,793,81,1,9,not_xor
1,794,11,0,9,not_xor
1,795,28,87,10,not_b
1,796,66,41,9,not_xor
1,797,16,4,7,or
1,798,20,35,0,zero
1,799,53,25,9,not_xor
1,800,47,46,9,not_xor
1,801,11,54,7,or
1,802,74,80,10,not_b
1,803,22,36,7,or
1,804,8,52,11,implied_by
1,805,22,21,9,not_xor
1,806,56,12,3,a
1,807,29,3,14,not_and
1,808,66,63,12,not_a
1,809,67,9,9,not_xor
1,810,63,2,7,or
1,811,27,30,15,one
1,812,30,18,0,zero
1,813,71,65,12,not_a
1,814,14,86,9,not_xor
1,815,49,26,15,one
1,816,72,32,9,not_xor
1,817,15,74,14,not_and
1,818,49,6,4,not_implied_by
1,819,40,76,9,not_xor
1,820,28,82,1,and
1,821,45,42,3,a
1,822,88,74,13,implies
1,823,55,1,12,not_a
1,824,71,74,5,b
1,825,46,15,4,not_implied_by
1,826,72,78,6,xor
1,827,82,78,9,not_xor
1,828,60,58,7,or
1,829,11,61,7,or
1,830,76,84,12,not_a
1,831,81,29,14,not_and
1,832,71,38,8,not_or
1,833,43,35,3,a
1,834,40,77,9,not_xor
1,835,89,69,5,b
1,836,29,9,11,implied_by
1,837,48,23,9,not_xor
1,838,24,34,9,not_xor
1,839,83,7,12,not_a
1,840,58,42,7,or
1,841,58,17,10,not_b
1,842,17,15,7,or
1,843,22,64,13,implies
1,844,68,22,10,not_b
1,845,40,53,1,and
1,846,69,21,1,and
1,847,50,59,6,xor
1,848,22,83,4,not_implied_by
1,849,55,4,14,not_and
1,850,2,81,3,a
1,851,88,84,9,not_xor
1,852,75,75,14,not_and
1,853,49,88,13,implies
1,854,54,64,12,not_a
1,855,9,6,2,not_implies
1,856,86,66,11,implied_by
1,857,66,1,7,or
1,858,48,36,13,implies
1,859,60,88,4,not_implied_by
1,860,10,2,15,one
1,861,60,67,3,a
1,862,31,76,8,not_or
1,863,67,23,6,xor
1,864,5,62,3,a
1,865,14,27,15,one
1,866,84,60,14,not_and
1,867,81,20,3,a
1,868,43,67,13,implies
1,869,22,58,2,not_implies
1,870,31,39,10,not_b
1,871,44,15,10,not_b
1,872,13,58,11,implied_by
1,873,70,37,8,not_or
1,874,5,34,10,not_b
1,875,52,52,10,not_b
1,876,11,1,1,and
1,877,60,27,13,implies
1,878,6,12,13,implies
1,879,34,33,7,or
1,880,61,35,14,not_and
1,881,82,36,11,implied_by
1,882,77,87,12,not_a
1,883,87,59,0,zero
1,884,8,25,13,implies
1,885,34,64,2,not_implies
1,886,61,8,4,not_implied_by
1,887,53,77,13,implies
1,888,85,12,12,not_a
1,889,43,81,4,not_implied_by
1,890,46,43,6,xor
1,891,16,86,4,not_implied_by
1,892,29,35,1,and
1,893,68,33,13,implies
1,894,71,1,13,implies
1,895,19,81,8,not_or
1,896,56,75,12,not_a
1,897,40,77,7,or
1,898,82,42,7,or
1,899,10,23,8,not_or
1,900,65,6,1,and
1,901,15,1,4,not_implied_by
1,902,63,49,10,not_b
1,903,25,39,9,not_xor
1,904,25,73,11,implied_by
1,905,71,32,12,not_a
1,906,53,37,7,or
1,907,66,37,0,zero
1,908,88,55,8,not_or
1,909,74,13,10,not_b
1,910,61,8,8,not_or
1,911,75,31,13,implies
1,912,86,41,2,not_implies
1,913,38,15,5,b
1,914,5,68,2,not_implies
1,915,56,26,6,xor
1,916,89,24,6,xor
1,917,72,61,0,zero
1,918,70,79,3,a
1,919,37,51,14,not_and
1,920,18,6,9,not_xor
1,921,82,60,0,zero
1,922,13,58,14,not_and
1,923,44,75,3,a
1,924,81,69,9,not_xor
1,925,67,61,10,not_b
1,926,14,89,6,xor
1,927,49,48,12,not_a
1,928,43,34,3,a
1,929,7,22,4,not_implied_by
1,930,57,81,1,and
1,931,26,22,5,b
1,932,2,57,11,implied_by
1,933,28,10,9,not_xor
1,934,14,20,4,not_implied_by
1,935,59,52,6,xor
1,936,85,55,11,implied_by
1,937,55,68,8,not_or
1,938,39,4,7,or
1,939,28,22,6,xor
1,940,31,89,2,not_implies
1,941,10,7,10,not_b
1,942,32,80,8,not_or
1,943,9,76,13,implies
1,944,22,72,7,or
1,945,7,32,11,implied_by
1,946,31,18,4,not_implied_by
1,947,79,8,11,implied_by
1,948,85,50,10,not_b
1,949,75,51,13,implies
1,950,76,54,4,not_implied_by
1,951,40,7,3,a
1,952,73,58,8,not_or
1,953,24,36,2,not_implies
1,954,86,84,4,not_implied_by
1,955,57,47,2,not_implies
1,956,73,57,12,not_a
1,957,58,11,9,not_xor
1,958,53,0,6,xor
1,959,9,55,4,not_implied_by
1,960,78,25,4,not_implied_by
1,961,29,31,9,not_xor
1,962,12,55,2,not_implies
1,963,84,24,7,or
1,964,20,66,12,not_a
1,965,21,50,12,not_a
1,966,31,1,14,not_and
1,967,49,5,6,xor
1,968,46,29,10,not_b
1,969,44,0,7,or
1,970,7,45,6,xor
1,971,43,86,9,not_xor
1,972,15,5,12,not_a
1,973,77,43,7,or
1,974,41,56,6,xor
1,975,70,76,11,implied_by
1,976,48,61,8,not_or
1,977,58,67,1,and
1,978,34,9,14,not_and
1,979,11,31,14,not_and
1,980,89,33,12,not_a
1,981,85,24,12,not_a
1,982,15,41,9,not_xor
1,983,38,41,5,b
1,984,11,45,13,implies
1,985,60,57,8,not_or
1,986,82,60,7,or
1,987,51,82,2,not_implies
1,988,66,86,1,and
1,989,62,41,6,xor
1,990,22,53,4,not_implied_by
1,991,16,73,7,or
1,992,8,48,2,not_implies
1,993,23,28,13,implies
1,994,50,42,13,implies
1,995,49,76,15,one
1,996,54,0,5,b
1,997,63,68,2,not_implies
1,998,62,83,15,one
1,999,87,47,2,not_implies
1,1000,54,23,9,not_xor
1,1001,64,47,8,not_or
1,1002,53,64,6,xor
1,1003,73,10,11,implied_by
1,1004,48,76,5,b
1,1005,10,0,9,not_xor
1,1006,67,63,2,not_implies
1,1007,13,23,6,xor
1,1008,62,1,12,not_a
1,1009,75,8,8,not_or
1,1010,84,32,13,implies
1,1011,87,3,4,not_implied_by
1,1012,2,69,6,xor
1,1013,87,42,5,b
1,1014,50,21,8,not_or
1,1015,19,3,14,not_and
1,1016,9,59,1,and
1,1017,18,6,7,or
1,1018,0,65,3,a
1,1019,12,17,5,b
1,1020,36,37,2,not_implies
1,1021,65,89,15,one
1,1022,38,83,9,not_xor
1,1023,32,75,13,implies
1,1024,27,53,9,not_xor
1,1025,44,14,1,and
1,1026,27,45,11,implied_by
1,1027,22,85,12,not_a
1,1028,16,14,3,a
1,1029,16,57,11,implied_by
1,1030,34,5,6,xor
1,1031,61,33,12,not_a
1,1032,67,59,14,not_and
1,1033,86,32,13,implies
1,1034,54,9,9,not_xor
1,1035,41,13,7,or
1,1036,75,51,3,a
1,1037,82,18,8,not_or
1,1038,26,48,14,not_and
1,1039,46,0,7,or
1,1040,69,60,6,xor
1,1041,51,75,9,not_xor
1,1042,5,30,13,implies
1,1043,14,82,2,not_implies
1,1044,29,67,3,a
1,1045,48,24,10,not_b
1,1046,68,84,14,not_and
1,1047,50,18,2,not_implies
1,1048,16,70,4,not_implied_by
1,1049,1,13,4,not_implied_by
1,1050,8,76,10,not_b
1,1051,56,24,10,not_b
1,1052,48,74,3,a
1,1053,64,41,10,not_b
1,1054,57,10,8,not_or
1,1055,39,47,11,implied_by
1,1056,81,82,4,not_implied_by
1,1057,70,53,8,not_or
1,1058,25,25,3,a
1,1059,21,42,14,not_and
1,1060,31,19,15,one
1,1061,76,40,4,not_implied_by
1,1062,75,11,0,zero
1,1063,78,64,6,xor
1,1064,25,85,9,not_xor
1,1065,59,57,0,zero
1,1066,75,39,11,implied_by
1,1067,12,41,9,not_xor
1,1068,68,37,5,b
1,1069,70,13,0,zero
1,1070,76,80,3,a
1,1071,87,57,2,not_implies
1,1072,82,2,13,implies
1,1073,11,15,13,implies
1,1074,25,4,14,not_and
1,1075,42,10,2,not_implies
1,1076,11,0,6,xor
1,1077,35,74,13,implies
1,1078,35,40,3,a
1,1079,46,55,2,not_implies
1,1080,40,20,13,implies
1,1081,0,51,2,not_implies
1,1082,15,15,5,b
1,1083,22,13,3,a
1,1084,41,41,5,b
1,1085,37,65,7,or
1,1086,52,39,11,implied_by
1,1087,7,71,5,b
1,1088,52,70,11,implied_by
1,1089,42,11,6,xor
1,1090,50,57,11,implied_by
1,1091,20,66,8,not_or
1,1092,53,1,11,implied_by
1,1093,6,64,8,not_or
1,1094,49,35,15,one
1,1095,76,86,5,b
1,1096,45,19,3,a
1,1097,36,74,2,not_implies
1,1098,86,64,7,or
1,1099,0,75,2,not_implies
1,1100,59,15,12,not_a
1,1101,21,50,12,not_a
1,1102,21,66,6,xor
1,1103,74,17,9,not_xor
1,1104,27,12,0,zero
1,1105,53,89,12,not_a
1,1106,25,2,12,not_a
1,1107,71,81,2,not_implies
1,1108,9,18,6,xor
1,1109,24,14,1,and
1,1110,54,57,5,b
1,1111,12,63,6,xor
1,1112,20,75,5,b
1,1113,31,77,9,not_xor
1,1114,78,39,6,xor
1,1115,89,41,10,not_b
1,1116,31,88,4,not_implied_by
1,1117,22,61,12,not_a
1,1118,21,4,13,implies
1,1119,12,84,2,not_implies
1,1120,46,19,12,not_a
1,1121,8,68,8,not_or
1,1122,75,83,6,xor
1,1123,0,15,10,not_b
1,1124,15,52,3,a
1,1125,5,59,6,xor
1,1126,80,44,7,or
1,1127,88,71,6,xor
1,1128,53,26,14,not_and
1,1129,43,9,3,a
1,1130,68,49,11,implied_by
1,1131,14,12,13,implies
1,1132,13,29,10,not_b
1,1133,33,88,9,not_xor
1,1134,75,60,6,xor
1,1135,31,35,10,not_b
1,1136,9,10,10,not_b
1,1137,26,55,4,not_implied_by
1,1138,60,71,1,and
1,1139,35,48,3,a
1,1140,57,77,6,xor
1,1141,28,59,6,xor
1,1142,85,63,8,not_or
1,1143,27,44,7,or
1,1144,12,74,9,not_xor
1,1145,15,6,2,not_implies
1,1146,40,59,8,not_or
1,1147,68,0,9,not_xor
1,1148,27,43,11,implied_by
1,1149,31,48,3,a
1,1150,27,77,5,b
1,1151,86,77,7,or
1,1152,71,46,3,a
1,1153,85,1,12,not_a
1,1154,53,67,9,not_xor
1,1155,80,73,9,not_xor
1,1156,57,56,2,not_implies
1,1157,12,66,11,implied_by
1,1158,27,28,5,b
1,1159,36,7,7,or
1,1160,72,5,12,not_a
1,1161,60,6,6,xor
1,1162,47,24,9,not_xor
1,1163,78,39,6,xor
1,1164,48,64,14,not_and
1,1165,19,88,8,not_or
1,1166,58,72,7,or
1,1167,24,73,11,implied_by
1,1168,15,42,8,not_or
1,1169,23,9,8,not_or
1,1170,20,68,14,not_and
1,1171,83,34,7,or
1,1172,14,79,7,or
1,1173,62,57,11,implied_by
1,1174,14,0,9,not_xor
1,1175,9,35,14,not_and
1,1176,40,51,0,zero
1,1177,22,75,12,not_a
1,1178,82,43,9,not_xor
1,1179,76,76,3,a
1,1180,29,3,2,not_implies
1,1181,41,23,5,b
1,1182,66,61,8,not_or
1,1183,70,74,0,zero
1,1184,51,47,11,implied_by
1,1185,76,67,2,not_implies
1,1186,32,80,2,not_implies
1,1187,30,82,5,b
1,1188,61,2,15,one
1,1189,40,39,6,xor
1,1190,89,73,7,or
1,1191,66,87,0,zero
1,1192,74,86,10,not_b
1,1193,57,0,9,not_xor
1,1194,49,10,6,xor
1,1195,66,55,6,xor
1,1196,68,50,7,or
1,1197,53,52,15,one
1,1198,84,73,5,b
1,1199,8,26,11,implied_by
1,1200,8,2,0,zero
1,1201,64,23,10,not_b
1,1202,49,50,3,a
1,1203,47,41,4,not_implied_by
1,1204,50,42,5,b
1,1205,7,29,7,or
1,1206,21,47,5,b
1,1207,2,74,6,xor
1,1208,75,68,12,not_a
1,1209,27,43,6,xor
1,1210,25,2,10,not_b
1,1211,11,82,10,not_b
1,1212,70,68,0,zero
1,1213,77,0,6,xor
1,1214,41,30,12,not_a
1,1215,14,45,10,not_b
1,1216,7,86,0,zero
1,1217,19,40,10,not_b
1,1218,53,76,5,b
1,1219,21,9,12,not_a
1,1220,49,14,0,zero
1,1221,69,84,3,a
1,1222,47,11,12,not_a
1,1223,73,73,1,and
1,1224,7,18,4,not_implied_by
1,1225,32,54,12,not_a
1,1226,37,56,6,xor
1,1227,20,26,9,not_xor
1,1228,28,32,2,not_implies
1,1229,56,2,4,not_implied_by
1,1230,28,58,2,not_implies
1,1231,80,43,8,not_or
1,1232,81,61,13,implies
1,1233,32,66,2,not_implies
1,1234,60,38,7,or
1,1235,15,53,11,implied_by
1,1236,59,38,10,not_b
1,1237,85,17,2,not_implies
1,1238,12,17,7,or
1,1239,83,84,3,a
1,1240,58,51,5,b
1,1241,45,0,14,not_and
1,1242,24,44,3,a
1,1243,82,50,15,one
1,1244,26,86,11,implied_by
1,1245,25,29,13,implies
1,1246,17,65,11,implied_by
1,1247,2,77,1,and
1,1248,0,68,3,a
1,1249,56,5,1,and
1,1250,16,20,8,not_or
1,1251,0,76,8,not_or
1,1252,47,19,6,xor
1,1253,9,6,8,not_or
1,1254,20,11,12,not_a
1,1255,62,40,3,a
1,1256,22,21,8,not_or
1,1257,31,29,0,zero
1,1258,33,56,3,a
1,1259,54,79,6,xor
1,1260,2,56,13,implies
1,1261,48,25,13,implies
1,1262,61,5,8,not_or
1,1263,7,13,8,not_or
1,1264,49,85,0,zero
1,1265,56,82,3,a
1,1266,52,51,4,not_implied_by
1,1267,37,54,7,or
1,1268,17,1,8,not_or
1,1269,70,1,14,not_and
1,1270,74,28,3,a
1,1271,68,52,6,xor
1,1272,81,3,3,a
1,1273,85,33,3,a
1,1274,19,17,2,not_implies
1,1275,51,68,8,not_or
1,1276,29,50,0,zero
1,1277,46,72,5,b
1,1278,22,47,7,or
1,1279,69,82,2,not_implies
1,1280,86,6,12,not_a
1,1281,35,57,9,not_xor
1,1282,69,66,12,not_a
1,1283,25,19,4,not_implied_by
1,1284,16,78,7,or
1,1285,16,29,12,not_a
1,1286,79,85,15,one
1,1287,61,37,0,zero
1,1288,81,77,6,xor
1,1289,31,53,11,implied_by
1,1290,17,35,3,a
1,1291,83,27,7,or
1,1292,6,86,14,not_and
1,1293,52,81,6,xor
1,1294,3,48,1,and
1,1295,1,59,9,not_xor
1,1296,39,62,6,xor
1,1297,85,21,8,not_or
1,1298,24,48,13,implies
1,1299,51,20,4,not_implied_by
1,1300,69,61,5,b
1,1301,67,26,11,implied_by
1,1302,63,80,12,not_a
1,1303,31,52,5,b
1,1304,60,77,11,implied_by
1,1305,40,79,8,not_or
1,1306,21,71,3,a
1,1307,58,5,15,one
1,1308,24,67,9,not_xor
1,1309,81,52,8,not_or
1,1310,23,24,1,and
1,1311,45,85,9,not_xor
1,1312,66,11,9,not_xor
1,1313,18,2,9,not_xor
1,1314,79,57,10,not_b
1,1315,42,55,7,or
1,1316,30,39,4,not_implied_by
1,1317,76,61,12,not_a
1,1318,20,74,1,and
1,1319,29,79,7,or
1,1320,69,59,2,not_implies
1,1321,60,7,1,and
1,1322,26,59,5,b
1,1323,50,84,4,not_implied_by
1,1324,12,17,8,not_or
1,1325,66,76,12,not_a
1,1326,4,77,8,not_or
1,1327,52,68,13,implies
1,1328,13,24,13,implies
1,1329,54,71,1,and
1,1330,58,5,11,implied_by
1,1331,55,17,1,and
1,1332,56,81,6,xor
1,1333,48,54,4,not_implied_by
1,1334,58,46,0,zero
1,1335,10,32,13,implies
1,1336,46,33,14,not_and
1,1337,87,38,0,zero
1,1338,46,14,13,implies
1,1339,5,23,5,b
1,1340,86,22,13,implies
1,1341,19,42,8,not_or
1,1342,71,45,12,not_a
1,1343,44,72,11,implied_by
1,1344,2,27,12,not_a
1,1345,59,76,10,not_b
1,1346,27,46,4,not_implied_by
1,1347,71,4,6,xor
1,1348,3,71,10,not_b
1,1349,24,18,1,and
1,1350,1,2,10,not_b
1,1351,36,1,7,or
1,1352,57,0,6,xor
1,1353,65,56,14,not_and
1,1354,40,87,2,not_implies
1,1355,21,65,12,not_a
1,1356,8,78,5,b
1,1357,82,45,10,not_b
1,1358,29,85,6,xor
1,1359,40,65,12,not_a
1,1360,40,33,7,or
1,1361,19,71,6,xor
1,1362,36,71,4,not_implied_by
1,1363,52,65,11,implied_by
1,1364,43,40,15,one
1,1365,69,55,9,not_xor
1,1366,50,76,5,b
1,1367,11,31,7,or
1,1368,54,25,14,not_and
1,1369,63,86,10,not_b
1,1370,25,28,4,not_implied_by
1,1371,9,76,7,or
1,1372,39,84,9,not_xor
1,1373,15,75,13,implies
1,1374,11,37,7,or
1,1375,35,3,9,not_xor
1,1376,35,53,3,a
1,1377,31,17,5,b
1,1378,58,74,0,zero
1,1379,15,49,2,not_implies
1,1380,89,23,10,not_b
1,1381,23,10,13,implies
1,1382,58,26,6,xor
1,1383,57,47,10,not_b
1,1384,77,89,10,not_b
1,1385,38,17,7,or
1,1386,68,38,10,not_b
1,1387,46,25,12,not_a
1,1388,6,64,0,zero
1,1389,73,3,0,zero
1,1390,44,12,6,xor
1,1391,49,87,11,implied_by
1,1392,61,9,0,zero
1,1393,82,83,8,not_or
1,1394,17,85,6,xor
1,1395,81,18,12,not_a
1,1396,58,69,4,not_implied_by
1,1397,2,5,12,not_a
1,1398,60,71,11,implied_by
1,1399,27,42,9,not_xor
1,1400,47,23,7,or
1,1401,49,46,13,implies
1,1402,84,20,9,not_xor
1,1403,41,87,13,implies
1,1404,20,78,3,a
1,1405,10,68,13,implies
1,1406,51,85,4,not_implied_by
1,1407,19,63,6,xor
1,1408,24,7,5,b
1,1409,30,7,12,not_a
1,1410,22,14,3,a
1,1411,78,59,15,one
1,1412,27,35,11,implied_by
1,1413,76,43,6,xor
1,1414,70,20,10,not_b
1,1415,78,72,6,xor
1,1416,60,29,13,implies
1,1417,72,81,1,and
1,1418,11,1,0,zero
1,1419,75,16,2,not_implies
1,1420,27,71,4,not_implied_by
1,1421,4,31,3,a
1,1422,47,67,8,not_or
1,1423,32,82,12,not_a
1,1424,56,12,2,not_implies
1,1425,44,36,7,or
1,1426,34,64,12,not_a
1,1427,61,16,6,xor
1,1428,17,62,7,or
1,1429,87,80,12,not_a
1,1430,33,86,10,not_b
1,1431,59,45,13,implies
1,1432,37,61,3,a
1,1433,35,55,13,implies
1,1434,52,69,8,not_or
1,1435,42,81,5,b
1,1436,47,3,9,not_xor
1,1437,13,29,11,implied_by
1,1438,1,2,10,not_b
1,1439,88,5,5,b
1,1440,13,76,10,not_b
1,1441,52,58,7,or
1,1442,49,63,0,zero
1,1443,64,87,5,b
1,1444,16,3,12,not_a
1,1445,59,12,13,implies
1,1446,84,46,0,zero
1,1447,86,17,5,b
1,1448,65,56,3,a
1,1449,72,40,6,xor
1,1450,18,76,10,not_b
1,1451,45,78,3,a
1,1452,41,58,2,not_implies
1,1453,87,47,12,not_a
1,1454,60,21,4,not_implied_by
1,1455,54,24,9,not_xor
1,1456,12,28,5,b
1,1457,77,82,12,not_a
1,1458,18,83,3,a
1,1459,45,41,5,b
1,1460,88,50,5,b
1,1461,8,30,13,implies
1,1462,35,27,10,not_b
1,1463,25,1,12,not_a
1,1464,3,10,0,zero
1,1465,51,72,10,not_b
1,1466,14,45,13,implies
1,1467,67,46,1,and
1,1468,61,68,14,not_and
1,1469,57,2,7,or
1,1470,46,41,0,zero
1,1471,26,24,12,not_a
1,1472,24,61,9,not_xor
1,1473,43,11,15,one
1,1474,16,58,6,xor
1,1475,3,8,9,not_xor
1,1476,62,0,6,xor
1,1477,79,21,10,not_b
1,1478,51,40,7,or
1,1479,53,1,0,zero
1,1480,57,76,10,not_b
1,1481,57,28,12,not_a
1,1482,64,4,4,not_implied_by
1,1483,47,26,11,implied_by
1,1484,23,14,14,not_and
1,1485,80,8,8,not_or
1,1486,59,78,11,implied_by
1,1487,23,33,12,not_a
1,1488,28,44,8,not_or
1,1489,22,67,9,not_xor
1,1490,43,15,4,not_implied_by
1,1491,61,44,6,xor
1,1492,35,29,12,not_a
1,1493,41,13,0,zero
1,1494,31,65,4,not_implied_by
1,1495,2,18,6,xor
1,1496,10,50,0,zero
1,1497,67,71,11,implied_by
1,1498,31,76,5,b
1,1499,72,39,8,not_or
1,1500,15,69,14,not_and
1,1501,29,63,6,xor
1,1502,73,20,8,not_or
1,1503,55,53,2,not_implies
1,1504,59,69,2,not_implies
1,1505,49,71,10,not_b
1,1506,27,28,0,zero
1,1507,37,79,9,not_xor
1,1508,79,10,4,not_implied_by
1,1509,36,24,5,b
1,1510,74,52,13,implies
1,1511,32,53,9,not_xor
1,1512,16,23,15,one
1,1513,52,64,5,b
1,1514,27,13,10,not_b
1,1515,26,78,1,and
1,1516,70,15,8,not_or
1,1517,34,7,7,or
1,1518,86,87,7,or
1,1519,43,83,12,not_a
1,1520,17,63,12,not_a
1,1521,55,54,6,xor
1,1522,40,60,2,not_implies
1,1523,39,6,3,a
1,1524,6,0,11,implied_by
1,1525,61,34,10,not_b
1,1526,67,68,15,one
1,1527,69,71,14,not_and
1,1528,48,45,5,b
1,1529,16,18,9,not_xor
1,1530,77,88,3,a
1,1531,60,24,7,or
1,1532,33,68,0,zero
1,1533,14,65,15,one
1,1534,10,42,6,xor
1,1535,7,70,14,not_and
1,1536,16,42,7,or
1,1537,88,63,7,or
1,1538,12,43,3,a
1,1539,61,29,9,not_xor
1,1540,83,32,11,implied_by
1,1541,3,14,10,not_b
1,1542,13,28,15,one
1,1543,31,5,5,b
1,1544,81,73,9,not_xor
1,1545,22,49,2,not_implies
1,1546,45,32,1,and
1,1547,83,9,13,implies
1,1548,20,37,12,not_a
1,1549,21,21,3,a
1,1550,12,62,13,implies
1,1551,3,45,14,not_and
1,1552,30,26,13,implies
1,1553,58,12,7,or
1,1554,27,54,7,or
1,1555,46,20,7,or
1,1556,37,34,8,not_or
1,1557,29,8,4,not_implied_by
1,1558,86,15,4,not_implied_by
1,1559,22,21,2,not_implies
1,1560,34,26,9,not_xor
1,1561,51,18,8,not_or
1,1562,50,86,11,implied_by
1,1563,4,87,10,not_b
1,1564,86,51,7,or
1,1565,29,70,13,implies
1,1566,69,77,14,not_and
1,1567,51,1,15,one
1,1568,82,5,14,not_and
1,1569,57,71,1,and
1,1570,35,0,9,not_xor
1,1571,12,32,10,not_b
1,1572,68,37,2,not_implies
1,1573,67,28,15,one
1,1574,61,56,10,not_b
1,1575,57,79,8,not_or
1,1576,1,87,0,zero
1,1577,57,53,10,not_b
1,1578,42,73,1,and
1,1579,28,19,5,b
1,1580,76,61,6,xor
1,1581,60,78,3,a
1,1582,45,45,13,implies
1,1583,12,88,15,one
1,1584,40,66,3,a
1,1585,31,55,11,implied_by
1,1586,71,60,3,a
1,1587,67,6,10,not_b
1,1588,42,43,10,not_b
1,1589,48,38,13,implies
1,1590,49,15,6,xor
1,1591,7,37,12,not_a
1,1592,65,45,14,not_and
1,1593,68,33,12,not_a
1,1594,44,24,5,b
1,1595,44,73,3,a
1,1596,26,83,11,implied_by
1,1597,73,60,15,one
1,1598,37,35,7,or
1,1599,86,71,1,and
1,1600,47,12,1,and
1,1601,47,39,11,implied_by
1,1602,66,61,5,b
1,1603,0,73,8,not_or
1,1604,27,25,1,and
1,1605,38,10,9,not_xor
1,1606,3,58,0,zero
1,1607,78,14,1,and
1,1608,81,79,13,implies
1,1609,42,76,9,not_xor
1,1610,78,89,3,a
1,1611,75,51,12,not_a
1,1612,59,51,9,not_xor
1,1613,17,32,12,not_a
1,1614,59,28,4,not_implied_by
1,1615,3,13,4,not_implied_by
1,1616,19,11,2,not_implies
1,1617,20,63,1,and
1,1618,39,43,11,implied_by
1,1619,8,0,14,not_and
1,1620,68,71,2,not_implies
1,1621,13,13,15,one
1,1622,22,13,6,xor
1,1623,29,84,5,b
1,1624,27,23,5,b
1,1625,14,18,7,or
1,1626,34,80,6,xor
1,1627,22,13,2,not_implies
1,1628,33,66,0,zero
1,1629,51,49,15,one
1,1630,12,23,11,implied_by
1,1631,14,19,10,not_b
1,1632,18,26,8,not_or
1,1633,2,1,7,or
1,1634,11,75,15,one
1,1635,45,75,6,xor
1,1636,28,85,12,not_a
1,1637,33,44,4,not_implied_by
1,1638,12,59,14,not_and
1,1639,64,77,4,not_implied_by
1,1640,79,40,11,implied_by
1,1641,77,56,8,not_or
1,1642,14,78,9,not_xor
1,1643,31,39,6,xor
1,1644,50,42,2,not_implies
1,1645,83,57,9,not_xor
1,1646,26,52,11,implied_by
1,1647,82,41,4,not_implied_by
1,1648,64,41,7,or
1,1649,56,64,5,b
1,1650,51,12,1,and
1,1651,38,84,7,or
1,1652,52,62,10,not_b
1,1653,7,71,7,or
1,1654,6,17,2,not_implies
1,1655,50,16,1,and
1,1656,9,14,3,a
1,1657,13,5,14,not_and
1,1658,27,16,8,not_or
1,1659,70,81,7,or
1,1660,1,12,9,not_xor
1,1661,27,72,4,not_implied_by
1,1662,3,52,8,not_or
1,1663,81,71,6,xor
1,1664,66,35,10,not_b
1,1665,3,83,10,not_b
1,1666,67,52,9,not_xor
1,1667,1,26,5,b
1,1668,35,82,13,implies
1,1669,1,5,11,implied_by
1,1670,59,86,6,xor
1,1671,7,2,8,not_or
1,1672,13,3,6,xor
1,1673,8,3,11,implied_by
1,1674,67,81,2,not_implies
1,1675,82,28,10,not_b
1,1676,28,43,7,or
1,1677,13,7,8,not_or
1,1678,27,33,9,not_xor
1,1679,82,83,6,xor
1,1680,11,4,13,implies
1,1681,1,34,11,implied_by
1,1682,64,41,7,or
1,1683,14,54,13,implies
1,1684,33,31,13,implies
1,1685,6,15,4,not_implied_by
1,1686,49,10,9,not_xor
1,1687,84,64,6,xor
1,1688,39,33,3,a
1,1689,19,54,1,and
1,1690,11,77,9,not_xor
1,1691,64,14,10,not_b
1,1692,2,40,14,not_and
1,1693,39,69,4,not_implied_by
1,1694,51,56,6,xor
1,1695,51,32,14,not_and
1,1696,31,89,7,or
1,1697,51,62,3,a
1,1698,24,11,1,and
1,1699,15,51,10,not_b
1,1700,46,67,12,not_a
1,1701,38,19,13,implies
1,1702,49,33,2,not_implies
1,1703,5,5,4,not_implied_by
1,1704,54,52,13,implies
1,1705,22,68,11,implied_by
1,1706,77,55,3,a
1,1707,77,11,1,and
1,1708,82,7,13,implies
1,1709,0,10,7,or
1,1710,6,18,9,not_xor
1,1711,87,64,12,not_a
1,1712,25,26,11,implied_by
1,1713,8,73,0,zero
1,1714,51,29,15,one
1,1715,1,39,11,implied_by
1,1716,81,78,9,not_xor
1,1717,14,47,0,zero
1,1718,36,40,10,not_b
1,1719,17,63,3,a
1,1720,19,51,12,not_a
1,1721,46,78,10,not_b
1,1722,13,71,6,xor
1,1723,84,75,13,implies
1,1724,64,49,7,or
1,1725,76,33,3,a
1,1726,87,80,10,not_b
1,1727,52,33,6,xor
1,1728,47,20,3,a
1,1729,84,10,1,and
1,1730,36,15,14,not_and
1,1731,29,3,13,implies
1,1732,60,58,14,not_and
1,1733,84,76,10,not_b
1,1734,56,17,12,not_a
1,1735,71,77,6,xor
1,1736,21,60,13,implies
1,1737,13,86,11,implied_by
1,1738,1,23,11,implied_by
1,1739,25,31,5,b
1,1740,87,86,3,a
1,1741,39,63,3,a
1,1742,45,30,7,or
1,1743,36,5,13,implies
1,1744,16,62,6,xor
1,1745,55,77,4,not_implied_by
1,1746,41,31,7,or
1,1747,77,58,9,not_xor
1,1748,18,76,7,or
1,1749,62,31,7,or
1,1750,63,74,10,not_b
1,1751,9,7,6,xor
1,1752,50,39,2,not_implies
1,1753,12,13,4,not_implied_by
1,1754,39,77,12,not_a
1,1755,38,54,4,not_implied_by
1,1756,62,17,14,not_and
1,1757,15,54,2,not_implies
1,1758,42,89,11,implied_by
1,1759,63,22,10,not_b
1,1760,80,75,6,xor
1,1761,4,56,1,and
1,1762,78,11,7,or
1,1763,80,15,5,b
1,1764,82,80,10,not_b
1,1765,42,4,13,implies
1,1766,49,72,6,xor
1,1767,47,5,7,or
1,1768,45,55,1,and
1,1769,87,1,7,or
1,1770,25,82,9,not_xor
1,1771,43,81,2,not_implies
1,1772,31,85,8,not_or
1,1773,72,38,4,not_implied_by
1,1774,64,69,14,not_and
1,1775,6,6,6,xor
1,1776,60,48,2,not_implies
1,1777,37,17,9,not_xor
1,1778,64,84,2,not_implies
1,1779,47,74,10,not_b
1,1780,50,2,10,not_b
1,1781,47,68,14,not_and
1,1782,83,25,4,not_implied_by
1,1783,79,8,13,implies
1,1784,40,16,12,not_a
1,1785,20,72,13,implies
1,1786,18,11,12,not_a
1,1787,20,23,8,not_or
1,1788,87,52,8,not_or
1,1789,83,17,14,not_and
1,1790,50,0,15,one
1,1791,9,7,13,implies
1,1792,7,83,4,not_implied_by
1,1793,87,35,5,b
1,1794,67,17,6,xor
1,1795,67,66,1,and
1,1796,45,17,13,implies
1,1797,10,5,8,not_or
1,1798,59,5,0,zero
1,1799,33,67,4,not_implied_by
1,1800,6,69,11,implied_by
1,1801,10,64,2,not_implies
1,1802,16,27,3,a
1,1803,56,26,10,not_b
1,1804,38,66,4,not_implied_by
1,1805,6,31,9,not_xor
1,1806,3,1,9,not_xor
1,1807,60,54,11,implied_by
1,1808,24,69,15,one
1,1809,55,34,3,a
1,1810,39,19,12,not_a
1,1811,27,16,10,not_b
1,1812,50,64,4,not_implied_by
1,1813,36,69,13,implies
1,1814,74,58,4,not_implied_by
1,1815,12,64,3,a
1,1816,28,87,4,not_implied_by
1,1817,81,68,3,a
1,1818,20,61,9,not_xor
1,1819,33,81,3,a
1,1820,73,10,12,not_a
1,1821,62,3,1,and
1,1822,55,54,0,zero
1,1823,57,62,10,not_b
1,1824,63,87,5,b
1,1825,64,66,5,b
1,1826,34,67,15,one
1,1827,69,27,13,implies
1,1828,16,4,7,or
1,1829,6,17,3,a
1,1830,23,61,13,implies
1,1831,83,1,15,one
1,1832,85,70,8,not_or
1,1833,33,89,9,not_xor
1,1834,67,22,6,xor
1,1835,29,16,10,not_b
1,1836,23,40,3,a
1,1837,64,22,8,not_or
1,1838,65,57,3,a
1,1839,70,14,6,xor
1,1840,88,67,4,not_implied_by
1,1841,46,55,15,one
1,1842,75,58,9,not_xor
1,1843,4,55,1,and
1,1844,56,42,11,implied_by
1,1845,81,30,7,or
1,1846,12,8,5,b
1,1847,86,73,2,not_implies
1,1848,32,47,14,not_and
1,1849,57,20,6,xor
1,1850,73,16,14,not_and
1,1851,16,75,2,not_implies
1,1852,81,4,0,zero
1,1853,61,32,15,one
1,1854,20,9,3,a
1,1855,76,78,14,not_and
1,1856,89,84,6,xor
1,1857,77,53,9,not_xor
1,1858,5,85,6,xor
1,1859,53,57,8,not_or
1,1860,66,47,5,b
1,1861,35,36,14,not_and
1,1862,33,61,2,not_implies
1,1863,38,1,3,a
1,1864,82,88,15,one
1,1865,47,64,10,not_b
1,1866,77,75,8,not_or
1,1867,34,12,15,one
1,1868,86,57,13,implies
1,1869,72,55,11,implied_by
1,1870,18,63,12,not_a
1,1871,4,76,8,not_or
1,1872,21,30,7,or
1,1873,16,66,10,not_b
1,1874,19,26,3,a
1,1875,10,75,10,not_b
1,1876,38,83,1,and
1,1877,18,48,8,not_or
1,1878,66,66,0,zero
1,1879,84,88,13,implies
1,1880,23,27,7,or
1,1881,89,16,15,one
1,1882,9,56,8,not_or
1,1883,49,11,3,a
1,1884,79,47,2,not_implies
1,1885,60,60,3,a
1,1886,3,3,11,implied_by
1,1887,14,66,8,not_or
1,1888,16,33,11,implied_by
1,1889,71,81,7,or
1,1890,88,4,6,xor
1,1891,73,78,6,xor
1,1892,38,20,12,not_a
1,1893,3,7,9,not_xor
1,1894,89,7,0,zero
1,1895,21,28,9,not_xor
1,1896,18,83,13,implies
1,1897,50,23,5,b
1,1898,33,0,9,not_xor
1,1899,71,41,5,b
1,1900,6,37,8,not_or
1,1901,74,8,13,implies
1,1902,41,87,7,or
1,1903,83,56,9,not_xor
1,1904,87,46,8,not_or
1,1905,70,43,9,not_xor
1,1906,63,29,8,not_or
1,1907,39,71,2,not_implies
1,1908,4,18,11,implied_by
1,1909,48,52,14,not_and
1,1910,15,42,12,not_a
1,1911,20,12,6,xor
1,1912,23,36,7,or
1,1913,49,46,3,a
1,1914,11,20,10,not_b
1,1915,54,47,6,xor
1,1916,85,21,12,not_a
1,1917,40,29,3,a
1,1918,59,71,13,implies
1,1919,39,84,9,not_xor
1,1920,89,23,10,not_b
1,1921,54,39,8,not_or
1,1922,83,0,9,not_xor
1,1923,25,17,12,not_a
1,1924,50,35,8,not_or
1,1925,42,83,6,xor
1,1926,58,82,3,a
1,1927,88,49,9,not_xor
1,1928,17,4,8,not_or
1,1929,52,74,15,one
1,1930,70,59,9,not_xor
1,1931,1,31,1,and
1,1932,26,36,12,not_a
1,1933,50,41,6,xor
1,1934,54,3,2,not_implies
1,1935,65,58,15,one
1,1936,31,52,0,zero
1,1937,1,22,4,not_implied_by
1,1938,7,55,5,b
1,1939,41,86,12,not_a
1,1940,22,60,7,or
1,1941,34,46,12,not_a
1,1942,16,32,3,a
1,1943,61,54,15,one
1,1944,82,82,0,zero
1,1945,10,50,6,xor
1,1946,19,34,1,and
1,1947,66,34,8,not_or
1,1948,19,81,9,not_xor
1,1949,29,36,7,or
1,1950,76,33,14,not_and
1,1951,13,5,1,and
1,1952,20,10,6,xor
1,1953,79,12,0,zero
1,1954,77,65,2,not_implies
1,1955,69,2,9,not_xor
1,1956,61,3,14,not_and
1,1957,38,75,8,not_or
1,1958,46,18,7,or
1,1959,43,75,7,or
1,1960,32,53,6,xor
1,1961,54,54,3,a
1,1962,21,19,6,xor
1,1963,25,13,15,one
1,1964,30,20,4,not_implied_by
1,1965,50,48,5,b
1,1966,25,29,9,not_xor
1,1967,45,43,10,not_b
1,1968,62,79,14,not_and
1,1969,13,40,7,or
1,1970,74,2,14,not_and
1,1971,66,15,11,implied_by
1,1972,24,38,9,not_xor
1,1973,51,70,12,not_a
1,1974,85,27,14,not_and
1,1975,34,19,4,not_implied_by
1,1976,67,16,12,not_a
1,1977,56,60,12,not_a
1,1978,4,5,12,not_a
1,1979,49,9,0,zero
1,1980,13,85,2,not_implies
1,1981,29,85,14,not_and
1,1982,71,56,11,implied_by
1,1983,41,14,5,b
1,1984,47,77,4,not_implied_by
1,1985,79,25,6,xor
1,1986,48,2,10,not_b
1,1987,81,18,5,b
1,1988,20,18,9,not_xor
1,1989,89,54,15,one
1,1990,29,16,10,not_b
1,1991,61,73,7,or
1,1992,80,60,7,or
1,1993,18,34,2,not_implies
1,1994,31,78,8,not_or
1,1995,7,51,5,b
1,1996,67,78,11,implied_by
1,1997,50,58,15,one
1,1998,81,38,12,not_a
1,1999,28,63,13,implies
1,2000,42,87,8,not_or
1,2001,66,33,15,one
1,2002,88,18,10,not_b
1,2003,35,55,9,not_xor
1,2004,14,52,0,zero
1,2005,61,53,2,not_implies
1,2006,60,80,13,implies
1,2007,46,57,11,implied_by
1,2008,54,14,3,a
1,2009,22,43,4,not_implied_by
1,2010,55,68,4,not_implied_by
1,2011,30,43,0,zero
1,2012,55,32,12,not_a
1,2013,14,78,5,b
1,2014,39,58,7,or
1,2015,80,86,2,not_implies
1,2016,30,5,4,not_implied_by
1,2017,85,82,7,or
1,2018,67,19,5,b
1,2019,33,71,4,not_implied_by
1,2020,8,50,6,xor
1,2021,42,43,12,not_a
1,2022,14,83,14,not_and
1,2023,66,68,2,not_implies
1,2024,88,86,5,b
1,2025,32,50,11,implied_by
1,2026,49,50,7,or
1,2027,72,89,2,not_implies
1,2028,22,35,12,not_a
1,2029,12,11,1,and
1,2030,61,29,15,one
1,2031,22,15,10,not_b
1,2032,40,31,8,not_or
1,2033,45,6,0,zero
1,2034,26,18,9,not_xor
1,2035,89,70,7,or
1,2036,43,51,15,one
1,2037,78,34,5,b
1,2038,29,79,2,not_implies
1,2039,27,68,0,zero
1,2040,31,65,0,zero
1,2041,66,27,4,not_implied_by
1,2042,50,84,9,not_xor
1,2043,35,0,14,not_and
1,2044,85,35,12,not_a
1,2045,71,56,5,b
1,2046,35,27,6,xor
1,2047,71,47,7,or
1,2048,82,20,4,not_implied_by
1,2049,23,89,3,a
1,2050,22,72,7,or
1,2051,22,55,6,xor
1,2052,85,43,12,not_a
1,2053,86,0,11,implied_by
1,2054,9,61,8,not_or
1,2055,1,8,10,not_b
1,2056,50,48,4,not_implied_by
1,2057,75,32,0,zero
1,2058,19,7,11,implied_by
1,2059,48,16,13,implies
1,2060,2,8,13,implies
1,2061,87,45,9,not_xor
1,2062,56,33,15,one
1,2063,76,79,2,not_implies
1,2064,7,80,6,xor
1,2065,79,80,11,implied_by
1,2066,75,43,8,not_or
1,2067,37,55,8,not_or
1,2068,61,33,11,implied_by
1,2069,15,50,3,a
1,2070,53,22,5,b
1,2071,4,88,9,not_xor
1,2072,51,66,8,not_or
1,2073,56,73,13,implies
1,2074,11,12,2,not_implies
1,2075,83,59,2,not_implies
1,2076,86,63,14,not_and
1,2077,69,71,1,and
1,2078,34,57,12,not_a
1,2079,71,70,4,not_implied_by
1,2080,77,70,14,not_and
1,2081,48,65,6,xor
1,2082,82,88,10,not_b
1,2083,37,76,5,b
1,2084,87,72,13,implies
1,2085,80,88,3,a
1,2086,70,81,11,implied_by
1,2087,82,32,15,one
1,2088,75,12,6,xor
1,2089,25,45,8,not_or
1,2090,28,30,8,not_or
1,2091,35,79,11,implied_by
1,2092,3,55,13,implies
1,2093,68,74,13,implies
1,2094,55,81,13,implies
1,2095,79,85,11,implied_by
1,2096,0,43,12,not_a
1,2097,55,4,12,not_a
1,2098,2,64,13,implies
1,2099,34,47,8,not_or
1,2100,57,32,11,implied_by
1,2101,44,67,7,or
1,2102,19,25,8,not_or
1,2103,78,38,3,a
1,2104,14,71,5,b
1,2105,62,2,7,or
1,2106,41,63,12,not_a
1,2107,27,49,14,not_and
1,2108,69,6,2,not_implies
1,2109,82,34,4,not_implied_by
1,2110,2,70,0,zero
1,2111,56,53,1,and
1,2112,40,57,12,not_a
1,2113,39,74,4,not_implied_by
1,2114,62,18,10,not_b
1,2115,61,62,0,zero
1,2116,73,34,0,zero
1,2117,55,71,8,not_or
1,2118,18,5,7,or
1,2119,49,41,8,not_or
1,2120,3,7,3,a
1,2121,83,10,11,implied_by
1,2122,21,70,2,not_implies
1,2123,2,13,5,b
1,2124,47,22,5,b
1,2125,18,3,5,b
1,2126,83,17,8,not_or
1,2127,22,88,6,xor
1,2128,49,89,13,implies
1,2129,65,55,10,not_b
1,2130,59,75,3,a
1,2131,49,27,14,not_and
1,2132,46,10,3,a
1,2133,31,81,7,or
1,2134,79,76,11,implied_by
1,2135,36,37,13,implies
1,2136,31,3,0,zero
1,2137,50,71,13,implies
1,2138,9,27,8,not_or
1,2139,87,39,6,xor
1,2140,4,32,0,zero
1,2141,63,51,1,and
1,2142,29,42,1,and
1,2143,44,17,4,not_implied_by
1,2144,29,63,5,b
1,2145,31,75,12,not_a
1,2146,10,88,0,zero
1,2147,14,29,9,not_xor
1,2148,1,40,9,not_xor
1,2149,5,77,13,implies
1,2150,2,62,11,implied_by
1,2151,54,29,0,zero
1,2152,35,37,11,implied_by
1,2153,64,14,3,a
1,2154,58,59,8,not_or
1,2155,35,44,2,not_implies
1,2156,44,78,3,a
1,2157,1,66,10,not_b
1,2158,70,21,8,not_or
1,2159,9,81,2,not_implies
1,2160,18,17,5,b
1,2161,3,63,3,a
1,2162,35,26,15,one
1,2163,85,17,2,not_implies
1,2164,48,54,10,not_b
1,2165,74,4,6,xor
1,2166,60,45,6,xor
1,2167,62,13,15,one
1,2168,43,59,3,a
1,2169,26,36,9,not_xor
1,2170,12,7,9,not_xor
1,2171,20,81,4,not_implied_by
1,2172,74,68,3,a
1,2173,83,14,11,implied_by
1,2174,5,30,7,or
1,2175,4,78,10,not_b
1,2176,58,68,4,not_implied_by
1,2177,4,62,8,not_or
1,2178,61,37,1,and
1,2179,73,34,13,implies
1,2180,25,19,4,not_implied_by
1,2181,86,66,1,and
1,2182,43,70,8,not_or
1,2183,66,36,2,not_implies
1,2184,70,37,3,a
1,2185,61,37,3,a
1,2186,42,69,3,a
1,2187,26,17,13,implies
1,2188,34,42,6,xor
1,2189,43,72,3,a
1,2190,18,88,12,not_a
1,2191,78,4,3,a
1,2192,66,5,6,xor
1,2193,41,26,8,not_or
1,2194,86,26,7,or
1,2195,36,41,2,not_implies
1,2196,38,40,8,not_or
1,2197,15,72,3,a
1,2198,72,12,8,not_or
1,2199,1,46,4,not_implied_by
1,2200,47,7,12,not_a
1,2201,13,18,6,xor
1,2202,50,53,3,a
1,2203,40,82,8,not_or
1,2204,1,30,3,a
1,2205,14,10,11,implied_by
1,2206,14,80,7,or
1,2207,53,48,8,not_or
1,2208,17,84,7,or
1,2209,23,70,13,implies
1,2210,86,43,7,or
1,2211,15,17,5,b
1,2212,68,26,1,and
1,2213,2,13,8,not_or
1,2214,70,40,8,not_or
1,2215,66,36,10,not_b
1,2216,9,48,3,a
1,2217,37,19,5,b
1,2218,40,36,3,a
1,2219,63,38,14,not_and
1,2220,38,41,10,not_b
1,2221,6,66,6,xor
1,2222,25,63,1,and
1,2223,44,19,8,not_or
1,2224,71,15,11,implied_by
1,2225,35,45,9,not_xor
1,2226,67,51,4,not_implied_by
1,2227,55,24,14,not_and
1,2228,80,2,9,not_xor
1,2229,18,88,4,not_implied_by
1,2230,53,62,3,a
1,2231,45,89,3,a
1,2232,72,16,9,not_xor
1,2233,70,34,2,not_implies
1,2234,74,67,2,not_implies
1,2235,36,56,11,implied_by
1,2236,6,86,8,not_or
1,2237,75,69,6,xor
1,2238,21,1,7,or
1,2239,88,11,8,not_or
1,2240,49,79,5,b
1,2241,38,33,11,implied_by
1,2242,81,72,13,implies
1,2243,17,57,1,and
1,2244,46,53,2,not_implies
1,2245,60,15,8,not_or
1,2246,7,80,10,not_b
1,2247,79,64,4,not_implied_by
1,2248,85,30,8,not_or
1,2249,58,61,15,one
1,2250,2,79,14,not_and
1,2251,26,40,2,not_implies
1,2252,54,40,4,not_implied_by
1,2253,56,71,10,not_b
1,2254,24,79,13,implies
1,2255,68,50,11,implied_by
1,2256,77,14,4,not_implied_by
1,2257,82,4,6,xor
1,2258,22,29,14,not_and
1,2259,65,43,5,b
1,2260,60,26,3,a
1,2261,10,52,4,not_implied_by
1,2262,51,3,5,b
1,2263,6,1,13,implies
1,2264,28,28,7,or
1,2265,68,54,12,not_a
1,2266,60,57,12,not_a
1,2267,22,38,3,a
1,2268,78,43,2,not_implies
1,2269,25,21,5,b
1,2270,0,30,1,and
1,2271,71,81,1,and
1,2272,10,12,9,not_xor
1,2273,63,24,5,b
1,2274,21,37,6,xor
1,2275,52,64,3,a
1,2276,18,39,7,or
1,2277,15,37,13,implies
1,2278,24,18,6,xor
1,2279,42,58,9,not_xor
1,2280,55,57,13,implies
1,2281,56,65,12,not_a
1,2282,78,79,3,a
1,2283,25,55,11,implied_by
1,2284,85,2,2,not_implies
1,2285,3,75,13,implies
1,2286,56,16,8,not_or
1,2287,36,89,8,not_or
1,2288,39,19,1,and
1,2289,5,55,13,implies
1,2290,65,9,10,not_b
1,2291,44,63,12,not_a
1,2292,21,60,3,a
1,2293,4,78,10,not_b
1,2294,5,7,13,implies
1,2295,45,45,14,not_and
1,2296,2,49,15,one
1,2297,79,58,5,b
1,2298,13,14,6,xor
1,2299,38,57,12,not_a
1,2300,0,66,0,zero
1,2301,78,40,2,not_implies
1,2302,34,61,11,implied_by
1,2303,37,35,12,not_a
1,2304,60,48,13,implies
1,2305,39,37,7,or
1,2306,71,75,1,and
1,2307,10,77,5,b
1,2308,86,34,2,not_implies
1,2309,75,32,10,not_b
1,2310,13,42,4,not_implied_by
1,2311,82,19,6,xor
1,2312,9,63,11,implied_by
1,2313,63,3,7,or
1,2314,2,19,9,not_xor
1,2315,5,63,2,not_implies
1,2316,66,72,6,xor
1,2317,28,66,7,or
1,2318,1,16,11,implied_by
1,2319,70,13,6,xor
1,2320,14,49,4,not_implied_by
1,2321,55,16,10,not_b
1,2322,52,9,7,or
1,2323,61,56,8,not_or
1,2324,35,3,6,xor
1,2325,79,38,2,not_implies
1,2326,31,56,11,implied_by
1,2327,82,51,9,not_xor
1,2328,3,2,3,a
1,2329,68,81,7,or
1,2330,67,66,15,one
1,2331,83,48,2,not_implies
1,2332,40,86,7,or
1,2333,43,15,4,not_implied_by
1,2334,15,16,2,not_implies
1,2335,56,37,10,not_b
1,2336,33,34,14,not_and
1,2337,59,54,10,not_b
1,2338,86,21,4,not_implied_by
1,2339,84,44,10,not_b
1,2340,80,74,5,b
1,2341,12,61,6,xor
1,2342,48,48,4,not_implied_by
1,2343,61,18,0,zero
1,2344,47,37,12,not_a
1,2345,26,71,12,not_a
1,2346,55,6,3,a
1,2347,33,70,15,one
1,2348,62,8,2,not_implies
1,2349,70,53,8,not_or
1,2350,67,8,6,xor
1,2351,55,84,6,xor
1,2352,70,86,10,not_b
1,2353,72,10,2,not_implies
1,2354,57,0,11,implied_by
1,2355,17,1,3,a
1,2356,85,45,11,implied_by
1,2357,18,31,4,not_implied_by
1,2358,48,31,2,not_implies
1,2359,30,2,2,not_implies
1,2360,1,22,9,not_xor
1,2361,25,78,3,a
1,2362,35,59,9,not_xor
1,2363,89,85,0,zero
1,2364,13,68,1,and
1,2365,2,24,3,a
1,2366,58,84,0,zero
1,2367,64,89,4,not_implied_by
1,2368,44,14,6,xor
1,2369,66,50,1,and
1,2370,12,30,13,implies
1,2371,20,85,5,b
1,2372,13,28,7,or
1,2373,84,66,0,zero
1,2374,59,10,6,xor
1,2375,44,63,6,xor
1,2376,43,27,6,xor
1,2377,4,39,7,or
1,2378,40,26,2,not_implies
1,2379,45,30,10,not_b
1,2380,46,0,6,xor
1,2381,33,44,2,not_implies
1,2382,61,35,8,not_or
1,2383,31,18,11,implied_by
1,2384,0,0,5,b
1,2385,58,69,8,not_or
1,2386,23,7,7,or
1,2387,28,77,6,xor
1,2388,87,3,5,b
1,2389,9,59,3,a
1,2390,46,73,11,implied_by
1,2391,87,35,0,zero
1,2392,62,69,4,not_implied_by
1,2393,15,65,1,and
1,2394,30,25,15,one
1,2395,37,88,6,xor
1,2396,44,61,8,not_or
1,2397,51,51,6,xor
1,2398,22,70,10,not_b
1,2399,68,78,12,not_a
1,2400,49,84,7,or
1,2401,58,10,10,not_b
1,2402,21,12,13,implies
1,2403,77,73,12,not_a
1,2404,33,75,1,and
1,2405,33,19,13,implies
1,2406,52,32,11,implied_by
1,2407,34,24,8,not_or
1,2408,81,56,7,or
1,2409,69,79,12,not_a
1,2410,55,46,9,not_xor
1,2411,73,0,6,xor
1,2412,78,82,9,not_xor
1,2413,55,4,2,not_implies
1,2414,62,63,14,not_and
1,2415,14,9,12,not_a
1,2416,24,1,6,xor
1,2417,47,42,2,not_implies
1,2418,35,24,2,not_implies
1,2419,63,76,5,b
1,2420,29,64,12,not_a
1,2421,20,0,11,implied_by
1,2422,65,31,15,one
1,2423,63,1,4,not_implied_by
1,2424,81,3,9,not_xor
1,2425,72,79,2,not_implies
1,2426,13,35,13,implies
1,2427,50,12,1,and
1,2428,2,4,12,not_a
1,2429,48,31,13,implies
1,2430,59,79,7,or
1,2431,10,10,13,implies
1,2432,53,85,13,implies
1,2433,61,55,6,xor
1,2434,36,32,3,a
1,2435,12,8,10,not_b
1,2436,4,57,0,zero
1,2437,59,36,5,b
1,2438,32,82,10,not_b
1,2439,70,15,9,not_xor
1,2440,78,30,12,not_a
1,2441,72,33,3,a
1,2442,33,40,11,implied_by
1,2443,80,12,15,one
1,2444,21,41,4,not_implied_by
1,2445,79,66,10,not_b
1,2446,0,30,7,or
1,2447,65,46,6,xor
1,2448,76,28,7,or
1,2449,78,69,13,implies
1,2450,59,21,13,implies
1,2451,11,89,8,not_or
1,2452,62,75,8,not_or
1,2453,20,83,14,not_and
1,2454,41,1,2,not_implies
1,2455,87,47,4,not_implied_by
1,2456,76,39,5,b
1,2457,27,4,4,not_implied_by
1,2458,10,65,8,not_or
1,2459,48,31,4,not_implied_by
1,2460,56,82,13,implies
1,2461,82,15,6,xor
1,2462,59,50,7,or
1,2463,1,35,7,or
1,2464,56,72,6,xor
1,2465,78,34,2,not_implies
1,2466,57,9,3,a
1,2467,28,24,14,not_and
1,2468,43,29,6,xor
1,2469,74,61,9,not_xor
1,2470,27,77,5,b
1,2471,16,58,11,implied_by
1,2472,29,15,14,not_and
1,2473,68,63,11,implied_by
1,2474,60,4,9,not_xor
1,2475,86,79,2,not_implies
1,2476,9,55,15,one
1,2477,64,30,10,not_b
1,2478,0,64,2,not_implies
1,2479,89,27,1,and
1,2480,53,57,3,a
1,2481,3,55,12,not_a
1,2482,40,24,15,one
1,2483,84,39,9,not_xor
1,2484,77,64,10,not_b
1,2485,48,15,0,zero
1,2486,28,23,6,xor
1,2487,62,50,2,not_implies
1,2488,81,60,9,not_xor
1,2489,35,6,3,a
1,2490,29,11,8,not_or
1,2491,60,26,14,not_and
1,2492,34,39,10,not_b
1,2493,31,51,3,a
1,2494,11,6,10,not_b
1,2495,74,52,3,a
1,2496,5,69,8,not_or
1,2497,14,8,8,not_or
1,2498,84,39,8,not_or
1,2499,41,10,2,not_implies
1,2500,10,0,8,not_or
1,2501,73,43,12,not_a
1,2502,22,72,3,a
1,2503,15,75,3,a
1,2504,84,66,3,a
1,2505,86,16,12,not_a
1,2506,85,25,1,and
1,2507,21,27,4,not_implied_by
1,2508,88,1,10,not_b
1,2509,45,74,10,not_b
1,2510,79,58,2,not_implies
1,2511,49,52,13,implies
1,2512,64,89,9,not_xor
1,2513,4,41,4,not_implied_by
1,2514,48,80,4,not_implied_by
1,2515,68,80,6,xor
1,2516,81,26,13,implies
1,2517,61,11,10,not_b
1,2518,35,40,4,not_implied_by
1,2519,45,67,7,or
1,2520,39,3,12,not_a
1,2521,30,21,15,one
1,2522,56,62,6,xor
1,2523,85,81,3,a
1,2524,79,72,6,xor
1,2525,76,68,6,xor
1,2526,59,66,15,one
1,2527,18,27,12,not_a
1,2528,82,47,10,not_b
1,2529,57,74,8,not_or
1,2530,88,23,4,not_implied_by
1,2531,80,66,4,not_implied_by
1,2532,6,84,4,not_implied_by
1,2533,45,87,12,not_a
1,2534,57,13,0,zero
1,2535,39,34,12,not_a
1,2536,52,55,1,and
1,2537,53,67,8,not_or
1,2538,47,14,2,not_implies
1,2539,71,51,7,or
1,2540,6,59,5,b
1,2541,39,25,2,not_implies
1,2542,61,80,5,b
1,2543,21,72,3,a
1,2544,21,62,11,implied_by
1,2545,57,3,0,zero
1,2546,47,39,7,or
1,2547,81,42,3,a
1,2548,38,80,5,b
1,2549,71,60,1,and
1,2550,24,30,0,zero
1,2551,23,20,7,or
1,2552,22,67,11,implied_by
1,2553,1,19,6,xor
1,2554,61,30,11,implied_by
1,2555,67,24,8,not_or
1,2556,56,43,13,implies
1,2557,23,7,8,not_or
1,2558,53,28,14,not_and
1,2559,53,36,10,not_b
1,2560,1,34,8,not_or
1,2561,18,35,13,implies
1,2562,41,40,12,not_a
1,2563,11,37,11,implied_by
1,2564,33,74,12,not_a
1,2565,37,69,6,xor
1,2566,89,15,10,not_b
1,2567,26,26,8,not_or
1,2568,36,32,1,and
1,2569,67,31,2,not_implies
1,2570,17,46,6,xor
1,2571,7,89,14,not_and
1,2572,64,68,6,xor
1,2573,13,85,11,implied_by
1,2574,36,24,9,not_xor
1,2575,30,74,10,not_b
1,2576,83,7,13,implies
1,2577,6,72,12,not_a
1,2578,23,50,14,not_and
1,2579,86,74,12,not_a
1,2580,75,62,12,not_a
1,2581,38,20,8,not_or
1,2582,49,55,11,implied_by
1,2583,52,12,3,a
1,2584,87,0,2,not_implies
1,2585,40,32,3,a
1,2586,74,85,0,zero
1,2587,82,4,3,a
1,2588,29,44,10,not_b
1,2589,13,27,12,not_a
1,2590,38,22,5,b
1,2591,77,89,12,not_a
1,2592,28,29,4,not_implied_by
1,2593,55,27,12,not_a
1,2594,40,47,6,xor
1,2595,62,52,12,not_a
1,2596,89,61,1,and
1,2597,48,44,2,not_implies
1,2598,87,25,4,not_implied_by
1,2599,38,22,10,not_b
1,2600,68,15,2,not_implies
1,2601,1,24,7,or
1,2602,70,35,4,not_implied_by
1,2603,9,3,9,not_xor
1,2604,4,4,12,not_a
1,2605,21,8,4,not_implied_by
1,2606,69,44,6,xor
1,2607,82,6,7,or
1,2608,12,22,10,not_b
1,2609,25,33,9,not_xor
1,2610,11,34,13,implies
1,2611,23,8,12,not_a
1,2612,27,89,1,and
1,2613,58,42,5,b
1,2614,41,76,4,not_implied_by
1,2615,41,41,6,xor
1,2616,67,51,3,a
1,2617,42,31,9,not_xor
1,2618,10,77,8,not_or
1,2619,68,15,13,implies
1,2620,53,27,9,not_xor
1,2621,76,60,13,implies
1,2622,3,9,13,implies
1,2623,71,61,9,not_xor
1,2624,27,53,6,xor
1,2625,37,6,10,not_b
1,2626,37,8,3,a
1,2627,87,17,5,b
1,2628,18,87,9,not_xor
1,2629,6,63,7,or
1,2630,68,86,5,b
1,2631,70,73,13,implies
1,2632,18,27,2,not_implies
1,2633,20,7,9,not_xor
1,2634,0,38,10,not_b
1,2635,66,70,5,b
1,2636,24,60,8,not_or
1,2637,22,64,10,not_b
1,2638,79,73,0,zero
1,2639,62,80,3,a
1,2640,82,23,8,not_or
1,2641,42,3,12,not_a
1,2642,24,32,9,not_xor
1,2643,33,11,4,not_implied_by
1,2644,65,31,9,not_xor
1,2645,3,12,9,not_xor
1,2646,5,27,2,not_implies
1,2647,55,2,9,not_xor
1,2648,34,32,13,implies
1,2649,22,1,2,not_implies
1,2650,13,68,1,and
1,2651,53,58,3,a
1,2652,63,79,2,not_implies
1,2653,23,74,3,a
1,2654,78,28,9,not_xor
1,2655,0,80,1,and
1,2656,63,75,9,not_xor
1,2657,70,58,8,not_or
1,2658,62,35,4,not_implied_by
1,2659,28,29,9,not_xor
1,2660,87,9,12,not_a
1,2661,52,47,13,implies
1,2662,37,57,8,not_or
1,2663,14,55,6,xor
1,2664,8,74,14,not_and
1,2665,48,26,1,and
1,2666,9,69,10,not_b
1,2667,80,74,9,not_xor
1,2668,22,49,8,not_or
1,2669,56,53,6,xor
1,2670,44,13,3,a
1,2671,18,24,4,not_implied_by
1,2672,7,41,5,b
1,2673,45,41,3,a
1,2674,82,49,15,one
1,2675,79,34,4,not_implied_by
1,2676,30,14,9,not_xor
1,2677,14,20,5,b
1,2678,36,54,6,xor
1,2679,13,87,4,not_implied_by
1,2680,25,69,5,b
1,2681,12,20,7,or
1,2682,37,22,11,implied_by
1,2683,19,39,7,or
1,2684,35,82,9,not_xor
1,2685,10,3,5,b
1,2686,22,45,7,or
1,2687,29,61,12,not_a
1,2688,62,68,13,implies
1,2689,46,0,6,xor
1,2690,50,38,5,b
1,2691,80,70,10,not_b
1,2692,41,21,12,not_a
1,2693,79,56,15,one
1,2694,73,51,3,a
1,2695,38,39,10,not_b
1,2696,35,81,15,one
1,2697,89,84,8,not_or
1,2698,38,78,5,b
1,2699,56,65,14,not_and
1,2700,85,24,8,not_or
1,2701,81,67,3,a
1,2702,67,61,2,not_implies
1,2703,32,40,14,not_and
1,2704,44,65,15,one
1,2705,21,28,3,a
1,2706,62,64,11,implied_by
1,2707,1,62,6,xor
1,2708,72,32,3,a
1,2709,5,57,15,one
1,2710,19,22,10,not_b
1,2711,58,61,4,not_implied_by
1,2712,88,29,14,not_and
1,2713,3,88,4,not_implied_by
1,2714,6,50,6,xor
1,2715,21,42,14,not_and
1,2716,85,25,13,implies
1,2717,30,85,4,not_implied_by
1,2718,78,64,12,not_a
1,2719,83,42,10,not_b
1,2720,77,51,8,not_or
1,2721,82,69,5,b
1,2722,57,64,13,implies
1,2723,68,6,2,not_implies
1,2724,77,30,13,implies
1,2725,21,57,9,not_xor
1,2726,47,53,4,not_implied_by
1,2727,58,64,10,not_b
1,2728,84,37,1,and
1,2729,76,53,0,zero
1,2730,48,64,4,not_implied_by
1,2731,35,30,7,or
1,2732,43,21,3,a
1,2733,61,37,8,not_or
1,2734,17,17,7,or
1,2735,33,81,9,not_xor
1,2736,87,51,12,not_a
1,2737,56,20,12,not_a
1,2738,29,31,0,zero
1,2739,82,77,11,implied_by
1,2740,5,80,1,and
1,2741,41,88,8,not_or
1,2742,4,56,5,b
1,2743,81,50,12,not_a
1,2744,87,37,6,xor
1,2745,4,40,8,not_or
1,2746,20,40,3,a
1,2747,12,64,10,not_b
1,2748,54,13,14,not_and
1,2749,68,39,9,not_xor
1,2750,44,52,7,or
1,2751,67,47,3,a
1,2752,32,51,8,not_or
1,2753,48,41,11,implied_by
1,2754,8,83,2,not_implies
1,2755,37,72,5,b
1,2756,12,78,15,one
1,2757,6,53,9,not_xor
1,2758,70,6,11,implied_by
1,2759,58,16,11,implied_by
1,2760,43,38,12,not_a
1,2761,70,57,13,implies
1,2762,75,5,6,xor
1,2763,76,66,6,xor
1,2764,47,54,15,one
1,2765,38,77,12,not_a
1,2766,22,10,2,not_implies
1,2767,13,22,8,not_or
1,2768,2,26,12,not_a
1,2769,58,12,4,not_implied_by
1,2770,40,46,3,a
1,2771,7,85,10,not_b
1,2772,28,45,10,not_b
1,2773,79,87,2,not_implies
1,2774,28,14,11,implied_by
1,2775,41,40,15,one
1,2776,14,30,12,not_a
1,2777,66,36,9,not_xor
1,2778,11,60,15,one
1,2779,58,29,12,not_a
1,2780,68,52,1,and
1,2781,23,63,12,not_a
1,2782,36,19,11,implied_by
1,2783,37,23,9,not_xor
1,2784,49,27,13,implies
1,2785,77,12,12,not_a
1,2786,61,20,10,not_b
1,2787,56,65,13,implies
1,2788,1,84,7,or
1,2789,33,64,15,one
1,2790,85,65,14,not_and
1,2791,58,36,9,not_xor
1,2792,24,12,2,not_implies
1,2793,30,15,3,a
1,2794,12,42,5,b
1,2795,56,59,5,b
1,2796,32,44,10,not_b
1,2797,46,3,5,b
1,2798,58,35,12,not_a
1,2799,83,59,1,and
1,2800,63,30,13,implies
1,2801,66,75,13,implies
1,2802,52,20,10,not_b
1,2803,4,70,2,not_implies
1,2804,11,2,14,not_and
1,2805,13,47,11,implied_by
1,2806,85,12,12,not_a
1,2807,53,65,13,implies
1,2808,89,13,13,implies
1,2809,74,83,6,xor
1,2810,79,44,5,b
1,2811,52,76,11,implied_by
1,2812,25,4,4,not_implied_by
1,2813,58,15,9,not_xor
1,2814,24,76,9,not_xor
1,2815,11,55,10,not_b
1,2816,88,13,2,not_implies
1,2817,18,85,3,a
1,2818,13,26,5,b
1,2819,53,57,7,or
1,2820,7,68,13,implies
1,2821,49,80,9,not_xor
1,2822,28,4,1,and
1,2823,34,15,5,b
1,2824,4,58,2,not_implies
1,2825,9,72,5,b
1,2826,84,70,10,not_b
1,2827,87,48,14,not_and
1,2828,63,29,13,implies
1,2829,27,51,0,zero
1,2830,89,33,7,or
1,2831,32,16,8,not_or
1,2832,54,35,6,xor
1,2833,59,35,9,not_xor
1,2834,81,3,4,not_implied_by
1,2835,35,1,10,not_b
1,2836,39,39,14,not_and
1,2837,47,15,7,or
1,2838,67,53,11,implied_by
1,2839,67,25,7,or
1,2840,80,45,5,b
1,2841,74,4,2,not_implies
1,2842,5,30,1,and
1,2843,50,56,2,not_implies
1,2844,15,16,6,xor
1,2845,49,48,12,not_a
1,2846,27,43,7,or
1,2847,82,88,7,or
1,2848,19,73,5,b
1,2849,29,87,14,not_and
1,2850,51,47,4,not_implied_by
1,2851,82,21,6,xor
1,2852,26,59,12,not_a
1,2853,44,63,9,not_xor
1,2854,56,35,14,not_and
1,2855,72,46,10,not_b
1,2856,9,47,10,not_b
1,2857,69,42,13,implies
1,2858,41,66,9,not_xor
1,2859,40,44,13,implies
1,2860,58,81,13,implies
1,2861,35,79,8,not_or
1,2862,4,59,2,not_implies
1,2863,44,37,4,not_implied_by
1,2864,59,81,3,a
1,2865,28,9,2,not_implies
1,2866,44,47,6,xor
1,2867,15,56,1,and
1,2868,50,88,9,not_xor
1,2869,86,10,6,xor
1,2870,71,21,7,or
1,2871,46,78,13,implies
1,2872,7,62,12,not_a
1,2873,88,63,15,one
1,2874,1,66,6,xor
1,2875,11,56,0,zero
1,2876,46,78,11,implied_by
1,2877,2,26,13,implies
1,2878,0,15,14,not_and
1,2879,55,89,4,not_implied_by
1,2880,13,33,2,not_implies
1,2881,55,1,6,xor
1,2882,27,88,1,and
1,2883,68,18,6,xor
1,2884,54,20,10,not_b
1,2885,57,64,2,not_implies
1,2886,82,77,4,not_implied_by
1,2887,40,78,7,or
1,2888,5,18,13,implies
1,2889,68,59,10,not_b
1,2890,47,47,5,b
1,2891,52,48,4,not_implied_by
1,2892,38,30,2,not_implies
1,2893,12,16,15,one
1,2894,15,23,13,implies
1,2895,15,36,12,not_a
1,2896,31,82,10,not_b
1,2897,78,70,7,or
1,2898,46,31,15,one
1,2899,78,39,10,not_b
1,2900,26,55,5,b
1,2901,30,44,5,b
1,2902,19,52,1,and
1,2903,85,51,13,implies
1,2904,1,19,11,implied_by
1,2905,59,13,8,not_or
1,2906,53,79,10,not_b
1,2907,59,9,6,xor
1,2908,80,19,9,not_xor
1,2909,79,82,5,b
1,2910,25,0,7,or
1,2911,69,31,5,b
1,2912,41,84,3,a
1,2913,53,60,2,not_implies
1,2914,74,75,12,not_a
1,2915,39,82,3,a
1,2916,43,7,10,not_b
1,2917,57,36,1,and
1,2918,39,68,4,not_implied_by
1,2919,36,84,13,implies
1,2920,39,9,15,one
1,2921,41,55,1,and
1,2922,81,78,2,not_implies
1,2923,79,36,10,not_b
1,2924,67,71,0,zero
1,2925,74,57,3,a
1,2926,13,71,5,b
1,2927,88,11,9,not_xor
1,2928,30,78,15,one
1,2929,40,20,10,not_b
1,2930,57,58,4,not_implied_by
1,2931,27,4,3,a
1,2932,30,37,14,not_and
1,2933,47,47,2,not_implies
1,2934,27,36,5,b
1,2935,52,27,0,zero
1,2936,70,45,11,implied_by
1,2937,85,22,7,or
1,2938,72,31,7,or
1,2939,70,73,1,and
1,2940,23,32,4,not_implied_by
1,2941,36,84,4,not_implied_by
1,2942,4,23,7,or
1,2943,38,77,3,a
1,2944,10,26,10,not_b
1,2945,0,33,11,implied_by
1,2946,45,40,5,b
1,2947,75,3,5,b
1,2948,33,24,7,or
1,2949,24,65,0,zero
1,2950,2,48,13,implies
1,2951,61,84,10,not_b
1,2952,89,8,9,not_xor
1,2953,80,32,8,not_or
1,2954,23,67,7,or
1,2955,42,40,5,b
1,2956,88,70,8,not_or
1,2957,58,74,6,xor
1,2958,16,56,6,xor
1,2959,36,57,8,not_or
1,2960,30,65,0,zero
1,2961,83,33,13,implies
1,2962,29,7,10,not_b
1,2963,37,79,15,one
1,2964,26,24,10,not_b
1,2965,47,7,12,not_a
1,2966,7,19,4,not_implied_by
1,2967,72,32,12,not_a
1,2968,75,71,6,xor
1,2969,50,11,11,implied_by
1,2970,7,22,8,not_or
1,2971,54,51,7,or
1,2972,89,77,14,not_and
1,2973,36,18,11,implied_by
1,2974,57,51,2,not_implies
1,2975,37,9,8,not_or
1,2976,76,30,12,not_a
1,2977,25,13,10,not_b
1,2978,68,40,15,one
1,2979,18,50,1,and
1,2980,40,69,2,not_implies
1,2981,81,43,12,not_a
1,2982,72,80,9,not_xor
1,2983,82,64,7,or
1,2984,60,75,13,implies
1,2985,84,57,9,not_xor
1,2986,29,28,2,not_implies
1,2987,28,74,6,xor
1,2988,50,44,3,a
1,2989,37,86,5,b
1,2990,69,69,14,not_and
1,2991,86,51,9,not_xor
1,2992,83,73,7,or
1,2993,74,65,13,implies
1,2994,75,88,12,not_a
1,2995,67,28,4,not_implied_by
1,2996,60,48,14,not_and
1,2997,67,80,8,not_or
1,2998,56,77,0,zero
1,2999,80,55,14,not_and
1,3000,72,86,10,not_b
1,3001,52,46,1,and
1,3002,10,9,13,implies
1,3003,35,83,9,not_xor
1,3004,2,44,10,not_b
1,3005,28,86,15,one
1,3006,67,32,4,not_implied_by
1,3007,71,44,13,implies
1,3008,17,19,15,one
1,3009,2,79,9,not_xor
1,3010,86,13,8,not_or
1,3011,89,26,13,implies
1,3012,66,5,13,implies
1,3013,76,67,12,not_a
1,3014,65,70,13,implies
1,3015,44,85,9,not_xor
1,3016,86,9,0,zero
1,3017,44,88,3,a
1,3018,31,62,14,not_and
1,3019,16,75,3,a
1,3020,2,64,7,or
1,3021,9,51,5,b
1,3022,54,43,4,not_implied_by
1,3023,35,60,10,not_b
1,3024,41,88,11,implied_by
1,3025,7,72,6,xor
1,3026,73,35,1,and
1,3027,40,34,12,not_a
1,3028,78,43,15,one
1,3029,22,88,2,not_implies
1,3030,27,47,3,a
1,3031,4,8,11,implied_by
1,3032,85,14,14,not_and
1,3033,85,57,12,not_a
1,3034,59,72,14,not_and
1,3035,61,77,6,xor
1,3036,17,80,7,or
1,3037,61,69,4,not_implied_by
1,3038,14,9,13,implies
1,3039,5,10,12,not_a
1,3040,78,49,11,implied_by
1,3041,46,85,13,implies
1,3042,42,34,9,not_xor
1,3043,74,35,0,zero
1,3044,41,40,6,xor
1,3045,64,61,12,not_a
1,3046,17,41,7,or
1,3047,37,22,4,not_implied_by
1,3048,85,36,11,implied_by
1,3049,20,88,13,implies
1,3050,42,58,3,a
1,3051,5,71,14,not_and
1,3052,48,79,2,not_implies
1,3053,89,44,2,not_implies
1,3054,82,85,6,xor
1,3055,1,66,11,implied_by
1,3056,84,4,12,not_a
1,3057,44,59,3,a
1,3058,14,8,7,or
1,3059,27,24,6,xor
1,3060,4,13,10,not_b
1,3061,45,15,6,xor
1,3062,4,6,15,one
1,3063,86,79,6,xor
1,3064,75,57,15,one
1,3065,69,15,5,b
1,3066,50,22,2,not_implies
1,3067,80,8,14,not_and
1,3068,34,71,15,one
1,3069,36,57,3,a
1,3070,68,56,11,implied_by
1,3071,4,50,1,and
1,3072,42,56,2,not_implies
1,3073,33,69,8,not_or
1,3074,19,3,2,not_implies
1,3075,84,62,5,b
1,3076,18,23,5,b
1,3077,63,9,1,and
1,3078,77,41,8,not_or
1,3079,17,4,4,not_implied_by
1,3080,78,54,4,not_implied_by
1,3081,63,75,15,one
1,3082,17,35,3,a
1,3083,14,39,1,and
1,3084,61,22,4,not_implied_by
1,3085,59,69,2,not_implies
1,3086,10,22,9,not_xor
1,3087,13,89,12,not_a
1,3088,62,80,3,a
1,3089,60,43,10,not_b
1,3090,38,42,10,not_b
1,3091,47,4,12,not_a
1,3092,46,72,8,not_or
1,3093,66,4,15,one
1,3094,36,56,6,xor
1,3095,73,13,5,b
1,3096,27,67,11,implied_by
1,3097,83,47,7,or
1,3098,38,83,1,and
1,3099,5,77,1,and
1,3100,45,85,5,b
1,3101,42,9,12,not_a
1,3102,23,62,12,not_a
1,3103,68,63,7,or
1,3104,69,77,2,not_implies
1,3105,77,75,7,or
1,3106,29,52,10,not_b
1,3107,64,84,0,zero
1,3108,31,76,12,not_a
1,3109,85,29,4,not_implied_by
1,3110,23,81,12,not_a
1,3111,76,6,12,not_a
1,3112,76,76,13,implies
1,3113,12,2,5,b
1,3114,8,49,9,not_xor
1,3115,68,82,9,not_xor
1,3116,44,20,9,not_xor
1,3117,6,15,4,not_implied_by
1,3118,88,27,0,zero
1,3119,57,70,5,b
1,3120,25,58,9,not_xor
1,3121,19,42,6,xor
1,3122,48,25,15,one
1,3123,5,42,7,or
1,3124,81,55,1,and
1,3125,11,2,14,not_and
1,3126,46,13,5,b
1,3127,48,42,5,b
1,3128,43,70,0,zero
1,3129,76,81,13,implies
1,3130,45,43,9,not_xor
1,3131,88,39,10,not_b
1,3132,71,1,5,b
1,3133,48,63,8,not_or
1,3134,17,67,2,not_implies
1,3135,49,56,6,xor
1,3136,38,64,2,not_implies
1,3137,68,80,14,not_and
1,3138,88,12,6,xor
1,3139,59,71,10,not_b
1,3140,18,68,6,xor
1,3141,62,0,5,b
1,3142,13,87,8,not_or
1,3143,40,58,2,not_implies
1,3144,78,36,6,xor
1,3145,55,51,7,or
1,3146,68,39,9,not_xor
1,3147,17,26,7,or
1,3148,17,68,4,not_implied_by
1,3149,47,35,6,xor
1,3150,6,89,15,one
1,3151,82,41,6,xor
1,3152,50,78,11,implied_by
1,3153,84,78,4,not_implied_by
1,3154,42,58,12,not_a
1,3155,51,70,7,or
1,3156,36,72,7,or
1,3157,86,35,8,not_or
1,3158,75,47,0,zero
1,3159,79,78,13,implies
1,3160,51,8,6,xor
1,3161,88,67,2,not_implies
1,3162,61,16,15,one
1,3163,10,20,6,xor
1,3164,66,28,3,a
1,3165,38,46,12,not_a
1,3166,31,67,13,implies
1,3167,22,2,11,implied_by
1,3168,5,39,15,one
1,3169,26,44,2,not_implies
1,3170,9,3,14,not_and
1,3171,22,37,13,implies
1,3172,39,50,6,xor
1,3173,25,33,11,implied_by
1,3174,26,1,4,not_implied_by
1,3175,72,44,9,not_xor
1,3176,29,74,6,xor
1,3177,4,41,1,and
1,3178,86,41,8,not_or
1,3179,14,80,9,not_xor
1,3180,56,78,3,a
1,3181,55,5,13,implies
1,3182,40,6,6,xor
1,3183,11,10,11,implied_by
1,3184,16,47,5,b
1,3185,55,24,0,zero
1,3186,44,29,14,not_and
1,3187,7,1,15,one
1,3188,9,41,11,implied_by
1,3189,22,8,14,not_and
1,3190,42,63,9,not_xor
1,3191,54,82,7,or
1,3192,88,0,5,b
1,3193,44,80,5,b
1,3194,81,55,10,not_b
1,3195,12,33,5,b
1,3196,6,16,1,and
1,3197,64,54,13,implies
1,3198,13,81,14,not_and
1,3199,85,79,9,not_xor
1,3200,68,84,8,not_or
1,3201,6,3,0,zero
1,3202,76,38,6,xor
1,3203,50,16,0,zero
1,3204,64,12,0,zero
1,3205,35,21,10,not_b
1,3206,9,32,0,zero
1,3207,21,49,8,not_or
1,3208,43,40,11,implied_by
1,3209,87,80,10,not_b
1,3210,77,8,13,implies
1,3211,80,9,7,or
1,3212,41,82,2,not_implies
1,3213,22,51,3,a
1,3214,73,17,9,not_xor
1,3215,42,71,6,xor
1,3216,2,72,6,xor
1,3217,62,3,4,not_implied_by
1,3218,46,34,9,not_xor
1,3219,40,49,8,not_or
1,3220,48,36,8,not_or
1,3221,45,64,12,not_a
1,3222,81,36,13,implies
1,3223,47,79,4,not_implied_by
1,3224,84,14,9,not_xor
1,3225,55,26,6,xor
1,3226,20,8,6,xor
1,3227,60,27,13,implies
1,3228,11,44,13,implies
1,3229,86,27,11,implied_by
1,3230,57,88,10,not_b
1,3231,7,8,15,one
1,3232,70,39,8,not_or
1,3233,25,66,0,zero
1,3234,0,11,4,not_implied_by
1,3235,62,84,14,not_and
1,3236,47,36,13,implies
1,3237,17,80,1,and
1,3238,19,16,6,xor
1,3239,47,41,6,xor
1,3240,44,78,12,not_a
1,3241,1,83,11,implied_by
1,3242,21,38,6,xor
1,3243,59,16,12,not_a
1,3244,61,71,5,b
1,3245,26,2,12,not_a
1,3246,22,7,7,or
1,3247,62,42,9,not_xor
1,3248,71,37,2,not_implies
1,3249,3,34,6,xor
1,3250,27,19,10,not_b
1,3251,88,6,1,and
1,3252,67,54,12,not_a
1,3253,72,17,6,xor
1,3254,86,43,2,not_implies
1,3255,45,21,3,a
1,3256,66,13,1,and
1,3257,46,48,14,not_and
1,3258,67,69,10,not_b
1,3259,16,89,7,or
1,3260,83,30,4,not_implied_by
1,3261,46,4,10,not_b
1,3262,64,78,9,not_xor
1,3263,42,52,6,xor
1,3264,47,29,5,b
1,3265,65,72,10,not_b
1,3266,36,7,7,or
1,3267,6,28,4,not_implied_by
1,3268,76,44,11,implied_by
1,3269,11,67,3,a
1,3270,58,55,9,not_xor
1,3271,77,73,6,xor
1,3272,37,24,1,and
1,3273,37,68,1,and
1,3274,69,55,12,not_a
1,3275,55,70,3,a
1,3276,63,56,1,and
1,3277,86,48,6,xor
1,3278,53,56,11,implied_by
1,3279,54,55,5,b
1,3280,53,63,9,not_xor
1,3281,74,79,14,not_and
1,3282,69,69,8,not_or
1,3283,31,8,4,not_implied_by
1,3284,55,21,5,b
1,3285,44,41,11,implied_by
1,3286,46,30,0,zero
1,3287,9,4,15,one
1,3288,10,42,8,not_or
1,3289,87,47,6,xor
1,3290,57,37,10,not_b
1,3291,17,8,4,not_implied_by
1,3292,30,1,3,a
1,3293,48,55,0,zero
1,3294,29,3,9,not_xor
1,3295,16,86,8,not_or
1,3296,42,43,2,not_implies
1,3297,4,35,2,not_implies
1,3298,60,77,9,not_xor
1,3299,59,18,13,implies
1,3300,81,41,10,not_b
1,3301,32,10,12,not_a
1,3302,72,67,7,or
1,3303,71,86,2,not_implies
1,3304,44,4,14,not_and
1,3305,35,40,2,not_implies
1,3306,53,73,15,one
1,3307,69,89,11,implied_by
1,3308,33,5,8,not_or
1,3309,34,31,11,implied_by
1,3310,45,6,9,not_xor
1,3311,27,75,9,not_xor
1,3312,24,34,13,implies
1,3313,83,87,13,implies
1,3314,35,54,3,a
1,3315,65,57,5,b
1,3316,27,29,14,not_and
1,3317,6,50,6,xor
1,3318,83,87,8,not_or
1,3319,18,23,10,not_b
1,3320,65,15,13,implies
1,3321,40,25,9,not_xor
1,3322,9,38,4,not_implied_by
1,3323,75,64,0,zero
1,3324,54,30,4,not_implied_by
1,3325,36,34,13,implies
1,3326,70,27,12,not_a
1,3327,57,89,4,not_implied_by
1,3328,79,73,0,zero
1,3329,15,10,0,zero
1,3330,49,81,9,not_xor
1,3331,49,20,11,implied_by
1,3332,76,52,12,not_a
1,3333,73,31,7,or
1,3334,75,6,3,a
1,3335,35,43,4,not_implied_by
1,3336,5,81,14,not_and
1,3337,10,67,9,not_xor
1,3338,42,24,6,xor
1,3339,16,21,5,b
1,3340,45,80,2,not_implies
1,3341,82,83,10,not_b
1,3342,49,12,5,b
1,3343,83,20,14,not_and
1,3344,72,51,7,or
1,3345,81,38,9,not_xor
1,3346,20,83,3,a
1,3347,15,6,13,implies
1,3348,39,47,12,not_a
1,3349,30,35,2,not_implies
1,3350,43,2,14,not_and
1,3351,27,61,1,and
1,3352,23,21,2,not_implies
1,3353,10,18,14,not_and
1,3354,54,81,4,not_implied_by
1,3355,34,6,10,not_b
1,3356,61,57,0,zero
1,3357,21,14,3,a
1,3358,19,47,10,not_b
1,3359,7,85,11,implied_by
1,3360,39,18,13,implies
1,3361,13,36,5,b
1,3362,51,44,7,or
1,3363,60,21,15,one
1,3364,21,65,14,not_and
1,3365,6,33,8,not_or
1,3366,31,66,14,not_and
1,3367,1,63,5,b
1,3368,13,9,5,b
1,3369,79,21,11,implied_by
1,3370,36,20,10,not_b
1,3371,2,45,3,a
1,3372,24,60,1,and
1,3373,18,74,3,a
1,3374,18,51,6,xor
1,3375,24,54,6,xor
1,3376,43,58,9,not_xor
1,3377,79,83,0,zero
1,3378,66,55,5,b
1,3379,43,50,3,a
1,3380,27,58,10,not_b
1,3381,29,14,6,xor
1,3382,74,76,1,and
1,3383,39,67,6,xor
1,3384,0,5,15,one
1,3385,53,15,14,not_and
1,3386,21,65,3,a
1,3387,6,56,6,xor
1,3388,85,69,14,not_and
1,3389,66,45,6,xor
1,3390,31,8,10,not_b
1,3391,50,11,3,a
1,3392,6,15,10,not_b
1,3393,31,87,5,b
1,3394,11,30,4,not_implied_by
1,3395,35,77,13,implies
1,3396,13,10,6,xor
1,3397,76,59,7,or
1,3398,34,57,0,zero
1,3399,57,41,11,implied_by
1,3400,85,36,8,not_or
1,3401,61,9,5,b
1,3402,26,54,9,not_xor
1,3403,65,49,7,or
1,3404,84,29,11,implied_by
1,3405,13,77,11,implied_by
1,3406,84,21,1,and
1,3407,79,54,7,or
1,3408,51,83,6,xor
1,3409,6,33,10,not_b
1,3410,79,34,9,not_xor
1,3411,43,20,1,and
1,3412,2,39,0,zero
1,3413,51,21,10,not_b
1,3414,21,53,3,a
1,3415,51,25,0,zero
1,3416,28,31,12,not_a
1,3417,6,84,0,zero
1,3418,65,48,14,not_and
1,3419,11,78,1,and
1,3420,29,79,1,and
1,3421,81,83,11,implied_by
1,3422,77,2,6,xor
1,3423,65,23,13,implies
1,3424,82,33,8,not_or
1,3425,73,16,9,not_xor
1,3426,20,59,7,or
1,3427,44,43,7,or
1,3428,75,19,10,not_b
1,3429,57,50,13,implies
1,3430,69,76,8,not_or
1,3431,30,35,14,not_and
1,3432,50,65,9,not_xor
1,3433,71,30,14,not_and
1,3434,85,48,13,implies
1,3435,28,24,11,implied_by
1,3436,71,4,7,or
1,3437,67,77,11,implied_by
1,3438,42,12,6,xor
1,3439,31,45,8,not_or
1,3440,61,22,4,not_implied_by
1,3441,20,5,12,not_a
1,3442,20,42,10,not_b
1,3443,1,11,15,one
1,3444,9,84,10,not_b
1,3445,5,74,6,xor
1,3446,28,70,9,not_xor
1,3447,88,64,12,not_a
1,3448,62,43,8,not_or
1,3449,54,0,2,not_implies
1,3450,10,68,7,or
1,3451,84,85,7,or
1,3452,2,71,6,xor
1,3453,59,66,6,xor
1,3454,64,70,5,b
1,3455,42,85,1,and
1,3456,33,76,3,a
1,3457,58,17,9,not_xor
1,3458,47,5,6,xor
1,3459,7,38,5,b
1,3460,75,83,8,not_or
1,3461,67,17,11,implied_by
1,3462,1,60,0,zero
1,3463,19,46,12,not_a
1,3464,66,24,8,not_or
1,3465,11,7,7,or
1,3466,78,72,2,not_implies
1,3467,86,53,11,implied_by
1,3468,76,66,6,xor
1,3469,52,2,0,zero
1,3470,87,75,10,not_b
1,3471,53,79,0,zero
1,3472,61,34,1,and
1,3473,86,79,13,implies
1,3474,20,82,7,or
1,3475,12,50,13,implies
1,3476,53,21,5,b
1,3477,4,10,9,not_xor
1,3478,78,3,14,not_and
1,3479,71,65,0,zero
1,3480,11,58,7,or
1,3481,52,13,6,xor
1,3482,5,57,15,one
1,3483,17,66,3,a
1,3484,50,46,14,not_and
1,3485,55,9,7,or
1,3486,74,14,5,b
1,3487,7,88,6,xor
1,3488,50,58,0,zero
1,3489,29,60,9,not_xor
1,3490,61,51,13,implies
1,3491,44,21,2,not_implies
1,3492,28,62,12,not_a
1,3493,6,69,1,and
1,3494,61,12,14,not_and
1,3495,77,42,5,b
1,3496,40,68,5,b
1,3497,43,31,6,xor
1,3498,8,56,1,and
1,3499,89,86,6,xor
1,3500,51,77,7,or
1,3501,84,43,1,and
1,3502,81,44,11,implied_by
1,3503,53,61,14,not_and
1,3504,31,46,15,one
1,3505,63,35,9,not_xor
1,3506,41,46,8,not_or
1,3507,34,35,10,not_b
1,3508,53,40,5,b
1,3509,70,80,8,not_or
1,3510,19,11,6,xor
1,3511,20,56,2,not_implies
1,3512,34,69,2,not_implies
1,3513,59,36,2,not_implies
1,3514,8,5,9,not_xor
1,3515,2,17,13,implies
1,3516,75,71,6,xor
1,3517,63,33,6,xor
1,3518,24,8,4,not_implied_by
1,3519,67,16,14,not_and
1,3520,20,65,12,not_a
1,3521,36,45,5,b
1,3522,89,74,4,not_implied_by
1,3523,64,42,8,not_or
1,3524,59,61,5,b
1,3525,3,68,2,not_implies
1,3526,73,84,0,zero
1,3527,54,76,6,xor
1,3528,11,81,11,implied_by
1,3529,21,58,3,a
1,3530,45,33,1,and
1,3531,34,45,9,not_xor
1,3532,39,21,12,not_a
1,3533,45,49,1,and
1,3534,27,41,9,not_xor
1,3535,50,43,14,not_and
1,3536,81,9,8,not_or
1,3537,44,69,6,xor
1,3538,7,50,8,not_or
1,3539,31,69,12,not_a
1,3540,67,20,7,or
1,3541,68,25,3,a
1,3542,50,38,5,b
1,3543,17,84,2,not_implies
1,3544,7,87,14,not_and
1,3545,51,48,14,not_and
1,3546,72,55,15,one
1,3547,84,34,11,implied_by
1,3548,38,20,8,not_or
1,3549,52,42,7,or
1,3550,22,14,6,xor
1,3551,33,37,3,a
1,3552,44,74,1,and
1,3553,29,73,2,not_implies
1,3554,1,48,10,not_b
1,3555,52,77,5,b
1,3556,72,24,11,implied_by
1,3557,7,30,4,not_implied_by
1,3558,73,58,9,not_xor
1,3559,30,57,12,not_a
1,3560,63,37,3,a
1,3561,45,57,8,not_or
1,3562,47,33,8,not_or
1,3563,17,34,2,not_implies
1,3564,53,36,11,implied_by
1,3565,14,24,10,not_b
1,3566,10,79,2,not_implies
1,3567,35,55,1,and
1,3568,55,62,3,a
1,3569,19,50,12,not_a
1,3570,70,86,6,xor
1,3571,46,40,4,not_implied_by
1,3572,49,74,8,not_or
1,3573,54,25,11,implied_by
1,3574,87,0,7,or
1,3575,63,22,8,not_or
1,3576,78,33,1,and
1,3577,34,23,11,implied_by
1,3578,63,26,11,implied_by
1,3579,21,57,12,not_a
1,3580,59,36,11,implied_by
1,3581,48,70,3,a
1,3582,73,67,3,a
1,3583,39,16,7,or
1,3584,42,55,9,not_xor
1,3585,79,33,3,a
1,3586,80,53,10,not_b
1,3587,23,69,3,a
1,3588,20,59,3,a
1,3589,20,35,6,xor
1,3590,60,57,8,not_or
1,3591,70,8,6,xor
1,3592,35,67,11,implied_by
1,3593,70,40,6,xor
1,3594,89,60,8,not_or
1,3595,20,89,1,and
1,3596,21,64,12,not_a
1,3597,5,32,8,not_or
1,3598,11,69,13,implies
1,3599,17,86,7,or
1,3600,59,58,15,one
1,3601,85,55,3,a
1,3602,57,79,12,not_a
1,3603,33,27,6,xor
1,3604,72,9,12,not_a
1,3605,23,18,4,not_implied_by
1,3606,73,75,9,not_xor
1,3607,9,20,11,implied_by
1,3608,80,64,13,implies
1,3609,19,82,2,not_implies
1,3610,42,26,12,not_a
1,3611,81,32,3,a
1,3612,71,67,3,a
1,3613,32,48,1,and
1,3614,15,9,12,not_a
1,3615,20,12,13,implies
1,3616,49,63,10,not_b
1,3617,15,41,2,not_implies
1,3618,45,38,13,implies
1,3619,15,87,8,not_or
1,3620,5,16,7,or
1,3621,49,23,6,xor
1,3622,54,68,2,not_implies
1,3623,22,6,12,not_a
1,3624,4,72,13,implies
1,3625,14,32,0,zero
1,3626,64,86,4,not_implied_by
1,3627,45,59,4,not_implied_by
1,3628,78,82,2,not_implies
1,3629,70,26,3,a
1,3630,81,54,9,not_xor
1,3631,48,24,14,not_and
1,3632,51,63,13,implies
1,3633,19,25,12,not_a
1,3634,36,14,3,a
1,3635,6,86,5,b
1,3636,11,24,14,not_and
1,3637,29,47,9,not_xor
1,3638,38,2,11,implied_by
1,3639,59,42,1,and
1,3640,67,23,7,or
1,3641,4,63,1,and
1,3642,83,75,5,b
1,3643,4,0,2,not_implies
1,3644,17,25,2,not_implies
1,3645,32,0,2,not_implies
1,3646,71,44,9,not_xor
1,3647,32,47,5,b
1,3648,34,75,6,xor
1,3649,10,3,6,xor
1,3650,65,47,13,implies
1,3651,86,76,13,implies
1,3652,39,71,11,implied_by
1,3653,21,74,12,not_a
1,3654,28,14,0,zero
1,3655,61,15,9,not_xor
1,3656,27,26,10,not_b
1,3657,70,31,13,implies
1,3658,35,77,12,not_a
1,3659,21,58,12,not_a
1,3660,21,35,1,and
1,3661,34,87,1,and
1,3662,23,50,3,a
1,3663,55,86,15,one
1,3664,62,37,1,and
1,3665,0,66,13,implies
1,3666,46,5,4,not_implied_by
1,3667,83,42,2,not_implies
1,3668,45,50,12,not_a
1,3669,5,30,2,not_implies
1,3670,26,33,12,not_a
1,3671,14,13,6,xor
1,3672,64,33,2,not_implies
1,3673,31,77,11,implied_by
1,3674,20,39,4,not_implied_by
1,3675,49,27,15,one
1,3676,57,47,8,not_or
1,3677,30,11,0,zero
1,3678,48,8,1,and
1,3679,18,48,7,or
1,3680,60,55,4,not_implied_by
1,3681,46,70,8,not_or
1,3682,25,64,12,not_a
1,3683,64,55,0,zero
1,3684,67,0,9,not_xor
1,3685,56,88,11,implied_by
1,3686,16,40,4,not_implied_by
1,3687,51,13,8,not_or
1,3688,70,15,8,not_or
1,3689,67,20,8,not_or
1,3690,45,31,15,one
1,3691,55,70,7,or
1,3692,63,78,6,xor
1,3693,78,64,4,not_implied_by
1,3694,87,80,0,zero
1,3695,80,87,15,one
1,3696,77,15,11,implied_by
1,3697,18,10,8,not_or
1,3698,70,70,4,not_implied_by
1,3699,28,55,13,implies
1,3700,42,76,6,xor
1,3701,43,15,10,not_b
1,3702,53,35,4,not_implied_by
1,3703,85,13,13,implies
1,3704,36,59,8,not_or
1,3705,22,5,4,not_implied_by
1,3706,50,9,10,not_b
1,3707,50,38,10,not_b
1,3708,48,4,3,a
1,3709,25,65,6,xor
1,3710,21,2,4,not_implied_by
1,3711,60,67,4,not_implied_by
1,3712,52,35,9,not_xor
1,3713,50,5,11,implied_by
1,3714,52,55,8,not_or
1,3715,63,88,6,xor
1,3716,42,83,11,implied_by
1,3717,57,27,9,not_xor
1,3718,26,86,1,and
1,3719,80,4,13,implies
1,3720,34,36,11,implied_by
1,3721,9,62,13,implies
1,3722,4,32,2,not_implies
1,3723,24,44,1,and
1,3724,30,30,13,implies
1,3725,53,50,1,and
1,3726,69,32,11,implied_by
1,3727,26,39,6,xor
1,3728,71,15,1,and
1,3729,27,82,3,a
1,3730,8,74,10,not_b
1,3731,36,58,10,not_b
1,3732,87,62,8,not_or
1,3733,7,76,10,not_b
1,3734,64,48,1,and
1,3735,79,30,2,not_implies
1,3736,5,83,8,not_or
1,3737,2,80,6,xor
1,3738,9,56,3,a
1,3739,4,41,6,xor
1,3740,66,29,12,not_a
1,3741,76,46,3,a
1,3742,38,6,8,not_or
1,3743,18,62,4,not_implied_by
1,3744,75,51,7,or
1,3745,58,68,14,not_and
1,3746,38,0,15,one
1,3747,23,80,12,not_a
1,3748,21,89,4,not_implied_by
1,3749,57,24,5,b
1,3750,63,42,11,implied_by
1,3751,51,19,11,implied_by
1,3752,39,68,14,not_and
1,3753,41,4,4,not_implied_by
1,3754,85,84,6,xor
1,3755,77,58,0,zero
1,3756,73,19,4,not_implied_by
1,3757,62,68,15,one
1,3758,28,1,8,not_or
1,3759,47,59,14,not_and
1,3760,13,75,9,not_xor
1,3761,29,22,5,b
1,3762,78,3,9,not_xor
1,3763,17,73,9,not_xor
1,3764,35,28,0,zero
1,3765,41,13,2,not_implies
1,3766,71,74,0,zero
1,3767,66,69,7,or
1,3768,25,60,6,xor
1,3769,83,80,13,implies
1,3770,1,9,11,implied_by
1,3771,34,70,4,not_implied_by
1,3772,16,25,1,and
1,3773,7,87,14,not_and
1,3774,30,47,11,implied_by
1,3775,4,78,13,implies
1,3776,69,31,0,zero
1,3777,10,8,8,not_or
1,3778,30,62,8,not_or
1,3779,31,13,6,xor
1,3780,3,66,4,not_implied_by
1,3781,89,66,13,implies
1,3782,64,35,8,not_or
1,3783,8,4,2,not_implies
1,3784,66,30,0,zero
1,3785,88,73,15,one
1,3786,39,30,7,or
1,3787,85,19,10,not_b
1,3788,2,53,3,a
1,3789,35,69,12,not_a
1,3790,7,10,6,xor
1,3791,31,61,14,not_and
1,3792,9,39,10,not_b
1,3793,52,8,1,and
1,3794,46,46,1,and
1,3795,67,52,2,not_implies
1,3796,86,66,12,not_a
1,3797,26,65,8,not_or
1,3798,19,8,1,and
1,3799,73,16,9,not_xor
1,3800,21,57,2,not_implies
1,3801,43,61,11,implied_by
1,3802,66,49,9,not_xor
1,3803,59,0,6,xor
1,3804,4,77,15,one
1,3805,4,7,13,implies
1,3806,30,8,15,one
1,3807,33,26,6,xor
1,3808,83,82,7,or
1,3809,24,71,3,a
1,3810,57,48,9,not_xor
1,3811,75,30,8,not_or
1,3812,48,42,10,not_b
1,3813,39,10,9,not_xor
1,3814,68,18,11,implied_by
1,3815,83,11,11,implied_by
1,3816,54,29,15,one
1,3817,38,68,12,not_a
1,3818,88,1,13,implies
1,3819,30,28,9,not_xor
1,3820,42,37,9,not_xor
1,3821,19,4,13,implies
1,3822,30,85,5,b
1,3823,24,89,13,implies
1,3824,74,5,13,implies
1,3825,25,39,12,not_a
1,3826,16,83,5,b
1,3827,65,63,12,not_a
1,3828,58,10,10,not_b
1,3829,28,41,6,xor
1,3830,87,70,13,implies
1,3831,5,22,5,b
1,3832,54,83,8,not_or
1,3833,2,15,11,implied_by
1,3834,75,10,8,not_or
1,3835,4,37,2,not_implies
1,3836,36,60,14,not_and
1,3837,79,64,4,not_implied_by
1,3838,75,49,9,not_xor
1,3839,42,1,6,xor
1,3840,67,72,3,a
1,3841,54,5,10,not_b
1,3842,0,8,1,and
1,3843,11,28,0,zero
1,3844,67,59,5,b
1,3845,63,30,9,not_xor
1,3846,64,25,12,not_a
1,3847,28,22,4,not_implied_by
1,3848,48,0,10,not_b
1,3849,68,68,15,one
1,3850,3,5,0,zero
1,3851,79,22,10,not_b
1,3852,39,15,1,and
1,3853,63,12,5,b
1,3854,37,31,5,b
1,3855,27,51,6,xor
1,3856,36,80,3,a
1,3857,41,68,9,not_xor
1,3858,35,85,5,b
1,3859,56,9,11,implied_by
1,3860,65,60,0,zero
1,3861,83,37,7,or
1,3862,36,77,6,xor
1,3863,15,73,9,not_xor
1,3864,60,31,13,implies
1,3865,3,79,3,a
1,3866,70,50,7,or
1,3867,65,6,0,zero
1,3868,39,5,12,not_a
1,3869,52,49,1,and
1,3870,53,46,6,xor
1,3871,71,22,13,implies
1,3872,22,24,11,implied_by
1,3873,51,64,2,not_implies
1,3874,41,81,2,not_implies
1,3875,65,58,7,or
1,3876,15,56,8,not_or
1,3877,42,0,3,a
1,3878,20,13,8,not_or
1,3879,28,32,2,not_implies
1,3880,40,71,9,not_xor
1,3881,81,3,13,implies
1,3882,3,85,6,xor
1,3883,66,3,13,implies
1,3884,20,12,8,not_or
1,3885,1,59,4,not_implied_by
1,3886,63,15,4,not_implied_by
1,3887,73,3,13,implies
1,3888,44,33,6,xor
1,3889,19,31,1,and
1,3890,51,27,6,xor
1,3891,73,37,12,not_a
1,3892,4,65,5,b
1,3893,87,21,0,zero
1,3894,71,13,9,not_xor
1,3895,39,35,12,not_a
1,3896,11,14,3,a
1,3897,60,70,12,not_a
1,3898,8,4,7,or
1,3899,87,29,7,or
1,3900,46,28,1,and
1,3901,7,88,1,and
1,3902,34,31,11,implied_by
1,3903,79,37,7,or
1,3904,48,54,11,implied_by
1,3905,89,23,13,implies
1,3906,52,2,11,implied_by
1,3907,88,89,9,not_xor
1,3908,44,31,3,a
1,3909,83,58,8,not_or
1,3910,29,44,2,not_implies
1,3911,2,4,14,not_and
1,3912,59,42,14,not_and
1,3913,46,68,5,b
1,3914,40,88,11,implied_by
1,3915,15,41,3,a
1,3916,62,25,4,not_implied_by
1,3917,2,13,12,not_a
1,3918,26,44,14,not_and
1,3919,38,13,14,not_and
1,3920,64,85,6,xor
1,3921,66,3,13,implies
1,3922,37,25,10,not_b
1,3923,11,46,15,one
1,3924,82,21,7,or
1,3925,78,30,2,not_implies
1,3926,14,72,13,implies
1,3927,29,60,6,xor
1,3928,66,59,3,a
1,3929,18,28,2,not_implies
1,3930,25,69,14,not_and
1,3931,66,89,4,not_implied_by
1,3932,45,35,4,not_implied_by
1,3933,52,13,12,not_a
1,3934,22,29,9,not_xor
1,3935,8,63,4,not_implied_by
1,3936,60,8,8,not_or
1,3937,68,60,4,not_implied_by
1,3938,16,35,7,or
1,3939,8,78,5,b
1,3940,14,72,9,not_xor
1,3941,79,25,12,not_a
1,3942,61,56,0,zero
1,3943,55,25,13,implies
1,3944,70,61,10,not_b
1,3945,53,21,5,b
1,3946,78,37,6,xor
1,3947,12,34,11,implied_by
1,3948,7,57,7,or
1,3949,24,33,9,not_xor
1,3950,42,35,3,a
1,3951,24,65,7,or
1,3952,56,74,13,implies
1,3953,47,55,12,not_a
1,3954,19,40,3,a
1,3955,17,19,11,implied_by
1,3956,27,6,7,or
1,3957,87,80,5,b
1,3958,46,51,8,not_or
1,3959,19,78,9,not_xor
1,3960,59,42,6,xor
1,3961,61,13,9,not_xor
1,3962,10,54,7,or
1,3963,26,35,14,not_and
1,3964,39,9,3,a
1,3965,19,16,1,and
1,3966,82,68,13,implies
1,3967,62,34,13,implies
1,3968,24,37,6,xor
1,3969,74,40,14,not_and
1,3970,59,26,14,not_and
1,3971,16,58,12,not_a
1,3972,55,48,9,not_xor
1,3973,42,18,3,a
1,3974,38,7,8,not_or
1,3975,4,49,3,a
1,3976,66,36,10,not_b
1,3977,75,12,9,not_xor
1,3978,85,43,11,implied_by
1,3979,51,60,14,not_and
1,3980,60,76,6,xor
1,3981,46,8,0,zero
1,3982,18,48,8,not_or
1,3983,51,31,5,b
1,3984,54,7,10,not_b
1,3985,84,60,13,implies
1,3986,5,43,13,implies
1,3987,2,52,12,not_a
1,3988,41,78,14,not_and
1,3989,17,51,2,not_implies
1,3990,60,60,4,not_implied_by
1,3991,43,36,2,not_implies
1,3992,35,69,1,and
1,3993,30,77,8,not_or
1,3994,83,12,2,not_implies
1,3995,30,29,9,not_xor
1,3996,57,29,0,zero
1,3997,64,52,13,implies
1,3998,40,8,3,a
1,3999,81,46,9,not_xor
1,4000,35,53,8,not_or
1,4001,71,5,15,one
1,4002,72,38,3,a
1,4003,39,13,3,a
1,4004,32,36,13,implies
1,4005,11,69,9,not_xor
1,4006,51,1,10,not_b
1,4007,58,16,2,not_implies
1,4008,65,33,9,not_xor
1,4009,68,4,11,implied_by
1,4010,21,1,13,implies
1,4011,34,83,4,not_implied_by
1,4012,31,89,8,not_or
1,4013,38,39,10,not_b
1,4014,51,70,10,not_b
1,4015,29,70,13,implies
1,4016,63,0,7,or
1,4017,37,15,8,not_or
1,4018,15,40,6,xor
1,4019,38,77,2,not_implies
1,4020,26,81,9,not_xor
1,4021,87,45,11,implied_by
1,4022,80,57,10,not_b
1,4023,36,4,12,not_a
1,4024,43,67,12,not_a
1,4025,3,88,13,implies
1,4026,40,53,9,not_xor
1,4027,36,11,12,not_a
1,4028,52,13,7,or
1,4029,28,42,10,not_b
1,4030,86,84,5,b
1,4031,23,54,6,xor
1,4032,69,21,9,not_xor
1,4033,61,82,0,zero
1,4034,73,36,2,not_implies
1,4035,39,21,12,not_a
1,4036,61,29,12,not_a
1,4037,24,58,8,not_or
1,4038,30,88,3,a
1,4039,74,61,6,xor
1,4040,48,66,5,b
1,4041,34,36,11,implied_by
1,4042,12,31,0,zero
1,4043,61,23,6,xor
1,4044,56,4,1,and
1,4045,18,66,0,zero
1,4046,83,36,13,implies
1,4047,49,2,6,xor
1,4048,4,67,2,not_implies
1,4049,77,15,4,not_implied_by
1,4050,4,24,10,not_b
1,4051,50,4,8,not_or
1,4052,27,60,13,implies
1,4053,16,18,5,b
1,4054,72,19,9,not_xor
1,4055,85,81,4,not_implied_by
1,4056,86,71,3,a
1,4057,6,7,8,not_or
1,4058,64,83,0,zero
1,4059,45,37,3,a
1,4060,31,4,11,implied_by
1,4061,88,69,7,or
1,4062,12,9,1,and
1,4063,6,45,4,not_implied_by
1,4064,74,45,6,xor
1,4065,55,65,6,xor
1,4066,8,61,7,or
1,4067,17,29,11,implied_by
1,4068,39,20,13,implies
1,4069,48,78,7,or
1,4070,48,66,15,one
1,4071,41,43,2,not_implies
1,4072,18,46,1,and
1,4073,84,19,5,b
1,4074,34,89,4,not_implied_by
1,4075,20,20,5,b
1,4076,83,74,6,xor
1,4077,85,87,6,xor
1,4078,68,72,2,not_implies
1,4079,76,22,7,or
1,4080,48,53,14,not_and
1,4081,6,53,7,or
1,4082,56,49,0,zero
1,4083,33,38,9,not_xor
1,4084,37,48,7,or
1,4085,11,41,14,not_and
1,4086,32,4,15,one
1,4087,20,38,14,not_and
1,4088,64,29,12,not_a
1,4089,81,13,14,not_and
1,4090,29,71,10,not_b
1,4091,3,71,15,one
1,4092,10,63,14,not_and
1,4093,11,19,5,b
1,4094,84,88,15,one
1,4095,31,15,4,not_implied_by
1,4096,69,7,11,implied_by
1,4097,47,8,4,not_implied_by
1,4098,45,31,9,not_xor
1,4099,56,15,5,b
1,4100,81,54,5,b
1,4101,73,31,13,implies
1,4102,25,9,11,implied_by
1,4103,78,2,8,not_or
1,4104,76,31,5,b
1,4105,39,5,6,xor
1,4106,58,77,5,b
1,4107,87,89,14,not_and
1,4108,61,78,12,not_a
1,4109,88,5,4,not_implied_by
1,4110,36,40,2,not_implies
1,4111,77,6,14,not_and
1,4112,82,38,5,b
1,4113,1,55,7,or
1,4114,84,24,11,implied_by
1,4115,4,86,4,not_implied_by
1,4116,54,62,2,not_implies
1,4117,4,63,10,not_b
1,4118,52,75,9,not_xor
1,4119,13,41,4,not_implied_by
1,4120,4,2,1,and
1,4121,60,83,15,one
1,4122,20,64,8,not_or
1,4123,61,20,7,or
1,4124,64,2,1,and
1,4125,24,5,3,a
1,4126,35,76,13,implies
1,4127,60,58,7,or
1,4128,18,69,6,xor
1,4129,82,34,9,not_xor
1,4130,40,85,12,not_a
1,4131,78,56,6,xor
1,4132,34,5,4,not_implied_by
1,4133,26,2,12,not_a
1,4134,0,85,14,not_and
1,4135,76,20,5,b
1,4136,23,39,3,a
1,4137,69,49,1,and
1,4138,84,69,2,not_implies
1,4139,25,77,5,b
1,4140,9,43,0,zero
1,4141,24,76,13,implies
1,4142,73,8,2,not_implies
1,4143,41,42,10,not_b
1,4144,57,19,10,not_b
1,4145,81,87,13,implies
1,4146,70,35,12,not_a
1,4147,28,85,11,implied_by
1,4148,47,79,2,not_implies
1,4149,64,40,11,implied_by
1,4150,42,19,8,not_or
1,4151,47,21,13,implies
1,4152,86,39,4,not_implied_by
1,4153,49,67,9,not_xor
1,4154,33,57,4,not_implied_by
1,4155,75,67,12,not_a
1,4156,47,77,11,implied_by
1,4157,30,77,1,and
1,4158,55,86,5,b
1,4159,52,36,4,not_implied_by
1,4160,28,18,3,a
1,4161,36,15,7,or
1,4162,70,53,3,a
1,4163,57,77,6,xor
1,4164,89,61,10,not_b
1,4165,35,16,6,xor
1,4166,58,80,12,not_a
1,4167,30,79,10,not_b
1,4168,36,56,1,and
1,4169,86,26,3,a
1,4170,69,40,5,b
1,4171,18,54,11,implied_by
1,4172,6,26,6,xor
1,4173,2,41,6,xor
1,4174,55,88,7,or
1,4175,1,65,3,a
1,4176,76,9,9,not_xor
1,4177,14,78,2,not_implies
1,4178,84,35,6,xor
1,4179,12,2,6,xor
1,4180,55,14,3,a
1,4181,85,36,14,not_and
1,4182,49,77,11,implied_by
1,4183,13,46,0,zero
1,4184,48,2,6,xor
1,4185,51,50,9,not_xor
1,4186,83,14,14,not_and
1,4187,73,3,4,not_implied_by
1,4188,54,63,5,b
1,4189,19,89,7,or
1,4190,88,34,14,not_and
1,4191,70,58,15,one
1,4192,54,84,6,xor
1,4193,45,24,2,not_implies
1,4194,11,67,0,zero
1,4195,63,16,14,not_and
1,4196,52,69,10,not_b
1,4197,83,75,2,not_implies
1,4198,63,60,12,not_a
1,4199,49,6,5,b
1,4200,22,1,7,or
1,4201,79,60,13,implies
1,4202,65,38,7,or
1,4203,21,7,3,a
1,4204,7,5,1,and
1,4205,25,28,15,one
1,4206,19,18,13,implies
1,4207,80,1,3,a
1,4208,55,58,9,not_xor
1,4209,0,48,5,b
1,4210,67,21,10,not_b
1,4211,33,29,0,zero
1,4212,57,10,11,implied_by
1,4213,39,12,11,implied_by
1,4214,28,50,1,and
1,4215,31,22,7,or
1,4216,54,59,1,and
1,4217,68,32,6,xor
1,4218,60,46,2,not_implies
1,4219,16,6,11,implied_by
1,4220,64,16,5,b
1,4221,74,89,7,or
1,4222,38,49,9,not_xor
1,4223,61,44,13,implies
1,4224,56,37,15,one
1,4225,5,57,1,and
1,4226,22,85,10,not_b
1,4227,88,82,6,xor
1,4228,65,16,6,xor
1,4229,37,40,14,not_and
1,4230,45,46,15,one
1,4231,54,78,7,or
1,4232,80,16,14,not_and
1,4233,77,78,3,a
1,4234,79,38,8,not_or
1,4235,15,71,14,not_and
1,4236,86,62,9,not_xor
1,4237,18,66,9,not_xor
1,4238,72,65,3,a
1,4239,43,73,6,xor
1,4240,50,81,0,zero
1,4241,84,73,7,or
1,4242,32,21,9,not_xor
1,4243,55,78,7,or
1,4244,87,32,6,xor
1,4245,53,72,1,and
1,4246,5,3,11,implied_by
1,4247,48,8,9,not_xor
1,4248,4,88,11,implied_by
1,4249,12,85,12,not_a
1,4250,53,37,0,zero
1,4251,48,50,0,zero
1,4252,1,37,15,one
1,4253,89,58,2,not_implies
1,4254,15,27,2,not_implies
1,4255,11,44,0,zero
1,4256,14,38,7,or
1,4257,73,49,15,one
1,4258,30,7,6,xor
1,4259,69,85,2,not_implies
1,4260,10,39,9,not_xor
1,4261,21,30,0,zero
1,4262,25,43,7,or
1,4263,0,61,1,and
1,4264,44,85,7,or
1,4265,54,18,5,b
1,4266,76,87,12,not_a
1,4267,6,57,7,or
1,4268,66,52,15,one
1,4269,49,59,8,not_or
1,4270,67,79,5,b
1,4271,9,79,9,not_xor
1,4272,70,81,4,not_implied_by
1,4273,18,3,14,not_and
1,4274,64,57,6,xor
1,4275,53,31,4,not_implied_by
1,4276,7,38,1,and
1,4277,37,60,4,not_implied_by
1,4278,9,21,10,not_b
1,4279,83,25,7,or
1,4280,74,61,8,not_or
1,4281,53,49,3,a
1,4282,60,71,4,not_implied_by
1,4283,71,68,11,implied_by
1,4284,44,32,8,not_or
1,4285,85,62,4,not_implied_by
1,4286,31,80,11,implied_by
1,4287,50,33,14,not_and
1,4288,41,65,6,xor
1,4289,19,63,12,not_a
1,4290,1,53,5,b
1,4291,65,58,4,not_implied_by
1,4292,53,16,1,and
1,4293,65,84,0,zero
1,4294,8,43,2,not_implies
1,4295,25,84,10,not_b
1,4296,9,55,13,implies
1,4297,15,1,6,xor
1,4298,49,66,0,zero
1,4299,35,3,8,not_or
1,4300,1,62,2,not_implies
1,4301,24,19,2,not_implies
1,4302,59,65,3,a
1,4303,77,0,7,or
1,4304,0,61,0,zero
1,4305,40,66,13,implies
1,4306,45,76,10,not_b
1,4307,37,68,6,xor
1,4308,43,55,3,a
1,4309,62,9,15,one
1,4310,32,36,4,not_implied_by
1,4311,11,64,12,not_a
1,4312,56,26,0,zero
1,4313,38,56,5,b
1,4314,13,22,6,xor
1,4315,36,50,12,not_a
1,4316,66,71,6,xor
1,4317,84,22,5,b
1,4318,44,32,0,zero
1,4319,60,29,8,not_or
1,4320,50,77,6,xor
1,4321,51,48,6,xor
1,4322,16,59,1,and
1,4323,78,36,2,not_implies
1,4324,69,85,5,b
1,4325,49,74,9,not_xor
1,4326,14,3,8,not_or
1,4327,14,69,3,a
1,4328,69,72,14,not_and
1,4329,35,67,14,not_and
1,4330,61,1,12,not_a
1,4331,64,73,6,xor
1,4332,50,58,15,one
1,4333,59,57,6,xor
1,4334,12,78,2,not_implies
1,4335,39,3,4,not_implied_by
1,4336,47,48,5,b
1,4337,12,60,12,not_a
1,4338,43,78,4,not_implied_by
1,4339,23,34,7,or
1,4340,88,28,13,implies
1,4341,4,10,2,not_implies
1,4342,89,34,13,implies
1,4343,11,40,15,one
1,4344,41,55,1,and
1,4345,50,65,8,not_or
1,4346,85,47,5,b
1,4347,2,38,5,b
1,4348,60,10,0,zero
1,4349,3,4,13,implies
1,4350,35,83,6,xor
1,4351,29,75,7,or
1,4352,12,82,15,one
1,4353,82,24,5,b
1,4354,44,76,13,implies
1,4355,60,22,7,or
1,4356,68,28,13,implies
1,4357,13,47,10,not_b
1,4358,32,52,10,not_b
1,4359,56,76,6,xor
1,4360,4,2,4,not_implied_by
1,4361,83,59,1,and
1,4362,65,58,1,and
1,4363,58,14,14,not_and
1,4364,69,85,6,xor
1,4365,42,12,14,not_and
1,4366,72,15,5,b
1,4367,62,0,2,not_implies
1,4368,68,3,10,not_b
1,4369,75,88,3,a
1,4370,15,46,1,and
1,4371,5,6,9,not_xor
1,4372,5,54,1,and
1,4373,75,43,9,not_xor
1,4374,50,39,13,implies
1,4375,23,37,13,implies
1,4376,44,2,1,and
1,4377,40,28,12,not_a
1,4378,51,81,14,not_and
1,4379,3,62,8,not_or
1,4380,42,67,10,not_b
1,4381,35,20,2,not_implies
1,4382,84,18,0,zero
1,4383,88,18,0,zero
1,4384,33,21,5,b
1,4385,11,73,15,one
1,4386,86,53,3,a
1,4387,57,35,12,not_a
1,4388,53,64,5,b
1,4389,54,53,7,or
1,4390,29,83,10,not_b
1,4391,20,15,10,not_b
1,4392,15,17,2,not_implies
1,4393,19,72,1,and
1,4394,78,12,12,not_a
1,4395,18,31,9,not_xor
1,4396,11,33,11,implied_by
1,4397,24,5,12,not_a
1,4398,22,27,13,implies
1,4399,60,21,2,not_implies
1,4400,56,71,14,not_and
1,4401,14,25,12,not_a
1,4402,45,4,13,implies
1,4403,88,7,8,not_or
1,4404,60,42,12,not_a
1,4405,51,5,14,not_and
1,4406,59,39,2,not_implies
1,4407,6,4,4,not_implied_by
1,4408,9,14,15,one
1,4409,61,58,1,and
1,4410,49,8,15,one
1,4411,61,2,14,not_and
1,4412,50,47,0,zero
1,4413,32,83,14,not_and
1,4414,40,88,7,or
1,4415,16,6,7,or
1,4416,7,16,8,not_or
1,4417,54,57,7,or
1,4418,63,0,10,not_b
1,4419,83,53,14,not_and
1,4420,22,35,0,zero
1,4421,6,1,10,not_b
1,4422,44,31,9,not_xor
1,4423,59,70,15,one
1,4424,5,43,5,b
1,4425,16,16,9,not_xor
1,4426,65,58,9,not_xor
1,4427,42,85,10,not_b
1,4428,10,8,12,not_a
1,4429,60,64,12,not_a
1,4430,0,13,14,not_and
1,4431,76,38,9,not_xor
1,4432,3,37,1,and
1,4433,37,20,5,b
1,4434,74,57,12,not_a
1,4435,81,11,4,not_implied_by
1,4436,80,33,12,not_a
1,4437,7,40,9,not_xor
1,4438,3,31,11,implied_by
1,4439,64,29,2,not_implies
1,4440,50,11,14,not_and
1,4441,28,25,14,not_and
1,4442,3,69,0,zero
1,4443,83,25,8,not_or
1,4444,73,79,6,xor
1,4445,14,70,12,not_a
1,4446,38,88,5,b
1,4447,77,65,4,not_implied_by
1,4448,89,87,0,zero
1,4449,85,56,13,implies
1,4450,21,27,7,or
1,4451,74,47,1,and
1,4452,75,63,0,zero
1,4453,39,46,3,a
1,4454,37,33,14,not_and
1,4455,39,2,3,a
1,4456,82,73,8,not_or
1,4457,0,20,8,not_or
1,4458,74,69,2,not_implies
1,4459,51,62,2,not_implies
1,4460,76,8,5,b
1,4461,22,57,12,not_a
1,4462,33,88,10,not_b
1,4463,43,41,7,or
1,4464,13,74,14,not_and
1,4465,34,59,7,or
1,4466,22,15,7,or
1,4467,39,29,2,not_implies
1,4468,74,89,6,xor
1,4469,51,30,12,not_a
1,4470,82,87,6,xor
1,4471,67,85,8,not_or
1,4472,5,33,7,or
1,4473,8,79,12,not_a
1,4474,58,35,0,zero
1,4475,88,84,12,not_a
1,4476,76,1,3,a
1,4477,5,36,10,not_b
1,4478,75,23,5,b
1,4479,29,73,5,b
1,4480,24,47,9,not_xor
1,4481,49,71,9,not_xor
1,4482,12,31,11,implied_by
1,4483,64,44,11,implied_by
1,4484,8,71,14,not_and
1,4485,37,66,1,and
1,4486,80,74,8,not_or
1,4487,48,54,4,not_implied_by
1,4488,27,17,6,xor
1,4489,72,12,1,and
1,4490,87,1,15,one
1,4491,8,44,13,implies
1,4492,9,34,6,xor
1,4493,88,33,10,not_b
1,4494,55,87,10,not_b
1,4495,86,43,8,not_or
1,4496,63,68,14,not_and
1,4497,41,66,6,xor
1,4498,61,54,14,not_and
1,4499,74,19,6,xor
1,4500,74,51,7,or
1,4501,18,68,15,one
1,4502,9,37,7,or
1,4503,80,26,14,not_and
1,4504,47,88,5,b
1,4505,0,8,1,and
1,4506,32,51,14,not_and
1,4507,14,17,10,not_b
1,4508,53,25,14,not_and
1,4509,23,27,3,a
1,4510,6,56,4,not_implied_by
1,4511,89,53,4,not_implied_by
1,4512,74,36,3,a
1,4513,2,78,1,and
1,4514,28,18,9,not_xor
1,4515,77,43,2,not_implies
1,4516,39,60,8,not_or
1,4517,18,25,10,not_b
1,4518,25,24,3,a
1,4519,43,62,0,zero
1,4520,73,1,4,not_implied_by
1,4521,82,86,9,not_xor
1,4522,71,78,6,xor
1,4523,85,80,8,not_or
1,4524,38,7,14,not_and
1,4525,59,4,3,a
1,4526,10,40,7,or
1,4527,30,70,0,zero
1,4528,32,9,14,not_and
1,4529,87,52,8,not_or
1,4530,47,45,10,not_b
1,4531,70,72,9,not_xor
1,4532,73,78,8,not_or
1,4533,80,39,5,b
1,4534,72,56,7,or
1,4535,84,62,9,not_xor
1,4536,12,75,7,or
1,4537,36,33,8,not_or
1,4538,72,18,6,xor
1,4539,55,85,10,not_b
1,4540,60,63,9,not_xor
1,4541,14,66,14,not_and
1,4542,46,31,12,not_a
1,4543,76,42,9,not_xor
1,4544,76,11,9,not_xor
1,4545,17,13,9,not_xor
1,4546,21,75,6,xor
1,4547,59,76,2,not_implies
1,4548,63,56,10,not_b
1,4549,76,65,3,a
1,4550,86,51,4,not_implied_by
1,4551,50,49,12,not_a
1,4552,89,46,5,b
1,4553,44,28,9,not_xor
1,4554,0,89,6,xor
1,4555,48,71,11,implied_by
1,4556,89,54,3,a
1,4557,62,48,10,not_b
1,4558,32,50,11,implied_by
1,4559,65,64,3,a
1,4560,81,76,6,xor
1,4561,61,34,5,b
1,4562,23,16,9,not_xor
1,4563,47,4,1,and
1,4564,32,25,2,not_implies
1,4565,82,26,9,not_xor
1,4566,36,2,12,not_a
1,4567,57,38,9,not_xor
1,4568,82,61,9,not_xor
1,4569,25,72,0,zero
1,4570,18,54,12,not_a
1,4571,81,44,2,not_implies
1,4572,64,60,0,zero
1,4573,48,68,1,and
1,4574,46,17,8,not_or
1,4575,44,65,7,or
1,4576,85,46,13,implies
1,4577,48,18,13,implies
1,4578,2,21,3,a
1,4579,3,3,4,not_implied_by
1,4580,31,34,11,implied_by
1,4581,52,54,7,or
1,4582,29,14,9,not_xor
1,4583,44,48,12,not_a
1,4584,75,77,7,or
1,4585,18,18,8,not_or
1,4586,2,43,4,not_implied_by
1,4587,78,17,10,not_b
1,4588,82,32,3,a
1,4589,38,49,8,not_or
1,4590,72,8,14,not_and
1,4591,65,40,10,not_b
1,4592,76,49,2,not_implies
1,4593,22,74,12,not_a
1,4594,11,13,1,and
1,4595,72,3,5,b
1,4596,38,38,10,not_b
1,4597,51,88,7,or
1,4598,75,71,11,implied_by
1,4599,37,55,4,not_implied_by
1,4600,13,30,0,zero
1,4601,23,13,6,xor
1,4602,20,41,5,b
1,4603,17,88,4,not_implied_by
1,4604,44,45,3,a
1,4605,44,47,6,xor
1,4606,64,40,3,a
1,4607,37,65,15,one
1,4608,58,71,12,not_a
1,4609,76,63,6,xor
1,4610,10,47,8,not_or
1,4611,59,30,4,not_implied_by
1,4612,42,55,10,not_b
1,4613,82,8,5,b
1,4614,50,1,6,xor
1,4615,83,42,3,a
1,4616,45,42,0,zero
1,4617,73,21,5,b
1,4618,73,86,9,not_xor
1,4619,30,59,2,not_implies
1,4620,87,23,4,not_implied_by
1,4621,33,50,14,not_and
1,4622,0,18,7,or
1,4623,53,70,4,not_implied_by
1,4624,49,3,1,and
1,4625,79,60,0,zero
1,4626,20,64,10,not_b
1,4627,11,40,10,not_b
1,4628,17,39,4,not_implied_by
1,4629,83,14,4,not_implied_by
1,4630,21,38,2,not_implies
1,4631,49,20,10,not_b
1,4632,52,69,7,or
1,4633,77,36,9,not_xor
1,4634,43,78,6,xor
1,4635,25,0,9,not_xor
1,4636,22,7,6,xor
1,4637,43,2,7,or
1,4638,28,88,13,implies
1,4639,19,55,4,not_implied_by
1,4640,1,27,8,not_or
1,4641,37,10,0,zero
1,4642,64,71,1,and
1,4643,83,70,8,not_or
1,4644,65,32,9,not_xor
1,4645,63,28,2,not_implies
1,4646,67,46,15,one
1,4647,7,74,14,not_and
1,4648,57,38,4,not_implied_by
1,4649,70,46,12,not_a
1,4650,81,21,8,not_or
1,4651,46,78,4,not_implied_by
1,4652,32,86,1,and
1,4653,47,6,7,or
1,4654,68,25,6,xor
1,4655,30,46,3,a
1,4656,41,8,15,one
1,4657,86,77,5,b
1,4658,8,55,2,not_implies
1,4659,6,6,4,not_implied_by
1,4660,32,79,2,not_implies
1,4661,53,65,9,not_xor
1,4662,43,14,3,a
1,4663,60,25,10,not_b
1,4664,70,9,15,one
1,4665,45,42,8,not_or
1,4666,65,22,8,not_or
1,4667,18,13,12,not_a
1,4668,29,29,6,xor
1,4669,10,56,9,not_xor
1,4670,15,67,6,xor
1,4671,19,87,7,or
1,4672,89,65,12,not_a
1,4673,37,67,4,not_implied_by
1,4674,78,1,7,or
1,4675,85,58,4,not_implied_by
1,4676,52,41,6,xor
1,4677,17,54,7,or
1,4678,69,35,13,implies
1,4679,42,71,9,not_xor
1,4680,55,76,13,implies
1,4681,85,86,15,one
1,4682,80,21,8,not_or
1,4683,52,84,12,not_a
1,4684,69,73,7,or
1,4685,53,18,13,implies
1,4686,81,51,1,and
1,4687,20,86,1,and
1,4688,1,79,7,or
1,4689,18,19,11,implied_by
1,4690,89,40,12,not_a
1,4691,35,65,13,implies
1,4692,17,7,8,not_or
1,4693,63,14,6,xor
1,4694,9,0,8,not_or
1,4695,85,81,3,a
1,4696,72,38,4,not_implied_by
1,4697,67,28,0,zero
1,4698,20,72,2,not_implies
1,4699,26,24,7,or
1,4700,63,42,11,implied_by
1,4701,26,52,7,or
1,4702,12,12,0,zero
1,4703,29,14,8,not_or
1,4704,76,45,1,and
1,4705,79,17,8,not_or
1,4706,70,9,14,not_and
1,4707,8,3,9,not_xor
1,4708,50,52,1,and
1,4709,5,27,7,or
1,4710,64,40,10,not_b
1,4711,41,51,12,not_a
1,4712,84,26,4,not_implied_by
1,4713,84,62,1,and
1,4714,41,48,9,not_xor
1,4715,25,65,4,not_implied_by
1,4716,12,76,2,not_implies
1,4717,45,62,0,zero
1,4718,56,87,7,or
1,4719,45,31,2,not_implies
1,4720,53,58,12,not_a
1,4721,73,23,2,not_implies
1,4722,67,83,4,not_implied_by
1,4723,82,30,5,b
1,4724,76,80,12,not_a
1,4725,24,72,8,not_or
1,4726,75,71,13,implies
1,4727,31,62,14,not_and
1,4728,52,22,9,not_xor
1,4729,44,39,4,not_implied_by
1,4730,21,26,15,one
1,4731,26,33,8,not_or
1,4732,27,47,3,a
1,4733,77,54,7,or
1,4734,69,63,7,or
1,4735,4,3,6,xor
1,4736,7,12,10,not_b
1,4737,37,4,3,a
1,4738,38,79,10,not_b
1,4739,18,85,1,and
1,4740,13,11,4,not_implied_by
1,4741,49,26,7,or
1,4742,47,3,6,xor
1,4743,50,88,5,b
1,4744,6,71,7,or
1,4745,61,51,2,not_implies
1,4746,54,23,6,xor
1,4747,67,80,10,not_b
1,4748,77,50,1,and
1,4749,61,54,8,not_or
1,4750,16,37,13,implies
1,4751,50,14,2,not_implies
1,4752,83,22,2,not_implies
1,4753,46,65,0,zero
1,4754,47,19,11,implied_by
1,4755,30,25,9,not_xor
1,4756,86,84,12,not_a
1,4757,7,10,12,not_a
1,4758,49,1,12,not_a
1,4759,69,86,6,xor
1,4760,80,12,10,not_b
1,4761,36,77,5,b
1,4762,10,40,8,not_or
1,4763,27,26,10,not_b
1,4764,7,37,4,not_implied_by
1,4765,41,73,8,not_or
1,4766,65,64,2,not_implies
1,4767,40,7,15,one
1,4768,69,88,2,not_implies
1,4769,19,6,2,not_implies
1,4770,62,87,7,or
1,4771,78,11,12,not_a
1,4772,64,12,3,a
1,4773,82,67,5,b
1,4774,75,8,4,not_implied_by
1,4775,23,69,1,and
1,4776,37,39,11,implied_by
1,4777,84,77,4,not_implied_by
1,4778,37,0,10,not_b
1,4779,65,1,0,zero
1,4780,73,19,5,b
1,4781,58,3,12,not_a
1,4782,68,89,4,not_implied_by
1,4783,10,46,8,not_or
1,4784,47,84,2,not_implies
1,4785,7,72,4,not_implied_by
1,4786,38,55,5,b
1,4787,20,17,9,not_xor
1,4788,59,19,14,not_and
1,4789,22,79,13,implies
1,4790,77,62,5,b
1,4791,14,37,10,not_b
1,4792,7,10,8,not_or
1,4793,6,24,8,not_or
1,4794,50,65,6,xor
1,4795,31,14,14,not_and
1,4796,88,67,4,not_implied_by
1,4797,12,51,15,one
1,4798,10,6,7,or
1,4799,22,5,9,not_xor
1,4800,51,72,10,not_b
1,4801,6,26,4,not_implied_by
1,4802,28,73,8,not_or
1,4803,8,85,0,zero
1,4804,89,60,5,b
1,4805,45,7,3,a
1,4806,12,13,1,and
1,4807,8,17,13,implies
1,4808,5,68,14,not_and
1,4809,45,31,13,implies
1,4810,29,19,14,not_and
1,4811,64,26,11,implied_by
1,4812,31,3,2,not_implies
1,4813,45,64,9,not_xor
1,4814,41,73,8,not_or
1,4815,34,11,5,b
1,4816,20,74,9,not_xor
1,4817,89,81,13,implies
1,4818,16,87,6,xor
1,4819,58,54,2,not_implies
1,4820,58,6,7,or
1,4821,60,75,14,not_and
1,4822,73,69,9,not_xor
1,4823,7,48,13,implies
1,4824,23,88,12,not_a
1,4825,59,23,5,b
1,4826,55,31,1,and
1,4827,77,62,9,not_xor
1,4828,29,72,5,b
1,4829,23,80,14,not_and
1,4830,49,39,6,xor
1,4831,56,82,7,or
1,4832,49,27,15,one
1,4833,72,32,7,or
1,4834,33,62,13,implies
1,4835,14,73,2,not_implies
1,4836,29,4,2,not_implies
1,4837,63,11,5,b
1,4838,27,44,7,or
1,4839,26,75,6,xor
1,4840,59,37,12,not_a
1,4841,12,88,6,xor
1,4842,48,23,5,b
1,4843,55,77,14,not_and
1,4844,0,3,1,and
1,4845,32,35,6,xor
1,4846,4,7,7,or
1,4847,23,44,13,implies
1,4848,13,73,9,not_xor
1,4849,32,71,7,or
1,4850,45,65,9,not_xor
1,4851,67,62,1,and
1,4852,2,71,6,xor
1,4853,54,37,7,or
1,4854,55,43,0,zero
1,4855,89,60,7,or
1,4856,59,51,14,not_and
1,4857,82,5,10,not_b
1,4858,61,55,15,one
1,4859,70,45,7,or
1,4860,60,27,1,and
1,4861,84,87,5,b
1,4862,76,60,15,one
1,4863,48,77,9,not_xor
1,4864,4,69,15,one
1,4865,5,62,7,or
1,4866,26,45,5,b
1,4867,41,73,2,not_implies
1,4868,54,28,1,and
1,4869,47,41,12,not_a
1,4870,0,57,8,not_or
1,4871,76,66,6,xor
1,4872,23,31,7,or
1,4873,0,26,7,or
1,4874,73,69,12,not_a
1,4875,80,68,12,not_a
1,4876,57,72,11,implied_by
1,4877,20,14,6,xor
1,4878,47,70,4,not_implied_by
1,4879,21,75,3,a
1,4880,11,70,11,implied_by
1,4881,47,36,6,xor
1,4882,73,69,10,not_b
1,4883,49,67,4,not_implied_by
1,4884,81,61,13,implies
1,4885,31,75,4,not_implied_by
1,4886,56,32,14,not_and
1,4887,76,59,3,a
1,4888,6,87,1,and
1,4889,2,19,9,not_xor
1,4890,76,48,12,not_a
1,4891,63,29,10,not_b
1,4892,81,75,12,not_a
1,4893,0,49,8,not_or
1,4894,33,11,1,and
1,4895,79,82,8,not_or
1,4896,80,44,10,not_b
1,4897,80,5,5,b
1,4898,9,60,10,not_b
1,4899,79,1,12,not_a
1,4900,46,50,6,xor
1,4901,77,11,3,a
1,4902,20,47,2,not_implies
1,4903,53,36,9,not_xor
1,4904,79,50,2,not_implies
1,4905,21,63,12,not_a
1,4906,21,72,8,not_or
1,4907,50,21,9,not_xor
1,4908,51,79,12,not_a
1,4909,68,32,9,not_xor
1,4910,32,64,7,or
1,4911,53,25,8,not_or
1,4912,37,87,5,b
1,4913,55,26,14,not_and
1,4914,17,46,8,not_or
1,4915,84,41,10,not_b
1,4916,12,53,2,not_implies
1,4917,32,44,2,not_implies
1,4918,72,67,4,not_implied_by
1,4919,6,69,5,b
1,4920,13,29,4,not_implied_by
1,4921,14,84,15,one
1,4922,65,88,2,not_implies
1,4923,67,1,6,xor
1,4924,67,1,11,implied_by
1,4925,30,19,5,b
1,4926,56,64,11,implied_by
1,4927,17,78,3,a
1,4928,64,53,3,a
1,4929,16,26,6,xor
1,4930,78,65,7,or
1,4931,77,51,13,implies
1,4932,27,80,8,not_or
1,4933,41,59,9,not_xor
1,4934,29,23,11,implied_by
1,4935,0,56,9,not_xor
1,4936,29,15,1,and
1,4937,51,63,14,not_and
1,4938,1,85,7,or
1,4939,9,6,3,a
1,4940,75,75,2,not_implies
1,4941,74,67,4,not_implied_by
1,4942,76,17,5,b
1,4943,27,9,3,a
1,4944,59,42,13,implies
1,4945,87,25,9,not_xor
1,4946,83,15,10,not_b
1,4947,78,80,11,implied_by
1,4948,30,37,5,b
1,4949,23,66,8,not_or
1,4950,8,10,11,implied_by
1,4951,15,59,12,not_a
1,4952,56,62,9,not_xor
1,4953,44,2,10,not_b
1,4954,84,82,11,implied_by
1,4955,23,2,12,not_a
1,4956,14,88,14,not_and
1,4957,75,25,12,not_a
1,4958,85,28,5,b
1,4959,42,83,11,implied_by
1,4960,38,9,11,implied_by
1,4961,16,56,12,not_a
1,4962,50,28,12,not_a
1,4963,72,82,14,not_and
1,4964,26,43,10,not_b
1,4965,84,23,5,b
1,4966,24,29,0,zero
1,4967,87,19,9,not_xor
1,4968,87,17,5,b
1,4969,61,82,15,one
1,4970,49,43,15,one
1,4971,23,18,3,a
1,4972,33,83,9,not_xor
1,4973,18,6,3,a
1,4974,66,41,4,not_implied_by
1,4975,74,39,9,not_xor
1,4976,43,89,7,or
1,4977,84,54,7,or
1,4978,8,88,8,not_or
1,4979,60,37,8,not_or
1,4980,26,82,1,and
1,4981,45,49,3,a
1,4982,34,27,4,not_implied_by
1,4983,11,2,9,not_xor
1,4984,78,16,3,a
1,4985,50,66,7,or
1,4986,52,1,8,not_or
1,4987,69,13,12,not_a
1,4988,46,74,11,implied_by
1,4989,65,1,10,not_b
1,4990,84,17,5,b
1,4991,62,7,5,b
1,4992,47,53,4,not_implied_by
1,4993,9,64,5,b
1,4994,78,88,11,implied_by
1,4995,85,26,14,not_and
1,4996,52,32,1,and
1,4997,56,36,7,or
1,4998,11,6,9,not_xor
1,4999,78,3,1,and
1,5000,88,46,6,xor
1,5001,33,0,11,implied_by
1,5002,63,51,14,not_and
1,5003,21,31,13,implies
1,5004,59,11,2,not_implies
1,5005,69,69,3,a
1,5006,33,89,9,not_xor
1,5007,5,22,8,not_or
1,5008,71,46,13,implies
1,5009,87,88,10,not_b
1,5010,9,67,12,not_a
1,5011,45,86,12,not_a
1,5012,29,31,8,not_or
1,5013,52,58,11,implied_by
1,5014,77,17,5,b
1,5015,68,44,15,one
1,5016,82,61,9,not_xor
1,5017,77,60,2,not_implies
1,5018,22,11,12,not_a
1,5019,56,63,9,not_xor
1,5020,73,22,4,not_implied_by
1,5021,1,61,4,not_implied_by
1,5022,6,82,2,not_implies
1,5023,44,62,12,not_a
1,5024,43,29,9,not_xor
1,5025,88,51,2,not_implies
1,5026,37,83,5,b
1,5027,84,82,7,or
1,5028,12,61,12,not_a
1,5029,86,89,9,not_xor
1,5030,15,82,3,a
1,5031,48,59,13,implies
1,5032,86,44,12,not_a
1,5033,73,30,10,not_b
1,5034,34,43,0,zero
1,5035,66,89,13,implies
1,5036,68,5,1,and
1,5037,2,2,9,not_xor
1,5038,46,73,6,xor
1,5039,50,25,10,not_b
1,5040,72,80,6,xor
1,5041,78,48,12,not_a
1,5042,85,35,9,not_xor
1,5043,3,16,3,a
1,5044,33,57,9,not_xor
1,5045,68,89,11,implied_by
1,5046,25,26,6,xor
1,5047,5,63,0,zero
1,5048,16,49,2,not_implies
1,5049,38,48,8,not_or
1,5050,6,14,8,not_or
1,5051,23,59,3,a
1,5052,26,0,8,not_or
1,5053,21,14,1,and
1,5054,70,34,4,not_implied_by
1,5055,40,8,13,implies
1,5056,84,75,12,not_a
1,5057,34,42,14,not_and
1,5058,35,23,2,not_implies
1,5059,81,55,14,not_and
1,5060,45,74,6,xor
1,5061,75,10,2,not_implies
1,5062,56,25,14,not_and
1,5063,30,42,10,not_b
1,5064,46,30,5,b
1,5065,37,84,15,one
1,5066,29,42,9,not_xor
1,5067,40,67,6,xor
1,5068,3,6,6,xor
1,5069,52,87,1,and
1,5070,59,84,14,not_and
1,5071,16,61,6,xor
1,5072,24,27,3,a
1,5073,68,57,11,implied_by
1,5074,86,24,1,and
1,5075,70,87,15,one
1,5076,77,45,13,implies
1,5077,48,89,15,one
1,5078,56,76,6,xor
1,5079,38,58,12,not_a
1,5080,44,31,15,one
1,5081,9,9,13,implies
1,5082,48,48,6,xor
1,5083,58,62,2,not_implies
1,5084,4,79,15,one
1,5085,25,87,12,not_a
1,5086,28,51,7,or
1,5087,83,81,14,not_and
1,5088,61,24,6,xor
1,5089,15,37,9,not_xor
1,5090,2,34,7,or
1,5091,40,45,3,a
1,5092,80,22,10,not_b
1,5093,11,15,2,not_implies
1,5094,8,17,13,implies
1,5095,17,86,8,not_or
1,5096,37,43,4,not_implied_by
1,5097,80,54,2,not_implies
1,5098,33,67,2,not_implies
1,5099,17,80,3,a
1,5100,68,51,10,not_b
1,5101,87,38,11,implied_by
1,5102,69,86,1,and
1,5103,52,69,7,or
1,5104,17,46,2,not_implies
1,5105,75,69,9,not_xor
1,5106,45,5,7,or
1,5107,31,35,5,b
1,5108,63,66,10,not_b
1,5109,67,7,12,not_a
1,5110,82,21,4,not_implied_by
1,5111,54,0,14,not_and
1,5112,65,30,3,a
1,5113,68,42,2,not_implies
1,5114,88,14,9,not_xor
1,5115,70,19,1,and
1,5116,16,42,4,not_implied_by
1,5117,39,85,7,or
1,5118,33,28,1,and
1,5119,74,81,12,not_a
1,5120,47,66,14,not_and
1,5121,40,58,7,or
1,5122,9,16,12,not_a
1,5123,79,11,11,implied_by
1,5124,2,70,5,b
1,5125,58,39,6,xor
1,5126,60,16,8,not_or
1,5127,57,81,10,not_b
1,5128,39,89,12,not_a
1,5129,0,68,15,one
1,5130,74,27,8,not_or
1,5131,61,67,8,not_or
1,5132,45,1,6,xor
1,5133,64,54,6,xor
1,5134,13,73,4,not_implied_by
1,5135,30,16,8,not_or
1,5136,75,49,13,implies
1,5137,61,40,2,not_implies
1,5138,76,40,3,a
1,5139,60,73,2,not_implies
1,5140,33,14,8,not_or
1,5141,19,4,4,not_implied_by
1,5142,62,27,6,xor
1,5143,20,83,9,not_xor
1,5144,2,18,10,not_b
1,5145,8,14,9,not_xor
1,5146,36,61,0,zero
1,5147,39,72,12,not_a
1,5148,79,76,8,not_or
1,5149,45,72,2,not_implies
1,5150,7,41,10,not_b
1,5151,55,25,0,zero
1,5152,36,83,6,xor
1,5153,32,87,14,not_and
1,5154,3,17,11,implied_by
1,5155,58,44,4,not_implied_by
1,5156,62,75,6,xor
1,5157,16,54,9,not_xor
1,5158,73,47,13,implies
1,5159,87,0,10,not_b
1,5160,61,4,9,not_xor
1,5161,35,53,1,and
1,5162,35,26,4,not_implied_by
1,5163,45,72,10,not_b
1,5164,50,26,9,not_xor
1,5165,26,34,13,implies
1,5166,60,34,2,not_implies
1,5167,51,48,4,not_implied_by
1,5168,34,12,2,not_implies
1,5169,6,53,0,zero
1,5170,23,13,8,not_or
1,5171,28,62,15,one
1,5172,18,8,6,xor
1,5173,35,39,14,not_and
1,5174,72,18,12,not_a
1,5175,54,71,4,not_implied_by
1,5176,83,77,6,xor
1,5177,32,30,9,not_xor
1,5178,8,14,8,not_or
1,5179,17,30,2,not_implies
1,5180,15,28,9,not_xor
1,5181,12,85,10,not_b
1,5182,78,11,4,not_implied_by
1,5183,60,85,8,not_or
1,5184,64,75,4,not_implied_by
1,5185,47,70,14,not_and
1,5186,26,20,11,implied_by
1,5187,56,23,5,b
1,5188,58,61,2,not_implies
1,5189,72,46,10,not_b
1,5190,64,15,10,not_b
1,5191,73,21,4,not_implied_by
1,5192,7,16,8,not_or
1,5193,20,36,2,not_implies
1,5194,66,63,15,one
1,5195,81,13,15,one
1,5196,17,82,7,or
1,5197,35,47,5,b
1,5198,54,82,10,not_b
1,5199,74,74,8,not_or
1,5200,54,25,14,not_and
1,5201,19,35,8,not_or
1,5202,14,36,5,b
1,5203,63,23,1,and
1,5204,56,72,10,not_b
1,5205,61,76,7,or
1,5206,89,83,2,not_implies
1,5207,37,54,0,zero
1,5208,70,61,15,one
1,5209,31,67,2,not_implies
1,5210,8,77,13,implies
1,5211,20,80,4,not_implied_by
1,5212,36,61,7,or
1,5213,71,48,9,not_xor
1,5214,5,37,10,not_b
1,5215,7,88,7,or
1,5216,69,15,10,not_b
1,5217,74,19,9,not_xor
1,5218,25,27,12,not_a
1,5219,32,4,4,not_implied_by
1,5220,84,16,15,one
1,5221,62,42,1,and
1,5222,17,24,2,not_implies
1,5223,83,24,14,not_and
1,5224,32,43,4,not_implied_by
1,5225,12,54,4,not_implied_by
1,5226,42,73,2,not_implies
1,5227,55,43,2,not_implies
1,5228,8,62,9,not_xor
1,5229,15,64,12,not_a
1,5230,37,26,13,implies
1,5231,3,43,11,implied_by
1,5232,8,6,0,zero
1,5233,76,22,8,not_or
1,5234,5,42,0,zero
1,5235,84,75,5,b
1,5236,22,45,7,or
1,5237,18,7,0,zero
1,5238,86,59,13,implies
1,5239,80,76,10,not_b
1,5240,27,7,10,not_b
1,5241,52,51,15,one
1,5242,54,17,11,implied_by
1,5243,62,54,1,and
1,5244,28,72,3,a
1,5245,76,39,10,not_b
1,5246,11,53,8,not_or
1,5247,73,6,13,implies
1,5248,22,3,11,implied_by
1,5249,53,1,6,xor
1,5250,37,51,14,not_and
1,5251,52,88,13,implies
1,5252,26,8,1,and
1,5253,33,40,10,not_b
1,5254,68,86,7,or
1,5255,23,16,7,or
1,5256,67,20,13,implies
1,5257,72,82,3,a
1,5258,48,80,13,implies
1,5259,79,68,3,a
1,5260,9,36,12,not_a
1,5261,62,23,5,b
1,5262,37,43,5,b
1,5263,87,45,13,implies
1,5264,47,43,3,a
1,5265,14,37,0,zero
1,5266,39,40,13,implies
1,5267,89,8,10,not_b
1,5268,56,0,6,xor
1,5269,34,14,1,and
1,5270,42,77,6,xor
1,5271,5,23,11,implied_by
1,5272,0,81,15,one
1,5273,56,11,0,zero
1,5274,9,23,11,implied_by
1,5275,16,34,2,not_implies
1,5276,82,50,2,not_implies
1,5277,9,0,12,not_a
1,5278,64,37,9,not_xor
1,5279,55,2,1,and
1,5280,79,17,6,xor
1,5281,44,27,14,not_and
1,5282,39,6,12,not_a
1,5283,67,5,2,not_implies
1,5284,88,82,1,and
1,5285,29,19,2,not_implies
1,5286,70,2,5,b
1,5287,77,10,12,not_a
1,5288,16,41,1,and
1,5289,27,33,7,or
1,5290,73,44,9,not_xor
1,5291,41,67,7,or
1,5292,17,38,14,not_and
1,5293,71,86,0,zero
1,5294,25,63,14,not_and
1,5295,2,6,4,not_implied_by
1,5296,13,12,14,not_and
1,5297,19,24,2,not_implies
1,5298,50,36,5,b
1,5299,27,81,10,not_b
1,5300,80,51,4,not_implied_by
1,5301,32,59,0,zero
1,5302,86,13,8,not_or
1,5303,63,34,9,not_xor
1,5304,18,62,11,implied_by
1,5305,23,74,12,not_a
1,5306,38,83,15,one
1,5307,50,12,8,not_or
1,5308,71,73,5,b
1,5309,38,30,7,or
1,5310,34,12,3,a
1,5311,14,41,10,not_b
1,5312,27,57,13,implies
1,5313,19,26,5,b
1,5314,40,41,9,not_xor
1,5315,17,10,2,not_implies
1,5316,18,21,0,zero
1,5317,46,44,6,xor
1,5318,80,55,6,xor
1,5319,52,30,0,zero
1,5320,0,18,6,xor
1,5321,51,79,15,one
1,5322,68,47,1,and
1,5323,69,71,6,xor
1,5324,76,11,9,not_xor
1,5325,56,45,6,xor
1,5326,67,25,3,a
1,5327,38,77,0,zero
1,5328,55,23,5,b
1,5329,24,73,9,not_xor
1,5330,59,8,14,not_and
1,5331,28,21,10,not_b
1,5332,78,79,6,xor
1,5333,11,16,5,b
1,5334,89,27,7,or
1,5335,32,67,3,a
1,5336,36,39,10,not_b
1,5337,45,66,9,not_xor
1,5338,51,40,7,or
1,5339,18,73,6,xor
1,5340,1,48,4,not_implied_by
1,5341,41,82,9,not_xor
1,5342,10,9,5,b
1,5343,12,21,2,not_implies
1,5344,22,85,7,or
1,5345,80,15,9,not_xor
1,5346,68,84,11,implied_by
1,5347,21,30,14,not_and
1,5348,8,62,12,not_a
1,5349,18,83,4,not_implied_by
1,5350,34,4,4,not_implied_by
1,5351,28,34,1,and
1,5352,28,51,6,xor
1,5353,16,74,4,not_implied_by
1,5354,80,42,5,b
1,5355,60,16,10,not_b
1,5356,12,35,14,not_and
1,5357,28,32,2,not_implies
1,5358,70,77,5,b
1,5359,5,87,6,xor
1,5360,71,57,9,not_xor
1,5361,75,49,8,not_or
1,5362,73,67,2,not_implies
1,5363,46,37,2,not_implies
1,5364,21,83,12,not_a
1,5365,60,46,11,implied_by
1,5366,9,57,7,or
1,5367,37,80,6,xor
1,5368,75,76,13,implies
1,5369,16,41,4,not_implied_by
1,5370,9,24,15,one
1,5371,19,21,9,not_xor
1,5372,65,72,8,not_or
1,5373,20,18,2,not_implies
1,5374,25,57,3,a
1,5375,46,48,14,not_and
1,5376,22,9,8,not_or
1,5377,10,31,0,zero
1,5378,38,39,6,xor
1,5379,8,83,6,xor
1,5380,52,62,2,not_implies
1,5381,61,32,2,not_implies
1,5382,19,20,15,one
1,5383,32,41,14,not_and
1,5384,21,15,10,not_b
1,5385,89,0,12,not_a
1,5386,52,42,11,implied_by
1,5387,75,20,0,zero
1,5388,13,74,6,xor
1,5389,4,41,5,b
1,5390,80,24,7,or
1,5391,26,18,9,not_xor
1,5392,42,74,4,not_implied_by
1,5393,41,78,1,and
1,5394,45,34,2,not_implies
1,5395,32,80,15,one
1,5396,70,5,4,not_implied_by
1,5397,36,38,3,a
1,5398,80,80,0,zero
1,5399,55,87,2,not_implies
1,5400,58,51,5,b
1,5401,29,31,12,not_a
1,5402,18,56,10,not_b
1,5403,15,18,3,a
1,5404,65,80,0,zero
1,5405,86,28,3,a
1,5406,25,63,2,not_implies
1,5407,54,10,14,not_and
1,5408,56,79,13,implies
1,5409,5,49,7,or
1,5410,28,6,14,not_and
1,5411,18,10,11,implied_by
1,5412,7,51,8,not_or
1,5413,9,67,10,not_b
1,5414,55,16,10,not_b
1,5415,33,37,12,not_a
1,5416,75,70,13,implies
1,5417,66,56,0,zero
1,5418,67,20,8,not_or
1,5419,86,2,3,a
1,5420,65,28,6,xor
1,5421,48,48,7,or
1,5422,65,10,5,b
1,5423,29,37,9,not_xor
1,5424,70,80,6,xor
1,5425,15,42,8,not_or
1,5426,44,24,13,implies
1,5427,8,89,4,not_implied_by
1,5428,19,76,7,or
1,5429,52,27,1,and
1,5430,59,37,0,zero
1,5431,83,23,14,not_and
1,5432,41,28,2,not_implies
1,5433,0,49,13,implies
1,5434,75,58,8,not_or
1,5435,26,6,10,not_b
1,5436,8,10,12,not_a
1,5437,37,41,8,not_or
1,5438,54,26,13,implies
1,5439,67,81,7,or
1,5440,25,17,2,not_implies
1,5441,18,71,6,xor
1,5442,34,38,4,not_implied_by
1,5443,78,48,12,not_a
1,5444,20,66,13,implies
1,5445,26,58,7,or
1,5446,28,2,3,a
1,5447,23,48,3,a
1,5448,53,11,7,or
1,5449,67,57,11,implied_by
1,5450,74,8,12,not_a
1,5451,28,62,8,not_or
1,5452,78,77,4,not_implied_by
1,5453,68,35,4,not_implied_by
1,5454,39,24,12,not_a
1,5455,16,56,14,not_and
1,5456,83,25,3,a
1,5457,81,56,3,a
1,5458,15,10,13,implies
1,5459,41,89,14,not_and
1,5460,0,87,5,b
1,5461,10,11,14,not_and
1,5462,20,30,8,not_or
1,5463,59,21,10,not_b
1,5464,70,57,0,zero
1,5465,27,82,1,and
1,5466,21,52,5,b
1,5467,15,59,4,not_implied_by
1,5468,27,40,5,b
1,5469,43,7,6,xor
1,5470,17,28,13,implies
1,5471,25,71,3,a
1,5472,63,29,6,xor
1,5473,14,7,13,implies
1,5474,85,45,1,and
1,5475,25,36,1,and
1,5476,28,22,10,not_b
1,5477,32,31,13,implies
1,5478,76,0,6,xor
1,5479,54,20,12,not_a
1,5480,4,3,8,not_or
1,5481,59,71,7,or
1,5482,59,12,2,not_implies
1,5483,56,68,10,not_b
1,5484,72,76,6,xor
1,5485,62,11,10,not_b
1,5486,63,33,1,and
1,5487,57,28,0,zero
1,5488,23,65,14,not_and
1,5489,64,53,3,a
1,5490,8,51,4,not_implied_by
1,5491,65,32,12,not_a
1,5492,6,7,11,implied_by
1,5493,18,35,3,a
1,5494,70,83,7,or
1,5495,48,44,5,b
1,5496,52,4,13,implies
1,5497,7,61,5,b
1,5498,57,84,6,xor
1,5499,25,84,6,xor
1,5500,13,0,2,not_implies
1,5501,13,50,15,one
1,5502,27,15,6,xor
1,5503,89,17,13,implies
1,5504,68,62,0,zero
1,5505,87,38,15,one
1,5506,85,43,13,implies
1,5507,70,30,5,b
1,5508,64,54,11,implied_by
1,5509,69,3,7,or
1,5510,39,49,2,not_implies
1,5511,37,36,8,not_or
1,5512,83,83,4,not_implied_by
1,5513,9,68,2,not_implies
1,5514,58,69,7,or
1,5515,24,27,12,not_a
1,5516,35,12,15,one
1,5517,77,26,2,not_implies
1,5518,18,17,8,not_or
1,5519,30,11,13,implies
1,5520,30,85,15,one
1,5521,4,5,2,not_implies
1,5522,56,58,13,implies
1,5523,39,15,1,and
1,5524,15,29,7,or
1,5525,14,63,8,not_or
1,5526,61,7,9,not_xor
1,5527,83,28,12,not_a
1,5528,46,33,9,not_xor
1,5529,16,29,5,b
1,5530,56,23,5,b
1,5531,19,8,1,and
1,5532,11,54,6,xor
1,5533,58,58,13,implies
1,5534,20,47,7,or
1,5535,50,69,8,not_or
1,5536,37,82,4,not_implied_by
1,5537,88,35,5,b
1,5538,78,28,2,not_implies
1,5539,74,38,14,not_and
1,5540,25,74,9,not_xor
1,5541,82,9,4,not_implied_by
1,5542,15,3,12,not_a
1,5543,65,64,6,xor
1,5544,48,50,3,a
1,5545,53,41,14,not_and
1,5546,77,6,5,b
1,5547,24,56,4,not_implied_by
1,5548,30,39,5,b
1,5549,19,48,12,not_a
1,5550,63,24,9,not_xor
1,5551,72,42,5,b
1,5552,30,70,2,not_implies
1,5553,9,56,5,b
1,5554,70,43,10,not_b
1,5555,76,11,9,not_xor
1,5556,56,47,9,not_xor
1,5557,27,29,7,or
1,5558,28,9,1,and
1,5559,41,36,3,a
1,5560,50,5,9,not_xor
1,5561,4,18,5,b
1,5562,10,11,15,one
1,5563,32,17,6,xor
1,5564,30,10,7,or
1,5565,38,75,9,not_xor
1,5566,35,23,5,b
1,5567,71,17,10,not_b
1,5568,44,89,10,not_b
1,5569,25,42,8,not_or
1,5570,43,6,8,not_or
1,5571,16,54,3,a
1,5572,64,67,12,not_a
1,5573,86,41,3,a
1,5574,52,42,1,and
1,5575,38,27,1,and
1,5576,82,19,10,not_b
1,5577,78,86,12,not_a
1,5578,23,36,3,a
1,5579,8,7,5,b
1,5580,52,34,11,implied_by
1,5581,44,14,14,not_and
1,5582,23,17,6,xor
1,5583,9,56,0,zero
1,5584,14,57,5,b
1,5585,34,28,14,not_and
1,5586,9,24,4,not_implied_by
1,5587,38,53,11,implied_by
1,5588,82,55,14,not_and
1,5589,55,51,3,a
1,5590,83,73,7,or
1,5591,88,48,11,implied_by
1,5592,18,51,10,not_b
1,5593,2,40,1,and
1,5594,35,63,6,xor
1,5595,75,75,1,and
1,5596,47,44,11,implied_by
1,5597,18,39,7,or
1,5598,12,7,1,and
1,5599,73,43,13,implies
1,5600,64,85,8,not_or
1,5601,27,87,7,or
1,5602,42,1,7,or
1,5603,47,69,13,implies
1,5604,24,8,6,xor
1,5605,20,60,2,not_implies
1,5606,54,40,6,xor
1,5607,89,80,10,not_b
1,5608,2,3,8,not_or
1,5609,53,2,13,implies
1,5610,36,38,4,not_implied_by
1,5611,44,71,9,not_xor
1,5612,75,12,13,implies
1,5613,12,35,2,not_implies
1,5614,89,45,14,not_and
1,5615,89,62,0,zero
1,5616,15,87,3,a
1,5617,14,20,1,and
1,5618,38,13,1,and
1,5619,67,64,3,a
1,5620,83,9,7,or
1,5621,11,88,1,and
1,5622,81,17,5,b
1,5623,89,39,13,implies
1,5624,37,15,1,and
1,5625,27,26,6,xor
1,5626,63,5,11,implied_by
1,5627,16,14,13,implies
1,5628,81,75,8,not_or
1,5629,9,20,10,not_b
1,5630,36,38,12,not_a
1,5631,0,47,2,not_implies
1,5632,70,63,3,a
1,5633,83,64,0,zero
1,5634,85,53,12,not_a
1,5635,86,48,6,xor
1,5636,34,78,3,a
1,5637,62,39,10,not_b
1,5638,75,38,0,zero
1,5639,69,64,14,not_and
1,5640,63,71,13,implies
1,5641,81,2,1,and
1,5642,5,0,4,not_implied_by
1,5643,87,11,12,not_a
1,5644,35,73,13,implies
1,5645,15,1,3,a
1,5646,16,32,2,not_implies
1,5647,64,89,11,implied_by
1,5648,5,58,5,b
1,5649,59,70,4,not_implied_by
1,5650,21,35,9,not_xor
1,5651,67,30,0,zero
1,5652,19,62,12,not_a
1,5653,21,66,4,not_implied_by
1,5654,83,66,8,not_or
1,5655,9,2,15,one
1,5656,30,11,13,implies
1,5657,32,77,10,not_b
1,5658,21,31,8,not_or
1,5659,3,66,13,implies
1,5660,19,28,12,not_a
1,5661,30,89,4,not_implied_by
1,5662,12,87,11,implied_by
1,5663,33,30,4,not_implied_by
1,5664,74,13,13,implies
1,5665,18,3,4,not_implied_by
1,5666,66,21,7,or
1,5667,30,44,4,not_implied_by
1,5668,55,63,7,or
1,5669,21,19,6,xor
1,5670,8,67,8,not_or
1,5671,60,84,3,a
1,5672,58,27,0,zero
1,5673,11,13,7,or
1,5674,2,58,12,not_a
1,5675,1,24,7,or
1,5676,27,24,10,not_b
1,5677,31,44,1,and
1,5678,17,88,2,not_implies
1,5679,2,27,10,not_b
1,5680,82,88,10,not_b
1,5681,36,20,11,implied_by
1,5682,9,58,10,not_b
1,5683,54,40,9,not_xor
1,5684,21,82,8,not_or
1,5685,6,20,8,not_or
1,5686,66,41,7,or
1,5687,45,76,10,not_b
1,5688,14,76,10,not_b
1,5689,17,75,7,or
1,5690,22,86,4,not_implied_by
1,5691,47,42,10,not_b
1,5692,87,1,9,not_xor
1,5693,68,1,2,not_implies
1,5694,56,2,6,xor
1,5695,77,72,4,not_implied_by
1,5696,76,44,4,not_implied_by
1,5697,51,80,8,not_or
1,5698,18,37,13,implies
1,5699,31,17,9,not_xor
1,5700,43,58,4,not_implied_by
1,5701,56,22,7,or
1,5702,37,87,2,not_implies
1,5703,26,83,6,xor
1,5704,24,55,14,not_and
1,5705,28,72,2,not_implies
1,5706,7,55,9,not_xor
1,5707,65,30,6,xor
1,5708,6,47,9,not_xor
1,5709,25,11,0,zero
1,5710,41,40,6,xor
1,5711,2,24,10,not_b
1,5712,2,1,13,implies
1,5713,63,0,10,not_b
1,5714,28,79,15,one
1,5715,22,7,8,not_or
1,5716,5,80,8,not_or
1,5717,86,48,9,not_xor
1,5718,50,4,1,and
1,5719,67,79,10,not_b
1,5720,30,51,1,and
1,5721,28,44,9,not_xor
1,5722,77,51,12,not_a
1,5723,83,74,9,not_xor
1,5724,83,25,10,not_b
1,5725,57,78,6,xor
1,5726,53,52,5,b
1,5727,68,22,9,not_xor
1,5728,88,41,7,or
1,5729,14,66,1,and
1,5730,43,87,3,a
1,5731,63,35,6,xor
1,5732,25,44,11,implied_by
1,5733,64,22,6,xor
1,5734,8,11,8,not_or
1,5735,27,28,15,one
1,5736,69,38,4,not_implied_by
1,5737,34,68,8,not_or
1,5738,61,26,0,zero
1,5739,39,19,3,a
1,5740,9,80,3,a
1,5741,4,41,11,implied_by
1,5742,36,74,9,not_xor
1,5743,78,47,15,one
1,5744,26,80,12,not_a
1,5745,33,34,9,not_xor
1,5746,8,59,6,xor
1,5747,53,19,10,not_b
1,5748,40,69,9,not_xor
1,5749,63,28,5,b
1,5750,77,51,7,or
1,5751,18,39,10,not_b
1,5752,71,16,13,implies
1,5753,18,55,9,not_xor
1,5754,82,4,11,implied_by
1,5755,74,62,8,not_or
1,5756,38,31,6,xor
1,5757,3,6,9,not_xor
1,5758,60,74,10,not_b
1,5759,18,10,1,and
1,5760,78,10,8,not_or
1,5761,49,8,5,b
1,5762,4,36,8,not_or
1,5763,28,34,8,not_or
1,5764,4,70,4,not_implied_by
1,5765,15,25,9,not_xor
1,5766,80,37,4,not_implied_by
1,5767,3,49,6,xor
1,5768,46,49,12,not_a
1,5769,17,59,3,a
1,5770,74,74,3,a
1,5771,78,82,9,not_xor
1,5772,66,74,1,and
1,5773,53,41,2,not_implies
1,5774,36,49,13,implies
1,5775,74,87,8,not_or
1,5776,52,38,4,not_implied_by
1,5777,46,24,5,b
1,5778,38,88,3,a
1,5779,43,82,3,a
1,5780,25,2,5,b
1,5781,46,88,7,or
1,5782,8,10,13,implies
1,5783,64,8,10,not_b
1,5784,33,67,13,implies
1,5785,4,12,3,a
1,5786,14,26,6,xor
1,5787,66,7,15,one
1,5788,0,89,4,not_implied_by
1,5789,81,2,11,implied_by
1,5790,83,8,0,zero
1,5791,13,89,5,b
1,5792,13,86,10,not_b
1,5793,16,45,4,not_implied_by
1,5794,17,35,12,not_a
1,5795,16,44,12,not_a
1,5796,43,79,12,not_a
1,5797,87,8,4,not_implied_by
1,5798,14,10,1,and
1,5799,84,33,9,not_xor
1,5800,34,89,6,xor
1,5801,44,44,5,b
1,5802,87,32,10,not_b
1,5803,3,60,7,or
1,5804,48,63,10,not_b
1,5805,51,9,10,not_b
1,5806,54,15,7,or
1,5807,16,79,15,one
1,5808,8,77,4,not_implied_by
1,5809,54,14,3,a
1,5810,32,50,6,xor
1,5811,16,16,15,one
1,5812,50,89,3,a
1,5813,81,36,7,or
1,5814,88,30,10,not_b
1,5815,80,32,13,implies
1,5816,65,54,5,b
1,5817,84,54,10,not_b
1,5818,0,66,14,not_and
1,5819,63,36,1,and
1,5820,51,57,1,and
1,5821,62,14,11,implied_by
1,5822,31,86,8,not_or
1,5823,76,80,11,implied_by
1,5824,49,28,14,not_and
1,5825,9,45,10,not_b
1,5826,15,72,3,a
1,5827,32,87,11,implied_by
1,5828,23,18,7,or
1,5829,48,81,6,xor
1,5830,83,49,13,implies
1,5831,78,30,8,not_or
1,5832,71,48,14,not_and
1,5833,86,47,6,xor
1,5834,58,76,11,implied_by
1,5835,4,34,13,implies
1,5836,22,38,5,b
1,5837,23,21,3,a
1,5838,14,42,14,not_and
1,5839,22,68,4,not_implied_by
1,5840,44,21,7,or
1,5841,5,77,9,not_xor
1,5842,29,20,13,implies
1,5843,18,71,9,not_xor
1,5844,46,69,1,and
1,5845,8,83,10,not_b
1,5846,69,60,6,xor
1,5847,32,27,13,implies
1,5848,51,52,2,not_implies
1,5849,11,20,13,implies
1,5850,12,32,3,a
1,5851,51,72,15,one
1,5852,5,28,8,not_or
1,5853,35,60,12,not_a
1,5854,48,41,9,not_xor
1,5855,9,73,14,not_and
1,5856,65,48,6,xor
1,5857,37,38,5,b
1,5858,19,84,1,and
1,5859,4,32,9,not_xor
1,5860,15,39,14,not_and
1,5861,68,78,2,not_implies
1,5862,44,55,4,not_implied_by
1,5863,82,36,10,not_b
1,5864,53,80,12,not_a
1,5865,2,12,6,xor
1,5866,77,52,13,implies
1,5867,67,79,13,implies
1,5868,68,40,1,and
1,5869,7,73,2,not_implies
1,5870,79,3,8,not_or
1,5871,21,46,7,or
1,5872,13,20,10,not_b
1,5873,53,24,6,xor
1,5874,3,1,12,not_a
1,5875,75,36,5,b
1,5876,17,28,11,implied_by
1,5877,11,47,11,implied_by
1,5878,25,68,4,not_implied_by
1,5879,47,44,14,not_and
1,5880,73,0,5,b
1,5881,15,25,12,not_a
1,5882,44,41,1,and
1,5883,45,54,12,not_a
1,5884,85,36,10,not_b
1,5885,28,53,7,or
1,5886,20,55,14,not_and
1,5887,29,33,14,not_and
1,5888,34,5,10,not_b
1,5889,57,61,8,not_or
1,5890,67,21,11,implied_by
1,5891,86,10,9,not_xor
1,5892,88,57,13,implies
1,5893,54,85,4,not_implied_by
1,5894,53,20,1,and
1,5895,42,29,10,not_b
1,5896,33,35,1,and
1,5897,81,50,2,not_implies
1,5898,11,20,5,b
1,5899,17,25,12,not_a
1,5900,46,1,3,a
1,5901,66,8,3,a
1,5902,0,30,7,or
1,5903,13,18,5,b
1,5904,3,85,9,not_xor
1,5905,5,19,14,not_and
1,5906,78,64,1,and
1,5907,58,83,8,not_or
1,5908,35,13,9,not_xor
1,5909,40,32,14,not_and
1,5910,52,23,6,xor
1,5911,31,84,4,not_implied_by
1,5912,10,48,2,not_implies
1,5913,60,32,3,a
1,5914,49,68,12,not_a
1,5915,42,45,1,and
1,5916,11,25,3,a
1,5917,57,29,1,and
1,5918,55,54,7,or
1,5919,74,85,8,not_or
1,5920,16,46,0,zero
1,5921,11,75,3,a
1,5922,73,39,5,b
1,5923,21,59,3,a
1,5924,34,14,11,implied_by
1,5925,89,60,10,not_b
1,5926,22,19,3,a
1,5927,55,34,5,b
1,5928,81,73,10,not_b
1,5929,81,76,9,not_xor
1,5930,65,3,11,implied_by
1,5931,24,80,2,not_implies
1,5932,28,28,11,implied_by
1,5933,6,17,11,implied_by
1,5934,85,31,7,or
1,5935,45,65,9,not_xor
1,5936,88,52,5,b
1,5937,67,52,13,implies
1,5938,52,22,6,xor
1,5939,53,68,4,not_implied_by
1,5940,34,25,9,not_xor
1,5941,26,69,7,or
1,5942,79,80,9,not_xor
1,5943,65,16,15,one
1,5944,36,60,10,not_b
1,5945,30,83,4,not_implied_by
1,5946,80,66,2,not_implies
1,5947,67,24,11,implied_by
1,5948,33,65,6,xor
1,5949,68,86,10,not_b
1,5950,64,26,8,not_or
1,5951,46,10,14,not_and
1,5952,29,74,11,implied_by
1,5953,17,39,4,not_implied_by
1,5954,51,23,5,b
1,5955,37,82,10,not_b
1,5956,12,27,8,not_or
1,5957,2,54,2,not_implies
1,5958,22,34,7,or
1,5959,57,73,1,and
1,5960,12,36,11,implied_by
1,5961,84,19,0,zero
1,5962,10,23,10,not_b
1,5963,72,89,14,not_and
1,5964,10,87,9,not_xor
1,5965,53,68,5,b
1,5966,66,44,6,xor
1,5967,43,66,6,xor
1,5968,4,74,0,zero
1,5969,25,3,4,not_implied_by
1,5970,65,42,6,xor
1,5971,1,4,13,implies
1,5972,64,41,10,not_b
1,5973,41,5,2,not_implies
1,5974,34,39,4,not_implied_by
1,5975,6,33,15,one
1,5976,46,79,14,not_and
1,5977,23,0,13,implies
1,5978,5,58,14,not_and
1,5979,57,66,12,not_a
1,5980,75,52,14,not_and
1,5981,22,49,13,implies
1,5982,22,54,7,or
1,5983,4,15,8,not_or
1,5984,9,10,15,one
1,5985,2,19,9,not_xor
1,5986,1,26,12,not_a
1,5987,82,73,4,not_implied_by
1,5988,88,42,5,b
1,5989,22,0,5,b
1,5990,50,54,13,implies
1,5991,14,56,2,not_implies
1,5992,13,42,4,not_implied_by
1,5993,33,10,10,not_b
1,5994,70,44,8,not_or
1,5995,1,55,15,one
1,5996,46,31,12,not_a
1,5997,70,49,9,not_xor
1,5998,27,80,15,one
1,5999,34,66,12,not_a
1,6000,9,62,6,xor
1,6001,84,85,7,or
1,6002,21,41,7,or
1,6003,78,68,6,xor
1,6004,56,28,1,and
1,6005,4,14,13,implies
1,6006,38,13,3,a
1,6007,58,9,6,xor
1,6008,26,46,2,not_implies
1,6009,73,47,10,not_b
1,6010,8,64,1,and
1,6011,0,49,1,and
1,6012,50,48,13,implies
1,6013,86,82,13,implies
1,6014,41,38,1,and
1,6015,56,36,12,not_a
1,6016,38,25,6,xor
1,6017,84,19,5,b
1,6018,78,70,2,not_implies
1,6019,36,72,7,or
1,6020,77,21,2,not_implies
1,6021,69,83,8,not_or
1,6022,11,25,6,xor
1,6023,5,70,15,one
1,6024,25,82,5,b
1,6025,84,45,11,implied_by
1,6026,79,78,13,implies
1,6027,33,11,11,implied_by
1,6028,38,28,9,not_xor
1,6029,33,40,4,not_implied_by
1,6030,20,80,3,a
1,6031,11,48,11,implied_by
1,6032,88,65,9,not_xor
1,6033,27,85,6,xor
1,6034,55,67,11,implied_by
1,6035,62,61,4,not_implied_by
1,6036,2,58,15,one
1,6037,30,79,6,xor
1,6038,67,63,15,one
1,6039,58,41,5,b
1,6040,74,63,5,b
1,6041,0,86,6,xor
1,6042,89,8,4,not_implied_by
1,6043,82,2,15,one
1,6044,42,20,4,not_implied_by
1,6045,76,25,8,not_or
1,6046,48,78,10,not_b
1,6047,79,59,6,xor
1,6048,12,46,9,not_xor
1,6049,53,76,5,b
1,6050,48,56,15,one
1,6051,45,49,8,not_or
1,6052,33,3,6,xor
1,6053,75,46,12,not_a
1,6054,48,22,10,not_b
1,6055,22,12,7,or
1,6056,79,64,0,zero
1,6057,12,83,10,not_b
1,6058,83,1,14,not_and
1,6059,7,46,4,not_implied_by
1,6060,48,6,1,and
1,6061,21,28,13,implies
1,6062,38,29,3,a
1,6063,80,67,8,not_or
1,6064,58,24,9,not_xor
1,6065,30,88,12,not_a
1,6066,61,77,3,a
1,6067,16,17,7,or
1,6068,84,9,3,a
1,6069,3,2,3,a
1,6070,3,16,9,not_xor
1,6071,5,85,6,xor
1,6072,6,61,4,not_implied_by
1,6073,62,74,13,implies
1,6074,9,17,5,b
1,6075,89,75,10,not_b
1,6076,3,64,13,implies
1,6077,72,54,6,xor
1,6078,33,78,5,b
1,6079,17,52,2,not_implies
1,6080,81,40,5,b
1,6081,39,50,13,implies
1,6082,44,30,1,and
1,6083,29,32,4,not_implied_by
1,6084,58,85,9,not_xor
1,6085,43,66,6,xor
1,6086,44,66,12,not_a
1,6087,55,33,9,not_xor
1,6088,22,52,5,b
1,6089,30,11,8,not_or
1,6090,58,11,3,a
1,6091,23,13,8,not_or
1,6092,8,5,9,not_xor
1,6093,31,75,6,xor
1,6094,78,30,13,implies
1,6095,75,32,6,xor
1,6096,52,32,12,not_a
1,6097,63,73,1,and
1,6098,0,3,14,not_and
1,6099,21,10,6,xor
1,6100,80,46,8,not_or
1,6101,62,66,0,zero
1,6102,3,23,11,implied_by
1,6103,52,72,7,or
1,6104,76,81,6,xor
1,6105,27,86,9,not_xor
1,6106,87,15,5,b
1,6107,45,11,11,implied_by
1,6108,62,74,6,xor
1,6109,30,23,13,implies
1,6110,18,2,6,xor
1,6111,62,42,2,not_implies
1,6112,80,7,7,or
1,6113,10,59,8,not_or
1,6114,43,65,4,not_implied_by
1,6115,70,87,14,not_and
1,6116,73,75,4,not_implied_by
1,6117,70,0,12,not_a
1,6118,58,0,4,not_implied_by
1,6119,36,40,4,not_implied_by
1,6120,37,4,11,implied_by
1,6121,77,32,3,a
1,6122,87,54,10,not_b
1,6123,25,17,3,a
1,6124,45,44,2,not_implies
1,6125,87,78,15,one
1,6126,79,56,10,not_b
1,6127,33,60,7,or
1,6128,87,4,1,and
1,6129,14,26,10,not_b
1,6130,87,24,10,not_b
1,6131,32,87,11,implied_by
1,6132,60,75,10,not_b
1,6133,52,83,15,one
1,6134,46,73,2,not_implies
1,6135,36,6,1,and
1,6136,24,16,0,zero
1,6137,31,35,9,not_xor
1,6138,8,59,1,and
1,6139,11,64,3,a
1,6140,83,34,12,not_a
1,6141,77,24,6,xor
1,6142,51,23,5,b
1,6143,86,86,9,not_xor
1,6144,23,42,12,not_a
1,6145,27,33,10,not_b
1,6146,63,20,8,not_or
1,6147,31,59,1,and
1,6148,2,71,12,not_a
1,6149,48,5,6,xor
1,6150,72,48,3,a
1,6151,44,34,4,not_implied_by
1,6152,2,36,13,implies
1,6153,62,87,0,zero
1,6154,40,36,11,implied_by
1,6155,54,4,3,a
1,6156,35,79,15,one
1,6157,64,73,7,or
1,6158,51,28,11,implied_by
1,6159,8,45,1,and
1,6160,60,88,7,or
1,6161,74,49,6,xor
1,6162,8,37,7,or
1,6163,74,8,12,not_a
1,6164,1,11,7,or
1,6165,24,20,1,and
1,6166,27,18,11,implied_by
1,6167,71,10,2,not_implies
1,6168,84,11,11,implied_by
1,6169,5,34,13,implies
1,6170,35,15,1,and
1,6171,3,65,13,implies
1,6172,43,5,2,not_implies
1,6173,79,49,5,b
1,6174,10,65,7,or
1,6175,40,76,9,not_xor
1,6176,18,52,10,not_b
1,6177,68,46,10,not_b
1,6178,6,54,1,and
1,6179,67,85,11,implied_by
1,6180,20,40,1,and
1,6181,0,84,3,a
1,6182,81,13,8,not_or
1,6183,82,70,3,a
1,6184,40,71,12,not_a
1,6185,30,80,14,not_and
1,6186,40,84,9,not_xor
1,6187,39,89,11,implied_by
1,6188,57,56,10,not_b
1,6189,39,24,4,not_implied_by
1,6190,61,29,15,one
1,6191,11,9,15,one
1,6192,13,36,11,implied_by
1,6193,27,10,11,implied_by
1,6194,60,1,11,implied_by
1,6195,44,50,10,not_b
1,6196,22,66,8,not_or
1,6197,40,48,2,not_implies
1,6198,21,36,12,not_a
1,6199,84,31,9,not_xor
1,6200,74,73,7,or
1,6201,86,29,0,zero
1,6202,88,0,6,xor
1,6203,65,44,9,not_xor
1,6204,6,29,11,implied_by
1,6205,65,10,4,not_implied_by
1,6206,19,71,5,b
1,6207,42,51,3,a
1,6208,32,74,15,one
1,6209,49,76,9,not_xor
1,6210,37,84,1,and
1,6211,6,16,2,not_implies
1,6212,45,8,14,not_and
1,6213,37,55,14,not_and
1,6214,21,85,7,or
1,6215,52,59,14,not_and
1,6216,83,24,3,a
1,6217,85,83,13,implies
1,6218,17,28,2,not_implies
1,6219,69,24,10,not_b
1,6220,27,62,13,implies
1,6221,31,58,3,a
1,6222,68,1,7,or
1,6223,69,62,10,not_b
1,6224,16,47,1,and
1,6225,68,17,5,b
1,6226,17,62,13,implies
1,6227,32,8,5,b
1,6228,27,20,6,xor
1,6229,27,31,13,implies
1,6230,78,87,2,not_implies
1,6231,18,23,10,not_b
1,6232,38,65,12,not_a
1,6233,87,30,13,implies
1,6234,45,26,1,and
1,6235,63,3,2,not_implies
1,6236,67,61,15,one
1,6237,4,76,11,implied_by
1,6238,77,17,8,not_or
1,6239,52,29,8,not_or
1,6240,20,61,13,implies
1,6241,16,13,11,implied_by
1,6242,62,2,6,xor
1,6243,84,63,9,not_xor
1,6244,64,9,12,not_a
1,6245,1,26,9,not_xor
1,6246,53,39,5,b
1,6247,6,62,0,zero
1,6248,62,68,3,a
1,6249,7,83,9,not_xor
1,6250,37,41,11,implied_by
1,6251,52,76,15,one
1,6252,12,43,14,not_and
1,6253,4,10,7,or
1,6254,66,18,6,xor
1,6255,8,65,4,not_implied_by
1,6256,26,72,15,one
1,6257,17,32,3,a
1,6258,62,6,2,not_implies
1,6259,30,57,8,not_or
1,6260,33,42,9,not_xor
1,6261,29,65,10,not_b
1,6262,35,15,9,not_xor
1,6263,70,34,6,xor
1,6264,75,88,4,not_implied_by
1,6265,57,38,9,not_xor
1,6266,51,59,4,not_implied_by
1,6267,53,50,14,not_and
1,6268,74,32,15,one
1,6269,50,71,5,b
1,6270,35,44,6,xor
1,6271,47,40,4,not_implied_by
1,6272,23,6,2,not_implies
1,6273,4,70,8,not_or
1,6274,1,72,0,zero
1,6275,39,80,7,or
1,6276,28,34,6,xor
1,6277,45,18,12,not_a
1,6278,49,59,10,not_b
1,6279,41,11,4,not_implied_by
1,6280,66,87,2,not_implies
1,6281,80,33,6,xor
1,6282,85,28,14,not_and
1,6283,24,62,4,not_implied_by
1,6284,61,51,6,xor
1,6285,70,74,0,zero
1,6286,29,63,10,not_b
1,6287,56,62,6,xor
1,6288,13,35,13,implies
1,6289,71,69,10,not_b
1,6290,57,49,9,not_xor
1,6291,37,33,13,implies
1,6292,38,89,12,not_a
1,6293,77,74,3,a
1,6294,66,87,15,one
1,6295,49,70,12,not_a
1,6296,22,36,12,not_a
1,6297,2,0,12,not_a
1,6298,57,46,11,implied_by
1,6299,81,77,6,xor
1,6300,54,2,15,one
1,6301,53,16,10,not_b
1,6302,88,52,2,not_implies
1,6303,65,20,10,not_b
1,6304,21,31,2,not_implies
1,6305,74,5,4,not_implied_by
1,6306,28,5,9,not_xor
1,6307,22,49,8,not_or
1,6308,63,50,6,xor
1,6309,29,64,13,implies
1,6310,49,59,2,not_implies
1,6311,89,32,9,not_xor
1,6312,9,28,0,zero
1,6313,48,19,5,b
1,6314,37,33,14,not_and
1,6315,70,69,10,not_b
1,6316,77,71,8,not_or
1,6317,61,41,7,or
1,6318,80,29,11,implied_by
1,6319,16,88,2,not_implies
1,6320,62,40,10,not_b
1,6321,78,88,6,xor
1,6322,28,45,4,not_implied_by
1,6323,11,25,9,not_xor
1,6324,60,82,12,not_a
1,6325,46,71,15,one
1,6326,72,48,14,not_and
1,6327,39,43,3,a
1,6328,39,62,11,implied_by
1,6329,52,77,2,not_implies
1,6330,72,0,9,not_xor
1,6331,6,9,3,a
1,6332,89,65,10,not_b
1,6333,68,84,3,a
1,6334,56,89,4,not_implied_by
1,6335,0,83,13,implies
1,6336,10,12,13,implies
1,6337,41,81,2,not_implies
1,6338,85,75,8,not_or
1,6339,50,79,8,not_or
1,6340,43,44,2,not_implies
1,6341,19,71,6,xor
1,6342,57,47,10,not_b
1,6343,41,52,7,or
1,6344,28,65,8,not_or
1,6345,48,62,8,not_or
1,6346,76,29,8,not_or
1,6347,20,75,4,not_implied_by
1,6348,1,57,15,one
1,6349,32,81,4,not_implied_by
1,6350,65,42,6,xor
1,6351,4,54,12,not_a
1,6352,35,42,14,not_and
1,6353,30,76,8,not_or
1,6354,42,77,2,not_implies
1,6355,58,26,9,not_xor
1,6356,73,79,7,or
1,6357,7,5,8,not_or
1,6358,23,72,1,and
1,6359,72,31,9,not_xor
1,6360,54,60,0,zero
1,6361,51,53,8,not_or
1,6362,51,9,14,not_and
1,6363,79,28,8,not_or
1,6364,78,49,7,or
1,6365,6,20,10,not_b
1,6366,71,46,4,not_implied_by
1,6367,20,28,8,not_or
1,6368,3,66,0,zero
1,6369,46,69,10,not_b
1,6370,79,47,3,a
1,6371,77,13,3,a
1,6372,84,36,3,a
1,6373,14,41,14,not_and
1,6374,8,4,6,xor
1,6375,82,14,6,xor
1,6376,56,38,11,implied_by
1,6377,88,46,13,implies
1,6378,27,65,7,or
1,6379,71,88,8,not_or
1,6380,36,47,4,not_implied_by
1,6381,39,40,10,not_b
1,6382,26,55,14,not_and
1,6383,65,47,6,xor
1,6384,6,76,9,not_xor
1,6385,3,31,15,one
1,6386,25,15,15,one
1,6387,75,21,12,not_a
1,6388,75,40,9,not_xor
1,6389,68,54,1,and
1,6390,21,82,8,not_or
1,6391,49,75,3,a
1,6392,20,62,7,or
1,6393,26,81,2,not_implies
1,6394,55,2,9,not_xor
1,6395,57,13,9,not_xor
1,6396,29,70,4,not_implied_by
1,6397,13,13,2,not_implies
1,6398,3,43,10,not_b
1,6399,23,11,3,a
1,6400,3,46,10,not_b
1,6401,63,89,6,xor
1,6402,82,74,5,b
1,6403,49,79,14,not_and
1,6404,56,20,6,xor
1,6405,28,77,8,not_or
1,6406,3,85,13,implies
1,6407,89,38,14,not_and
1,6408,63,18,15,one
1,6409,88,19,8,not_or
1,6410,85,82,6,xor
1,6411,84,42,9,not_xor
1,6412,14,31,12,not_a
1,6413,14,82,14,not_and
1,6414,44,55,8,not_or
1,6415,13,6,1,and
1,6416,83,56,9,not_xor
1,6417,21,38,2,not_implies
1,6418,10,26,4,not_implied_by
1,6419,46,49,11,implied_by
1,6420,54,14,8,not_or
1,6421,58,33,2,not_implies
1,6422,46,40,10,not_b
1,6423,21,83,12,not_a
1,6424,50,43,5,b
1,6425,58,72,6,xor
1,6426,73,25,11,implied_by
1,6427,50,30,4,not_implied_by
1,6428,67,13,5,b
1,6429,38,8,13,implies
1,6430,11,81,0,zero
1,6431,65,56,2,not_implies
1,6432,31,42,5,b
1,6433,84,81,9,not_xor
1,6434,77,0,12,not_a
1,6435,34,49,9,not_xor
1,6436,37,87,4,not_implied_by
1,6437,66,7,0,zero
1,6438,75,12,12,not_a
1,6439,82,29,13,implies
1,6440,9,83,11,implied_by
1,6441,64,51,3,a
1,6442,74,88,13,implies
1,6443,54,74,15,one
1,6444,3,12,4,not_implied_by
1,6445,82,9,10,not_b
1,6446,34,35,14,not_and
1,6447,78,38,10,not_b
1,6448,30,20,4,not_implied_by
1,6449,39,51,12,not_a
1,6450,66,10,5,b
1,6451,0,68,6,xor
1,6452,72,89,12,not_a
1,6453,4,79,9,not_xor
1,6454,0,81,7,or
1,6455,48,44,10,not_b
1,6456,28,26,11,implied_by
1,6457,64,61,8,not_or
1,6458,70,4,15,one
1,6459,86,65,4,not_implied_by
1,6460,58,65,5,b
1,6461,5,11,14,not_and
1,6462,27,6,15,one
1,6463,72,80,6,xor
1,6464,5,46,10,not_b
1,6465,7,24,11,implied_by
1,6466,75,39,5,b
1,6467,62,13,14,not_and
1,6468,39,50,12,not_a
1,6469,60,19,3,a
1,6470,81,1,12,not_a
1,6471,81,45,13,implies
1,6472,8,24,5,b
1,6473,19,7,12,not_a
1,6474,23,37,7,or
1,6475,10,66,11,implied_by
1,6476,62,61,10,not_b
1,6477,74,5,10,not_b
1,6478,47,2,3,a
1,6479,7,18,3,a
1,6480,54,29,6,xor
1,6481,41,47,12,not_a
1,6482,34,82,13,implies
1,6483,60,34,10,not_b
1,6484,0,35,9,not_xor
1,6485,80,53,0,zero
1,6486,10,59,4,not_implied_by
1,6487,46,69,7,or
1,6488,39,75,13,implies
1,6489,15,74,3,a
1,6490,75,84,14,not_and
1,6491,65,34,15,one
1,6492,54,66,15,one
1,6493,83,32,3,a
1,6494,53,4,12,not_a
1,6495,45,52,8,not_or
1,6496,82,17,10,not_b
1,6497,35,43,11,implied_by
1,6498,31,52,6,xor
1,6499,30,30,7,or
1,6500,51,53,3,a
1,6501,56,12,2,not_implies
1,6502,20,63,2,not_implies
1,6503,1,80,8,not_or
1,6504,57,87,11,implied_by
1,6505,18,67,13,implies
1,6506,11,78,1,and
1,6507,26,56,8,not_or
1,6508,50,7,11,implied_by
1,6509,85,38,11,implied_by
1,6510,22,88,7,or
1,6511,34,85,10,not_b
1,6512,53,20,3,a
1,6513,83,34,2,not_implies
1,6514,45,28,13,implies
1,6515,72,83,6,xor
1,6516,36,79,12,not_a
1,6517,76,82,11,implied_by
1,6518,70,34,3,a
1,6519,64,47,8,not_or
1,6520,58,68,1,and
1,6521,46,46,6,xor
1,6522,29,72,12,not_a
1,6523,40,62,3,a
1,6524,86,46,1,and
1,6525,62,23,10,not_b
1,6526,73,30,3,a
1,6527,43,44,9,not_xor
1,6528,42,38,9,not_xor
1,6529,4,23,10,not_b
1,6530,42,44,10,not_b
1,6531,49,65,9,not_xor
1,6532,89,33,4,not_implied_by
1,6533,23,43,14,not_and
1,6534,60,15,5,b
1,6535,20,75,12,not_a
1,6536,16,86,13,implies
1,6537,78,50,14,not_and
1,6538,7,65,8,not_or
1,6539,22,58,9,not_xor
1,6540,48,55,10,not_b
1,6541,63,52,2,not_implies
1,6542,86,30,5,b
1,6543,59,40,1,and
1,6544,59,4,6,xor
1,6545,10,4,15,one
1,6546,48,25,12,not_a
1,6547,45,37,9,not_xor
1,6548,85,1,6,xor
1,6549,72,11,5,b
1,6550,61,15,4,not_implied_by
1,6551,31,44,14,not_and
1,6552,4,20,8,not_or
1,6553,30,64,15,one
1,6554,23,6,7,or
1,6555,39,41,5,b
1,6556,5,84,9,not_xor
1,6557,49,5,12,not_a
1,6558,59,22,6,xor
1,6559,56,55,8,not_or
1,6560,64,82,6,xor
1,6561,73,66,11,implied_by
1,6562,29,66,7,or
1,6563,79,67,2,not_implies
1,6564,41,88,12,not_a
1,6565,15,51,7,or
1,6566,60,55,7,or
1,6567,27,37,14,not_and
1,6568,74,20,1,and
1,6569,37,58,1,and
1,6570,36,27,8,not_or
1,6571,63,0,5,b
1,6572,73,70,14,not_and
1,6573,76,59,11,implied_by
1,6574,20,86,9,not_xor
1,6575,31,18,10,not_b
1,6576,1,72,10,not_b
1,6577,36,71,13,implies
1,6578,0,21,8,not_or
1,6579,36,14,0,zero
1,6580,11,15,14,not_and
1,6581,32,64,12,not_a
1,6582,10,15,7,or
1,6583,36,20,10,not_b
1,6584,74,17,7,or
1,6585,22,31,12,not_a
1,6586,18,15,10,not_b
1,6587,16,5,1,and
1,6588,79,60,1,and
1,6589,22,6,13,implies
1,6590,63,0,5,b
1,6591,46,55,10,not_b
1,6592,26,19,7,or
1,6593,60,85,8,not_or
1,6594,22,4,4,not_implied_by
1,6595,86,75,12,not_a
1,6596,75,42,5,b
1,6597,87,69,9,not_xor
1,6598,45,56,11,implied_by
1,6599,6,26,7,or
1,6600,36,12,2,not_implies
1,6601,64,39,4,not_implied_by
1,6602,81,34,11,implied_by
1,6603,82,11,11,implied_by
1,6604,79,60,7,or
1,6605,64,67,4,not_implied_by
1,6606,60,35,3,a
1,6607,89,66,14,not_and
1,6608,71,52,3,a
1,6609,18,81,12,not_a
1,6610,5,11,13,implies
1,6611,58,75,8,not_or
1,6612,48,71,6,xor
1,6613,40,39,7,or
1,6614,6,68,4,not_implied_by
1,6615,1,71,7,or
1,6616,60,86,5,b
1,6617,51,77,2,not_implies
1,6618,86,9,3,a
1,6619,3,34,7,or
1,6620,23,71,3,a
1,6621,54,40,0,zero
1,6622,20,70,7,or
1,6623,23,81,3,a
1,6624,87,53,8,not_or
1,6625,63,32,3,a
1,6626,3,31,3,a
1,6627,8,58,13,implies
1,6628,27,86,0,zero
1,6629,83,69,3,a
1,6630,44,34,6,xor
1,6631,27,66,7,or
1,6632,74,72,9,not_xor
1,6633,7,72,15,one
1,6634,70,43,9,not_xor
1,6635,2,67,13,implies
1,6636,78,76,14,not_and
1,6637,57,54,8,not_or
1,6638,74,53,4,not_implied_by
1,6639,19,30,3,a
1,6640,70,73,5,b
1,6641,53,69,3,a
1,6642,72,50,4,not_implied_by
1,6643,52,37,2,not_implies
1,6644,49,38,7,or
1,6645,33,46,13,implies
1,6646,53,52,1,and
1,6647,39,67,2,not_implies
1,6648,62,24,2,not_implies
1,6649,20,78,2,not_implies
1,6650,21,76,9,not_xor
1,6651,17,67,1,and
1,6652,42,59,14,not_and
1,6653,38,48,11,implied_by
1,6654,74,61,8,not_or
1,6655,82,11,8,not_or
1,6656,15,56,2,not_implies
1,6657,6,81,11,implied_by
1,6658,78,7,12,not_a
1,6659,83,24,14,not_and
1,6660,74,29,12,not_a
1,6661,29,44,5,b
1,6662,57,74,2,not_implies
1,6663,87,54,4,not_implied_by
1,6664,82,43,8,not_or
1,6665,56,78,8,not_or
1,6666,21,42,14,not_and
1,6667,14,21,3,a
1,6668,1,46,12,not_a
1,6669,8,75,9,not_xor
1,6670,0,16,13,implies
1,6671,45,32,1,and
1,6672,62,32,5,b
1,6673,12,21,7,or
1,6674,7,12,1,and
1,6675,33,29,4,not_implied_by
1,6676,38,37,6,xor
1,6677,53,63,6,xor
1,6678,15,59,6,xor
1,6679,33,7,8,not_or
1,6680,60,8,2,not_implies
1,6681,34,29,7,or
1,6682,20,45,11,implied_by
1,6683,6,62,14,not_and
1,6684,23,43,1,and
1,6685,83,33,6,xor
1,6686,53,82,14,not_and
1,6687,41,11,1,and
1,6688,22,73,15,one
1,6689,1,52,8,not_or
1,6690,1,23,7,or
1,6691,40,88,13,implies
1,6692,23,16,5,b
1,6693,89,68,7,or
1,6694,52,64,14,not_and
1,6695,32,3,3,a
1,6696,65,14,13,implies
1,6697,41,60,6,xor
1,6698,85,27,6,xor
1,6699,51,84,5,b
1,6700,51,42,9,not_xor
1,6701,50,88,10,not_b
1,6702,23,19,9,not_xor
1,6703,46,69,4,not_implied_by
1,6704,85,33,7,or
1,6705,52,77,7,or
1,6706,81,55,9,not_xor
1,6707,30,57,3,a
1,6708,31,17,5,b
1,6709,56,12,2,not_implies
1,6710,79,48,13,implies
1,6711,51,51,10,not_b
1,6712,51,16,2,not_implies
1,6713,47,76,13,implies
1,6714,59,61,6,xor
1,6715,86,59,2,not_implies
1,6716,70,32,9,not_xor
1,6717,19,15,11,implied_by
1,6718,9,50,2,not_implies
1,6719,86,59,14,not_and
1,6720,22,82,9,not_xor
1,6721,86,20,6,xor
1,6722,26,7,10,not_b
1,6723,73,31,12,not_a
1,6724,64,89,9,not_xor
1,6725,65,16,14,not_and
1,6726,25,70,14,not_and
1,6727,27,52,2,not_implies
1,6728,58,67,3,a
1,6729,38,43,3,a
1,6730,69,43,0,zero
1,6731,31,20,7,or
1,6732,6,20,9,not_xor
1,6733,69,70,3,a
1,6734,79,89,6,xor
1,6735,84,79,9,not_xor
1,6736,29,83,6,xor
1,6737,39,74,12,not_a
1,6738,52,31,7,or
1,6739,56,63,10,not_b
1,6740,88,45,9,not_xor
1,6741,81,65,1,and
1,6742,84,30,2,not_implies
1,6743,1,23,7,or
1,6744,84,80,13,implies
1,6745,23,10,3,a
1,6746,78,88,11,implied_by
1,6747,5,8,15,one
1,6748,52,4,8,not_or
1,6749,71,33,3,a
1,6750,89,75,2,not_implies
1,6751,29,57,4,not_implied_by
1,6752,57,13,3,a
1,6753,81,88,6,xor
1,6754,28,39,9,not_xor
1,6755,89,8,15,one
1,6756,62,84,13,implies
1,6757,34,27,15,one
1,6758,24,83,10,not_b
1,6759,12,20,1,and
1,6760,47,39,5,b
1,6761,34,84,14,not_and
1,6762,78,70,14,not_and
1,6763,47,49,2,not_implies
1,6764,71,3,12,not_a
1,6765,55,77,1,and
1,6766,43,1,8,not_or
1,6767,38,25,14,not_and
1,6768,13,12,11,implied_by
1,6769,41,9,12,not_a
1,6770,77,50,1,and
1,6771,27,76,13,implies
1,6772,26,49,4,not_implied_by
1,6773,86,62,12,not_a
1,6774,68,11,3,a
1,6775,30,58,12,not_a
1,6776,29,16,10,not_b
1,6777,55,48,8,not_or
1,6778,48,53,10,not_b
1,6779,38,53,11,implied_by
1,6780,82,37,14,not_and
1,6781,27,6,8,not_or
1,6782,35,19,14,not_and
1,6783,10,14,10,not_b
1,6784,53,14,6,xor
1,6785,10,63,7,or
1,6786,31,68,3,a
1,6787,74,14,10,not_b
1,6788,57,79,2,not_implies
1,6789,44,75,6,xor
1,6790,28,50,10,not_b
1,6791,42,20,13,implies
1,6792,43,18,2,not_implies
1,6793,77,43,14,not_and
1,6794,80,8,8,not_or
1,6795,69,29,13,implies
1,6796,17,63,8,not_or
1,6797,80,89,0,zero
1,6798,62,65,0,zero
1,6799,62,65,10,not_b
1,6800,73,5,0,zero
1,6801,69,15,3,a
1,6802,15,79,2,not_implies
1,6803,89,16,15,one
1,6804,46,87,8,not_or
1,6805,86,38,8,not_or
1,6806,10,65,2,not_implies
1,6807,16,22,9,not_xor
1,6808,4,37,14,not_and
1,6809,11,30,8,not_or
1,6810,37,56,6,xor
1,6811,66,2,8,not_or
1,6812,17,5,13,implies
1,6813,61,51,6,xor
1,6814,35,56,13,implies
1,6815,46,72,11,implied_by
1,6816,78,55,12,not_a
1,6817,0,79,6,xor
1,6818,19,84,13,implies
1,6819,82,61,5,b
1,6820,87,0,15,one
1,6821,17,73,9,not_xor
1,6822,24,37,13,implies
1,6823,41,85,11,implied_by
1,6824,1,41,8,not_or
1,6825,87,70,5,b
1,6826,23,81,12,not_a
1,6827,29,41,13,implies
1,6828,78,7,10,not_b
1,6829,26,3,11,implied_by
1,6830,73,16,4,not_implied_by
1,6831,83,38,12,not_a
1,6832,33,74,5,b
1,6833,88,28,15,one
1,6834,76,61,9,not_xor
1,6835,6,44,9,not_xor
1,6836,32,57,7,or
1,6837,12,70,2,not_implies
1,6838,6,14,2,not_implies
1,6839,29,0,2,not_implies
1,6840,29,38,9,not_xor
1,6841,78,8,6,xor
1,6842,77,76,13,implies
1,6843,21,75,12,not_a
1,6844,74,83,14,not_and
1,6845,38,41,8,not_or
1,6846,6,47,7,or
1,6847,72,11,2,not_implies
1,6848,38,71,14,not_and
1,6849,31,3,6,xor
1,6850,41,45,11,implied_by
1,6851,86,23,2,not_implies
1,6852,62,66,2,not_implies
1,6853,1,40,7,or
1,6854,81,34,10,not_b
1,6855,32,58,14,not_and
1,6856,0,2,10,not_b
1,6857,77,20,9,not_xor
1,6858,37,27,4,not_implied_by
1,6859,8,54,12,not_a
1,6860,54,73,3,a
1,6861,88,28,11,implied_by
1,6862,33,57,12,not_a
1,6863,77,61,3,a
1,6864,53,15,10,not_b
1,6865,48,78,12,not_a
1,6866,29,82,14,not_and
1,6867,86,45,12,not_a
1,6868,26,75,9,not_xor
1,6869,68,85,2,not_implies
1,6870,24,76,9,not_xor
1,6871,87,74,11,implied_by
1,6872,79,71,12,not_a
1,6873,87,7,14,not_and
1,6874,21,76,9,not_xor
1,6875,53,25,9,not_xor
1,6876,73,63,7,or
1,6877,4,28,5,b
1,6878,86,58,6,xor
1,6879,17,87,12,not_a
1,6880,82,79,0,zero
1,6881,61,66,9,not_xor
1,6882,88,27,10,not_b
1,6883,85,59,3,a
1,6884,56,58,0,zero
1,6885,51,69,11,implied_by
1,6886,52,7,7,or
1,6887,35,19,14,not_and
1,6888,38,25,9,not_xor
1,6889,55,4,13,implies
1,6890,43,55,5,b
1,6891,81,38,6,xor
1,6892,69,28,12,not_a
1,6893,65,23,5,b
1,6894,63,28,15,one
1,6895,13,63,11,implied_by
1,6896,18,5,2,not_implies
1,6897,88,26,8,not_or
1,6898,84,62,5,b
1,6899,10,4,9,not_xor
1,6900,62,30,2,not_implies
1,6901,37,82,0,zero
1,6902,89,46,8,not_or
1,6903,72,6,5,b
1,6904,82,48,14,not_and
1,6905,69,5,2,not_implies
1,6906,16,61,11,implied_by
1,6907,28,62,8,not_or
1,6908,0,74,9,not_xor
1,6909,69,54,14,not_and
1,6910,59,50,4,not_implied_by
1,6911,23,57,12,not_a
1,6912,59,41,12,not_a
1,6913,9,75,6,xor
1,6914,25,88,7,or
1,6915,59,34,14,not_and
1,6916,71,19,2,not_implies
1,6917,84,79,15,one
1,6918,79,31,13,implies
1,6919,53,1,15,one
1,6920,69,1,8,not_or
1,6921,87,67,6,xor
1,6922,64,6,9,not_xor
1,6923,2,1,3,a
1,6924,89,73,10,not_b
1,6925,48,37,8,not_or
1,6926,10,42,6,xor
1,6927,6,43,5,b
1,6928,83,42,3,a
1,6929,48,38,5,b
1,6930,85,16,0,zero
1,6931,77,75,8,not_or
1,6932,8,23,10,not_b
1,6933,3,21,14,not_and
1,6934,60,50,2,not_implies
1,6935,19,44,2,not_implies
1,6936,41,11,6,xor
1,6937,24,55,1,and
1,6938,58,83,7,or
1,6939,54,4,14,not_and
1,6940,89,14,0,zero
1,6941,49,42,10,not_b
1,6942,69,42,14,not_and
1,6943,87,56,9,not_xor
1,6944,33,89,11,implied_by
1,6945,42,69,9,not_xor
1,6946,70,48,5,b
1,6947,28,45,10,not_b
1,6948,26,60,5,b
1,6949,20,47,3,a
1,6950,30,22,7,or
1,6951,62,80,2,not_implies
1,6952,60,31,14,not_and
1,6953,81,7,7,or
1,6954,30,73,12,not_a
1,6955,88,17,6,xor
1,6956,28,7,1,and
1,6957,49,32,2,not_implies
1,6958,0,85,6,xor
1,6959,40,51,7,or
1,6960,33,61,7,or
1,6961,50,33,15,one
1,6962,36,16,0,zero
1,6963,9,40,13,implies
1,6964,40,21,4,not_implied_by
1,6965,7,53,14,not_and
1,6966,15,44,8,not_or
1,6967,74,49,13,implies
1,6968,45,80,3,a
1,6969,6,29,7,or
1,6970,86,74,6,xor
1,6971,35,88,0,zero
1,6972,81,76,14,not_and
1,6973,47,44,9,not_xor
1,6974,1,49,5,b
1,6975,14,77,14,not_and
1,6976,55,11,1,and
1,6977,68,25,10,not_b
1,6978,56,32,0,zero
1,6979,85,67,1,and
1,6980,23,89,3,a
1,6981,83,14,4,not_implied_by
1,6982,36,63,12,not_a
1,6983,3,48,4,not_implied_by
1,6984,36,66,12,not_a
1,6985,70,60,3,a
1,6986,67,44,9,not_xor
1,6987,0,3,4,not_implied_by
1,6988,1,9,15,one
1,6989,75,88,8,not_or
1,6990,87,44,5,b
1,6991,7,77,9,not_xor
1,6992,6,57,4,not_implied_by
1,6993,2,43,9,not_xor
1,6994,28,21,11,implied_by
1,6995,74,16,2,not_implies
1,6996,89,42,2,not_implies
1,6997,40,87,13,implies
1,6998,38,73,12,not_a
1,6999,56,16,5,b
1,7000,81,62,3,a
1,7001,88,34,7,or
1,7002,36,36,14,not_and
1,7003,89,18,6,xor
1,7004,65,19,10,not_b
1,7005,49,0,2,not_implies
1,7006,17,31,12,not_a
1,7007,52,6,5,b
1,7008,77,75,6,xor
1,7009,86,72,11,implied_by
1,7010,6,29,15,one
1,7011,53,20,5,b
1,7012,57,26,8,not_or
1,7013,86,36,5,b
1,7014,13,6,7,or
1,7015,46,89,2,not_implies
1,7016,57,85,8,not_or
1,7017,83,31,14,not_and
1,7018,81,21,9,not_xor
1,7019,16,65,0,zero
1,7020,76,50,3,a
1,7021,11,57,3,a
1,7022,51,89,1,and
1,7023,64,87,15,one
1,7024,78,17,10,not_b
1,7025,69,52,8,not_or
1,7026,12,54,2,not_implies
1,7027,29,67,2,not_implies
1,7028,38,18,2,not_implies
1,7029,87,75,3,a
1,7030,72,10,13,implies
1,7031,1,89,0,zero
1,7032,65,8,6,xor
1,7033,77,80,8,not_or
1,7034,66,4,3,a
1,7035,44,74,13,implies
1,7036,65,53,14,not_and
1,7037,12,53,5,b
1,7038,73,30,11,implied_by
1,7039,28,13,9,not_xor
1,7040,80,82,9,not_xor
1,7041,49,23,11,implied_by
1,7042,18,75,1,and
1,7043,62,32,15,one
1,7044,83,37,8,not_or
1,7045,45,57,8,not_or
1,7046,52,69,9,not_xor
1,7047,74,54,9,not_xor
1,7048,37,5,4,not_implied_by
1,7049,44,45,4,not_implied_by
1,7050,79,20,9,not_xor
1,7051,26,69,8,not_or
1,7052,51,63,6,xor
1,7053,26,79,13,implies
1,7054,80,72,6,xor
1,7055,85,56,14,not_and
1,7056,18,5,3,a
1,7057,29,2,9,not_xor
1,7058,30,14,6,xor
1,7059,50,79,2,not_implies
1,7060,21,16,12,not_a
1,7061,24,28,9,not_xor
1,7062,45,45,1,and
1,7063,54,61,2,not_implies
1,7064,26,35,1,and
1,7065,88,36,0,zero
1,7066,36,6,2,not_implies
1,7067,11,30,8,not_or
1,7068,16,52,1,and
1,7069,24,73,1,and
1,7070,71,34,1,and
1,7071,5,57,7,or
1,7072,17,38,3,a
1,7073,76,39,5,b
1,7074,62,85,13,implies
1,7075,37,19,11,implied_by
1,7076,61,0,8,not_or
1,7077,62,89,4,not_implied_by
1,7078,88,5,8,not_or
1,7079,68,69,10,not_b
1,7080,11,73,3,a
1,7081,65,75,7,or
1,7082,12,77,7,or
1,7083,84,10,3,a
1,7084,40,32,8,not_or
1,7085,43,71,8,not_or
1,7086,33,9,9,not_xor
1,7087,63,14,3,a
1,7088,28,50,0,zero
1,7089,3,4,0,zero
1,7090,64,61,15,one
1,7091,48,9,15,one
1,7092,5,32,7,or
1,7093,46,45,6,xor
1,7094,61,9,7,or
1,7095,17,58,8,not_or
1,7096,83,67,13,implies
1,7097,4,63,6,xor
1,7098,72,89,10,not_b
1,7099,64,10,10,not_b
1,7100,20,19,11,implied_by
1,7101,31,11,0,zero
1,7102,60,40,10,not_b
1,7103,39,69,11,implied_by
1,7104,18,49,0,zero
1,7105,51,23,5,b
1,7106,59,22,13,implies
1,7107,87,30,8,not_or
1,7108,55,35,4,not_implied_by
1,7109,53,88,6,xor
1,7110,57,49,8,not_or
1,7111,29,17,9,not_xor
1,7112,70,88,12,not_a
1,7113,81,22,7,or
1,7114,83,81,11,implied_by
1,7115,50,77,5,b
1,7116,27,11,10,not_b
1,7117,0,54,5,b
1,7118,16,26,7,or
1,7119,44,62,13,implies
1,7120,69,71,11,implied_by
1,7121,33,82,13,implies
1,7122,59,55,15,one
1,7123,33,23,9,not_xor
1,7124,76,57,6,xor
1,7125,5,9,14,not_and
1,7126,59,60,1,and
1,7127,36,2,0,zero
1,7128,74,8,11,implied_by
1,7129,10,0,0,zero
1,7130,37,52,12,not_a
1,7131,32,53,2,not_implies
1,7132,23,25,15,one
1,7133,62,10,6,xor
1,7134,65,47,11,implied_by
1,7135,3,23,5,b
1,7136,3,76,10,not_b
1,7137,75,11,10,not_b
1,7138,63,44,6,xor
1,7139,49,64,6,xor
1,7140,46,78,2,not_implies
1,7141,15,82,7,or
1,7142,61,47,8,not_or
1,7143,26,32,11,implied_by
1,7144,63,54,11,implied_by
1,7145,69,26,6,xor
1,7146,81,19,7,or
1,7147,54,82,14,not_and
1,7148,0,37,9,not_xor
1,7149,52,50,9,not_xor
1,7150,63,34,7,or
1,7151,62,21,9,not_xor
1,7152,32,36,2,not_implies
1,7153,8,58,0,zero
1,7154,53,67,3,a
1,7155,5,56,6,xor
1,7156,77,54,9,not_xor
1,7157,63,59,11,implied_by
1,7158,76,71,12,not_a
1,7159,9,84,11,implied_by
1,7160,22,69,8,not_or
1,7161,34,56,11,implied_by
1,7162,47,13,2,not_implies
1,7163,38,39,10,not_b
1,7164,51,54,14,not_and
1,7165,48,85,4,not_implied_by
1,7166,1,81,10,not_b
1,7167,1,24,5,b
1,7168,24,48,1,and
1,7169,24,84,2,not_implies
1,7170,28,80,8,not_or
1,7171,89,49,7,or
1,7172,9,42,15,one
1,7173,8,68,15,one
1,7174,62,51,13,implies
1,7175,51,66,12,not_a
1,7176,2,59,4,not_implied_by
1,7177,25,14,8,not_or
1,7178,8,33,15,one
1,7179,17,18,3,a
1,7180,2,80,9,not_xor
1,7181,76,4,6,xor
1,7182,0,78,12,not_a
1,7183,47,73,6,xor
1,7184,70,39,9,not_xor
1,7185,83,8,1,and
1,7186,64,8,7,or
1,7187,64,57,7,or
1,7188,66,70,8,not_or
1,7189,59,25,7,or
1,7190,72,64,7,or
1,7191,56,46,3,a
1,7192,87,7,9,not_xor
1,7193,77,56,12,not_a
1,7194,50,46,10,not_b
1,7195,25,34,2,not_implies
1,7196,30,16,0,zero
1,7197,7,7,3,a
1,7198,33,87,13,implies
1,7199,13,79,7,or
1,7200,80,86,8,not_or
1,7201,41,1,3,a
1,7202,33,36,13,implies
1,7203,72,78,9,not_xor
1,7204,74,17,10,not_b
1,7205,81,12,10,not_b
1,7206,54,63,4,not_implied_by
1,7207,14,7,2,not_implies
1,7208,0,60,9,not_xor
1,7209,83,35,7,or
1,7210,26,33,6,xor
1,7211,40,89,3,a
1,7212,82,61,6,xor
1,7213,49,23,7,or
1,7214,33,5,13,implies
1,7215,6,87,15,one
1,7216,66,24,4,not_implied_by
1,7217,60,15,11,implied_by
1,7218,64,11,15,one
1,7219,50,65,7,or
1,7220,15,14,12,not_a
1,7221,16,81,8,not_or
1,7222,26,22,14,not_and
1,7223,10,89,10,not_b
1,7224,85,65,14,not_and
1,7225,22,26,3,a
1,7226,27,46,15,one
1,7227,75,33,2,not_implies
1,7228,66,9,3,a
1,7229,63,57,12,not_a
1,7230,46,19,5,b
1,7231,27,23,9,not_xor
1,7232,73,32,15,one
1,7233,74,64,4,not_implied_by
1,7234,72,24,7,or
1,7235,52,33,6,xor
1,7236,16,10,7,or
1,7237,84,61,2,not_implies
1,7238,59,71,2,not_implies
1,7239,48,60,10,not_b
1,7240,43,52,13,implies
1,7241,45,70,2,not_implies
1,7242,43,13,10,not_b
1,7243,26,54,2,not_implies
1,7244,87,36,11,implied_by
1,7245,84,1,3,a
1,7246,66,35,10,not_b
1,7247,27,86,3,a
1,7248,36,54,3,a
1,7249,0,45,12,not_a
1,7250,20,86,7,or
1,7251,87,26,9,not_xor
1,7252,47,85,9,not_xor
1,7253,3,41,1,and
1,7254,1,29,15,one
1,7255,42,72,9,not_xor
1,7256,34,22,10,not_b
1,7257,14,25,1,and
1,7258,84,32,10,not_b
1,7259,89,68,3,a
1,7260,63,29,1,and
1,7261,59,81,1,and
1,7262,62,38,5,b
1,7263,41,82,0,zero
1,7264,46,13,12,not_a
1,7265,14,50,15,one
1,7266,28,54,1,and
1,7267,66,72,10,not_b
1,7268,20,4,9,not_xor
1,7269,22,23,11,implied_by
1,7270,1,21,7,or
1,7271,88,19,3,a
1,7272,40,65,12,not_a
1,7273,29,28,6,xor
1,7274,77,3,10,not_b
1,7275,82,82,13,implies
1,7276,8,7,2,not_implies
1,7277,10,78,7,or
1,7278,38,52,5,b
1,7279,38,38,14,not_and
1,7280,41,61,9,not_xor
1,7281,29,37,14,not_and
1,7282,53,85,7,or
1,7283,63,11,7,or
1,7284,72,40,9,not_xor
1,7285,14,43,13,implies
1,7286,0,17,11,implied_by
1,7287,71,28,8,not_or
1,7288,53,53,6,xor
1,7289,2,10,11,implied_by
1,7290,8,19,5,b
1,7291,12,88,0,zero
1,7292,34,82,14,not_and
1,7293,12,71,10,not_b
1,7294,13,84,6,xor
1,7295,70,25,1,and
1,7296,70,51,12,not_a
1,7297,28,53,4,not_implied_by
1,7298,28,80,11,implied_by
1,7299,70,61,12,not_a
1,7300,37,9,0,zero
1,7301,27,31,3,a
1,7302,49,58,4,not_implied_by
1,7303,19,37,2,not_implies
1,7304,74,72,4,not_implied_by
1,7305,47,78,11,implied_by
1,7306,55,34,10,not_b
1,7307,46,18,8,not_or
1,7308,19,34,2,not_implies
1,7309,68,67,11,implied_by
1,7310,51,59,11,implied_by
1,7311,50,73,10,not_b
1,7312,31,76,7,or
1,7313,12,6,14,not_and
1,7314,30,55,6,xor
1,7315,63,40,12,not_a
1,7316,50,32,11,implied_by
1,7317,73,74,3,a
1,7318,77,84,8,not_or
1,7319,84,43,8,not_or
1,7320,44,0,12,not_a
1,7321,84,45,9,not_xor
1,7322,41,14,12,not_a
1,7323,0,66,3,a
1,7324,84,68,12,not_a
1,7325,27,73,14,not_and
1,7326,75,42,1,and
1,7327,35,20,9,not_xor
1,7328,54,5,8,not_or
1,7329,70,52,1,and
1,7330,76,77,14,not_and
1,7331,81,86,10,not_b
1,7332,7,59,15,one
1,7333,45,66,7,or
1,7334,16,56,4,not_implied_by
1,7335,46,49,11,implied_by
1,7336,34,6,14,not_and
1,7337,83,87,13,implies
1,7338,16,32,13,implies
1,7339,88,30,2,not_implies
1,7340,87,55,12,not_a
1,7341,77,36,2,not_implies
1,7342,57,23,10,not_b
1,7343,83,5,12,not_a
1,7344,86,8,3,a
1,7345,35,7,15,one
1,7346,12,86,5,b
1,7347,15,69,7,or
1,7348,36,41,1,and
1,7349,8,52,5,b
1,7350,14,56,1,and
1,7351,85,61,13,implies
1,7352,70,20,6,xor
1,7353,40,25,6,xor
1,7354,86,82,12,not_a
1,7355,79,58,5,b
1,7356,3,32,14,not_and
1,7357,64,37,15,one
1,7358,49,17,11,implied_by
1,7359,16,52,12,not_a
1,7360,39,71,4,not_implied_by
1,7361,53,7,12,not_a
1,7362,40,66,12,not_a
1,7363,64,14,15,one
1,7364,7,77,5,b
1,7365,76,14,11,implied_by
1,7366,83,56,6,xor
1,7367,55,18,12,not_a
1,7368,89,57,1,and
1,7369,18,3,6,xor
1,7370,4,68,0,zero
1,7371,43,60,6,xor
1,7372,7,2,5,b
1,7373,55,87,13,implies
1,7374,30,22,7,or
1,7375,15,45,12,not_a
1,7376,66,4,1,and
1,7377,12,30,2,not_implies
1,7378,80,7,0,zero
1,7379,80,1,7,or
1,7380,50,10,12,not_a
1,7381,76,50,9,not_xor
1,7382,83,67,12,not_a
1,7383,84,47,5,b
1,7384,56,67,11,implied_by
1,7385,86,66,3,a
1,7386,6,88,1,and
1,7387,67,82,13,implies
1,7388,4,9,13,implies
1,7389,21,77,9,not_xor
1,7390,16,64,8,not_or
1,7391,35,59,1,and
1,7392,65,61,0,zero
1,7393,34,34,10,not_b
1,7394,51,73,11,implied_by
1,7395,37,28,4,not_implied_by
1,7396,29,83,9,not_xor
1,7397,1,57,0,zero
1,7398,61,0,14,not_and
1,7399,58,23,0,zero
1,7400,9,22,8,not_or
1,7401,3,56,3,a
1,7402,87,74,4,not_implied_by
1,7403,79,58,2,not_implies
1,7404,84,87,12,not_a
1,7405,22,17,2,not_implies
1,7406,44,87,7,or
1,7407,44,82,8,not_or
1,7408,43,12,15,one
1,7409,34,49,10,not_b
1,7410,45,23,12,not_a
1,7411,60,11,5,b
1,7412,19,15,10,not_b
1,7413,24,3,3,a
1,7414,13,34,10,not_b
1,7415,80,35,7,or
1,7416,73,55,9,not_xor
1,7417,49,74,11,implied_by
1,7418,59,21,13,implies
1,7419,1,78,15,one
1,7420,41,52,3,a
1,7421,27,48,7,or
1,7422,30,78,14,not_and
1,7423,62,30,3,a
1,7424,1,79,9,not_xor
1,7425,26,7,6,xor
1,7426,1,53,8,not_or
1,7427,88,12,14,not_and
1,7428,51,40,8,not_or
1,7429,6,48,1,and
1,7430,42,67,12,not_a
1,7431,54,74,14,not_and
1,7432,52,33,5,b
1,7433,25,19,11,implied_by
1,7434,68,13,4,not_implied_by
1,7435,65,65,4,not_implied_by
1,7436,17,24,4,not_implied_by
1,7437,11,12,7,or
1,7438,30,25,13,implies
1,7439,48,66,2,not_implies
1,7440,79,73,3,a
1,7441,56,63,6,xor
1,7442,23,46,1,and
1,7443,24,13,13,implies
1,7444,10,50,9,not_xor
1,7445,24,88,5,b
1,7446,13,17,9,not_xor
1,7447,14,60,6,xor
1,7448,15,20,13,implies
1,7449,18,33,10,not_b
1,7450,1,70,4,not_implied_by
1,7451,30,33,6,xor
1,7452,53,22,2,not_implies
1,7453,60,7,6,xor
1,7454,83,5,2,not_implies
1,7455,84,34,8,not_or
1,7456,68,9,11,implied_by
1,7457,47,74,10,not_b
1,7458,27,16,2,not_implies
1,7459,9,27,9,not_xor
1,7460,16,69,2,not_implies
1,7461,34,53,2,not_implies
1,7462,78,16,6,xor
1,7463,14,76,6,xor
1,7464,15,59,9,not_xor
1,7465,20,50,9,not_xor
1,7466,53,89,3,a
1,7467,3,46,9,not_xor
1,7468,80,57,7,or
1,7469,31,88,2,not_implies
1,7470,25,74,8,not_or
1,7471,8,71,8,not_or
1,7472,73,69,10,not_b
1,7473,37,8,4,not_implied_by
1,7474,31,83,4,not_implied_by
1,7475,0,71,9,not_xor
1,7476,84,31,15,one
1,7477,77,74,10,not_b
1,7478,76,57,3,a
1,7479,20,7,9,not_xor
1,7480,12,63,6,xor
1,7481,78,83,6,xor
1,7482,14,27,5,b
1,7483,38,31,9,not_xor
1,7484,2,3,13,implies
1,7485,34,65,1,and
1,7486,16,76,6,xor
1,7487,73,22,10,not_b
1,7488,33,73,14,not_and
1,7489,86,84,3,a
1,7490,4,58,3,a
1,7491,73,29,3,a
1,7492,87,69,3,a
1,7493,58,72,4,not_implied_by
1,7494,23,69,2,not_implies
1,7495,27,36,4,not_implied_by
1,7496,48,77,5,b
1,7497,19,58,3,a
1,7498,7,80,5,b
1,7499,61,45,7,or
1,7500,24,2,1,and
1,7501,65,7,4,not_implied_by
1,7502,81,71,6,xor
1,7503,28,10,15,one
1,7504,67,72,10,not_b
1,7505,2,28,3,a
1,7506,3,20,5,b
1,7507,50,26,15,one
1,7508,64,56,6,xor
1,7509,18,70,6,xor
1,7510,27,55,4,not_implied_by
1,7511,69,87,5,b
1,7512,52,66,15,one
1,7513,74,10,7,or
1,7514,9,73,12,not_a
1,7515,53,25,1,and
1,7516,5,29,15,one
1,7517,48,17,5,b
1,7518,9,81,5,b
1,7519,69,78,6,xor
1,7520,68,68,13,implies
1,7521,29,2,8,not_or
1,7522,50,80,10,not_b
1,7523,16,19,7,or
1,7524,10,46,12,not_a
1,7525,63,79,4,not_implied_by
1,7526,41,20,8,not_or
1,7527,89,52,9,not_xor
1,7528,89,30,3,a
1,7529,24,72,6,xor
1,7530,31,45,9,not_xor
1,7531,53,32,13,implies
1,7532,2,36,13,implies
1,7533,56,19,0,zero
1,7534,34,89,12,not_a
1,7535,62,39,10,not_b
1,7536,47,52,14,not_and
1,7537,53,76,2,not_implies
1,7538,71,19,13,implies
1,7539,62,8,15,one
1,7540,64,20,9,not_xor
1,7541,1,53,8,not_or
1,7542,33,72,4,not_implied_by
1,7543,39,34,6,xor
1,7544,59,72,7,or
1,7545,22,43,11,implied_by
1,7546,24,64,13,implies
1,7547,18,8,9,not_xor
1,7548,30,5,4,not_implied_by
1,7549,87,7,10,not_b
1,7550,81,25,7,or
1,7551,40,13,8,not_or
1,7552,11,24,1,and
1,7553,32,15,10,not_b
1,7554,38,63,1,and
1,7555,49,14,7,or
1,7556,86,86,9,not_xor
1,7557,19,74,1,and
1,7558,61,22,10,not_b
1,7559,25,20,5,b
1,7560,17,70,7,or
1,7561,16,73,9,not_xor
1,7562,69,34,15,one
1,7563,15,30,3,a
1,7564,22,22,14,not_and
1,7565,25,17,6,xor
1,7566,24,85,14,not_and
1,7567,86,32,5,b
1,7568,17,83,12,not_a
1,7569,0,25,1,and
1,7570,24,61,1,and
1,7571,13,22,4,not_implied_by
1,7572,71,58,15,one
1,7573,1,11,15,one
1,7574,44,40,12,not_a
1,7575,11,62,2,not_implies
1,7576,66,5,15,one
1,7577,62,63,6,xor
1,7578,61,53,8,not_or
1,7579,82,30,7,or
1,7580,3,58,13,implies
1,7581,47,1,12,not_a
1,7582,5,37,5,b
1,7583,39,73,9,not_xor
1,7584,8,79,11,implied_by
1,7585,72,70,11,implied_by
1,7586,84,52,5,b
1,7587,31,64,9,not_xor
1,7588,33,14,0,zero
1,7589,41,63,9,not_xor
1,7590,49,21,10,not_b
1,7591,63,39,1,and
1,7592,68,83,5,b
1,7593,26,2,10,not_b
1,7594,80,75,10,not_b
1,7595,40,58,9,not_xor
1,7596,44,4,12,not_a
1,7597,45,59,14,not_and
1,7598,17,49,12,not_a
1,7599,23,84,7,or
1,7600,72,81,6,xor
1,7601,79,45,9,not_xor
1,7602,58,65,11,implied_by
1,7603,85,68,1,and
1,7604,7,77,6,xor
1,7605,74,59,6,xor
1,7606,0,17,2,not_implies
1,7607,8,5,9,not_xor
1,7608,32,68,5,b
1,7609,2,25,8,not_or
1,7610,46,52,1,and
1,7611,43,39,5,b
1,7612,79,48,1,and
1,7613,3,35,10,not_b
1,7614,41,58,3,a
1,7615,22,52,9,not_xor
1,7616,29,38,10,not_b
1,7617,45,77,10,not_b
1,7618,54,7,13,implies
1,7619,80,38,12,not_a
1,7620,12,6,13,implies
1,7621,24,66,11,implied_by
1,7622,28,87,4,not_implied_by
1,7623,58,19,13,implies
1,7624,30,4,13,implies
1,7625,29,87,5,b
1,7626,78,86,1,and
1,7627,2,8,12,not_a
1,7628,34,88,7,or
1,7629,87,5,13,implies
1,7630,65,61,5,b
1,7631,61,68,8,not_or
1,7632,74,31,7,or
1,7633,18,23,5,b
1,7634,42,17,13,implies
1,7635,21,2,6,xor
1,7636,72,51,7,or
1,7637,11,48,4,not_implied_by
1,7638,2,67,11,implied_by
1,7639,84,56,3,a
1,7640,23,66,12,not_a
1,7641,27,50,3,a
1,7642,67,38,10,not_b
1,7643,8,82,2,not_implies
1,7644,84,23,7,or
1,7645,20,11,12,not_a
1,7646,78,87,7,or
1,7647,10,42,8,not_or
1,7648,75,44,15,one
1,7649,82,44,3,a
1,7650,19,89,9,not_xor
1,7651,39,73,8,not_or
1,7652,44,35,1,and
1,7653,88,29,3,a
1,7654,62,1,14,not_and
1,7655,75,24,1,and
1,7656,83,51,7,or
1,7657,82,34,10,not_b
1,7658,85,58,2,not_implies
1,7659,54,9,13,implies
1,7660,5,49,3,a
1,7661,70,13,13,implies
1,7662,15,80,2,not_implies
1,7663,16,23,11,implied_by
1,7664,1,80,2,not_implies
1,7665,41,19,3,a
1,7666,59,89,14,not_and
1,7667,51,19,8,not_or
1,7668,79,73,7,or
1,7669,86,41,10,not_b
1,7670,44,17,5,b
1,7671,80,27,6,xor
1,7672,75,11,15,one
1,7673,86,59,14,not_and
1,7674,63,42,6,xor
1,7675,27,49,1,and
1,7676,3,56,3,a
1,7677,50,10,6,xor
1,7678,73,27,3,a
1,7679,59,66,10,not_b
1,7680,36,23,13,implies
1,7681,87,69,8,not_or
1,7682,80,21,14,not_and
1,7683,21,44,10,not_b
1,7684,62,74,2,not_implies
1,7685,10,81,8,not_or
1,7686,26,49,0,zero
1,7687,44,19,11,implied_by
1,7688,30,86,10,not_b
1,7689,85,72,6,xor
1,7690,76,72,1,and
1,7691,21,10,13,implies
1,7692,67,45,1,and
1,7693,47,52,9,not_xor
1,7694,42,12,12,not_a
1,7695,13,83,7,or
1,7696,50,71,5,b
1,7697,44,84,9,not_xor
1,7698,72,76,12,not_a
1,7699,78,16,6,xor
1,7700,0,32,3,a
1,7701,65,56,4,not_implied_by
1,7702,89,85,9,not_xor
1,7703,9,51,13,implies
1,7704,80,15,7,or
1,7705,64,54,4,not_implied_by
1,7706,47,53,11,implied_by
1,7707,83,72,3,a
1,7708,24,72,9,not_xor
1,7709,21,18,13,implies
1,7710,10,0,2,not_implies
1,7711,84,65,4,not_implied_by
1,7712,49,41,10,not_b
1,7713,50,1,3,a
1,7714,37,32,3,a
1,7715,65,22,13,implies
1,7716,79,51,2,not_implies
1,7717,17,35,4,not_implied_by
1,7718,26,66,9,not_xor
1,7719,37,1,9,not_xor
1,7720,51,79,13,implies
1,7721,37,85,9,not_xor
1,7722,55,80,6,xor
1,7723,2,84,9,not_xor
1,7724,66,36,11,implied_by
1,7725,3,39,12,not_a
1,7726,42,47,3,a
1,7727,23,36,3,a
1,7728,37,11,0,zero
1,7729,27,42,1,and
1,7730,29,42,5,b
1,7731,27,24,7,or
1,7732,59,52,10,not_b
1,7733,72,43,5,b
1,7734,51,37,10,not_b
1,7735,84,23,5,b
1,7736,78,61,9,not_xor
1,7737,84,41,8,not_or
1,7738,46,69,8,not_or
1,7739,21,43,4,not_implied_by
1,7740,26,66,2,not_implies
1,7741,39,51,3,a
1,7742,49,87,5,b
1,7743,73,46,8,not_or
1,7744,0,70,6,xor
1,7745,13,58,11,implied_by
1,7746,89,81,13,implies
1,7747,87,40,5,b
1,7748,72,41,0,zero
1,7749,17,15,2,not_implies
1,7750,25,19,5,b
1,7751,3,48,2,not_implies
1,7752,33,57,7,or
1,7753,10,34,6,xor
1,7754,81,44,5,b
1,7755,69,56,0,zero
1,7756,43,29,9,not_xor
1,7757,17,65,12,not_a
1,7758,50,41,9,not_xor
1,7759,19,2,2,not_implies
1,7760,30,41,11,implied_by
1,7761,18,75,7,or
1,7762,32,11,14,not_and
1,7763,48,2,6,xor
1,7764,18,49,8,not_or
1,7765,17,24,7,or
1,7766,51,19,4,not_implied_by
1,7767,59,19,14,not_and
1,7768,4,27,6,xor
1,7769,60,39,13,implies
1,7770,13,17,4,not_implied_by
1,7771,83,43,15,one
1,7772,75,38,10,not_b
1,7773,50,14,0,zero
1,7774,71,12,12,not_a
1,7775,11,80,3,a
1,7776,84,17,10,not_b
1,7777,78,23,7,or
1,7778,72,45,7,or
1,7779,61,43,7,or
1,7780,24,69,13,implies
1,7781,0,84,5,b
1,7782,53,7,3,a
1,7783,63,75,1,and
1,7784,71,21,8,not_or
1,7785,52,52,12,not_a
1,7786,48,34,7,or
1,7787,80,9,15,one
1,7788,77,69,6,xor
1,7789,81,79,12,not_a
1,7790,54,67,14,not_and
1,7791,88,36,7,or
1,7792,67,49,5,b
1,7793,37,0,7,or
1,7794,49,57,1,and
1,7795,56,88,12,not_a
1,7796,33,86,14,not_and
1,7797,87,52,2,not_implies
1,7798,54,52,5,b
1,7799,6,44,6,xor
1,7800,70,60,0,zero
1,7801,89,57,5,b
1,7802,60,53,9,not_xor
1,7803,2,34,15,one
1,7804,41,32,14,not_and
1,7805,78,15,1,and
1,7806,1,44,10,not_b
1,7807,19,49,12,not_a
1,7808,49,89,5,b
1,7809,39,68,1,and
1,7810,77,24,1,and
1,7811,45,21,7,or
1,7812,38,41,14,not_and
1,7813,84,52,14,not_and
1,7814,47,28,7,or
1,7815,38,39,1,and
1,7816,84,13,2,not_implies
1,7817,41,88,7,or
1,7818,88,20,7,or
1,7819,27,27,2,not_implies
1,7820,78,69,6,xor
1,7821,35,16,5,b
1,7822,62,7,15,one
1,7823,61,77,6,xor
1,7824,50,79,11,implied_by
1,7825,58,7,5,b
1,7826,75,36,8,not_or
1,7827,0,62,11,implied_by
1,7828,6,19,11,implied_by
1,7829,35,42,10,not_b
1,7830,46,0,6,xor
1,7831,26,68,6,xor
1,7832,47,68,4,not_implied_by
1,7833,73,27,14,not_and
1,7834,77,58,9,not_xor
1,7835,32,57,6,xor
1,7836,51,26,2,not_implies
1,7837,43,81,3,a
1,7838,38,27,1,and
1,7839,71,70,2,not_implies
1,7840,46,40,8,not_or
1,7841,7,63,13,implies
1,7842,70,38,6,xor
1,7843,31,38,8,not_or
1,7844,22,13,5,b
1,7845,42,0,7,or
1,7846,37,8,3,a
1,7847,24,22,13,implies
1,7848,16,11,14,not_and
1,7849,71,2,13,implies
1,7850,77,7,3,a
1,7851,41,22,8,not_or
1,7852,52,2,5,b
1,7853,25,33,6,xor
1,7854,33,43,2,not_implies
1,7855,85,2,9,not_xor
1,7856,27,63,8,not_or
1,7857,85,8,1,and
1,7858,62,57,9,not_xor
1,7859,59,51,2,not_implies
1,7860,65,74,3,a
1,7861,45,70,7,or
1,7862,71,62,3,a
1,7863,18,81,10,not_b
1,7864,79,82,12,not_a
1,7865,82,37,15,one
1,7866,48,54,0,zero
1,7867,11,53,1,and
1,7868,89,58,13,implies
1,7869,43,12,3,a
1,7870,81,63,5,b
1,7871,0,5,6,xor
1,7872,81,56,7,or
1,7873,70,1,11,implied_by
1,7874,78,53,5,b
1,7875,66,45,9,not_xor
1,7876,71,36,4,not_implied_by
1,7877,55,10,6,xor
1,7878,20,54,9,not_xor
1,7879,79,21,4,not_implied_by
1,7880,43,5,2,not_implies
1,7881,57,85,9,not_xor
1,7882,26,64,8,not_or
1,7883,22,44,12,not_a
1,7884,52,71,0,zero
1,7885,26,68,7,or
1,7886,12,87,6,xor
1,7887,30,42,9,not_xor
1,7888,82,24,3,a
1,7889,55,0,2,not_implies
1,7890,6,54,9,not_xor
1,7891,9,3,13,implies
1,7892,13,47,15,one
1,7893,8,24,13,implies
1,7894,3,82,14,not_and
1,7895,19,7,4,not_implied_by
1,7896,89,17,14,not_and
1,7897,23,19,13,implies
1,7898,54,47,6,xor
1,7899,20,57,6,xor
1,7900,10,13,12,not_a
1,7901,77,56,13,implies
1,7902,48,49,9,not_xor
1,7903,39,84,8,not_or
1,7904,26,53,5,b
1,7905,68,86,3,a
1,7906,45,45,14,not_and
1,7907,20,79,7,or
1,7908,55,82,3,a
1,7909,57,42,0,zero
1,7910,25,59,14,not_and
1,7911,16,28,14,not_and
1,7912,67,72,11,implied_by
1,7913,8,3,12,not_a
1,7914,72,71,2,not_implies
1,7915,69,43,4,not_implied_by
1,7916,0,80,6,xor
1,7917,24,49,6,xor
1,7918,4,18,13,implies
1,7919,14,23,5,b
1,7920,23,43,4,not_implied_by
1,7921,13,88,6,xor
1,7922,51,64,7,or
1,7923,17,40,8,not_or
1,7924,49,48,15,one
1,7925,36,72,12,not_a
1,7926,72,19,10,not_b
1,7927,7,21,7,or
1,7928,24,35,9,not_xor
1,7929,13,71,13,implies
1,7930,89,76,10,not_b
1,7931,44,60,6,xor
1,7932,15,32,10,not_b
1,7933,79,72,7,or
1,7934,31,47,12,not_a
1,7935,59,74,10,not_b
1,7936,79,67,2,not_implies
1,7937,18,79,13,implies
1,7938,72,40,6,xor
1,7939,78,38,13,implies
1,7940,12,62,13,implies
1,7941,32,50,7,or
1,7942,40,53,14,not_and
1,7943,33,31,11,implied_by
1,7944,43,35,3,a
1,7945,48,57,8,not_or
1,7946,28,87,8,not_or
1,7947,83,72,9,not_xor
1,7948,3,12,14,not_and
1,7949,14,78,1,and
1,7950,44,85,9,not_xor
1,7951,65,22,10,not_b
1,7952,43,74,10,not_b
1,7953,78,59,4,not_implied_by
1,7954,16,42,14,not_and
1,7955,3,63,6,xor
1,7956,26,86,11,implied_by
1,7957,32,33,1,and
1,7958,25,0,7,or
1,7959,20,84,9,not_xor
1,7960,5,82,8,not_or
1,7961,42,50,3,a
1,7962,73,55,10,not_b
1,7963,57,8,8,not_or
1,7964,7,52,1,and
1,7965,88,47,1,and
1,7966,72,29,10,not_b
1,7967,19,31,12,not_a
1,7968,34,1,10,not_b
1,7969,79,14,6,xor
1,7970,9,65,6,xor
1,7971,49,87,4,not_implied_by
1,7972,57,45,8,not_or
1,7973,73,30,6,xor
1,7974,80,70,8,not_or
1,7975,7,75,9,not_xor
1,7976,71,80,6,xor
1,7977,78,73,9,not_xor
1,7978,16,6,4,not_implied_by
1,7979,64,37,12,not_a
1,7980,58,44,5,b
1,7981,15,75,2,not_implies
1,7982,66,78,3,a
1,7983,55,1,15,one
1,7984,77,14,14,not_and
1,7985,76,10,7,or
1,7986,0,28,1,and
1,7987,10,43,14,not_and
1,7988,20,54,6,xor
1,7989,17,33,6,xor
1,7990,42,64,2,not_implies
1,7991,57,46,13,implies
1,7992,16,54,14,not_and
1,7993,75,15,11,implied_by
1,7994,20,47,10,not_b
1,7995,69,86,14,not_and
1,7996,83,0,2,not_implies
1,7997,34,80,12,not_a
1,7998,42,32,6,xor
1,7999,41,47,12,not_a
2,0,2414,2415,5,b
2,1,2370,2371,2,not_implies
2,2,198,199,15,one
2,3,1265,1266,3,a
2,4,5500,5501,13,implies
2,5,3384,3385,8,not_or
2,6,602,603,5,b
2,7,4880,4881,14,not_and
2,8,6204,6205,3,a
2,9,216,217,8,not_or
2,10,2299,2300,13,implies
2,11,5999,6000,4,not_implied_by
2,12,4218,4219,1,and
2,13,5458,5459,11,implied_by
2,14,3676,3677,11,implied_by
2,15,4025,4026,1,and
2,16,815,816,0,zero
2,17,4281,4282,0,zero
2,18,3531,3532,5,b
2,19,5130,5131,4,not_implied_by
2,20,598,599,6,xor
2,21,7379,7380,14,not_and
2,22,2064,2065,13,implies
2,23,1188,1189,5,b
2,24,7651,7652,8,not_or
2,25,4061,4062,11,implied_by
2,26,1019,1020,13,implies
2,27,2661,2662,4,not_implied_by
2,28,417,418,12,not_a
2,29,1352,1353,9,not_xor
2,30,2289,2290,10,not_b
2,31,4183,4184,4,not_implied_by
2,32,4660,4661,13,implies
2,33,6216,6217,10,not_b
2,34,1491,1492,0,zero
2,35,5451,5452,14,not_and
2,36,6624,6625,6,xor
2,37,2470,2471,11,implied_by
2,38,6434,6435,6,xor
2,39,5958,5959,15,one
2,40,2338,2339,11,implied_by
2,41,5870,5871,5,b
2,42,4011,4012,2,not_implies
2,43,4822,4823,11,implied_by
2,44,4115,4116,4,not_implied_by
2,45,2432,2433,12,not_a
2,46,6600,6601,7,or
2,47,2386,2387,3,a
2,48,7498,7499,13,implies
2,49,7292,7293,9,not_xor
2,50,3951,3952,5,b
2,51,3422,3423,3,a
2,52,4260,4261,7,or
2,53,2253,2254,7,or
2,54,2906,2907,5,b
2,55,386,387,5,b
2,56,1320,1321,0,zero
2,57,3367,3368,14,not_and
2,58,2467,2468,6,xor
2,59,666,667,14,not_and
2,60,1334,1335,13,implies
2,61,960,961,9,not_xor
2,62,5304,5305,1,and
2,63,4060,4061,8,not_or
2,64,6538,6539,7,or
2,65,4886,4887,2,not_implies
2,66,3781,3782,13,implies
2,67,1536,1537,9,not_xor
2,68,3237,3238,15,one
2,69,3293,3294,13,implies
2,70,3348,3349,13,implies
2,71,1704,1705,13,implies
2,72,1382,1383,0,zero
2,73,5719,5720,5,b
2,74,5558,5559,5,b
2,75,2630,2631,3,a
2,76,5831,5832,1,and
2,77,662,663,10,not_b
2,78,710,711,5,b
2,79,5766,5767,5,b
2,80,4523,4524,5,b
2,81,1820,1821,8,not_or
2,82,4758,4759,1,and
2,83,5445,5446,6,xor
2,84,2257,2258,8,not_or
2,85,4799,4800,12,not_a
2,86,1223,1224,4,not_implied_by
2,87,4143,4144,4,not_implied_by
2,88,4236,4237,15,one
2,89,4546,4547,5,b
2,90,963,964,2,not_implies
2,91,2124,2125,12,not_a
2,92,668,669,3,a
2,93,3309,3310,8,not_or
2,94,7240,7241,7,or
2,95,1792,1793,0,zero
2,96,3539,3540,10,not_b
2,97,3995,3996,11,implied_by
2,98,5605,5606,8,not_or
2,99,6923,6924,2,not_implies
2,100,3298,3299,8,not_or
2,101,5058,5059,12,not_a
2,102,2363,2364,2,not_implies
2,103,970,971,1,and
2,104,7730,7731,6,xor
2,105,7811,7812,12,not_a
2,106,5622,5623,11,implied_by
2,107,6601,6602,1,and
2,108,1035,1036,7,or
2,109,2336,2337,0,zero
2,110,4823,4824,2,not_implies
2,111,1637,1638,10,not_b
2,112,3052,3053,14,not_and
2,113,5727,5728,4,not_implied_by
2,114,1264,1265,14,not_and
2,115,2672,2673,3,a
2,116,6520,6521,1,and
2,117,4833,4834,11,implied_by
2,118,1925,1926,7,or
2,119,234,235,9,not_xor
2,120,431,432,8,not_or
2,121,7324,7325,13,implies
2,122,2314,2315,0,zero
2,123,4,5,9,not_xor
2,124,5404,5405,13,implies
2,125,2776,2777,10,not_b
2,126,4633,4634,13,implies
2,127,2469,2470,9,not_xor
2,128,5644,5645,5,b
2,129,2335,2336,15,one
2,130,4110,4111,5,b
2,131,5721,5722,1,and
2,132,4282,4283,12,not_a
2,133,7189,7190,3,a
2,134,4070,4071,2,not_implies
2,135,7799,7800,6,xor
2,136,3370,3371,10,not_b
2,137,5755,5756,5,b
2,138,4087,4088,3,a
2,139,5716,5717,4,not_implied_by
2,140,7756,7757,13,implies
2,141,7215,7216,15,one
2,142,2330,2331,8,not_or
2,143,7973,7974,10,not_b
2,144,6868,6869,3,a
2,145,5264,5265,4,not_implied_by
2,146,7757,7758,11,implied_by
2,147,178,179,12,not_a
2,148,270,271,1,and
2,149,1909,1910,10,not_b
2,150,4002,4003,5,b
2,151,6978,6979,1,and
2,152,4031,4032,2,not_implies
2,153,4426,4427,8,not_or
2,154,2582,2583,7,or
2,155,2766,2767,2,not_implies
2,156,7019,7020,8,not_or
2,157,7567,7568,2,not_implies
2,158,5728,5729,8,not_or
2,159,3707,3708,12,not_a
2,160,7630,7631,13,implies
2,161,7314,7315,7,or
2,162,3713,3714,12,not_a
2,163,313,314,3,a
2,164,4354,4355,8,not_or
2,165,6431,6432,14,not_and
2,166,326,327,15,one
2,167,468,469,10,not_b
2,168,2156,2157,12,not_a
2,169,6064,6065,11,implied_by
2,170,6847,6848,7,or
2,171,4021,4022,3,a
2,172,4895,4896,11,implied_by
2,173,2915,2916,9,not_xor
2,174,6539,6540,2,not_implies
2,175,7837,7838,10,not_b
2,176,6099,6100,7,or
2,177,1936,1937,10,not_b
2,178,1409,1410,5,b
2,179,229,230,15,one
2,180,2362,2363,3,a
2,181,3589,3590,2,not_implies
2,182,102,103,6,xor
2,183,6744,6745,1,and
2,184,2727,2728,13,implies
2,185,4158,4159,15,one
2,186,7508,7509,5,b
2,187,2682,2683,3,a
2,188,5979,5980,11,implied_by
2,189,5864,5865,2,not_implies
2,190,604,605,9,not_xor
2,191,7746,7747,3,a
2,192,6130,6131,10,not_b
2,193,6928,6929,6,xor
2,194,7759,7760,14,not_and
2,195,2087,2088,8,not_or
2,196,57,58,15,one
2,197,5548,5549,12,not_a
2,198,4544,4545,5,b
2,199,441,442,4,not_implied_by
2,200,1446,1447,11,implied_by
2,201,4161,4162,3,a
2,202,5364,5365,3,a
2,203,2387,2388,11,implied_by
2,204,4239,4240,13,implies
2,205,911,912,6,xor
2,206,6571,6572,5,b
2,207,4920,4921,15,one
2,208,1673,1674,12,not_a
2,209,6989,6990,8,not_or
2,210,3969,3970,5,b
2,211,206,207,5,b
2,212,7838,7839,10,not_b
2,213,3268,3269,9,not_xor
2,214,2669,2670,15,one
2,215,5467,5468,12,not_a
2,216,7475,7476,11,implied_by
2,217,4847,4848,1,and
2,218,5527,5528,9,not_xor
2,219,4645,4646,9,not_xor
2,220,1332,1333,0,zero
2,221,5075,5076,10,not_b
2,222,6324,6325,15,one
2,223,791,792,11,implied_by
2,224,4554,4555,9,not_xor
2,225,7063,7064,8,not_or
2,226,5936,5937,3,a
2,227,2121,2122,5,b
2,228,5480,5481,12,not_a
2,229,6893,6894,12,not_a
2,230,3124,3125,8,not_or
2,231,5982,5983,10,not_b
2,232,6770,6771,13,implies
2,233,5089,5090,7,or
2,234,6719,6720,11,implied_by
2,235,3122,3123,6,xor
2,236,7743,7744,14,not_and
2,237,6982,6983,3,a
2,238,1009,1010,12,not_a
2,239,3890,3891,7,or
2,240,2062,2063,1,and
2,241,7497,7498,1,and
2,242,698,699,7,or
2,243,2869,2870,3,a
2,244,1490,1491,12,not_a
2,245,4511,4512,1,and
2,246,5648,5649,1,and
2,247,6956,6957,8,not_or
2,248,4869,4870,12,not_a
2,249,7859,7860,8,not_or
2,250,6727,6728,13,implies
2,251,2055,2056,9,not_xor
2,252,2821,2822,9,not_xor
2,253,753,754,3,a
2,254,3177,3178,3,a
2,255,4773,4774,9,not_xor
2,256,2221,2222,12,not_a
2,257,5319,5320,5,b
2,258,2911,2912,11,implied_by
2,259,4826,4827,10,not_b
2,260,2619,2620,3,a
2,261,5562,5563,14,not_and
2,262,5152,5153,14,not_and
2,263,4499,4500,1,and
2,264,4175,4176,10,not_b
2,265,6058,6059,5,b
2,266,7412,7413,12,not_a
2,267,1604,1605,7,or
2,268,4137,4138,14,not_and
2,269,3748,3749,14,not_and
2,270,1969,1970,5,b
2,271,4249,4250,8,not_or
2,272,7395,7396,12,not_a
2,273,2753,2754,10,not_b
2,274,4261,4262,8,not_or
2,275,590,591,14,not_and
2,276,571,572,6,xor
2,277,4380,4381,6,xor
2,278,3607,3608,6,xor
2,279,3337,3338,1,and
2,280,700,701,13,implies
2,281,3867,3868,8,not_or
2,282,7366,7367,12,not_a
2,283,1441,1442,14,not_and
2,284,5974,5975,4,not_implied_by
2,285,4476,4477,1,and
2,286,2,3,7,or
2,287,5878,5879,7,or
2,288,6467,6468,14,not_and
2,289,1093,1094,13,implies
2,290,1202,1203,4,not_implied_by
2,291,3252,3253,13,implies
2,292,6725,6726,0,zero
2,293,5663,5664,9,not_xor
2,294,3073,3074,2,not_implies
2,295,2192,2193,6,xor
2,296,2184,2185,4,not_implied_by
2,297,7282,7283,11,implied_by
2,298,299,300,12,not_a
2,299,409,410,5,b
2,300,2612,2613,9,not_xor
2,301,5490,5491,8,not_or
2,302,6267,6268,14,not_and
2,303,5208,5209,8,not_or
2,304,5564,5565,10,not_b
2,305,6278,6279,5,b
2,306,10,11,12,not_a
2,307,7116,7117,6,xor
2,308,1862,1863,3,a
2,309,6689,6690,2,not_implies
2,310,4648,4649,3,a
2,311,6808,6809,1,and
2,312,3697,3698,1,and
2,313,4832,4833,13,implies
2,314,4670,4671,12,not_a
2,315,2716,2717,13,implies
2,316,3611,3612,5,b
2,317,5081,5082,1,and
2,318,4201,4202,10,not_b
2,319,6831,6832,11,implied_by
2,320,358,359,12,not_a
2,321,4892,4893,12,not_a
2,322,6678,6679,3,a
2,323,7136,7137,6,xor
2,324,3974,3975,7,or
2,325,3078,3079,12,not_a
2,326,6182,6183,15,one
2,327,4560,4561,14,not_and
2,328,7262,7263,2,not_implies
2,329,2108,2109,12,not_a
2,330,2075,2076,8,not_or
2,331,6007,6008,11,implied_by
2,332,4703,4704,9,not_xor
2,333,6411,6412,13,implies
2,334,1007,1008,1,and
2,335,3126,3127,8,not_or
2,336,1928,1929,3,a
2,337,3418,3419,1,and
2,338,5930,5931,10,not_b
2,339,3882,3883,2,not_implies
2,340,2267,2268,3,a
2,341,3355,3356,6,xor
2,342,4485,4486,5,b
2,343,2854,2855,4,not_implied_by
2,344,2651,2652,9,not_xor
2,345,2695,2696,3,a
2,346,1252,1253,3,a
2,347,7754,7755,3,a
2,348,7042,7043,10,not_b
2,349,7178,7179,5,b
2,350,2380,2381,3,a
2,351,2284,2285,12,not_a
2,352,5202,5203,4,not_implied_by
2,353,2529,2530,11,implied_by
2,354,2738,2739,8,not_or
2,355,4936,4937,4,not_implied_by
2,356,3389,3390,5,b
2,357,634,635,9,not_xor
2,358,841,842,14,not_and
2,359,1493,1494,12,not_a
2,360,4963,4964,3,a
2,361,6425,6426,0,zero
2,362,6588,6589,4,not_implied_by
2,363,1287,1288,4,not_implied_by
2,364,929,930,8,not_or
2,365,4667,4668,4,not_implied_by
2,366,6059,6060,10,not_b
2,367,1980,1981,7,or
2,368,7357,7358,6,xor
2,369,1572,1573,7,or
2,370,1663,1664,9,not_xor
2,371,3313,3314,14,not_and
2,372,7214,7215,9,not_xor
2,373,3984,3985,7,or
2,374,7375,7376,12,not_a
2,375,2895,2896,11,implied_by
2,376,3710,3711,2,not_implies
2,377,7624,7625,10,not_b
2,378,2693,2694,2,not_implies
2,379,7648,7649,13,implies
2,380,4290,4291,7,or
2,381,1514,1515,14,not_and
2,382,3090,3091,3,a
2,383,6167,6168,9,not_xor
2,384,4397,4398,11,implied_by
2,385,4331,4332,14,not_and
2,386,176,177,6,xor
2,387,7038,7039,15,one
2,388,655,656,7,or
2,389,7444,7445,5,b
2,390,2561,2562,14,not_and
2,391,922,923,3,a
2,392,1942,1943,13,implies
2,393,7169,7170,13,implies
2,394,3649,3650,5,b
2,395,5908,5909,5,b
2,396,6753,6754,11,implied_by
2,397,6217,6218,5,b
2,398,344,345,14,not_and
2,399,3257,3258,10,not_b
2,400,48,49,1,and
2,401,1793,1794,4,not_implied_by
2,402,3144,3145,7,or
2,403,3486,3487,15,one
2,404,6393,6394,10,not_b
2,405,5563,5564,6,xor
2,406,2397,2398,4,not_implied_by
2,407,962,963,8,not_or
2,408,2577,2578,14,not_and
2,409,2789,2790,8,not_or
2,410,624,625,8,not_or
2,411,2150,2151,15,one
2,412,2735,2736,3,a
2,413,94,95,13,implies
2,414,4973,4974,10,not_b
2,415,7210,7211,10,not_b
2,416,5224,5225,15,one
2,417,6639,6640,12,not_a
2,418,2611,2612,3,a
2,419,551,552,8,not_or
2,420,7519,7520,12,not_a
2,421,3835,3836,5,b
2,422,4515,4516,5,b
2,423,401,402,11,implied_by
2,424,5578,5579,6,xor
2,425,6123,6124,12,not_a
2,426,714,715,5,b
2,427,2326,2327,8,not_or
2,428,280,281,6,xor
2,429,4527,4528,5,b
2,430,7832,7833,8,not_or
2,431,5575,5576,9,not_xor
2,432,3314,3315,7,or
2,433,5942,5943,9,not_xor
2,434,4268,4269,15,one
2,435,5861,5862,11,implied_by
2,436,7059,7060,11,implied_by
2,437,5133,5134,11,implied_by
2,438,7509,7510,11,implied_by
2,439,5323,5324,10,not_b
2,440,7405,7406,10,not_b
2,441,5845,5846,8,not_or
2,442,2463,2464,10,not_b
2,443,2365,2366,13,implies
2,444,5559,5560,10,not_b
2,445,2008,2009,5,b
2,446,979,980,0,zero
2,447,43,44,7,or
2,448,3123,3124,3,a
2,449,4291,4292,12,not_a
2,450,3928,3929,5,b
2,451,4496,4497,10,not_b
2,452,5960,5961,12,not_a
2,453,7496,7497,5,b
2,454,2674,2675,2,not_implies
2,455,1012,1013,6,xor
2,456,1614,1615,8,not_or
2,457,7682,7683,13,implies
2,458,966,967,8,not_or
2,459,1504,1505,12,not_a
2,460,7900,7901,2,not_implies
2,461,4877,4878,3,a
2,462,3560,3561,6,xor
2,463,3811,3812,5,b
2,464,5249,5250,13,implies
2,465,1786,1787,10,not_b
2,466,6988,6989,7,or
2,467,5029,5030,5,b
2,468,7589,7590,4,not_implied_by
2,469,6902,6903,15,one
2,470,2482,2483,10,not_b
2,471,4564,4565,15,one
2,472,414,415,1,and
2,473,6697,6698,9,not_xor
2,474,3952,3953,7,or
2,475,6974,6975,6,xor
2,476,4902,4903,14,not_and
2,477,182,183,6,xor
2,478,7708,7709,7,or
2,479,4364,4365,3,a
2,480,2535,2536,7,or
2,481,128,129,1,and
2,482,4186,4187,10,not_b
2,483,3204,3205,14,not_and
2,484,7407,7408,3,a
2,485,3889,3890,5,b
2,486,2957,2958,13,implies
2,487,5801,5802,4,not_implied_by
2,488,7073,7074,3,a
2,489,5204,5205,11,implied_by
2,490,3797,3798,5,b
2,491,1542,1543,12,not_a
2,492,1161,1162,11,implied_by
2,493,156,157,12,not_a
2,494,2998,2999,5,b
2,495,6972,6973,15,one
2,496,3056,3057,6,xor
2,497,6408,6409,2,not_implies
2,498,819,820,12,not_a
2,499,6105,6106,10,not_b
2,500,68,69,13,implies
2,501,6732,6733,1,and
2,502,507,508,10,not_b
2,503,5888,5889,14,not_and
2,504,2207,2208,12,not_a
2,505,1160,1161,15,one
2,506,74,75,6,xor
2,507,7571,7572,3,a
2,508,2305,2306,2,not_implies
2,509,610,611,0,zero
2,510,2733,2734,10,not_b
2,511,6731,6732,5,b
2,512,4793,4794,7,or
2,513,4411,4412,11,implied_by
2,514,3102,3103,3,a
2,515,1933,1934,3,a
2,516,3203,3204,6,xor
2,517,4005,4006,7,or
2,518,7976,7977,3,a
2,519,5023,5024,11,implied_by
2,520,2973,2974,11,implied_by
2,521,6228,6229,9,not_xor
2,522,1388,1389,2,not_implies
2,523,7193,7194,12,not_a
2,524,2728,2729,2,not_implies
2,525,7449,7450,6,xor
2,526,6522,6523,13,implies
2,527,2774,2775,7,or
2,528,7923,7924,12,not_a
2,529,2552,2553,1,and
2,530,3517,3518,5,b
2,531,486,487,7,or
2,532,2633,2634,10,not_b
2,533,6403,6404,15,one
2,534,3675,3676,10,not_b
2,535,5872,5873,9,not_xor
2,536,3378,3379,5,b
2,537,4460,4461,10,not_b
2,538,4384,4385,1,and
2,539,2056,2057,1,and
2,540,7479,7480,3,a
2,541,6695,6696,1,and
2,542,1802,1803,14,not_and
2,543,5166,5167,10,not_b
2,544,6159,6160,9,not_xor
2,545,5662,5663,0,zero
2,546,4571,4572,12,not_a
2,547,6737,6738,3,a
2,548,982,983,8,not_or
2,549,3091,3092,3,a
2,550,7926,7927,6,xor
2,551,7290,7291,3,a
2,552,2376,2377,13,implies
2,553,5067,5068,4,not_implied_by
2,554,1164,1165,2,not_implies
2,555,2173,2174,2,not_implies
2,556,5858,5859,9,not_xor
2,557,5544,5545,8,not_or
2,558,4817,4818,8,not_or
2,559,7273,7274,13,implies
2,560,1835,1836,5,b
2,561,651,652,5,b
2,562,807,808,3,a
2,563,3147,3148,5,b
2,564,6935,6936,5,b
2,565,460,461,12,not_a
2,566,978,979,3,a
2,567,3779,3780,6,xor
2,568,2065,2066,10,not_b
2,569,251,252,10,not_b
2,570,1545,1546,12,not_a
2,571,3457,3458,2,not_implies
2,572,1999,2000,2,not_implies
2,573,2368,2369,3,a
2,574,4749,4750,8,not_or
2,575,2969,2970,11,implied_by
2,576,3763,3764,12,not_a
2,577,2005,2006,9,not_xor
2,578,907,908,10,not_b
2,579,2194,2195,5,b
2,580,2786,2787,1,and
2,581,4757,4758,4,not_implied_by
2,582,1810,1811,1,and
2,583,3803,3804,3,a
2,584,6416,6417,12,not_a
2,585,2026,2027,6,xor
2,586,7434,7435,7,or
2,587,6877,6878,5,b
2,588,6244,6245,8,not_or
2,589,1886,1887,15,one
2,590,7758,7759,10,not_b
2,591,400,401,9,not_xor
2,592,5401,5402,8,not_or
2,593,5000,5001,5,b
2,594,7242,7243,6,xor
2,595,2007,2008,3,a
2,596,4898,4899,11,implied_by
2,597,938,939,9,not_xor
2,598,746,747,11,implied_by
2,599,2548,2549,8,not_or
2,600,3574,3575,3,a
2,601,1513,1514,14,not_and
2,602,4775,4776,5,b
2,603,2927,2928,5,b
2,604,7356,7357,8,not_or
2,605,7174,7175,8,not_or
2,606,6275,6276,8,not_or
2,607,761,762,8,not_or
2,608,6203,6204,7,or
2,609,2499,2500,13,implies
2,610,1977,1978,12,not_a
2,611,3209,3210,9,not_xor
2,612,6680,6681,1,and
2,613,1046,1047,2,not_implies
2,614,3038,3039,5,b
2,615,1248,1249,12,not_a
2,616,5892,5893,10,not_b
2,617,7320,7321,6,xor
2,618,5250,5251,1,and
2,619,1240,1241,5,b
2,620,5879,5880,2,not_implies
2,621,7657,7658,5,b
2,622,872,873,8,not_or
2,623,7085,7086,14,not_and
2,624,1060,1061,6,xor
2,625,395,396,15,one
2,626,4567,4568,11,implied_by
2,627,3659,3660,11,implied_by
2,628,2180,2181,10,not_b
2,629,983,984,13,implies
2,630,7107,7108,3,a
2,631,1654,1655,3,a
2,632,187,188,13,implies
2,633,6560,6561,0,zero
2,634,5260,5261,12,not_a
2,635,3775,3776,15,one
2,636,5604,5605,7,or
2,637,6128,6129,9,not_xor
2,638,1737,1738,5,b
2,639,3903,3904,5,b
2,640,7431,7432,0,zero
2,641,874,875,2,not_implies
2,642,4623,4624,0,zero
2,643,4119,4120,6,xor
2,644,1758,1759,10,not_b
2,645,2473,2474,13,implies
2,646,4829,4830,5,b
2,647,6776,6777,8,not_or
2,648,7061,7062,3,a
2,649,4106,4107,12,not_a
2,650,2222,2223,4,not_implied_by
2,651,7967,7968,3,a
2,652,1558,1559,7,or
2,653,7748,7749,11,implied_by
2,654,1133,1134,1,and
2,655,6904,6905,5,b
2,656,3875,3876,13,implies
2,657,4941,4942,8,not_or
2,658,5491,5492,5,b
2,659,855,856,3,a
2,660,1642,1643,5,b
2,661,7491,7492,9,not_xor
2,662,6389,6390,10,not_b
2,663,4679,4680,2,not_implies
2,664,6801,6802,10,not_b
2,665,5823,5824,12,not_a
2,666,1026,1027,14,not_and
2,667,3583,3584,10,not_b
2,668,5940,5941,6,xor
2,669,1435,1436,3,a
2,670,6048,6049,5,b
2,671,2004,2005,11,implied_by
2,672,6215,6216,1,and
2,673,135,136,10,not_b
2,674,2958,2959,10,not_b
2,675,1172,1173,9,not_xor
2,676,4806,4807,11,implied_by
2,677,1387,1388,12,not_a
2,678,5475,5476,11,implied_by
2,679,2179,2180,5,b
2,680,6607,6608,2,not_implies
2,681,3396,3397,2,not_implies
2,682,2556,2557,12,not_a
2,683,4837,4838,14,not_and
2,684,1268,1269,3,a
2,685,1398,1399,1,and
2,686,7644,7645,11,implied_by
2,687,1059,1060,9,not_xor
2,688,1577,1578,15,one
2,689,984,985,2,not_implies
2,690,1342,1343,10,not_b
2,691,1788,1789,5,b
2,692,3245,3246,5,b
2,693,7780,7781,6,xor
2,694,7389,7390,1,and
2,695,3360,3361,2,not_implies
2,696,6797,6798,1,and
2,697,257,258,0,zero
2,698,37,38,15,one
2,699,4424,4425,3,a
2,700,7533,7534,15,one
2,701,7990,7991,4,not_implied_by
2,702,5599,5600,9,not_xor
2,703,2037,2038,7,or
2,704,5302,5303,6,xor
2,705,5449,5450,10,not_b
2,706,4037,4038,0,zero
2,707,3806,3807,0,zero
2,708,830,831,11,implied_by
2,709,5944,5945,5,b
2,710,2872,2873,6,xor
2,711,6227,6228,3,a
2,712,1615,1616,5,b
2,713,3342,3343,5,b
2,714,428,429,9,not_xor
2,715,548,549,7,or
2,716,1573,1574,8,not_or
2,717,1041,1042,13,implies
2,718,1279,1280,9,not_xor
2,719,3236,3237,6,xor
2,720,6261,6262,6,xor
2,721,7633,7634,0,zero
2,722,7643,7644,5,b
2,723,3554,3555,6,xor
2,724,1466,1467,8,not_or
2,725,3026,3027,7,or
2,726,4034,4035,5,b
2,727,7347,7348,3,a
2,728,2599,2600,3,a
2,729,6815,6816,10,not_b
2,730,6768,6769,7,or
2,731,5528,5529,6,xor
2,732,6322,6323,3,a
2,733,1106,1107,10,not_b
2,734,2477,2478,10,not_b
2,735,5299,5300,1,and
2,736,5952,5953,9,not_xor
2,737,687,688,3,a
2,738,6519,6520,6,xor
2,739,5894,5895,8,not_or
2,740,7581,7582,10,not_b
2,741,3513,3514,13,implies
2,742,4151,4152,1,and
2,743,5554,5555,10,not_b
2,744,2242,2243,6,xor
2,745,5557,5558,11,implied_by
2,746,5962,5963,4,not_implied_by
2,747,1235,1236,11,implied_by
2,748,1354,1355,8,not_or
2,749,4334,4335,11,implied_by
2,750,4893,4894,6,xor
2,751,7148,7149,10,not_b
2,752,1443,1444,13,implies
2,753,947,948,14,not_and
2,754,1996,1997,0,zero
2,755,2903,2904,1,and
2,756,455,456,13,implies
2,757,7807,7808,5,b
2,758,2100,2101,5,b
2,759,5913,5914,3,a
2,760,7118,7119,9,not_xor
2,761,4001,4002,0,zero
2,762,4909,4910,10,not_b
2,763,6430,6431,12,not_a
2,764,4262,4263,2,not_implies
2,765,107,108,1,and
2,766,3591,3592,15,one
2,767,4863,4864,12,not_a
2,768,5503,5504,2,not_implies
2,769,50,51,10,not_b
2,770,2378,2379,3,a
2,771,7005,7006,14,not_and
2,772,7839,7840,0,zero
2,773,2425,2426,12,not_a
2,774,4542,4543,3,a
2,775,1511,1512,11,implied_by
2,776,1856,1857,9,not_xor
2,777,7219,7220,9,not_xor
2,778,5630,5631,2,not_implies
2,779,6659,6660,7,or
2,780,2097,2098,7,or
2,781,343,344,12,not_a
2,782,2521,2522,5,b
2,783,2281,2282,6,xor
2,784,7844,7845,11,implied_by
2,785,3827,3828,3,a
2,786,4352,4353,9,not_xor
2,787,1031,1032,12,not_a
2,788,5849,5850,12,not_a
2,789,3154,3155,8,not_or
2,790,6231,6232,3,a
2,791,5261,5262,12,not_a
2,792,3818,3819,4,not_implied_by
2,793,121,122,9,not_xor
2,794,6132,6133,15,one
2,795,4463,4464,4,not_implied_by
2,796,7793,7794,12,not_a
2,797,5179,5180,8,not_or
2,798,7975,7976,5,b
2,799,6799,6800,9,not_xor
2,800,4661,4662,11,implied_by
2,801,5115,5116,14,not_and
2,802,2828,2829,1,and
2,803,3954,3955,13,implies
2,804,3483,3484,6,xor
2,805,7805,7806,14,not_and
2,806,5841,5842,14,not_and
2,807,1406,1407,0,zero
2,808,6873,6874,5,b
2,809,4580,4581,1,and
2,810,7209,7210,1,and
2,811,5665,5666,13,implies
2,812,7429,7430,14,not_and
2,813,6011,6012,6,xor
2,814,5847,5848,15,one
2,815,681,682,13,implies
2,816,5315,5316,6,xor
2,817,7160,7161,1,and
2,818,2110,2111,15,one
2,819,1460,1461,6,xor
2,820,7342,7343,12,not_a
2,821,4296,4297,12,not_a
2,822,1743,1744,12,not_a
2,823,1215,1216,15,one
2,824,5762,5763,6,xor
2,825,5494,5495,8,not_or
2,826,5188,5189,11,implied_by
2,827,6837,6838,8,not_or
2,828,4583,4584,5,b
2,829,6190,6191,2,not_implies
2,830,2449,2450,6,xor
2,831,2129,2130,7,or
2,832,77,78,0,zero
2,833,1995,1996,6,xor
2,834,4730,4731,5,b
2,835,6578,6579,1,and
2,836,7579,7580,9,not_xor
2,837,189,190,10,not_b
2,838,4855,4856,4,not_implied_by
2,839,6536,6537,6,xor
2,840,6112,6113,7,or
2,841,7678,7679,3,a
2,842,6139,6140,10,not_b
2,843,5203,5204,12,not_a
2,844,7104,7105,5,b
2,845,2583,2584,8,not_or
2,846,5102,5103,12,not_a
2,847,3515,3516,2,not_implies
2,848,2888,2889,15,one
2,849,6229,6230,3,a
2,850,3608,3609,11,implied_by
2,851,1944,1945,15,one
2,852,5327,5328,6,xor
2,853,4044,4045,1,and
2,854,6489,6490,3,a
2,855,4301,4302,12,not_a
2,856,4446,4447,10,not_b
2,857,6648,6649,3,a
2,858,3546,3547,15,one
2,859,6108,6109,15,one
2,860,6460,6461,11,implied_by
2,861,685,686,3,a
2,862,1899,1900,4,not_implied_by
2,863,3168,3169,12,not_a
2,864,7196,7197,0,zero
2,865,5551,5552,12,not_a
2,866,2304,2305,5,b
2,867,783,784,8,not_or
2,868,1073,1074,13,implies
2,869,3163,3164,3,a
2,870,2765,2766,5,b
2,871,1968,1969,5,b
2,872,4168,4169,10,not_b
2,873,4045,4046,7,or
2,874,1232,1233,12,not_a
2,875,4114,4115,2,not_implies
2,876,1263,1264,14,not_and
2,877,4789,4790,1,and
2,878,1597,1598,5,b
2,879,7029,7030,3,a
2,880,6857,6858,6,xor
2,881,3466,3467,2,not_implies
2,882,2908,2909,7,or
2,883,6390,6391,8,not_or
2,884,622,623,11,implied_by
2,885,393,394,9,not_xor
2,886,7565,7566,7,or
2,887,7401,7402,5,b
2,888,6621,6622,4,not_implied_by
2,889,4596,4597,3,a
2,890,7920,7921,7,or
2,891,2848,2849,3,a
2,892,75,76,13,implies
2,893,3991,3992,8,not_or
2,894,3055,3056,2,not_implies
2,895,5394,5395,7,or
2,896,5522,5523,13,implies
2,897,2846,2847,12,not_a
2,898,3708,3709,5,b
2,899,6576,6577,12,not_a
2,900,1261,1262,15,one
2,901,6971,6972,8,not_or
2,902,5625,5626,11,implied_by
2,903,1242,1243,12,not_a
2,904,6296,6297,11,implied_by
2,905,1757,1758,6,xor
2,906,3494,3495,2,not_implies
2,907,1715,1716,11,implied_by
2,908,3865,3866,11,implied_by
2,909,1713,1714,14,not_and
2,910,5178,5179,7,or
2,911,7251,7252,7,or
2,912,5764,5765,11,implied_by
2,913,1273,1274,13,implies
2,914,7542,7543,4,not_implied_by
2,915,2551,2552,11,implied_by
2,916,1092,1093,13,implies
2,917,7043,7044,5,b
2,918,2074,2075,0,zero
2,919,652,653,4,not_implied_by
2,920,6772,6773,11,implied_by
2,921,4165,4166,2,not_implies
2,922,1029,1030,12,not_a
2,923,5435,5436,1,and
2,924,5477,5478,10,not_b
2,925,7674,7675,3,a
2,926,4204,4205,0,zero
2,927,7707,7708,5,b
2,928,5192,5193,3,a
2,929,747,748,13,implies
2,930,3756,3757,3,a
2,931,2171,2172,6,xor
2,932,6741,6742,3,a
2,933,3288,3289,7,or
2,934,2027,2028,6,xor
2,935,7813,7814,9,not_xor
2,936,2187,2188,6,xor
2,937,274,275,10,not_b
2,938,6129,6130,12,not_a
2,939,802,803,14,not_and
2,940,286,287,3,a
2,941,1566,1567,12,not_a
2,942,4569,4570,4,not_implied_by
2,943,6669,6670,12,not_a
2,944,6850,6851,6,xor
2,945,3362,3363,0,zero
2,946,6629,6630,7,or
2,947,892,893,1,and
2,948,6040,6041,15,one
2,949,6124,6125,9,not_xor
2,950,3610,3611,3,a
2,951,5042,5043,1,and
2,952,7381,7382,5,b
2,953,7676,7677,6,xor
2,954,6084,6085,11,implied_by
2,955,2231,2232,4,not_implied_by
2,956,470,471,14,not_and
2,957,4209,4210,7,or
2,958,741,742,3,a
2,959,618,619,3,a
2,960,1372,1373,12,not_a
2,961,5882,5883,12,not_a
2,962,1192,1193,3,a
2,963,4193,4194,1,and
2,964,1103,1104,2,not_implies
2,965,7272,7273,3,a
2,966,3459,3460,12,not_a
2,967,2717,2718,12,not_a
2,968,6574,6575,1,and
2,969,893,894,12,not_a
2,970,4220,4221,2,not_implies
2,971,1892,1893,4,not_implied_by
2,972,4154,4155,0,zero
2,973,5098,5099,8,not_or
2,974,4512,4513,11,implied_by
2,975,2292,2293,9,not_xor
2,976,7199,7200,5,b
2,977,6796,6797,8,not_or
2,978,5915,5916,12,not_a
2,979,6366,6367,10,not_b
2,980,6827,6828,2,not_implies
2,981,3732,3733,9,not_xor
2,982,5095,5096,9,not_xor
2,983,961,962,15,one
2,984,6979,6980,5,b
2,985,5,6,10,not_b
2,986,7580,7581,8,not_or
2,987,4265,4266,10,not_b
2,988,1648,1649,1,and
2,989,4453,4454,8,not_or
2,990,3516,3517,3,a
2,991,7874,7875,4,not_implied_by
2,992,6380,6381,5,b
2,993,1808,1809,6,xor
2,994,5201,5202,12,not_a
2,995,6142,6143,11,implied_by
2,996,5704,5705,8,not_or
2,997,197,198,2,not_implies
2,998,1054,1055,5,b
2,999,2922,2923,1,and
2,1000,974,975,0,zero
2,1001,6170,6171,11,implied_by
2,1002,533,534,12,not_a
2,1003,2408,2409,10,not_b
2,1004,3438,3439,13,implies
2,1005,4369,4370,9,not_xor
2,1006,3616,3617,5,b
2,1007,7424,7425,15,one
2,1008,3253,3254,5,b
2,1009,6784,6785,0,zero
2,1010,6511,6512,4,not_implied_by
2,1011,6701,6702,10,not_b
2,1012,3413,3414,11,implied_by
2,1013,7025,7026,3,a
2,1014,6334,6335,10,not_b
2,1015,2272,2273,13,implies
2,1016,6605,6606,0,zero
2,1017,5245,5246,12,not_a
2,1018,926,927,7,or
2,1019,4510,4511,1,and
2,1020,2288,2289,12,not_a
2,1021,365,366,5,b
2,1022,2237,2238,6,xor
2,1023,829,830,9,not_xor
2,1024,7956,7957,6,xor
2,1025,5829,5830,7,or
2,1026,557,558,5,b
2,1027,5980,5981,5,b
2,1028,4820,4821,5,b
2,1029,4172,4173,7,or
2,1030,3029,3030,12,not_a
2,1031,6677,6678,2,not_implies
2,1032,6656,6657,13,implies
2,1033,207,208,6,xor
2,1034,2988,2989,9,not_xor
2,1035,1635,1636,9,not_xor
2,1036,5215,5216,10,not_b
2,1037,6388,6389,2,not_implies
2,1038,4879,4880,12,not_a
2,1039,6095,6096,2,not_implies
2,1040,4200,4201,4,not_implied_by
2,1041,2182,2183,4,not_implied_by
2,1042,1119,1120,4,not_implied_by
2,1043,7933,7934,8,not_or
2,1044,5779,5780,3,a
2,1045,213,214,2,not_implies
2,1046,6145,6146,10,not_b
2,1047,1579,1580,10,not_b
2,1048,1165,1166,6,xor
2,1049,7872,7873,11,implied_by
2,1050,4128,4129,4,not_implied_by
2,1051,4594,4595,0,zero
2,1052,3758,3759,14,not_and
2,1053,6400,6401,14,not_and
2,1054,4927,4928,3,a
2,1055,7124,7125,9,not_xor
2,1056,6673,6674,3,a
2,1057,7952,7953,9,not_xor
2,1058,6114,6115,3,a
2,1059,454,455,1,and
2,1060,5740,5741,9,not_xor
2,1061,3009,3010,5,b
2,1062,4191,4192,11,implied_by
2,1063,204,205,12,not_a
2,1064,6599,6600,7,or
2,1065,3507,3508,10,not_b
2,1066,2137,2138,4,not_implied_by
2,1067,7779,7780,3,a
2,1068,7383,7384,12,not_a
2,1069,6960,6961,0,zero
2,1070,5724,5725,2,not_implies
2,1071,7868,7869,2,not_implies
2,1072,7062,7063,1,and
2,1073,7127,7128,2,not_implies
2,1074,1116,1117,1,and
2,1075,4872,4873,12,not_a
2,1076,3453,3454,11,implied_by
2,1077,5602,5603,4,not_implied_by
2,1078,577,578,11,implied_by
2,1079,146,147,6,xor
2,1080,5667,5668,4,not_implied_by
2,1081,4348,4349,8,not_or
2,1082,1462,1463,7,or
2,1083,2219,2220,8,not_or
2,1084,231,232,9,not_xor
2,1085,1935,1936,2,not_implies
2,1086,3461,3462,8,not_or
2,1087,360,361,11,implied_by
2,1088,7046,7047,15,one
2,1089,2741,2742,7,or
2,1090,745,746,13,implies
2,1091,185,186,3,a
2,1092,1255,1256,1,and
2,1093,4345,4346,10,not_b
2,1094,1897,1898,3,a
2,1095,5064,5065,5,b
2,1096,2628,2629,3,a
2,1097,774,775,14,not_and
2,1098,1306,1307,11,implied_by
2,1099,1694,1695,7,or
2,1100,3734,3735,1,and
2,1101,6039,6040,13,implies
2,1102,7736,7737,11,implied_by
2,1103,7076,7077,2,not_implies
2,1104,7185,7186,12,not_a
2,1105,7099,7100,2,not_implies
2,1106,6512,6513,12,not_a
2,1107,4009,4010,7,or
2,1108,1022,1023,4,not_implied_by
2,1109,1062,1063,14,not_and
2,1110,6589,6590,13,implies
2,1111,2550,2551,5,b
2,1112,875,876,11,implied_by
2,1113,6327,6328,11,implied_by
2,1114,6781,6782,11,implied_by
2,1115,2603,2604,15,one
2,1116,5225,5226,9,not_xor
2,1117,2827,2828,1,and
2,1118,472,473,2,not_implies
2,1119,2931,2932,8,not_or
2,1120,2620,2621,6,xor
2,1121,6340,6341,4,not_implied_by
2,1122,4650,4651,12,not_a
2,1123,1965,1966,9,not_xor
2,1124,1120,1121,0,zero
2,1125,6618,6619,12,not_a
2,1126,2416,2417,9,not_xor
2,1127,3326,3327,6,xor
2,1128,2383,2384,9,not_xor
2,1129,4950,4951,1,and
2,1130,7787,7788,5,b
2,1131,3548,3549,14,not_and
2,1132,7250,7251,3,a
2,1133,1053,1054,9,not_xor
2,1134,1104,1105,15,one
2,1135,1548,1549,3,a
2,1136,508,509,10,not_b
2,1137,6443,6444,15,one
2,1138,566,567,10,not_b
2,1139,7638,7639,10,not_b
2,1140,1478,1479,6,xor
2,1141,7179,7180,7,or
2,1142,7502,7503,6,xor
2,1143,2807,2808,10,not_b
2,1144,1375,1376,1,and
2,1145,6852,6853,1,and
2,1146,3361,3362,12,not_a
2,1147,2516,2517,2,not_implies
2,1148,3782,3783,1,and
2,1149,6286,6287,13,implies
2,1150,4977,4978,0,zero
2,1151,1300,1301,3,a
2,1152,623,624,7,or
2,1153,7828,7829,1,and
2,1154,5242,5243,7,or
2,1155,2195,2196,10,not_b
2,1156,5370,5371,10,not_b
2,1157,6919,6920,10,not_b
2,1158,6647,6648,8,not_or
2,1159,2523,2524,10,not_b
2,1160,3302,3303,12,not_a
2,1161,3161,3162,2,not_implies
2,1162,6757,6758,2,not_implies
2,1163,2646,2647,11,implied_by
2,1164,3493,3494,8,not_or
2,1165,2357,2358,2,not_implies
2,1166,993,994,8,not_or
2,1167,997,998,12,not_a
2,1168,525,526,14,not_and
2,1169,790,791,12,not_a
2,1170,6720,6721,5,b
2,1171,2246,2247,6,xor
2,1172,3388,3389,13,implies
2,1173,6441,6442,5,b
2,1174,1226,1227,3,a
2,1175,2890,2891,9,not_xor
2,1176,4332,4333,10,not_b
2,1177,1489,1490,13,implies
2,1178,6688,6689,1,and
2,1179,3254,3255,4,not_implied_by
2,1180,264,265,3,a
2,1181,6804,6805,4,not_implied_by
2,1182,780,781,14,not_and
2,1183,1472,1473,8,not_or
2,1184,5028,5029,10,not_b
2,1185,3721,3722,7,or
2,1186,7600,7601,3,a
2,1187,1468,1469,8,not_or
2,1188,4570,4571,2,not_implies
2,1189,203,204,2,not_implies
2,1190,5461,5462,6,xor
2,1191,2761,2762,6,xor
2,1192,4058,4059,3,a
2,1193,7789,7790,10,not_b
2,1194,157,158,9,not_xor
2,1195,2688,2689,9,not_xor
2,1196,5368,5369,6,xor
2,1197,1191,1192,8,not_or
2,1198,2615,2616,11,implied_by
2,1199,2566,2567,8,not_or
2,1200,3525,3526,13,implies
2,1201,5956,5957,9,not_xor
2,1202,2917,2918,5,b
2,1203,7869,7870,3,a
2,1204,3635,3636,3,a
2,1205,6401,6402,12,not_a
2,1206,1426,1427,4,not_implied_by
2,1207,4117,4118,10,not_b
2,1208,5776,5777,5,b
2,1209,5784,5785,12,not_a
2,1210,5495,5496,3,a
2,1211,2434,2435,7,or
2,1212,2181,2182,1,and
2,1213,4237,4238,3,a
2,1214,7557,7558,12,not_a
2,1215,3833,3834,3,a
2,1216,7071,7072,2,not_implies
2,1217,6265,6266,14,not_and
2,1218,4609,4610,5,b
2,1219,2664,2665,5,b
2,1220,1869,1870,10,not_b
2,1221,1001,1002,1,and
2,1222,4333,4334,6,xor
2,1223,4838,4839,4,not_implied_by
2,1224,5471,5472,4,not_implied_by
2,1225,1842,1843,4,not_implied_by
2,1226,5097,5098,5,b
2,1227,4718,4719,14,not_and
2,1228,6654,6655,9,not_xor
2,1229,2732,2733,12,not_a
2,1230,612,613,5,b
2,1231,1612,1613,11,implied_by
2,1232,6859,6860,8,not_or
2,1233,300,301,15,one
2,1234,7051,7052,12,not_a
2,1235,3648,3649,11,implied_by
2,1236,885,886,10,not_b
2,1237,3885,3886,14,not_and
2,1238,7771,7772,7,or
2,1239,7369,7370,1,and
2,1240,3200,3201,13,implies
2,1241,7635,7636,2,not_implies
2,1242,800,801,12,not_a
2,1243,163,164,3,a
2,1244,6805,6806,8,not_or
2,1245,7188,7189,15,one
2,1246,5601,5602,6,xor
2,1247,2407,2408,1,and
2,1248,3196,3197,11,implied_by
2,1249,5385,5386,15,one
2,1250,1828,1829,14,not_and
2,1251,161,162,7,or
2,1252,6199,6200,9,not_xor
2,1253,122,123,10,not_b
2,1254,5468,5469,3,a
2,1255,3916,3917,6,xor
2,1256,6398,6399,11,implied_by
2,1257,6682,6683,14,not_and
2,1258,6874,6875,12,not_a
2,1259,370,371,10,not_b
2,1260,6871,6872,0,zero
2,1261,7197,7198,10,not_b
2,1262,4287,4288,10,not_b
2,1263,7910,7911,15,one
2,1264,1919,1920,12,not_a
2,1265,5314,5315,5,b
2,1266,3963,3964,5,b
2,1267,6657,6658,15,one
2,1268,2437,2438,6,xor
2,1269,7520,7521,9,not_xor
2,1270,4177,4178,1,and
2,1271,3210,3211,4,not_implied_by
2,1272,3739,3740,4,not_implied_by
2,1273,7388,7389,10,not_b
2,1274,3287,3288,9,not_xor
2,1275,2782,2783,13,implies
2,1276,237,238,5,b
2,1277,4852,4853,3,a
2,1278,951,952,4,not_implied_by
2,1279,5555,5556,1,and
2,1280,793,794,13,implies
2,1281,5621,5622,5,b
2,1282,3108,3109,13,implies
2,1283,539,540,14,not_and
2,1284,4835,4836,8,not_or
2,1285,1494,1495,10,not_b
2,1286,6501,6502,13,implies
2,1287,5038,5039,13,implies
2,1288,1246,1247,7,or
2,1289,7706,7707,15,one
2,1290,3862,3863,5,b
2,1291,6494,6495,3,a
2,1292,4815,4816,10,not_b
2,1293,736,737,2,not_implies
2,1294,7960,7961,14,not_and
2,1295,5751,5752,4,not_implied_by
2,1296,7101,7102,10,not_b
2,1297,4179,4180,14,not_and
2,1298,5885,5886,13,implies
2,1299,2193,2194,4,not_implied_by
2,1300,4336,4337,12,not_a
2,1301,3002,3003,9,not_xor
2,1302,4585,4586,14,not_and
2,1303,2481,2482,10,not_b
2,1304,5120,5121,5,b
2,1305,294,295,6,xor
2,1306,5669,5670,13,implies
2,1307,1364,1365,9,not_xor
2,1308,5708,5709,6,xor
2,1309,4284,4285,11,implied_by
2,1310,271,272,14,not_and
2,1311,6662,6663,7,or
2,1312,3761,3762,11,implied_by
2,1313,2580,2581,1,and
2,1314,6967,6968,15,one
2,1315,335,336,0,zero
2,1316,4310,4311,13,implies
2,1317,3497,3498,3,a
2,1318,3612,3613,8,not_or
2,1319,3620,3621,7,or
2,1320,7991,7992,0,zero
2,1321,4695,4696,13,implies
2,1322,2524,2525,2,not_implies
2,1323,6606,6607,14,not_and
2,1324,3776,3777,11,implied_by
2,1325,857,858,13,implies
2,1326,6895,6896,5,b
2,1327,2384,2385,9,not_xor
2,1328,5303,5304,1,and
2,1329,2415,2416,6,xor
2,1330,6544,6545,9,not_xor
2,1331,2133,2134,3,a
2,1332,3385,3386,13,implies
2,1333,1486,1487,7,or
2,1334,6255,6256,8,not_or
2,1335,2310,2311,12,not_a
2,1336,6220,6221,0,zero
2,1337,5836,5837,10,not_b
2,1338,2913,2914,6,xor
2,1339,5478,5479,3,a
2,1340,2048,2049,7,or
2,1341,4971,4972,4,not_implied_by
2,1342,7274,7275,11,implied_by
2,1343,354,355,0,zero
2,1344,3873,3874,8,not_or
2,1345,3368,3369,0,zero
2,1346,6957,6958,7,or
2,1347,4325,4326,10,not_b
2,1348,5607,5608,5,b
2,1349,2248,2249,3,a
2,1350,6450,6451,5,b
2,1351,3449,3450,13,implies
2,1352,2768,2769,8,not_or
2,1353,771,772,1,and
2,1354,3780,3781,12,not_a
2,1355,2140,2141,14,not_and
2,1356,3876,3877,5,b
2,1357,7217,7218,3,a
2,1358,1539,1540,13,implies
2,1359,6110,6111,1,and
2,1360,5903,5904,6,xor
2,1361,7175,7176,4,not_implied_by
2,1362,2119,2120,6,xor
2,1363,1482,1483,5,b
2,1364,4505,4506,14,not_and
2,1365,7027,7028,7,or
2,1366,4794,4795,4,not_implied_by
2,1367,5626,5627,12,not_a
2,1368,5720,5721,10,not_b
2,1369,6986,6987,4,not_implied_by
2,1370,3878,3879,2,not_implies
2,1371,145,146,2,not_implies
2,1372,4395,4396,8,not_or
2,1373,5596,5597,2,not_implies
2,1374,5296,5297,4,not_implied_by
2,1375,7548,7549,8,not_or
2,1376,1274,1275,5,b
2,1377,2162,2163,2,not_implies
2,1378,6543,6544,14,not_and
2,1379,2938,2939,7,or
2,1380,2356,2357,11,implied_by
2,1381,25,26,9,not_xor
2,1382,3393,3394,0,zero
2,1383,2914,2915,10,not_b
2,1384,7752,7753,9,not_xor
2,1385,4627,4628,14,not_and
2,1386,5887,5888,8,not_or
2,1387,645,646,10,not_b
2,1388,288,289,0,zero
2,1389,7745,7746,10,not_b
2,1390,5918,5919,3,a
2,1391,812,813,11,implied_by
2,1392,7151,7152,13,implies
2,1393,7924,7925,0,zero
2,1394,97,98,11,implied_by
2,1395,1595,1596,10,not_b
2,1396,450,451,10,not_b
2,1397,5360,5361,14,not_and
2,1398,5199,5200,14,not_and
2,1399,1585,1586,12,not_a
2,1400,4479,4480,10,not_b
2,1401,6086,6087,7,or
2,1402,6051,6052,2,not_implies
2,1403,2392,2393,5,b
2,1404,5218,5219,6,xor
2,1405,7669,7670,4,not_implied_by
2,1406,2853,2854,15,one
2,1407,5331,5332,3,a
2,1408,694,695,5,b
2,1409,3425,3426,1,and
2,1410,2877,2878,12,not_a
2,1411,2634,2635,2,not_implies
2,1412,4398,4399,7,or
2,1413,4096,4097,2,not_implies
2,1414,5935,5936,9,not_xor
2,1415,3377,3378,12,not_a
2,1416,2331,2332,8,not_or
2,1417,2840,2841,3,a
2,1418,7592,7593,5,b
2,1419,4979,4980,14,not_and
2,1420,6417,6418,8,not_or
2,1421,6383,6384,14,not_and
2,1422,6951,6952,3,a
2,1423,6276,6277,0,zero
2,1424,129,130,11,implied_by
2,1425,4319,4320,7,or
2,1426,1006,1007,6,xor
2,1427,1401,1402,6,xor
2,1428,5345,5346,5,b
2,1429,6256,6257,6,xor
2,1430,5017,5018,1,and
2,1431,5550,5551,11,implied_by
2,1432,4756,4757,12,not_a
2,1433,4604,4605,5,b
2,1434,1914,1915,3,a
2,1435,758,759,5,b
2,1436,679,680,13,implies
2,1437,6004,6005,15,one
2,1438,2665,2666,12,not_a
2,1439,3146,3147,5,b
2,1440,2475,2476,5,b
2,1441,7232,7233,15,one
2,1442,6014,6015,3,a
2,1443,1173,1174,4,not_implied_by
2,1444,2647,2648,15,one
2,1445,578,579,14,not_and
2,1446,1142,1143,9,not_xor
2,1447,4006,4007,5,b
2,1448,5799,5800,9,not_xor
2,1449,2045,2046,10,not_b
2,1450,3398,3399,10,not_b
2,1451,6088,6089,7,or
2,1452,352,353,11,implied_by
2,1453,948,949,12,not_a
2,1454,6111,6112,7,or
2,1455,726,727,5,b
2,1456,111,112,12,not_a
2,1457,4859,4860,2,not_implies
2,1458,3972,3973,14,not_and
2,1459,683,684,5,b
2,1460,3027,3028,3,a
2,1461,4856,4857,0,zero
2,1462,4385,4386,6,xor
2,1463,4410,4411,10,not_b
2,1464,484,485,4,not_implied_by
2,1465,832,833,5,b
2,1466,1560,1561,10,not_b
2,1467,4953,4954,7,or
2,1468,4889,4890,1,and
2,1469,3547,3548,15,one
2,1470,4677,4678,3,a
2,1471,367,368,10,not_b
2,1472,3999,4000,6,xor
2,1473,4613,4614,0,zero
2,1474,3868,3869,2,not_implies
2,1475,6087,6088,0,zero
2,1476,6834,6835,9,not_xor
2,1477,3990,3991,7,or
2,1478,3088,3089,6,xor
2,1479,5301,5302,10,not_b
2,1480,6645,6646,7,or
2,1481,7689,7690,12,not_a
2,1482,7040,7041,5,b
2,1483,1071,1072,11,implied_by
2,1484,3121,3122,3,a
2,1485,5066,5067,12,not_a
2,1486,2652,2653,10,not_b
2,1487,760,761,4,not_implied_by
2,1488,3363,3364,2,not_implies
2,1489,4327,4328,10,not_b
2,1490,3526,3527,10,not_b
2,1491,5729,5730,1,and
2,1492,523,524,7,or
2,1493,5056,5057,1,and
2,1494,7848,7849,5,b
2,1495,1095,1096,3,a
2,1496,7181,7182,11,implied_by
2,1497,1369,1370,5,b
2,1498,2230,2231,7,or
2,1499,663,664,14,not_and
2,1500,3679,3680,6,xor
2,1501,3644,3645,8,not_or
2,1502,5486,5487,3,a
2,1503,4686,4687,7,or
2,1504,5714,5715,13,implies
2,1505,3333,3334,2,not_implies
2,1506,1236,1237,2,not_implies
2,1507,6395,6396,0,zero
2,1508,1154,1155,12,not_a
2,1509,4435,4436,10,not_b
2,1510,5810,5811,3,a
2,1511,7296,7297,11,implied_by
2,1512,4153,4154,5,b
2,1513,3792,3793,2,not_implies
2,1514,1852,1853,2,not_implies
2,1515,4664,4665,9,not_xor
2,1516,7768,7769,13,implies
2,1517,4078,4079,9,not_xor
2,1518,3829,3830,14,not_and
2,1519,3976,3977,0,zero
2,1520,7734,7735,13,implies
2,1521,5780,5781,10,not_b
2,1522,442,443,1,and
2,1523,1084,1085,12,not_a
2,1524,5294,5295,1,and
2,1525,2168,2169,14,not_and
2,1526,650,651,11,implied_by
2,1527,2832,2833,14,not_and
2,1528,4444,4445,10,not_b
2,1529,1809,1810,1,and
2,1530,462,463,12,not_a
2,1531,4655,4656,5,b
2,1532,2152,2153,14,not_and
2,1533,7850,7851,5,b
2,1534,7959,7960,12,not_a
2,1535,7302,7303,8,not_or
2,1536,71,72,14,not_and
2,1537,3170,3171,1,and
2,1538,5524,5525,3,a
2,1539,5381,5382,7,or
2,1540,4077,4078,10,not_b
2,1541,3927,3928,10,not_b
2,1542,6704,6705,9,not_xor
2,1543,5530,5531,2,not_implies
2,1544,7034,7035,7,or
2,1545,6627,6628,4,not_implied_by
2,1546,2700,2701,12,not_a
2,1547,7163,7164,12,not_a
2,1548,3918,3919,13,implies
2,1549,66,67,6,xor
2,1550,7560,7561,3,a
2,1551,6856,6857,10,not_b
2,1552,4278,4279,3,a
2,1553,6853,6854,3,a
2,1554,5117,5118,3,a
2,1555,481,482,2,not_implies
2,1556,631,632,2,not_implies
2,1557,7086,7087,12,not_a
2,1558,607,608,6,xor
2,1559,279,280,13,implies
2,1560,6107,6108,8,not_or
2,1561,1718,1719,5,b
2,1562,991,992,13,implies
2,1563,212,213,2,not_implies
2,1564,3701,3702,3,a
2,1565,45,46,15,one
2,1566,7472,7473,14,not_and
2,1567,4246,4247,8,not_or
2,1568,1128,1129,12,not_a
2,1569,2593,2594,13,implies
2,1570,927,928,1,and
2,1571,3468,3469,8,not_or
2,1572,5553,5554,8,not_or
2,1573,4040,4041,12,not_a
2,1574,3228,3229,9,not_xor
2,1575,3345,3346,11,implied_by
2,1576,1717,1718,1,and
2,1577,4222,4223,4,not_implied_by
2,1578,1305,1306,5,b
2,1579,3404,3405,10,not_b
2,1580,356,357,15,one
2,1581,4743,4744,3,a
2,1582,7575,7576,10,not_b
2,1583,2215,2216,10,not_b
2,1584,3795,3796,14,not_and
2,1585,4389,4390,6,xor
2,1586,4559,4560,4,not_implied_by
2,1587,5096,5097,3,a
2,1588,3762,3763,0,zero
2,1589,4214,4215,10,not_b
2,1590,1698,1699,8,not_or
2,1591,2916,2917,3,a
2,1592,4622,4623,7,or
2,1593,311,312,2,not_implies
2,1594,1941,1942,12,not_a
2,1595,6073,6074,10,not_b
2,1596,1559,1560,11,implied_by
2,1597,467,468,3,a
2,1598,4132,4133,9,not_xor
2,1599,7146,7147,9,not_xor
2,1600,3986,3987,10,not_b
2,1601,2278,2279,11,implied_by
2,1602,510,511,4,not_implied_by
2,1603,2320,2321,3,a
2,1604,4772,4773,4,not_implied_by
2,1605,1782,1783,1,and
2,1606,324,325,14,not_and
2,1607,6197,6198,3,a
2,1608,2883,2884,5,b
2,1609,4577,4578,10,not_b
2,1610,3498,3499,2,not_implies
2,1611,7448,7449,3,a
2,1612,1205,1206,4,not_implied_by
2,1613,6751,6752,4,not_implied_by
2,1614,5293,5294,2,not_implies
2,1615,2509,2510,7,or
2,1616,1553,1554,4,not_implied_by
2,1617,2088,2089,6,xor
2,1618,4759,4760,4,not_implied_by
2,1619,6405,6406,5,b
2,1620,7480,7481,5,b
2,1621,7536,7537,4,not_implied_by
2,1622,169,170,13,implies
2,1623,633,634,8,not_or
2,1624,5068,5069,11,implied_by
2,1625,1951,1952,5,b
2,1626,6953,6954,6,xor
2,1627,345,346,14,not_and
2,1628,7333,7334,3,a
2,1629,3456,3457,10,not_b
2,1630,1239,1240,7,or
2,1631,2673,2674,14,not_and
2,1632,2217,2218,12,not_a
2,1633,7138,7139,12,not_a
2,1634,5674,5675,10,not_b
2,1635,844,845,9,not_xor
2,1636,6005,6006,5,b
2,1637,5105,5106,1,and
2,1638,2042,2043,5,b
2,1639,6462,6463,10,not_b
2,1640,759,760,12,not_a
2,1641,6285,6286,4,not_implied_by
2,1642,546,547,4,not_implied_by
2,1643,3346,3347,5,b
2,1644,2617,2618,7,or
2,1645,5317,5318,13,implies
2,1646,6754,6755,8,not_or
2,1647,6079,6080,8,not_or
2,1648,6453,6454,2,not_implies
2,1649,2805,2806,0,zero
2,1650,4035,4036,3,a
2,1651,6335,6336,10,not_b
2,1652,159,160,2,not_implies
2,1653,47,48,5,b
2,1654,5143,5144,1,and
2,1655,3688,3689,6,xor
2,1656,2038,2039,15,one
2,1657,3810,3811,10,not_b
2,1658,7137,7138,11,implied_by
2,1659,6495,6496,5,b
2,1660,5709,5710,4,not_implied_by
2,1661,4948,4949,7,or
2,1662,4588,4589,13,implies
2,1663,5924,5925,1,and
2,1664,147,148,5,b
2,1665,7586,7587,6,xor
2,1666,4036,4037,1,and
2,1667,1422,1423,12,not_a
2,1668,5552,5553,5,b
2,1669,6736,6737,14,not_and
2,1670,2405,2406,7,or
2,1671,7267,7268,13,implies
2,1672,6566,6567,8,not_or
2,1673,5278,5279,13,implies
2,1674,4926,4927,2,not_implies
2,1675,6173,6174,9,not_xor
2,1676,330,331,2,not_implies
2,1677,2814,2815,8,not_or
2,1678,1207,1208,14,not_and
2,1679,3959,3960,7,or
2,1680,5639,5640,11,implied_by
2,1681,3994,3995,3,a
2,1682,1013,1014,11,implied_by
2,1683,142,143,10,not_b
2,1684,6940,6941,4,not_implied_by
2,1685,6475,6476,7,or
2,1686,621,622,4,not_implied_by
2,1687,219,220,14,not_and
2,1688,341,342,6,xor
2,1689,4782,4783,12,not_a
2,1690,4217,4218,10,not_b
2,1691,3940,3941,9,not_xor
2,1692,1624,1625,12,not_a
2,1693,843,844,14,not_and
2,1694,172,173,12,not_a
2,1695,7601,7602,8,not_or
2,1696,5180,5181,7,or
2,1697,6975,6976,4,not_implied_by
2,1698,2497,2498,8,not_or
2,1699,7966,7967,2,not_implies
2,1700,3039,3040,14,not_and
2,1701,3068,3069,14,not_and
2,1702,6876,6877,1,and
2,1703,5080,5081,3,a
2,1704,1583,1584,10,not_b
2,1705,5138,5139,3,a
2,1706,5065,5066,6,xor
2,1707,2044,2045,12,not_a
2,1708,2554,2555,5,b
2,1709,914,915,0,zero
2,1710,6358,6359,11,implied_by
2,1711,1921,1922,2,not_implies
2,1712,6596,6597,15,one
2,1713,2649,2650,6,xor
2,1714,3445,3446,3,a
2,1715,5620,5621,6,xor
2,1716,4809,4810,3,a
2,1717,2227,2228,10,not_b
2,1718,5906,5907,9,not_xor
2,1719,999,1000,10,not_b
2,1720,2203,2204,12,not_a
2,1721,6637,6638,5,b
2,1722,6690,6691,6,xor
2,1723,5508,5509,10,not_b
2,1724,2930,2931,13,implies
2,1725,390,391,14,not_and
2,1726,1169,1170,5,b
2,1727,2533,2534,2,not_implies
2,1728,756,757,9,not_xor
2,1729,5053,5054,8,not_or
2,1730,5537,5538,14,not_and
2,1731,1097,1098,3,a
2,1732,96,97,6,xor
2,1733,118,119,12,not_a
2,1734,2132,2133,4,not_implied_by
2,1735,1571,1572,11,implied_by
2,1736,2923,2924,2,not_implies
2,1737,6057,6058,9,not_xor
2,1738,1078,1079,0,zero
2,1739,465,466,12,not_a
2,1740,7117,7118,4,not_implied_by
2,1741,7440,7441,9,not_xor
2,1742,6703,6704,0,zero
2,1743,7260,7261,0,zero
2,1744,2307,2308,10,not_b
2,1745,1416,1417,2,not_implies
2,1746,739,740,7,or
2,1747,3822,3823,6,xor
2,1748,7897,7898,8,not_or
2,1749,4069,4070,2,not_implies
2,1750,7058,7059,3,a
2,1751,6791,6792,5,b
2,1752,6525,6526,8,not_or
2,1753,3190,3191,12,not_a
2,1754,7895,7896,11,implied_by
2,1755,6563,6564,6,xor
2,1756,3351,3352,6,xor
2,1757,4813,4814,4,not_implied_by
2,1758,6640,6641,13,implies
2,1759,6089,6090,14,not_and
2,1760,4178,4179,15,one
2,1761,6887,6888,2,not_implies
2,1762,5987,5988,10,not_b
2,1763,2573,2574,14,not_and
2,1764,5772,5773,4,not_implied_by
2,1765,3264,3265,8,not_or
2,1766,4323,4324,6,xor
2,1767,7486,7487,11,implied_by
2,1768,361,362,9,not_xor
2,1769,4057,4058,15,one
2,1770,5771,5772,1,and
2,1771,2287,2288,11,implied_by
2,1772,3509,3510,10,not_b
2,1773,1812,1813,1,and
2,1774,4818,4819,8,not_or
2,1775,1684,1685,2,not_implies
2,1776,67,68,5,b
2,1777,2441,2442,3,a
2,1778,6674,6675,9,not_xor
2,1779,1221,1222,3,a
2,1780,2658,2659,1,and
2,1781,6761,6762,10,not_b
2,1782,4635,4636,13,implies
2,1783,5666,5667,8,not_or
2,1784,5432,5433,11,implied_by
2,1785,3151,3152,4,not_implied_by
2,1786,7345,7346,5,b
2,1787,7248,7249,4,not_implied_by
2,1788,5722,5723,5,b
2,1789,58,59,3,a
2,1790,4067,4068,1,and
2,1791,3113,3114,12,not_a
2,1792,2178,2179,11,implied_by
2,1793,1051,1052,9,not_xor
2,1794,7695,7696,9,not_xor
2,1795,4242,4243,2,not_implies
2,1796,1082,1083,3,a
2,1797,26,27,1,and
2,1798,4748,4749,3,a
2,1799,4725,4726,10,not_b
2,1800,2725,2726,9,not_xor
2,1801,654,655,13,implies
2,1802,281,282,8,not_or
2,1803,2942,2943,7,or
2,1804,5998,5999,8,not_or
2,1805,2060,2061,13,implies
2,1806,6764,6765,11,implied_by
2,1807,5523,5524,12,not_a
2,1808,2980,2981,2,not_implies
2,1809,2372,2373,10,not_b
2,1810,4170,4171,14,not_and
2,1811,2629,2630,6,xor
2,1812,7664,7665,14,not_and
2,1813,2704,2705,14,not_and
2,1814,2944,2945,8,not_or
2,1815,7944,7945,10,not_b
2,1816,4916,4917,9,not_xor
2,1817,4736,4737,12,not_a
2,1818,4978,4979,0,zero
2,1819,2801,2802,13,implies
2,1820,3855,3856,2,not_implies
2,1821,5392,5393,7,or
2,1822,6176,6177,5,b
2,1823,4969,4970,8,not_or
2,1824,6644,6645,3,a
2,1825,6976,6977,8,not_or
2,1826,2779,2780,4,not_implied_by
2,1827,2139,2140,3,a
2,1828,1206,1207,4,not_implied_by
2,1829,7441,7442,1,and
2,1830,6239,6240,10,not_b
2,1831,3311,3312,2,not_implies
2,1832,5226,5227,9,not_xor
2,1833,327,328,4,not_implied_by
2,1834,3072,3073,15,one
2,1835,89,90,5,b
2,1836,7814,7815,14,not_and
2,1837,2760,2761,3,a
2,1838,4353,4354,5,b
2,1839,7049,7050,14,not_and
2,1840,2218,2219,2,not_implies
2,1841,4417,4418,12,not_a
2,1842,3777,3778,2,not_implies
2,1843,5079,5080,9,not_xor
2,1844,996,997,13,implies
2,1845,838,839,8,not_or
2,1846,2406,2407,1,and
2,1847,1860,1861,8,not_or
2,1848,1740,1741,8,not_or
2,1849,2143,2144,7,or
2,1850,226,227,13,implies
2,1851,7845,7846,2,not_implies
2,1852,2739,2740,12,not_a
2,1853,1125,1126,12,not_a
2,1854,4543,4544,10,not_b
2,1855,209,210,3,a
2,1856,7922,7923,10,not_b
2,1857,6945,6946,3,a
2,1858,1209,1210,3,a
2,1859,1267,1268,4,not_implied_by
2,1860,449,450,0,zero
2,1861,4611,4612,10,not_b
2,1862,5498,5499,2,not_implies
2,1863,5899,5900,2,not_implies
2,1864,2240,2241,7,or
2,1865,154,155,4,not_implied_by
2,1866,6889,6890,4,not_implied_by
2,1867,7081,7082,11,implied_by
2,1868,3276,3277,10,not_b
2,1869,5176,5177,3,a
2,1870,5107,5108,0,zero
2,1871,2650,2651,3,a
2,1872,7809,7810,3,a
2,1873,3598,3599,10,not_b
2,1874,6652,6653,1,and
2,1875,3815,3816,4,not_implied_by
2,1876,3019,3020,11,implied_by
2,1877,6042,6043,0,zero
2,1878,7404,7405,6,xor
2,1879,5819,5820,14,not_and
2,1880,6533,6534,14,not_and
2,1881,1314,1315,14,not_and
2,1882,6442,6443,9,not_xor
2,1883,931,932,12,not_a
2,1884,4279,4280,5,b
2,1885,7334,7335,10,not_b
2,1886,7776,7777,12,not_a
2,1887,2809,2810,11,implied_by
2,1888,2273,2274,5,b
2,1889,2604,2605,8,not_or
2,1890,1260,1261,11,implied_by
2,1891,3414,3415,3,a
2,1892,2859,2860,6,xor
2,1893,6587,6588,0,zero
2,1894,690,691,5,b
2,1895,6898,6899,15,one
2,1896,6455,6456,13,implies
2,1897,641,642,15,one
2,1898,2058,2059,7,or
2,1899,5535,5536,9,not_xor
2,1900,4639,4640,2,not_implies
2,1901,7183,7184,12,not_a
2,1902,5147,5148,5,b
2,1903,7471,7472,2,not_implies
2,1904,2963,2964,9,not_xor
2,1905,2587,2588,10,not_b
2,1906,3660,3661,12,not_a
2,1907,5240,5241,2,not_implies
2,1908,2349,2350,9,not_xor
2,1909,1609,1610,3,a
2,1910,3310,3311,6,xor
2,1911,5222,5223,12,not_a
2,1912,1725,1726,14,not_and
2,1913,5088,5089,5,b
2,1914,7343,7344,10,not_b
2,1915,4357,4358,6,xor
2,1916,6679,6680,2,not_implies
2,1917,6906,6907,3,a
2,1918,1440,1441,3,a
2,1919,1745,1746,8,not_or
2,1920,1598,1599,6,xor
2,1921,3280,3281,6,xor
2,1922,2531,2532,10,not_b
2,1923,7087,7088,1,and
2,1924,5286,5287,13,implies
2,1925,7374,7375,2,not_implies
2,1926,952,953,14,not_and
2,1927,995,996,10,not_b
2,1928,4321,4322,3,a
2,1929,7683,7684,1,and
2,1930,4606,4607,13,implies
2,1931,3856,3857,2,not_implies
2,1932,6316,6317,4,not_implied_by
2,1933,6947,6948,0,zero
2,1934,4305,4306,6,xor
2,1935,5334,5335,2,not_implies
2,1936,6818,6819,13,implies
2,1937,3320,3321,14,not_and
2,1938,6329,6330,4,not_implied_by
2,1939,3496,3497,8,not_or
2,1940,3599,3600,4,not_implied_by
2,1941,3464,3465,12,not_a
2,1942,6387,6388,11,implied_by
2,1943,1556,1557,14,not_and
2,1944,4409,4410,7,or
2,1945,1311,1312,3,a
2,1946,4913,4914,10,not_b
2,1947,1978,1979,10,not_b
2,1948,5896,5897,0,zero
2,1949,6625,6626,11,implied_by
2,1950,4987,4988,13,implies
2,1951,5429,5430,4,not_implied_by
2,1952,2366,2367,10,not_b
2,1953,3866,3867,15,one
2,1954,6846,6847,13,implies
2,1955,712,713,15,one
2,1956,6121,6122,14,not_and
2,1957,3269,3270,11,implied_by
2,1958,5723,5724,6,xor
2,1959,5968,5969,14,not_and
2,1960,1193,1194,0,zero
2,1961,480,481,7,or
2,1962,2826,2827,13,implies
2,1963,263,264,10,not_b
2,1964,3291,3292,10,not_b
2,1965,3462,3463,9,not_xor
2,1966,6233,6234,2,not_implies
2,1967,3746,3747,5,b
2,1968,7625,7626,10,not_b
2,1969,6892,6893,2,not_implies
2,1970,5606,5607,1,and
2,1971,348,349,8,not_or
2,1972,2401,2402,13,implies
2,1973,7692,7693,2,not_implies
2,1974,4131,4132,9,not_xor
2,1975,5827,5828,14,not_and
2,1976,7269,7270,7,or
2,1977,5631,5632,12,not_a
2,1978,7339,7340,4,not_implied_by
2,1979,2758,2759,0,zero
2,1980,5818,5819,4,not_implied_by
2,1981,1622,1623,15,one
2,1982,3089,3090,6,xor
2,1983,432,433,6,xor
2,1984,4120,4121,9,not_xor
2,1985,7634,7635,5,b
2,1986,448,449,14,not_and
2,1987,4363,4364,1,and
2,1988,4675,4676,8,not_or
2,1989,526,527,13,implies
2,1990,2737,2738,0,zero
2,1991,2816,2817,2,not_implies
2,1992,5365,5366,3,a
2,1993,5339,5340,9,not_xor
2,1994,5256,5257,0,zero
2,1995,259,260,4,not_implied_by
2,1996,6235,6236,5,b
2,1997,7646,7647,12,not_a
2,1998,2559,2560,9,not_xor
2,1999,1089,1090,7,or
2,2000,6515,6516,12,not_a
2,2001,7764,7765,1,and
2,2002,6670,6671,5,b
2,2003,1297,1298,3,a
2,2004,1067,1068,6,xor
2,2005,6913,6914,13,implies
2,2006,3597,3598,0,zero
2,2007,243,244,0,zero
2,2008,2306,2307,9,not_xor
2,2009,7413,7414,2,not_implies
2,2010,3402,3403,13,implies
2,2011,810,811,14,not_and
2,2012,881,882,5,b
2,2013,7974,7975,7,or
2,2014,1922,1923,14,not_and
2,2015,6864,6865,12,not_a
2,2016,552,553,6,xor
2,2017,7371,7372,1,and
2,2018,3846,3847,10,not_b
2,2019,7295,7296,11,implied_by
2,2020,369,370,8,not_or
2,2021,4303,4304,3,a
2,2022,7275,7276,14,not_and
2,2023,5039,5040,5,b
2,2024,910,911,2,not_implies
2,2025,4136,4137,9,not_xor
2,2026,5398,5399,4,not_implied_by
2,2027,7012,7013,1,and
2,2028,4076,4077,12,not_a
2,2029,1703,1704,8,not_or
2,2030,5902,5903,7,or
2,2031,5837,5838,12,not_a
2,2032,2751,2752,2,not_implies
2,2033,4130,4131,11,implied_by
2,2034,6017,6018,11,implied_by
2,2035,430,431,12,not_a
2,2036,256,257,12,not_a
2,2037,7277,7278,3,a
2,2038,310,311,13,implies
2,2039,3336,3337,5,b
2,2040,7166,7167,5,b
2,2041,7173,7174,0,zero
2,2042,3277,3278,3,a
2,2043,1780,1781,5,b
2,2044,7422,7423,1,and
2,2045,1988,1989,11,implied_by
2,2046,4712,4713,3,a
2,2047,4507,4508,1,and
2,2048,6470,6471,12,not_a
2,2049,946,947,3,a
2,2050,4043,4044,2,not_implies
2,2051,7596,7597,2,not_implies
2,2052,7714,7715,1,and
2,2053,3749,3750,10,not_b
2,2054,4534,4535,7,or
2,2055,6636,6637,12,not_a
2,2056,5352,5353,8,not_or
2,2057,3893,3894,10,not_b
2,2058,7637,7638,5,b
2,2059,5425,5426,10,not_b
2,2060,7712,7713,14,not_and
2,2061,1475,1476,13,implies
2,2062,5748,5749,14,not_and
2,2063,6082,6083,8,not_or
2,2064,7870,7871,9,not_xor
2,2065,4727,4728,5,b
2,2066,1464,1465,15,one
2,2067,3437,3438,3,a
2,2068,4174,4175,5,b
2,2069,132,133,11,implied_by
2,2070,3334,3335,4,not_implied_by
2,2071,1681,1682,5,b
2,2072,1959,1960,13,implies
2,2073,3796,3797,9,not_xor
2,2074,3834,3835,0,zero
2,2075,752,753,5,b
2,2076,6466,6467,12,not_a
2,2077,1480,1481,12,not_a
2,2078,76,77,10,not_b
2,2079,5832,5833,4,not_implied_by
2,2080,44,45,14,not_and
2,2081,1616,1617,2,not_implies
2,2082,2396,2397,1,and
2,2083,7319,7320,9,not_xor
2,2084,3794,3795,7,or
2,2085,5430,5431,1,and
2,2086,4875,4876,6,xor
2,2087,3579,3580,3,a
2,2088,720,721,8,not_or
2,2089,5454,5455,4,not_implied_by
2,2090,658,659,3,a
2,2091,2992,2993,13,implies
2,2092,4379,4380,7,or
2,2093,837,838,1,and
2,2094,7584,7585,11,implied_by
2,2095,4972,4973,8,not_or
2,2096,494,495,2,not_implies
2,2097,4495,4496,14,not_and
2,2098,5462,5463,8,not_or
2,2099,3215,3216,10,not_b
2,2100,2937,2938,3,a
2,2101,6901,6902,12,not_a
2,2102,4803,4804,13,implies
2,2103,7041,7042,7,or
2,2104,3636,3637,8,not_or
2,2105,2918,2919,13,implies
2,2106,3692,3693,11,implied_by
2,2107,2763,2764,4,not_implied_by
2,2108,7530,7531,0,zero
2,2109,498,499,0,zero
2,2110,4970,4971,14,not_and
2,2111,5408,5409,8,not_or
2,2112,7751,7752,8,not_or
2,2113,6035,6036,0,zero
2,2114,3770,3771,2,not_implies
2,2115,3904,3905,2,not_implies
2,2116,3704,3705,5,b
2,2117,3171,3172,3,a
2,2118,6141,6142,4,not_implied_by
2,2119,4928,4929,13,implies
2,2120,4275,4276,15,one
2,2121,5244,5245,6,xor
2,2122,3081,3082,4,not_implied_by
2,2123,5536,5537,8,not_or
2,2124,4394,4395,5,b
2,2125,5937,5938,6,xor
2,2126,6094,6095,11,implied_by
2,2127,2667,2668,4,not_implied_by
2,2128,3522,3523,7,or
2,2129,3140,3141,2,not_implies
2,2130,1275,1276,4,not_implied_by
2,2131,1386,1387,13,implies
2,2132,4228,4229,4,not_implied_by
2,2133,3165,3166,14,not_and
2,2134,7993,7994,4,not_implied_by
2,2135,3193,3194,3,a
2,2136,4227,4228,2,not_implies
2,2137,6345,6346,15,one
2,2138,7925,7926,8,not_or
2,2139,6273,6274,1,and
2,2140,471,472,5,b
2,2141,3603,3604,5,b
2,2142,2621,2622,8,not_or
2,2143,4381,4382,12,not_a
2,2144,4745,4746,10,not_b
2,2145,5421,5422,15,one
2,2146,7202,7203,15,one
2,2147,5371,5372,7,or
2,2148,1220,1221,4,not_implied_by
2,2149,6482,6483,15,one
2,2150,6531,6532,13,implies
2,2151,4901,4902,10,not_b
2,2152,6558,6559,9,not_xor
2,2153,4565,4566,1,and
2,2154,1105,1106,12,not_a
2,2155,1408,1409,4,not_implied_by
2,2156,7532,7533,15,one
2,2157,4298,4299,9,not_xor
2,2158,2769,2770,4,not_implied_by
2,2159,1444,1445,14,not_and
2,2160,1895,1896,1,and
2,2161,4255,4256,9,not_xor
2,2162,3510,3511,13,implies
2,2163,6474,6475,5,b
2,2164,1972,1973,3,a
2,2165,1680,1681,11,implied_by
2,2166,1100,1101,4,not_implied_by
2,2167,126,127,11,implied_by
2,2168,4447,4448,3,a
2,2169,7373,7374,8,not_or
2,2170,4682,4683,6,xor
2,2171,2258,2259,3,a
2,2172,3463,3464,3,a
2,2173,3843,3844,7,or
2,2174,446,447,0,zero
2,2175,721,722,1,and
2,2176,6996,6997,10,not_b
2,2177,2113,2114,11,implied_by
2,2178,3274,3275,3,a
2,2179,7609,7610,2,not_implies
2,2180,7149,7150,5,b
2,2181,5281,5282,10,not_b
2,2182,2567,2568,2,not_implies
2,2183,2025,2026,12,not_a
2,2184,7885,7886,3,a
2,2185,5062,5063,1,and
2,2186,1523,1524,4,not_implied_by
2,2187,6219,6220,15,one
2,2188,7547,7548,13,implies
2,2189,711,712,9,not_xor
2,2190,6735,6736,10,not_b
2,2191,6195,6196,4,not_implied_by
2,2192,5273,5274,10,not_b
2,2193,5197,5198,7,or
2,2194,1533,1534,10,not_b
2,2195,7871,7872,10,not_b
2,2196,3754,3755,3,a
2,2197,433,434,8,not_or
2,2198,5214,5215,14,not_and
2,2199,7460,7461,15,one
2,2200,6939,6940,15,one
2,2201,3246,3247,12,not_a
2,2202,6896,6897,5,b
2,2203,1596,1597,12,not_a
2,2204,4425,4426,9,not_xor
2,2205,4624,4625,12,not_a
2,2206,124,125,12,not_a
2,2207,5997,5998,15,one
2,2208,640,641,3,a
2,2209,1632,1633,4,not_implied_by
2,2210,3983,3984,0,zero
2,2211,1481,1482,2,not_implies
2,2212,3067,3068,6,xor
2,2213,5969,5970,10,not_b
2,2214,6643,6644,2,not_implies
2,2215,408,409,8,not_or
2,2216,5715,5716,3,a
2,2217,5235,5236,5,b
2,2218,3131,3132,3,a
2,2219,5121,5122,7,or
2,2220,2128,2129,0,zero
2,2221,7797,7798,2,not_implies
2,2222,4656,4657,3,a
2,2223,3915,3916,7,or
2,2224,4830,4831,8,not_or
2,2225,5690,5691,8,not_or
2,2226,3205,3206,8,not_or
2,2227,3223,3224,12,not_a
2,2228,642,643,6,xor
2,2229,3628,3629,10,not_b
2,2230,6251,6252,3,a
2,2231,7278,7279,3,a
2,2232,520,521,13,implies
2,2233,5190,5191,2,not_implies
2,2234,3306,3307,11,implied_by
2,2235,7191,7192,11,implied_by
2,2236,2928,2929,14,not_and
2,2237,2590,2591,14,not_and
2,2238,7998,7999,11,implied_by
2,2239,1826,1827,5,b
2,2240,3745,3746,3,a
2,2241,1825,1826,8,not_or
2,2242,7488,7489,2,not_implies
2,2243,5035,5036,14,not_and
2,2244,1187,1188,6,xor
2,2245,7035,7036,15,one
2,2246,2220,2221,13,implies
2,2247,3654,3655,4,not_implied_by
2,2248,5090,5091,12,not_a
2,2249,4750,4751,5,b
2,2250,7008,7009,3,a
2,2251,1256,1257,2,not_implies
2,2252,6090,6091,11,implied_by
2,2253,1931,1932,11,implied_by
2,2254,5757,5758,11,implied_by
2,2255,368,369,7,or
2,2256,6070,6071,9,not_xor
2,2257,5862,5863,13,implies
2,2258,269,270,9,not_xor
2,2259,353,354,12,not_a
2,2260,4086,4087,6,xor
2,2261,2149,2150,10,not_b
2,2262,4551,4552,6,xor
2,2263,7673,7674,5,b
2,2264,4413,4414,5,b
2,2265,2543,2544,12,not_a
2,2266,1544,1545,6,xor
2,2267,2049,2050,12,not_a
2,2268,1149,1150,7,or
2,2269,2631,2632,12,not_a
2,2270,4157,4158,8,not_or
2,2271,918,919,3,a
2,2272,649,650,5,b
2,2273,6023,6024,8,not_or
2,2274,3271,3272,0,zero
2,2275,3838,3839,10,not_b
2,2276,4724,4725,2,not_implies
2,2277,3684,3685,3,a
2,2278,240,241,12,not_a
2,2279,629,630,10,not_b
2,2280,7376,7377,1,and
2,2281,7430,7431,11,implied_by
2,2282,6050,6051,9,not_xor
2,2283,2400,2401,6,xor
2,2284,35,36,5,b
2,2285,614,615,5,b
2,2286,1762,1763,5,b
2,2287,5044,5045,6,xor
2,2288,5811,5812,7,or
2,2289,3837,3838,11,implied_by
2,2290,6782,6783,14,not_and
2,2291,1857,1858,3,a
2,2292,1413,1414,10,not_b
2,2293,130,131,7,or
2,2294,5248,5249,12,not_a
2,2295,3650,3651,11,implied_by
2,2296,3432,3433,15,one
2,2297,5453,5454,8,not_or
2,2298,7857,7858,12,not_a
2,2299,6528,6529,1,and
2,2300,1190,1191,13,implies
2,2301,236,237,9,not_xor
2,2302,5790,5791,5,b
2,2303,2466,2467,12,not_a
2,2304,2493,2494,1,and
2,2305,534,535,5,b
2,2306,4053,4054,10,not_b
2,2307,5619,5620,9,not_xor
2,2308,3771,3772,5,b
2,2309,3014,3015,6,xor
2,2310,1179,1180,3,a
2,2311,5629,5630,10,not_b
2,2312,1224,1225,12,not_a
2,2313,6262,6263,12,not_a
2,2314,7623,7624,10,not_b
2,2315,4408,4409,9,not_xor
2,2316,4359,4360,11,implied_by
2,2317,7414,7415,15,one
2,2318,955,956,10,not_b
2,2319,7060,7061,8,not_or
2,2320,3661,3662,5,b
2,2321,627,628,1,and
2,2322,5543,5544,2,not_implies
2,2323,3630,3631,5,b
2,2324,2678,2679,1,and
2,2325,2321,2322,11,implied_by
2,2326,7291,7292,15,one
2,2327,1846,1847,15,one
2,2328,2474,2475,10,not_b
2,2329,1524,1525,11,implied_by
2,2330,4964,4965,10,not_b
2,2331,7939,7940,3,a
2,2332,2677,2678,14,not_and
2,2333,6740,6741,0,zero
2,2334,3877,3878,8,not_or
2,2335,2443,2444,10,not_b
2,2336,3764,3765,11,implied_by
2,2337,5193,5194,14,not_and
2,2338,2588,2589,1,and
2,2339,1076,1077,0,zero
2,2340,2663,2664,8,not_or
2,2341,7937,7938,5,b
2,2342,6071,6072,12,not_a
2,2343,7888,7889,5,b
2,2344,5754,5755,1,and
2,2345,6158,6159,1,and
2,2346,403,404,12,not_a
2,2347,164,165,8,not_or
2,2348,6025,6026,14,not_and
2,2349,2283,2284,7,or
2,2350,1309,1310,10,not_b
2,2351,6268,6269,9,not_xor
2,2352,90,91,4,not_implied_by
2,2353,5876,5877,6,xor
2,2354,7417,7418,8,not_or
2,2355,5696,5697,9,not_xor
2,2356,1799,1800,7,or
2,2357,4800,4801,14,not_and
2,2358,2742,2743,14,not_and
2,2359,632,633,1,and
2,2360,4508,4509,13,implies
2,2361,1735,1736,2,not_implies
2,2362,7350,7351,10,not_b
2,2363,1906,1907,10,not_b
2,2364,5584,5585,9,not_xor
2,2365,1211,1212,10,not_b
2,2366,2835,2836,9,not_xor
2,2367,7534,7535,9,not_xor
2,2368,7360,7361,14,not_and
2,2369,6705,6706,9,not_xor
2,2370,4716,4717,14,not_and
2,2371,834,835,13,implies
2,2372,2114,2115,2,not_implies
2,2373,7822,7823,1,and
2,2374,517,518,11,implied_by
2,2375,1937,1938,1,and
2,2376,5506,5507,8,not_or
2,2377,1910,1911,10,not_b
2,2378,7955,7956,15,one
2,2379,2726,2727,0,zero
2,2380,7566,7567,2,not_implies
2,2381,1738,1739,7,or
2,2382,6346,6347,12,not_a
2,2383,4617,4618,5,b
2,2384,2226,2227,7,or
2,2385,3726,3727,13,implies
2,2386,3527,3528,2,not_implies
2,2387,5731,5732,3,a
2,2388,822,823,10,not_b
2,2389,7329,7330,1,and
2,2390,4324,4325,12,not_a
2,2391,7340,7341,6,xor
2,2392,2812,2813,6,xor
2,2393,336,337,9,not_xor
2,2394,7679,7680,15,one
2,2395,5595,5596,4,not_implied_by
2,2396,3441,3442,11,implied_by
2,2397,7393,7394,6,xor
2,2398,3005,3006,2,not_implies
2,2399,3545,3546,10,not_b
2,2400,303,304,12,not_a
2,2401,3785,3786,1,and
2,2402,1774,1775,6,xor
2,2403,3379,3380,12,not_a
2,2404,1527,1528,4,not_implied_by
2,2405,6461,6462,3,a
2,2406,846,847,12,not_a
2,2407,1877,1878,12,not_a
2,2408,3472,3473,4,not_implied_by
2,2409,2696,2697,15,one
2,2410,6716,6717,9,not_xor
2,2411,1225,1226,13,implies
2,2412,6763,6764,3,a
2,2413,5929,5930,14,not_and
2,2414,7843,7844,13,implies
2,2415,3143,3144,7,or
2,2416,5220,5221,8,not_or
2,2417,3331,3332,9,not_xor
2,2418,2637,2638,14,not_and
2,2419,5565,5566,13,implies
2,2420,1380,1381,1,and
2,2421,735,736,3,a
2,2422,3322,3323,12,not_a
2,2423,1183,1184,7,or
2,2424,5379,5380,8,not_or
2,2425,5047,5048,2,not_implies
2,2426,5305,5306,14,not_and
2,2427,7826,7827,13,implies
2,2428,6666,6667,7,or
2,2429,5901,5902,4,not_implied_by
2,2430,6420,6421,6,xor
2,2431,2054,2055,5,b
2,2432,4224,4225,1,and
2,2433,3332,3333,12,not_a
2,2434,1394,1395,9,not_xor
2,2435,5671,5672,14,not_and
2,2436,7253,7254,10,not_b
2,2437,5238,5239,5,b
2,2438,3192,3193,4,not_implied_by
2,2439,1807,1808,13,implies
2,2440,1992,1993,0,zero
2,2441,426,427,10,not_b
2,2442,1278,1279,12,not_a
2,2443,7335,7336,4,not_implied_by
2,2444,3609,3610,5,b
2,2445,291,292,2,not_implies
2,2446,4550,4551,5,b
2,2447,4848,4849,5,b
2,2448,601,602,9,not_xor
2,2449,7331,7332,3,a
2,2450,2086,2087,4,not_implied_by
2,2451,4169,4170,10,not_b
2,2452,6934,6935,10,not_b
2,2453,4138,4139,9,not_xor
2,2454,765,766,10,not_b
2,2455,17,18,6,xor
2,2456,5941,5942,6,xor
2,2457,7261,7262,3,a
2,2458,5118,5119,5,b
2,2459,3174,3175,12,not_a
2,2460,1773,1774,6,xor
2,2461,495,496,4,not_implied_by
2,2462,7603,7604,9,not_xor
2,2463,7368,7369,7,or
2,2464,4434,4435,4,not_implied_by
2,2465,2724,2725,14,not_and
2,2466,2198,2199,13,implies
2,2467,2891,2892,10,not_b
2,2468,1619,1620,9,not_xor
2,2469,555,556,2,not_implies
2,2470,7147,7148,12,not_a
2,2471,2795,2796,15,one
2,2472,2164,2165,9,not_xor
2,2473,2589,2590,14,not_and
2,2474,7298,7299,6,xor
2,2475,5518,5519,12,not_a
2,2476,4873,4874,3,a
2,2477,1034,1035,9,not_xor
2,2478,716,717,8,not_or
2,2479,2749,2750,2,not_implies
2,2480,1930,1931,5,b
2,2481,1507,1508,4,not_implied_by
2,2482,3977,3978,6,xor
2,2483,1395,1396,12,not_a
2,2484,7361,7362,13,implies
2,2485,7507,7508,13,implies
2,2486,4390,4391,10,not_b
2,2487,945,946,7,or
2,2488,1427,1428,8,not_or
2,2489,244,245,4,not_implied_by
2,2490,3559,3560,8,not_or
2,2491,7208,7209,3,a
2,2492,3784,3785,5,b
2,2493,3307,3308,7,or
2,2494,7614,7615,13,implies
2,2495,2053,2054,12,not_a
2,2496,366,367,9,not_xor
2,2497,5713,5714,14,not_and
2,2498,7738,7739,7,or
2,2499,6641,6642,0,zero
2,2500,3050,3051,6,xor
2,2501,1253,1254,5,b
2,2502,1153,1154,14,not_and
2,2503,7699,7700,7,or
2,2504,3705,3706,4,not_implied_by
2,2505,4785,4786,6,xor
2,2506,2990,2991,5,b
2,2507,976,977,13,implies
2,2508,4592,4593,11,implied_by
2,2509,5828,5829,2,not_implies
2,2510,5812,5813,12,not_a
2,2511,2684,2685,12,not_a
2,2512,3931,3932,15,one
2,2513,1613,1614,2,not_implies
2,2514,789,790,2,not_implies
2,2515,5427,5428,7,or
2,2516,2125,2126,7,or
2,2517,3678,3679,15,one
2,2518,3366,3367,2,not_implies
2,2519,7033,7034,15,one
2,2520,4586,4587,10,not_b
2,2521,4930,4931,5,b
2,2522,7195,7196,3,a
2,2523,1695,1696,1,and
2,2524,7258,7259,6,xor
2,2525,2447,2448,14,not_and
2,2526,3031,3032,2,not_implies
2,2527,2083,2084,12,not_a
2,2528,6250,6251,3,a
2,2529,5679,5680,5,b
2,2530,3767,3768,10,not_b
2,2531,4350,4351,3,a
2,2532,3041,3042,8,not_or
2,2533,379,380,10,not_b
2,2534,5032,5033,4,not_implied_by
2,2535,2327,2328,9,not_xor
2,2536,1744,1745,6,xor
2,2537,1298,1299,4,not_implied_by
2,2538,5746,5747,3,a
2,2539,3262,3263,4,not_implied_by
2,2540,5187,5188,8,not_or
2,2541,239,240,10,not_b
2,2542,5856,5857,1,and
2,2543,4171,4172,10,not_b
2,2544,1900,1901,11,implied_by
2,2545,1633,1634,12,not_a
2,2546,664,665,5,b
2,2547,350,351,3,a
2,2548,7384,7385,15,one
2,2549,127,128,1,and
2,2550,1726,1727,9,not_xor
2,2551,151,152,15,one
2,2552,1124,1125,10,not_b
2,2553,1916,1917,7,or
2,2554,717,718,8,not_or
2,2555,727,728,11,implied_by
2,2556,1469,1470,10,not_b
2,2557,7820,7821,7,or
2,2558,5347,5348,0,zero
2,2559,4804,4805,6,xor
2,2560,7068,7069,5,b
2,2561,2232,2233,8,not_or
2,2562,260,261,13,implies
2,2563,3487,3488,13,implies
2,2564,6983,6984,7,or
2,2565,6237,6238,11,implied_by
2,2566,3966,3967,10,not_b
2,2567,6980,6981,11,implied_by
2,2568,2120,2121,8,not_or
2,2569,1643,1644,13,implies
2,2570,3212,3213,5,b
2,2571,7156,7157,12,not_a
2,2572,1606,1607,5,b
2,2573,1765,1766,13,implies
2,2574,6592,6593,9,not_xor
2,2575,2932,2933,13,implies
2,2576,222,223,7,or
2,2577,1840,1841,1,and
2,2578,1981,1982,0,zero
2,2579,4731,4732,10,not_b
2,2580,1410,1411,4,not_implied_by
2,2581,5590,5591,5,b
2,2582,3139,3140,14,not_and
2,2583,824,825,8,not_or
2,2584,3233,3234,7,or
2,2585,1669,1670,4,not_implied_by
2,2586,729,730,1,and
2,2587,3937,3938,15,one
2,2588,6081,6082,14,not_and
2,2589,1790,1791,7,or
2,2590,4259,4260,5,b
2,2591,4729,4730,0,zero
2,2592,6500,6501,14,not_and
2,2593,1509,1510,9,not_xor
2,2594,2264,2265,4,not_implied_by
2,2595,7396,7397,10,not_b
2,2596,6668,6669,11,implied_by
2,2597,2411,2412,12,not_a
2,2598,5782,5783,10,not_b
2,2599,3401,3402,10,not_b
2,2600,284,285,10,not_b
2,2601,7093,7094,3,a
2,2602,5807,5808,4,not_implied_by
2,2603,2541,2542,4,not_implied_by
2,2604,6881,6882,4,not_implied_by
2,2605,6597,6598,1,and
2,2606,1376,1377,5,b
2,2607,6097,6098,8,not_or
2,2608,3051,3052,2,not_implies
2,2609,1878,1879,14,not_and
2,2610,6134,6135,8,not_or
2,2611,6546,6547,8,not_or
2,2612,5395,5396,2,not_implies
2,2613,3057,3058,1,and
2,2614,1607,1608,13,implies
2,2615,4020,4021,10,not_b
2,2616,2950,2951,11,implied_by
2,2617,5710,5711,11,implied_by
2,2618,6279,6280,9,not_xor
2,2619,5749,5750,10,not_b
2,2620,4904,4905,0,zero
2,2621,4509,4510,12,not_a
2,2622,6000,6001,5,b
2,2623,1580,1581,9,not_xor
2,2624,5649,5650,7,or
2,2625,3690,3691,10,not_b
2,2626,5513,5514,14,not_and
2,2627,3849,3850,9,not_xor
2,2628,6457,6458,0,zero
2,2629,2103,2104,4,not_implied_by
2,2630,265,266,13,implies
2,2631,3114,3115,9,not_xor
2,2632,5608,5609,9,not_xor
2,2633,4962,4963,9,not_xor
2,2634,5262,5263,4,not_implied_by
2,2635,7077,7078,1,and
2,2636,7254,7255,13,implies
2,2637,5353,5354,5,b
2,2638,347,348,14,not_and
2,2639,3097,3098,1,and
2,2640,801,802,1,and
2,2641,1708,1709,1,and
2,2642,4320,4321,9,not_xor
2,2643,4030,4031,13,implies
2,2644,7882,7883,5,b
2,2645,519,520,8,not_or
2,2646,3222,3223,15,one
2,2647,5153,5154,7,or
2,2648,6759,6760,8,not_or
2,2649,5295,5296,2,not_implies
2,2650,825,826,12,not_a
2,2651,1675,1676,9,not_xor
2,2652,4219,4220,9,not_xor
2,2653,6932,6933,14,not_and
2,2654,4145,4146,12,not_a
2,2655,3793,3794,14,not_and
2,2656,7158,7159,12,not_a
2,2657,1429,1430,10,not_b
2,2658,4521,4522,2,not_implies
2,2659,5904,5905,12,not_a
2,2660,181,182,2,not_implies
2,2661,7801,7802,7,or
2,2662,1990,1991,12,not_a
2,2663,5814,5815,7,or
2,2664,2107,2108,13,implies
2,2665,2597,2598,3,a
2,2666,6321,6322,4,not_implied_by
2,2667,3162,3163,8,not_or
2,2668,1917,1918,12,not_a
2,2669,3489,3490,0,zero
2,2670,6692,6693,2,not_implies
2,2671,778,779,13,implies
2,2672,7458,7459,5,b
2,2673,7693,7694,5,b
2,2674,3544,3545,15,one
2,2675,4900,4901,5,b
2,2676,7538,7539,4,not_implied_by
2,2677,5583,5584,3,a
2,2678,7665,7666,7,or
2,2679,6663,6664,8,not_or
2,2680,3242,3243,6,xor
2,2681,5243,5244,7,or
2,2682,6925,6926,10,not_b
2,2683,4944,4945,4,not_implied_by
2,2684,6760,6761,14,not_and
2,2685,1294,1295,7,or
2,2686,7088,7089,3,a
2,2687,5542,5543,0,zero
2,2688,3251,3252,4,not_implied_by
2,2689,3109,3110,10,not_b
2,2690,6559,6560,11,implied_by
2,2691,7002,7003,0,zero
2,2692,5366,5367,11,implied_by
2,2693,153,154,2,not_implies
2,2694,4211,4212,11,implied_by
2,2695,2699,2700,6,xor
2,2696,4232,4233,10,not_b
2,2697,4326,4327,3,a
2,2698,6299,6300,4,not_implied_by
2,2699,3671,3672,6,xor
2,2700,2813,2814,5,b
2,2701,5932,5933,9,not_xor
2,2702,1796,1797,9,not_xor
2,2703,3788,3789,6,xor
2,2704,3201,3202,8,not_or
2,2705,936,937,3,a
2,2706,2390,2391,14,not_and
2,2707,2342,2343,14,not_and
2,2708,7054,7055,4,not_implied_by
2,2709,5436,5437,10,not_b
2,2710,3008,3009,5,b
2,2711,594,595,10,not_b
2,2712,4854,4855,15,one
2,2713,871,872,11,implied_by
2,2714,1396,1397,6,xor
2,2715,1651,1652,8,not_or
2,2716,485,486,4,not_implied_by
2,2717,4992,4993,12,not_a
2,2718,378,379,4,not_implied_by
2,2719,1709,1710,6,xor
2,2720,5447,5448,11,implied_by
2,2721,7916,7917,7,or
2,2722,404,405,8,not_or
2,2723,7790,7791,8,not_or
2,2724,1324,1325,3,a
2,2725,7451,7452,14,not_and
2,2726,3933,3934,5,b
2,2727,3668,3669,6,xor
2,2728,2657,2658,13,implies
2,2729,6943,6944,7,or
2,2730,3936,3937,7,or
2,2731,3703,3704,3,a
2,2732,1065,1066,13,implies
2,2733,5912,5913,5,b
2,2734,1830,1831,12,not_a
2,2735,5646,5647,7,or
2,2736,1804,1805,9,not_xor
2,2737,1636,1637,6,xor
2,2738,2453,2454,3,a
2,2739,3908,3909,1,and
2,2740,3023,3024,3,a
2,2741,6354,6355,11,implied_by
2,2742,3296,3297,13,implies
2,2743,3176,3177,14,not_and
2,2744,2444,2445,11,implied_by
2,2745,6156,6157,2,not_implies
2,2746,2271,2272,10,not_b
2,2747,84,85,11,implied_by
2,2748,3316,3317,8,not_or
2,2749,5855,5856,2,not_implies
2,2750,805,806,14,not_and
2,2751,1501,1502,0,zero
2,2752,5516,5517,1,and
2,2753,6561,6562,7,or
2,2754,2974,2975,4,not_implied_by
2,2755,4494,4495,14,not_and
2,2756,3892,3893,1,and
2,2757,505,506,10,not_b
2,2758,115,116,9,not_xor
2,2759,537,538,3,a
2,2760,5843,5844,3,a
2,2761,6194,6195,4,not_implied_by
2,2762,5001,5002,12,not_a
2,2763,2515,2516,6,xor
2,2764,6031,6032,8,not_or
2,2765,2759,2760,1,and
2,2766,6726,6727,13,implies
2,2767,7755,7756,7,or
2,2768,3863,3864,14,not_and
2,2769,4999,5000,4,not_implied_by
2,2770,656,657,4,not_implied_by
2,2771,6163,6164,3,a
2,2772,599,600,14,not_and
2,2773,5271,5272,12,not_a
2,2774,5018,5019,3,a
2,2775,6078,6079,10,not_b
2,2776,5695,5696,13,implies
2,2777,2863,2864,5,b
2,2778,3900,3901,4,not_implied_by
2,2779,4123,4124,2,not_implies
2,2780,7244,7245,12,not_a
2,2781,4647,4648,5,b
2,2782,7304,7305,5,b
2,2783,7824,7825,11,implied_by
2,2784,177,178,8,not_or
2,2785,427,428,4,not_implied_by
2,2786,273,274,12,not_a
2,2787,1299,1300,13,implies
2,2788,7777,7778,3,a
2,2789,4482,4483,3,a
2,2790,5020,5021,4,not_implied_by
2,2791,1163,1164,11,implied_by
2,2792,6649,6650,10,not_b
2,2793,3996,3997,15,one
2,2794,4454,4455,5,b
2,2795,3819,3820,14,not_and
2,2796,7455,7456,15,one
2,2797,1295,1296,15,one
2,2798,1417,1418,8,not_or
2,2799,3259,3260,7,or
2,2800,2089,2090,13,implies
2,2801,4934,4935,1,and
2,2802,1114,1115,11,implied_by
2,2803,5268,5269,8,not_or
2,2804,357,358,10,not_b
2,2805,4309,4310,15,one
2,2806,1755,1756,2,not_implies
2,2807,3967,3968,6,xor
2,2808,5441,5442,12,not_a
2,2809,7577,7578,5,b
2,2810,5011,5012,3,a
2,2811,1185,1186,12,not_a
2,2812,1344,1345,10,not_b
2,2813,4429,4430,12,not_a
2,2814,7721,7722,4,not_implied_by
2,2815,4792,4793,10,not_b
2,2816,5545,5546,9,not_xor
2,2817,3349,3350,5,b
2,2818,6806,6807,4,not_implied_by
2,2819,5230,5231,13,implies
2,2820,6047,6048,10,not_b
2,2821,1608,1609,1,and
2,2822,1087,1088,10,not_b
2,2823,6372,6373,7,or
2,2824,503,504,2,not_implies
2,2825,2929,2930,7,or
2,2826,4516,4517,11,implied_by
2,2827,1195,1196,7,or
2,2828,818,819,7,or
2,2829,1839,1840,4,not_implied_by
2,2830,3812,3813,6,xor
2,2831,2364,2365,14,not_and
2,2832,320,321,5,b
2,2833,492,493,9,not_xor
2,2834,3374,3375,8,not_or
2,2835,7686,7687,8,not_or
2,2836,5808,5809,14,not_and
2,2837,6206,6207,8,not_or
2,2838,1291,1292,10,not_b
2,2839,3550,3551,6,xor
2,2840,7860,7861,10,not_b
2,2841,6429,6430,8,not_or
2,2842,6958,6959,12,not_a
2,2843,3658,3659,15,one
2,2844,411,412,13,implies
2,2845,527,528,12,not_a
2,2846,1245,1246,1,and
2,2847,2274,2275,2,not_implies
2,2848,3551,3552,5,b
2,2849,5414,5415,9,not_xor
2,2850,2767,2768,5,b
2,2851,3383,3384,12,not_a
2,2852,1843,1844,8,not_or
2,2853,5358,5359,4,not_implied_by
2,2854,3145,3146,6,xor
2,2855,5884,5885,2,not_implies
2,2856,5574,5575,15,one
2,2857,2618,2619,5,b
2,2858,5717,5718,7,or
2,2859,3130,3131,3,a
2,2860,3001,3002,3,a
2,2861,103,104,1,and
2,2862,7119,7120,14,not_and
2,2863,1818,1819,10,not_b
2,2864,2985,2986,10,not_b
2,2865,3825,3826,5,b
2,2866,5613,5614,8,not_or
2,2867,1659,1660,10,not_b
2,2868,1955,1956,11,implied_by
2,2869,3077,3078,6,xor
2,2870,6671,6672,3,a
2,2871,2518,2519,6,xor
2,2872,3450,3451,10,not_b
2,2873,6994,6995,9,not_xor
2,2874,4311,4312,0,zero
2,2875,7681,7682,14,not_and
2,2876,6635,6636,4,not_implied_by
2,2877,3538,3539,9,not_xor
2,2878,6406,6407,7,or
2,2879,2873,2874,10,not_b
2,2880,250,251,11,implied_by
2,2881,2102,2103,9,not_xor
2,2882,346,347,12,not_a
2,2883,451,452,3,a
2,2884,6,7,6,xor
2,2885,7610,7611,10,not_b
2,2886,6304,6305,3,a
2,2887,5539,5540,14,not_and
2,2888,3258,3259,5,b
2,2889,2648,2649,5,b
2,2890,1831,1832,15,one
2,2891,7598,7599,3,a
2,2892,3442,3443,14,not_and
2,2893,5511,5512,8,not_or
2,2894,6045,6046,7,or
2,2895,4878,4879,9,not_xor
2,2896,7986,7987,0,zero
2,2897,6828,6829,15,one
2,2898,6270,6271,9,not_xor
2,2899,4004,4005,10,not_b
2,2900,540,541,6,xor
2,2901,4769,4770,14,not_and
2,2902,5231,5232,11,implied_by
2,2903,1815,1816,9,not_xor
2,2904,2781,2782,9,not_xor
2,2905,5272,5273,9,not_xor
2,2906,1814,1815,4,not_implied_by
2,2907,768,769,4,not_implied_by
2,2908,7294,7295,0,zero
2,2909,6438,6439,11,implied_by
2,2910,3433,3434,5,b
2,2911,3115,3116,7,or
2,2912,6619,6620,1,and
2,2913,381,382,7,or
2,2914,7352,7353,3,a
2,2915,6743,6744,6,xor
2,2916,2369,2370,11,implied_by
2,2917,5030,5031,4,not_implied_by
2,2918,7744,7745,11,implied_by
2,2919,7528,7529,1,and
2,2920,3759,3760,8,not_or
2,2921,4405,4406,14,not_and
2,2922,2901,2902,1,and
2,2923,971,972,10,not_b
2,2924,5950,5951,4,not_implied_by
2,2925,5890,5891,2,not_implies
2,2926,7564,7565,7,or
2,2927,1329,1330,12,not_a
2,2928,5428,5429,7,or
2,2929,3532,3533,6,xor
2,2930,4098,4099,11,implied_by
2,2931,7863,7864,10,not_b
2,2932,2670,2671,10,not_b
2,2933,4124,4125,5,b
2,2934,7372,7373,7,or
2,2935,1085,1086,11,implied_by
2,2936,7227,7228,3,a
2,2937,6012,6013,6,xor
2,2938,2316,2317,15,one
2,2939,731,732,10,not_b
2,2940,5291,5292,8,not_or
2,2941,7402,7403,2,not_implies
2,2942,6970,6971,2,not_implies
2,2943,1075,1076,11,implied_by
2,2944,2694,2695,5,b
2,2945,6699,6700,12,not_a
2,2946,7770,7771,9,not_xor
2,2947,2177,2178,3,a
2,2948,7109,7110,2,not_implies
2,2949,6307,6308,7,or
2,2950,4722,4723,9,not_xor
2,2951,3000,3001,7,or
2,2952,1048,1049,9,not_xor
2,2953,2166,2167,12,not_a
2,2954,5373,5374,8,not_or
2,2955,6965,6966,3,a
2,2956,6812,6813,2,not_implies
2,2957,7550,7551,2,not_implies
2,2958,340,341,3,a
2,2959,6085,6086,4,not_implied_by
2,2960,7806,7807,10,not_b
2,2961,1404,1405,3,a
2,2962,6665,6666,8,not_or
2,2963,7403,7404,9,not_xor
2,2964,1562,1563,14,not_and
2,2965,2513,2514,10,not_b
2,2966,6234,6235,3,a
2,2967,2399,2400,7,or
2,2968,3809,3810,2,not_implies
2,2969,7048,7049,4,not_implied_by
2,2970,5103,5104,0,zero
2,2971,2532,2533,10,not_b
2,2972,6241,6242,2,not_implies
2,2973,5756,5757,4,not_implied_by
2,2974,6550,6551,11,implied_by
2,2975,3941,3942,11,implied_by
2,2976,3584,3585,12,not_a
2,2977,7969,7970,7,or
2,2978,3542,3543,10,not_b
2,2979,5329,5330,13,implies
2,2980,7671,7672,3,a
2,2981,5150,5151,4,not_implied_by
2,2982,1667,1668,2,not_implies
2,2983,2017,2018,12,not_a
2,2984,4075,4076,12,not_a
2,2985,3286,3287,5,b
2,2986,2197,2198,11,implied_by
2,2987,6672,6673,2,not_implies
2,2988,2023,2024,0,zero
2,2989,4059,4060,8,not_or
2,2990,3415,3416,2,not_implies
2,2991,5145,5146,4,not_implied_by
2,2992,2966,2967,9,not_xor
2,2993,4180,4181,9,not_xor
2,2994,2614,2615,12,not_a
2,2995,6364,6365,5,b
2,2996,383,384,12,not_a
2,2997,4013,4014,11,implied_by
2,2998,677,678,12,not_a
2,2999,4344,4345,7,or
2,3000,3128,3129,10,not_b
2,3001,418,419,9,not_xor
2,3002,488,489,12,not_a
2,3003,6230,6231,6,xor
2,3004,2920,2921,10,not_b
2,3005,4307,4308,9,not_xor
2,3006,744,745,4,not_implied_by
2,3007,3267,3268,10,not_b
2,3008,6884,6885,10,not_b
2,3009,4225,4226,10,not_b
2,3010,258,259,12,not_a
2,3011,317,318,14,not_and
2,3012,5253,5254,1,and
2,3013,2085,2086,6,xor
2,3014,1136,1137,3,a
2,3015,763,764,12,not_a
2,3016,6562,6563,0,zero
2,3017,5860,5861,2,not_implies
2,3018,2640,2641,5,b
2,3019,1167,1168,2,not_implies
2,3020,3957,3958,11,implied_by
2,3021,1887,1888,6,xor
2,3022,1763,1764,15,one
2,3023,4488,4489,3,a
2,3024,2374,2375,5,b
2,3025,6506,6507,3,a
2,3026,5576,5577,13,implies
2,3027,7310,7311,3,a
2,3028,1086,1087,14,not_and
2,3029,6617,6618,3,a
2,3030,6840,6841,13,implies
2,3031,7590,7591,13,implies
2,3032,7653,7654,15,one
2,3033,6938,6939,10,not_b
2,3034,2276,2277,12,not_a
2,3035,4608,4609,2,not_implies
2,3036,1492,1493,5,b
2,3037,7715,7716,7,or
2,3038,2174,2175,0,zero
2,3039,3947,3948,10,not_b
2,3040,6854,6855,6,xor
2,3041,241,242,1,and
2,3042,3861,3862,8,not_or
2,3043,2729,2730,6,xor
2,3044,18,19,14,not_and
2,3045,3830,3831,14,not_and
2,3046,2141,2142,9,not_xor
2,3047,3040,3041,4,not_implied_by
2,3048,4531,4532,9,not_xor
2,3049,496,497,8,not_or
2,3050,4024,4025,11,implied_by
2,3051,3234,3235,8,not_or
2,3052,7256,7257,13,implies
2,3053,743,744,15,one
2,3054,6222,6223,6,xor
2,3055,6161,6162,6,xor
2,3056,255,256,5,b
2,3057,2073,2074,3,a
2,3058,3278,3279,6,xor
2,3059,3932,3933,12,not_a
2,3060,1061,1062,12,not_a
2,3061,7573,7574,15,one
2,3062,3588,3589,5,b
2,3063,958,959,5,b
2,3064,1050,1051,11,implied_by
2,3065,7311,7312,5,b
2,3066,5875,5876,9,not_xor
2,3067,2946,2947,1,and
2,3068,849,850,4,not_implied_by
2,3069,6337,6338,12,not_a
2,3070,6586,6587,3,a
2,3071,1288,1289,12,not_a
2,3072,7233,7234,2,not_implies
2,3073,412,413,15,one
2,3074,7501,7502,10,not_b
2,3075,1499,1500,12,not_a
2,3076,6774,6775,12,not_a
2,3077,3290,3291,13,implies
2,3078,896,897,1,and
2,3079,7935,7936,5,b
2,3080,6257,6258,5,b
2,3081,4091,4092,7,or
2,3082,3751,3752,10,not_b
2,3083,88,89,15,one
2,3084,5487,5488,2,not_implies
2,3085,2455,2456,14,not_and
2,3086,4362,4363,0,zero
2,3087,7591,7592,11,implied_by
2,3088,3634,3635,12,not_a
2,3089,5883,5884,3,a
2,3090,1431,1432,13,implies
2,3091,3741,3742,9,not_xor
2,3092,2977,2978,5,b
2,3093,1272,1273,1,and
2,3094,7325,7326,6,xor
2,3095,692,693,1,and
2,3096,7957,7958,6,xor
2,3097,3220,3221,6,xor
2,3098,1397,1398,7,or
2,3099,954,955,4,not_implied_by
2,3100,7997,7998,0,zero
2,3101,6033,6034,12,not_a
2,3102,3664,3665,2,not_implies
2,3103,7688,7689,9,not_xor
2,3104,5288,5289,13,implies
2,3105,5033,5034,0,zero
2,3106,5361,5362,15,one
2,3107,3428,3429,11,implied_by
2,3108,3256,3257,14,not_and
2,3109,7476,7477,1,and
2,3110,3099,3100,10,not_b
2,3111,6510,6511,13,implies
2,3112,4702,4703,2,not_implies
2,3113,2039,2040,15,one
2,3114,1943,1944,12,not_a
2,3115,5647,5648,7,or
2,3116,2161,2162,13,implies
2,3117,5263,5264,1,and
2,3118,5732,5733,2,not_implies
2,3119,1158,1159,9,not_xor
2,3120,2428,2429,14,not_and
2,3121,5159,5160,12,not_a
2,3122,5071,5072,4,not_implied_by
2,3123,6122,6123,11,implied_by
2,3124,5681,5682,6,xor
2,3125,5839,5840,11,implied_by
2,3126,5136,5137,15,one
2,3127,6987,6988,5,b
2,3128,6100,6101,8,not_or
2,3129,51,52,1,and
2,3130,1829,1830,2,not_implies
2,3131,1742,1743,1,and
2,3132,7205,7206,6,xor
2,3133,155,156,15,one
2,3134,3164,3165,7,or
2,3135,6681,6682,13,implies
2,3136,7220,7221,12,not_a
2,3137,6179,6180,3,a
2,3138,2309,2310,4,not_implied_by
2,3139,648,649,9,not_xor
2,3140,4687,4688,3,a
2,3141,7703,7704,4,not_implied_by
2,3142,3467,3468,2,not_implies
2,3143,5326,5327,7,or
2,3144,7128,7129,8,not_or
2,3145,1549,1550,0,zero
2,3146,3841,3842,10,not_b
2,3147,7578,7579,9,not_xor
2,3148,5624,5625,9,not_xor
2,3149,4540,4541,2,not_implies
2,3150,2418,2419,12,not_a
2,3151,321,322,7,or
2,3152,5745,5746,7,or
2,3153,3854,3855,9,not_xor
2,3154,1660,1661,3,a
2,3155,298,299,1,and
2,3156,6899,6900,2,not_implies
2,3157,497,498,14,not_and
2,3158,7938,7939,7,or
2,3159,5588,5589,6,xor
2,3160,5274,5275,7,or
2,3161,7222,7223,12,not_a
2,3162,420,421,5,b
2,3163,2871,2872,12,not_a
2,3164,4723,4724,9,not_xor
2,3165,5981,5982,2,not_implies
2,3166,3283,3284,5,b
2,3167,3328,3329,1,and
2,3168,1254,1255,12,not_a
2,3169,6844,6845,1,and
2,3170,5160,5161,8,not_or
2,3171,483,484,12,not_a
2,3172,6311,6312,2,not_implies
2,3173,3080,3081,12,not_a
2,3174,4147,4148,9,not_xor
2,3175,3621,3622,2,not_implies
2,3176,2429,2430,5,b
2,3177,7102,7103,10,not_b
2,3178,3552,3553,0,zero
2,3179,7546,7547,10,not_b
2,3180,542,543,5,b
2,3181,221,222,6,xor
2,3182,695,696,1,and
2,3183,4581,4582,11,implied_by
2,3184,4472,4473,3,a
2,3185,7170,7171,2,not_implies
2,3186,2214,2215,12,not_a
2,3187,3410,3411,14,not_and
2,3188,1307,1308,5,b
2,3189,5217,5218,12,not_a
2,3190,4430,4431,4,not_implied_by
2,3191,4719,4720,9,not_xor
2,3192,5227,5228,12,not_a
2,3193,536,537,5,b
2,3194,2024,2025,1,and
2,3195,7229,7230,13,implies
2,3196,2731,2732,11,implied_by
2,3197,7416,7417,3,a
2,3198,3725,3726,7,or
2,3199,7816,7817,7,or
2,3200,3657,3658,1,and
2,3201,2952,2953,14,not_and
2,3202,7773,7774,11,implied_by
2,3203,7794,7795,14,not_and
2,3204,7852,7853,9,not_xor
2,3205,6131,6132,10,not_b
2,3206,7204,7205,2,not_implies
2,3207,4502,4503,10,not_b
2,3208,3714,3715,9,not_xor
2,3209,0,2,15,one
2,3210,6570,6571,4,not_implied_by
2,3211,292,293,11,implied_by
2,3212,6008,6009,14,not_and
2,3213,5632,5633,7,or
2,3214,141,142,5,b
2,3215,6766,6767,8,not_or
2,3216,4715,4716,14,not_and
2,3217,2251,2252,2,not_implies
2,3218,1096,1097,1,and
2,3219,5045,5046,10,not_b
2,3220,6308,6309,3,a
2,3221,4017,4018,11,implied_by
2,3222,2975,2976,13,implies
2,3223,4400,4401,6,xor
2,3224,6301,6302,1,and
2,3225,4467,4468,7,or
2,3226,635,636,4,not_implied_by
2,3227,6611,6612,15,one
2,3228,1876,1877,12,not_a
2,3229,5376,5377,13,implies
2,3230,1056,1057,4,not_implied_by
2,3231,375,376,15,one
2,3232,4391,4392,5,b
2,3233,1356,1357,7,or
2,3234,2595,2596,15,one
2,3235,5701,5702,9,not_xor
2,3236,701,702,12,not_a
2,3237,7525,7526,13,implies
2,3238,6557,6558,3,a
2,3239,4602,4603,13,implies
2,3240,7224,7225,12,not_a
2,3241,5289,5290,4,not_implied_by
2,3242,3439,3440,3,a
2,3243,2000,2001,3,a
2,3244,4890,4891,14,not_and
2,3245,1271,1272,10,not_b
2,3246,7154,7155,13,implies
2,3247,644,645,12,not_a
2,3248,7836,7837,8,not_or
2,3249,5149,5150,12,not_a
2,3250,4293,4294,12,not_a
2,3251,5965,5966,8,not_or
2,3252,3823,3824,7,or
2,3253,7512,7513,11,implied_by
2,3254,797,798,13,implies
2,3255,1112,1113,4,not_implied_by
2,3256,4122,4123,13,implies
2,3257,2332,2333,3,a
2,3258,5459,5460,8,not_or
2,3259,5157,5158,0,zero
2,3260,7718,7719,3,a
2,3261,6148,6149,10,not_b
2,3262,820,821,6,xor
2,3263,3853,3854,6,xor
2,3264,6568,6569,1,and
2,3265,337,338,10,not_b
2,3266,5760,5761,8,not_or
2,3267,1929,1930,3,a
2,3268,5400,5401,2,not_implies
2,3269,2101,2102,5,b
2,3270,295,296,15,one
2,3271,1784,1785,10,not_b
2,3272,5207,5208,2,not_implies
2,3273,3960,3961,3,a
2,3274,884,885,6,xor
2,3275,4907,4908,12,not_a
2,3276,1881,1882,2,not_implies
2,3277,2740,2741,4,not_implied_by
2,3278,754,755,12,not_a
2,3279,7026,7027,2,not_implies
2,3280,6054,6055,7,or
2,3281,2484,2485,14,not_and
2,3282,7284,7285,7,or
2,3283,7398,7399,3,a
2,3284,2653,2654,14,not_and
2,3285,2354,2355,10,not_b
2,3286,1692,1693,2,not_implies
2,3287,1982,1983,3,a
2,3288,7854,7855,13,implies
2,3289,2723,2724,13,implies
2,3290,4740,4741,7,or
2,3291,1541,1542,14,not_and
2,3292,4015,4016,6,xor
2,3293,4946,4947,1,and
2,3294,7865,7866,4,not_implied_by
2,3295,2311,2312,1,and
2,3296,3860,3861,5,b
2,3297,1555,1556,14,not_and
2,3298,2746,2747,12,not_a
2,3299,2822,2823,9,not_xor
2,3300,78,79,7,or
2,3301,476,477,11,implied_by
2,3302,55,56,8,not_or
2,3303,932,933,0,zero
2,3304,7426,7427,3,a
2,3305,6149,6150,5,b
2,3306,2076,2077,2,not_implies
2,3307,4050,4051,12,not_a
2,3308,7906,7907,10,not_b
2,3309,4845,4846,14,not_and
2,3310,1355,1356,6,xor
2,3311,40,41,7,or
2,3312,3003,3004,12,not_a
2,3313,5702,5703,9,not_xor
2,3314,1068,1069,13,implies
2,3315,1008,1009,11,implied_by
2,3316,6954,6955,1,and
2,3317,1664,1665,9,not_xor
2,3318,6065,6066,2,not_implies
2,3319,5641,5642,8,not_or
2,3320,1338,1339,14,not_and
2,3321,5586,5587,2,not_implies
2,3322,1057,1058,10,not_b
2,3323,5598,5599,8,not_or
2,3324,3308,3309,13,implies
2,3325,309,310,9,not_xor
2,3326,5816,5817,2,not_implies
2,3327,1719,1720,7,or
2,3328,5021,5022,4,not_implied_by
2,3329,5761,5762,10,not_b
2,3330,5796,5797,2,not_implies
2,3331,6610,6611,11,implied_by
2,3332,5141,5142,10,not_b
2,3333,1689,1690,5,b
2,3334,1330,1331,1,and
2,3335,4827,4828,6,xor
2,3336,583,584,5,b
2,3337,1538,1539,3,a
2,3338,7167,7168,14,not_and
2,3339,54,55,12,not_a
2,3340,6252,6253,2,not_implies
2,3341,3742,3743,10,not_b
2,3342,916,917,13,implies
2,3343,434,435,10,not_b
2,3344,619,620,11,implied_by
2,3345,5168,5169,13,implies
2,3346,1199,1200,8,not_or
2,3347,4286,4287,5,b
2,3348,4612,4613,10,not_b
2,3349,3536,3537,12,not_a
2,3350,5531,5532,12,not_a
2,3351,5822,5823,14,not_and
2,3352,1457,1458,3,a
2,3353,2495,2496,9,not_xor
2,3354,1025,1026,0,zero
2,3355,7642,7643,4,not_implied_by
2,3356,4016,4017,1,and
2,3357,1953,1954,6,xor
2,3358,1751,1752,10,not_b
2,3359,4497,4498,11,implied_by
2,3360,1039,1040,13,implies
2,3361,6175,6176,1,and
2,3362,3718,3719,0,zero
2,3363,2507,2508,2,not_implies
2,3364,4573,4574,9,not_xor
2,3365,7466,7467,7,or
2,3366,7257,7258,14,not_and
2,3367,453,454,13,implies
2,3368,4010,4011,12,not_a
2,3369,3681,3682,5,b
2,3370,1322,1323,7,or
2,3371,4959,4960,12,not_a
2,3372,1055,1056,7,or
2,3373,7446,7447,14,not_and
2,3374,3502,3503,3,a
2,3375,7660,7661,7,or
2,3376,5442,5443,15,one
2,3377,502,503,12,not_a
2,3378,4253,4254,5,b
2,3379,5683,5684,10,not_b
2,3380,2057,2058,0,zero
2,3381,579,580,14,not_and
2,3382,2483,2484,3,a
2,3383,1722,1723,3,a
2,3384,941,942,11,implied_by
2,3385,4491,4492,8,not_or
2,3386,7386,7387,2,not_implies
2,3387,2268,2269,9,not_xor
2,3388,3485,3486,7,or
2,3389,2983,2984,12,not_a
2,3390,6422,6423,12,not_a
2,3391,7875,7876,14,not_and
2,3392,7527,7528,12,not_a
2,3393,3895,3896,14,not_and
2,3394,5410,5411,7,or
2,3395,4985,4986,14,not_and
2,3396,1924,1925,0,zero
2,3397,4699,4700,5,b
2,3398,4347,4348,12,not_a
2,3399,7346,7347,15,one
2,3400,7246,7247,11,implied_by
2,3401,3553,3554,6,xor
2,3402,7930,7931,12,not_a
2,3403,6351,6352,6,xor
2,3404,6306,6307,9,not_xor
2,3405,5943,5944,5,b
2,3406,7489,7490,14,not_and
2,3407,7641,7642,8,not_or
2,3408,5787,5788,12,not_a
2,3409,53,54,9,not_xor
2,3410,2235,2236,5,b
2,3411,6869,6870,12,not_a
2,3412,6330,6331,12,not_a
2,3413,6485,6486,13,implies
2,3414,5025,5026,11,implied_by
2,3415,3397,3398,11,implied_by
2,3416,7192,7193,13,implies
2,3417,6746,6747,9,not_xor
2,3418,905,906,6,xor
2,3419,6907,6908,7,or
2,3420,6653,6654,3,a
2,3421,5284,5285,7,or
2,3422,4041,4042,15,one
2,3423,7934,7935,10,not_b
2,3424,6577,6578,10,not_b
2,3425,5167,5168,13,implies
2,3426,2442,2443,8,not_or
2,3427,5985,5986,12,not_a
2,3428,4386,4387,12,not_a
2,3429,7011,7012,2,not_implies
2,3430,3720,3721,14,not_and
2,3431,5092,5093,3,a
2,3432,3478,3479,0,zero
2,3433,315,316,15,one
2,3434,7155,7156,13,implies
2,3435,382,383,6,xor
2,3436,342,343,6,xor
2,3437,3673,3674,14,not_and
2,3438,6802,6803,6,xor
2,3439,49,50,12,not_a
2,3440,6385,6386,7,or
2,3441,777,778,11,implied_by
2,3442,1934,1935,1,and
2,3443,554,555,9,not_xor
2,3444,5688,5689,5,b
2,3445,267,268,13,implies
2,3446,261,262,10,not_b
2,3447,5672,5673,0,zero
2,3448,3836,3837,14,not_and
2,3449,4270,4271,4,not_implied_by
2,3450,900,901,5,b
2,3451,5848,5849,12,not_a
2,3452,2033,2034,10,not_b
2,3453,5657,5658,8,not_or
2,3454,2770,2771,7,or
2,3455,79,80,12,not_a
2,3456,4783,4784,12,not_a
2,3457,5233,5234,2,not_implies
2,3458,3711,3712,3,a
2,3459,6836,6837,7,or
2,3460,1042,1043,15,one
2,3461,4356,4357,8,not_or
2,3462,4056,4057,3,a
2,3463,3272,3273,10,not_b
2,3464,4574,4575,3,a
2,3465,2893,2894,9,not_xor
2,3466,7418,7419,7,or
2,3467,2530,2531,3,a
2,3468,2035,2036,8,not_or
2,3469,2106,2107,6,xor
2,3470,1593,1594,10,not_b
2,3471,2884,2885,3,a
2,3472,609,610,12,not_a
2,3473,5027,5028,13,implies
2,3474,2607,2608,3,a
2,3475,5354,5355,12,not_a
2,3476,4589,4590,6,xor
2,3477,380,381,9,not_xor
2,3478,5526,5527,6,xor
2,3479,3412,3413,12,not_a
2,3480,7849,7850,6,xor
2,3481,5016,5017,2,not_implies
2,3482,6483,6484,10,not_b
2,3483,6391,6392,3,a
2,3484,5698,5699,10,not_b
2,3485,4501,4502,3,a
2,3486,6849,6850,10,not_b
2,3487,7323,7324,12,not_a
2,3488,3270,3271,10,not_b
2,3489,302,303,5,b
2,3490,6049,6050,1,and
2,3491,6554,6555,1,and
2,3492,7881,7882,2,not_implies
2,3493,6409,6410,2,not_implies
2,3494,4891,4892,13,implies
2,3495,6498,6499,0,zero
2,3496,6966,6967,2,not_implies
2,3497,7733,7734,7,or
2,3498,6715,6716,12,not_a
2,3499,5505,5506,13,implies
2,3500,4688,4689,5,b
2,3501,1282,1283,1,and
2,3502,6298,6299,5,b
2,3503,3800,3801,9,not_xor
2,3504,4258,4259,10,not_b
2,3505,6612,6613,4,not_implied_by
2,3506,676,677,13,implies
2,3507,5247,5248,4,not_implied_by
2,3508,7056,7057,3,a
2,3509,7094,7095,5,b
2,3510,493,494,11,implied_by
2,3511,2252,2253,4,not_implied_by
2,3512,5863,5864,3,a
2,3513,4162,4163,12,not_a
2,3514,5815,5816,12,not_a
2,3515,2627,2628,10,not_b
2,3516,7628,7629,10,not_b
2,3517,7074,7075,12,not_a
2,3518,6582,6583,3,a
2,3519,3175,3176,11,implied_by
2,3520,4375,4376,13,implies
2,3521,1368,1369,5,b
2,3522,7626,7627,4,not_implied_by
2,3523,2829,2830,7,or
2,3524,2472,2473,1,and
2,3525,2494,2495,0,zero
2,3526,4766,4767,3,a
2,3527,7318,7319,13,implies
2,3528,2555,2556,9,not_xor
2,3529,7687,7688,10,not_b
2,3530,2236,2237,4,not_implied_by
2,3531,1547,1548,5,b
2,3532,1787,1788,3,a
2,3533,4456,4457,13,implies
2,3534,4555,4556,5,b
2,3535,6745,6746,15,one
2,3536,5420,5421,9,not_xor
2,3537,3155,3156,11,implied_by
2,3538,4767,4768,5,b
2,3539,6908,6909,14,not_and
2,3540,5154,5155,2,not_implies
2,3541,3514,3515,9,not_xor
2,3542,2955,2956,11,implied_by
2,3543,1581,1582,0,zero
2,3544,7201,7202,3,a
2,3545,4558,4559,15,one
2,3546,3004,3005,2,not_implies
2,3547,3651,3652,13,implies
2,3548,4754,4755,12,not_a
2,3549,3169,3170,7,or
2,3550,1630,1631,1,and
2,3551,1180,1181,4,not_implied_by
2,3552,1845,1846,5,b
2,3553,7108,7109,11,implied_by
2,3554,7332,7333,5,b
2,3555,202,203,5,b
2,3556,6842,6843,6,xor
2,3557,7378,7379,4,not_implied_by
2,3558,6863,6864,0,zero
2,3559,5951,5952,4,not_implied_by
2,3560,4778,4779,7,or
2,3561,266,267,2,not_implies
2,3562,6349,6350,7,or
2,3563,669,670,13,implies
2,3564,7315,7316,10,not_b
2,3565,2353,2354,9,not_xor
2,3566,2208,2209,11,implied_by
2,3567,2322,2323,3,a
2,3568,2262,2263,10,not_b
2,3569,6213,6214,1,and
2,3570,1362,1363,2,not_implies
2,3571,950,951,5,b
2,3572,6885,6886,13,implies
2,3573,7670,7671,4,not_implied_by
2,3574,2461,2462,3,a
2,3575,1668,1669,11,implied_by
2,3576,6780,6781,6,xor
2,3577,5206,5207,14,not_and
2,3578,2743,2744,15,one
2,3579,2188,2189,1,and
2,3580,7130,7131,8,not_or
2,3581,93,94,12,not_a
2,3582,1986,1987,9,not_xor
2,3583,4392,4393,2,not_implies
2,3584,3011,3012,5,b
2,3585,3179,3180,9,not_xor
2,3586,1503,1504,3,a
2,3587,5767,5768,8,not_or
2,3588,6165,6166,12,not_a
2,3589,556,557,13,implies
2,3590,7862,7863,14,not_and
2,3591,5123,5124,15,one
2,3592,4112,4113,10,not_b
2,3593,2488,2489,1,and
2,3594,3098,3099,5,b
2,3595,2381,2382,8,not_or
2,3596,3409,3410,13,implies
2,3597,5384,5385,8,not_or
2,3598,4182,4183,3,a
2,3599,4066,4067,13,implies
2,3600,5219,5220,11,implied_by
2,3601,5493,5494,10,not_b
2,3602,7723,7724,5,b
2,3603,6091,6092,13,implies
2,3604,4849,4850,10,not_b
2,3605,4517,4518,11,implied_by
2,3606,2412,2413,9,not_xor
2,3607,1893,1894,1,and
2,3608,6320,6321,3,a
2,3609,1770,1771,10,not_b
2,3610,7001,7002,0,zero
2,3611,7886,7887,10,not_b
2,3612,4646,4647,11,implied_by
2,3613,1702,1703,5,b
2,3614,7800,7801,13,implies
2,3615,1993,1994,2,not_implies
2,3616,4572,4573,5,b
2,3617,2519,2520,13,implies
2,3618,5499,5500,3,a
2,3619,4952,4953,7,or
2,3620,5534,5535,2,not_implies
2,3621,5838,5839,6,xor
2,3622,6117,6118,0,zero
2,3623,543,544,2,not_implies
2,3624,1010,1011,14,not_and
2,3625,2159,2160,10,not_b
2,3626,964,965,12,not_a
2,3627,2837,2838,9,not_xor
2,3628,1425,1426,15,one
2,3629,7819,7820,10,not_b
2,3630,7599,7600,5,b
2,3631,4774,4775,2,not_implies
2,3632,4245,4246,0,zero
2,3633,3944,3945,4,not_implied_by
2,3634,2200,2201,15,one
2,3635,7594,7595,4,not_implied_by
2,3636,6003,6004,11,implied_by
2,3637,4173,4174,5,b
2,3638,1858,1859,12,not_a
2,3639,2994,2995,7,or
2,3640,1361,1362,9,not_xor
2,3641,2022,2023,3,a
2,3642,1905,1906,14,not_and
2,3643,2160,2161,12,not_a
2,3644,920,921,6,xor
2,3645,7493,7494,10,not_b
2,3646,5163,5164,14,not_and
2,3647,5765,5766,3,a
2,3648,6404,6405,2,not_implies
2,3649,1044,1045,14,not_and
2,3650,2465,2466,12,not_a
2,3651,5753,5754,12,not_a
2,3652,6949,6950,13,implies
2,3653,4529,4530,11,implied_by
2,3654,5194,5195,4,not_implied_by
2,3655,1863,1864,4,not_implied_by
2,3656,4997,4998,3,a
2,3657,3030,3031,11,implied_by
2,3658,5012,5013,3,a
2,3659,3898,3899,1,and
2,3660,6860,6861,6,xor
2,3661,4226,4227,13,implies
2,3662,3998,3999,12,not_a
2,3663,6375,6376,10,not_b
2,3664,773,774,10,not_b
2,3665,7905,7906,0,zero
2,3666,1453,1454,14,not_and
2,3667,2199,2200,11,implied_by
2,3668,915,916,12,not_a
2,3669,7069,7070,15,one
2,3670,2013,2014,13,implies
2,3671,3344,3345,8,not_or
2,3672,6164,6165,10,not_b
2,3673,7225,7226,3,a
2,3674,6162,6163,3,a
2,3675,7717,7718,10,not_b
2,3676,1028,1029,13,implies
2,3677,6823,6824,10,not_b
2,3678,3982,3983,13,implies
2,3679,6150,6151,3,a
2,3680,4616,4617,10,not_b
2,3681,2690,2691,9,not_xor
2,3682,1806,1807,12,not_a
2,3683,5122,5123,8,not_or
2,3684,750,751,0,zero
2,3685,4935,4936,4,not_implied_by
2,3686,845,846,10,not_b
2,3687,597,598,14,not_and
2,3688,4808,4809,9,not_xor
2,3689,2117,2118,2,not_implies
2,3690,7447,7448,13,implies
2,3691,6509,6510,13,implies
2,3692,2793,2794,15,one
2,3693,4787,4788,12,not_a
2,3694,2359,2360,4,not_implied_by
2,3695,2189,2190,5,b
2,3696,4568,4569,3,a
2,3697,4864,4865,1,and
2,3698,6407,6408,12,not_a
2,3699,4697,4698,10,not_b
2,3700,5426,5427,5,b
2,3701,2471,2472,8,not_or
2,3702,3356,3357,11,implied_by
2,3703,680,681,2,not_implies
2,3704,397,398,8,not_or
2,3705,6713,6714,4,not_implied_by
2,3706,7121,7122,1,and
2,3707,2862,2863,7,or
2,3708,7289,7290,13,implies
2,3709,2626,2627,12,not_a
2,3710,2446,2447,10,not_b
2,3711,5210,5211,9,not_xor
2,3712,7840,7841,7,or
2,3713,114,115,12,not_a
2,3714,4216,4217,11,implied_by
2,3715,5777,5778,7,or
2,3716,4150,4151,9,not_xor
2,3717,2562,2563,3,a
2,3718,4696,4697,12,not_a
2,3719,4940,4941,10,not_b
2,3720,7970,7971,0,zero
2,3721,1148,1149,8,not_or
2,3722,2508,2509,5,b
2,3723,3065,3066,2,not_implies
2,3724,4315,4316,10,not_b
2,3725,933,934,15,one
2,3726,4419,4420,6,xor
2,3727,5132,5133,6,xor
2,3728,6452,6453,3,a
2,3729,6326,6327,2,not_implies
2,3730,3798,3799,11,implied_by
2,3731,2185,2186,12,not_a
2,3732,1791,1792,14,not_and
2,3733,2936,2937,5,b
2,3734,6046,6047,12,not_a
2,3735,6886,6887,0,zero
2,3736,1859,1860,12,not_a
2,3737,5628,5629,4,not_implied_by
2,3738,3586,3587,1,and
2,3739,7943,7944,14,not_and
2,3740,6502,6503,11,implied_by
2,3741,5707,5708,10,not_b
2,3742,6331,6332,4,not_implied_by
2,3743,3700,3701,5,b
2,3744,7106,7107,13,implies
2,3745,6283,6284,0,zero
2,3746,1421,1422,11,implied_by
2,3747,608,609,6,xor
2,3748,3460,3461,7,or
2,3749,2909,2910,3,a
2,3750,3431,3432,2,not_implies
2,3751,2454,2455,12,not_a
2,3752,3566,3567,5,b
2,3753,5181,5182,0,zero
2,3754,4615,4616,8,not_or
2,3755,5070,5071,5,b
2,3756,3022,3023,12,not_a
2,3757,767,768,7,or
2,3758,6548,6549,3,a
2,3759,2978,2979,11,implied_by
2,3760,6591,6592,8,not_or
2,3761,6845,6846,14,not_and
2,3762,5031,5032,15,one
2,3763,425,426,14,not_and
2,3764,574,575,11,implied_by
2,3765,6342,6343,13,implies
2,3766,4713,4714,14,not_and
2,3767,504,505,4,not_implied_by
2,3768,779,780,13,implies
2,3769,385,386,7,or
2,3770,4896,4897,12,not_a
2,3771,2754,2755,12,not_a
2,3772,2537,2538,1,and
2,3773,6006,6007,3,a
2,3774,5611,5612,7,or
2,3775,3521,3522,3,a
2,3776,1038,1039,13,implies
2,3777,2126,2127,8,not_or
2,3778,7321,7322,10,not_b
2,3779,3642,3643,1,and
2,3780,7725,7726,5,b
2,3781,1512,1513,14,not_and
2,3782,364,365,6,xor
2,3783,3715,3716,9,not_xor
2,3784,5086,5087,6,xor
2,3785,3687,3688,13,implies
2,3786,3101,3102,8,not_or
2,3787,879,880,13,implies
2,3788,2402,2403,5,b
2,3789,5342,5343,2,not_implies
2,3790,5367,5368,7,or
2,3791,5013,5014,13,implies
2,3792,5325,5326,10,not_b
2,3793,1448,1449,2,not_implies
2,3794,2155,2156,9,not_xor
2,3795,4537,4538,12,not_a
2,3796,6527,6528,3,a
2,3797,4250,4251,15,one
2,3798,2993,2994,13,implies
2,3799,7337,7338,11,implied_by
2,3800,7559,7560,5,b
2,3801,7236,7237,9,not_xor
2,3802,5009,5010,9,not_xor
2,3803,4868,4869,2,not_implies
2,3804,6912,6913,6,xor
2,3805,6499,6500,7,or
2,3806,1816,1817,10,not_b
2,3807,3294,3295,12,not_a
2,3808,795,796,10,not_b
2,3809,4844,4845,15,one
2,3810,193,194,10,not_b
2,3811,7,8,11,implied_by
2,3812,7184,7185,13,implies
2,3813,4548,4549,6,xor
2,3814,595,596,11,implied_by
2,3815,969,970,5,b
2,3816,906,907,3,a
2,3817,3501,3502,8,not_or
2,3818,7385,7386,4,not_implied_by
2,3819,5803,5804,7,or
2,3820,3743,3744,15,one
2,3821,5412,5413,14,not_and
2,3822,7769,7770,2,not_implies
2,3823,6835,6836,12,not_a
2,3824,6477,6478,3,a
2,3825,2660,2661,1,and
2,3826,3840,3841,5,b
2,3827,6456,6457,1,and
2,3828,1340,1341,10,not_b
2,3829,3965,3966,10,not_b
2,3830,7112,7113,6,xor
2,3831,3352,3353,11,implied_by
2,3832,1531,1532,4,not_implied_by
2,3833,804,805,1,and
2,3834,6514,6515,8,not_or
2,3835,210,211,10,not_b
2,3836,5307,5308,15,one
2,3837,3595,3596,1,and
2,3838,924,925,6,xor
2,3839,4692,4693,1,and
2,3840,2385,2386,7,or
2,3841,2960,2961,11,implied_by
2,3842,3049,3050,10,not_b
2,3843,3572,3573,12,not_a
2,3844,7180,7181,10,not_b
2,3845,7312,7313,11,implied_by
2,3846,3946,3947,12,not_a
2,3847,371,372,8,not_or
2,3848,2099,2100,12,not_a
2,3849,7981,7982,0,zero
2,3850,7742,7743,5,b
2,3851,859,860,8,not_or
2,3852,1627,1628,12,not_a
2,3853,1276,1277,8,not_or
2,3854,2817,2818,9,not_xor
2,3855,894,895,11,implied_by
2,3856,1574,1575,15,one
2,3857,6497,6498,8,not_or
2,3858,3919,3920,0,zero
2,3859,4947,4948,5,b
2,3860,3802,3803,1,and
2,3861,2036,2037,14,not_and
2,3862,4545,4546,2,not_implies
2,3863,6556,6557,12,not_a
2,3864,2596,2597,0,zero
2,3865,6616,6617,5,b
2,3866,5324,5325,3,a
2,3867,2701,2702,14,not_and
2,3868,6862,6863,5,b
2,3869,3443,3444,3,a
2,3870,3980,3981,12,not_a
2,3871,7301,7302,4,not_implied_by
2,3872,7995,7996,9,not_xor
2,3873,4464,4465,5,b
2,3874,5054,5055,1,and
2,3875,5635,5636,9,not_xor
2,3876,3499,3500,2,not_implies
2,3877,5465,5466,11,implied_by
2,3878,3695,3696,10,not_b
2,3879,2547,2548,13,implies
2,3880,6359,6360,3,a
2,3881,33,34,3,a
2,3882,4346,4347,14,not_and
2,3883,2245,2246,3,a
2,3884,2967,2968,9,not_xor
2,3885,5561,5562,7,or
2,3886,1233,1234,7,or
2,3887,3884,3885,6,xor
2,3888,7053,7054,10,not_b
2,3889,657,658,14,not_and
2,3890,148,149,14,not_and
2,3891,4215,4216,3,a
2,3892,3060,3061,1,and
2,3893,5422,5423,10,not_b
2,3894,3424,3425,10,not_b
2,3895,6564,6565,1,and
2,3896,5093,5094,10,not_b
2,3897,569,570,1,and
2,3898,1870,1871,5,b
2,3899,4360,4361,1,and
2,3900,808,809,15,one
2,3901,2970,2971,3,a
2,3902,4578,4579,9,not_xor
2,3903,1652,1653,10,not_b
2,3904,1393,1394,4,not_implied_by
2,3905,3295,3296,14,not_and
2,3906,5692,5693,2,not_implies
2,3907,3716,3717,12,not_a
2,3908,6948,6949,15,one
2,3909,7568,7569,6,xor
2,3910,6260,6261,9,not_xor
2,3911,3930,3931,4,not_implied_by
2,3912,5910,5911,7,or
2,3913,1117,1118,14,not_and
2,3914,4520,4521,7,or
2,3915,1080,1081,5,b
2,3916,1727,1728,4,not_implied_by
2,3917,2172,2173,12,not_a
2,3918,1118,1119,12,not_a
2,3919,3238,3239,3,a
2,3920,4563,4564,2,not_implies
2,3921,5488,5489,10,not_b
2,3922,7774,7775,5,b
2,3923,2755,2756,9,not_xor
2,3924,7583,7584,9,not_xor
2,3925,4603,4604,6,xor
2,3926,6738,6739,8,not_or
2,3927,4187,4188,5,b
2,3928,2436,2437,5,b
2,3929,3455,3456,3,a
2,3930,34,35,5,b
2,3931,4197,4198,13,implies
2,3932,4851,4852,13,implies
2,3933,3070,3071,1,and
2,3934,402,403,13,implies
2,3935,6518,6519,13,implies
2,3936,6171,6172,2,not_implies
2,3937,2965,2966,14,not_and
2,3938,4939,4940,7,or
2,3939,6445,6446,10,not_b
2,3940,3405,3406,13,implies
2,3941,6379,6380,8,not_or
2,3942,2771,2772,7,or
2,3943,3662,3663,12,not_a
2,3944,3153,3154,1,and
2,3945,3477,3478,7,or
2,3946,1866,1867,1,and
2,3947,2011,2012,14,not_and
2,3948,4441,4442,7,or
2,3949,3674,3675,14,not_and
2,3950,1317,1318,5,b
2,3951,307,308,11,implied_by
2,3952,3738,3739,11,implied_by
2,3953,7364,7365,5,b
2,3954,937,938,4,not_implied_by
2,3955,7877,7878,7,or
2,3956,1557,1558,13,implies
2,3957,4846,4847,8,not_or
2,3958,6917,6918,8,not_or
2,3959,2959,2960,3,a
2,3960,4475,4476,5,b
2,3961,4943,4944,5,b
2,3962,3955,3956,10,not_b
2,3963,6238,6239,12,not_a
2,3964,2745,2746,4,not_implied_by
2,3965,6684,6685,3,a
2,3966,2501,2502,8,not_or
2,3967,2553,2554,15,one
2,3968,6795,6796,10,not_b
2,3969,3874,3875,8,not_or
2,3970,5234,5235,4,not_implied_by
2,3971,728,729,15,one
2,3972,3769,3770,0,zero
2,3973,5743,5744,12,not_a
2,3974,6918,6919,13,implies
2,3975,4416,4417,8,not_or
2,3976,1672,1673,5,b
2,3977,4478,4479,2,not_implies
2,3978,572,573,14,not_and
2,3979,1037,1038,5,b
2,3980,1045,1046,8,not_or
2,3981,3471,3472,10,not_b
2,3982,2981,2982,6,xor
2,3983,5653,5654,15,one
2,3984,2450,2451,11,implied_by
2,3985,2525,2526,9,not_xor
2,3986,4188,4189,5,b
2,3987,4989,4990,11,implied_by
2,3988,230,231,14,not_and
2,3989,7911,7912,4,not_implied_by
2,3990,1628,1629,2,not_implies
2,3991,1592,1593,3,a
2,3992,6133,6134,14,not_and
2,3993,3,4,5,b
2,3994,1074,1075,8,not_or
2,3995,6101,6102,4,not_implied_by
2,3996,3760,3761,10,not_b
2,3997,3066,3067,12,not_a
2,3998,6192,6193,14,not_and
2,3999,108,109,13,implies
2,4000,69,70,5,b
2,4001,7659,7660,9,not_xor
2,4002,1898,1899,5,b
2,4003,2851,2852,3,a
2,4004,3910,3911,2,not_implies
2,4005,1498,1499,12,not_a
2,4006,5424,5425,10,not_b
2,4007,1724,1725,10,not_b
2,4008,1237,1238,12,not_a
2,4009,1378,1379,2,not_implies
2,4010,5382,5383,1,and
2,4011,6338,6339,12,not_a
2,4012,5976,5977,8,not_or
2,4013,1805,1806,13,implies
2,4014,73,74,9,not_xor
2,4015,3724,3725,12,not_a
2,4016,4113,4114,3,a
2,4017,7096,7097,8,not_or
2,4018,5798,5799,13,implies
2,4019,4784,4785,8,not_or
2,4020,6700,6701,11,implied_by
2,4021,1036,1037,15,one
2,4022,3691,3692,1,and
2,4023,1070,1071,7,or
2,4024,6595,6596,8,not_or
2,4025,5788,5789,10,not_b
2,4026,7965,7966,15,one
2,4027,5509,5510,13,implies
2,4028,7483,7484,10,not_b
2,4029,1973,1974,3,a
2,4030,1589,1590,11,implied_by
2,4031,338,339,10,not_b
2,4032,3880,3881,9,not_xor
2,4033,3107,3108,2,not_implies
2,4034,4194,4195,5,b
2,4035,6297,6298,0,zero
2,4036,6463,6464,3,a
2,4037,4423,4424,5,b
2,4038,4107,4108,1,and
2,4039,6993,6994,9,not_xor
2,4040,2787,2788,11,implied_by
2,4041,2964,2965,1,and
2,4042,1358,1359,12,not_a
2,4043,7259,7260,11,implied_by
2,4044,2228,2229,9,not_xor
2,4045,4349,4350,10,not_b
2,4046,1750,1751,7,or
2,4047,3817,3818,3,a
2,4048,7716,7717,1,and
2,4049,5693,5694,14,not_and
2,4050,6729,6730,12,not_a
2,4051,6248,6249,13,implies
2,4052,3323,3324,11,implied_by
2,4053,1570,1571,12,not_a
2,4054,7593,7594,3,a
2,4055,870,871,8,not_or
2,4056,4591,4592,6,xor
2,4057,953,954,8,not_or
2,4058,890,891,13,implies
2,4059,600,601,10,not_b
2,4060,2811,2812,13,implies
2,4061,457,458,4,not_implied_by
2,4062,2190,2191,11,implied_by
2,4063,5758,5759,3,a
2,4064,3993,3994,5,b
2,4065,1201,1202,7,or
2,4066,2247,2248,10,not_b
2,4067,3961,3962,9,not_xor
2,4068,268,269,4,not_implied_by
2,4069,1350,1351,12,not_a
2,4070,7113,7114,4,not_implied_by
2,4071,7499,7500,9,not_xor
2,4072,1058,1059,7,or
2,4073,1945,1946,10,not_b
2,4074,489,490,11,implied_by
2,4075,5298,5299,12,not_a
2,4076,1979,1980,15,one
2,4077,1383,1384,10,not_b
2,4078,3722,3723,7,or
2,4079,4039,4040,13,implies
2,4080,6572,6573,9,not_xor
2,4081,282,283,5,b
2,4082,3033,3034,14,not_and
2,4083,5377,5378,14,not_and
2,4084,1127,1128,14,not_and
2,4085,28,29,8,not_or
2,4086,1551,1552,3,a
2,4087,2404,2405,5,b
2,4088,7503,7504,1,and
2,4089,562,563,5,b
2,4090,1582,1583,11,implied_by
2,4091,2972,2973,3,a
2,4092,5504,5505,10,not_b
2,4093,5482,5483,2,not_implies
2,4094,1631,1632,10,not_b
2,4095,5778,5779,0,zero
2,4096,2948,2949,3,a
2,4097,7904,7905,12,not_a
2,4098,917,918,12,not_a
2,4099,1439,1440,10,not_b
2,4100,6633,6634,4,not_implied_by
2,4101,2169,2170,14,not_and
2,4102,4737,4738,5,b
2,4103,6157,6158,13,implies
2,4104,6708,6709,12,not_a
2,4105,4657,4658,8,not_or
2,4106,4862,4863,8,not_or
2,4107,4088,4089,8,not_or
2,4108,3104,3105,5,b
2,4109,925,926,2,not_implies
2,4110,4337,4338,10,not_b
2,4111,4590,4591,10,not_b
2,4112,2104,2105,9,not_xor
2,4113,5668,5669,2,not_implies
2,4114,713,714,12,not_a
2,4115,4673,4674,5,b
2,4116,6709,6710,11,implied_by
2,4117,6243,6244,14,not_and
2,4118,1424,1425,11,implied_by
2,4119,7873,7874,5,b
2,4120,848,849,12,not_a
2,4121,7481,7482,3,a
2,4122,1471,1472,0,zero
2,4123,1700,1701,15,one
2,4124,3727,3728,5,b
2,4125,3429,3430,6,xor
2,4126,2856,2857,5,b
2,4127,4251,4252,0,zero
2,4128,4401,4402,5,b
2,4129,2079,2080,9,not_xor
2,4130,3899,3900,12,not_a
2,4131,1131,1132,8,not_or
2,4132,5007,5008,12,not_a
2,4133,6454,6455,3,a
2,4134,1728,1729,12,not_a
2,4135,2233,2234,6,xor
2,4136,6924,6925,3,a
2,4137,7899,7900,15,one
2,4138,2032,2033,0,zero
2,4139,2563,2564,12,not_a
2,4140,3035,3036,4,not_implied_by
2,4141,3227,3228,5,b
2,4142,3625,3626,15,one
2,4143,7075,7076,9,not_xor
2,4144,7971,7972,11,implied_by
2,4145,7901,7902,1,and
2,4146,3106,3107,13,implies
2,4147,3570,3571,3,a
2,4148,7307,7308,5,b
2,4149,3665,3666,10,not_b
2,4150,2280,2281,14,not_and
2,4151,2435,2436,10,not_b
2,4152,4135,4136,7,or
2,4153,6200,6201,6,xor
2,4154,1343,1344,6,xor
2,4155,3667,3668,2,not_implies
2,4156,3985,3986,4,not_implied_by
2,4157,4518,4519,0,zero
2,4158,5734,5735,12,not_a
2,4159,2031,2032,10,not_b
2,4160,5337,5338,12,not_a
2,4161,1033,1034,1,and
2,4162,4669,4670,4,not_implied_by
2,4163,1778,1779,1,and
2,4164,6698,6699,14,not_and
2,4165,3805,3806,7,or
2,4166,5127,5128,14,not_and
2,4167,4033,4034,8,not_or
2,4168,4312,4313,1,and
2,4169,2256,2257,6,xor
2,4170,2255,2256,9,not_xor
2,4171,7936,7937,12,not_a
2,4172,5418,5419,10,not_b
2,4173,2841,2842,5,b
2,4174,6365,6366,7,or
2,4175,2971,2972,13,implies
2,4176,7327,7328,10,not_b
2,4177,7171,7172,10,not_b
2,4178,2293,2294,8,not_or
2,4179,7893,7894,1,and
2,4180,7864,7865,12,not_a
2,4181,1610,1611,2,not_implies
2,4182,1880,1881,4,not_implied_by
2,4183,1150,1151,10,not_b
2,4184,1530,1531,3,a
2,4185,545,546,13,implies
2,4186,1286,1287,5,b
2,4187,7804,7805,14,not_and
2,4188,4264,4265,5,b
2,4189,4762,4763,12,not_a
2,4190,6125,6126,0,zero
2,4191,2109,2110,1,and
2,4192,1970,1971,7,or
2,4193,1772,1773,3,a
2,4194,5100,5101,4,not_implied_by
2,4195,1049,1050,7,or
2,4196,1363,1364,0,zero
2,4197,4965,4966,12,not_a
2,4198,3100,3101,10,not_b
2,4199,4910,4911,8,not_or
2,4200,7549,7550,14,not_and
2,4201,184,185,5,b
2,4202,4582,4583,10,not_b
2,4203,7719,7720,12,not_a
2,4204,7044,7045,3,a
2,4205,5292,5293,15,one
2,4206,4487,4488,5,b
2,4207,4788,4789,0,zero
2,4208,3789,3790,2,not_implies
2,4209,3871,3872,8,not_or
2,4210,3953,3954,9,not_xor
2,4211,6052,6053,14,not_and
2,4212,2538,2539,7,or
2,4213,3879,3880,4,not_implied_by
2,4214,6547,6548,3,a
2,4215,3791,3792,5,b
2,4216,5151,5152,15,one
2,4217,3911,3912,9,not_xor
2,4218,2747,2748,11,implied_by
2,4219,2186,2187,4,not_implied_by
2,4220,636,637,0,zero
2,4221,5615,5616,10,not_b
2,4222,2866,2867,2,not_implies
2,4223,4841,4842,5,b
2,4224,7129,7130,10,not_b
2,4225,160,161,6,xor
2,4226,7131,7132,3,a
2,4227,2082,2083,9,not_xor
2,4228,6118,6119,4,not_implied_by
2,4229,2340,2341,9,not_xor
2,4230,4190,4191,8,not_or
2,4231,2093,2094,14,not_and
2,4232,7680,7681,4,not_implied_by
2,4233,6290,6291,2,not_implies
2,4234,7410,7411,7,or
2,4235,1764,1765,5,b
2,4236,1032,1033,13,implies
2,4237,4480,4481,1,and
2,4238,1599,1600,11,implied_by
2,4239,2269,2270,13,implies
2,4240,6480,6481,1,and
2,4241,524,525,12,not_a
2,4242,7120,7121,9,not_xor
2,4243,3304,3305,0,zero
2,4244,2388,2389,12,not_a
2,4245,3312,3313,0,zero
2,4246,2824,2825,4,not_implied_by
2,4247,3132,3133,1,and
2,4248,7763,7764,2,not_implies
2,4249,3266,3267,14,not_and
2,4250,1292,1293,5,b
2,4251,7270,7271,3,a
2,4252,6415,6416,12,not_a
2,4253,3062,3063,9,not_xor
2,4254,5351,5352,14,not_and
2,4255,131,132,11,implied_by
2,4256,2500,2501,13,implies
2,4257,1602,1603,5,b
2,4258,6317,6318,3,a
2,4259,6798,6799,0,zero
2,4260,826,827,13,implies
2,4261,1027,1028,3,a
2,4262,1137,1138,4,not_implied_by
2,4263,7711,7712,6,xor
2,4264,6968,6969,12,not_a
2,4265,3934,3935,12,not_a
2,4266,513,514,3,a
2,4267,2797,2798,5,b
2,4268,5312,5313,4,not_implied_by
2,4269,1316,1317,6,xor
2,4270,3260,3261,5,b
2,4271,6028,6029,10,not_b
2,4272,4796,4797,7,or
2,4273,6115,6116,15,one
2,4274,1761,1762,11,implied_by
2,4275,2540,2541,13,implies
2,4276,4272,4273,3,a
2,4277,4975,4976,3,a
2,4278,2426,2427,5,b
2,4279,3119,3120,4,not_implied_by
2,4280,3071,3072,15,one
2,4281,4277,4278,13,implies
2,4282,7103,7104,9,not_xor
2,4283,7266,7267,15,one
2,4284,4700,4701,13,implies
2,4285,2545,2546,11,implied_by
2,4286,2778,2779,15,one
2,4287,3731,3732,11,implied_by
2,4288,7878,7879,8,not_or
2,4289,296,297,13,implies
2,4290,2804,2805,11,implied_by
2,4291,3712,3713,4,not_implied_by
2,4292,6646,6647,5,b
2,4293,5627,5628,11,implied_by
2,4294,544,545,10,not_b
2,4295,842,843,10,not_b
2,4296,6465,6466,10,not_b
2,4297,7052,7053,1,and
2,4298,7247,7248,1,and
2,4299,7582,7583,8,not_or
2,4300,4329,4330,5,b
2,4301,6288,6289,5,b
2,4302,5742,5743,5,b
2,4303,6717,6718,7,or
2,4304,1902,1903,11,implied_by
2,4305,1488,1489,5,b
2,4306,2925,2926,4,not_implied_by
2,4307,7492,7493,7,or
2,4308,4634,4635,13,implies
2,4309,4148,4149,4,not_implied_by
2,4310,7239,7240,10,not_b
2,4311,5041,5042,4,not_implied_by
2,4312,2122,2123,6,xor
2,4313,1526,1527,7,or
2,4314,3641,3642,4,not_implied_by
2,4315,7772,7773,12,not_a
2,4316,27,28,0,zero
2,4317,2905,2906,14,not_and
2,4318,2898,2899,5,b
2,4319,6952,6953,1,and
2,4320,4998,4999,12,not_a
2,4321,6631,6632,5,b
2,4322,1384,1385,5,b
2,4323,643,644,12,not_a
2,4324,4678,4679,5,b
2,4325,4654,4655,0,zero
2,4326,883,884,2,not_implies
2,4327,1402,1403,8,not_or
2,4328,4316,4317,5,b
2,4329,4714,4715,12,not_a
2,4330,7080,7081,11,implied_by
2,4331,7241,7242,13,implies
2,4332,5741,5742,8,not_or
2,4333,4610,4611,6,xor
2,4334,1883,1884,15,one
2,4335,3596,3597,12,not_a
2,4336,445,446,8,not_or
2,4337,868,869,5,b
2,4338,1510,1511,3,a
2,4339,3470,3471,3,a
2,4340,4294,4295,9,not_xor
2,4341,3832,3833,7,or
2,4342,2956,2957,10,not_b
2,4343,4924,4925,1,and
2,4344,6897,6898,8,not_or
2,4345,6166,6167,14,not_and
2,4346,2096,2097,9,not_xor
2,4347,935,936,5,b
2,4348,4630,4631,13,implies
2,4349,7909,7910,14,not_and
2,4350,2328,2329,7,or
2,4351,1867,1868,9,not_xor
2,4352,5938,5939,12,not_a
2,4353,689,690,4,not_implied_by
2,4354,422,423,15,one
2,4355,4707,4708,12,not_a
2,4356,1428,1429,8,not_or
2,4357,2092,2093,5,b
2,4358,7668,7669,5,b
2,4359,5840,5841,3,a
2,4360,1269,1270,11,implied_by
2,4361,2301,2302,13,implies
2,4362,4860,4861,5,b
2,4363,3340,3341,14,not_and
2,4364,117,118,11,implied_by
2,4365,6418,6419,12,not_a
2,4366,3315,3316,1,and
2,4367,2254,2255,3,a
2,4368,186,187,2,not_implies
2,4369,7433,7434,13,implies
2,4370,1731,1732,8,not_or
2,4371,5891,5892,14,not_and
2,4372,1156,1157,0,zero
2,4373,4176,4177,3,a
2,4374,6138,6139,1,and
2,4375,205,206,13,implies
2,4376,2318,2319,7,or
2,4377,6867,6868,8,not_or
2,4378,5355,5356,10,not_b
2,4379,7115,7116,2,not_implies
2,4380,5309,5310,8,not_or
2,4381,2830,2831,9,not_xor
2,4382,4105,4106,13,implies
2,4383,7055,7056,13,implies
2,4384,5949,5950,4,not_implied_by
2,4385,3592,3593,9,not_xor
2,4386,4753,4754,11,implied_by
2,4387,3504,3505,5,b
2,4388,2225,2226,3,a
2,4389,6747,6748,10,not_b
2,4390,5119,5120,14,not_and
2,4391,2043,2044,10,not_b
2,4392,7931,7932,12,not_a
2,4393,3085,3086,10,not_b
2,4394,4925,4926,2,not_implies
2,4395,7487,7488,14,not_and
2,4396,7858,7859,11,implied_by
2,4397,3488,3489,11,implied_by
2,4398,6702,6703,8,not_or
2,4399,2379,2380,8,not_or
2,4400,3929,3930,2,not_implies
2,4401,3475,3476,10,not_b
2,4402,5037,5038,11,implied_by
2,4403,2438,2439,5,b
2,4404,7597,7598,10,not_b
2,4405,3231,3232,10,not_b
2,4406,4474,4475,5,b
2,4407,4923,4924,7,or
2,4408,6651,6652,5,b
2,4409,1954,1955,11,implied_by
2,4410,2148,2149,2,not_implies
2,4411,3766,3767,12,not_a
2,4412,1367,1368,15,one
2,4413,3942,3943,8,not_or
2,4414,162,163,9,not_xor
2,4415,3452,3453,10,not_b
2,4416,1312,1313,7,or
2,4417,4206,4207,1,and
2,4418,6488,6489,2,not_implies
2,4419,4717,4718,15,one
2,4420,6534,6535,1,and
2,4421,3820,3821,14,not_and
2,4422,1676,1677,4,not_implied_by
2,4423,7406,7407,10,not_b
2,4424,7605,7606,6,xor
2,4425,1621,1622,1,and
2,4426,2792,2793,10,not_b
2,4427,2503,2504,12,not_a
2,4428,3202,3203,6,xor
2,4429,1336,1337,1,and
2,4430,7946,7947,2,not_implies
2,4431,561,562,5,b
2,4432,7079,7080,1,and
2,4433,6468,6469,2,not_implies
2,4434,490,491,2,not_implies
2,4435,2094,2095,13,implies
2,4436,6191,6192,12,not_a
2,4437,2899,2900,9,not_xor
2,4438,1723,1724,3,a
2,4439,7612,7613,10,not_b
2,4440,3399,3400,3,a
2,4441,840,841,1,and
2,4442,7237,7238,1,and
2,4443,4437,4438,12,not_a
2,4444,7727,7728,2,not_implies
2,4445,7007,7008,5,b
2,4446,3230,3231,2,not_implies
2,4447,5945,5946,6,xor
2,4448,3300,3301,0,zero
2,4449,1578,1579,10,not_b
2,4450,5589,5590,3,a
2,4451,7737,7738,12,not_a
2,4452,6419,6420,8,not_or
2,4453,4739,4740,8,not_or
2,4454,1066,1067,3,a
2,4455,5914,5915,13,implies
2,4456,4029,4030,13,implies
2,4457,3533,3534,10,not_b
2,4458,2131,2132,1,and
2,4459,5946,5947,14,not_and
2,4460,5963,5964,6,xor
2,4461,5455,5456,8,not_or
2,4462,6263,6264,13,implies
2,4463,3148,3149,12,not_a
2,4464,4223,4224,3,a
2,4465,3180,3181,14,not_and
2,4466,5446,5447,4,not_implied_by
2,4467,7198,7199,1,and
2,4468,6535,6536,9,not_xor
2,4469,4081,4082,15,one
2,4470,4691,4692,13,implies
2,4471,4597,4598,7,or
2,4472,394,395,7,or
2,4473,3250,3251,14,not_and
2,4474,3747,3748,9,not_xor
2,4475,7439,7440,5,b
2,4476,864,865,15,one
2,4477,5911,5912,15,one
2,4478,183,184,8,not_or
2,4479,6879,6880,12,not_a
2,4480,4619,4620,8,not_or
2,4481,6630,6631,1,and
2,4482,3859,3860,7,or
2,4483,6723,6724,14,not_and
2,4484,3327,3328,14,not_and
2,4485,7524,7525,12,not_a
2,4486,3376,3377,6,xor
2,4487,5101,5102,2,not_implies
2,4488,7775,7776,10,not_b
2,4489,6555,6556,6,xor
2,4490,7914,7915,13,implies
2,4491,6583,6584,10,not_b
2,4492,5174,5175,14,not_and
2,4493,2785,2786,11,implied_by
2,4494,3901,3902,5,b
2,4495,290,291,6,xor
2,4496,3127,3128,12,not_a
2,4497,6779,6780,3,a
2,4498,6903,6904,1,and
2,4499,3618,3619,10,not_b
2,4500,4711,4712,1,and
2,4501,5063,5064,12,not_a
2,4502,2002,2003,6,xor
2,4503,3938,3939,2,not_implies
2,4504,547,548,3,a
2,4505,6614,6615,6,xor
2,4506,626,627,1,and
2,4507,4014,4015,13,implies
2,4508,6872,6873,10,not_b
2,4509,3159,3160,8,not_or
2,4510,4452,4453,4,not_implied_by
2,4511,2012,2013,12,not_a
2,4512,670,671,4,not_implied_by
2,4513,6814,6815,7,or
2,4514,888,889,3,a
2,4515,3482,3483,2,not_implies
2,4516,6266,6267,5,b
2,4517,5010,5011,5,b
2,4518,7747,7748,3,a
2,4519,4273,4274,4,not_implied_by
2,4520,4689,4690,3,a
2,4521,1109,1110,12,not_a
2,4522,1024,1025,3,a
2,4523,2897,2898,13,implies
2,4524,4156,4157,3,a
2,4525,3217,3218,5,b
2,4526,7948,7949,11,implied_by
2,4527,1567,1568,15,one
2,4528,7915,7916,12,not_a
2,4529,5316,5317,6,xor
2,4530,3740,3741,6,xor
2,4531,3395,3396,0,zero
2,4532,5587,5588,8,not_or
2,4533,2584,2585,11,implied_by
2,4534,5579,5580,3,a
2,4535,5139,5140,7,or
2,4536,62,63,2,not_implies
2,4537,2995,2996,6,xor
2,4538,6604,6605,15,one
2,4539,3640,3641,13,implies
2,4540,3582,3583,7,or
2,4541,1682,1683,3,a
2,4542,1732,1733,13,implies
2,4543,7382,7383,10,not_b
2,4544,175,176,5,b
2,4545,5276,5277,1,and
2,4546,2422,2423,11,implied_by
2,4547,1090,1091,9,not_xor
2,4548,2061,2062,3,a
2,4549,2440,2441,6,xor
2,4550,5341,5342,12,not_a
2,4551,5637,5638,3,a
2,4552,6448,6449,10,not_b
2,4553,7941,7942,13,implies
2,4554,4372,4373,5,b
2,4555,5948,5949,5,b
2,4556,440,441,0,zero
2,4557,2933,2934,10,not_b
2,4558,2748,2749,1,and
2,4559,4752,4753,12,not_a
2,4560,3569,3570,5,b
2,4561,1739,1740,3,a
2,4562,3565,3566,1,and
2,4563,6412,6413,2,not_implies
2,4564,2894,2895,5,b
2,4565,3653,3654,8,not_or
2,4566,3852,3853,8,not_or
2,4567,410,411,15,one
2,4568,6423,6424,6,xor
2,4569,7556,7557,5,b
2,4570,3338,3339,15,one
2,4571,7615,7616,9,not_xor
2,4572,2138,2139,4,not_implied_by
2,4573,6504,6505,13,implies
2,4574,836,837,6,xor
2,4575,1175,1176,10,not_b
2,4576,3335,3336,12,not_a
2,4577,7928,7929,6,xor
2,4578,3172,3173,11,implied_by
2,4579,7570,7571,6,xor
2,4580,6310,6311,10,not_b
2,4581,981,982,3,a
2,4582,2498,2499,7,or
2,4583,1911,1912,12,not_a
2,4584,2591,2592,8,not_or
2,4585,2642,2643,6,xor
2,4586,7917,7918,11,implied_by
2,4587,7510,7511,1,and
2,4588,6061,6062,10,not_b
2,4589,593,594,11,implied_by
2,4590,912,913,12,not_a
2,4591,85,86,5,b
2,4592,4618,4619,14,not_and
2,4593,6565,6566,0,zero
2,4594,5091,5092,2,not_implies
2,4595,6126,6127,11,implied_by
2,4596,3354,3355,3,a
2,4597,5072,5073,7,or
2,4598,6973,6974,9,not_xor
2,4599,3199,3200,2,not_implies
2,4600,6264,6265,5,b
2,4601,1341,1342,14,not_and
2,4602,4343,4344,5,b
2,4603,7271,7272,3,a
2,4604,7611,7612,7,or
2,4605,7921,7922,9,not_xor
2,4606,2810,2811,9,not_xor
2,4607,5344,5345,12,not_a
2,4608,82,83,11,implied_by
2,4609,1847,1848,14,not_and
2,4610,691,692,10,not_b
2,4611,2377,2378,9,not_xor
2,4612,415,416,7,or
2,4613,3232,3233,12,not_a
2,4614,4468,4469,1,and
2,4615,235,236,11,implied_by
2,4616,1479,1480,9,not_xor
2,4617,5022,5023,9,not_xor
2,4618,5485,5486,10,not_b
2,4619,7783,7784,10,not_b
2,4620,2130,2131,14,not_and
2,4621,6196,6197,10,not_b
2,4622,6218,6219,3,a
2,4623,1365,1366,6,xor
2,4624,6015,6016,9,not_xor
2,4625,5809,5810,11,implied_by
2,4626,4768,4769,10,not_b
2,4627,6178,6179,5,b
2,4628,7656,7657,12,not_a
2,4629,3319,3320,12,not_a
2,4630,208,209,15,one
2,4631,1249,1250,7,or
2,4632,5005,5006,12,not_a
2,4633,6154,6155,6,xor
2,4634,5144,5145,1,and
2,4635,3185,3186,10,not_b
2,4636,6104,6105,12,not_a
2,4637,5175,5176,5,b
2,4638,105,106,14,not_and
2,4639,4694,4695,5,b
2,4640,5328,5329,3,a
2,4641,4658,4659,12,not_a
2,4642,2686,2687,12,not_a
2,4643,7016,7017,3,a
2,4644,0,1,2,not_implies
2,4645,3226,3227,9,not_xor
2,4646,32,33,1,and
2,4647,3529,3530,12,not_a
2,4648,7851,7852,4,not_implied_by
2,4649,3048,3049,10,not_b
2,4650,5216,5217,11,implied_by
2,4651,5069,5070,2,not_implies
2,4652,4341,4342,2,not_implies
2,4653,531,532,5,b
2,4654,1194,1195,6,xor
2,4655,170,171,8,not_or
2,4656,2212,2213,10,not_b
2,4657,6063,6064,11,implied_by
2,4658,5221,5222,1,and
2,4659,798,799,5,b
2,4660,6676,6677,13,implies
2,4661,5995,5996,14,not_and
2,4662,328,329,13,implies
2,4663,1983,1984,4,not_implied_by
2,4664,3897,3898,15,one
2,4665,4433,4434,13,implies
2,4666,4921,4922,3,a
2,4667,5496,5497,11,implied_by
2,4668,2714,2715,5,b
2,4669,1289,1290,3,a
2,4670,5694,5695,6,xor
2,4671,2598,2599,2,not_implies
2,4672,821,822,3,a
2,4673,6936,6937,4,not_implied_by
2,4674,4777,4778,5,b
2,4675,6185,6186,10,not_b
2,4676,956,957,0,zero
2,4677,30,31,5,b
2,4678,4690,4691,0,zero
2,4679,3677,3678,14,not_and
2,4680,5618,5619,7,or
2,4681,6927,6928,1,and
2,4682,5241,5242,5,b
2,4683,7588,7589,10,not_b
2,4684,2413,2414,2,not_implies
2,4685,4318,4319,13,implies
2,4686,1415,1416,11,implied_by
2,4687,3567,3568,5,b
2,4688,3116,3117,14,not_and
2,4689,1241,1242,10,not_b
2,4690,7328,7329,2,not_implies
2,4691,416,417,9,not_xor
2,4692,7544,7545,1,and
2,4693,4442,4443,7,or
2,4694,2118,2119,5,b
2,4695,4780,4781,1,and
2,4696,1445,1446,5,b
2,4697,3925,3926,10,not_b
2,4698,3896,3897,3,a
2,4699,7929,7930,5,b
2,4700,5711,5712,6,xor
2,4701,4164,4165,5,b
2,4702,738,739,13,implies
2,4703,967,968,7,or
2,4704,2496,2497,6,xor
2,4705,438,439,2,not_implies
2,4706,7880,7881,1,and
2,4707,3444,3445,2,not_implies
2,4708,3187,3188,1,and
2,4709,611,612,15,one
2,4710,2689,2690,3,a
2,4711,3375,3376,2,not_implies
2,4712,6177,6178,7,or
2,4713,2889,2890,0,zero
2,4714,7818,7819,12,not_a
2,4715,5538,5539,12,not_a
2,4716,2572,2573,5,b
2,4717,1359,1360,14,not_and
2,4718,4638,4639,10,not_b
2,4719,305,306,3,a
2,4720,7950,7951,10,not_b
2,4721,4982,4983,9,not_xor
2,4722,152,153,1,and
2,4723,3083,3084,8,not_or
2,4724,6667,6668,13,implies
2,4725,5416,5417,4,not_implied_by
2,4726,3419,3420,6,xor
2,4727,7927,7928,13,implies
2,4728,7760,7761,13,implies
2,4729,2679,2680,10,not_b
2,4730,3297,3298,8,not_or
2,4731,7866,7867,4,not_implied_by
2,4732,437,438,3,a
2,4733,7126,7127,12,not_a
2,4734,5591,5592,14,not_and
2,4735,36,37,2,not_implies
2,4736,5525,5526,11,implied_by
2,4737,4834,4835,1,and
2,4738,4339,4340,7,or
2,4739,2796,2797,6,xor
2,4740,7299,7300,10,not_b
2,4741,6153,6154,0,zero
2,4742,6963,6964,13,implies
2,4743,81,82,0,zero
2,4744,1351,1352,10,not_b
2,4745,7297,7298,2,not_implies
2,4746,5769,5770,3,a
2,4747,3801,3802,1,and
2,4748,5986,5987,4,not_implied_by
2,4749,2571,2572,7,or
2,4750,4019,4020,6,xor
2,4751,1888,1889,10,not_b
2,4752,499,500,10,not_b
2,4753,943,944,10,not_b
2,4754,5363,5364,7,or
2,4755,1879,1880,2,not_implies
2,4756,880,881,10,not_b
2,4757,1399,1400,9,not_xor
2,4758,125,126,5,b
2,4759,4733,4734,7,or
2,4760,7521,7522,14,not_and
2,4761,6181,6182,3,a
2,4762,7786,7787,1,and
2,4763,7351,7352,8,not_or
2,4764,4023,4024,5,b
2,4765,1760,1761,3,a
2,4766,4269,4270,3,a
2,4767,2861,2862,7,or
2,4768,2839,2840,6,xor
2,4769,737,738,3,a
2,4770,7100,7101,14,not_and
2,4771,5085,5086,4,not_implied_by
2,4772,2979,2980,0,zero
2,4773,1874,1875,3,a
2,4774,7741,7742,3,a
2,4775,2460,2461,11,implied_by
2,4776,1208,1209,3,a
2,4777,4933,4934,1,and
2,4778,4850,4851,12,not_a
2,4779,1458,1459,5,b
2,4780,2462,2463,10,not_b
2,4781,2941,2942,10,not_b
2,4782,6016,6017,5,b
2,4783,7135,7136,6,xor
2,4784,7006,7007,15,one
2,4785,3010,3011,12,not_a
2,4786,3831,3832,8,not_or
2,4787,6027,6028,7,or
2,4788,809,810,0,zero
2,4789,506,507,4,not_implied_by
2,4790,3075,3076,10,not_b
2,4791,5532,5533,15,one
2,4792,1532,1533,10,not_b
2,4793,3357,3358,1,and
2,4794,4741,4742,3,a
2,4795,3682,3683,2,not_implies
2,4796,3847,3848,4,not_implied_by
2,4797,4012,4013,4,not_implied_by
2,4798,87,88,4,not_implied_by
2,4799,7322,7323,11,implied_by
2,4800,972,973,3,a
2,4801,1403,1404,3,a
2,4802,5419,5420,12,not_a
2,4803,7425,7426,14,not_and
2,4804,3125,3126,13,implies
2,4805,2263,2264,6,xor
2,4806,2711,2712,4,not_implied_by
2,4807,1798,1799,13,implies
2,4808,5739,5740,12,not_a
2,4809,3851,3852,13,implies
2,4810,500,501,11,implied_by
2,4811,4438,4439,4,not_implied_by
2,4812,1473,1474,12,not_a
2,4813,856,857,15,one
2,4814,2175,2176,5,b
2,4815,766,767,10,not_b
2,4816,1824,1825,4,not_implied_by
2,4817,4455,4456,7,or
2,4818,7464,7465,11,implied_by
2,4819,1487,1488,14,not_and
2,4820,6829,6830,6,xor
2,4821,2565,2566,7,or
2,4822,4202,4203,10,not_b
2,4823,6706,6707,14,not_and
2,4824,5049,5050,14,not_and
2,4825,2705,2706,6,xor
2,4826,1102,1103,10,not_b
2,4827,817,818,14,not_and
2,4828,3666,3667,10,not_b
2,4829,3221,3222,14,not_and
2,4830,1463,1464,1,and
2,4831,2229,2230,14,not_and
2,4832,4980,4981,7,or
2,4833,1768,1769,12,not_a
2,4834,6269,6270,9,not_xor
2,4835,3390,3391,6,xor
2,4836,3909,3910,9,not_xor
2,4837,297,298,11,implied_by
2,4838,3923,3924,9,not_xor
2,4839,5356,5357,11,implied_by
2,4840,1833,1834,1,and
2,4841,6469,6470,4,not_implied_by
2,4842,173,174,14,not_and
2,4843,6628,6629,9,not_xor
2,4844,6964,6965,14,not_and
2,4845,2594,2595,12,not_a
2,4846,4726,4727,3,a
2,4847,6076,6077,9,not_xor
2,4848,1077,1078,1,and
2,4849,7238,7239,0,zero
2,4850,576,577,3,a
2,4851,113,114,14,not_and
2,4852,4536,4537,11,implied_by
2,4853,5300,5301,12,not_a
2,4854,2448,2449,11,implied_by
2,4855,6363,6364,5,b
2,4856,5433,5434,15,one
2,4857,2394,2395,11,implied_by
2,4858,4383,4384,11,implied_by
2,4859,6339,6340,4,not_implied_by
2,4860,2010,2011,10,not_b
2,4861,3709,3710,6,xor
2,4862,5736,5737,12,not_a
2,4863,4861,4862,14,not_and
2,4864,6036,6037,10,not_b
2,4865,5928,5929,10,not_b
2,4866,7216,7217,13,implies
2,4867,3765,3766,15,one
2,4868,902,903,1,and
2,4869,1313,1314,1,and
2,4870,1310,1311,2,not_implies
2,4871,2259,2260,15,one
2,4872,1844,1845,6,xor
2,4873,2123,2124,6,xor
2,4874,6553,6554,1,and
2,4875,4876,4877,5,b
2,4876,2655,2656,3,a
2,4877,6891,6892,14,not_and
2,4878,3481,3482,15,one
2,4879,887,888,10,not_b
2,4880,6752,6753,10,not_b
2,4881,1505,1506,8,not_or
2,4882,6579,6580,11,implied_by
2,4883,7142,7143,10,not_b
2,4884,7182,7183,8,not_or
2,4885,2764,2765,13,implies
2,4886,4231,4232,12,not_a
2,4887,1243,1244,5,b
2,4888,3693,3694,1,and
2,4889,6281,6282,12,not_a
2,4890,4802,4803,6,xor
2,4891,2487,2488,5,b
2,4892,2344,2345,13,implies
2,4893,591,592,5,b
2,4894,7454,7455,8,not_or
2,4895,6062,6063,2,not_implies
2,4896,7141,7142,5,b
2,4897,7961,7962,3,a
2,4898,1766,1767,6,xor
2,4899,538,539,15,one
2,4900,782,783,7,or
2,4901,5287,5288,5,b
2,4902,2820,2821,6,xor
2,4903,100,101,3,a
2,4904,858,859,12,not_a
2,4905,5533,5534,8,not_or
2,4906,6002,6003,7,or
2,4907,2275,2276,7,or
2,4908,4102,4103,12,not_a
2,4909,2319,2320,11,implied_by
2,4910,1561,1562,13,implies
2,4911,41,42,0,zero
2,4912,7762,7763,15,one
2,4913,6018,6019,10,not_b
2,4914,4103,4104,3,a
2,4915,3624,3625,3,a
2,4916,70,71,11,implied_by
2,4917,2324,2325,7,or
2,4918,6075,6076,11,implied_by
2,4919,6838,6839,12,not_a
2,4920,2623,2624,10,not_b
2,4921,5609,5610,10,not_b
2,4922,2154,2155,11,implied_by
2,4923,4881,4882,12,not_a
2,4924,1143,1144,4,not_implied_by
2,4925,2855,2856,14,not_and
2,4926,38,39,2,not_implies
2,4927,1832,1833,15,one
2,4928,3757,3758,11,implied_by
2,4929,1405,1406,5,b
2,4930,3447,3448,8,not_or
2,4931,1203,1204,10,not_b
2,4932,4407,4408,1,and
2,4933,5112,5113,13,implies
2,4934,3138,3139,6,xor
2,4935,6733,6734,14,not_and
2,4936,91,92,8,not_or
2,4937,7211,7212,12,not_a
2,4938,5052,5053,2,not_implies
2,4939,6056,6057,10,not_b
2,4940,1218,1219,6,xor
2,4941,4519,4520,15,one
2,4942,144,145,11,implied_by
2,4943,715,716,6,xor
2,4944,3045,3046,13,implies
2,4945,1800,1801,8,not_or
2,4946,2003,2004,5,b
2,4947,913,914,13,implies
2,4948,6696,6697,5,b
2,4949,3512,3513,6,xor
2,4950,1214,1215,3,a
2,4951,1967,1968,6,xor
2,4952,2147,2148,5,b
2,4953,1938,1939,5,b
2,4954,3120,3121,3,a
2,4955,751,752,2,not_implies
2,4956,2713,2714,5,b
2,4957,4665,4666,3,a
2,4958,4483,4484,15,one
2,4959,2666,2667,8,not_or
2,4960,7276,7277,2,not_implies
2,4961,3400,3401,7,or
2,4962,1420,1421,13,implies
2,4963,4003,4004,11,implied_by
2,4964,7039,7040,5,b
2,4965,1552,1553,4,not_implied_by
2,4966,1696,1697,2,not_implies
2,4967,4498,4499,3,a
2,4968,7365,7366,6,xor
2,4969,4897,4898,10,not_b
2,4970,1321,1322,12,not_a
2,4971,5232,5233,5,b
2,4972,5014,5015,4,not_implied_by
2,4973,1519,1520,3,a
2,4974,1063,1064,2,not_implies
2,4975,1674,1675,5,b
2,4976,4653,4654,12,not_a
2,4977,5142,5143,15,one
2,4978,1079,1080,2,not_implies
2,4979,7399,7400,10,not_b
2,4980,2282,2283,11,implied_by
2,4981,4313,4314,7,or
2,4982,4882,4883,13,implies
2,4983,7309,7310,3,a
2,4984,3247,3248,8,not_or
2,4985,903,904,1,and
2,4986,4406,4407,6,xor
2,4987,6449,6450,14,not_and
2,4988,3997,3998,10,not_b
2,4989,585,586,1,and
2,4990,6683,6684,9,not_xor
2,4991,1797,1798,11,implied_by
2,4992,3534,3535,1,and
2,4993,3182,3183,14,not_and
2,4994,5961,5962,11,implied_by
2,4995,7436,7437,14,not_and
2,4996,2976,2977,5,b
2,4997,5258,5259,14,not_and
2,4998,92,93,5,b
2,4999,6444,6445,6,xor
2,5000,7958,7959,1,and
2,5001,3406,3407,5,b
2,5002,2492,2493,13,implies
2,5003,699,700,5,b
2,5004,831,832,6,xor
2,5005,5470,5471,12,not_a
2,5006,7165,7166,5,b
2,5007,2844,2845,4,not_implied_by
2,5008,5403,5404,12,not_a
2,5009,5853,5854,4,not_implied_by
2,5010,7912,7913,4,not_implied_by
2,5011,4109,4110,2,not_implies
2,5012,4477,4478,10,not_b
2,5013,1437,1438,10,not_b
2,5014,2270,2271,0,zero
2,5015,5313,5314,10,not_b
2,5016,2290,2291,3,a
2,5017,1767,1768,5,b
2,5018,3156,3157,6,xor
2,5019,3558,3559,3,a
2,5020,59,60,2,not_implies
2,5021,2505,2506,15,one
2,5022,7667,7668,12,not_a
2,5023,1250,1251,2,not_implies
2,5024,3680,3681,10,not_b
2,5025,5973,5974,9,not_xor
2,5026,2643,2644,9,not_xor
2,5027,195,196,8,not_or
2,5028,190,191,12,not_a
2,5029,1554,1555,10,not_b
2,5030,3844,3845,12,not_a
2,5031,521,522,0,zero
2,5032,1834,1835,2,not_implies
2,5033,2375,2376,10,not_b
2,5034,4763,4764,6,xor
2,5035,459,460,5,b
2,5036,6790,6791,8,not_or
2,5037,165,166,8,not_or
2,5038,463,464,10,not_b
2,5039,1712,1713,13,implies
2,5040,5228,5229,5,b
2,5041,1801,1802,7,or
2,5042,287,288,15,one
2,5043,4082,4083,15,one
2,5044,376,377,11,implied_by
2,5045,56,57,13,implies
2,5046,2502,2503,5,b
2,5047,6609,6610,1,and
2,5048,4378,4379,3,a
2,5049,1174,1175,3,a
2,5050,5388,5389,4,not_implied_by
2,5051,1171,1172,11,implied_by
2,5052,2744,2745,7,or
2,5053,6944,6945,8,not_or
2,5054,3723,3724,9,not_xor
2,5055,6803,6804,0,zero
2,5056,1963,1964,1,and
2,5057,15,16,1,and
2,5058,1563,1564,9,not_xor
2,5059,1456,1457,5,b
2,5060,3152,3153,9,not_xor
2,5061,6367,6368,7,or
2,5062,2298,2299,6,xor
2,5063,4816,4817,12,not_a
2,5064,7245,7246,5,b
2,5065,1565,1566,5,b
2,5066,923,924,6,xor
2,5067,2047,2048,3,a
2,5068,2874,2875,12,not_a
2,5069,6043,6044,9,not_xor
2,5070,6914,6915,0,zero
2,5071,5322,5323,15,one
2,5072,7443,7444,4,not_implied_by
2,5073,942,943,11,implied_by
2,5074,3216,3217,12,not_a
2,5075,980,981,4,not_implied_by
2,5076,308,309,7,or
2,5077,7662,7663,10,not_b
2,5078,249,250,11,implied_by
2,5079,5290,5291,2,not_implies
2,5080,6247,6248,6,xor
2,5081,1575,1576,6,xor
2,5082,5306,5307,3,a
2,5083,6742,6743,5,b
2,5084,5768,5769,14,not_and
2,5085,921,922,6,xor
2,5086,355,356,0,zero
2,5087,199,200,4,not_implied_by
2,5088,1754,1755,12,not_a
2,5089,4839,4840,1,and
2,5090,4966,4967,8,not_or
2,5091,7159,7160,14,not_and
2,5092,4412,4413,5,b
2,5093,1442,1443,1,and
2,5094,3492,3493,2,not_implies
2,5095,7649,7650,8,not_or
2,5096,1121,1122,4,not_implied_by
2,5097,1645,1646,5,b
2,5098,4951,4952,7,or
2,5099,5405,5406,14,not_and
2,5100,3601,3602,8,not_or
2,5101,6573,6574,10,not_b
2,5102,3987,3988,14,not_and
2,5103,5195,5196,14,not_and
2,5104,3059,3060,4,not_implied_by
2,5105,2457,2458,4,not_implied_by
2,5106,2991,2992,2,not_implies
2,5107,3543,3544,11,implied_by
2,5108,7249,7250,8,not_or
2,5109,3426,3427,0,zero
2,5110,5094,5095,10,not_b
2,5111,3577,3578,6,xor
2,5112,1569,1570,2,not_implies
2,5113,6865,6866,0,zero
2,5114,2451,2452,3,a
2,5115,5170,5171,12,not_a
2,5116,2794,2795,13,implies
2,5117,4728,4729,13,implies
2,5118,3902,3903,11,implied_by
2,5119,5699,5700,3,a
2,5120,65,66,5,b
2,5121,5378,5379,8,not_or
2,5122,1319,1320,2,not_implies
2,5123,1678,1679,13,implies
2,5124,6492,6493,9,not_xor
2,5125,4007,4008,2,not_implies
2,5126,1775,1776,3,a
2,5127,1418,1419,5,b
2,5128,5833,5834,10,not_b
2,5129,4720,4721,13,implies
2,5130,5126,5127,3,a
2,5131,567,568,9,not_xor
2,5132,4089,4090,14,not_and
2,5133,7972,7973,12,not_a
2,5134,1927,1928,10,not_b
2,5135,80,81,9,not_xor
2,5136,2943,2944,9,not_xor
2,5137,5246,5247,13,implies
2,5138,2697,2698,5,b
2,5139,5970,5971,5,b
2,5140,7036,7037,4,not_implied_by
2,5141,2882,2883,13,implies
2,5142,3275,3276,3,a
2,5143,3329,3330,10,not_b
2,5144,5048,5049,9,not_xor
2,5145,6929,6930,2,not_implies
2,5146,6830,6831,4,not_implied_by
2,5147,1915,1916,13,implies
2,5148,2196,2197,0,zero
2,5149,4100,4101,10,not_b
2,5150,7285,7286,10,not_b
2,5151,5852,5853,11,implied_by
2,5152,1228,1229,14,not_and
2,5153,4506,4507,14,not_and
2,5154,3573,3574,5,b
2,5155,7989,7990,5,b
2,5156,6819,6820,1,and
2,5157,6664,6665,13,implies
2,5158,4466,4467,12,not_a
2,5159,4887,4888,2,not_implies
2,5160,3926,3927,11,implied_by
2,5161,3606,3607,12,not_a
2,5162,7722,7723,5,b
2,5163,2063,2064,7,or
2,5164,2886,2887,3,a
2,5165,3007,3008,3,a
2,5166,1159,1160,12,not_a
2,5167,6106,6107,3,a
2,5168,6172,6173,4,not_implied_by
2,5169,3044,3045,14,not_and
2,5170,7654,7655,15,one
2,5171,1625,1626,11,implied_by
2,5172,2333,2334,3,a
2,5173,1693,1694,13,implies
2,5174,3094,3095,3,a
2,5175,2009,2010,3,a
2,5176,3025,3026,0,zero
2,5177,3036,3037,7,or
2,5178,1868,1869,1,and
2,5179,707,708,0,zero
2,5180,1003,1004,9,not_xor
2,5181,1389,1390,7,or
2,5182,596,597,4,not_implied_by
2,5183,6833,6834,10,not_b
2,5184,5297,5298,1,and
2,5185,4643,4644,2,not_implies
2,5186,5236,5237,2,not_implies
2,5187,5502,5503,12,not_a
2,5188,4906,4907,9,not_xor
2,5189,6210,6211,9,not_xor
2,5190,6305,6306,12,not_a
2,5191,2919,2920,9,not_xor
2,5192,3562,3563,13,implies
2,5193,1686,1687,4,not_implied_by
2,5194,5165,5166,5,b
2,5195,667,668,7,or
2,5196,196,197,3,a
2,5197,1005,1006,2,not_implies
2,5198,5971,5972,2,not_implies
2,5199,5059,5060,15,one
2,5200,7724,7725,9,not_xor
2,5201,6813,6814,8,not_or
2,5202,246,247,11,implied_by
2,5203,1882,1883,8,not_or
2,5204,1741,1742,14,not_and
2,5205,3235,3236,11,implied_by
2,5206,1326,1327,6,xor
2,5207,3013,3014,3,a
2,5208,7133,7134,9,not_xor
2,5209,696,697,12,not_a
2,5210,2046,2047,4,not_implied_by
2,5211,5484,5485,3,a
2,5212,7495,7496,13,implies
2,5213,6905,6906,11,implied_by
2,5214,3239,3240,5,b
2,5215,2986,2987,3,a
2,5216,5407,5408,3,a
2,5217,7313,7314,5,b
2,5218,2398,2399,2,not_implies
2,5219,4587,4588,9,not_xor
2,5220,1385,1386,2,not_implies
2,5221,2249,2250,10,not_b
2,5222,4919,4920,3,a
2,5223,7514,7515,9,not_xor
2,5224,2072,2073,13,implies
2,5225,2145,2146,2,not_implies
2,5226,3411,3412,8,not_or
2,5227,1200,1201,7,or
2,5228,4842,4843,1,and
2,5229,4366,4367,4,not_implied_by
2,5230,1139,1140,5,b
2,5231,723,724,3,a
2,5232,5651,5652,8,not_or
2,5233,4361,4362,8,not_or
2,5234,5834,5835,15,one
2,5235,7023,7024,4,not_implied_by
2,5236,4230,4231,7,or
2,5237,5866,5867,2,not_implies
2,5238,6378,6379,7,or
2,5239,5087,5088,0,zero
2,5240,7428,7429,8,not_or
2,5241,5897,5898,11,implied_by
2,5242,5577,5578,14,not_and
2,5243,318,319,3,a
2,5244,3347,3348,12,not_a
2,5245,2458,2459,14,not_and
2,5246,7280,7281,12,not_a
2,5247,2902,2903,5,b
2,5248,2715,2716,1,and
2,5249,6300,6301,4,not_implied_by
2,5250,5110,5111,12,not_a
2,5251,678,679,11,implied_by
2,5252,6143,6144,9,not_xor
2,5253,3069,3070,13,implies
2,5254,501,502,10,not_b
2,5255,1591,1592,8,not_or
2,5256,2205,2206,9,not_xor
2,5257,7574,7575,14,not_and
2,5258,1891,1892,0,zero
2,5259,757,758,12,not_a
2,5260,7640,7641,11,implied_by
2,5261,2391,2392,5,b
2,5262,1950,1951,12,not_a
2,5263,672,673,2,not_implies
2,5264,2549,2550,4,not_implied_by
2,5265,3894,3895,10,not_b
2,5266,7537,7538,5,b
2,5267,5340,5341,8,not_or
2,5268,1447,1448,9,not_xor
2,5269,3082,3083,5,b
2,5270,2680,2681,4,not_implied_by
2,5271,4821,4822,3,a
2,5272,5983,5984,9,not_xor
2,5273,1650,1651,5,b
2,5274,6319,6320,10,not_b
2,5275,697,698,12,not_a
2,5276,1662,1663,1,and
2,5277,7013,7014,2,not_implies
2,5278,6396,6397,12,not_a
2,5279,7867,7868,13,implies
2,5280,4533,4534,12,not_a
2,5281,3181,3182,12,not_a
2,5282,1043,1044,5,b
2,5283,7890,7891,2,not_implies
2,5284,4328,4329,5,b
2,5285,4649,4650,5,b
2,5286,3037,3038,5,b
2,5287,7355,7356,10,not_b
2,5288,2996,2997,7,or
2,5289,6277,6278,12,not_a
2,5290,2836,2837,11,implied_by
2,5291,850,851,5,b
2,5292,1204,1205,3,a
2,5293,6044,6045,8,not_or
2,5294,349,350,7,or
2,5295,6137,6138,9,not_xor
2,5296,7092,7093,7,or
2,5297,2860,2861,12,not_a
2,5298,4470,4471,10,not_b
2,5299,4853,4854,15,one
2,5300,2176,2177,13,implies
2,5301,2803,2804,12,not_a
2,5302,4535,4536,9,not_xor
2,5303,6361,6362,12,not_a
2,5304,7962,7963,4,not_implied_by
2,5305,5172,5173,5,b
2,5306,4708,4709,15,one
2,5307,7954,7955,7,or
2,5308,2041,2042,14,not_and
2,5309,2211,2212,12,not_a
2,5310,5691,5692,3,a
2,5311,6323,6324,5,b
2,5312,22,23,10,not_b
2,5313,3240,3241,10,not_b
2,5314,7795,7796,11,implied_by
2,5315,5320,5321,4,not_implied_by
2,5316,3735,3736,1,and
2,5317,5084,5085,13,implies
2,5318,5957,5958,12,not_a
2,5319,7658,7659,12,not_a
2,5320,5510,5511,2,not_implies
2,5321,1259,1260,5,b
2,5322,5257,5258,1,and
2,5323,7561,7562,10,not_b
2,5324,6001,6002,4,not_implied_by
2,5325,2798,2799,7,or
2,5326,4747,4748,15,one
2,5327,899,900,3,a
2,5328,2564,2565,13,implies
2,5329,2982,2983,13,implies
2,5330,1052,1053,10,not_b
2,5331,7750,7751,10,not_b
2,5332,4595,4596,4,not_implied_by
2,5333,5813,5814,13,implies
2,5334,4338,4339,6,xor
2,5335,5164,5165,10,not_b
2,5336,5211,5212,3,a
2,5337,158,159,0,zero
2,5338,1528,1529,13,implies
2,5339,4676,4677,8,not_or
2,5340,6399,6400,12,not_a
2,5341,7690,7691,6,xor
2,5342,2216,2217,5,b
2,5343,7622,7623,15,one
2,5344,4903,4904,3,a
2,5345,2910,2911,8,not_or
2,5346,6280,6281,7,or
2,5347,7585,7586,3,a
2,5348,2858,2859,14,not_and
2,5349,5082,5083,2,not_implies
2,5350,7207,7208,9,not_xor
2,5351,7855,7856,6,xor
2,5352,3006,3007,7,or
2,5353,2512,2513,10,not_b
2,5354,4048,4049,10,not_b
2,5355,3292,3293,15,one
2,5356,4790,4791,12,not_a
2,5357,6890,6891,3,a
2,5358,4465,4466,14,not_and
2,5359,7474,7475,2,not_implies
2,5360,6622,6623,8,not_or
2,5361,1730,1731,12,not_a
2,5362,98,99,3,a
2,5363,3047,3048,4,not_implied_by
2,5364,4079,4080,11,implied_by
2,5365,7710,7711,7,or
2,5366,5177,5178,10,not_b
2,5367,6284,6285,2,not_implies
2,5368,6634,6635,8,not_or
2,5369,5865,5866,9,not_xor
2,5370,4683,4684,0,zero
2,5371,5074,5075,3,a
2,5372,6707,6708,15,one
2,5373,3160,3161,7,or
2,5374,901,902,15,one
2,5375,6718,6719,5,b
2,5376,2951,2952,11,implied_by
2,5377,4651,4652,9,not_xor
2,5378,3112,3113,5,b
2,5379,1864,1865,2,not_implies
2,5380,6072,6073,1,and
2,5381,3975,3976,11,implied_by
2,5382,1603,1604,6,xor
2,5383,7452,7453,9,not_xor
2,5384,6116,6117,11,implied_by
2,5385,2433,2434,10,not_b
2,5386,7089,7090,15,one
2,5387,1644,1645,2,not_implies
2,5388,4798,4799,8,not_or
2,5389,851,852,6,xor
2,5390,7500,7501,12,not_a
2,5391,2071,2072,3,a
2,5392,558,559,6,xor
2,5393,2476,2477,4,not_implied_by
2,5394,2887,2888,3,a
2,5395,6224,6225,7,or
2,5396,7896,7897,14,not_and
2,5397,3448,3449,0,zero
2,5398,444,445,12,not_a
2,5399,7468,7469,9,not_xor
2,5400,5489,5490,6,xor
2,5401,1229,1230,3,a
2,5402,7380,7381,10,not_b
2,5403,3150,3151,2,not_implies
2,5404,112,113,3,a
2,5405,1072,1073,5,b
2,5406,3945,3946,6,xor
2,5407,4451,4452,7,or
2,5408,6687,6688,6,xor
2,5409,541,542,10,not_b
2,5410,140,141,5,b
2,5411,2343,2344,12,not_a
2,5412,7861,7862,14,not_and
2,5413,1339,1340,12,not_a
2,5414,5255,5256,12,not_a
2,5415,2421,2422,12,not_a
2,5416,934,935,2,not_implies
2,5417,3535,3536,13,implies
2,5418,5335,5336,6,xor
2,5419,3133,3134,5,b
2,5420,653,654,4,not_implied_by
2,5421,3571,3572,11,implied_by
2,5422,5396,5397,5,b
2,5423,3058,3059,5,b
2,5424,4524,4525,3,a
2,5425,1152,1153,4,not_implied_by
2,5426,3883,3884,0,zero
2,5427,3578,3579,5,b
2,5428,2605,2606,12,not_a
2,5429,4300,4301,8,not_or
2,5430,4368,4369,12,not_a
2,5431,5638,5639,2,not_implies
2,5432,3213,3214,12,not_a
2,5433,6471,6472,14,not_and
2,5434,7749,7750,2,not_implies
2,5435,1688,1689,8,not_or
2,5436,1017,1018,9,not_xor
2,5437,4181,4182,10,not_b
2,5438,4052,4053,5,b
2,5439,482,483,1,and
2,5440,2609,2610,10,not_b
2,5441,1083,1084,4,not_implied_by
2,5442,7982,7983,14,not_and
2,5443,3197,3198,13,implies
2,5444,1971,1972,5,b
2,5445,2534,2535,9,not_xor
2,5446,6660,6661,1,and
2,5447,3753,3754,4,not_implied_by
2,5448,6820,6821,10,not_b
2,5449,4396,4397,5,b
2,5450,2350,2351,3,a
2,5451,4000,4001,11,implied_by
2,5452,6292,6293,11,implied_by
2,5453,6794,6795,6,xor
2,5454,6212,6213,11,implied_by
2,5455,1212,1213,10,not_b
2,5456,4127,4128,10,not_b
2,5457,1525,1526,11,implied_by
2,5458,4814,4815,9,not_xor
2,5459,7781,7782,4,not_implied_by
2,5460,5191,5192,9,not_xor
2,5461,772,773,0,zero
2,5462,6151,6152,3,a
2,5463,1315,1316,10,not_b
2,5464,5763,5764,3,a
2,5465,862,863,6,xor
2,5466,965,966,8,not_or
2,5467,2838,2839,10,not_b
2,5468,1234,1235,11,implied_by
2,5469,1166,1167,8,not_or
2,5470,7511,7512,11,implied_by
2,5471,4706,4707,2,not_implies
2,5472,2989,2990,12,not_a
2,5473,6930,6931,14,not_and
2,5474,6476,6477,15,one
2,5475,7187,7188,4,not_implied_by
2,5476,3935,3936,2,not_implies
2,5477,866,867,5,b
2,5478,6977,6978,11,implied_by
2,5479,7397,7398,11,implied_by
2,5480,7172,7173,9,not_xor
2,5481,6888,6889,15,one
2,5482,373,374,12,not_a
2,5483,3358,3359,13,implies
2,5484,3736,3737,10,not_b
2,5485,7194,7195,15,one
2,5486,293,294,3,a
2,5487,3906,3907,1,and
2,5488,5737,5738,1,and
2,5489,3886,3887,14,not_and
2,5490,4666,4667,8,not_or
2,5491,4600,4601,10,not_b
2,5492,171,172,14,not_and
2,5493,4142,4143,9,not_xor
2,5494,6010,6011,8,not_or
2,5495,3869,3870,10,not_b
2,5496,6655,6656,7,or
2,5497,7555,7556,0,zero
2,5498,2163,2164,1,and
2,5499,5570,5571,2,not_implies
2,5500,1476,1477,1,and
2,5501,2939,2940,10,not_b
2,5502,7518,7519,10,not_b
2,5503,6748,6749,5,b
2,5504,232,233,5,b
2,5505,2210,2211,7,or
2,5506,149,150,1,and
2,5507,3417,3418,7,or
2,5508,1885,1886,1,and
2,5509,2849,2850,0,zero
2,5510,1873,1874,5,b
2,5511,1989,1990,11,implied_by
2,5512,3095,3096,13,implies
2,5513,4032,4033,15,one
2,5514,4317,4318,13,implies
2,5515,3989,3990,3,a
2,5516,6824,6825,10,not_b
2,5517,5254,5255,10,not_b
2,5518,1186,1187,12,not_a
2,5519,138,139,7,or
2,5520,2823,2824,2,not_implies
2,5521,7545,7546,10,not_b
2,5522,7157,7158,10,not_b
2,5523,6984,6985,2,not_implies
2,5524,4593,4594,12,not_a
2,5525,374,375,4,not_implied_by
2,5526,1912,1913,11,implied_by
2,5527,7353,7354,5,b
2,5528,3024,3025,2,not_implies
2,5529,1620,1621,0,zero
2,5530,7392,7393,4,not_implied_by
2,5531,987,988,10,not_b
2,5532,6567,6568,4,not_implied_by
2,5533,5161,5162,10,not_b
2,5534,7685,7686,1,and
2,5535,2098,2099,3,a
2,5536,5921,5922,2,not_implies
2,5537,3157,3158,5,b
2,5538,64,65,11,implied_by
2,5539,6712,6713,4,not_implied_by
2,5540,5389,5390,14,not_and
2,5541,1588,1589,1,and
2,5542,2339,2340,1,and
2,5543,1827,1828,11,implied_by
2,5544,1756,1757,1,and
2,5545,5483,5484,4,not_implied_by
2,5546,2578,2579,14,not_and
2,5547,120,121,4,not_implied_by
2,5548,5196,5197,8,not_or
2,5549,4256,4257,11,implied_by
2,5550,7283,7284,14,not_and
2,5551,1964,1965,11,implied_by
2,5552,5285,5286,10,not_b
2,5553,167,168,2,not_implies
2,5554,4196,4197,5,b
2,5555,671,672,12,not_a
2,5556,6615,6616,12,not_a
2,5557,2718,2719,12,not_a
2,5558,2691,2692,10,not_b
2,5559,3434,3435,2,not_implies
2,5560,2528,2529,12,not_a
2,5561,895,896,1,and
2,5562,2574,2575,8,not_or
2,5563,4118,4119,13,implies
2,5564,5520,5521,0,zero
2,5565,4062,4063,0,zero
2,5566,5046,5047,6,xor
2,5567,4129,4130,13,implies
2,5568,4330,4331,10,not_b
2,5569,4292,4293,13,implies
2,5570,5623,5624,9,not_xor
2,5571,1817,1818,8,not_or
2,5572,2244,2245,9,not_xor
2,5573,6029,6030,5,b
2,5574,5189,5190,5,b
2,5575,3017,3018,10,not_b
2,5576,2772,2773,7,or
2,5577,5283,5284,13,implies
2,5578,515,516,6,xor
2,5579,2285,2286,6,xor
2,5580,5977,5978,3,a
2,5581,7709,7710,4,not_implied_by
2,5582,5712,5713,12,not_a
2,5583,7415,7416,12,not_a
2,5584,4556,4557,12,not_a
2,5585,6756,6757,5,b
2,5586,3948,3949,10,not_b
2,5587,6786,6787,2,not_implies
2,5588,4018,4019,7,or
2,5589,2243,2244,2,not_implies
2,5590,7913,7914,13,implies
2,5591,2542,2543,2,not_implies
2,5592,564,565,9,not_xor
2,5593,3813,3814,3,a
2,5594,6068,6069,0,zero
2,5595,553,554,10,not_b
2,5596,5759,5760,14,not_and
2,5597,7200,7201,3,a
2,5598,7694,7695,12,not_a
2,5599,3093,3094,5,b
2,5600,1985,1986,9,not_xor
2,5601,7552,7553,10,not_b
2,5602,1162,1163,11,implied_by
2,5603,708,709,13,implies
2,5604,7984,7985,2,not_implies
2,5605,5515,5516,12,not_a
2,5606,869,870,3,a
2,5607,7317,7318,12,not_a
2,5608,816,817,8,not_or
2,5609,4221,4222,3,a
2,5610,3208,3209,5,b
2,5611,1438,1439,14,not_and
2,5612,1296,1297,8,not_or
2,5613,5106,5107,14,not_and
2,5614,1470,1471,9,not_xor
2,5615,7288,7289,15,one
2,5616,617,618,5,b
2,5617,5873,5874,11,implied_by
2,5618,11,12,13,implies
2,5619,823,824,11,implied_by
2,5620,6821,6822,12,not_a
2,5621,1706,1707,11,implied_by
2,5622,725,726,10,not_b
2,5623,7802,7803,7,or
2,5624,3696,3697,14,not_and
2,5625,592,593,7,or
2,5626,5593,5594,5,b
2,5627,3702,3703,14,not_and
2,5628,2645,2646,6,xor
2,5629,1691,1692,11,implied_by
2,5630,5186,5187,2,not_implies
2,5631,2602,2603,8,not_or
2,5632,3064,3065,9,not_xor
2,5633,7303,7304,4,not_implied_by
2,5634,2360,2361,3,a
2,5635,7949,7950,7,or
2,5636,5239,5240,12,not_a
2,5637,3643,3644,9,not_xor
2,5638,919,920,14,not_and
2,5639,1101,1102,5,b
2,5640,3816,3817,14,not_and
2,5641,5443,5444,2,not_implies
2,5642,396,397,9,not_xor
2,5643,7020,7021,11,implied_by
2,5644,6632,6633,2,not_implies
2,5645,6245,6246,2,not_implies
2,5646,6484,6485,8,not_or
2,5647,4644,4645,15,one
2,5648,5614,5615,6,xor
2,5649,1661,1662,6,xor
2,5650,6343,6344,8,not_or
2,5651,6232,6233,4,not_implied_by
2,5652,2459,2460,10,not_b
2,5653,245,246,12,not_a
2,5654,4213,4214,10,not_b
2,5655,6377,6378,0,zero
2,5656,4553,4554,8,not_or
2,5657,5636,5637,5,b
2,5658,1455,1456,3,a
2,5659,2560,2561,4,not_implied_by
2,5660,7666,7667,4,not_implied_by
2,5661,5900,5901,8,not_or
2,5662,1500,1501,14,not_and
2,5663,2040,2041,4,not_implied_by
2,5664,6767,6768,8,not_or
2,5665,46,47,13,implies
2,5666,1280,1281,3,a
2,5667,220,221,5,b
2,5668,5413,5414,7,or
2,5669,4387,4388,0,zero
2,5670,2084,2085,11,implied_by
2,5671,5844,5845,8,not_or
2,5672,1781,1782,12,not_a
2,5673,803,804,6,xor
2,5674,359,360,13,implies
2,5675,5642,5643,3,a
2,5676,7252,7253,3,a
2,5677,575,576,1,and
2,5678,1783,1784,2,not_implies
2,5679,661,662,15,one
2,5680,201,202,5,b
2,5681,6381,6382,12,not_a
2,5682,6352,6353,9,not_xor
2,5683,487,488,13,implies
2,5684,4915,4916,3,a
2,5685,1865,1866,2,not_implies
2,5686,3436,3437,9,not_xor
2,5687,2080,2081,0,zero
2,5688,4976,4977,1,and
2,5689,563,564,2,not_implies
2,5690,5917,5918,5,b
2,5691,2238,2239,0,zero
2,5692,6807,6808,12,not_a
2,5693,1474,1475,5,b
2,5694,686,687,6,xor
2,5695,6069,6070,5,b
2,5696,5438,5439,15,one
2,5697,7506,7507,11,implied_by
2,5698,3988,3989,5,b
2,5699,5697,5698,1,and
2,5700,5050,5051,6,xor
2,5701,6294,6295,0,zero
2,5702,7359,7360,8,not_or
2,5703,5481,5482,4,not_implied_by
2,5704,5440,5441,10,not_b
2,5705,5907,5908,2,not_implies
2,5706,5706,5707,11,implied_by
2,5707,7420,7421,0,zero
2,5708,1534,1535,13,implies
2,5709,223,224,8,not_or
2,5710,867,868,12,not_a
2,5711,2557,2558,9,not_xor
2,5712,613,614,13,implies
2,5713,973,974,12,not_a
2,5714,6785,6786,14,not_and
2,5715,2791,2792,5,b
2,5716,1683,1684,0,zero
2,5717,3110,3111,9,not_xor
2,5718,1813,1814,1,and
2,5719,4599,4600,2,not_implies
2,5720,989,990,6,xor
2,5721,2052,2053,12,not_a
2,5722,7064,7065,3,a
2,5723,6459,6460,1,and
2,5724,419,420,6,xor
2,5725,530,531,15,one
2,5726,242,243,11,implied_by
2,5727,4414,4415,6,xor
2,5728,6102,6103,14,not_and
2,5729,2947,2948,5,b
2,5730,5008,5009,0,zero
2,5731,3992,3993,9,not_xor
2,5732,7529,7530,10,not_b
2,5733,5658,5659,3,a
2,5734,2059,2060,7,or
2,5735,6295,6296,14,not_and
2,5736,6990,6991,10,not_b
2,5737,1529,1530,14,not_and
2,5738,3188,3189,5,b
2,5739,4099,4100,13,implies
2,5740,4085,4086,1,and
2,5741,682,683,10,not_b
2,5742,6575,6576,12,not_a
2,5743,4121,4122,8,not_or
2,5744,6447,6448,11,implied_by
2,5745,464,465,12,not_a
2,5746,2962,2963,5,b
2,5747,387,388,11,implied_by
2,5748,3824,3825,12,not_a
2,5749,7168,7169,1,and
2,5750,2907,2908,10,not_b
2,5751,7834,7835,4,not_implied_by
2,5752,3341,3342,7,or
2,5753,6428,6429,10,not_b
2,5754,968,969,14,not_and
2,5755,166,167,10,not_b
2,5756,5279,5280,3,a
2,5757,2984,2985,13,implies
2,5758,1855,1856,2,not_implies
2,5759,1247,1248,2,not_implies
2,5760,2926,2927,5,b
2,5761,2427,2428,5,b
2,5762,3255,3256,12,not_a
2,5763,1776,1777,0,zero
2,5764,7830,7831,9,not_xor
2,5765,992,993,7,or
2,5766,3423,3424,3,a
2,5767,5572,5573,0,zero
2,5768,3850,3851,10,not_b
2,5769,3511,3512,13,implies
2,5770,559,560,0,zero
2,5771,1011,1012,13,implies
2,5772,2395,2396,5,b
2,5773,6787,6788,12,not_a
2,5774,3244,3245,10,not_b
2,5775,3229,3230,4,not_implied_by
2,5776,2300,2301,2,not_implies
2,5777,3263,3264,4,not_implied_by
2,5778,5343,5344,15,one
2,5779,4055,4056,7,or
2,5780,7595,7596,12,not_a
2,5781,1374,1375,12,not_a
2,5782,2818,2819,7,or
2,5783,136,137,10,not_b
2,5784,1949,1950,12,not_a
2,5785,7978,7979,3,a
2,5786,5380,5381,0,zero
2,5787,6348,6349,4,not_implied_by
2,5788,2153,2154,1,and
2,5789,7090,7091,13,implies
2,5790,2586,2587,2,not_implies
2,5791,1586,1587,3,a
2,5792,5024,5025,9,not_xor
2,5793,3018,3019,8,not_or
2,5794,6997,6998,14,not_and
2,5795,4525,4526,10,not_b
2,5796,1998,1999,3,a
2,5797,277,278,12,not_a
2,5798,4432,4433,0,zero
2,5799,1040,1041,7,or
2,5800,4274,4275,7,or
2,5801,7504,7505,9,not_xor
2,5802,2066,2067,4,not_implied_by
2,5803,6119,6120,3,a
2,5804,7467,7468,8,not_or
2,5805,1550,1551,5,b
2,5806,7817,7818,12,not_a
2,5807,7947,7948,14,not_and
2,5808,1535,1536,9,not_xor
2,5809,6392,6393,14,not_and
2,5810,2940,2941,13,implies
2,5811,4705,4706,12,not_a
2,5812,4028,4029,14,not_and
2,5813,570,571,10,not_b
2,5814,372,373,13,implies
2,5815,2361,2362,6,xor
2,5816,14,15,4,not_implied_by
2,5817,2784,2785,5,b
2,5818,4243,4244,3,a
2,5819,584,585,8,not_or
2,5820,3663,3664,9,not_xor
2,5821,4957,4958,5,b
2,5822,2762,2763,10,not_b
2,5823,5793,5794,10,not_b
2,5824,4163,4164,13,implies
2,5825,1522,1523,4,not_implied_by
2,5826,3178,3179,8,not_or
2,5827,4770,4771,7,or
2,5828,4967,4968,8,not_or
2,5829,2261,2262,5,b
2,5830,1626,1627,15,one
2,5831,4306,4307,1,and
2,5832,3421,3422,3,a
2,5833,6103,6104,9,not_xor
2,5834,2157,2158,10,not_b
2,5835,3755,3756,8,not_or
2,5836,1391,1392,4,not_implied_by
2,5837,1647,1648,12,not_a
2,5838,4051,4052,8,not_or
2,5839,4642,4643,5,b
2,5840,7702,7703,14,not_and
2,5841,4884,4885,13,implies
2,5842,5925,5926,2,not_implies
2,5843,1182,1183,4,not_implied_by
2,5844,5076,5077,11,implied_by
2,5845,7367,7368,12,not_a
2,5846,5275,5276,10,not_b
2,5847,224,225,7,or
2,5848,1285,1286,8,not_or
2,5849,3403,3404,3,a
2,5850,3783,3784,15,one
2,5851,4203,4204,4,not_implied_by
2,5852,4960,4961,3,a
2,5853,940,941,15,one
2,5854,20,21,5,b
2,5855,9,10,2,not_implies
2,5856,6911,6912,2,not_implies
2,5857,4295,4296,9,not_xor
2,5858,3887,3888,3,a
2,5859,4436,4437,2,not_implies
2,5860,6147,6148,15,one
2,5861,363,364,9,not_xor
2,5862,1147,1148,3,a
2,5863,2430,2431,15,one
2,5864,2234,2235,9,not_xor
2,5865,4866,4867,13,implies
2,5866,2019,2020,10,not_b
2,5867,2885,2886,15,one
2,5868,957,958,2,not_implies
2,5869,6202,6203,3,a
2,5870,5939,5940,11,implied_by
2,5871,3699,3700,2,not_implies
2,5872,6858,6859,9,not_xor
2,5873,2522,2523,6,xor
2,5874,4065,4066,0,zero
2,5875,5850,5851,15,one
2,5876,7243,7244,3,a
2,5877,5267,5268,10,not_b
2,5878,7655,7656,11,implied_by
2,5879,1349,1350,0,zero
2,5880,7821,7822,4,not_implied_by
2,5881,227,228,9,not_xor
2,5882,3211,3212,7,or
2,5883,3729,3730,5,b
2,5884,1140,1141,0,zero
2,5885,6034,6035,4,not_implied_by
2,5886,5270,5271,2,not_implies
2,5887,6620,6621,3,a
2,5888,1132,1133,5,b
2,5889,2635,2636,10,not_b
2,5890,436,437,0,zero
2,5891,732,733,10,not_b
2,5892,5654,5655,6,xor
2,5893,3814,3815,11,implied_by
2,5894,3285,3286,3,a
2,5895,143,144,6,xor
2,5896,1543,1544,5,b
2,5897,3141,3142,1,and
2,5898,781,782,5,b
2,5899,2752,2753,7,or
2,5900,1646,1647,9,not_xor
2,5901,104,105,11,implied_by
2,5902,3427,3428,12,not_a
2,5903,5874,5875,11,implied_by
2,5904,6168,6169,6,xor
2,5905,6397,6398,6,xor
2,5906,4342,4343,1,and
2,5907,7463,7464,10,not_b
2,5908,1126,1127,9,not_xor
2,5909,988,989,10,not_b
2,5910,1477,1478,5,b
2,5911,813,814,13,implies
2,5912,1623,1624,11,implied_by
2,5913,6370,6371,4,not_implied_by
2,5914,620,621,11,implied_by
2,5915,276,277,6,xor
2,5916,3917,3918,7,or
2,5917,1721,1722,13,implies
2,5918,7629,7630,6,xor
2,5919,5209,5210,5,b
2,5920,3137,3138,0,zero
2,5921,4440,4441,4,not_implied_by
2,5922,6355,6356,12,not_a
2,5923,3321,3322,13,implies
2,5924,1908,1909,7,or
2,5925,192,193,6,xor
2,5926,1064,1065,5,b
2,5927,351,352,12,not_a
2,5928,1134,1135,3,a
2,5929,6435,6436,12,not_a
2,5930,2641,2642,10,not_b
2,5931,3564,3565,5,b
2,5932,4304,4305,10,not_b
2,5933,3373,3374,12,not_a
2,5934,4481,4482,11,implied_by
2,5935,588,589,10,not_b
2,5936,3774,3775,8,not_or
2,5937,4097,4098,13,implies
2,5938,2987,2988,3,a
2,5939,580,581,1,and
2,5940,4704,4705,7,or
2,5941,2070,2071,1,and
2,5942,2277,2278,12,not_a
2,5943,2355,2356,11,implied_by
2,5944,3195,3196,14,not_and
2,5945,5893,5894,3,a
2,5946,5173,5174,9,not_xor
2,5947,137,138,13,implies
2,5948,456,457,6,xor
2,5949,389,390,1,and
2,5950,6841,6842,15,one
2,5951,4668,4669,9,not_xor
2,5952,3593,3594,3,a
2,5953,7122,7123,14,not_and
2,5954,3243,3244,5,b
2,5955,2116,2117,13,implies
2,5956,6998,6999,4,not_implied_by
2,5957,5109,5110,1,and
2,5958,854,855,15,one
2,5959,5795,5796,5,b
2,5960,1213,1214,8,not_or
2,5961,4867,4868,12,not_a
2,5962,7720,7721,6,xor
2,5963,5934,5935,4,not_implied_by
2,5964,7663,7664,13,implies
2,5965,6183,6184,7,or
2,5966,7631,7632,13,implies
2,5967,2202,2203,11,implied_by
2,5968,2371,2372,0,zero
2,5969,4538,4539,8,not_or
2,5970,944,945,13,implies
2,5971,5678,5679,3,a
2,5972,7072,7073,10,not_b
2,5973,1328,1329,10,not_b
2,5974,5464,5465,11,implied_by
2,5975,3537,3538,12,not_a
2,5976,5434,5435,9,not_xor
2,5977,3372,3373,5,b
2,5978,1301,1302,3,a
2,5979,4462,4463,9,not_xor
2,5980,3602,3603,11,implied_by
2,5981,5043,5044,2,not_implies
2,5982,2570,2571,14,not_and
2,5983,31,32,1,and
2,5984,4986,4987,3,a
2,5985,5573,5574,12,not_a
2,5986,7833,7834,8,not_or
2,5987,1210,1211,5,b
2,5988,4995,4996,6,xor
2,5989,316,317,1,and
2,5990,549,550,12,not_a
2,5991,3600,3601,12,not_a
2,5992,7829,7830,12,not_a
2,5993,3046,3047,2,not_implies
2,5994,2151,2152,14,not_and
2,5995,3301,3302,7,or
2,5996,2491,2492,14,not_and
2,5997,5659,5660,0,zero
2,5998,3576,3577,4,not_implied_by
2,5999,7423,7424,2,not_implies
2,6000,5397,5398,15,one
2,6001,1318,1319,3,a
2,6002,6661,6662,5,b
2,6003,2144,2145,3,a
2,6004,5640,5641,5,b
2,6005,3305,3306,4,not_implied_by
2,6006,7677,7678,13,implies
2,6007,7045,7046,3,a
2,6008,5386,5387,12,not_a
2,6009,5350,5351,14,not_and
2,6010,3053,3054,9,not_xor
2,6011,2852,2853,12,not_a
2,6012,4134,4135,10,not_b
2,6013,7645,7646,5,b
2,6014,1736,1737,11,implied_by
2,6015,6427,6428,2,not_implies
2,6016,5251,5252,5,b
2,6017,174,175,4,not_implied_by
2,6018,1926,1927,10,not_b
2,6019,6486,6487,6,xor
2,6020,4377,4378,8,not_or
2,6021,1974,1975,12,not_a
2,6022,5114,5115,8,not_or
2,6023,7287,7288,10,not_b
2,6024,4073,4074,6,xor
2,6025,6811,6812,9,not_xor
2,6026,4388,4389,5,b
2,6027,1423,1424,7,or
2,6028,4285,4286,11,implied_by
2,6029,703,704,3,a
2,6030,3435,3436,2,not_implies
2,6031,1302,1303,13,implies
2,6032,4492,4493,5,b
2,6033,886,887,6,xor
2,6034,5868,5869,5,b
2,6035,3633,3634,9,not_xor
2,6036,6236,6237,14,not_and
2,6037,2799,2800,9,not_xor
2,6038,2313,2314,6,xor
2,6039,1753,1754,11,implied_by
2,6040,7408,7409,5,b
2,6041,6325,6326,10,not_b
2,6042,2158,2159,0,zero
2,6043,1189,1190,4,not_implied_by
2,6044,2675,2676,14,not_and
2,6045,7484,7485,13,implies
2,6046,2286,2287,7,or
2,6047,5051,5052,8,not_or
2,6048,7394,7395,10,not_b
2,6049,4234,4235,12,not_a
2,6050,7553,7554,7,or
2,6051,5735,5736,8,not_or
2,6052,1069,1070,5,b
2,6053,3214,3215,1,and
2,6054,5332,5333,0,zero
2,6055,705,706,10,not_b
2,6056,2536,2537,15,one
2,6057,6734,6735,7,or
2,6058,1145,1146,8,not_or
2,6059,3645,3646,2,not_implies
2,6060,3575,3576,11,implied_by
2,6061,7445,7446,5,b
2,6062,3881,3882,10,not_b
2,6063,2445,2446,15,one
2,6064,6394,6395,11,implied_by
2,6065,709,710,5,b
2,6066,1170,1171,13,implies
2,6067,6521,6522,14,not_and
2,6068,7015,7016,12,not_a
2,6069,384,385,5,b
2,6070,6866,6867,6,xor
2,6071,2624,2625,13,implies
2,6072,2850,2851,4,not_implied_by
2,6073,7235,7236,7,or
2,6074,2480,2481,13,implies
2,6075,1618,1619,4,not_implied_by
2,6076,7084,7085,7,or
2,6077,6030,6031,2,not_implies
2,6078,2757,2758,5,b
2,6079,2750,2751,7,or
2,6080,99,100,6,xor
2,6081,7994,7995,10,not_b
2,6082,5409,5410,2,not_implies
2,6083,1720,1721,8,not_or
2,6084,863,864,6,xor
2,6085,7358,7359,12,not_a
2,6086,7815,7816,9,not_xor
2,6087,6187,6188,12,not_a
2,6088,1568,1569,5,b
2,6089,1304,1305,14,not_and
2,6090,5492,5493,12,not_a
2,6091,6368,6369,7,or
2,6092,7186,7187,6,xor
2,6093,7014,7015,10,not_b
2,6094,2639,2640,10,not_b
2,6095,5318,5319,4,not_implied_by
2,6096,5955,5956,3,a
2,6097,4579,4580,8,not_or
2,6098,5540,5541,3,a
2,6099,4111,4112,4,not_implied_by
2,6100,5909,5910,10,not_b
2,6101,4601,4602,12,not_a
2,6102,3605,3606,12,not_a
2,6103,3111,3112,9,not_xor
2,6104,6032,6033,4,not_implied_by
2,6105,6503,6504,5,b
2,6106,6626,6627,2,not_implies
2,6107,4140,4141,1,and
2,6108,285,286,12,not_a
2,6109,4598,4599,1,and
2,6110,4439,4440,1,and
2,6111,1838,1839,15,one
2,6112,4988,4989,10,not_b
2,6113,4721,4722,11,implied_by
2,6114,4674,4675,0,zero
2,6115,7354,7355,8,not_or
2,6116,1641,1642,11,implied_by
2,6117,7000,7001,12,not_a
2,6118,3343,3344,5,b
2,6119,7785,7786,14,not_and
2,6120,3325,3326,14,not_and
2,6121,2961,2962,15,one
2,6122,6318,6319,3,a
2,6123,5034,5035,14,not_and
2,6124,6249,6250,7,or
2,6125,3339,3340,6,xor
2,6126,6374,6375,12,not_a
2,6127,3198,3199,5,b
2,6128,5797,5798,8,not_or
2,6129,2393,2394,14,not_and
2,6130,7892,7893,15,one
2,6131,5725,5726,14,not_and
2,6132,5330,5331,8,not_or
2,6133,7705,7706,13,implies
2,6134,7456,7457,2,not_implies
2,6135,3808,3809,1,and
2,6136,1733,1734,1,and
2,6137,7831,7832,8,not_or
2,6138,6549,6550,9,not_xor
2,6139,586,587,3,a
2,6140,4843,4844,6,xor
2,6141,2078,2079,5,b
2,6142,3353,3354,14,not_and
2,6143,4641,4642,1,and
2,6144,7602,7603,4,not_implied_by
2,6145,3585,3586,11,implied_by
2,6146,4092,4093,15,one
2,6147,7057,7058,9,not_xor
2,6148,2881,2882,4,not_implied_by
2,6149,2260,2261,14,not_and
2,6150,6198,6199,11,implied_by
2,6151,1141,1142,15,one
2,6152,6113,6114,10,not_b
2,6153,7349,7350,15,one
2,6154,5705,5706,8,not_or
2,6155,1961,1962,5,b
2,6156,1107,1108,4,not_implied_by
2,6157,2600,2601,13,implies
2,6158,3555,3556,4,not_implied_by
2,6159,2105,2106,6,xor
2,6160,3561,3562,4,not_implied_by
2,6161,1851,1852,0,zero
2,6162,4954,4955,13,implies
2,6163,7792,7793,6,xor
2,6164,2638,2639,15,one
2,6165,2183,2184,3,a
2,6166,5280,5281,11,implied_by
2,6167,7030,7031,3,a
2,6168,5229,5230,10,not_b
2,6169,2780,2781,10,not_b
2,6170,6686,6687,5,b
2,6171,3407,3408,10,not_b
2,6172,3364,3365,8,not_or
2,6173,6608,6609,6,xor
2,6174,7569,7570,2,not_implies
2,6175,4267,4268,12,not_a
2,6176,5966,5967,2,not_implies
2,6177,1308,1309,6,xor
2,6178,7308,7309,12,not_a
2,6179,3870,3871,14,not_and
2,6180,828,829,10,not_b
2,6181,4233,4234,6,xor
2,6182,787,788,15,one
2,6183,949,950,0,zero
2,6184,1177,1178,3,a
2,6185,6493,6494,8,not_or
2,6186,1729,1730,11,implied_by
2,6187,3490,3491,4,not_implied_by
2,6188,323,324,0,zero
2,6189,7024,7025,14,not_and
2,6190,5617,5618,12,not_a
2,6191,1430,1431,3,a
2,6192,4663,4664,12,not_a
2,6193,6436,6437,11,implied_by
2,6194,1379,1380,14,not_and
2,6195,2722,2723,2,not_implies
2,6196,5781,5782,3,a
2,6197,4680,4681,4,not_implied_by
2,6198,6542,6543,7,or
2,6199,1821,1822,1,and
2,6200,6931,6932,9,not_xor
2,6201,314,315,8,not_or
2,6202,8,9,1,and
2,6203,6309,6310,14,not_and
2,6204,3173,3174,6,xor
2,6205,1994,1995,10,not_b
2,6206,7876,7877,0,zero
2,6207,1697,1698,7,or
2,6208,319,320,14,not_and
2,6209,5128,5129,9,not_xor
2,6210,200,201,14,not_and
2,6211,5346,5347,6,xor
2,6212,733,734,0,zero
2,6213,447,448,1,and
2,6214,3587,3588,10,not_b
2,6215,3646,3647,3,a
2,6216,6413,6414,4,not_implied_by
2,6217,278,279,4,not_implied_by
2,6218,2015,2016,1,and
2,6219,3518,3519,0,zero
2,6220,6880,6881,0,zero
2,6221,5541,5542,2,not_implies
2,6222,7996,7997,3,a
2,6223,6762,6763,15,one
2,6224,4824,4825,9,not_xor
2,6225,225,226,7,or
2,6226,228,229,9,not_xor
2,6227,2302,2303,10,not_b
2,6228,6041,6042,3,a
2,6229,7531,7532,3,a
2,6230,1521,1522,14,not_and
2,6231,4367,4368,3,a
2,6232,5131,5132,5,b
2,6233,2417,2418,15,one
2,6234,3685,3686,5,b
2,6235,4083,4084,9,not_xor
2,6236,4522,4523,5,b
2,6237,3786,3787,2,not_implies
2,6238,2921,2922,10,not_b
2,6239,3950,3951,3,a
2,6240,4382,4383,10,not_b
2,6241,4026,4027,11,implied_by
2,6242,4614,4615,11,implied_by
2,6243,7176,7177,14,not_and
2,6244,2337,2338,6,xor
2,6245,7940,7941,9,not_xor
2,6246,6479,6480,2,not_implies
2,6247,322,323,14,not_and
2,6248,424,425,12,not_a
2,6249,3979,3980,4,not_implied_by
2,6250,2409,2410,8,not_or
2,6251,1889,1890,8,not_or
2,6252,2953,2954,14,not_and
2,6253,6775,6776,6,xor
2,6254,6778,6779,5,b
2,6255,4709,4710,2,not_implies
2,6256,4450,4451,2,not_implies
2,6257,6225,6226,8,not_or
2,6258,312,313,11,implied_by
2,6259,512,513,10,not_b
2,6260,3207,3208,14,not_and
2,6261,3225,3226,6,xor
2,6262,7462,7463,13,implies
2,6263,5057,5058,14,not_and
2,6264,7661,7662,10,not_b
2,6265,5479,5480,8,not_or
2,6266,5456,5457,5,b
2,6267,3183,3184,1,and
2,6268,5726,5727,5,b
2,6269,1023,1024,10,not_b
2,6270,7003,7004,0,zero
2,6271,4883,4884,9,not_xor
2,6272,7698,7699,12,not_a
2,6273,4922,4923,6,xor
2,6274,4514,4515,3,a
2,6275,2201,2202,15,one
2,6276,6303,6304,6,xor
2,6277,4139,4140,6,xor
2,6278,5437,5438,3,a
2,6279,4404,4405,5,b
2,6280,6357,6358,11,implied_by
2,6281,72,73,12,not_a
2,6282,4241,4242,10,not_b
2,6283,7701,7702,5,b
2,6284,7942,7943,13,implies
2,6285,7977,7978,9,not_xor
2,6286,3142,3143,8,not_or
2,6287,1515,1516,10,not_b
2,6288,7697,7698,10,not_b
2,6289,6758,6759,8,not_or
2,6290,491,492,2,not_implies
2,6291,2802,2803,2,not_implies
2,6292,6066,6067,3,a
2,6293,4428,4429,13,implies
2,6294,1932,1933,2,not_implies
2,6295,6080,6081,9,not_xor
2,6296,2329,2330,2,not_implies
2,6297,3524,3525,11,implied_by
2,6298,4280,4281,11,implied_by
2,6299,5321,5322,2,not_implies
2,6300,2924,2925,5,b
2,6301,674,675,13,implies
2,6302,1600,1601,5,b
2,6303,1327,1328,5,b
2,6304,1984,1985,8,not_or
2,6305,7572,7573,0,zero
2,6306,5369,5370,15,one
2,6307,95,96,0,zero
2,6308,3219,3220,3,a
2,6309,2819,2820,8,not_or
2,6310,3968,3969,10,not_b
2,6311,7883,7884,2,not_implies
2,6312,6440,6441,3,a
2,6313,3970,3971,12,not_a
2,6314,1258,1259,6,xor
2,6315,1517,1518,6,xor
2,6316,5183,5184,3,a
2,6317,6540,6541,2,not_implies
2,6318,2736,2737,3,a
2,6319,1653,1654,6,xor
2,6320,1976,1977,14,not_and
2,6321,3519,3520,9,not_xor
2,6322,909,910,0,zero
2,6323,5718,5719,9,not_xor
2,6324,2358,2359,8,not_or
2,6325,7887,7888,3,a
2,6326,7228,7229,7,or
2,6327,4812,4813,6,xor
2,6328,5003,5004,7,or
2,6329,637,638,7,or
2,6330,4765,4766,3,a
2,6331,4095,4096,3,a
2,6332,5655,5656,10,not_b
2,6333,7213,7214,3,a
2,6334,7391,7392,8,not_or
2,6335,7700,7701,7,or
2,6336,6332,6333,10,not_b
2,6337,3622,3623,5,b
2,6338,2806,2807,15,one
2,6339,5060,5061,6,xor
2,6340,4159,4160,3,a
2,6341,6883,6884,12,not_a
2,6342,792,793,11,implied_by
2,6343,5923,5924,9,not_xor
2,6344,2001,2002,4,not_implied_by
2,6345,806,807,8,not_or
2,6346,5078,5079,8,not_or
2,6347,2777,2778,12,not_a
2,6348,4825,4826,3,a
2,6349,3092,3093,8,not_or
2,6350,5898,5899,10,not_b
2,6351,4858,4859,10,not_b
2,6352,6254,6255,10,not_b
2,6353,3149,3150,5,b
2,6354,5474,5475,5,b
2,6355,5770,5771,7,or
2,6356,1483,1484,5,b
2,6357,4503,4504,4,not_implied_by
2,6358,5700,5701,9,not_xor
2,6359,1419,1420,9,not_xor
2,6360,3021,3022,10,not_b
2,6361,2613,2614,9,not_xor
2,6362,4212,4213,8,not_or
2,6363,7898,7899,2,not_implies
2,6364,3129,3130,11,implied_by
2,6365,3858,3859,15,one
2,6366,1014,1015,5,b
2,6367,2325,2326,3,a
2,6368,7740,7741,10,not_b
2,6369,4493,4494,1,and
2,6370,7979,7980,14,not_and
2,6371,6287,6288,0,zero
2,6372,2720,2721,10,not_b
2,6373,4166,4167,8,not_or
2,6374,1896,1897,1,and
2,6375,63,64,6,xor
2,6376,5851,5852,5,b
2,6377,4984,4985,12,not_a
2,6378,2999,3000,9,not_xor
2,6379,3971,3972,1,and
2,6380,7442,7443,11,implied_by
2,6381,3804,3805,13,implies
2,6382,4141,4142,7,or
2,6383,2868,2869,5,b
2,6384,5406,5407,6,xor
2,6385,7255,7256,1,and
2,6386,6022,6023,10,not_b
2,6387,1987,1988,10,not_b
2,6388,6529,6530,12,not_a
2,6389,6478,6479,14,not_and
2,6390,5200,5201,2,not_implies
2,6391,3730,3731,7,or
2,6392,5871,5872,5,b
2,6393,7470,7471,1,and
2,6394,2420,2421,3,a
2,6395,168,169,2,not_implies
2,6396,7400,7401,3,a
2,6397,5582,5583,6,xor
2,6398,2265,2266,8,not_or
2,6399,4247,4248,11,implied_by
2,6400,994,995,12,not_a
2,6401,7551,7552,6,xor
2,6402,673,674,2,not_implies
2,6403,1819,1820,6,xor
2,6404,7827,7828,2,not_implies
2,6405,1449,1450,14,not_and
2,6406,4918,4919,5,b
2,6407,7010,7011,14,not_and
2,6408,2294,2295,1,and
2,6409,6955,6956,3,a
2,6410,1495,1496,12,not_a
2,6411,6026,6027,5,b
2,6412,6765,6766,2,not_implies
2,6413,2224,2225,12,not_a
2,6414,2546,2547,6,xor
2,6415,6180,6181,13,implies
2,6416,7438,7439,14,not_and
2,6417,1594,1595,5,b
2,6418,638,639,13,implies
2,6419,693,694,12,not_a
2,6420,5967,5968,3,a
2,6421,4776,4777,14,not_and
2,6422,516,517,12,not_a
2,6423,362,363,5,b
2,6424,1016,1017,14,not_and
2,6425,6517,6518,14,not_and
2,6426,2656,2657,9,not_xor
2,6427,83,84,9,not_xor
2,6428,2843,2844,10,not_b
2,6429,5594,5595,7,or
2,6430,5265,5266,7,or
2,6431,7620,7621,5,b
2,6432,7522,7523,6,xor
2,6433,1848,1849,5,b
2,6434,4807,4808,3,a
2,6435,1284,1285,13,implies
2,6436,1605,1606,0,zero
2,6437,2452,2453,7,or
2,6438,1811,1812,5,b
2,6439,4184,4185,11,implied_by
2,6440,3189,3190,14,not_and
2,6441,2291,2292,14,not_and
2,6442,852,853,3,a
2,6443,4074,4075,14,not_and
2,6444,1323,1324,5,b
2,6445,2773,2774,2,not_implies
2,6446,7490,7491,4,not_implied_by
2,6447,7964,7965,10,not_b
2,6448,1390,1391,12,not_a
2,6449,1231,1232,6,xor
2,6450,1081,1082,5,b
2,6451,865,866,9,not_xor
2,6452,5061,5062,14,not_and
2,6453,6135,6136,9,not_xor
2,6454,7377,7378,5,b
2,6455,6193,6194,6,xor
2,6456,7031,7032,10,not_b
2,6457,214,215,4,not_implied_by
2,6458,959,960,0,zero
2,6459,7105,7106,3,a
2,6460,3012,3013,10,not_b
2,6461,1518,1519,12,not_a
2,6462,5566,5567,3,a
2,6463,150,151,9,not_xor
2,6464,215,216,14,not_and
2,6465,39,40,7,or
2,6466,2346,2347,6,xor
2,6467,646,647,2,not_implies
2,6468,1411,1412,3,a
2,6469,6373,6374,14,not_and
2,6470,4562,4563,12,not_a
2,6471,5826,5827,9,not_xor
2,6472,3637,3638,8,not_or
2,6473,7884,7885,0,zero
2,6474,3655,3656,3,a
2,6475,262,263,4,not_implied_by
2,6476,1094,1095,9,not_xor
2,6477,4549,4550,2,not_implies
2,6478,6910,6911,8,not_or
2,6479,2712,2713,4,not_implied_by
2,6480,4090,4091,11,implied_by
2,6481,7765,7766,12,not_a
2,6482,6916,6917,12,not_a
2,6483,5546,5547,9,not_xor
2,6484,6937,6938,10,not_b
2,6485,4240,4241,10,not_b
2,6486,7558,7559,12,not_a
2,6487,7457,7458,6,xor
2,6488,3458,3459,5,b
2,6489,985,986,2,not_implies
2,6490,3905,3906,14,not_and
2,6491,4185,4186,6,xor
2,6492,977,978,1,and
2,6493,2644,2645,6,xor
2,6494,5460,5461,1,and
2,6495,3978,3979,8,not_or
2,6496,5804,5805,6,xor
2,6497,4746,4747,6,xor
2,6498,4885,4886,8,not_or
2,6499,2815,2816,2,not_implies
2,6500,6933,6934,12,not_a
2,6501,3079,3080,0,zero
2,6502,1670,1671,6,xor
2,6503,1135,1136,12,not_a
2,6504,6356,6357,11,implied_by
2,6505,2632,2633,10,not_b
2,6506,2935,2936,4,not_implied_by
2,6507,134,135,4,not_implied_by
2,6508,1639,1640,9,not_xor
2,6509,7951,7952,11,implied_by
2,6510,5158,5159,6,xor
2,6511,794,795,4,not_implied_by
2,6512,4459,4460,5,b
2,6513,7766,7767,12,not_a
2,6514,4365,4366,10,not_b
2,6515,5205,5206,8,not_or
2,6516,2266,2267,5,b
2,6517,13,14,10,not_b
2,6518,5311,5312,8,not_or
2,6519,6822,6823,13,implies
2,6520,4698,4699,12,not_a
2,6521,3799,3800,10,not_b
2,6522,742,743,0,zero
2,6523,4504,4505,6,xor
2,6524,2389,2390,13,implies
2,6525,21,22,3,a
2,6526,7083,7084,8,not_or
2,6527,7435,7436,6,xor
2,6528,5676,5677,5,b
2,6529,4189,4190,15,one
2,6530,4968,4969,4,not_implied_by
2,6531,2352,2353,3,a
2,6532,986,987,12,not_a
2,6533,2601,2602,9,not_xor
2,6534,4199,4200,4,not_implied_by
2,6535,4874,4875,10,not_b
2,6536,4146,4147,10,not_b
2,6537,4693,4694,6,xor
2,6538,1497,1498,2,not_implies
2,6539,5004,5005,10,not_b
2,6540,1216,1217,8,not_or
2,6541,3451,3452,3,a
2,6542,3949,3950,5,b
2,6543,5794,5795,11,implied_by
2,6544,6184,6185,12,not_a
2,6545,7336,7337,11,implied_by
2,6546,2134,2135,14,not_and
2,6547,7145,7146,2,not_implies
2,6548,7841,7842,3,a
2,6549,7032,7033,2,not_implies
2,6550,833,834,4,not_implied_by
2,6551,1335,1336,1,and
2,6552,5411,5412,14,not_and
2,6553,665,666,6,xor
2,6554,4297,4298,6,xor
2,6555,2410,2411,6,xor
2,6556,6603,6604,0,zero
2,6557,4547,4548,9,not_xor
2,6558,3563,3564,1,and
2,6559,6530,6531,15,one
2,6560,1564,1565,12,not_a
2,6561,5835,5836,14,not_and
2,6562,4831,4832,7,or
2,6563,7782,7783,5,b
2,6564,4370,4371,5,b
2,6565,4469,4470,14,not_and
2,6566,1484,1485,6,xor
2,6567,2034,2035,14,not_and
2,6568,1293,1294,5,b
2,6569,2423,2424,13,implies
2,6570,1872,1873,9,not_xor
2,6571,6714,6715,6,xor
2,6572,6882,6883,1,and
2,6573,3469,3470,8,not_or
2,6574,6569,6570,8,not_or
2,6575,2527,2528,6,xor
2,6576,4801,4802,11,implied_by
2,6577,7627,7628,10,not_b
2,6578,3845,3846,15,one
2,6579,1956,1957,10,not_b
2,6580,439,440,14,not_and
2,6581,1611,1612,7,or
2,6582,5927,5928,2,not_implies
2,6583,7735,7736,12,not_a
2,6584,990,991,1,and
2,6585,873,874,1,and
2,6586,3134,3135,10,not_b
2,6587,5673,5674,2,not_implies
2,6588,3034,3035,9,not_xor
2,6589,6169,6170,2,not_implies
2,6590,1392,1393,1,and
2,6591,1540,1541,11,implied_by
2,6592,7879,7880,12,not_a
2,6593,4791,4792,7,or
2,6594,1991,1992,10,not_b
2,6595,2439,2440,3,a
2,6596,1485,1486,8,not_or
2,6597,2756,2757,15,one
2,6598,5116,5117,5,b
2,6599,3446,3447,8,not_or
2,6600,6186,6187,14,not_and
2,6601,6771,6772,0,zero
2,6602,659,660,15,one
2,6603,1004,1005,9,not_xor
2,6604,6437,6438,8,not_or
2,6605,7847,7848,6,xor
2,6606,5146,5147,4,not_implied_by
2,6607,3416,3417,12,not_a
2,6608,1962,1963,12,not_a
2,6609,2568,2569,2,not_implies
2,6610,5824,5825,10,not_b
2,6611,6487,6488,6,xor
2,6612,1975,1976,4,not_implied_by
2,6613,6038,6039,2,not_implies
2,6614,5846,5847,3,a
2,6615,1222,1223,4,not_implied_by
2,6616,3303,3304,6,xor
2,6617,7144,7145,5,b
2,6618,2077,2078,0,zero
2,6619,4620,4621,3,a
2,6620,796,797,6,xor
2,6621,1018,1019,11,implied_by
2,6622,2485,2486,10,not_b
2,6623,7097,7098,7,or
2,6624,4445,4446,7,or
2,6625,3074,3075,12,not_a
2,6626,6749,6750,1,and
2,6627,1714,1715,5,b
2,6628,7753,7754,3,a
2,6629,6152,6153,9,not_xor
2,6630,2068,2069,10,not_b
2,6631,2788,2789,2,not_implies
2,6632,4229,4230,9,not_xor
2,6633,7067,7068,1,and
2,6634,1823,1824,7,or
2,6635,5417,5418,14,not_and
2,6636,1433,1434,3,a
2,6637,7078,7079,2,not_implies
2,6638,4629,4630,6,xor
2,6639,786,787,5,b
2,6640,5984,5985,9,not_xor
2,6641,7894,7895,8,not_or
2,6642,2702,2703,5,b
2,6643,23,24,6,xor
2,6644,7338,7339,13,implies
2,6645,4322,4323,14,not_and
2,6646,1178,1179,1,and
2,6647,4991,4992,4,not_implied_by
2,6648,1030,1031,13,implies
2,6649,1913,1914,4,not_implied_by
2,6650,2636,2637,0,zero
2,6651,4490,4491,9,not_xor
2,6652,301,302,13,implies
2,6653,5857,5858,4,not_implied_by
2,6654,603,604,3,a
2,6655,4637,4638,5,b
2,6656,6289,6290,12,not_a
2,6657,1099,1100,3,a
2,6658,1122,1123,10,not_b
2,6659,6810,6811,6,xor
2,6660,1656,1657,2,not_implies
2,6661,5083,5084,2,not_implies
2,6662,7632,7633,14,not_and
2,6663,2616,2617,6,xor
2,6664,6739,6740,6,xor
2,6665,1822,1823,13,implies
2,6666,1711,1712,1,and
2,6667,4248,4249,4,not_implied_by
2,6668,5905,5906,1,and
2,6669,6839,6840,11,implied_by
2,6670,6291,6292,13,implies
2,6671,4652,4653,14,not_and
2,6672,4308,4309,12,not_a
2,6673,3167,3168,0,zero
2,6674,275,276,11,implied_by
2,6675,5785,5786,12,not_a
2,6676,1123,1124,12,not_a
2,6677,7541,7542,0,zero
2,6678,4905,4906,10,not_b
2,6679,6999,7000,4,not_implied_by
2,6680,7526,7527,9,not_xor
2,6681,5282,5283,2,not_implies
2,6682,3943,3944,14,not_and
2,6683,4427,4428,3,a
2,6684,1777,1778,12,not_a
2,6685,3500,3501,14,not_and
2,6686,1467,1468,3,a
2,6687,5926,5927,2,not_implies
2,6688,5581,5582,5,b
2,6689,3737,3738,15,one
2,6690,61,62,9,not_xor
2,6691,6096,6097,7,or
2,6692,2800,2801,3,a
2,6693,2904,2905,11,implied_by
2,6694,853,854,12,not_a
2,6695,7047,7048,14,not_and
2,6696,7143,7144,3,a
2,6697,6594,6595,2,not_implies
2,6698,4584,4585,3,a
2,6699,6590,6591,9,not_xor
2,6700,7409,7410,9,not_xor
2,6701,2825,2826,3,a
2,6702,4811,4812,9,not_xor
2,6703,3394,3395,6,xor
2,6704,3392,3393,12,not_a
2,6705,6424,6425,13,implies
2,6706,42,43,1,and
2,6707,762,763,7,or
2,6708,4108,4109,0,zero
2,6709,5686,5687,12,not_a
2,6710,392,393,2,not_implies
2,6711,6710,6711,10,not_b
2,6712,2707,2708,6,xor
2,6713,1459,1460,3,a
2,6714,675,676,5,b
2,6715,248,249,5,b
2,6716,6189,6190,12,not_a
2,6717,7140,7141,14,not_and
2,6718,6211,6212,8,not_or
2,6719,3773,3774,8,not_or
2,6720,1197,1198,15,one
2,6721,1371,1372,5,b
2,6722,5402,5403,13,implies
2,6723,2295,2296,0,zero
2,6724,1020,1021,14,not_and
2,6725,4607,4608,9,not_xor
2,6726,5592,5593,13,implies
2,6727,6055,6056,7,or
2,6728,7231,7232,6,xor
2,6729,7279,7280,10,not_b
2,6730,2706,2707,8,not_or
2,6731,4636,4637,12,not_a
2,6732,1920,1921,11,implied_by
2,6733,4628,4629,12,not_a
2,6734,406,407,3,a
2,6735,6013,6014,2,not_implies
2,6736,2857,2858,6,xor
2,6737,116,117,5,b
2,6738,7691,7692,6,xor
2,6739,4685,4686,3,a
2,6740,247,248,6,xor
2,6741,3016,3017,9,not_xor
2,6742,3772,3773,11,implied_by
2,6743,769,770,10,not_b
2,6744,429,430,1,and
2,6745,1747,1748,5,b
2,6746,6077,6078,6,xor
2,6747,1283,1284,8,not_or
2,6748,6946,6947,9,not_xor
2,6749,1244,1245,15,one
2,6750,6817,6818,14,not_and
2,6751,329,330,5,b
2,6752,7469,7470,1,and
2,6753,6685,6686,3,a
2,6754,4779,4780,11,implied_by
2,6755,5431,5432,6,xor
2,6756,6848,6849,15,one
2,6757,5783,5784,1,and
2,6758,7387,7388,6,xor
2,6759,3184,3185,5,b
2,6760,7095,7096,8,not_or
2,6761,5854,5855,1,and
2,6762,1346,1347,4,not_implied_by
2,6763,2351,2352,10,not_b
2,6764,211,212,9,not_xor
2,6765,7281,7282,5,b
2,6766,3864,3865,13,implies
2,6767,5830,5831,2,not_implies
2,6768,6922,6923,6,xor
2,6769,5104,5105,10,not_b
2,6770,3540,3541,11,implied_by
2,6771,3790,3791,0,zero
2,6772,4640,4641,10,not_b
2,6773,785,786,9,not_xor
2,6774,5374,5375,3,a
2,6775,3627,3628,3,a
2,6776,4484,4485,12,not_a
2,6777,511,512,5,b
2,6778,2900,2901,14,not_and
2,6779,421,422,3,a
2,6780,5393,5394,6,xor
2,6781,573,574,10,not_b
2,6782,6120,6121,10,not_b
2,6783,7516,7517,13,implies
2,6784,7018,7019,3,a
2,6785,6382,6383,8,not_or
2,6786,7728,7729,6,xor
2,6787,7562,7563,2,not_implies
2,6788,7427,7428,15,one
2,6789,1516,1517,14,not_and
2,6790,3386,3387,13,implies
2,6791,2610,2611,5,b
2,6792,6524,6525,4,not_implied_by
2,6793,877,878,7,or
2,6794,7450,7451,1,and
2,6795,6942,6943,12,not_a
2,6796,7846,7847,9,not_xor
2,6797,3261,3262,1,and
2,6798,106,107,11,implied_by
2,6799,6246,6247,2,not_implies
2,6800,5881,5882,8,not_or
2,6801,1590,1591,14,not_and
2,6802,704,705,10,not_b
2,6803,7784,7785,15,one
2,6804,2558,2559,0,zero
2,6805,5677,5678,5,b
2,6806,4932,4933,13,implies
2,6807,1759,1760,12,not_a
2,6808,1432,1433,9,not_xor
2,6809,718,719,0,zero
2,6810,7945,7946,11,implied_by
2,6811,2968,2969,12,not_a
2,6812,6336,6337,1,and
2,6813,2576,2577,0,zero
2,6814,1749,1750,0,zero
2,6815,5571,5572,13,implies
2,6816,6402,6403,8,not_or
2,6817,3821,3822,5,b
2,6818,1716,1717,12,not_a
2,6819,7853,7854,3,a
2,6820,3028,3029,1,and
2,6821,3698,3699,14,not_and
2,6822,6473,6474,14,not_and
2,6823,1021,1022,10,not_b
2,6824,3284,3285,12,not_a
2,6825,5185,5186,13,implies
2,6826,7523,7524,12,not_a
2,6827,878,879,4,not_implied_by
2,6828,2790,2791,11,implied_by
2,6829,1138,1139,15,one
2,6830,4457,4458,5,b
2,6831,4671,4672,8,not_or
2,6832,5375,5376,1,and
2,6833,4513,4514,3,a
2,6834,2719,2720,6,xor
2,6835,5750,5751,5,b
2,6836,7091,7092,7,or
2,6837,3733,3734,3,a
2,6838,4738,4739,3,a
2,6839,5802,5803,1,and
2,6840,6969,6970,10,not_b
2,6841,5733,5734,12,not_a
2,6842,3913,3914,12,not_a
2,6843,2431,2432,2,not_implies
2,6844,3964,3965,3,a
2,6845,7265,7266,4,not_implied_by
2,6846,3118,3119,1,and
2,6847,5685,5686,12,not_a
2,6848,5269,5270,7,or
2,6849,6950,6951,3,a
2,6850,2581,2582,6,xor
2,6851,6472,6473,9,not_xor
2,6852,7652,7653,4,not_implied_by
2,6853,5975,5976,12,not_a
2,6854,6328,6329,8,not_or
2,6855,5664,5665,13,implies
2,6856,3981,3982,5,b
2,6857,2912,2913,12,not_a
2,6858,7478,7479,1,and
2,6859,908,909,1,and
2,6860,6146,6147,13,implies
2,6861,7218,7219,8,not_or
2,6862,3656,3657,4,not_implied_by
2,6863,7539,7540,7,or
2,6864,2526,2527,1,and
2,6865,5517,5518,11,implied_by
2,6866,1587,1588,14,not_and
2,6867,827,828,13,implies
2,6868,5519,5520,7,or
2,6869,5237,5238,15,one
2,6870,5472,5473,4,not_implied_by
2,6871,2949,2950,5,b
2,6872,6915,6916,8,not_or
2,6873,4888,4889,11,implied_by
2,6874,5645,5646,3,a
2,6875,2734,2735,12,not_a
2,6876,3479,3480,5,b
2,6877,5953,5954,5,b
2,6878,1904,1905,4,not_implied_by
2,6879,5137,5138,4,not_implied_by
2,6880,7152,7153,8,not_or
2,6881,6209,6210,7,or
2,6882,1331,1332,4,not_implied_by
2,6883,2028,2029,12,not_a
2,6884,4192,4193,14,not_and
2,6885,7672,7673,13,implies
2,6886,6207,6208,9,not_xor
2,6887,6658,6659,5,b
2,6888,4422,4423,1,and
2,6889,3508,3509,13,implies
2,6890,6312,6313,6,xor
2,6891,6730,6731,11,implied_by
2,6892,1110,1111,13,implies
2,6893,4266,4267,7,or
2,6894,3670,3671,11,implied_by
2,6895,5773,5774,12,not_a
2,6896,5993,5994,7,or
2,6897,4819,4820,15,one
2,6898,5920,5921,0,zero
2,6899,4084,4085,10,not_b
2,6900,6439,6440,12,not_a
2,6901,1434,1435,2,not_implies
2,6902,1091,1092,0,zero
2,6903,7221,7222,14,not_and
2,6904,7988,7989,6,xor
2,6905,1952,1953,3,a
2,6906,7618,7619,15,one
2,6907,3503,3504,6,xor
2,6908,734,735,3,a
2,6909,6093,6094,12,not_a
2,6910,5916,5917,14,not_and
2,6911,5452,5453,0,zero
2,6912,3914,3915,9,not_xor
2,6913,2842,2843,3,a
2,6914,4415,4416,10,not_b
2,6915,6675,6676,10,not_b
2,6916,5125,5126,9,not_xor
2,6917,3686,3687,3,a
2,6918,6446,6447,5,b
2,6919,7465,7466,3,a
2,6920,2879,2880,3,a
2,6921,4071,4072,10,not_b
2,6922,5817,5818,6,xor
2,6923,4912,4913,2,not_implies
2,6924,4160,4161,13,implies
2,6925,7390,7391,5,b
2,6926,3087,3088,10,not_b
2,6927,7114,7115,15,one
2,6928,5800,5801,1,and
2,6929,4836,4837,5,b
2,6930,5992,5993,1,and
2,6931,6875,6876,6,xor
2,6932,3750,3751,10,not_b
2,6933,2876,2877,3,a
2,6934,4374,4375,14,not_and
2,6935,6961,6962,11,implied_by
2,6936,7908,7909,0,zero
2,6937,3922,3923,2,not_implies
2,6938,1373,1374,3,a
2,6939,4955,4956,12,not_a
2,6940,724,725,7,or
2,6941,3241,3242,13,implies
2,6942,6421,6422,8,not_or
2,6943,7341,7342,2,not_implies
2,6944,5730,5731,3,a
2,6945,3626,3627,8,not_or
2,6946,6623,6624,2,not_implies
2,6947,5507,5508,4,not_implied_by
2,6948,4659,4660,15,one
2,6949,4302,4303,2,not_implies
2,6950,4373,4374,12,not_a
2,6951,6253,6254,8,not_or
2,6952,3557,3558,0,zero
2,6953,7704,7705,2,not_implies
2,6954,3669,3670,11,implied_by
2,6955,3330,3331,2,not_implies
2,6956,6020,6021,13,implies
2,6957,4990,4991,12,not_a
2,6958,2511,2512,10,not_b
2,6959,2136,2137,6,xor
2,6960,6602,6603,2,not_implies
2,6961,19,20,11,implied_by
2,6962,6825,6826,5,b
2,6963,3921,3922,2,not_implies
2,6964,3117,3118,12,not_a
2,6965,4289,4290,12,not_a
2,6966,7608,7609,10,not_b
2,6967,625,626,0,zero
2,6968,6369,6370,8,not_or
2,6969,6024,6025,8,not_or
2,6970,5006,5007,3,a
2,6971,1227,1228,7,or
2,6972,6788,6789,7,or
2,6973,6350,6351,3,a
2,6974,7607,7608,0,zero
2,6975,7482,7483,15,one
2,6976,2206,2207,15,one
2,6977,7264,7265,3,a
2,6978,2709,2710,0,zero
2,6979,4672,4673,4,not_implied_by
2,6980,6155,6156,8,not_or
2,6981,4681,4682,13,implies
2,6982,749,750,8,not_or
2,6983,1871,1872,1,and
2,6984,6552,6553,1,and
2,6985,3249,3250,13,implies
2,6986,4351,4352,8,not_or
2,6987,3440,3441,3,a
2,6988,6433,6434,13,implies
2,6989,7517,7518,3,a
2,6990,2875,2876,15,one
2,6991,6593,6594,5,b
2,6992,2020,2021,8,not_or
2,6993,5568,5569,4,not_implied_by
2,6994,3920,3921,3,a
2,6995,775,776,13,implies
2,6996,5348,5349,3,a
2,6997,1690,1691,13,implies
2,6998,5580,5581,3,a
2,6999,6144,6145,3,a
2,7000,4795,4796,4,not_implied_by
2,7001,740,741,10,not_b
2,7002,5184,5185,10,not_b
2,7003,4625,4626,13,implies
2,7004,1617,1618,5,b
2,7005,218,219,5,b
2,7006,748,749,2,not_implies
2,7007,3505,3506,6,xor
2,7008,5002,5003,10,not_b
2,7009,930,931,9,not_xor
2,7010,2213,2214,7,or
2,7011,1687,1688,8,not_or
2,7012,7305,7306,0,zero
2,7013,4049,4050,2,not_implies
2,7014,3032,3033,5,b
2,7015,1219,1220,6,xor
2,7016,3580,3581,6,xor
2,7017,5415,5416,12,not_a
2,7018,3020,3021,2,not_implies
2,7019,2478,2479,12,not_a
2,7020,6208,6209,2,not_implies
2,7021,2730,2731,15,one
2,7022,6750,6751,0,zero
2,7023,6188,6189,7,or
2,7024,7968,7969,13,implies
2,7025,3907,3908,5,b
2,7026,1130,1131,6,xor
2,7027,6019,6020,10,not_b
2,7028,6545,6546,8,not_or
2,7029,6282,6283,2,not_implies
2,7030,1451,1452,4,not_implied_by
2,7031,518,519,9,not_xor
2,7032,688,689,1,and
2,7033,479,480,10,not_b
2,7034,7778,7779,13,implies
2,7035,2165,2166,10,not_b
2,7036,3528,3529,14,not_and
2,7037,3218,3219,8,not_or
2,7038,7587,7588,12,not_a
2,7039,4054,4055,3,a
2,7040,7907,7908,3,a
2,7041,6962,6963,10,not_b
2,7042,4744,4745,3,a
2,7043,2091,2092,7,or
2,7044,5877,5878,7,or
2,7045,2506,2507,13,implies
2,7046,1144,1145,10,not_b
2,7047,5469,5470,10,not_b
2,7048,7732,7733,2,not_implies
2,7049,5880,5881,12,not_a
2,7050,4144,4145,1,and
2,7051,5391,5392,5,b
2,7052,2845,2846,13,implies
2,7053,4761,4762,5,b
2,7054,4605,4606,11,implied_by
2,7055,5040,5041,3,a
2,7056,2575,2576,5,b
2,7057,3604,3605,2,not_implies
2,7058,3848,3849,12,not_a
2,7059,3491,3492,3,a
2,7060,4207,4208,13,implies
2,7061,1520,1521,2,not_implies
2,7062,7065,7066,12,not_a
2,7063,1496,1497,1,and
2,7064,3807,3808,10,not_b
2,7065,7932,7933,10,not_b
2,7066,5996,5997,0,zero
2,7067,5223,5224,5,b
2,7068,5703,5704,5,b
2,7069,2115,2116,15,one
2,7070,5156,5157,7,or
2,7071,7554,7555,12,not_a
2,7072,7263,7264,13,implies
2,7073,7132,7133,7,or
2,7074,6777,6778,12,not_a
2,7075,4938,4939,14,not_and
2,7076,238,239,9,not_xor
2,7077,6580,6581,8,not_or
2,7078,1966,1967,9,not_xor
2,7079,2204,2205,13,implies
2,7080,4042,4043,10,not_b
2,7081,331,332,15,one
2,7082,1238,1239,1,and
2,7083,1948,1949,3,a
2,7084,4371,4372,3,a
2,7085,6809,6810,13,implies
2,7086,3279,3280,13,implies
2,7087,3717,3718,5,b
2,7088,5529,5530,5,b
2,7089,2671,2672,14,not_and
2,7090,3924,3925,13,implies
2,7091,1665,1666,9,not_xor
2,7092,7812,7813,6,xor
2,7093,3506,3507,2,not_implies
2,7094,7889,7890,10,not_b
2,7095,1176,1177,4,not_implied_by
2,7096,2111,2112,12,not_a
2,7097,3694,3695,15,one
2,7098,4857,4858,3,a
2,7099,2945,2946,10,not_b
2,7100,1366,1367,3,a
2,7101,4449,4450,8,not_or
2,7102,139,140,9,not_xor
2,7103,2654,2655,1,and
2,7104,5597,5598,7,or
2,7105,6386,6387,1,and
2,7106,2029,2030,8,not_or
2,7107,3380,3381,1,and
2,7108,7162,7163,1,and
2,7109,2865,2866,0,zero
2,7110,2464,2465,4,not_implied_by
2,7111,5825,5826,4,not_implied_by
2,7112,2698,2699,1,and
2,7113,5338,5339,3,a
2,7114,550,551,1,and
2,7115,332,333,12,not_a
2,7116,2456,2457,8,not_or
2,7117,4252,4253,5,b
2,7118,3556,3557,10,not_b
2,7119,6414,6415,3,a
2,7120,6513,6514,3,a
2,7121,1360,1361,10,not_b
2,7122,1785,1786,14,not_and
2,7123,5476,5477,5,b
2,7124,7226,7227,5,b
2,7125,4981,4982,15,one
2,7126,3719,3720,6,xor
2,7127,1837,1838,5,b
2,7128,3465,3466,15,one
2,7129,3617,3618,2,not_implies
2,7130,7540,7541,2,not_implies
2,7131,770,771,2,not_implies
2,7132,7505,7506,10,not_b
2,7133,1671,1672,3,a
2,7134,4198,4199,2,not_implies
2,7135,4288,4289,12,not_a
2,7136,1155,1156,1,and
2,7137,3549,3550,3,a
2,7138,928,929,2,not_implies
2,7139,2191,2192,3,a
2,7140,4093,4094,12,not_a
2,7141,4576,4577,3,a
2,7142,272,273,3,a
2,7143,2880,2881,7,or
2,7144,4047,4048,9,not_xor
2,7145,6724,6725,1,and
2,7146,6523,6524,3,a
2,7147,4458,4459,7,or
2,7148,7647,7648,11,implied_by
2,7149,2403,2404,12,not_a
2,7150,3613,3614,5,b
2,7151,1918,1919,14,not_and
2,7152,6985,6986,8,not_or
2,7153,3495,3496,3,a
2,7154,7903,7904,3,a
2,7155,788,789,10,not_b
2,7156,7513,7514,8,not_or
2,7157,3359,3360,1,and
2,7158,2348,2349,15,one
2,7159,1217,1218,3,a
2,7160,2864,2865,2,not_implies
2,7161,1734,1735,5,b
2,7162,3706,3707,2,not_implies
2,7163,473,474,7,or
2,7164,4149,4150,13,implies
2,7165,391,392,9,not_xor
2,7166,1151,1152,9,not_xor
2,7167,5964,5965,4,not_implied_by
2,7168,3530,3531,4,not_implied_by
2,7169,1184,1185,10,not_b
2,7170,4575,4576,2,not_implies
2,7171,4431,4432,3,a
2,7172,3828,3829,10,not_b
2,7173,5842,5843,10,not_b
2,7174,1508,1509,2,not_implies
2,7175,1769,1770,10,not_b
2,7176,2142,2143,2,not_implies
2,7177,730,731,9,not_xor
2,7178,3689,3690,14,not_and
2,7179,5947,5948,14,not_and
2,7180,4937,4938,7,or
2,7181,7494,7495,3,a
2,7182,7419,7420,1,and
2,7183,24,25,2,not_implies
2,7184,5019,5020,2,not_implies
2,7185,4271,4272,4,not_implied_by
2,7186,3484,3485,1,and
2,7187,7421,7422,2,not_implies
2,7188,2783,2784,9,not_xor
2,7189,4870,4871,10,not_b
2,7190,5357,5358,13,implies
2,7191,4751,4752,10,not_b
2,7192,133,134,9,not_xor
2,7193,509,510,6,xor
2,7194,1537,1538,1,and
2,7195,6362,6363,3,a
2,7196,5806,5807,13,implies
2,7197,3973,3974,4,not_implied_by
2,7198,3631,3632,9,not_xor
2,7199,3350,3351,15,one
2,7200,5652,5653,15,one
2,7201,1748,1749,2,not_implies
2,7202,6347,6348,14,not_and
2,7203,4393,4394,13,implies
2,7204,123,124,6,xor
2,7205,1,2,14,not_and
2,7206,2308,2309,12,not_a
2,7207,4945,4946,6,xor
2,7208,5991,5992,11,implied_by
2,7209,1849,1850,3,a
2,7210,3888,3889,10,not_b
2,7211,776,777,6,xor
2,7212,5450,5451,7,or
2,7213,6160,6161,6,xor
2,7214,5439,5440,12,not_a
2,7215,7639,7640,6,xor
2,7216,2112,2113,10,not_b
2,7217,4541,4542,12,not_a
2,7218,4961,4962,7,or
2,7219,4257,4258,7,or
2,7220,4486,4487,3,a
2,7221,4448,4449,4,not_implied_by
2,7222,6136,6137,7,or
2,7223,847,848,11,implied_by
2,7224,5895,5896,14,not_and
2,7225,1370,1371,7,or
2,7226,1251,1252,9,not_xor
2,7227,7098,7099,1,and
2,7228,7330,7331,14,not_and
2,7229,6900,6901,13,implies
2,7230,3324,3325,11,implied_by
2,7231,5129,5130,4,not_implied_by
2,7232,6783,6784,7,or
2,7233,1640,1641,7,or
2,7234,1850,1851,10,not_b
2,7235,605,606,10,not_b
2,7236,4072,4073,10,not_b
2,7237,7009,7010,12,not_a
2,7238,889,890,2,not_implies
2,7239,7739,7740,2,not_implies
2,7240,7761,7762,8,not_or
2,7241,4205,4206,3,a
2,7242,2223,2224,9,not_xor
2,7243,1270,1271,2,not_implies
2,7244,6067,6068,2,not_implies
2,7245,6516,6517,3,a
2,7246,1576,1577,8,not_or
2,7247,3248,3249,11,implied_by
2,7248,1901,1902,14,not_and
2,7249,891,892,12,not_a
2,7250,4263,4264,0,zero
2,7251,5820,5821,15,one
2,7252,4500,4501,9,not_xor
2,7253,3842,3843,5,b
2,7254,5600,5601,13,implies
2,7255,4566,4567,1,and
2,7256,3647,3648,6,xor
2,7257,4908,4909,12,not_a
2,7258,2708,2709,14,not_and
2,7259,2606,2607,2,not_implies
2,7260,4152,4153,12,not_a
2,7261,4418,4419,9,not_xor
2,7262,1115,1116,13,implies
2,7263,6341,6342,11,implied_by
2,7264,1884,1885,14,not_and
2,7265,4805,4806,15,one
2,7266,6894,6895,9,not_xor
2,7267,1303,1304,5,b
2,7268,7796,7797,13,implies
2,7269,6995,6996,8,not_or
2,7270,5680,5681,5,b
2,7271,5805,5806,15,one
2,7272,1436,1437,7,or
2,7273,1400,1401,8,not_or
2,7274,5213,5214,14,not_and
2,7275,904,905,4,not_implied_by
2,7276,435,436,4,not_implied_by
2,7277,1789,1790,8,not_or
2,7278,3568,3569,3,a
2,7279,7234,7235,12,not_a
2,7280,811,812,9,not_xor
2,7281,1348,1349,9,not_xor
2,7282,939,940,3,a
2,7283,7223,7224,13,implies
2,7284,7293,7294,11,implied_by
2,7285,1465,1466,12,not_a
2,7286,1357,1358,10,not_b
2,7287,5789,5790,3,a
2,7288,1875,1876,13,implies
2,7289,3063,3064,11,implied_by
2,7290,4238,4239,14,not_and
2,7291,5610,5611,10,not_b
2,7292,3265,3266,0,zero
2,7293,7980,7981,13,implies
2,7294,7803,7804,0,zero
2,7295,6201,6202,14,not_and
2,7296,2685,2686,0,zero
2,7297,5556,5557,4,not_implied_by
2,7298,2687,2688,13,implies
2,7299,7675,7676,15,one
2,7300,998,999,3,a
2,7301,5448,5449,7,or
2,7302,5670,5671,6,xor
2,7303,2312,2313,7,or
2,7304,6491,6492,14,not_and
2,7305,1098,1099,5,b
2,7306,639,640,9,not_xor
2,7307,6855,6856,2,not_implies
2,7308,3194,3195,15,one
2,7309,2520,2521,1,and
2,7310,6092,6093,9,not_xor
2,7311,4094,4095,10,not_b
2,7312,6432,6433,6,xor
2,7313,2721,2722,12,not_a
2,7314,3191,3192,6,xor
2,7315,7617,7618,3,a
2,7316,405,406,13,implies
2,7317,7459,7460,7,or
2,7318,764,765,6,xor
2,7319,3826,3827,3,a
2,7320,975,976,15,one
2,7321,3752,3753,8,not_or
2,7322,1960,1961,5,b
2,7323,2592,2593,15,one
2,7324,3084,3085,7,or
2,7325,2315,2316,8,not_or
2,7326,399,400,11,implied_by
2,7327,5931,5932,2,not_implies
2,7328,2692,2693,10,not_b
2,7329,2209,2210,1,and
2,7330,2317,2318,2,not_implies
2,7331,4489,4490,15,one
2,7332,4931,4932,3,a
2,7333,4125,4126,9,not_xor
2,7334,1015,1016,3,a
2,7335,839,840,9,not_xor
2,7336,6426,6427,11,implied_by
2,7337,452,453,9,not_xor
2,7338,1657,1658,9,not_xor
2,7339,1450,1451,5,b
2,7340,5656,5657,9,not_xor
2,7341,2030,2031,3,a
2,7342,6258,6259,9,not_xor
2,7343,5886,5887,11,implied_by
2,7344,4710,4711,14,not_and
2,7345,5560,5561,3,a
2,7346,7362,7363,4,not_implied_by
2,7347,6496,6497,6,xor
2,7348,1746,1747,13,implies
2,7349,6721,6722,6,xor
2,7350,7619,7620,15,one
2,7351,2021,2022,13,implies
2,7352,2170,2171,6,xor
2,7353,5661,5662,5,b
2,7354,1281,1282,3,a
2,7355,4038,4039,12,not_a
2,7356,4101,4102,6,xor
2,7357,755,756,4,not_implied_by
2,7358,3105,3106,9,not_xor
2,7359,3096,3097,1,and
2,7360,5171,5172,5,b
2,7361,7306,7307,7,or
2,7362,4443,4444,5,b
2,7363,5889,5890,14,not_and
2,7364,2250,2251,5,b
2,7365,86,87,1,and
2,7366,304,305,12,not_a
2,7367,3365,3366,14,not_and
2,7368,2510,2511,7,or
2,7369,1861,1862,7,or
2,7370,6541,6542,14,not_and
2,7371,6691,6692,12,not_a
2,7372,3787,3788,7,or
2,7373,1108,1109,13,implies
2,7374,5399,5400,1,and
2,7375,4865,4866,5,b
2,7376,2014,2015,12,not_a
2,7377,628,629,7,or
2,7378,568,569,10,not_b
2,7379,1546,1547,8,not_or
2,7380,7139,7140,9,not_xor
2,7381,5124,5125,11,implied_by
2,7382,1262,1263,0,zero
2,7383,7300,7301,13,implies
2,7384,6021,6022,5,b
2,7385,4420,4421,15,one
2,7386,2069,2070,12,not_a
2,7387,6240,6241,13,implies
2,7388,3042,3043,12,not_a
2,7389,4797,4798,7,or
2,7390,6722,6723,1,and
2,7391,4167,4168,14,not_and
2,7392,7835,7836,4,not_implied_by
2,7393,1658,1659,5,b
2,7394,799,800,4,not_implied_by
2,7395,4621,4622,9,not_xor
2,7396,2296,2297,9,not_xor
2,7397,289,290,10,not_b
2,7398,1601,1602,15,one
2,7399,6376,6377,8,not_or
2,7400,5585,5586,8,not_or
2,7401,6816,6817,8,not_or
2,7402,581,582,10,not_b
2,7403,5308,5309,10,not_b
2,7404,413,414,6,xor
2,7405,2775,2776,11,implied_by
2,7406,7696,7697,10,not_b
2,7407,1685,1686,6,xor
2,7408,4471,4472,4,not_implied_by
2,7409,2703,2704,7,or
2,7410,6272,6273,1,and
2,7411,4283,4284,2,not_implies
2,7412,1666,1667,1,and
2,7413,6242,6243,6,xor
2,7414,4552,4553,5,b
2,7415,7684,7685,2,not_implies
2,7416,4929,4930,8,not_or
2,7417,3619,3620,12,not_a
2,7418,6694,6695,10,not_b
2,7419,2892,2893,10,not_b
2,7420,587,588,5,b
2,7421,2489,2490,15,one
2,7422,3652,3653,5,b
2,7423,2419,2420,12,not_a
2,7424,477,478,0,zero
2,7425,7177,7178,13,implies
2,7426,1836,1837,12,not_a
2,7427,1002,1003,8,not_or
2,7428,6127,6128,13,implies
2,7429,3186,3187,3,a
2,7430,5859,5860,5,b
2,7431,6909,6910,10,not_b
2,7432,2585,2586,10,not_b
2,7433,3224,3225,5,b
2,7434,4996,4997,5,b
2,7435,7477,7478,5,b
2,7436,3638,3639,2,not_implies
2,7437,3639,3640,12,not_a
2,7438,3912,3913,0,zero
2,7439,4402,4403,11,implied_by
2,7440,6843,6844,4,not_implied_by
2,7441,6870,6871,0,zero
2,7442,5689,5690,10,not_b
2,7443,6773,6774,12,not_a
2,7444,4116,4117,6,xor
2,7445,6755,6756,10,not_b
2,7446,7206,7207,6,xor
2,7447,478,479,1,and
2,7448,1230,1231,10,not_b
2,7449,1290,1291,3,a
2,7450,7230,7231,15,one
2,7451,2608,2609,3,a
2,7452,2710,2711,12,not_a
2,7453,5362,5363,4,not_implied_by
2,7454,5148,5149,13,implies
2,7455,6941,6942,0,zero
2,7456,5990,5991,6,xor
2,7457,4828,4829,13,implies
2,7458,7125,7126,3,a
2,7459,6826,6827,4,not_implied_by
2,7460,719,720,7,or
2,7461,3136,3137,1,and
2,7462,2486,2487,12,not_a
2,7463,2081,2082,1,and
2,7464,1890,1891,9,not_xor
2,7465,6226,6227,7,or
2,7466,7515,7516,5,b
2,7467,7028,7029,13,implies
2,7468,2831,2832,6,xor
2,7469,6109,6110,1,and
2,7470,5682,5683,14,not_and
2,7471,1854,1855,12,not_a
2,7472,4155,4156,12,not_a
2,7473,6959,6960,9,not_xor
2,7474,1679,1680,3,a
2,7475,5108,5109,14,not_and
2,7476,630,631,13,implies
2,7477,1412,1413,3,a
2,7478,4810,4811,14,not_and
2,7479,7363,7364,14,not_and
2,7480,4958,4959,11,implied_by
2,7481,6490,6491,8,not_or
2,7482,6098,6099,9,not_xor
2,7483,4532,4533,8,not_or
2,7484,2997,2998,3,a
2,7485,2241,2242,5,b
2,7486,2006,2007,15,one
2,7487,3683,3684,5,b
2,7488,6009,6010,10,not_b
2,7489,4742,4743,3,a
2,7490,6464,6465,12,not_a
2,7491,6508,6509,2,not_implies
2,7492,4358,4359,6,xor
2,7493,2135,2136,2,not_implies
2,7494,7150,7151,10,not_b
2,7495,2683,2684,3,a
2,7496,5821,5822,4,not_implied_by
2,7497,6642,6643,0,zero
2,7498,6861,6862,10,not_b
2,7499,5383,5384,10,not_b
2,7500,254,255,6,xor
2,7501,3872,3873,10,not_b
2,7502,2367,2368,1,and
2,7503,5266,5267,7,or
2,7504,6585,6586,1,and
2,7505,5359,5360,10,not_b
2,7506,1129,1130,3,a
2,7507,5111,5112,15,one
2,7508,5603,5604,13,implies
2,7509,6711,6712,7,or
2,7510,2490,2491,0,zero
2,7511,4376,4377,2,not_implies
2,7512,1506,1507,2,not_implies
2,7513,339,340,7,or
2,7514,7004,7005,3,a
2,7515,2517,2518,4,not_implied_by
2,7516,6613,6614,12,not_a
2,7517,5113,5114,8,not_or
2,7518,3632,3633,10,not_b
2,7519,7983,7984,10,not_b
2,7520,7111,7112,0,zero
2,7521,3590,3591,4,not_implied_by
2,7522,1257,1258,5,b
2,7523,5643,5644,8,not_or
2,7524,2479,2480,4,not_implied_by
2,7525,180,181,8,not_or
2,7526,179,180,7,or
2,7527,1634,1635,10,not_b
2,7528,3474,3475,14,not_and
2,7529,7411,7412,3,a
2,7530,283,284,7,or
2,7531,2676,2677,8,not_or
2,7532,4399,4400,3,a
2,7533,3076,3077,13,implies
2,7534,475,476,13,implies
2,7535,3289,3290,12,not_a
2,7536,5612,5613,5,b
2,7537,5134,5135,13,implies
2,7538,532,533,13,implies
2,7539,3015,3016,11,implied_by
2,7540,5473,5474,8,not_or
2,7541,6221,6222,3,a
2,7542,3430,3431,11,implied_by
2,7543,5463,5464,12,not_a
2,7544,6792,6793,10,not_b
2,7545,4244,4245,11,implied_by
2,7546,7082,7083,3,a
2,7547,3317,3318,14,not_and
2,7548,4027,4028,10,not_b
2,7549,2373,2374,1,and
2,7550,2382,2383,11,implied_by
2,7551,4662,4663,3,a
2,7552,2878,2879,6,xor
2,7553,5547,5548,7,or
2,7554,1452,1453,12,not_a
2,7555,7326,7327,5,b
2,7556,6793,6794,11,implied_by
2,7557,882,883,3,a
2,7558,3166,3167,10,not_b
2,7559,514,515,9,not_xor
2,7560,6214,6215,1,and
2,7561,7856,7857,1,and
2,7562,6728,6729,1,and
2,7563,4993,4994,0,zero
2,7564,29,30,7,or
2,7565,4956,4957,2,not_implies
2,7566,4080,4081,3,a
2,7567,2847,2848,7,or
2,7568,2870,2871,2,not_implies
2,7569,3778,3779,9,not_xor
2,7570,3672,3673,10,not_b
2,7571,2279,2280,12,not_a
2,7572,1677,1678,10,not_b
2,7573,589,590,1,and
2,7574,4781,4782,2,not_implies
2,7575,7286,7287,10,not_b
2,7576,1088,1089,10,not_b
2,7577,5140,5141,12,not_a
2,7578,2167,2168,2,not_implies
2,7579,2668,2669,14,not_and
2,7580,7316,7317,5,b
2,7581,3103,3104,13,implies
2,7582,1771,1772,7,or
2,7583,5675,5676,3,a
2,7584,7985,7986,3,a
2,7585,2050,2051,3,a
2,7586,3281,3282,5,b
2,7587,4340,4341,11,implied_by
2,7588,4530,4531,14,not_and
2,7589,377,378,3,a
2,7590,1111,1112,3,a
2,7591,1198,1199,1,and
2,7592,7808,7809,14,not_and
2,7593,1939,1940,7,or
2,7594,6458,6459,15,one
2,7595,5169,5170,4,not_implied_by
2,7596,6638,6639,9,not_xor
2,7597,6505,6506,10,not_b
2,7598,7636,7637,9,not_xor
2,7599,5988,5989,1,and
2,7600,5026,5027,3,a
2,7601,325,326,14,not_and
2,7602,1907,1908,12,not_a
2,7603,1629,1630,10,not_b
2,7604,1946,1947,12,not_a
2,7605,2347,2348,11,implied_by
2,7606,1958,1959,5,b
2,7607,7604,7605,9,not_xor
2,7608,7037,7038,6,xor
2,7609,5182,5183,6,xor
2,7610,6140,6141,6,xor
2,7611,6551,6552,10,not_b
2,7612,5073,5074,14,not_and
2,7613,1146,1147,10,not_b
2,7614,5497,5498,15,one
2,7615,7161,7162,11,implied_by
2,7616,5922,5923,1,and
2,7617,6302,6303,5,b
2,7618,7543,7544,7,or
2,7619,4911,4912,3,a
2,7620,6353,6354,3,a
2,7621,4461,4462,6,xor
2,7622,7823,7824,12,not_a
2,7623,3054,3055,7,or
2,7624,5744,5745,10,not_b
2,7625,3581,3582,6,xor
2,7626,2579,2580,2,not_implies
2,7627,5162,5163,12,not_a
2,7628,6532,6533,10,not_b
2,7629,1337,1338,14,not_and
2,7630,191,192,7,or
2,7631,4561,4562,8,not_or
2,7632,4299,4300,2,not_implies
2,7633,443,444,1,and
2,7634,861,862,9,not_xor
2,7635,4894,4895,13,implies
2,7636,7563,7564,12,not_a
2,7637,2544,2545,12,not_a
2,7638,2504,2505,15,one
2,7639,7203,7204,1,and
2,7640,474,475,10,not_b
2,7641,6991,6992,7,or
2,7642,6271,6272,4,not_implied_by
2,7643,7190,7191,9,not_xor
2,7644,4104,4105,10,not_b
2,7645,5135,5136,2,not_implies
2,7646,4276,4277,12,not_a
2,7647,5684,5685,13,implies
2,7648,6037,6038,2,not_implies
2,7649,1345,1346,3,a
2,7650,582,583,14,not_and
2,7651,233,234,13,implies
2,7652,4008,4009,9,not_xor
2,7653,5959,5960,13,implies
2,7654,5954,5955,12,not_a
2,7655,4786,4787,13,implies
2,7656,2323,2324,15,one
2,7657,4208,4209,6,xor
2,7658,1655,1656,1,and
2,7659,5077,5078,5,b
2,7660,3273,3274,13,implies
2,7661,4942,4943,12,not_a
2,7662,5212,5213,8,not_or
2,7663,528,529,13,implies
2,7664,5775,5776,4,not_implied_by
2,7665,6507,6508,3,a
2,7666,2833,2834,14,not_and
2,7667,423,424,9,not_xor
2,7668,2625,2626,3,a
2,7669,7485,7486,10,not_b
2,7670,5444,5445,11,implied_by
2,7671,6451,6452,9,not_xor
2,7672,2934,2935,3,a
2,7673,119,120,11,implied_by
2,7674,7798,7799,5,b
2,7675,1841,1842,10,not_b
2,7676,835,836,6,xor
2,7677,1414,1415,9,not_xor
2,7678,5349,5350,7,or
2,7679,706,707,3,a
2,7680,5774,5775,12,not_a
2,7681,3891,3892,15,one
2,7682,2468,2469,12,not_a
2,7683,3541,3542,6,xor
2,7684,616,617,10,not_b
2,7685,5521,5522,9,not_xor
2,7686,4684,4685,9,not_xor
2,7687,3476,3477,9,not_xor
2,7688,6981,6982,12,not_a
2,7689,1699,1700,0,zero
2,7690,1407,1408,1,and
2,7691,3473,3474,13,implies
2,7692,7731,7732,12,not_a
2,7693,2239,2240,8,not_or
2,7694,6313,6314,7,or
2,7695,7134,7135,9,not_xor
2,7696,2424,2425,14,not_and
2,7697,7461,7462,15,one
2,7698,4528,4529,15,one
2,7699,5567,5568,7,or
2,7700,7348,7349,7,or
2,7701,1940,1941,2,not_implies
2,7702,897,898,5,b
2,7703,5569,5570,5,b
2,7704,3520,3521,14,not_and
2,7705,2016,2017,8,not_or
2,7706,1353,1354,9,not_xor
2,7707,5978,5979,15,one
2,7708,5867,5868,6,xor
2,7709,5501,5502,2,not_implies
2,7710,5310,5311,11,implied_by
2,7711,4254,4255,13,implies
2,7712,3629,3630,12,not_a
2,7713,7070,7071,15,one
2,7714,4994,4995,2,not_implies
2,7715,52,53,0,zero
2,7716,2297,2298,15,one
2,7717,4539,4540,1,and
2,7718,4701,4702,0,zero
2,7719,398,399,2,not_implies
2,7720,2095,2096,3,a
2,7721,3768,3769,12,not_a
2,7722,7616,7617,4,not_implied_by
2,7723,1779,1780,8,not_or
2,7724,5994,5995,9,not_xor
2,7725,2514,2515,3,a
2,7726,2127,2128,14,not_and
2,7727,722,723,15,one
2,7728,7825,7826,12,not_a
2,7729,6205,6206,3,a
2,7730,5423,5424,5,b
2,7731,5155,5156,9,not_xor
2,7732,6274,6275,5,b
2,7733,110,111,1,and
2,7734,3839,3840,3,a
2,7735,1381,1382,7,or
2,7736,6344,6345,12,not_a
2,7737,7987,7988,10,not_b
2,7738,2681,2682,10,not_b
2,7739,1157,1158,8,not_or
2,7740,3958,3959,2,not_implies
2,7741,3086,3087,4,not_implied_by
2,7742,1957,1958,6,xor
2,7743,7650,7651,4,not_implied_by
2,7744,2659,2660,6,xor
2,7745,6360,6361,11,implied_by
2,7746,7891,7892,7,or
2,7747,1638,1639,11,implied_by
2,7748,4735,4736,9,not_xor
2,7749,2341,2342,5,b
2,7750,12,13,6,xor
2,7751,253,254,2,not_implies
2,7752,6293,6294,12,not_a
2,7753,7050,7051,6,xor
2,7754,3381,3382,0,zero
2,7755,2834,2835,14,not_and
2,7756,5738,5739,8,not_or
2,7757,5055,5056,3,a
2,7758,7788,7789,15,one
2,7759,4764,4765,10,not_b
2,7760,3594,3595,4,not_implied_by
2,7761,3282,3283,15,one
2,7762,6926,6927,3,a
2,7763,7963,7964,12,not_a
2,7764,461,462,12,not_a
2,7765,5372,5373,8,not_or
2,7766,466,467,0,zero
2,7767,5015,5016,6,xor
2,7768,5791,5792,5,b
2,7769,1377,1378,12,not_a
2,7770,7110,7111,8,not_or
2,7771,3371,3372,12,not_a
2,7772,3480,3481,14,not_and
2,7773,7613,7614,14,not_and
2,7774,3408,3409,14,not_and
2,7775,7576,7577,11,implied_by
2,7776,7992,7993,11,implied_by
2,7777,1707,1708,3,a
2,7778,6333,6334,11,implied_by
2,7779,6769,6770,11,implied_by
2,7780,4022,4023,1,and
2,7781,6992,6993,13,implies
2,7782,6053,6054,10,not_b
2,7783,1347,1348,8,not_or
2,7784,5869,5870,1,and
2,7785,1047,1048,9,not_xor
2,7786,898,899,5,b
2,7787,702,703,2,not_implies
2,7788,306,307,3,a
2,7789,469,470,3,a
2,7790,876,877,11,implied_by
2,7791,5099,5100,3,a
2,7792,5933,5934,12,not_a
2,7793,7902,7903,14,not_and
2,7794,5466,5467,8,not_or
2,7795,3956,3957,12,not_a
2,7796,7453,7454,14,not_and
2,7797,6314,6315,12,not_a
2,7798,3318,3319,8,not_or
2,7799,1894,1895,4,not_implied_by
2,7800,529,530,13,implies
2,7801,4760,4761,4,not_implied_by
2,7802,1168,1169,4,not_implied_by
2,7803,1853,1854,10,not_b
2,7804,784,785,8,not_or
2,7805,6920,6921,10,not_b
2,7806,2808,2809,3,a
2,7807,5633,5634,1,and
2,7808,2954,2955,12,not_a
2,7809,3387,3388,11,implied_by
2,7810,4235,4236,10,not_b
2,7811,5514,5515,8,not_or
2,7812,1795,1796,10,not_b
2,7813,4068,4069,1,and
2,7814,2622,2623,3,a
2,7815,3623,3624,12,not_a
2,7816,5036,5037,12,not_a
2,7817,1997,1998,2,not_implies
2,7818,6074,6075,11,implied_by
2,7819,7022,7023,1,and
2,7820,6581,6582,10,not_b
2,7821,7344,7345,2,not_implies
2,7822,7153,7154,4,not_implied_by
2,7823,3369,3370,12,not_a
2,7824,3420,3421,4,not_implied_by
2,7825,5259,5260,7,or
2,7826,7729,7730,5,b
2,7827,1705,1706,2,not_implies
2,7828,2067,2068,15,one
2,7829,4133,4134,14,not_and
2,7830,6384,6385,4,not_implied_by
2,7831,4557,4558,15,one
2,7832,3744,3745,8,not_or
2,7833,7791,7792,13,implies
2,7834,217,218,7,or
2,7835,6800,6801,11,implied_by
2,7836,7017,7018,11,implied_by
2,7837,7606,7607,4,not_implied_by
2,7838,6650,6651,12,not_a
2,7839,647,648,11,implied_by
2,7840,2662,2663,8,not_or
2,7841,1325,1326,14,not_and
2,7842,6832,6833,15,one
2,7843,522,523,7,or
2,7844,7437,7438,8,not_or
2,7845,1752,1753,2,not_implies
2,7846,3135,3136,2,not_implies
2,7847,7123,7124,1,and
2,7848,4983,4984,14,not_and
2,7849,3043,3044,4,not_implied_by
2,7850,6223,6224,5,b
2,7851,1266,1267,12,not_a
2,7852,4126,4127,0,zero
2,7853,334,335,5,b
2,7854,7066,7067,13,implies
2,7855,6851,6852,1,and
2,7856,6083,6084,0,zero
2,7857,1701,1702,7,or
2,7858,6598,6599,7,or
2,7859,5333,5334,9,not_xor
2,7860,4871,4872,15,one
2,7861,7021,7022,6,xor
2,7862,6174,6175,1,and
2,7863,7535,7536,3,a
2,7864,407,408,5,b
2,7865,5616,5617,13,implies
2,7866,1502,1503,6,xor
2,7867,814,815,2,not_implies
2,7868,6371,6372,13,implies
2,7869,1710,1711,8,not_or
2,7870,3523,3524,13,implies
2,7871,4210,4211,13,implies
2,7872,7842,7843,2,not_implies
2,7873,1584,1585,12,not_a
2,7874,6789,6790,11,implied_by
2,7875,3158,3159,5,b
2,7876,5512,5513,6,xor
2,7877,6921,6922,13,implies
2,7878,7767,7768,8,not_or
2,7879,3206,3207,8,not_or
2,7880,3857,3858,12,not_a
2,7881,3614,3615,5,b
2,7882,4840,4841,10,not_b
2,7883,1277,1278,7,or
2,7884,6315,6316,10,not_b
2,7885,1000,1001,7,or
2,7886,109,110,9,not_xor
2,7887,3454,3455,5,b
2,7888,1196,1197,0,zero
2,7889,7164,7165,10,not_b
2,7890,101,102,6,xor
2,7891,7432,7433,12,not_a
2,7892,5650,5651,7,or
2,7893,4335,4336,2,not_implies
2,7894,2146,2147,8,not_or
2,7895,4064,4065,14,not_and
2,7896,1454,1455,5,b
2,7897,6060,6061,4,not_implied_by
2,7898,1113,1114,15,one
2,7899,2569,2570,9,not_xor
2,7900,5747,5748,3,a
2,7901,4949,4950,3,a
2,7902,1923,1924,11,implied_by
2,7903,5549,5550,5,b
2,7904,5634,5635,10,not_b
2,7905,4974,4975,3,a
2,7906,3615,3616,2,not_implies
2,7907,4626,4627,13,implies
2,7908,606,607,1,and
2,7909,7713,7714,13,implies
2,7910,2051,2052,1,and
2,7911,2303,2304,2,not_implies
2,7912,4063,4064,3,a
2,7913,1794,1795,12,not_a
2,7914,7919,7920,12,not_a
2,7915,4755,4756,5,b
2,7916,6259,6260,9,not_xor
2,7917,2896,2897,10,not_b
2,7918,5390,5391,4,not_implied_by
2,7919,4734,4735,11,implied_by
2,7920,6526,6527,8,not_or
2,7921,7473,7474,10,not_b
2,7922,1903,1904,14,not_and
2,7923,2018,2019,13,implies
2,7924,3299,3300,6,xor
2,7925,684,685,12,not_a
2,7926,7810,7811,2,not_implies
2,7927,2334,2335,14,not_and
2,7928,7726,7727,2,not_implies
2,7929,16,17,10,not_b
2,7930,4632,4633,10,not_b
2,7931,4917,4918,5,b
2,7932,5336,5337,7,or
2,7933,1649,1650,11,implied_by
2,7934,5989,5990,12,not_a
2,7935,5198,5199,2,not_implies
2,7936,5786,5787,3,a
2,7937,660,661,4,not_implied_by
2,7938,458,459,14,not_and
2,7939,7212,7213,5,b
2,7940,3061,3062,8,not_or
2,7941,3391,3392,13,implies
2,7942,560,561,10,not_b
2,7943,615,616,1,and
2,7944,2867,2868,3,a
2,7945,6481,6482,3,a
2,7946,3728,3729,4,not_implied_by
2,7947,3962,3963,11,implied_by
2,7948,188,189,3,a
2,7949,252,253,3,a
2,7950,5919,5920,9,not_xor
2,7951,5252,5253,7,or
2,7952,2345,2346,14,not_and
2,7953,4631,4632,12,not_a
2,7954,6584,6585,1,and
2,7955,1803,1804,11,implied_by
2,7956,4771,4772,12,not_a
2,7957,1947,1948,10,not_b
2,7958,4355,4356,3,a
2,7959,5752,5753,11,implied_by
2,7960,388,389,5,b
2,7961,7953,7954,0,zero
2,7962,5660,5661,1,and
2,7963,2539,2540,3,a
2,7964,4403,4404,9,not_xor
2,7965,5792,5793,9,not_xor
2,7966,4899,4900,13,implies
2,7967,4473,4474,7,or
2,7968,3939,3940,2,not_implies
2,7969,6693,6694,1,and
2,7970,7918,7919,10,not_b
2,7971,1461,1462,15,one
2,7972,7370,7371,2,not_implies
2,7973,1181,1182,12,not_a
2,7974,4314,4315,4,not_implied_by
2,7975,5687,5688,1,and
2,7976,4421,4422,0,zero
2,7977,1333,1334,9,not_xor
2,7978,5277,5278,0,zero
2,7979,4914,4915,3,a
2,7980,5972,5973,5,b
2,7981,565,566,3,a
2,7982,860,861,9,not_xor
2,7983,333,334,11,implied_by
2,7984,4046,4047,3,a
2,7985,4732,4733,8,not_or
2,7986,2090,2091,6,xor
2,7987,6537,6538,15,one
2,7988,5387,5388,8,not_or
2,7989,5457,5458,1,and
2,7990,3382,3383,11,implied_by
2,7991,6410,6411,13,implies
2,7992,535,536,6,xor
2,7993,7268,7269,14,not_and
2,7994,6878,6879,12,not_a
2,7995,4195,4196,8,not_or
2,7996,194,195,5,b
2,7997,4526,4527,7,or
2,7998,7621,7622,11,implied_by
2,7999,60,61,13,implies
3,0,6988,6989,13,implies
3,1,773,774,9,not_xor
3,2,5354,5355,11,implied_by
3,3,7879,7880,3,a
3,4,6531,6532,7,or
3,5,1490,1491,7,or
3,6,5472,5473,13,implies
3,7,7913,7914,15,one
3,8,3322,3323,4,not_implied_by
3,9,693,694,10,not_b
3,10,4764,4765,0,zero
3,11,7553,7554,5,b
3,12,2946,2947,11,implied_by
3,13,1215,1216,9,not_xor
3,14,2172,2173,3,a
3,15,3131,3132,1,and
3,16,4583,4584,2,not_implies
3,17,7799,7800,9,not_xor
3,18,6335,6336,11,implied_by
3,19,6440,6441,3,a
3,20,1911,1912,1,and
3,21,5881,5882,10,not_b
3,22,7516,7517,3,a
3,23,3234,3235,5,b
3,24,5290,5291,5,b
3,25,6781,6782,12,not_a
3,26,5593,5594,12,not_a
3,27,307,308,6,xor
3,28,5680,5681,10,not_b
3,29,4946,4947,10,not_b
3,30,4206,4207,3,a
3,31,3514,3515,12,not_a
3,32,4543,4544,4,not_implied_by
3,33,3769,3770,12,not_a
3,34,19,20,5,b
3,35,6739,6740,4,not_implied_by
3,36,6600,6601,8,not_or
3,37,7940,7941,1,and
3,38,1889,1890,13,implies
3,39,598,599,5,b
3,40,7692,7693,0,zero
3,41,4208,4209,5,b
3,42,2839,2840,11,implied_by
3,43,4040,4041,2,not_implies
3,44,66,67,6,xor
3,45,1845,1846,5,b
3,46,1128,1129,12,not_a
3,47,1908,1909,5,b
3,48,755,756,6,xor
3,49,1421,1422,12,not_a
3,50,6848,6849,3,a
3,51,862,863,12,not_a
3,52,4385,4386,3,a
3,53,4736,4737,8,not_or
3,54,3200,3201,11,implied_by
3,55,5556,5557,7,or
3,56,3513,3514,4,not_implied_by
3,57,7549,7550,3,a
3,58,6144,6145,12,not_a
3,59,6385,6386,1,and
3,60,5932,5933,14,not_and
3,61,2475,2476,3,a
3,62,6407,6408,4,not_implied_by
3,63,2457,2458,9,not_xor
3,64,3000,3001,12,not_a
3,65,7231,7232,9,not_xor
3,66,5872,5873,10,not_b
3,67,116,117,3,a
3,68,5036,5037,13,implies
3,69,5179,5180,3,a
3,70,4972,4973,12,not_a
3,71,3969,3970,3,a
3,72,159,160,7,or
3,73,5953,5954,3,a
3,74,1858,1859,4,not_implied_by
3,75,4986,4987,12,not_a
3,76,4478,4479,5,b
3,77,665,666,11,implied_by
3,78,342,343,10,not_b
3,79,6123,6124,14,not_and
3,80,2973,2974,4,not_implied_by
3,81,7436,7437,12,not_a
3,82,7542,7543,12,not_a
3,83,2934,2935,1,and
3,84,7573,7574,6,xor
3,85,6097,6098,12,not_a
3,86,1494,1495,5,b
3,87,7815,7816,1,and
3,88,7035,7036,13,implies
3,89,4931,4932,15,one
3,90,7467,7468,5,b
3,91,7577,7578,2,not_implies
3,92,3840,3841,2,not_implies
3,93,7663,7664,1,and
3,94,3611,3612,12,not_a
3,95,512,513,14,not_and
3,96,559,560,13,implies
3,97,4551,4552,5,b
3,98,777,778,3,a
3,99,1243,1244,2,not_implies
3,100,6586,6587,7,or
3,101,5059,5060,2,not_implies
3,102,4405,4406,1,and
3,103,65,66,3,a
3,104,2125,2126,9,not_xor
3,105,6130,6131,6,xor
3,106,1371,1372,14,not_and
3,107,5432,5433,3,a
3,108,5183,5184,7,or
3,109,4119,4120,5,b
3,110,5685,5686,10,not_b
3,111,4235,4236,2,not_implies
3,112,2671,2672,8,not_or
3,113,5747,5748,11,implied_by
3,114,1912,1913,8,not_or
3,115,5582,5583,12,not_a
3,116,6738,6739,11,implied_by
3,117,5216,5217,0,zero
3,118,2122,2123,12,not_a
3,119,1105,1106,12,not_a
3,120,3788,3789,6,xor
3,121,1396,1397,1,and
3,122,508,509,3,a
3,123,1181,1182,0,zero
3,124,2770,2771,14,not_and
3,125,3702,3703,10,not_b
3,126,7482,7483,4,not_implied_by
3,127,5838,5839,5,b
3,128,7609,7610,12,not_a
3,129,1837,1838,12,not_a
3,130,3537,3538,3,a
3,131,4613,4614,8,not_or
3,132,7892,7893,14,not_and
3,133,2238,2239,12,not_a
3,134,1077,1078,1,and
3,135,7133,7134,4,not_implied_by
3,136,2143,2144,5,b
3,137,2651,2652,0,zero
3,138,7562,7563,6,xor
3,139,1124,1125,5,b
3,140,5959,5960,2,not_implies
3,141,6300,6301,4,not_implied_by
3,142,2401,2402,3,a
3,143,573,574,6,xor
3,144,2733,2734,10,not_b
3,145,7518,7519,10,not_b
3,146,258,259,12,not_a
3,147,2498,2499,11,implied_by
3,148,790,791,8,not_or
3,149,3684,3685,10,not_b
3,150,1342,1343,4,not_implied_by
3,151,3161,3162,12,not_a
3,152,5371,5372,4,not_implied_by
3,153,2990,2991,15,one
3,154,5691,5692,15,one
3,155,1263,1264,6,xor
3,156,4087,4088,4,not_implied_by
3,157,445,446,12,not_a
3,158,1794,1795,9,not_xor
3,159,3239,3240,14,not_and
3,160,5159,5160,6,xor
3,161,5002,5003,12,not_a
3,162,4397,4398,10,not_b
3,163,5349,5350,5,b
3,164,446,447,0,zero
3,165,1100,1101,10,not_b
3,166,4368,4369,2,not_implies
3,167,1487,1488,1,and
3,168,6547,6548,9,not_xor
3,169,4466,4467,12,not_a
3,170,3622,3623,10,not_b
3,171,3303,3304,3,a
3,172,2049,2050,5,b
3,173,18,19,0,zero
3,174,2266,2267,12,not_a
3,175,133,134,10,not_b
3,176,1426,1427,5,b
3,177,7727,7728,2,not_implies
3,178,6719,6720,7,or
3,179,1140,1141,10,not_b
3,180,3134,3135,5,b
3,181,1114,1115,8,not_or
3,182,3860,3861,1,and
3,183,3743,3744,12,not_a
3,184,5553,5554,14,not_and
3,185,2868,2869,10,not_b
3,186,5255,5256,9,not_xor
3,187,5962,5963,3,a
3,188,1761,1762,8,not_or
3,189,4840,4841,6,xor
3,190,3174,3175,12,not_a
3,191,3133,3134,14,not_and
3,192,5257,5258,0,zero
3,193,1914,1915,3,a
3,194,2672,2673,3,a
3,195,5990,5991,12,not_a
3,196,7782,7783,5,b
3,197,3674,3675,10,not_b
3,198,4823,4824,8,not_or
3,199,2772,2773,5,b
3,200,5768,5769,12,not_a
3,201,381,382,12,not_a
3,202,3333,3334,5,b
3,203,2577,2578,5,b
3,204,6085,6086,8,not_or
3,205,3389,3390,8,not_or
3,206,5574,5575,3,a
3,207,4611,4612,7,or
3,208,6199,6200,4,not_implied_by
3,209,3721,3722,10,not_b
3,210,6485,6486,14,not_and
3,211,7898,7899,12,not_a
3,212,1399,1400,10,not_b
3,213,7028,7029,10,not_b
3,214,1791,1792,5,b
3,215,5011,5012,6,xor
3,216,3823,3824,6,xor
3,217,7714,7715,3,a
3,218,4870,4871,3,a
3,219,2522,2523,10,not_b
3,220,2870,2871,12,not_a
3,221,710,711,15,one
3,222,1207,1208,0,zero
3,223,6520,6521,12,not_a
3,224,7720,7721,13,implies
3,225,4688,4689,12,not_a
3,226,6128,6129,5,b
3,227,765,766,13,implies
3,228,1905,1906,5,b
3,229,728,729,5,b
3,230,3305,3306,3,a
3,231,1977,1978,8,not_or
3,232,2402,2403,4,not_implied_by
3,233,3173,3174,10,not_b
3,234,1570,1571,11,implied_by
3,235,1572,1573,0,zero
3,236,4841,4842,12,not_a
3,237,4085,4086,7,or
3,238,3262,3263,15,one
3,239,6219,6220,13,implies
3,240,1136,1137,3,a
3,241,2913,2914,0,zero
3,242,4592,4593,14,not_and
3,243,4270,4271,5,b
3,244,2013,2014,7,or
3,245,7281,7282,6,xor
3,246,3469,3470,13,implies
3,247,7860,7861,10,not_b
3,248,3534,3535,11,implied_by
3,249,732,733,1,and
3,250,6496,6497,1,and
3,251,593,594,12,not_a
3,252,7800,7801,15,one
3,253,4811,4812,10,not_b
3,254,302,303,13,implies
3,255,2480,2481,2,not_implies
3,256,2246,2247,10,not_b
3,257,6157,6158,9,not_xor
3,258,2353,2354,10,not_b
3,259,1557,1558,11,implied_by
3,260,2091,2092,14,not_and
3,261,5946,5947,12,not_a
3,262,6697,6698,8,not_or
3,263,961,962,3,a
3,264,1567,1568,6,xor
3,265,3088,3089,3,a
3,266,4067,4068,7,or
3,267,6799,6800,14,not_and
3,268,3603,3604,11,implied_by
3,269,7698,7699,5,b
3,270,6165,6166,14,not_and
3,271,6787,6788,11,implied_by
3,272,362,363,5,b
3,273,7916,7917,14,not_and
3,274,5713,5714,12,not_a
3,275,6805,6806,5,b
3,276,4239,4240,6,xor
3,277,4121,4122,3,a
3,278,731,732,11,implied_by
3,279,7548,7549,12,not_a
3,280,7150,7151,4,not_implied_by
3,281,4671,4672,7,or
3,282,7872,7873,1,and
3,283,6197,6198,6,xor
3,284,6232,6233,13,implies
3,285,797,798,1,and
3,286,7911,7912,10,not_b
3,287,6545,6546,13,implies
3,288,6037,6038,6,xor
3,289,6745,6746,5,b
3,290,6598,6599,2,not_implies
3,291,7042,7043,6,xor
3,292,5896,5897,6,xor
3,293,3745,3746,14,not_and
3,294,3504,3505,3,a
3,295,2259,2260,8,not_or
3,296,7896,7897,8,not_or
3,297,4258,4259,12,not_a
3,298,4642,4643,10,not_b
3,299,7070,7071,9,not_xor
3,300,711,712,11,implied_by
3,301,3634,3635,0,zero
3,302,2806,2807,5,b
3,303,1968,1969,7,or
3,304,6447,6448,5,b
3,305,2341,2342,8,not_or
3,306,2998,2999,12,not_a
3,307,3441,3442,15,one
3,308,62,63,8,not_or
3,309,5015,5016,2,not_implies
3,310,1730,1731,1,and
3,311,7907,7908,5,b
3,312,2926,2927,3,a
3,313,5615,5616,10,not_b
3,314,1984,1985,5,b
3,315,1838,1839,3,a
3,316,2128,2129,4,not_implied_by
3,317,6430,6431,1,and
3,318,3459,3460,7,or
3,319,7877,7878,10,not_b
3,320,283,284,10,not_b
3,321,2989,2990,13,implies
3,322,3135,3136,5,b
3,323,2996,2997,5,b
3,324,1349,1350,8,not_or
3,325,6513,6514,10,not_b
3,326,4902,4903,9,not_xor
3,327,900,901,3,a
3,328,6884,6885,8,not_or
3,329,1819,1820,13,implies
3,330,2304,2305,11,implied_by
3,331,5698,5699,12,not_a
3,332,3036,3037,12,not_a
3,333,7262,7263,5,b
3,334,2802,2803,14,not_and
3,335,3983,3984,5,b
3,336,3090,3091,10,not_b
3,337,929,930,5,b
3,338,803,804,13,implies
3,339,6012,6013,8,not_or
3,340,4510,4511,4,not_implied_by
3,341,1467,1468,11,implied_by
3,342,7339,7340,10,not_b
3,343,4624,4625,8,not_or
3,344,3781,3782,0,zero
3,345,3591,3592,3,a
3,346,7909,7910,0,zero
3,347,3294,3295,6,xor
3,348,4598,4599,6,xor
3,349,3291,3292,14,not_and
3,350,3345,3346,11,implied_by
3,351,5307,5308,3,a
3,352,4698,4699,9,not_xor
3,353,5312,5313,4,not_implied_by
3,354,2801,2802,5,b
3,355,3746,3747,6,xor
3,356,5637,5638,10,not_b
3,357,6325,6326,8,not_or
3,358,4285,4286,12,not_a
3,359,6136,6137,7,or
3,360,7014,7015,8,not_or
3,361,6473,6474,10,not_b
3,362,5983,5984,12,not_a
3,363,7128,7129,14,not_and
3,364,6375,6376,6,xor
3,365,2530,2531,12,not_a
3,366,6481,6482,8,not_or
3,367,102,103,4,not_implied_by
3,368,5573,5574,5,b
3,369,6581,6582,15,one
3,370,7987,7988,15,one
3,371,2233,2234,6,xor
3,372,4379,4380,3,a
3,373,643,644,7,or
3,374,3341,3342,4,not_implied_by
3,375,2634,2635,5,b
3,376,1926,1927,12,not_a
3,377,449,450,7,or
3,378,2439,2440,5,b
3,379,5445,5446,8,not_or
3,380,2133,2134,11,implied_by
3,381,2404,2405,9,not_xor
3,382,4957,4958,0,zero
3,383,1086,1087,3,a
3,384,6556,6557,6,xor
3,385,1347,1348,3,a
3,386,4448,4449,5,b
3,387,395,396,1,and
3,388,4632,4633,8,not_or
3,389,2933,2934,11,implied_by
3,390,7476,7477,8,not_or
3,391,5235,5236,5,b
3,392,1891,1892,12,not_a
3,393,4926,4927,11,implied_by
3,394,6978,6979,14,not_and
3,395,2606,2607,1,and
3,396,3385,3386,14,not_and
3,397,4252,4253,3,a
3,398,1486,1487,3,a
3,399,6217,6218,11,implied_by
3,400,6242,6243,1,and
3,401,3943,3944,12,not_a
3,402,3307,3308,6,xor
3,403,634,635,14,not_and
3,404,5213,5214,10,not_b
3,405,6333,6334,11,implied_by
3,406,7567,7568,3,a
3,407,4991,4992,0,zero
3,408,415,416,12,not_a
3,409,6466,6467,5,b
3,410,4878,4879,13,implies
3,411,5581,5582,1,and
3,412,4789,4790,3,a
3,413,6536,6537,12,not_a
3,414,3047,3048,8,not_or
3,415,687,688,8,not_or
3,416,1619,1620,12,not_a
3,417,7265,7266,4,not_implied_by
3,418,4323,4324,5,b
3,419,3222,3223,0,zero
3,420,3542,3543,12,not_a
3,421,3798,3799,10,not_b
3,422,3408,3409,5,b
3,423,5835,5836,14,not_and
3,424,1372,1373,10,not_b
3,425,3282,3283,3,a
3,426,5385,5386,14,not_and
3,427,5475,5476,5,b
3,428,1092,1093,11,implied_by
3,429,2059,2060,0,zero
3,430,4434,4435,1,and
3,431,6960,6961,10,not_b
3,432,4539,4540,11,implied_by
3,433,5869,5870,5,b
3,434,5458,5459,3,a
3,435,4795,4796,5,b
3,436,6908,6909,15,one
3,437,7906,7907,3,a
3,438,6306,6307,14,not_and
3,439,2196,2197,3,a
3,440,7097,7098,13,implies
3,441,5335,5336,15,one
3,442,649,650,6,xor
3,443,6528,6529,15,one
3,444,4977,4978,0,zero
3,445,6599,6600,10,not_b
3,446,7048,7049,12,not_a
3,447,7299,7300,8,not_or
3,448,7652,7653,2,not_implies
3,449,3205,3206,15,one
3,450,4569,4570,15,one
3,451,421,422,10,not_b
3,452,7366,7367,3,a
3,453,3970,3971,4,not_implied_by
3,454,2893,2894,4,not_implied_by
3,455,3628,3629,13,implies
3,456,5600,5601,5,b
3,457,3757,3758,2,not_implies
3,458,921,922,6,xor
3,459,6422,6423,12,not_a
3,460,903,904,5,b
3,461,5834,5835,4,not_implied_by
3,462,5841,5842,13,implies
3,463,5906,5907,11,implied_by
3,464,87,88,2,not_implies
3,465,263,264,11,implied_by
3,466,231,232,5,b
3,467,6343,6344,0,zero
3,468,1848,1849,1,and
3,469,2387,2388,4,not_implied_by
3,470,6115,6116,3,a
3,471,2594,2595,2,not_implies
3,472,3597,3598,6,xor
3,473,207,208,4,not_implied_by
3,474,540,541,4,not_implied_by
3,475,505,506,7,or
3,476,7571,7572,3,a
3,477,5696,5697,2,not_implies
3,478,3919,3920,3,a
3,479,5799,5800,3,a
3,480,5506,5507,12,not_a
3,481,5783,5784,3,a
3,482,7037,7038,5,b
3,483,2351,2352,9,not_xor
3,484,3715,3716,10,not_b
3,485,2983,2984,5,b
3,486,4203,4204,10,not_b
3,487,5780,5781,12,not_a
3,488,3182,3183,10,not_b
3,489,5064,5065,10,not_b
3,490,3198,3199,5,b
3,491,1560,1561,10,not_b
3,492,7653,7654,15,one
3,493,1201,1202,5,b
3,494,4573,4574,12,not_a
3,495,2173,2174,12,not_a
3,496,6091,6092,0,zero
3,497,3191,3192,9,not_xor
3,498,241,242,4,not_implied_by
3,499,5275,5276,0,zero
3,500,5899,5900,12,not_a
3,501,1229,1230,15,one
3,502,373,374,10,not_b
3,503,24,25,3,a
3,504,7576,7577,7,or
3,505,6089,6090,2,not_implies
3,506,7639,7640,15,one
3,507,4390,4391,14,not_and
3,508,6171,6172,3,a
3,509,5223,5224,10,not_b
3,510,5330,5331,3,a
3,511,6871,6872,5,b
3,512,4550,4551,10,not_b
3,513,5776,5777,7,or
3,514,6763,6764,10,not_b
3,515,1333,1334,7,or
3,516,4681,4682,10,not_b
3,517,7728,7729,2,not_implies
3,518,3643,3644,2,not_implies
3,519,2623,2624,4,not_implied_by
3,520,6345,6346,10,not_b
3,521,6041,6042,11,implied_by
3,522,6537,6538,0,zero
3,523,326,327,12,not_a
3,524,2227,2228,13,implies
3,525,4930,4931,12,not_a
3,526,5101,5102,5,b
3,527,3642,3643,10,not_b
3,528,5318,5319,1,and
3,529,324,325,1,and
3,530,4956,4957,4,not_implied_by
3,531,120,121,7,or
3,532,933,934,10,not_b
3,533,3598,3599,5,b
3,534,7986,7987,2,not_implies
3,535,2834,2835,13,implies
3,536,4443,4444,6,xor
3,537,7655,7656,3,a
3,538,6350,6351,12,not_a
3,539,964,965,1,and
3,540,7560,7561,1,and
3,541,90,91,8,not_or
3,542,5541,5542,0,zero
3,543,4694,4695,12,not_a
3,544,633,634,1,and
3,545,1206,1207,4,not_implied_by
3,546,5907,5908,12,not_a
3,547,1821,1822,4,not_implied_by
3,548,7215,7216,5,b
3,549,2320,2321,3,a
3,550,5154,5155,3,a
3,551,1621,1622,6,xor
3,552,700,701,13,implies
3,553,6195,6196,1,and
3,554,3876,3877,1,and
3,555,4460,4461,3,a
3,556,2112,2113,2,not_implies
3,557,2029,2030,7,or
3,558,4877,4878,1,and
3,559,6776,6777,10,not_b
3,560,7976,7977,0,zero
3,561,300,301,8,not_or
3,562,1370,1371,3,a
3,563,5848,5849,6,xor
3,564,4104,4105,7,or
3,565,1521,1522,13,implies
3,566,7917,7918,7,or
3,567,2987,2988,0,zero
3,568,3866,3867,3,a
3,569,5482,5483,15,one
3,570,6566,6567,1,and
3,571,7121,7122,2,not_implies
3,572,5565,5566,13,implies
3,573,6820,6821,0,zero
3,574,6592,6593,3,a
3,575,5635,5636,14,not_and
3,576,7836,7837,1,and
3,577,4413,4414,11,implied_by
3,578,1458,1459,10,not_b
3,579,4052,4053,4,not_implied_by
3,580,3225,3226,6,xor
3,581,5720,5721,9,not_xor
3,582,6108,6109,8,not_or
3,583,5286,5287,6,xor
3,584,6118,6119,5,b
3,585,6952,6953,5,b
3,586,7629,7630,5,b
3,587,6774,6775,12,not_a
3,588,1322,1323,2,not_implies
3,589,2076,2077,13,implies
3,590,7321,7322,7,or
3,591,343,344,15,one
3,592,2874,2875,4,not_implied_by
3,593,4593,4594,14,not_and
3,594,688,689,6,xor
3,595,7251,7252,13,implies
3,596,876,877,9,not_xor
3,597,5951,5952,5,b
3,598,809,810,5,b
3,599,5209,5210,4,not_implied_by
3,600,2406,2407,11,implied_by
3,601,1893,1894,5,b
3,602,856,857,10,not_b
3,603,7325,7326,5,b
3,604,7101,7102,12,not_a
3,605,1862,1863,9,not_xor
3,606,334,335,15,one
3,607,7430,7431,3,a
3,608,7016,7017,2,not_implies
3,609,5880,5881,13,implies
3,610,4041,4042,3,a
3,611,4129,4130,15,one
3,612,2556,2557,6,xor
3,613,7593,7594,7,or
3,614,3607,3608,11,implied_by
3,615,7853,7854,14,not_and
3,616,896,897,8,not_or
3,617,4691,4692,10,not_b
3,618,664,665,12,not_a
3,619,7856,7857,1,and
3,620,6334,6335,8,not_or
3,621,219,220,1,and
3,622,4204,4205,10,not_b
3,623,3730,3731,3,a
3,624,194,195,3,a
3,625,220,221,10,not_b
3,626,1502,1503,5,b
3,627,2763,2764,1,and
3,628,580,581,8,not_or
3,629,3122,3123,9,not_xor
3,630,1368,1369,7,or
3,631,6574,6575,12,not_a
3,632,455,456,12,not_a
3,633,3512,3513,3,a
3,634,4545,4546,8,not_or
3,635,6994,6995,5,b
3,636,3493,3494,3,a
3,637,1639,1640,3,a
3,638,905,906,6,xor
3,639,40,41,15,one
3,640,7380,7381,10,not_b
3,641,433,434,10,not_b
3,642,2197,2198,6,xor
3,643,7499,7500,2,not_implies
3,644,5655,5656,6,xor
3,645,2702,2703,3,a
3,646,998,999,4,not_implied_by
3,647,2897,2898,6,xor
3,648,3993,3994,5,b
3,649,2380,2381,5,b
3,650,1150,1151,0,zero
3,651,7543,7544,2,not_implies
3,652,3102,3103,12,not_a
3,653,5660,5661,2,not_implies
3,654,4577,4578,2,not_implies
3,655,1609,1610,5,b
3,656,3905,3906,3,a
3,657,1879,1880,1,and
3,658,5704,5705,3,a
3,659,949,950,12,not_a
3,660,3306,3307,10,not_b
3,661,5759,5760,9,not_xor
3,662,7821,7822,0,zero
3,663,3862,3863,12,not_a
3,664,7551,7552,12,not_a
3,665,3221,3222,6,xor
3,666,5522,5523,11,implied_by
3,667,460,461,5,b
3,668,2215,2216,8,not_or
3,669,4824,4825,3,a
3,670,7044,7045,2,not_implies
3,671,927,928,13,implies
3,672,1622,1623,13,implies
3,673,6135,6136,12,not_a
3,674,1138,1139,11,implied_by
3,675,2,3,15,one
3,676,398,399,1,and
3,677,931,932,3,a
3,678,7148,7149,14,not_and
3,679,1543,1544,14,not_and
3,680,4362,4363,13,implies
3,681,7528,7529,2,not_implies
3,682,5662,5663,12,not_a
3,683,3668,3669,10,not_b
3,684,7743,7744,12,not_a
3,685,6875,6876,12,not_a
3,686,7234,7235,8,not_or
3,687,3468,3469,5,b
3,688,1563,1564,10,not_b
3,689,2372,2373,9,not_xor
3,690,7417,7418,3,a
3,691,5961,5962,12,not_a
3,692,5120,5121,3,a
3,693,6775,6776,12,not_a
3,694,4383,4384,13,implies
3,695,509,510,7,or
3,696,2952,2953,15,one
3,697,6511,6512,12,not_a
3,698,7113,7114,12,not_a
3,699,3547,3548,7,or
3,700,576,577,12,not_a
3,701,7484,7485,6,xor
3,702,603,604,10,not_b
3,703,7666,7667,7,or
3,704,1680,1681,10,not_b
3,705,4909,4910,4,not_implied_by
3,706,785,786,12,not_a
3,707,5411,5412,14,not_and
3,708,7955,7956,5,b
3,709,1162,1163,3,a
3,710,7701,7702,10,not_b
3,711,1259,1260,9,not_xor
3,712,320,321,9,not_xor
3,713,1335,1336,3,a
3,714,4023,4024,14,not_and
3,715,7938,7939,6,xor
3,716,3858,3859,2,not_implies
3,717,5927,5928,9,not_xor
3,718,4842,4843,15,one
3,719,4366,4367,8,not_or
3,720,2004,2005,11,implied_by
3,721,4147,4148,14,not_and
3,722,3790,3791,6,xor
3,723,2660,2661,7,or
3,724,890,891,9,not_xor
3,725,4963,4964,1,and
3,726,1980,1981,8,not_or
3,727,5871,5872,15,one
3,728,2641,2642,5,b
3,729,4335,4336,2,not_implies
3,730,1444,1445,6,xor
3,731,1804,1805,8,not_or
3,732,4540,4541,4,not_implied_by
3,733,4669,4670,10,not_b
3,734,6916,6917,10,not_b
3,735,3216,3217,5,b
3,736,4243,4244,0,zero
3,737,3055,3056,10,not_b
3,738,72,73,3,a
3,739,2093,2094,6,xor
3,740,6674,6675,11,implied_by
3,741,6342,6343,6,xor
3,742,7189,7190,1,and
3,743,3444,3445,2,not_implies
3,744,1631,1632,8,not_or
3,745,1197,1198,4,not_implied_by
3,746,29,30,13,implies
3,747,5539,5540,1,and
3,748,2038,2039,11,implied_by
3,749,917,918,9,not_xor
3,750,2132,2133,3,a
3,751,7867,7868,2,not_implies
3,752,4717,4718,14,not_and
3,753,2070,2071,7,or
3,754,7079,7080,5,b
3,755,6483,6484,13,implies
3,756,82,83,9,not_xor
3,757,7657,7658,8,not_or
3,758,6251,6252,14,not_and
3,759,3245,3246,6,xor
3,760,758,759,1,and
3,761,7949,7950,5,b
3,762,5873,5874,5,b
3,763,7359,7360,5,b
3,764,7888,7889,6,xor
3,765,6686,6687,15,one
3,766,1692,1693,10,not_b
3,767,7298,7299,9,not_xor
3,768,4538,4539,10,not_b
3,769,1170,1171,13,implies
3,770,818,819,13,implies
3,771,4140,4141,13,implies
3,772,4915,4916,3,a
3,773,6933,6934,5,b
3,774,7124,7125,4,not_implied_by
3,775,2714,2715,14,not_and
3,776,3650,3651,5,b
3,777,2767,2768,4,not_implied_by
3,778,667,668,12,not_a
3,779,1693,1694,15,one
3,780,3573,3574,5,b
3,781,4912,4913,7,or
3,782,5447,5448,5,b
3,783,3976,3977,11,implied_by
3,784,6609,6610,12,not_a
3,785,6131,6132,1,and
3,786,4382,4383,13,implies
3,787,1262,1263,13,implies
3,788,5000,5001,12,not_a
3,789,4515,4516,8,not_or
3,790,323,324,2,not_implies
3,791,4058,4059,14,not_and
3,792,2074,2075,10,not_b
3,793,3264,3265,12,not_a
3,794,5723,5724,4,not_implied_by
3,795,1188,1189,12,not_a
3,796,2343,2344,10,not_b
3,797,3577,3578,12,not_a
3,798,4337,4338,9,not_xor
3,799,1122,1123,6,xor
3,800,3085,3086,9,not_xor
3,801,4352,4353,12,not_a
3,802,1954,1955,15,one
3,803,1681,1682,11,implied_by
3,804,2218,2219,1,and
3,805,5406,5407,12,not_a
3,806,7991,7992,1,and
3,807,883,884,1,and
3,808,2397,2398,9,not_xor
3,809,942,943,2,not_implies
3,810,1196,1197,3,a
3,811,1251,1252,0,zero
3,812,273,274,7,or
3,813,5227,5228,8,not_or
3,814,7396,7397,5,b
3,815,6751,6752,0,zero
3,816,3099,3100,2,not_implies
3,817,2677,2678,9,not_xor
3,818,3415,3416,7,or
3,819,646,647,7,or
3,820,2185,2186,2,not_implies
3,821,6246,6247,4,not_implied_by
3,822,4796,4797,1,and
3,823,5202,5203,9,not_xor
3,824,2854,2855,3,a
3,825,2057,2058,7,or
3,826,953,954,3,a
3,827,7963,7964,1,and
3,828,3048,3049,11,implied_by
3,829,253,254,12,not_a
3,830,5925,5926,13,implies
3,831,4758,4759,4,not_implied_by
3,832,7179,7180,3,a
3,833,3179,3180,11,implied_by
3,834,4225,4226,7,or
3,835,1944,1945,1,and
3,836,7367,7368,14,not_and
3,837,754,755,6,xor
3,838,674,675,15,one
3,839,4772,4773,10,not_b
3,840,4923,4924,10,not_b
3,841,4843,4844,5,b
3,842,7816,7817,13,implies
3,843,501,502,7,or
3,844,1016,1017,15,one
3,845,7717,7718,9,not_xor
3,846,5299,5300,13,implies
3,847,6593,6594,1,and
3,848,4507,4508,10,not_b
3,849,833,834,13,implies
3,850,293,294,7,or
3,851,6590,6591,13,implies
3,852,7807,7808,10,not_b
3,853,6819,6820,2,not_implies
3,854,2189,2190,6,xor
3,855,5090,5091,8,not_or
3,856,288,289,0,zero
3,857,1689,1690,1,and
3,858,399,400,4,not_implied_by
3,859,7348,7349,10,not_b
3,860,5136,5137,14,not_and
3,861,5661,5662,10,not_b
3,862,4172,4173,10,not_b
3,863,3502,3503,12,not_a
3,864,7581,7582,5,b
3,865,4680,4681,8,not_or
3,866,1756,1757,13,implies
3,867,3817,3818,14,not_and
3,868,881,882,10,not_b
3,869,2918,2919,6,xor
3,870,2525,2526,5,b
3,871,7756,7757,4,not_implied_by
3,872,1275,1276,11,implied_by
3,873,4224,4225,14,not_and
3,874,6296,6297,14,not_and
3,875,4832,4833,10,not_b
3,876,4557,4558,6,xor
3,877,191,192,7,or
3,878,2800,2801,11,implied_by
3,879,7426,7427,3,a
3,880,167,168,12,not_a
3,881,5131,5132,3,a
3,882,1227,1228,12,not_a
3,883,4308,4309,2,not_implies
3,884,6168,6169,10,not_b
3,885,3865,3866,10,not_b
3,886,6801,6802,3,a
3,887,1273,1274,11,implied_by
3,888,316,317,11,implied_by
3,889,6681,6682,3,a
3,890,4581,4582,3,a
3,891,3945,3946,12,not_a
3,892,5076,5077,5,b
3,893,5106,5107,6,xor
3,894,7340,7341,2,not_implies
3,895,4512,4513,13,implies
3,896,5605,5606,10,not_b
3,897,6374,6375,4,not_implied_by
3,898,5074,5075,2,not_implies
3,899,7741,7742,1,and
3,900,7130,7131,5,b
3,901,852,853,12,not_a
3,902,7683,7684,0,zero
3,903,4978,4979,5,b
3,904,6372,6373,9,not_xor
3,905,6762,6763,10,not_b
3,906,3176,3177,10,not_b
3,907,6299,6300,8,not_or
3,908,5340,5341,9,not_xor
3,909,6767,6768,10,not_b
3,910,6324,6325,7,or
3,911,847,848,9,not_xor
3,912,2694,2695,15,one
3,913,4017,4018,5,b
3,914,1177,1178,12,not_a
3,915,4889,4890,12,not_a
3,916,6358,6359,10,not_b
3,917,2024,2025,10,not_b
3,918,4955,4956,12,not_a
3,919,1724,1725,10,not_b
3,920,6942,6943,8,not_or
3,921,7507,7508,9,not_xor
3,922,431,432,6,xor
3,923,3203,3204,9,not_xor
3,924,1548,1549,5,b
3,925,7504,7505,12,not_a
3,926,156,157,10,not_b
3,927,7172,7173,10,not_b
3,928,5981,5982,5,b
3,929,3626,3627,8,not_or
3,930,6576,6577,14,not_and
3,931,1608,1609,0,zero
3,932,5560,5561,10,not_b
3,933,1965,1966,12,not_a
3,934,4513,4514,7,or
3,935,7893,7894,3,a
3,936,1292,1293,9,not_xor
3,937,918,919,7,or
3,938,2937,2938,3,a
3,939,1158,1159,11,implied_by
3,940,4846,4847,2,not_implies
3,941,213,214,10,not_b
3,942,3937,3938,9,not_xor
3,943,475,476,8,not_or
3,944,5525,5526,3,a
3,945,6552,6553,15,one
3,946,7095,7096,1,and
3,947,513,514,5,b
3,948,1144,1145,12,not_a
3,949,5225,5226,8,not_or
3,950,5006,5007,5,b
3,951,139,140,10,not_b
3,952,4354,4355,13,implies
3,953,1391,1392,8,not_or
3,954,1600,1601,1,and
3,955,2328,2329,13,implies
3,956,5373,5374,5,b
3,957,5964,5965,11,implied_by
3,958,4776,4777,12,not_a
3,959,5900,5901,12,not_a
3,960,4380,4381,14,not_and
3,961,7785,7786,10,not_b
3,962,7650,7651,12,not_a
3,963,366,367,3,a
3,964,2742,2743,10,not_b
3,965,203,204,3,a
3,966,5840,5841,0,zero
3,967,4641,4642,2,not_implies
3,968,3449,3450,1,and
3,969,5762,5763,15,one
3,970,5517,5518,9,not_xor
3,971,2075,2076,8,not_or
3,972,6484,6485,14,not_and
3,973,3046,3047,3,a
3,974,336,337,3,a
3,975,703,704,3,a
3,976,4188,4189,12,not_a
3,977,3740,3741,10,not_b
3,978,1238,1239,14,not_and
3,979,1190,1191,1,and
3,980,7216,7217,0,zero
3,981,5388,5389,10,not_b
3,982,1185,1186,8,not_or
3,983,260,261,3,a
3,984,492,493,12,not_a
3,985,6867,6868,5,b
3,986,5641,5642,10,not_b
3,987,3380,3381,14,not_and
3,988,875,876,12,not_a
3,989,4767,4768,7,or
3,990,6561,6562,15,one
3,991,7074,7075,5,b
3,992,353,354,9,not_xor
3,993,4825,4826,12,not_a
3,994,4765,4766,15,one
3,995,3396,3397,10,not_b
3,996,3113,3114,11,implied_by
3,997,3400,3401,10,not_b
3,998,6461,6462,11,implied_by
3,999,5428,5429,7,or
3,1000,3694,3695,1,and
3,1001,7354,7355,7,or
3,1002,7842,7843,15,one
3,1003,189,190,14,not_and
3,1004,2514,2515,3,a
3,1005,7356,7357,5,b
3,1006,1652,1653,1,and
3,1007,4588,4589,3,a
3,1008,5969,5970,8,not_or
3,1009,6778,6779,10,not_b
3,1010,5417,5418,9,not_xor
3,1011,1483,1484,10,not_b
3,1012,6498,6499,2,not_implies
3,1013,4247,4248,2,not_implies
3,1014,6180,6181,10,not_b
3,1015,1686,1687,6,xor
3,1016,6941,6942,5,b
3,1017,6613,6614,1,and
3,1018,4002,4003,12,not_a
3,1019,6293,6294,14,not_and
3,1020,1384,1385,13,implies
3,1021,405,406,11,implied_by
3,1022,372,373,13,implies
3,1023,4300,4301,10,not_b
3,1024,4396,4397,4,not_implied_by
3,1025,2335,2336,14,not_and
3,1026,3066,3067,9,not_xor
3,1027,7758,7759,9,not_xor
3,1028,176,177,14,not_and
3,1029,2476,2477,13,implies
3,1030,6648,6649,5,b
3,1031,1897,1898,1,and
3,1032,3516,3517,5,b
3,1033,7184,7185,7,or
3,1034,6455,6456,0,zero
3,1035,1481,1482,5,b
3,1036,7501,7502,10,not_b
3,1037,7277,7278,13,implies
3,1038,128,129,1,and
3,1039,7989,7990,7,or
3,1040,3119,3120,10,not_b
3,1041,6301,6302,2,not_implies
3,1042,6452,6453,7,or
3,1043,5934,5935,8,not_or
3,1044,3185,3186,9,not_xor
3,1045,3160,3161,11,implied_by
3,1046,4797,4798,8,not_or
3,1047,6852,6853,5,b
3,1048,5886,5887,3,a
3,1049,1760,1761,10,not_b
3,1050,6403,6404,0,zero
3,1051,3069,3070,2,not_implies
3,1052,7738,7739,2,not_implies
3,1053,3852,3853,12,not_a
3,1054,3379,3380,5,b
3,1055,7229,7230,1,and
3,1056,6879,6880,15,one
3,1057,3393,3394,11,implied_by
3,1058,4154,4155,5,b
3,1059,6497,6498,12,not_a
3,1060,2354,2355,10,not_b
3,1061,216,217,3,a
3,1062,1948,1949,13,implies
3,1063,149,150,3,a
3,1064,2764,2765,8,not_or
3,1065,3019,3020,1,and
3,1066,2289,2290,10,not_b
3,1067,4595,4596,13,implies
3,1068,7002,7003,14,not_and
3,1069,1389,1390,7,or
3,1070,7838,7839,12,not_a
3,1071,2545,2546,10,not_b
3,1072,2884,2885,15,one
3,1073,7605,7606,2,not_implies
3,1074,2659,2660,12,not_a
3,1075,7931,7932,5,b
3,1076,2272,2273,12,not_a
3,1077,6791,6792,10,not_b
3,1078,2686,2687,2,not_implies
3,1079,4194,4195,2,not_implies
3,1080,2348,2349,10,not_b
3,1081,59,60,7,or
3,1082,6454,6455,2,not_implies
3,1083,5702,5703,6,xor
3,1084,3405,3406,11,implied_by
3,1085,6708,6709,13,implies
3,1086,846,847,7,or
3,1087,1411,1412,12,not_a
3,1088,4341,4342,10,not_b
3,1089,5412,5413,6,xor
3,1090,5548,5549,3,a
3,1091,3575,3576,8,not_or
3,1092,6963,6964,10,not_b
3,1093,6596,6597,5,b
3,1094,3570,3571,4,not_implied_by
3,1095,5186,5187,10,not_b
3,1096,4566,4567,14,not_and
3,1097,2704,2705,8,not_or
3,1098,1052,1053,8,not_or
3,1099,7472,7473,2,not_implies
3,1100,1750,1751,0,zero
3,1101,779,780,8,not_or
3,1102,4759,4760,10,not_b
3,1103,2236,2237,10,not_b
3,1104,6065,6066,5,b
3,1105,3,4,13,implies
3,1106,7644,7645,12,not_a
3,1107,3975,3976,4,not_implied_by
3,1108,624,625,8,not_or
3,1109,7615,7616,10,not_b
3,1110,1647,1648,2,not_implies
3,1111,1,2,5,b
3,1112,3660,3661,5,b
3,1113,2135,2136,10,not_b
3,1114,734,735,12,not_a
3,1115,6056,6057,10,not_b
3,1116,4469,4470,4,not_implied_by
3,1117,477,478,12,not_a
3,1118,6009,6010,14,not_and
3,1119,1677,1678,6,xor
3,1120,2994,2995,5,b
3,1121,5535,5536,10,not_b
3,1122,1404,1405,1,and
3,1123,6980,6981,7,or
3,1124,2100,2101,9,not_xor
3,1125,3938,3939,11,implied_by
3,1126,7162,7163,8,not_or
3,1127,5259,5260,1,and
3,1128,6200,6201,12,not_a
3,1129,6897,6898,15,one
3,1130,1937,1938,10,not_b
3,1131,4660,4661,12,not_a
3,1132,1193,1194,9,not_xor
3,1133,6710,6711,11,implied_by
3,1134,2497,2498,6,xor
3,1135,885,886,10,not_b
3,1136,7406,7407,1,and
3,1137,2846,2847,5,b
3,1138,956,957,2,not_implies
3,1139,7574,7575,8,not_or
3,1140,3911,3912,10,not_b
3,1141,2134,2135,13,implies
3,1142,2018,2019,12,not_a
3,1143,5032,5033,9,not_xor
3,1144,6017,6018,1,and
3,1145,2034,2035,14,not_and
3,1146,4697,4698,8,not_or
3,1147,4027,4028,12,not_a
3,1148,7323,7324,0,zero
3,1149,781,782,13,implies
3,1150,2568,2569,9,not_xor
3,1151,1118,1119,6,xor
3,1152,2753,2754,5,b
3,1153,4673,4674,12,not_a
3,1154,1255,1256,15,one
3,1155,816,817,10,not_b
3,1156,3618,3619,7,or
3,1157,4762,4763,11,implied_by
3,1158,1294,1295,10,not_b
3,1159,5414,5415,5,b
3,1160,5695,5696,10,not_b
3,1161,7201,7202,13,implies
3,1162,4298,4299,7,or
3,1163,1722,1723,3,a
3,1164,7592,7593,1,and
3,1165,4864,4865,10,not_b
3,1166,7641,7642,10,not_b
3,1167,119,120,11,implied_by
3,1168,3249,3250,15,one
3,1169,2768,2769,3,a
3,1170,2688,2689,7,or
3,1171,2919,2920,4,not_implied_by
3,1172,3051,3052,7,or
3,1173,7682,7683,8,not_or
3,1174,7812,7813,3,a
3,1175,2120,2121,10,not_b
3,1176,3834,3835,14,not_and
3,1177,6578,6579,1,and
3,1178,6627,6628,12,not_a
3,1179,2448,2449,14,not_and
3,1180,4109,4110,7,or
3,1181,4056,4057,12,not_a
3,1182,726,727,11,implied_by
3,1183,4178,4179,5,b
3,1184,2717,2718,6,xor
3,1185,7600,7601,5,b
3,1186,2649,2650,6,xor
3,1187,6381,6382,2,not_implies
3,1188,1555,1556,11,implied_by
3,1189,1343,1344,9,not_xor
3,1190,3811,3812,12,not_a
3,1191,6770,6771,12,not_a
3,1192,5512,5513,12,not_a
3,1193,1627,1628,2,not_implies
3,1194,466,467,5,b
3,1195,1711,1712,13,implies
3,1196,7337,7338,12,not_a
3,1197,2103,2104,10,not_b
3,1198,1003,1004,1,and
3,1199,5164,5165,6,xor
3,1200,7377,7378,6,xor
3,1201,360,361,5,b
3,1202,2736,2737,11,implied_by
3,1203,6959,6960,11,implied_by
3,1204,2943,2944,5,b
3,1205,1054,1055,3,a
3,1206,7029,7030,8,not_or
3,1207,6817,6818,5,b
3,1208,2219,2220,13,implies
3,1209,7239,7240,4,not_implied_by
3,1210,599,600,10,not_b
3,1211,723,724,3,a
3,1212,2790,2791,5,b
3,1213,3507,3508,6,xor
3,1214,1108,1109,14,not_and
3,1215,3140,3141,2,not_implies
3,1216,5042,5043,2,not_implies
3,1217,4261,4262,13,implies
3,1218,7988,7989,9,not_xor
3,1219,5764,5765,5,b
3,1220,3960,3961,13,implies
3,1221,2187,2188,14,not_and
3,1222,3044,3045,6,xor
3,1223,4522,4523,9,not_xor
3,1224,4435,4436,3,a
3,1225,67,68,2,not_implies
3,1226,1117,1118,12,not_a
3,1227,1844,1845,13,implies
3,1228,2264,2265,3,a
3,1229,6317,6318,6,xor
3,1230,1643,1644,4,not_implied_by
3,1231,3145,3146,10,not_b
3,1232,7040,7041,15,one
3,1233,6949,6950,3,a
3,1234,7181,7182,3,a
3,1235,140,141,7,or
3,1236,2478,2479,5,b
3,1237,6925,6926,11,implied_by
3,1238,6013,6014,12,not_a
3,1239,2332,2333,3,a
3,1240,3346,3347,10,not_b
3,1241,531,532,9,not_xor
3,1242,1364,1365,3,a
3,1243,4031,4032,7,or
3,1244,5041,5042,6,xor
3,1245,4286,4287,1,and
3,1246,1112,1113,13,implies
3,1247,5316,5317,3,a
3,1248,6155,6156,8,not_or
3,1249,795,796,12,not_a
3,1250,4627,4628,11,implied_by
3,1251,1268,1269,12,not_a
3,1252,1865,1866,0,zero
3,1253,2822,2823,5,b
3,1254,3332,3333,3,a
3,1255,4917,4918,9,not_xor
3,1256,7168,7169,8,not_or
3,1257,1350,1351,5,b
3,1258,6625,6626,7,or
3,1259,4219,4220,9,not_xor
3,1260,1379,1380,5,b
3,1261,2299,2300,1,and
3,1262,4374,4375,3,a
3,1263,7187,7188,0,zero
3,1264,3948,3949,8,not_or
3,1265,4904,4905,0,zero
3,1266,7214,7215,14,not_and
3,1267,1007,1008,3,a
3,1268,2735,2736,15,one
3,1269,145,146,3,a
3,1270,6788,6789,4,not_implied_by
3,1271,26,27,7,or
3,1272,1836,1837,5,b
3,1273,831,832,1,and
3,1274,7718,7719,5,b
3,1275,5384,5385,10,not_b
3,1276,7057,7058,13,implies
3,1277,6478,6479,8,not_or
3,1278,2756,2757,1,and
3,1279,671,672,8,not_or
3,1280,4199,4200,1,and
3,1281,7708,7709,4,not_implied_by
3,1282,5743,5744,7,or
3,1283,3816,3817,3,a
3,1284,3402,3403,6,xor
3,1285,5089,5090,11,implied_by
3,1286,37,38,5,b
3,1287,902,903,1,and
3,1288,2182,2183,15,one
3,1289,5357,5358,1,and
3,1290,5365,5366,15,one
3,1291,5667,5668,5,b
3,1292,6626,6627,5,b
3,1293,259,260,8,not_or
3,1294,2959,2960,14,not_and
3,1295,7475,7476,2,not_implies
3,1296,4981,4982,10,not_b
3,1297,1829,1830,9,not_xor
3,1298,6370,6371,1,and
3,1299,6661,6662,5,b
3,1300,4315,4316,7,or
3,1301,1607,1608,3,a
3,1302,6038,6039,2,not_implies
3,1303,1843,1844,1,and
3,1304,493,494,6,xor
3,1305,3443,3444,12,not_a
3,1306,7608,7609,10,not_b
3,1307,4065,4066,12,not_a
3,1308,6482,6483,11,implied_by
3,1309,7163,7164,10,not_b
3,1310,7737,7738,12,not_a
3,1311,2455,2456,0,zero
3,1312,7219,7220,5,b
3,1313,7023,7024,12,not_a
3,1314,5068,5069,10,not_b
3,1315,5450,5451,11,implied_by
3,1316,655,656,5,b
3,1317,4331,4332,15,one
3,1318,7393,7394,10,not_b
3,1319,3390,3391,12,not_a
3,1320,2602,2603,14,not_and
3,1321,4714,4715,5,b
3,1322,1832,1833,1,and
3,1323,4766,4767,6,xor
3,1324,6866,6867,3,a
3,1325,3801,3802,8,not_or
3,1326,1564,1565,4,not_implied_by
3,1327,1119,1120,0,zero
3,1328,7948,7949,12,not_a
3,1329,2420,2421,4,not_implied_by
3,1330,717,718,5,b
3,1331,5904,5905,3,a
3,1332,281,282,8,not_or
3,1333,5669,5670,2,not_implies
3,1334,3936,3937,7,or
3,1335,2373,2374,10,not_b
3,1336,3125,3126,3,a
3,1337,7977,7978,15,one
3,1338,4029,4030,15,one
3,1339,5156,5157,1,and
3,1340,5242,5243,12,not_a
3,1341,2840,2841,4,not_implied_by
3,1342,1755,1756,7,or
3,1343,867,868,6,xor
3,1344,2175,2176,9,not_xor
3,1345,1450,1451,3,a
3,1346,2979,2980,3,a
3,1347,1434,1435,1,and
3,1348,5843,5844,4,not_implied_by
3,1349,551,552,3,a
3,1350,7533,7534,15,one
3,1351,165,166,1,and
3,1352,7511,7512,1,and
3,1353,587,588,0,zero
3,1354,6388,6389,4,not_implied_by
3,1355,2977,2978,10,not_b
3,1356,1771,1772,8,not_or
3,1357,3446,3447,0,zero
3,1358,174,175,5,b
3,1359,277,278,12,not_a
3,1360,2055,2056,8,not_or
3,1361,5028,5029,10,not_b
3,1362,4922,4923,12,not_a
3,1363,626,627,10,not_b
3,1364,6151,6152,8,not_or
3,1365,7880,7881,10,not_b
3,1366,1869,1870,3,a
3,1367,2692,2693,4,not_implied_by
3,1368,7956,7957,9,not_xor
3,1369,3309,3310,6,xor
3,1370,6366,6367,15,one
3,1371,7775,7776,5,b
3,1372,7316,7317,15,one
3,1373,3799,3800,5,b
3,1374,1011,1012,9,not_xor
3,1375,3021,3022,5,b
3,1376,796,797,9,not_xor
3,1377,5954,5955,0,zero
3,1378,3063,3064,2,not_implies
3,1379,7422,7423,5,b
3,1380,1302,1303,15,one
3,1381,2147,2148,8,not_or
3,1382,2612,2613,0,zero
3,1383,6997,6998,5,b
3,1384,5019,5020,5,b
3,1385,1409,1410,7,or
3,1386,2675,2676,2,not_implies
3,1387,6004,6005,12,not_a
3,1388,3391,3392,0,zero
3,1389,685,686,12,not_a
3,1390,4256,4257,12,not_a
3,1391,5345,5346,7,or
3,1392,6837,6838,3,a
3,1393,4643,4644,12,not_a
3,1394,81,82,15,one
3,1395,6509,6510,11,implied_by
3,1396,3050,3051,15,one
3,1397,1407,1408,4,not_implied_by
3,1398,7471,7472,6,xor
3,1399,5098,5099,12,not_a
3,1400,2192,2193,12,not_a
3,1401,5347,5348,5,b
3,1402,4387,4388,10,not_b
3,1403,7588,7589,12,not_a
3,1404,7656,7657,12,not_a
3,1405,5381,5382,14,not_and
3,1406,6940,6941,9,not_xor
3,1407,5937,5938,3,a
3,1408,1520,1521,2,not_implies
3,1409,389,390,10,not_b
3,1410,1258,1259,12,not_a
3,1411,4470,4471,4,not_implied_by
3,1412,7269,7270,13,implies
3,1413,86,87,13,implies
3,1414,3749,3750,2,not_implies
3,1415,3562,3563,12,not_a
3,1416,5714,5715,10,not_b
3,1417,2812,2813,8,not_or
3,1418,1331,1332,3,a
3,1419,272,273,10,not_b
3,1420,6854,6855,14,not_and
3,1421,936,937,6,xor
3,1422,7241,7242,5,b
3,1423,7671,7672,3,a
3,1424,5797,5798,14,not_and
3,1425,1585,1586,2,not_implies
3,1426,6510,6511,10,not_b
3,1427,3726,3727,14,not_and
3,1428,1314,1315,6,xor
3,1429,4353,4354,5,b
3,1430,6602,6603,10,not_b
3,1431,5784,5785,14,not_and
3,1432,1606,1607,14,not_and
3,1433,1863,1864,1,and
3,1434,284,285,2,not_implies
3,1435,5308,5309,6,xor
3,1436,954,955,5,b
3,1437,6824,6825,3,a
3,1438,4485,4486,15,one
3,1439,3558,3559,4,not_implied_by
3,1440,5298,5299,12,not_a
3,1441,2035,2036,10,not_b
3,1442,1596,1597,12,not_a
3,1443,2003,2004,1,and
3,1444,828,829,5,b
3,1445,2779,2780,5,b
3,1446,5037,5038,15,one
3,1447,462,463,6,xor
3,1448,3261,3262,1,and
3,1449,4609,4610,14,not_and
3,1450,6318,6319,5,b
3,1451,5952,5953,12,not_a
3,1452,6927,6928,5,b
3,1453,2095,2096,9,not_xor
3,1454,2379,2380,8,not_or
3,1455,4544,4545,9,not_xor
3,1456,7903,7904,9,not_xor
3,1457,424,425,1,and
3,1458,5271,5272,5,b
3,1459,4519,4520,0,zero
3,1460,3189,3190,7,or
3,1461,908,909,8,not_or
3,1462,4296,4297,14,not_and
3,1463,923,924,14,not_and
3,1464,7144,7145,4,not_implied_by
3,1465,3523,3524,10,not_b
3,1466,3386,3387,5,b
3,1467,3017,3018,5,b
3,1468,1525,1526,5,b
3,1469,4722,4723,8,not_or
3,1470,1440,1441,8,not_or
3,1471,6676,6677,2,not_implies
3,1472,6847,6848,12,not_a
3,1473,1250,1251,4,not_implied_by
3,1474,5419,5420,10,not_b
3,1475,6231,6232,10,not_b
3,1476,2378,2379,9,not_xor
3,1477,1173,1174,5,b
3,1478,1143,1144,8,not_or
3,1479,683,684,14,not_and
3,1480,4196,4197,5,b
3,1481,4913,4914,15,one
3,1482,3013,3014,12,not_a
3,1483,3647,3648,4,not_implied_by
3,1484,4516,4517,10,not_b
3,1485,7622,7623,12,not_a
3,1486,3461,3462,5,b
3,1487,2708,2709,1,and
3,1488,5324,5325,12,not_a
3,1489,1061,1062,12,not_a
3,1490,2636,2637,13,implies
3,1491,5767,5768,7,or
3,1492,5554,5555,15,one
3,1493,425,426,8,not_or
3,1494,2001,2002,14,not_and
3,1495,4465,4466,3,a
3,1496,1873,1874,12,not_a
3,1497,2167,2168,7,or
3,1498,4858,4859,4,not_implied_by
3,1499,5922,5923,3,a
3,1500,7852,7853,8,not_or
3,1501,4012,4013,9,not_xor
3,1502,527,528,15,one
3,1503,3777,3778,12,not_a
3,1504,5026,5027,10,not_b
3,1505,2280,2281,5,b
3,1506,437,438,5,b
3,1507,897,898,13,implies
3,1508,1160,1161,8,not_or
3,1509,5081,5082,15,one
3,1510,3202,3203,14,not_and
3,1511,1257,1258,5,b
3,1512,7606,7607,0,zero
3,1513,388,389,11,implied_by
3,1514,478,479,7,or
3,1515,6255,6256,9,not_xor
3,1516,1374,1375,8,not_or
3,1517,1448,1449,15,one
3,1518,5950,5951,4,not_implied_by
3,1519,5596,5597,5,b
3,1520,3004,3005,2,not_implies
3,1521,7790,7791,4,not_implied_by
3,1522,4190,4191,15,one
3,1523,2109,2110,12,not_a
3,1524,3130,3131,13,implies
3,1525,3148,3149,1,and
3,1526,3728,3729,10,not_b
3,1527,376,377,14,not_and
3,1528,7493,7494,12,not_a
3,1529,7779,7780,14,not_and
3,1530,2625,2626,0,zero
3,1531,3024,3025,4,not_implied_by
3,1532,6759,6760,11,implied_by
3,1533,410,411,0,zero
3,1534,3688,3689,12,not_a
3,1535,3822,3823,3,a
3,1536,3227,3228,5,b
3,1537,5616,5617,12,not_a
3,1538,2861,2862,12,not_a
3,1539,5620,5621,15,one
3,1540,6735,6736,10,not_b
3,1541,1034,1035,12,not_a
3,1542,5650,5651,3,a
3,1543,356,357,8,not_or
3,1544,4384,4385,8,not_or
3,1545,5463,5464,11,implied_by
3,1546,1102,1103,7,or
3,1547,6034,6035,10,not_b
3,1548,2916,2917,7,or
3,1549,6752,6753,10,not_b
3,1550,4860,4861,8,not_or
3,1551,5274,5275,10,not_b
3,1552,7846,7847,12,not_a
3,1553,331,332,1,and
3,1554,5993,5994,12,not_a
3,1555,1923,1924,8,not_or
3,1556,2163,2164,4,not_implied_by
3,1557,2661,2662,3,a
3,1558,3486,3487,2,not_implies
3,1559,1864,1865,7,or
3,1560,380,381,12,not_a
3,1561,5508,5509,10,not_b
3,1562,1940,1941,9,not_xor
3,1563,1867,1868,15,one
3,1564,6540,6541,12,not_a
3,1565,2535,2536,1,and
3,1566,2098,2099,7,or
3,1567,4861,4862,14,not_and
3,1568,2838,2839,6,xor
3,1569,2866,2867,15,one
3,1570,6111,6112,13,implies
3,1571,3787,3788,0,zero
3,1572,5114,5115,10,not_b
3,1573,6126,6127,10,not_b
3,1574,991,992,8,not_or
3,1575,4064,4065,4,not_implied_by
3,1576,3211,3212,3,a
3,1577,2489,2490,9,not_xor
3,1578,456,457,5,b
3,1579,4226,4227,13,implies
3,1580,3737,3738,15,one
3,1581,6234,6235,3,a
3,1582,6353,6354,11,implied_by
3,1583,4416,4417,7,or
3,1584,6387,6388,10,not_b
3,1585,6970,6971,10,not_b
3,1586,3038,3039,8,not_or
3,1587,6448,6449,10,not_b
3,1588,487,488,8,not_or
3,1589,1420,1421,14,not_and
3,1590,4373,4374,9,not_xor
3,1591,4492,4493,13,implies
3,1592,5584,5585,0,zero
3,1593,4775,4776,6,xor
3,1594,355,356,6,xor
3,1595,63,64,5,b
3,1596,1457,1458,7,or
3,1597,7310,7311,10,not_b
3,1598,365,366,8,not_or
3,1599,1316,1317,15,one
3,1600,6033,6034,13,implies
3,1601,2519,2520,8,not_or
3,1602,2783,2784,2,not_implies
3,1603,5062,5063,10,not_b
3,1604,2458,2459,14,not_and
3,1605,877,878,14,not_and
3,1606,7120,7121,5,b
3,1607,6611,6612,1,and
3,1608,1854,1855,13,implies
3,1609,1104,1105,12,not_a
3,1610,5273,5274,5,b
3,1611,2647,2648,2,not_implies
3,1612,7895,7896,11,implied_by
3,1613,3414,3415,10,not_b
3,1614,7183,7184,10,not_b
3,1615,3143,3144,14,not_and
3,1616,5614,5615,12,not_a
3,1617,5763,5764,15,one
3,1618,7481,7482,2,not_implies
3,1619,2794,2795,7,or
3,1620,2842,2843,1,and
3,1621,1798,1799,12,not_a
3,1622,7135,7136,3,a
3,1623,3641,3642,3,a
3,1624,5102,5103,5,b
3,1625,4187,4188,3,a
3,1626,6589,6590,0,zero
3,1627,3979,3980,6,xor
3,1628,4773,4774,3,a
3,1629,4430,4431,12,not_a
3,1630,1071,1072,1,and
3,1631,416,417,0,zero
3,1632,1812,1813,13,implies
3,1633,724,725,14,not_and
3,1634,6070,6071,13,implies
3,1635,7328,7329,11,implied_by
3,1636,7177,7178,1,and
3,1637,3982,3983,11,implied_by
3,1638,670,671,13,implies
3,1639,5355,5356,10,not_b
3,1640,6991,6992,1,and
3,1641,2078,2079,7,or
3,1642,3987,3988,12,not_a
3,1643,2595,2596,9,not_xor
3,1644,7174,7175,1,and
3,1645,3080,3081,9,not_xor
3,1646,1604,1605,14,not_and
3,1647,2826,2827,3,a
3,1648,7983,7984,5,b
3,1649,2042,2043,10,not_b
3,1650,1036,1037,12,not_a
3,1651,1385,1386,3,a
3,1652,1985,1986,10,not_b
3,1653,7394,7395,5,b
3,1654,1103,1104,14,not_and
3,1655,1035,1036,1,and
3,1656,7061,7062,13,implies
3,1657,4097,4098,1,and
3,1658,6976,6977,5,b
3,1659,3448,3449,9,not_xor
3,1660,3959,3960,0,zero
3,1661,6742,6743,7,or
3,1662,7601,7602,10,not_b
3,1663,5044,5045,1,and
3,1664,3108,3109,9,not_xor
3,1665,3599,3600,3,a
3,1666,7078,7079,15,one
3,1667,6015,6016,5,b
3,1668,5966,5967,8,not_or
3,1669,2101,2102,13,implies
3,1670,6465,6466,14,not_and
3,1671,7876,7877,9,not_xor
3,1672,7055,7056,6,xor
3,1673,2650,2651,3,a
3,1674,5,6,5,b
3,1675,4647,4648,13,implies
3,1676,5632,5633,1,and
3,1677,4130,4131,6,xor
3,1678,1710,1711,5,b
3,1679,1154,1155,7,or
3,1680,2513,2514,5,b
3,1681,988,989,10,not_b
3,1682,5864,5865,14,not_and
3,1683,5123,5124,10,not_b
3,1684,7923,7924,9,not_xor
3,1685,2081,2082,11,implied_by
3,1686,2484,2485,0,zero
3,1687,5756,5757,8,not_or
3,1688,3474,3475,10,not_b
3,1689,6405,6406,0,zero
3,1690,1090,1091,10,not_b
3,1691,1208,1209,12,not_a
3,1692,4163,4164,7,or
3,1693,7520,7521,10,not_b
3,1694,3226,3227,0,zero
3,1695,1021,1022,12,not_a
3,1696,6399,6400,14,not_and
3,1697,5187,5188,12,not_a
3,1698,2958,2959,3,a
3,1699,5086,5087,1,and
3,1700,1872,1873,3,a
3,1701,6750,6751,0,zero
3,1702,575,576,10,not_b
3,1703,4693,4694,1,and
3,1704,5823,5824,11,implied_by
3,1705,6137,6138,6,xor
3,1706,3348,3349,6,xor
3,1707,7565,7566,0,zero
3,1708,7672,7673,7,or
3,1709,6945,6946,12,not_a
3,1710,2367,2368,14,not_and
3,1711,291,292,5,b
3,1712,2006,2007,12,not_a
3,1713,1902,1903,12,not_a
3,1714,1593,1594,13,implies
3,1715,1764,1765,7,or
3,1716,652,653,10,not_b
3,1717,6047,6048,11,implied_by
3,1718,7677,7678,15,one
3,1719,2477,2478,2,not_implies
3,1720,2437,2438,7,or
3,1721,5189,5190,10,not_b
3,1722,7007,7008,3,a
3,1723,3129,3130,0,zero
3,1724,4168,4169,9,not_xor
3,1725,5791,5792,10,not_b
3,1726,1824,1825,10,not_b
3,1727,5738,5739,3,a
3,1728,1049,1050,9,not_xor
3,1729,6308,6309,1,and
3,1730,4306,4307,0,zero
3,1731,6946,6947,3,a
3,1732,6553,6554,11,implied_by
3,1733,4452,4453,14,not_and
3,1734,2067,2068,6,xor
3,1735,699,700,14,not_and
3,1736,7477,7478,3,a
3,1737,7378,7379,4,not_implied_by
3,1738,3457,3458,3,a
3,1739,1469,1470,15,one
3,1740,776,777,5,b
3,1741,6655,6656,8,not_or
3,1742,4246,4247,5,b
3,1743,804,805,4,not_implied_by
3,1744,2674,2675,9,not_xor
3,1745,6304,6305,12,not_a
3,1746,5555,5556,3,a
3,1747,922,923,9,not_xor
3,1748,1488,1489,8,not_or
3,1749,7259,7260,5,b
3,1750,533,534,13,implies
3,1751,1549,1550,3,a
3,1752,7129,7130,5,b
3,1753,7841,7842,3,a
3,1754,3278,3279,13,implies
3,1755,6835,6836,11,implied_by
3,1756,1803,1804,12,not_a
3,1757,5093,5094,15,one
3,1758,2324,2325,12,not_a
3,1759,2609,2610,8,not_or
3,1760,6269,6270,8,not_or
3,1761,1505,1506,10,not_b
3,1762,6019,6020,14,not_and
3,1763,3330,3331,13,implies
3,1764,507,508,7,or
3,1765,3311,3312,4,not_implied_by
3,1766,7329,7330,12,not_a
3,1767,4038,4039,12,not_a
3,1768,6113,6114,10,not_b
3,1769,1615,1616,5,b
3,1770,1933,1934,5,b
3,1771,4201,4202,0,zero
3,1772,4388,4389,1,and
3,1773,3340,3341,3,a
3,1774,6718,6719,8,not_or
3,1775,5198,5199,12,not_a
3,1776,3604,3605,14,not_and
3,1777,5931,5932,12,not_a
3,1778,5830,5831,7,or
3,1779,221,222,10,not_b
3,1780,5063,5064,2,not_implies
3,1781,4082,4083,0,zero
3,1782,855,856,5,b
3,1783,7746,7747,3,a
3,1784,4564,4565,12,not_a
3,1785,5282,5283,9,not_xor
3,1786,849,850,8,not_or
3,1787,6471,6472,3,a
3,1788,4683,4684,3,a
3,1789,393,394,8,not_or
3,1790,1382,1383,6,xor
3,1791,1339,1340,5,b
3,1792,2619,2620,3,a
3,1793,3039,3040,15,one
3,1794,3922,3923,13,implies
3,1795,2308,2309,10,not_b
3,1796,439,440,6,xor
3,1797,4553,4554,2,not_implies
3,1798,4102,4103,5,b
3,1799,7092,7093,5,b
3,1800,7388,7389,12,not_a
3,1801,621,622,4,not_implied_by
3,1802,285,286,5,b
3,1803,1362,1363,3,a
3,1804,5091,5092,15,one
3,1805,1000,1001,5,b
3,1806,2278,2279,2,not_implies
3,1807,2483,2484,9,not_xor
3,1808,1901,1902,8,not_or
3,1809,912,913,8,not_or
3,1810,4356,4357,8,not_or
3,1811,6928,6929,1,and
3,1812,2961,2962,2,not_implies
3,1813,1737,1738,14,not_and
3,1814,4479,4480,10,not_b
3,1815,7508,7509,4,not_implied_by
3,1816,5014,5015,9,not_xor
3,1817,1288,1289,15,one
3,1818,7696,7697,5,b
3,1819,4066,4067,3,a
3,1820,5188,5189,11,implied_by
3,1821,3925,3926,3,a
3,1822,6929,6930,5,b
3,1823,3058,3059,5,b
3,1824,3451,3452,7,or
3,1825,4463,4464,12,not_a
3,1826,5338,5339,10,not_b
3,1827,4180,4181,15,one
3,1828,4771,4772,14,not_and
3,1829,5302,5303,0,zero
3,1830,3030,3031,13,implies
3,1831,4124,4125,8,not_or
3,1832,3236,3237,9,not_xor
3,1833,7982,7983,10,not_b
3,1834,7496,7497,13,implies
3,1835,5642,5643,10,not_b
3,1836,4367,4368,3,a
3,1837,5237,5238,2,not_implies
3,1838,4152,4153,3,a
3,1839,6488,6489,9,not_xor
3,1840,5460,5461,15,one
3,1841,6150,6151,6,xor
3,1842,3724,3725,7,or
3,1843,5839,5840,5,b
3,1844,7646,7647,2,not_implies
3,1845,1861,1862,12,not_a
3,1846,2052,2053,14,not_and
3,1847,2054,2055,3,a
3,1848,3349,3350,3,a
3,1849,3275,3276,12,not_a
3,1850,5297,5298,10,not_b
3,1851,7485,7486,12,not_a
3,1852,6588,6589,12,not_a
3,1853,5636,5637,3,a
3,1854,6493,6494,3,a
3,1855,7503,7504,13,implies
3,1856,4211,4212,6,xor
3,1857,2600,2601,12,not_a
3,1858,2995,2996,10,not_b
3,1859,7403,7404,9,not_xor
3,1860,1432,1433,3,a
3,1861,4473,4474,5,b
3,1862,5380,5381,10,not_b
3,1863,1773,1774,14,not_and
3,1864,2269,2270,3,a
3,1865,193,194,4,not_implied_by
3,1866,3572,3573,7,or
3,1867,7248,7249,14,not_and
3,1868,5613,5614,14,not_and
3,1869,4567,4568,10,not_b
3,1870,7011,7012,13,implies
3,1871,34,35,9,not_xor
3,1872,5208,5209,6,xor
3,1873,1008,1009,15,one
3,1874,3255,3256,5,b
3,1875,6420,6421,11,implied_by
3,1876,6376,6377,5,b
3,1877,5504,5505,14,not_and
3,1878,5994,5995,11,implied_by
3,1879,6981,6982,10,not_b
3,1880,6506,6507,9,not_xor
3,1881,204,205,5,b
3,1882,3072,3073,5,b
3,1883,739,740,7,or
3,1884,7586,7587,12,not_a
3,1885,3326,3327,5,b
3,1886,1684,1685,6,xor
3,1887,1613,1614,15,one
3,1888,2022,2023,5,b
3,1889,2303,2304,1,and
3,1890,4854,4855,3,a
3,1891,6099,6100,11,implied_by
3,1892,6701,6702,2,not_implies
3,1893,821,822,14,not_and
3,1894,6989,6990,14,not_and
3,1895,6166,6167,12,not_a
3,1896,725,726,13,implies
3,1897,6079,6080,3,a
3,1898,5908,5909,10,not_b
3,1899,1976,1977,2,not_implies
3,1900,6125,6126,6,xor
3,1901,3034,3035,12,not_a
3,1902,2155,2156,13,implies
3,1903,2673,2674,15,one
3,1904,6965,6966,11,implied_by
3,1905,972,973,0,zero
3,1906,4933,4934,4,not_implied_by
3,1907,5361,5362,11,implied_by
3,1908,602,603,12,not_a
3,1909,5112,5113,14,not_and
3,1910,3716,3717,11,implied_by
3,1911,6048,6049,12,not_a
3,1912,1312,1313,8,not_or
3,1913,6055,6056,10,not_b
3,1914,1195,1196,10,not_b
3,1915,2294,2295,1,and
3,1916,6045,6046,10,not_b
3,1917,5935,5936,12,not_a
3,1918,3594,3595,0,zero
3,1919,6408,6409,5,b
3,1920,106,107,2,not_implies
3,1921,6872,6873,1,and
3,1922,5807,5808,10,not_b
3,1923,1088,1089,5,b
3,1924,750,751,12,not_a
3,1925,1526,1527,8,not_or
3,1926,5903,5904,12,not_a
3,1927,6357,6358,9,not_xor
3,1928,689,690,2,not_implies
3,1929,4650,4651,12,not_a
3,1930,7318,7319,5,b
3,1931,7523,7524,9,not_xor
3,1932,5921,5922,11,implied_by
3,1933,2537,2538,1,and
3,1934,2121,2122,7,or
3,1935,5129,5130,8,not_or
3,1936,295,296,12,not_a
3,1937,3409,3410,5,b
3,1938,5046,5047,1,and
3,1939,170,171,5,b
3,1940,5510,5511,2,not_implies
3,1941,5777,5778,8,not_or
3,1942,5634,5635,12,not_a
3,1943,3076,3077,0,zero
3,1944,7039,7040,2,not_implies
3,1945,4605,4606,5,b
3,1946,6094,6095,12,not_a
3,1947,3144,3145,15,one
3,1948,5523,5524,1,and
3,1949,2774,2775,3,a
3,1950,1429,1430,2,not_implies
3,1951,901,902,3,a
3,1952,1630,1631,0,zero
3,1953,1217,1218,9,not_xor
3,1954,1939,1940,0,zero
3,1955,474,475,15,one
3,1956,7196,7197,8,not_or
3,1957,2130,2131,11,implied_by
3,1958,2527,2528,5,b
3,1959,2906,2907,3,a
3,1960,2313,2314,3,a
3,1961,4903,4904,10,not_b
3,1962,5248,5249,14,not_and
3,1963,5462,5463,7,or
3,1964,2312,2313,7,or
3,1965,5924,5925,5,b
3,1966,7488,7489,3,a
3,1967,7509,7510,14,not_and
3,1968,768,769,8,not_or
3,1969,6505,6506,1,and
3,1970,6873,6874,14,not_and
3,1971,951,952,0,zero
3,1972,2805,2806,2,not_implies
3,1973,592,593,4,not_implied_by
3,1974,824,825,0,zero
3,1975,7073,7074,15,one
3,1976,1506,1507,15,one
3,1977,6527,6528,12,not_a
3,1978,168,169,1,and
3,1979,7398,7399,10,not_b
3,1980,218,219,13,implies
3,1981,751,752,3,a
3,1982,407,408,10,not_b
3,1983,1076,1077,5,b
3,1984,3918,3919,6,xor
3,1985,1132,1133,10,not_b
3,1986,5795,5796,3,a
3,1987,2345,2346,8,not_or
3,1988,4745,4746,10,not_b
3,1989,6680,6681,14,not_and
3,1990,6889,6890,5,b
3,1991,1218,1219,12,not_a
3,1992,4505,4506,9,not_xor
3,1993,668,669,1,and
3,1994,7059,7060,3,a
3,1995,6109,6110,3,a
3,1996,6003,6004,5,b
3,1997,5108,5109,12,not_a
3,1998,3464,3465,10,not_b
3,1999,6522,6523,7,or
3,2000,71,72,7,or
3,2001,775,776,11,implied_by
3,2002,6391,6392,5,b
3,2003,5328,5329,9,not_xor
3,2004,4663,4664,2,not_implies
3,2005,6874,6875,14,not_and
3,2006,2412,2413,11,implied_by
3,2007,5587,5588,10,not_b
3,2008,158,159,0,zero
3,2009,4658,4659,15,one
3,2010,3356,3357,4,not_implied_by
3,2011,7416,7417,7,or
3,2012,7674,7675,11,implied_by
3,2013,6821,6822,2,not_implies
3,2014,2305,2306,14,not_and
3,2015,3367,3368,11,implied_by
3,2016,2829,2830,15,one
3,2017,6349,6350,5,b
3,2018,2064,2065,7,or
3,2019,4801,4802,14,not_and
3,2020,1210,1211,12,not_a
3,2021,7401,7402,8,not_or
3,2022,423,424,10,not_b
3,2023,4806,4807,9,not_xor
3,2024,2069,2070,6,xor
3,2025,7153,7154,2,not_implies
3,2026,5715,5716,10,not_b
3,2027,6909,6910,13,implies
3,2028,5140,5141,1,and
3,2029,3365,3366,9,not_xor
3,2030,1377,1378,5,b
3,2031,7610,7611,15,one
3,2032,2160,2161,10,not_b
3,2033,7392,7393,4,not_implied_by
3,2034,2191,2192,11,implied_by
3,2035,25,26,5,b
3,2036,6939,6940,3,a
3,2037,7686,7687,2,not_implies
3,2038,763,764,2,not_implies
3,2039,5681,5682,7,or
3,2040,3855,3856,3,a
3,2041,3025,3026,10,not_b
3,2042,6414,6415,10,not_b
3,2043,7176,7177,2,not_implies
3,2044,4393,4394,12,not_a
3,2045,1178,1179,5,b
3,2046,2315,2316,5,b
3,2047,4602,4603,12,not_a
3,2048,4778,4779,12,not_a
3,2049,2422,2423,7,or
3,2050,1025,1026,4,not_implied_by
3,2051,3175,3176,12,not_a
3,2052,1662,1663,15,one
3,2053,3287,3288,6,xor
3,2054,7833,7834,3,a
3,2055,3466,3467,10,not_b
3,2056,484,485,14,not_and
3,2057,2927,2928,7,or
3,2058,5291,5292,10,not_b
3,2059,420,421,14,not_and
3,2060,135,136,7,or
3,2061,1736,1737,11,implied_by
3,2062,5646,5647,6,xor
3,2063,2244,2245,6,xor
3,2064,3553,3554,5,b
3,2065,638,639,12,not_a
3,2066,2421,2422,8,not_or
3,2067,1907,1908,13,implies
3,2068,4162,4163,0,zero
3,2069,3677,3678,12,not_a
3,2070,6169,6170,6,xor
3,2071,3029,3030,10,not_b
3,2072,1642,1643,11,implied_by
3,2073,3916,3917,6,xor
3,2074,3137,3138,3,a
3,2075,2416,2417,2,not_implies
3,2076,2417,2418,7,or
3,2077,3417,3418,6,xor
3,2078,4213,4214,5,b
3,2079,2140,2141,14,not_and
3,2080,7004,7005,3,a
3,2081,6050,6051,9,not_xor
3,2082,5217,5218,2,not_implies
3,2083,4692,4693,13,implies
3,2084,5167,5168,5,b
3,2085,830,831,3,a
3,2086,1987,1988,4,not_implied_by
3,2087,350,351,5,b
3,2088,3824,3825,12,not_a
3,2089,6160,6161,6,xor
3,2090,4517,4518,12,not_a
3,2091,550,551,3,a
3,2092,1539,1540,9,not_xor
3,2093,2936,2937,5,b
3,2094,7165,7166,11,implied_by
3,2095,1629,1630,10,not_b
3,2096,202,203,5,b
3,2097,2699,2700,1,and
3,2098,1223,1224,2,not_implies
3,2099,5859,5860,12,not_a
3,2100,7205,7206,14,not_and
3,2101,6341,6342,12,not_a
3,2102,6187,6188,2,not_implies
3,2103,6502,6503,3,a
3,2104,1351,1352,5,b
3,2105,3210,3211,15,one
3,2106,4715,4716,4,not_implied_by
3,2107,7245,7246,12,not_a
3,2108,5545,5546,10,not_b
3,2109,2662,2663,0,zero
3,2110,7974,7975,12,not_a
3,2111,1194,1195,12,not_a
3,2112,604,605,2,not_implies
3,2113,5258,5259,5,b
3,2114,4392,4393,5,b
3,2115,3632,3633,4,not_implied_by
3,2116,672,673,10,not_b
3,2117,3394,3395,12,not_a
3,2118,3882,3883,13,implies
3,2119,3921,3922,15,one
3,2120,7710,7711,8,not_or
3,2121,2466,2467,14,not_and
3,2122,898,899,11,implied_by
3,2123,3853,3854,7,or
3,2124,3456,3457,1,and
3,2125,6877,6878,12,not_a
3,2126,6850,6851,10,not_b
3,2127,7642,7643,9,not_xor
3,2128,932,933,0,zero
3,2129,5056,5057,9,not_xor
3,2130,3268,3269,9,not_xor
3,2131,6881,6882,5,b
3,2132,3141,3142,2,not_implies
3,2133,1109,1110,5,b
3,2134,7296,7297,1,and
3,2135,3609,3610,8,not_or
3,2136,910,911,9,not_xor
3,2137,4769,4770,3,a
3,2138,817,818,3,a
3,2139,3195,3196,15,one
3,2140,6914,6915,7,or
3,2141,5537,5538,6,xor
3,2142,151,152,9,not_xor
3,2143,2206,2207,15,one
3,2144,6183,6184,5,b
3,2145,939,940,5,b
3,2146,3738,3739,5,b
3,2147,6479,6480,13,implies
3,2148,3052,3053,1,and
3,2149,1101,1102,10,not_b
3,2150,1354,1355,10,not_b
3,2151,1332,1333,0,zero
3,2152,1148,1149,10,not_b
3,2153,6106,6107,15,one
3,2154,6957,6958,7,or
3,2155,5618,5619,15,one
3,2156,2506,2507,15,one
3,2157,5251,5252,10,not_b
3,2158,5107,5108,10,not_b
3,2159,2859,2860,9,not_xor
3,2160,5161,5162,12,not_a
3,2161,4111,4112,14,not_and
3,2162,7649,7650,6,xor
3,2163,3639,3640,12,not_a
3,2164,6669,6670,10,not_b
3,2165,4639,4640,11,implied_by
3,2166,5030,5031,15,one
3,2167,7912,7913,15,one
3,2168,2164,2165,3,a
3,2169,4712,4713,4,not_implied_by
3,2170,7787,7788,1,and
3,2171,299,300,12,not_a
3,2172,1588,1589,7,or
3,2173,1142,1143,3,a
3,2174,4112,4113,6,xor
3,2175,4828,4829,10,not_b
3,2176,5569,5570,14,not_and
3,2177,2773,2774,1,and
3,2178,3123,3124,0,zero
3,2179,6446,6447,0,zero
3,2180,1663,1664,9,not_xor
3,2181,7132,7133,12,not_a
3,2182,7910,7911,11,implied_by
3,2183,7015,7016,0,zero
3,2184,5053,5054,3,a
3,2185,2902,2903,3,a
3,2186,5332,5333,14,not_and
3,2187,3372,3373,5,b
3,2188,906,907,1,and
3,2189,5088,5089,3,a
3,2190,2883,2884,5,b
3,2191,4918,4919,6,xor
3,2192,2230,2231,8,not_or
3,2193,4489,4490,12,not_a
3,2194,6,7,5,b
3,2195,2363,2364,10,not_b
3,2196,935,936,3,a
3,2197,3961,3962,5,b
3,2198,5897,5898,13,implies
3,2199,3679,3680,0,zero
3,2200,3981,3982,10,not_b
3,2201,6026,6027,7,or
3,2202,3467,3468,3,a
3,2203,4127,4128,10,not_b
3,2204,1728,1729,1,and
3,2205,2524,2525,0,zero
3,2206,5078,5079,8,not_or
3,2207,3410,3411,3,a
3,2208,3648,3649,3,a
3,2209,538,539,3,a
3,2210,4984,4985,5,b
3,2211,2931,2932,2,not_implies
3,2212,1697,1698,10,not_b
3,2213,7665,7666,3,a
3,2214,3421,3422,8,not_or
3,2215,3496,3497,8,not_or
3,2216,4821,4822,3,a
3,2217,6043,6044,3,a
3,2218,996,997,12,not_a
3,2219,6082,6083,3,a
3,2220,1568,1569,12,not_a
3,2221,4548,4549,13,implies
3,2222,7972,7973,9,not_xor
3,2223,4965,4966,5,b
3,2224,6316,6317,0,zero
3,2225,7616,7617,3,a
3,2226,1866,1867,11,implied_by
3,2227,6699,6700,12,not_a
3,2228,5180,5181,6,xor
3,2229,4378,4379,13,implies
3,2230,5679,5680,12,not_a
3,2231,2781,2782,1,and
3,2232,6603,6604,3,a
3,2233,1482,1483,12,not_a
3,2234,1157,1158,1,and
3,2235,5034,5035,8,not_or
3,2236,6490,6491,12,not_a
3,2237,2734,2735,13,implies
3,2238,5426,5427,5,b
3,2239,6078,6079,10,not_b
3,2240,7446,7447,13,implies
3,2241,5911,5912,10,not_b
3,2242,4572,4573,2,not_implies
3,2243,6656,6657,14,not_and
3,2244,5421,5422,15,one
3,2245,6179,6180,2,not_implies
3,2246,1903,1904,5,b
3,2247,3406,3407,10,not_b
3,2248,4872,4873,2,not_implies
3,2249,7927,7928,2,not_implies
3,2250,4157,4158,1,and
3,2251,1270,1271,2,not_implies
3,2252,2260,2261,13,implies
3,2253,296,297,8,not_or
3,2254,7559,7560,3,a
3,2255,4108,4109,3,a
3,2256,444,445,5,b
3,2257,853,854,1,and
3,2258,2972,2973,15,one
3,2259,7450,7451,5,b
3,2260,7355,7356,14,not_and
3,2261,2912,2913,5,b
3,2262,7453,7454,11,implied_by
3,2263,5066,5067,3,a
3,2264,878,879,1,and
3,2265,4133,4134,12,not_a
3,2266,269,270,10,not_b
3,2267,227,228,1,and
3,2268,6944,6945,5,b
3,2269,1233,1234,13,implies
3,2270,448,449,15,one
3,2271,5401,5402,4,not_implied_by
3,2272,7326,7327,6,xor
3,2273,2415,2416,12,not_a
3,2274,4901,4902,7,or
3,2275,2243,2244,6,xor
3,2276,4310,4311,8,not_or
3,2277,1882,1883,12,not_a
3,2278,1883,1884,14,not_and
3,2279,1964,1965,14,not_and
3,2280,344,345,8,not_or
3,2281,496,497,7,or
3,2282,4619,4620,15,one
3,2283,3363,3364,2,not_implies
3,2284,4838,4839,9,not_xor
3,2285,6758,6759,14,not_and
3,2286,4633,4634,1,and
3,2287,311,312,4,not_implied_by
3,2288,5567,5568,9,not_xor
3,2289,6208,6209,1,and
3,2290,3593,3594,7,or
3,2291,762,763,14,not_and
3,2292,1694,1695,15,one
3,2293,4207,4208,5,b
3,2294,68,69,4,not_implied_by
3,2295,4364,4365,8,not_or
3,2296,1153,1154,11,implied_by
3,2297,3337,3338,0,zero
3,2298,7564,7565,6,xor
3,2299,1656,1657,12,not_a
3,2300,5997,5998,10,not_b
3,2301,3471,3472,11,implied_by
3,2302,6834,6835,10,not_b
3,2303,7253,7254,10,not_b
3,2304,397,398,3,a
3,2305,7844,7845,5,b
3,2306,3062,3063,2,not_implies
3,2307,7817,7818,11,implied_by
3,2308,5054,5055,0,zero
3,2309,3184,3185,8,not_or
3,2310,4936,4937,8,not_or
3,2311,7861,7862,14,not_and
3,2312,1400,1401,13,implies
3,2313,3615,3616,1,and
3,2314,7001,7002,10,not_b
3,2315,3470,3471,15,one
3,2316,2025,2026,13,implies
3,2317,1601,1602,4,not_implied_by
3,2318,3574,3575,3,a
3,2319,4301,4302,6,xor
3,2320,2423,2424,4,not_implied_by
3,2321,1799,1800,8,not_or
3,2322,1597,1598,5,b
3,2323,2754,2755,9,not_xor
3,2324,5210,5211,0,zero
3,2325,6321,6322,3,a
3,2326,6831,6832,9,not_xor
3,2327,6071,6072,10,not_b
3,2328,5372,5373,13,implies
3,2329,1562,1563,1,and
3,2330,1602,1603,14,not_and
3,2331,4747,4748,2,not_implies
3,2332,2131,2132,8,not_or
3,2333,5043,5044,15,one
3,2334,3610,3611,0,zero
3,2335,794,795,10,not_b
3,2336,4500,4501,11,implied_by
3,2337,2011,2012,12,not_a
3,2338,4186,4187,6,xor
3,2339,6934,6935,4,not_implied_by
3,2340,6049,6050,5,b
3,2341,7064,7065,10,not_b
3,2342,1026,1027,5,b
3,2343,7713,7714,10,not_b
3,2344,3589,3590,2,not_implies
3,2345,2449,2450,12,not_a
3,2346,5233,5234,12,not_a
3,2347,5968,5969,2,not_implies
3,2348,4895,4896,2,not_implies
3,2349,5165,5166,5,b
3,2350,132,133,10,not_b
3,2351,7998,7999,1,and
3,2352,6756,6757,11,implied_by
3,2353,6363,6364,13,implies
3,2354,4695,4696,10,not_b
3,2355,6544,6545,12,not_a
3,2356,642,643,6,xor
3,2357,841,842,6,xor
3,2358,348,349,5,b
3,2359,4048,4049,5,b
3,2360,3499,3500,5,b
3,2361,3256,3257,3,a
3,2362,3585,3586,8,not_or
3,2363,7897,7898,4,not_implied_by
3,2364,379,380,1,and
3,2365,6813,6814,15,one
3,2366,1329,1330,9,not_xor
3,2367,571,572,12,not_a
3,2368,5415,5416,9,not_xor
3,2369,1918,1919,9,not_xor
3,2370,6650,6651,13,implies
3,2371,452,453,10,not_b
3,2372,1023,1024,11,implied_by
3,2373,1986,1987,8,not_or
3,2374,3807,3808,3,a
3,2375,1605,1606,13,implies
3,2376,369,370,5,b
3,2377,7236,7237,6,xor
3,2378,314,315,12,not_a
3,2379,7709,7710,7,or
3,2380,970,971,5,b
3,2381,6260,6261,4,not_implied_by
3,2382,3007,3008,12,not_a
3,2383,7803,7804,5,b
3,2384,4961,4962,2,not_implies
3,2385,5528,5529,4,not_implied_by
3,2386,5858,5859,14,not_and
3,2387,5917,5918,11,implied_by
3,2388,5138,5139,15,one
3,2389,5986,5987,3,a
3,2390,2722,2723,5,b
3,2391,4159,4160,3,a
3,2392,1381,1382,13,implies
3,2393,1532,1533,10,not_b
3,2394,1664,1665,3,a
3,2395,7805,7806,6,xor
3,2396,565,566,12,not_a
3,2397,435,436,11,implied_by
3,2398,3343,3344,10,not_b
3,2399,2982,2983,6,xor
3,2400,3429,3430,3,a
3,2401,702,703,3,a
3,2402,2144,2145,6,xor
3,2403,2157,2158,1,and
3,2404,4975,4976,2,not_implies
3,2405,3656,3657,5,b
3,2406,4924,4925,13,implies
3,2407,35,36,6,xor
3,2408,3682,3683,0,zero
3,2409,1051,1052,8,not_or
3,2410,3016,3017,4,not_implied_by
3,2411,3447,3448,6,xor
3,2412,1082,1083,11,implied_by
3,2413,4865,4866,2,not_implies
3,2414,7369,7370,9,not_xor
3,2415,673,674,0,zero
3,2416,4626,4627,7,or
3,2417,7637,7638,9,not_xor
3,2418,4483,4484,13,implies
3,2419,4620,4621,8,not_or
3,2420,7175,7176,5,b
3,2421,3631,3632,12,not_a
3,2422,386,387,14,not_and
3,2423,5651,5652,12,not_a
3,2424,5434,5435,8,not_or
3,2425,3272,3273,6,xor
3,2426,7808,7809,14,not_and
3,2427,6359,6360,11,implied_by
3,2428,7780,7781,14,not_and
3,2429,5363,5364,14,not_and
3,2430,7300,7301,4,not_implied_by
3,2431,4962,4963,12,not_a
3,2432,2533,2534,12,not_a
3,2433,2877,2878,10,not_b
3,2434,242,243,3,a
3,2435,2499,2500,9,not_xor
3,2436,5452,5453,1,and
3,2437,1267,1268,13,implies
3,2438,3001,3002,10,not_b
3,2439,499,500,12,not_a
3,2440,5890,5891,5,b
3,2441,5564,5565,1,and
3,2442,4312,4313,3,a
3,2443,7424,7425,1,and
3,2444,6532,6533,3,a
3,2445,2094,2095,7,or
3,2446,4080,4081,8,not_or
3,2447,829,830,11,implied_by
3,2448,1895,1896,10,not_b
3,2449,7465,7466,2,not_implies
3,2450,5988,5989,5,b
3,2451,6896,6897,13,implies
3,2452,162,163,5,b
3,2453,5008,5009,3,a
3,2454,1116,1117,7,or
3,2455,7882,7883,3,a
3,2456,2841,2842,5,b
3,2457,2701,2702,10,not_b
3,2458,4973,4974,12,not_a
3,2459,7540,7541,4,not_implied_by
3,2460,5348,5349,3,a
3,2461,2862,2863,1,and
3,2462,1133,1134,12,not_a
3,2463,2880,2881,2,not_implies
3,2464,879,880,15,one
3,2465,7962,7963,11,implied_by
3,2466,7970,7971,6,xor
3,2467,4437,4438,3,a
3,2468,358,359,12,not_a
3,2469,243,244,1,and
3,2470,2031,2032,9,not_xor
3,2471,3768,3769,12,not_a
3,2472,7158,7159,7,or
3,2473,6851,6852,13,implies
3,2474,5004,5005,3,a
3,2475,5845,5846,12,not_a
3,2476,2941,2942,9,not_xor
3,2477,109,110,10,not_b
3,2478,4733,4734,6,xor
3,2479,463,464,5,b
3,2480,2837,2838,10,not_b
3,2481,819,820,5,b
3,2482,5656,5657,7,or
3,2483,5278,5279,2,not_implies
3,2484,1703,1704,8,not_or
3,2485,3458,3459,0,zero
3,2486,4263,4264,9,not_xor
3,2487,6542,6543,12,not_a
3,2488,1628,1629,2,not_implies
3,2489,5139,5140,7,or
3,2490,2667,2668,10,not_b
3,2491,3587,3588,5,b
3,2492,7498,7499,5,b
3,2493,6438,6439,7,or
3,2494,2496,2497,12,not_a
3,2495,3430,3431,10,not_b
3,2496,2316,2317,1,and
3,2497,5972,5973,3,a
3,2498,7870,7871,10,not_b
3,2499,3869,3870,1,and
3,2500,5204,5205,9,not_xor
3,2501,482,483,2,not_implies
3,2502,978,979,10,not_b
3,2503,5147,5148,3,a
3,2504,4786,4787,13,implies
3,2505,2562,2563,1,and
3,2506,5293,5294,12,not_a
3,2507,5390,5391,2,not_implies
3,2508,5201,5202,10,not_b
3,2509,6312,6313,2,not_implies
3,2510,7539,7540,12,not_a
3,2511,2440,2441,10,not_b
3,2512,7945,7946,15,one
3,2513,5578,5579,14,not_and
3,2514,4192,4193,13,implies
3,2515,4271,4272,6,xor
3,2516,6188,6189,1,and
3,2517,6141,6142,1,and
3,2518,4054,4055,10,not_b
3,2519,1297,1298,1,and
3,2520,1742,1743,0,zero
3,2521,5353,5354,13,implies
3,2522,6926,6927,7,or
3,2523,10,11,2,not_implies
3,2524,569,570,6,xor
3,2525,3280,3281,10,not_b
3,2526,5733,5734,12,not_a
3,2527,1831,1832,14,not_and
3,2528,7395,7396,12,not_a
3,2529,7783,7784,2,not_implies
3,2530,235,236,10,not_b
3,2531,5196,5197,2,not_implies
3,2532,3734,3735,11,implied_by
3,2533,567,568,12,not_a
3,2534,7361,7362,13,implies
3,2535,1306,1307,12,not_a
3,2536,5769,5770,12,not_a
3,2537,3124,3125,10,not_b
3,2538,581,582,5,b
3,2539,6950,6951,12,not_a
3,2540,6107,6108,9,not_xor
3,2541,4241,4242,12,not_a
3,2542,7809,7810,5,b
3,2543,2833,2834,11,implied_by
3,2544,5941,5942,5,b
3,2545,1878,1879,12,not_a
3,2546,4061,4062,2,not_implies
3,2547,788,789,5,b
3,2548,3164,3165,10,not_b
3,2549,371,372,1,and
3,2550,1695,1696,3,a
3,2551,121,122,0,zero
3,2552,5122,5123,5,b
3,2553,223,224,11,implied_by
3,2554,1997,1998,0,zero
3,2555,4062,4063,3,a
3,2556,85,86,11,implied_by
3,2557,2086,2087,13,implies
3,2558,1823,1824,5,b
3,2559,153,154,5,b
3,2560,874,875,10,not_b
3,2561,3366,3367,1,and
3,2562,2087,2088,10,not_b
3,2563,3006,3007,9,not_xor
3,2564,2365,2366,1,and
3,2565,4541,4542,10,not_b
3,2566,3304,3305,1,and
3,2567,566,567,15,one
3,2568,5446,5447,10,not_b
3,2569,3751,3752,3,a
3,2570,1073,1074,5,b
3,2571,2700,2701,1,and
3,2572,4032,4033,4,not_implied_by
3,2573,4869,4870,7,or
3,2574,476,477,5,b
3,2575,7968,7969,3,a
3,2576,3159,3160,9,not_xor
3,2577,6785,6786,10,not_b
3,2578,1702,1703,4,not_implied_by
3,2579,756,757,3,a
3,2580,6550,6551,11,implied_by
3,2581,4654,4655,15,one
3,2582,2787,2788,5,b
3,2583,4862,4863,10,not_b
3,2584,7195,7196,13,implies
3,2585,114,115,6,xor
3,2586,721,722,8,not_or
3,2587,7823,7824,4,not_implied_by
3,2588,1779,1780,5,b
3,2589,2326,2327,8,not_or
3,2590,1199,1200,4,not_implied_by
3,2591,5465,5466,12,not_a
3,2592,2291,2292,6,xor
3,2593,5350,5351,12,not_a
3,2594,5322,5323,1,and
3,2595,2393,2394,15,one
3,2596,4742,4743,8,not_or
3,2597,799,800,8,not_or
3,2598,7585,7586,12,not_a
3,2599,6700,6701,8,not_or
3,2600,863,864,15,one
3,2601,6974,6975,0,zero
3,2602,3382,3383,13,implies
3,2603,472,473,2,not_implies
3,2604,1996,1997,5,b
3,2605,2521,2522,11,implied_by
3,2606,4336,4337,10,not_b
3,2607,2955,2956,5,b
3,2608,1334,1335,10,not_b
3,2609,5722,5723,12,not_a
3,2610,317,318,10,not_b
3,2611,143,144,3,a
3,2612,4920,4921,11,implied_by
3,2613,4474,4475,3,a
3,2614,39,40,5,b
3,2615,2369,2370,9,not_xor
3,2616,6204,6205,2,not_implies
3,2617,857,858,12,not_a
3,2618,3676,3677,5,b
3,2619,5378,5379,0,zero
3,2620,6176,6177,11,implied_by
3,2621,4944,4945,3,a
3,2622,4855,4856,6,xor
3,2623,2395,2396,9,not_xor
3,2624,80,81,15,one
3,2625,7383,7384,5,b
3,2626,27,28,2,not_implies
3,2627,4291,4292,7,or
3,2628,1285,1286,3,a
3,2629,2452,2453,9,not_xor
3,2630,6184,6185,13,implies
3,2631,4059,4060,13,implies
3,2632,7788,7789,14,not_and
3,2633,7736,7737,2,not_implies
3,2634,4078,4079,13,implies
3,2635,694,695,6,xor
3,2636,6736,6737,3,a
3,2637,117,118,8,not_or
3,2638,2691,2692,9,not_xor
3,2639,974,975,6,xor
3,2640,1504,1505,3,a
3,2641,1470,1471,1,and
3,2642,3863,3864,10,not_b
3,2643,1795,1796,8,not_or
3,2644,5284,5285,0,zero
3,2645,4604,4605,1,and
3,2646,4018,4019,13,implies
3,2647,1213,1214,8,not_or
3,2648,4060,4061,1,and
3,2649,2869,2870,0,zero
3,2650,2914,2915,5,b
3,2651,7266,7267,5,b
3,2652,6731,6732,3,a
3,2653,3680,3681,12,not_a
3,2654,4994,4995,1,and
3,2655,1892,1893,14,not_and
3,2656,6040,6041,7,or
3,2657,2355,2356,8,not_or
3,2658,4283,4284,5,b
3,2659,7460,7461,13,implies
3,2660,7374,7375,5,b
3,2661,4812,4813,2,not_implies
3,2662,1946,1947,12,not_a
3,2663,4475,4476,4,not_implied_by
3,2664,6133,6134,9,not_xor
3,2665,95,96,5,b
3,2666,7408,7409,3,a
3,2667,4800,4801,4,not_implied_by
3,2668,6543,6544,9,not_xor
3,2669,1935,1936,8,not_or
3,2670,6554,6555,12,not_a
3,2671,1496,1497,3,a
3,2672,1326,1327,10,not_b
3,2673,3433,3434,4,not_implied_by
3,2674,5995,5996,10,not_b
3,2675,172,173,11,implied_by
3,2676,1030,1031,1,and
3,2677,6193,6194,5,b
3,2678,4182,4183,3,a
3,2679,5606,5607,12,not_a
3,2680,6795,6796,3,a
3,2681,7768,7769,15,one
3,2682,7947,7948,1,and
3,2683,3701,3702,6,xor
3,2684,7602,7603,5,b
3,2685,5444,5445,5,b
3,2686,786,787,9,not_xor
3,2687,1632,1633,11,implied_by
3,2688,3452,3453,14,not_and
3,2689,561,562,12,not_a
3,2690,5276,5277,3,a
3,2691,2956,2957,12,not_a
3,2692,7427,7428,8,not_or
3,2693,7382,7383,0,zero
3,2694,7343,7344,0,zero
3,2695,3147,3148,1,and
3,2696,5126,5127,9,not_xor
3,2697,3214,3215,8,not_or
3,2698,5491,5492,4,not_implied_by
3,2699,6823,6824,12,not_a
3,2700,4813,4814,9,not_xor
3,2701,1392,1393,1,and
3,2702,7185,7186,12,not_a
3,2703,1009,1010,3,a
3,2704,251,252,7,or
3,2705,6239,6240,13,implies
3,2706,3690,3691,4,not_implied_by
3,2707,3416,3417,2,not_implies
3,2708,3842,3843,1,and
3,2709,1232,1233,7,or
3,2710,7668,7669,13,implies
3,2711,1032,1033,11,implied_by
3,2712,5326,5327,1,and
3,2713,4049,4050,7,or
3,2714,1058,1059,10,not_b
3,2715,1972,1973,9,not_xor
3,2716,1573,1574,10,not_b
3,2717,5524,5525,15,one
3,2718,264,265,10,not_b
3,2719,1623,1624,3,a
3,2720,2084,2085,11,implied_by
3,2721,5796,5797,5,b
3,2722,7442,7443,3,a
3,2723,594,595,13,implies
3,2724,4630,4631,1,and
3,2725,88,89,10,not_b
3,2726,2935,2936,14,not_and
3,2727,1700,1701,15,one
3,2728,2818,2819,4,not_implied_by
3,2729,4419,4420,3,a
3,2730,2471,2472,11,implied_by
3,2731,3887,3888,10,not_b
3,2732,3525,3526,7,or
3,2733,3873,3874,14,not_and
3,2734,2383,2384,7,or
3,2735,6021,6022,2,not_implies
3,2736,3693,3694,5,b
3,2737,6832,6833,3,a
3,2738,6558,6559,11,implied_by
3,2739,7747,7748,1,and
3,2740,3473,3474,8,not_or
3,2741,3359,3360,3,a
3,2742,2277,2278,5,b
3,2743,5050,5051,7,or
3,2744,4328,4329,12,not_a
3,2745,529,530,10,not_b
3,2746,714,715,9,not_xor
3,2747,6223,6224,13,implies
3,2748,6162,6163,3,a
3,2749,2588,2589,3,a
3,2750,2968,2969,5,b
3,2751,1580,1581,12,not_a
3,2752,6227,6228,8,not_or
3,2753,7311,7312,1,and
3,2754,5936,5937,10,not_b
3,2755,6132,6133,12,not_a
3,2756,7152,7153,5,b
3,2757,641,642,0,zero
3,2758,7322,7323,10,not_b
3,2759,5640,5641,10,not_b
3,2760,6146,6147,15,one
3,2761,4725,4726,0,zero
3,2762,2306,2307,8,not_or
3,2763,7444,7445,10,not_b
3,2764,2293,2294,15,one
3,2765,1698,1699,12,not_a
3,2766,3240,3241,12,not_a
3,2767,6383,6384,6,xor
3,2768,4716,4717,12,not_a
3,2769,3980,3981,3,a
3,2770,6046,6047,9,not_xor
3,2771,6032,6033,2,not_implies
3,2772,4727,4728,10,not_b
3,2773,7226,7227,1,and
3,2774,6953,6954,11,implied_by
3,2775,383,384,5,b
3,2776,5622,5623,9,not_xor
3,2777,3859,3860,14,not_and
3,2778,7022,7023,10,not_b
3,2779,1753,1754,4,not_implied_by
3,2780,5653,5654,0,zero
3,2781,4458,4459,12,not_a
3,2782,3910,3911,2,not_implies
3,2783,5812,5813,4,not_implied_by
3,2784,5500,5501,7,or
3,2785,5602,5603,1,and
3,2786,1598,1599,13,implies
3,2787,3475,3476,0,zero
3,2788,2424,2425,4,not_implied_by
3,2789,7123,7124,5,b
3,2790,265,266,13,implies
3,2791,5065,5066,3,a
3,2792,3053,3054,8,not_or
3,2793,1355,1356,14,not_and
3,2794,6557,6558,13,implies
3,2795,591,592,7,or
3,2796,6815,6816,9,not_xor
3,2797,4724,4725,2,not_implies
3,2798,4782,4783,4,not_implied_by
3,2799,7404,7405,12,not_a
3,2800,2728,2729,15,one
3,2801,3580,3581,11,implied_by
3,2802,3350,3351,3,a
3,2803,107,108,11,implied_by
3,2804,5105,5106,6,xor
3,2805,5024,5025,7,or
3,2806,6077,6078,4,not_implied_by
3,2807,318,319,3,a
3,2808,6441,6442,3,a
3,2809,995,996,8,not_or
3,2810,3659,3660,3,a
3,2811,678,679,11,implied_by
3,2812,4875,4876,7,or
3,2813,2567,2568,12,not_a
3,2814,3992,3993,12,not_a
3,2815,1522,1523,5,b
3,2816,7890,7891,10,not_b
3,2817,4103,4104,10,not_b
3,2818,6437,6438,2,not_implies
3,2819,6865,6866,10,not_b
3,2820,5575,5576,8,not_or
3,2821,5819,5820,1,and
3,2822,7357,7358,12,not_a
3,2823,1981,1982,2,not_implies
3,2824,5645,5646,1,and
3,2825,2871,2872,0,zero
3,2826,4638,4639,5,b
3,2827,3450,3451,15,one
3,2828,3422,3423,14,not_and
3,2829,298,299,0,zero
3,2830,2124,2125,4,not_implied_by
3,2831,9,10,10,not_b
3,2832,1252,1253,10,not_b
3,2833,7667,7668,7,or
3,2834,6678,6679,12,not_a
3,2835,3549,3550,14,not_and
3,2836,70,71,14,not_and
3,2837,2203,2204,10,not_b
3,2838,6326,6327,7,or
3,2839,1164,1165,11,implied_by
3,2840,5684,5685,3,a
3,2841,692,693,7,or
3,2842,4659,4660,11,implied_by
3,2843,4999,5000,13,implies
3,2844,2865,2866,4,not_implied_by
3,2845,3530,3531,3,a
3,2846,3703,3704,2,not_implies
3,2847,6281,6282,11,implied_by
3,2848,4316,4317,5,b
3,2849,1165,1166,10,not_b
3,2850,6463,6464,9,not_xor
3,2851,774,775,11,implied_by
3,2852,4156,4157,7,or
3,2853,2394,2395,10,not_b
3,2854,1437,1438,0,zero
3,2855,4022,4023,10,not_b
3,2856,7679,7680,15,one
3,2857,4816,4817,4,not_implied_by
3,2858,5331,5332,2,not_implies
3,2859,7595,7596,3,a
3,2860,4805,4806,2,not_implies
3,2861,7795,7796,12,not_a
3,2862,6373,6374,0,zero
3,2863,6355,6356,2,not_implies
3,2864,6806,6807,2,not_implies
3,2865,4150,4151,6,xor
3,2866,108,109,13,implies
3,2867,6421,6422,5,b
3,2868,707,708,8,not_or
3,2869,5930,5931,8,not_or
3,2870,5571,5572,10,not_b
3,2871,4332,4333,3,a
3,2872,3339,3340,0,zero
3,2873,305,306,13,implies
3,2874,6573,6574,13,implies
3,2875,5529,5530,2,not_implies
3,2876,3338,3339,3,a
3,2877,6830,6831,6,xor
3,2878,654,655,15,one
3,2879,1945,1946,13,implies
3,2880,4230,4231,5,b
3,2881,1455,1456,5,b
3,2882,1168,1169,10,not_b
3,2883,7820,7821,3,a
3,2884,3153,3154,11,implied_by
3,2885,4181,4182,7,or
3,2886,514,515,15,one
3,2887,6843,6844,11,implied_by
3,2888,6885,6886,0,zero
3,2889,378,379,0,zero
3,2890,1534,1535,0,zero
3,2891,3748,3749,12,not_a
3,2892,2644,2645,7,or
3,2893,888,889,12,not_a
3,2894,3298,3299,0,zero
3,2895,5287,5288,5,b
3,2896,5477,5478,3,a
3,2897,2903,2904,5,b
3,2898,3014,3015,5,b
3,2899,3846,3847,4,not_implied_by
3,2900,2669,2670,4,not_implied_by
3,2901,4132,4133,1,and
3,2902,7412,7413,4,not_implied_by
3,2903,4734,4735,15,one
3,2904,1990,1991,6,xor
3,2905,1442,1443,13,implies
3,2906,5395,5396,5,b
3,2907,5666,5667,12,not_a
3,2908,7614,7615,9,not_xor
3,2909,3098,3099,4,not_implied_by
3,2910,5359,5360,10,not_b
3,2911,5559,5560,7,or
3,2912,2908,2909,6,xor
3,2913,7512,7513,8,not_or
3,2914,3368,3369,3,a
3,2915,6546,6547,2,not_implies
3,2916,7032,7033,3,a
3,2917,6523,6524,7,or
3,2918,3620,3621,11,implied_by
3,2919,282,283,13,implies
3,2920,6769,6770,15,one
3,2921,5857,5858,13,implies
3,2922,3930,3931,9,not_xor
3,2923,1219,1220,15,one
3,2924,1788,1789,0,zero
3,2925,339,340,10,not_b
3,2926,7661,7662,10,not_b
3,2927,2474,2475,10,not_b
3,2928,1682,1683,2,not_implies
3,2929,6667,6668,14,not_and
3,2930,4586,4587,12,not_a
3,2931,2385,2386,10,not_b
3,2932,2410,2411,4,not_implied_by
3,2933,3077,3078,7,or
3,2934,4646,4647,8,not_or
3,2935,2546,2547,13,implies
3,2936,3022,3023,6,xor
3,2937,5619,5620,5,b
3,2938,7554,7555,4,not_implied_by
3,2939,2975,2976,10,not_b
3,2940,6390,6391,14,not_and
3,2941,6918,6919,1,and
3,2942,3808,3809,9,not_xor
3,2943,5207,5208,12,not_a
3,2944,981,982,3,a
3,2945,3323,3324,0,zero
3,2946,4750,4751,12,not_a
3,2947,64,65,5,b
3,2948,705,706,3,a
3,2949,5793,5794,10,not_b
3,2950,4445,4446,0,zero
3,2951,3803,3804,0,zero
3,2952,4411,4412,14,not_and
3,2953,7613,7614,3,a
3,2954,3508,3509,10,not_b
3,2955,3579,3580,0,zero
3,2956,767,768,10,not_b
3,2957,2107,2108,15,one
3,2958,4386,4387,6,xor
3,2959,2202,2203,5,b
3,2960,6623,6624,2,not_implies
3,2961,1418,1419,12,not_a
3,2962,3953,3954,0,zero
3,2963,3565,3566,4,not_implied_by
3,2964,28,29,10,not_b
3,2965,6066,6067,14,not_and
3,2966,347,348,4,not_implied_by
3,2967,1729,1730,3,a
3,2968,6456,6457,13,implies
3,2969,2616,2617,10,not_b
3,2970,403,404,0,zero
3,2971,7264,7265,7,or
3,2972,2928,2929,5,b
3,2973,7082,7083,7,or
3,2974,2536,2537,6,xor
3,2975,2071,2072,12,not_a
3,2976,7755,7756,10,not_b
3,2977,7194,7195,0,zero
3,2978,7058,7059,5,b
3,2979,5672,5673,5,b
3,2980,6439,6440,5,b
3,2981,1634,1635,3,a
3,2982,6670,6671,14,not_and
3,2983,5143,5144,5,b
3,2984,74,75,3,a
3,2985,6468,6469,4,not_implied_by
3,2986,5827,5828,10,not_b
3,2987,4967,4968,9,not_xor
3,2988,1767,1768,3,a
3,2989,7066,7067,2,not_implies
3,2990,2847,2848,13,implies
3,2991,5625,5626,5,b
3,2992,7209,7210,0,zero
3,2993,3950,3951,10,not_b
3,2994,1797,1798,7,or
3,2995,3747,3748,10,not_b
3,2996,5039,5040,1,and
3,2997,6271,6272,14,not_and
3,2998,6533,6534,12,not_a
3,2999,7308,7309,9,not_xor
3,3000,4089,4090,8,not_or
3,3001,1345,1346,0,zero
3,3002,2429,2430,9,not_xor
3,3003,7819,7820,13,implies
3,3004,1546,1547,4,not_implied_by
3,3005,6530,6531,5,b
3,3006,2398,2399,5,b
3,3007,4205,4206,6,xor
3,3008,5588,5589,8,not_or
3,3009,5552,5553,7,or
3,3010,2917,2918,11,implied_by
3,3011,6369,6370,4,not_implied_by
3,3012,7492,7493,5,b
3,3013,698,699,13,implies
3,3014,5598,5599,3,a
3,3015,3152,3153,11,implied_by
3,3016,666,667,3,a
3,3017,4497,4498,9,not_xor
3,3018,3023,3024,9,not_xor
3,3019,5800,5801,1,and
3,3020,7137,7138,11,implied_by
3,3021,4377,4378,2,not_implies
3,3022,7192,7193,3,a
3,3023,3595,3596,8,not_or
3,3024,1358,1359,9,not_xor
3,3025,7457,7458,2,not_implies
3,3026,5376,5377,13,implies
3,3027,4874,4875,12,not_a
3,3028,2311,2312,6,xor
3,3029,3230,3231,10,not_b
3,3030,3075,3076,12,not_a
3,3031,3939,3940,7,or
3,3032,5741,5742,0,zero
3,3033,6764,6765,14,not_and
3,3034,7519,7520,15,one
3,3035,3274,3275,2,not_implies
3,3036,384,385,15,one
3,3037,793,794,9,not_xor
3,3038,1610,1611,11,implied_by
3,3039,5267,5268,10,not_b
3,3040,17,18,5,b
3,3041,7211,7212,15,one
3,3042,619,620,3,a
3,3043,4756,4757,11,implied_by
3,3044,7531,7532,3,a
3,3045,2744,2745,1,and
3,3046,6084,6085,5,b
3,3047,6629,6630,10,not_b
3,3048,6747,6748,6,xor
3,3049,7190,7191,7,or
3,3050,7420,7421,7,or
3,3051,2104,2105,4,not_implied_by
3,3052,2166,2167,13,implies
3,3053,1478,1479,15,one
3,3054,127,128,5,b
3,3055,3440,3441,6,xor
3,3056,5369,5370,3,a
3,3057,1125,1126,10,not_b
3,3058,7658,7659,10,not_b
3,3059,3206,3207,14,not_and
3,3060,3974,3975,12,not_a
3,3061,6915,6916,7,or
3,3062,4215,4216,4,not_implied_by
3,3063,3498,3499,5,b
3,3064,6689,6690,5,b
3,3065,5172,5173,12,not_a
3,3066,402,403,4,not_implied_by
3,3067,7478,7479,0,zero
3,3068,5100,5101,3,a
3,3069,7914,7915,5,b
3,3070,4429,4430,10,not_b
3,3071,5779,5780,1,and
3,3072,7762,7763,1,and
3,3073,2459,2460,12,not_a
3,3074,2819,2820,13,implies
3,3075,3283,3284,12,not_a
3,3076,7429,7430,5,b
3,3077,713,714,3,a
3,3078,2684,2685,2,not_implies
3,3079,5563,5564,13,implies
3,3080,5719,5720,1,and
3,3081,7333,7334,15,one
3,3082,7818,7819,7,or
3,3083,2450,2451,12,not_a
3,3084,6937,6938,10,not_b
3,3085,3954,3955,9,not_xor
3,3086,5393,5394,11,implied_by
3,3087,564,565,12,not_a
3,3088,7691,7692,6,xor
3,3089,6519,6520,8,not_or
3,3090,4260,4261,4,not_implied_by
3,3091,7166,7167,15,one
3,3092,3932,3933,9,not_xor
3,3093,1211,1212,3,a
3,3094,7438,7439,4,not_implied_by
3,3095,6031,6032,11,implied_by
3,3096,7125,7126,15,one
3,3097,6159,6160,2,not_implies
3,3098,438,439,11,implied_by
3,3099,2082,2083,0,zero
3,3100,5755,5756,6,xor
3,3101,637,638,5,b
3,3102,4446,4447,10,not_b
3,3103,6895,6896,12,not_a
3,3104,5174,5175,13,implies
3,3105,2361,2362,4,not_implied_by
3,3106,7662,7663,14,not_and
3,3107,2775,2776,10,not_b
3,3108,2531,2532,3,a
3,3109,7047,7048,3,a
3,3110,2400,2401,10,not_b
3,3111,3758,3759,5,b
3,3112,3608,3609,3,a
3,3113,3630,3631,5,b
3,3114,4269,4270,4,not_implied_by
3,3115,2240,2241,5,b
3,3116,2629,2630,12,not_a
3,3117,1484,1485,2,not_implies
3,3118,1053,1054,5,b
3,3119,5971,5972,3,a
3,3120,4020,4021,6,xor
3,3121,718,719,7,or
3,3122,3909,3910,3,a
3,3123,2388,2389,13,implies
3,3124,1805,1806,13,implies
3,3125,6782,6783,2,not_implies
3,3126,4342,4343,9,not_xor
3,3127,924,925,3,a
3,3128,1380,1381,5,b
3,3129,1676,1677,5,b
3,3130,7524,7525,3,a
3,3131,3010,3011,14,not_and
3,3132,1559,1560,6,xor
3,3133,528,529,2,not_implies
3,3134,2856,2857,10,not_b
3,3135,4202,4203,2,not_implies
3,3136,3812,3813,1,and
3,3137,1300,1301,1,and
3,3138,2228,2229,15,one
3,3139,3904,3905,13,implies
3,3140,1956,1957,3,a
3,3141,1734,1735,0,zero
3,3142,409,410,3,a
3,3143,3564,3565,10,not_b
3,3144,4197,4198,1,and
3,3145,236,237,9,not_xor
3,3146,3886,3887,11,implied_by
3,3147,2331,2332,8,not_or
3,3148,4585,4586,10,not_b
3,3149,6707,6708,12,not_a
3,3150,6500,6501,11,implied_by
3,3151,3833,3834,12,not_a
3,3152,6259,6260,12,not_a
3,3153,2241,2242,11,implied_by
3,3154,3065,3066,14,not_and
3,3155,7411,7412,4,not_implied_by
3,3156,3649,3650,13,implies
3,3157,7766,7767,0,zero
3,3158,6201,6202,5,b
3,3159,1476,1477,12,not_a
3,3160,2549,2550,8,not_or
3,3161,2020,2021,1,and
3,3162,6412,6413,10,not_b
3,3163,662,663,3,a
3,3164,872,873,5,b
3,3165,5423,5424,4,not_implied_by
3,3166,5531,5532,3,a
3,3167,6607,6608,5,b
3,3168,1346,1347,12,not_a
3,3169,7050,7051,6,xor
3,3170,1556,1557,2,not_implies
3,3171,414,415,8,not_or
3,3172,7397,7398,6,xor
3,3173,4983,4984,8,not_or
3,3174,2231,2232,15,one
3,3175,3082,3083,12,not_a
3,3176,100,101,8,not_or
3,3177,3809,3810,12,not_a
3,3178,1536,1537,1,and
3,3179,6654,6655,9,not_xor
3,3180,6793,6794,10,not_b
3,3181,3314,3315,13,implies
3,3182,545,546,1,and
3,3183,2984,2985,3,a
3,3184,5516,5517,9,not_xor
3,3185,4237,4238,3,a
3,3186,175,176,14,not_and
3,3187,1091,1092,12,not_a
3,3188,5157,5158,8,not_or
3,3189,3223,3224,10,not_b
3,3190,3683,3684,15,one
3,3191,1517,1518,12,not_a
3,3192,6569,6570,7,or
3,3193,4482,4483,5,b
3,3194,5272,5273,14,not_and
3,3195,3015,3016,12,not_a
3,3196,957,958,14,not_and
3,3197,6728,6729,14,not_and
3,3198,7025,7026,2,not_implies
3,3199,2720,2721,3,a
3,3200,1460,1461,10,not_b
3,3201,5455,5456,5,b
3,3202,583,584,12,not_a
3,3203,4200,4201,3,a
3,3204,4249,4250,12,not_a
3,3205,866,867,3,a
3,3206,4829,4830,3,a
3,3207,7041,7042,11,implied_by
3,3208,54,55,11,implied_by
3,3209,5728,5729,5,b
3,3210,6252,6253,12,not_a
3,3211,3685,3686,11,implied_by
3,3212,800,801,11,implied_by
3,3213,3906,3907,5,b
3,3214,3654,3655,6,xor
3,3215,5192,5193,12,not_a
3,3216,7960,7961,4,not_implied_by
3,3217,3426,3427,12,not_a
3,3218,5611,5612,13,implies
3,3219,58,59,15,one
3,3220,5928,5929,6,xor
3,3221,1248,1249,0,zero
3,3222,1777,1778,12,not_a
3,3223,7591,7592,6,xor
3,3224,3843,3844,10,not_b
3,3225,1424,1425,10,not_b
3,3226,7857,7858,3,a
3,3227,7802,7803,3,a
3,3228,7065,7066,10,not_b
3,3229,1253,1254,3,a
3,3230,5975,5976,5,b
3,3231,2454,2455,3,a
3,3232,4365,4366,12,not_a
3,3233,7681,7682,1,and
3,3234,7749,7750,5,b
3,3235,3723,3724,11,implied_by
3,3236,4074,4075,0,zero
3,3237,967,968,9,not_xor
3,3238,4499,4500,2,not_implies
3,3239,3035,3036,1,and
3,3240,5368,5369,5,b
3,3241,7621,7622,11,implied_by
3,3242,6398,6399,5,b
3,3243,4441,4442,3,a
3,3244,3885,3886,13,implies
3,3245,2485,2486,7,or
3,3246,6364,6365,14,not_and
3,3247,6968,6969,7,or
3,3248,2456,2457,8,not_or
3,3249,2360,2361,12,not_a
3,3250,7824,7825,11,implied_by
3,3251,6826,6827,13,implies
3,3252,2092,2093,11,implied_by
3,3253,2923,2924,15,one
3,3254,3633,3634,10,not_b
3,3255,3666,3667,6,xor
3,3256,2137,2138,9,not_xor
3,3257,233,234,12,not_a
3,3258,4826,4827,6,xor
3,3259,7527,7528,12,not_a
3,3260,7335,7336,1,and
3,3261,404,405,15,one
3,3262,5203,5204,11,implied_by
3,3263,1033,1034,5,b
3,3264,2183,2184,14,not_and
3,3265,157,158,10,not_b
3,3266,7094,7095,5,b
3,3267,325,326,3,a
3,3268,1672,1673,8,not_or
3,3269,4,5,10,not_b
3,3270,5470,5471,10,not_b
3,3271,1271,1272,7,or
3,3272,544,545,6,xor
3,3273,7752,7753,9,not_xor
3,3274,3037,3038,12,not_a
3,3275,4165,4166,13,implies
3,3276,6617,6618,9,not_xor
3,3277,3169,3170,7,or
3,3278,3482,3483,6,xor
3,3279,4432,4433,10,not_b
3,3280,1669,1670,0,zero
3,3281,7350,7351,5,b
3,3282,3907,3908,3,a
3,3283,7532,7533,4,not_implied_by
3,3284,5561,5562,12,not_a
3,3285,6684,6685,3,a
3,3286,4781,4782,0,zero
3,3287,7786,7787,8,not_or
3,3288,5824,5825,3,a
3,3289,4866,4867,6,xor
3,3290,287,288,10,not_b
3,3291,486,487,3,a
3,3292,3894,3895,8,not_or
3,3293,2347,2348,13,implies
3,3294,1501,1502,3,a
3,3295,3924,3925,12,not_a
3,3296,61,62,5,b
3,3297,1495,1496,5,b
3,3298,1827,1828,8,not_or
3,3299,3706,3707,2,not_implies
3,3300,5678,5679,3,a
3,3301,5920,5921,11,implied_by
3,3302,6608,6609,12,not_a
3,3303,869,870,5,b
3,3304,7336,7337,10,not_b
3,3305,3285,3286,5,b
3,3306,7764,7765,10,not_b
3,3307,408,409,0,zero
3,3308,3995,3996,11,implied_by
3,3309,1762,1763,12,not_a
3,3310,761,762,4,not_implied_by
3,3311,3485,3486,7,or
3,3312,6773,6774,13,implies
3,3313,2938,2939,3,a
3,3314,6876,6877,12,not_a
3,3315,2162,2163,3,a
3,3316,3266,3267,5,b
3,3317,2511,2512,2,not_implies
3,3318,2598,2599,7,or
3,3319,4051,4052,2,not_implies
3,3320,7869,7870,10,not_b
3,3321,1924,1925,9,not_xor
3,3322,3775,3776,1,and
3,3323,1417,1418,12,not_a
3,3324,5806,5807,7,or
3,3325,4649,4650,10,not_b
3,3326,5697,5698,14,not_and
3,3327,1714,1715,13,implies
3,3328,6844,6845,2,not_implies
3,3329,1075,1076,3,a
3,3330,3251,3252,7,or
3,3331,7695,7696,3,a
3,3332,4345,4346,11,implied_by
3,3333,712,713,10,not_b
3,3334,480,481,15,one
3,3335,4921,4922,3,a
3,3336,4899,4900,6,xor
3,3337,2180,2181,5,b
3,3338,7789,7790,15,one
3,3339,3536,3537,11,implied_by
3,3340,2592,2593,6,xor
3,3341,5466,5467,0,zero
3,3342,7587,7588,11,implied_by
3,3343,6580,6581,7,or
3,3344,7362,7363,15,one
3,3345,141,142,13,implies
3,3346,5486,5487,3,a
3,3347,3672,3673,10,not_b
3,3348,5280,5281,10,not_b
3,3349,3477,3478,5,b
3,3350,49,50,3,a
3,3351,6283,6284,11,implied_by
3,3352,2976,2977,0,zero
3,3353,3616,3617,4,not_implied_by
3,3354,5790,5791,5,b
3,3355,2262,2263,5,b
3,3356,5408,5409,6,xor
3,3357,4703,4704,11,implied_by
3,3358,562,563,5,b
3,3359,6061,6062,5,b
3,3360,7884,7885,11,implied_by
3,3361,7376,7377,10,not_b
3,3362,3531,3532,12,not_a
3,3363,3054,3055,11,implied_by
3,3364,7286,7287,1,and
3,3365,7568,7569,12,not_a
3,3366,4009,4010,6,xor
3,3367,5342,5343,0,zero
3,3368,1022,1023,12,not_a
3,3369,6891,6892,10,not_b
3,3370,1324,1325,0,zero
3,3371,5022,5023,1,and
3,3372,1951,1952,1,and
3,3373,7993,7994,5,b
3,3374,4755,4756,9,not_xor
3,3375,5519,5520,6,xor
3,3376,443,444,5,b
3,3377,5325,5326,1,and
3,3378,6042,6043,8,not_or
3,3379,7984,7985,9,not_xor
3,3380,2465,2466,9,not_xor
3,3381,4068,4069,5,b
3,3382,3453,3454,4,not_implied_by
3,3383,3844,3845,9,not_xor
3,3384,1079,1080,3,a
3,3385,7093,7094,14,not_and
3,3386,835,836,1,and
3,3387,3489,3490,11,implied_by
3,3388,266,267,3,a
3,3389,7068,7069,1,and
3,3390,6302,6303,3,a
3,3391,1203,1204,5,b
3,3392,4278,4279,1,and
3,3393,6361,6362,3,a
3,3394,7197,7198,10,not_b
3,3395,6395,6396,3,a
3,3396,4612,4613,5,b
3,3397,3321,3322,1,and
3,3398,4047,4048,7,or
3,3399,7217,7218,7,or
3,3400,7456,7457,10,not_b
3,3401,7243,7244,10,not_b
3,3402,1993,1994,3,a
3,3403,6943,6944,8,not_or
3,3404,7521,7522,10,not_b
3,3405,6016,6017,10,not_b
3,3406,6982,6983,1,and
3,3407,238,239,14,not_and
3,3408,5607,5608,0,zero
3,3409,1001,1002,2,not_implies
3,3410,4360,4361,13,implies
3,3411,6864,6865,10,not_b
3,3412,7791,7792,7,or
3,3413,6652,6653,8,not_or
3,3414,261,262,10,not_b
3,3415,6206,6207,14,not_and
3,3416,3043,3044,13,implies
3,3417,7433,7434,14,not_and
3,3418,585,586,1,and
3,3419,5075,5076,6,xor
3,3420,345,346,12,not_a
3,3421,4882,4883,13,implies
3,3422,6432,6433,13,implies
3,3423,46,47,3,a
3,3424,2964,2965,11,implied_by
3,3425,5752,5753,13,implies
3,3426,1401,1402,9,not_xor
3,3427,2797,2798,12,not_a
3,3428,6000,6001,1,and
3,3429,1781,1782,2,not_implies
3,3430,7087,7088,4,not_implied_by
3,3431,3374,3375,4,not_implied_by
3,3432,2165,2166,11,implied_by
3,3433,178,179,6,xor
3,3434,3045,3046,12,not_a
3,3435,1359,1360,1,and
3,3436,6220,6221,6,xor
3,3437,2981,2982,7,or
3,3438,2066,2067,0,zero
3,3439,5757,5758,0,zero
3,3440,4220,4221,15,one
3,3441,4982,4983,11,implied_by
3,3442,911,912,2,not_implies
3,3443,4210,4211,4,not_implied_by
3,3444,5052,5053,5,b
3,3445,5711,5712,5,b
3,3446,3708,3709,6,xor
3,3447,4787,4788,2,not_implies
3,3448,6060,6061,5,b
3,3449,1807,1808,7,or
3,3450,2207,2208,5,b
3,3451,5973,5974,4,not_implied_by
3,3452,7228,7229,3,a
3,3453,2925,2926,12,not_a
3,3454,1528,1529,5,b
3,3455,6248,6249,9,not_xor
3,3456,5547,5548,6,xor
3,3457,4339,4340,3,a
3,3458,3419,3420,3,a
3,3459,7274,7275,14,not_and
3,3460,2532,2533,8,not_or
3,3461,4971,4972,3,a
3,3462,2158,2159,11,implied_by
3,3463,656,657,10,not_b
3,3464,4684,4685,2,not_implies
3,3465,6475,6476,3,a
3,3466,467,468,13,implies
3,3467,7334,7335,9,not_xor
3,3468,3398,3399,9,not_xor
3,3469,3166,3167,9,not_xor
3,3470,7372,7373,14,not_and
3,3471,6514,6515,5,b
3,3472,3292,3293,9,not_xor
3,3473,7557,7558,10,not_b
3,3474,4158,4159,13,implies
3,3475,2596,2597,8,not_or
3,3476,2892,2893,6,xor
3,3477,3664,3665,15,one
3,3478,7850,7851,11,implied_by
3,3479,2540,2541,2,not_implies
3,3480,1650,1651,12,not_a
3,3481,4651,4652,9,not_xor
3,3482,5125,5126,6,xor
3,3483,2411,2412,5,b
3,3484,1198,1199,8,not_or
3,3485,7793,7794,10,not_b
3,3486,1942,1943,8,not_or
3,3487,2407,2408,7,or
3,3488,3086,3087,5,b
3,3489,1394,1395,5,b
3,3490,5822,5823,10,not_b
3,3491,4819,4820,12,not_a
3,3492,3518,3519,8,not_or
3,3493,2591,2592,2,not_implies
3,3494,962,963,7,or
3,3495,1239,1240,0,zero
3,3496,4057,4058,1,and
3,3497,5343,5344,4,not_implied_by
3,3498,6660,6661,12,not_a
3,3499,2782,2783,3,a
3,3500,1886,1887,15,one
3,3501,7151,7152,12,not_a
3,3502,3121,3122,11,implied_by
3,3503,5855,5856,3,a
3,3504,5595,5596,12,not_a
3,3505,7848,7849,8,not_or
3,3506,3295,3296,5,b
3,3507,4075,4076,6,xor
3,3508,5484,5485,12,not_a
3,3509,6504,6505,1,and
3,3510,491,492,10,not_b
3,3511,209,210,13,implies
3,3512,6411,6412,14,not_and
3,3513,6076,6077,12,not_a
3,3514,7952,7953,2,not_implies
3,3515,3183,3184,1,and
3,3516,4170,4171,5,b
3,3517,3089,3090,6,xor
3,3518,4376,4377,3,a
3,3519,4346,4347,3,a
3,3520,2194,2195,10,not_b
3,3521,6083,6084,7,or
3,3522,987,988,0,zero
3,3523,7223,7224,9,not_xor
3,3524,7536,7537,1,and
3,3525,7224,7225,1,and
3,3526,2009,2010,4,not_implied_by
3,3527,1397,1398,9,not_xor
3,3528,6292,6293,4,not_implied_by
3,3529,7732,7733,1,and
3,3530,6768,6769,10,not_b
3,3531,2058,2059,5,b
3,3532,2151,2152,3,a
3,3533,2603,2604,11,implied_by
3,3534,6792,6793,1,and
3,3535,7232,7233,8,not_or
3,3536,6080,6081,13,implies
3,3537,5948,5949,7,or
3,3538,993,994,11,implied_by
3,3539,1810,1811,8,not_or
3,3540,3744,3745,12,not_a
3,3541,741,742,7,or
3,3542,3624,3625,13,implies
3,3543,5194,5195,5,b
3,3544,7306,7307,3,a
3,3545,7268,7269,12,not_a
3,3546,7084,7085,1,and
3,3547,6152,6153,9,not_xor
3,3548,5550,5551,11,implied_by
3,3549,7271,7272,9,not_xor
3,3550,5557,5558,11,implied_by
3,3551,6386,6387,14,not_and
3,3552,5754,5755,13,implies
3,3553,6766,6767,8,not_or
3,3554,7942,7943,3,a
3,3555,5979,5980,11,implied_by
3,3556,3324,3325,9,not_xor
3,3557,1287,1288,5,b
3,3558,3344,3345,3,a
3,3559,2685,2686,1,and
3,3560,7099,7100,9,not_xor
3,3561,4938,4939,14,not_and
3,3562,1509,1510,0,zero
3,3563,6955,6956,12,not_a
3,3564,3506,3507,0,zero
3,3565,6336,6337,14,not_and
3,3566,1900,1901,4,not_implied_by
3,3567,2558,2559,10,not_b
3,3568,1999,2000,8,not_or
3,3569,2617,2618,1,and
3,3570,23,24,8,not_or
3,3571,6029,6030,2,not_implies
3,3572,7419,7420,10,not_b
3,3573,3436,3437,4,not_implied_by
3,3574,6185,6186,6,xor
3,3575,5116,5117,5,b
3,3576,2409,2410,7,or
3,3577,5532,5533,11,implied_by
3,3578,1169,1170,10,not_b
3,3579,4234,4235,10,not_b
3,3580,6796,6797,5,b
3,3581,5366,5367,15,one
3,3582,997,998,10,not_b
3,3583,2663,2664,13,implies
3,3584,2665,2666,2,not_implies
3,3585,5243,5244,2,not_implies
3,3586,6068,6069,8,not_or
3,3587,6164,6165,6,xor
3,3588,6845,6846,13,implies
3,3589,7806,7807,8,not_or
3,3590,5805,5806,8,not_or
3,3591,5624,5625,4,not_implied_by
3,3592,442,443,9,not_xor
3,3593,5816,5817,6,xor
3,3594,1063,1064,3,a
3,3595,6807,6808,4,not_implied_by
3,3596,3170,3171,8,not_or
3,3597,3686,3687,1,and
3,3598,6287,6288,8,not_or
3,3599,6902,6903,11,implied_by
3,3600,412,413,12,not_a
3,3601,2910,2911,11,implied_by
3,3602,4449,4450,8,not_or
3,3603,2413,2414,2,not_implies
3,3604,4689,4690,4,not_implied_by
3,3605,1817,1818,2,not_implies
3,3606,6565,6566,4,not_implied_by
3,3607,6688,6689,9,not_xor
3,3608,1212,1213,1,and
3,3609,200,201,2,not_implies
3,3610,4815,4816,3,a
3,3611,2198,2199,12,not_a
3,3612,2251,2252,12,not_a
3,3613,3078,3079,3,a
3,3614,5621,5622,3,a
3,3615,6035,6036,10,not_b
3,3616,5958,5959,12,not_a
3,3617,4113,4114,14,not_and
3,3618,5261,5262,13,implies
3,3619,6563,6564,15,one
3,3620,1683,1684,10,not_b
3,3621,3658,3659,12,not_a
3,3622,1960,1961,2,not_implies
3,3623,3213,3214,15,one
3,3624,7159,7160,12,not_a
3,3625,2102,2103,5,b
3,3626,7155,7156,3,a
3,3627,2247,2248,3,a
3,3628,3091,3092,2,not_implies
3,3629,5200,5201,2,not_implies
3,3630,811,812,11,implied_by
3,3631,2321,2322,14,not_and
3,3632,4729,4730,6,xor
3,3633,4173,4174,4,not_implied_by
3,3634,2021,2022,9,not_xor
3,3635,899,900,5,b
3,3636,4774,4775,6,xor
3,3637,2965,2966,8,not_or
3,3638,6541,6542,7,or
3,3639,2749,2750,7,or
3,3640,1503,1504,8,not_or
3,3641,675,676,13,implies
3,3642,6210,6211,3,a
3,3643,3157,3158,5,b
3,3644,2582,2583,5,b
3,3645,2376,2377,4,not_implied_by
3,3646,1134,1135,9,not_xor
3,3647,3637,3638,9,not_xor
3,3648,55,56,10,not_b
3,3649,2252,2253,1,and
3,3650,2637,2638,5,b
3,3651,1304,1305,14,not_and
3,3652,6716,6717,3,a
3,3653,1943,1944,9,not_xor
3,3654,4451,4452,13,implies
3,3655,4472,4473,11,implied_by
3,3656,7142,7143,3,a
3,3657,6062,6063,0,zero
3,3658,7731,7732,8,not_or
3,3659,329,330,7,or
3,3660,4024,4025,8,not_or
3,3661,7941,7942,1,and
3,3662,5898,5899,8,not_or
3,3663,2852,2853,11,implied_by
3,3664,6659,6660,3,a
3,3665,3247,3248,14,not_and
3,3666,4394,4395,5,b
3,3667,3237,3238,3,a
3,3668,5439,5440,3,a
3,3669,6628,6629,7,or
3,3670,6215,6216,12,not_a
3,3671,5770,5771,4,not_implied_by
3,3672,3958,3959,14,not_and
3,3673,351,352,12,not_a
3,3674,4136,4137,13,implies
3,3675,3813,3814,12,not_a
3,3676,4908,4909,6,xor
3,3677,3259,3260,4,not_implied_by
3,3678,7957,7958,12,not_a
3,3679,5346,5347,3,a
3,3680,1614,1615,6,xor
3,3681,7834,7835,8,not_or
3,3682,6404,6405,3,a
3,3683,3875,3876,0,zero
3,3684,5303,5304,15,one
3,3685,2138,2139,1,and
3,3686,6186,6187,8,not_or
3,3687,5060,5061,11,implied_by
3,3688,752,753,8,not_or
3,3689,2944,2945,14,not_and
3,3690,3244,3245,6,xor
3,3691,801,802,15,one
3,3692,2214,2215,11,implied_by
3,3693,4403,4404,8,not_or
3,3694,4131,4132,2,not_implies
3,3695,6235,6236,4,not_implied_by
3,3696,2426,2427,9,not_xor
3,3697,1321,1322,2,not_implies
3,3698,5310,5311,4,not_implied_by
3,3699,494,495,10,not_b
3,3700,488,489,4,not_implied_by
3,3701,4193,4194,0,zero
3,3702,279,280,6,xor
3,3703,3720,3721,10,not_b
3,3704,1439,1440,7,or
3,3705,422,423,12,not_a
3,3706,3301,3302,3,a
3,3707,2894,2895,6,xor
3,3708,3576,3577,4,not_implied_by
3,3709,622,623,4,not_implied_by
3,3710,553,554,3,a
3,3711,1017,1018,4,not_implied_by
3,3712,3733,3734,12,not_a
3,3713,7645,7646,6,xor
3,3714,1726,1727,3,a
3,3715,4970,4971,10,not_b
3,3716,6966,6967,0,zero
3,3717,7811,7812,10,not_b
3,3718,7959,7960,7,or
3,3719,6508,6509,4,not_implied_by
3,3720,20,21,10,not_b
3,3721,2724,2725,6,xor
3,3722,1841,1842,7,or
3,3723,6322,6323,10,not_b
3,3724,6636,6637,10,not_b
3,3725,2646,2647,2,not_implies
3,3726,1947,1948,1,and
3,3727,5404,5405,3,a
3,3728,4906,4907,10,not_b
3,3729,7109,7110,14,not_and
3,3730,3830,3831,9,not_xor
3,3731,5594,5595,9,not_xor
3,3732,5344,5345,8,not_or
3,3733,3289,3290,0,zero
3,3734,6696,6697,13,implies
3,3735,4617,4618,14,not_and
3,3736,7312,7313,8,not_or
3,3737,5847,5848,9,not_xor
3,3738,3623,3624,3,a
3,3739,6932,6933,10,not_b
3,3740,6668,6669,3,a
3,3741,1127,1128,7,or
3,3742,7495,7496,4,not_implied_by
3,3743,6954,6955,12,not_a
3,3744,4327,4328,3,a
3,3745,5281,5282,7,or
3,3746,6001,6002,4,not_implied_by
3,3747,5352,5353,12,not_a
3,3748,4893,4894,6,xor
3,3749,22,23,13,implies
3,3750,7060,7061,12,not_a
3,3751,1813,1814,3,a
3,3752,6142,6143,9,not_xor
3,3753,5145,5146,13,implies
3,3754,3269,3270,3,a
3,3755,4880,4881,3,a
3,3756,4560,4561,12,not_a
3,3757,1295,1296,3,a
3,3758,5265,5266,7,or
3,3759,4105,4106,8,not_or
3,3760,4530,4531,15,one
3,3761,5121,5122,4,not_implied_by
3,3762,3146,3147,3,a
3,3763,5499,5500,8,not_or
3,3764,5765,5766,3,a
3,3765,2359,2360,4,not_implied_by
3,3766,1224,1225,5,b
3,3767,7794,7795,3,a
3,3768,7260,7261,13,implies
3,3769,2352,2353,2,not_implies
3,3770,2723,2724,8,not_or
3,3771,2798,2799,0,zero
3,3772,736,737,12,not_a
3,3773,3971,3972,4,not_implied_by
3,3774,1648,1649,13,implies
3,3775,4979,4980,4,not_implied_by
3,3776,4006,4007,5,b
3,3777,6797,6798,4,not_implied_by
3,3778,6010,6011,13,implies
3,3779,5915,5916,14,not_and
3,3780,1856,1857,5,b
3,3781,1014,1015,5,b
3,3782,1449,1450,2,not_implies
3,3783,558,559,14,not_and
3,3784,6278,6279,5,b
3,3785,4891,4892,6,xor
3,3786,7256,7257,9,not_xor
3,3787,6803,6804,1,and
3,3788,5868,5869,15,one
3,3789,3132,3133,3,a
3,3790,3742,3743,10,not_b
3,3791,3712,3713,5,b
3,3792,3973,3974,4,not_implied_by
3,3793,5266,5267,12,not_a
3,3794,4700,4701,13,implies
3,3795,5383,5384,14,not_and
3,3796,4508,4509,6,xor
3,3797,4015,4016,9,not_xor
3,3798,3888,3889,6,xor
3,3799,3320,3321,11,implied_by
3,3800,4763,4764,7,or
3,3801,2425,2426,9,not_xor
3,3802,6893,6894,9,not_xor
3,3803,7904,7905,13,implies
3,3804,6783,6784,9,not_xor
3,3805,3965,3966,8,not_or
3,3806,2302,2303,4,not_implied_by
3,3807,7143,7144,14,not_and
3,3808,7487,7488,15,one
3,3809,5918,5919,4,not_implied_by
3,3810,3265,3266,12,not_a
3,3811,5070,5071,6,xor
3,3812,83,84,15,one
3,3813,5692,5693,8,not_or
3,3814,21,22,6,xor
3,3815,5084,5085,14,not_and
3,3816,5402,5403,5,b
3,3817,1738,1739,15,one
3,3818,973,974,10,not_b
3,3819,3596,3597,15,one
3,3820,230,231,0,zero
3,3821,7107,7108,5,b
3,3822,2915,2916,15,one
3,3823,7080,7081,3,a
3,3824,3362,3363,7,or
3,3825,1113,1114,3,a
3,3826,3539,3540,8,not_or
3,3827,1544,1545,10,not_b
3,3828,4070,4071,12,not_a
3,3829,3935,3936,15,one
3,3830,798,799,15,one
3,3831,6811,6812,1,and
3,3832,2820,2821,9,not_xor
3,3833,2307,2308,5,b
3,3834,4937,4938,5,b
3,3835,6827,6828,7,or
3,3836,4100,4101,8,not_or
3,3837,5980,5981,4,not_implied_by
3,3838,6582,6583,10,not_b
3,3839,4493,4494,4,not_implied_by
3,3840,469,470,0,zero
3,3841,4436,4437,5,b
3,3842,1135,1136,10,not_b
3,3843,1027,1028,1,and
3,3844,7928,7929,7,or
3,3845,5612,5613,3,a
3,3846,6253,6254,10,not_b
3,3847,651,652,10,not_b
3,3848,2047,2048,10,not_b
3,3849,4527,4528,10,not_b
3,3850,560,561,13,implies
3,3851,2358,2359,1,and
3,3852,5856,5857,15,one
3,3853,3181,3182,2,not_implies
3,3854,537,538,5,b
3,3855,7878,7879,5,b
3,3856,1846,1847,10,not_b
3,3857,3687,3688,4,not_implied_by
3,3858,7100,7101,3,a
3,3859,2551,2552,5,b
3,3860,7939,7940,8,not_or
3,3861,3851,3852,1,and
3,3862,5965,5966,5,b
3,3863,5461,5462,1,and
3,3864,1792,1793,4,not_implied_by
3,3865,4007,4008,5,b
3,3866,4055,4056,3,a
3,3867,4358,4359,3,a
3,3868,4898,4899,3,a
3,3869,5422,5423,11,implied_by
3,3870,1887,1888,8,not_or
3,3871,5305,5306,14,not_and
3,3872,748,749,8,not_or
3,3873,4398,4399,3,a
3,3874,3651,3652,13,implies
3,3875,1425,1426,7,or
3,3876,7030,7031,12,not_a
3,3877,198,199,8,not_or
3,3878,2040,2041,3,a
3,3879,7996,7997,5,b
3,3880,5509,5510,10,not_b
3,3881,4667,4668,10,not_b
3,3882,547,548,3,a
3,3883,98,99,3,a
3,3884,6298,6299,10,not_b
3,3885,2268,2269,3,a
3,3886,5810,5811,0,zero
3,3887,1462,1463,3,a
3,3888,2375,2376,8,not_or
3,3889,6460,6461,11,implied_by
3,3890,2500,2501,3,a
3,3891,4232,4233,8,not_or
3,3892,7458,7459,13,implies
3,3893,1461,1462,3,a
3,3894,6346,6347,12,not_a
3,3895,3998,3999,3,a
3,3896,1225,1226,4,not_implied_by
3,3897,1187,1188,11,implied_by
3,3898,6671,6672,12,not_a
3,3899,802,803,10,not_b
3,3900,3420,3421,12,not_a
3,3901,6737,6738,5,b
3,3902,3212,3213,3,a
3,3903,6486,6487,10,not_b
3,3904,1717,1718,3,a
3,3905,2062,2063,5,b
3,3906,346,347,7,or
3,3907,2769,2770,12,not_a
3,3908,2210,2211,5,b
3,3909,7063,7064,11,implied_by
3,3910,1934,1935,11,implied_by
3,3911,6272,6273,14,not_and
3,3912,5430,5431,2,not_implies
3,3913,3879,3880,6,xor
3,3914,6319,6320,10,not_b
3,3915,3543,3544,5,b
3,3916,2642,2643,10,not_b
3,3917,6597,6598,9,not_xor
3,3918,3081,3082,14,not_and
3,3919,134,135,12,not_a
3,3920,5142,5143,2,not_implies
3,3921,5943,5944,12,not_a
3,3922,4426,4427,7,or
3,3923,4418,4419,4,not_implied_by
3,3924,6649,6650,15,one
3,3925,6551,6552,3,a
3,3926,3671,3672,10,not_b
3,3927,1265,1266,5,b
3,3928,7589,7590,5,b
3,3929,2088,2089,13,implies
3,3930,4175,4176,8,not_or
3,3931,7280,7281,10,not_b
3,3932,3780,3781,1,and
3,3933,6354,6355,0,zero
3,3934,3725,3726,1,and
3,3935,5400,5401,4,not_implied_by
3,3936,7582,7583,1,and
3,3937,3112,3113,4,not_implied_by
3,3938,1828,1829,12,not_a
3,3939,5246,5247,10,not_b
3,3940,4969,4970,1,and
3,3941,7008,7009,1,and
3,3942,613,614,9,not_xor
3,3943,7108,7109,6,xor
3,3944,7160,7161,8,not_or
3,3945,3115,3116,14,not_and
3,3946,7689,7690,4,not_implied_by
3,3947,6384,6385,1,and
3,3948,747,748,10,not_b
3,3949,1751,1752,5,b
3,3950,7494,7495,10,not_b
3,3951,12,13,8,not_or
3,3952,6856,6857,6,xor
3,3953,6905,6906,3,a
3,3954,6198,6199,3,a
3,3955,6794,6795,1,and
3,3956,4420,4421,1,and
3,3957,1941,1942,5,b
3,3958,2755,2756,4,not_implied_by
3,3959,7659,7660,3,a
3,3960,5597,5598,3,a
3,3961,5732,5733,13,implies
3,3962,7726,7727,9,not_xor
3,3963,4696,4697,0,zero
3,3964,7966,7967,1,and
3,3965,5913,5914,3,a
3,3966,4531,4532,15,one
3,3967,1141,1142,3,a
3,3968,7305,7306,8,not_or
3,3969,4808,4809,11,implied_by
3,3970,3165,3166,2,not_implies
3,3971,1388,1389,9,not_xor
3,3972,146,147,1,and
3,3973,618,619,5,b
3,3974,3567,3568,1,and
3,3975,1038,1039,15,one
3,3976,7934,7935,12,not_a
3,3977,7018,7019,5,b
3,3978,6846,6847,4,not_implied_by
3,3979,5492,5493,10,not_b
3,3980,1881,1882,3,a
3,3981,3673,3674,1,and
3,3982,7537,7538,7,or
3,3983,1994,1995,9,not_xor
3,3984,815,816,5,b
3,3985,1582,1583,15,one
3,3986,552,553,8,not_or
3,3987,2279,2280,11,implied_by
3,3988,5633,5634,10,not_b
3,3989,982,983,4,not_implied_by
3,3990,4275,4276,3,a
3,3991,7638,7639,10,not_b
3,3992,5753,5754,3,a
3,3993,3425,3426,1,and
3,3994,2334,2335,3,a
3,3995,759,760,5,b
3,3996,5144,5145,1,and
3,3997,3946,3947,4,not_implied_by
3,3998,2589,2590,2,not_implies
3,3999,4561,4562,2,not_implies
3,4000,4753,4754,3,a
3,4001,669,670,6,xor
3,4002,1303,1304,0,zero
3,4003,743,744,14,not_and
3,4004,1744,1745,0,zero
3,4005,7096,7097,7,or
3,4006,185,186,15,one
3,4007,1093,1094,10,not_b
3,4008,6972,6973,5,b
3,4009,1565,1566,13,implies
3,4010,6323,6324,12,not_a
3,4011,960,961,14,not_and
3,4012,6727,6728,0,zero
3,4013,7935,7936,10,not_b
3,4014,7213,7214,9,not_xor
3,4015,1966,1967,10,not_b
3,4016,1825,1826,10,not_b
3,4017,620,621,4,not_implied_by
3,4018,3601,3602,0,zero
3,4019,13,14,12,not_a
3,4020,4209,4210,8,not_or
3,4021,3856,3857,13,implies
3,4022,3741,3742,12,not_a
3,4023,766,767,5,b
3,4024,4883,4884,3,a
3,4025,5377,5378,12,not_a
3,4026,1043,1044,4,not_implied_by
3,4027,4120,4121,7,or
3,4028,7043,7044,7,or
3,4029,7233,7234,12,not_a
3,4030,330,331,2,not_implies
3,4031,3551,3552,7,or
3,4032,7687,7688,3,a
3,4033,4636,4637,9,not_xor
3,4034,4307,4308,2,not_implies
3,4035,2807,2808,7,or
3,4036,5181,5182,13,implies
3,4037,5327,5328,10,not_b
3,4038,5813,5814,3,a
3,4039,5526,5527,6,xor
3,4040,7307,7308,15,one
3,4041,3317,3318,12,not_a
3,4042,2297,2298,6,xor
3,4043,6903,6904,4,not_implied_by
3,4044,5435,5436,4,not_implied_by
3,4045,7932,7933,3,a
3,4046,5748,5749,14,not_and
3,4047,5882,5883,9,not_xor
3,4048,3920,3921,15,one
3,4049,2851,2852,2,not_implies
3,4050,2652,2653,8,not_or
3,4051,6122,6123,15,one
3,4052,7139,7140,6,xor
3,4053,5837,5838,5,b
3,4054,6614,6615,9,not_xor
3,4055,7886,7887,10,not_b
3,4056,5782,5783,1,and
3,4057,3752,3753,9,not_xor
3,4058,2748,2749,12,not_a
3,4059,5707,5708,13,implies
3,4060,1048,1049,12,not_a
3,4061,1961,1962,12,not_a
3,4062,4927,4928,10,not_b
3,4063,738,739,5,b
3,4064,4248,4249,9,not_xor
3,4065,2808,2809,3,a
3,4066,729,730,11,implied_by
3,4067,4533,4534,0,zero
3,4068,5072,5073,6,xor
3,4069,589,590,15,one
3,4070,7660,7661,0,zero
3,4071,955,956,7,or
3,4072,5097,5098,14,not_and
3,4073,6451,6452,10,not_b
3,4074,6347,6348,10,not_b
3,4075,1660,1661,11,implied_by
3,4076,3172,3173,0,zero
3,4077,2639,2640,7,or
3,4078,3455,3456,7,or
3,4079,6228,6229,3,a
3,4080,2803,2804,0,zero
3,4081,1747,1748,10,not_b
3,4082,3732,3733,10,not_b
3,4083,2570,2571,12,not_a
3,4084,979,980,15,one
3,4085,5820,5821,2,not_implies
3,4086,210,211,5,b
3,4087,2258,2259,3,a
3,4088,1110,1111,3,a
3,4089,6457,6458,1,and
3,4090,2309,2310,8,not_or
3,4091,515,516,12,not_a
3,4092,3653,3654,15,one
3,4093,6732,6733,10,not_b
3,4094,217,218,14,not_and
3,4095,5663,5664,9,not_xor
3,4096,3552,3553,3,a
3,4097,4606,4607,7,or
3,4098,2835,2836,11,implied_by
3,4099,3652,3653,3,a
3,4100,4340,4341,1,and
3,4101,3762,3763,15,one
3,4102,4410,4411,8,not_or
3,4103,182,183,10,not_b
3,4104,7391,7392,8,not_or
3,4105,2804,2805,14,not_and
3,4106,4809,4810,3,a
3,4107,6730,6731,9,not_xor
3,4108,2470,2471,11,implied_by
3,4109,3190,3191,10,not_b
3,4110,6698,6699,14,not_and
3,4111,3878,3879,4,not_implied_by
3,4112,5789,5790,0,zero
3,4113,4635,4636,5,b
3,4114,3335,3336,12,not_a
3,4115,4349,4350,3,a
3,4116,5736,5737,11,implied_by
3,4117,1860,1861,1,and
3,4118,5664,5665,2,not_implies
3,4119,5984,5985,5,b
3,4120,7365,7366,7,or
3,4121,4277,4278,3,a
3,4122,224,225,7,or
3,4123,2668,2669,3,a
3,4124,3180,3181,12,not_a
3,4125,2593,2594,6,xor
3,4126,3571,3572,2,not_implies
3,4127,6086,6087,12,not_a
3,4128,363,364,8,not_or
3,4129,4761,4762,15,one
3,4130,111,112,7,or
3,4131,5828,5829,3,a
3,4132,166,167,15,one
3,4133,2073,2074,2,not_implies
3,4134,3103,3104,9,not_xor
3,4135,3614,3615,13,implies
3,4136,784,785,6,xor
3,4137,7675,7676,12,not_a
3,4138,1337,1338,10,not_b
3,4139,4267,4268,8,not_or
3,4140,7136,7137,14,not_and
3,4141,6604,6605,5,b
3,4142,1474,1475,3,a
3,4143,3100,3101,5,b
3,4144,4453,4454,3,a
3,4145,2967,2968,0,zero
3,4146,7167,7168,5,b
3,4147,2703,2704,13,implies
3,4148,3492,3493,2,not_implies
3,4149,2072,2073,0,zero
3,4150,5440,5441,1,and
3,4151,315,316,6,xor
3,4152,1616,1617,6,xor
3,4153,1749,1750,7,or
3,4154,1290,1291,3,a
3,4155,1731,1732,6,xor
3,4156,4293,4294,15,one
3,4157,2338,2339,1,and
3,4158,4126,4127,12,not_a
3,4159,6898,6899,5,b
3,4160,1800,1801,7,or
3,4161,3933,3934,3,a
3,4162,5543,5544,14,not_and
3,4163,3612,3613,13,implies
3,4164,681,682,0,zero
3,4165,2068,2069,7,or
3,4166,6140,6141,3,a
3,4167,3821,3822,6,xor
3,4168,3020,3021,7,or
3,4169,1056,1057,15,one
3,4170,2850,2851,5,b
3,4171,6352,6353,0,zero
3,4172,3360,3361,13,implies
3,4173,6472,6473,15,one
3,4174,5166,5167,3,a
3,4175,1419,1420,0,zero
3,4176,4741,4742,10,not_b
3,4177,2033,2034,11,implied_by
3,4178,1885,1886,10,not_b
3,4179,7447,7448,13,implies
3,4180,704,705,4,not_implied_by
3,4181,229,230,6,xor
3,4182,858,859,8,not_or
3,4183,2386,2387,7,or
3,4184,1336,1337,5,b
3,4185,6860,6861,2,not_implies
3,4186,196,197,14,not_and
3,4187,7784,7785,6,xor
3,4188,7654,7655,5,b
3,4189,5861,5862,8,not_or
3,4190,5018,5019,3,a
3,4191,197,198,11,implied_by
3,4192,5534,5535,5,b
3,4193,6802,6803,14,not_and
3,4194,5096,5097,13,implies
3,4195,6983,6984,12,not_a
3,4196,1406,1407,14,not_and
3,4197,6423,6424,1,and
3,4198,188,189,10,not_b
3,4199,3951,3952,0,zero
3,4200,3093,3094,0,zero
3,4201,1868,1869,6,xor
3,4202,3177,3178,2,not_implies
3,4203,6753,6754,14,not_and
3,4204,7295,7296,14,not_and
3,4205,6339,6340,3,a
3,4206,4653,4654,7,or
3,4207,733,734,5,b
3,4208,3407,3408,11,implied_by
3,4209,7020,7021,8,not_or
3,4210,297,298,6,xor
3,4211,1853,1854,8,not_or
3,4212,3199,3200,1,and
3,4213,3188,3189,14,not_and
3,4214,6149,6150,10,not_b
3,4215,7291,7292,8,not_or
3,4216,4487,4488,13,implies
3,4217,3934,3935,4,not_implied_by
3,4218,7045,7046,5,b
3,4219,4183,4184,12,not_a
3,4220,6641,6642,5,b
3,4221,6093,6094,13,implies
3,4222,7624,7625,4,not_implied_by
3,4223,6862,6863,3,a
3,4224,2479,2480,9,not_xor
3,4225,2333,2334,8,not_or
3,4226,495,496,13,implies
3,4227,891,892,3,a
3,4228,7440,7441,9,not_xor
3,4229,4037,4038,12,not_a
3,4230,5891,5892,14,not_and
3,4231,6400,6401,5,b
3,4232,110,111,3,a
3,4233,3073,3074,0,zero
3,4234,93,94,15,one
3,4235,5454,5455,12,not_a
3,4236,4455,4456,10,not_b
3,4237,2283,2284,10,not_b
3,4238,7110,7111,3,a
3,4239,3231,3232,5,b
3,4240,7486,7487,2,not_implies
3,4241,3877,3878,13,implies
3,4242,4083,4084,11,implied_by
3,4243,3761,3762,2,not_implies
3,4244,6025,6026,3,a
3,4245,2362,2363,13,implies
3,4246,6402,6403,7,or
3,4247,1200,1201,2,not_implies
3,4248,4318,4319,4,not_implied_by
3,4249,45,46,0,zero
3,4250,2631,2632,14,not_and
3,4251,4710,4711,10,not_b
3,4252,6378,6379,13,implies
3,4253,7345,7346,3,a
3,4254,2715,2716,10,not_b
3,4255,160,161,12,not_a
3,4256,7712,7713,15,one
3,4257,2739,2740,1,and
3,4258,6804,6805,4,not_implied_by
3,4259,6760,6761,12,not_a
3,4260,6999,7000,15,one
3,4261,5912,5913,2,not_implies
3,4262,4161,4162,7,or
3,4263,2492,2493,10,not_b
3,4264,5364,5365,8,not_or
3,4265,3207,3208,3,a
3,4266,6121,6122,15,one
3,4267,1031,1032,6,xor
3,4268,3532,3533,1,and
3,4269,764,765,1,and
3,4270,2205,2206,2,not_implies
3,4271,4601,4602,6,xor
3,4272,5774,5775,12,not_a
3,4273,5631,5632,14,not_and
3,4274,3818,3819,7,or
3,4275,5254,5255,12,not_a
3,4276,1542,1543,8,not_or
3,4277,5626,5627,10,not_b
3,4278,4053,4054,11,implied_by
3,4279,5124,5125,4,not_implied_by
3,4280,1508,1509,12,not_a
3,4281,2614,2615,3,a
3,4282,1732,1733,2,not_implies
3,4283,5301,5302,10,not_b
3,4284,1718,1719,5,b
3,4285,2974,2975,12,not_a
3,4286,4144,4145,0,zero
3,4287,4751,4752,7,or
3,4288,3913,3914,3,a
3,4289,1398,1399,8,not_or
3,4290,5058,5059,0,zero
3,4291,3989,3990,8,not_or
3,4292,483,484,10,not_b
3,4293,5229,5230,4,not_implied_by
3,4294,577,578,3,a
3,4295,3194,3195,7,or
3,4296,3070,3071,3,a
3,4297,6194,6195,3,a
3,4298,6535,6536,0,zero
3,4299,2962,2963,7,or
3,4300,1039,1040,9,not_xor
3,4301,6632,6633,13,implies
3,4302,5391,5392,5,b
3,4303,103,104,3,a
3,4304,5012,5013,2,not_implies
3,4305,4266,4267,3,a
3,4306,3569,3570,4,not_implied_by
3,4307,2381,2382,13,implies
3,4308,7832,7833,5,b
3,4309,1415,1416,5,b
3,4310,1708,1709,0,zero
3,4311,3784,3785,12,not_a
3,4312,3220,3221,10,not_b
3,4313,1159,1160,12,not_a
3,4314,1624,1625,9,not_xor
3,4315,615,616,7,or
3,4316,2758,2759,3,a
3,4317,4189,4190,12,not_a
3,4318,3845,3846,6,xor
3,4319,2234,2235,10,not_b
3,4320,2462,2463,0,zero
3,4321,2154,2155,9,not_xor
3,4322,4537,4538,10,not_b
3,4323,1661,1662,12,not_a
3,4324,2745,2746,6,xor
3,4325,6958,6959,0,zero
3,4326,7240,7241,1,and
3,4327,3299,3300,13,implies
3,4328,177,178,13,implies
3,4329,7246,7247,10,not_b
3,4330,4088,4089,5,b
3,4331,7994,7995,4,not_implied_by
3,4332,6337,6338,12,not_a
3,4333,7859,7860,8,not_or
3,4334,394,395,8,not_or
3,4335,1916,1917,10,not_b
3,4336,5047,5048,9,not_xor
3,4337,4559,4560,0,zero
3,4338,4338,4339,13,implies
3,4339,6606,6607,7,or
3,4340,2730,2731,5,b
3,4341,4925,4926,12,not_a
3,4342,7352,7353,3,a
3,4343,4459,4460,13,implies
3,4344,5283,5284,2,not_implies
3,4345,6704,6705,3,a
3,4346,2523,2524,10,not_b
3,4347,1115,1116,2,not_implies
3,4348,7301,7302,0,zero
3,4349,807,808,8,not_or
3,4350,6900,6901,3,a
3,4351,1561,1562,6,xor
3,4352,7526,7527,10,not_b
3,4353,1130,1131,12,not_a
3,4354,572,573,5,b
3,4355,4153,4154,11,implied_by
3,4356,6779,6780,3,a
3,4357,940,941,13,implies
3,4358,6008,6009,9,not_xor
3,4359,5469,5470,13,implies
3,4360,3463,3464,6,xor
3,4361,2760,2761,12,not_a
3,4362,5190,5191,10,not_b
3,4363,4964,4965,11,implied_by
3,4364,5309,5310,9,not_xor
3,4365,5893,5894,8,not_or
3,4366,2322,2323,5,b
3,4367,3776,3777,13,implies
3,4368,822,823,11,implied_by
3,4369,5067,5068,12,not_a
3,4370,7320,7321,5,b
3,4371,708,709,6,xor
3,4372,5155,5156,13,implies
3,4373,2832,2833,5,b
3,4374,7221,7222,5,b
3,4375,6870,6871,13,implies
3,4376,4320,4321,2,not_implies
3,4377,5285,5286,4,not_implied_by
3,4378,4069,4070,5,b
3,4379,5184,5185,6,xor
3,4380,5389,5390,5,b
3,4381,451,452,12,not_a
3,4382,5468,5469,8,not_or
3,4383,6431,6432,3,a
3,4384,4240,4241,10,not_b
3,4385,2050,2051,7,or
3,4386,4217,4218,6,xor
3,4387,1166,1167,11,implied_by
3,4388,3107,3108,11,implied_by
3,4389,2339,2340,3,a
3,4390,392,393,8,not_or
3,4391,1665,1666,14,not_and
3,4392,5162,5163,13,implies
3,4393,3232,3233,12,not_a
3,4394,4618,4619,2,not_implies
3,4395,7072,7073,12,not_a
3,4396,4421,4422,0,zero
3,4397,6637,6638,5,b
3,4398,3711,3712,6,xor
3,4399,7796,7797,3,a
3,4400,3881,3882,0,zero
3,4401,1139,1140,1,and
3,4402,6474,6475,3,a
3,4403,6849,6850,5,b
3,4404,1468,1469,1,and
3,4405,2605,2606,5,b
3,4406,3665,3666,8,not_or
3,4407,590,591,12,not_a
3,4408,3655,3656,15,one
3,4409,1778,1779,4,not_implied_by
3,4410,4525,4526,9,not_xor
3,4411,5570,5571,3,a
3,4412,2028,2029,3,a
3,4413,5341,5342,6,xor
3,4414,1913,1914,12,not_a
3,4415,3364,3365,14,not_and
3,4416,3900,3901,14,not_and
3,4417,1365,1366,6,xor
3,4418,1712,1713,10,not_b
3,4419,4945,4946,11,implied_by
3,4420,1971,1972,11,implied_by
3,4421,2930,2931,12,not_a
3,4422,2447,2448,10,not_b
3,4423,4655,4656,10,not_b
3,4424,5040,5041,3,a
3,4425,4947,4948,12,not_a
3,4426,4939,4940,10,not_b
3,4427,3889,3890,8,not_or
3,4428,1256,1257,12,not_a
3,4429,1121,1122,10,not_b
3,4430,6127,6128,0,zero
3,4431,3460,3461,14,not_and
3,4432,4317,4318,13,implies
3,4433,523,524,3,a
3,4434,3619,3620,5,b
3,4435,7490,7491,15,one
3,4436,7739,7740,4,not_implied_by
3,4437,5247,5248,11,implied_by
3,4438,7670,7671,5,b
3,4439,880,881,10,not_b
3,4440,6979,6980,13,implies
3,4441,5503,5504,8,not_or
3,4442,1625,1626,1,and
3,4443,4951,4952,3,a
3,4444,7929,7930,10,not_b
3,4445,4370,4371,4,not_implied_by
3,4446,1963,1964,2,not_implies
3,4447,3067,3068,14,not_and
3,4448,2784,2785,8,not_or
3,4449,2285,2286,9,not_xor
3,4450,4229,4230,12,not_a
3,4451,7317,7318,10,not_b
3,4452,4128,4129,5,b
3,4453,4264,4265,3,a
3,4454,6161,6162,7,or
3,4455,1325,1326,8,not_or
3,4456,4793,4794,7,or
3,4457,2256,2257,11,implied_by
3,4458,4501,4502,10,not_b
3,4459,43,44,10,not_b
3,4460,787,788,0,zero
3,4461,7797,7798,5,b
3,4462,7946,7947,5,b
3,4463,720,721,13,implies
3,4464,1012,1013,11,implied_by
3,4465,4098,4099,11,implied_by
3,4466,3700,3701,7,or
3,4467,1830,1831,7,or
3,4468,2079,2080,8,not_or
3,4469,6922,6923,4,not_implied_by
3,4470,3805,3806,5,b
3,4471,5245,5246,5,b
3,4472,1320,1321,9,not_xor
3,4473,3760,3761,4,not_implied_by
3,4474,2848,2849,3,a
3,4475,6887,6888,7,or
3,4476,2718,2719,11,implied_by
3,4477,1849,1850,7,or
3,4478,2036,2037,1,and
3,4479,2555,2556,6,xor
3,4480,582,583,3,a
3,4481,4785,4786,5,b
3,4482,4389,4390,6,xor
3,4483,6562,6563,4,not_implied_by
3,4484,7522,7523,14,not_and
3,4485,5629,5630,10,not_b
3,4486,854,855,5,b
3,4487,2330,2331,4,not_implied_by
3,4488,4565,4566,5,b
3,4489,7434,7435,5,b
3,4490,6095,6096,5,b
3,4491,470,471,3,a
3,4492,6103,6104,14,not_and
3,4493,5456,5457,6,xor
3,4494,4324,4325,3,a
3,4495,7170,7171,10,not_b
3,4496,180,181,9,not_xor
3,4497,2270,2271,15,one
3,4498,3625,3626,2,not_implies
3,4499,5579,5580,3,a
3,4500,2287,2288,4,not_implied_by
3,4501,6717,6718,5,b
3,4502,7920,7921,14,not_and
3,4503,6100,6101,6,xor
3,4504,3766,3767,6,xor
3,4505,308,309,15,one
3,4506,3208,3209,9,not_xor
3,4507,7207,7208,6,xor
3,4508,4871,4872,0,zero
3,4509,7428,7429,11,implied_by
3,4510,3735,3736,7,or
3,4511,6709,6710,13,implies
3,4512,1716,1717,5,b
3,4513,3347,3348,13,implies
3,4514,201,202,4,not_implied_by
3,4515,3640,3641,9,not_xor
3,4516,840,841,15,one
3,4517,7062,7063,2,not_implies
3,4518,4484,4485,11,implied_by
3,4519,2679,2680,2,not_implies
3,4520,2528,2529,4,not_implied_by
3,4521,2945,2946,4,not_implied_by
3,4522,5530,5531,13,implies
3,4523,4674,4675,1,and
3,4524,2951,2952,6,xor
3,4525,7933,7934,0,zero
3,4526,838,839,10,not_b
3,4527,3804,3805,13,implies
3,4528,4086,4087,6,xor
3,4529,3605,3606,10,not_b
3,4530,639,640,1,and
3,4531,5001,5002,6,xor
3,4532,7975,7976,15,one
3,4533,2698,2699,4,not_implied_by
3,4534,2418,2419,10,not_b
3,4535,1492,1493,11,implied_by
3,4536,6961,6962,12,not_a
3,4537,5250,5251,8,not_or
3,4538,5737,5738,10,not_b
3,4539,1998,1999,10,not_b
3,4540,211,212,9,not_xor
3,4541,3312,3313,7,or
3,4542,2469,2470,15,one
3,4543,627,628,11,implied_by
3,4544,1155,1156,10,not_b
3,4545,5929,5930,3,a
3,4546,1245,1246,1,and
3,4547,7620,7621,14,not_and
3,4548,7831,7832,12,not_a
3,4549,4757,4758,2,not_implies
3,4550,7432,7433,3,a
3,4551,7754,7755,6,xor
3,4552,1062,1063,6,xor
3,4553,5676,5677,13,implies
3,4554,3371,3372,11,implied_by
3,4555,7466,7467,2,not_implies
3,4556,7242,7243,3,a
3,4557,1247,1248,15,one
3,4558,3293,3294,2,not_implies
3,4559,2988,2989,15,one
3,4560,1500,1501,6,xor
3,4561,96,97,14,not_and
3,4562,2828,2829,15,one
3,4563,2544,2545,2,not_implies
3,4564,340,341,12,not_a
3,4565,3880,3881,0,zero
3,4566,6163,6164,1,and
3,4567,1403,1404,12,not_a
3,4568,557,558,3,a
3,4569,2468,2469,13,implies
3,4570,4471,4472,7,or
3,4571,7525,7526,3,a
3,4572,2761,2762,7,or
3,4573,2890,2891,9,not_xor
3,4574,7331,7332,5,b
3,4575,2012,2013,1,and
3,4576,7491,7492,7,or
3,4577,2904,2905,12,not_a
3,4578,6930,6931,5,b
3,4579,943,944,6,xor
3,4580,2743,2744,5,b
3,4581,1184,1185,12,not_a
3,4582,4907,4908,6,xor
3,4583,1244,1245,15,one
3,4584,3480,3481,3,a
3,4585,186,187,13,implies
3,4586,3087,3088,3,a
3,4587,1446,1447,14,not_and
3,4588,4980,4981,5,b
3,4589,4873,4874,10,not_b
3,4590,595,596,5,b
3,4591,1579,1580,1,and
3,4592,2490,2491,5,b
3,4593,1617,1618,7,or
3,4594,2896,2897,4,not_implied_by
3,4595,4011,4012,7,or
3,4596,5185,5186,10,not_b
3,4597,7289,7290,9,not_xor
3,4598,4985,4986,5,b
3,4599,555,556,3,a
3,4600,6635,6636,7,or
3,4601,2141,2142,6,xor
3,4602,2855,2856,9,not_xor
3,4603,3404,3405,10,not_b
3,4604,5399,5400,0,zero
3,4605,6995,6996,9,not_xor
3,4606,1044,1045,13,implies
3,4607,2539,2540,7,or
3,4608,4305,4306,13,implies
3,4609,4948,4949,15,one
3,4610,5049,5050,2,not_implies
3,4611,6841,6842,12,not_a
3,4612,3956,3957,13,implies
3,4613,50,51,12,not_a
3,4614,7469,7470,12,not_a
3,4615,5505,5506,0,zero
3,4616,1782,1783,12,not_a
3,4617,5249,5250,2,not_implies
3,4618,7390,7391,1,and
3,4619,3271,3272,2,not_implies
3,4620,4665,4666,0,zero
3,4621,2921,2922,13,implies
3,4622,1498,1499,6,xor
3,4623,3027,3028,13,implies
3,4624,632,633,12,not_a
3,4625,7664,7665,9,not_xor
3,4626,92,93,12,not_a
3,4627,42,43,8,not_or
3,4628,2518,2519,14,not_and
3,4629,4701,4702,12,not_a
3,4630,3550,3551,2,not_implies
3,4631,7237,7238,12,not_a
3,4632,2559,2560,14,not_and
3,4633,36,37,12,not_a
3,4634,3772,3773,9,not_xor
3,4635,3399,3400,11,implied_by
3,4636,7583,7584,2,not_implies
3,4637,4077,4078,7,or
3,4638,5744,5745,2,not_implies
3,4639,1530,1531,11,implied_by
3,4640,2601,2602,10,not_b
3,4641,3300,3301,1,and
3,4642,6442,6443,10,not_b
3,4643,6538,6539,12,not_a
3,4644,3839,3840,4,not_implied_by
3,4645,780,781,2,not_implies
3,4646,3084,3085,3,a
3,4647,4351,4352,10,not_b
3,4648,2463,2464,15,one
3,4649,5802,5803,3,a
3,4650,3794,3795,15,one
3,4651,7925,7926,3,a
3,4652,3056,3057,12,not_a
3,4653,5079,5080,8,not_or
3,4654,3872,3873,12,not_a
3,4655,4851,4852,10,not_b
3,4656,3897,3898,4,not_implied_by
3,4657,6156,6157,14,not_and
3,4658,8,9,7,or
3,4659,2517,2518,5,b
3,4660,6196,6197,10,not_b
3,4661,7900,7901,10,not_b
3,4662,1226,1227,10,not_b
3,4663,3848,3849,12,not_a
3,4664,684,685,5,b
3,4665,1002,1003,3,a
3,4666,4191,4192,11,implied_by
3,4667,3064,3065,10,not_b
3,4668,6230,6231,3,a
3,4669,3233,3234,15,one
3,4670,6572,6573,8,not_or
3,4671,5668,5669,4,not_implied_by
3,4672,2255,2256,4,not_implied_by
3,4673,5865,5866,11,implied_by
3,4674,2405,2406,9,not_xor
3,4675,947,948,10,not_b
3,4676,7704,7705,5,b
3,4677,7119,7120,5,b
3,4678,6338,6339,5,b
3,4679,4425,4426,3,a
3,4680,3241,3242,10,not_b
3,4681,4444,4445,3,a
3,4682,7349,7350,3,a
3,4683,4254,4255,0,zero
3,4684,3427,3428,3,a
3,4685,5135,5136,7,or
3,4686,1641,1642,7,or
3,4687,5017,5018,3,a
3,4688,5850,5851,4,not_implied_by
3,4689,1491,1492,7,or
3,4690,6653,6654,10,not_b
3,4691,3358,3359,5,b
3,4692,7075,7076,6,xor
3,4693,7515,7516,10,not_b
3,4694,808,809,15,one
3,4695,5902,5903,12,not_a
3,4696,5169,5170,3,a
3,4697,6664,6665,15,one
3,4698,479,480,5,b
3,4699,1057,1058,3,a
3,4700,1344,1345,13,implies
3,4701,1670,1671,1,and
3,4702,2776,2777,12,not_a
3,4703,5832,5833,8,not_or
3,4704,3171,3172,12,not_a
3,4705,7685,7686,5,b
3,4706,4447,4448,3,a
3,4707,1957,1958,5,b
3,4708,4518,4519,1,and
3,4709,2843,2844,0,zero
3,4710,313,314,2,not_implies
3,4711,5416,5417,5,b
3,4712,5263,5264,6,xor
3,4713,4558,4559,8,not_or
3,4714,3566,3567,12,not_a
3,4715,2687,2688,3,a
3,4716,4116,4117,2,not_implies
3,4717,6956,6957,3,a
3,4718,4591,4592,10,not_b
3,4719,7763,7764,9,not_xor
3,4720,7771,7772,8,not_or
3,4721,5033,5034,10,not_b
3,4722,3931,3932,15,one
3,4723,1645,1646,5,b
3,4724,2816,2817,12,not_a
3,4725,6102,6103,1,and
3,4726,3127,3128,5,b
3,4727,6007,6008,12,not_a
3,4728,4856,4857,0,zero
3,4729,6124,6125,5,b
3,4730,5576,5577,3,a
3,4731,7777,7778,3,a
3,4732,2432,2433,11,implied_by
3,4733,934,935,3,a
3,4734,965,966,1,and
3,4735,6695,6696,9,not_xor
3,4736,7937,7938,9,not_xor
3,4737,3810,3811,3,a
3,4738,3940,3941,9,not_xor
3,4739,5295,5296,10,not_b
3,4740,682,683,10,not_b
3,4741,4876,4877,15,one
3,4742,5638,5639,5,b
3,4743,6014,6015,12,not_a
3,4744,1917,1918,15,one
3,4745,3636,3637,1,and
3,4746,3568,3569,13,implies
3,4747,4223,4224,7,or
3,4748,6998,6999,9,not_xor
3,4749,4021,4022,6,xor
3,4750,2876,2877,0,zero
3,4751,3478,3479,7,or
3,4752,2237,2238,10,not_b
3,4753,16,17,0,zero
3,4754,3296,3297,3,a
3,4755,6869,6870,15,one
3,4756,7191,7192,3,a
3,4757,2281,2282,8,not_or
3,4758,6202,6203,14,not_and
3,4759,6371,6372,15,one
3,4760,458,459,7,or
3,4761,2019,2020,1,and
3,4762,7443,7444,15,one
3,4763,4777,4778,11,implied_by
3,4764,3644,3645,15,one
3,4765,7400,7401,4,not_implied_by
3,4766,3581,3582,9,not_xor
3,4767,2997,2998,1,and
3,4768,4575,4576,12,not_a
3,4769,7324,7325,7,or
3,4770,7706,7707,12,not_a
3,4771,3484,3485,3,a
3,4772,827,828,4,not_implied_by
3,4773,1463,1464,9,not_xor
3,4774,4145,4146,12,not_a
3,4775,280,281,10,not_b
3,4776,7774,7775,15,one
3,4777,6090,6091,11,implied_by
3,4778,4897,4898,12,not_a
3,4779,2027,2028,10,not_b
3,4780,391,392,1,and
3,4781,5031,5032,1,and
3,4782,490,491,12,not_a
3,4783,4409,4410,2,not_implies
3,4784,6470,6471,1,and
3,4785,1975,1976,12,not_a
3,4786,1765,1766,6,xor
3,4787,3847,3848,0,zero
3,4788,7544,7545,12,not_a
3,4789,2508,2509,12,not_a
3,4790,543,544,2,not_implies
3,4791,1786,1787,10,not_b
3,4792,5671,5672,5,b
3,4793,5438,5439,8,not_or
3,4794,3789,3790,2,not_implies
3,4795,44,45,5,b
3,4796,6702,6703,11,implied_by
3,4797,2529,2530,15,one
3,4798,5875,5876,1,and
3,4799,2337,2338,7,or
3,4800,3353,3354,8,not_or
3,4801,2731,2732,12,not_a
3,4802,6092,6093,14,not_and
3,4803,2827,2828,3,a
3,4804,6331,6332,5,b
3,4805,1808,1809,12,not_a
3,4806,4892,4893,1,and
3,4807,3254,3255,5,b
3,4808,6453,6454,15,one
3,4809,129,130,9,not_xor
3,4810,6310,6311,3,a
3,4811,3978,3979,12,not_a
3,4812,2023,2024,12,not_a
3,4813,6282,6283,2,not_implies
3,4814,3899,3900,14,not_and
3,4815,6072,6073,0,zero
3,4816,3704,3705,5,b
3,4817,4123,4124,3,a
3,4818,3709,3710,13,implies
3,4819,1870,1871,15,one
3,4820,7612,7613,15,one
3,4821,3541,3542,14,not_and
3,4822,6145,6146,3,a
3,4823,1472,1473,1,and
3,4824,7740,7741,10,not_b
3,4825,7603,7604,13,implies
3,4826,4357,4358,4,not_implied_by
3,4827,6673,6674,5,b
3,4828,4424,4425,12,not_a
3,4829,7705,7706,8,not_or
3,4830,3629,3630,6,xor
3,4831,2993,2994,10,not_b
3,4832,3178,3179,5,b
3,4833,4682,4683,3,a
3,4834,810,811,15,one
3,4835,4744,4745,11,implied_by
3,4836,2844,2845,10,not_b
3,4837,522,523,13,implies
3,4838,4431,4432,5,b
3,4839,6723,6724,12,not_a
3,4840,3707,3708,10,not_b
3,4841,38,39,12,not_a
3,4842,6240,6241,12,not_a
3,4843,7425,7426,6,xor
3,4844,2627,2628,9,not_xor
3,4845,2648,2649,8,not_or
3,4846,6816,6817,8,not_or
3,4847,2318,2319,4,not_implied_by
3,4848,5718,5719,10,not_b
3,4849,3705,3706,2,not_implies
3,4850,1085,1086,10,not_b
3,4851,1876,1877,7,or
3,4852,2924,2925,13,implies
3,4853,4730,4731,12,not_a
3,4854,3168,3169,2,not_implies
3,4855,3727,3728,11,implied_by
3,4856,1919,1920,9,not_xor
3,4857,2873,2874,12,not_a
3,4858,6256,6257,13,implies
3,4859,2453,2454,10,not_b
3,4860,4033,4034,6,xor
3,4861,6178,6179,5,b
3,4862,4043,4044,6,xor
3,4863,2235,2236,10,not_b
3,4864,7862,7863,6,xor
3,4865,4044,4045,9,not_xor
3,4866,3857,3858,2,not_implies
3,4867,5191,5192,10,not_b
3,4868,3248,3249,6,xor
3,4869,5583,5584,4,not_implied_by
3,4870,7258,7259,14,not_and
3,4871,4666,4667,10,not_b
3,4872,2657,2658,7,or
3,4873,155,156,3,a
3,4874,5230,5231,10,not_b
3,4875,5589,5590,1,and
3,4876,6901,6902,8,not_or
3,4877,6138,6139,1,and
3,4878,1982,1983,3,a
3,4879,5382,5383,9,not_xor
3,4880,2563,2564,14,not_and
3,4881,5360,5361,8,not_or
3,4882,1752,1753,3,a
3,4883,2947,2948,9,not_xor
3,4884,3635,3636,5,b
3,4885,6936,6937,8,not_or
3,4886,3796,3797,15,one
3,4887,7648,7649,8,not_or
3,4888,4511,4512,5,b
3,4889,4395,4396,12,not_a
3,4890,1839,1840,14,not_and
3,4891,3487,3488,4,not_implied_by
3,4892,7699,7700,12,not_a
3,4893,5682,5683,12,not_a
3,4894,377,378,10,not_b
3,4895,894,895,15,one
3,4896,6249,6250,11,implied_by
3,4897,5334,5335,3,a
3,4898,5313,5314,3,a
3,4899,7632,7633,8,not_or
3,4900,2446,2447,12,not_a
3,4901,2885,2886,4,not_implied_by
3,4902,4329,4330,3,a
3,4903,1099,1100,10,not_b
3,4904,510,511,12,not_a
3,4905,5742,5743,3,a
3,4906,4481,4482,11,implied_by
3,4907,1537,1538,3,a
3,4908,4752,4753,10,not_b
3,4909,1581,1582,2,not_implies
3,4910,4486,4487,5,b
3,4911,4707,4708,10,not_b
3,4912,3242,3243,3,a
3,4913,4794,4795,3,a
3,4914,3361,3362,3,a
3,4915,3273,3274,8,not_or
3,4916,3927,3928,5,b
3,4917,5471,5472,12,not_a
3,4918,6899,6900,3,a
3,4919,2727,2728,7,or
3,4920,5407,5408,3,a
3,4921,2881,2882,8,not_or
3,4922,5977,5978,13,implies
3,4923,659,660,2,not_implies
3,4924,2845,2846,10,not_b
3,4925,5914,5915,6,xor
3,4926,5889,5890,11,implied_by
3,4927,5739,5740,11,implied_by
3,4928,274,275,14,not_and
3,4929,4149,4150,2,not_implies
3,4930,7220,7221,9,not_xor
3,4931,7141,7142,5,b
3,4932,976,977,5,b
3,4933,3040,3041,14,not_and
3,4934,7003,7004,14,not_and
3,4935,1471,1472,2,not_implies
3,4936,2097,2098,3,a
3,4937,4005,4006,4,not_implied_by
3,4938,3972,3973,6,xor
3,4939,3556,3557,15,one
3,4940,6027,6028,15,one
3,4941,7908,7909,10,not_b
3,4942,5703,5704,10,not_b
3,4943,7407,7408,6,xor
3,4944,968,969,10,not_b
3,4945,2626,2627,11,implied_by
3,4946,6836,6837,15,one
3,4947,2795,2796,5,b
3,4948,1757,1758,12,not_a
3,4949,5694,5695,5,b
3,4950,4668,4669,12,not_a
3,4951,2950,2951,11,implied_by
3,4952,5206,5207,10,not_b
3,4953,2179,2180,10,not_b
3,4954,6931,6932,1,and
3,4955,6462,6463,3,a
3,4956,6911,6912,11,implied_by
3,4957,2080,2081,14,not_and
3,4958,5825,5826,13,implies
3,4959,6515,6516,13,implies
3,4960,7171,7172,7,or
3,4961,4030,4031,14,not_and
3,4962,3990,3991,10,not_b
3,4963,6619,6620,11,implied_by
3,4964,4988,4989,8,not_or
3,4965,3986,3987,3,a
3,4966,411,412,5,b
3,4967,2590,2591,6,xor
3,4968,886,887,5,b
3,4969,2520,2521,12,not_a
3,4970,6706,6707,15,one
3,4971,2757,2758,3,a
3,4972,999,1000,14,not_and
3,4973,2123,2124,13,implies
3,4974,6715,6716,5,b
3,4975,4708,4709,8,not_or
3,4976,3186,3187,14,not_and
3,4977,4790,4791,10,not_b
3,4978,225,226,3,a
3,4979,893,894,4,not_implied_by
3,4980,1922,1923,10,not_b
3,4981,2371,2372,10,not_b
3,4982,7597,7598,9,not_xor
3,4983,2430,2431,13,implies
3,4984,1814,1815,10,not_b
3,4985,1192,1193,3,a
3,4986,3511,3512,6,xor
3,4987,5785,5786,4,not_implied_by
3,4988,5061,5062,1,and
3,4989,6006,6007,2,not_implies
3,4990,51,52,5,b
3,4991,1880,1881,12,not_a
3,4992,214,215,5,b
3,4993,3041,3042,9,not_xor
3,4994,3870,3871,14,not_and
3,4995,4526,4527,13,implies
3,4996,3689,3690,7,or
3,4997,5716,5717,5,b
3,4998,3258,3259,8,not_or
3,4999,6181,6182,14,not_and
3,5000,4166,4167,11,implied_by
3,5001,532,533,7,or
3,5002,304,305,1,and
3,5003,5647,5648,6,xor
3,5004,4439,4440,5,b
3,5005,4242,4243,14,not_and
3,5006,5794,5795,12,not_a
3,5007,7294,7295,15,one
3,5008,5118,5119,5,b
3,5009,4311,4312,6,xor
3,5010,5379,5380,13,implies
3,5011,4092,4093,2,not_implies
3,5012,4302,4303,3,a
3,5013,4122,4123,9,not_xor
3,5014,697,698,3,a
3,5015,2482,2483,11,implied_by
3,5016,99,100,3,a
3,5017,2414,2415,5,b
3,5018,208,209,8,not_or
3,5019,382,383,12,not_a
3,5020,1289,1290,5,b
3,5021,3829,3830,9,not_xor
3,5022,3563,3564,15,one
3,5023,2434,2435,9,not_xor
3,5024,2882,2883,10,not_b
3,5025,2051,2052,13,implies
3,5026,2853,2854,5,b
3,5027,1769,1770,15,one
3,5028,3947,3948,3,a
3,5029,4976,4977,12,not_a
3,5030,7431,7432,9,not_xor
3,5031,7198,7199,12,not_a
3,5032,78,79,12,not_a
3,5033,5109,5110,8,not_or
3,5034,680,681,15,one
3,5035,3957,3958,15,one
3,5036,6285,6286,9,not_xor
3,5037,5264,5265,10,not_b
3,5038,1228,1229,12,not_a
3,5039,5488,5489,10,not_b
3,5040,4036,4037,12,not_a
3,5041,1089,1090,4,not_implied_by
3,5042,1441,1442,5,b
3,5043,2298,2299,5,b
3,5044,5987,5988,5,b
3,5045,7342,7343,1,and
3,5046,2419,2420,13,implies
3,5047,985,986,11,implied_by
3,5048,7814,7815,7,or
3,5049,7950,7951,10,not_b
3,5050,7206,7207,5,b
3,5051,115,116,13,implies
3,5052,6814,6815,0,zero
3,5053,1249,1250,0,zero
3,5054,4347,4348,14,not_and
3,5055,760,761,8,not_or
3,5056,2336,2337,3,a
3,5057,3997,3998,4,not_implied_by
3,5058,1081,1082,4,not_implied_by
3,5059,5095,5096,3,a
3,5060,1754,1755,10,not_b
3,5061,7479,7480,9,not_xor
3,5062,5375,5376,13,implies
3,5063,2263,2264,10,not_b
3,5064,3156,3157,1,and
3,5065,5289,5290,5,b
3,5066,4414,4415,9,not_xor
3,5067,268,269,3,a
3,5068,3012,3013,10,not_b
3,5069,2169,2170,11,implied_by
3,5070,5659,5660,6,xor
3,5071,2713,2714,11,implied_by
3,5072,7399,7400,10,not_b
3,5073,7697,7698,3,a
3,5074,837,838,9,not_xor
3,5075,195,196,14,not_and
3,5076,3316,3317,7,or
3,5077,2063,2064,11,implied_by
3,5078,6257,6258,7,or
3,5079,1452,1453,2,not_implies
3,5080,6351,6352,3,a
3,5081,5862,5863,3,a
3,5082,1386,1387,5,b
3,5083,1428,1429,15,one
3,5084,3235,3236,10,not_b
3,5085,1095,1096,13,implies
3,5086,7598,7599,13,implies
3,5087,2752,2753,4,not_implied_by
3,5088,4950,4951,8,not_or
3,5089,506,507,10,not_b
3,5090,502,503,4,not_implied_by
3,5091,367,368,12,not_a
3,5092,1850,1851,13,implies
3,5093,2611,2612,12,not_a
3,5094,7751,7752,6,xor
3,5095,4528,4529,1,and
3,5096,1584,1585,10,not_b
3,5097,6525,6526,1,and
3,5098,2664,2665,11,implied_by
3,5099,5103,5104,1,and
3,5100,3397,3398,6,xor
3,5101,2604,2605,0,zero
3,5102,5734,5735,2,not_implies
3,5103,500,501,15,one
3,5104,2096,2097,10,not_b
3,5105,746,747,3,a
3,5106,3793,3794,7,or
3,5107,3136,3137,10,not_b
3,5108,7552,7553,10,not_b
3,5109,3592,3593,15,one
3,5110,5240,5241,0,zero
3,5111,1575,1576,13,implies
3,5112,6616,6617,5,b
3,5113,1183,1184,9,not_xor
3,5114,2901,2902,7,or
3,5115,4940,4941,3,a
3,5116,5991,5992,10,not_b
3,5117,4648,4649,1,and
3,5118,3675,3676,8,not_or
3,5119,5386,5387,2,not_implies
3,5120,5761,5762,15,one
3,5121,3663,3664,0,zero
3,5122,7222,7223,10,not_b
3,5123,1816,1817,5,b
3,5124,457,458,0,zero
3,5125,2209,2210,4,not_implied_by
3,5126,7117,7118,5,b
3,5127,757,758,11,implied_by
3,5128,5170,5171,9,not_xor
3,5129,6868,6869,14,not_and
3,5130,2561,2562,14,not_and
3,5131,1594,1595,10,not_b
3,5132,579,580,12,not_a
3,5133,6286,6287,0,zero
3,5134,7716,7717,11,implied_by
3,5135,5705,5706,3,a
3,5136,5234,5235,15,one
3,5137,6327,6328,8,not_or
3,5138,6392,6393,13,implies
3,5139,715,716,13,implies
3,5140,2849,2850,10,not_b
3,5141,3319,3320,9,not_xor
3,5142,294,295,5,b
3,5143,4265,4266,5,b
3,5144,4570,4571,8,not_or
3,5145,7379,7380,5,b
3,5146,2970,2971,5,b
3,5147,6840,6841,11,implied_by
3,5148,2301,2302,14,not_and
3,5149,222,223,15,one
3,5150,4953,4954,13,implies
3,5151,5003,5004,9,not_xor
3,5152,542,543,4,not_implied_by
3,5153,3217,3218,6,xor
3,5154,7052,7053,12,not_a
3,5155,7643,7644,1,and
3,5156,1815,1816,10,not_b
3,5157,1028,1029,12,not_a
3,5158,1045,1046,6,xor
3,5159,4556,4557,9,not_xor
3,5160,519,520,14,not_and
3,5161,3795,3796,5,b
3,5162,60,61,1,and
3,5163,7081,7082,12,not_a
3,5164,2201,2202,3,a
3,5165,5831,5832,5,b
3,5166,4803,4804,2,not_implies
3,5167,4495,4496,10,not_b
3,5168,3861,3862,10,not_b
3,5169,1953,1954,12,not_a
3,5170,5448,5449,1,and
3,5171,2108,2109,10,not_b
3,5172,7631,7632,7,or
3,5173,1281,1282,4,not_implied_by
3,5174,464,465,10,not_b
3,5175,4748,4749,13,implies
3,5176,1851,1852,2,not_implies
3,5177,4616,4617,10,not_b
3,5178,3355,3356,10,not_b
3,5179,5277,5278,14,not_and
3,5180,1715,1716,6,xor
3,5181,3252,3253,0,zero
3,5182,430,431,7,or
3,5183,4139,4140,15,one
3,5184,5527,5528,2,not_implies
3,5185,6919,6920,5,b
3,5186,1433,1434,7,or
3,5187,3770,3771,1,and
3,5188,3401,3402,0,zero
3,5189,5603,5604,3,a
3,5190,7584,7585,5,b
3,5191,6073,6074,5,b
3,5192,7953,7954,5,b
3,5193,3681,3682,1,and
3,5194,4433,4434,6,xor
3,5195,4253,4254,3,a
3,5196,616,617,3,a
3,5197,6951,6952,3,a
3,5198,1910,1911,13,implies
3,5199,7871,7872,15,one
3,5200,390,391,9,not_xor
3,5201,124,125,2,not_implies
3,5202,4960,4961,9,not_xor
3,5203,232,233,4,not_implied_by
3,5204,1286,1287,13,implies
3,5205,7760,7761,3,a
3,5206,5288,5289,12,not_a
3,5207,6579,6580,10,not_b
3,5208,6247,6248,10,not_b
3,5209,7409,7410,2,not_implies
3,5210,3984,3985,10,not_b
3,5211,4079,4080,5,b
3,5212,2929,2930,10,not_b
3,5213,7021,7022,10,not_b
3,5214,6743,6744,15,one
3,5215,3229,3230,4,not_implied_by
3,5216,77,78,0,zero
3,5217,4359,4360,6,xor
3,5218,6516,6517,4,not_implied_by
3,5219,3109,3110,11,implied_by
3,5220,3522,3523,12,not_a
3,5221,7202,7203,1,and
3,5222,7847,7848,14,not_and
3,5223,440,441,7,or
3,5224,4313,4314,14,not_and
3,5225,2778,2779,7,or
3,5226,2487,2488,11,implied_by
3,5227,945,946,5,b
3,5228,3412,3413,12,not_a
3,5229,7178,7179,2,not_implies
3,5230,2771,2772,14,not_and
3,5231,1383,1384,12,not_a
3,5232,3814,3815,6,xor
3,5233,4799,4800,12,not_a
3,5234,2681,2682,8,not_or
3,5235,6191,6192,0,zero
3,5236,4330,4331,14,not_and
3,5237,7627,7628,10,not_b
3,5238,6838,6839,12,not_a
3,5239,4670,4671,6,xor
3,5240,1240,1241,10,not_b
3,5241,5772,5773,8,not_or
3,5242,1412,1413,9,not_xor
3,5243,5195,5196,7,or
3,5244,144,145,0,zero
3,5245,312,313,0,zero
3,5246,6433,6434,5,b
3,5247,6267,6268,5,b
3,5248,3923,3924,11,implied_by
3,5249,7363,7364,6,xor
3,5250,7455,7456,15,one
3,5251,6167,6168,9,not_xor
3,5252,6241,6242,0,zero
3,5253,215,216,5,b
3,5254,6829,6830,8,not_or
3,5255,1235,1236,10,not_b
3,5256,4477,4478,5,b
3,5257,3313,3314,9,not_xor
3,5258,2261,2262,15,one
3,5259,2220,2221,3,a
3,5260,7924,7925,7,or
3,5261,4900,4901,10,not_b
3,5262,3381,3382,10,not_b
3,5263,3548,3549,3,a
3,5264,3228,3229,12,not_a
3,5265,2142,2143,14,not_and
3,5266,3376,3377,14,not_and
3,5267,2580,2581,12,not_a
3,5268,4212,4213,0,zero
3,5269,6691,6692,0,zero
3,5270,1745,1746,3,a
3,5271,5649,5650,10,not_b
3,5272,1456,1457,3,a
3,5273,6476,6477,15,one
3,5274,1405,1406,4,not_implied_by
3,5275,709,710,4,not_implied_by
3,5276,3204,3205,0,zero
3,5277,4034,4035,1,and
3,5278,7985,7986,4,not_implied_by
3,5279,744,745,9,not_xor
3,5280,4363,4364,1,and
3,5281,5844,5845,3,a
3,5282,7218,7219,1,and
3,5283,4721,4722,8,not_or
3,5284,2949,2950,9,not_xor
3,5285,1356,1357,10,not_b
3,5286,5168,5169,10,not_b
3,5287,6507,6508,6,xor
3,5288,3669,3670,5,b
3,5289,2860,2861,4,not_implied_by
3,5290,5693,5694,14,not_and
3,5291,3378,3379,12,not_a
3,5292,5648,5649,5,b
3,5293,605,606,2,not_implies
3,5294,1733,1734,5,b
3,5295,1131,1132,7,or
3,5296,1156,1157,7,or
3,5297,1311,1312,8,not_or
3,5298,2786,2787,10,not_b
3,5299,2226,2227,3,a
3,5300,6203,6204,1,and
3,5301,7997,7998,9,not_xor
3,5302,4738,4739,3,a
3,5303,5333,5334,5,b
3,5304,791,792,1,and
3,5305,2621,2622,1,and
3,5306,5709,5710,5,b
3,5307,7979,7980,10,not_b
3,5308,4142,4143,14,not_and
3,5309,6104,6105,14,not_and
3,5310,3996,3997,3,a
3,5311,2211,2212,10,not_b
3,5312,2746,2747,2,not_implies
3,5313,6236,6237,13,implies
3,5314,5888,5889,2,not_implies
3,5315,3908,3909,5,b
3,5316,4134,4135,6,xor
3,5317,4835,4836,7,or
3,5318,1451,1452,7,or
3,5319,1479,1480,4,not_implied_by
3,5320,1319,1320,3,a
3,5321,255,256,1,and
3,5322,4614,4615,3,a
3,5323,4227,4228,0,zero
3,5324,4779,4780,6,xor
3,5325,4836,4837,8,not_or
3,5326,3432,3433,14,not_and
3,5327,4404,4405,10,not_b
3,5328,1338,1339,14,not_and
3,5329,4661,4662,7,or
3,5330,4713,4714,2,not_implies
3,5331,4084,4085,7,or
3,5332,7839,7840,4,not_implied_by
3,5333,5252,5253,3,a
3,5334,597,598,3,a
3,5335,4174,4175,1,and
3,5336,7106,7107,5,b
3,5337,2766,2767,10,not_b
3,5338,1414,1415,3,a
3,5339,3898,3899,5,b
3,5340,563,564,4,not_implied_by
3,5341,7724,7725,14,not_and
3,5342,1763,1764,12,not_a
3,5343,2319,2320,8,not_or
3,5344,631,632,8,not_or
3,5345,5910,5911,13,implies
3,5346,2186,2187,12,not_a
3,5347,1651,1652,1,and
3,5348,3049,3050,12,not_a
3,5349,3560,3561,13,implies
3,5350,2624,2625,10,not_b
3,5351,3915,3916,10,not_b
3,5352,6624,6625,1,and
3,5353,5457,5458,0,zero
3,5354,5005,5006,1,and
3,5355,6692,6693,10,not_b
3,5356,7005,7006,3,a
3,5357,5974,5975,10,not_b
3,5358,1785,1786,3,a
3,5359,1801,1802,14,not_and
3,5360,4135,4136,9,not_xor
3,5361,3018,3019,5,b
3,5362,2716,2717,7,or
3,5363,1191,1192,6,xor
3,5364,3483,3484,10,not_b
3,5365,7534,7535,2,not_implies
3,5366,4728,4729,12,not_a
3,5367,1272,1273,3,a
3,5368,2792,2793,6,xor
3,5369,2948,2949,7,or
3,5370,1309,1310,2,not_implies
3,5371,4399,4400,3,a
3,5372,3104,3105,4,not_implied_by
3,5373,2030,2031,10,not_b
3,5374,2638,2639,14,not_and
3,5375,1004,1005,10,not_b
3,5376,6059,6060,12,not_a
3,5377,2204,2205,12,not_a
3,5378,6329,6330,6,xor
3,5379,4321,4322,11,implied_by
3,5380,1633,1634,7,or
3,5381,1151,1152,11,implied_by
3,5382,2737,2738,5,b
3,5383,5775,5776,12,not_a
3,5384,1679,1680,12,not_a
3,5385,1094,1095,12,not_a
3,5386,4768,4769,6,xor
3,5387,7837,7838,10,not_b
3,5388,7863,7864,12,not_a
3,5389,3375,3376,15,one
3,5390,2159,2160,12,not_a
3,5391,7330,7331,6,xor
3,5392,648,649,1,and
3,5393,2875,2876,10,not_b
3,5394,5639,5640,7,or
3,5395,2467,2468,0,zero
3,5396,1237,1238,12,not_a
3,5397,5610,5611,6,xor
3,5398,4440,4441,8,not_or
3,5399,1261,1262,5,b
3,5400,1775,1776,5,b
3,5401,6754,6755,5,b
3,5402,1855,1856,4,not_implied_by
3,5403,1834,1835,14,not_and
3,5404,7547,7548,7,or
3,5405,161,162,13,implies
3,5406,1242,1243,7,or
3,5407,3697,3698,5,b
3,5408,3719,3720,2,not_implies
3,5409,4138,4139,7,or
3,5410,7729,7730,6,xor
3,5411,5270,5271,1,and
3,5412,5497,5498,0,zero
3,5413,6406,6407,15,one
3,5414,6170,6171,12,not_a
3,5415,1123,1124,15,one
3,5416,2273,2274,6,xor
3,5417,1704,1705,15,one
3,5418,1758,1759,12,not_a
3,5419,6314,6315,10,not_b
3,5420,1315,1316,3,a
3,5421,5699,5700,6,xor
3,5422,4282,4283,12,not_a
3,5423,4868,4869,2,not_implies
3,5424,3800,3801,13,implies
3,5425,2610,2611,10,not_b
3,5426,3590,3591,12,not_a
3,5427,7210,7211,5,b
3,5428,3926,3927,12,not_a
3,5429,1545,1546,5,b
3,5430,2016,2017,5,b
3,5431,6910,6911,7,or
3,5432,3057,3058,10,not_b
3,5433,2719,2720,11,implied_by
3,5434,6258,6259,11,implied_by
3,5435,7071,7072,3,a
3,5436,814,815,14,not_and
3,5437,6993,6994,13,implies
3,5438,7235,7236,5,b
3,5439,7247,7248,1,and
3,5440,3151,3152,3,a
3,5441,7570,7571,6,xor
3,5442,5501,5502,10,not_b
3,5443,6938,6939,7,or
3,5444,1842,1843,10,not_b
3,5445,4690,4691,0,zero
3,5446,7351,7352,12,not_a
3,5447,2149,2150,10,not_b
3,5448,3999,4000,13,implies
3,5449,148,149,5,b
3,5450,892,893,12,not_a
3,5451,3260,3261,10,not_b
3,5452,2300,2301,0,zero
3,5453,5781,5782,8,not_or
3,5454,7745,7746,14,not_and
3,5455,2282,2283,10,not_b
3,5456,3526,3527,10,not_b
3,5457,6962,6963,1,and
3,5458,7874,7875,14,not_and
3,5459,1204,1205,3,a
3,5460,5740,5741,6,xor
3,5461,2127,2128,12,not_a
3,5462,6192,6193,15,one
3,5463,4954,4955,6,xor
3,5464,31,32,8,not_or
3,5465,895,896,10,not_b
3,5466,4679,4680,12,not_a
3,5467,41,42,3,a
3,5468,5628,5629,11,implied_by
3,5469,4657,4658,12,not_a
3,5470,4050,4051,7,or
3,5471,4099,4100,0,zero
3,5472,7725,7726,11,implied_by
3,5473,7463,7464,1,and
3,5474,3008,3009,9,not_xor
3,5475,57,58,10,not_b
3,5476,1459,1460,10,not_b
3,5477,7090,7091,10,not_b
3,5478,3270,3271,10,not_b
3,5479,2599,2600,10,not_b
3,5480,7719,7720,7,or
3,5481,2689,2690,4,not_implied_by
3,5482,6685,6686,1,and
3,5483,5842,5843,8,not_or
3,5484,4408,4409,12,not_a
3,5485,2622,2623,7,or
3,5486,2709,2710,1,and
3,5487,468,469,12,not_a
3,5488,6477,6478,5,b
3,5489,6264,6265,12,not_a
3,5490,3825,3826,0,zero
3,5491,4228,4229,3,a
3,5492,205,206,15,one
3,5493,3495,3496,4,not_implied_by
3,5494,4185,4186,9,not_xor
3,5495,1894,1895,3,a
3,5496,6098,6099,7,or
3,5497,6601,6602,13,implies
3,5498,1317,1318,4,not_implied_by
3,5499,4295,4296,9,not_xor
3,5500,3423,3424,11,implied_by
3,5501,4284,4285,2,not_implies
3,5502,1378,1379,7,or
3,5503,2460,2461,3,a
3,5504,3110,3111,1,and
3,5505,1323,1324,6,xor
3,5506,990,991,12,not_a
3,5507,1453,1454,3,a
3,5508,6114,6115,10,not_b
3,5509,254,255,10,not_b
3,5510,4888,4889,5,b
3,5511,5867,5868,8,not_or
3,5512,5339,5340,12,not_a
3,5513,2077,2078,3,a
3,5514,6524,6525,10,not_b
3,5515,4106,4107,5,b
3,5516,977,978,8,not_or
3,5517,1357,1358,14,not_and
3,5518,3162,3163,3,a
3,5519,1959,1960,15,one
3,5520,1877,1878,11,implied_by
3,5521,5885,5886,7,or
3,5522,1149,1150,11,implied_by
3,5523,5940,5941,7,or
3,5524,6631,6632,0,zero
3,5525,3357,3358,10,not_b
3,5526,303,304,14,not_and
3,5527,1618,1619,10,not_b
3,5528,5321,5322,12,not_a
3,5529,5731,5732,1,and
3,5530,554,555,4,not_implied_by
3,5531,2780,2781,6,xor
3,5532,319,320,13,implies
3,5533,105,106,10,not_b
3,5534,4574,4575,2,not_implies
3,5535,4590,4591,10,not_b
3,5536,3867,3868,12,not_a
3,5537,1789,1790,5,b
3,5538,2005,2006,1,and
3,5539,1299,1300,6,xor
3,5540,1422,1423,14,not_and
3,5541,1576,1577,9,not_xor
3,5542,6294,6295,9,not_xor
3,5543,2111,2112,7,or
3,5544,4685,4686,9,not_xor
3,5545,1171,1172,5,b
3,5546,5296,5297,6,xor
3,5547,1811,1812,0,zero
3,5548,2032,2033,8,not_or
3,5549,7459,7460,12,not_a
3,5550,2199,2200,13,implies
3,5551,4644,4645,3,a
3,5552,887,888,10,not_b
3,5553,4503,4504,9,not_xor
3,5554,6175,6176,3,a
3,5555,1511,1512,14,not_and
3,5556,4839,4840,3,a
3,5557,4746,4747,12,not_a
3,5558,6595,6596,3,a
3,5559,1387,1388,3,a
3,5560,1962,1963,10,not_b
3,5561,617,618,4,not_implied_by
3,5562,3763,3764,8,not_or
3,5563,3139,3140,2,not_implies
3,5564,6044,6045,4,not_implied_by
3,5565,534,535,5,b
3,5566,368,369,3,a
3,5567,7596,7597,12,not_a
3,5568,4039,4040,1,and
3,5569,3395,3396,5,b
3,5570,5151,5152,1,and
3,5571,6112,6113,11,implied_by
3,5572,3005,3006,1,and
3,5573,7827,7828,15,one
3,5574,7590,7591,3,a
3,5575,7765,7766,3,a
3,5576,5431,5432,0,zero
3,5577,6075,6076,8,not_or
3,5578,4563,4564,6,xor
3,5579,2693,2694,0,zero
3,5580,6393,6394,11,implied_by
3,5581,3286,3287,12,not_a
3,5582,2821,2822,3,a
3,5583,6892,6893,13,implies
3,5584,359,360,4,not_implied_by
3,5585,6362,6363,5,b
3,5586,1279,1280,12,not_a
3,5587,6245,6246,12,not_a
3,5588,629,630,12,not_a
3,5589,2863,2864,2,not_implies
3,5590,1020,1021,7,or
3,5591,6177,6178,14,not_and
3,5592,7441,7442,12,not_a
3,5593,6986,6987,13,implies
3,5594,2811,2812,3,a
3,5595,4272,4273,3,a
3,5596,4637,4638,5,b
3,5597,7102,7103,6,xor
3,5598,7569,7570,13,implies
3,5599,6907,6908,15,one
3,5600,6618,6619,4,not_implied_by
3,5601,3290,3291,15,one
3,5602,4535,4536,13,implies
3,5603,3988,3989,10,not_b
3,5604,539,540,4,not_implied_by
3,5605,2697,2698,7,or
3,5606,1774,1775,10,not_b
3,5607,5708,5709,9,not_xor
3,5608,6741,6742,0,zero
3,5609,3276,3277,8,not_or
3,5610,5153,5154,11,implied_by
3,5611,2288,2289,13,implies
3,5612,6917,6918,3,a
3,5613,7580,7581,4,not_implied_by
3,5614,6087,6088,7,or
3,5615,374,375,10,not_b
3,5616,5829,5830,8,not_or
3,5617,3756,3757,13,implies
3,5618,7445,7446,12,not_a
3,5619,5467,5468,1,and
3,5620,2683,2684,12,not_a
3,5621,7866,7867,1,and
3,5622,865,866,7,or
3,5623,6857,6858,5,b
3,5624,5726,5727,3,a
3,5625,5826,5827,1,and
3,5626,7252,7253,15,one
3,5627,5175,5176,2,not_implies
3,5628,511,512,12,not_a
3,5629,6182,6183,13,implies
3,5630,3308,3309,3,a
3,5631,4536,4537,0,zero
3,5632,3315,3316,9,not_xor
3,5633,789,790,10,not_b
3,5634,3442,3443,6,xor
3,5635,3118,3119,3,a
3,5636,6276,6277,9,not_xor
3,5637,3061,3062,5,b
3,5638,2110,2111,12,not_a
3,5639,5657,5658,12,not_a
3,5640,2940,2941,8,not_or
3,5641,7276,7277,13,implies
3,5642,7036,7037,7,or
3,5643,7088,7089,12,not_a
3,5644,7688,7689,12,not_a
3,5645,3092,3093,14,not_and
3,5646,4607,4608,8,not_or
3,5647,5758,5759,10,not_b
3,5648,3896,3897,3,a
3,5649,1766,1767,5,b
3,5650,4749,4750,5,b
3,5651,1318,1319,0,zero
3,5652,4334,4335,10,not_b
3,5653,4966,4967,10,not_b
3,5654,4457,4458,12,not_a
3,5655,3392,3393,10,not_b
3,5656,4705,4706,9,not_xor
3,5657,6275,6276,4,not_implied_by
3,5658,568,569,7,or
3,5659,5137,5138,3,a
3,5660,6677,6678,14,not_and
3,5661,7254,7255,5,b
3,5662,48,49,6,xor
3,5663,1202,1203,14,not_and
3,5664,2628,2629,5,b
3,5665,6534,6535,5,b
3,5666,4589,4590,12,not_a
3,5667,6568,6569,2,not_implies
3,5668,7452,7453,4,not_implied_by
3,5669,7105,7106,10,not_b
3,5670,7604,7605,2,not_implies
3,5671,864,865,9,not_xor
3,5672,5127,5128,5,b
3,5673,630,631,15,one
3,5674,1084,1085,5,b
3,5675,5894,5895,4,not_implied_by
3,5676,4949,4950,13,implies
3,5677,337,338,10,not_b
3,5678,5787,5788,15,one
3,5679,3031,3032,14,not_and
3,5680,5938,5939,11,implied_by
3,5681,2290,2291,3,a
3,5682,5055,5056,3,a
3,5683,2878,2879,3,a
3,5684,1822,1823,2,not_implies
3,5685,1640,1641,15,one
3,5686,850,851,3,a
3,5687,5493,5494,9,not_xor
3,5688,5496,5497,13,implies
3,5689,4081,4082,14,not_and
3,5690,6694,6695,3,a
3,5691,5878,5879,15,one
3,5692,3582,3583,10,not_b
3,5693,4652,4653,15,one
3,5694,6662,6663,4,not_implied_by
3,5695,1899,1900,6,xor
3,5696,3661,3662,13,implies
3,5697,2607,2608,10,not_b
3,5698,7899,7900,3,a
3,5699,6419,6420,12,not_a
3,5700,1590,1591,5,b
3,5701,7678,7679,14,not_and
3,5702,6209,6210,12,not_a
3,5703,2494,2495,6,xor
3,5704,5474,5475,10,not_b
3,5705,2963,2964,8,not_or
3,5706,1438,1439,12,not_a
3,5707,6427,6428,10,not_b
3,5708,913,914,5,b
3,5709,6705,6706,6,xor
3,5710,33,34,7,or
3,5711,5253,5254,5,b
3,5712,7855,7856,11,implied_by
3,5713,7402,7403,3,a
3,5714,5215,5216,10,not_b
3,5715,3479,3480,5,b
3,5716,75,76,10,not_b
3,5717,4506,4507,4,not_implied_by
3,5718,6005,6006,12,not_a
3,5719,1524,1525,6,xor
3,5720,7849,7850,7,or
3,5721,5035,5036,4,not_implied_by
3,5722,52,53,4,not_implied_by
3,5723,310,311,5,b
3,5724,6755,6756,11,implied_by
3,5725,7875,7876,8,not_or
3,5726,5544,5545,13,implies
3,5727,5236,5237,6,xor
3,5728,7497,7498,11,implied_by
3,5729,3481,3482,6,xor
3,5730,4244,4245,5,b
3,5731,429,430,8,not_or
3,5732,2384,2385,7,or
3,5733,5860,5861,10,not_b
3,5734,6450,6451,3,a
3,5735,1464,1465,5,b
3,5736,588,589,2,not_implies
3,5737,4184,4185,5,b
3,5738,2516,2517,14,not_and
3,5739,792,793,9,not_xor
3,5740,4621,4622,3,a
3,5741,6734,6735,10,not_b
3,5742,131,132,15,one
3,5743,4645,4646,3,a
3,5744,5956,5957,10,not_b
3,5745,1909,1910,5,b
3,5746,6377,6378,5,b
3,5747,4568,4569,6,xor
3,5748,1890,1891,0,zero
3,5749,6512,6513,8,not_or
3,5750,6585,6586,1,and
3,5751,5760,5761,8,not_or
3,5752,4148,4149,14,not_and
3,5753,1070,1071,15,one
3,5754,1988,1989,3,a
3,5755,6051,6052,8,not_or
3,5756,6651,6652,12,not_a
3,5757,4221,4222,0,zero
3,5758,3331,3332,11,implied_by
3,5759,6665,6666,13,implies
3,5760,6861,6862,5,b
3,5761,1096,1097,5,b
3,5762,6711,6712,9,not_xor
3,5763,6263,6264,1,and
3,5764,6492,6493,4,not_implied_by
3,5765,1037,1038,8,not_or
3,5766,6833,6834,2,not_implies
3,5767,290,291,11,implied_by
3,5768,3533,3534,1,and
3,5769,4622,4623,3,a
3,5770,6225,6226,8,not_or
3,5771,4664,4665,13,implies
3,5772,2932,2933,3,a
3,5773,5314,5315,10,not_b
3,5774,2836,2837,13,implies
3,5775,612,613,2,not_implies
3,5776,3890,3891,2,not_implies
3,5777,4532,4533,4,not_implied_by
3,5778,4686,4687,9,not_xor
3,5779,4894,4895,13,implies
3,5780,4599,4600,1,and
3,5781,6348,6349,12,not_a
3,5782,5481,5482,5,b
3,5783,428,429,3,a
3,5784,6313,6314,9,not_xor
3,5785,5479,5480,10,not_b
3,5786,3042,3043,14,not_and
3,5787,7347,7348,12,not_a
3,5788,1152,1153,1,and
3,5789,2680,2681,1,and
3,5790,1595,1596,12,not_a
3,5791,2831,2832,1,and
3,5792,4350,4351,11,implied_by
3,5793,2899,2900,12,not_a
3,5794,2541,2542,6,xor
3,5795,1137,1138,13,implies
3,5796,1612,1613,10,not_b
3,5797,730,731,5,b
3,5798,7278,7279,7,or
3,5799,2349,2350,3,a
3,5800,2229,2230,6,xor
3,5801,5773,5774,5,b
3,5802,6237,6238,3,a
3,5803,806,807,7,or
3,5804,5751,5752,11,implied_by
3,5805,4520,4521,5,b
3,5806,5803,5804,6,xor
3,5807,3520,3521,2,not_implies
3,5808,3411,3412,10,not_b
3,5809,3600,3601,5,b
3,5810,2584,2585,7,or
3,5811,7421,7422,0,zero
3,5812,3325,3326,3,a
3,5813,601,602,2,not_implies
3,5814,3578,3579,12,not_a
3,5815,4114,4115,1,and
3,5816,5944,5945,12,not_a
3,5817,7303,7304,2,not_implies
3,5818,3692,3693,14,not_and
3,5819,4885,4886,12,not_a
3,5820,1050,1051,6,xor
3,5821,4884,4885,8,not_or
3,5822,1186,1187,6,xor
3,5823,7154,7155,5,b
3,5824,6503,6504,11,implied_by
3,5825,5729,5730,12,not_a
3,5826,1209,1210,5,b
3,5827,247,248,7,or
3,5828,5771,5772,9,not_xor
3,5829,3224,3225,14,not_and
3,5830,267,268,1,and
3,5831,3782,3783,11,implied_by
3,5832,7208,7209,5,b
3,5833,286,287,12,not_a
3,5834,4303,4304,6,xor
3,5835,6634,6635,3,a
3,5836,4402,4403,6,xor
3,5837,6720,6721,14,not_and
3,5838,2762,2763,14,not_and
3,5839,6382,6383,3,a
3,5840,2153,2154,10,not_b
3,5841,6011,6012,8,not_or
3,5842,5923,5924,12,not_a
3,5843,7386,7387,3,a
3,5844,7053,7054,12,not_a
3,5845,525,526,3,a
3,5846,5262,5263,6,xor
3,5847,1330,1331,10,not_b
3,5848,4146,4147,12,not_a
3,5849,7919,7920,13,implies
3,5850,6646,6647,7,or
3,5851,1603,1604,4,not_implied_by
3,5852,3068,3069,11,implied_by
3,5853,7309,7310,3,a
3,5854,3327,3328,3,a
3,5855,6148,6149,13,implies
3,5856,3820,3821,7,or
3,5857,321,322,9,not_xor
3,5858,1743,1744,13,implies
3,5859,3892,3893,12,not_a
3,5860,526,527,11,implied_by
3,5861,6842,6843,5,b
3,5862,4118,4119,15,one
3,5863,4887,4888,2,not_implies
3,5864,1759,1760,3,a
3,5865,2858,2859,13,implies
3,5866,5038,5039,5,b
3,5867,2654,2655,6,xor
3,5868,7279,7280,11,implied_by
3,5869,7290,7291,10,not_b
3,5870,5727,5728,11,implied_by
3,5871,7086,7087,11,implied_by
3,5872,5540,5541,8,not_or
3,5873,1013,1014,4,not_implied_by
3,5874,3554,3555,1,and
3,5875,1006,1007,3,a
3,5876,6053,6054,12,not_a
3,5877,6638,6639,2,not_implies
3,5878,2225,2226,8,not_or
3,5879,6243,6244,12,not_a
3,5880,4467,4468,3,a
3,5881,2267,2268,14,not_and
3,5882,2696,2697,1,and
3,5883,3302,3303,10,not_b
3,5884,1146,1147,1,and
3,5885,4555,4556,12,not_a
3,5886,1161,1162,1,and
3,5887,4262,4263,5,b
3,5888,753,754,12,not_a
3,5889,5846,5847,10,not_b
3,5890,1353,1354,2,not_implies
3,5891,5515,5516,6,xor
3,5892,5933,5934,9,not_xor
3,5893,6002,6003,9,not_xor
3,5894,3962,3963,4,not_implied_by
3,5895,3710,3711,3,a
3,5896,6039,6040,6,xor
3,5897,3373,3374,14,not_and
3,5898,5048,5049,5,b
3,5899,3696,3697,2,not_implies
3,5900,3201,3202,3,a
3,5901,104,105,10,not_b
3,5902,3627,3628,7,or
3,5903,6912,6913,4,not_implied_by
3,5904,1106,1107,3,a
3,5905,4810,4811,0,zero
3,5906,1046,1047,5,b
3,5907,6777,6778,6,xor
3,5908,5336,5337,9,not_xor
3,5909,6810,6811,10,not_b
3,5910,328,329,3,a
3,5911,1896,1897,13,implies
3,5912,246,247,11,implied_by
3,5913,2014,2015,11,implied_by
3,5914,6238,6239,1,and
3,5915,7115,7116,8,not_or
3,5916,4910,4911,5,b
3,5917,7273,7274,14,not_and
3,5918,1175,1176,9,not_xor
3,5919,7628,7629,6,xor
3,5920,2408,2409,7,or
3,5921,1835,1836,15,one
3,5922,4905,4906,2,not_implies
3,5923,7389,7390,2,not_implies
3,5924,6529,6530,1,and
3,5925,417,418,5,b
3,5926,2971,2972,13,implies
3,5927,4848,4849,15,one
3,5928,7384,7385,0,zero
3,5929,53,54,7,or
3,5930,1360,1361,3,a
3,5931,3218,3219,3,a
3,5932,2329,2330,11,implied_by
3,5933,4450,4451,9,not_xor
3,5934,6984,6985,10,not_b
3,5935,2569,2570,12,not_a
3,5936,4093,4094,5,b
3,5937,606,607,9,not_xor
3,5938,2695,2696,4,not_implied_by
3,5939,574,575,0,zero
3,5940,1305,1306,5,b
3,5941,2557,2558,1,and
3,5942,1264,1265,4,not_implied_by
3,5943,3985,3986,13,implies
3,5944,6081,6082,6,xor
3,5945,2576,2577,0,zero
3,5946,5749,5750,10,not_b
3,5947,3657,3658,15,one
3,5948,5909,5910,1,and
3,5949,7517,7518,7,or
3,5950,2788,2789,3,a
3,5951,7358,7359,14,not_and
3,5952,4935,4936,11,implied_by
3,5953,3786,3787,15,one
3,5954,2504,2505,5,b
3,5955,7981,7982,12,not_a
3,5956,2966,2967,13,implies
3,5957,6977,6978,4,not_implied_by
3,5958,3929,3930,8,not_or
3,5959,5507,5508,5,b
3,5960,5057,5058,9,not_xor
3,5961,1313,1314,11,implied_by
3,5962,5833,5834,11,implied_by
3,5963,3588,3589,11,implied_by
3,5964,7149,7150,3,a
3,5965,6480,6481,5,b
3,5966,3754,3755,15,one
3,5967,6992,6993,5,b
3,5968,2150,2151,10,not_b
3,5969,1875,1876,14,not_and
3,5970,6213,6214,2,not_implies
3,5971,4943,4944,5,b
3,5972,275,276,4,not_implied_by
3,5973,2732,2733,10,not_b
3,5974,3437,3438,5,b
3,5975,3465,3466,3,a
3,5976,2656,2657,3,a
3,5977,5551,5552,5,b
3,5978,3779,3780,6,xor
3,5979,600,601,12,not_a
3,5980,3802,3803,5,b
3,5981,4046,4047,5,b
3,5982,1920,1921,11,implied_by
3,5983,984,985,12,not_a
3,5984,3606,3607,7,or
3,5985,3501,3502,7,or
3,5986,7969,7970,10,not_b
3,5987,1938,1939,8,not_or
3,5988,4720,4721,12,not_a
3,5989,1416,1417,5,b
3,5990,5397,5398,13,implies
3,5991,364,365,12,not_a
3,5992,7611,7612,12,not_a
3,5993,4250,4251,10,not_b
3,5994,7825,7826,14,not_and
3,5995,4322,4323,14,not_and
3,5996,5413,5414,10,not_b
3,5997,4847,4848,1,and
3,5998,7085,7086,10,not_b
3,5999,3561,3562,13,implies
3,6000,5717,5718,3,a
3,6001,1553,1554,15,one
3,6002,5013,5014,10,not_b
3,6003,6594,6595,10,not_b
3,6004,126,127,7,or
3,6005,1721,1722,3,a
3,6006,3219,3220,12,not_a
3,6007,244,245,11,implied_by
3,6008,6591,6592,14,not_and
3,6009,5337,5338,11,implied_by
3,6010,7285,7286,6,xor
3,6011,169,170,5,b
3,6012,4251,4252,14,not_and
3,6013,7951,7952,6,xor
3,6014,6054,6055,14,not_and
3,6015,4176,4177,10,not_b
3,6016,4233,4234,10,not_b
3,6017,7680,7681,1,and
3,6018,226,227,4,not_implied_by
3,6019,2969,2970,14,not_and
3,6020,7840,7841,4,not_implied_by
3,6021,3106,3107,7,or
3,6022,5511,5512,12,not_a
3,6023,4542,4543,9,not_xor
3,6024,4594,4595,14,not_and
3,6025,1688,1689,1,and
3,6026,7845,7846,13,implies
3,6027,2888,2889,10,not_b
3,6028,5113,5114,1,and
3,6029,3253,3254,0,zero
3,6030,716,717,1,and
3,6031,6495,6496,3,a
3,6032,4468,4469,3,a
3,6033,6307,6308,7,or
3,6034,7715,7716,6,xor
3,6035,6825,6826,11,implied_by
3,6036,6274,6275,15,one
3,6037,2796,2797,0,zero
3,6038,7292,7293,1,and
3,6039,5315,5316,8,not_or
3,6040,7017,7018,13,implies
3,6041,5485,5486,6,xor
3,6042,47,48,4,not_implied_by
3,6043,6290,6291,13,implies
3,6044,7690,7691,8,not_or
3,6045,4304,4305,14,not_and
3,6046,1535,1536,6,xor
3,6047,5178,5179,3,a
3,6048,4919,4920,11,implied_by
3,6049,5158,5159,12,not_a
3,6050,7538,7539,8,not_or
3,6051,5712,5713,10,not_b
3,6052,1840,1841,0,zero
3,6053,6445,6446,12,not_a
3,6054,4273,4274,11,implied_by
3,6055,427,428,14,not_and
3,6056,7203,7204,3,a
3,6057,6058,6059,10,not_b
3,6058,250,251,5,b
3,6059,4490,4491,0,zero
3,6060,5260,5261,14,not_and
3,6061,677,678,15,one
3,6062,56,57,5,b
3,6063,4928,4929,1,and
3,6064,2117,2118,3,a
3,6065,4886,4887,11,implied_by
3,6066,498,499,8,not_or
3,6067,122,123,1,and
3,6068,5374,5375,9,not_xor
3,6069,2176,2177,12,not_a
3,6070,1931,1932,5,b
3,6071,4274,4275,10,not_b
3,6072,2178,2179,11,implied_by
3,6073,2510,2511,2,not_implies
3,6074,676,677,2,not_implies
3,6075,7630,7631,13,implies
3,6076,7341,7342,5,b
3,6077,4001,4002,5,b
3,6078,3116,3117,2,not_implies
3,6079,7558,7559,12,not_a
3,6080,5854,5855,10,not_b
3,6081,1586,1587,7,or
3,6082,4279,4280,1,and
3,6083,4740,4741,13,implies
3,6084,3917,3918,13,implies
3,6085,992,993,3,a
3,6086,2105,2106,3,a
3,6087,701,702,5,b
3,6088,7157,7158,14,not_and
3,6089,5658,5659,1,and
3,6090,2208,2209,4,not_implied_by
3,6091,289,290,14,not_and
3,6092,5119,5120,3,a
3,6093,3250,3251,13,implies
3,6094,1485,1486,4,not_implied_by
3,6095,1277,1278,3,a
3,6096,5916,5917,8,not_or
3,6097,5424,5425,5,b
3,6098,2374,2375,12,not_a
3,6099,5580,5581,11,implied_by
3,6100,4629,4630,6,xor
3,6101,1969,1970,10,not_b
3,6102,5427,5428,3,a
3,6103,3835,3836,12,not_a
3,6104,873,874,9,not_xor
3,6105,6224,6225,5,b
3,6106,5905,5906,7,or
3,6107,459,460,13,implies
3,6108,4610,4611,12,not_a
3,6109,5853,5854,1,and
3,6110,5675,5676,10,not_b
3,6111,1296,1297,10,not_b
3,6112,6886,6887,3,a
3,6113,6985,6986,12,not_a
3,6114,6429,6430,14,not_and
3,6115,2887,2888,3,a
3,6116,5025,5026,6,xor
3,6117,2325,2326,2,not_implies
3,6118,635,636,10,not_b
3,6119,5683,5684,5,b
3,6120,516,517,3,a
3,6121,7381,7382,3,a
3,6122,1167,1168,7,or
3,6123,4726,4727,9,not_xor
3,6124,4534,4535,3,a
3,6125,2939,2940,7,or
3,6126,5670,5671,6,xor
3,6127,3838,3839,12,not_a
3,6128,4381,4382,5,b
3,6129,1172,1173,13,implies
3,6130,6526,6527,1,and
3,6131,1852,1853,3,a
3,6132,4406,4407,15,one
3,6133,4035,4036,11,implied_by
3,6134,6575,6576,5,b
3,6135,5630,5631,13,implies
3,6136,1361,1362,14,not_and
3,6137,3328,3329,8,not_or
3,6138,1098,1099,7,or
3,6139,5546,5547,13,implies
3,6140,6266,6267,6,xor
3,6141,1514,1515,8,not_or
3,6142,6920,6921,0,zero
3,6143,6174,6175,5,b
3,6144,7111,7112,12,not_a
3,6145,521,522,2,not_implies
3,6146,2250,2251,8,not_or
3,6147,1995,1996,8,not_or
3,6148,628,629,5,b
3,6149,1341,1342,12,not_a
3,6150,7013,7014,3,a
3,6151,6030,6031,7,or
3,6152,2655,2656,0,zero
3,6153,1826,1827,8,not_or
3,6154,6120,6121,13,implies
3,6155,959,960,1,and
3,6156,1518,1519,14,not_and
3,6157,6757,6758,12,not_a
3,6158,6923,6924,7,or
3,6159,6924,6925,7,or
3,6160,2635,2636,10,not_b
3,6161,1552,1553,14,not_and
3,6162,4521,4522,13,implies
3,6163,7887,7888,15,one
3,6164,7922,7923,7,or
3,6165,5887,5888,3,a
3,6166,432,433,10,not_b
3,6167,6615,6616,14,not_and
3,6168,3826,3827,3,a
3,6169,5520,5521,6,xor
3,6170,84,85,6,xor
3,6171,1454,1455,9,not_xor
3,6172,1921,1922,5,b
3,6173,3891,3892,4,not_implied_by
3,6174,2190,2191,15,one
3,6175,7618,7619,3,a
3,6176,2632,2633,3,a
3,6177,556,557,5,b
3,6178,6878,6879,5,b
3,6179,4952,4953,3,a
3,6180,76,77,7,or
3,6181,1308,1309,4,not_implied_by
3,6182,7744,7745,13,implies
3,6183,1375,1376,8,not_or
3,6184,1310,1311,6,xor
3,6185,5173,5174,3,a
3,6186,6612,6613,11,implied_by
3,6187,7332,7333,7,or
3,6188,2895,2896,6,xor
3,6189,5572,5573,5,b
3,6190,1637,1638,3,a
3,6191,3914,3915,14,not_and
3,6192,4442,4443,10,not_b
3,6193,1673,1674,10,not_b
3,6194,6987,6988,5,b
3,6195,7089,7090,5,b
3,6196,3903,3904,11,implied_by
3,6197,1010,1011,5,b
3,6198,1078,1079,1,and
3,6199,1644,1645,1,and
3,6200,5311,5312,15,one
3,6201,1571,1572,10,not_b
3,6202,5394,5395,8,not_or
3,6203,7261,7262,5,b
3,6204,4989,4990,9,not_xor
3,6205,2503,2504,12,not_a
3,6206,4849,4850,10,not_b
3,6207,3128,3129,6,xor
3,6208,5410,5411,12,not_a
3,6209,7173,7174,12,not_a
3,6210,4704,4705,9,not_xor
3,6211,6028,6029,12,not_a
3,6212,2232,2233,1,and
3,6213,7813,7814,3,a
3,6214,3497,3498,13,implies
3,6215,1793,1794,10,not_b
3,6216,4491,4492,14,not_and
3,6217,805,806,11,implied_by
3,6218,3155,3156,3,a
3,6219,413,414,12,not_a
3,6220,3841,3842,5,b
3,6221,5021,5022,12,not_a
3,6222,1541,1542,14,not_and
3,6223,3246,3247,3,a
3,6224,6548,6549,14,not_and
3,6225,2396,2397,3,a
3,6226,239,240,2,not_implies
3,6227,1783,1784,8,not_or
3,6228,5978,5979,0,zero
3,6229,5221,5222,8,not_or
3,6230,4010,4011,12,not_a
3,6231,2726,2727,4,not_implied_by
3,6232,546,547,13,implies
3,6233,5433,5434,12,not_a
3,6234,6365,6366,3,a
3,6235,2444,2445,7,or
3,6236,4167,4168,8,not_or
3,6237,5809,5810,14,not_and
3,6238,5992,5993,3,a
3,6239,6262,6263,9,not_xor
3,6240,7563,7564,3,a
3,6241,5197,5198,7,or
3,6242,1430,1431,10,not_b
3,6243,4672,4673,10,not_b
3,6244,4361,4362,13,implies
3,6245,5558,5559,12,not_a
3,6246,4000,4001,8,not_or
3,6247,7186,7187,8,not_or
3,6248,7164,7165,9,not_xor
3,6249,5644,5645,12,not_a
3,6250,4216,4217,10,not_b
3,6251,2148,2149,0,zero
3,6252,7578,7579,5,b
3,6253,335,336,5,b
3,6254,4514,4515,2,not_implies
3,6255,2830,2831,13,implies
3,6256,6074,6075,5,b
3,6257,7091,7092,4,not_implied_by
3,6258,137,138,5,b
3,6259,5599,5600,1,and
3,6260,1591,1592,5,b
3,6261,3836,3837,12,not_a
3,6262,184,185,3,a
3,6263,5228,5229,8,not_or
3,6264,5643,5644,7,or
3,6265,6467,6468,9,not_xor
3,6266,4628,4629,10,not_b
3,6267,6435,6436,6,xor
3,6268,4754,4755,6,xor
3,6269,3517,3518,10,not_b
3,6270,3527,3528,8,not_or
3,6271,969,970,0,zero
3,6272,2552,2553,11,implied_by
3,6273,6449,6450,8,not_or
3,6274,7027,7028,14,not_and
3,6275,1040,1041,14,not_and
3,6276,4333,4334,5,b
3,6277,1719,1720,3,a
3,6278,994,995,1,and
3,6279,7474,7475,3,a
3,6280,7636,7637,7,or
3,6281,586,587,10,not_b
3,6282,4456,4457,5,b
3,6283,357,358,13,implies
3,6284,1064,1065,5,b
3,6285,2633,2634,2,not_implies
3,6286,4076,4077,15,one
3,6287,3736,3737,2,not_implies
3,6288,7083,7084,1,and
3,6289,3764,3765,12,not_a
3,6290,7883,7884,2,not_implies
3,6291,2571,2572,9,not_xor
3,6292,7702,7703,15,one
3,6293,1847,1848,13,implies
3,6294,7826,7827,3,a
3,6295,2824,2825,10,not_b
3,6296,0,1,1,and
3,6297,4476,4477,13,implies
3,6298,5146,5147,5,b
3,6299,7894,7895,11,implied_by
3,6300,5317,5318,9,not_xor
3,6301,3500,3501,9,not_xor
3,6302,6110,6111,6,xor
3,6303,2356,2357,14,not_and
3,6304,1706,1707,12,not_a
3,6305,2216,2217,3,a
3,6306,1820,1821,8,not_or
3,6307,1427,1428,3,a
3,6308,3928,3929,12,not_a
3,6309,1340,1341,5,b
3,6310,2751,2752,10,not_b
3,6311,249,250,5,b
3,6312,3645,3646,6,xor
3,6313,5132,5133,4,not_implied_by
3,6314,5513,5514,4,not_implied_by
3,6315,578,579,13,implies
3,6316,1983,1984,2,not_implies
3,6317,2382,2383,14,not_and
3,6318,2118,2119,1,and
3,6319,4496,4497,3,a
3,6320,1950,1951,3,a
3,6321,7918,7919,13,implies
3,6322,7579,7580,6,xor
3,6323,4480,4481,8,not_or
3,6324,1222,1223,12,not_a
3,6325,6721,6722,3,a
3,6326,5473,5474,8,not_or
3,6327,2670,2671,8,not_or
3,6328,5514,5515,3,a
3,6329,5367,5368,1,and
3,6330,570,571,5,b
3,6331,4454,4455,5,b
3,6332,4238,4239,2,not_implies
3,6333,2472,2473,2,not_implies
3,6334,5306,5307,13,implies
3,6335,2759,2760,5,b
3,6336,4863,4864,14,not_and
3,6337,6610,6611,7,or
3,6338,1435,1436,9,not_xor
3,6339,2253,2254,10,not_b
3,6340,6147,6148,10,not_b
3,6341,4343,4344,15,one
3,6342,6261,6262,11,implied_by
3,6343,5998,5999,3,a
3,6344,6360,6361,5,b
3,6345,3902,3903,8,not_or
3,6346,5870,5871,9,not_xor
3,6347,301,302,8,not_or
3,6348,2065,2066,12,not_a
3,6349,2791,2792,10,not_b
3,6350,164,165,10,not_b
3,6351,7346,7347,10,not_b
3,6352,2741,2742,9,not_xor
3,6353,7530,7531,5,b
3,6354,1770,1771,5,b
3,6355,740,741,7,or
3,6356,1466,1467,14,not_and
3,6357,3011,3012,13,implies
3,6358,4881,4882,4,not_implied_by
3,6359,5851,5852,10,not_b
3,6360,7964,7965,2,not_implies
3,6361,4288,4289,8,not_or
3,6362,6633,6634,13,implies
3,6363,4879,4880,4,not_implied_by
3,6364,6722,6723,12,not_a
3,6365,4073,4074,1,and
3,6366,3555,3556,7,or
3,6367,6726,6727,12,not_a
3,6368,3785,3786,5,b
3,6369,3827,3828,3,a
3,6370,7156,7157,10,not_b
3,6371,2461,2462,5,b
3,6372,3288,3289,4,not_implied_by
3,6373,4640,4641,1,and
3,6374,1970,1971,9,not_xor
3,6375,6663,6664,5,b
3,6376,6712,6713,10,not_b
3,6377,851,852,10,not_b
3,6378,845,846,8,not_or
3,6379,5152,5153,6,xor
3,6380,6424,6425,8,not_or
3,6381,5231,5232,3,a
3,6382,6487,6488,2,not_implies
3,6383,6725,6726,5,b
3,6384,1784,1785,3,a
3,6385,745,746,13,implies
3,6386,6315,6316,12,not_a
3,6387,2056,2057,13,implies
3,6388,1599,1600,4,not_implied_by
3,6389,1949,1950,8,not_or
3,6390,6397,6398,11,implied_by
3,6391,623,624,10,not_b
3,6392,3529,3530,10,not_b
3,6393,611,612,1,and
3,6394,7230,7231,6,xor
3,6395,7031,7032,13,implies
3,6396,5518,5519,5,b
3,6397,6657,6658,5,b
3,6398,944,945,2,not_implies
3,6399,2284,2285,2,not_implies
3,6400,4110,4111,1,and
3,6401,2254,2255,9,not_xor
3,6402,4297,4298,12,not_a
3,6403,1214,1215,10,not_b
3,6404,2554,2555,10,not_b
3,6405,2119,2120,8,not_or
3,6406,5792,5793,12,not_a
3,6407,5418,5419,13,implies
3,6408,7010,7011,5,b
3,6409,4997,4998,5,b
3,6410,4552,4553,3,a
3,6411,2505,2506,3,a
3,6412,5141,5142,10,not_b
3,6413,1019,1020,11,implied_by
3,6414,4198,4199,0,zero
3,6415,2370,2371,10,not_b
3,6416,860,861,8,not_or
3,6417,6158,6159,3,a
3,6418,2666,2667,11,implied_by
3,6419,6426,6427,0,zero
3,6420,5177,5178,9,not_xor
3,6421,7943,7944,11,implied_by
3,6422,7700,7701,7,or
3,6423,361,362,6,xor
3,6424,7804,7805,11,implied_by
3,6425,2542,2543,7,or
3,6426,6309,6310,11,implied_by
3,6427,4164,4165,8,not_or
3,6428,3729,3730,11,implied_by
3,6429,914,915,5,b
3,6430,2678,2679,10,not_b
3,6431,6394,6395,8,not_or
3,6432,2640,2641,5,b
3,6433,4959,4960,12,not_a
3,6434,1685,1686,14,not_and
3,6435,1551,1552,6,xor
3,6436,3354,3355,10,not_b
3,6437,1220,1221,5,b
3,6438,5852,5853,12,not_a
3,6439,5866,5867,14,not_and
3,6440,6229,6230,7,or
3,6441,770,771,6,xor
3,6442,1527,1528,8,not_or
3,6443,7500,7501,13,implies
3,6444,3819,3820,12,not_a
3,6445,6971,6972,10,not_b
3,6446,6740,6741,2,not_implies
3,6447,1129,1130,5,b
3,6448,2433,2434,7,or
3,6449,5674,5675,12,not_a
3,6450,6022,6023,15,one
3,6451,3699,3700,12,not_a
3,6452,5092,5093,11,implied_by
3,6453,322,323,5,b
3,6454,7293,7294,9,not_xor
3,6455,5706,5707,0,zero
3,6456,7415,7416,5,b
3,6457,4245,4246,6,xor
3,6458,1666,1667,5,b
3,6459,4177,4178,4,not_implied_by
3,6460,1705,1706,9,not_xor
3,6461,980,981,9,not_xor
3,6462,5023,5024,3,a
3,6463,7835,7836,3,a
3,6464,3750,3751,0,zero
3,6465,7651,7652,5,b
3,6466,6153,6154,3,a
3,6467,3370,3371,14,not_and
3,6468,7423,7424,12,not_a
3,6469,6413,6414,13,implies
3,6470,6605,6606,11,implied_by
3,6471,7936,7937,3,a
3,6472,6320,6321,8,not_or
3,6473,1373,1374,9,not_xor
3,6474,1519,1520,1,and
3,6475,2729,2730,2,not_implies
3,6476,7297,7298,6,xor
3,6477,5814,5815,5,b
3,6478,5211,5212,7,or
3,6479,2509,2510,15,one
3,6480,2317,2318,3,a
3,6481,1566,1567,12,not_a
3,6482,7244,7245,12,not_a
3,6483,3718,3719,12,not_a
3,6484,4737,4738,6,xor
3,6485,7635,7636,2,not_implies
3,6486,332,333,2,not_implies
3,6487,1234,1235,3,a
3,6488,1068,1069,9,not_xor
3,6489,6883,6884,9,not_xor
3,6490,549,550,10,not_b
3,6491,609,610,11,implied_by
3,6492,6367,6368,5,b
3,6493,5746,5747,5,b
3,6494,2265,2266,12,not_a
3,6495,4735,4736,14,not_and
3,6496,4723,4724,12,not_a
3,6497,1274,1275,2,not_implies
3,6498,6205,6206,6,xor
3,6499,3977,3978,4,not_implied_by
3,6500,2060,2061,12,not_a
3,6501,783,784,6,xor
3,6502,94,95,7,or
3,6503,2152,2153,3,a
3,6504,5134,5135,12,not_a
3,6505,3765,3766,6,xor
3,6506,6853,6854,11,implied_by
3,6507,6913,6914,10,not_b
3,6508,1515,1516,12,not_a
3,6509,3383,3384,1,and
3,6510,1659,1660,12,not_a
3,6511,1445,1446,5,b
3,6512,5811,5812,3,a
3,6513,489,490,2,not_implies
3,6514,4958,4959,10,not_b
3,6515,1065,1066,7,or
3,6516,7535,7536,0,zero
3,6517,870,871,4,not_implied_by
3,6518,6890,6891,10,not_b
3,6519,1083,1084,2,not_implies
3,6520,3874,3875,8,not_or
3,6521,2195,2196,12,not_a
3,6522,5182,5183,1,and
3,6523,1465,1466,10,not_b
3,6524,7510,7511,1,and
3,6525,4867,4868,1,and
3,6526,836,837,14,not_and
3,6527,1748,1749,6,xor
3,6528,1163,1164,9,not_xor
3,6529,4280,4281,1,and
3,6530,6415,6416,15,one
3,6531,5687,5688,10,not_b
3,6532,3424,3425,7,or
3,6533,419,420,6,xor
3,6534,6244,6245,11,implied_by
3,6535,3544,3545,0,zero
3,6536,4711,4712,3,a
3,6537,2340,2341,8,not_or
3,6538,2174,2175,12,not_a
3,6539,252,253,5,b
3,6540,5362,5363,10,not_b
3,6541,3032,3033,0,zero
3,6542,848,849,9,not_xor
3,6543,1307,1308,5,b
3,6544,3428,3429,12,not_a
3,6545,6023,6024,3,a
3,6546,6273,6274,10,not_b
3,6547,3142,3143,2,not_implies
3,6548,6746,6747,4,not_implied_by
3,6549,2777,2778,1,and
3,6550,7926,7927,13,implies
3,6551,6645,6646,10,not_b
3,6552,465,466,14,not_and
3,6553,5398,5399,1,and
3,6554,2618,2619,12,not_a
3,6555,4822,4823,8,not_or
3,6556,2980,2981,11,implied_by
3,6557,1554,1555,4,not_implied_by
3,6558,1809,1810,5,b
3,6559,6906,6907,11,implied_by
3,6560,1282,1283,4,not_implied_by
3,6561,5498,5499,9,not_xor
3,6562,4464,4465,12,not_a
3,6563,1955,1956,9,not_xor
3,6564,5449,5450,5,b
3,6565,4375,4376,6,xor
3,6566,4914,4915,12,not_a
3,6567,7561,7562,0,zero
3,6568,7843,7844,5,b
3,6569,1638,1639,12,not_a
3,6570,7131,7132,10,not_b
3,6571,4412,4413,13,implies
3,6572,7069,7070,7,or
3,6573,6570,6571,12,not_a
3,6574,4911,4912,5,b
3,6575,948,949,1,and
3,6576,5029,5030,12,not_a
3,6577,4916,4917,8,not_or
3,6578,1431,1432,5,b
3,6579,5268,5269,4,not_implied_by
3,6580,7169,7170,12,not_a
3,6581,6744,6745,14,not_and
3,6582,7781,7782,1,and
3,6583,5591,5592,3,a
3,6584,7550,7551,11,implied_by
3,6585,4259,4260,15,one
3,6586,920,921,3,a
3,6587,485,486,9,not_xor
3,6588,2368,2369,14,not_and
3,6589,2145,2146,1,and
3,6590,7375,7376,10,not_b
3,6591,2442,2443,0,zero
3,6592,7865,7866,7,or
3,6593,2222,2223,2,not_implies
3,6594,4990,4991,3,a
3,6595,1111,1112,12,not_a
3,6596,7439,7440,8,not_or
3,6597,7364,7365,14,not_and
3,6598,2564,2565,10,not_b
3,6599,1636,1637,3,a
3,6600,1069,1070,12,not_a
3,6601,6268,6269,8,not_or
3,6602,7238,7239,4,not_implied_by
3,6603,5489,5490,3,a
3,6604,7995,7996,12,not_a
3,6605,2809,2810,9,not_xor
3,6606,3621,3622,3,a
3,6607,2909,2910,9,not_xor
3,6608,5016,5017,1,and
3,6609,7905,7906,12,not_a
3,6610,937,938,6,xor
3,6611,782,783,1,and
3,6612,4968,4969,4,not_implied_by
3,6613,3009,3010,9,not_xor
3,6614,1725,1726,5,b
3,6615,5586,5587,12,not_a
3,6616,3263,3264,11,implied_by
3,6617,6436,6437,11,implied_by
3,6618,5895,5896,4,not_implied_by
3,6619,3435,3436,5,b
3,6620,4090,4091,0,zero
3,6621,1254,1255,10,not_b
3,6622,1369,1370,6,xor
3,6623,7514,7515,7,or
3,6624,1936,1937,6,xor
3,6625,2575,2576,12,not_a
3,6626,5442,5443,5,b
3,6627,1979,1980,9,not_xor
3,6628,2010,2011,14,not_and
3,6629,4987,4988,5,b
3,6630,1992,1993,11,implied_by
3,6631,3509,3510,12,not_a
3,6632,5730,5731,15,one
3,6633,6443,6444,6,xor
3,6634,4488,4489,4,not_implied_by
3,6635,1402,1403,7,or
3,6636,2891,2892,7,or
3,6637,3438,3439,11,implied_by
3,6638,2392,2393,12,not_a
3,6639,2900,2901,9,not_xor
3,6640,1871,1872,11,implied_by
3,6641,1611,1612,3,a
3,6642,7707,7708,10,not_b
3,6643,3832,3833,6,xor
3,6644,7200,7201,12,not_a
3,6645,6858,6859,6,xor
3,6646,1298,1299,14,not_and
3,6647,2146,2147,10,not_b
3,6648,5502,5503,12,not_a
3,6649,1473,1474,7,or
3,6650,6289,6290,11,implied_by
3,6651,4603,4604,11,implied_by
3,6652,385,386,2,not_implies
3,6653,6687,6688,11,implied_by
3,6654,4820,4821,12,not_a
3,6655,2002,2003,10,not_b
3,6656,1720,1721,8,not_or
3,6657,3557,3558,3,a
3,6658,190,191,6,xor
3,6659,4117,4118,5,b
3,6660,7854,7855,8,not_or
3,6661,6139,6140,10,not_b
3,6662,2526,2527,10,not_b
3,6663,904,905,12,not_a
3,6664,4348,4349,1,and
3,6665,4600,4601,14,not_and
3,6666,1376,1377,5,b
3,6667,4391,4392,14,not_and
3,6668,1802,1803,5,b
3,6669,1727,1728,5,b
3,6670,2886,2887,3,a
3,6671,4853,4854,6,xor
3,6672,5130,5131,5,b
3,6673,7049,7050,12,not_a
3,6674,4739,4740,7,or
3,6675,2427,2428,3,a
3,6676,524,525,12,not_a
3,6677,2292,2293,4,not_implied_by
3,6678,6666,6667,7,or
3,6679,7669,7670,3,a
3,6680,2436,2437,11,implied_by
3,6681,450,451,10,not_b
3,6682,7829,7830,12,not_a
3,6683,3963,3964,12,not_a
3,6684,4096,4097,10,not_b
3,6685,1668,1669,1,and
3,6686,3545,3546,14,not_and
3,6687,354,355,10,not_b
3,6688,125,126,14,not_and
3,6689,6328,6329,1,and
3,6690,3991,3992,12,not_a
3,6691,3771,3772,1,and
3,6692,7473,7474,6,xor
3,6693,5051,5052,10,not_b
3,6694,3722,3723,5,b
3,6695,5960,5961,9,not_xor
3,6696,5999,6000,2,not_implies
3,6697,868,869,14,not_and
3,6698,2645,2646,3,a
3,6699,769,770,3,a
3,6700,6189,6190,11,implied_by
3,6701,5490,5491,10,not_b
3,6702,5220,5221,14,not_and
3,6703,3966,3967,0,zero
3,6704,5585,5586,9,not_xor
3,6705,1005,1006,2,not_implies
3,6706,7625,7626,6,xor
3,6707,6459,6460,6,xor
3,6708,5212,5213,4,not_implied_by
3,6709,6116,6117,15,one
3,6710,2113,2114,1,and
3,6711,2089,2090,12,not_a
3,6712,3524,3525,12,not_a
3,6713,3434,3435,4,not_implied_by
3,6714,5577,5578,5,b
3,6715,4231,4232,12,not_a
3,6716,5292,5293,3,a
3,6717,2126,2127,10,not_b
3,6718,6517,6518,10,not_b
3,6719,1806,1807,6,xor
3,6720,7750,7751,7,or
3,6721,1516,1517,10,not_b
3,6722,3215,3216,14,not_and
3,6723,1740,1741,12,not_a
3,6724,7182,7183,3,a
3,6725,4807,4808,11,implied_by
3,6726,3717,3718,4,not_implied_by
3,6727,3488,3489,2,not_implies
3,6728,3439,3440,4,not_implied_by
3,6729,1540,1541,15,one
3,6730,1592,1593,13,implies
3,6731,2620,2621,10,not_b
3,6732,4281,4282,10,not_b
3,6733,1888,1889,12,not_a
3,6734,4547,4548,3,a
3,6735,1675,1676,4,not_implied_by
3,6736,7965,7966,14,not_and
3,6737,1973,1974,9,not_xor
3,6738,228,229,10,not_b
3,6739,4125,4126,12,not_a
3,6740,1041,1042,4,not_implied_by
3,6741,150,151,12,not_a
3,6742,4992,4993,10,not_b
3,6743,7801,7802,5,b
3,6744,2451,2452,15,one
3,6745,7693,7694,7,or
3,6746,471,472,3,a
3,6747,4814,4815,10,not_b
3,6748,6630,6631,11,implied_by
3,6749,1278,1279,6,xor
3,6750,771,772,7,or
3,6751,7759,7760,10,not_b
3,6752,778,779,13,implies
3,6753,5071,5072,2,not_implies
3,6754,7368,7369,0,zero
3,6755,2922,2923,13,implies
3,6756,2857,2858,9,not_xor
3,6757,5817,5818,2,not_implies
3,6758,941,942,12,not_a
3,6759,7640,7641,3,a
3,6760,6499,6500,3,a
3,6761,6101,6102,4,not_implied_by
3,6762,1904,1905,2,not_implies
3,6763,1952,1953,9,not_xor
3,6764,1120,1121,12,not_a
3,6765,2043,2044,0,zero
3,6766,3815,3816,4,not_implied_by
3,6767,916,917,5,b
3,6768,7327,7328,1,and
3,6769,5087,5088,10,not_b
3,6770,1266,1267,4,not_implied_by
3,6771,3941,3942,8,not_or
3,6772,1189,1190,7,or
3,6773,1874,1875,12,not_a
3,6774,2493,2494,9,not_xor
3,6775,4236,4237,13,implies
3,6776,2548,2549,4,not_implied_by
3,6777,7435,7436,11,implied_by
3,6778,5766,5767,3,a
3,6779,1497,1498,13,implies
3,6780,3003,3004,10,not_b
3,6781,3778,3779,9,not_xor
3,6782,1423,1424,5,b
3,6783,7449,7450,12,not_a
3,6784,2323,2324,12,not_a
3,6785,4579,4580,1,and
3,6786,4834,4835,12,not_a
3,6787,4941,4942,4,not_implied_by
3,6788,5955,5956,2,not_implies
3,6789,7012,7013,11,implied_by
3,6790,3519,3520,6,xor
3,6791,5451,5452,5,b
3,6792,5985,5986,13,implies
3,6793,3584,3585,2,not_implies
3,6794,1529,1530,12,not_a
3,6795,138,139,4,not_implied_by
3,6796,2889,2890,9,not_xor
3,6797,6990,6991,8,not_or
3,6798,6416,6417,10,not_b
3,6799,2223,2224,6,xor
3,6800,2502,2503,1,and
3,6801,7967,7968,10,not_b
3,6802,6190,6191,12,not_a
3,6803,4995,4996,8,not_or
3,6804,7575,7576,4,not_implied_by
3,6805,5849,5850,14,not_and
3,6806,1699,1700,4,not_implied_by
3,6807,30,31,5,b
3,6808,691,692,9,not_xor
3,6809,3895,3896,12,not_a
3,6810,6693,6694,3,a
3,6811,2999,3000,3,a
3,6812,6809,6810,2,not_implies
3,6813,4115,4116,13,implies
3,6814,3403,3404,11,implied_by
3,6815,3695,3696,7,or
3,6816,5724,5725,6,xor
3,6817,5876,5877,4,not_implied_by
3,6818,481,482,13,implies
3,6819,199,200,10,not_b
3,6820,5199,5200,8,not_or
3,6821,5073,5074,5,b
3,6822,6703,6704,10,not_b
3,6823,7594,7595,6,xor
3,6824,2586,2587,12,not_a
3,6825,4523,4524,6,xor
3,6826,6279,6280,10,not_b
3,6827,7673,7674,5,b
3,6828,5798,5799,10,not_b
3,6829,32,33,5,b
3,6830,4008,4009,3,a
3,6831,4504,4505,9,not_xor
3,6832,2044,2045,4,not_implied_by
3,6833,7830,7831,0,zero
3,6834,2000,2001,3,a
3,6835,2986,2987,10,not_b
3,6836,7000,7001,8,not_or
3,6837,1174,1175,3,a
3,6838,7572,7573,4,not_implied_by
3,6839,4576,4577,10,not_b
3,6840,3955,3956,14,not_and
3,6841,5821,5822,5,b
3,6842,5279,5280,7,or
3,6843,7454,7455,3,a
3,6844,7034,7035,5,b
3,6845,3418,3419,10,not_b
3,6846,2053,2054,10,not_b
3,6847,3114,3115,14,not_and
3,6848,614,615,0,zero
3,6849,7249,7250,8,not_or
3,6850,1074,1075,5,b
3,6851,2435,2436,11,implied_by
3,6852,6560,6561,12,not_a
3,6853,1060,1061,4,not_implied_by
3,6854,1066,1067,6,xor
3,6855,6379,6380,4,not_implied_by
3,6856,2136,2137,13,implies
3,6857,4792,4793,11,implied_by
3,6858,1713,1714,12,not_a
3,6859,187,188,3,a
3,6860,271,272,12,not_a
3,6861,3209,3210,2,not_implies
3,6862,4071,4072,14,not_and
3,6863,6265,6266,10,not_b
3,6864,7723,7724,0,zero
3,6865,5947,5948,7,or
3,6866,2037,2038,10,not_b
3,6867,3849,3850,0,zero
3,6868,2441,2442,9,not_xor
3,6869,7607,7608,1,and
3,6870,4804,4805,0,zero
3,6871,2257,2258,1,and
3,6872,6967,6968,10,not_b
3,6873,6789,6790,1,and
3,6874,7114,7115,11,implied_by
3,6875,722,723,2,not_implies
3,6876,1547,1548,14,not_and
3,6877,1510,1511,11,implied_by
3,6878,5690,5691,2,not_implies
3,6879,1436,1437,1,and
3,6880,5351,5352,0,zero
3,6881,5623,5624,10,not_b
3,6882,6207,6208,13,implies
3,6883,2682,2683,5,b
3,6884,4837,4838,15,one
3,6885,504,505,2,not_implies
3,6886,7054,7055,5,b
3,6887,7505,7506,5,b
3,6888,426,427,6,xor
3,6889,517,518,9,not_xor
3,6890,4371,4372,12,not_a
3,6891,179,180,15,one
3,6892,2712,2713,14,not_and
3,6893,7204,7205,5,b
3,6894,6921,6922,12,not_a
3,6895,4699,4700,14,not_and
3,6896,6063,6064,10,not_b
3,6897,842,843,9,not_xor
3,6898,4784,4785,5,b
3,6899,2740,2741,7,or
3,6900,6555,6556,9,not_xor
3,6901,5133,5134,2,not_implies
3,6902,2295,2296,9,not_xor
3,6903,6679,6680,5,b
3,6904,3731,3732,7,or
3,6905,1649,1650,11,implied_by
3,6906,4562,4563,14,not_and
3,6907,5701,5702,11,implied_by
3,6908,7225,7226,2,not_implies
3,6909,2327,2328,9,not_xor
3,6910,4802,4803,6,xor
3,6911,2061,2062,14,not_and
3,6912,6222,6223,3,a
3,6913,4438,4439,1,and
3,6914,5150,5151,7,or
3,6915,1974,1975,6,xor
3,6916,6024,6025,5,b
3,6917,7721,7722,14,not_and
3,6918,2898,2899,1,and
3,6919,925,926,0,zero
3,6920,2438,2439,10,not_b
3,6921,7822,7823,4,not_implied_by
3,6922,5294,5295,10,not_b
3,6923,7545,7546,12,not_a
3,6924,3002,3003,14,not_and
3,6925,7338,7339,0,zero
3,6926,6469,6470,9,not_xor
3,6927,6828,6829,7,or
3,6928,4656,4657,14,not_and
3,6929,2129,2130,3,a
3,6930,7051,7052,3,a
3,6931,5356,5357,14,not_and
3,6932,7451,7452,15,one
3,6933,7127,7128,2,not_implies
3,6934,1276,1277,11,implied_by
3,6935,5786,5787,0,zero
3,6936,1072,1073,7,or
3,6937,1531,1532,0,zero
3,6938,3691,3692,9,not_xor
3,6939,5879,5880,4,not_implied_by
3,6940,6018,6019,12,not_a
3,6941,6583,6584,8,not_or
3,6942,938,939,4,not_implied_by
3,6943,3387,3388,6,xor
3,6944,3279,3280,12,not_a
3,6945,4091,4092,8,not_or
3,6946,7414,7415,4,not_implied_by
3,6947,6539,6540,10,not_b
3,6948,4687,4688,5,b
3,6949,7134,7135,5,b
3,6950,5320,5321,5,b
3,6951,7773,7774,2,not_implies
3,6952,3491,3492,12,not_a
3,6953,2706,2707,8,not_or
3,6954,7283,7284,4,not_implied_by
3,6955,2274,2275,1,and
3,6956,3583,3584,13,implies
3,6957,825,826,1,and
3,6958,212,213,0,zero
3,6959,772,773,6,xor
3,6960,3351,3352,6,xor
3,6961,3197,3198,15,one
3,6962,7076,7077,2,not_implies
3,6963,975,976,8,not_or
3,6964,1709,1710,2,not_implies
3,6965,3318,3319,3,a
3,6966,453,454,5,b
3,6967,2046,2047,10,not_b
3,6968,5256,5257,4,not_implied_by
3,6969,3854,3855,12,not_a
3,6970,4524,4525,7,or
3,6971,2907,2908,9,not_xor
3,6972,3111,3112,0,zero
3,6973,4169,4170,12,not_a
3,6974,3472,3473,0,zero
3,6975,2170,2171,10,not_b
3,6976,2473,2474,3,a
3,6977,5494,5495,12,not_a
3,6978,3192,3193,10,not_b
3,6979,6069,6070,5,b
3,6980,3074,3075,10,not_b
3,6981,91,92,10,not_b
3,6982,6067,6068,7,or
3,6983,5226,5227,10,not_b
3,6984,7077,7078,5,b
3,6985,6280,6281,14,not_and
3,6986,7437,7438,7,or
3,6987,4107,4108,9,not_xor
3,6988,5778,5779,3,a
3,6989,2992,2993,4,not_implied_by
3,6990,636,637,9,not_xor
3,6991,1301,1302,3,a
3,6992,1126,1127,4,not_implied_by
3,6993,3540,3541,13,implies
3,6994,2810,2811,6,xor
3,6995,5437,5438,12,not_a
3,6996,1589,1590,6,xor
3,6997,4026,4027,10,not_b
3,6998,7067,7068,1,and
3,6999,5392,5393,4,not_implied_by
3,7000,4597,4598,1,and
3,7001,1393,1394,4,not_implied_by
3,7002,1653,1654,13,implies
3,7003,4427,4428,10,not_b
3,7004,2813,2814,10,not_b
3,7005,2491,2492,3,a
3,7006,3149,3150,10,not_b
3,7007,7461,7462,7,or
3,7008,640,641,8,not_or
3,7009,1352,1353,7,or
3,7010,6935,6936,0,zero
3,7011,1833,1834,6,xor
3,7012,6052,6053,5,b
3,7013,971,972,5,b
3,7014,7566,7567,13,implies
3,7015,4732,4733,3,a
3,7016,1780,1781,7,or
3,7017,5808,5809,0,zero
3,7018,2553,2554,7,or
3,7019,5238,5239,0,zero
3,7020,4372,4373,0,zero
3,7021,6096,6097,13,implies
3,7022,737,738,6,xor
3,7023,6212,6213,10,not_b
3,7024,2486,2487,13,implies
3,7025,5601,5602,7,or
3,7026,3490,3491,10,not_b
3,7027,1932,1933,13,implies
3,7028,5815,5816,12,not_a
3,7029,7753,7754,11,implied_by
3,7030,123,124,4,not_implied_by
3,7031,3912,3913,0,zero
3,7032,6444,6445,12,not_a
3,7033,3739,3740,3,a
3,7034,7464,7465,14,not_and
3,7035,1018,1019,4,not_implied_by
3,7036,7046,7047,13,implies
3,7037,4325,4326,15,one
3,7038,2115,2116,7,or
3,7039,6587,6588,10,not_b
3,7040,3773,3774,12,not_a
3,7041,4400,4401,3,a
3,7042,5919,5920,8,not_or
3,7043,6297,6298,9,not_xor
3,7044,6621,6622,14,not_and
3,7045,7513,7514,6,xor
3,7046,89,90,3,a
3,7047,2765,2766,14,not_and
3,7048,6214,6215,5,b
3,7049,1776,1777,11,implied_by
3,7050,3535,3536,4,not_implied_by
3,7051,1671,1672,8,not_or
3,7052,5244,5245,2,not_implies
3,7053,6800,6801,3,a
3,7054,4844,4845,10,not_b
3,7055,6859,6860,11,implied_by
3,7056,3105,3106,14,not_and
3,7057,7470,7471,3,a
3,7058,6658,6659,5,b
3,7059,6409,6410,4,not_implied_by
3,7060,607,608,4,not_implied_by
3,7061,3828,3829,10,not_b
3,7062,447,448,14,not_and
3,7063,1667,1668,1,and
3,7064,6812,6813,12,not_a
3,7065,7302,7303,10,not_b
3,7066,3774,3775,5,b
3,7067,5745,5746,12,not_a
3,7068,4344,4345,5,b
3,7069,7288,7289,5,b
3,7070,7626,7627,5,b
3,7071,4932,4933,6,xor
3,7072,3154,3155,5,b
3,7073,118,119,12,not_a
3,7074,5945,5946,7,or
3,7075,653,654,3,a
3,7076,4287,4288,6,xor
3,7077,130,131,3,a
3,7078,3868,3869,4,not_implied_by
3,7079,2481,2482,1,and
3,7080,1746,1747,5,b
3,7081,5989,5990,5,b
3,7082,7033,7034,3,a
3,7083,3792,3793,10,not_b
3,7084,7647,7648,8,not_or
3,7085,884,885,11,implied_by
3,7086,6020,6021,12,not_a
3,7087,4222,4223,5,b
3,7088,6771,6772,3,a
3,7089,69,70,10,not_b
3,7090,3028,3029,4,not_implied_by
3,7091,832,833,4,not_implied_by
3,7092,3883,3884,12,not_a
3,7093,2793,2794,5,b
3,7094,907,908,9,not_xor
3,7095,6250,6251,7,or
3,7096,7772,7773,8,not_or
3,7097,7767,7768,4,not_implied_by
3,7098,966,967,13,implies
3,7099,5665,5666,11,implied_by
3,7100,952,953,12,not_a
3,7101,1772,1773,3,a
3,7102,2276,2277,1,and
3,7103,183,184,2,not_implies
3,7104,5673,5674,15,one
3,7105,986,987,2,not_implies
3,7106,647,648,6,xor
3,7107,3893,3894,15,one
3,7108,3559,3560,0,zero
3,7109,3445,3446,9,not_xor
3,7110,2707,2708,0,zero
3,7111,7851,7852,3,a
3,7112,341,342,11,implied_by
3,7113,7778,7779,1,and
3,7114,2193,2194,11,implied_by
3,7115,1735,1736,12,not_a
3,7116,4042,4043,9,not_xor
3,7117,7810,7811,5,b
3,7118,6521,6522,5,b
3,7119,4299,4300,12,not_a
3,7120,7889,7890,14,not_and
3,7121,7314,7315,5,b
3,7122,2911,2912,3,a
3,7123,0,2,5,b
3,7124,7304,7305,15,one
3,7125,7180,7181,4,not_implied_by
3,7126,3521,3522,5,b
3,7127,6417,6418,5,b
3,7128,1241,1242,10,not_b
3,7129,6356,6357,5,b
3,7130,7468,7469,5,b
3,7131,909,910,14,not_and
3,7132,2867,2868,11,implied_by
3,7133,2501,2502,5,b
3,7134,4788,4789,6,xor
3,7135,6947,6948,2,not_implies
3,7136,7798,7799,1,and
3,7137,5358,5359,10,not_b
3,7138,3238,3239,1,and
3,7139,2116,2117,8,not_or
3,7140,1080,1081,3,a
3,7141,1507,1508,13,implies
3,7142,2579,2580,0,zero
3,7143,1477,1478,8,not_or
3,7144,3284,3285,10,not_b
3,7145,5654,5655,6,xor
3,7146,4422,4423,15,one
3,7147,1366,1367,13,implies
3,7148,7915,7916,3,a
3,7149,1047,1048,5,b
3,7150,5370,5371,10,not_b
3,7151,889,890,6,xor
3,7152,6683,6684,10,not_b
3,7153,2248,2249,4,not_implied_by
3,7154,7954,7955,1,and
3,7155,2403,2404,15,one
3,7156,3334,3335,10,not_b
3,7157,6549,6550,11,implied_by
3,7158,2817,2818,5,b
3,7159,4549,4550,2,not_implies
3,7160,7684,7685,10,not_b
3,7161,1818,1819,3,a
3,7162,97,98,13,implies
3,7163,7387,7388,7,or
3,7164,3698,3699,13,implies
3,7165,6675,6676,1,and
3,7166,1513,1514,6,xor
3,7167,7212,7213,10,not_b
3,7168,434,435,11,implied_by
3,7169,5549,5550,12,not_a
3,7170,2721,2722,3,a
3,7171,4423,4424,11,implied_by
3,7172,1658,1659,1,and
3,7173,6389,6390,7,or
3,7174,5403,5404,1,and
3,7175,257,258,3,a
3,7176,7056,7057,10,not_b
3,7177,418,419,8,not_or
3,7178,5677,5678,7,or
3,7179,3369,3370,11,implied_by
3,7180,6332,6333,11,implied_by
3,7181,5721,5722,8,not_or
3,7182,2825,2826,4,not_implied_by
3,7183,2245,2246,4,not_implied_by
3,7184,2547,2548,6,xor
3,7185,7313,7314,8,not_or
3,7186,1029,1030,13,implies
3,7187,6880,6881,15,one
3,7188,3158,3159,12,not_a
3,7189,686,687,12,not_a
3,7190,1655,1656,12,not_a
3,7191,2114,2115,10,not_b
3,7192,3138,3139,3,a
3,7193,5883,5884,1,and
3,7194,7315,7316,8,not_or
3,7195,5688,5689,11,implied_by
3,7196,5801,5802,9,not_xor
3,7197,2184,2185,12,not_a
3,7198,7676,7677,2,not_implies
3,7199,7873,7874,8,not_or
3,7200,4817,4818,3,a
3,7201,4770,4771,8,not_or
3,7202,2560,2561,1,and
3,7203,4255,4256,3,a
3,7204,192,193,12,not_a
3,7205,2239,2240,8,not_or
3,7206,171,172,3,a
3,7207,3167,3168,10,not_b
3,7208,2026,2027,3,a
3,7209,4818,4819,12,not_a
3,7210,1499,1500,9,not_xor
3,7211,5863,5864,6,xor
3,7212,3586,3587,12,not_a
3,7213,1055,1056,0,zero
3,7214,5329,5330,6,xor
3,7215,2045,2046,8,not_or
3,7216,2007,2008,10,not_b
3,7217,3871,3872,5,b
3,7218,2872,2873,1,and
3,7219,4137,4138,7,or
3,7220,5568,5569,9,not_xor
3,7221,7227,7228,3,a
3,7222,963,964,9,not_xor
3,7223,5080,5081,15,one
3,7224,6284,6285,13,implies
3,7225,5476,5477,8,not_or
3,7226,958,959,5,b
3,7227,3646,3647,6,xor
3,7228,4461,4462,6,xor
3,7229,834,835,14,not_and
3,7230,6458,6459,1,and
3,7231,1915,1916,15,one
3,7232,930,931,10,not_b
3,7233,645,646,10,not_b
3,7234,387,388,10,not_b
3,7235,1269,1270,2,not_implies
3,7236,4072,4073,4,not_implied_by
3,7237,4257,4258,10,not_b
3,7238,4974,4975,14,not_and
3,7239,5590,5591,10,not_b
3,7240,5459,5460,1,and
3,7241,2815,2816,7,or
3,7242,650,651,9,not_xor
3,7243,6724,6725,12,not_a
3,7244,2344,2345,9,not_xor
3,7245,4845,4846,3,a
3,7246,2200,2201,5,b
3,7247,7373,7374,11,implied_by
3,7248,270,271,12,not_a
3,7249,1768,1769,10,not_b
3,7250,2188,2189,3,a
3,7251,4013,4014,5,b
3,7252,844,845,12,not_a
3,7253,5939,5940,0,zero
3,7254,3079,3080,4,not_implied_by
3,7255,663,664,9,not_xor
3,7256,1533,1534,3,a
3,7257,2391,2392,11,implied_by
3,7258,1145,1146,8,not_or
3,7259,4407,4408,6,xor
3,7260,4155,4156,12,not_a
3,7261,7344,7345,5,b
3,7262,6975,6976,14,not_and
3,7263,237,238,11,implied_by
3,7264,6380,6381,12,not_a
3,7265,6863,6864,0,zero
3,7266,2750,2751,8,not_or
3,7267,2789,2790,5,b
3,7268,644,645,9,not_xor
3,7269,4709,4710,12,not_a
3,7270,530,531,4,not_implied_by
3,7271,2705,2706,15,one
3,7272,2864,2865,2,not_implies
3,7273,5232,5233,14,not_and
3,7274,4502,4503,12,not_a
3,7275,6303,6304,4,not_implied_by
3,7276,3755,3756,10,not_b
3,7277,4571,4572,6,xor
3,7278,5818,5819,6,xor
3,7279,101,102,6,xor
3,7280,5609,5610,8,not_or
3,7281,7961,7962,7,or
3,7282,6733,6734,13,implies
3,7283,1280,1281,5,b
3,7284,4151,4152,14,not_and
3,7285,5884,5885,2,not_implies
3,7286,1147,1148,8,not_or
3,7287,1348,1349,0,zero
3,7288,3083,3084,5,b
3,7289,5877,5878,2,not_implies
3,7290,4929,4930,12,not_a
3,7291,1367,1368,4,not_implied_by
3,7292,7410,7411,15,one
3,7293,7958,7959,9,not_xor
3,7294,3806,3807,10,not_b
3,7295,742,743,11,implied_by
3,7296,3336,3337,12,not_a
3,7297,3901,3902,4,not_implied_by
3,7298,3713,3714,4,not_implied_by
3,7299,4676,4677,5,b
3,7300,1929,1930,8,not_or
3,7301,2171,2172,2,not_implies
3,7302,3546,3547,10,not_b
3,7303,2389,2390,11,implied_by
3,7304,5996,5997,14,not_and
3,7305,4831,4832,10,not_b
3,7306,1087,1088,2,not_implies
3,7307,1395,1396,5,b
3,7308,2785,2786,9,not_xor
3,7309,5480,5481,7,or
3,7310,4326,4327,5,b
3,7311,2346,2347,13,implies
3,7312,871,872,12,not_a
3,7313,4859,4860,12,not_a
3,7314,2566,2567,7,or
3,7315,5441,5442,4,not_implied_by
3,7316,5218,5219,6,xor
3,7317,4160,4161,6,xor
3,7318,1042,1043,10,not_b
3,7319,256,257,14,not_and
3,7320,1328,1329,12,not_a
3,7321,5710,5711,2,not_implies
3,7322,5836,5837,12,not_a
3,7323,2310,2311,2,not_implies
3,7324,6948,6949,5,b
3,7325,820,821,7,or
3,7326,2488,2489,7,or
3,7327,7038,7039,10,not_b
3,7328,919,920,7,or
3,7329,6036,6037,12,not_a
3,7330,4675,4676,2,not_implies
3,7331,2286,2287,9,not_xor
3,7332,4462,4463,10,not_b
3,7333,696,697,6,xor
3,7334,3187,3188,7,or
3,7335,163,164,12,not_a
3,7336,4743,4744,10,not_b
3,7337,6786,6787,10,not_b
3,7338,5982,5983,8,not_or
3,7339,3942,3943,6,xor
3,7340,5224,5225,7,or
3,7341,2048,2049,10,not_b
3,7342,610,611,5,b
3,7343,4827,4828,12,not_a
3,7344,4019,4020,9,not_xor
3,7345,3670,3671,4,not_implied_by
3,7346,6822,6823,12,not_a
3,7347,6340,6341,11,implied_by
3,7348,2960,2961,4,not_implied_by
3,7349,2090,2091,7,or
3,7350,2572,2573,10,not_b
3,7351,6644,6645,3,a
3,7352,1558,1559,10,not_b
3,7353,1230,1231,10,not_b
3,7354,5536,5537,8,not_or
3,7355,5949,5950,8,not_or
3,7356,4718,4719,12,not_a
3,7357,1687,1688,3,a
3,7358,7735,7736,1,and
3,7359,3944,3945,9,not_xor
3,7360,1991,1992,1,and
3,7361,6577,6578,12,not_a
3,7362,6672,6673,12,not_a
3,7363,5957,5958,7,or
3,7364,6729,6730,13,implies
3,7365,4631,4632,0,zero
3,7366,5104,5105,9,not_xor
3,7367,536,537,1,and
3,7368,2630,2631,4,not_implied_by
3,7369,735,736,6,xor
3,7370,2597,2598,0,zero
3,7371,6216,6217,15,one
3,7372,352,353,10,not_b
3,7373,5533,5534,7,or
3,7374,7748,7749,0,zero
3,7375,4623,4624,12,not_a
3,7376,5222,5223,11,implied_by
3,7377,719,720,6,xor
3,7378,596,597,1,and
3,7379,2512,2513,10,not_b
3,7380,4290,4291,0,zero
3,7381,6749,6750,8,not_or
3,7382,1489,1490,10,not_b
3,7383,278,279,13,implies
3,7384,946,947,13,implies
3,7385,661,662,5,b
3,7386,3791,3792,3,a
3,7387,5604,5605,8,not_or
3,7388,535,536,9,not_xor
3,7389,7370,7371,10,not_b
3,7390,6305,6306,14,not_and
3,7391,6798,6799,0,zero
3,7392,6839,6840,13,implies
3,7393,4143,4144,9,not_xor
3,7394,14,15,5,b
3,7395,6761,6762,5,b
3,7396,2443,2444,5,b
3,7397,5436,5437,5,b
3,7398,5115,5116,12,not_a
3,7399,1182,1183,4,not_implied_by
3,7400,5750,5751,7,or
3,7401,3767,3768,3,a
3,7402,276,277,5,b
3,7403,3783,3784,12,not_a
3,7404,473,474,12,not_a
3,7405,2357,2358,6,xor
3,7406,5241,5242,5,b
3,7407,7282,7283,6,xor
3,7408,1884,1885,3,a
3,7409,401,402,3,a
3,7410,2690,2691,11,implied_by
3,7411,4014,4015,3,a
3,7412,5027,5028,8,not_or
3,7413,4294,4295,0,zero
3,7414,1678,1679,14,not_and
3,7415,5117,5118,1,and
3,7416,6434,6435,2,not_implies
3,7417,7199,7200,12,not_a
3,7418,4355,4356,3,a
3,7419,6620,6621,1,and
3,7420,3150,3151,10,not_b
3,7421,3060,3061,4,not_implied_by
3,7422,7711,7712,3,a
3,7423,7901,7902,11,implied_by
3,7424,338,339,4,not_implied_by
3,7425,2799,2800,11,implied_by
3,7426,5387,5388,12,not_a
3,7427,5323,5324,5,b
3,7428,1291,1292,15,one
3,7429,1327,1328,3,a
3,7430,3097,3098,12,not_a
3,7431,4587,4588,1,and
3,7432,3494,3495,1,and
3,7433,5443,5444,5,b
3,7434,142,143,7,or
3,7435,1246,1247,10,not_b
3,7436,1925,1926,5,b
3,7437,3413,3414,6,xor
3,7438,749,750,13,implies
3,7439,79,80,5,b
3,7440,1701,1702,14,not_and
3,7441,2879,2880,8,not_or
3,7442,7118,7119,4,not_implied_by
3,7443,4268,4269,10,not_b
3,7444,1284,1285,5,b
3,7445,2249,2250,14,not_and
3,7446,3163,3164,2,not_implies
3,7447,1857,1858,12,not_a
3,7448,5464,5465,9,not_xor
3,7449,7633,7634,5,b
3,7450,2942,2943,5,b
3,7451,5214,5215,10,not_b
3,7452,1283,1284,11,implied_by
3,7453,5300,5301,14,not_and
3,7454,6772,6773,10,not_b
3,7455,5562,5563,8,not_or
3,7456,3462,3463,5,b
3,7457,3431,3432,12,not_a
3,7458,152,153,6,xor
3,7459,2377,2378,14,not_and
3,7460,6173,6174,12,not_a
3,7461,1967,1968,10,not_b
3,7462,5110,5111,2,not_implies
3,7463,1578,1579,5,b
3,7464,6396,6397,7,or
3,7465,7634,7635,12,not_a
3,7466,5405,5406,14,not_and
3,7467,1550,1551,5,b
3,7468,839,840,3,a
3,7469,497,498,11,implied_by
3,7470,1390,1391,3,a
3,7471,6501,6502,11,implied_by
3,7472,4662,4663,11,implied_by
3,7473,461,462,5,b
3,7474,6682,6683,7,or
3,7475,2953,2954,5,b
3,7476,2161,2162,10,not_b
3,7477,859,860,0,zero
3,7478,5205,5206,6,xor
3,7479,2738,2739,3,a
3,7480,1739,1740,8,not_or
3,7481,7891,7892,5,b
3,7482,1410,1411,2,not_implies
3,7483,4852,4853,8,not_or
3,7484,4798,4799,9,not_xor
3,7485,2711,2712,11,implied_by
3,7486,3059,3060,5,b
3,7487,727,728,5,b
3,7488,3193,3194,15,one
3,7489,3538,3539,4,not_implied_by
3,7490,7978,7979,11,implied_by
3,7491,7722,7723,0,zero
3,7492,5495,5496,7,or
3,7493,1180,1181,2,not_implies
3,7494,5396,5397,6,xor
3,7495,6464,6465,15,one
3,7496,3117,3118,5,b
3,7497,4996,4997,15,one
3,7498,6129,6130,13,implies
3,7499,4760,4761,10,not_b
3,7500,7257,7258,10,not_b
3,7501,5542,5543,7,or
3,7502,6559,6560,5,b
3,7503,4615,4616,14,not_and
3,7504,6584,6585,10,not_b
3,7505,1906,1907,7,or
3,7506,3094,3095,10,not_b
3,7507,4993,4994,1,and
3,7508,1927,1928,9,not_xor
3,7509,6064,6065,6,xor
3,7510,5521,5522,14,not_and
3,7511,6564,6565,13,implies
3,7512,1958,1959,3,a
3,7513,7287,7288,5,b
3,7514,6996,6997,13,implies
3,7515,4634,4635,3,a
3,7516,7103,7104,8,not_or
3,7517,6134,6135,0,zero
3,7518,3515,3516,0,zero
3,7519,6288,6289,6,xor
3,7520,6401,6402,3,a
3,7521,2538,2539,10,not_b
3,7522,4094,4095,7,or
3,7523,7990,7991,6,xor
3,7524,1989,1990,0,zero
3,7525,7462,7463,2,not_implies
3,7526,1574,1575,10,not_b
3,7527,7284,7285,6,xor
3,7528,5409,5410,10,not_b
3,7529,5094,5095,13,implies
3,7530,5269,5270,9,not_xor
3,7531,7480,7481,2,not_implies
3,7532,5420,5421,7,or
3,7533,6622,6623,12,not_a
3,7534,5099,5100,9,not_xor
3,7535,6571,6572,5,b
3,7536,2342,2343,3,a
3,7537,7116,7117,8,not_or
3,7538,2213,2214,13,implies
3,7539,4101,4102,2,not_implies
3,7540,1978,1979,0,zero
3,7541,7541,7542,15,one
3,7542,915,916,12,not_a
3,7543,4578,4579,4,not_implied_by
3,7544,3277,3278,9,not_xor
3,7545,2350,2351,3,a
3,7546,6330,6331,14,not_and
3,7547,1216,1217,4,not_implied_by
3,7548,584,585,3,a
3,7549,11,12,11,implied_by
3,7550,7971,7972,13,implies
3,7551,112,113,5,b
3,7552,245,246,6,xor
3,7553,3243,3244,3,a
3,7554,6172,6173,13,implies
3,7555,5608,5609,15,one
3,7556,3454,3455,5,b
3,7557,7006,7007,10,not_b
3,7558,7112,7113,2,not_implies
3,7559,292,293,5,b
3,7560,4319,4320,8,not_or
3,7561,2985,2986,9,not_xor
3,7562,2399,2400,8,not_or
3,7563,6057,6058,9,not_xor
3,7564,7371,7372,5,b
3,7565,206,207,11,implied_by
3,7566,4417,4418,7,or
3,7567,706,707,7,or
3,7568,7024,7025,13,implies
3,7569,1059,1060,10,not_b
3,7570,7902,7903,0,zero
3,7571,7623,7624,2,not_implies
3,7572,7858,7859,6,xor
3,7573,7506,7507,10,not_b
3,7574,4608,4609,13,implies
3,7575,4998,4999,11,implied_by
3,7576,2920,2921,9,not_xor
3,7577,3638,3639,12,not_a
3,7578,928,929,3,a
3,7579,5083,5084,4,not_implied_by
3,7580,4896,4897,5,b
3,7581,2725,2726,1,and
3,7582,7098,7099,10,not_b
3,7583,2613,2614,7,or
3,7584,7193,7194,8,not_or
3,7585,4494,4495,5,b
3,7586,2242,2243,15,one
3,7587,7792,7793,12,not_a
3,7588,7,8,6,xor
3,7589,5627,5628,3,a
3,7590,4415,4416,7,or
3,7591,7757,7758,8,not_or
3,7592,7270,7271,4,not_implied_by
3,7593,3753,3754,10,not_b
3,7594,3297,3298,10,not_b
3,7595,4934,4935,15,one
3,7596,2814,2815,9,not_xor
3,7597,6765,6766,8,not_or
3,7598,5483,5484,4,not_implied_by
3,7599,7267,7268,5,b
3,7600,2364,2365,15,one
3,7601,4509,4510,5,b
3,7602,3281,3282,15,one
3,7603,4276,4277,0,zero
3,7604,154,155,5,b
3,7605,7502,7503,4,not_implied_by
3,7606,2008,2009,13,implies
3,7607,2099,2100,10,not_b
3,7608,5963,5964,4,not_implied_by
3,7609,1796,1797,3,a
3,7610,1930,1931,4,not_implied_by
3,7611,6647,6648,14,not_and
3,7612,882,883,3,a
3,7613,5148,5149,8,not_or
3,7614,7145,7146,10,not_b
3,7615,3388,3389,3,a
3,7616,5686,5687,13,implies
3,7617,5219,5220,12,not_a
3,7618,2978,2979,12,not_a
3,7619,7161,7162,3,a
3,7620,4016,4017,14,not_and
3,7621,4179,4180,10,not_b
3,7622,3949,3950,10,not_b
3,7623,5304,5305,3,a
3,7624,6714,6715,15,one
3,7625,4141,4142,10,not_b
3,7626,989,990,2,not_implies
3,7627,5425,5426,8,not_or
3,7628,375,376,12,not_a
3,7629,436,437,8,not_or
3,7630,4218,4219,12,not_a
3,7631,7009,7010,3,a
3,7632,3126,3127,11,implied_by
3,7633,7733,7734,7,or
3,7634,2608,2609,1,and
3,7635,1176,1177,10,not_b
3,7636,5901,5902,1,and
3,7637,5085,5086,14,not_and
3,7638,2615,2616,11,implied_by
3,7639,3510,3511,8,not_or
3,7640,2296,2297,1,and
3,7641,3095,3096,4,not_implied_by
3,7642,6428,6429,5,b
3,7643,3967,3968,10,not_b
3,7644,503,504,2,not_implies
3,7645,1107,1108,4,not_implied_by
3,7646,6790,6791,1,and
3,7647,2574,2575,3,a
3,7648,7255,7256,9,not_xor
3,7649,6973,6974,12,not_a
3,7650,2212,2213,3,a
3,7651,1707,1708,7,or
3,7652,4554,4555,3,a
3,7653,6690,6691,12,not_a
3,7654,5970,5971,15,one
3,7655,7272,7273,0,zero
3,7656,548,549,6,xor
3,7657,7730,7731,14,not_and
3,7658,7776,7777,14,not_and
3,7659,4584,4585,15,one
3,7660,1493,1494,7,or
3,7661,6784,6785,6,xor
3,7662,4850,4851,4,not_implied_by
3,7663,2543,2544,12,not_a
3,7664,6642,6643,3,a
3,7665,2017,2018,13,implies
3,7666,2221,2222,0,zero
3,7667,7385,7386,5,b
3,7668,2181,2182,5,b
3,7669,4498,4499,5,b
3,7670,3267,3268,1,and
3,7671,5149,5150,5,b
3,7672,4546,4547,14,not_and
3,7673,1205,1206,11,implied_by
3,7674,147,148,12,not_a
3,7675,2015,2016,12,not_a
3,7676,7868,7869,8,not_or
3,7677,7761,7762,15,one
3,7678,7703,7704,13,implies
3,7679,6780,6781,8,not_or
3,7680,2314,2315,10,not_b
3,7681,5160,5161,10,not_b
3,7682,5007,5008,1,and
3,7683,5009,5010,12,not_a
3,7684,1859,1860,3,a
3,7685,6226,6227,8,not_or
3,7686,541,542,12,not_a
3,7687,7104,7105,12,not_a
3,7688,1413,1414,5,b
3,7689,5082,5083,5,b
3,7690,3617,3618,12,not_a
3,7691,4791,4792,1,and
3,7692,5319,5320,4,not_implied_by
3,7693,1236,1237,0,zero
3,7694,6233,6234,8,not_or
3,7695,2585,2586,12,not_a
3,7696,4706,4707,12,not_a
3,7697,3476,3477,10,not_b
3,7698,2168,2169,10,not_b
3,7699,1363,1364,6,xor
3,7700,2710,2711,1,and
3,7701,1231,1232,6,xor
3,7702,6640,6641,13,implies
3,7703,2578,2579,9,not_xor
3,7704,3884,3885,12,not_a
3,7705,2271,2272,9,not_xor
3,7706,679,680,3,a
3,7707,7881,7882,0,zero
3,7708,7138,7139,12,not_a
3,7709,4025,4026,6,xor
3,7710,3662,3663,10,not_b
3,7711,400,401,3,a
3,7712,5176,5177,11,implied_by
3,7713,2495,2496,10,not_b
3,7714,5942,5943,11,implied_by
3,7715,7140,7141,10,not_b
3,7716,113,114,12,not_a
3,7717,4830,4831,0,zero
3,7718,2177,2178,10,not_b
3,7719,4625,4626,0,zero
3,7720,5128,5129,1,and
3,7721,7921,7922,3,a
3,7722,1024,1025,3,a
3,7723,6254,6255,2,not_implies
3,7724,2366,2367,10,not_b
3,7725,6494,6495,0,zero
3,7726,5617,5618,12,not_a
3,7727,2083,2084,13,implies
3,7728,6904,6905,3,a
3,7729,4731,4732,11,implied_by
3,7730,6964,6965,2,not_implies
3,7731,7263,7264,9,not_xor
3,7732,6518,6519,8,not_or
3,7733,1577,1578,12,not_a
3,7734,1635,1636,4,not_implied_by
3,7735,262,263,5,b
3,7736,5967,5968,14,not_and
3,7737,7742,7743,10,not_b
3,7738,2534,2535,12,not_a
3,7739,7734,7735,5,b
3,7740,2905,2906,7,or
3,7741,7413,7414,10,not_b
3,7742,1654,1655,10,not_b
3,7743,5010,5011,15,one
3,7744,3797,3798,11,implied_by
3,7745,4289,4290,3,a
3,7746,3964,3965,2,not_implies
3,7747,6567,6568,12,not_a
3,7748,333,334,13,implies
3,7749,6088,6089,10,not_b
3,7750,3994,3995,15,one
3,7751,1097,1098,12,not_a
3,7752,6639,6640,10,not_b
3,7753,6119,6120,0,zero
3,7754,690,691,10,not_b
3,7755,2954,2955,4,not_implied_by
3,7756,983,984,10,not_b
3,7757,1587,1588,12,not_a
3,7758,6295,6296,7,or
3,7759,3101,3102,12,not_a
3,7760,2106,2107,11,implied_by
3,7761,1538,1539,13,implies
3,7762,2823,2824,13,implies
3,7763,1221,1222,12,not_a
3,7764,4003,4004,8,not_or
3,7765,2550,2551,0,zero
3,7766,1646,1647,10,not_b
3,7767,2507,2508,5,b
3,7768,73,74,11,implied_by
3,7769,4309,4310,11,implied_by
3,7770,5020,5021,12,not_a
3,7771,327,328,10,not_b
3,7772,1723,1724,14,not_and
3,7773,3310,3311,12,not_a
3,7774,1790,1791,13,implies
3,7775,2390,2391,12,not_a
3,7776,658,659,0,zero
3,7777,4942,4943,15,one
3,7778,1569,1570,10,not_b
3,7779,6888,6889,8,not_or
3,7780,4833,4834,5,b
3,7781,5163,5164,2,not_implies
3,7782,6969,6970,11,implied_by
3,7783,2643,2644,5,b
3,7784,657,658,3,a
3,7785,4780,4781,11,implied_by
3,7786,7418,7419,1,and
3,7787,406,407,7,or
3,7788,248,249,8,not_or
3,7789,1408,1409,3,a
3,7790,396,397,10,not_b
3,7791,5689,5690,9,not_xor
3,7792,7992,7993,5,b
3,7793,7769,7770,15,one
3,7794,1447,1448,1,and
3,7795,2658,2659,10,not_b
3,7796,520,521,9,not_xor
3,7797,349,350,12,not_a
3,7798,2464,2465,7,or
3,7799,3096,3097,14,not_and
3,7800,6211,6212,14,not_and
3,7801,181,182,10,not_b
3,7802,1787,1788,10,not_b
3,7803,5892,5893,3,a
3,7804,4063,4064,13,implies
3,7805,3968,3969,8,not_or
3,7806,7126,7127,13,implies
3,7807,2041,2042,9,not_xor
3,7808,3329,3330,11,implied_by
3,7809,4857,4858,14,not_and
3,7810,1583,1584,11,implied_by
3,7811,6270,6271,11,implied_by
3,7812,7529,7530,4,not_implied_by
3,7813,6748,6749,15,one
3,7814,6154,6155,2,not_implies
3,7815,7555,7556,10,not_b
3,7816,1898,1899,0,zero
3,7817,4529,4530,5,b
3,7818,4677,4678,8,not_or
3,7819,4314,4315,14,not_and
3,7820,1179,1180,4,not_implied_by
3,7821,6277,6278,4,not_implied_by
3,7822,826,827,3,a
3,7823,3714,3715,0,zero
3,7824,7483,7484,15,one
3,7825,7556,7557,12,not_a
3,7826,6491,6492,0,zero
3,7827,3528,3529,10,not_b
3,7828,3864,3865,13,implies
3,7829,2957,2958,10,not_b
3,7830,5478,5479,11,implied_by
3,7831,7147,7148,10,not_b
3,7832,7275,7276,2,not_implies
3,7833,6291,6292,3,a
3,7834,1928,1929,1,and
3,7835,5804,5805,2,not_implies
3,7836,4596,4597,15,one
3,7837,5111,5112,10,not_b
3,7838,5735,5736,13,implies
3,7839,6818,6819,6,xor
3,7840,3071,3072,6,xor
3,7841,2139,2140,13,implies
3,7842,7617,7618,6,xor
3,7843,3667,3668,1,and
3,7844,6425,6426,6,xor
3,7845,240,241,12,not_a
3,7846,6368,6369,8,not_or
3,7847,3257,3258,0,zero
3,7848,660,661,12,not_a
3,7849,2676,2677,0,zero
3,7850,4369,4370,2,not_implies
3,7851,926,927,5,b
3,7852,5566,5567,12,not_a
3,7853,2565,2566,6,xor
3,7854,7448,7449,8,not_or
3,7855,1067,1068,4,not_implied_by
3,7856,6808,6809,4,not_implied_by
3,7857,3120,3121,10,not_b
3,7858,2217,2218,3,a
3,7859,950,951,5,b
3,7860,5429,5430,8,not_or
3,7861,5069,5070,9,not_xor
3,7862,234,235,5,b
3,7863,608,609,3,a
3,7864,5725,5726,8,not_or
3,7865,3377,3378,3,a
3,7866,1260,1261,5,b
3,7867,15,16,13,implies
3,7868,4045,4046,0,zero
3,7869,309,310,4,not_implied_by
3,7870,6105,6106,14,not_and
3,7871,6218,6219,2,not_implies
3,7872,2275,2276,4,not_implied_by
3,7873,6221,6222,5,b
3,7874,7546,7547,3,a
3,7875,4028,4029,11,implied_by
3,7876,6311,6312,1,and
3,7877,843,844,10,not_b
3,7878,3505,3506,5,b
3,7879,4214,4215,3,a
3,7880,3352,3353,12,not_a
3,7881,2587,2588,7,or
3,7882,5652,5653,10,not_b
3,7883,2653,2654,7,or
3,7884,2156,2157,15,one
3,7885,5874,5875,15,one
3,7886,3342,3343,12,not_a
3,7887,7619,7620,10,not_b
3,7888,1691,1692,12,not_a
3,7889,1015,1016,2,not_implies
3,7890,1512,1513,10,not_b
3,7891,4580,4581,10,not_b
3,7892,5077,5078,9,not_xor
3,7893,4428,4429,7,or
3,7894,518,519,15,one
3,7895,6143,6144,4,not_implied_by
3,7896,625,626,6,xor
3,7897,2431,2432,2,not_implies
3,7898,5045,5046,6,xor
3,7899,1443,1444,10,not_b
3,7900,2428,2429,2,not_implies
3,7901,3196,3197,13,implies
3,7902,7026,7027,2,not_implies
3,7903,2747,2748,9,not_xor
3,7904,7930,7931,4,not_implied_by
3,7905,823,824,11,implied_by
3,7906,3613,3614,4,not_implied_by
3,7907,3952,3953,3,a
3,7908,6713,6714,0,zero
3,7909,7885,7886,13,implies
3,7910,7864,7865,10,not_b
3,7911,2039,2040,5,b
3,7912,7944,7945,8,not_or
3,7913,4401,4402,9,not_xor
3,7914,3837,3838,3,a
3,7915,5538,5539,12,not_a
3,7916,3602,3603,3,a
3,7917,4719,4720,0,zero
3,7918,1674,1675,4,not_implied_by
3,7919,695,696,9,not_xor
3,7920,7980,7981,12,not_a
3,7921,7828,7829,2,not_implies
3,7922,6855,6856,12,not_a
3,7923,5976,5977,14,not_and
3,7924,6344,6345,4,not_implied_by
3,7925,1696,1697,8,not_or
3,7926,2573,2574,3,a
3,7927,7770,7771,5,b
3,7928,4582,4583,2,not_implies
3,7929,2583,2584,1,and
3,7930,4783,4784,12,not_a
3,7931,5171,5172,14,not_and
3,7932,4678,4679,5,b
3,7933,6418,6419,7,or
3,7934,7360,7361,11,implied_by
3,7935,7489,7490,13,implies
3,7936,4095,4096,12,not_a
3,7937,136,137,13,implies
3,7938,3033,3034,9,not_xor
3,7939,2581,2582,6,xor
3,7940,812,813,6,xor
3,7941,861,862,3,a
3,7942,173,174,11,implied_by
3,7943,6117,6118,15,one
3,7944,2515,2516,3,a
3,7945,7122,7123,3,a
3,7946,7319,7320,13,implies
3,7947,3026,3027,3,a
3,7948,1475,1476,5,b
3,7949,4702,4703,11,implied_by
3,7950,4171,4172,5,b
3,7951,7019,7020,10,not_b
3,7952,1690,1691,10,not_b
3,7953,2224,2225,3,a
3,7954,1620,1621,12,not_a
3,7955,1657,1658,5,b
3,7956,4890,4891,5,b
3,7957,2991,2992,10,not_b
3,7958,1741,1742,0,zero
3,7959,6410,6411,6,xor
3,7960,6882,6883,7,or
3,7961,7146,7147,0,zero
3,7962,5453,5454,10,not_b
3,7963,5239,5240,10,not_b
3,7964,6894,6895,14,not_and
3,7965,1480,1481,2,not_implies
3,7966,3503,3504,12,not_a
3,7967,441,442,4,not_implied_by
3,7968,5592,5593,12,not_a
3,7969,4292,4293,1,and
3,7970,3831,3832,5,b
3,7971,3850,3851,15,one
3,7972,7188,7189,4,not_implied_by
3,7973,306,307,9,not_xor
3,7974,6489,6490,4,not_implied_by
3,7975,3384,3385,7,or
3,7976,370,371,0,zero
3,7977,7405,7406,10,not_b
3,7978,454,455,4,not_implied_by
3,7979,7973,7974,8,not_or
3,7980,813,814,12,not_a
3,7981,3678,3679,8,not_or
3,7982,2085,2086,5,b
3,7983,7599,7600,7,or
3,7984,1523,1524,12,not_a
3,7985,5788,5789,3,a
3,7986,5700,5701,15,one
3,7987,7694,7695,10,not_b
3,7988,4195,4196,15,one
3,7989,2445,2446,5,b
3,7990,5487,5488,7,or
3,7991,5193,5194,0,zero
3,7992,4004,4005,10,not_b
3,7993,3759,3760,5,b
3,7994,5926,5927,8,not_or
3,7995,1293,1294,10,not_b
3,7996,7353,7354,12,not_a
3,7997,7250,7251,12,not_a
3,7998,6643,6644,5,b
3,7999,1626,1627,12,not_a
4,0,5130,5131,10,not_b
4,1,685,686,1,and
4,2,5401,5402,3,a
4,3,4215,4216,3,a
4,4,1455,1456,11,implied_by
4,5,3919,3920,8,not_or
4,6,6032,6033,1,and
4,7,2449,2450,10,not_b
4,8,3605,3606,15,one
4,9,6106,6107,1,and
4,10,1961,1962,14,not_and
4,11,4292,4293,6,xor
4,12,3729,3730,10,not_b
4,13,7431,7432,14,not_and
4,14,6554,6555,15,one
4,15,4130,4131,5,b
4,16,7155,7156,5,b
4,17,6731,6732,6,xor
4,18,1596,1597,2,not_implies
4,19,5416,5417,9,not_xor
4,20,3492,3493,9,not_xor
4,21,2199,2200,7,or
4,22,6301,6302,6,xor
4,23,6177,6178,11,implied_by
4,24,4194,4195,6,xor
4,25,1486,1487,10,not_b
4,26,3770,3771,2,not_implies
4,27,994,995,12,not_a
4,28,6541,6542,1,and
4,29,6601,6602,3,a
4,30,1397,1398,12,not_a
4,31,2759,2760,4,not_implied_by
4,32,3447,3448,12,not_a
4,33,1039,1040,3,a
4,34,5828,5829,12,not_a
4,35,4724,4725,3,a
4,36,1583,1584,10,not_b
4,37,225,226,2,not_implies
4,38,2411,2412,8,not_or
4,39,4746,4747,2,not_implies
4,40,1755,1756,2,not_implies
4,41,5331,5332,10,not_b
4,42,4590,4591,7,or
4,43,4167,4168,13,implies
4,44,7270,7271,12,not_a
4,45,5849,5850,1,and
4,46,4561,4562,6,xor
4,47,231,232,14,not_and
4,48,5393,5394,15,one
4,49,2450,2451,3,a
4,50,3541,3542,8,not_or
4,51,3327,3328,2,not_implies
4,52,3442,3443,0,zero
4,53,7011,7012,10,not_b
4,54,3627,3628,11,implied_by
4,55,6550,6551,8,not_or
4,56,7322,7323,3,a
4,57,486,487,11,implied_by
4,58,230,231,6,xor
4,59,2167,2168,8,not_or
4,60,98,99,3,a
4,61,3473,3474,12,not_a
4,62,7303,7304,15,one
4,63,5887,5888,12,not_a
4,64,5550,5551,1,and
4,65,581,582,12,not_a
4,66,1627,1628,12,not_a
4,67,604,605,8,not_or
4,68,6892,6893,3,a
4,69,3055,3056,10,not_b
4,70,3699,3700,7,or
4,71,2577,2578,10,not_b
4,72,5825,5826,9,not_xor
4,73,1236,1237,9,not_xor
4,74,1377,1378,7,or
4,75,1180,1181,10,not_b
4,76,619,620,13,implies
4,77,1607,1608,3,a
4,78,7875,7876,1,and
4,79,3403,3404,6,xor
4,80,1422,1423,3,a
4,81,2249,2250,9,not_xor
4,82,1869,1870,11,implied_by
4,83,6352,6353,5,b
4,84,4342,4343,11,implied_by
4,85,2907,2908,11,implied_by
4,86,3630,3631,9,not_xor
4,87,4026,4027,12,not_a
4,88,936,937,14,not_and
4,89,7500,7501,9,not_xor
4,90,6503,6504,11,implied_by
4,91,2316,2317,14,not_and
4,92,537,538,12,not_a
4,93,6751,6752,12,not_a
4,94,291,292,11,implied_by
4,95,6676,6677,11,implied_by
4,96,653,654,5,b
4,97,5398,5399,8,not_or
4,98,7149,7150,10,not_b
4,99,146,147,3,a
4,100,3932,3933,5,b
4,101,344,345,14,not_and
4,102,2156,2157,14,not_and
4,103,7572,7573,5,b
4,104,3852,3853,2,not_implies
4,105,3060,3061,10,not_b
4,106,365,366,5,b
4,107,1206,1207,15,one
4,108,4459,4460,6,xor
4,109,4657,4658,15,one
4,110,6153,6154,3,a
4,111,1150,1151,10,not_b
4,112,5664,5665,6,xor
4,113,1893,1894,2,not_implies
4,114,7803,7804,8,not_or
4,115,1259,1260,8,not_or
4,116,6868,6869,5,b
4,117,7892,7893,8,not_or
4,118,3436,3437,4,not_implied_by
4,119,1774,1775,10,not_b
4,120,5440,5441,12,not_a
4,121,5303,5304,3,a
4,122,2239,2240,3,a
4,123,2556,2557,4,not_implied_by
4,124,7021,7022,14,not_and
4,125,6364,6365,1,and
4,126,3074,3075,1,and
4,127,3731,3732,7,or
4,128,3815,3816,4,not_implied_by
4,129,2322,2323,3,a
4,130,7247,7248,9,not_xor
4,131,2122,2123,1,and
4,132,6654,6655,12,not_a
4,133,595,596,5,b
4,134,4519,4520,10,not_b
4,135,184,185,14,not_and
4,136,1152,1153,5,b
4,137,4122,4123,10,not_b
4,138,4618,4619,11,implied_by
4,139,6918,6919,3,a
4,140,1532,1533,7,or
4,141,1861,1862,11,implied_by
4,142,7691,7692,1,and
4,143,1008,1009,5,b
4,144,13,14,15,one
4,145,5366,5367,1,and
4,146,3058,3059,12,not_a
4,147,6094,6095,1,and
4,148,1542,1543,0,zero
4,149,2102,2103,5,b
4,150,6170,6171,0,zero
4,151,4300,4301,9,not_xor
4,152,6373,6374,12,not_a
4,153,5793,5794,3,a
4,154,614,615,4,not_implied_by
4,155,4752,4753,12,not_a
4,156,3062,3063,11,implied_by
4,157,8,9,9,not_xor
4,158,3781,3782,4,not_implied_by
4,159,7656,7657,12,not_a
4,160,1653,1654,1,and
4,161,4457,4458,14,not_and
4,162,5241,5242,6,xor
4,163,1694,1695,5,b
4,164,4793,4794,2,not_implies
4,165,5182,5183,7,or
4,166,5977,5978,8,not_or
4,167,5829,5830,10,not_b
4,168,2473,2474,2,not_implies
4,169,3225,3226,4,not_implied_by
4,170,6744,6745,1,and
4,171,6054,6055,14,not_and
4,172,179,180,3,a
4,173,3178,3179,9,not_xor
4,174,6108,6109,5,b
4,175,6076,6077,2,not_implies
4,176,5157,5158,1,and
4,177,2287,2288,8,not_or
4,178,3886,3887,14,not_and
4,179,2130,2131,11,implied_by
4,180,5641,5642,11,implied_by
4,181,312,313,10,not_b
4,182,3475,3476,0,zero
4,183,5222,5223,4,not_implied_by
4,184,2118,2119,14,not_and
4,185,2528,2529,3,a
4,186,1883,1884,14,not_and
4,187,7683,7684,2,not_implies
4,188,2090,2091,5,b
4,189,2679,2680,13,implies
4,190,102,103,5,b
4,191,6567,6568,2,not_implies
4,192,3532,3533,12,not_a
4,193,7004,7005,10,not_b
4,194,965,966,11,implied_by
4,195,4039,4040,9,not_xor
4,196,5514,5515,2,not_implies
4,197,3552,3553,13,implies
4,198,6558,6559,5,b
4,199,3875,3876,12,not_a
4,200,4578,4579,11,implied_by
4,201,3547,3548,11,implied_by
4,202,7269,7270,13,implies
4,203,5955,5956,12,not_a
4,204,1732,1733,6,xor
4,205,4464,4465,9,not_xor
4,206,1419,1420,10,not_b
4,207,5055,5056,5,b
4,208,2288,2289,5,b
4,209,7437,7438,13,implies
4,210,6047,6048,3,a
4,211,1244,1245,0,zero
4,212,6436,6437,10,not_b
4,213,4492,4493,5,b
4,214,2252,2253,1,and
4,215,4914,4915,13,implies
4,216,3487,3488,10,not_b
4,217,1497,1498,8,not_or
4,218,2447,2448,12,not_a
4,219,2400,2401,11,implied_by
4,220,6372,6373,9,not_xor
4,221,3579,3580,5,b
4,222,3742,3743,2,not_implies
4,223,5701,5702,1,and
4,224,2299,2300,3,a
4,225,3581,3582,8,not_or
4,226,1107,1108,7,or
4,227,2565,2566,10,not_b
4,228,3460,3461,7,or
4,229,0,2,9,not_xor
4,230,5567,5568,8,not_or
4,231,1684,1685,1,and
4,232,802,803,4,not_implied_by
4,233,3333,3334,3,a
4,234,5746,5747,3,a
4,235,4237,4238,4,not_implied_by
4,236,4830,4831,3,a
4,237,2414,2415,6,xor
4,238,6520,6521,10,not_b
4,239,7954,7955,3,a
4,240,2438,2439,4,not_implied_by
4,241,3912,3913,0,zero
4,242,5813,5814,15,one
4,243,4301,4302,3,a
4,244,2760,2761,2,not_implies
4,245,1666,1667,5,b
4,246,762,763,0,zero
4,247,7677,7678,13,implies
4,248,5259,5260,8,not_or
4,249,5964,5965,3,a
4,250,607,608,3,a
4,251,7159,7160,12,not_a
4,252,3972,3973,10,not_b
4,253,4427,4428,12,not_a
4,254,5888,5889,11,implied_by
4,255,5096,5097,3,a
4,256,4513,4514,5,b
4,257,5278,5279,11,implied_by
4,258,3933,3934,15,one
4,259,7961,7962,0,zero
4,260,6226,6227,9,not_xor
4,261,2072,2073,12,not_a
4,262,4529,4530,1,and
4,263,3782,3783,4,not_implied_by
4,264,2258,2259,12,not_a
4,265,3177,3178,10,not_b
4,266,7719,7720,13,implies
4,267,133,134,5,b
4,268,2319,2320,11,implied_by
4,269,7446,7447,0,zero
4,270,243,244,4,not_implied_by
4,271,5917,5918,7,or
4,272,2848,2849,3,a
4,273,7419,7420,4,not_implied_by
4,274,7470,7471,4,not_implied_by
4,275,3432,3433,3,a
4,276,3129,3130,3,a
4,277,6029,6030,7,or
4,278,5830,5831,3,a
4,279,2854,2855,12,not_a
4,280,3522,3523,2,not_implies
4,281,2796,2797,2,not_implies
4,282,7516,7517,12,not_a
4,283,1138,1139,2,not_implies
4,284,6563,6564,2,not_implies
4,285,3649,3650,8,not_or
4,286,2543,2544,12,not_a
4,287,5081,5082,5,b
4,288,2202,2203,12,not_a
4,289,4980,4981,7,or
4,290,2742,2743,9,not_xor
4,291,7296,7297,12,not_a
4,292,7536,7537,12,not_a
4,293,2357,2358,5,b
4,294,546,547,4,not_implied_by
4,295,7552,7553,10,not_b
4,296,929,930,12,not_a
4,297,6034,6035,10,not_b
4,298,2882,2883,15,one
4,299,1323,1324,1,and
4,300,4155,4156,10,not_b
4,301,7560,7561,9,not_xor
4,302,746,747,12,not_a
4,303,5723,5724,4,not_implied_by
4,304,7242,7243,0,zero
4,305,7955,7956,0,zero
4,306,5045,5046,5,b
4,307,4191,4192,3,a
4,308,382,383,5,b
4,309,7918,7919,1,and
4,310,7625,7626,10,not_b
4,311,6095,6096,12,not_a
4,312,6172,6173,5,b
4,313,961,962,5,b
4,314,4248,4249,15,one
4,315,3747,3748,8,not_or
4,316,408,409,2,not_implies
4,317,7665,7666,5,b
4,318,3193,3194,13,implies
4,319,94,95,13,implies
4,320,1019,1020,6,xor
4,321,4722,4723,9,not_xor
4,322,7406,7407,4,not_implied_by
4,323,3814,3815,2,not_implies
4,324,400,401,12,not_a
4,325,2071,2072,3,a
4,326,4621,4622,3,a
4,327,1506,1507,2,not_implies
4,328,267,268,4,not_implied_by
4,329,7939,7940,8,not_or
4,330,5573,5574,3,a
4,331,5968,5969,15,one
4,332,5046,5047,3,a
4,333,1449,1450,12,not_a
4,334,5383,5384,0,zero
4,335,2323,2324,9,not_xor
4,336,2405,2406,10,not_b
4,337,4704,4705,14,not_and
4,338,2811,2812,9,not_xor
4,339,851,852,6,xor
4,340,3546,3547,15,one
4,341,3878,3879,15,one
4,342,1812,1813,6,xor
4,343,1727,1728,12,not_a
4,344,4655,4656,0,zero
4,345,6634,6635,12,not_a
4,346,7539,7540,7,or
4,347,4522,4523,13,implies
4,348,4093,4094,13,implies
4,349,1396,1397,15,one
4,350,2460,2461,3,a
4,351,914,915,12,not_a
4,352,3762,3763,12,not_a
4,353,758,759,2,not_implies
4,354,4530,4531,7,or
4,355,5740,5741,1,and
4,356,4552,4553,9,not_xor
4,357,2858,2859,4,not_implied_by
4,358,4119,4120,15,one
4,359,730,731,3,a
4,360,1549,1550,9,not_xor
4,361,3760,3761,13,implies
4,362,3513,3514,3,a
4,363,62,63,5,b
4,364,6738,6739,3,a
4,365,1933,1934,5,b
4,366,6193,6194,5,b
4,367,5091,5092,13,implies
4,368,6277,6278,7,or
4,369,4543,4544,5,b
4,370,3316,3317,6,xor
4,371,5659,5660,13,implies
4,372,2941,2942,10,not_b
4,373,4573,4574,14,not_and
4,374,833,834,5,b
4,375,3610,3611,14,not_and
4,376,6666,6667,11,implied_by
4,377,5143,5144,2,not_implies
4,378,2456,2457,7,or
4,379,3071,3072,5,b
4,380,7031,7032,7,or
4,381,2434,2435,3,a
4,382,3527,3528,9,not_xor
4,383,3576,3577,3,a
4,384,1632,1633,9,not_xor
4,385,6146,6147,12,not_a
4,386,986,987,6,xor
4,387,4189,4190,11,implied_by
4,388,1220,1221,10,not_b
4,389,5004,5005,12,not_a
4,390,7304,7305,11,implied_by
4,391,6646,6647,10,not_b
4,392,5527,5528,9,not_xor
4,393,2214,2215,14,not_and
4,394,2921,2922,10,not_b
4,395,2929,2930,1,and
4,396,4268,4269,15,one
4,397,60,61,10,not_b
4,398,5417,5418,6,xor
4,399,5000,5001,4,not_implied_by
4,400,1105,1106,7,or
4,401,7289,7290,9,not_xor
4,402,7331,7332,1,and
4,403,5171,5172,0,zero
4,404,3765,3766,11,implied_by
4,405,2711,2712,10,not_b
4,406,857,858,1,and
4,407,2462,2463,5,b
4,408,2540,2541,8,not_or
4,409,3049,3050,13,implies
4,410,7135,7136,11,implied_by
4,411,6117,6118,12,not_a
4,412,6086,6087,5,b
4,413,6439,6440,14,not_and
4,414,6966,6967,10,not_b
4,415,5560,5561,0,zero
4,416,4693,4694,1,and
4,417,3034,3035,2,not_implies
4,418,2493,2494,5,b
4,419,544,545,14,not_and
4,420,832,833,11,implied_by
4,421,6667,6668,15,one
4,422,2935,2936,0,zero
4,423,5403,5404,7,or
4,424,5630,5631,14,not_and
4,425,423,424,10,not_b
4,426,3089,3090,11,implied_by
4,427,206,207,5,b
4,428,4807,4808,12,not_a
4,429,4322,4323,1,and
4,430,3961,3962,3,a
4,431,55,56,6,xor
4,432,6257,6258,11,implied_by
4,433,1785,1786,0,zero
4,434,4844,4845,11,implied_by
4,435,1273,1274,2,not_implies
4,436,3244,3245,13,implies
4,437,6100,6101,1,and
4,438,2654,2655,4,not_implied_by
4,439,1218,1219,4,not_implied_by
4,440,7052,7053,10,not_b
4,441,5800,5801,0,zero
4,442,3821,3822,12,not_a
4,443,6692,6693,10,not_b
4,444,1728,1729,9,not_xor
4,445,7448,7449,5,b
4,446,7731,7732,3,a
4,447,963,964,13,implies
4,448,4705,4706,2,not_implies
4,449,638,639,11,implied_by
4,450,6056,6057,15,one
4,451,499,500,6,xor
4,452,0,1,3,a
4,453,7360,7361,0,zero
4,454,7232,7233,4,not_implied_by
4,455,995,996,6,xor
4,456,7250,7251,0,zero
4,457,2478,2479,15,one
4,458,2441,2442,5,b
4,459,5,6,8,not_or
4,460,6396,6397,5,b
4,461,2327,2328,15,one
4,462,2191,2192,15,one
4,463,1889,1890,2,not_implies
4,464,1086,1087,5,b
4,465,3040,3041,5,b
4,466,3529,3530,11,implied_by
4,467,4125,4126,4,not_implied_by
4,468,3138,3139,6,xor
4,469,2900,2901,14,not_and
4,470,4667,4668,14,not_and
4,471,4016,4017,5,b
4,472,5166,5167,10,not_b
4,473,5392,5393,3,a
4,474,603,604,15,one
4,475,3210,3211,10,not_b
4,476,7821,7822,13,implies
4,477,2197,2198,13,implies
4,478,931,932,15,one
4,479,3348,3349,3,a
4,480,5491,5492,13,implies
4,481,6917,6918,14,not_and
4,482,7834,7835,8,not_or
4,483,1374,1375,15,one
4,484,2048,2049,6,xor
4,485,5112,5113,12,not_a
4,486,7188,7189,2,not_implies
4,487,6578,6579,10,not_b
4,488,3204,3205,11,implied_by
4,489,4098,4099,5,b
4,490,6355,6356,13,implies
4,491,5879,5880,15,one
4,492,2003,2004,3,a
4,493,7591,7592,7,or
4,494,1344,1345,15,one
4,495,6238,6239,11,implied_by
4,496,1603,1604,10,not_b
4,497,5577,5578,5,b
4,498,880,881,15,one
4,499,3835,3836,13,implies
4,500,5256,5257,9,not_xor
4,501,1796,1797,3,a
4,502,472,473,3,a
4,503,4687,4688,13,implies
4,504,4413,4414,1,and
4,505,2933,2934,11,implied_by
4,506,5863,5864,3,a
4,507,6700,6701,5,b
4,508,6221,6222,5,b
4,509,3717,3718,6,xor
4,510,1797,1798,7,or
4,511,1698,1699,6,xor
4,512,1245,1246,10,not_b
4,513,5655,5656,8,not_or
4,514,5681,5682,5,b
4,515,6860,6861,14,not_and
4,516,5768,5769,11,implied_by
4,517,5306,5307,12,not_a
4,518,1527,1528,9,not_xor
4,519,3142,3143,10,not_b
4,520,553,554,5,b
4,521,6370,6371,15,one
4,522,3791,3792,8,not_or
4,523,5598,5599,2,not_implies
4,524,5225,5226,5,b
4,525,639,640,4,not_implied_by
4,526,6187,6188,10,not_b
4,527,5167,5168,5,b
4,528,1226,1227,10,not_b
4,529,4571,4572,0,zero
4,530,5410,5411,4,not_implied_by
4,531,2465,2466,1,and
4,532,3897,3898,3,a
4,533,3732,3733,14,not_and
4,534,2018,2019,5,b
4,535,6020,6021,8,not_or
4,536,3016,3017,2,not_implies
4,537,1848,1849,14,not_and
4,538,4988,4989,6,xor
4,539,1826,1827,4,not_implied_by
4,540,3545,3546,10,not_b
4,541,5645,5646,5,b
4,542,5106,5107,9,not_xor
4,543,4824,4825,13,implies
4,544,4502,4503,4,not_implied_by
4,545,341,342,5,b
4,546,2849,2850,13,implies
4,547,210,211,7,or
4,548,1384,1385,3,a
4,549,3892,3893,8,not_or
4,550,7715,7716,10,not_b
4,551,7911,7912,13,implies
4,552,3935,3936,8,not_or
4,553,5323,5324,4,not_implied_by
4,554,93,94,7,or
4,555,2127,2128,1,and
4,556,4987,4988,14,not_and
4,557,5326,5327,2,not_implies
4,558,2794,2795,1,and
4,559,3918,3919,12,not_a
4,560,530,531,5,b
4,561,1707,1708,12,not_a
4,562,6044,6045,5,b
4,563,242,243,7,or
4,564,6176,6177,5,b
4,565,2399,2400,9,not_xor
4,566,968,969,11,implied_by
4,567,7712,7713,10,not_b
4,568,142,143,12,not_a
4,569,2901,2902,8,not_or
4,570,3500,3501,5,b
4,571,1974,1975,3,a
4,572,4051,4052,2,not_implies
4,573,536,537,12,not_a
4,574,2639,2640,5,b
4,575,7464,7465,8,not_or
4,576,6489,6490,10,not_b
4,577,3425,3426,3,a
4,578,4591,4592,12,not_a
4,579,2827,2828,9,not_xor
4,580,5119,5120,5,b
4,581,4310,4311,1,and
4,582,3516,3517,10,not_b
4,583,314,315,10,not_b
4,584,2304,2305,12,not_a
4,585,2235,2236,11,implied_by
4,586,4286,4287,2,not_implies
4,587,1773,1774,13,implies
4,588,5466,5467,9,not_xor
4,589,2878,2879,10,not_b
4,590,7799,7800,10,not_b
4,591,4020,4021,9,not_xor
4,592,7517,7518,4,not_implied_by
4,593,1028,1029,12,not_a
4,594,2467,2468,4,not_implied_by
4,595,6092,6093,5,b
4,596,128,129,12,not_a
4,597,2375,2376,4,not_implied_by
4,598,5933,5934,10,not_b
4,599,3586,3587,9,not_xor
4,600,5847,5848,12,not_a
4,601,164,165,7,or
4,602,6826,6827,7,or
4,603,3600,3601,4,not_implied_by
4,604,3183,3184,5,b
4,605,7414,7415,5,b
4,606,1061,1062,15,one
4,607,1548,1549,5,b
4,608,2961,2962,3,a
4,609,4253,4254,1,and
4,610,7784,7785,5,b
4,611,5308,5309,8,not_or
4,612,4254,4255,5,b
4,613,2608,2609,6,xor
4,614,5195,5196,13,implies
4,615,3858,3859,3,a
4,616,2370,2371,3,a
4,617,3501,3502,3,a
4,618,1795,1796,5,b
4,619,2958,2959,13,implies
4,620,6756,6757,12,not_a
4,621,4284,4285,11,implied_by
4,622,7267,7268,6,xor
4,623,1475,1476,3,a
4,624,7922,7923,1,and
4,625,2997,2998,5,b
4,626,7568,7569,0,zero
4,627,751,752,3,a
4,628,7508,7509,15,one
4,629,1598,1599,1,and
4,630,1659,1660,0,zero
4,631,2567,2568,8,not_or
4,632,1222,1223,4,not_implied_by
4,633,5485,5486,12,not_a
4,634,1044,1045,3,a
4,635,7124,7125,3,a
4,636,2557,2558,7,or
4,637,3354,3355,6,xor
4,638,649,650,0,zero
4,639,4825,4826,3,a
4,640,6075,6076,3,a
4,641,6101,6102,10,not_b
4,642,3870,3871,11,implied_by
4,643,5428,5429,12,not_a
4,644,2250,2251,5,b
4,645,6742,6743,7,or
4,646,5173,5174,5,b
4,647,5180,5181,0,zero
4,648,4233,4234,3,a
4,649,7338,7339,10,not_b
4,650,6023,6024,12,not_a
4,651,7724,7725,12,not_a
4,652,5987,5988,13,implies
4,653,6218,6219,3,a
4,654,5555,5556,12,not_a
4,655,5502,5503,14,not_and
4,656,54,55,5,b
4,657,5484,5485,5,b
4,658,1339,1340,11,implied_by
4,659,5039,5040,10,not_b
4,660,2294,2295,5,b
4,661,4646,4647,0,zero
4,662,7540,7541,10,not_b
4,663,997,998,15,one
4,664,364,365,6,xor
4,665,2432,2433,12,not_a
4,666,2241,2242,10,not_b
4,667,3867,3868,12,not_a
4,668,3135,3136,2,not_implies
4,669,6536,6537,3,a
4,670,3007,3008,5,b
4,671,7095,7096,2,not_implies
4,672,5985,5986,3,a
4,673,5991,5992,1,and
4,674,6269,6270,4,not_implied_by
4,675,2682,2683,3,a
4,676,6850,6851,3,a
4,677,6230,6231,10,not_b
4,678,5568,5569,0,zero
4,679,6748,6749,5,b
4,680,7386,7387,7,or
4,681,125,126,9,not_xor
4,682,3100,3101,8,not_or
4,683,2582,2583,12,not_a
4,684,1944,1945,7,or
4,685,989,990,9,not_xor
4,686,3803,3804,12,not_a
4,687,1043,1044,15,one
4,688,404,405,15,one
4,689,2153,2154,11,implied_by
4,690,199,200,8,not_or
4,691,1896,1897,14,not_and
4,692,6111,6112,2,not_implies
4,693,3860,3861,3,a
4,694,7060,7061,9,not_xor
4,695,4128,4129,9,not_xor
4,696,3490,3491,10,not_b
4,697,2786,2787,12,not_a
4,698,1595,1596,15,one
4,699,3801,3802,10,not_b
4,700,5538,5539,4,not_implied_by
4,701,5158,5159,7,or
4,702,3101,3102,14,not_and
4,703,2279,2280,5,b
4,704,6655,6656,6,xor
4,705,7761,7762,3,a
4,706,6791,6792,0,zero
4,707,7408,7409,15,one
4,708,2629,2630,5,b
4,709,1139,1140,7,or
4,710,7740,7741,8,not_or
4,711,4400,4401,15,one
4,712,7858,7859,12,not_a
4,713,6261,6262,8,not_or
4,714,121,122,3,a
4,715,1341,1342,3,a
4,716,7058,7059,10,not_b
4,717,3845,3846,8,not_or
4,718,5452,5453,11,implied_by
4,719,6957,6958,2,not_implies
4,720,7071,7072,0,zero
4,721,5288,5289,9,not_xor
4,722,5728,5729,5,b
4,723,5445,5446,10,not_b
4,724,7694,7695,11,implied_by
4,725,7604,7605,9,not_xor
4,726,5908,5909,12,not_a
4,727,2574,2575,2,not_implies
4,728,3422,3423,10,not_b
4,729,7261,7262,3,a
4,730,488,489,7,or
4,731,4568,4569,5,b
4,732,2883,2884,5,b
4,733,4148,4149,15,one
4,734,1682,1683,7,or
4,735,7729,7730,4,not_implied_by
4,736,2219,2220,5,b
4,737,2157,2158,5,b
4,738,278,279,3,a
4,739,1389,1390,12,not_a
4,740,2356,2357,2,not_implies
4,741,7201,7202,5,b
4,742,2049,2050,13,implies
4,743,5405,5406,6,xor
4,744,7298,7299,1,and
4,745,5122,5123,1,and
4,746,6268,6269,8,not_or
4,747,2551,2552,6,xor
4,748,7949,7950,10,not_b
4,749,359,360,12,not_a
4,750,3223,3224,10,not_b
4,751,534,535,10,not_b
4,752,4774,4775,10,not_b
4,753,2910,2911,12,not_a
4,754,3339,3340,5,b
4,755,428,429,5,b
4,756,2555,2556,9,not_xor
4,757,389,390,15,one
4,758,7126,7127,12,not_a
4,759,6902,6903,6,xor
4,760,7847,7848,2,not_implies
4,761,1068,1069,2,not_implies
4,762,1672,1673,4,not_implied_by
4,763,6763,6764,10,not_b
4,764,2176,2177,13,implies
4,765,6574,6575,11,implied_by
4,766,6425,6426,2,not_implies
4,767,7788,7789,10,not_b
4,768,7484,7485,2,not_implies
4,769,1612,1613,0,zero
4,770,5920,5921,8,not_or
4,771,1859,1860,9,not_xor
4,772,2064,2065,8,not_or
4,773,5359,5360,14,not_and
4,774,1410,1411,12,not_a
4,775,7286,7287,15,one
4,776,6472,6473,11,implied_by
4,777,7693,7694,4,not_implied_by
4,778,6068,6069,5,b
4,779,2366,2367,10,not_b
4,780,6803,6804,11,implied_by
4,781,2563,2564,10,not_b
4,782,7738,7739,7,or
4,783,4094,4095,10,not_b
4,784,6416,6417,11,implied_by
4,785,310,311,4,not_implied_by
4,786,4976,4977,2,not_implies
4,787,1069,1070,5,b
4,788,2648,2649,3,a
4,789,1157,1158,8,not_or
4,790,7969,7970,3,a
4,791,7089,7090,14,not_and
4,792,4808,4809,5,b
4,793,256,257,10,not_b
4,794,7612,7613,3,a
4,795,7146,7147,8,not_or
4,796,7400,7401,10,not_b
4,797,4468,4469,4,not_implied_by
4,798,6087,6088,4,not_implied_by
4,799,4675,4676,5,b
4,800,4917,4918,5,b
4,801,4507,4508,2,not_implies
4,802,211,212,0,zero
4,803,3707,3708,6,xor
4,804,5566,5567,12,not_a
4,805,5199,5200,10,not_b
4,806,1874,1875,3,a
4,807,5394,5395,11,implied_by
4,808,1935,1936,1,and
4,809,6284,6285,0,zero
4,810,2139,2140,7,or
4,811,351,352,0,zero
4,812,2353,2354,10,not_b
4,813,3854,3855,5,b
4,814,1824,1825,4,not_implied_by
4,815,4912,4913,7,or
4,816,7635,7636,12,not_a
4,817,5062,5063,3,a
4,818,2976,2977,14,not_and
4,819,1097,1098,2,not_implies
4,820,5019,5020,4,not_implied_by
4,821,2210,2211,15,one
4,822,6818,6819,1,and
4,823,7616,7617,6,xor
4,824,492,493,10,not_b
4,825,7805,7806,11,implied_by
4,826,554,555,5,b
4,827,4566,4567,14,not_and
4,828,3262,3263,10,not_b
4,829,1664,1665,0,zero
4,830,7538,7539,1,and
4,831,5786,5787,6,xor
4,832,1394,1395,14,not_and
4,833,888,889,12,not_a
4,834,3239,3240,5,b
4,835,4041,4042,6,xor
4,836,105,106,13,implies
4,837,3334,3335,8,not_or
4,838,3310,3311,10,not_b
4,839,7482,7483,12,not_a
4,840,6589,6590,14,not_and
4,841,3653,3654,11,implied_by
4,842,5899,5900,1,and
4,843,7936,7937,3,a
4,844,7702,7703,6,xor
4,845,3375,3376,5,b
4,846,2886,2887,9,not_xor
4,847,4044,4045,5,b
4,848,3128,3129,12,not_a
4,849,1176,1177,2,not_implies
4,850,1241,1242,0,zero
4,851,5262,5263,3,a
4,852,5123,5124,12,not_a
4,853,1605,1606,5,b
4,854,1372,1373,10,not_b
4,855,5439,5440,10,not_b
4,856,4599,4600,13,implies
4,857,6875,6876,9,not_xor
4,858,3942,3943,4,not_implied_by
4,859,5998,5999,1,and
4,860,1663,1664,11,implied_by
4,861,5248,5249,1,and
4,862,5662,5663,6,xor
4,863,5186,5187,5,b
4,864,4018,4019,14,not_and
4,865,2120,2121,15,one
4,866,2352,2353,13,implies
4,867,1822,1823,2,not_implies
4,868,5479,5480,3,a
4,869,3608,3609,9,not_xor
4,870,4852,4853,2,not_implies
4,871,5958,5959,5,b
4,872,19,20,3,a
4,873,2839,2840,5,b
4,874,3810,3811,6,xor
4,875,7755,7756,9,not_xor
4,876,5627,5628,5,b
4,877,7094,7095,2,not_implies
4,878,174,175,5,b
4,879,380,381,1,and
4,880,6761,6762,3,a
4,881,2599,2600,2,not_implies
4,882,5708,5709,11,implied_by
4,883,6097,6098,5,b
4,884,449,450,15,one
4,885,2436,2437,6,xor
4,886,905,906,13,implies
4,887,7541,7542,10,not_b
4,888,1690,1691,12,not_a
4,889,2116,2117,12,not_a
4,890,3744,3745,3,a
4,891,824,825,1,and
4,892,2425,2426,5,b
4,893,4469,4470,14,not_and
4,894,7017,7018,13,implies
4,895,6764,6765,11,implied_by
4,896,5369,5370,13,implies
4,897,240,241,15,one
4,898,6689,6690,8,not_or
4,899,4777,4778,10,not_b
4,900,3530,3531,12,not_a
4,901,50,51,12,not_a
4,902,7651,7652,1,and
4,903,7258,7259,7,or
4,904,2852,2853,1,and
4,905,4848,4849,2,not_implies
4,906,2519,2520,7,or
4,907,2918,2919,3,a
4,908,7257,7258,5,b
4,909,7718,7719,12,not_a
4,910,3620,3621,11,implied_by
4,911,5699,5700,7,or
4,912,5378,5379,7,or
4,913,44,45,1,and
4,914,4581,4582,10,not_b
4,915,4732,4733,7,or
4,916,3394,3395,5,b
4,917,892,893,12,not_a
4,918,3088,3089,0,zero
4,919,5478,5479,1,and
4,920,682,683,14,not_and
4,921,6366,6367,3,a
4,922,4593,4594,12,not_a
4,923,4088,4089,12,not_a
4,924,4426,4427,15,one
4,925,788,789,10,not_b
4,926,4313,4314,11,implied_by
4,927,1520,1521,6,xor
4,928,1350,1351,0,zero
4,929,5409,5410,11,implied_by
4,930,2662,2663,15,one
4,931,7551,7552,3,a
4,932,2516,2517,1,and
4,933,1909,1910,14,not_and
4,934,4374,4375,7,or
4,935,2748,2749,3,a
4,936,973,974,10,not_b
4,937,3587,3588,14,not_and
4,938,3388,3389,5,b
4,939,3571,3572,5,b
4,940,5837,5838,4,not_implied_by
4,941,4441,4442,0,zero
4,942,5725,5726,10,not_b
4,943,2994,2995,4,not_implied_by
4,944,2905,2906,10,not_b
4,945,110,111,12,not_a
4,946,964,965,1,and
4,947,7542,7543,12,not_a
4,948,1271,1272,7,or
4,949,7048,7049,3,a
4,950,6411,6412,3,a
4,951,5644,5645,12,not_a
4,952,7602,7603,5,b
4,953,6015,6016,13,implies
4,954,891,892,5,b
4,955,6051,6052,5,b
4,956,5136,5137,6,xor
4,957,4206,4207,6,xor
4,958,6928,6929,5,b
4,959,2295,2296,5,b
4,960,2821,2822,4,not_implied_by
4,961,1027,1028,14,not_and
4,962,46,47,10,not_b
4,963,2024,2025,15,one
4,964,1017,1018,6,xor
4,965,7553,7554,15,one
4,966,5270,5271,11,implied_by
4,967,3190,3191,5,b
4,968,1634,1635,2,not_implies
4,969,3303,3304,10,not_b
4,970,161,162,2,not_implies
4,971,7725,7726,3,a
4,972,5604,5605,3,a
4,973,6609,6610,7,or
4,974,1430,1431,12,not_a
4,975,7121,7122,2,not_implies
4,976,4136,4137,11,implied_by
4,977,3613,3614,11,implied_by
4,978,3696,3697,1,and
4,979,5938,5939,9,not_xor
4,980,4608,4609,3,a
4,981,2915,2916,6,xor
4,982,5965,5966,2,not_implies
4,983,4218,4219,12,not_a
4,984,6931,6932,10,not_b
4,985,712,713,9,not_xor
4,986,1852,1853,3,a
4,987,3820,3821,5,b
4,988,840,841,11,implied_by
4,989,4906,4907,11,implied_by
4,990,4680,4681,4,not_implied_by
4,991,67,68,10,not_b
4,992,2879,2880,1,and
4,993,509,510,6,xor
4,994,411,412,6,xor
4,995,1512,1513,11,implied_by
4,996,3923,3924,3,a
4,997,3808,3809,4,not_implied_by
4,998,3471,3472,3,a
4,999,2271,2272,1,and
4,1000,2506,2507,4,not_implied_by
4,1001,6332,6333,8,not_or
4,1002,5224,5225,1,and
4,1003,7344,7345,13,implies
4,1004,7988,7989,14,not_and
4,1005,4270,4271,3,a
4,1006,2511,2512,12,not_a
4,1007,2113,2114,3,a
4,1008,5658,5659,12,not_a
4,1009,2278,2279,14,not_and
4,1010,4021,4022,9,not_xor
4,1011,3705,3706,3,a
4,1012,6980,6981,9,not_xor
4,1013,5839,5840,12,not_a
4,1014,2034,2035,8,not_or
4,1015,6651,6652,12,not_a
4,1016,4135,4136,14,not_and
4,1017,3667,3668,6,xor
4,1018,4800,4801,10,not_b
4,1019,1443,1444,0,zero
4,1020,5707,5708,15,one
4,1021,4017,4018,4,not_implied_by
4,1022,495,496,4,not_implied_by
4,1023,3695,3696,10,not_b
4,1024,2987,2988,9,not_xor
4,1025,4639,4640,14,not_and
4,1026,6481,6482,5,b
4,1027,2533,2534,11,implied_by
4,1028,793,794,0,zero
4,1029,7314,7315,3,a
4,1030,3372,3373,15,one
4,1031,1906,1907,15,one
4,1032,6058,6059,0,zero
4,1033,5557,5558,11,implied_by
4,1034,7200,7201,3,a
4,1035,5159,5160,6,xor
4,1036,942,943,6,xor
4,1037,136,137,2,not_implies
4,1038,702,703,5,b
4,1039,7545,7546,4,not_implied_by
4,1040,4241,4242,13,implies
4,1041,2321,2322,11,implied_by
4,1042,4589,4590,3,a
4,1043,1748,1749,7,or
4,1044,2991,2992,1,and
4,1045,6882,6883,1,and
4,1046,3391,3392,2,not_implies
4,1047,2367,2368,1,and
4,1048,7493,7494,5,b
4,1049,1170,1171,3,a
4,1050,1294,1295,13,implies
4,1051,1631,1632,14,not_and
4,1052,6468,6469,1,and
4,1053,7996,7997,1,and
4,1054,1902,1903,13,implies
4,1055,279,280,5,b
4,1056,1011,1012,2,not_implies
4,1057,4084,4085,15,one
4,1058,6995,6996,15,one
4,1059,6579,6580,10,not_b
4,1060,5458,5459,7,or
4,1061,4712,4713,12,not_a
4,1062,6576,6577,11,implied_by
4,1063,1749,1750,12,not_a
4,1064,1908,1909,0,zero
4,1065,1200,1201,12,not_a
4,1066,7244,7245,13,implies
4,1067,5105,5106,11,implied_by
4,1068,6040,6041,1,and
4,1069,7461,7462,8,not_or
4,1070,1887,1888,15,one
4,1071,3343,3344,6,xor
4,1072,694,695,0,zero
4,1073,5269,5270,3,a
4,1074,2186,2187,9,not_xor
4,1075,7874,7875,13,implies
4,1076,7457,7458,12,not_a
4,1077,4052,4053,12,not_a
4,1078,7947,7948,11,implied_by
4,1079,3280,3281,9,not_xor
4,1080,191,192,1,and
4,1081,1580,1581,14,not_and
4,1082,303,304,0,zero
4,1083,1198,1199,14,not_and
4,1084,3969,3970,5,b
4,1085,3160,3161,5,b
4,1086,2962,2963,8,not_or
4,1087,235,236,10,not_b
4,1088,4312,4313,9,not_xor
4,1089,6159,6160,5,b
4,1090,276,277,12,not_a
4,1091,4968,4969,3,a
4,1092,6927,6928,10,not_b
4,1093,7086,7087,13,implies
4,1094,7862,7863,9,not_xor
4,1095,1700,1701,3,a
4,1096,7107,7108,2,not_implies
4,1097,7451,7452,13,implies
4,1098,3015,3016,11,implied_by
4,1099,3329,3330,7,or
4,1100,3680,3681,2,not_implies
4,1101,623,624,3,a
4,1102,6537,6538,14,not_and
4,1103,3166,3167,5,b
4,1104,690,691,15,one
4,1105,3397,3398,2,not_implies
4,1106,1934,1935,4,not_implied_by
4,1107,1981,1982,7,or
4,1108,2203,2204,10,not_b
4,1109,431,432,11,implied_by
4,1110,2888,2889,6,xor
4,1111,4754,4755,3,a
4,1112,7806,7807,6,xor
4,1113,3957,3958,8,not_or
4,1114,1119,1120,10,not_b
4,1115,6175,6176,5,b
4,1116,4297,4298,7,or
4,1117,4097,4098,10,not_b
4,1118,6279,6280,10,not_b
4,1119,6273,6274,6,xor
4,1120,662,663,15,one
4,1121,810,811,9,not_xor
4,1122,6445,6446,15,one
4,1123,2945,2946,5,b
4,1124,3772,3773,12,not_a
4,1125,4669,4670,12,not_a
4,1126,4295,4296,9,not_xor
4,1127,6568,6569,13,implies
4,1128,4455,4456,15,one
4,1129,5792,5793,5,b
4,1130,1075,1076,3,a
4,1131,886,887,14,not_and
4,1132,2037,2038,12,not_a
4,1133,6386,6387,2,not_implies
4,1134,6521,6522,3,a
4,1135,7271,7272,3,a
4,1136,1450,1451,1,and
4,1137,1751,1752,10,not_b
4,1138,1702,1703,7,or
4,1139,24,25,10,not_b
4,1140,2341,2342,1,and
4,1141,2783,2784,10,not_b
4,1142,5743,5744,12,not_a
4,1143,1788,1789,9,not_xor
4,1144,5841,5842,10,not_b
4,1145,4738,4739,2,not_implies
4,1146,1131,1132,15,one
4,1147,4210,4211,5,b
4,1148,440,441,12,not_a
4,1149,1561,1562,1,and
4,1150,496,497,12,not_a
4,1151,1104,1105,7,or
4,1152,5788,5789,15,one
4,1153,4684,4685,11,implied_by
4,1154,1032,1033,0,zero
4,1155,5520,5521,12,not_a
4,1156,6978,6979,7,or
4,1157,3736,3737,10,not_b
4,1158,6492,6493,12,not_a
4,1159,3678,3679,4,not_implied_by
4,1160,2117,2118,10,not_b
4,1161,2522,2523,8,not_or
4,1162,6319,6320,2,not_implies
4,1163,5972,5973,8,not_or
4,1164,1080,1081,3,a
4,1165,4449,4450,12,not_a
4,1166,6119,6120,15,one
4,1167,5190,5191,7,or
4,1168,2701,2702,7,or
4,1169,1552,1553,10,not_b
4,1170,2293,2294,1,and
4,1171,4971,4972,3,a
4,1172,864,865,5,b
4,1173,5869,5870,6,xor
4,1174,6625,6626,6,xor
4,1175,5942,5943,11,implied_by
4,1176,6559,6560,9,not_xor
4,1177,5818,5819,12,not_a
4,1178,7377,7378,3,a
4,1179,6356,6357,9,not_xor
4,1180,3704,3705,10,not_b
4,1181,6623,6624,13,implies
4,1182,6150,6151,14,not_and
4,1183,3714,3715,3,a
4,1184,3454,3455,8,not_or
4,1185,6531,6532,10,not_b
4,1186,7700,7701,2,not_implies
4,1187,1508,1509,13,implies
4,1188,2996,2997,10,not_b
4,1189,5660,5661,10,not_b
4,1190,274,275,3,a
4,1191,294,295,14,not_and
4,1192,2678,2679,15,one
4,1193,3917,3918,12,not_a
4,1194,3168,3169,8,not_or
4,1195,3656,3657,11,implied_by
4,1196,327,328,2,not_implies
4,1197,4670,4671,13,implies
4,1198,425,426,10,not_b
4,1199,7100,7101,15,one
4,1200,4443,4444,12,not_a
4,1201,1059,1060,3,a
4,1202,4694,4695,10,not_b
4,1203,5368,5369,9,not_xor
4,1204,6088,6089,0,zero
4,1205,415,416,5,b
4,1206,716,717,10,not_b
4,1207,5038,5039,9,not_xor
4,1208,4582,4583,14,not_and
4,1209,2616,2617,1,and
4,1210,165,166,2,not_implies
4,1211,3746,3747,1,and
4,1212,600,601,10,not_b
4,1213,545,546,2,not_implies
4,1214,6848,6849,6,xor
4,1215,2349,2350,5,b
4,1216,5890,5891,3,a
4,1217,5281,5282,1,and
4,1218,6495,6496,12,not_a
4,1219,4757,4758,10,not_b
4,1220,5835,5836,10,not_b
4,1221,7643,7644,3,a
4,1222,1404,1405,15,one
4,1223,6311,6312,5,b
4,1224,2053,2054,4,not_implied_by
4,1225,1900,1901,10,not_b
4,1226,5747,5748,4,not_implied_by
4,1227,1345,1346,1,and
4,1228,26,27,8,not_or
4,1229,7417,7418,6,xor
4,1230,190,191,1,and
4,1231,7623,7624,13,implies
4,1232,6809,6810,1,and
4,1233,6614,6615,14,not_and
4,1234,4766,4767,0,zero
4,1235,6255,6256,8,not_or
4,1236,6919,6920,9,not_xor
4,1237,7389,7390,15,one
4,1238,951,952,6,xor
4,1239,6593,6594,12,not_a
4,1240,2833,2834,10,not_b
4,1241,945,946,1,and
4,1242,5435,5436,8,not_or
4,1243,4602,4603,15,one
4,1244,870,871,9,not_xor
4,1245,6586,6587,8,not_or
4,1246,1330,1331,3,a
4,1247,6916,6917,7,or
4,1248,7653,7654,4,not_implied_by
4,1249,736,737,2,not_implies
4,1250,5698,5699,12,not_a
4,1251,7652,7653,5,b
4,1252,6378,6379,9,not_xor
4,1253,3763,3764,13,implies
4,1254,471,472,2,not_implies
4,1255,2147,2148,14,not_and
4,1256,106,107,5,b
4,1257,6002,6003,0,zero
4,1258,5285,5286,4,not_implied_by
4,1259,6190,6191,1,and
4,1260,487,488,11,implied_by
4,1261,646,647,4,not_implied_by
4,1262,126,127,8,not_or
4,1263,7823,7824,10,not_b
4,1264,458,459,5,b
4,1265,1677,1678,8,not_or
4,1266,7491,7492,3,a
4,1267,1863,1864,12,not_a
4,1268,1995,1996,3,a
4,1269,6494,6495,14,not_and
4,1270,3106,3107,13,implies
4,1271,4819,4820,3,a
4,1272,5593,5594,13,implies
4,1273,4758,4759,14,not_and
4,1274,2007,2008,8,not_or
4,1275,6645,6646,1,and
4,1276,448,449,15,one
4,1277,2482,2483,8,not_or
4,1278,5134,5135,13,implies
4,1279,6653,6654,0,zero
4,1280,4909,4910,4,not_implied_by
4,1281,5160,5161,15,one
4,1282,5061,5062,13,implies
4,1283,4977,4978,15,one
4,1284,7272,7273,7,or
4,1285,7266,7267,14,not_and
4,1286,5442,5443,12,not_a
4,1287,139,140,12,not_a
4,1288,5197,5198,12,not_a
4,1289,1715,1716,6,xor
4,1290,7490,7491,11,implied_by
4,1291,4463,4464,3,a
4,1292,524,525,4,not_implied_by
4,1293,2446,2447,3,a
4,1294,5803,5804,8,not_or
4,1295,4943,4944,3,a
4,1296,1280,1281,1,and
4,1297,4378,4379,12,not_a
4,1298,2591,2592,3,a
4,1299,6478,6479,11,implied_by
4,1300,4451,4452,5,b
4,1301,6473,6474,5,b
4,1302,5089,5090,12,not_a
4,1303,3021,3022,15,one
4,1304,511,512,11,implied_by
4,1305,2463,2464,3,a
4,1306,5763,5764,14,not_and
4,1307,6801,6802,12,not_a
4,1308,108,109,5,b
4,1309,6073,6074,1,and
4,1310,6343,6344,10,not_b
4,1311,4349,4350,13,implies
4,1312,6438,6439,12,not_a
4,1313,1454,1455,9,not_xor
4,1314,1473,1474,6,xor
4,1315,5540,5541,0,zero
4,1316,4927,4928,9,not_xor
4,1317,2722,2723,8,not_or
4,1318,5056,5057,7,or
4,1319,7615,7616,10,not_b
4,1320,7474,7475,13,implies
4,1321,4702,4703,3,a
4,1322,7361,7362,9,not_xor
4,1323,6795,6796,11,implied_by
4,1324,7166,7167,12,not_a
4,1325,5884,5885,12,not_a
4,1326,1716,1717,6,xor
4,1327,4996,4997,10,not_b
4,1328,3851,3852,9,not_xor
4,1329,416,417,11,implied_by
4,1330,6668,6669,15,one
4,1331,5543,5544,15,one
4,1332,4090,4091,8,not_or
4,1333,3618,3619,3,a
4,1334,1261,1262,12,not_a
4,1335,4192,4193,0,zero
4,1336,6937,6938,2,not_implies
4,1337,4283,4284,6,xor
4,1338,871,872,5,b
4,1339,1246,1247,0,zero
4,1340,4003,4004,6,xor
4,1341,2584,2585,12,not_a
4,1342,1066,1067,0,zero
4,1343,3562,3563,14,not_and
4,1344,5684,5685,11,implied_by
4,1345,4821,4822,1,and
4,1346,6375,6376,12,not_a
4,1347,5866,5867,4,not_implied_by
4,1348,956,957,5,b
4,1349,3642,3643,15,one
4,1350,7175,7176,10,not_b
4,1351,3868,3869,3,a
4,1352,1897,1898,3,a
4,1353,2746,2747,8,not_or
4,1354,7295,7296,12,not_a
4,1355,6131,6132,1,and
4,1356,1925,1926,7,or
4,1357,5127,5128,14,not_and
4,1358,1132,1133,11,implied_by
4,1359,7589,7590,2,not_implies
4,1360,6898,6899,4,not_implied_by
4,1361,6733,6734,6,xor
4,1362,1215,1216,5,b
4,1363,803,804,0,zero
4,1364,1972,1973,12,not_a
4,1365,3799,3800,2,not_implies
4,1366,6249,6250,8,not_or
4,1367,4959,4960,1,and
4,1368,3800,3801,10,not_b
4,1369,4790,4791,12,not_a
4,1370,3568,3569,7,or
4,1371,7260,7261,10,not_b
4,1372,5614,5615,12,not_a
4,1373,5931,5932,2,not_implies
4,1374,3,4,15,one
4,1375,7308,7309,8,not_or
4,1376,7670,7671,5,b
4,1377,955,956,12,not_a
4,1378,1704,1705,3,a
4,1379,1762,1763,15,one
4,1380,374,375,13,implies
4,1381,7782,7783,4,not_implied_by
4,1382,3622,3623,4,not_implied_by
4,1383,335,336,7,or
4,1384,5340,5341,5,b
4,1385,5690,5691,0,zero
4,1386,4164,4165,1,and
4,1387,5703,5704,12,not_a
4,1388,7812,7813,8,not_or
4,1389,1037,1038,14,not_and
4,1390,7310,7311,3,a
4,1391,6981,6982,14,not_and
4,1392,7277,7278,10,not_b
4,1393,4266,4267,8,not_or
4,1394,559,560,7,or
4,1395,7376,7377,10,not_b
4,1396,740,741,3,a
4,1397,6251,6252,7,or
4,1398,1416,1417,9,not_xor
4,1399,6342,6343,6,xor
4,1400,2983,2984,14,not_and
4,1401,6933,6934,13,implies
4,1402,5188,5189,1,and
4,1403,4140,4141,0,zero
4,1404,5434,5435,3,a
4,1405,5624,5625,0,zero
4,1406,561,562,1,and
4,1407,2184,2185,4,not_implied_by
4,1408,43,44,13,implies
4,1409,5015,5016,9,not_xor
4,1410,3721,3722,12,not_a
4,1411,953,954,9,not_xor
4,1412,2636,2637,9,not_xor
4,1413,3011,3012,10,not_b
4,1414,6611,6612,0,zero
4,1415,2277,2278,0,zero
4,1416,1800,1801,15,one
4,1417,7190,7191,12,not_a
4,1418,2328,2329,5,b
4,1419,1358,1359,8,not_or
4,1420,5595,5596,13,implies
4,1421,6834,6835,8,not_or
4,1422,7524,7525,6,xor
4,1423,1646,1647,13,implies
4,1424,7535,7536,5,b
4,1425,2823,2824,3,a
4,1426,5226,5227,14,not_and
4,1427,6542,6543,3,a
4,1428,465,466,12,not_a
4,1429,3759,3760,7,or
4,1430,3452,3453,11,implied_by
4,1431,4610,4611,7,or
4,1432,1547,1548,10,not_b
4,1433,4250,4251,5,b
4,1434,4768,4769,11,implied_by
4,1435,2404,2405,14,not_and
4,1436,3302,3303,12,not_a
4,1437,3989,3990,10,not_b
4,1438,6627,6628,5,b
4,1439,3685,3686,14,not_and
4,1440,4858,4859,13,implies
4,1441,3688,3689,5,b
4,1442,4410,4411,11,implied_by
4,1443,1763,1764,10,not_b
4,1444,7992,7993,3,a
4,1445,2477,2478,3,a
4,1446,2270,2271,14,not_and
4,1447,476,477,8,not_or
4,1448,2247,2248,5,b
4,1449,4780,4781,14,not_and
4,1450,5923,5924,0,zero
4,1451,6414,6415,1,and
4,1452,4923,4924,5,b
4,1453,6715,6716,11,implied_by
4,1454,7945,7946,15,one
4,1455,7927,7928,14,not_and
4,1456,307,308,10,not_b
4,1457,4382,4383,7,or
4,1458,6808,6809,15,one
4,1459,684,685,3,a
4,1460,529,530,2,not_implies
4,1461,4617,4618,7,or
4,1462,6552,6553,0,zero
4,1463,3275,3276,13,implies
4,1464,7131,7132,8,not_or
4,1465,7912,7913,12,not_a
4,1466,4251,4252,2,not_implies
4,1467,386,387,8,not_or
4,1468,6544,6545,3,a
4,1469,2420,2421,6,xor
4,1470,6706,6707,5,b
4,1471,660,661,9,not_xor
4,1472,3441,3442,10,not_b
4,1473,1159,1160,12,not_a
4,1474,1597,1598,10,not_b
4,1475,1127,1128,5,b
4,1476,3872,3873,5,b
4,1477,2222,2223,10,not_b
4,1478,6196,6197,10,not_b
4,1479,7192,7193,13,implies
4,1480,1830,1831,13,implies
4,1481,7603,7604,12,not_a
4,1482,4435,4436,1,and
4,1483,2487,2488,15,one
4,1484,5025,5026,5,b
4,1485,6572,6573,7,or
4,1486,1291,1292,9,not_xor
4,1487,35,36,8,not_or
4,1488,2666,2667,15,one
4,1489,7864,7865,5,b
4,1490,5010,5011,3,a
4,1491,4994,4995,4,not_implied_by
4,1492,4929,4930,9,not_xor
4,1493,5444,5445,3,a
4,1494,2673,2674,5,b
4,1495,2998,2999,10,not_b
4,1496,3943,3944,10,not_b
4,1497,6528,6529,7,or
4,1498,2114,2115,13,implies
4,1499,2095,2096,12,not_a
4,1500,2075,2076,4,not_implied_by
4,1501,5579,5580,6,xor
4,1502,6434,6435,14,not_and
4,1503,7262,7263,5,b
4,1504,7223,7224,4,not_implied_by
4,1505,7441,7442,11,implied_by
4,1506,7984,7985,7,or
4,1507,6354,6355,3,a
4,1508,6116,6117,8,not_or
4,1509,7404,7405,9,not_xor
4,1510,3891,3892,5,b
4,1511,3203,3204,7,or
4,1512,2303,2304,5,b
4,1513,7879,7880,12,not_a
4,1514,1095,1096,13,implies
4,1515,2829,2830,12,not_a
4,1516,4202,4203,7,or
4,1517,198,199,5,b
4,1518,5832,5833,0,zero
4,1519,4672,4673,5,b
4,1520,7283,7284,12,not_a
4,1521,3357,3358,5,b
4,1522,2835,2836,3,a
4,1523,4596,4597,2,not_implies
4,1524,6535,6536,5,b
4,1525,4373,4374,8,not_or
4,1526,6876,6877,3,a
4,1527,513,514,12,not_a
4,1528,4177,4178,5,b
4,1529,2870,2871,3,a
4,1530,1327,1328,14,not_and
4,1531,5487,5488,11,implied_by
4,1532,4809,4810,10,not_b
4,1533,354,355,0,zero
4,1534,2480,2481,5,b
4,1535,893,894,11,implied_by
4,1536,6291,6292,8,not_or
4,1537,7080,7081,3,a
4,1538,1493,1494,7,or
4,1539,5430,5431,13,implies
4,1540,6488,6489,7,or
4,1541,1368,1369,3,a
4,1542,549,550,3,a
4,1543,6691,6692,12,not_a
4,1544,7946,7947,12,not_a
4,1545,4425,4426,12,not_a
4,1546,3748,3749,10,not_b
4,1547,1186,1187,3,a
4,1548,5118,5119,14,not_and
4,1549,3243,3244,14,not_and
4,1550,1078,1079,3,a
4,1551,2978,2979,5,b
4,1552,3661,3662,8,not_or
4,1553,5710,5711,5,b
4,1554,4938,4939,9,not_xor
4,1555,2225,2226,15,one
4,1556,3606,3607,15,one
4,1557,6408,6409,14,not_and
4,1558,3362,3363,3,a
4,1559,6231,6232,12,not_a
4,1560,79,80,13,implies
4,1561,4068,4069,7,or
4,1562,2240,2241,5,b
4,1563,5379,5380,3,a
4,1564,5202,5203,9,not_xor
4,1565,1546,1547,3,a
4,1566,3911,3912,7,or
4,1567,4542,4543,1,and
4,1568,5872,5873,8,not_or
4,1569,4325,4326,0,zero
4,1570,5571,5572,8,not_or
4,1571,804,805,3,a
4,1572,7227,7228,15,one
4,1573,4547,4548,10,not_b
4,1574,7309,7310,10,not_b
4,1575,57,58,2,not_implies
4,1576,3716,3717,10,not_b
4,1577,7592,7593,1,and
4,1578,1313,1314,5,b
4,1579,3389,3390,5,b
4,1580,4775,4776,7,or
4,1581,371,372,15,one
4,1582,6254,6255,7,or
4,1583,7465,7466,10,not_b
4,1584,6663,6664,7,or
4,1585,1813,1814,10,not_b
4,1586,3419,3420,12,not_a
4,1587,4421,4422,12,not_a
4,1588,6688,6689,1,and
4,1589,153,154,7,or
4,1590,2843,2844,2,not_implies
4,1591,2242,2243,8,not_or
4,1592,4460,4461,10,not_b
4,1593,3540,3541,14,not_and
4,1594,6851,6852,2,not_implies
4,1595,6014,6015,14,not_and
4,1596,4565,4566,12,not_a
4,1597,4879,4880,10,not_b
4,1598,7237,7238,14,not_and
4,1599,4351,4352,10,not_b
4,1600,5889,5890,3,a
4,1601,1510,1511,12,not_a
4,1602,6377,6378,3,a
4,1603,5569,5570,13,implies
4,1604,1601,1602,6,xor
4,1605,2140,2141,10,not_b
4,1606,5322,5323,5,b
4,1607,4027,4028,9,not_xor
4,1608,2220,2221,11,implied_by
4,1609,523,524,3,a
4,1610,5648,5649,12,not_a
4,1611,705,706,14,not_and
4,1612,2613,2614,15,one
4,1613,6891,6892,9,not_xor
4,1614,6938,6939,2,not_implies
4,1615,311,312,1,and
4,1616,4474,4475,11,implied_by
4,1617,3639,3640,8,not_or
4,1618,6711,6712,5,b
4,1619,3082,3083,14,not_and
4,1620,622,623,1,and
4,1621,3392,3393,4,not_implied_by
4,1622,7174,7175,7,or
4,1623,915,916,4,not_implied_by
4,1624,1051,1052,2,not_implies
4,1625,167,168,9,not_xor
4,1626,7113,7114,2,not_implies
4,1627,2380,2381,10,not_b
4,1628,2128,2129,13,implies
4,1629,3056,3057,12,not_a
4,1630,4685,4686,9,not_xor
4,1631,5138,5139,8,not_or
4,1632,2761,2762,1,and
4,1633,3063,3064,10,not_b
4,1634,5956,5957,13,implies
4,1635,5051,5052,4,not_implied_by
4,1636,7150,7151,6,xor
4,1637,4676,4677,13,implies
4,1638,5918,5919,1,and
4,1639,7443,7444,3,a
4,1640,7259,7260,7,or
4,1641,6380,6381,3,a
4,1642,6594,6595,12,not_a
4,1643,3785,3786,10,not_b
4,1644,1191,1192,3,a
4,1645,6214,6215,9,not_xor
4,1646,4924,4925,9,not_xor
4,1647,6682,6683,3,a
4,1648,3517,3518,1,and
4,1649,778,779,8,not_or
4,1650,6115,6116,10,not_b
4,1651,6810,6811,1,and
4,1652,5319,5320,5,b
4,1653,970,971,1,and
4,1654,6747,6748,13,implies
4,1655,5266,5267,14,not_and
4,1656,3480,3481,11,implied_by
4,1657,2066,2067,11,implied_by
4,1658,2890,2891,5,b
4,1659,5399,5400,4,not_implied_by
4,1660,3793,3794,13,implies
4,1661,5357,5358,1,and
4,1662,5083,5084,1,and
4,1663,4080,4081,5,b
4,1664,6491,6492,13,implies
4,1665,2517,2518,8,not_or
4,1666,748,749,12,not_a
4,1667,2345,2346,8,not_or
4,1668,7436,7437,11,implied_by
4,1669,6217,6218,9,not_xor
4,1670,6636,6637,3,a
4,1671,2707,2708,1,and
4,1672,4075,4076,2,not_implies
4,1673,6374,6375,13,implies
4,1674,4057,4058,7,or
4,1675,4045,4046,5,b
4,1676,6232,6233,14,not_and
4,1677,878,879,5,b
4,1678,3611,3612,5,b
4,1679,4212,4213,6,xor
4,1680,1644,1645,14,not_and
4,1681,5291,5292,11,implied_by
4,1682,7797,7798,10,not_b
4,1683,1006,1007,3,a
4,1684,6815,6816,8,not_or
4,1685,5749,5750,5,b
4,1686,3148,3149,13,implies
4,1687,3718,3719,4,not_implied_by
4,1688,2822,2823,3,a
4,1689,4087,4088,10,not_b
4,1690,5808,5809,12,not_a
4,1691,5996,5997,13,implies
4,1692,6347,6348,0,zero
4,1693,585,586,8,not_or
4,1694,6988,6989,6,xor
4,1695,2611,2612,9,not_xor
4,1696,1468,1469,15,one
4,1697,2426,2427,8,not_or
4,1698,4243,4244,9,not_xor
4,1699,2355,2356,10,not_b
4,1700,5629,5630,7,or
4,1701,4574,4575,3,a
4,1702,7915,7916,8,not_or
4,1703,3885,3886,12,not_a
4,1704,790,791,4,not_implied_by
4,1705,2942,2943,3,a
4,1706,7916,7917,13,implies
4,1707,3497,3498,13,implies
4,1708,7327,7328,15,one
4,1709,2154,2155,4,not_implied_by
4,1710,3132,3133,10,not_b
4,1711,4891,4892,8,not_or
4,1712,6391,6392,12,not_a
4,1713,5606,5607,8,not_or
4,1714,5076,5077,2,not_implies
4,1715,7447,7448,10,not_b
4,1716,7503,7504,1,and
4,1717,3252,3253,0,zero
4,1718,2699,2700,2,not_implies
4,1719,6534,6535,12,not_a
4,1720,5962,5963,15,one
4,1721,1746,1747,13,implies
4,1722,7554,7555,7,or
4,1723,1382,1383,2,not_implies
4,1724,1703,1704,11,implied_by
4,1725,7839,7840,4,not_implied_by
4,1726,4920,4921,7,or
4,1727,979,980,14,not_and
4,1728,4497,4498,10,not_b
4,1729,848,849,7,or
4,1730,1735,1736,9,not_xor
4,1731,1485,1486,3,a
4,1732,7583,7584,4,not_implied_by
4,1733,7129,7130,5,b
4,1734,6022,6023,0,zero
4,1735,2643,2644,12,not_a
4,1736,2657,2658,8,not_or
4,1737,3904,3905,13,implies
4,1738,1325,1326,8,not_or
4,1739,6790,6791,7,or
4,1740,7466,7467,12,not_a
4,1741,2025,2026,4,not_implied_by
4,1742,254,255,12,not_a
4,1743,4729,4730,3,a
4,1744,1761,1762,13,implies
4,1745,1636,1637,6,xor
4,1746,1173,1174,10,not_b
4,1747,2343,2344,8,not_or
4,1748,652,653,7,or
4,1749,299,300,15,one
4,1750,2331,2332,9,not_xor
4,1751,1614,1615,4,not_implied_by
4,1752,6016,6017,10,not_b
4,1753,5761,5762,2,not_implies
4,1754,5754,5755,5,b
4,1755,2832,2833,12,not_a
4,1756,780,781,4,not_implied_by
4,1757,6887,6888,11,implied_by
4,1758,6294,6295,3,a
4,1759,4967,4968,12,not_a
4,1760,3757,3758,2,not_implies
4,1761,3247,3248,15,one
4,1762,6283,6284,15,one
4,1763,5634,5635,10,not_b
4,1764,3479,3480,11,implied_by
4,1765,3417,3418,5,b
4,1766,3551,3552,13,implies
4,1767,1734,1735,5,b
4,1768,1179,1180,3,a
4,1769,2899,2900,11,implied_by
4,1770,794,795,4,not_implied_by
4,1771,319,320,13,implies
4,1772,394,395,11,implied_by
4,1773,74,75,8,not_or
4,1774,7082,7083,10,not_b
4,1775,6838,6839,0,zero
4,1776,3555,3556,5,b
4,1777,5936,5937,15,one
4,1778,5857,5858,6,xor
4,1779,3277,3278,6,xor
4,1780,4523,4524,9,not_xor
4,1781,1014,1015,3,a
4,1782,6631,6632,14,not_and
4,1783,4141,4142,8,not_or
4,1784,4548,4549,9,not_xor
4,1785,2721,2722,12,not_a
4,1786,2521,2522,7,or
4,1787,1434,1435,14,not_and
4,1788,6990,6991,6,xor
4,1789,4380,4381,10,not_b
4,1790,2505,2506,5,b
4,1791,7898,7899,7,or
4,1792,6915,6916,4,not_implied_by
4,1793,5389,5390,11,implied_by
4,1794,6449,6450,6,xor
4,1795,260,261,2,not_implies
4,1796,4461,4462,6,xor
4,1797,4550,4551,8,not_or
4,1798,5953,5954,10,not_b
4,1799,3614,3615,13,implies
4,1800,1304,1305,3,a
4,1801,6460,6461,3,a
4,1802,3136,3137,5,b
4,1803,2993,2994,6,xor
4,1804,1203,1204,4,not_implied_by
4,1805,4951,4952,7,or
4,1806,4490,4491,10,not_b
4,1807,7692,7693,7,or
4,1808,7896,7897,5,b
4,1809,3936,3937,12,not_a
4,1810,4054,4055,5,b
4,1811,4050,4051,5,b
4,1812,7486,7487,3,a
4,1813,2292,2293,6,xor
4,1814,5814,5815,5,b
4,1815,4900,4901,8,not_or
4,1816,1405,1406,7,or
4,1817,2726,2727,4,not_implied_by
4,1818,4614,4615,9,not_xor
4,1819,2729,2730,0,zero
4,1820,3171,3172,8,not_or
4,1821,6506,6507,3,a
4,1822,7050,7051,6,xor
4,1823,4200,4201,0,zero
4,1824,6335,6336,12,not_a
4,1825,2406,2407,12,not_a
4,1826,668,669,4,not_implied_by
4,1827,1031,1032,12,not_a
4,1828,322,323,11,implied_by
4,1829,6133,6134,10,not_b
4,1830,6330,6331,10,not_b
4,1831,4228,4229,10,not_b
4,1832,229,230,15,one
4,1833,1221,1222,0,zero
4,1834,3650,3651,8,not_or
4,1835,3730,3731,3,a
4,1836,7851,7852,10,not_b
4,1837,7026,7027,10,not_b
4,1838,6281,6282,12,not_a
4,1839,999,1000,13,implies
4,1840,1013,1014,8,not_or
4,1841,5280,5281,10,not_b
4,1842,7546,7547,5,b
4,1843,2793,2794,4,not_implied_by
4,1844,4974,4975,0,zero
4,1845,6605,6606,6,xor
4,1846,3257,3258,1,and
4,1847,6638,6639,12,not_a
4,1848,1834,1835,11,implied_by
4,1849,1938,1939,10,not_b
4,1850,1115,1116,12,not_a
4,1851,5654,5655,9,not_xor
4,1852,7203,7204,3,a
4,1853,7353,7354,10,not_b
4,1854,1081,1082,1,and
4,1855,3438,3439,9,not_xor
4,1856,3218,3219,9,not_xor
4,1857,2227,2228,5,b
4,1858,7985,7986,11,implied_by
4,1859,2980,2981,13,implies
4,1860,1420,1421,1,and
4,1861,2950,2951,14,not_and
4,1862,6140,6141,8,not_or
4,1863,123,124,8,not_or
4,1864,4187,4188,8,not_or
4,1865,7103,7104,0,zero
4,1866,3446,3447,14,not_and
4,1867,3163,3164,8,not_or
4,1868,7195,7196,5,b
4,1869,6529,6530,3,a
4,1870,1801,1802,1,and
4,1871,353,354,13,implies
4,1872,4740,4741,6,xor
4,1873,2504,2505,13,implies
4,1874,6357,6358,9,not_xor
4,1875,2775,2776,12,not_a
4,1876,3279,3280,6,xor
4,1877,1989,1990,3,a
4,1878,3001,3002,0,zero
4,1879,6444,6445,0,zero
4,1880,5079,5080,2,not_implies
4,1881,2233,2234,7,or
4,1882,2325,2326,3,a
4,1883,4061,4062,0,zero
4,1884,5150,5151,5,b
4,1885,2507,2508,9,not_xor
4,1886,6941,6942,7,or
4,1887,6026,6027,4,not_implied_by
4,1888,3589,3590,14,not_and
4,1889,4182,4183,14,not_and
4,1890,2913,2914,12,not_a
4,1891,1212,1213,3,a
4,1892,192,193,10,not_b
4,1893,7889,7890,6,xor
4,1894,7685,7686,5,b
4,1895,286,287,11,implied_by
4,1896,1799,1800,3,a
4,1897,3274,3275,7,or
4,1898,6104,6105,14,not_and
4,1899,5139,5140,11,implied_by
4,1900,4965,4966,6,xor
4,1901,1854,1855,12,not_a
4,1902,3145,3146,15,one
4,1903,373,374,6,xor
4,1904,5927,5928,10,not_b
4,1905,7217,7218,7,or
4,1906,3105,3106,6,xor
4,1907,3468,3469,2,not_implies
4,1908,7006,7007,12,not_a
4,1909,456,457,3,a
4,1910,2312,2313,7,or
4,1911,779,780,10,not_b
4,1912,2479,2480,14,not_and
4,1913,7148,7149,5,b
4,1914,6745,6746,13,implies
4,1915,783,784,0,zero
4,1916,2419,2420,14,not_and
4,1917,4170,4171,12,not_a
4,1918,1238,1239,13,implies
4,1919,4575,4576,11,implied_by
4,1920,3122,3123,12,not_a
4,1921,1045,1046,3,a
4,1922,5685,5686,10,not_b
4,1923,6290,6291,3,a
4,1924,5617,5618,6,xor
4,1925,4934,4935,10,not_b
4,1926,177,178,15,one
4,1927,6028,6029,4,not_implied_by
4,1928,5897,5898,4,not_implied_by
4,1929,1501,1502,3,a
4,1930,6030,6031,13,implies
4,1931,3095,3096,6,xor
4,1932,3079,3080,0,zero
4,1933,1649,1650,10,not_b
4,1934,2530,2531,12,not_a
4,1935,1235,1236,9,not_xor
4,1936,3755,3756,3,a
4,1937,7682,7683,15,one
4,1938,2101,2102,15,one
4,1939,7219,7220,13,implies
4,1940,6035,6036,5,b
4,1941,6451,6452,2,not_implies
4,1942,3922,3923,5,b
4,1943,5170,5171,10,not_b
4,1944,6239,6240,0,zero
4,1945,1373,1374,10,not_b
4,1946,3811,3812,8,not_or
4,1947,5983,5984,11,implied_by
4,1948,6192,6193,13,implies
4,1949,1353,1354,5,b
4,1950,5239,5240,12,not_a
4,1951,2035,2036,5,b
4,1952,6314,6315,15,one
4,1953,2254,2255,15,one
4,1954,1034,1035,8,not_or
4,1955,5677,5678,0,zero
4,1956,6728,6729,9,not_xor
4,1957,7398,7399,6,xor
4,1958,1369,1370,13,implies
4,1959,6164,6165,0,zero
4,1960,4910,4911,9,not_xor
4,1961,7137,7138,15,one
4,1962,4572,4573,14,not_and
4,1963,3266,3267,7,or
4,1964,2063,2064,5,b
4,1965,6440,6441,12,not_a
4,1966,1650,1651,5,b
4,1967,2768,2769,5,b
4,1968,4692,4693,12,not_a
4,1969,2665,2666,4,not_implied_by
4,1970,4663,4664,10,not_b
4,1971,3033,3034,11,implied_by
4,1972,7114,7115,4,not_implied_by
4,1973,5376,5377,13,implies
4,1974,815,816,13,implies
4,1975,3256,3257,5,b
4,1976,7647,7648,6,xor
4,1977,5146,5147,5,b
4,1978,4031,4032,3,a
4,1979,2626,2627,3,a
4,1980,6920,6921,5,b
4,1981,2065,2066,7,or
4,1982,3022,3023,5,b
4,1983,5706,5707,12,not_a
4,1984,2560,2561,11,implied_by
4,1985,6112,6113,12,not_a
4,1986,3292,3293,4,not_implied_by
4,1987,3455,3456,9,not_xor
4,1988,6784,6785,3,a
4,1989,5653,5654,3,a
4,1990,5802,5803,3,a
4,1991,4631,4632,3,a
4,1992,735,736,3,a
4,1993,1231,1232,0,zero
4,1994,1681,1682,0,zero
4,1995,6182,6183,0,zero
4,1996,6061,6062,4,not_implied_by
4,1997,5940,5941,13,implies
4,1998,1114,1115,12,not_a
4,1999,7485,7486,5,b
4,2000,2814,2815,14,not_and
4,2001,3331,3332,11,implied_by
4,2002,5858,5859,10,not_b
4,2003,6358,6359,15,one
4,2004,1895,1896,5,b
4,2005,6773,6774,10,not_b
4,2006,2778,2779,12,not_a
4,2007,3578,3579,2,not_implies
4,2008,6376,6377,3,a
4,2009,5850,5851,3,a
4,2010,3209,3210,5,b
4,2011,5321,5322,5,b
4,2012,6388,6389,2,not_implies
4,2013,7978,7979,2,not_implies
4,2014,609,610,13,implies
4,2015,7913,7914,14,not_and
4,2016,6562,6563,2,not_implies
4,2017,2766,2767,11,implied_by
4,2018,6831,6832,3,a
4,2019,2689,2690,8,not_or
4,2020,4111,4112,8,not_or
4,2021,5661,5662,8,not_or
4,2022,7413,7414,7,or
4,2023,6922,6923,2,not_implies
4,2024,552,553,8,not_or
4,2025,978,979,2,not_implies
4,2026,7640,7641,15,one
4,2027,447,448,3,a
4,2028,215,216,5,b
4,2029,2223,2224,10,not_b
4,2030,3470,3471,10,not_b
4,2031,3981,3982,10,not_b
4,2032,6718,6719,5,b
4,2033,1423,1424,12,not_a
4,2034,5776,5777,11,implied_by
4,2035,1536,1537,11,implied_by
4,2036,4859,4860,10,not_b
4,2037,1056,1057,5,b
4,2038,3948,3949,2,not_implies
4,2039,6479,6480,2,not_implies
4,2040,5848,5849,14,not_and
4,2041,4598,4599,9,not_xor
4,2042,2171,2172,9,not_xor
4,2043,6716,6717,10,not_b
4,2044,4129,4130,2,not_implies
4,2045,493,494,0,zero
4,2046,6482,6483,9,not_xor
4,2047,5057,5058,8,not_or
4,2048,1064,1065,10,not_b
4,2049,1562,1563,3,a
4,2050,7008,7009,14,not_and
4,2051,5737,5738,15,one
4,2052,6807,6808,2,not_implies
4,2053,3321,3322,1,and
4,2054,6512,6513,5,b
4,2055,3637,3638,14,not_and
4,2056,3879,3880,2,not_implies
4,2057,2572,2573,0,zero
4,2058,7775,7776,6,xor
4,2059,4840,4841,15,one
4,2060,118,119,4,not_implied_by
4,2061,5063,5064,11,implied_by
4,2062,2652,2653,2,not_implies
4,2063,7771,7772,15,one
4,2064,2310,2311,14,not_and
4,2065,4260,4261,14,not_and
4,2066,7216,7217,14,not_and
4,2067,4341,4342,14,not_and
4,2068,4007,4008,2,not_implies
4,2069,5486,5487,0,zero
4,2070,2418,2419,11,implied_by
4,2071,4453,4454,10,not_b
4,2072,2838,2839,10,not_b
4,2073,4905,4906,6,xor
4,2074,1335,1336,2,not_implies
4,2075,6895,6896,7,or
4,2076,2486,2487,3,a
4,2077,7594,7595,7,or
4,2078,4899,4900,2,not_implies
4,2079,5018,5019,1,and
4,2080,3307,3308,8,not_or
4,2081,4627,4628,3,a
4,2082,5880,5881,11,implied_by
4,2083,7908,7909,15,one
4,2084,4116,4117,15,one
4,2085,3076,3077,11,implied_by
4,2086,6823,6824,14,not_and
4,2087,4736,4737,3,a
4,2088,4559,4560,8,not_or
4,2089,5903,5904,10,not_b
4,2090,4332,4333,12,not_a
4,2091,7511,7512,12,not_a
4,2092,5347,5348,0,zero
4,2093,4889,4890,11,implied_by
4,2094,3682,3683,12,not_a
4,2095,3719,3720,9,not_xor
4,2096,6260,6261,1,and
4,2097,340,341,12,not_a
4,2098,5211,5212,11,implied_by
4,2099,1425,1426,13,implies
4,2100,560,561,7,or
4,2101,7648,7649,7,or
4,2102,6717,6718,3,a
4,2103,3607,3608,15,one
4,2104,7530,7531,3,a
4,2105,2016,2017,13,implies
4,2106,3434,3435,15,one
4,2107,5508,5509,3,a
4,2108,2600,2601,7,or
4,2109,6670,6671,12,not_a
4,2110,5028,5029,9,not_xor
4,2111,2622,2623,0,zero
4,2112,7027,7028,13,implies
4,2113,3829,3830,0,zero
4,2114,3448,3449,5,b
4,2115,7158,7159,6,xor
4,2116,6697,6698,3,a
4,2117,6523,6524,12,not_a
4,2118,1479,1480,3,a
4,2119,3601,3602,14,not_and
4,2120,7739,7740,12,not_a
4,2121,7450,7451,9,not_xor
4,2122,275,276,12,not_a
4,2123,7062,7063,4,not_implied_by
4,2124,7452,7453,12,not_a
4,2125,3318,3319,14,not_and
4,2126,1766,1767,2,not_implies
4,2127,7707,7708,5,b
4,2128,7249,7250,0,zero
4,2129,4562,4563,15,one
4,2130,1953,1954,7,or
4,2131,379,380,12,not_a
4,2132,1102,1103,10,not_b
4,2133,4710,4711,3,a
4,2134,7459,7460,14,not_and
4,2135,5260,5261,13,implies
4,2136,5408,5409,12,not_a
4,2137,699,700,2,not_implies
4,2138,4533,4534,13,implies
4,2139,3958,3959,5,b
4,2140,2844,2845,10,not_b
4,2141,6889,6890,8,not_or
4,2142,2645,2646,12,not_a
4,2143,4319,4320,12,not_a
4,2144,1282,1283,11,implied_by
4,2145,2168,2169,11,implied_by
4,2146,7350,7351,10,not_b
4,2147,1065,1066,0,zero
4,2148,441,442,10,not_b
4,2149,2412,2413,7,or
4,2150,6953,6954,7,or
4,2151,5456,5457,3,a
4,2152,5575,5576,3,a
4,2153,1712,1713,9,not_xor
4,2154,3960,3961,14,not_and
4,2155,1363,1364,6,xor
4,2156,7122,7123,12,not_a
4,2157,4818,4819,0,zero
4,2158,854,855,1,and
4,2159,1205,1206,4,not_implied_by
4,2160,6637,6638,10,not_b
4,2161,4079,4080,9,not_xor
4,2162,1196,1197,3,a
4,2163,2965,2966,15,one
4,2164,7505,7506,7,or
4,2165,6704,6705,5,b
4,2166,2174,2175,3,a
4,2167,4395,4396,13,implies
4,2168,6946,6947,4,not_implied_by
4,2169,1662,1663,3,a
4,2170,1494,1495,14,not_and
4,2171,3577,3578,11,implied_by
4,2172,617,618,4,not_implied_by
4,2173,4748,4749,15,one
4,2174,2867,2868,2,not_implies
4,2175,7645,7646,7,or
4,2176,1478,1479,7,or
4,2177,5097,5098,8,not_or
4,2178,1407,1408,5,b
4,2179,703,704,15,one
4,2180,3703,3704,10,not_b
4,2181,957,958,11,implied_by
4,2182,5894,5895,5,b
4,2183,6643,6644,12,not_a
4,2184,1110,1111,12,not_a
4,2185,2155,2156,10,not_b
4,2186,3236,3237,5,b
4,2187,5680,5681,13,implies
4,2188,3633,3634,4,not_implied_by
4,2189,2558,2559,2,not_implies
4,2190,5587,5588,4,not_implied_by
4,2191,7411,7412,13,implies
4,2192,4883,4884,2,not_implies
4,2193,1145,1146,4,not_implied_by
4,2194,7854,7855,14,not_and
4,2195,3004,3005,3,a
4,2196,2512,2513,9,not_xor
4,2197,7741,7742,11,implied_by
4,2198,5906,5907,1,and
4,2199,7982,7983,0,zero
4,2200,7595,7596,5,b
4,2201,2466,2467,10,not_b
4,2202,3739,3740,1,and
4,2203,1089,1090,2,not_implies
4,2204,6486,6487,12,not_a
4,2205,7998,7999,0,zero
4,2206,7162,7163,3,a
4,2207,5935,5936,8,not_or
4,2208,1178,1179,12,not_a
4,2209,1643,1644,8,not_or
4,2210,4526,4527,13,implies
4,2211,5615,5616,3,a
4,2212,7599,7600,0,zero
4,2213,6768,6769,9,not_xor
4,2214,1442,1443,12,not_a
4,2215,4316,4317,8,not_or
4,2216,4487,4488,10,not_b
4,2217,6246,6247,15,one
4,2218,116,117,3,a
4,2219,5601,5602,6,xor
4,2220,4289,4290,13,implies
4,2221,1424,1425,5,b
4,2222,5008,5009,5,b
4,2223,7975,7976,10,not_b
4,2224,2175,2176,10,not_b
4,2225,259,260,1,and
4,2226,1877,1878,12,not_a
4,2227,1535,1536,3,a
4,2228,5058,5059,12,not_a
4,2229,3227,3228,1,and
4,2230,1024,1025,3,a
4,2231,2152,2153,11,implied_by
4,2232,7070,7071,5,b
4,2233,3543,3544,15,one
4,2234,1193,1194,7,or
4,2235,6548,6549,12,not_a
4,2236,1805,1806,8,not_or
4,2237,2248,2249,5,b
4,2238,6483,6484,12,not_a
4,2239,6220,6221,14,not_and
4,2240,1977,1978,5,b
4,2241,7861,7862,3,a
4,2242,4083,4084,3,a
4,2243,78,79,10,not_b
4,2244,2289,2290,3,a
4,2245,812,813,11,implied_by
4,2246,6597,6598,10,not_b
4,2247,4486,4487,4,not_implied_by
4,2248,3364,3365,11,implied_by
4,2249,6936,6937,6,xor
4,2250,1846,1847,9,not_xor
4,2251,7128,7129,11,implied_by
4,2252,1073,1074,10,not_b
4,2253,2868,2869,3,a
4,2254,612,613,10,not_b
4,2255,2298,2299,0,zero
4,2256,7565,7566,9,not_xor
4,2257,6216,6217,5,b
4,2258,1660,1661,11,implied_by
4,2259,1046,1047,3,a
4,2260,5429,5430,7,or
4,2261,1243,1244,7,or
4,2262,677,678,2,not_implies
4,2263,7363,7364,5,b
4,2264,5315,5316,3,a
4,2265,4783,4784,15,one
4,2266,4857,4858,2,not_implies
4,2267,2863,2864,5,b
4,2268,5034,5035,8,not_or
4,2269,625,626,11,implied_by
4,2270,6909,6910,5,b
4,2271,644,645,10,not_b
4,2272,4786,4787,4,not_implied_by
4,2273,2226,2227,7,or
4,2274,4149,4150,10,not_b
4,2275,1641,1642,15,one
4,2276,4585,4586,11,implied_by
4,2277,818,819,6,xor
4,2278,2301,2302,5,b
4,2279,7793,7794,4,not_implied_by
4,2280,4263,4264,7,or
4,2281,5033,5034,12,not_a
4,2282,7885,7886,9,not_xor
4,2283,1979,1980,3,a
4,2284,3377,3378,12,not_a
4,2285,7088,7089,11,implied_by
4,2286,2185,2186,3,a
4,2287,3085,3086,11,implied_by
4,2288,1163,1164,3,a
4,2289,1717,1718,14,not_and
4,2290,4151,4152,0,zero
4,2291,7704,7705,3,a
4,2292,6970,6971,7,or
4,2293,7324,7325,13,implies
4,2294,4789,4790,3,a
4,2295,6429,6430,2,not_implies
4,2296,1435,1436,0,zero
4,2297,4870,4871,7,or
4,2298,5939,5940,5,b
4,2299,3230,3231,8,not_or
4,2300,4353,4354,3,a
4,2301,6477,6478,13,implies
4,2302,1949,1950,3,a
4,2303,6050,6051,14,not_and
4,2304,2830,2831,10,not_b
4,2305,770,771,0,zero
4,2306,5822,5823,3,a
4,2307,7173,7174,11,implied_by
4,2308,6608,6609,5,b
4,2309,1629,1630,3,a
4,2310,7974,7975,13,implies
4,2311,1155,1156,8,not_or
4,2312,2926,2927,10,not_b
4,2313,4534,4535,14,not_and
4,2314,2698,2699,3,a
4,2315,4389,4390,12,not_a
4,2316,3862,3863,0,zero
4,2317,7698,7699,10,not_b
4,2318,5691,5692,5,b
4,2319,6565,6566,10,not_b
4,2320,7275,7276,12,not_a
4,2321,1652,1653,8,not_or
4,2322,6312,6313,5,b
4,2323,1090,1091,13,implies
4,2324,985,986,2,not_implies
4,2325,7333,7334,7,or
4,2326,527,528,7,or
4,2327,847,848,15,one
4,2328,6428,6429,12,not_a
4,2329,7929,7930,13,implies
4,2330,834,835,5,b
4,2331,2596,2597,6,xor
4,2332,7319,7320,3,a
4,2333,6592,6593,0,zero
4,2334,3988,3989,7,or
4,2335,6873,6874,15,one
4,2336,7489,7490,5,b
4,2337,3991,3992,10,not_b
4,2338,473,474,11,implied_by
4,2339,1234,1235,11,implied_by
4,2340,1447,1448,7,or
4,2341,2975,2976,5,b
4,2342,2614,2615,1,and
4,2343,4638,4639,6,xor
4,2344,6926,6927,9,not_xor
4,2345,3929,3930,9,not_xor
4,2346,3883,3884,1,and
4,2347,2902,2903,15,one
4,2348,4340,4341,13,implies
4,2349,1480,1481,3,a
4,2350,183,184,14,not_and
4,2351,12,13,5,b
4,2352,5102,5103,5,b
4,2353,4285,4286,13,implies
4,2354,3172,3173,8,not_or
4,2355,5465,5466,3,a
4,2356,7125,7126,10,not_b
4,2357,338,339,3,a
4,2358,3985,3986,10,not_b
4,2359,4103,4104,3,a
4,2360,3690,3691,0,zero
4,2361,316,317,10,not_b
4,2362,7877,7878,1,and
4,2363,2286,2287,13,implies
4,2364,2553,2554,7,or
4,2365,3293,3294,3,a
4,2366,2387,2388,14,not_and
4,2367,1814,1815,12,not_a
4,2368,2527,2528,14,not_and
4,2369,2059,2060,14,not_and
4,2370,5727,5728,10,not_b
4,2371,3901,3902,12,not_a
4,2372,5233,5234,5,b
4,2373,7335,7336,7,or
4,2374,5282,5283,6,xor
4,2375,1135,1136,8,not_or
4,2376,452,453,3,a
4,2377,6452,6453,5,b
4,2378,4124,4125,6,xor
4,2379,5273,5274,1,and
4,2380,158,159,11,implied_by
4,2381,7180,7181,2,not_implies
4,2382,4386,4387,7,or
4,2383,5692,5693,3,a
4,2384,421,422,11,implied_by
4,2385,3005,3006,3,a
4,2386,2593,2594,6,xor
4,2387,3081,3082,15,one
4,2388,1199,1200,12,not_a
4,2389,6144,6145,3,a
4,2390,5047,5048,5,b
4,2391,1604,1605,15,one
4,2392,7878,7879,13,implies
4,2393,7569,7570,9,not_xor
4,2394,3359,3360,12,not_a
4,2395,4338,4339,5,b
4,2396,6746,6747,11,implied_by
4,2397,1302,1303,14,not_and
4,2398,550,551,12,not_a
4,2399,147,148,8,not_or
4,2400,2039,2040,10,not_b
4,2401,3229,3230,7,or
4,2402,1881,1882,4,not_implied_by
4,2403,4331,4332,0,zero
4,2404,2751,2752,2,not_implies
4,2405,6832,6833,11,implied_by
4,2406,2943,2944,3,a
4,2407,4765,4766,12,not_a
4,2408,4846,4847,3,a
4,2409,4244,4245,1,and
4,2410,782,783,11,implied_by
4,2411,4580,4581,7,or
4,2412,1360,1361,3,a
4,2413,6082,6083,13,implies
4,2414,7601,7602,3,a
4,2415,4428,4429,2,not_implies
4,2416,4887,4888,9,not_xor
4,2417,5902,5903,13,implies
4,2418,7825,7826,13,implies
4,2419,6004,6005,5,b
4,2420,7044,7045,3,a
4,2421,6490,6491,3,a
4,2422,659,660,10,not_b
4,2423,2719,2720,11,implied_by
4,2424,1184,1185,2,not_implies
4,2425,5580,5581,13,implies
4,2426,861,862,12,not_a
4,2427,7098,7099,4,not_implied_by
4,2428,4544,4545,3,a
4,2429,467,468,14,not_and
4,2430,1288,1289,5,b
4,2431,5859,5860,9,not_xor
4,2432,1687,1688,6,xor
4,2433,5868,5869,10,not_b
4,2434,1567,1568,10,not_b
4,2435,432,433,10,not_b
4,2436,2747,2748,15,one
4,2437,1459,1460,0,zero
4,2438,7243,7244,11,implied_by
4,2439,5817,5818,1,and
4,2440,387,388,4,not_implied_by
4,2441,7690,7691,9,not_xor
4,2442,334,335,13,implies
4,2443,3767,3768,3,a
4,2444,3609,3610,3,a
4,2445,1492,1493,4,not_implied_by
4,2446,1357,1358,11,implied_by
4,2447,5771,5772,7,or
4,2448,2297,2298,14,not_and
4,2449,2740,2741,5,b
4,2450,3711,3712,13,implies
4,2451,2192,2193,10,not_b
4,2452,6757,6758,9,not_xor
4,2453,6762,6763,0,zero
4,2454,7941,7942,5,b
4,2455,4121,4122,1,and
4,2456,5683,5684,12,not_a
4,2457,2206,2207,15,one
4,2458,990,991,12,not_a
4,2459,727,728,11,implied_by
4,2460,6062,6063,0,zero
4,2461,7061,7062,14,not_and
4,2462,3337,3338,10,not_b
4,2463,2306,2307,8,not_or
4,2464,791,792,4,not_implied_by
4,2465,3938,3939,3,a
4,2466,890,891,12,not_a
4,2467,6863,6864,3,a
4,2468,202,203,12,not_a
4,2469,765,766,11,implied_by
4,2470,384,385,2,not_implies
4,2471,1352,1353,15,one
4,2472,4317,4318,3,a
4,2473,5313,5314,3,a
4,2474,2885,2886,11,implied_by
4,2475,1905,1906,10,not_b
4,2476,4635,4636,3,a
4,2477,1957,1958,14,not_and
4,2478,2725,2726,14,not_and
4,2479,6872,6873,7,or
4,2480,413,414,5,b
4,2481,586,587,1,and
4,2482,3557,3558,3,a
4,2483,4723,4724,0,zero
4,2484,3979,3980,10,not_b
4,2485,2720,2721,6,xor
4,2486,228,229,13,implies
4,2487,948,949,4,not_implied_by
4,2488,5993,5994,15,one
4,2489,2497,2498,3,a
4,2490,3670,3671,12,not_a
4,2491,7754,7755,15,one
4,2492,620,621,15,one
4,2493,194,195,8,not_or
4,2494,2424,2425,2,not_implies
4,2495,2177,2178,8,not_or
4,2496,3771,3772,13,implies
4,2497,3072,3073,0,zero
4,2498,1956,1957,8,not_or
4,2499,469,470,14,not_and
4,2500,5984,5985,10,not_b
4,2501,4885,4886,3,a
4,2502,590,591,7,or
4,2503,2948,2949,10,not_b
4,2504,7753,7754,10,not_b
4,2505,5272,5273,4,not_implied_by
4,2506,1866,1867,11,implied_by
4,2507,53,54,4,not_implied_by
4,2508,1462,1463,12,not_a
4,2509,5796,5797,15,one
4,2510,7167,7168,13,implies
4,2511,5671,5672,1,and
4,2512,4753,4754,4,not_implied_by
4,2513,6018,6019,11,implied_by
4,2514,4362,4363,7,or
4,2515,4064,4065,5,b
4,2516,4134,4135,10,not_b
4,2517,3226,3227,10,not_b
4,2518,6845,6846,3,a
4,2519,5997,5998,1,and
4,2520,1584,1585,12,not_a
4,2521,1886,1887,4,not_implied_by
4,2522,4653,4654,8,not_or
4,2523,6065,6066,3,a
4,2524,4587,4588,6,xor
4,2525,2700,2701,7,or
4,2526,313,314,15,one
4,2527,1581,1582,14,not_and
4,2528,3039,3040,3,a
4,2529,220,221,9,not_xor
4,2530,5605,5606,5,b
4,2531,3212,3213,9,not_xor
4,2532,1862,1863,3,a
4,2533,637,638,4,not_implied_by
4,2534,7204,7205,3,a
4,2535,6766,6767,4,not_implied_by
4,2536,2332,2333,2,not_implies
4,2537,556,557,0,zero
4,2538,5120,5121,5,b
4,2539,3506,3507,5,b
4,2540,4099,4100,1,and
4,2541,4835,4836,7,or
4,2542,3715,3716,7,or
4,2543,6253,6254,2,not_implies
4,2544,593,594,13,implies
4,2545,4304,4305,8,not_or
4,2546,2212,2213,12,not_a
4,2547,84,85,0,zero
4,2548,1211,1212,5,b
4,2549,5925,5926,3,a
4,2550,1579,1580,7,or
4,2551,4484,4485,10,not_b
4,2552,4153,4154,14,not_and
4,2553,6363,6364,1,and
4,2554,375,376,10,not_b
4,2555,7976,7977,5,b
4,2556,4600,4601,6,xor
4,2557,4890,4891,14,not_and
4,2558,5616,5617,10,not_b
4,2559,3975,3976,4,not_implied_by
4,2560,4444,4445,15,one
4,2561,903,904,14,not_and
4,2562,2631,2632,4,not_implied_by
4,2563,6469,6470,9,not_xor
4,2564,738,739,1,and
4,2565,5264,5265,4,not_implied_by
4,2566,5221,5222,8,not_or
4,2567,3873,3874,11,implied_by
4,2568,5441,5442,11,implied_by
4,2569,4665,4666,2,not_implies
4,2570,1301,1302,12,not_a
4,2571,6405,6406,2,not_implies
4,2572,926,927,5,b
4,2573,4442,4443,1,and
4,2574,797,798,10,not_b
4,2575,4594,4595,12,not_a
4,2576,7514,7515,0,zero
4,2577,4939,4940,13,implies
4,2578,6787,6788,13,implies
4,2579,6387,6388,1,and
4,2580,960,961,6,xor
4,2581,2966,2967,4,not_implied_by
4,2582,574,575,14,not_and
4,2583,3109,3110,7,or
4,2584,3398,3399,10,not_b
4,2585,3966,3967,5,b
4,2586,4396,4397,13,implies
4,2587,7090,7091,5,b
4,2588,7226,7227,8,not_or
4,2589,2318,2319,12,not_a
4,2590,2055,2056,1,and
4,2591,7152,7153,1,and
4,2592,7528,7529,15,one
4,2593,7221,7222,1,and
4,2594,2677,2678,12,not_a
4,2595,3073,3074,13,implies
4,2596,1987,1988,9,not_xor
4,2597,5341,5342,11,implied_by
4,2598,686,687,5,b
4,2599,6894,6895,2,not_implies
4,2600,4359,4360,10,not_b
4,2601,3902,3903,14,not_and
4,2602,3091,3092,11,implied_by
4,2603,7930,7931,5,b
4,2604,3550,3551,15,one
4,2605,768,769,6,xor
4,2606,1164,1165,3,a
4,2607,1348,1349,3,a
4,2608,5767,5768,10,not_b
4,2609,3051,3052,5,b
4,2610,2741,2742,3,a
4,2611,1214,1215,10,not_b
4,2612,4761,4762,15,one
4,2613,6545,6546,5,b
4,2614,1924,1925,14,not_and
4,2615,263,264,5,b
4,2616,5739,5740,10,not_b
4,2617,5941,5942,4,not_implied_by
4,2618,7993,7994,10,not_b
4,2619,2590,2591,5,b
4,2620,2137,2138,3,a
4,2621,3764,3765,1,and
4,2622,1608,1609,1,and
4,2623,6456,6457,10,not_b
4,2624,212,213,2,not_implies
4,2625,6367,6368,2,not_implies
4,2626,3107,3108,12,not_a
4,2627,7655,7656,7,or
4,2628,6830,6831,2,not_implies
4,2629,2904,2905,4,not_implied_by
4,2630,4211,4212,0,zero
4,2631,5036,5037,0,zero
4,2632,6107,6108,0,zero
4,2633,5718,5719,7,or
4,2634,7759,7760,1,and
4,2635,928,929,14,not_and
4,2636,255,256,7,or
4,2637,247,248,5,b
4,2638,1770,1771,5,b
4,2639,86,87,9,not_xor
4,2640,4076,4077,1,and
4,2641,7096,7097,6,xor
4,2642,1030,1031,0,zero
4,2643,7172,7173,12,not_a
4,2644,5672,5673,13,implies
4,2645,5454,5455,9,not_xor
4,2646,2272,2273,5,b
4,2647,828,829,1,and
4,2648,6000,6001,14,not_and
4,2649,3260,3261,15,one
4,2650,1147,1148,15,one
4,2651,6448,6449,1,and
4,2652,3722,3723,11,implied_by
4,2653,3939,3940,5,b
4,2654,6036,6037,0,zero
4,2655,3324,3325,10,not_b
4,2656,3430,3431,12,not_a
4,2657,7780,7781,15,one
4,2658,7838,7839,10,not_b
4,2659,4470,4471,2,not_implies
4,2660,4642,4643,1,and
4,2661,1526,1527,15,one
4,2662,4505,4506,7,or
4,2663,4267,4268,1,and
4,2664,5948,5949,15,one
4,2665,7284,7285,3,a
4,2666,3272,3273,5,b
4,2667,821,822,2,not_implies
4,2668,2513,2514,3,a
4,2669,597,598,3,a
4,2670,5924,5925,12,not_a
4,2671,6652,6653,10,not_b
4,2672,3567,3568,15,one
4,2673,1126,1127,11,implied_by
4,2674,4554,4555,12,not_a
4,2675,1213,1214,12,not_a
4,2676,2818,2819,0,zero
4,2677,4525,4526,7,or
4,2678,5172,5173,14,not_and
4,2679,6673,6674,14,not_and
4,2680,2999,3000,3,a
4,2681,2077,2078,3,a
4,2682,5594,5595,4,not_implied_by
4,2683,4493,4494,7,or
4,2684,5247,5248,0,zero
4,2685,7423,7424,9,not_xor
4,2686,5316,5317,3,a
4,2687,3554,3555,12,not_a
4,2688,576,577,8,not_or
4,2689,2282,2283,8,not_or
4,2690,5217,5218,4,not_implied_by
4,2691,5518,5519,1,and
4,2692,4412,4413,14,not_and
4,2693,6404,6405,7,or
4,2694,7078,7079,0,zero
4,2695,5060,5061,11,implied_by
4,2696,3725,3726,11,implied_by
4,2697,6899,6900,12,not_a
4,2698,3831,3832,12,not_a
4,2699,5649,5650,3,a
4,2700,1984,1985,12,not_a
4,2701,4785,4786,12,not_a
4,2702,7770,7771,10,not_b
4,2703,4767,4768,7,or
4,2704,6989,6990,3,a
4,2705,4434,4435,3,a
4,2706,1020,1021,3,a
4,2707,6339,6340,1,and
4,2708,2232,2233,12,not_a
4,2709,7905,7906,1,and
4,2710,6359,6360,10,not_b
4,2711,4995,4996,12,not_a
4,2712,266,267,5,b
4,2713,2515,2516,9,not_xor
4,2714,4933,4934,10,not_b
4,2715,5043,5044,3,a
4,2716,1361,1362,1,and
4,2717,1295,1296,15,one
4,2718,4503,4504,5,b
4,2719,7120,7121,1,and
4,2720,1679,1680,10,not_b
4,2721,2428,2429,4,not_implied_by
4,2722,4850,4851,12,not_a
4,2723,1074,1075,3,a
4,2724,2141,2142,8,not_or
4,2725,7584,7585,12,not_a
4,2726,6555,6556,0,zero
4,2727,7631,7632,10,not_b
4,2728,6173,6174,8,not_or
4,2729,6381,6382,10,not_b
4,2730,1853,1854,3,a
4,2731,1537,1538,3,a
4,2732,4893,4894,12,not_a
4,2733,5396,5397,15,one
4,2734,7580,7581,11,implied_by
4,2735,4452,4453,8,not_or
4,2736,7402,7403,9,not_xor
4,2737,5596,5597,1,and
4,2738,6459,6460,1,and
4,2739,5147,5148,3,a
4,2740,223,224,11,implied_by
4,2741,2612,2613,3,a
4,2742,616,617,3,a
4,2743,3993,3994,0,zero
4,2744,4760,4761,3,a
4,2745,5011,5012,14,not_and
4,2746,321,322,5,b
4,2747,2804,2805,5,b
4,2748,6986,6987,12,not_a
4,2749,5300,5301,7,or
4,2750,1819,1820,12,not_a
4,2751,1367,1368,2,not_implies
4,2752,1437,1438,9,not_xor
4,2753,5882,5883,15,one
4,2754,3823,3824,12,not_a
4,2755,6867,6868,8,not_or
4,2756,6720,6721,9,not_xor
4,2757,7371,7372,15,one
4,2758,7627,7628,8,not_or
4,2759,4038,4039,5,b
4,2760,7835,7836,4,not_implied_by
4,2761,7763,7764,10,not_b
4,2762,97,98,14,not_and
4,2763,6453,6454,9,not_xor
4,2764,4546,4547,5,b
4,2765,7346,7347,10,not_b
4,2766,2944,2945,4,not_implied_by
4,2767,7416,7417,9,not_xor
4,2768,392,393,2,not_implies
4,2769,2010,2011,2,not_implies
4,2770,6901,6902,10,not_b
4,2771,2841,2842,2,not_implies
4,2772,7556,7557,10,not_b
4,2773,2635,2636,10,not_b
4,2774,1685,1686,15,one
4,2775,7897,7898,5,b
4,2776,3884,3885,3,a
4,2777,5525,5526,3,a
4,2778,250,251,5,b
4,2779,2347,2348,13,implies
4,2780,7710,7711,12,not_a
4,2781,3489,3490,13,implies
4,2782,1460,1461,0,zero
4,2783,3466,3467,8,not_or
4,2784,1376,1377,14,not_and
4,2785,1448,1449,3,a
4,2786,4011,4012,8,not_or
4,2787,3030,3031,7,or
4,2788,584,585,7,or
4,2789,850,851,12,not_a
4,2790,6322,6323,9,not_xor
4,2791,5609,5610,9,not_xor
4,2792,6789,6790,6,xor
4,2793,4535,4536,1,and
4,2794,4801,4802,4,not_implied_by
4,2795,6135,6136,11,implied_by
4,2796,1251,1252,12,not_a
4,2797,7471,7472,3,a
4,2798,2630,2631,12,not_a
4,2799,1513,1514,4,not_implied_by
4,2800,5310,5311,12,not_a
4,2801,1254,1255,14,not_and
4,2802,3176,3177,7,or
4,2803,4872,4873,0,zero
4,2804,3083,3084,3,a
4,2805,3900,3901,8,not_or
4,2806,579,580,13,implies
4,2807,2182,2183,10,not_b
4,2808,3830,3831,10,not_b
4,2809,6078,6079,1,and
4,2810,2421,2422,6,xor
4,2811,1253,1254,13,implies
4,2812,152,153,14,not_and
4,2813,2795,2796,9,not_xor
4,2814,1832,1833,3,a
4,2815,2205,2206,13,implies
4,2816,3286,3287,2,not_implies
4,2817,2183,2184,10,not_b
4,2818,5402,5403,5,b
4,2819,7051,7052,3,a
4,2820,2112,2113,3,a
4,2821,3126,3127,14,not_and
4,2822,6227,6228,6,xor
4,2823,2346,2347,14,not_and
4,2824,629,630,11,implied_by
4,2825,7157,7158,5,b
4,2826,5515,5516,0,zero
4,2827,1964,1965,10,not_b
4,2828,1054,1055,4,not_implied_by
4,2829,6383,6384,3,a
4,2830,5236,5237,15,one
4,2831,4815,4816,10,not_b
4,2832,4281,4282,13,implies
4,2833,5864,5865,10,not_b
4,2834,7880,7881,15,one
4,2835,1274,1275,3,a
4,2836,7510,7511,6,xor
4,2837,3409,3410,10,not_b
4,2838,197,198,8,not_or
4,2839,2361,2362,12,not_a
4,2840,4299,4300,13,implies
4,2841,7966,7967,3,a
4,2842,5448,5449,7,or
4,2843,4954,4955,5,b
4,2844,6642,6643,7,or
4,2845,3795,3796,0,zero
4,2846,6844,6845,12,not_a
4,2847,4784,4785,14,not_and
4,2848,461,462,10,not_b
4,2849,2931,2932,11,implied_by
4,2850,6055,6056,9,not_xor
4,2851,2731,2732,0,zero
4,2852,6191,6192,3,a
4,2853,6297,6298,7,or
4,2854,5891,5892,10,not_b
4,2855,6846,6847,12,not_a
4,2856,2042,2043,12,not_a
4,2857,5087,5088,7,or
4,2858,1356,1357,12,not_a
4,2859,7000,7001,5,b
4,2860,5431,5432,10,not_b
4,2861,943,944,2,not_implies
4,2862,938,939,4,not_implied_by
4,2863,7674,7675,0,zero
4,2864,7239,7240,14,not_and
4,2865,5669,5670,5,b
4,2866,7469,7470,12,not_a
4,2867,3360,3361,0,zero
4,2868,1998,1999,0,zero
4,2869,5413,5414,0,zero
4,2870,2986,2987,10,not_b
4,2871,4456,4457,8,not_or
4,2872,4514,4515,10,not_b
4,2873,1671,1672,5,b
4,2874,5433,5434,5,b
4,2875,485,486,7,or
4,2876,1029,1030,8,not_or
4,2877,2757,2758,10,not_b
4,2878,1092,1093,0,zero
4,2879,1007,1008,12,not_a
4,2880,6570,6571,10,not_b
4,2881,7111,7112,10,not_b
4,2882,3433,3434,6,xor
4,2883,4922,4923,1,and
4,2884,4867,4868,6,xor
4,2885,5415,5416,6,xor
4,2886,1375,1376,9,not_xor
4,2887,4415,4416,1,and
4,2888,6048,6049,10,not_b
4,2889,6422,6423,5,b
4,2890,3198,3199,10,not_b
4,2891,875,876,3,a
4,2892,6435,6436,1,and
4,2893,6240,6241,9,not_xor
4,2894,3366,3367,2,not_implies
4,2895,6166,6167,8,not_or
4,2896,3037,3038,15,one
4,2897,5475,5476,3,a
4,2898,4350,4351,4,not_implied_by
4,2899,1436,1437,14,not_and
4,2900,171,172,15,one
4,2901,4604,4605,10,not_b
4,2902,6598,6599,5,b
4,2903,4828,4829,3,a
4,2904,5504,5505,10,not_b
4,2905,5576,5577,4,not_implied_by
4,2906,737,738,3,a
4,2907,130,131,5,b
4,2908,6447,6448,2,not_implies
4,2909,4986,4987,6,xor
4,2910,5512,5513,15,one
4,2911,5719,5720,12,not_a
4,2912,5529,5530,2,not_implies
4,2913,6618,6619,5,b
4,2914,1616,1617,9,not_xor
4,2915,16,17,6,xor
4,2916,88,89,13,implies
4,2917,115,116,3,a
4,2918,5536,5537,15,one
4,2919,4101,4102,5,b
4,2920,885,886,12,not_a
4,2921,7733,7734,2,not_implies
4,2922,1219,1220,4,not_implied_by
4,2923,856,857,9,not_xor
4,2924,5194,5195,3,a
4,2925,1670,1671,14,not_and
4,2926,4100,4101,12,not_a
4,2927,1113,1114,14,not_and
4,2928,2619,2620,6,xor
4,2929,2262,2263,3,a
4,2930,2165,2166,10,not_b
4,2931,1117,1118,10,not_b
4,2932,5784,5785,3,a
4,2933,6320,6321,4,not_implied_by
4,2934,1784,1785,12,not_a
4,2935,252,253,11,implied_by
4,2936,5153,5154,8,not_or
4,2937,5907,5908,3,a
4,2938,7234,7235,14,not_and
4,2939,2734,2735,3,a
4,2940,2995,2996,2,not_implies
4,2941,6694,6695,12,not_a
4,2942,4528,4529,1,and
4,2943,475,476,10,not_b
4,2944,7,8,15,one
4,2945,3291,3292,5,b
4,2946,3416,3417,10,not_b
4,2947,4385,4386,3,a
4,2948,2819,2820,1,and
4,2949,268,269,13,implies
4,2950,6517,6518,8,not_or
4,2951,899,900,12,not_a
4,2952,4186,4187,6,xor
4,2953,7973,7974,5,b
4,2954,3412,3413,13,implies
4,2955,2439,2440,2,not_implies
4,2956,7935,7936,15,one
4,2957,282,283,5,b
4,2958,7290,7291,6,xor
4,2959,4315,4316,4,not_implied_by
4,2960,2335,2336,15,one
4,2961,1400,1401,3,a
4,2962,4521,4522,0,zero
4,2963,6292,6293,9,not_xor
4,2964,3941,3942,5,b
4,2965,6546,6547,1,and
4,2966,5351,5352,15,one
4,2967,830,831,3,a
4,2968,2828,2829,11,implied_by
4,2969,4984,4985,8,not_or
4,2970,3973,3974,5,b
4,2971,642,643,4,not_implied_by
4,2972,2359,2360,15,one
4,2973,2754,2755,2,not_implies
4,2974,2415,2416,10,not_b
4,2975,4769,4770,9,not_xor
4,2976,7276,7277,3,a
4,2977,7339,7340,10,not_b
4,2978,5449,5450,12,not_a
4,2979,2038,2039,4,not_implied_by
4,2980,1786,1787,4,not_implied_by
4,2981,1040,1041,10,not_b
4,2982,6603,6604,15,one
4,2983,4886,4887,4,not_implied_by
4,2984,7092,7093,1,and
4,2985,4742,4743,10,not_b
4,2986,6859,6860,1,and
4,2987,4383,4384,5,b
4,2988,6580,6581,2,not_implies
4,2989,7115,7116,5,b
4,2990,7213,7214,8,not_or
4,2991,3363,3364,5,b
4,2992,3754,3755,5,b
4,2993,1087,1088,7,or
4,2994,1973,1974,7,or
4,2995,1009,1010,8,not_or
4,2996,5944,5945,1,and
4,2997,6924,6925,5,b
4,2998,7487,7488,3,a
4,2999,7370,7371,0,zero
4,3000,836,837,13,implies
4,3001,1278,1279,9,not_xor
4,3002,6778,6779,4,not_implied_by
4,3003,5216,5217,15,one
4,3004,7769,7770,4,not_implied_by
4,3005,3353,3354,3,a
4,3006,1321,1322,8,not_or
4,3007,6043,6044,11,implied_by
4,3008,1177,1178,5,b
4,3009,6093,6094,0,zero
4,3010,5453,5454,1,and
4,3011,4282,4283,14,not_and
4,3012,5705,5706,3,a
4,3013,7830,7831,12,not_a
4,3014,4324,4325,14,not_and
4,3015,6794,6795,11,implied_by
4,3016,608,609,13,implies
4,3017,7502,7503,11,implied_by
4,3018,695,696,0,zero
4,3019,5970,5971,5,b
4,3020,4874,4875,6,xor
4,3021,844,845,6,xor
4,3022,2149,2150,3,a
4,3023,7550,7551,5,b
4,3024,5418,5419,9,not_xor
4,3025,1464,1465,10,not_b
4,3026,3634,3635,15,one
4,3027,6965,6966,11,implied_by
4,3028,700,701,6,xor
4,3029,7394,7395,9,not_xor
4,3030,4989,4990,11,implied_by
4,3031,6954,6955,1,and
4,3032,2217,2218,2,not_implies
4,3033,4372,4373,12,not_a
4,3034,5636,5637,8,not_or
4,3035,2476,2477,1,and
4,3036,5675,5676,10,not_b
4,3037,1012,1013,5,b
4,3038,4919,4920,7,or
4,3039,1004,1005,3,a
4,3040,5227,5228,5,b
4,3041,6943,6944,1,and
4,3042,3099,3100,4,not_implied_by
4,3043,1160,1161,1,and
4,3044,156,157,5,b
4,3045,42,43,14,not_and
4,3046,4479,4480,11,implied_by
4,3047,5427,5428,7,or
4,3048,7701,7702,7,or
4,3049,326,327,8,not_or
4,3050,4247,4248,2,not_implies
4,3051,2267,2268,3,a
4,3052,3846,3847,11,implied_by
4,3053,6433,6434,6,xor
4,3054,2651,2652,14,not_and
4,3055,187,188,8,not_or
4,3056,5090,5091,11,implied_by
4,3057,4703,4704,4,not_implied_by
4,3058,1630,1631,8,not_or
4,3059,3913,3914,2,not_implies
4,3060,4641,4642,3,a
4,3061,7118,7119,11,implied_by
4,3062,2627,2628,10,not_b
4,3063,2851,2852,8,not_or
4,3064,3848,3849,13,implies
4,3065,7375,7376,1,and
4,3066,1144,1145,7,or
4,3067,6151,6152,14,not_and
4,3068,2872,2873,12,not_a
4,3069,4138,4139,0,zero
4,3070,6346,6347,2,not_implies
4,3071,7231,7232,0,zero
4,3072,1158,1159,2,not_implies
4,3073,205,206,13,implies
4,3074,7207,7208,8,not_or
4,3075,2344,2345,10,not_b
4,3076,6865,6866,3,a
4,3077,2300,2301,14,not_and
4,3078,6910,6911,12,not_a
4,3079,1885,1886,10,not_b
4,3080,5457,5458,3,a
4,3081,2817,2818,15,one
4,3082,796,797,1,and
4,3083,7619,7620,13,implies
4,3084,4334,4335,9,not_xor
4,3085,6632,6633,2,not_implies
4,3086,66,67,0,zero
4,3087,1452,1453,13,implies
4,3088,6013,6014,1,and
4,3089,5071,5072,1,and
4,3090,6842,6843,10,not_b
4,3091,7608,7609,14,not_and
4,3092,7529,7530,5,b
4,3093,3934,3935,12,not_a
4,3094,4323,4324,8,not_or
4,3095,5934,5935,10,not_b
4,3096,368,369,3,a
4,3097,1553,1554,3,a
4,3098,525,526,10,not_b
4,3099,7104,7105,2,not_implies
4,3100,565,566,13,implies
4,3101,4321,4322,2,not_implies
4,3102,5618,5619,2,not_implies
4,3103,4673,4674,12,not_a
4,3104,426,427,3,a
4,3105,1210,1211,4,not_implied_by
4,3106,7002,7003,9,not_xor
4,3107,6719,6720,12,not_a
4,3108,7306,7307,15,one
4,3109,6081,6082,15,one
4,3110,6208,6209,15,one
4,3111,1960,1961,11,implied_by
4,3112,981,982,12,not_a
4,3113,3420,3421,11,implied_by
4,3114,3369,3370,6,xor
4,3115,4127,4128,7,or
4,3116,1918,1919,4,not_implied_by
4,3117,5065,5066,12,not_a
4,3118,5978,5979,13,implies
4,3119,5132,5133,15,one
4,3120,6203,6204,15,one
4,3121,6997,6998,3,a
4,3122,5181,5182,1,and
4,3123,7384,7385,8,not_or
4,3124,1706,1707,11,implied_by
4,3125,3338,3339,7,or
4,3126,4512,4513,11,implied_by
4,3127,7924,7925,7,or
4,3128,5110,5111,7,or
4,3129,3857,3858,10,not_b
4,3130,805,806,5,b
4,3131,4361,4362,3,a
4,3132,3794,3795,6,xor
4,3133,946,947,5,b
4,3134,1894,1895,1,and
4,3135,6189,6190,5,b
4,3136,4480,4481,5,b
4,3137,366,367,4,not_implied_by
4,3138,6180,6181,4,not_implied_by
4,3139,6315,6316,5,b
4,3140,2850,2851,6,xor
4,3141,3842,3843,5,b
4,3142,673,674,4,not_implied_by
4,3143,5505,5506,5,b
4,3144,3691,3692,13,implies
4,3145,2111,2112,4,not_implied_by
4,3146,3833,3834,0,zero
4,3147,3146,3147,3,a
4,3148,5597,5598,11,implied_by
4,3149,1840,1841,12,not_a
4,3150,5005,5006,5,b
4,3151,4012,4013,2,not_implies
4,3152,6487,6488,14,not_and
4,3153,2765,2766,12,not_a
4,3154,3728,3729,3,a
4,3155,7342,7343,7,or
4,3156,1821,1822,4,not_implied_by
4,3157,5198,5199,13,implies
4,3158,4717,4718,10,not_b
4,3159,1543,1544,8,not_or
4,3160,4979,4980,0,zero
4,3161,7668,7669,5,b
4,3162,1992,1993,0,zero
4,3163,7046,7047,5,b
4,3164,6710,6711,8,not_or
4,3165,1912,1913,9,not_xor
4,3166,2124,2125,5,b
4,3167,5230,5231,2,not_implies
4,3168,1566,1567,13,implies
4,3169,1063,1064,8,not_or
4,3170,4179,4180,6,xor
4,3171,663,664,3,a
4,3172,7762,7763,3,a
4,3173,5581,5582,7,or
4,3174,2373,2374,2,not_implies
4,3175,7716,7717,12,not_a
4,3176,5773,5774,11,implied_by
4,3177,2023,2024,12,not_a
4,3178,5200,5201,3,a
4,3179,3531,3532,4,not_implied_by
4,3180,4033,4034,3,a
4,3181,2758,2759,10,not_b
4,3182,7445,7446,6,xor
4,3183,168,169,10,not_b
4,3184,3524,3525,15,one
4,3185,3805,3806,3,a
4,3186,1499,1500,6,xor
4,3187,3382,3383,1,and
4,3188,1626,1627,2,not_implies
4,3189,7639,7640,10,not_b
4,3190,5336,5337,14,not_and
4,3191,3583,3584,11,implied_by
4,3192,6138,6139,3,a
4,3193,2255,2256,15,one
4,3194,5712,5713,10,not_b
4,3195,2004,2005,8,not_or
4,3196,2115,2116,5,b
4,3197,5499,5500,11,implied_by
4,3198,23,24,13,implies
4,3199,4873,4874,12,not_a
4,3200,2496,2497,1,and
4,3201,5950,5951,10,not_b
4,3202,5713,5714,5,b
4,3203,2051,2052,3,a
4,3204,6702,6703,4,not_implied_by
4,3205,906,907,4,not_implied_by
4,3206,1691,1692,15,one
4,3207,3937,3938,2,not_implies
4,3208,1300,1301,13,implies
4,3209,3296,3297,13,implies
4,3210,7796,7797,4,not_implied_by
4,3211,4834,4835,0,zero
4,3212,3117,3118,13,implies
4,3213,7358,7359,0,zero
4,3214,7661,7662,0,zero
4,3215,4024,4025,0,zero
4,3216,3064,3065,12,not_a
4,3217,7722,7723,14,not_and
4,3218,2340,2341,0,zero
4,3219,4946,4947,13,implies
4,3220,5716,5717,11,implied_by
4,3221,3305,3306,4,not_implied_by
4,3222,2807,2808,12,not_a
4,3223,7373,7374,8,not_or
4,3224,5646,5647,7,or
4,3225,4114,4115,12,not_a
4,3226,3137,3138,14,not_and
4,3227,1726,1727,2,not_implies
4,3228,3511,3512,12,not_a
4,3229,4465,4466,5,b
4,3230,7899,7900,0,zero
4,3231,2244,2245,15,one
4,3232,3270,3271,1,and
4,3233,1533,1534,14,not_and
4,3234,4555,4556,5,b
4,3235,6143,6144,1,and
4,3236,2365,2366,15,one
4,3237,3361,3362,10,not_b
4,3238,7632,7633,14,not_and
4,3239,7430,7431,5,b
4,3240,4583,4584,5,b
4,3241,3078,3079,10,not_b
4,3242,7564,7565,6,xor
4,3243,6524,6525,6,xor
4,3244,3813,3814,11,implied_by
4,3245,239,240,11,implied_by
4,3246,7433,7434,0,zero
4,3247,1753,1754,12,not_a
4,3248,4644,4645,15,one
4,3249,3134,3135,5,b
4,3250,2702,2703,13,implies
4,3251,1229,1230,10,not_b
4,3252,7620,7621,7,or
4,3253,3683,3684,14,not_and
4,3254,7628,7629,11,implied_by
4,3255,704,705,3,a
4,3256,2716,2717,11,implied_by
4,3257,7388,7389,3,a
4,3258,5384,5385,7,or
4,3259,4978,4979,9,not_xor
4,3260,4242,4243,0,zero
4,3261,721,722,5,b
4,3262,1891,1892,13,implies
4,3263,7364,7365,6,xor
4,3264,4265,4266,13,implies
4,3265,3077,3078,13,implies
4,3266,1764,1765,12,not_a
4,3267,724,725,14,not_and
4,3268,3959,3960,12,not_a
4,3269,4436,4437,3,a
4,3270,4603,4604,7,or
4,3271,3205,3206,8,not_or
4,3272,7578,7579,14,not_and
4,3273,6266,6267,3,a
4,3274,1441,1442,2,not_implies
4,3275,706,707,2,not_implies
4,3276,2119,2120,13,implies
4,3277,216,217,13,implies
4,3278,3983,3984,5,b
4,3279,5760,5761,5,b
4,3280,7074,7075,2,not_implies
4,3281,5115,5116,1,and
4,3282,4002,4003,5,b
4,3283,1239,1240,14,not_and
4,3284,4947,4948,5,b
4,3285,3778,3779,1,and
4,3286,7426,7427,11,implied_by
4,3287,3191,3192,1,and
4,3288,4556,4557,3,a
4,3289,5827,5828,0,zero
4,3290,6229,6230,6,xor
4,3291,6616,6617,7,or
4,3292,1884,1885,6,xor
4,3293,3196,3197,9,not_xor
4,3294,1409,1410,15,one
4,3295,5196,5197,11,implied_by
4,3296,6401,6402,10,not_b
4,3297,3645,3646,14,not_and
4,3298,5372,5373,5,b
4,3299,6147,6148,2,not_implies
4,3300,5999,6000,9,not_xor
4,3301,7381,7382,11,implied_by
4,3302,728,729,5,b
4,3303,5168,5169,4,not_implied_by
4,3304,1477,1478,6,xor
4,3305,3237,3238,4,not_implied_by
4,3306,5145,5146,8,not_or
4,3307,1482,1483,3,a
4,3308,5072,5073,15,one
4,3309,2508,2509,3,a
4,3310,87,88,5,b
4,3311,7147,7148,10,not_b
4,3312,1240,1241,12,not_a
4,3313,3789,3790,10,not_b
4,3314,5856,5857,3,a
4,3315,2416,2417,12,not_a
4,3316,6446,6447,5,b
4,3317,528,529,2,not_implies
4,3318,1209,1210,15,one
4,3319,3288,3289,10,not_b
4,3320,4648,4649,15,one
4,3321,2143,2144,5,b
4,3322,1224,1225,8,not_or
4,3323,1049,1050,0,zero
4,3324,922,923,13,implies
4,3325,3749,3750,3,a
4,3326,5148,5149,14,not_and
4,3327,1540,1541,3,a
4,3328,7117,7118,11,implied_by
4,3329,3108,3109,1,and
4,3330,3267,3268,6,xor
4,3331,4337,4338,8,not_or
4,3332,3169,3170,9,not_xor
4,3333,402,403,4,not_implied_by
4,3334,6904,6905,10,not_b
4,3335,1613,1614,5,b
4,3336,6049,6050,12,not_a
4,3337,4245,4246,2,not_implies
4,3338,2969,2970,12,not_a
4,3339,6280,6281,12,not_a
4,3340,822,823,12,not_a
4,3341,3674,3675,4,not_implied_by
4,3342,3175,3176,5,b
4,3343,4483,4484,1,and
4,3344,3816,3817,1,and
4,3345,707,708,4,not_implied_by
4,3346,5155,5156,10,not_b
4,3347,2638,2639,3,a
4,3348,1971,1972,5,b
4,3349,5534,5535,12,not_a
4,3350,628,629,15,one
4,3351,5873,5874,7,or
4,3352,5080,5081,6,xor
4,3353,4062,4063,13,implies
4,3354,5986,5987,13,implies
4,3355,7007,7008,3,a
4,3356,1524,1525,9,not_xor
4,3357,6316,6317,5,b
4,3358,5271,5272,8,not_or
4,3359,358,359,4,not_implied_by
4,3360,6156,6157,10,not_b
4,3361,688,689,15,one
4,3362,966,967,1,and
4,3363,766,767,0,zero
4,3364,6620,6621,10,not_b
4,3365,4160,4161,7,or
4,3366,6792,6793,0,zero
4,3367,6600,6601,6,xor
4,3368,4481,4482,3,a
4,3369,1781,1782,6,xor
4,3370,5916,5917,6,xor
4,3371,3671,3672,7,or
4,3372,5686,5687,3,a
4,3373,3998,3999,6,xor
4,3374,6267,6268,1,and
4,3375,3418,3419,14,not_and
4,3376,5670,5671,1,and
4,3377,2561,2562,1,and
4,3378,4229,4230,3,a
4,3379,6423,6424,13,implies
4,3380,1759,1760,1,and
4,3381,4817,4818,2,not_implies
4,3382,6736,6737,13,implies
4,3383,4510,4511,5,b
4,3384,5246,5247,5,b
4,3385,6350,6351,3,a
4,3386,6947,6948,10,not_b
4,3387,6893,6894,14,not_and
4,3388,2444,2445,1,and
4,3389,5563,5564,4,not_implied_by
4,3390,3045,3046,10,not_b
4,3391,2706,2707,11,implied_by
4,3392,3240,3241,7,or
4,3393,7385,7386,2,not_implies
4,3394,4508,4509,12,not_a
4,3395,3195,3196,6,xor
4,3396,5258,5259,12,not_a
4,3397,1968,1969,12,not_a
4,3398,6929,6930,7,or
4,3399,3849,3850,6,xor
4,3400,5846,5847,3,a
4,3401,3290,3291,6,xor
4,3402,7614,7615,9,not_xor
4,3403,148,149,12,not_a
4,3404,3224,3225,11,implied_by
4,3405,2224,2225,10,not_b
4,3406,58,59,12,not_a
4,3407,4293,4294,15,one
4,3408,3907,3908,7,or
4,3409,4810,4811,7,or
4,3410,4473,4474,5,b
4,3411,5082,5083,3,a
4,3412,4727,4728,12,not_a
4,3413,837,838,0,zero
4,3414,2382,2383,9,not_xor
4,3415,4015,4016,12,not_a
4,3416,2669,2670,8,not_or
4,3417,5330,5331,9,not_xor
4,3418,2571,2572,3,a
4,3419,7827,7828,9,not_xor
4,3420,1922,1923,3,a
4,3421,4472,4473,10,not_b
4,3422,6465,6466,1,and
4,3423,2525,2526,13,implies
4,3424,6256,6257,3,a
4,3425,5111,5112,0,zero
4,3426,5717,5718,11,implied_by
4,3427,6684,6685,0,zero
4,3428,4458,4459,11,implied_by
4,3429,4634,4635,8,not_or
4,3430,1296,1297,7,or
4,3431,1403,1404,15,one
4,3432,6772,6773,11,implied_by
4,3433,7618,7619,8,not_or
4,3434,741,742,13,implies
4,3435,3424,3425,5,b
4,3436,2033,2034,7,or
4,3437,3654,3655,4,not_implied_by
4,3438,4258,4259,5,b
4,3439,2498,2499,8,not_or
4,3440,7440,7441,0,zero
4,3441,2315,2316,1,and
4,3442,6499,6500,6,xor
4,3443,6626,6627,4,not_implied_by
4,3444,5770,5771,10,not_b
4,3445,1551,1552,4,not_implied_by
4,3446,7824,7825,1,and
4,3447,6480,6481,15,one
4,3448,3276,3277,9,not_xor
4,3449,5753,5754,5,b
4,3450,6624,6625,7,or
4,3451,3284,3285,5,b
4,3452,6752,6753,3,a
4,3453,7478,7479,10,not_b
4,3454,3666,3667,9,not_xor
4,3455,3976,3977,3,a
4,3456,4969,4970,12,not_a
4,3457,4553,4554,7,or
4,3458,3899,3900,9,not_xor
4,3459,5496,5497,10,not_b
4,3460,831,832,12,not_a
4,3461,498,499,1,and
4,3462,3358,3359,12,not_a
4,3463,5126,5127,6,xor
4,3464,7177,7178,10,not_b
4,3465,56,57,15,one
4,3466,7025,7026,11,implied_by
4,3467,7165,7166,4,not_implied_by
4,3468,519,520,8,not_or
4,3469,1990,1991,6,xor
4,3470,3139,3140,10,not_b
4,3471,1657,1658,9,not_xor
4,3472,5469,5470,12,not_a
4,3473,7320,7321,10,not_b
4,3474,5507,5508,6,xor
4,3475,5959,5960,4,not_implied_by
4,3476,4500,4501,1,and
4,3477,596,597,2,not_implies
4,3478,7587,7588,14,not_and
4,3479,3024,3025,15,one
4,3480,1739,1740,3,a
4,3481,3950,3951,14,not_and
4,3482,726,727,5,b
4,3483,5928,5929,0,zero
4,3484,6854,6855,5,b
4,3485,621,622,8,not_or
4,3486,6647,6648,12,not_a
4,3487,2919,2920,10,not_b
4,3488,720,721,14,not_and
4,3489,6089,6090,7,or
4,3490,5564,5565,7,or
4,3491,5957,5958,12,not_a
4,3492,4797,4798,11,implied_by
4,3493,4918,4919,12,not_a
4,3494,5302,5303,9,not_xor
4,3495,5688,5689,10,not_b
4,3496,6219,6220,11,implied_by
4,3497,547,548,8,not_or
4,3498,6206,6207,9,not_xor
4,3499,4640,4641,4,not_implied_by
4,3500,3990,3991,3,a
4,3501,633,634,7,or
4,3502,288,289,13,implies
4,3503,4213,4214,7,or
4,3504,2957,2958,2,not_implies
4,3505,6204,6205,6,xor
4,3506,2692,2693,13,implies
4,3507,7428,7429,2,not_implies
4,3508,1757,1758,4,not_implied_by
4,3509,1590,1591,10,not_b
4,3510,2623,2624,11,implied_by
4,3511,3505,3506,9,not_xor
4,3512,201,202,13,implies
4,3513,2647,2648,6,xor
4,3514,923,924,10,not_b
4,3515,6852,6853,7,or
4,3516,2502,2503,11,implied_by
4,3517,1444,1445,15,one
4,3518,7537,7538,10,not_b
4,3519,2445,2446,9,not_xor
4,3520,1710,1711,3,a
4,3521,47,48,0,zero
4,3522,5845,5846,10,not_b
4,3523,3713,3714,10,not_b
4,3524,5724,5725,15,one
4,3525,4298,4299,3,a
4,3526,1287,1288,11,implied_by
4,3527,4478,4479,13,implies
4,3528,2658,2659,1,and
4,3529,3342,3343,14,not_and
4,3530,497,498,8,not_or
4,3531,2668,2669,6,xor
4,3532,630,631,8,not_or
4,3533,3502,3503,2,not_implies
4,3534,2820,2821,1,and
4,3535,3125,3126,11,implied_by
4,3536,4656,4657,10,not_b
4,3537,4803,4804,5,b
4,3538,3599,3600,10,not_b
4,3539,2908,2909,9,not_xor
4,3540,1876,1877,6,xor
4,3541,3304,3305,12,not_a
4,3542,2538,2539,5,b
4,3543,117,118,11,implied_by
4,3544,7781,7782,3,a
4,3545,1878,1879,6,xor
4,3546,3676,3677,4,not_implied_by
4,3547,1188,1189,14,not_and
4,3548,6457,6458,4,not_implied_by
4,3549,7809,7810,8,not_or
4,3550,7980,7981,2,not_implies
4,3551,4249,4250,9,not_xor
4,3552,846,847,8,not_or
4,3553,3390,3391,2,not_implies
4,3554,2784,2785,13,implies
4,3555,6841,6842,2,not_implies
4,3556,6008,6009,6,xor
4,3557,3526,3527,7,or
4,3558,6247,6248,1,and
4,3559,4058,4059,3,a
4,3560,1470,1471,15,one
4,3561,2797,2798,5,b
4,3562,6067,6068,6,xor
4,3563,781,782,14,not_and
4,3564,2545,2546,12,not_a
4,3565,3925,3926,2,not_implies
4,3566,1233,1234,12,not_a
4,3567,4620,4621,5,b
4,3568,5679,5680,7,or
4,3569,6530,6531,10,not_b
4,3570,2230,2231,8,not_or
4,3571,1401,1402,3,a
4,3572,7233,7234,8,not_or
4,3573,7366,7367,4,not_implied_by
4,3574,7852,7853,11,implied_by
4,3575,3345,3346,15,one
4,3576,7220,7221,11,implied_by
4,3577,1570,1571,6,xor
4,3578,22,23,10,not_b
4,3579,6681,6682,3,a
4,3580,3222,3223,12,not_a
4,3581,4398,4399,12,not_a
4,3582,7662,7663,5,b
4,3583,939,940,12,not_a
4,3584,6713,6714,10,not_b
4,3585,869,870,0,zero
4,3586,5154,5155,3,a
4,3587,4485,4486,15,one
4,3588,1593,1594,5,b
4,3589,1954,1955,1,and
4,3590,4197,4198,1,and
4,3591,4728,4729,5,b
4,3592,5388,5389,14,not_and
4,3593,7933,7934,8,not_or
4,3594,4698,4699,10,not_b
4,3595,2189,2190,10,not_b
4,3596,1281,1282,11,implied_by
4,3597,657,658,7,or
4,3598,7300,7301,1,and
4,3599,4139,4140,1,and
4,3600,6069,6070,12,not_a
4,3601,7326,7327,11,implied_by
4,3602,7607,7608,12,not_a
4,3603,6169,6170,5,b
4,3604,504,505,8,not_or
4,3605,157,158,12,not_a
4,3606,1,2,11,implied_by
4,3607,5133,5134,8,not_or
4,3608,2621,2622,8,not_or
4,3609,5981,5982,5,b
4,3610,5477,5478,10,not_b
4,3611,6462,6463,2,not_implies
4,3612,2500,2501,9,not_xor
4,3613,1754,1755,2,not_implies
4,3614,1920,1921,8,not_or
4,3615,2311,2312,8,not_or
4,3616,2027,2028,0,zero
4,3617,64,65,0,zero
4,3618,7931,7932,4,not_implied_by
4,3619,6096,6097,7,or
4,3620,5622,5623,1,and
4,3621,7881,7882,5,b
4,3622,4405,4406,15,one
4,3623,5044,5045,1,and
4,3624,4123,4124,7,or
4,3625,1720,1721,5,b
4,3626,539,540,5,b
4,3627,1591,1592,15,one
4,3628,934,935,9,not_xor
4,3629,2403,2404,14,not_and
4,3630,3952,3953,12,not_a
4,3631,941,942,11,implied_by
4,3632,6179,6180,10,not_b
4,3633,6779,6780,0,zero
4,3634,2727,2728,5,b
4,3635,7671,7672,12,not_a
4,3636,444,445,5,b
4,3637,6633,6634,5,b
4,3638,4131,4132,2,not_implies
4,3639,6183,6184,9,not_xor
4,3640,4095,4096,10,not_b
4,3641,3509,3510,1,and
4,3642,7081,7082,4,not_implied_by
4,3643,1855,1856,3,a
4,3644,5778,5779,6,xor
4,3645,4,5,6,xor
4,3646,6237,6238,8,not_or
4,3647,203,204,0,zero
4,3648,658,659,12,not_a
4,3649,6003,6004,3,a
4,3650,4402,4403,7,or
4,3651,1359,1360,1,and
4,3652,7141,7142,11,implied_by
4,3653,2495,2496,5,b
4,3654,6126,6127,4,not_implied_by
4,3655,5910,5911,14,not_and
4,3656,3751,3752,4,not_implied_by
4,3657,3068,3069,10,not_b
4,3658,572,573,14,not_and
4,3659,4112,4113,4,not_implied_by
4,3660,1559,1560,12,not_a
4,3661,6105,6106,9,not_xor
4,3662,4022,4023,12,not_a
4,3663,7904,7905,3,a
4,3664,3347,3348,13,implies
4,3665,3090,3091,11,implied_by
4,3666,162,163,12,not_a
4,3667,7171,7172,9,not_xor
4,3668,6209,6210,1,and
4,3669,7581,7582,13,implies
4,3670,7895,7896,6,xor
4,3671,3185,3186,9,not_xor
4,3672,627,628,3,a
4,3673,7132,7133,11,implied_by
4,3674,3561,3562,6,xor
4,3675,7292,7293,15,one
4,3676,4601,4602,6,xor
4,3677,2569,2570,6,xor
4,3678,1041,1042,13,implies
4,3679,7768,7769,7,or
4,3680,1574,1575,0,zero
4,3681,5572,5573,0,zero
4,3682,300,301,11,implied_by
4,3683,1831,1832,11,implied_by
4,3684,2659,2660,6,xor
4,3685,7369,7370,5,b
4,3686,3825,3826,8,not_or
4,3687,5228,5229,2,not_implies
4,3688,7281,7282,5,b
4,3689,6336,6337,12,not_a
4,3690,6333,6334,14,not_and
4,3691,1217,1218,10,not_b
4,3692,6157,6158,0,zero
4,3693,5943,5944,5,b
4,3694,2562,2563,12,not_a
4,3695,7453,7454,12,not_a
4,3696,5545,5546,13,implies
4,3697,2195,2196,10,not_b
4,3698,4418,4419,4,not_implied_by
4,3699,1284,1285,8,not_or
4,3700,787,788,4,not_implied_by
4,3701,1737,1738,7,or
4,3702,7235,7236,11,implied_by
4,3703,7934,7935,3,a
4,3704,5582,5583,0,zero
4,3705,4307,4308,7,or
4,3706,920,921,1,and
4,3707,6996,6997,5,b
4,3708,457,458,4,not_implied_by
4,3709,6678,6679,4,not_implied_by
4,3710,3780,3781,3,a
4,3711,1319,1320,0,zero
4,3712,7397,7398,0,zero
4,3713,6705,6706,14,not_and
4,3714,7035,7036,2,not_implies
4,3715,3632,3633,12,not_a
4,3716,4749,4750,14,not_and
4,3717,5831,5832,12,not_a
4,3718,6740,6741,4,not_implied_by
4,3719,2014,2015,3,a
4,3720,6569,6570,9,not_xor
4,3721,2564,2565,3,a
4,3722,7882,7883,6,xor
4,3723,4558,4559,11,implied_by
4,3724,5279,5280,5,b
4,3725,5026,5027,12,not_a
4,3726,5276,5277,14,not_and
4,3727,4651,4652,3,a
4,3728,5192,5193,6,xor
4,3729,3052,3053,9,not_xor
4,3730,568,569,12,not_a
4,3731,6932,6933,8,not_or
4,3732,141,142,5,b
4,3733,6181,6182,6,xor
4,3734,2469,2470,0,zero
4,3735,6122,6123,2,not_implies
4,3736,6098,6099,3,a
4,3737,3219,3220,15,one
4,3738,6071,6072,14,not_and
4,3739,2209,2210,0,zero
4,3740,2671,2672,3,a
4,3741,1223,1224,5,b
4,3742,5068,5069,7,or
4,3743,7714,7715,7,or
4,3744,83,84,2,not_implies
4,3745,7636,7637,12,not_a
4,3746,6969,6970,12,not_a
4,3747,7222,7223,10,not_b
4,3748,1899,1900,5,b
4,3749,1111,1112,7,or
4,3750,2884,2885,4,not_implied_by
4,3751,557,558,4,not_implied_by
4,3752,7869,7870,5,b
4,3753,5992,5993,0,zero
4,3754,1299,1300,5,b
4,3755,6430,6431,3,a
4,3756,292,293,7,or
4,3757,1461,1462,15,one
4,3758,4788,4789,15,one
4,3759,3208,3209,5,b
4,3760,3265,3266,10,not_b
4,3761,3154,3155,3,a
4,3762,792,793,10,not_b
4,3763,862,863,0,zero
4,3764,2583,2584,5,b
4,3765,1264,1265,2,not_implies
4,3766,362,363,10,not_b
4,3767,6725,6726,3,a
4,3768,4108,4109,8,not_or
4,3769,4092,4093,15,one
4,3770,1523,1524,10,not_b
4,3771,5092,5093,12,not_a
4,3772,3313,3314,9,not_xor
4,3773,5840,5841,15,one
4,3774,381,382,2,not_implies
4,3775,2251,2252,13,implies
4,3776,3999,4000,1,and
4,3777,689,690,15,one
4,3778,5375,5376,15,one
4,3779,7139,7140,5,b
4,3780,2535,2536,7,or
4,3781,5176,5177,8,not_or
4,3782,1463,1464,1,and
4,3783,1557,1558,10,not_b
4,3784,4592,4593,7,or
4,3785,7028,7029,15,one
4,3786,3144,3145,13,implies
4,3787,5140,5141,10,not_b
4,3788,4159,4160,3,a
4,3789,4696,4697,11,implied_by
4,3790,2099,2100,5,b
4,3791,481,482,12,not_a
4,3792,3773,3774,12,not_a
4,3793,7496,7497,3,a
4,3794,160,161,1,and
4,3795,454,455,10,not_b
4,3796,2695,2696,12,not_a
4,3797,429,430,4,not_implied_by
4,3798,5356,5357,0,zero
4,3799,1227,1228,5,b
4,3800,6233,6234,12,not_a
4,3801,5461,5462,3,a
4,3802,149,150,10,not_b
4,3803,5125,5126,8,not_or
4,3804,4343,4344,15,one
4,3805,5257,5258,7,or
4,3806,1794,1795,5,b
4,3807,2178,2179,13,implies
4,3808,4701,4702,10,not_b
4,3809,4104,4105,10,not_b
4,3810,4966,4967,6,xor
4,3811,4762,4763,11,implied_by
4,3812,6431,6432,2,not_implies
4,3813,3380,3381,12,not_a
4,3814,3597,3598,14,not_and
4,3815,439,440,6,xor
4,3816,2927,2928,3,a
4,3817,1818,1819,0,zero
4,3818,7282,7283,3,a
4,3819,1421,1422,10,not_b
4,3820,7169,7170,5,b
4,3821,3075,3076,10,not_b
4,3822,1439,1440,7,or
4,3823,3453,3454,9,not_xor
4,3824,6526,6527,2,not_implies
4,3825,6518,6519,2,not_implies
4,3826,5078,5079,13,implies
4,3827,687,688,10,not_b
4,3828,186,187,2,not_implies
4,3829,2718,2719,8,not_or
4,3830,208,209,4,not_implied_by
4,3831,7329,7330,9,not_xor
4,3832,1719,1720,1,and
4,3833,1967,1968,8,not_or
4,3834,1511,1512,3,a
4,3835,2393,2394,5,b
4,3836,1686,1687,7,or
4,3837,7926,7927,3,a
4,3838,5255,5256,4,not_implied_by
4,3839,7265,7266,13,implies
4,3840,7577,7578,12,not_a
4,3841,3096,3097,15,one
4,3842,5871,5872,7,or
4,3843,908,909,15,one
4,3844,4234,4235,6,xor
4,3845,4165,4166,10,not_b
4,3846,6012,6013,12,not_a
4,3847,2610,2611,11,implied_by
4,3848,1116,1117,14,not_and
4,3849,1790,1791,14,not_and
4,3850,4609,4610,10,not_b
4,3851,3367,3368,5,b
4,3852,7544,7545,14,not_and
4,3853,7548,7549,8,not_or
4,3854,1185,1186,11,implied_by
4,3855,5335,5336,12,not_a
4,3856,4399,4400,8,not_or
4,3857,6977,6978,10,not_b
4,3858,795,796,8,not_or
4,3859,2098,2099,3,a
4,3860,1370,1371,2,not_implies
4,3861,3458,3459,7,or
4,3862,2810,2811,5,b
4,3863,4991,4992,12,not_a
4,3864,7318,7319,15,one
4,3865,3199,3200,3,a
4,3866,6427,6428,10,not_b
4,3867,6945,6946,13,implies
4,3868,3657,3658,9,not_xor
4,3869,466,467,15,one
4,3870,1948,1949,12,not_a
4,3871,3856,3857,2,not_implies
4,3872,1503,1504,8,not_or
4,3873,1873,1874,0,zero
4,3874,5473,5474,5,b
4,3875,7218,7219,1,and
4,3876,714,715,3,a
4,3877,2243,2244,4,not_implied_by
4,3878,403,404,3,a
4,3879,6739,6740,9,not_xor
4,3880,7903,7904,9,not_xor
4,3881,4992,4993,13,implies
4,3882,3709,3710,10,not_b
4,3883,3221,3222,10,not_b
4,3884,613,614,14,not_and
4,3885,1318,1319,3,a
4,3886,5554,5555,3,a
4,3887,6262,6263,10,not_b
4,3888,6709,6710,4,not_implied_by
4,3889,7956,7957,1,and
4,3890,933,934,3,a
4,3891,6011,6012,12,not_a
4,3892,2585,2586,8,not_or
4,3893,610,611,0,zero
4,3894,5358,5359,3,a
4,3895,2764,2765,10,not_b
4,3896,6871,6872,14,not_and
4,3897,5164,5165,3,a
4,3898,2632,2633,10,not_b
4,3899,6412,6413,11,implied_by
4,3900,2736,2737,3,a
4,3901,3067,3068,9,not_xor
4,3902,6304,6305,12,not_a
4,3903,4466,4467,10,not_b
4,3904,7888,7889,0,zero
4,3905,232,233,5,b
4,3906,5752,5753,3,a
4,3907,36,37,7,or
4,3908,5729,5730,12,not_a
4,3909,7359,7360,8,not_or
4,3910,6476,6477,10,not_b
4,3911,6382,6383,11,implied_by
4,3912,1476,1477,7,or
4,3913,1328,1329,3,a
4,3914,7253,7254,8,not_or
4,3915,7119,7120,11,implied_by
4,3916,7412,7413,13,implies
4,3917,1169,1170,10,not_b
4,3918,1545,1546,14,not_and
4,3919,2772,2773,13,implies
4,3920,2138,2139,3,a
4,3921,3315,3316,3,a
4,3922,3159,3160,3,a
4,3923,337,338,14,not_and
4,3924,6305,6306,9,not_xor
4,3925,7621,7622,5,b
4,3926,4747,4748,13,implies
4,3927,5013,5014,9,not_xor
4,3928,4198,4199,14,not_and
4,3929,6415,6416,8,not_or
4,3930,3826,3827,15,one
4,3931,5333,5334,4,not_implied_by
4,3932,6583,6584,4,not_implied_by
4,3933,5412,5413,8,not_or
4,3934,4005,4006,1,and
4,3935,4352,4353,11,implied_by
4,3936,224,225,10,not_b
4,3937,2549,2550,1,and
4,3938,2862,2863,7,or
4,3939,6612,6613,7,or
4,3940,5107,5108,4,not_implied_by
4,3941,436,437,11,implied_by
4,3942,1161,1162,4,not_implied_by
4,3943,1429,1430,1,and
4,3944,6639,6640,12,not_a
4,3945,4822,4823,9,not_xor
4,3946,3066,3067,1,and
4,3947,3200,3201,5,b
4,3948,407,408,4,not_implied_by
4,3949,7987,7988,11,implied_by
4,3950,7828,7829,1,and
4,3951,1018,1019,1,and
4,3952,4851,4852,11,implied_by
4,3953,4576,4577,2,not_implies
4,3954,7626,7627,12,not_a
4,3955,10,11,8,not_or
4,3956,4239,4240,6,xor
4,3957,3457,3458,7,or
4,3958,759,760,0,zero
4,3959,7684,7685,15,one
4,3960,6677,6678,14,not_and
4,3961,5883,5884,2,not_implies
4,3962,1183,1184,0,zero
4,3963,6896,6897,7,or
4,3964,1783,1784,6,xor
4,3965,6337,6338,8,not_or
4,3966,1844,1845,13,implies
4,3967,464,465,6,xor
4,3968,4630,4631,12,not_a
4,3969,5283,5284,2,not_implies
4,3970,904,905,6,xor
4,3971,6737,6738,12,not_a
4,3972,6853,6854,11,implied_by
4,3973,1141,1142,7,or
4,3974,3399,3400,9,not_xor
4,3975,6121,6122,12,not_a
4,3976,3332,3333,3,a
4,3977,1708,1709,10,not_b
4,3978,6072,6073,14,not_and
4,3979,5497,5498,13,implies
4,3980,681,682,2,not_implies
4,3981,6475,6476,13,implies
4,3982,4432,4433,12,not_a
4,3983,2085,2086,1,and
4,3984,135,136,11,implied_by
4,3985,1875,1876,1,and
4,3986,2703,2704,0,zero
4,3987,483,484,11,implied_by
4,3988,1445,1446,4,not_implied_by
4,3989,5470,5471,12,not_a
4,3990,2541,2542,8,not_or
4,3991,813,814,5,b
4,3992,548,549,13,implies
4,3993,5337,5338,11,implied_by
4,3994,679,680,3,a
4,3995,4839,4840,2,not_implies
4,3996,4257,4258,5,b
4,3997,3596,3597,14,not_and
4,3998,6698,6699,3,a
4,3999,5064,5065,10,not_b
4,4000,894,895,3,a
4,4001,2379,2380,9,not_xor
4,4002,6835,6836,9,not_xor
4,4003,4102,4103,9,not_xor
4,4004,5311,5312,6,xor
4,4005,3207,3208,12,not_a
4,4006,3140,3141,7,or
4,4007,6507,6508,7,or
4,4008,4183,4184,6,xor
4,4009,6571,6572,10,not_b
4,4010,1306,1307,9,not_xor
4,4011,1680,1681,3,a
4,4012,6466,6467,4,not_implied_by
4,4013,2542,2543,0,zero
4,4014,2320,2321,8,not_or
4,4015,3312,3313,15,one
4,4016,917,918,0,zero
4,4017,6665,6666,5,b
4,4018,1091,1092,8,not_or
4,4019,4833,4834,3,a
4,4020,7968,7969,12,not_a
4,4021,5229,5230,9,not_xor
4,4022,3580,3581,11,implied_by
4,4023,430,431,11,implied_by
4,4024,935,936,3,a
4,4025,3326,3327,14,not_and
4,4026,7334,7335,14,not_and
4,4027,6905,6906,12,not_a
4,4028,5663,5664,3,a
4,4029,2417,2418,15,one
4,4030,2207,2208,10,not_b
4,4031,7846,7847,11,implied_by
4,4032,6907,6908,5,b
4,4033,2011,2012,5,b
4,4034,1438,1439,0,zero
4,4035,3735,3736,6,xor
4,4036,3054,3055,11,implied_by
4,4037,2164,2165,9,not_xor
4,4038,2570,2571,9,not_xor
4,4039,3431,3432,4,not_implied_by
4,4040,1969,1970,10,not_b
4,4041,261,262,14,not_and
4,4042,7829,7830,3,a
4,4043,4498,4499,3,a
4,4044,1929,1930,3,a
4,4045,4681,4682,7,or
4,4046,2930,2931,6,xor
4,4047,1100,1101,8,not_or
4,4048,410,411,15,one
4,4049,5631,5632,13,implies
4,4050,355,356,0,zero
4,4051,531,532,11,implied_by
4,4052,7476,7477,10,not_b
4,4053,1599,1600,15,one
4,4054,3880,3881,2,not_implies
4,4055,6999,7000,5,b
4,4056,2894,2895,11,implied_by
4,4057,5676,5677,0,zero
4,4058,7997,7998,9,not_xor
4,4059,5674,5675,4,not_implied_by
4,4060,5517,5518,5,b
4,4061,6309,6310,7,or
4,4062,4982,4983,7,or
4,4063,2693,2694,4,not_implied_by
4,4064,6805,6806,14,not_and
4,4065,2390,2391,10,not_b
4,4066,1928,1929,10,not_b
4,4067,7923,7924,1,and
4,4068,6602,6603,1,and
4,4069,2634,2635,2,not_implies
4,4070,7699,7700,8,not_or
4,4071,3443,3444,3,a
4,4072,5067,5068,11,implied_by
4,4073,522,523,13,implies
4,4074,5519,5520,9,not_xor
4,4075,2750,2751,7,or
4,4076,4932,4933,3,a
4,4077,414,415,14,not_and
4,4078,4010,4011,8,not_or
4,4079,3214,3215,0,zero
4,4080,5349,5350,14,not_and
4,4081,4067,4068,2,not_implies
4,4082,6497,6498,12,not_a
4,4083,1195,1196,6,xor
4,4084,7323,7324,0,zero
4,4085,3408,3409,9,not_xor
4,4086,3890,3891,12,not_a
4,4087,6906,6907,7,or
4,4088,6345,6346,8,not_or
4,4089,2684,2685,12,not_a
4,4090,6325,6326,14,not_and
4,4091,7255,7256,3,a
4,4092,7182,7183,3,a
4,4093,2970,2971,11,implied_by
4,4094,6328,6329,4,not_implied_by
4,4095,6964,6965,13,implies
4,4096,4716,4717,14,not_and
4,4097,2501,2502,1,and
4,4098,4688,4689,5,b
4,4099,3235,3236,8,not_or
4,4100,5687,5688,15,one
4,4101,6680,6681,3,a
4,4102,2603,2604,6,xor
4,4103,4036,4037,10,not_b
4,4104,5656,5657,0,zero
4,4105,4344,4345,7,or
4,4106,6201,6202,12,not_a
4,4107,4082,4083,12,not_a
4,4108,626,627,0,zero
4,4109,3723,3724,5,b
4,4110,2672,2673,12,not_a
4,4111,1265,1266,15,one
4,4112,5286,5287,12,not_a
4,4113,5523,5524,12,not_a
4,4114,5820,5821,0,zero
4,4115,138,139,0,zero
4,4116,4330,4331,13,implies
4,4117,2383,2384,3,a
4,4118,103,104,3,a
4,4119,7230,7231,8,not_or
4,4120,6783,6784,8,not_or
4,4121,70,71,3,a
4,4122,6155,6156,3,a
4,4123,7410,7411,10,not_b
4,4124,378,379,4,not_implied_by
4,4125,2989,2990,15,one
4,4126,913,914,5,b
4,4127,134,135,1,and
4,4128,1999,2000,3,a
4,4129,1816,1817,12,not_a
4,4130,101,102,7,or
4,4131,5007,5008,5,b
4,4132,4661,4662,1,and
4,4133,2656,2657,13,implies
4,4134,3285,3286,4,not_implied_by
4,4135,6077,6078,3,a
4,4136,3407,3408,2,not_implies
4,4137,6661,6662,5,b
4,4138,7325,7326,12,not_a
4,4139,1617,1618,6,xor
4,4140,592,593,7,or
4,4141,3477,3478,14,not_and
4,4142,21,22,0,zero
4,4143,80,81,10,not_b
4,4144,4246,4247,8,not_or
4,4145,2067,2068,14,not_and
4,4146,1962,1963,10,not_b
4,4147,5711,5712,6,xor
4,4148,7153,7154,5,b
4,4149,1778,1779,9,not_xor
4,4150,6870,6871,0,zero
4,4151,5585,5586,10,not_b
4,4152,1810,1811,9,not_xor
4,4153,6010,6011,5,b
4,4154,5481,5482,0,zero
4,4155,7039,7040,10,not_b
4,4156,636,637,15,one
4,4157,5758,5759,7,or
4,4158,5307,5308,13,implies
4,4159,2788,2789,2,not_implies
4,4160,1500,1501,5,b
4,4161,5156,5157,0,zero
4,4162,38,39,15,one
4,4163,3488,3489,15,one
4,4164,241,242,12,not_a
4,4165,2470,2471,3,a
4,4166,3588,3589,10,not_b
4,4167,5722,5723,12,not_a
4,4168,2937,2938,10,not_b
4,4169,5035,5036,6,xor
4,4170,2284,2285,9,not_xor
4,4171,927,928,3,a
4,4172,7029,7030,0,zero
4,4173,1937,1938,3,a
4,4174,4829,4830,14,not_and
4,4175,5914,5915,3,a
4,4176,2602,2603,12,not_a
4,4177,4429,4430,15,one
4,4178,3014,3015,12,not_a
4,4179,2454,2455,7,or
4,4180,2568,2569,15,one
4,4181,4699,4700,12,not_a
4,4182,6348,6349,13,implies
4,4183,482,483,15,one
4,4184,4318,4319,12,not_a
4,4185,3970,3971,4,not_implied_by
4,4186,2581,2582,5,b
4,4187,1696,1697,14,not_and
4,4188,6263,6264,12,not_a
4,4189,4216,4217,3,a
4,4190,5135,5136,2,not_implies
4,4191,4570,4571,8,not_or
4,4192,348,349,11,implied_by
4,4193,3232,3233,12,not_a
4,4194,2733,2734,14,not_and
4,4195,5954,5955,2,not_implies
4,4196,2710,2711,2,not_implies
4,4197,453,454,7,or
4,4198,320,321,12,not_a
4,4199,771,772,14,not_and
4,4200,7336,7337,7,or
4,4201,6963,6964,12,not_a
4,4202,182,183,5,b
4,4203,5797,5798,7,or
4,4204,2452,2453,14,not_and
4,4205,3802,3803,3,a
4,4206,5006,5007,4,not_implied_by
4,4207,1697,1698,10,not_b
4,4208,2575,2576,12,not_a
4,4209,2263,2264,9,not_xor
4,4210,3518,3519,7,or
4,4211,5432,5433,11,implied_by
4,4212,3355,3356,7,or
4,4213,1255,1256,4,not_implied_by
4,4214,15,16,12,not_a
4,4215,2245,2246,0,zero
4,4216,296,297,12,not_a
4,4217,2381,2382,5,b
4,4218,1208,1209,8,not_or
4,4219,723,724,15,one
4,4220,6442,6443,7,or
4,4221,7804,7805,5,b
4,4222,5929,5930,8,not_or
4,4223,7790,7791,3,a
4,4224,4606,4607,9,not_xor
4,4225,2358,2359,11,implied_by
4,4226,4370,4371,3,a
4,4227,3542,3543,4,not_implied_by
4,4228,6340,6341,1,and
4,4229,4226,4227,9,not_xor
4,4230,7189,7190,3,a
4,4231,1676,1677,1,and
4,4232,4940,4941,5,b
4,4233,7424,7425,0,zero
4,4234,2026,2027,7,or
4,4235,3992,3993,13,implies
4,4236,4778,4779,6,xor
4,4237,5099,5100,11,implied_by
4,4238,912,913,2,not_implies
4,4239,5552,5553,3,a
4,4240,7183,7184,14,not_and
4,4241,2198,2199,6,xor
4,4242,7023,7024,3,a
4,4243,1260,1261,5,b
4,4244,4209,4210,15,one
4,4245,2001,2002,6,xor
4,4246,196,197,12,not_a
4,4247,253,254,1,and
4,4248,1828,1829,8,not_or
4,4249,7374,7375,1,and
4,4250,2806,2807,7,or
4,4251,5094,5095,3,a
4,4252,7109,7110,3,a
4,4253,1958,1959,3,a
4,4254,3984,3985,4,not_implied_by
4,4255,3465,3466,10,not_b
4,4256,5292,5293,11,implied_by
4,4257,7820,7821,3,a
4,4258,4030,4031,15,one
4,4259,5922,5923,6,xor
4,4260,1390,1391,8,not_or
4,4261,4199,4200,14,not_and
4,4262,2531,2532,6,xor
4,4263,6289,6290,6,xor
4,4264,150,151,9,not_xor
4,4265,921,922,8,not_or
4,4266,420,421,10,not_b
4,4267,1412,1413,1,and
4,4268,916,917,2,not_implies
4,4269,1683,1684,12,not_a
4,4270,7305,7306,14,not_and
4,4271,5232,5233,11,implied_by
4,4272,6813,6814,10,not_b
4,4273,4311,4312,10,not_b
4,4274,2911,2912,12,not_a
4,4275,1647,1648,3,a
4,4276,1835,1836,13,implies
4,4277,4411,4412,8,not_or
4,4278,3693,3694,7,or
4,4279,1722,1723,13,implies
4,4280,7779,7780,3,a
4,4281,4013,4014,9,not_xor
4,4282,7758,7759,13,implies
4,4283,3859,3860,12,not_a
4,4284,2076,2077,10,not_b
4,4285,3371,3372,12,not_a
4,4286,3974,3975,10,not_b
4,4287,2427,2428,3,a
4,4288,6308,6309,11,implied_by
4,4289,2808,2809,2,not_implies
4,4290,4181,4182,15,one
4,4291,2144,2145,14,not_and
4,4292,3625,3626,5,b
4,4293,774,775,10,not_b
4,4294,5290,5291,0,zero
4,4295,5265,5266,12,not_a
4,4296,3700,3701,15,one
4,4297,4863,4864,5,b
4,4298,7785,7786,9,not_xor
4,4299,4884,4885,12,not_a
4,4300,6827,6828,3,a
4,4301,2057,2058,10,not_b
4,4302,1588,1589,11,implied_by
4,4303,3563,3564,12,not_a
4,4304,3585,3586,12,not_a
4,4305,4221,4222,6,xor
4,4306,7914,7915,3,a
4,4307,7468,7469,2,not_implies
4,4308,1600,1601,0,zero
4,4309,3352,3353,5,b
4,4310,4794,4795,10,not_b
4,4311,1142,1143,9,not_xor
4,4312,6205,6206,5,b
4,4313,772,773,5,b
4,4314,2955,2956,5,b
4,4315,2337,2338,13,implies
4,4316,1838,1839,4,not_implied_by
4,4317,1610,1611,14,not_and
4,4318,3103,3104,6,xor
4,4319,6084,6085,10,not_b
4,4320,1469,1470,3,a
4,4321,6184,6185,10,not_b
4,4322,4921,4922,3,a
4,4323,5777,5778,10,not_b
4,4324,2314,2315,7,or
4,4325,7197,7198,7,or
4,4326,2408,2409,5,b
4,4327,4276,4277,12,not_a
4,4328,5014,5015,15,one
4,4329,1333,1334,8,not_or
4,4330,7084,7085,1,and
4,4331,562,563,5,b
4,4332,7789,7790,13,implies
4,4333,2354,2355,13,implies
4,4334,4649,4650,11,implied_by
4,4335,3118,3119,5,b
4,4336,1633,1634,2,not_implies
4,4337,2364,2365,2,not_implies
4,4338,6958,6959,0,zero
4,4339,7395,7396,11,implied_by
4,4340,6264,6265,2,not_implies
4,4341,2372,2373,0,zero
4,4342,2925,2926,4,not_implied_by
4,4343,7752,7753,12,not_a
4,4344,1651,1652,12,not_a
4,4345,6874,6875,4,not_implied_by
4,4346,5553,5554,7,or
4,4347,6825,6826,8,not_or
4,4348,1467,1468,0,zero
4,4349,4990,4991,10,not_b
4,4350,7593,7594,7,or
4,4351,2236,2237,5,b
4,4352,7076,7077,3,a
4,4353,4721,4722,3,a
4,4354,5459,5460,12,not_a
4,4355,3784,3785,10,not_b
4,4356,5495,5496,1,and
4,4357,6298,6299,9,not_xor
4,4358,3930,3931,7,or
4,4359,582,583,12,not_a
4,4360,2196,2197,7,or
4,4361,7480,7481,11,implied_by
4,4362,5373,5374,9,not_xor
4,4363,7285,7286,13,implies
4,4364,1868,1869,10,not_b
4,4365,3263,3264,12,not_a
4,4366,3450,3451,12,not_a
4,4367,7138,7139,3,a
4,4368,2586,2587,13,implies
4,4369,7816,7817,5,b
4,4370,188,189,3,a
4,4371,7293,7294,12,not_a
4,4372,4637,4638,2,not_implies
4,4373,3314,3315,10,not_b
4,4374,1538,1539,11,implied_by
4,4375,7822,7823,6,xor
4,4376,3515,3516,14,not_and
4,4377,6421,6422,4,not_implied_by
4,4378,967,968,11,implied_by
4,4379,7744,7745,2,not_implies
4,4380,7047,7048,7,or
4,4381,2360,2361,1,and
4,4382,3474,3475,0,zero
4,4383,7617,7618,10,not_b
4,4384,5480,5481,4,not_implied_by
4,4385,987,988,15,one
4,4386,3023,3024,10,not_b
4,4387,5037,5038,13,implies
4,4388,6819,6820,12,not_a
4,4389,5537,5538,12,not_a
4,4390,6960,6961,13,implies
4,4391,3538,3539,13,implies
4,4392,4475,4476,10,not_b
4,4393,5210,5211,7,or
4,4394,85,86,15,one
4,4395,3931,3932,3,a
4,4396,445,446,3,a
4,4397,1490,1491,3,a
4,4398,7884,7885,14,not_and
4,4399,1381,1382,6,xor
4,4400,6413,6414,2,not_implies
4,4401,667,668,12,not_a
4,4402,3978,3979,13,implies
4,4403,7981,7982,13,implies
4,4404,3459,3460,13,implies
4,4405,1021,1022,5,b
4,4406,5027,5028,7,or
4,4407,7657,7658,13,implies
4,4408,503,504,14,not_and
4,4409,7650,7651,5,b
4,4410,5380,5381,2,not_implies
4,4411,500,501,12,not_a
4,4412,1379,1380,8,not_or
4,4413,5353,5354,7,or
4,4414,2045,2046,9,not_xor
4,4415,6658,6659,15,one
4,4416,1809,1810,5,b
4,4417,1919,1920,3,a
4,4418,4636,4637,12,not_a
4,4419,2938,2939,5,b
4,4420,947,948,3,a
4,4421,3702,3703,7,or
4,4422,4847,4848,3,a
4,4423,5640,5641,8,not_or
4,4424,5736,5737,10,not_b
4,4425,1714,1715,9,not_xor
4,4426,1721,1722,5,b
4,4427,5881,5882,13,implies
4,4428,2336,2337,15,one
4,4429,7543,7544,0,zero
4,4430,1060,1061,1,and
4,4431,4348,4349,10,not_b
4,4432,2694,2695,9,not_xor
4,4433,5086,5087,8,not_or
4,4434,2964,2965,0,zero
4,4435,7957,7958,7,or
4,4436,3404,3405,2,not_implies
4,4437,5621,5622,4,not_implied_by
4,4438,4942,4943,15,one
4,4439,6952,6953,9,not_xor
4,4440,4303,4304,15,one
4,4441,4207,4208,10,not_b
4,4442,7191,7192,1,and
4,4443,1882,1883,13,implies
4,4444,5054,5055,8,not_or
4,4445,172,173,9,not_xor
4,4446,5969,5970,10,not_b
4,4447,3386,3387,7,or
4,4448,6242,6243,10,not_b
4,4449,4023,4024,6,xor
4,4450,3508,3509,15,one
4,4451,5324,5325,14,not_and
4,4452,7415,7416,12,not_a
4,4453,2922,2923,1,and
4,4454,605,606,12,not_a
4,4455,5390,5391,0,zero
4,4456,6861,6862,12,not_a
4,4457,1980,1981,10,not_b
4,4458,573,574,0,zero
4,4459,1427,1428,15,one
4,4460,1331,1332,5,b
4,4461,7315,7316,11,implied_by
4,4462,7085,7086,12,not_a
4,4463,2216,2217,9,not_xor
4,4464,3641,3642,1,and
4,4465,3027,3028,1,and
4,4466,2146,2147,6,xor
4,4467,2005,2006,3,a
4,4468,6450,6451,0,zero
4,4469,1939,1940,13,implies
4,4470,5420,5421,10,not_b
4,4471,2539,2540,10,not_b
4,4472,5551,5552,8,not_or
4,4473,6855,6856,5,b
4,4474,6948,6949,12,not_a
4,4475,3796,3797,8,not_or
4,4476,3679,3680,10,not_b
4,4477,4178,4179,3,a
4,4478,2013,2014,3,a
4,4479,4880,4881,10,not_b
4,4480,3903,3904,3,a
4,4481,5245,5246,13,implies
4,4482,924,925,12,not_a
4,4483,4567,4568,14,not_and
4,4484,6556,6557,13,implies
4,4485,2276,2277,14,not_and
4,4486,1340,1341,13,implies
4,4487,2058,2059,13,implies
4,4488,4290,4291,14,not_and
4,4489,5498,5499,8,not_or
4,4490,2371,2372,5,b
4,4491,698,699,9,not_xor
4,4492,283,284,4,not_implied_by
4,4493,4238,4239,4,not_implied_by
4,4494,2204,2205,15,one
4,4495,3664,3665,12,not_a
4,4496,2738,2739,15,one
4,4497,4931,4932,5,b
4,4498,3822,3823,15,one
4,4499,6590,6591,8,not_or
4,4500,6341,6342,5,b
4,4501,2166,2167,15,one
4,4502,6824,6825,12,not_a
4,4503,7072,7073,10,not_b
4,4504,7637,7638,5,b
4,4505,7455,7456,7,or
4,4506,7252,7253,2,not_implies
4,4507,958,959,5,b
4,4508,3994,3995,15,one
4,4509,4901,4902,1,and
4,4510,5995,5996,10,not_b
4,4511,7340,7341,10,not_b
4,4512,5821,5822,3,a
4,4513,1509,1510,2,not_implies
4,4514,5113,5114,5,b
4,4515,1724,1725,5,b
4,4516,7713,7714,12,not_a
4,4517,3092,3093,12,not_a
4,4518,5625,5626,8,not_or
4,4519,2105,2106,13,implies
4,4520,4059,4060,2,not_implies
4,4521,6669,6670,11,implied_by
4,4522,3834,3835,14,not_and
4,4523,974,975,11,implied_by
4,4524,1585,1586,14,not_and
4,4525,5329,5330,9,not_xor
4,4526,3114,3115,1,and
4,4527,3161,3162,9,not_xor
4,4528,4163,4164,11,implied_by
4,4529,5860,5861,0,zero
4,4530,1904,1905,11,implied_by
4,4531,2093,2094,12,not_a
4,4532,7059,7060,6,xor
4,4533,1768,1769,4,not_implied_by
4,4534,1517,1518,9,not_xor
4,4535,1713,1714,12,not_a
4,4536,6617,6618,9,not_xor
4,4537,5320,5321,12,not_a
4,4538,1611,1612,6,xor
4,4539,829,830,11,implied_by
4,4540,6816,6817,3,a
4,4541,3658,3659,13,implies
4,4542,5980,5981,9,not_xor
4,4543,3786,3787,12,not_a
4,4544,4232,4233,0,zero
4,4545,7776,7777,13,implies
4,4546,5913,5914,10,not_b
4,4547,1084,1085,10,not_b
4,4548,5488,5489,13,implies
4,4549,4735,4736,0,zero
4,4550,583,584,3,a
4,4551,7178,7179,2,not_implies
4,4552,2265,2266,10,not_b
4,4553,4049,4050,11,implied_by
4,4554,4034,4035,15,one
4,4555,760,761,3,a
4,4556,1322,1323,1,and
4,4557,7970,7971,5,b
4,4558,2459,2460,10,not_b
4,4559,4647,4648,15,one
4,4560,2108,2109,3,a
4,4561,1758,1759,13,implies
4,4562,305,306,12,not_a
4,4563,2624,2625,2,not_implies
4,4564,1204,1205,3,a
4,4565,6228,6229,8,not_or
4,4566,6696,6697,2,not_implies
4,4567,3396,3397,8,not_or
4,4568,7449,7450,6,xor
4,4569,5696,5697,10,not_b
4,4570,2947,2948,8,not_or
4,4571,2492,2493,3,a
4,4572,7133,7134,0,zero
4,4573,1856,1857,1,and
4,4574,4871,4872,2,not_implies
4,4575,3668,3669,10,not_b
4,4576,1338,1339,2,not_implies
4,4577,7831,7832,5,b
4,4578,7743,7744,5,b
4,4579,257,258,3,a
4,4580,222,223,5,b
4,4581,4132,4133,7,or
4,4582,1388,1389,11,implied_by
4,4583,2061,2062,2,not_implies
4,4584,6908,6909,3,a
4,4585,7229,7230,9,not_xor
4,4586,5759,5760,5,b
4,4587,4042,4043,8,not_or
4,4588,3575,3576,1,and
4,4589,7787,7788,14,not_and
4,4590,2518,2519,10,not_b
4,4591,3843,3844,14,not_and
4,4592,897,898,15,one
4,4593,1594,1595,10,not_b
4,4594,6441,6442,10,not_b
4,4595,4686,4687,10,not_b
4,4596,5296,5297,12,not_a
4,4597,3564,3565,3,a
4,4598,2580,2581,3,a
4,4599,3405,3406,2,not_implies
4,4600,2121,2122,13,implies
4,4601,4204,4205,10,not_b
4,4602,5085,5086,15,one
4,4603,446,447,3,a
4,4604,6992,6993,15,one
4,4605,2763,2764,0,zero
4,4606,6272,6273,13,implies
4,4607,1931,1932,4,not_implied_by
4,4608,7497,7498,4,not_implied_by
4,4609,5513,5514,5,b
4,4610,1106,1107,3,a
4,4611,393,394,10,not_b
4,4612,2443,2444,12,not_a
4,4613,234,235,3,a
4,4614,1466,1467,12,not_a
4,4615,2285,2286,12,not_a
4,4616,2756,2757,0,zero
4,4617,6167,6168,5,b
4,4618,7638,7639,8,not_or
4,4619,1731,1732,5,b
4,4620,7164,7165,3,a
4,4621,7372,7373,12,not_a
4,4622,1399,1400,7,or
4,4623,7890,7891,1,and
4,4624,2949,2950,3,a
4,4625,1892,1893,13,implies
4,4626,4231,4232,7,or
4,4627,650,651,10,not_b
4,4628,339,340,1,and
4,4629,6839,6840,11,implied_by
4,4630,3439,3440,0,zero
4,4631,4948,4949,13,implies
4,4632,7791,7792,15,one
4,4633,6770,6771,3,a
4,4634,2136,2137,13,implies
4,4635,3426,3427,0,zero
4,4636,3689,3690,12,not_a
4,4637,6017,6018,0,zero
4,4638,7143,7144,5,b
4,4639,7654,7655,12,not_a
4,4640,5960,5961,8,not_or
4,4641,5231,5232,0,zero
4,4642,2329,2330,11,implied_by
4,4643,2158,2159,15,one
4,4644,4499,4500,2,not_implies
4,4645,1297,1298,2,not_implies
4,4646,4110,4111,4,not_implied_by
4,4647,7240,7241,4,not_implied_by
4,4648,7795,7796,0,zero
4,4649,2237,2238,3,a
4,4650,5179,5180,11,implied_by
4,4651,4970,4971,12,not_a
4,4652,3421,3422,7,or
4,4653,2423,2424,3,a
4,4654,7033,7034,14,not_and
4,4655,1337,1338,15,one
4,4656,6828,6829,4,not_implied_by
4,4657,5020,5021,0,zero
4,4658,3779,3780,9,not_xor
4,4659,1207,1208,10,not_b
4,4660,4895,4896,15,one
4,4661,5108,5109,12,not_a
4,4662,3202,3203,9,not_xor
4,4663,669,670,0,zero
4,4664,3188,3189,4,not_implied_by
4,4665,3472,3473,2,not_implies
4,4666,1782,1783,1,and
4,4667,2891,2892,0,zero
4,4668,7186,7187,15,one
4,4669,3788,3789,4,not_implied_by
4,4670,6683,6684,10,not_b
4,4671,6914,6915,3,a
4,4672,6302,6303,5,b
4,4673,1765,1766,5,b
4,4674,3378,3379,5,b
4,4675,4782,4783,10,not_b
4,4676,3003,3004,2,not_implies
4,4677,5294,5295,13,implies
4,4678,801,802,6,xor
4,4679,5178,5179,15,one
4,4680,3798,3799,12,not_a
4,4681,5312,5313,0,zero
4,4682,1257,1258,15,one
4,4683,1433,1434,10,not_b
4,4684,5095,5096,5,b
4,4685,6334,6335,5,b
4,4686,4506,4507,15,one
4,4687,5700,5701,1,and
4,4688,6781,6782,10,not_b
4,4689,729,730,1,and
4,4690,1587,1588,10,not_b
4,4691,4063,4064,9,not_xor
4,4692,100,101,2,not_implies
4,4693,3255,3256,1,and
4,4694,7520,7521,3,a
4,4695,4162,4163,7,or
4,4696,1496,1497,5,b
4,4697,5951,5952,10,not_b
4,4698,743,744,3,a
4,4699,2892,2893,5,b
4,4700,1880,1881,4,not_implied_by
4,4701,4040,4041,1,and
4,4702,251,252,14,not_and
4,4703,1851,1852,6,xor
4,4704,5974,5975,1,and
4,4705,5874,5875,15,one
4,4706,1658,1659,13,implies
4,4707,6326,6327,10,not_b
4,4708,767,768,5,b
4,4709,7161,7162,10,not_b
4,4710,3812,3813,10,not_b
4,4711,2780,2781,0,zero
4,4712,17,18,0,zero
4,4713,7123,7124,11,implied_by
4,4714,2283,2284,2,not_implies
4,4715,370,371,12,not_a
4,4716,3662,3663,6,xor
4,4717,7343,7344,6,xor
4,4718,5109,5110,1,and
4,4719,2043,2044,15,one
4,4720,6195,6196,13,implies
4,4721,7766,7767,3,a
4,4722,5253,5254,7,or
4,4723,4841,4842,0,zero
4,4724,2125,2126,1,and
4,4725,5565,5566,11,implied_by
4,4726,5748,5749,12,not_a
4,4727,5493,5494,7,or
4,4728,6500,6501,9,not_xor
4,4729,6560,6561,2,not_implies
4,4730,2386,2387,3,a
4,4731,7134,7135,0,zero
4,4732,3539,3540,10,not_b
4,4733,470,471,4,not_implied_by
4,4734,4613,4614,2,not_implies
4,4735,4028,4029,14,not_and
4,4736,6103,6104,2,not_implies
4,4737,6443,6444,6,xor
4,4738,5208,5209,3,a
4,4739,1833,1834,11,implied_by
4,4740,2435,2436,0,zero
4,4741,119,120,5,b
4,4742,4720,4721,7,or
4,4743,925,926,10,not_b
4,4744,7646,7647,1,and
4,4745,3414,3415,1,and
4,4746,2374,2375,5,b
4,4747,2589,2590,10,not_b
4,4748,1489,1490,14,not_and
4,4749,6134,6135,7,or
4,4750,1769,1770,10,not_b
4,4751,2218,2219,0,zero
4,4752,2448,2449,9,not_xor
4,4753,5003,5004,13,implies
4,4754,3112,3113,1,and
4,4755,1309,1310,12,not_a
4,4756,6409,6410,11,implied_by
4,4757,7245,7246,2,not_implies
4,4758,7681,7682,12,not_a
4,4759,2803,2804,11,implied_by
4,4760,4677,4678,10,not_b
4,4761,7332,7333,3,a
4,4762,3018,3019,5,b
4,4763,750,751,5,b
4,4764,3573,3574,3,a
4,4765,3519,3520,7,or
4,4766,823,824,5,b
4,4767,1841,1842,9,not_xor
4,4768,3965,3966,11,implied_by
4,4769,3478,3479,12,not_a
4,4770,3602,3603,12,not_a
4,4771,2988,2989,12,not_a
4,4772,219,220,10,not_b
4,4773,4945,4946,5,b
4,4774,4354,4355,11,implied_by
4,4775,2083,2084,15,one
4,4776,3996,3997,10,not_b
4,4777,2532,2533,7,or
4,4778,6743,6744,12,not_a
4,4779,4150,4151,11,implied_by
4,4780,982,983,7,or
4,4781,5945,5946,10,not_b
4,4782,3839,3840,0,zero
4,4783,5638,5639,5,b
4,4784,2015,2016,4,not_implied_by
4,4785,1133,1134,5,b
4,4786,7506,7507,15,one
4,4787,4697,4698,13,implies
4,4788,6656,6657,2,not_implies
4,4789,4538,4539,3,a
4,4790,2179,2180,0,zero
4,4791,6300,6301,14,not_and
4,4792,6581,6582,5,b
4,4793,3294,3295,0,zero
4,4794,2188,2189,3,a
4,4795,2073,2074,4,not_implied_by
4,4796,2091,2092,3,a
4,4797,120,121,10,not_b
4,4798,4679,4680,0,zero
4,4799,7521,7522,12,not_a
4,4800,5305,5306,10,not_b
4,4801,6802,6803,10,not_b
4,4802,5720,5721,12,not_a
4,4803,4169,4170,5,b
4,4804,4025,4026,13,implies
4,4805,7871,7872,9,not_xor
4,4806,96,97,10,not_b
4,4807,6215,6216,15,one
4,4808,269,270,0,zero
4,4809,6877,6878,6,xor
4,4810,4394,4395,0,zero
4,4811,7547,7548,7,or
4,4812,635,636,3,a
4,4813,7030,7031,10,not_b
4,4814,1921,1922,4,not_implied_by
4,4815,4445,4446,7,or
4,4816,6080,6081,4,not_implied_by
4,4817,1673,1674,2,not_implies
4,4818,7032,7033,3,a
4,4819,1568,1569,13,implies
4,4820,5436,5437,5,b
4,4821,395,396,11,implied_by
4,4822,3484,3485,10,not_b
4,4823,7937,7938,12,not_a
4,4824,1965,1966,11,implied_by
4,4825,776,777,3,a
4,4826,3790,3791,3,a
4,4827,6587,6588,10,not_b
4,4828,4055,4056,12,not_a
4,4829,3569,3570,7,or
4,4830,7526,7527,1,and
4,4831,5731,5732,2,not_implies
4,4832,1378,1379,8,not_or
4,4833,6149,6150,2,not_implies
4,4834,5382,5383,5,b
4,4835,3440,3441,15,one
4,4836,4860,4861,14,not_and
4,4837,308,309,9,not_xor
4,4838,113,114,1,and
4,4839,3995,3996,4,not_implied_by
4,4840,7005,7006,4,not_implied_by
4,4841,4792,4793,15,one
4,4842,91,92,1,and
4,4843,27,28,7,or
4,4844,3535,3536,5,b
4,4845,6621,6622,9,not_xor
4,4846,671,672,12,not_a
4,4847,753,754,13,implies
4,4848,4897,4898,11,implied_by
4,4849,7571,7572,5,b
4,4850,6024,6025,13,implies
4,4851,214,215,9,not_xor
4,4852,7850,7851,6,xor
4,4853,4107,4108,1,and
4,4854,5338,5339,8,not_or
4,4855,5919,5920,10,not_b
4,4856,5801,5802,14,not_and
4,4857,5787,5788,13,implies
4,4858,3311,3312,0,zero
4,4859,6174,6175,2,not_implies
4,4860,1307,1308,5,b
4,4861,7832,7833,7,or
4,4862,6419,6420,7,or
4,4863,4678,4679,3,a
4,4864,7422,7423,3,a
4,4865,4417,4418,2,not_implies
4,4866,1589,1590,15,one
4,4867,2096,2097,15,one
4,4868,352,353,8,not_or
4,4869,2737,2738,10,not_b
4,4870,298,299,3,a
4,4871,4274,4275,5,b
4,4872,159,160,6,xor
4,4873,7870,7871,5,b
4,4874,4223,4224,5,b
4,4875,1128,1129,4,not_implied_by
4,4876,7009,7010,0,zero
4,4877,3057,3058,10,not_b
4,4878,4495,4496,12,not_a
4,4879,1192,1193,2,not_implies
4,4880,7501,7502,10,not_b
4,4881,7887,7888,10,not_b
4,4882,3495,3496,5,b
4,4883,6306,6307,7,or
4,4884,4271,4272,15,one
4,4885,5354,5355,7,or
4,4886,6158,6159,9,not_xor
4,4887,346,347,15,one
4,4888,7467,7468,13,implies
4,4889,2753,2754,13,implies
4,4890,664,665,5,b
4,4891,2536,2537,12,not_a
4,4892,4327,4328,5,b
4,4893,376,377,3,a
4,4894,3507,3508,4,not_implied_by
4,4895,4482,4483,9,not_xor
4,4896,6410,6411,0,zero
4,4897,5973,5974,10,not_b
4,4898,1351,1352,13,implies
4,4899,1052,1053,14,not_and
4,4900,6843,6844,3,a
4,4901,6699,6700,5,b
4,4902,3528,3529,5,b
4,4903,4440,4441,11,implied_by
4,4904,3402,3403,12,not_a
4,4905,5521,5522,12,not_a
4,4906,5009,5010,2,not_implies
4,4907,7209,7210,7,or
4,4908,4957,4958,10,not_b
4,4909,3393,3394,9,not_xor
4,4910,2491,2492,4,not_implied_by
4,4911,7196,7197,2,not_implies
4,4912,1329,1330,5,b
4,4913,4393,4394,12,not_a
4,4914,680,681,0,zero
4,4915,5976,5977,2,not_implies
4,4916,1752,1753,7,or
4,4917,3009,3010,10,not_b
4,4918,919,920,14,not_and
4,4919,6765,6766,2,not_implies
4,4920,6923,6924,11,implied_by
4,4921,7444,7445,3,a
4,4922,2914,2915,5,b
4,4923,7842,7843,10,not_b
4,4924,6888,6889,13,implies
4,4925,6365,6366,5,b
4,4926,7709,7710,3,a
4,4927,6212,6213,5,b
4,4928,6397,6398,12,not_a
4,4929,5755,5756,15,one
4,4930,7757,7758,5,b
4,4931,7280,7281,3,a
4,4932,611,612,13,implies
4,4933,6525,6526,3,a
4,4934,4814,4815,3,a
4,4935,5541,5542,5,b
4,4936,2576,2577,9,not_xor
4,4937,7695,7696,6,xor
4,4938,2815,2816,3,a
4,4939,5472,5473,8,not_or
4,4940,5031,5032,15,one
4,4941,1181,1182,3,a
4,4942,1366,1367,5,b
4,4943,7075,7076,6,xor
4,4944,2429,2430,12,not_a
4,4945,2739,2740,0,zero
4,4946,3428,3429,6,xor
4,4947,4072,4073,10,not_b
4,4948,281,282,3,a
4,4949,5751,5752,0,zero
4,4950,5635,5636,5,b
4,4951,1577,1578,0,zero
4,4952,2573,2574,9,not_xor
4,4953,347,348,10,not_b
4,4954,2951,2952,12,not_a
4,4955,3663,3664,13,implies
4,4956,4476,4477,11,implied_by
4,4957,2690,2691,5,b
4,4958,1802,1803,4,not_implied_by
4,4959,3987,3988,5,b
4,4960,1242,1243,8,not_or
4,4961,3278,3279,5,b
4,4962,1930,1931,5,b
4,4963,6987,6988,6,xor
4,4964,1678,1679,0,zero
4,4965,2291,2292,3,a
4,4966,7853,7854,0,zero
4,4967,3483,3484,0,zero
4,4968,3087,3088,10,not_b
4,4969,7844,7845,5,b
4,4970,6858,6859,11,implied_by
4,4971,5896,5897,4,not_implied_by
4,4972,5426,5427,3,a
4,4973,209,210,4,not_implied_by
4,4974,1976,1977,10,not_b
4,4975,7558,7559,8,not_or
4,4976,2845,2846,3,a
4,4977,1002,1003,7,or
4,4978,3921,3922,12,not_a
4,4979,5314,5315,0,zero
4,4980,983,984,12,not_a
4,4981,217,218,10,not_b
4,4982,2847,2848,15,one
4,4983,7187,7188,13,implies
4,4984,5175,5176,7,or
4,4985,1622,1623,3,a
4,4986,5344,5345,10,not_b
4,4987,6025,6026,5,b
4,4988,2773,2774,10,not_b
4,4989,816,817,12,not_a
4,4990,2743,2744,10,not_b
4,4991,6142,6143,6,xor
4,4992,2269,2270,13,implies
4,4993,1182,1183,1,and
4,4994,1772,1773,9,not_xor
4,4995,3624,3625,0,zero
4,4996,1320,1321,13,implies
4,4997,1026,1027,12,not_a
4,4998,7091,7092,10,not_b
4,4999,5532,5533,9,not_xor
4,5000,5750,5751,9,not_xor
4,5001,4392,4393,5,b
4,5002,4077,4078,1,and
4,5003,4255,4256,8,not_or
4,5004,1820,1821,4,not_implied_by
4,5005,3464,3465,5,b
4,5006,6258,6259,12,not_a
4,5007,5364,5365,3,a
4,5008,7513,7514,1,and
4,5009,176,177,12,not_a
4,5010,7575,7576,5,b
4,5011,5667,5668,15,one
4,5012,5206,5207,4,not_implied_by
4,5013,5284,5285,10,not_b
4,5014,632,633,14,not_and
4,5015,3871,3872,1,and
4,5016,2213,2214,2,not_implies
4,5017,2193,2194,3,a
4,5018,2687,2688,6,xor
4,5019,7582,7583,15,one
4,5020,5912,5913,2,not_implies
4,5021,2494,2495,5,b
4,5022,910,911,4,not_implied_by
4,5023,1901,1902,2,not_implies
4,5024,719,720,8,not_or
4,5025,3724,3725,3,a
4,5026,5490,5491,6,xor
4,5027,1916,1917,14,not_and
4,5028,1355,1356,11,implied_by
4,5029,6847,6848,1,and
4,5030,372,373,3,a
4,5031,4346,4347,10,not_b
4,5032,558,559,12,not_a
4,5033,1189,1190,10,not_b
4,5034,3864,3865,10,not_b
4,5035,7570,7571,7,or
4,5036,1525,1526,5,b
4,5037,7792,7793,15,one
4,5038,7774,7775,9,not_xor
4,5039,7181,7182,0,zero
4,5040,25,26,3,a
4,5041,1941,1942,5,b
4,5042,1669,1670,9,not_xor
4,5043,1689,1690,10,not_b
4,5044,5492,5493,13,implies
4,5045,3373,3374,3,a
4,5046,1483,1484,12,not_a
4,5047,775,776,14,not_and
4,5048,155,156,12,not_a
4,5049,1556,1557,1,and
4,5050,1635,1636,10,not_b
4,5051,6085,6086,14,not_and
4,5052,6109,6110,9,not_xor
4,5053,4975,4976,1,and
4,5054,4471,4472,1,and
4,5055,2019,2020,10,not_b
4,5056,4759,4760,5,b
4,5057,3295,3296,4,not_implied_by
4,5058,4174,4175,12,not_a
4,5059,4333,4334,6,xor
4,5060,5620,5621,6,xor
4,5061,7311,7312,1,and
4,5062,1418,1419,9,not_xor
4,5063,2474,2475,6,xor
4,5064,5128,5129,13,implies
4,5065,2559,2560,13,implies
4,5066,3031,3032,4,not_implied_by
4,5067,1129,1130,5,b
4,5068,4157,4158,8,not_or
4,5069,5343,5344,12,not_a
4,5070,7901,7902,14,not_and
4,5071,1742,1743,5,b
4,5072,7163,7164,10,not_b
4,5073,1042,1043,9,not_xor
4,5074,4632,4633,7,or
4,5075,2047,2048,6,xor
4,5076,860,861,12,not_a
4,5077,7756,7757,12,not_a
4,5078,6287,6288,10,not_b
4,5079,273,274,6,xor
4,5080,7676,7677,8,not_or
4,5081,2229,2230,15,one
4,5082,7555,7556,2,not_implies
4,5083,5084,5085,10,not_b
4,5084,6884,6885,0,zero
4,5085,3491,3492,3,a
4,5086,2825,2826,5,b
4,5087,2031,2032,12,not_a
4,5088,6703,6704,1,and
4,5089,5639,5640,8,not_or
4,5090,6629,6630,10,not_b
4,5091,4861,4862,10,not_b
4,5092,4168,4169,7,or
4,5093,7037,7038,0,zero
4,5094,7726,7727,2,not_implies
4,5095,6955,6956,6,xor
4,5096,4755,4756,14,not_and
4,5097,2201,2202,10,not_b
4,5098,2625,2626,8,not_or
4,5099,7562,7563,14,not_and
4,5100,6455,6456,8,not_or
4,5101,377,378,13,implies
4,5102,4037,4038,1,and
4,5103,3819,3820,14,not_and
4,5104,6551,6552,6,xor
4,5105,3323,3324,14,not_and
4,5106,1502,1503,12,not_a
4,5107,3520,3521,6,xor
4,5108,2776,2777,9,not_xor
4,5109,1387,1388,14,not_and
4,5110,1391,1392,9,not_xor
4,5111,3510,3511,11,implied_by
4,5112,4930,4931,0,zero
4,5113,2749,2750,4,not_implied_by
4,5114,1146,1147,5,b
4,5115,6223,6224,10,not_b
4,5116,1705,1706,11,implied_by
4,5117,1268,1269,6,xor
4,5118,1109,1110,6,xor
4,5119,7512,7513,13,implies
4,5120,1472,1473,15,one
4,5121,5947,5948,4,not_implied_by
4,5122,2554,2555,2,not_implies
4,5123,2190,2191,2,not_implies
4,5124,6132,6133,15,one
4,5125,1317,1318,6,xor
4,5126,7066,7067,9,not_xor
4,5127,5628,5629,7,or
4,5128,1639,1640,0,zero
4,5129,2068,2069,1,and
4,5130,5163,5164,10,not_b
4,5131,309,310,1,and
4,5132,4214,4215,3,a
4,5133,7586,7587,5,b
4,5134,4869,4870,14,not_and
4,5135,226,227,0,zero
4,5136,2670,2671,11,implied_by
4,5137,6974,6975,8,not_or
4,5138,6064,6065,3,a
4,5139,3677,3678,14,not_and
4,5140,654,655,14,not_and
4,5141,4876,4877,13,implies
4,5142,4438,4439,15,one
4,5143,3216,3217,6,xor
4,5144,7579,7580,0,zero
4,5145,3646,3647,9,not_xor
4,5146,3533,3534,0,zero
4,5147,6400,6401,9,not_xor
4,5148,5219,5220,5,b
4,5149,2779,2780,8,not_or
4,5150,811,812,15,one
4,5151,3102,3103,12,not_a
4,5152,3672,3673,4,not_implied_by
4,5153,2483,2484,15,one
4,5154,2453,2454,9,not_xor
4,5155,248,249,1,and
4,5156,7409,7410,3,a
4,5157,6549,6550,8,not_or
4,5158,6878,6879,11,implied_by
4,5159,4329,4330,5,b
4,5160,7472,7473,13,implies
4,5161,3344,3345,6,xor
4,5162,3155,3156,2,not_implies
4,5163,2461,2462,10,not_b
4,5164,696,697,14,not_and
4,5165,4477,4478,13,implies
4,5166,2705,2706,10,not_b
4,5167,4802,4803,4,not_implied_by
4,5168,2771,2772,10,not_b
4,5169,4420,4421,6,xor
4,5170,7097,7098,12,not_a
4,5171,2887,2888,6,xor
4,5172,4171,4172,13,implies
4,5173,5348,5349,3,a
4,5174,1093,1094,8,not_or
4,5175,4195,4196,13,implies
4,5176,1558,1559,9,not_xor
4,5177,6777,6778,9,not_xor
4,5178,1913,1914,7,or
4,5179,4046,4047,2,not_implies
4,5180,1364,1365,8,not_or
4,5181,6389,6390,5,b
4,5182,7808,7809,12,not_a
4,5183,7170,7171,14,not_and
4,5184,4406,4407,12,not_a
4,5185,4401,4402,7,or
4,5186,3463,3464,3,a
4,5187,5795,5796,6,xor
4,5188,2992,2993,4,not_implied_by
4,5189,2664,2665,5,b
4,5190,853,854,5,b
4,5191,7042,7043,15,one
4,5192,855,856,11,implied_by
4,5193,6724,6725,2,not_implies
4,5194,5861,5862,14,not_and
4,5195,555,556,5,b
4,5196,5852,5853,0,zero
4,5197,1431,1432,10,not_b
4,5198,4743,4744,6,xor
4,5199,551,552,3,a
4,5200,4908,4909,3,a
4,5201,1744,1745,0,zero
4,5202,4956,4957,5,b
4,5203,6672,6673,2,not_implies
4,5204,280,281,10,not_b
4,5205,3201,3202,1,and
4,5206,5528,5529,7,or
4,5207,5215,5216,7,or
4,5208,1789,1790,5,b
4,5209,3173,3174,5,b
4,5210,3476,3477,9,not_xor
4,5211,45,46,5,b
4,5212,1456,1457,3,a
4,5213,318,319,2,not_implies
4,5214,6424,6425,12,not_a
4,5215,3273,3274,10,not_b
4,5216,7392,7393,14,not_and
4,5217,5949,5950,6,xor
4,5218,5982,5983,11,implied_by
4,5219,2617,2618,5,b
4,5220,2384,2385,10,not_b
4,5221,4875,4876,12,not_a
4,5222,2107,2108,5,b
4,5223,5898,5899,12,not_a
4,5224,6782,6783,14,not_and
4,5225,532,533,5,b
4,5226,7288,7289,5,b
4,5227,1695,1696,3,a
4,5228,2912,2913,4,not_implied_by
4,5229,1285,1286,5,b
4,5230,5853,5854,3,a
4,5231,4014,4015,7,or
4,5232,2663,2664,8,not_or
4,5233,6202,6203,11,implied_by
4,5234,2641,2642,9,not_xor
4,5235,396,397,5,b
4,5236,4240,4241,5,b
4,5237,6160,6161,3,a
4,5238,7872,7873,5,b
4,5239,5460,5461,5,b
4,5240,1038,1039,4,not_implied_by
4,5241,3525,3526,8,not_or
4,5242,2609,2610,3,a
4,5243,11,12,15,one
4,5244,1829,1830,8,not_or
4,5245,3844,3845,3,a
4,5246,7860,7861,10,not_b
4,5247,1393,1394,14,not_and
4,5248,5886,5887,8,not_or
4,5249,3840,3841,5,b
4,5250,1088,1089,1,and
4,5251,3451,3452,15,one
4,5252,245,246,5,b
4,5253,7016,7017,6,xor
4,5254,1911,1912,2,not_implies
4,5255,2728,2729,9,not_xor
4,5256,3120,3121,8,not_or
4,5257,6510,6511,1,and
4,5258,6786,6787,8,not_or
4,5259,1250,1251,6,xor
4,5260,264,265,2,not_implies
4,5261,5183,5184,3,a
4,5262,5377,5378,0,zero
4,5263,2932,2933,6,xor
4,5264,1963,1964,12,not_a
4,5265,510,511,12,not_a
4,5266,5851,5852,13,implies
4,5267,1983,1984,15,one
4,5268,3623,3624,9,not_xor
4,5269,900,901,13,implies
4,5270,6635,6636,10,not_b
4,5271,505,506,3,a
4,5272,6641,6642,8,not_or
4,5273,7439,7440,3,a
4,5274,2499,2500,12,not_a
4,5275,2675,2676,12,not_a
4,5276,345,346,15,one
4,5277,3170,3171,1,and
4,5278,1225,1226,13,implies
4,5279,5371,5372,3,a
4,5280,6102,6103,12,not_a
4,5281,7610,7611,2,not_implies
4,5282,5785,5786,1,and
4,5283,1230,1231,3,a
4,5284,7214,7215,12,not_a
4,5285,526,527,7,or
4,5286,4306,4307,5,b
4,5287,2006,2007,7,or
4,5288,1269,1270,4,not_implied_by
4,5289,6398,6399,0,zero
4,5290,5425,5426,2,not_implies
4,5291,1996,1997,10,not_b
4,5292,7145,7146,2,not_implies
4,5293,5812,5813,12,not_a
4,5294,3306,3307,7,or
4,5295,6046,6047,1,and
4,5296,5862,5863,5,b
4,5297,4423,4424,4,not_implied_by
4,5298,1986,1987,3,a
4,5299,4367,4368,14,not_and
4,5300,5161,5162,7,or
4,5301,4855,4856,6,xor
4,5302,3165,3166,11,implied_by
4,5303,315,316,8,not_or
4,5304,7894,7895,2,not_implies
4,5305,5370,5371,14,not_and
4,5306,3017,3018,1,and
4,5307,5870,5871,9,not_xor
4,5308,4308,4309,9,not_xor
4,5309,76,77,12,not_a
4,5310,6532,6533,10,not_b
4,5311,4756,4757,13,implies
4,5312,7458,7459,12,not_a
4,5313,6951,6952,10,not_b
4,5314,1870,1871,8,not_or
4,5315,2173,2174,5,b
4,5316,4000,4001,15,one
4,5317,287,288,1,and
4,5318,3445,3446,14,not_and
4,5319,2802,2803,4,not_implied_by
4,5320,3053,3054,9,not_xor
4,5321,4371,4372,3,a
4,5322,6045,6046,0,zero
4,5323,6940,6941,5,b
4,5324,7606,7607,6,xor
4,5325,2893,2894,6,xor
4,5326,4718,4719,4,not_implied_by
4,5327,3775,3776,8,not_or
4,5328,154,155,1,and
4,5329,95,96,5,b
4,5330,6178,6179,12,not_a
4,5331,7527,7528,10,not_b
4,5332,3298,3299,2,not_implies
4,5333,4662,4663,3,a
4,5334,3335,3336,6,xor
4,5335,7841,7842,12,not_a
4,5336,5854,5855,3,a
4,5337,4175,4176,0,zero
4,5338,302,303,10,not_b
4,5339,6432,6433,5,b
4,5340,1167,1168,0,zero
4,5341,5385,5386,10,not_b
4,5342,4363,4364,10,not_b
4,5343,4896,4897,10,not_b
4,5344,4985,4986,14,not_and
4,5345,1842,1843,10,not_b
4,5346,4273,4274,0,zero
4,5347,1970,1971,12,not_a
4,5348,3629,3630,5,b
4,5349,672,673,15,one
4,5350,6295,6296,8,not_or
4,5351,3758,3759,2,not_implies
4,5352,7236,7237,8,not_or
4,5353,1277,1278,8,not_or
4,5354,996,997,8,not_or
4,5355,3617,3618,12,not_a
4,5356,2104,2105,11,implied_by
4,5357,5905,5906,0,zero
4,5358,2877,2878,3,a
4,5359,5535,5536,15,one
4,5360,4069,4070,14,not_and
4,5361,6498,6499,15,one
4,5362,4448,4449,7,or
4,5363,7010,7011,12,not_a
4,5364,2280,2281,4,not_implied_by
4,5365,962,963,3,a
4,5366,7732,7733,2,not_implies
4,5367,7020,7021,11,implied_by
4,5368,3888,3889,13,implies
4,5369,5810,5811,11,implied_by
4,5370,3041,3042,5,b
4,5371,692,693,5,b
4,5372,4261,4262,4,not_implied_by
4,5373,6198,6199,8,not_or
4,5374,594,595,10,not_b
4,5375,2109,2110,5,b
4,5376,2985,2986,8,not_or
4,5377,391,392,8,not_or
4,5378,1174,1175,5,b
4,5379,5318,5319,3,a
4,5380,424,425,2,not_implies
4,5381,1121,1122,3,a
4,5382,873,874,7,or
4,5383,5494,5495,9,not_xor
4,5384,7299,7300,3,a
4,5385,5855,5856,5,b
4,5386,2052,2053,13,implies
4,5387,5098,5099,14,not_and
4,5388,2881,2882,10,not_b
4,5389,5021,5022,11,implied_by
4,5390,5816,5817,11,implied_by
4,5391,7666,7667,4,not_implied_by
4,5392,4008,4009,1,and
4,5393,7746,7747,1,and
4,5394,1648,1649,4,not_implied_by
4,5395,4086,4087,10,not_b
4,5396,166,167,14,not_and
4,5397,2442,2443,13,implies
4,5398,3954,3955,5,b
4,5399,2200,2201,12,not_a
4,5400,3406,3407,0,zero
4,5401,533,534,12,not_a
4,5402,1550,1551,9,not_xor
4,5403,1308,1309,0,zero
4,5404,5589,5590,10,not_b
4,5405,7434,7435,9,not_xor
4,5406,4715,4716,4,not_implied_by
4,5407,297,298,10,not_b
4,5408,5904,5905,12,not_a
4,5409,6708,6709,9,not_xor
4,5410,2579,2580,3,a
4,5411,2934,2935,13,implies
4,5412,6836,6837,4,not_implied_by
4,5413,271,272,2,not_implies
4,5414,2860,2861,3,a
4,5415,6515,6516,2,not_implies
4,5416,2046,2047,12,not_a
4,5417,7055,7056,5,b
4,5418,5049,5050,2,not_implies
4,5419,4892,4893,5,b
4,5420,4355,4356,5,b
4,5421,3281,3282,5,b
4,5422,7378,7379,5,b
4,5423,3652,3653,14,not_and
4,5424,5503,5504,12,not_a
4,5425,4820,4821,14,not_and
4,5426,342,343,8,not_or
4,5427,1615,1616,12,not_a
4,5428,6771,6772,4,not_implied_by
4,5429,7622,7623,0,zero
4,5430,5765,5766,9,not_xor
4,5431,2369,2370,10,not_b
4,5432,6522,6523,2,not_implies
4,5433,3376,3377,3,a
4,5434,4336,4337,15,one
4,5435,7944,7945,3,a
4,5436,1252,1253,10,not_b
4,5437,2805,2806,12,not_a
4,5438,930,931,7,or
4,5439,6775,6776,15,one
4,5440,3179,3180,5,b
4,5441,1487,1488,15,one
4,5442,2889,2890,0,zero
4,5443,4770,4771,1,and
4,5444,437,438,5,b
4,5445,6161,6162,11,implied_by
4,5446,2752,2753,10,not_b
4,5447,1293,1294,6,xor
4,5448,5093,5094,1,and
4,5449,5524,5525,10,not_b
4,5450,4993,4994,9,not_xor
4,5451,4431,4432,0,zero
4,5452,602,603,0,zero
4,5453,1201,1202,0,zero
4,5454,7673,7674,3,a
4,5455,6806,6807,8,not_or
4,5456,3246,3247,10,not_b
4,5457,442,443,2,not_implies
4,5458,5476,5477,10,not_b
4,5459,6582,6583,9,not_xor
4,5460,422,423,1,and
4,5461,2923,2924,5,b
4,5462,7522,7523,5,b
4,5463,2544,2545,5,b
4,5464,4262,4263,5,b
4,5465,4854,4855,3,a
4,5466,5876,5877,12,not_a
4,5467,3915,3916,12,not_a
4,5468,2475,2476,2,not_implies
4,5469,6,7,9,not_xor
4,5470,2873,2874,3,a
4,5471,5668,5669,6,xor
4,5472,4236,4237,10,not_b
4,5473,1015,1016,12,not_a
4,5474,6930,6931,0,zero
4,5475,7421,7422,5,b
4,5476,5121,5122,15,one
4,5477,4629,4630,5,b
4,5478,6259,6260,2,not_implies
4,5479,7703,7704,0,zero
4,5480,4584,4585,13,implies
4,5481,3010,3011,3,a
4,5482,5501,5502,7,or
4,5483,1988,1989,8,not_or
4,5484,7735,7736,3,a
4,5485,5990,5991,2,not_implies
4,5486,51,52,3,a
4,5487,7043,7044,1,and
4,5488,4709,4710,10,not_b
4,5489,777,778,15,one
4,5490,1997,1998,10,not_b
4,5491,301,302,12,not_a
4,5492,6721,6722,3,a
4,5493,4964,4965,12,not_a
4,5494,7349,7350,2,not_implies
4,5495,5526,5527,3,a
4,5496,6591,6592,6,xor
4,5497,6243,6244,3,a
4,5498,6968,6969,8,not_or
4,5499,757,758,4,not_implied_by
4,5500,858,859,6,xor
4,5501,5124,5125,9,not_xor
4,5502,2092,2093,13,implies
4,5503,3727,3728,10,not_b
4,5504,3549,3550,10,not_b
4,5505,7205,7206,8,not_or
4,5506,7675,7676,7,or
4,5507,5602,5603,9,not_xor
4,5508,1498,1499,14,not_and
4,5509,5223,5224,5,b
4,5510,7077,7078,10,not_b
4,5511,601,602,12,not_a
4,5512,7348,7349,5,b
4,5513,6880,6881,8,not_or
4,5514,7013,7014,3,a
4,5515,3743,3744,4,not_implied_by
4,5516,5362,5363,1,and
4,5517,4193,4194,3,a
4,5518,4997,4998,3,a
4,5519,6547,6548,2,not_implies
4,5520,3893,3894,0,zero
4,5521,7069,7070,3,a
4,5522,3523,3524,12,not_a
4,5523,5203,5204,12,not_a
4,5524,1836,1837,3,a
4,5525,2273,2274,12,not_a
4,5526,7826,7827,5,b
4,5527,3383,3384,15,one
4,5528,2094,2095,14,not_and
4,5529,1292,1293,6,xor
4,5530,7268,7269,10,not_b
4,5531,1010,1011,3,a
4,5532,5345,5346,14,not_and
4,5533,4902,4903,3,a
4,5534,7720,7721,6,xor
4,5535,7498,7499,10,not_b
4,5536,1623,1624,14,not_and
4,5537,975,976,6,xor
4,5538,5220,5221,15,one
4,5539,1256,1257,10,not_b
4,5540,1530,1531,2,not_implies
4,5541,7263,7264,13,implies
4,5542,3565,3566,12,not_a
4,5543,5665,5666,5,b
4,5544,369,370,11,implied_by
4,5545,5732,5733,3,a
4,5546,1398,1399,11,implied_by
4,5547,7598,7599,5,b
4,5548,661,662,5,b
4,5549,3598,3599,2,not_implies
4,5550,4838,4839,8,not_or
4,5551,5867,5868,11,implied_by
4,5552,674,675,1,and
4,5553,204,205,3,a
4,5554,5489,5490,12,not_a
4,5555,3271,3272,12,not_a
4,5556,3336,3337,11,implied_by
4,5557,2842,2843,10,not_b
4,5558,2123,2124,1,and
4,5559,3638,3639,5,b
4,5560,763,764,7,or
4,5561,2490,2491,4,not_implied_by
4,5562,7228,7229,10,not_b
4,5563,2959,2960,15,one
4,5564,2520,2521,9,not_xor
4,5565,6685,6686,11,implied_by
4,5566,6245,6246,10,not_b
4,5567,5165,5166,12,not_a
4,5568,3590,3591,5,b
4,5569,1023,1024,14,not_and
4,5570,7427,7428,12,not_a
4,5571,5421,5422,2,not_implies
4,5572,6501,6502,4,not_implied_by
4,5573,1162,1163,15,one
4,5574,4615,4616,5,b
4,5575,477,478,7,or
4,5576,5274,5275,7,or
4,5577,5546,5547,5,b
4,5578,4156,4157,8,not_or
4,5579,3968,3969,10,not_b
4,5580,6113,6114,12,not_a
4,5581,7801,7802,3,a
4,5582,1923,1924,8,not_or
4,5583,4652,4653,2,not_implies
4,5584,1573,1574,0,zero
4,5585,2972,2973,12,not_a
4,5586,2238,2239,11,implied_by
4,5587,7596,7597,9,not_xor
4,5588,4796,4797,12,not_a
4,5589,6648,6649,5,b
4,5590,5201,5202,14,not_and
4,5591,6538,6539,1,and
4,5592,324,325,15,one
4,5593,5610,5611,3,a
4,5594,4541,4542,6,xor
4,5595,3651,3652,6,xor
4,5596,7588,7589,6,xor
4,5597,7287,7288,4,not_implied_by
4,5598,954,955,14,not_and
4,5599,5275,5276,4,not_implied_by
4,5600,1380,1381,5,b
4,5601,691,692,1,and
4,5602,709,710,14,not_and
4,5603,385,386,4,not_implied_by
4,5604,5548,5549,5,b
4,5605,3665,3666,1,and
4,5606,7669,7670,15,one
4,5607,1555,1556,10,not_b
4,5608,5422,5423,5,b
4,5609,6369,6370,5,b
4,5610,3787,3788,13,implies
4,5611,2595,2596,1,and
4,5612,4096,4097,2,not_implies
4,5613,4799,4800,1,and
4,5614,4043,4044,9,not_xor
4,5615,3121,3122,5,b
4,5616,3309,3310,12,not_a
4,5617,5059,5060,6,xor
4,5618,2874,2875,10,not_b
4,5619,4771,4772,12,not_a
4,5620,2211,2212,13,implies
4,5621,2594,2595,4,not_implied_by
4,5622,4998,4999,3,a
4,5623,3080,3081,5,b
4,5624,2979,2980,13,implies
4,5625,6885,6886,8,not_or
4,5626,6753,6754,9,not_xor
4,5627,2834,2835,8,not_or
4,5628,2082,2083,14,not_and
4,5629,4625,4626,10,not_b
4,5630,6001,6002,5,b
4,5631,5764,5765,10,not_b
4,5632,4509,4510,0,zero
4,5633,5400,5401,10,not_b
4,5634,5967,5968,3,a
4,5635,4628,4629,6,xor
4,5636,5926,5927,0,zero
4,5637,6584,6585,6,xor
4,5638,4812,4813,8,not_or
4,5639,4358,4359,7,or
4,5640,1978,1979,2,not_implies
4,5641,4252,4253,10,not_b
4,5642,5462,5463,1,and
4,5643,6276,6277,8,not_or
4,5644,5592,5593,7,or
4,5645,7215,7216,15,one
4,5646,6820,6821,4,not_implied_by
4,5647,2809,2810,8,not_or
4,5648,5570,5571,2,not_implies
4,5649,5709,5710,10,not_b
4,5650,5714,5715,10,not_b
4,5651,2604,2605,14,not_and
4,5652,2906,2907,3,a
4,5653,3647,3648,2,not_implies
4,5654,6741,6742,5,b
4,5655,4185,4186,10,not_b
4,5656,3228,3229,5,b
4,5657,2021,2022,5,b
4,5658,5989,5990,2,not_implies
4,5659,3253,3254,9,not_xor
4,5660,2774,2775,5,b
4,5661,2895,2896,9,not_xor
4,5662,5446,5447,12,not_a
4,5663,2000,2001,11,implied_by
4,5664,2767,2768,4,not_implied_by
4,5665,7355,7356,13,implies
4,5666,2618,2619,3,a
4,5667,1202,1203,7,or
4,5668,7379,7380,8,not_or
4,5669,3181,3182,14,not_and
4,5670,6849,6850,0,zero
4,5671,7950,7951,12,not_a
4,5672,2161,2162,4,not_implied_by
4,5673,6057,6058,6,xor
4,5674,4377,4378,4,not_implied_by
4,5675,5547,5548,10,not_b
4,5676,5875,5876,12,not_a
4,5677,508,509,1,and
4,5678,902,903,0,zero
4,5679,2290,2291,12,not_a
4,5680,1572,1573,3,a
4,5681,6814,6815,10,not_b
4,5682,4320,4321,15,one
4,5683,5823,5824,12,not_a
4,5684,2954,2955,12,not_a
4,5685,4842,4843,5,b
4,5686,4504,4505,13,implies
4,5687,4375,4376,9,not_xor
4,5688,3940,3941,5,b
4,5689,4623,4624,7,or
4,5690,6296,6297,0,zero
4,5691,4622,4623,4,not_implied_by
4,5692,6671,6672,10,not_b
4,5693,865,866,10,not_b
4,5694,3706,3707,12,not_a
4,5695,5066,5067,10,not_b
4,5696,2981,2982,5,b
4,5697,7802,7803,3,a
4,5698,752,753,12,not_a
4,5699,2106,2107,0,zero
4,5700,4563,4564,5,b
4,5701,20,21,10,not_b
4,5702,1326,1327,2,not_implies
4,5703,6083,6084,2,not_implies
4,5704,2547,2548,9,not_xor
4,5705,6461,6462,4,not_implied_by
4,5706,5591,5592,11,implied_by
4,5707,5500,5501,7,or
4,5708,4222,4223,4,not_implied_by
4,5709,5633,5634,10,not_b
4,5710,2653,2654,15,one
4,5711,543,544,10,not_b
4,5712,5174,5175,11,implied_by
4,5713,1771,1772,5,b
4,5714,2534,2535,5,b
4,5715,2163,2164,3,a
4,5716,336,337,7,or
4,5717,5626,5627,7,or
4,5718,5799,5800,12,not_a
4,5719,5263,5264,4,not_implied_by
4,5720,6942,6943,5,b
4,5721,980,981,5,b
4,5722,5414,5415,12,not_a
4,5723,713,714,0,zero
4,5724,5411,5412,0,zero
4,5725,4750,4751,14,not_and
4,5726,4557,4558,3,a
4,5727,7034,7035,10,not_b
4,5728,7504,7505,6,xor
4,5729,2326,2327,11,implied_by
4,5730,4001,4002,4,not_implied_by
4,5731,1406,1407,12,not_a
4,5732,6236,6237,10,not_b
4,5733,2601,2602,5,b
4,5734,2351,2352,14,not_and
4,5735,5169,5170,10,not_b
4,5736,4143,4144,3,a
4,5737,6657,6658,12,not_a
4,5738,4626,4627,12,not_a
4,5739,6009,6010,9,not_xor
4,5740,4066,4067,2,not_implies
4,5741,7407,7408,14,not_and
4,5742,4269,4270,6,xor
4,5743,5451,5452,2,not_implies
4,5744,4658,4659,12,not_a
4,5745,5240,5241,13,implies
4,5746,1314,1315,8,not_or
4,5747,2859,2860,13,implies
4,5748,5673,5674,13,implies
4,5749,3423,3424,5,b
4,5750,876,877,1,and
4,5751,4356,4357,5,b
4,5752,7049,7050,5,b
4,5753,2952,2953,12,not_a
4,5754,3615,3616,6,xor
4,5755,1578,1579,7,or
4,5756,3591,3592,12,not_a
4,5757,6959,6960,8,not_or
4,5758,575,576,8,not_or
4,5759,4564,4565,7,or
4,5760,4981,4982,3,a
4,5761,343,344,5,b
4,5762,41,42,3,a
4,5763,7794,7795,14,not_and
4,5764,6975,6976,14,not_and
4,5765,863,864,7,or
4,5766,4787,4788,11,implied_by
4,5767,4070,4071,15,one
4,5768,2339,2340,10,not_b
4,5769,3697,3698,2,not_implies
4,5770,977,978,0,zero
4,5771,2208,2209,6,xor
4,5772,34,35,3,a
4,5773,325,326,15,one
4,5774,6171,6172,4,not_implied_by
4,5775,2770,2771,10,not_b
4,5776,2523,2524,2,not_implies
4,5777,2686,2687,12,not_a
4,5778,5184,5185,12,not_a
4,5779,435,436,9,not_xor
4,5780,3283,3284,14,not_and
4,5781,7777,7778,11,implied_by
4,5782,5017,5018,11,implied_by
4,5783,5937,5938,4,not_implied_by
4,5784,200,201,8,not_or
4,5785,1867,1868,13,implies
4,5786,5766,5767,3,a
4,5787,1741,1742,13,implies
4,5788,2133,2134,13,implies
4,5789,7365,7366,1,and
4,5790,708,709,9,not_xor
4,5791,2644,2645,10,not_b
4,5792,5531,5532,5,b
4,5793,7811,7812,11,implied_by
4,5794,2040,2041,0,zero
4,5795,4006,4007,2,not_implies
4,5796,1103,1104,0,zero
4,5797,2696,2697,9,not_xor
4,5798,3603,3604,13,implies
4,5799,6402,6403,5,b
4,5800,6577,6578,11,implied_by
4,5801,2022,2023,0,zero
4,5802,3684,3685,4,not_implied_by
4,5803,2615,2616,3,a
4,5804,3962,3963,3,a
4,5805,5103,5104,10,not_b
4,5806,1817,1818,5,b
4,5807,7106,7107,9,not_xor
4,5808,3673,3674,11,implied_by
4,5809,2655,2656,5,b
4,5810,501,502,7,or
4,5811,2296,2297,9,not_xor
4,5812,3916,3917,8,not_or
4,5813,898,899,12,not_a
4,5814,817,818,15,one
4,5815,3002,3003,11,implied_by
4,5816,7208,7209,15,one
4,5817,7817,7818,9,not_xor
4,5818,591,592,7,or
4,5819,825,826,3,a
4,5820,246,247,12,not_a
4,5821,1942,1943,4,not_implied_by
4,5822,39,40,14,not_and
4,5823,1076,1077,12,not_a
4,5824,3553,3554,4,not_implied_by
4,5825,1025,1026,8,not_or
4,5826,1940,1941,5,b
4,5827,6630,6631,14,not_and
4,5828,5952,5953,11,implied_by
4,5829,7813,7814,5,b
4,5830,7909,7910,15,one
4,5831,1959,1960,13,implies
4,5832,2430,2431,12,not_a
4,5833,7706,7707,12,not_a
4,5834,1791,1792,12,not_a
4,5835,6735,6736,7,or
4,5836,7185,7186,5,b
4,5837,5131,5132,5,b
4,5838,5637,5638,10,not_b
4,5839,4666,4667,12,not_a
4,5840,1609,1610,3,a
4,5841,4188,4189,6,xor
4,5842,1586,1587,10,not_b
4,5843,3792,3793,3,a
4,5844,6145,6146,2,not_implies
4,5845,3544,3545,10,not_b
4,5846,3626,3627,11,implied_by
4,5847,3143,3144,12,not_a
4,5848,3818,3819,10,not_b
4,5849,419,420,4,not_implied_by
4,5850,5342,5343,6,xor
4,5851,28,29,3,a
4,5852,6471,6472,4,not_implied_by
4,5853,6687,6688,4,not_implied_by
4,5854,675,676,9,not_xor
4,5855,4091,4092,12,not_a
4,5856,5152,5153,7,or
4,5857,7697,7698,15,one
4,5858,4539,4540,5,b
4,5859,5781,5782,3,a
4,5860,2762,2763,10,not_b
4,5861,3896,3897,15,one
4,5862,3220,3221,4,not_implied_by
4,5863,1156,1157,9,not_xor
4,5864,7963,7964,3,a
4,5865,1262,1263,9,not_xor
4,5866,5243,5244,6,xor
4,5867,6774,6775,13,implies
4,5868,4287,4288,6,xor
4,5869,7938,7939,6,xor
4,5870,7624,7625,12,not_a
4,5871,2261,2262,2,not_implies
4,5872,5177,5178,13,implies
4,5873,512,513,3,a
4,5874,5909,5910,2,not_implies
4,5875,631,632,0,zero
4,5876,842,843,10,not_b
4,5877,173,174,5,b
4,5878,7983,7984,9,not_xor
4,5879,6168,6169,15,one
4,5880,4305,4306,12,not_a
4,5881,2509,2510,11,implied_by
4,5882,6213,6214,12,not_a
4,5883,7747,7748,12,not_a
4,5884,478,479,11,implied_by
4,5885,2704,2705,15,one
4,5886,3341,3342,12,not_a
4,5887,949,950,5,b
4,5888,360,361,5,b
4,5889,5651,5652,14,not_and
4,5890,1168,1169,15,one
4,5891,745,746,14,not_and
4,5892,3946,3947,8,not_or
4,5893,3494,3495,8,not_or
4,5894,5809,5810,0,zero
4,5895,4326,4327,3,a
4,5896,5844,5845,6,xor
4,5897,29,30,12,not_a
4,5898,3945,3946,5,b
4,5899,2231,2232,10,not_b
4,5900,3013,3014,5,b
4,5901,6660,6661,3,a
4,5902,717,718,12,not_a
4,5903,5328,5329,11,implied_by
4,5904,3797,3798,5,b
4,5905,1903,1904,13,implies
4,5906,4488,4489,5,b
4,5907,884,885,3,a
4,5908,4764,4765,11,implied_by
4,5909,1057,1058,3,a
4,5910,1432,1433,5,b
4,5911,1343,1344,6,xor
4,5912,656,657,7,or
4,5913,5423,5424,12,not_a
4,5914,2777,2778,13,implies
4,5915,3681,3682,2,not_implies
4,5916,6504,6505,12,not_a
4,5917,3180,3181,12,not_a
4,5918,3259,3260,13,implies
4,5919,3493,3494,7,or
4,5920,2896,2897,12,not_a
4,5921,711,712,0,zero
4,5922,1311,1312,10,not_b
4,5923,6840,6841,8,not_or
4,5924,1730,1731,11,implied_by
4,5925,3133,3134,3,a
4,5926,7136,7137,10,not_b
4,5927,624,625,5,b
4,5928,3308,3309,14,not_and
4,5929,3806,3807,7,or
4,5930,4674,4675,15,one
4,5931,4106,4107,10,not_b
4,5932,2110,2111,3,a
4,5933,7855,7856,11,implied_by
4,5934,896,897,12,not_a
4,5935,3282,3283,3,a
4,5936,1688,1689,8,not_or
4,5937,5842,5843,10,not_b
4,5938,5334,5335,3,a
4,5939,2376,2377,0,zero
4,5940,2234,2235,15,one
4,5941,6323,6324,5,b
4,5942,1148,1149,10,not_b
4,5943,2836,2837,12,not_a
4,5944,1484,1485,9,not_xor
4,5945,244,245,10,not_b
4,5946,6360,6361,11,implied_by
4,5947,1279,1280,3,a
4,5948,5299,5300,13,implies
4,5949,4029,4030,13,implies
4,5950,7932,7933,10,not_b
4,5951,5510,5511,13,implies
4,5952,3456,3457,13,implies
4,5953,6485,6486,10,not_b
4,5954,5657,5658,4,not_implied_by
4,5955,89,90,2,not_implies
4,5956,4823,4824,5,b
4,5957,7040,7041,11,implied_by
4,5958,5073,5074,4,not_implied_by
4,5959,4288,4289,8,not_or
4,5960,7099,7100,8,not_or
4,5961,5539,5540,13,implies
4,5962,3855,3856,11,implied_by
4,5963,4053,4054,7,or
4,5964,693,694,15,one
4,5965,2920,2921,2,not_implies
4,5966,7225,7226,11,implied_by
4,5967,5244,5245,12,not_a
4,5968,6662,6663,7,or
4,5969,1098,1099,0,zero
4,5970,7951,7952,15,one
4,5971,4772,4773,13,implies
4,5972,6585,6586,6,xor
4,5973,7238,7239,11,implied_by
4,5974,6755,6756,2,not_implies
4,5975,6707,6708,7,or
4,5976,3837,3838,15,one
4,5977,4422,4423,14,not_and
4,5978,6837,6838,5,b
4,5979,7357,7358,7,or
4,5980,4235,4236,10,not_b
4,5981,3158,3159,12,not_a
4,5982,7819,7820,13,implies
4,5983,4078,4079,14,not_and
4,5984,6118,6119,5,b
4,5985,542,543,4,not_implied_by
4,5986,1371,1372,1,and
4,5987,3147,3148,14,not_and
4,5988,1541,1542,1,and
4,5989,6644,6645,5,b
4,5990,412,413,7,or
4,5991,5144,5145,1,and
4,5992,7337,7338,2,not_implies
4,5993,4205,4206,3,a
4,5994,6327,6328,10,not_b
4,5995,845,846,15,one
4,5996,2180,2181,5,b
4,5997,5647,5648,10,not_b
4,5998,5921,5922,15,one
4,5999,937,938,11,implied_by
4,6000,236,237,14,not_and
4,6001,5745,5746,1,and
4,6002,769,770,12,not_a
4,6003,7301,7302,1,and
4,6004,1945,1946,10,not_b
4,6005,4450,4451,1,and
4,6006,4654,4655,12,not_a
4,6007,3559,3560,4,not_implied_by
4,6008,468,469,10,not_b
4,6009,1606,1607,12,not_a
4,6010,3496,3497,9,not_xor
4,6011,4741,4742,1,and
4,6012,2348,2349,8,not_or
4,6013,4973,4974,8,not_or
4,6014,1232,1233,7,or
4,6015,5041,5042,13,implies
4,6016,3514,3515,8,not_or
4,6017,5756,5757,0,zero
4,6018,4220,4221,4,not_implied_by
4,6019,4836,4837,3,a
4,6020,5666,5667,12,not_a
4,6021,7140,7141,12,not_a
4,6022,5406,5407,5,b
4,6023,4180,4181,10,not_b
4,6024,1290,1291,11,implied_by
4,6025,6993,6994,12,not_a
4,6026,7456,7457,1,and
4,6027,2401,2402,3,a
4,6028,7194,7195,12,not_a
4,6029,6817,6818,11,implied_by
4,6030,4881,4882,12,not_a
4,6031,1305,1306,4,not_implied_by
4,6032,3123,3124,0,zero
4,6033,3687,3688,6,xor
4,6034,2946,2947,3,a
4,6035,6750,6751,10,not_b
4,6036,5885,5886,12,not_a
4,6037,4972,4973,13,implies
4,6038,7960,7961,15,one
4,6039,2578,2579,10,not_b
4,6040,3708,3709,8,not_or
4,6041,4730,4731,10,not_b
4,6042,4294,4295,12,not_a
4,6043,2660,2661,4,not_implied_by
4,6044,3174,3175,9,not_xor
4,6045,1415,1416,12,not_a
4,6046,6856,6857,15,one
4,6047,7748,7749,4,not_implied_by
4,6048,6982,6983,0,zero
4,6049,7567,7568,3,a
4,6050,401,402,7,or
4,6051,2866,2867,14,not_and
4,6052,6727,6728,3,a
4,6053,6650,6651,2,not_implies
4,6054,6900,6901,11,implied_by
4,6055,5261,5262,5,b
4,6056,4161,4162,13,implies
4,6057,645,646,12,not_a
4,6058,1792,1793,12,not_a
4,6059,1099,1100,14,not_and
4,6060,3874,3875,9,not_xor
4,6061,2334,2335,8,not_or
4,6062,4369,4370,7,or
4,6063,7211,7212,12,not_a
4,6064,285,286,12,not_a
4,6065,6299,6300,3,a
4,6066,6027,6028,3,a
4,6067,2308,2309,1,and
4,6068,7492,7493,5,b
4,6069,181,182,12,not_a
4,6070,129,130,5,b
4,6071,814,815,12,not_a
4,6072,1315,1316,6,xor
4,6073,1143,1144,0,zero
4,6074,4467,4468,9,not_xor
4,6075,1072,1073,10,not_b
4,6076,7483,7484,13,implies
4,6077,950,951,3,a
4,6078,5482,5483,14,not_and
4,6079,5277,5278,11,implied_by
4,6080,5794,5795,10,not_b
4,6081,1661,1662,0,zero
4,6082,3804,3805,1,and
4,6083,1619,1620,5,b
4,6084,3882,3883,12,not_a
4,6085,2302,2303,7,or
4,6086,7687,7688,10,not_b
4,6087,3869,3870,6,xor
4,6088,1149,1150,10,not_b
4,6089,5971,5972,9,not_xor
4,6090,1272,1273,13,implies
4,6091,6141,6142,6,xor
4,6092,1825,1826,13,implies
4,6093,2785,2786,15,one
4,6094,2640,2641,3,a
4,6095,1003,1004,8,not_or
4,6096,5238,5239,6,xor
4,6097,5806,5807,15,one
4,6098,2816,2817,5,b
4,6099,6128,6129,12,not_a
4,6100,984,985,0,zero
4,6101,7559,7560,15,one
4,6102,144,145,12,not_a
4,6103,6553,6554,8,not_or
4,6104,7212,7213,15,one
4,6105,4913,4914,5,b
4,6106,2087,2088,12,not_a
4,6107,3582,3583,4,not_implied_by
4,6108,6039,6040,10,not_b
4,6109,2968,2969,4,not_implied_by
4,6110,7105,7106,5,b
4,6111,7041,7042,5,b
4,6112,3766,3767,5,b
4,6113,3437,3438,6,xor
4,6114,1504,1505,3,a
4,6115,3986,3987,9,not_xor
4,6116,290,291,7,or
4,6117,3241,3242,10,not_b
4,6118,4650,4651,1,and
4,6119,5558,5559,12,not_a
4,6120,5450,5451,6,xor
4,6121,2676,2677,7,or
4,6122,6595,6596,13,implies
4,6123,6162,6163,5,b
4,6124,6785,6786,5,b
4,6125,7432,7433,2,not_implies
4,6126,7063,7064,13,implies
4,6127,1975,1976,5,b
4,6128,4019,4020,6,xor
4,6129,6619,6620,12,not_a
4,6130,5530,5531,11,implied_by
4,6131,5811,5812,11,implied_by
4,6132,6800,6801,12,not_a
4,6133,3152,3153,11,implied_by
4,6134,7001,7002,13,implies
4,6135,3537,3538,3,a
4,6136,272,273,12,not_a
4,6137,6912,6913,10,not_b
4,6138,5643,5644,5,b
4,6139,952,953,10,not_b
4,6140,7642,7643,5,b
4,6141,4524,4525,6,xor
4,6142,2924,2925,7,or
4,6143,7352,7353,0,zero
4,6144,5603,5604,6,xor
4,6145,6484,6485,10,not_b
4,6146,2150,2151,7,or
4,6147,2097,2098,8,not_or
4,6148,7110,7111,10,not_b
4,6149,7990,7991,9,not_xor
4,6150,756,757,5,b
4,6151,7900,7901,3,a
4,6152,5151,5152,10,not_b
4,6153,1534,1535,6,xor
4,6154,506,507,5,b
4,6155,5250,5251,1,and
4,6156,3429,3430,6,xor
4,6157,451,452,3,a
4,6158,1811,1812,0,zero
4,6159,1298,1299,7,or
4,6160,3920,3921,5,b
4,6161,7609,7610,12,not_a
4,6162,4955,4956,12,not_a
4,6163,6148,6149,15,one
4,6164,4894,4895,10,not_b
4,6165,1417,1418,10,not_b
4,6166,1871,1872,3,a
4,6167,1528,1529,11,implied_by
4,6168,4798,4799,1,and
4,6169,6511,6512,10,not_b
4,6170,2126,2127,2,not_implies
4,6171,427,428,10,not_b
4,6172,4439,4440,0,zero
4,6173,3019,3020,11,implied_by
4,6174,1743,1744,6,xor
4,6175,6037,6038,8,not_or
4,6176,4827,4828,7,or
4,6177,7531,7532,9,not_xor
4,6178,71,72,5,b
4,6179,4147,4148,5,b
4,6180,7965,7966,10,not_b
4,6181,761,762,12,not_a
4,6182,3776,3777,7,or
4,6183,6392,6393,7,or
4,6184,7613,7614,3,a
4,6185,61,62,7,or
4,6186,3686,3687,4,not_implied_by
4,6187,3264,3265,9,not_xor
4,6188,6505,6506,5,b
4,6189,3850,3851,15,one
4,6190,4137,4138,4,not_implied_by
4,6191,1275,1276,11,implied_by
4,6192,2389,2390,10,not_b
4,6193,323,324,10,not_b
4,6194,1582,1583,8,not_or
4,6195,3300,3301,15,one
4,6196,7856,7857,8,not_or
4,6197,5301,5302,2,not_implies
4,6198,2464,2465,2,not_implies
4,6199,4335,4336,3,a
4,6200,7711,7712,7,or
4,6201,2169,2170,6,xor
4,6202,3710,3711,10,not_b
4,6203,4862,4863,15,one
4,6204,1515,1516,11,implied_by
4,6205,4048,4049,13,implies
4,6206,6675,6676,3,a
4,6207,725,726,1,and
4,6208,1094,1095,15,one
4,6209,7499,7500,6,xor
4,6210,7663,7664,9,not_xor
4,6211,4773,4774,0,zero
4,6212,6211,6212,15,one
4,6213,7045,7046,0,zero
4,6214,4302,4303,5,b
4,6215,7380,7381,6,xor
4,6216,1197,1198,7,or
4,6217,4376,4377,6,xor
4,6218,3322,3323,2,not_implies
4,6219,2342,2343,3,a
4,6220,6041,6042,13,implies
4,6221,2967,2968,4,not_implied_by
4,6222,4537,4538,5,b
4,6223,1151,1152,3,a
4,6224,5741,5742,12,not_a
4,6225,2837,2838,3,a
4,6226,3242,3243,0,zero
4,6227,2330,2331,1,and
4,6228,1775,1776,9,not_xor
4,6229,889,890,5,b
4,6230,6275,6276,3,a
4,6231,6575,6576,10,not_b
4,6232,2194,2195,9,not_xor
4,6233,4364,4365,3,a
4,6234,3115,3116,5,b
4,6235,6114,6115,7,or
4,6236,7798,7799,4,not_implied_by
4,6237,3750,3751,14,not_and
4,6238,5424,5425,10,not_b
4,6239,5325,5326,5,b
4,6240,5069,5070,2,not_implies
4,6241,7317,7318,4,not_implied_by
4,6242,2084,2085,10,not_b
4,6243,2044,2045,0,zero
4,6244,3328,3329,10,not_b
4,6245,7574,7575,15,one
4,6246,5030,5031,14,not_and
4,6247,1519,1520,3,a
4,6248,124,125,12,not_a
4,6249,5689,5690,0,zero
4,6250,6199,6200,10,not_b
4,6251,7641,7642,3,a
4,6252,2713,2714,12,not_a
4,6253,2831,2832,4,not_implied_by
4,6254,1457,1458,14,not_and
4,6255,2069,2070,14,not_and
4,6256,7943,7944,12,not_a
4,6257,5267,5268,2,not_implies
4,6258,5678,5679,14,not_and
4,6259,859,860,5,b
4,6260,6288,6289,7,or
4,6261,5149,5150,5,b
4,6262,4865,4866,5,b
4,6263,1471,1472,11,implied_by
4,6264,3909,3910,4,not_implied_by
4,6265,1668,1669,8,not_or
4,6266,14,15,5,b
4,6267,3592,3593,14,not_and
4,6268,5104,5105,0,zero
4,6269,2853,2854,12,not_a
4,6270,3726,3727,8,not_or
4,6271,4935,4936,8,not_or
4,6272,1839,1840,4,not_implied_by
4,6273,6194,6195,15,one
4,6274,2333,2334,14,not_and
4,6275,4047,4048,1,and
4,6276,7845,7846,3,a
4,6277,4950,4951,14,not_and
4,6278,5650,5651,14,not_and
4,6279,7778,7779,3,a
4,6280,7964,7965,3,a
4,6281,4868,4869,2,not_implies
4,6282,2566,2567,14,not_and
4,6283,6640,6641,14,not_and
4,6284,5209,5210,15,one
4,6285,2079,2080,5,b
4,6286,7576,7577,4,not_implied_by
4,6287,3182,3183,0,zero
4,6288,7210,7211,13,implies
4,6289,3330,3331,7,or
4,6290,2691,2692,12,not_a
4,6291,3104,3105,0,zero
4,6292,7083,7084,10,not_b
4,6293,3861,3862,13,implies
4,6294,3032,3033,5,b
4,6295,5437,5438,13,implies
4,6296,6799,6800,8,not_or
4,6297,6508,6509,0,zero
4,6298,5612,5613,5,b
4,6299,5101,5102,5,b
4,6300,773,774,12,not_a
4,6301,641,642,4,not_implied_by
4,6302,3977,3978,14,not_and
4,6303,262,263,13,implies
4,6304,838,839,5,b
4,6305,4408,4409,6,xor
4,6306,1915,1916,12,not_a
4,6307,2724,2725,3,a
4,6308,4424,4425,12,not_a
4,6309,4911,4912,10,not_b
4,6310,4009,4010,1,and
4,6311,2131,2132,12,not_a
4,6312,185,186,11,implied_by
4,6313,2008,2009,3,a
4,6314,809,810,13,implies
4,6315,4277,4278,10,not_b
4,6316,589,590,12,not_a
4,6317,5988,5989,15,one
4,6318,5600,5601,11,implied_by
4,6319,5327,5328,10,not_b
4,6320,786,787,14,not_and
4,6321,1539,1540,6,xor
4,6322,4700,4701,10,not_b
4,6323,7977,7978,7,or
4,6324,1354,1355,2,not_implies
4,6325,4173,4174,12,not_a
4,6326,1122,1123,7,or
4,6327,1745,1746,4,not_implied_by
4,6328,514,515,3,a
4,6329,1667,1668,5,b
4,6330,5218,5219,1,and
4,6331,7680,7681,0,zero
4,6332,566,567,13,implies
4,6333,2338,2339,2,not_implies
4,6334,5549,5550,6,xor
4,6335,879,880,12,not_a
4,6336,2187,2188,10,not_b
4,6337,1890,1891,10,not_b
4,6338,1342,1343,14,not_and
4,6339,4419,4420,10,not_b
4,6340,7867,7868,15,one
4,6341,1642,1643,14,not_and
4,6342,5455,5456,4,not_implied_by
4,6343,5544,5545,4,not_implied_by
4,6344,697,698,6,xor
4,6345,2350,2351,9,not_xor
4,6346,2148,2149,7,or
4,6347,3449,3450,10,not_b
4,6348,3807,3808,8,not_or
4,6349,1124,1125,6,xor
4,6350,4928,4929,12,not_a
4,6351,4511,4512,5,b
4,6352,4805,4806,13,implies
4,6353,7442,7443,7,or
4,6354,7368,7369,7,or
4,6355,5901,5902,3,a
4,6356,2744,2745,9,not_xor
4,6357,5826,5827,3,a
4,6358,4032,4033,0,zero
4,6359,4142,4143,12,not_a
4,6360,3827,3828,2,not_implies
4,6361,4597,4598,14,not_and
4,6362,3612,3613,12,not_a
4,6363,6368,6369,5,b
4,6364,4664,4665,8,not_or
4,6365,4898,4899,11,implied_by
4,6366,7477,7478,14,not_and
4,6367,6464,6465,3,a
4,6368,6310,6311,8,not_or
4,6369,5697,5698,10,not_b
4,6370,3951,3952,4,not_implied_by
4,6371,1993,1994,14,not_and
4,6372,5048,5049,2,not_implies
4,6373,2598,2599,0,zero
4,6374,3865,3866,10,not_b
4,6375,3233,3234,13,implies
4,6376,2799,2800,2,not_implies
4,6377,1048,1049,12,not_a
4,6378,1130,1131,13,implies
4,6379,3197,3198,7,or
4,6380,7425,7426,5,b
4,6381,4152,4153,3,a
4,6382,3379,3380,12,not_a
4,6383,2103,2104,3,a
4,6384,6241,6242,11,implied_by
4,6385,4190,4191,5,b
4,6386,2587,2588,2,not_implies
4,6387,4781,4782,7,or
4,6388,293,294,0,zero
4,6389,1395,1396,2,not_implies
4,6390,7019,7020,15,one
4,6391,6007,6008,11,implied_by
4,6392,5295,5296,10,not_b
4,6393,2002,2003,6,xor
4,6394,4660,4661,5,b
4,6395,4085,4086,0,zero
4,6396,7849,7850,9,not_xor
4,6397,3157,3158,5,b
4,6398,6610,6611,14,not_and
4,6399,4384,4385,5,b
4,6400,4172,4173,12,not_a
4,6401,6437,6438,8,not_or
4,6402,111,112,12,not_a
4,6403,5833,5834,5,b
4,6404,1655,1656,9,not_xor
4,6405,3047,3048,1,and
4,6406,7054,7055,0,zero
4,6407,109,110,10,not_b
4,6408,1926,1927,14,not_and
4,6409,2268,2269,12,not_a
4,6410,901,902,6,xor
4,6411,3828,3829,1,and
4,6412,7401,7402,10,not_b
4,6413,877,878,15,one
4,6414,7708,7709,1,and
4,6415,484,485,5,b
4,6416,7108,7109,14,not_and
4,6417,7532,7533,6,xor
4,6418,2260,2261,2,not_implies
4,6419,3734,3735,13,implies
4,6420,1001,1002,1,and
4,6421,3866,3867,8,not_or
4,6422,1140,1141,9,not_xor
4,6423,1237,1238,3,a
4,6424,2826,2827,6,xor
4,6425,666,667,5,b
4,6426,7783,7784,10,not_b
4,6427,665,666,12,not_a
4,6428,606,607,2,not_implies
4,6429,6686,6687,5,b
4,6430,5562,5563,13,implies
4,6431,4035,4036,12,not_a
4,6432,6393,6394,0,zero
4,6433,7868,7869,14,not_and
4,6434,5407,5408,9,not_xor
4,6435,1733,1734,5,b
4,6436,849,850,12,not_a
4,6437,3534,3535,2,not_implies
4,6438,3595,3596,10,not_b
4,6439,991,992,10,not_b
4,6440,7886,7887,0,zero
4,6441,2903,2904,12,not_a
4,6442,1303,1304,11,implied_by
4,6443,6207,6208,5,b
4,6444,2787,2788,6,xor
4,6445,5702,5703,5,b
4,6446,3817,3818,14,not_and
4,6447,4826,4827,5,b
4,6448,7857,7858,5,b
4,6449,3536,3537,5,b
4,6450,7354,7355,3,a
4,6451,3162,3163,0,zero
4,6452,2309,2310,3,a
4,6453,6516,6517,15,one
4,6454,4961,4962,8,not_or
4,6455,4926,4927,10,not_b
4,6456,3895,3896,6,xor
4,6457,6788,6789,9,not_xor
4,6458,7925,7926,10,not_b
4,6459,5077,5078,8,not_or
4,6460,2160,2161,1,and
4,6461,489,490,7,or
4,6462,7279,7280,3,a
4,6463,6596,6597,1,and
4,6464,755,756,0,zero
4,6465,2368,2369,10,not_b
4,6466,1917,1918,12,not_a
4,6467,6883,6884,1,and
4,6468,1760,1761,0,zero
4,6469,2324,2325,5,b
4,6470,6139,6140,15,one
4,6471,3098,3099,10,not_b
4,6472,4569,4570,7,or
4,6473,6962,6963,5,b
4,6474,3963,3964,14,not_and
4,6475,7667,7668,5,b
4,6476,2939,2940,6,xor
4,6477,4960,4961,1,and
4,6478,1096,1097,1,and
4,6479,7038,7039,2,not_implies
4,6480,2396,2397,0,zero
4,6481,5474,5475,5,b
4,6482,785,786,10,not_b
4,6483,479,480,15,one
4,6484,7876,7877,2,not_implies
4,6485,7053,7054,4,not_implied_by
4,6486,868,869,3,a
4,6487,5397,5398,7,or
4,6488,1952,1953,8,not_or
4,6489,764,765,4,not_implied_by
4,6490,270,271,3,a
4,6491,52,53,8,not_or
4,6492,5695,5696,10,not_b
4,6493,3249,3250,3,a
4,6494,2410,2411,1,and
4,6495,6983,6984,12,not_a
4,6496,7523,7524,9,not_xor
4,6497,3410,3411,6,xor
4,6498,6234,6235,10,not_b
4,6499,1521,1522,3,a
4,6500,5387,5388,12,not_a
4,6501,5994,5995,0,zero
4,6502,715,716,12,not_a
4,6503,1624,1625,13,implies
4,6504,1171,1172,12,not_a
4,6505,615,616,10,not_b
4,6506,6163,6164,4,not_implied_by
4,6507,7356,7357,0,zero
4,6508,4751,4752,6,xor
4,6509,887,888,12,not_a
4,6510,5791,5792,11,implied_by
4,6511,390,391,6,xor
4,6512,4230,4231,14,not_and
4,6513,976,977,12,not_a
4,6514,7160,7161,1,and
4,6515,227,228,9,not_xor
4,6516,2275,2276,9,not_xor
4,6517,1560,1561,3,a
4,6518,3012,3013,13,implies
4,6519,4586,4587,13,implies
4,6520,90,91,4,not_implied_by
4,6521,2971,2972,10,not_b
4,6522,2510,2511,10,not_b
4,6523,1289,1290,10,not_b
4,6524,2537,2538,5,b
4,6525,6248,6249,8,not_or
4,6526,4864,4865,0,zero
4,6527,2846,2847,12,not_a
4,6528,1286,1287,4,not_implied_by
4,6529,655,656,3,a
4,6530,7362,7363,14,not_and
4,6531,7597,7598,7,or
4,6532,7773,7774,3,a
4,6533,988,989,13,implies
4,6534,7142,7143,11,implied_by
4,6535,3876,3877,6,xor
4,6536,7154,7155,3,a
4,6537,2151,2152,9,not_xor
4,6538,841,842,7,or
4,6539,3111,3112,10,not_b
4,6540,4577,4578,12,not_a
4,6541,1625,1626,12,not_a
4,6542,5289,5290,2,not_implies
4,6543,5002,5003,13,implies
4,6544,1950,1951,12,not_a
4,6545,4853,4854,12,not_a
4,6546,356,357,1,and
4,6547,1711,1712,7,or
4,6548,3086,3087,3,a
4,6549,73,74,11,implied_by
4,6550,6911,6912,13,implies
4,6551,5619,5620,4,not_implied_by
4,6552,6278,6279,7,or
4,6553,6006,6007,0,zero
4,6554,1332,1333,12,not_a
4,6555,6622,6623,11,implied_by
4,6556,2650,2651,13,implies
4,6557,7688,7689,0,zero
4,6558,6822,6823,4,not_implied_by
4,6559,6123,6124,15,one
4,6560,4388,4389,5,b
4,6561,6318,6319,12,not_a
4,6562,678,679,5,b
4,6563,2457,2458,3,a
4,6564,3777,3778,5,b
4,6565,7948,7949,14,not_and
4,6566,4643,4644,3,a
4,6567,4831,4832,12,not_a
4,6568,3206,3207,12,not_a
4,6569,6829,6830,10,not_b
4,6570,5212,5213,12,not_a
4,6571,2392,2393,10,not_b
4,6572,1005,1006,1,and
4,6573,1481,1482,0,zero
4,6574,1413,1414,5,b
4,6575,460,461,10,not_b
4,6576,7649,7650,10,not_b
4,6577,494,495,2,not_implies
4,6578,3050,3051,14,not_and
4,6579,6467,6468,15,one
4,6580,7313,7314,7,or
4,6581,710,711,13,implies
4,6582,6881,6882,10,not_b
4,6583,7742,7743,6,xor
4,6584,3482,3483,0,zero
4,6585,7116,7117,3,a
4,6586,7024,7025,6,xor
4,6587,31,32,9,not_xor
4,6588,127,128,0,zero
4,6589,1247,1248,10,not_b
4,6590,598,599,10,not_b
4,6591,1134,1135,11,implied_by
4,6592,361,362,12,not_a
4,6593,1747,1748,9,not_xor
4,6594,3008,3009,12,not_a
4,6595,4999,5000,14,not_and
4,6596,7660,7661,12,not_a
4,6597,6458,6459,0,zero
4,6598,2145,2146,14,not_and
4,6599,3863,3864,9,not_xor
4,6600,932,933,11,implied_by
4,6601,1083,1084,3,a
4,6602,1994,1995,1,and
4,6603,1175,1176,11,implied_by
4,6604,4941,4942,11,implied_by
4,6605,1283,1284,5,b
4,6606,4275,4276,7,or
4,6607,3737,3738,1,and
4,6608,7658,7659,6,xor
4,6609,4120,4121,5,b
4,6610,3000,3001,0,zero
4,6611,3572,3573,10,not_b
4,6612,7494,7495,3,a
4,6613,5561,5562,6,xor
4,6614,1888,1889,3,a
4,6615,2484,2485,11,implied_by
4,6616,1216,1217,0,zero
4,6617,4409,4410,4,not_implied_by
4,6618,6514,6515,3,a
4,6619,7321,7322,12,not_a
4,6620,7883,7884,11,implied_by
4,6621,7891,7892,5,b
4,6622,18,19,10,not_b
4,6623,7507,7508,11,implied_by
4,6624,3636,3637,12,not_a
4,6625,7644,7645,4,not_implied_by
4,6626,2391,2392,3,a
4,6627,2789,2790,7,or
4,6628,3036,3037,0,zero
4,6629,6099,6100,6,xor
4,6630,2162,2163,12,not_a
4,6631,2717,2718,8,not_or
4,6632,5586,5587,12,not_a
4,6633,3712,3713,3,a
4,6634,7814,7815,12,not_a
4,6635,112,113,3,a
4,6636,4711,4712,3,a
4,6637,1628,1629,9,not_xor
4,6638,563,564,8,not_or
4,6639,2990,2991,5,b
4,6640,6994,6995,1,and
4,6641,5611,5612,10,not_b
4,6642,2973,2974,12,not_a
4,6643,6235,6236,0,zero
4,6644,3847,3848,10,not_b
4,6645,7765,7766,5,b
4,6646,7807,7808,13,implies
4,6647,6890,6891,2,not_implies
4,6648,4963,4964,14,not_and
4,6649,2869,2870,12,not_a
4,6650,7399,7400,8,not_or
4,6651,195,196,14,not_and
4,6652,2898,2899,12,not_a
4,6653,3065,3066,12,not_a
4,6654,450,451,5,b
4,6655,2800,2801,0,zero
4,6656,4109,4110,12,not_a
4,6657,6321,6322,13,implies
4,6658,1118,1119,8,not_or
4,6659,1645,1646,0,zero
4,6660,4224,4225,7,or
4,6661,7833,7834,12,not_a
4,6662,918,919,10,not_b
4,6663,2709,2710,3,a
4,6664,5730,5731,6,xor
4,6665,2081,2082,6,xor
4,6666,7515,7516,8,not_or
4,6667,4328,4329,7,or
4,6668,5613,5614,10,not_b
4,6669,7302,7303,15,one
4,6670,7859,7860,10,not_b
4,6671,577,578,8,not_or
4,6672,3042,3043,3,a
4,6673,1440,1441,13,implies
4,6674,5932,5933,2,not_implies
4,6675,3924,3925,2,not_implies
4,6676,6399,6400,7,or
4,6677,5733,5734,5,b
4,6678,7057,7058,6,xor
4,6679,4073,4074,12,not_a
4,6680,6066,6067,5,b
4,6681,82,83,7,or
4,6682,4414,4415,1,and
4,6683,5772,5773,12,not_a
4,6684,4225,4226,3,a
4,6685,3231,3232,12,not_a
4,6686,4811,4812,2,not_implies
4,6687,6615,6616,13,implies
4,6688,2041,2042,0,zero
4,6689,4958,4959,3,a
4,6690,6564,6565,1,and
4,6691,4447,4448,9,not_xor
4,6692,2792,2793,13,implies
4,6693,6406,6407,5,b
4,6694,3594,3595,11,implied_by
4,6695,5946,5947,12,not_a
4,6696,7403,7404,9,not_xor
4,6697,5559,5560,10,not_b
4,6698,1172,1173,3,a
4,6699,5023,5024,7,or
4,6700,4407,4408,9,not_xor
4,6701,4166,4167,12,not_a
4,6702,367,368,6,xor
4,6703,7767,7768,2,not_implies
4,6704,3462,3463,12,not_a
4,6705,180,181,0,zero
4,6706,2307,2308,5,b
4,6707,2864,2865,10,not_b
4,6708,6679,6680,10,not_b
4,6709,5022,5023,4,not_implied_by
4,6710,4314,4315,1,and
4,6711,2588,2589,11,implied_by
4,6712,4518,4519,2,not_implies
4,6713,6070,6071,3,a
4,6714,7495,7496,4,not_implied_by
4,6715,1070,1071,3,a
4,6716,4489,4490,11,implied_by
4,6717,1907,1908,4,not_implied_by
4,6718,1675,1676,3,a
4,6719,4691,4692,12,not_a
4,6720,6866,6867,2,not_implies
4,6721,5162,5163,9,not_xor
4,6722,2078,2079,3,a
4,6723,207,208,8,not_or
4,6724,1518,1519,10,not_b
4,6725,6129,6130,7,or
4,6726,3947,3948,8,not_or
4,6727,3384,3385,11,implied_by
4,6728,7928,7929,3,a
4,6729,3217,3218,9,not_xor
4,6730,7056,7057,2,not_implies
4,6731,81,82,1,and
4,6732,3720,3721,4,not_implied_by
4,6733,1055,1056,5,b
4,6734,3213,3214,12,not_a
4,6735,909,910,6,xor
4,6736,2782,2783,4,not_implied_by
4,6737,5363,5364,14,not_and
4,6738,2385,2386,5,b
4,6739,3659,3660,6,xor
4,6740,6390,6391,11,implied_by
4,6741,7418,7419,1,and
4,6742,2402,2403,3,a
4,6743,2732,2733,9,not_xor
4,6744,2377,2378,2,not_implies
4,6745,7294,7295,10,not_b
4,6746,826,827,13,implies
4,6747,6225,6226,0,zero
4,6748,5599,5600,9,not_xor
4,6749,2730,2731,6,xor
4,6750,6222,6223,11,implied_by
4,6751,518,519,15,one
4,6752,634,635,1,and
4,6753,1544,1545,12,not_a
4,6754,940,941,3,a
4,6755,5381,5382,6,xor
4,6756,2597,2598,10,not_b
4,6757,107,108,12,not_a
4,6758,535,536,1,and
4,6759,2550,2551,7,or
4,6760,2928,2929,7,or
4,6761,1621,1622,0,zero
4,6762,1849,1850,12,not_a
4,6763,2256,2257,2,not_implies
4,6764,6351,6352,14,not_and
4,6765,7454,7455,5,b
4,6766,3905,3906,8,not_or
4,6767,1033,1034,15,one
4,6768,1249,1250,14,not_and
4,6769,462,463,12,not_a
4,6770,739,740,10,not_b
4,6771,7727,7728,10,not_b
4,6772,5807,5808,10,not_b
4,6773,3164,3165,4,not_implied_by
4,6774,2592,2593,5,b
4,6775,1946,1947,14,not_and
4,6776,6344,6345,12,not_a
4,6777,3481,3482,0,zero
4,6778,4387,4388,11,implied_by
4,6779,6407,6408,5,b
4,6780,2526,2527,3,a
4,6781,7815,7816,0,zero
4,6782,7723,7724,4,not_implied_by
4,6783,1408,1409,0,zero
4,6784,7566,7567,12,not_a
4,6785,5966,5967,12,not_a
4,6786,4105,4106,10,not_b
4,6787,3910,3911,2,not_implies
4,6788,5367,5368,13,implies
4,6789,3234,3235,8,not_or
4,6790,5583,5584,8,not_or
4,6791,3385,3386,3,a
4,6792,5607,5608,3,a
4,6793,5834,5835,1,and
4,6794,2960,2961,13,implies
4,6795,1507,1508,5,b
4,6796,3898,3899,13,implies
4,6797,3411,3412,5,b
4,6798,1576,1577,2,not_implies
4,6799,1575,1576,5,b
4,6800,839,840,7,or
4,6801,1058,1059,10,not_b
4,6802,6470,6471,0,zero
4,6803,3756,3757,9,not_xor
4,6804,6286,6287,11,implied_by
4,6805,3499,3500,10,not_b
4,6806,1383,1384,5,b
4,6807,6329,6330,10,not_b
4,6808,6674,6675,0,zero
4,6809,5471,5472,6,xor
4,6810,5365,5366,12,not_a
4,6811,2633,2634,0,zero
4,6812,1529,1530,9,not_xor
4,6813,5193,5194,8,not_or
4,6814,3287,3288,4,not_implied_by
4,6815,3415,3416,1,and
4,6816,7585,7586,3,a
4,6817,1947,1948,5,b
4,6818,6053,6054,15,one
4,6819,5355,5356,15,one
4,6820,5137,5138,9,not_xor
4,6821,2856,2857,13,implies
4,6822,3427,3428,15,one
4,6823,175,176,3,a
4,6824,4845,4846,7,or
4,6825,1779,1780,4,not_implied_by
4,6826,2458,2459,12,not_a
4,6827,7312,7313,14,not_and
4,6828,2735,2736,10,not_b
4,6829,6767,6768,4,not_implied_by
4,6830,5374,5375,11,implied_by
4,6831,249,250,3,a
4,6832,6833,6834,11,implied_by
4,6833,1402,1403,9,not_xor
4,6834,332,333,14,not_and
4,6835,3187,3188,2,not_implies
4,6836,7473,7474,9,not_xor
4,6837,5360,5361,1,and
4,6838,48,49,13,implies
4,6839,2488,2489,3,a
4,6840,7330,7331,11,implied_by
4,6841,2953,2954,10,not_b
4,6842,5361,5362,8,not_or
4,6843,6385,6386,13,implies
4,6844,2865,2866,1,and
4,6845,4365,4366,1,and
4,6846,3548,3549,13,implies
4,6847,7561,7562,6,xor
4,6848,1062,1063,1,and
4,6849,3401,3402,13,implies
4,6850,6729,6730,5,b
4,6851,4501,4502,12,not_a
4,6852,4117,4118,2,not_implies
4,6853,4515,4516,5,b
4,6854,5782,5783,6,xor
4,6855,1701,1702,12,not_a
4,6856,7952,7953,14,not_and
4,6857,193,194,3,a
4,6858,6811,6812,4,not_implied_by
4,6859,1776,1777,5,b
4,6860,2791,2792,7,or
4,6861,1777,1778,1,and
4,6862,2606,2607,11,implied_by
4,6863,2769,2770,10,not_b
4,6864,2646,2647,12,not_a
4,6865,1815,1816,0,zero
4,6866,4280,4281,8,not_or
4,6867,6769,6770,8,not_or
4,6868,800,801,4,not_implied_by
4,6869,4201,4202,2,not_implies
4,6870,137,138,11,implied_by
4,6871,5214,5215,13,implies
4,6872,6935,6936,15,one
4,6873,5963,5964,5,b
4,6874,4065,4066,14,not_and
4,6875,7942,7943,4,not_implied_by
4,6876,7462,7463,6,xor
4,6877,1426,1427,12,not_a
4,6878,5016,5017,0,zero
4,6879,3619,3620,14,not_and
4,6880,7848,7849,12,not_a
4,6881,6976,6977,11,implied_by
4,6882,7241,7242,3,a
4,6883,7696,7697,13,implies
4,6884,6793,6794,4,not_implied_by
4,6885,5975,5976,9,not_xor
4,6886,1858,1859,4,not_implied_by
4,6887,3774,3775,4,not_implied_by
4,6888,7736,7737,10,not_b
4,6889,5304,5305,7,or
4,6890,4437,4438,5,b
4,6891,3048,3049,0,zero
4,6892,5783,5784,8,not_or
4,6893,4133,4134,14,not_and
4,6894,5824,5825,9,not_xor
4,6895,1665,1666,7,or
4,6896,6533,6534,8,not_or
4,6897,6613,6614,3,a
4,6898,3648,3649,11,implied_by
4,6899,5088,5089,8,not_or
4,6900,4060,4061,7,or
4,6901,3853,3854,12,not_a
4,6902,3944,3945,3,a
4,6903,3953,3954,1,and
4,6904,4339,4340,3,a
4,6905,852,853,3,a
4,6906,7919,7920,7,or
4,6907,521,522,15,one
4,6908,4706,4707,13,implies
4,6909,5721,5722,10,not_b
4,6910,7064,7065,6,xor
4,6911,2875,2876,0,zero
4,6912,40,41,11,implied_by
4,6913,670,671,1,and
4,6914,5350,5351,10,not_b
4,6915,3150,3151,5,b
4,6916,5590,5591,0,zero
4,6917,2413,2414,3,a
4,6918,2917,2918,2,not_implies
4,6919,443,444,5,b
4,6920,5694,5695,1,and
4,6921,6426,6427,9,not_xor
4,6922,6021,6022,2,not_implies
4,6923,63,64,12,not_a
4,6924,7202,7203,10,not_b
4,6925,5693,5694,3,a
4,6926,2009,2010,13,implies
4,6927,3498,3499,10,not_b
4,6928,6804,6805,6,xor
4,6929,6967,6968,9,not_xor
4,6930,3783,3784,8,not_or
4,6931,4272,4273,0,zero
4,6932,4719,4720,4,not_implied_by
4,6933,3238,3239,0,zero
4,6934,3570,3571,5,b
4,6935,7036,7037,6,xor
4,6936,5346,5347,5,b
4,6937,6897,6898,5,b
4,6938,907,908,12,not_a
4,6939,2181,2182,8,not_or
4,6940,6864,6865,15,one
4,6941,7634,7635,5,b
4,6942,2813,2814,2,not_implies
4,6943,490,491,13,implies
4,6944,3733,3734,6,xor
4,6945,4217,4218,5,b
4,6946,1112,1113,0,zero
4,6947,3444,3445,3,a
4,6948,170,171,4,not_implied_by
4,6949,6934,6935,15,one
4,6950,75,76,10,not_b
4,6951,1898,1899,9,not_xor
4,6952,4588,4589,6,xor
4,6953,3753,3754,2,not_implies
4,6954,4616,4617,12,not_a
4,6955,6502,6503,5,b
4,6956,502,503,4,not_implied_by
4,6957,4671,4672,12,not_a
4,6958,5309,5310,14,not_and
4,6959,4695,4696,0,zero
4,6960,3413,3414,14,not_and
4,6961,2812,2813,3,a
4,6962,1123,1124,3,a
4,6963,4633,4634,13,implies
4,6964,3248,3249,7,or
4,6965,2266,2267,11,implied_by
4,6966,7749,7750,12,not_a
4,6967,6539,6540,0,zero
4,6968,3094,3095,14,not_and
4,6969,4907,4908,5,b
4,6970,4713,4714,10,not_b
4,6971,3186,3187,2,not_implies
4,6972,6349,6350,2,not_implies
4,6973,3374,3375,9,not_xor
4,6974,6821,6822,15,one
4,6975,7633,7634,3,a
4,6976,5509,5510,7,or
4,6977,4560,4561,3,a
4,6978,1569,1570,3,a
4,6979,383,384,1,and
4,6980,1736,1737,6,xor
4,6981,132,133,1,and
4,6982,2086,2087,2,not_implies
4,6983,5738,5739,12,not_a
4,6984,6250,6251,14,not_and
4,6985,5516,5517,3,a
4,6986,317,318,3,a
4,6987,6063,6064,3,a
4,6988,7728,7729,8,not_or
4,6989,5790,5791,12,not_a
4,6990,3113,3114,10,not_b
4,6991,2132,2133,10,not_b
4,6992,2524,2525,1,and
4,6993,4690,4691,8,not_or
4,6994,4551,4552,0,zero
4,6995,1047,1048,5,b
4,6996,363,364,7,or
4,6997,6371,6372,14,not_and
4,6998,5075,5076,11,implied_by
4,6999,5293,5294,15,one
4,7000,5511,5512,11,implied_by
4,7001,5726,5727,12,not_a
4,7002,7979,7980,9,not_xor
4,7003,5012,5013,10,not_b
4,7004,1453,1454,12,not_a
4,7005,1137,1138,10,not_b
4,7006,151,152,2,not_implies
4,7007,1166,1167,3,a
4,7008,4837,4838,8,not_or
4,7009,5100,5101,12,not_a
4,7010,3660,3661,12,not_a
4,7011,284,285,5,b
4,7012,2362,2363,3,a
4,7013,405,406,14,not_and
4,7014,1385,1386,10,not_b
4,7015,6776,6777,5,b
4,7016,4520,4521,13,implies
4,7017,799,800,2,not_implies
4,7018,1955,1956,12,not_a
4,7019,3258,3259,13,implies
4,7020,5838,5839,5,b
4,7021,1692,1693,10,not_b
4,7022,1780,1781,12,not_a
4,7023,5463,5464,9,not_xor
4,7024,4708,4709,4,not_implied_by
4,7025,4645,4646,13,implies
4,7026,827,828,9,not_xor
4,7027,6293,6294,9,not_xor
4,7028,3151,3152,13,implies
4,7029,7254,7255,5,b
4,7030,4832,4833,2,not_implies
4,7031,2028,2029,4,not_implied_by
4,7032,4531,4532,3,a
4,7033,2433,2434,4,not_implied_by
4,7034,5715,5716,11,implied_by
4,7035,1446,1447,9,not_xor
4,7036,1750,1751,12,not_a
4,7037,5877,5878,15,one
4,7038,4953,4954,8,not_or
4,7039,651,652,12,not_a
4,7040,6606,6607,0,zero
4,7041,7705,7706,6,xor
4,7042,3838,3839,3,a
4,7043,7873,7874,14,not_and
4,7044,4176,4177,12,not_a
4,7045,587,588,0,zero
4,7046,6165,6166,3,a
4,7047,1618,1619,6,xor
4,7048,3832,3833,0,zero
4,7049,1843,1844,6,xor
4,7050,6991,6992,3,a
4,7051,6879,6880,11,implied_by
4,7052,701,702,6,xor
4,7053,2259,2260,2,not_implies
4,7054,3349,3350,13,implies
4,7055,7533,7534,14,not_and
4,7056,6136,6137,1,and
4,7057,3521,3522,2,not_implies
4,7058,3964,3965,14,not_and
4,7059,7065,7066,10,not_b
4,7060,4516,4517,3,a
4,7061,3020,3021,13,implies
4,7062,4915,4916,5,b
4,7063,6561,6562,15,one
4,7064,3061,3062,5,b
4,7065,1709,1710,6,xor
4,7066,1798,1799,10,not_b
4,7067,3485,3486,6,xor
4,7068,5395,5396,6,xor
4,7069,1165,1166,13,implies
4,7070,6921,6922,1,and
4,7071,798,799,2,not_implies
4,7072,5762,5763,5,b
4,7073,2697,2698,5,b
4,7074,6418,6419,9,not_xor
4,7075,7971,7972,5,b
4,7076,7014,7015,5,b
4,7077,5052,5053,13,implies
4,7078,3621,3622,1,and
4,7079,2982,2983,5,b
4,7080,5865,5866,12,not_a
4,7081,37,38,9,not_xor
4,7082,5268,5269,14,not_and
4,7083,7264,7265,14,not_and
4,7084,3841,3842,14,not_and
4,7085,2455,2456,5,b
4,7086,1036,1037,10,not_b
4,7087,5116,5117,5,b
4,7088,7144,7145,12,not_a
4,7089,4416,4417,7,or
4,7090,1267,1268,4,not_implied_by
4,7091,6985,6986,9,not_xor
4,7092,3317,3318,12,not_a
4,7093,5141,5142,4,not_implied_by
4,7094,3809,3810,1,and
4,7095,6971,6972,13,implies
4,7096,3469,3470,0,zero
4,7097,3738,3739,3,a
4,7098,3254,3255,13,implies
4,7099,6353,6354,3,a
4,7100,5191,5192,5,b
4,7101,289,290,5,b
4,7102,7184,7185,11,implied_by
4,7103,1951,1952,9,not_xor
4,7104,6152,6153,6,xor
4,7105,881,882,12,not_a
4,7106,3097,3098,3,a
4,7107,6403,6404,1,and
4,7108,7837,7838,10,not_b
4,7109,3141,3142,3,a
4,7110,5878,5879,12,not_a
4,7111,4074,4075,7,or
4,7112,5642,5643,12,not_a
4,7113,1787,1788,11,implied_by
4,7114,7686,7687,9,not_xor
4,7115,7843,7844,9,not_xor
4,7116,7866,7867,0,zero
4,7117,7611,7612,10,not_b
4,7118,4056,4057,1,and
4,7119,7274,7275,7,or
4,7120,5234,5235,10,not_b
4,7121,3643,3644,14,not_and
4,7122,4357,4358,9,not_xor
4,7123,3566,3567,12,not_a
4,7124,122,123,0,zero
4,7125,1879,1880,15,one
4,7126,541,542,12,not_a
4,7127,2135,2136,3,a
4,7128,6730,6731,5,b
4,7129,4866,4867,2,not_implies
4,7130,5632,5633,10,not_b
4,7131,7786,7787,9,not_xor
4,7132,5893,5894,12,not_a
4,7133,5961,5962,7,or
4,7134,867,868,4,not_implied_by
4,7135,7475,7476,3,a
4,7136,5735,5736,4,not_implied_by
4,7137,7176,7177,10,not_b
4,7138,2855,2856,0,zero
4,7139,6693,6694,2,not_implies
4,7140,3268,3269,4,not_implied_by
4,7141,4925,4926,3,a
4,7142,357,358,10,not_b
4,7143,2680,2681,15,one
4,7144,329,330,3,a
4,7145,2221,2222,15,one
4,7146,4227,4228,11,implied_by
4,7147,1082,1083,8,not_or
4,7148,789,790,3,a
4,7149,7672,7673,3,a
4,7150,7390,7391,1,and
4,7151,3251,3252,7,or
4,7152,4433,4434,6,xor
4,7153,7737,7738,11,implied_by
4,7154,6758,6759,5,b
4,7155,6714,6715,7,or
4,7156,6042,6043,14,not_and
4,7157,3299,3300,8,not_or
4,7158,3289,3290,12,not_a
4,7159,718,719,9,not_xor
4,7160,5207,5208,2,not_implies
4,7161,3906,3907,15,one
4,7162,7549,7550,3,a
4,7163,3694,3695,2,not_implies
4,7164,507,508,10,not_b
4,7165,6659,6660,4,not_implied_by
4,7166,2228,2229,12,not_a
4,7167,6127,6128,12,not_a
4,7168,3368,3369,12,not_a
4,7169,7383,7384,5,b
4,7170,163,164,10,not_b
4,7171,4949,4950,3,a
4,7172,7959,7960,5,b
4,7173,459,460,5,b
4,7174,6420,6421,5,b
4,7175,2871,2872,3,a
4,7176,5769,5770,11,implied_by
4,7177,7102,7103,12,not_a
4,7178,1656,1657,1,and
4,7179,1531,1532,10,not_b
4,7180,3028,3029,3,a
4,7181,6527,6528,3,a
4,7182,2548,2549,12,not_a
4,7183,3887,3888,15,one
4,7184,7387,7388,5,b
4,7185,5242,5243,12,not_a
4,7186,3370,3371,9,not_xor
4,7187,3558,3559,9,not_xor
4,7188,4936,4937,12,not_a
4,7189,807,808,5,b
4,7190,4714,4715,5,b
4,7191,515,516,5,b
4,7192,6780,6781,3,a
4,7193,3604,3605,15,one
4,7194,7745,7746,10,not_b
4,7195,7460,7461,3,a
4,7196,1837,1838,11,implied_by
4,7197,1324,1325,10,not_b
4,7198,2378,2379,10,not_b
4,7199,3698,3699,12,not_a
4,7200,7328,7329,6,xor
4,7201,5522,5523,5,b
4,7202,6188,6189,6,xor
4,7203,6125,6126,3,a
4,7204,5483,5484,1,and
4,7205,4081,4082,11,implied_by
4,7206,4259,4260,12,not_a
4,7207,1514,1515,1,and
4,7208,3914,3915,5,b
4,7209,6726,6727,5,b
4,7210,7068,7069,6,xor
4,7211,6566,6567,12,not_a
4,7212,2546,2547,5,b
4,7213,734,735,7,or
4,7214,3769,3770,8,not_or
4,7215,4278,4279,4,not_implied_by
4,7216,1723,1724,14,not_and
4,7217,4462,4463,5,b
4,7218,2012,2013,7,or
4,7219,7630,7631,8,not_or
4,7220,5742,5743,6,xor
4,7221,7679,7680,9,not_xor
4,7222,1428,1429,9,not_xor
4,7223,3084,3085,11,implied_by
4,7224,4605,4606,3,a
4,7225,4726,4727,14,not_and
4,7226,7772,7773,5,b
4,7227,2688,2689,3,a
4,7228,1592,1593,8,not_or
4,7229,2649,2650,5,b
4,7230,2628,2629,12,not_a
4,7231,5704,5705,4,not_implied_by
4,7232,1991,1992,1,and
4,7233,1674,1675,2,not_implies
4,7234,1554,1555,9,not_xor
4,7235,77,78,4,not_implied_by
4,7236,6271,6272,0,zero
4,7237,6944,6945,13,implies
4,7238,4381,4382,9,not_xor
4,7239,7248,7249,7,or
4,7240,2274,2275,1,and
4,7241,7168,7169,10,not_b
4,7242,2755,2756,13,implies
4,7243,3640,3641,3,a
4,7244,2916,2917,8,not_or
4,7245,7391,7392,4,not_implied_by
4,7246,588,589,8,not_or
4,7247,4219,4220,12,not_a
4,7248,7156,7157,3,a
4,7249,820,821,10,not_b
4,7250,7273,7274,13,implies
4,7251,4843,4844,10,not_b
4,7252,2305,2306,0,zero
4,7253,1740,1741,9,not_xor
4,7254,6599,6600,2,not_implies
4,7255,5386,5387,12,not_a
4,7256,1000,1001,11,implied_by
4,7257,2552,2553,13,implies
4,7258,5574,5575,8,not_or
4,7259,6052,6053,6,xor
4,7260,6509,6510,10,not_b
4,7261,4804,4805,8,not_or
4,7262,3261,3262,14,not_and
4,7263,7367,7368,0,zero
4,7264,1563,1564,11,implied_by
4,7265,6732,6733,10,not_b
4,7266,438,439,13,implies
4,7267,5142,5143,5,b
4,7268,3025,3026,13,implies
4,7269,5819,5820,1,and
4,7270,1312,1313,10,not_b
4,7271,4611,4612,15,one
4,7272,7940,7941,11,implied_by
4,7273,5117,5118,6,xor
4,7274,6154,6155,15,one
4,7275,3110,3111,5,b
4,7276,1654,1655,5,b
4,7277,6059,6060,3,a
4,7278,7479,7480,1,and
4,7279,7351,7352,3,a
4,7280,237,238,13,implies
4,7281,2388,2389,2,not_implies
4,7282,65,66,7,or
4,7283,59,60,9,not_xor
4,7284,3130,3131,12,not_a
4,7285,6557,6558,12,not_a
4,7286,5815,5816,14,not_and
4,7287,7525,7526,4,not_implied_by
4,7288,218,219,2,not_implies
4,7289,2062,2063,3,a
4,7290,1079,1080,9,not_xor
4,7291,6649,6650,3,a
4,7292,4126,4127,0,zero
4,7293,6519,6520,4,not_implied_by
4,7294,1125,1126,3,a
4,7295,2029,2030,10,not_b
4,7296,5911,5912,13,implies
4,7297,1365,1366,1,and
4,7298,571,572,7,or
4,7299,3574,3575,5,b
4,7300,784,785,8,not_or
4,7301,3927,3928,5,b
4,7302,5189,5190,2,not_implies
4,7303,3059,3060,5,b
4,7304,5298,5299,15,one
4,7305,5506,5507,3,a
4,7306,2984,2985,3,a
4,7307,5588,5589,4,not_implied_by
4,7308,1803,1804,13,implies
4,7309,3504,3505,9,not_xor
4,7310,6079,6080,10,not_b
4,7311,5254,5255,10,not_b
4,7312,1465,1466,13,implies
4,7313,3692,3693,1,and
4,7314,1077,1078,8,not_or
4,7315,569,570,10,not_b
4,7316,998,999,10,not_b
4,7317,2398,2399,10,not_b
4,7318,2897,2898,3,a
4,7319,3038,3039,10,not_b
4,7320,538,539,13,implies
4,7321,4962,4963,11,implied_by
4,7322,3026,3027,11,implied_by
4,7323,7251,7252,13,implies
4,7324,7590,7591,8,not_or
4,7325,330,331,5,b
4,7326,959,960,11,implied_by
4,7327,1620,1621,3,a
4,7328,4937,4938,9,not_xor
4,7329,2642,2643,13,implies
4,7330,516,517,14,not_and
4,7331,399,400,10,not_b
4,7332,69,70,5,b
4,7333,3192,3193,0,zero
4,7334,676,677,11,implied_by
4,7335,2142,2143,12,not_a
4,7336,1571,1572,10,not_b
4,7337,992,993,3,a
4,7338,1495,1496,5,b
4,7339,3245,3246,3,a
4,7340,333,334,10,not_b
4,7341,4816,4817,5,b
4,7342,2674,2675,1,and
4,7343,6797,6798,0,zero
4,7344,1386,1387,10,not_b
4,7345,742,743,10,not_b
4,7346,4404,4405,14,not_and
4,7347,104,105,10,not_b
4,7348,5608,5609,14,not_and
4,7349,2020,2021,1,and
4,7350,5235,5236,15,one
4,7351,1522,1523,8,not_or
4,7352,7600,7601,14,not_and
4,7353,4763,4764,1,and
4,7354,2485,2486,10,not_b
4,7355,7224,7225,9,not_xor
4,7356,4549,4550,8,not_or
4,7357,2281,2282,11,implied_by
4,7358,3297,3298,12,not_a
4,7359,1565,1566,5,b
4,7360,3156,3157,6,xor
4,7361,3467,3468,7,or
4,7362,2440,2441,1,and
4,7363,4089,4090,14,not_and
4,7364,4791,4792,9,not_xor
4,7365,4113,4114,5,b
4,7366,7810,7811,14,not_and
4,7367,3593,3594,10,not_b
4,7368,6695,6696,8,not_or
4,7369,433,434,10,not_b
4,7370,4004,4005,0,zero
4,7371,2745,2746,2,not_implies
4,7372,1806,1807,4,not_implied_by
4,7373,4309,4310,10,not_b
4,7374,4806,4807,5,b
4,7375,4536,4537,8,not_or
4,7376,2054,2055,5,b
4,7377,4496,4497,11,implied_by
4,7378,4256,4257,15,one
4,7379,178,179,5,b
4,7380,49,50,11,implied_by
4,7381,4731,4732,11,implied_by
4,7382,3889,3890,8,not_or
4,7383,4208,4209,0,zero
4,7384,683,684,4,not_implied_by
4,7385,328,329,9,not_xor
4,7386,4115,4116,7,or
4,7387,3768,3769,12,not_a
4,7388,1336,1337,1,and
4,7389,4776,4777,8,not_or
4,7390,1228,1229,10,not_b
4,7391,6543,6544,15,one
4,7392,3967,3968,4,not_implied_by
4,7393,2089,2090,5,b
4,7394,4983,4984,12,not_a
4,7395,2607,2608,14,not_and
4,7396,647,648,1,and
4,7397,1022,1023,14,not_and
4,7398,5114,5115,14,not_and
4,7399,5892,5893,13,implies
4,7400,570,571,6,xor
4,7401,969,970,10,not_b
4,7402,2030,2031,9,not_xor
4,7403,2824,2825,9,not_xor
4,7404,2395,2396,4,not_implied_by
4,7405,4144,4145,3,a
4,7406,2468,2469,11,implied_by
4,7407,5187,5188,7,or
4,7408,4849,4850,12,not_a
4,7409,4517,4518,5,b
4,7410,2088,2089,2,not_implies
4,7411,1266,1267,2,not_implies
4,7412,7396,7397,14,not_and
4,7413,6417,6418,3,a
4,7414,7179,7180,3,a
4,7415,4494,4495,3,a
4,7416,4291,4292,7,or
4,7417,5556,5557,12,not_a
4,7418,843,844,2,not_implies
4,7419,6961,6962,14,not_and
4,7420,388,389,15,one
4,7421,911,912,9,not_xor
4,7422,2170,2171,10,not_b
4,7423,409,410,3,a
4,7424,7751,7752,4,not_implied_by
4,7425,6973,6974,7,or
4,7426,7193,7194,10,not_b
4,7427,4737,4738,10,not_b
4,7428,7101,7102,10,not_b
4,7429,3131,3132,9,not_xor
4,7430,6712,6713,3,a
4,7431,6903,6904,14,not_and
4,7432,731,732,10,not_b
4,7433,4878,4879,0,zero
4,7434,3669,3670,2,not_implies
4,7435,3301,3302,5,b
4,7436,350,351,7,or
4,7437,3956,3957,1,and
4,7438,304,305,5,b
4,7439,3044,3045,10,not_b
4,7440,5252,5253,6,xor
4,7441,6812,6813,1,and
4,7442,7278,7279,8,not_or
4,7443,3184,3185,1,and
4,7444,6197,6198,10,not_b
4,7445,2977,2978,2,not_implies
4,7446,4619,4620,8,not_or
4,7447,4154,4155,13,implies
4,7448,2172,2173,2,not_implies
4,7449,7689,7690,10,not_b
4,7450,5915,5916,12,not_a
4,7451,5623,5624,1,and
4,7452,7481,7482,4,not_implied_by
4,7453,145,146,11,implied_by
4,7454,4689,4690,15,one
4,7455,5447,5448,5,b
4,7456,808,809,5,b
4,7457,1729,1730,0,zero
4,7458,4944,4945,11,implied_by
4,7459,3503,3504,8,not_or
4,7460,7989,7990,10,not_b
4,7461,2685,2686,3,a
4,7462,7818,7819,0,zero
4,7463,5317,5318,1,and
4,7464,4813,4814,8,not_or
4,7465,5032,5033,12,not_a
4,7466,1793,1794,3,a
4,7467,4779,4780,1,and
4,7468,6338,6339,10,not_b
4,7469,1085,1086,2,not_implies
4,7470,7429,7430,14,not_and
4,7471,7865,7866,9,not_xor
4,7472,99,100,7,or
4,7473,30,31,5,b
4,7474,7130,7131,14,not_and
4,7475,7962,7963,5,b
4,7476,747,748,9,not_xor
4,7477,2313,2314,10,not_b
4,7478,7994,7995,13,implies
4,7479,520,521,8,not_or
4,7480,4882,4883,12,not_a
4,7481,3644,3645,12,not_a
4,7482,7518,7519,14,not_and
4,7483,6244,6245,8,not_or
4,7484,2880,2881,10,not_b
4,7485,2032,2033,0,zero
4,7486,6331,6332,3,a
4,7487,6038,6039,14,not_and
4,7488,7836,7837,11,implied_by
4,7489,3269,3270,13,implies
4,7490,6628,6629,3,a
4,7491,7018,7019,14,not_and
4,7492,2909,2910,7,or
4,7493,5804,5805,5,b
4,7494,5249,5250,15,one
4,7495,258,259,11,implied_by
4,7496,2489,2490,9,not_xor
4,7497,5029,5030,12,not_a
4,7498,4379,4380,7,or
4,7499,2605,2606,1,and
4,7500,7246,7247,12,not_a
4,7501,6956,6957,12,not_a
4,7502,238,239,11,implied_by
4,7503,1263,1264,2,not_implies
4,7504,6270,6271,11,implied_by
4,7505,517,518,4,not_implied_by
4,7506,6379,6380,8,not_or
4,7507,1699,1700,5,b
4,7508,7605,7606,5,b
4,7509,3325,3326,1,and
4,7510,2397,2398,2,not_implies
4,7511,2857,2858,4,not_implied_by
4,7512,5352,5353,6,xor
4,7513,1248,1249,12,not_a
4,7514,7717,7718,2,not_implies
4,7515,6496,6497,6,xor
4,7516,1927,1928,0,zero
4,7517,2715,2716,5,b
4,7518,6950,6951,0,zero
4,7519,4203,4204,3,a
4,7520,1693,1694,1,and
4,7521,5443,5444,3,a
4,7522,6886,6887,13,implies
4,7523,7760,7761,7,or
4,7524,213,214,8,not_or
4,7525,6862,6863,12,not_a
4,7526,2134,2135,13,implies
4,7527,3340,3341,9,not_xor
4,7528,2264,2265,10,not_b
4,7529,6137,6138,11,implied_by
4,7530,2861,2862,12,not_a
4,7531,455,456,5,b
4,7532,7678,7679,5,b
4,7533,5542,5543,12,not_a
4,7534,6949,6950,0,zero
4,7535,6869,6870,1,and
4,7536,5438,5439,9,not_xor
4,7537,398,399,4,not_implied_by
4,7538,2620,2621,8,not_or
4,7539,7986,7987,14,not_and
4,7540,5775,5776,7,or
4,7541,7393,7394,12,not_a
4,7542,1190,1191,14,not_and
4,7543,5070,5071,1,and
4,7544,7345,7346,9,not_xor
4,7545,4446,4447,6,xor
4,7546,7127,7128,13,implies
4,7547,7297,7298,9,not_xor
4,7548,2790,2791,7,or
4,7549,5533,5534,3,a
4,7550,3046,3047,10,not_b
4,7551,7015,7016,10,not_b
4,7552,5578,5579,2,not_implies
4,7553,5205,5206,0,zero
4,7554,6265,6266,12,not_a
4,7555,4904,4905,14,not_and
4,7556,4146,4147,12,not_a
4,7557,3908,3909,3,a
4,7558,7958,7959,7,or
4,7559,7438,7439,10,not_b
4,7560,2050,2051,12,not_a
4,7561,1808,1809,1,and
4,7562,1872,1873,15,one
4,7563,733,734,8,not_or
4,7564,5930,5931,13,implies
4,7565,140,141,13,implies
4,7566,567,568,12,not_a
4,7567,4888,4889,3,a
4,7568,4118,4119,10,not_b
4,7569,6913,6914,6,xor
4,7570,7509,7510,3,a
4,7571,1474,1475,8,not_or
4,7572,1936,1937,4,not_implied_by
4,7573,4158,4159,10,not_b
4,7574,2963,2964,12,not_a
4,7575,6110,6111,3,a
4,7576,2529,2530,2,not_implies
4,7577,1857,1858,12,not_a
4,7578,6395,6396,9,not_xor
4,7579,3116,3117,12,not_a
4,7580,1718,1719,11,implied_by
4,7581,4579,4580,12,not_a
4,7582,2036,2037,12,not_a
4,7583,1258,1259,4,not_implied_by
4,7584,6723,6724,6,xor
4,7585,564,565,11,implied_by
4,7586,1865,1866,7,or
4,7587,2451,2452,9,not_xor
4,7588,640,641,0,zero
4,7589,7206,7207,6,xor
4,7590,7764,7765,3,a
4,7591,1349,1350,8,not_or
4,7592,306,307,11,implied_by
4,7593,6324,6325,6,xor
4,7594,944,945,7,or
4,7595,3982,3983,8,not_or
4,7596,2876,2877,15,one
4,7597,3070,3071,5,b
4,7598,131,132,3,a
4,7599,2723,2724,4,not_implied_by
4,7600,417,418,14,not_and
4,7601,578,579,2,not_implies
4,7602,3980,3981,9,not_xor
4,7603,3211,3212,15,one
4,7604,971,972,12,not_a
4,7605,6252,6253,3,a
4,7606,7022,7023,5,b
4,7607,1845,1846,4,not_implied_by
4,7608,7420,7421,5,b
4,7609,1270,1271,14,not_and
4,7610,648,649,10,not_b
4,7611,4668,4669,12,not_a
4,7612,2472,2473,2,not_implies
4,7613,6925,6926,4,not_implied_by
4,7614,6857,6858,1,and
4,7615,4739,4740,4,not_implied_by
4,7616,1864,1865,5,b
4,7617,5024,5025,4,not_implied_by
4,7618,2407,2408,12,not_a
4,7619,5040,5041,2,not_implies
4,7620,3997,3998,4,not_implied_by
4,7621,5419,5420,12,not_a
4,7622,7907,7908,0,zero
4,7623,2840,2841,3,a
4,7624,7573,7574,13,implies
4,7625,7012,7013,7,or
4,7626,835,836,13,implies
4,7627,418,419,15,one
4,7628,6124,6125,3,a
4,7629,6722,6723,11,implied_by
4,7630,2431,2432,4,not_implied_by
4,7631,3584,3585,10,not_b
4,7632,7463,7464,3,a
4,7633,6588,6589,15,one
4,7634,3365,3366,10,not_b
4,7635,2017,2018,12,not_a
4,7636,1347,1348,10,not_b
4,7637,4545,4546,4,not_implied_by
4,7638,7073,7074,3,a
4,7639,1194,1195,11,implied_by
4,7640,1458,1459,0,zero
4,7641,6074,6075,10,not_b
4,7642,406,407,13,implies
4,7643,72,73,9,not_xor
4,7644,2437,2438,0,zero
4,7645,2159,2160,12,not_a
4,7646,3949,3950,2,not_implies
4,7647,2708,2709,6,xor
4,7648,4391,4392,9,not_xor
4,7649,6979,6980,4,not_implied_by
4,7650,1154,1155,1,and
4,7651,7563,7564,5,b
4,7652,1491,1492,3,a
4,7653,3486,3487,9,not_xor
4,7654,6303,6304,10,not_b
4,7655,3356,3357,6,xor
4,7656,1505,1506,15,one
4,7657,3043,3044,10,not_b
4,7658,2661,2662,4,not_implied_by
4,7659,32,33,11,implied_by
4,7660,2070,2071,10,not_b
4,7661,6033,6034,7,or
4,7662,2974,2975,4,not_implied_by
4,7663,1414,1415,7,or
4,7664,6984,6985,12,not_a
4,7665,6749,6750,3,a
4,7666,5185,5186,13,implies
4,7667,3955,3956,4,not_implied_by
4,7668,7991,7992,15,one
4,7669,4403,4404,8,not_or
4,7670,4607,4608,14,not_and
4,7671,3153,3154,5,b
4,7672,883,884,12,not_a
4,7673,349,350,7,or
4,7674,7435,7436,10,not_b
4,7675,6060,6061,13,implies
4,7676,7519,7520,14,not_and
4,7677,5042,5043,15,one
4,7678,5789,5790,13,implies
4,7679,2471,2472,15,one
4,7680,3675,3676,3,a
4,7681,4952,4953,2,not_implies
4,7682,33,34,4,not_implied_by
4,7683,143,144,1,and
4,7684,1804,1805,13,implies
4,7685,6604,6605,10,not_b
4,7686,2798,2799,3,a
4,7687,5836,5837,1,and
4,7688,3631,3632,5,b
4,7689,4184,4185,2,not_implies
4,7690,5001,5002,15,one
4,7691,1932,1933,7,or
4,7692,6317,6318,8,not_or
4,7693,7906,7907,10,not_b
4,7694,7198,7199,0,zero
4,7695,3741,3742,5,b
4,7696,7079,7080,8,not_or
4,7697,295,296,2,not_implies
4,7698,2,3,10,not_b
4,7699,749,750,11,implied_by
4,7700,2781,2782,12,not_a
4,7701,5050,5051,1,and
4,7702,2317,2318,9,not_xor
4,7703,6701,6702,6,xor
4,7704,1362,1363,5,b
4,7705,5652,5653,10,not_b
4,7706,1725,1726,2,not_implies
4,7707,6362,6363,3,a
4,7708,2514,2515,3,a
4,7709,4682,4683,3,a
4,7710,3119,3120,2,not_implies
4,7711,7902,7903,15,one
4,7712,1488,1489,10,not_b
4,7713,3194,3195,0,zero
4,7714,3351,3352,5,b
4,7715,2503,2504,5,b
4,7716,4397,4398,12,not_a
4,7717,5584,5585,6,xor
4,7718,4916,4917,4,not_implied_by
4,7719,6200,6201,8,not_or
4,7720,7093,7094,3,a
4,7721,2681,2682,10,not_b
4,7722,5053,5054,0,zero
4,7723,6513,6514,9,not_xor
4,7724,4734,4735,5,b
4,7725,5780,5781,4,not_implied_by
4,7726,169,170,5,b
4,7727,580,581,10,not_b
4,7728,5779,5780,12,not_a
4,7729,3894,3895,10,not_b
4,7730,3824,3825,4,not_implied_by
4,7731,7921,7922,9,not_xor
4,7732,5129,5130,13,implies
4,7733,3149,3150,12,not_a
4,7734,3035,3036,13,implies
4,7735,3745,3746,5,b
4,7736,4491,4492,11,implied_by
4,7737,6186,6187,10,not_b
4,7738,2060,2061,6,xor
4,7739,6394,6395,15,one
4,7740,5774,5775,6,xor
4,7741,4744,4745,4,not_implied_by
4,7742,882,883,5,b
4,7743,1136,1137,11,implied_by
4,7744,6361,6362,5,b
4,7745,1276,1277,5,b
4,7746,1637,1638,3,a
4,7747,3761,3762,15,one
4,7748,189,190,10,not_b
4,7749,2100,2101,10,not_b
4,7750,6031,6032,6,xor
4,7751,5204,5205,8,not_or
4,7752,4454,4455,2,not_implies
4,7753,7863,7864,1,and
4,7754,7256,7257,1,and
4,7755,1451,1452,11,implied_by
4,7756,2712,2713,1,and
4,7757,599,600,6,xor
4,7758,7488,7489,14,not_and
4,7759,1756,1757,13,implies
4,7760,5297,5298,8,not_or
4,7761,2363,2364,12,not_a
4,7762,866,867,4,not_implied_by
4,7763,3512,3513,8,not_or
4,7764,3556,3557,5,b
4,7765,2714,2715,3,a
4,7766,1985,1986,4,not_implied_by
4,7767,7347,7348,5,b
4,7768,3387,3388,5,b
4,7769,4071,4072,4,not_implied_by
4,7770,1071,1072,11,implied_by
4,7771,2422,2423,2,not_implies
4,7772,1516,1517,14,not_and
4,7773,4296,4297,12,not_a
4,7774,1640,1641,11,implied_by
4,7775,5744,5745,2,not_implies
4,7776,3319,3320,12,not_a
4,7777,6313,6314,3,a
4,7778,2129,2130,15,one
4,7779,744,745,13,implies
4,7780,265,266,9,not_xor
4,7781,7291,7292,13,implies
4,7782,4347,4348,8,not_or
4,7783,4877,4878,6,xor
4,7784,6474,6475,9,not_xor
4,7785,4683,4684,11,implied_by
4,7786,806,807,12,not_a
4,7787,7920,7921,2,not_implies
4,7788,3167,3168,12,not_a
4,7789,4707,4708,12,not_a
4,7790,7972,7973,3,a
4,7791,6798,6799,14,not_and
4,7792,819,820,8,not_or
4,7793,114,115,14,not_and
4,7794,4345,4346,6,xor
4,7795,6285,6286,9,not_xor
4,7796,6185,6186,4,not_implied_by
4,7797,474,475,12,not_a
4,7798,6224,6225,5,b
4,7799,1310,1311,0,zero
4,7800,3069,3070,7,or
4,7801,7734,7735,0,zero
4,7802,972,973,10,not_b
4,7803,6130,6131,1,and
4,7804,331,332,12,not_a
4,7805,4725,4726,13,implies
4,7806,3350,3351,6,xor
4,7807,1016,1017,7,or
4,7808,7995,7996,10,not_b
4,7809,4745,4746,5,b
4,7810,7341,7342,0,zero
4,7811,7557,7558,9,not_xor
4,7812,4659,4660,7,or
4,7813,6664,6665,0,zero
4,7814,7953,7954,3,a
4,7815,5895,5896,10,not_b
4,7816,1638,1639,4,not_implied_by
4,7817,1316,1317,3,a
4,7818,7003,7004,12,not_a
4,7819,480,481,11,implied_by
4,7820,6120,6121,7,or
4,7821,1910,1911,0,zero
4,7822,3127,3128,12,not_a
4,7823,1847,1848,12,not_a
4,7824,872,873,12,not_a
4,7825,7721,7722,11,implied_by
4,7826,1053,1054,10,not_b
4,7827,2074,2075,4,not_implied_by
4,7828,1827,1828,9,not_xor
4,7829,2801,2802,12,not_a
4,7830,4624,4625,3,a
4,7831,4390,4391,9,not_xor
4,7832,6607,6608,0,zero
4,7833,6463,6464,7,or
4,7834,3971,3972,0,zero
4,7835,993,994,4,not_implied_by
4,7836,4279,4280,15,one
4,7837,1050,1051,10,not_b
4,7838,2257,2258,12,not_a
4,7839,754,755,0,zero
4,7840,3435,3436,11,implied_by
4,7841,7316,7317,8,not_or
4,7842,68,69,3,a
4,7843,1101,1102,2,not_implies
4,7844,3461,3462,10,not_b
4,7845,2956,2957,13,implies
4,7846,92,93,12,not_a
4,7847,6454,6455,3,a
4,7848,3320,3321,10,not_b
4,7849,618,619,3,a
4,7850,2409,2410,4,not_implied_by
4,7851,3400,3401,11,implied_by
4,7852,540,541,6,xor
4,7853,6493,6494,1,and
4,7854,3250,3251,12,not_a
4,7855,1120,1121,13,implies
4,7856,1334,1335,5,b
4,7857,6384,6385,2,not_implies
4,7858,6005,6006,5,b
4,7859,1860,1861,13,implies
4,7860,2215,2216,1,and
4,7861,7967,7968,5,b
4,7862,6796,6797,14,not_and
4,7863,3346,3347,10,not_b
4,7864,3655,3656,5,b
4,7865,3752,3753,12,not_a
4,7866,5979,5980,4,not_implied_by
4,7867,1564,1565,7,or
4,7868,7750,7751,11,implied_by
4,7869,7307,7308,9,not_xor
4,7870,1943,1944,0,zero
4,7871,3006,3007,11,implied_by
4,7872,6091,6092,9,not_xor
4,7873,4540,4541,2,not_implies
4,7874,4903,4904,10,not_b
4,7875,3215,3216,9,not_xor
4,7876,5404,5405,0,zero
4,7877,6760,6761,7,or
4,7878,277,278,5,b
4,7879,1602,1603,10,not_b
4,7880,4145,4146,4,not_implied_by
4,7881,732,733,15,one
4,7882,4360,4361,6,xor
4,7883,5798,5799,10,not_b
4,7884,6274,6275,3,a
4,7885,7659,7660,5,b
4,7886,722,723,6,xor
4,7887,4264,4265,10,not_b
4,7888,6754,6755,15,one
4,7889,6210,6211,3,a
4,7890,4532,4533,3,a
4,7891,1823,1824,3,a
4,7892,5805,5806,9,not_xor
4,7893,5900,5901,6,xor
4,7894,1035,1036,5,b
4,7895,7405,7406,12,not_a
4,7896,4856,4857,11,implied_by
4,7897,7112,7113,6,xor
4,7898,5467,5468,15,one
4,7899,3881,3882,3,a
4,7900,7151,7152,5,b
4,7901,7893,7894,0,zero
4,7902,2056,2057,1,and
4,7903,3628,3629,9,not_xor
4,7904,2246,2247,2,not_implies
4,7905,895,896,5,b
4,7906,7917,7918,15,one
4,7907,4612,4613,3,a
4,7908,1411,1412,2,not_implies
4,7909,3029,3030,15,one
4,7910,7840,7841,4,not_implied_by
4,7911,5074,5075,7,or
4,7912,3395,3396,5,b
4,7913,4595,4596,7,or
4,7914,7087,7088,12,not_a
4,7915,2637,2638,5,b
4,7916,2080,2081,12,not_a
4,7917,1187,1188,12,not_a
4,7918,4795,4796,5,b
4,7919,1914,1915,12,not_a
4,7920,3381,3382,7,or
4,7921,3635,3636,13,implies
4,7922,4430,4431,1,and
4,7923,5251,5252,6,xor
4,7924,3616,3617,10,not_b
4,7925,1392,1393,5,b
4,7926,3740,3741,5,b
4,7927,6307,6308,8,not_or
4,7928,7910,7911,5,b
4,7929,2936,2937,10,not_b
4,7930,1153,1154,12,not_a
4,7931,3701,3702,4,not_implied_by
4,7932,2940,2941,10,not_b
4,7933,3928,3929,0,zero
4,7934,6939,6940,6,xor
4,7935,6972,6973,6,xor
4,7936,1966,1967,7,or
4,7937,2253,2254,7,or
4,7938,5237,5238,12,not_a
4,7939,7664,7665,12,not_a
4,7940,6573,6574,6,xor
4,7941,233,234,5,b
4,7942,5213,5214,5,b
4,7943,2667,2668,1,and
4,7944,3877,3878,3,a
4,7945,6019,6020,1,and
4,7946,1982,1983,6,xor
4,7947,1346,1347,2,not_implies
4,7948,7730,7731,6,xor
4,7949,9,10,12,not_a
4,7950,7067,7068,6,xor
4,7951,1807,1808,9,not_xor
4,7952,463,464,1,and
4,7953,5468,5469,4,not_implied_by
4,7954,6998,6999,7,or
4,7955,1108,1109,0,zero
4,7956,7629,7630,8,not_or
4,7957,3189,3190,15,one
4,7958,4733,4734,2,not_implies
4,7959,5287,5288,2,not_implies
4,7960,3926,3927,10,not_b
4,7961,3124,3125,3,a
4,7962,6540,6541,1,and
4,7963,6282,6283,12,not_a
4,7964,3093,3094,4,not_implied_by
4,7965,4366,4367,11,implied_by
4,7966,4527,4528,4,not_implied_by
4,7967,4196,4197,0,zero
4,7968,5332,5333,10,not_b
4,7969,1738,1739,3,a
4,7970,2683,2684,5,b
4,7971,221,222,14,not_and
4,7972,1767,1768,9,not_xor
4,7973,397,398,5,b
4,7974,5757,5758,9,not_xor
4,7975,7382,7383,10,not_b
4,7976,3836,3837,1,and
4,7977,7534,7535,2,not_implies
4,7978,7800,7801,2,not_implies
4,7979,6090,6091,9,not_xor
4,7980,1067,1068,7,or
4,7981,643,644,11,implied_by
4,7982,5843,5844,1,and
4,7983,5391,5392,5,b
4,7984,6759,6760,7,or
4,7985,2394,2395,1,and
4,7986,3560,3561,7,or
4,7987,5734,5735,10,not_b
4,7988,874,875,4,not_implied_by
4,7989,434,435,10,not_b
4,7990,5682,5683,5,b
4,7991,1850,1851,6,xor
4,7992,491,492,3,a
4,7993,7199,7200,9,not_xor
4,7994,6690,6691,8,not_or
4,7995,6734,6735,11,implied_by
4,7996,5339,5340,12,not_a
4,7997,4368,4369,13,implies
4,7998,5464,5465,5,b
4,7999,2481,2482,14,not_and
5,0,4824,4825,2,not_implies
5,1,7932,7933,15,one
5,2,5695,5696,9,not_xor
5,3,7398,7399,3,a
5,4,1809,1810,1,and
5,5,3846,3847,10,not_b
5,6,3275,3276,1,and
5,7,2338,2339,10,not_b
5,8,6888,6889,0,zero
5,9,3580,3581,6,xor
5,10,6672,6673,15,one
5,11,4990,4991,7,or
5,12,7403,7404,11,implied_by
5,13,1512,1513,0,zero
5,14,6483,6484,15,one
5,15,2789,2790,14,not_and
5,16,4284,4285,2,not_implies
5,17,6660,6661,10,not_b
5,18,6342,6343,3,a
5,19,7984,7985,5,b
5,20,5833,5834,4,not_implied_by
5,21,7526,7527,4,not_implied_by
5,22,7890,7891,4,not_implied_by
5,23,5798,5799,13,implies
5,24,4818,4819,3,a
5,25,4706,4707,4,not_implied_by
5,26,2454,2455,3,a
5,27,6628,6629,10,not_b
5,28,5408,5409,0,zero
5,29,106,107,5,b
5,30,7098,7099,7,or
5,31,5867,5868,6,xor
5,32,1632,1633,10,not_b
5,33,1783,1784,11,implied_by
5,34,3974,3975,7,or
5,35,5275,5276,6,xor
5,36,586,587,9,not_xor
5,37,6584,6585,1,and
5,38,4129,4130,5,b
5,39,4024,4025,7,or
5,40,6307,6308,5,b
5,41,2816,2817,7,or
5,42,3301,3302,15,one
5,43,1946,1947,4,not_implied_by
5,44,7743,7744,3,a
5,45,4510,4511,15,one
5,46,35,36,9,not_xor
5,47,3324,3325,7,or
5,48,6623,6624,5,b
5,49,1876,1877,1,and
5,50,7849,7850,1,and
5,51,3450,3451,10,not_b
5,52,7872,7873,2,not_implies
5,53,3472,3473,4,not_implied_by
5,54,4442,4443,4,not_implied_by
5,55,4790,4791,11,implied_by
5,56,1858,1859,10,not_b
5,57,6032,6033,1,and
5,58,2021,2022,0,zero
5,59,134,135,4,not_implied_by
5,60,3164,3165,1,and
5,61,4083,4084,7,or
5,62,6646,6647,0,zero
5,63,4958,4959,5,b
5,64,1642,1643,15,one
5,65,7910,7911,12,not_a
5,66,828,829,11,implied_by
5,67,6097,6098,11,implied_by
5,68,347,348,15,one
5,69,2732,2733,13,implies
5,70,1056,1057,9,not_xor
5,71,6741,6742,14,not_and
5,72,2766,2767,8,not_or
5,73,503,504,12,not_a
5,74,5225,5226,13,implies
5,75,7023,7024,8,not_or
5,76,3806,3807,1,and
5,77,3921,3922,12,not_a
5,78,1882,1883,4,not_implied_by
5,79,724,725,4,not_implied_by
5,80,349,350,3,a
5,81,6634,6635,7,or
5,82,4724,4725,5,b
5,83,5689,5690,15,one
5,84,4194,4195,5,b
5,85,1780,1781,1,and
5,86,5465,5466,7,or
5,87,3240,3241,2,not_implies
5,88,3644,3645,13,implies
5,89,5861,5862,2,not_implies
5,90,3999,4000,3,a
5,91,614,615,6,xor
5,92,3038,3039,6,xor
5,93,7116,7117,2,not_implies
5,94,4638,4639,8,not_or
5,95,2159,2160,9,not_xor
5,96,2080,2081,7,or
5,97,3675,3676,15,one
5,98,7108,7109,7,or
5,99,6764,6765,9,not_xor
5,100,1930,1931,7,or
5,101,241,242,4,not_implied_by
5,102,6720,6721,0,zero
5,103,217,218,9,not_xor
5,104,4891,4892,3,a
5,105,7498,7499,15,one
5,106,4245,4246,14,not_and
5,107,2762,2763,3,a
5,108,1760,1761,5,b
5,109,4486,4487,5,b
5,110,2155,2156,2,not_implies
5,111,3326,3327,5,b
5,112,3633,3634,6,xor
5,113,7066,7067,2,not_implies
5,114,3132,3133,11,implied_by
5,115,7969,7970,10,not_b
5,116,7072,7073,14,not_and
5,117,394,395,4,not_implied_by
5,118,2849,2850,12,not_a
5,119,2552,2553,10,not_b
5,120,7320,7321,13,implies
5,121,1102,1103,10,not_b
5,122,6477,6478,2,not_implies
5,123,1880,1881,15,one
5,124,264,265,3,a
5,125,3225,3226,3,a
5,126,756,757,13,implies
5,127,3464,3465,3,a
5,128,4410,4411,7,or
5,129,4937,4938,8,not_or
5,130,7624,7625,7,or
5,131,7805,7806,0,zero
5,132,5986,5987,8,not_or
5,133,2033,2034,7,or
5,134,7326,7327,7,or
5,135,1520,1521,3,a
5,136,5204,5205,5,b
5,137,5630,5631,14,not_and
5,138,4805,4806,2,not_implies
5,139,6872,6873,11,implied_by
5,140,2211,2212,6,xor
5,141,3956,3957,9,not_xor
5,142,5369,5370,2,not_implies
5,143,992,993,8,not_or
5,144,4535,4536,10,not_b
5,145,6709,6710,8,not_or
5,146,7823,7824,10,not_b
5,147,1002,1003,13,implies
5,148,4204,4205,10,not_b
5,149,5911,5912,13,implies
5,150,2500,2501,7,or
5,151,534,535,7,or
5,152,5768,5769,3,a
5,153,6611,6612,3,a
5,154,6347,6348,1,and
5,155,1853,1854,8,not_or
5,156,6602,6603,5,b
5,157,2502,2503,11,implied_by
5,158,2501,2502,5,b
5,159,533,534,3,a
5,160,7292,7293,13,implies
5,161,8,9,11,implied_by
5,162,4999,5000,3,a
5,163,6014,6015,6,xor
5,164,3131,3132,5,b
5,165,1759,1760,7,or
5,166,5705,5706,11,implied_by
5,167,4576,4577,13,implies
5,168,7076,7077,14,not_and
5,169,7604,7605,11,implied_by
5,170,6815,6816,8,not_or
5,171,6619,6620,9,not_xor
5,172,7886,7887,8,not_or
5,173,3527,3528,8,not_or
5,174,7059,7060,4,not_implied_by
5,175,4396,4397,15,one
5,176,3878,3879,0,zero
5,177,6997,6998,4,not_implied_by
5,178,5402,5403,11,implied_by
5,179,7861,7862,12,not_a
5,180,4037,4038,15,one
5,181,6419,6420,9,not_xor
5,182,3137,3138,2,not_implies
5,183,7889,7890,12,not_a
5,184,7597,7598,10,not_b
5,185,4690,4691,0,zero
5,186,1268,1269,12,not_a
5,187,7057,7058,9,not_xor
5,188,3091,3092,10,not_b
5,189,3757,3758,9,not_xor
5,190,6202,6203,2,not_implies
5,191,1374,1375,15,one
5,192,6015,6016,6,xor
5,193,643,644,13,implies
5,194,3904,3905,14,not_and
5,195,3798,3799,14,not_and
5,196,3567,3568,12,not_a
5,197,625,626,6,xor
5,198,3267,3268,11,implied_by
5,199,7914,7915,3,a
5,200,7590,7591,15,one
5,201,1601,1602,15,one
5,202,4739,4740,1,and
5,203,7167,7168,7,or
5,204,1368,1369,6,xor
5,205,45,46,1,and
5,206,2928,2929,10,not_b
5,207,2977,2978,10,not_b
5,208,5227,5228,2,not_implies
5,209,4806,4807,12,not_a
5,210,6465,6466,13,implies
5,211,4084,4085,14,not_and
5,212,1738,1739,4,not_implied_by
5,213,2510,2511,2,not_implies
5,214,5471,5472,0,zero
5,215,1811,1812,4,not_implied_by
5,216,1035,1036,2,not_implies
5,217,4621,4622,13,implies
5,218,2280,2281,10,not_b
5,219,532,533,11,implied_by
5,220,2251,2252,10,not_b
5,221,6038,6039,9,not_xor
5,222,4864,4865,8,not_or
5,223,7996,7997,11,implied_by
5,224,4910,4911,5,b
5,225,3214,3215,8,not_or
5,226,11,12,8,not_or
5,227,3899,3900,6,xor
5,228,5769,5770,13,implies
5,229,1317,1318,8,not_or
5,230,1281,1282,2,not_implies
5,231,1776,1777,6,xor
5,232,6968,6969,4,not_implied_by
5,233,2716,2717,12,not_a
5,234,2005,2006,0,zero
5,235,606,607,12,not_a
5,236,518,519,0,zero
5,237,4098,4099,2,not_implies
5,238,509,510,3,a
5,239,3679,3680,7,or
5,240,3716,3717,10,not_b
5,241,6658,6659,3,a
5,242,2040,2041,2,not_implies
5,243,4716,4717,15,one
5,244,609,610,0,zero
5,245,5132,5133,5,b
5,246,7299,7300,7,or
5,247,1476,1477,5,b
5,248,1606,1607,7,or
5,249,7911,7912,7,or
5,250,1903,1904,3,a
5,251,6558,6559,1,and
5,252,3219,3220,3,a
5,253,170,171,7,or
5,254,4659,4660,13,implies
5,255,4792,4793,5,b
5,256,433,434,9,not_xor
5,257,943,944,6,xor
5,258,4523,4524,11,implied_by
5,259,2684,2685,11,implied_by
5,260,1513,1514,11,implied_by
5,261,7943,7944,2,not_implies
5,262,1391,1392,13,implies
5,263,2683,2684,14,not_and
5,264,6588,6589,4,not_implied_by
5,265,3787,3788,3,a
5,266,1522,1523,12,not_a
5,267,3106,3107,10,not_b
5,268,1333,1334,8,not_or
5,269,5267,5268,4,not_implied_by
5,270,5499,5500,9,not_xor
5,271,3721,3722,12,not_a
5,272,3186,3187,3,a
5,273,6103,6104,15,one
5,274,7032,7033,3,a
5,275,4646,4647,12,not_a
5,276,1063,1064,3,a
5,277,679,680,3,a
5,278,5276,5277,0,zero
5,279,2380,2381,13,implies
5,280,5411,5412,8,not_or
5,281,3271,3272,10,not_b
5,282,2687,2688,2,not_implies
5,283,7335,7336,8,not_or
5,284,2124,2125,8,not_or
5,285,7393,7394,13,implies
5,286,3765,3766,6,xor
5,287,6078,6079,0,zero
5,288,3488,3489,10,not_b
5,289,5722,5723,7,or
5,290,2509,2510,15,one
5,291,4068,4069,5,b
5,292,2767,2768,6,xor
5,293,3139,3140,5,b
5,294,206,207,4,not_implied_by
5,295,6861,6862,14,not_and
5,296,3933,3934,6,xor
5,297,3123,3124,4,not_implied_by
5,298,7691,7692,9,not_xor
5,299,3756,3757,2,not_implies
5,300,1272,1273,0,zero
5,301,610,611,11,implied_by
5,302,7447,7448,0,zero
5,303,1384,1385,5,b
5,304,4119,4120,6,xor
5,305,7047,7048,3,a
5,306,5528,5529,3,a
5,307,1365,1366,14,not_and
5,308,5364,5365,5,b
5,309,3995,3996,10,not_b
5,310,5592,5593,6,xor
5,311,3643,3644,15,one
5,312,65,66,9,not_xor
5,313,317,318,4,not_implied_by
5,314,721,722,8,not_or
5,315,6162,6163,11,implied_by
5,316,5972,5973,0,zero
5,317,4537,4538,3,a
5,318,3067,3068,8,not_or
5,319,1117,1118,0,zero
5,320,6751,6752,15,one
5,321,738,739,10,not_b
5,322,5704,5705,13,implies
5,323,1103,1104,12,not_a
5,324,6636,6637,10,not_b
5,325,3343,3344,6,xor
5,326,5957,5958,6,xor
5,327,6212,6213,14,not_and
5,328,5467,5468,5,b
5,329,3265,3266,10,not_b
5,330,7087,7088,15,one
5,331,5870,5871,2,not_implies
5,332,7826,7827,12,not_a
5,333,1677,1678,5,b
5,334,896,897,11,implied_by
5,335,1176,1177,0,zero
5,336,7140,7141,10,not_b
5,337,1322,1323,10,not_b
5,338,4698,4699,1,and
5,339,1467,1468,1,and
5,340,2798,2799,4,not_implied_by
5,341,6082,6083,15,one
5,342,7456,7457,11,implied_by
5,343,4237,4238,2,not_implies
5,344,378,379,5,b
5,345,276,277,15,one
5,346,1047,1048,12,not_a
5,347,6006,6007,12,not_a
5,348,6673,6674,14,not_and
5,349,3484,3485,4,not_implied_by
5,350,4412,4413,15,one
5,351,4832,4833,3,a
5,352,3848,3849,5,b
5,353,7531,7532,15,one
5,354,6530,6531,2,not_implies
5,355,1982,1983,9,not_xor
5,356,3136,3137,8,not_or
5,357,302,303,9,not_xor
5,358,4863,4864,10,not_b
5,359,7481,7482,1,and
5,360,4320,4321,0,zero
5,361,1494,1495,12,not_a
5,362,6197,6198,2,not_implies
5,363,783,784,15,one
5,364,4418,4419,3,a
5,365,1813,1814,15,one
5,366,2562,2563,12,not_a
5,367,830,831,11,implied_by
5,368,3287,3288,10,not_b
5,369,7350,7351,12,not_a
5,370,4212,4213,14,not_and
5,371,2217,2218,4,not_implied_by
5,372,1287,1288,5,b
5,373,146,147,5,b
5,374,6266,6267,2,not_implies
5,375,4916,4917,11,implied_by
5,376,6661,6662,13,implies
5,377,1023,1024,3,a
5,378,6425,6426,3,a
5,379,7903,7904,3,a
5,380,6935,6936,5,b
5,381,5742,5743,2,not_implies
5,382,260,261,15,one
5,383,5002,5003,15,one
5,384,262,263,8,not_or
5,385,6126,6127,1,and
5,386,3902,3903,12,not_a
5,387,6753,6754,12,not_a
5,388,2466,2467,10,not_b
5,389,4747,4748,7,or
5,390,2176,2177,13,implies
5,391,4417,4418,2,not_implies
5,392,1009,1010,11,implied_by
5,393,5717,5718,8,not_or
5,394,7055,7056,10,not_b
5,395,1847,1848,12,not_a
5,396,7314,7315,2,not_implies
5,397,5040,5041,12,not_a
5,398,2497,2498,0,zero
5,399,1010,1011,5,b
5,400,60,61,15,one
5,401,3124,3125,5,b
5,402,4655,4656,5,b
5,403,6679,6680,3,a
5,404,2025,2026,4,not_implied_by
5,405,1829,1830,2,not_implies
5,406,3205,3206,10,not_b
5,407,7545,7546,15,one
5,408,3843,3844,11,implied_by
5,409,73,74,7,or
5,410,4683,4684,9,not_xor
5,411,2472,2473,1,and
5,412,512,513,11,implied_by
5,413,4146,4147,3,a
5,414,5727,5728,6,xor
5,415,7589,7590,2,not_implies
5,416,6016,6017,1,and
5,417,5990,5991,0,zero
5,418,2746,2747,5,b
5,419,1998,1999,5,b
5,420,224,225,1,and
5,421,3179,3180,2,not_implies
5,422,2194,2195,9,not_xor
5,423,6514,6515,11,implied_by
5,424,2596,2597,14,not_and
5,425,4307,4308,11,implied_by
5,426,4097,4098,0,zero
5,427,7284,7285,4,not_implied_by
5,428,1613,1614,5,b
5,429,670,671,8,not_or
5,430,5434,5435,9,not_xor
5,431,7296,7297,2,not_implies
5,432,3983,3984,10,not_b
5,433,4104,4105,0,zero
5,434,5577,5578,6,xor
5,435,94,95,12,not_a
5,436,325,326,7,or
5,437,660,661,2,not_implies
5,438,266,267,3,a
5,439,1037,1038,6,xor
5,440,4774,4775,11,implied_by
5,441,7756,7757,1,and
5,442,5463,5464,10,not_b
5,443,4953,4954,11,implied_by
5,444,6503,6504,13,implies
5,445,6026,6027,2,not_implies
5,446,4977,4978,10,not_b
5,447,6803,6804,1,and
5,448,2474,2475,2,not_implies
5,449,4438,4439,6,xor
5,450,6816,6817,12,not_a
5,451,2685,2686,2,not_implies
5,452,7019,7020,15,one
5,453,3739,3740,1,and
5,454,6345,6346,5,b
5,455,2106,2107,14,not_and
5,456,6218,6219,11,implied_by
5,457,5509,5510,3,a
5,458,1319,1320,12,not_a
5,459,5180,5181,11,implied_by
5,460,2711,2712,15,one
5,461,6421,6422,4,not_implied_by
5,462,4768,4769,6,xor
5,463,5557,5558,9,not_xor
5,464,4502,4503,10,not_b
5,465,6063,6064,10,not_b
5,466,1192,1193,10,not_b
5,467,573,574,9,not_xor
5,468,4598,4599,3,a
5,469,5515,5516,11,implied_by
5,470,3069,3070,13,implies
5,471,7242,7243,6,xor
5,472,7322,7323,13,implies
5,473,2131,2132,3,a
5,474,6982,6983,2,not_implies
5,475,5789,5790,8,not_or
5,476,7236,7237,8,not_or
5,477,1543,1544,3,a
5,478,7973,7974,6,xor
5,479,6967,6968,1,and
5,480,6135,6136,14,not_and
5,481,5030,5031,6,xor
5,482,6926,6927,13,implies
5,483,7,8,7,or
5,484,5037,5038,9,not_xor
5,485,4480,4481,7,or
5,486,3905,3906,10,not_b
5,487,6211,6212,0,zero
5,488,4224,4225,1,and
5,489,7237,7238,5,b
5,490,7866,7867,0,zero
5,491,1129,1130,10,not_b
5,492,1247,1248,5,b
5,493,1455,1456,15,one
5,494,3828,3829,8,not_or
5,495,7260,7261,3,a
5,496,4004,4005,6,xor
5,497,6178,6179,15,one
5,498,2971,2972,9,not_xor
5,499,557,558,3,a
5,500,363,364,10,not_b
5,501,4965,4966,10,not_b
5,502,7831,7832,6,xor
5,503,6635,6636,10,not_b
5,504,4822,4823,0,zero
5,505,4048,4049,1,and
5,506,7252,7253,3,a
5,507,2059,2060,2,not_implies
5,508,7397,7398,0,zero
5,509,4723,4724,4,not_implied_by
5,510,1781,1782,4,not_implied_by
5,511,548,549,5,b
5,512,1130,1131,9,not_xor
5,513,7961,7962,5,b
5,514,3469,3470,2,not_implies
5,515,6763,6764,10,not_b
5,516,5739,5740,14,not_and
5,517,3074,3075,4,not_implied_by
5,518,452,453,12,not_a
5,519,4820,4821,11,implied_by
5,520,4158,4159,12,not_a
5,521,4474,4475,3,a
5,522,6622,6623,10,not_b
5,523,3864,3865,1,and
5,524,5416,5417,12,not_a
5,525,4946,4947,9,not_xor
5,526,147,148,6,xor
5,527,3187,3188,8,not_or
5,528,3884,3885,11,implied_by
5,529,6829,6830,1,and
5,530,3689,3690,4,not_implied_by
5,531,7623,7624,10,not_b
5,532,3114,3115,7,or
5,533,155,156,5,b
5,534,3374,3375,12,not_a
5,535,5968,5969,3,a
5,536,1578,1579,10,not_b
5,537,1108,1109,15,one
5,538,4478,4479,4,not_implied_by
5,539,1953,1954,12,not_a
5,540,3772,3773,15,one
5,541,7209,7210,0,zero
5,542,3793,3794,6,xor
5,543,7568,7569,0,zero
5,544,4321,4322,11,implied_by
5,545,273,274,12,not_a
5,546,6524,6525,9,not_xor
5,547,5158,5159,5,b
5,548,2940,2941,13,implies
5,549,3247,3248,10,not_b
5,550,3948,3949,0,zero
5,551,1327,1328,4,not_implied_by
5,552,762,763,7,or
5,553,3525,3526,3,a
5,554,3155,3156,13,implies
5,555,6051,6052,12,not_a
5,556,6859,6860,9,not_xor
5,557,5805,5806,12,not_a
5,558,3047,3048,1,and
5,559,5498,5499,12,not_a
5,560,2618,2619,8,not_or
5,561,4771,4772,12,not_a
5,562,1262,1263,9,not_xor
5,563,5987,5988,13,implies
5,564,2031,2032,5,b
5,565,5397,5398,12,not_a
5,566,5912,5913,12,not_a
5,567,561,562,0,zero
5,568,3935,3936,3,a
5,569,4582,4583,13,implies
5,570,1834,1835,5,b
5,571,4882,4883,15,one
5,572,5445,5446,7,or
5,573,4007,4008,11,implied_by
5,574,2415,2416,1,and
5,575,4069,4070,5,b
5,576,4445,4446,5,b
5,577,3812,3813,14,not_and
5,578,2173,2174,12,not_a
5,579,4986,4987,4,not_implied_by
5,580,4013,4014,5,b
5,581,4384,4385,0,zero
5,582,2573,2574,12,not_a
5,583,1020,1021,11,implied_by
5,584,3810,3811,7,or
5,585,6214,6215,7,or
5,586,7336,7337,7,or
5,587,6831,6832,14,not_and
5,588,3642,3643,2,not_implies
5,589,545,546,4,not_implied_by
5,590,4847,4848,10,not_b
5,591,1721,1722,10,not_b
5,592,4809,4810,15,one
5,593,2979,2980,7,or
5,594,3782,3783,8,not_or
5,595,1483,1484,14,not_and
5,596,7258,7259,12,not_a
5,597,2611,2612,3,a
5,598,2662,2663,3,a
5,599,6284,6285,5,b
5,600,6357,6358,5,b
5,601,1295,1296,12,not_a
5,602,7745,7746,5,b
5,603,1843,1844,1,and
5,604,2242,2243,12,not_a
5,605,1723,1724,1,and
5,606,2150,2151,0,zero
5,607,1416,1417,0,zero
5,608,6478,6479,7,or
5,609,7402,7403,15,one
5,610,3909,3910,8,not_or
5,611,7172,7173,2,not_implies
5,612,4074,4075,2,not_implies
5,613,5422,5423,12,not_a
5,614,1141,1142,2,not_implies
5,615,1341,1342,7,or
5,616,2453,2454,4,not_implied_by
5,617,1899,1900,12,not_a
5,618,3402,3403,3,a
5,619,4997,4998,9,not_xor
5,620,7293,7294,8,not_or
5,621,7294,7295,4,not_implied_by
5,622,5741,5742,5,b
5,623,244,245,15,one
5,624,7626,7627,7,or
5,625,1491,1492,1,and
5,626,6581,6582,1,and
5,627,7697,7698,2,not_implies
5,628,4036,4037,7,or
5,629,5477,5478,3,a
5,630,6253,6254,1,and
5,631,3118,3119,4,not_implied_by
5,632,5128,5129,6,xor
5,633,2884,2885,8,not_or
5,634,2828,2829,0,zero
5,635,4898,4899,6,xor
5,636,5663,5664,13,implies
5,637,6953,6954,4,not_implied_by
5,638,5305,5306,5,b
5,639,3330,3331,0,zero
5,640,6616,6617,14,not_and
5,641,6590,6591,11,implied_by
5,642,1157,1158,3,a
5,643,3510,3511,13,implies
5,644,919,920,1,and
5,645,6663,6664,15,one
5,646,1517,1518,8,not_or
5,647,1932,1933,5,b
5,648,6840,6841,7,or
5,649,3204,3205,11,implied_by
5,650,115,116,10,not_b
5,651,2499,2500,3,a
5,652,3269,3270,3,a
5,653,6841,6842,10,not_b
5,654,3570,3571,9,not_xor
5,655,1937,1938,8,not_or
5,656,2508,2509,13,implies
5,657,2284,2285,4,not_implied_by
5,658,3159,3160,6,xor
5,659,6714,6715,10,not_b
5,660,1755,1756,14,not_and
5,661,2980,2981,10,not_b
5,662,4955,4956,5,b
5,663,2951,2952,8,not_or
5,664,4303,4304,5,b
5,665,5307,5308,12,not_a
5,666,5765,5766,6,xor
5,667,7413,7414,11,implied_by
5,668,7373,7374,13,implies
5,669,4348,4349,10,not_b
5,670,3429,3430,13,implies
5,671,3377,3378,13,implies
5,672,2526,2527,6,xor
5,673,7664,7665,5,b
5,674,2339,2340,12,not_a
5,675,373,374,14,not_and
5,676,7450,7451,5,b
5,677,7841,7842,14,not_and
5,678,2648,2649,6,xor
5,679,7038,7039,10,not_b
5,680,7337,7338,10,not_b
5,681,5613,5614,0,zero
5,682,915,916,13,implies
5,683,5047,5048,4,not_implied_by
5,684,3833,3834,4,not_implied_by
5,685,3199,3200,9,not_xor
5,686,7587,7588,10,not_b
5,687,1928,1929,7,or
5,688,6461,6462,12,not_a
5,689,6867,6868,6,xor
5,690,2643,2644,12,not_a
5,691,1440,1441,11,implied_by
5,692,2246,2247,14,not_and
5,693,2930,2931,13,implies
5,694,1488,1489,10,not_b
5,695,6538,6539,12,not_a
5,696,4228,4229,3,a
5,697,1646,1647,10,not_b
5,698,1942,1943,15,one
5,699,7493,7494,11,implied_by
5,700,6724,6725,4,not_implied_by
5,701,1264,1265,5,b
5,702,1418,1419,12,not_a
5,703,4514,4515,6,xor
5,704,6962,6963,13,implies
5,705,2565,2566,1,and
5,706,6044,6045,14,not_and
5,707,2897,2898,5,b
5,708,7363,7364,12,not_a
5,709,7175,7176,10,not_b
5,710,7221,7222,15,one
5,711,3887,3888,12,not_a
5,712,7444,7445,3,a
5,713,1761,1762,1,and
5,714,5648,5649,14,not_and
5,715,3735,3736,5,b
5,716,987,988,9,not_xor
5,717,1132,1133,7,or
5,718,3207,3208,11,implied_by
5,719,6019,6020,10,not_b
5,720,3295,3296,9,not_xor
5,721,1099,1100,2,not_implies
5,722,7959,7960,8,not_or
5,723,3763,3764,1,and
5,724,1152,1153,9,not_xor
5,725,6603,6604,10,not_b
5,726,2206,2207,10,not_b
5,727,4973,4974,9,not_xor
5,728,6757,6758,10,not_b
5,729,4111,4112,15,one
5,730,4427,4428,6,xor
5,731,1585,1586,15,one
5,732,5071,5072,8,not_or
5,733,705,706,10,not_b
5,734,2713,2714,2,not_implies
5,735,7937,7938,6,xor
5,736,7058,7059,14,not_and
5,737,5068,5069,13,implies
5,738,6313,6314,1,and
5,739,822,823,10,not_b
5,740,5179,5180,2,not_implies
5,741,7836,7837,4,not_implied_by
5,742,7569,7570,15,one
5,743,6534,6535,12,not_a
5,744,3894,3895,0,zero
5,745,5341,5342,3,a
5,746,1831,1832,6,xor
5,747,2825,2826,5,b
5,748,5339,5340,3,a
5,749,2379,2380,2,not_implies
5,750,7437,7438,7,or
5,751,2560,2561,14,not_and
5,752,2843,2844,13,implies
5,753,5668,5669,0,zero
5,754,6515,6516,5,b
5,755,2523,2524,14,not_and
5,756,997,998,0,zero
5,757,5872,5873,5,b
5,758,1072,1073,0,zero
5,759,2019,2020,0,zero
5,760,1026,1027,11,implied_by
5,761,5184,5185,10,not_b
5,762,5025,5026,2,not_implies
5,763,4681,4682,7,or
5,764,5123,5124,7,or
5,765,5801,5802,11,implied_by
5,766,5737,5738,7,or
5,767,4573,4574,3,a
5,768,5674,5675,14,not_and
5,769,4855,4856,8,not_or
5,770,1465,1466,1,and
5,771,1824,1825,3,a
5,772,2027,2028,5,b
5,773,2234,2235,3,a
5,774,2162,2163,6,xor
5,775,7711,7712,5,b
5,776,6206,6207,0,zero
5,777,5510,5511,1,and
5,778,2894,2895,0,zero
5,779,2428,2429,12,not_a
5,780,3266,3267,4,not_implied_by
5,781,7068,7069,0,zero
5,782,665,666,3,a
5,783,2319,2320,11,implied_by
5,784,6842,6843,6,xor
5,785,6230,6231,15,one
5,786,2949,2950,9,not_xor
5,787,1419,1420,13,implies
5,788,2012,2013,8,not_or
5,789,1583,1584,2,not_implies
5,790,7089,7090,5,b
5,791,4470,4471,5,b
5,792,3851,3852,13,implies
5,793,5939,5940,12,not_a
5,794,3513,3514,15,one
5,795,569,570,10,not_b
5,796,1283,1284,4,not_implied_by
5,797,3874,3875,3,a
5,798,6261,6262,2,not_implies
5,799,6341,6342,9,not_xor
5,800,7362,7363,10,not_b
5,801,3098,3099,7,or
5,802,1568,1569,3,a
5,803,6769,6770,11,implied_by
5,804,7199,7200,6,xor
5,805,4240,4241,10,not_b
5,806,1554,1555,1,and
5,807,4026,4027,12,not_a
5,808,436,437,1,and
5,809,4001,4002,3,a
5,810,1146,1147,12,not_a
5,811,5940,5941,10,not_b
5,812,1347,1348,12,not_a
5,813,620,621,12,not_a
5,814,3991,3992,11,implied_by
5,815,1775,1776,11,implied_by
5,816,4897,4898,1,and
5,817,7142,7143,0,zero
5,818,5738,5739,13,implies
5,819,2586,2587,11,implied_by
5,820,7827,7828,3,a
5,821,764,765,0,zero
5,822,4828,4829,7,or
5,823,2990,2991,5,b
5,824,5101,5102,15,one
5,825,7735,7736,1,and
5,826,305,306,4,not_implied_by
5,827,4533,4534,14,not_and
5,828,6708,6709,8,not_or
5,829,666,667,10,not_b
5,830,1388,1389,4,not_implied_by
5,831,5853,5854,0,zero
5,832,5902,5903,11,implied_by
5,833,4065,4066,15,one
5,834,3135,3136,15,one
5,835,6570,6571,5,b
5,836,2822,2823,13,implies
5,837,5871,5872,1,and
5,838,5714,5715,4,not_implied_by
5,839,6145,6146,12,not_a
5,840,3821,3822,3,a
5,841,1075,1076,0,zero
5,842,4963,4964,4,not_implied_by
5,843,7558,7559,15,one
5,844,2626,2627,12,not_a
5,845,3354,3355,3,a
5,846,6289,6290,1,and
5,847,7725,7726,5,b
5,848,1716,1717,0,zero
5,849,700,701,7,or
5,850,4996,4997,14,not_and
5,851,7269,7270,10,not_b
5,852,4680,4681,6,xor
5,853,2039,2040,3,a
5,854,3572,3573,11,implied_by
5,855,3623,3624,7,or
5,856,187,188,0,zero
5,857,4031,4032,7,or
5,858,481,482,10,not_b
5,859,3839,3840,11,implied_by
5,860,52,53,9,not_xor
5,861,56,57,15,one
5,862,7331,7332,10,not_b
5,863,3306,3307,11,implied_by
5,864,903,904,2,not_implies
5,865,3386,3387,3,a
5,866,3060,3061,14,not_and
5,867,6151,6152,6,xor
5,868,5956,5957,3,a
5,869,1901,1902,2,not_implies
5,870,7093,7094,15,one
5,871,427,428,6,xor
5,872,236,237,13,implies
5,873,3734,3735,3,a
5,874,4981,4982,9,not_xor
5,875,62,63,10,not_b
5,876,3487,3488,0,zero
5,877,5087,5088,5,b
5,878,5543,5544,3,a
5,879,6458,6459,15,one
5,880,1567,1568,15,one
5,881,5,6,5,b
5,882,1228,1229,13,implies
5,883,3522,3523,0,zero
5,884,6349,6350,7,or
5,885,4515,4516,10,not_b
5,886,6705,6706,12,not_a
5,887,3587,3588,8,not_or
5,888,3880,3881,4,not_implied_by
5,889,3743,3744,11,implied_by
5,890,4836,4837,15,one
5,891,6169,6170,3,a
5,892,766,767,4,not_implied_by
5,893,5437,5438,6,xor
5,894,6386,6387,2,not_implies
5,895,1722,1723,1,and
5,896,4765,4766,10,not_b
5,897,3281,3282,7,or
5,898,1848,1849,5,b
5,899,1474,1475,1,and
5,900,6093,6094,8,not_or
5,901,1768,1769,11,implied_by
5,902,3168,3169,14,not_and
5,903,405,406,8,not_or
5,904,5916,5917,12,not_a
5,905,3351,3352,7,or
5,906,2697,2698,5,b
5,907,6171,6172,15,one
5,908,1356,1357,6,xor
5,909,3216,3217,14,not_and
5,910,5312,5313,6,xor
5,911,1691,1692,3,a
5,912,1183,1184,9,not_xor
5,913,1962,1963,13,implies
5,914,2164,2165,10,not_b
5,915,4056,4057,9,not_xor
5,916,6657,6658,3,a
5,917,7318,7319,10,not_b
5,918,1169,1170,12,not_a
5,919,2910,2911,10,not_b
5,920,5292,5293,15,one
5,921,3534,3535,6,xor
5,922,2274,2275,3,a
5,923,6626,6627,4,not_implied_by
5,924,893,894,7,or
5,925,4448,4449,13,implies
5,926,795,796,5,b
5,927,2609,2610,4,not_implied_by
5,928,6417,6418,13,implies
5,929,4218,4219,9,not_xor
5,930,1282,1283,2,not_implies
5,931,1637,1638,6,xor
5,932,1628,1629,14,not_and
5,933,7424,7425,3,a
5,934,1842,1843,11,implied_by
5,935,2614,2615,1,and
5,936,5078,5079,0,zero
5,937,2158,2159,15,one
5,938,2451,2452,11,implied_by
5,939,6240,6241,4,not_implied_by
5,940,19,20,6,xor
5,941,1267,1268,3,a
5,942,3830,3831,6,xor
5,943,7778,7779,9,not_xor
5,944,3625,3626,6,xor
5,945,5589,5590,6,xor
5,946,3770,3771,10,not_b
5,947,5570,5571,8,not_or
5,948,3373,3374,13,implies
5,949,6142,6143,0,zero
5,950,5665,5666,2,not_implies
5,951,1728,1729,10,not_b
5,952,7698,7699,12,not_a
5,953,5421,5422,10,not_b
5,954,6290,6291,1,and
5,955,4823,4824,7,or
5,956,6246,6247,6,xor
5,957,3645,3646,8,not_or
5,958,7948,7949,12,not_a
5,959,1890,1891,15,one
5,960,1689,1690,0,zero
5,961,2908,2909,5,b
5,962,1257,1258,7,or
5,963,678,679,5,b
5,964,6380,6381,10,not_b
5,965,285,286,10,not_b
5,966,935,936,10,not_b
5,967,3760,3761,2,not_implies
5,968,6487,6488,10,not_b
5,969,5039,5040,11,implied_by
5,970,7430,7431,7,or
5,971,7966,7967,2,not_implies
5,972,5636,5637,3,a
5,973,6209,6210,6,xor
5,974,5703,5704,11,implied_by
5,975,3788,3789,15,one
5,976,1981,1982,13,implies
5,977,7633,7634,10,not_b
5,978,3658,3659,2,not_implies
5,979,3075,3076,11,implied_by
5,980,127,128,4,not_implied_by
5,981,2778,2779,7,or
5,982,2850,2851,7,or
5,983,3781,3782,0,zero
5,984,2253,2254,0,zero
5,985,4943,4944,4,not_implied_by
5,986,4980,4981,4,not_implied_by
5,987,7637,7638,5,b
5,988,4458,4459,14,not_and
5,989,4735,4736,6,xor
5,990,4060,4061,1,and
5,991,1572,1573,14,not_and
5,992,7636,7637,15,one
5,993,4877,4878,6,xor
5,994,2986,2987,1,and
5,995,6149,6150,9,not_xor
5,996,4189,4190,15,one
5,997,7145,7146,15,one
5,998,4409,4410,1,and
5,999,7323,7324,9,not_xor
5,1000,5089,5090,12,not_a
5,1001,4878,4879,3,a
5,1002,4301,4302,14,not_and
5,1003,6548,6549,9,not_xor
5,1004,7520,7521,11,implied_by
5,1005,7239,7240,12,not_a
5,1006,293,294,6,xor
5,1007,4850,4851,10,not_b
5,1008,343,344,3,a
5,1009,5253,5254,10,not_b
5,1010,7308,7309,4,not_implied_by
5,1011,1551,1552,5,b
5,1012,4644,4645,2,not_implies
5,1013,6834,6835,9,not_xor
5,1014,5206,5207,12,not_a
5,1015,6412,6413,11,implied_by
5,1016,6352,6353,15,one
5,1017,7638,7639,12,not_a
5,1018,2227,2228,11,implied_by
5,1019,169,170,0,zero
5,1020,2877,2878,5,b
5,1021,2041,2042,12,not_a
5,1022,1717,1718,10,not_b
5,1023,2814,2815,12,not_a
5,1024,4569,4570,5,b
5,1025,2747,2748,13,implies
5,1026,4285,4286,12,not_a
5,1027,2595,2596,12,not_a
5,1028,4966,4967,5,b
5,1029,3945,3946,9,not_xor
5,1030,1650,1651,1,and
5,1031,979,980,5,b
5,1032,975,976,11,implied_by
5,1033,7484,7485,3,a
5,1034,1325,1326,4,not_implied_by
5,1035,1956,1957,13,implies
5,1036,1774,1775,6,xor
5,1037,38,39,5,b
5,1038,1269,1270,9,not_xor
5,1039,1131,1132,3,a
5,1040,7755,7756,11,implied_by
5,1041,4202,4203,1,and
5,1042,2944,2945,10,not_b
5,1043,833,834,5,b
5,1044,2424,2425,10,not_b
5,1045,5946,5947,10,not_b
5,1046,881,882,15,one
5,1047,2610,2611,8,not_or
5,1048,986,987,10,not_b
5,1049,281,282,13,implies
5,1050,3220,3221,7,or
5,1051,2720,2721,8,not_or
5,1052,1919,1920,2,not_implies
5,1053,3149,3150,6,xor
5,1054,7851,7852,13,implies
5,1055,5137,5138,8,not_or
5,1056,5749,5750,1,and
5,1057,6395,6396,14,not_and
5,1058,3738,3739,2,not_implies
5,1059,1916,1917,4,not_implied_by
5,1060,6987,6988,15,one
5,1061,7212,7213,14,not_and
5,1062,2791,2792,11,implied_by
5,1063,4326,4327,10,not_b
5,1064,2241,2242,2,not_implies
5,1065,5316,5317,5,b
5,1066,2102,2103,3,a
5,1067,2057,2058,1,and
5,1068,2357,2358,9,not_xor
5,1069,4580,4581,12,not_a
5,1070,6280,6281,3,a
5,1071,699,700,1,and
5,1072,4678,4679,15,one
5,1073,1729,1730,2,not_implies
5,1074,6999,7000,12,not_a
5,1075,2976,2977,0,zero
5,1076,177,178,12,not_a
5,1077,656,657,5,b
5,1078,3034,3035,15,one
5,1079,4552,4553,10,not_b
5,1080,5706,5707,3,a
5,1081,2346,2347,11,implied_by
5,1082,4443,4444,7,or
5,1083,3766,3767,1,and
5,1084,2620,2621,3,a
5,1085,955,956,11,implied_by
5,1086,7942,7943,7,or
5,1087,7965,7966,15,one
5,1088,2132,2133,13,implies
5,1089,6721,6722,10,not_b
5,1090,2435,2436,12,not_a
5,1091,3778,3779,8,not_or
5,1092,5164,5165,12,not_a
5,1093,7537,7538,0,zero
5,1094,799,800,1,and
5,1095,5157,5158,7,or
5,1096,5687,5688,13,implies
5,1097,1227,1228,8,not_or
5,1098,5440,5441,14,not_and
5,1099,1312,1313,14,not_and
5,1100,7457,7458,8,not_or
5,1101,4469,4470,7,or
5,1102,1403,1404,1,and
5,1103,6371,6372,7,or
5,1104,5943,5944,7,or
5,1105,1460,1461,11,implied_by
5,1106,4971,4972,2,not_implies
5,1107,2756,2757,1,and
5,1108,6041,6042,3,a
5,1109,2880,2881,4,not_implied_by
5,1110,6237,6238,8,not_or
5,1111,2737,2738,15,one
5,1112,988,989,3,a
5,1113,2101,2102,5,b
5,1114,7723,7724,14,not_and
5,1115,2574,2575,2,not_implies
5,1116,4810,4811,13,implies
5,1117,6340,6341,4,not_implied_by
5,1118,1435,1436,10,not_b
5,1119,2151,2152,5,b
5,1120,5686,5687,13,implies
5,1121,5607,5608,11,implied_by
5,1122,1342,1343,6,xor
5,1123,7817,7818,4,not_implied_by
5,1124,7054,7055,7,or
5,1125,874,875,10,not_b
5,1126,6905,6906,0,zero
5,1127,4653,4654,15,one
5,1128,3503,3504,1,and
5,1129,2172,2173,2,not_implies
5,1130,4021,4022,0,zero
5,1131,1588,1589,3,a
5,1132,1896,1897,2,not_implies
5,1133,7671,7672,12,not_a
5,1134,4505,4506,9,not_xor
5,1135,2656,2657,3,a
5,1136,3599,3600,15,one
5,1137,6671,6672,10,not_b
5,1138,5496,5497,13,implies
5,1139,1888,1889,5,b
5,1140,3352,3353,1,and
5,1141,875,876,10,not_b
5,1142,1229,1230,4,not_implied_by
5,1143,3586,3587,11,implied_by
5,1144,1828,1829,10,not_b
5,1145,1881,1882,13,implies
5,1146,5188,5189,5,b
5,1147,7310,7311,0,zero
5,1148,4322,4323,6,xor
5,1149,6027,6028,2,not_implies
5,1150,5005,5006,10,not_b
5,1151,2542,2543,5,b
5,1152,1125,1126,6,xor
5,1153,4018,4019,13,implies
5,1154,3499,3500,6,xor
5,1155,7703,7704,3,a
5,1156,7165,7166,6,xor
5,1157,6,7,4,not_implied_by
5,1158,3792,3793,10,not_b
5,1159,1705,1706,12,not_a
5,1160,4874,4875,0,zero
5,1161,910,911,5,b
5,1162,7935,7936,12,not_a
5,1163,5019,5020,1,and
5,1164,3730,3731,8,not_or
5,1165,7035,7036,6,xor
5,1166,2790,2791,6,xor
5,1167,5145,5146,10,not_b
5,1168,2985,2986,12,not_a
5,1169,1346,1347,6,xor
5,1170,5575,5576,3,a
5,1171,1144,1145,4,not_implied_by
5,1172,7931,7932,1,and
5,1173,777,778,3,a
5,1174,500,501,0,zero
5,1175,4428,4429,7,or
5,1176,5962,5963,10,not_b
5,1177,4785,4786,8,not_or
5,1178,4112,4113,2,not_implies
5,1179,7713,7714,15,one
5,1180,7208,7209,12,not_a
5,1181,4657,4658,7,or
5,1182,2965,2966,11,implied_by
5,1183,95,96,13,implies
5,1184,3446,3447,13,implies
5,1185,5883,5884,2,not_implies
5,1186,7263,7264,10,not_b
5,1187,7355,7356,10,not_b
5,1188,5578,5579,12,not_a
5,1189,1752,1753,9,not_xor
5,1190,6436,6437,3,a
5,1191,1574,1575,12,not_a
5,1192,636,637,12,not_a
5,1193,1893,1894,3,a
5,1194,3604,3605,1,and
5,1195,868,869,7,or
5,1196,772,773,9,not_xor
5,1197,6267,6268,1,and
5,1198,1664,1665,12,not_a
5,1199,1303,1304,0,zero
5,1200,2007,2008,4,not_implied_by
5,1201,1280,1281,10,not_b
5,1202,51,52,14,not_and
5,1203,1145,1146,15,one
5,1204,3705,3706,1,and
5,1205,1739,1740,13,implies
5,1206,6958,6959,10,not_b
5,1207,3460,3461,11,implied_by
5,1208,6735,6736,4,not_implied_by
5,1209,6403,6404,7,or
5,1210,1359,1360,11,implied_by
5,1211,5191,5192,1,and
5,1212,6540,6541,5,b
5,1213,3146,3147,9,not_xor
5,1214,7884,7885,2,not_implies
5,1215,621,622,10,not_b
5,1216,3107,3108,10,not_b
5,1217,5792,5793,8,not_or
5,1218,6908,6909,10,not_b
5,1219,7285,7286,9,not_xor
5,1220,5983,5984,0,zero
5,1221,24,25,1,and
5,1222,3200,3201,7,or
5,1223,7272,7273,15,one
5,1224,7656,7657,10,not_b
5,1225,6292,6293,0,zero
5,1226,5470,5471,12,not_a
5,1227,694,695,4,not_implied_by
5,1228,2584,2585,8,not_or
5,1229,7731,7732,1,and
5,1230,1208,1209,8,not_or
5,1231,2772,2773,3,a
5,1232,1405,1406,4,not_implied_by
5,1233,107,108,7,or
5,1234,4918,4919,15,one
5,1235,5175,5176,7,or
5,1236,357,358,3,a
5,1237,3783,3784,0,zero
5,1238,852,853,13,implies
5,1239,7904,7905,9,not_xor
5,1240,6252,6253,14,not_and
5,1241,1390,1391,12,not_a
5,1242,736,737,15,one
5,1243,7813,7814,10,not_b
5,1244,4668,4669,9,not_xor
5,1245,2864,2865,4,not_implied_by
5,1246,7766,7767,3,a
5,1247,7048,7049,2,not_implies
5,1248,3640,3641,14,not_and
5,1249,522,523,11,implied_by
5,1250,2517,2518,14,not_and
5,1251,5020,5021,4,not_implied_by
5,1252,840,841,10,not_b
5,1253,6394,6395,12,not_a
5,1254,1266,1267,3,a
5,1255,1710,1711,3,a
5,1256,773,774,9,not_xor
5,1257,6234,6235,15,one
5,1258,7459,7460,7,or
5,1259,2303,2304,6,xor
5,1260,4813,4814,6,xor
5,1261,4311,4312,2,not_implies
5,1262,3119,3120,4,not_implied_by
5,1263,7532,7533,12,not_a
5,1264,3582,3583,3,a
5,1265,4539,4540,0,zero
5,1266,2953,2954,3,a
5,1267,2821,2822,5,b
5,1268,1140,1141,3,a
5,1269,1261,1262,11,implied_by
5,1270,3272,3273,6,xor
5,1271,5250,5251,14,not_and
5,1272,4432,4433,15,one
5,1273,4310,4311,7,or
5,1274,4738,4739,15,one
5,1275,3741,3742,13,implies
5,1276,6821,6822,0,zero
5,1277,4522,4523,1,and
5,1278,7502,7503,10,not_b
5,1279,1580,1581,0,zero
5,1280,6335,6336,13,implies
5,1281,6467,6468,9,not_xor
5,1282,1187,1188,1,and
5,1283,4888,4889,5,b
5,1284,1750,1751,12,not_a
5,1285,6369,6370,8,not_or
5,1286,6685,6686,4,not_implied_by
5,1287,6613,6614,15,one
5,1288,4477,4478,10,not_b
5,1289,335,336,9,not_xor
5,1290,1087,1088,13,implies
5,1291,877,878,8,not_or
5,1292,6599,6600,0,zero
5,1293,4915,4916,11,implied_by
5,1294,7811,7812,4,not_implied_by
5,1295,100,101,11,implied_by
5,1296,1411,1412,5,b
5,1297,7983,7984,2,not_implies
5,1298,5293,5294,10,not_b
5,1299,1833,1834,11,implied_by
5,1300,5899,5900,5,b
5,1301,421,422,14,not_and
5,1302,5230,5231,12,not_a
5,1303,7908,7909,10,not_b
5,1304,2770,2771,11,implied_by
5,1305,3840,3841,6,xor
5,1306,2354,2355,11,implied_by
5,1307,6125,6126,7,or
5,1308,3252,3253,10,not_b
5,1309,4508,4509,9,not_xor
5,1310,1826,1827,0,zero
5,1311,1070,1071,0,zero
5,1312,3879,3880,10,not_b
5,1313,2660,2661,2,not_implies
5,1314,3025,3026,10,not_b
5,1315,7233,7234,10,not_b
5,1316,426,427,14,not_and
5,1317,2249,2250,11,implied_by
5,1318,1611,1612,8,not_or
5,1319,2006,2007,12,not_a
5,1320,968,969,2,not_implies
5,1321,3686,3687,9,not_xor
5,1322,6989,6990,2,not_implies
5,1323,2946,2947,14,not_and
5,1324,7105,7106,15,one
5,1325,5710,5711,0,zero
5,1326,5433,5434,5,b
5,1327,2186,2187,5,b
5,1328,1802,1803,5,b
5,1329,6693,6694,6,xor
5,1330,6787,6788,15,one
5,1331,2630,2631,1,and
5,1332,6533,6534,10,not_b
5,1333,4172,4173,0,zero
5,1334,6792,6793,8,not_or
5,1335,5199,5200,4,not_implied_by
5,1336,4796,4797,8,not_or
5,1337,463,464,9,not_xor
5,1338,5060,5061,9,not_xor
5,1339,814,815,2,not_implies
5,1340,4347,4348,2,not_implies
5,1341,6264,6265,1,and
5,1342,1681,1682,4,not_implied_by
5,1343,5209,5210,5,b
5,1344,7276,7277,3,a
5,1345,1612,1613,5,b
5,1346,3737,3738,11,implied_by
5,1347,7152,7153,13,implies
5,1348,4959,4960,7,or
5,1349,5834,5835,10,not_b
5,1350,1616,1617,12,not_a
5,1351,6048,6049,1,and
5,1352,7103,7104,10,not_b
5,1353,6730,6731,15,one
5,1354,664,665,1,and
5,1355,4587,4588,11,implied_by
5,1356,213,214,13,implies
5,1357,2743,2744,14,not_and
5,1358,876,877,14,not_and
5,1359,2438,2439,13,implies
5,1360,1203,1204,12,not_a
5,1361,6350,6351,3,a
5,1362,1654,1655,12,not_a
5,1363,2460,2461,10,not_b
5,1364,222,223,5,b
5,1365,4162,4163,8,not_or
5,1366,5604,5605,6,xor
5,1367,4629,4630,6,xor
5,1368,3078,3079,7,or
5,1369,5294,5295,14,not_and
5,1370,6667,6668,7,or
5,1371,1524,1525,0,zero
5,1372,1727,1728,11,implied_by
5,1373,2777,2778,12,not_a
5,1374,2302,2303,9,not_xor
5,1375,7052,7053,14,not_and
5,1376,5436,5437,3,a
5,1377,5214,5215,0,zero
5,1378,6107,6108,3,a
5,1379,908,909,11,implied_by
5,1380,5925,5926,12,not_a
5,1381,2646,2647,0,zero
5,1382,4029,4030,4,not_implied_by
5,1383,6745,6746,0,zero
5,1384,6643,6644,8,not_or
5,1385,6049,6050,14,not_and
5,1386,2190,2191,7,or
5,1387,2768,2769,7,or
5,1388,2351,2352,9,not_xor
5,1389,425,426,4,not_implied_by
5,1390,632,633,14,not_and
5,1391,6187,6188,12,not_a
5,1392,3724,3725,1,and
5,1393,4517,4518,1,and
5,1394,311,312,8,not_or
5,1395,5183,5184,10,not_b
5,1396,912,913,9,not_xor
5,1397,5429,5430,10,not_b
5,1398,3976,3977,7,or
5,1399,7985,7986,15,one
5,1400,5864,5865,3,a
5,1401,3171,3172,14,not_and
5,1402,5617,5618,4,not_implied_by
5,1403,6680,6681,9,not_xor
5,1404,6372,6373,6,xor
5,1405,3066,3067,11,implied_by
5,1406,2938,2939,1,and
5,1407,3142,3143,6,xor
5,1408,2752,2753,14,not_and
5,1409,5942,5943,0,zero
5,1410,2670,2671,6,xor
5,1411,2723,2724,11,implied_by
5,1412,4125,4126,14,not_and
5,1413,7005,7006,14,not_and
5,1414,1724,1725,5,b
5,1415,7010,7011,5,b
5,1416,5093,5094,11,implied_by
5,1417,2527,2528,0,zero
5,1418,2776,2777,6,xor
5,1419,3502,3503,6,xor
5,1420,5690,5691,5,b
5,1421,4682,4683,9,not_xor
5,1422,7791,7792,10,not_b
5,1423,844,845,6,xor
5,1424,7830,7831,6,xor
5,1425,1155,1156,15,one
5,1426,2958,2959,14,not_and
5,1427,3435,3436,12,not_a
5,1428,5771,5772,12,not_a
5,1429,1851,1852,3,a
5,1430,982,983,1,and
5,1431,440,441,2,not_implies
5,1432,404,405,6,xor
5,1433,7395,7396,12,not_a
5,1434,4431,4432,12,not_a
5,1435,4988,4989,1,and
5,1436,4203,4204,5,b
5,1437,4684,4685,4,not_implied_by
5,1438,1897,1898,10,not_b
5,1439,2413,2414,10,not_b
5,1440,1486,1487,11,implied_by
5,1441,6580,6581,5,b
5,1442,3406,3407,4,not_implied_by
5,1443,6691,6692,6,xor
5,1444,1171,1172,3,a
5,1445,4463,4464,9,not_xor
5,1446,4671,4672,5,b
5,1447,2717,2718,5,b
5,1448,2943,2944,14,not_and
5,1449,1816,1817,5,b
5,1450,1242,1243,7,or
5,1451,905,906,1,and
5,1452,5202,5203,3,a
5,1453,6698,6699,8,not_or
5,1454,3799,3800,12,not_a
5,1455,2794,2795,9,not_xor
5,1456,6532,6533,3,a
5,1457,251,252,8,not_or
5,1458,4857,4858,13,implies
5,1459,3985,3986,0,zero
5,1460,2125,2126,0,zero
5,1461,7777,7778,9,not_xor
5,1462,4335,4336,9,not_xor
5,1463,122,123,8,not_or
5,1464,3769,3770,12,not_a
5,1465,4756,4757,12,not_a
5,1466,1539,1540,15,one
5,1467,590,591,3,a
5,1468,7305,7306,4,not_implied_by
5,1469,6956,6957,5,b
5,1470,135,136,5,b
5,1471,4179,4180,6,xor
5,1472,6250,6251,14,not_and
5,1473,4881,4882,7,or
5,1474,6738,6739,10,not_b
5,1475,4940,4941,10,not_b
5,1476,5443,5444,12,not_a
5,1477,4762,4763,9,not_xor
5,1478,1462,1463,11,implied_by
5,1479,176,177,11,implied_by
5,1480,3427,3428,12,not_a
5,1481,3416,3417,1,and
5,1482,410,411,8,not_or
5,1483,1622,1623,7,or
5,1484,5398,5399,5,b
5,1485,6462,6463,8,not_or
5,1486,591,592,0,zero
5,1487,332,333,5,b
5,1488,6473,6474,6,xor
5,1489,2513,2514,9,not_xor
5,1490,6362,6363,13,implies
5,1491,480,481,0,zero
5,1492,5860,5861,9,not_xor
5,1493,5606,5607,0,zero
5,1494,7715,7716,9,not_xor
5,1495,3097,3098,13,implies
5,1496,2278,2279,3,a
5,1497,1328,1329,13,implies
5,1498,824,825,7,or
5,1499,2113,2114,10,not_b
5,1500,4233,4234,15,one
5,1501,283,284,2,not_implies
5,1502,2203,2204,5,b
5,1503,3251,3252,12,not_a
5,1504,558,559,11,implied_by
5,1505,3492,3493,10,not_b
5,1506,2671,2672,12,not_a
5,1507,5610,5611,12,not_a
5,1508,6279,6280,5,b
5,1509,7053,7054,6,xor
5,1510,1355,1356,4,not_implied_by
5,1511,2604,2605,8,not_or
5,1512,6254,6255,7,or
5,1513,1909,1910,6,xor
5,1514,2093,2094,11,implied_by
5,1515,6175,6176,2,not_implies
5,1516,6877,6878,2,not_implies
5,1517,2536,2537,11,implied_by
5,1518,3312,3313,10,not_b
5,1519,7243,7244,6,xor
5,1520,1557,1558,2,not_implies
5,1521,1432,1433,5,b
5,1522,5634,5635,14,not_and
5,1523,2167,2168,10,not_b
5,1524,2957,2958,7,or
5,1525,3533,3534,3,a
5,1526,7062,7063,13,implies
5,1527,3327,3328,3,a
5,1528,7230,7231,12,not_a
5,1529,6318,6319,1,and
5,1530,34,35,3,a
5,1531,596,597,4,not_implied_by
5,1532,3678,3679,6,xor
5,1533,3070,3071,5,b
5,1534,2567,2568,8,not_or
5,1535,5485,5486,12,not_a
5,1536,7651,7652,5,b
5,1537,7736,7737,3,a
5,1538,125,126,4,not_implied_by
5,1539,1136,1137,9,not_xor
5,1540,7118,7119,3,a
5,1541,7641,7642,9,not_xor
5,1542,1425,1426,5,b
5,1543,994,995,12,not_a
5,1544,3613,3614,2,not_implies
5,1545,7528,7529,3,a
5,1546,526,527,10,not_b
5,1547,5161,5162,11,implied_by
5,1548,4911,4912,3,a
5,1549,2999,3000,4,not_implied_by
5,1550,6486,6487,10,not_b
5,1551,1149,1150,4,not_implied_by
5,1552,6728,6729,13,implies
5,1553,1402,1403,14,not_and
5,1554,2959,2960,1,and
5,1555,827,828,14,not_and
5,1556,7419,7420,3,a
5,1557,5021,5022,3,a
5,1558,2456,2457,8,not_or
5,1559,5716,5717,11,implied_by
5,1560,6609,6610,3,a
5,1561,3211,3212,2,not_implies
5,1562,5450,5451,9,not_xor
5,1563,5425,5426,6,xor
5,1564,6161,6162,7,or
5,1565,2052,2053,9,not_xor
5,1566,1316,1317,5,b
5,1567,5390,5391,14,not_and
5,1568,5601,5602,11,implied_by
5,1569,6316,6317,2,not_implies
5,1570,7785,7786,13,implies
5,1571,6005,6006,10,not_b
5,1572,7921,7922,14,not_and
5,1573,2549,2550,5,b
5,1574,523,524,11,implied_by
5,1575,5237,5238,11,implied_by
5,1576,7226,7227,11,implied_by
5,1577,3413,3414,12,not_a
5,1578,1792,1793,6,xor
5,1579,3346,3347,8,not_or
5,1580,5409,5410,3,a
5,1581,2430,2431,13,implies
5,1582,6291,6292,5,b
5,1583,3316,3317,3,a
5,1584,1290,1291,0,zero
5,1585,3663,3664,7,or
5,1586,7042,7043,12,not_a
5,1587,2639,2640,7,or
5,1588,5869,5870,14,not_and
5,1589,6725,6726,13,implies
5,1590,7458,7459,1,and
5,1591,4757,4758,5,b
5,1592,1334,1335,11,implied_by
5,1593,5220,5221,15,one
5,1594,4079,4080,15,one
5,1595,3930,3931,11,implied_by
5,1596,90,91,0,zero
5,1597,1186,1187,10,not_b
5,1598,7848,7849,12,not_a
5,1599,1845,1846,13,implies
5,1600,2255,2256,2,not_implies
5,1601,2315,2316,11,implied_by
5,1602,2905,2906,9,not_xor
5,1603,5026,5027,6,xor
5,1604,5936,5937,4,not_implied_by
5,1605,5299,5300,0,zero
5,1606,1006,1007,6,xor
5,1607,4736,4737,12,not_a
5,1608,6655,6656,3,a
5,1609,6446,6447,13,implies
5,1610,3862,3863,6,xor
5,1611,1945,1946,6,xor
5,1612,1276,1277,5,b
5,1613,5807,5808,7,or
5,1614,3262,3263,2,not_implies
5,1615,1627,1628,13,implies
5,1616,194,195,0,zero
5,1617,2300,2301,8,not_or
5,1618,2571,2572,10,not_b
5,1619,1869,1870,2,not_implies
5,1620,4157,4158,10,not_b
5,1621,7938,7939,12,not_a
5,1622,757,758,11,implied_by
5,1623,5544,5545,0,zero
5,1624,4462,4463,8,not_or
5,1625,6201,6202,13,implies
5,1626,1400,1401,12,not_a
5,1627,5615,5616,2,not_implies
5,1628,6023,6024,0,zero
5,1629,7361,7362,1,and
5,1630,5190,5191,4,not_implied_by
5,1631,2645,2646,4,not_implied_by
5,1632,7885,7886,13,implies
5,1633,173,174,7,or
5,1634,7001,7002,11,implied_by
5,1635,6889,6890,10,not_b
5,1636,5277,5278,4,not_implied_by
5,1637,1373,1374,13,implies
5,1638,2210,2211,13,implies
5,1639,5702,5703,3,a
5,1640,870,871,1,and
5,1641,6568,6569,6,xor
5,1642,4528,4529,6,xor
5,1643,527,528,12,not_a
5,1644,2858,2859,15,one
5,1645,3824,3825,6,xor
5,1646,635,636,9,not_xor
5,1647,6216,6217,10,not_b
5,1648,535,536,7,or
5,1649,6825,6826,5,b
5,1650,1915,1916,15,one
5,1651,203,204,5,b
5,1652,6784,6785,3,a
5,1653,3603,3604,4,not_implied_by
5,1654,4064,4065,15,one
5,1655,3684,3685,9,not_xor
5,1656,6106,6107,5,b
5,1657,5845,5846,11,implied_by
5,1658,5511,5512,15,one
5,1659,1396,1397,5,b
5,1660,4241,4242,1,and
5,1661,3393,3394,1,and
5,1662,1934,1935,0,zero
5,1663,1648,1649,12,not_a
5,1664,2459,2460,8,not_or
5,1665,3417,3418,5,b
5,1666,7746,7747,3,a
5,1667,3990,3991,13,implies
5,1668,7128,7129,11,implied_by
5,1669,6469,6470,15,one
5,1670,6848,6849,2,not_implies
5,1671,1084,1085,12,not_a
5,1672,4094,4095,6,xor
5,1673,316,317,7,or
5,1674,6127,6128,5,b
5,1675,1673,1674,3,a
5,1676,5920,5921,0,zero
5,1677,3964,3965,14,not_and
5,1678,1095,1096,3,a
5,1679,5633,5634,14,not_and
5,1680,3304,3305,4,not_implied_by
5,1681,4281,4282,6,xor
5,1682,4266,4267,11,implied_by
5,1683,3015,3016,7,or
5,1684,5460,5461,7,or
5,1685,5007,5008,6,xor
5,1686,7483,7484,13,implies
5,1687,2341,2342,3,a
5,1688,5131,5132,1,and
5,1689,3820,3821,4,not_implied_by
5,1690,1406,1407,6,xor
5,1691,1204,1205,9,not_xor
5,1692,6379,6380,3,a
5,1693,6136,6137,2,not_implies
5,1694,5859,5860,9,not_xor
5,1695,1052,1053,0,zero
5,1696,6437,6438,9,not_xor
5,1697,6432,6433,3,a
5,1698,4221,4222,14,not_and
5,1699,6275,6276,8,not_or
5,1700,4991,4992,8,not_or
5,1701,6854,6855,10,not_b
5,1702,1241,1242,8,not_or
5,1703,1461,1462,13,implies
5,1704,5320,5321,14,not_and
5,1705,4677,4678,1,and
5,1706,328,329,7,or
5,1707,582,583,0,zero
5,1708,4435,4436,9,not_xor
5,1709,4386,4387,3,a
5,1710,5599,5600,6,xor
5,1711,444,445,5,b
5,1712,4567,4568,6,xor
5,1713,7154,7155,8,not_or
5,1714,851,852,6,xor
5,1715,454,455,12,not_a
5,1716,2871,2872,1,and
5,1717,6936,6937,10,not_b
5,1718,5676,5677,9,not_xor
5,1719,6783,6784,15,one
5,1720,2174,2175,0,zero
5,1721,2855,2856,15,one
5,1722,1074,1075,8,not_or
5,1723,4574,4575,6,xor
5,1724,5696,5697,12,not_a
5,1725,5535,5536,3,a
5,1726,2410,2411,6,xor
5,1727,4081,4082,5,b
5,1728,7492,7493,9,not_xor
5,1729,1135,1136,9,not_xor
5,1730,7639,7640,6,xor
5,1731,355,356,2,not_implies
5,1732,4602,4603,8,not_or
5,1733,4875,4876,2,not_implies
5,1734,7462,7463,8,not_or
5,1735,2122,2123,3,a
5,1736,4555,4556,4,not_implied_by
5,1737,351,352,3,a
5,1738,112,113,3,a
5,1739,2923,2924,2,not_implies
5,1740,4604,4605,3,a
5,1741,4571,4572,11,implied_by
5,1742,2074,2075,5,b
5,1743,4295,4296,5,b
5,1744,2188,2189,6,xor
5,1745,3535,3536,3,a
5,1746,4389,4390,5,b
5,1747,4038,4039,13,implies
5,1748,6037,6038,8,not_or
5,1749,3708,3709,14,not_and
5,1750,4016,4017,15,one
5,1751,2688,2689,1,and
5,1752,3504,3505,0,zero
5,1753,1566,1567,9,not_xor
5,1754,2518,2519,4,not_implied_by
5,1755,1924,1925,0,zero
5,1756,5775,5776,15,one
5,1757,2839,2840,2,not_implies
5,1758,2533,2534,6,xor
5,1759,3321,3322,13,implies
5,1760,7580,7581,10,not_b
5,1761,7348,7349,9,not_xor
5,1762,5816,5817,12,not_a
5,1763,5797,5798,2,not_implies
5,1764,7223,7224,13,implies
5,1765,4345,4346,14,not_and
5,1766,55,56,13,implies
5,1767,3563,3564,11,implied_by
5,1768,6017,6018,11,implied_by
5,1769,4719,4720,7,or
5,1770,3296,3297,14,not_and
5,1771,3901,3902,14,not_and
5,1772,432,433,14,not_and
5,1773,6992,6993,5,b
5,1774,40,41,12,not_a
5,1775,1912,1913,11,implied_by
5,1776,2494,2495,7,or
5,1777,142,143,5,b
5,1778,1066,1067,7,or
5,1779,6385,6386,13,implies
5,1780,866,867,3,a
5,1781,5966,5967,8,not_or
5,1782,3085,3086,2,not_implies
5,1783,3944,3945,15,one
5,1784,4606,4607,12,not_a
5,1785,5504,5505,12,not_a
5,1786,6866,6867,7,or
5,1787,7707,7708,10,not_b
5,1788,1559,1560,2,not_implies
5,1789,391,392,15,one
5,1790,7301,7302,8,not_or
5,1791,2330,2331,5,b
5,1792,3360,3361,13,implies
5,1793,697,698,6,xor
5,1794,2783,2784,11,implied_by
5,1795,3456,3457,4,not_implied_by
5,1796,1591,1592,4,not_implied_by
5,1797,6608,6609,4,not_implied_by
5,1798,2483,2484,12,not_a
5,1799,3477,3478,9,not_xor
5,1800,4388,4389,3,a
5,1801,2119,2120,11,implied_by
5,1802,4208,4209,2,not_implies
5,1803,855,856,4,not_implied_by
5,1804,4869,4870,5,b
5,1805,2103,2104,10,not_b
5,1806,4554,4555,7,or
5,1807,3690,3691,10,not_b
5,1808,4288,4289,10,not_b
5,1809,4603,4604,4,not_implied_by
5,1810,5273,5274,0,zero
5,1811,1032,1033,5,b
5,1812,3927,3928,13,implies
5,1813,85,86,0,zero
5,1814,5881,5882,1,and
5,1815,2853,2854,9,not_xor
5,1816,825,826,0,zero
5,1817,5791,5792,12,not_a
5,1818,7628,7629,12,not_a
5,1819,3538,3539,12,not_a
5,1820,5406,5407,12,not_a
5,1821,1142,1143,5,b
5,1822,2224,2225,13,implies
5,1823,339,340,3,a
5,1824,6382,6383,9,not_xor
5,1825,7821,7822,9,not_xor
5,1826,6504,6505,0,zero
5,1827,5796,5797,7,or
5,1828,1265,1266,7,or
5,1829,7753,7754,5,b
5,1830,6391,6392,8,not_or
5,1831,7472,7473,0,zero
5,1832,2706,2707,0,zero
5,1833,3424,3425,9,not_xor
5,1834,2392,2393,9,not_xor
5,1835,3971,3972,4,not_implied_by
5,1836,3892,3893,13,implies
5,1837,3115,3116,2,not_implies
5,1838,2293,2294,4,not_implied_by
5,1839,1701,1702,15,one
5,1840,7113,7114,14,not_and
5,1841,64,65,7,or
5,1842,5889,5890,12,not_a
5,1843,2521,2522,9,not_xor
5,1844,1756,1757,13,implies
5,1845,1643,1644,12,not_a
5,1846,3838,3839,10,not_b
5,1847,3598,3599,13,implies
5,1848,562,563,3,a
5,1849,5170,5171,14,not_and
5,1850,737,738,10,not_b
5,1851,4542,4543,4,not_implied_by
5,1852,7843,7844,11,implied_by
5,1853,6994,6995,0,zero
5,1854,5000,5001,14,not_and
5,1855,2213,2214,6,xor
5,1856,6601,6602,11,implied_by
5,1857,5418,5419,5,b
5,1858,4596,4597,8,not_or
5,1859,4235,4236,10,not_b
5,1860,4917,4918,13,implies
5,1861,381,382,0,zero
5,1862,5046,5047,12,not_a
5,1863,2116,2117,2,not_implies
5,1864,605,606,6,xor
5,1865,7835,7836,15,one
5,1866,3141,3142,13,implies
5,1867,2383,2384,4,not_implied_by
5,1868,4761,4762,6,xor
5,1869,864,865,11,implied_by
5,1870,7107,7108,15,one
5,1871,1363,1364,14,not_and
5,1872,6947,6948,11,implied_by
5,1873,4219,4220,8,not_or
5,1874,4071,4072,4,not_implied_by
5,1875,750,751,5,b
5,1876,735,736,10,not_b
5,1877,4613,4614,4,not_implied_by
5,1878,4949,4950,5,b
5,1879,649,650,15,one
5,1880,3375,3376,5,b
5,1881,3111,3112,12,not_a
5,1882,1885,1886,12,not_a
5,1883,2063,2064,4,not_implied_by
5,1884,5571,5572,13,implies
5,1885,1027,1028,12,not_a
5,1886,813,814,14,not_and
5,1887,6853,6854,14,not_and
5,1888,7443,7444,3,a
5,1889,3100,3101,13,implies
5,1890,3517,3518,13,implies
5,1891,1730,1731,3,a
5,1892,3891,3892,12,not_a
5,1893,2605,2606,13,implies
5,1894,7573,7574,1,and
5,1895,5778,5779,12,not_a
5,1896,2912,2913,3,a
5,1897,7256,7257,8,not_or
5,1898,7270,7271,12,not_a
5,1899,3665,3666,15,one
5,1900,1025,1026,14,not_and
5,1901,6604,6605,12,not_a
5,1902,2353,2354,2,not_implies
5,1903,6970,6971,5,b
5,1904,7328,7329,7,or
5,1905,3003,3004,14,not_and
5,1906,2788,2789,1,and
5,1907,2161,2162,4,not_implied_by
5,1908,128,129,5,b
5,1909,5708,5709,8,not_or
5,1910,4315,4316,4,not_implied_by
5,1911,352,353,1,and
5,1912,6600,6601,5,b
5,1913,3442,3443,4,not_implied_by
5,1914,2208,2209,11,implied_by
5,1915,1610,1611,12,not_a
5,1916,6819,6820,1,and
5,1917,977,978,10,not_b
5,1918,5328,5329,10,not_b
5,1919,4641,4642,9,not_xor
5,1920,1700,1701,4,not_implied_by
5,1921,6203,6204,12,not_a
5,1922,4116,4117,3,a
5,1923,208,209,7,or
5,1924,6500,6501,3,a
5,1925,5373,5374,0,zero
5,1926,685,686,5,b
5,1927,7449,7450,12,not_a
5,1928,483,484,2,not_implies
5,1929,3224,3225,5,b
5,1930,3898,3899,2,not_implies
5,1931,23,24,8,not_or
5,1932,4995,4996,9,not_xor
5,1933,5788,5789,9,not_xor
5,1934,5969,5970,7,or
5,1935,3831,3832,8,not_or
5,1936,3856,3857,6,xor
5,1937,7015,7016,3,a
5,1938,4131,4132,3,a
5,1939,4978,4979,4,not_implied_by
5,1940,3581,3582,12,not_a
5,1941,6767,6768,5,b
5,1942,2062,2063,0,zero
5,1943,7476,7477,3,a
5,1944,5531,5532,3,a
5,1945,364,365,8,not_or
5,1946,846,847,12,not_a
5,1947,3465,3466,10,not_b
5,1948,2008,2009,5,b
5,1949,7696,7697,9,not_xor
5,1950,4566,4567,2,not_implies
5,1951,4845,4846,4,not_implied_by
5,1952,6147,6148,5,b
5,1953,957,958,9,not_xor
5,1954,4191,4192,3,a
5,1955,7366,7367,5,b
5,1956,1336,1337,0,zero
5,1957,5346,5347,5,b
5,1958,6916,6917,1,and
5,1959,4512,4513,4,not_implied_by
5,1960,2431,2432,8,not_or
5,1961,7752,7753,6,xor
5,1962,7454,7455,3,a
5,1963,6359,6360,10,not_b
5,1964,7021,7022,1,and
5,1965,499,500,1,and
5,1966,419,420,4,not_implied_by
5,1967,4976,4977,13,implies
5,1968,1057,1058,13,implies
5,1969,5978,5979,7,or
5,1970,3733,3734,4,not_implied_by
5,1971,3560,3561,5,b
5,1972,6844,6845,6,xor
5,1973,2637,2638,2,not_implies
5,1974,599,600,11,implied_by
5,1975,1593,1594,4,not_implied_by
5,1976,4612,4613,15,one
5,1977,2335,2336,15,one
5,1978,4032,4033,3,a
5,1979,2936,2937,6,xor
5,1980,3685,3686,12,not_a
5,1981,3491,3492,5,b
5,1982,5999,6000,13,implies
5,1983,7555,7556,8,not_or
5,1984,162,163,12,not_a
5,1985,3400,3401,4,not_implied_by
5,1986,7386,7387,9,not_xor
5,1987,6220,6221,6,xor
5,1988,1977,1978,11,implied_by
5,1989,4137,4138,6,xor
5,1990,3193,3194,7,or
5,1991,4549,4550,13,implies
5,1992,5474,5475,10,not_b
5,1993,4144,4145,5,b
5,1994,5685,5686,14,not_and
5,1995,3541,3542,0,zero
5,1996,5782,5783,7,or
5,1997,589,590,5,b
5,1998,1860,1861,3,a
5,1999,4323,4324,4,not_implied_by
5,2000,6270,6271,5,b
5,2001,318,319,11,implied_by
5,2002,6966,6967,11,implied_by
5,2003,2652,2653,5,b
5,2004,2653,2654,6,xor
5,2005,341,342,8,not_or
5,2006,3422,3423,14,not_and
5,2007,451,452,12,not_a
5,2008,7658,7659,11,implied_by
5,2009,787,788,10,not_b
5,2010,4968,4969,12,not_a
5,2011,7207,7208,3,a
5,2012,7434,7435,5,b
5,2013,1817,1818,2,not_implies
5,2014,7410,7411,13,implies
5,2015,744,745,11,implied_by
5,2016,7194,7195,15,one
5,2017,309,310,0,zero
5,2018,952,953,15,one
5,2019,5590,5591,12,not_a
5,2020,3000,3001,8,not_or
5,2021,1234,1235,15,one
5,2022,3682,3683,13,implies
5,2023,7941,7942,12,not_a
5,2024,2318,2319,5,b
5,2025,529,530,9,not_xor
5,2026,7271,7272,8,not_or
5,2027,1765,1766,1,and
5,2028,2228,2229,4,not_implied_by
5,2029,6791,6792,10,not_b
5,2030,5235,5236,15,one
5,2031,7027,7028,0,zero
5,2032,5842,5843,1,and
5,2033,716,717,12,not_a
5,2034,3122,3123,3,a
5,2035,2700,2701,15,one
5,2036,3188,3189,14,not_and
5,2037,7359,7360,11,implied_by
5,2038,6493,6494,7,or
5,2039,1166,1167,9,not_xor
5,2040,2270,2271,7,or
5,2041,44,45,15,one
5,2042,5070,5071,10,not_b
5,2043,4279,4280,14,not_and
5,2044,46,47,3,a
5,2045,3191,3192,10,not_b
5,2046,4676,4677,8,not_or
5,2047,4961,4962,13,implies
5,2048,5932,5933,11,implied_by
5,2049,3988,3989,6,xor
5,2050,542,543,9,not_xor
5,2051,416,417,5,b
5,2052,4164,4165,10,not_b
5,2053,234,235,11,implied_by
5,2054,1109,1110,2,not_implies
5,2055,2917,2918,1,and
5,2056,1348,1349,12,not_a
5,2057,1600,1601,12,not_a
5,2058,6664,6665,3,a
5,2059,5763,5764,1,and
5,2060,1708,1709,10,not_b
5,2061,5080,5081,8,not_or
5,2062,5658,5659,9,not_xor
5,2063,1423,1424,10,not_b
5,2064,5818,5819,9,not_xor
5,2065,6188,6189,3,a
5,2066,4184,4185,5,b
5,2067,6621,6622,10,not_b
5,2068,6334,6335,12,not_a
5,2069,1621,1622,2,not_implies
5,2070,3516,3517,2,not_implies
5,2071,4494,4495,2,not_implies
5,2072,1797,1798,15,one
5,2073,5304,5305,6,xor
5,2074,7607,7608,12,not_a
5,2075,3803,3804,12,not_a
5,2076,1656,1657,10,not_b
5,2077,7286,7287,4,not_implied_by
5,2078,3471,3472,6,xor
5,2079,193,194,3,a
5,2080,1599,1600,10,not_b
5,2081,2013,2014,7,or
5,2082,258,259,0,zero
5,2083,5811,5812,3,a
5,2084,367,368,14,not_and
5,2085,4861,4862,7,or
5,2086,1511,1512,10,not_b
5,2087,7240,7241,8,not_or
5,2088,7317,7318,5,b
5,2089,1043,1044,14,not_and
5,2090,3112,3113,12,not_a
5,2091,3561,3562,10,not_b
5,2092,547,548,13,implies
5,2093,7523,7524,1,and
5,2094,5075,5076,12,not_a
5,2095,5865,5866,8,not_or
5,2096,5329,5330,12,not_a
5,2097,6563,6564,6,xor
5,2098,748,749,10,not_b
5,2099,1331,1332,6,xor
5,2100,27,28,1,and
5,2101,3725,3726,0,zero
5,2102,4343,4344,12,not_a
5,2103,1859,1860,9,not_xor
5,2104,7747,7748,0,zero
5,2105,7412,7413,7,or
5,2106,3170,3171,14,not_and
5,2107,7033,7034,0,zero
5,2108,954,955,12,not_a
5,2109,216,217,10,not_b
5,2110,1480,1481,6,xor
5,2111,245,246,10,not_b
5,2112,964,965,7,or
5,2113,2547,2548,9,not_xor
5,2114,1078,1079,9,not_xor
5,2115,648,649,5,b
5,2116,6331,6332,11,implied_by
5,2117,6510,6511,7,or
5,2118,6578,6579,13,implies
5,2119,6903,6904,8,not_or
5,2120,718,719,11,implied_by
5,2121,6990,6991,12,not_a
5,2122,7603,7604,15,one
5,2123,5564,5565,5,b
5,2124,5133,5134,7,or
5,2125,7034,7035,2,not_implies
5,2126,7742,7743,9,not_xor
5,2127,7570,7571,4,not_implied_by
5,2128,7135,7136,15,one
5,2129,252,253,10,not_b
5,2130,7090,7091,0,zero
5,2131,1751,1752,13,implies
5,2132,7720,7721,1,and
5,2133,2009,2010,14,not_and
5,2134,6413,6414,3,a
5,2135,583,584,5,b
5,2136,2813,2814,8,not_or
5,2137,1307,1308,5,b
5,2138,3056,3057,13,implies
5,2139,476,477,14,not_and
5,2140,2342,2343,15,one
5,2141,382,383,0,zero
5,2142,3161,3162,7,or
5,2143,415,416,6,xor
5,2144,4905,4906,15,one
5,2145,1426,1427,6,xor
5,2146,917,918,5,b
5,2147,7227,7228,4,not_implied_by
5,2148,901,902,13,implies
5,2149,288,289,11,implied_by
5,2150,4935,4936,15,one
5,2151,7578,7579,14,not_and
5,2152,1366,1367,13,implies
5,2153,402,403,12,not_a
5,2154,516,517,13,implies
5,2155,5976,5977,2,not_implies
5,2156,1181,1182,1,and
5,2157,7013,7014,11,implied_by
5,2158,3720,3721,5,b
5,2159,6067,6068,6,xor
5,2160,6656,6657,5,b
5,2161,4601,4602,3,a
5,2162,5839,5840,7,or
5,2163,7251,7252,5,b
5,2164,5394,5395,0,zero
5,2165,7877,7878,12,not_a
5,2166,934,935,0,zero
5,2167,6074,6075,11,implied_by
5,2168,2310,2311,6,xor
5,2169,5441,5442,5,b
5,2170,3134,3135,3,a
5,2171,1138,1139,3,a
5,2172,2316,2317,6,xor
5,2173,6830,6831,9,not_xor
5,2174,6086,6087,7,or
5,2175,2306,2307,3,a
5,2176,6639,6640,3,a
5,2177,220,221,13,implies
5,2178,4142,4143,9,not_xor
5,2179,5469,5470,10,not_b
5,2180,709,710,5,b
5,2181,3076,3077,0,zero
5,2182,4234,4235,2,not_implies
5,2183,4195,4196,8,not_or
5,2184,2886,2887,6,xor
5,2185,201,202,11,implied_by
5,2186,1990,1991,2,not_implies
5,2187,2674,2675,2,not_implies
5,2188,739,740,12,not_a
5,2189,3536,3537,14,not_and
5,2190,6909,6910,4,not_implied_by
5,2191,3886,3887,3,a
5,2192,6258,6259,5,b
5,2193,2703,2704,11,implied_by
5,2194,7832,7833,0,zero
5,2195,7490,7491,12,not_a
5,2196,253,254,12,not_a
5,2197,5586,5587,10,not_b
5,2198,4113,4114,12,not_a
5,2199,5168,5169,9,not_xor
5,2200,4754,4755,10,not_b
5,2201,6046,6047,5,b
5,2202,7039,7040,0,zero
5,2203,2309,2310,3,a
5,2204,2134,2135,13,implies
5,2205,3331,3332,15,one
5,2206,4123,4124,1,and
5,2207,2094,2095,12,not_a
5,2208,237,238,6,xor
5,2209,861,862,1,and
5,2210,1453,1454,6,xor
5,2211,1875,1876,2,not_implies
5,2212,5407,5408,15,one
5,2213,1844,1845,6,xor
5,2214,3666,3667,12,not_a
5,2215,5482,5483,1,and
5,2216,5336,5337,4,not_implied_by
5,2217,1249,1250,14,not_and
5,2218,2893,2894,1,and
5,2219,3349,3350,9,not_xor
5,2220,1048,1049,12,not_a
5,2221,2214,2215,6,xor
5,2222,3414,3415,1,and
5,2223,3065,3066,9,not_xor
5,2224,1545,1546,10,not_b
5,2225,7122,7123,3,a
5,2226,2298,2299,6,xor
5,2227,1887,1888,13,implies
5,2228,3826,3827,10,not_b
5,2229,5688,5689,15,one
5,2230,389,390,8,not_or
5,2231,5272,5273,4,not_implied_by
5,2232,6484,6485,14,not_and
5,2233,560,561,2,not_implies
5,2234,7640,7641,7,or
5,2235,3117,3118,3,a
5,2236,1534,1535,6,xor
5,2237,6896,6897,10,not_b
5,2238,3931,3932,12,not_a
5,2239,612,613,10,not_b
5,2240,5388,5389,3,a
5,2241,7728,7729,6,xor
5,2242,3588,3589,8,not_or
5,2243,3562,3563,7,or
5,2244,1944,1945,5,b
5,2245,849,850,7,or
5,2246,7295,7296,12,not_a
5,2247,1175,1176,0,zero
5,2248,6139,6140,13,implies
5,2249,995,996,6,xor
5,2250,4003,4004,11,implied_by
5,2251,2870,2871,2,not_implies
5,2252,3463,3464,6,xor
5,2253,114,115,6,xor
5,2254,2865,2866,12,not_a
5,2255,4853,4854,2,not_implies
5,2256,6768,6769,7,or
5,2257,2470,2471,8,not_or
5,2258,6302,6303,3,a
5,2259,5008,5009,12,not_a
5,2260,7774,7775,5,b
5,2261,5261,5262,5,b
5,2262,1789,1790,0,zero
5,2263,2579,2580,15,one
5,2264,7837,7838,12,not_a
5,2265,1855,1856,13,implies
5,2266,484,485,10,not_b
5,2267,7694,7695,12,not_a
5,2268,5024,5025,10,not_b
5,2269,2426,2427,11,implied_by
5,2270,4422,4423,3,a
5,2271,7417,7418,15,one
5,2272,7700,7701,4,not_implied_by
5,2273,3058,3059,5,b
5,2274,4400,4401,11,implied_by
5,2275,7617,7618,6,xor
5,2276,5723,5724,8,not_or
5,2277,5611,5612,15,one
5,2278,2516,2517,1,and
5,2279,796,797,9,not_xor
5,2280,1189,1190,14,not_and
5,2281,1154,1155,10,not_b
5,2282,1614,1615,4,not_implied_by
5,2283,5115,5116,13,implies
5,2284,5779,5780,0,zero
5,2285,1675,1676,5,b
5,2286,2064,2065,3,a
5,2287,3423,3424,11,implied_by
5,2288,7036,7037,13,implies
5,2289,7500,7501,5,b
5,2290,6886,6887,2,not_implies
5,2291,4707,4708,11,implied_by
5,2292,4166,4167,10,not_b
5,2293,1090,1091,9,not_xor
5,2294,2931,2932,15,one
5,2295,185,186,14,not_and
5,2296,6004,6005,7,or
5,2297,2388,2389,6,xor
5,2298,3268,3269,13,implies
5,2299,7833,7834,12,not_a
5,2300,4617,4618,1,and
5,2301,508,509,11,implied_by
5,2302,1837,1838,15,one
5,2303,2561,2562,15,one
5,2304,729,730,15,one
5,2305,5532,5533,14,not_and
5,2306,345,346,11,implied_by
5,2307,3189,3190,8,not_or
5,2308,3418,3419,7,or
5,2309,6898,6899,13,implies
5,2310,7860,7861,0,zero
5,2311,2613,2614,3,a
5,2312,327,328,12,not_a
5,2313,7365,7366,12,not_a
5,2314,5491,5492,13,implies
5,2315,6310,6311,2,not_implies
5,2316,1051,1052,5,b
5,2317,5803,5804,3,a
5,2318,5335,5336,11,implied_by
5,2319,6971,6972,10,not_b
5,2320,1230,1231,13,implies
5,2321,3420,3421,2,not_implies
5,2322,7683,7684,0,zero
5,2323,25,26,3,a
5,2324,1007,1008,10,not_b
5,2325,7290,7291,0,zero
5,2326,4490,4491,13,implies
5,2327,5430,5431,12,not_a
5,2328,3006,3007,4,not_implied_by
5,2329,6423,6424,0,zero
5,2330,4211,4212,4,not_implied_by
5,2331,1804,1805,4,not_implied_by
5,2332,5783,5784,4,not_implied_by
5,2333,2433,2434,1,and
5,2334,3890,3891,6,xor
5,2335,1688,1689,13,implies
5,2336,2050,2051,1,and
5,2337,3987,3988,7,or
5,2338,2405,2406,14,not_and
5,2339,7081,7082,12,not_a
5,2340,7200,7201,15,one
5,2341,3113,3114,7,or
5,2342,5116,5117,4,not_implied_by
5,2343,2640,2641,12,not_a
5,2344,7967,7968,15,one
5,2345,2051,2052,3,a
5,2346,1920,1921,13,implies
5,2347,816,817,3,a
5,2348,6249,6250,9,not_xor
5,2349,6068,6069,12,not_a
5,2350,5644,5645,5,b
5,2351,7741,7742,2,not_implies
5,2352,6614,6615,10,not_b
5,2353,5953,5954,5,b
5,2354,407,408,11,implied_by
5,2355,7880,7881,6,xor
5,2356,5875,5876,11,implied_by
5,2357,2967,2968,5,b
5,2358,847,848,5,b
5,2359,2382,2383,0,zero
5,2360,2304,2305,13,implies
5,2361,473,474,9,not_xor
5,2362,4333,4334,2,not_implies
5,2363,5974,5975,8,not_or
5,2364,767,768,5,b
5,2365,4979,4980,0,zero
5,2366,312,313,9,not_xor
5,2367,4894,4895,7,or
5,2368,7112,7113,1,and
5,2369,4030,4031,2,not_implies
5,2370,3859,3860,11,implied_by
5,2371,3573,3574,2,not_implies
5,2372,3174,3175,8,not_or
5,2373,3576,3577,2,not_implies
5,2374,6128,6129,10,not_b
5,2375,5125,5126,5,b
5,2376,5242,5243,12,not_a
5,2377,531,532,3,a
5,2378,2710,2711,4,not_implied_by
5,2379,6826,6827,11,implied_by
5,2380,214,215,1,and
5,2381,5104,5105,15,one
5,2382,6995,6996,12,not_a
5,2383,4837,4838,3,a
5,2384,6550,6551,13,implies
5,2385,498,499,14,not_and
5,2386,5126,5127,3,a
5,2387,3949,3950,14,not_and
5,2388,933,934,1,and
5,2389,2358,2359,7,or
5,2390,1510,1511,8,not_or
5,2391,5052,5053,15,one
5,2392,4930,4931,12,not_a
5,2393,1951,1952,13,implies
5,2394,4775,4776,9,not_xor
5,2395,268,269,6,xor
5,2396,1089,1090,3,a
5,2397,223,224,7,or
5,2398,4182,4183,0,zero
5,2399,5144,5145,6,xor
5,2400,108,109,2,not_implies
5,2401,3569,3570,3,a
5,2402,5355,5356,8,not_or
5,2403,1288,1289,6,xor
5,2404,6801,6802,4,not_implied_by
5,2405,2328,2329,9,not_xor
5,2406,2275,2276,10,not_b
5,2407,2391,2392,3,a
5,2408,487,488,6,xor
5,2409,3246,3247,6,xor
5,2410,4812,4813,1,and
5,2411,470,471,13,implies
5,2412,5102,5103,13,implies
5,2413,7667,7668,11,implied_by
5,2414,5838,5839,5,b
5,2415,5553,5554,7,or
5,2416,7773,7774,3,a
5,2417,227,228,7,or
5,2418,3018,3019,10,not_b
5,2419,4784,4785,11,implied_by
5,2420,5683,5684,5,b
5,2421,6144,6145,0,zero
5,2422,3624,3625,1,and
5,2423,443,444,13,implies
5,2424,7606,7607,6,xor
5,2425,7064,7065,15,one
5,2426,4336,4337,15,one
5,2427,7422,7423,12,not_a
5,2428,2229,2230,3,a
5,2429,1436,1437,12,not_a
5,2430,5650,5651,7,or
5,2431,7611,7612,13,implies
5,2432,2748,2749,6,xor
5,2433,7028,7029,5,b
5,2434,7333,7334,1,and
5,2435,7246,7247,15,one
5,2436,6070,6071,10,not_b
5,2437,2751,2752,0,zero
5,2438,4244,4245,11,implied_by
5,2439,2730,2731,4,not_implied_by
5,2440,3030,3031,3,a
5,2441,5748,5749,0,zero
5,2442,972,973,2,not_implies
5,2443,6675,6676,13,implies
5,2444,1968,1969,12,not_a
5,2445,3128,3129,6,xor
5,2446,3815,3816,12,not_a
5,2447,259,260,12,not_a
5,2448,5951,5952,8,not_or
5,2449,5657,5658,3,a
5,2450,1062,1063,12,not_a
5,2451,5894,5895,14,not_and
5,2452,2281,2282,12,not_a
5,2453,3279,3280,14,not_and
5,2454,2831,2832,2,not_implies
5,2455,797,798,14,not_and
5,2456,2834,2835,6,xor
5,2457,3335,3336,10,not_b
5,2458,4344,4345,15,one
5,2459,7177,7178,3,a
5,2460,7517,7518,9,not_xor
5,2461,3239,3240,6,xor
5,2462,4553,4554,2,not_implies
5,2463,7546,7547,7,or
5,2464,578,579,9,not_xor
5,2465,2554,2555,1,and
5,2466,2231,2232,6,xor
5,2467,6858,6859,11,implied_by
5,2468,3158,3159,10,not_b
5,2469,4583,4584,5,b
5,2470,4475,4476,4,not_implied_by
5,2471,1815,1816,12,not_a
5,2472,124,125,5,b
5,2473,6996,6997,1,and
5,2474,4984,4985,12,not_a
5,2475,892,893,13,implies
5,2476,5479,5480,11,implied_by
5,2477,1033,1034,1,and
5,2478,7388,7389,8,not_or
5,2479,28,29,4,not_implied_by
5,2480,6638,6639,6,xor
5,2481,1050,1051,2,not_implies
5,2482,4752,4753,4,not_implied_by
5,2483,379,380,9,not_xor
5,2484,1493,1494,12,not_a
5,2485,2673,2674,13,implies
5,2486,3607,3608,7,or
5,2487,353,354,4,not_implied_by
5,2488,6499,6500,5,b
5,2489,3249,3250,9,not_xor
5,2490,7874,7875,3,a
5,2491,1693,1694,8,not_or
5,2492,6426,6427,9,not_xor
5,2493,1179,1180,8,not_or
5,2494,6117,6118,9,not_xor
5,2495,1891,1892,12,not_a
5,2496,6087,6088,8,not_or
5,2497,2154,2155,0,zero
5,2498,5159,5160,6,xor
5,2499,22,23,1,and
5,2500,7940,7941,9,not_xor
5,2501,4492,4493,5,b
5,2502,7469,7470,9,not_xor
5,2503,4947,4948,4,not_implied_by
5,2504,6378,6379,12,not_a
5,2505,4662,4663,3,a
5,2506,1762,1763,9,not_xor
5,2507,4983,4984,1,and
5,2508,2197,2198,0,zero
5,2509,5258,5259,12,not_a
5,2510,7156,7157,10,not_b
5,2511,891,892,8,not_or
5,2512,5540,5541,15,one
5,2513,5857,5858,8,not_or
5,2514,3055,3056,8,not_or
5,2515,4160,4161,13,implies
5,2516,5622,5623,6,xor
5,2517,7534,7535,2,not_implies
5,2518,3807,3808,2,not_implies
5,2519,92,93,10,not_b
5,2520,914,915,14,not_and
5,2521,6760,6761,10,not_b
5,2522,235,236,14,not_and
5,2523,3699,3700,12,not_a
5,2524,663,664,1,and
5,2525,126,127,8,not_or
5,2526,6963,6964,11,implied_by
5,2527,2975,2976,8,not_or
5,2528,3789,3790,5,b
5,2529,4149,4150,2,not_implies
5,2530,4105,4106,8,not_or
5,2531,1652,1653,13,implies
5,2532,1541,1542,10,not_b
5,2533,3965,3966,13,implies
5,2534,2469,2470,13,implies
5,2535,1521,1522,9,not_xor
5,2536,7002,7003,1,and
5,2537,5247,5248,15,one
5,2538,3495,3496,11,implied_by
5,2539,7169,7170,3,a
5,2540,5120,5121,4,not_implied_by
5,2541,7764,7765,13,implies
5,2542,2804,2805,6,xor
5,2543,1193,1194,8,not_or
5,2544,3086,3087,7,or
5,2545,2632,2633,6,xor
5,2546,2937,2938,14,not_and
5,2547,1965,1966,7,or
5,2548,2464,2465,10,not_b
5,2549,4843,4844,2,not_implies
5,2550,4054,4055,14,not_and
5,2551,2786,2787,11,implied_by
5,2552,1128,1129,0,zero
5,2553,10,11,4,not_implied_by
5,2554,812,813,1,and
5,2555,2715,2716,15,one
5,2556,3870,3871,6,xor
5,2557,3711,3712,8,not_or
5,2558,4455,4456,4,not_implied_by
5,2559,5139,5140,3,a
5,2560,3818,3819,5,b
5,2561,6897,6898,12,not_a
5,2562,4830,4831,4,not_implied_by
5,2563,836,837,11,implied_by
5,2564,7321,7322,6,xor
5,2565,879,880,10,not_b
5,2566,5719,5720,1,and
5,2567,3120,3121,6,xor
5,2568,6632,6633,3,a
5,2569,3762,3763,5,b
5,2570,6521,6522,1,and
5,2571,297,298,14,not_and
5,2572,270,271,10,not_b
5,2573,7074,7075,15,one
5,2574,2845,2846,9,not_xor
5,2575,698,699,5,b
5,2576,746,747,7,or
5,2577,6025,6026,5,b
5,2578,6079,6080,7,or
5,2579,4945,4946,14,not_and
5,2580,1263,1264,3,a
5,2581,1584,1585,7,or
5,2582,7380,7381,3,a
5,2583,752,753,3,a
5,2584,3082,3083,15,one
5,2585,3014,3015,15,one
5,2586,4411,4412,3,a
5,2587,6388,6389,2,not_implies
5,2588,3021,3022,12,not_a
5,2589,2491,2492,13,implies
5,2590,1645,1646,2,not_implies
5,2591,3245,3246,9,not_xor
5,2592,3552,3553,13,implies
5,2593,6592,6593,14,not_and
5,2594,5489,5490,0,zero
5,2595,2322,2323,11,implied_by
5,2596,909,910,9,not_xor
5,2597,435,436,10,not_b
5,2598,720,721,7,or
5,2599,4404,4405,9,not_xor
5,2600,2557,2558,4,not_implied_by
5,2601,6555,6556,1,and
5,2602,4093,4094,4,not_implied_by
5,2603,6306,6307,2,not_implies
5,2604,3774,3775,5,b
5,2605,2883,2884,1,and
5,2606,6797,6798,14,not_and
5,2607,1605,1606,13,implies
5,2608,6154,6155,5,b
5,2609,7759,7760,4,not_implied_by
5,2610,3005,3006,1,and
5,2611,41,42,10,not_b
5,2612,3092,3093,13,implies
5,2613,6241,6242,1,and
5,2614,5032,5033,8,not_or
5,2615,3278,3279,5,b
5,2616,7968,7969,8,not_or
5,2617,6822,6823,8,not_or
5,2618,6013,6014,6,xor
5,2619,5435,5436,2,not_implies
5,2620,5015,5016,2,not_implies
5,2621,6053,6054,11,implied_by
5,2622,6271,6272,14,not_and
5,2623,2978,2979,12,not_a
5,2624,4039,4040,7,or
5,2625,6338,6339,2,not_implies
5,2626,163,164,10,not_b
5,2627,7582,7583,7,or
5,2628,5971,5972,4,not_implied_by
5,2629,2058,2059,4,not_implied_by
5,2630,6806,6807,10,not_b
5,2631,1375,1376,7,or
5,2632,5113,5114,12,not_a
5,2633,1357,1358,12,not_a
5,2634,5855,5856,1,and
5,2635,5031,5032,9,not_xor
5,2636,7184,7185,12,not_a
5,2637,2189,2190,11,implied_by
5,2638,3845,3846,4,not_implied_by
5,2639,7945,7946,11,implied_by
5,2640,5464,5465,10,not_b
5,2641,7489,7490,3,a
5,2642,7092,7093,9,not_xor
5,2643,4440,4441,9,not_xor
5,2644,2856,2857,7,or
5,2645,6986,6987,4,not_implied_by
5,2646,2588,2589,14,not_and
5,2647,1936,1937,7,or
5,2648,5984,5985,2,not_implies
5,2649,5494,5495,2,not_implies
5,2650,4956,4957,10,not_b
5,2651,946,947,10,not_b
5,2652,916,917,5,b
5,2653,5777,5778,1,and
5,2654,459,460,7,or
5,2655,6361,6362,7,or
5,2656,7513,7514,3,a
5,2657,4660,4661,9,not_xor
5,2658,6457,6458,14,not_and
5,2659,4711,4712,6,xor
5,2660,2066,2067,3,a
5,2661,5826,5827,15,one
5,2662,295,296,3,a
5,2663,5117,5118,8,not_or
5,2664,3452,3453,3,a
5,2665,4588,4589,13,implies
5,2666,7853,7854,2,not_implies
5,2667,7946,7947,5,b
5,2668,5973,5974,11,implied_by
5,2669,5806,5807,5,b
5,2670,7776,7777,13,implies
5,2671,7793,7794,12,not_a
5,2672,1801,1802,15,one
5,2673,1871,1872,2,not_implies
5,2674,6972,6973,12,not_a
5,2675,5062,5063,4,not_implied_by
5,2676,3630,3631,0,zero
5,2677,7383,7384,5,b
5,2678,6265,6266,9,not_xor
5,2679,6263,6264,5,b
5,2680,5784,5785,7,or
5,2681,1064,1065,10,not_b
5,2682,2600,2601,3,a
5,2683,2955,2956,3,a
5,2684,587,588,11,implied_by
5,2685,2,3,6,xor
5,2686,98,99,10,not_b
5,2687,5287,5288,13,implies
5,2688,5588,5589,10,not_b
5,2689,5426,5427,12,not_a
5,2690,7478,7479,10,not_b
5,2691,2803,2804,1,and
5,2692,5880,5881,14,not_and
5,2693,6785,6786,10,not_b
5,2694,3922,3923,10,not_b
5,2695,6377,6378,3,a
5,2696,1387,1388,0,zero
5,2697,7151,7152,1,and
5,2698,6236,6237,13,implies
5,2699,3059,3060,15,one
5,2700,597,598,14,not_and
5,2701,6061,6062,7,or
5,2702,7612,7613,9,not_xor
5,2703,1892,1893,14,not_and
5,2704,7313,7314,12,not_a
5,2705,7511,7512,6,xor
5,2706,6166,6167,11,implied_by
5,2707,1386,1387,5,b
5,2708,7912,7913,9,not_xor
5,2709,3860,3861,3,a
5,2710,7418,7419,13,implies
5,2711,474,475,6,xor
5,2712,7411,7412,13,implies
5,2713,5711,5712,5,b
5,2714,686,687,3,a
5,2715,3515,3516,2,not_implies
5,2716,5423,5424,11,implied_by
5,2717,4476,4477,13,implies
5,2718,1778,1779,9,not_xor
5,2719,5517,5518,13,implies
5,2720,7235,7236,15,one
5,2721,3913,3914,8,not_or
5,2722,5678,5679,2,not_implies
5,2723,1254,1255,2,not_implies
5,2724,4231,4232,11,implied_by
5,2725,1017,1018,4,not_implied_by
5,2726,6688,6689,15,one
5,2727,6557,6558,11,implied_by
5,2728,5931,5932,0,zero
5,2729,4132,4133,15,one
5,2730,7268,7269,8,not_or
5,2731,3485,3486,4,not_implied_by
5,2732,3049,3050,13,implies
5,2733,138,139,8,not_or
5,2734,2417,2418,5,b
5,2735,3641,3642,2,not_implies
5,2736,2049,2050,2,not_implies
5,2737,745,746,4,not_implied_by
5,2738,7878,7879,5,b
5,2739,4939,4940,1,and
5,2740,4471,4472,10,not_b
5,2741,4394,4395,14,not_and
5,2742,951,952,8,not_or
5,2743,2163,2164,1,and
5,2744,598,599,11,implied_by
5,2745,5631,5632,0,zero
5,2746,338,339,1,and
5,2747,6980,6981,7,or
5,2748,6585,6586,8,not_or
5,2749,4373,4374,0,zero
5,2750,4136,4137,5,b
5,2751,2331,2332,10,not_b
5,2752,1449,1450,7,or
5,2753,5051,5052,9,not_xor
5,2754,732,733,5,b
5,2755,7787,7788,7,or
5,2756,5963,5964,10,not_b
5,2757,4586,4587,7,or
5,2758,1253,1254,3,a
5,2759,4851,4852,5,b
5,2760,1720,1721,5,b
5,2761,1670,1671,0,zero
5,2762,3490,3491,5,b
5,2763,740,741,6,xor
5,2764,2679,2680,2,not_implies
5,2765,5561,5562,0,zero
5,2766,871,872,13,implies
5,2767,3093,3094,4,not_implied_by
5,2768,7153,7154,1,and
5,2769,70,71,12,not_a
5,2770,30,31,8,not_or
5,2771,848,849,2,not_implies
5,2772,3157,3158,8,not_or
5,2773,2633,2634,5,b
5,2774,543,544,2,not_implies
5,2775,4088,4089,5,b
5,2776,1857,1858,1,and
5,2777,5729,5730,1,and
5,2778,2775,2776,13,implies
5,2779,5301,5302,2,not_implies
5,2780,4751,4752,6,xor
5,2781,413,414,14,not_and
5,2782,2100,2101,0,zero
5,2783,4363,4364,5,b
5,2784,4526,4527,15,one
5,2785,6722,6723,6,xor
5,2786,6836,6837,12,not_a
5,2787,2522,2523,0,zero
5,2788,7186,7187,12,not_a
5,2789,7550,7551,12,not_a
5,2790,4704,4705,8,not_or
5,2791,5043,5044,6,xor
5,2792,4316,4317,13,implies
5,2793,1741,1742,11,implied_by
5,2794,7338,7339,14,not_and
5,2795,7744,7745,5,b
5,2796,1849,1850,10,not_b
5,2797,5701,5702,13,implies
5,2798,5661,5662,4,not_implied_by
5,2799,6595,6596,12,not_a
5,2800,6828,6829,10,not_b
5,2801,3405,3406,15,one
5,2802,4383,4384,3,a
5,2803,5268,5269,1,and
5,2804,5122,5123,0,zero
5,2805,4209,4210,4,not_implied_by
5,2806,577,578,5,b
5,2807,5829,5830,4,not_implied_by
5,2808,5994,5995,3,a
5,2809,1685,1686,9,not_xor
5,2810,2384,2385,9,not_xor
5,2811,99,100,8,not_or
5,2812,7585,7586,2,not_implies
5,2813,3849,3850,10,not_b
5,2814,1929,1930,11,implied_by
5,2815,4107,4108,1,and
5,2816,7919,7920,8,not_or
5,2817,3009,3010,7,or
5,2818,6571,6572,1,and
5,2819,798,799,0,zero
5,2820,3497,3498,12,not_a
5,2821,3320,3321,2,not_implies
5,2822,6033,6034,9,not_xor
5,2823,7176,7177,4,not_implied_by
5,2824,1058,1059,0,zero
5,2825,7088,7089,7,or
5,2826,1492,1493,9,not_xor
5,2827,3309,3310,3,a
5,2828,5360,5361,10,not_b
5,2829,1589,1590,5,b
5,2830,4760,4761,15,one
5,2831,4992,4993,9,not_xor
5,2832,2585,2586,13,implies
5,2833,4811,4812,0,zero
5,2834,2259,2260,10,not_b
5,2835,2698,2699,0,zero
5,2836,6113,6114,13,implies
5,2837,6501,6502,10,not_b
5,2838,5929,5930,9,not_xor
5,2839,4392,4393,4,not_implied_by
5,2840,4085,4086,4,not_implied_by
5,2841,7794,7795,6,xor
5,2842,3568,3569,10,not_b
5,2843,2160,2161,13,implies
5,2844,1315,1316,10,not_b
5,2845,5523,5524,5,b
5,2846,5562,5563,10,not_b
5,2847,486,487,10,not_b
5,2848,1954,1955,12,not_a
5,2849,6075,6076,9,not_xor
5,2850,7161,7162,14,not_and
5,2851,4154,4155,10,not_b
5,2852,3028,3029,15,one
5,2853,842,843,7,or
5,2854,1634,1635,9,not_xor
5,2855,3621,3622,5,b
5,2856,2989,2990,3,a
5,2857,3836,3837,2,not_implies
5,2858,6200,6201,7,or
5,2859,2530,2531,2,not_implies
5,2860,6278,6279,3,a
5,2861,4439,4440,4,not_implied_by
5,2862,794,795,2,not_implies
5,2863,1417,1418,9,not_xor
5,2864,3617,3618,7,or
5,2865,4126,4127,12,not_a
5,2866,7814,7815,4,not_implied_by
5,2867,2827,2828,9,not_xor
5,2868,1153,1154,7,or
5,2869,4563,4564,3,a
5,2870,5110,5111,7,or
5,2871,3543,3544,1,and
5,2872,5438,5439,10,not_b
5,2873,2187,2188,0,zero
5,2874,6915,6916,0,zero
5,2875,4541,4542,12,not_a
5,2876,2314,2315,15,one
5,2877,7247,7248,1,and
5,2878,1350,1351,10,not_b
5,2879,4759,4760,5,b
5,2880,3370,3371,9,not_xor
5,2881,6360,6361,9,not_xor
5,2882,4556,4557,8,not_or
5,2883,144,145,9,not_xor
5,2884,1321,1322,15,one
5,2885,4153,4154,7,or
5,2886,1134,1135,2,not_implies
5,2887,889,890,3,a
5,2888,4699,4700,10,not_b
5,2889,7601,7602,3,a
5,2890,5368,5369,0,zero
5,2891,3145,3146,3,a
5,2892,3125,3126,1,and
5,2893,6817,6818,15,one
5,2894,4743,4744,4,not_implied_by
5,2895,6946,6947,11,implied_by
5,2896,4262,4263,12,not_a
5,2897,2099,2100,11,implied_by
5,2898,3992,3993,4,not_implied_by
5,2899,5827,5828,3,a
5,2900,1795,1796,5,b
5,2901,524,525,3,a
5,2902,7934,7935,5,b
5,2903,6320,6321,12,not_a
5,2904,7324,7325,3,a
5,2905,6711,6712,6,xor
5,2906,7900,7901,10,not_b
5,2907,5802,5803,1,and
5,2908,4994,4995,3,a
5,2909,781,782,1,and
5,2910,1226,1227,10,not_b
5,2911,6847,6848,15,one
5,2912,4577,4578,5,b
5,2913,4242,4243,9,not_xor
5,2914,706,707,14,not_and
5,2915,1107,1108,11,implied_by
5,2916,6366,6367,11,implied_by
5,2917,1369,1370,10,not_b
5,2918,4102,4103,7,or
5,2919,1737,1738,2,not_implies
5,2920,3900,3901,4,not_implied_by
5,2921,3302,3303,3,a
5,2922,2524,2525,10,not_b
5,2923,856,857,3,a
5,2924,7391,7392,5,b
5,2925,4190,4191,3,a
5,2926,3493,3494,3,a
5,2927,5542,5543,1,and
5,2928,4572,4573,7,or
5,2929,5200,5201,9,not_xor
5,2930,1137,1138,12,not_a
5,2931,2934,2935,7,or
5,2932,7316,7317,4,not_implied_by
5,2933,3156,3157,7,or
5,2934,231,232,7,or
5,2935,1077,1078,3,a
5,2936,4415,4416,12,not_a
5,2937,6001,6002,0,zero
5,2938,2457,2458,7,or
5,2939,6433,6434,14,not_and
5,2940,4230,4231,1,and
5,2941,3152,3153,11,implied_by
5,2942,1468,1469,10,not_b
5,2943,7147,7148,1,and
5,2944,2345,2346,4,not_implied_by
5,2945,3438,3439,3,a
5,2946,361,362,8,not_or
5,2947,2784,2785,15,one
5,2948,676,677,9,not_xor
5,2949,7453,7454,5,b
5,2950,7448,7449,6,xor
5,2951,4686,4687,8,not_or
5,2952,6400,6401,12,not_a
5,2953,1644,1645,15,one
5,2954,899,900,2,not_implies
5,2955,438,439,7,or
5,2956,956,957,1,and
5,2957,7771,7772,13,implies
5,2958,4849,4850,10,not_b
5,2959,1669,1670,12,not_a
5,2960,6222,6223,10,not_b
5,2961,4789,4790,7,or
5,2962,1013,1014,0,zero
5,2963,5795,5796,14,not_and
5,2964,6043,6044,8,not_or
5,2965,393,394,6,xor
5,2966,2570,2571,1,and
5,2967,4229,4230,2,not_implies
5,2968,4622,4623,0,zero
5,2969,687,688,5,b
5,2970,3857,3858,7,or
5,2971,4721,4722,11,implied_by
5,2972,2168,2169,3,a
5,2973,1258,1259,8,not_or
5,2974,158,159,5,b
5,2975,6894,6895,2,not_implies
5,2976,6479,6480,0,zero
5,2977,6884,6885,3,a
5,2978,7809,7810,2,not_implies
5,2979,769,770,7,or
5,2980,2195,2196,10,not_b
5,2981,4277,4278,11,implied_by
5,2982,7856,7857,5,b
5,2983,7179,7180,8,not_or
5,2984,3932,3933,11,implied_by
5,2985,6839,6840,1,and
5,2986,5824,5825,13,implies
5,2987,7957,7958,10,not_b
5,2988,1165,1166,11,implied_by
5,2989,2245,2246,6,xor
5,2990,5319,5320,5,b
5,2991,6315,6316,10,not_b
5,2992,2888,2889,12,not_a
5,2993,6071,6072,12,not_a
5,2994,3415,3416,11,implied_by
5,2995,1864,1865,14,not_and
5,2996,1995,1996,8,not_or
5,2997,3177,3178,10,not_b
5,2998,5487,5488,6,xor
5,2999,7159,7160,1,and
5,3000,5121,5122,13,implies
5,3001,4969,4970,12,not_a
5,3002,7634,7635,5,b
5,3003,3480,3481,4,not_implied_by
5,3004,3773,3774,15,one
5,3005,1414,1415,12,not_a
5,3006,2820,2821,15,one
5,3007,4318,4319,6,xor
5,3008,4919,4920,3,a
5,3009,6111,6112,11,implied_by
5,3010,3494,3495,13,implies
5,3011,5637,5638,5,b
5,3012,6450,6451,10,not_b
5,3013,2619,2620,12,not_a
5,3014,3809,3810,7,or
5,3015,519,520,1,and
5,3016,4703,4704,5,b
5,3017,3062,3063,12,not_a
5,3018,5879,5880,0,zero
5,3019,3869,3870,11,implied_by
5,3020,7991,7992,1,and
5,3021,6059,6060,0,zero
5,3022,5671,5672,13,implies
5,3023,7944,7945,12,not_a
5,3024,1096,1097,13,implies
5,3025,6904,6905,8,not_or
5,3026,2487,2488,11,implied_by
5,3027,2689,2690,4,not_implied_by
5,3028,2375,2376,6,xor
5,3029,593,594,1,and
5,3030,1531,1532,5,b
5,3031,3419,3420,14,not_and
5,3032,6633,6634,12,not_a
5,3033,7524,7525,8,not_or
5,3034,6692,6693,0,zero
5,3035,2929,2930,8,not_or
5,3036,3979,3980,5,b
5,3037,6945,6946,11,implied_by
5,3038,6333,6334,12,not_a
5,3039,2812,2813,9,not_xor
5,3040,5050,5051,10,not_b
5,3041,5424,5425,14,not_and
5,3042,1278,1279,2,not_implies
5,3043,4755,4756,12,not_a
5,3044,611,612,5,b
5,3045,2307,2308,3,a
5,3046,5187,5188,3,a
5,3047,7257,7258,1,and
5,3048,6924,6925,8,not_or
5,3049,7680,7681,15,one
5,3050,661,662,11,implied_by
5,3051,2797,2798,0,zero
5,3052,1088,1089,15,one
5,3053,401,402,13,implies
5,3054,5917,5918,8,not_or
5,3055,1126,1127,10,not_b
5,3056,411,412,10,not_b
5,3057,5401,5402,3,a
5,3058,6429,6430,3,a
5,3059,5240,5241,9,not_xor
5,3060,6354,6355,13,implies
5,3061,123,124,9,not_xor
5,3062,5459,5460,3,a
5,3063,1484,1485,12,not_a
5,3064,2514,2515,11,implied_by
5,3065,2037,2038,15,one
5,3066,7132,7133,4,not_implied_by
5,3067,6480,6481,12,not_a
5,3068,3602,3603,3,a
5,3069,1016,1017,6,xor
5,3070,1408,1409,5,b
5,3071,3394,3395,0,zero
5,3072,1726,1727,12,not_a
5,3073,4385,4386,6,xor
5,3074,2486,2487,10,not_b
5,3075,4854,4855,3,a
5,3076,691,692,10,not_b
5,3077,1489,1490,14,not_and
5,3078,7440,7441,3,a
5,3079,631,632,15,one
5,3080,4518,4519,7,or
5,3081,6219,6220,5,b
5,3082,6157,6158,7,or
5,3083,7291,7292,0,zero
5,3084,4942,4943,4,not_implied_by
5,3085,2010,2011,0,zero
5,3086,6949,6950,5,b
5,3087,1487,1488,14,not_and
5,3088,5153,5154,11,implied_by
5,3089,3871,3872,6,xor
5,3090,2145,2146,6,xor
5,3091,630,631,6,xor
5,3092,7977,7978,4,not_implied_by
5,3093,350,351,13,implies
5,3094,1923,1924,15,one
5,3095,5848,5849,6,xor
5,3096,2539,2540,5,b
5,3097,4058,4059,12,not_a
5,3098,2365,2366,3,a
5,3099,5395,5396,5,b
5,3100,7737,7738,13,implies
5,3101,2681,2682,13,implies
5,3102,4534,4535,4,not_implied_by
5,3103,104,105,4,not_implied_by
5,3104,2553,2554,5,b
5,3105,832,833,13,implies
5,3106,1296,1297,0,zero
5,3107,940,941,12,not_a
5,3108,7562,7563,2,not_implies
5,3109,7618,7619,12,not_a
5,3110,7918,7919,5,b
5,3111,4,5,0,zero
5,3112,6232,6233,14,not_and
5,3113,1320,1321,1,and
5,3114,3291,3292,10,not_b
5,3115,5850,5851,5,b
5,3116,4957,4958,11,implied_by
5,3117,6547,6548,13,implies
5,3118,5752,5753,7,or
5,3119,3408,3409,10,not_b
5,3120,5309,5310,1,and
5,3121,3061,3062,10,not_b
5,3122,7414,7415,2,not_implies
5,3123,7796,7797,6,xor
5,3124,6021,6022,11,implied_by
5,3125,776,777,12,not_a
5,3126,5755,5756,1,and
5,3127,2490,2491,2,not_implies
5,3128,1667,1668,5,b
5,3129,7465,7466,8,not_or
5,3130,6765,6766,0,zero
5,3131,7887,7888,12,not_a
5,3132,7762,7763,12,not_a
5,3133,4419,4420,4,not_implied_by
5,3134,6116,6117,1,and
5,3135,5909,5910,1,and
5,3136,4560,4561,3,a
5,3137,5960,5961,10,not_b
5,3138,6410,6411,11,implied_by
5,3139,5452,5453,11,implied_by
5,3140,7627,7628,6,xor
5,3141,2467,2468,5,b
5,3142,6594,6595,15,one
5,3143,3885,3886,5,b
5,3144,6846,6847,8,not_or
5,3145,3173,3174,8,not_or
5,3146,2111,2112,0,zero
5,3147,383,384,7,or
5,3148,613,614,12,not_a
5,3149,4616,4617,13,implies
5,3150,5427,5428,1,and
5,3151,7681,7682,1,and
5,3152,4260,4261,3,a
5,3153,3537,3538,11,implied_by
5,3154,7855,7856,5,b
5,3155,7401,7402,12,not_a
5,3156,1148,1149,13,implies
5,3157,269,270,10,not_b
5,3158,7557,7558,4,not_implied_by
5,3159,386,387,12,not_a
5,3160,461,462,6,xor
5,3161,4568,4569,10,not_b
5,3162,1330,1331,5,b
5,3163,6651,6652,14,not_and
5,3164,5552,5553,12,not_a
5,3165,331,332,4,not_implied_by
5,3166,6148,6149,12,not_a
5,3167,3311,3312,4,not_implied_by
5,3168,4135,4136,12,not_a
5,3169,7925,7926,9,not_xor
5,3170,567,568,14,not_and
5,3171,1967,1968,8,not_or
5,3172,7800,7801,8,not_or
5,3173,1516,1517,2,not_implies
5,3174,1579,1580,12,not_a
5,3175,7958,7959,9,not_xor
5,3176,5750,5751,2,not_implies
5,3177,7232,7233,4,not_implied_by
5,3178,1003,1004,9,not_xor
5,3179,7761,7762,10,not_b
5,3180,7281,7282,0,zero
5,3181,2152,2153,5,b
5,3182,1243,1244,10,not_b
5,3183,6062,6063,4,not_implied_by
5,3184,5265,5266,2,not_implies
5,3185,669,670,8,not_or
5,3186,3816,3817,1,and
5,3187,1719,1720,11,implied_by
5,3188,7819,7820,12,not_a
5,3189,6337,6338,5,b
5,3190,7686,7687,1,and
5,3191,5016,5017,10,not_b
5,3192,6881,6882,2,not_implies
5,3193,5269,5270,11,implied_by
5,3194,7282,7283,0,zero
5,3195,2592,2593,9,not_xor
5,3196,7506,7507,12,not_a
5,3197,4339,4340,0,zero
5,3198,5478,5479,8,not_or
5,3199,6208,6209,12,not_a
5,3200,4487,4488,11,implied_by
5,3201,4254,4255,14,not_and
5,3202,1873,1874,12,not_a
5,3203,7535,7536,15,one
5,3204,907,908,13,implies
5,3205,7709,7710,10,not_b
5,3206,1687,1688,14,not_and
5,3207,1329,1330,4,not_implied_by
5,3208,121,122,6,xor
5,3209,3746,3747,15,one
5,3210,4570,4571,0,zero
5,3211,7069,7070,11,implied_by
5,3212,4883,4884,0,zero
5,3213,528,529,3,a
5,3214,3176,3177,1,and
5,3215,2606,2607,5,b
5,3216,3779,3780,2,not_implies
5,3217,950,951,14,not_and
5,3218,3130,3131,5,b
5,3219,3811,3812,10,not_b
5,3220,424,425,14,not_and
5,3221,1555,1556,7,or
5,3222,3709,3710,12,not_a
5,3223,2686,2687,4,not_implied_by
5,3224,810,811,7,or
5,3225,961,962,13,implies
5,3226,7195,7196,5,b
5,3227,7452,7453,4,not_implied_by
5,3228,7427,7428,0,zero
5,3229,5344,5345,9,not_xor
5,3230,895,896,12,not_a
5,3231,2277,2278,13,implies
5,3232,785,786,4,not_implied_by
5,3233,7185,7186,11,implied_by
5,3234,3677,3678,11,implied_by
5,3235,6137,6138,4,not_implied_by
5,3236,2387,2388,14,not_and
5,3237,3832,3833,3,a
5,3238,6932,6933,3,a
5,3239,6174,6175,8,not_or
5,3240,6173,6174,13,implies
5,3241,900,901,13,implies
5,3242,1649,1650,14,not_and
5,3243,1232,1233,8,not_or
5,3244,5149,5150,0,zero
5,3245,4529,4530,12,not_a
5,3246,4447,4448,9,not_xor
5,3247,7571,7572,7,or
5,3248,6282,6283,5,b
5,3249,7896,7897,11,implied_by
5,3250,2520,2521,4,not_implied_by
5,3251,2265,2266,11,implied_by
5,3252,1275,1276,3,a
5,3253,205,206,10,not_b
5,3254,2371,2372,0,zero
5,3255,801,802,0,zero
5,3256,485,486,9,not_xor
5,3257,2482,2483,9,not_xor
5,3258,3786,3787,12,not_a
5,3259,3258,3259,5,b
5,3260,5289,5290,11,implied_by
5,3261,999,1000,2,not_implies
5,3262,6744,6745,12,not_a
5,3263,140,141,9,not_xor
5,3264,2202,2203,9,not_xor
5,3265,457,458,9,not_xor
5,3266,5251,5252,7,or
5,3267,3544,3545,1,and
5,3268,1030,1031,13,implies
5,3269,5057,5058,3,a
5,3270,1921,1922,7,or
5,3271,6225,6226,10,not_b
5,3272,5530,5531,15,one
5,3273,5836,5837,12,not_a
5,3274,6697,6698,3,a
5,3275,178,179,10,not_b
5,3276,5844,5845,8,not_or
5,3277,7871,7872,5,b
5,3278,3712,3713,0,zero
5,3279,6257,6258,9,not_xor
5,3280,1925,1926,5,b
5,3281,4308,4309,3,a
5,3282,3303,3304,1,and
5,3283,5077,5078,8,not_or
5,3284,4050,4051,11,implied_by
5,3285,467,468,8,not_or
5,3286,2352,2353,9,not_xor
5,3287,6031,6032,2,not_implies
5,3288,6066,6067,15,one
5,3289,7097,7098,13,implies
5,3290,3638,3639,7,or
5,3291,3241,3242,5,b
5,3292,1270,1271,1,and
5,3293,5908,5909,9,not_xor
5,3294,2496,2497,0,zero
5,3295,3042,3043,2,not_implies
5,3296,2563,2564,0,zero
5,3297,5124,5125,14,not_and
5,3298,1205,1206,9,not_xor
5,3299,6875,6876,12,not_a
5,3300,5770,5771,10,not_b
5,3301,274,275,7,or
5,3302,5522,5523,13,implies
5,3303,2654,2655,14,not_and
5,3304,300,301,7,or
5,3305,5914,5915,4,not_implied_by
5,3306,883,884,3,a
5,3307,6168,6169,3,a
5,3308,5236,5237,6,xor
5,3309,2616,2617,10,not_b
5,3310,4246,4247,7,or
5,3311,1747,1748,0,zero
5,3312,6927,6928,11,implied_by
5,3313,2407,2408,12,not_a
5,3314,1565,1566,13,implies
5,3315,921,922,13,implies
5,3316,6771,6772,1,and
5,3317,5453,5454,8,not_or
5,3318,5724,5725,4,not_implied_by
5,3319,693,694,3,a
5,3320,4028,4029,3,a
5,3321,6039,6040,12,not_a
5,3322,6732,6733,6,xor
5,3323,2378,2379,6,xor
5,3324,2677,2678,8,not_or
5,3325,681,682,12,not_a
5,3326,2480,2481,14,not_and
5,3327,6451,6452,7,or
5,3328,1029,1030,5,b
5,3329,5849,5850,10,not_b
5,3330,5300,5301,6,xor
5,3331,2073,2074,4,not_implied_by
5,3332,2349,2350,3,a
5,3333,3600,3601,4,not_implied_by
5,3334,3227,3228,5,b
5,3335,501,502,12,not_a
5,3336,653,654,0,zero
5,3337,5616,5617,10,not_b
5,3338,7488,7489,3,a
5,3339,1160,1161,8,not_or
5,3340,3319,3320,13,implies
5,3341,7635,7636,10,not_b
5,3342,3073,3074,15,one
5,3343,5317,5318,3,a
5,3344,6311,6312,9,not_xor
5,3345,4313,4314,13,implies
5,3346,2283,2284,13,implies
5,3347,7650,7651,3,a
5,3348,3577,3578,13,implies
5,3349,2126,2127,5,b
5,3350,2344,2345,11,implied_by
5,3351,594,595,3,a
5,3352,5432,5433,2,not_implies
5,3353,6186,6187,10,not_b
5,3354,619,620,10,not_b
5,3355,7501,7502,7,or
5,3356,2282,2283,11,implied_by
5,3357,1862,1863,13,implies
5,3358,6233,6234,15,one
5,3359,209,210,14,not_and
5,3360,7646,7647,3,a
5,3361,5257,5258,0,zero
5,3362,71,72,1,and
5,3363,1917,1918,9,not_xor
5,3364,3037,3038,12,not_a
5,3365,6575,6576,15,one
5,3366,5192,5193,15,one
5,3367,2848,2849,15,one
5,3368,6795,6796,0,zero
5,3369,7360,7361,15,one
5,3370,7289,7290,12,not_a
5,3371,4964,4965,4,not_implied_by
5,3372,6104,6105,1,and
5,3373,4899,4900,0,zero
5,3374,3632,3633,15,one
5,3375,579,580,7,or
5,3376,7920,7921,12,not_a
5,3377,1706,1707,0,zero
5,3378,7710,7711,14,not_and
5,3379,3138,3139,5,b
5,3380,202,203,12,not_a
5,3381,4592,4593,1,and
5,3382,3357,3358,4,not_implied_by
5,3383,6878,6879,10,not_b
5,3384,5921,5922,8,not_or
5,3385,292,293,2,not_implies
5,3386,6373,6374,9,not_xor
5,3387,1054,1055,7,or
5,3388,6105,6106,7,or
5,3389,6405,6406,0,zero
5,3390,2221,2222,0,zero
5,3391,3218,3219,13,implies
5,3392,4118,4119,4,not_implied_by
5,3393,7063,7064,4,not_implied_by
5,3394,3451,3452,12,not_a
5,3395,5958,5959,9,not_xor
5,3396,6973,6974,0,zero
5,3397,323,324,10,not_b
5,3398,4889,4890,3,a
5,3399,3290,3291,3,a
5,3400,4025,4026,2,not_implies
5,3401,3166,3167,10,not_b
5,3402,5291,5292,6,xor
5,3403,7144,7145,12,not_a
5,3404,188,189,8,not_or
5,3405,7162,7163,9,not_xor
5,3406,4859,4860,4,not_implied_by
5,3407,6931,6932,12,not_a
5,3408,3915,3916,14,not_and
5,3409,6805,6806,5,b
5,3410,1039,1040,8,not_or
5,3411,326,327,12,not_a
5,3412,2069,2070,11,implied_by
5,3413,6099,6100,3,a
5,3414,1894,1895,10,not_b
5,3415,592,593,13,implies
5,3416,7180,7181,11,implied_by
5,3417,4055,4056,4,not_implied_by
5,3418,4620,4621,13,implies
5,3419,5992,5993,8,not_or
5,3420,3865,3866,15,one
5,3421,4358,4359,14,not_and
5,3422,2519,2520,9,not_xor
5,3423,7306,7307,0,zero
5,3424,5652,5653,10,not_b
5,3425,3916,3917,7,or
5,3426,3254,3255,14,not_and
5,3427,5332,5333,5,b
5,3428,4324,4325,7,or
5,3429,3217,3218,9,not_xor
5,3430,5781,5782,15,one
5,3431,2427,2428,1,and
5,3432,2668,2669,10,not_b
5,3433,1779,1780,13,implies
5,3434,7806,7807,2,not_implies
5,3435,1532,1533,3,a
5,3436,3549,3550,11,implied_by
5,3437,2279,2280,9,not_xor
5,3438,7838,7839,1,and
5,3439,4109,4110,4,not_implied_by
5,3440,7609,7610,6,xor
5,3441,5594,5595,10,not_b
5,3442,3273,3274,6,xor
5,3443,7563,7564,4,not_implied_by
5,3444,6121,6122,8,not_or
5,3445,3029,3030,1,and
5,3446,6835,6836,13,implies
5,3447,1475,1476,3,a
5,3448,3696,3697,7,or
5,3449,2541,2542,12,not_a
5,3450,6416,6417,1,and
5,3451,2267,2268,8,not_or
5,3452,4691,4692,1,and
5,3453,5318,5319,6,xor
5,3454,1884,1885,3,a
5,3455,4509,4510,15,one
5,3456,1865,1866,15,one
5,3457,7083,7084,9,not_xor
5,3458,4840,4841,13,implies
5,3459,6418,6419,1,and
5,3460,5181,5182,9,not_xor
5,3461,540,541,4,not_implied_by
5,3462,1900,1901,11,implied_by
5,3463,7579,7580,0,zero
5,3464,1769,1770,6,xor
5,3465,4451,4452,11,implied_by
5,3466,6364,6365,3,a
5,3467,4663,4664,11,implied_by
5,3468,7065,7066,15,one
5,3469,307,308,8,not_or
5,3470,1635,1636,1,and
5,3471,4299,4300,8,not_or
5,3472,3834,3835,3,a
5,3473,7078,7079,10,not_b
5,3474,521,522,0,zero
5,3475,2628,2629,4,not_implied_by
5,3476,6885,6886,3,a
5,3477,7678,7679,0,zero
5,3478,7679,7680,5,b
5,3479,103,104,12,not_a
5,3480,1044,1045,2,not_implies
5,3481,6328,6329,9,not_xor
5,3482,753,754,3,a
5,3483,4715,4716,0,zero
5,3484,356,357,13,implies
5,3485,3054,3055,2,not_implies
5,3486,6402,6403,11,implied_by
5,3487,6564,6565,4,not_implied_by
5,3488,5758,5759,8,not_or
5,3489,3548,3549,15,one
5,3490,1507,1508,8,not_or
5,3491,322,323,15,one
5,3492,7245,7246,9,not_xor
5,3493,4927,4928,0,zero
5,3494,878,879,2,not_implies
5,3495,4581,4582,2,not_implies
5,3496,4226,4227,3,a
5,3497,4222,4223,5,b
5,3498,970,971,5,b
5,3499,5094,5095,4,not_implied_by
5,3500,2935,2936,8,not_or
5,3501,6072,6073,5,b
5,3502,2047,2048,6,xor
5,3503,1015,1016,2,not_implies
5,3504,1285,1286,6,xor
5,3505,1827,1828,11,implied_by
5,3506,3966,3967,10,not_b
5,3507,790,791,3,a
5,3508,1101,1102,3,a
5,3509,6778,6779,14,not_and
5,3510,4687,4688,2,not_implies
5,3511,1563,1564,15,one
5,3512,119,120,10,not_b
5,3513,4429,4430,5,b
5,3514,4265,4266,6,xor
5,3515,4220,4221,9,not_xor
5,3516,7099,7100,10,not_b
5,3517,6293,6294,2,not_implies
5,3518,7248,7249,15,one
5,3519,6077,6078,10,not_b
5,3520,3688,3689,11,implied_by
5,3521,5725,5726,11,implied_by
5,3522,7770,7771,15,one
5,3523,3583,3584,10,not_b
5,3524,7717,7718,13,implies
5,3525,6979,6980,14,not_and
5,3526,5642,5643,9,not_xor
5,3527,541,542,1,and
5,3528,313,314,2,not_implies
5,3529,791,792,3,a
5,3530,174,175,1,and
5,3531,831,832,3,a
5,3532,5823,5824,14,not_and
5,3533,6056,6057,9,not_xor
5,3534,7862,7863,11,implied_by
5,3535,2262,2263,4,not_implied_by
5,3536,5559,5560,11,implied_by
5,3537,5808,5809,7,or
5,3538,7022,7023,12,not_a
5,3539,3213,3214,1,and
5,3540,4452,4453,0,zero
5,3541,1433,1434,11,implied_by
5,3542,1212,1213,12,not_a
5,3543,7228,7229,4,not_implied_by
5,3544,5387,5388,15,one
5,3545,4483,4484,10,not_b
5,3546,2248,2249,1,and
5,3547,2139,2140,0,zero
5,3548,7079,7080,12,not_a
5,3549,2077,2078,12,not_a
5,3550,400,401,12,not_a
5,3551,6152,6153,7,or
5,3552,1012,1013,14,not_and
5,3553,5679,5680,5,b
5,3554,4214,4215,0,zero
5,3555,7676,7677,11,implied_by
5,3556,1351,1352,0,zero
5,3557,1297,1298,0,zero
5,3558,4538,4539,12,not_a
5,3559,7976,7977,1,and
5,3560,29,30,15,one
5,3561,7939,7940,1,and
5,3562,1197,1198,2,not_implies
5,3563,4017,4018,9,not_xor
5,3564,4831,4832,9,not_xor
5,3565,626,627,9,not_xor
5,3566,4688,4689,5,b
5,3567,3036,3037,12,not_a
5,3568,83,84,1,and
5,3569,2726,2727,6,xor
5,3570,3752,3753,6,xor
5,3571,6553,6554,5,b
5,3572,3089,3090,0,zero
5,3573,7259,7260,5,b
5,3574,5895,5896,7,or
5,3575,1663,1664,2,not_implies
5,3576,553,554,13,implies
5,3577,2576,2577,9,not_xor
5,3578,397,398,6,xor
5,3579,3242,3243,3,a
5,3580,2690,2691,10,not_b
5,3581,7906,7907,9,not_xor
5,3582,7840,7841,3,a
5,3583,3379,3380,10,not_b
5,3584,4252,4253,5,b
5,3585,858,859,8,not_or
5,3586,1674,1675,5,b
5,3587,4985,4986,1,and
5,3588,6535,6536,10,not_b
5,3589,3511,3512,2,not_implies
5,3590,3637,3638,2,not_implies
5,3591,2851,2852,11,implied_by
5,3592,3455,3456,10,not_b
5,3593,6003,6004,3,a
5,3594,225,226,9,not_xor
5,3595,2347,2348,7,or
5,3596,1799,1800,10,not_b
5,3597,2441,2442,5,b
5,3598,6422,6423,3,a
5,3599,2473,2474,15,one
5,3600,6900,6901,6,xor
5,3601,3950,3951,5,b
5,3602,7954,7955,4,not_implied_by
5,3603,1091,1092,0,zero
5,3604,6508,6509,0,zero
5,3605,6944,6945,1,and
5,3606,505,506,1,and
5,3607,6491,6492,12,not_a
5,3608,2792,2793,15,one
5,3609,3530,3531,13,implies
5,3610,1202,1203,8,not_or
5,3611,3593,3594,1,and
5,3612,3619,3620,5,b
5,3613,5930,5931,10,not_b
5,3614,7358,7359,5,b
5,3615,3282,3283,3,a
5,3616,7121,7122,0,zero
5,3617,2862,2863,1,and
5,3618,3553,3554,0,zero
5,3619,403,404,8,not_or
5,3620,4163,4164,8,not_or
5,3621,4005,4006,4,not_implied_by
5,3622,384,385,9,not_xor
5,3623,4670,4671,12,not_a
5,3624,6644,6645,11,implied_by
5,3625,7947,7948,10,not_b
5,3626,7300,7301,4,not_implied_by
5,3627,1767,1768,10,not_b
5,3628,7215,7216,3,a
5,3629,4590,4591,12,not_a
5,3630,7721,7722,12,not_a
5,3631,6428,6429,7,or
5,3632,973,974,12,not_a
5,3633,1971,1972,9,not_xor
5,3634,5136,5137,12,not_a
5,3635,7197,7198,15,one
5,3636,5198,5199,9,not_xor
5,3637,3926,3927,6,xor
5,3638,1389,1390,8,not_or
5,3639,6748,6749,9,not_xor
5,3640,3057,3058,3,a
5,3641,7980,7981,4,not_implied_by
5,3642,2745,2746,7,or
5,3643,7547,7548,12,not_a
5,3644,1173,1174,12,not_a
5,3645,4147,4148,14,not_and
5,3646,5546,5547,0,zero
5,3647,3181,3182,13,implies
5,3648,5873,5874,5,b
5,3649,4636,4637,8,not_or
5,3650,3592,3593,8,not_or
5,3651,7370,7371,8,not_or
5,3652,1069,1070,0,zero
5,3653,3500,3501,1,and
5,3654,1040,1041,8,not_or
5,3655,2538,2539,4,not_implied_by
5,3656,6401,6402,4,not_implied_by
5,3657,5417,5418,8,not_or
5,3658,7261,7262,4,not_implied_by
5,3659,551,552,5,b
5,3660,5569,5570,12,not_a
5,3661,1624,1625,15,one
5,3662,7392,7393,1,and
5,3663,3280,3281,14,not_and
5,3664,2866,2867,12,not_a
5,3665,3698,3699,5,b
5,3666,5619,5620,11,implied_by
5,3667,6034,6035,10,not_b
5,3668,3244,3245,7,or
5,3669,6393,6394,13,implies
5,3670,841,842,4,not_implied_by
5,3671,4781,4782,12,not_a
5,3672,7203,7204,9,not_xor
5,3673,1908,1909,13,implies
5,3674,5085,5086,4,not_implied_by
5,3675,5212,5213,11,implied_by
5,3676,4500,4501,14,not_and
5,3677,3020,3021,8,not_or
5,3678,6988,6989,5,b
5,3679,4329,4330,1,and
5,3680,7193,7194,1,and
5,3681,3514,3515,12,not_a
5,3682,7387,7388,6,xor
5,3683,5127,5128,3,a
5,3684,4527,4528,8,not_or
5,3685,6529,6530,5,b
5,3686,7077,7078,8,not_or
5,3687,1895,1896,5,b
5,3688,633,634,2,not_implies
5,3689,376,377,6,xor
5,3690,3338,3339,0,zero
5,3691,4338,4339,7,or
5,3692,2356,2357,0,zero
5,3693,5609,5610,1,and
5,3694,5944,5945,10,not_b
5,3695,925,926,6,xor
5,3696,4124,4125,8,not_or
5,3697,6052,6053,4,not_implied_by
5,3698,6276,6277,11,implied_by
5,3699,7110,7111,7,or
5,3700,1939,1940,2,not_implies
5,3701,2481,2482,10,not_b
5,3702,1978,1979,14,not_and
5,3703,7406,7407,11,implied_by
5,3704,5014,5015,2,not_implies
5,3705,7442,7443,3,a
5,3706,184,185,6,xor
5,3707,6420,6421,13,implies
5,3708,515,516,9,not_xor
5,3709,1618,1619,5,b
5,3710,7416,7417,0,zero
5,3711,7188,7189,5,b
5,3712,6810,6811,2,not_implies
5,3713,3649,3650,7,or
5,3714,894,895,3,a
5,3715,834,835,15,one
5,3716,4880,4881,14,not_and
5,3717,3305,3306,2,not_implies
5,3718,1631,1632,3,a
5,3719,5073,5074,9,not_xor
5,3720,4171,4172,9,not_xor
5,3721,4826,4827,5,b
5,3722,4319,4320,5,b
5,3723,21,22,12,not_a
5,3724,3680,3681,10,not_b
5,3725,6993,6994,7,or
5,3726,3197,3198,0,zero
5,3727,3095,3096,9,not_xor
5,3728,5691,5692,11,implied_by
5,3729,1947,1948,13,implies
5,3730,2263,2264,13,implies
5,3731,5903,5904,11,implied_by
5,3732,450,451,7,or
5,3733,168,169,7,or
5,3734,2177,2178,11,implied_by
5,3735,1940,1941,5,b
5,3736,7345,7346,12,not_a
5,3737,690,691,9,not_xor
5,3738,81,82,9,not_xor
5,3739,5959,5960,5,b
5,3740,172,173,6,xor
5,3741,4892,4893,3,a
5,3742,6409,6410,4,not_implied_by
5,3743,2724,2725,10,not_b
5,3744,1840,1841,9,not_xor
5,3745,7436,7437,11,implied_by
5,3746,4175,4176,3,a
5,3747,1198,1199,8,not_or
5,3748,1666,1667,7,or
5,3749,1076,1077,13,implies
5,3750,7407,7408,3,a
5,3751,5866,5867,10,not_b
5,3752,4075,4076,10,not_b
5,3753,3284,3285,11,implied_by
5,3754,156,157,3,a
5,3755,2377,2378,13,implies
5,3756,5876,5877,5,b
5,3757,5296,5297,10,not_b
5,3758,369,370,1,and
5,3759,2992,2993,2,not_implies
5,3760,2544,2545,8,not_or
5,3761,2256,2257,6,xor
5,3762,5524,5525,15,one
5,3763,4342,4343,10,not_b
5,3764,1210,1211,3,a
5,3765,2142,2143,8,not_or
5,3766,3404,3405,2,not_implies
5,3767,575,576,9,not_xor
5,3768,4814,4815,10,not_b
5,3769,2083,2084,5,b
5,3770,3399,3400,1,and
5,3771,6695,6696,12,not_a
5,3772,6654,6655,7,or
5,3773,710,711,2,not_implies
5,3774,2568,2569,8,not_or
5,3775,2498,2499,1,and
5,3776,4287,4288,6,xor
5,3777,7988,7989,0,zero
5,3778,230,231,15,one
5,3779,4103,4104,0,zero
5,3780,2292,2293,4,not_implied_by
5,3781,3920,3921,9,not_xor
5,3782,3403,3404,3,a
5,3783,5017,5018,0,zero
5,3784,1604,1605,14,not_and
5,3785,2406,2407,5,b
5,3786,6545,6546,8,not_or
5,3787,1209,1210,11,implied_by
5,3788,4035,4036,9,not_xor
5,3789,3033,3034,3,a
5,3790,5483,5484,12,not_a
5,3791,5143,5144,14,not_and
5,3792,4558,4559,7,or
5,3793,953,954,10,not_b
5,3794,7187,7188,13,implies
5,3795,4100,4101,9,not_xor
5,3796,7341,7342,11,implied_by
5,3797,817,818,11,implied_by
5,3798,601,602,9,not_xor
5,3799,33,34,8,not_or
5,3800,7475,7476,6,xor
5,3801,4694,4695,3,a
5,3802,3618,3619,11,implied_by
5,3803,6684,6685,1,and
5,3804,3718,3719,11,implied_by
5,3805,7487,7488,0,zero
5,3806,2149,2150,0,zero
5,3807,7901,7902,9,not_xor
5,3808,1788,1789,5,b
5,3809,4769,4770,3,a
5,3810,6577,6578,2,not_implies
5,3811,14,15,5,b
5,3812,1509,1510,4,not_implied_by
5,3813,1997,1998,4,not_implied_by
5,3814,2708,2709,11,implied_by
5,3815,3031,3032,11,implied_by
5,3816,1960,1961,2,not_implies
5,3817,2887,2888,10,not_b
5,3818,1653,1654,9,not_xor
5,3819,5217,5218,10,not_b
5,3820,2658,2659,5,b
5,3821,7687,7688,2,not_implies
5,3822,2902,2903,8,not_or
5,3823,4278,4279,11,implied_by
5,3824,7726,7727,5,b
5,3825,7898,7899,4,not_implied_by
5,3826,6199,6200,6,xor
5,3827,1684,1685,11,implied_by
5,3828,5310,5311,3,a
5,3829,5512,5513,8,not_or
5,3830,2833,2834,3,a
5,3831,1961,1962,0,zero
5,3832,5583,5584,12,not_a
5,3833,1790,1791,6,xor
5,3834,3481,3482,13,implies
5,3835,2326,2327,15,one
5,3836,6406,6407,9,not_xor
5,3837,7384,7385,13,implies
5,3838,5488,5489,13,implies
5,3839,4772,4773,10,not_b
5,3840,2233,2234,5,b
5,3841,4890,4891,2,not_implies
5,3842,897,898,1,and
5,3843,3691,3692,9,not_xor
5,3844,3348,3349,12,not_a
5,3845,4921,4922,7,or
5,3846,701,702,14,not_and
5,3847,3322,3323,6,xor
5,3848,3706,3707,7,or
5,3849,7349,7350,3,a
5,3850,6985,6986,15,one
5,3851,2416,2417,10,not_b
5,3852,6752,6753,11,implied_by
5,3853,2841,2842,9,not_xor
5,3854,4070,4071,0,zero
5,3855,7882,7883,3,a
5,3856,7807,7808,6,xor
5,3857,2471,2472,6,xor
5,3858,6390,6391,3,a
5,3859,5800,5801,15,one
5,3860,4159,4160,15,one
5,3861,2863,2864,8,not_or
5,3862,5224,5225,12,not_a
5,3863,4355,4356,8,not_or
5,3864,3660,3661,9,not_xor
5,3865,7030,7031,0,zero
5,3866,6597,6598,1,and
5,3867,642,643,5,b
5,3868,3982,3983,3,a
5,3869,5386,5387,13,implies
5,3870,2945,2946,7,or
5,3871,2461,2462,4,not_implied_by
5,3872,4127,4128,12,not_a
5,3873,6057,6058,3,a
5,3874,7441,7442,5,b
5,3875,7070,7071,15,one
5,3876,2882,2883,10,not_b
5,3877,4122,4123,3,a
5,3878,5140,5141,1,and
5,3879,3457,3458,14,not_and
5,3880,2998,2999,2,not_implies
5,3881,6719,6720,13,implies
5,3882,5720,5721,3,a
5,3883,4722,4723,2,not_implies
5,3884,5059,5060,6,xor
5,3885,6255,6256,9,not_xor
5,3886,6574,6575,13,implies
5,3887,5290,5291,15,one
5,3888,3007,3008,13,implies
5,3889,1127,1128,3,a
5,3890,75,76,9,not_xor
5,3891,2078,2079,11,implied_by
5,3892,6605,6606,3,a
5,3893,66,67,7,or
5,3894,5495,5496,5,b
5,3895,3565,3566,6,xor
5,3896,2795,2796,12,not_a
5,3897,622,623,15,one
5,3898,2055,2056,8,not_or
5,3899,4870,4871,3,a
5,3900,5952,5953,0,zero
5,3901,869,870,10,not_b
5,3902,5501,5502,5,b
5,3903,152,153,3,a
5,3904,141,142,3,a
5,3905,7241,7242,13,implies
5,3906,2089,2090,11,implied_by
5,3907,110,111,4,not_implied_by
5,3908,5641,5642,13,implies
5,3909,7486,7487,7,or
5,3910,2418,2419,6,xor
5,3911,7003,7004,0,zero
5,3912,4117,4118,10,not_b
5,3913,6083,6084,7,or
5,3914,3917,3918,5,b
5,3915,3260,3261,7,or
5,3916,2439,2440,9,not_xor
5,3917,761,762,3,a
5,3918,7100,7101,12,not_a
5,3919,5862,5863,10,not_b
5,3920,6907,6908,11,implied_by
5,3921,4066,4067,12,not_a
5,3922,4091,4092,10,not_b
5,3923,5525,5526,4,not_implied_by
5,3924,2075,2076,3,a
5,3925,6856,6857,4,not_implied_by
5,3926,1764,1765,12,not_a
5,3927,1569,1570,5,b
5,3928,7879,7880,2,not_implies
5,3929,5635,5636,9,not_xor
5,3930,7530,7531,2,not_implies
5,3931,3190,3191,4,not_implied_by
5,3932,4770,4771,13,implies
5,3933,7784,7785,2,not_implies
5,3934,3236,3237,5,b
5,3935,4328,4329,8,not_or
5,3936,4950,4951,3,a
5,3937,4294,4295,13,implies
5,3938,3228,3229,6,xor
5,3939,1429,1430,10,not_b
5,3940,2840,2841,14,not_and
5,3941,1771,1772,9,not_xor
5,3942,7051,7052,13,implies
5,3943,2722,2723,5,b
5,3944,2235,2236,3,a
5,3945,303,304,6,xor
5,3946,2201,2202,6,xor
5,3947,5345,5346,1,and
5,3948,314,315,9,not_xor
5,3949,1478,1479,3,a
5,3950,6870,6871,10,not_b
5,3951,6857,6858,15,one
5,3952,4773,4774,5,b
5,3953,3710,3711,3,a
5,3954,3102,3103,5,b
5,3955,5352,5353,14,not_and
5,3956,713,714,13,implies
5,3957,4924,4925,10,not_b
5,3958,2038,2039,6,xor
5,3959,1926,1927,3,a
5,3960,6141,6142,14,not_and
5,3961,7574,7575,11,implied_by
5,3962,3759,3760,4,not_implied_by
5,3963,6772,6773,3,a
5,3964,2847,2848,4,not_implied_by
5,3965,7467,7468,11,implied_by
5,3966,4520,4521,12,not_a
5,3967,7767,7768,14,not_and
5,3968,4210,4211,9,not_xor
5,3969,7564,7565,7,or
5,3970,149,150,12,not_a
5,3971,4903,4904,5,b
5,3972,265,266,7,or
5,3973,1059,1060,12,not_a
5,3974,1045,1046,12,not_a
5,3975,2707,2708,2,not_implies
5,3976,5135,5136,14,not_and
5,3977,5560,5561,12,not_a
5,3978,6287,6288,9,not_xor
5,3979,2299,2300,10,not_b
5,3980,1902,1903,5,b
5,3981,662,663,2,not_implies
5,3982,5809,5810,12,not_a
5,3983,4076,4077,4,not_implied_by
5,3984,4605,4606,4,not_implied_by
5,3985,2394,2395,11,implied_by
5,3986,7084,7085,7,or
5,3987,2964,2965,14,not_and
5,3988,7091,7092,4,not_implied_by
5,3989,3196,3197,5,b
5,3990,2442,2443,11,implied_by
5,3991,7217,7218,14,not_and
5,3992,279,280,4,not_implied_by
5,3993,5804,5805,14,not_and
5,3994,5821,5822,14,not_and
5,3995,3250,3251,11,implied_by
5,3996,6438,6439,10,not_b
5,3997,2635,2636,9,not_xor
5,3998,3546,3547,7,or
5,3999,6011,6012,2,not_implies
5,4000,4513,4514,9,not_xor
5,4001,2982,2983,3,a
5,4002,48,49,14,not_and
5,4003,422,423,15,one
5,4004,2629,2630,1,and
5,4005,3439,3440,7,or
5,4006,5142,5143,6,xor
5,4007,4766,4767,3,a
5,4008,1964,1965,3,a
5,4009,2782,2783,12,not_a
5,4010,7804,7805,8,not_or
5,4011,3444,3445,5,b
5,4012,7846,7847,7,or
5,4013,1822,1823,0,zero
5,4014,6690,6691,5,b
5,4015,6330,6331,10,not_b
5,4016,7160,7161,8,not_or
5,4017,2452,2453,0,zero
5,4018,2892,2893,10,not_b
5,4019,6562,6563,10,not_b
5,4020,525,526,13,implies
5,4021,1164,1165,3,a
5,4022,5948,5949,6,xor
5,4023,1576,1577,6,xor
5,4024,5384,5385,0,zero
5,4025,6431,6432,4,not_implied_by
5,4026,6699,6700,6,xor
5,4027,2799,2800,10,not_b
5,4028,6464,6465,10,not_b
5,4029,4730,4731,5,b
5,4030,5812,5813,13,implies
5,4031,695,696,8,not_or
5,4032,2296,2297,6,xor
5,4033,7115,7116,0,zero
5,4034,6850,6851,1,and
5,4035,3358,3359,5,b
5,4036,3388,3389,13,implies
5,4037,3458,3459,15,one
5,4038,3178,3179,15,one
5,4039,4536,4537,15,one
5,4040,1549,1550,3,a
5,4041,3441,3442,11,implied_by
5,4042,1231,1232,9,not_xor
5,4043,3518,3519,13,implies
5,4044,6641,6642,5,b
5,4045,6942,6943,10,not_b
5,4046,5391,5392,1,and
5,4047,453,454,7,or
5,4048,6910,6911,13,implies
5,4049,250,251,1,and
5,4050,6543,6544,12,not_a
5,4051,3804,3805,6,xor
5,4052,4405,4406,15,one
5,4053,3984,3985,7,or
5,4054,5935,5936,9,not_xor
5,4055,4421,4422,14,not_and
5,4056,2665,2666,8,not_or
5,4057,3385,3386,10,not_b
5,4058,1639,1640,12,not_a
5,4059,2369,2370,0,zero
5,4060,6158,6159,8,not_or
5,4061,6517,6518,6,xor
5,4062,7682,7683,10,not_b
5,4063,7599,7600,5,b
5,4064,2548,2549,2,not_implies
5,4065,5915,5916,3,a
5,4066,3589,3590,1,and
5,4067,6138,6139,5,b
5,4068,2593,2594,8,not_or
5,4069,4834,4835,8,not_or
5,4070,5178,5179,3,a
5,4071,4786,4787,4,not_implied_by
5,4072,768,769,7,or
5,4073,3888,3889,0,zero
5,4074,3051,3052,8,not_or
5,4075,3929,3930,3,a
5,4076,4675,4676,11,implied_by
5,4077,2991,2992,12,not_a
5,4078,1306,1307,0,zero
5,4079,5194,5195,3,a
5,4080,2694,2695,15,one
5,4081,3223,3224,2,not_implies
5,4082,5756,5757,6,xor
5,4083,3288,3289,7,or
5,4084,939,940,12,not_a
5,4085,4557,4558,12,not_a
5,4086,6758,6759,11,implied_by
5,4087,3392,3393,8,not_or
5,4088,290,291,3,a
5,4089,1112,1113,0,zero
5,4090,3758,3759,9,not_xor
5,4091,2046,2047,10,not_b
5,4092,1399,1400,11,implied_by
5,4093,2672,2673,1,and
5,4094,5567,5568,3,a
5,4095,5989,5990,4,not_implied_by
5,4096,7783,7784,12,not_a
5,4097,4414,4415,12,not_a
5,4098,1113,1114,13,implies
5,4099,388,389,0,zero
5,4100,4304,4305,0,zero
5,4101,4371,4372,1,and
5,4102,989,990,13,implies
5,4103,6245,6246,3,a
5,4104,5065,5066,1,and
5,4105,4725,4726,14,not_and
5,4106,1546,1547,5,b
5,4107,2449,2450,3,a
5,4108,882,883,8,not_or
5,4109,7790,7791,7,or
5,4110,3101,3102,12,not_a
5,4111,4741,4742,3,a
5,4112,1850,1851,1,and
5,4113,5278,5279,3,a
5,4114,6076,6077,5,b
5,4115,3554,3555,0,zero
5,4116,7551,7552,12,not_a
5,4117,4169,4170,8,not_or
5,4118,6408,6409,10,not_b
5,4119,1749,1750,3,a
5,4120,2837,2838,3,a
5,4121,6029,6030,12,not_a
5,4122,2493,2494,4,not_implied_by
5,4123,4791,4792,12,not_a
5,4124,7519,7520,4,not_implied_by
5,4125,2065,2066,3,a
5,4126,1311,1312,3,a
5,4127,1071,1072,6,xor
5,4128,3655,3656,2,not_implies
5,4129,4904,4905,10,not_b
5,4130,1594,1595,13,implies
5,4131,696,697,2,not_implies
5,4132,5246,5247,5,b
5,4133,4731,4732,9,not_xor
5,4134,1519,1520,13,implies
5,4135,3431,3432,6,xor
5,4136,5063,5064,14,not_and
5,4137,6779,6780,3,a
5,4138,1592,1593,11,implied_by
5,4139,4839,4840,12,not_a
5,4140,4544,4545,6,xor
5,4141,2868,2869,14,not_and
5,4142,238,239,15,one
5,4143,6559,6560,13,implies
5,4144,2465,2466,1,and
5,4145,6496,6497,5,b
5,4146,1852,1853,5,b
5,4147,7525,7526,9,not_xor
5,4148,1034,1035,12,not_a
5,4149,1680,1681,8,not_or
5,4150,2826,2827,7,or
5,4151,829,830,5,b
5,4152,2476,2477,11,implied_by
5,4153,6965,6966,1,and
5,4154,3434,3435,3,a
5,4155,3445,3446,7,or
5,4156,1603,1604,13,implies
5,4157,3729,3730,7,or
5,4158,3940,3941,11,implied_by
5,4159,7834,7835,12,not_a
5,4160,6285,6286,9,not_xor
5,4161,2128,2129,2,not_implies
5,4162,7143,7144,1,and
5,4163,1422,1423,13,implies
5,4164,1500,1501,15,one
5,4165,5991,5992,7,or
5,4166,7463,7464,4,not_implied_by
5,4167,5503,5504,12,not_a
5,4168,2129,2130,11,implied_by
5,4169,1293,1294,14,not_and
5,4170,1158,1159,8,not_or
5,4171,6556,6557,11,implied_by
5,4172,4649,4650,6,xor
5,4173,116,117,11,implied_by
5,4174,7376,7377,4,not_implied_by
5,4175,5109,5110,2,not_implies
5,4176,1073,1074,1,and
5,4177,4614,4615,8,not_or
5,4178,1213,1214,10,not_b
5,4179,3011,3012,1,and
5,4180,3270,3271,5,b
5,4181,6217,6218,8,not_or
5,4182,4472,4473,0,zero
5,4183,1496,1497,5,b
5,4184,6618,6619,12,not_a
5,4185,4215,4216,11,implied_by
5,4186,838,839,11,implied_by
5,4187,5907,5908,14,not_and
5,4188,6700,6701,0,zero
5,4189,2921,2922,15,one
5,4190,6153,6154,4,not_implied_by
5,4191,3407,3408,6,xor
5,4192,226,227,3,a
5,4193,6185,6186,14,not_and
5,4194,3674,3675,8,not_or
5,4195,6440,6441,10,not_b
5,4196,2655,2656,0,zero
5,4197,3052,3053,14,not_and
5,4198,5740,5741,12,not_a
5,4199,3063,3064,9,not_xor
5,4200,911,912,0,zero
5,4201,5964,5965,3,a
5,4202,3626,3627,5,b
5,4203,7883,7884,2,not_implies
5,4204,3571,3572,3,a
5,4205,6620,6621,5,b
5,4206,2081,2082,7,or
5,4207,3866,3867,10,not_b
5,4208,6110,6111,3,a
5,4209,850,851,10,not_b
5,4210,623,624,8,not_or
5,4211,4276,4277,10,not_b
5,4212,6329,6330,13,implies
5,4213,5081,5082,1,and
5,4214,6470,6471,11,implied_by
5,4215,6314,6315,14,not_and
5,4216,2741,2742,5,b
5,4217,7479,7480,10,not_b
5,4218,3013,3014,4,not_implied_by
5,4219,6192,6193,1,and
5,4220,482,483,1,and
5,4221,3010,3011,3,a
5,4222,983,984,10,not_b
5,4223,1119,1120,5,b
5,4224,5176,5177,11,implied_by
5,4225,5358,5359,13,implies
5,4226,3263,3264,4,not_implied_by
5,4227,4728,4729,0,zero
5,4228,7283,7284,5,b
5,4229,2559,2560,0,zero
5,4230,1115,1116,14,not_and
5,4231,6799,6800,11,implied_by
5,4232,4595,4596,11,implied_by
5,4233,7842,7843,1,and
5,4234,3133,3134,12,not_a
5,4235,6754,6755,11,implied_by
5,4236,197,198,9,not_xor
5,4237,5362,5363,3,a
5,4238,3328,3329,15,one
5,4239,3356,3357,5,b
5,4240,1237,1238,1,and
5,4241,947,948,0,zero
5,4242,6488,6489,14,not_and
5,4243,3308,3309,7,or
5,4244,7722,7723,5,b
5,4245,2942,2943,4,not_implied_by
5,4246,1041,1042,10,not_b
5,4247,6260,6261,5,b
5,4248,4844,4845,14,not_and
5,4249,5497,5498,4,not_implied_by
5,4250,4484,4485,1,and
5,4251,7716,7717,4,not_implied_by
5,4252,3080,3081,0,zero
5,4253,1707,1708,4,not_implied_by
5,4254,6731,6732,12,not_a
5,4255,1299,1300,14,not_and
5,4256,2644,2645,11,implied_by
5,4257,3323,3324,11,implied_by
5,4258,618,619,14,not_and
5,4259,61,62,2,not_implies
5,4260,4545,4546,1,and
5,4261,2984,2985,4,not_implied_by
5,4262,6696,6697,7,or
5,4263,240,241,5,b
5,4264,5415,5416,8,not_or
5,4265,7211,7212,12,not_a
5,4266,5219,5220,3,a
5,4267,7381,7382,3,a
5,4268,4374,4375,6,xor
5,4269,6277,6278,10,not_b
5,4270,3662,3663,2,not_implies
5,4271,1495,1496,4,not_implied_by
5,4272,1963,1964,2,not_implies
5,4273,84,85,7,or
5,4274,354,355,12,not_a
5,4275,5726,5727,3,a
5,4276,2183,2184,13,implies
5,4277,1975,1976,8,not_or
5,4278,3736,3737,6,xor
5,4279,1686,1687,14,not_and
5,4280,4913,4914,8,not_or
5,4281,7173,7174,7,or
5,4282,6845,6846,3,a
5,4283,442,443,9,not_xor
5,4284,2913,2914,12,not_a
5,4285,1217,1218,12,not_a
5,4286,760,761,0,zero
5,4287,4802,4803,5,b
5,4288,1668,1669,12,not_a
5,4289,3045,3046,7,or
5,4290,3579,3580,10,not_b
5,4291,198,199,6,xor
5,4292,3024,3025,5,b
5,4293,2622,2623,15,one
5,4294,5585,5586,6,xor
5,4295,2739,2740,13,implies
5,4296,4380,4381,14,not_and
5,4297,2423,2424,14,not_and
5,4298,1683,1684,9,not_xor
5,4299,2727,2728,6,xor
5,4300,6182,6183,10,not_b
5,4301,5331,5332,12,not_a
5,4302,306,307,5,b
5,4303,4778,4779,3,a
5,4304,1116,1117,3,a
5,4305,5897,5898,2,not_implies
5,4306,5732,5733,3,a
5,4307,6131,6132,5,b
5,4308,923,924,3,a
5,4309,5215,5216,0,zero
5,4310,2045,2046,5,b
5,4311,3868,3869,9,not_xor
5,4312,5221,5222,14,not_and
5,4313,7516,7517,9,not_xor
5,4314,733,734,13,implies
5,4315,3585,3586,3,a
5,4316,786,787,5,b
5,4317,6809,6810,10,not_b
5,4318,549,550,12,not_a
5,4319,2983,2984,8,not_or
5,4320,1394,1395,10,not_b
5,4321,4437,4438,9,not_xor
5,4322,2238,2239,2,not_implies
5,4323,7210,7211,8,not_or
5,4324,2754,2755,7,or
5,4325,6943,6944,12,not_a
5,4326,5760,5761,0,zero
5,4327,1397,1398,4,not_implied_by
5,4328,3776,3777,0,zero
5,4329,2230,2231,13,implies
5,4330,6849,6850,2,not_implies
5,4331,171,172,0,zero
5,4332,3780,3781,3,a
5,4333,4507,4508,8,not_or
5,4334,7895,7896,2,not_implies
5,4335,286,287,8,not_or
5,4336,7847,7848,5,b
5,4337,2696,2697,8,not_or
5,4338,1506,1507,5,b
5,4339,6205,6206,3,a
5,4340,5625,5626,5,b
5,4341,7473,7474,9,not_xor
5,4342,7858,7859,15,one
5,4343,4628,4629,0,zero
5,4344,1352,1353,5,b
5,4345,2001,2002,5,b
5,4346,5412,5413,10,not_b
5,4347,3955,3956,7,or
5,4348,5231,5232,10,not_b
5,4349,4145,4146,10,not_b
5,4350,3292,3293,2,not_implies
5,4351,7803,7804,2,not_implies
5,4352,7695,7696,11,implied_by
5,4353,2941,2942,14,not_and
5,4354,16,17,11,implied_by
5,4355,3615,3616,14,not_and
5,4356,6948,6949,3,a
5,4357,1159,1160,15,one
5,4358,4609,4610,14,not_and
5,4359,6080,6081,0,zero
5,4360,342,343,11,implied_by
5,4361,3744,3745,5,b
5,4362,3893,3894,14,not_and
5,4363,6452,6453,2,not_implies
5,4364,7307,7308,9,not_xor
5,4365,2291,2292,0,zero
5,4366,6447,6448,12,not_a
5,4367,1542,1543,6,xor
5,4368,6794,6795,4,not_implied_by
5,4369,5413,5414,10,not_b
5,4370,6055,6056,12,not_a
5,4371,7950,7951,8,not_or
5,4372,7499,7500,10,not_b
5,4373,1490,1491,6,xor
5,4374,7955,7956,12,not_a
5,4375,2695,2696,3,a
5,4376,1378,1379,9,not_xor
5,4377,4611,4612,15,one
5,4378,5773,5774,5,b
5,4379,675,676,10,not_b
5,4380,4548,4549,4,not_implied_by
5,4381,7114,7115,3,a
5,4382,5810,5811,10,not_b
5,4383,5010,5011,9,not_xor
5,4384,4140,4141,1,and
5,4385,2402,2403,12,not_a
5,4386,5374,5375,10,not_b
5,4387,4199,4200,7,or
5,4388,7867,7868,6,xor
5,4389,7139,7140,9,not_xor
5,4390,4763,4764,4,not_implied_by
5,4391,4608,4609,4,not_implied_by
5,4392,6456,6457,2,not_implies
5,4393,2875,2876,5,b
5,4394,3473,3474,5,b
5,4395,7615,7616,4,not_implied_by
5,4396,2909,2910,1,and
5,4397,3574,3575,0,zero
5,4398,3606,3607,13,implies
5,4399,3907,3908,0,zero
5,4400,111,112,8,not_or
5,4401,2361,2362,15,one
5,4402,1019,1020,5,b
5,4403,5023,5024,13,implies
5,4404,6143,6144,8,not_or
5,4405,5323,5324,2,not_implies
5,4406,1194,1195,1,and
5,4407,3994,3995,12,not_a
5,4408,7802,7803,4,not_implied_by
5,4409,4702,4703,2,not_implies
5,4410,6749,6750,8,not_or
5,4411,6974,6975,9,not_xor
5,4412,1463,1464,1,and
5,4413,2663,2664,14,not_and
5,4414,1139,1140,8,not_or
5,4415,530,531,4,not_implied_by
5,4416,3648,3649,10,not_b
5,4417,5526,5527,10,not_b
5,4418,3383,3384,0,zero
5,4419,1874,1875,9,not_xor
5,4420,1955,1956,6,xor
5,4421,3882,3883,3,a
5,4422,7470,7471,10,not_b
5,4423,7990,7991,12,not_a
5,4424,4692,4693,11,implied_by
5,4425,544,545,12,not_a
5,4426,2889,2890,6,xor
5,4427,1696,1697,13,implies
5,4428,4302,4303,7,or
5,4429,1464,1465,4,not_implied_by
5,4430,4086,4087,12,not_a
5,4431,1081,1082,2,not_implies
5,4432,2823,2824,15,one
5,4433,5473,5474,3,a
5,4434,629,630,13,implies
5,4435,4297,4298,10,not_b
5,4436,5744,5745,8,not_or
5,4437,4658,4659,5,b
5,4438,455,456,4,not_implied_by
5,4439,412,413,0,zero
5,4440,6812,6813,9,not_xor
5,4441,6358,6359,9,not_xor
5,4442,1838,1839,4,not_implied_by
5,4443,4685,4686,3,a
5,4444,820,821,6,xor
5,4445,4177,4178,9,not_xor
5,4446,5713,5714,10,not_b
5,4447,2389,2390,10,not_b
5,4448,3004,3005,13,implies
5,4449,3749,3750,13,implies
5,4450,7351,7352,7,or
5,4451,6511,6512,0,zero
5,4452,6081,6082,7,or
5,4453,3412,3413,6,xor
5,4454,1381,1382,8,not_or
5,4455,2829,2830,10,not_b
5,4456,5103,5104,5,b
5,4457,5439,5440,1,and
5,4458,1526,1527,11,implied_by
5,4459,7468,7469,7,or
5,4460,3369,3370,3,a
5,4461,5458,5459,15,one
5,4462,6367,6368,4,not_implied_by
5,4463,7619,7620,11,implied_by
5,4464,7763,7764,12,not_a
5,4465,5044,5045,1,and
5,4466,3717,3718,10,not_b
5,4467,6344,6345,9,not_xor
5,4468,7962,7963,10,not_b
5,4469,2232,2233,8,not_or
5,4470,4693,4694,9,not_xor
5,4471,97,98,12,not_a
5,4472,6598,6599,2,not_implies
5,4473,7409,7410,7,or
5,4474,3237,3238,5,b
5,4475,3501,3502,1,and
5,4476,4077,4078,0,zero
5,4477,1376,1377,10,not_b
5,4478,180,181,9,not_xor
5,4479,4501,4502,14,not_and
5,4480,4382,4383,9,not_xor
5,4481,2664,2665,6,xor
5,4482,4674,4675,2,not_implies
5,4483,7224,7225,6,xor
5,4484,5166,5167,2,not_implies
5,4485,3938,3939,9,not_xor
5,4486,6494,6495,11,implied_by
5,4487,3198,3199,5,b
5,4488,5106,5107,11,implied_by
5,4489,6707,6708,6,xor
5,4490,1196,1197,15,one
5,4491,860,861,5,b
5,4492,5681,5682,9,not_xor
5,4493,1457,1458,1,and
5,4494,5846,5847,10,not_b
5,4495,5766,5767,9,not_xor
5,4496,1655,1656,3,a
5,4497,7382,7383,4,not_implied_by
5,4498,3777,3778,5,b
5,4499,4012,4013,13,implies
5,4500,1143,1144,5,b
5,4501,714,715,13,implies
5,4502,5819,5820,14,not_and
5,4503,7006,7007,11,implied_by
5,4504,4951,4952,5,b
5,4505,1976,1977,10,not_b
5,4506,5597,5598,10,not_b
5,4507,3459,3460,5,b
5,4508,5733,5734,4,not_implied_by
5,4509,1410,1411,12,not_a
5,4510,5593,5594,1,and
5,4511,479,480,0,zero
5,4512,6045,6046,2,not_implies
5,4513,6365,6366,9,not_xor
5,4514,771,772,11,implied_by
5,4515,7371,7372,15,one
5,4516,1195,1196,10,not_b
5,4517,4223,4224,4,not_implied_by
5,4518,3524,3525,10,not_b
5,4519,765,766,0,zero
5,4520,3486,3487,3,a
5,4521,3050,3051,13,implies
5,4522,1215,1216,6,xor
5,4523,2956,2957,14,not_and
5,4524,6659,6660,3,a
5,4525,1989,1990,0,zero
5,4526,1970,1971,4,not_implied_by
5,4527,1246,1247,5,b
5,4528,7428,7429,7,or
5,4529,4908,4909,12,not_a
5,4530,2468,2469,14,not_and
5,4531,7865,7866,10,not_b
5,4532,6537,6538,7,or
5,4533,5061,5062,10,not_b
5,4534,3313,3314,3,a
5,4535,7595,7596,9,not_xor
5,4536,3989,3990,6,xor
5,4537,6937,6938,2,not_implies
5,4538,3505,3506,5,b
5,4539,2740,2741,11,implied_by
5,4540,872,873,8,not_or
5,4541,2072,2073,11,implied_by
5,4542,6195,6196,13,implies
5,4543,6546,6547,10,not_b
5,4544,3023,3024,3,a
5,4545,5979,5980,6,xor
5,4546,857,858,12,not_a
5,4547,4188,4189,7,or
5,4548,5882,5883,10,not_b
5,4549,7136,7137,8,not_or
5,4550,5505,5506,7,or
5,4551,6088,6089,3,a
5,4552,1615,1616,2,not_implies
5,4553,7928,7929,3,a
5,4554,6522,6523,14,not_and
5,4555,5868,5869,15,one
5,4556,5134,5135,14,not_and
5,4557,6463,6464,15,one
5,4558,5820,5821,3,a
5,4559,6184,6185,5,b
5,4560,2130,2131,2,not_implies
5,4561,5941,5942,13,implies
5,4562,7565,7566,15,one
5,4563,5746,5747,1,and
5,4564,918,919,8,not_or
5,4565,6811,6812,6,xor
5,4566,3620,3621,11,implied_by
5,4567,5937,5938,5,b
5,4568,1093,1094,9,not_xor
5,4569,3300,3301,12,not_a
5,4570,5274,5275,12,not_a
5,4571,4357,4358,1,and
5,4572,370,371,12,not_a
5,4573,1338,1339,13,implies
5,4574,7591,7592,15,one
5,4575,2612,2613,3,a
5,4576,4057,4058,2,not_implies
5,4577,78,79,12,not_a
5,4578,712,713,3,a
5,4579,5410,5411,4,not_implied_by
5,4580,4227,4228,14,not_and
5,4581,5490,5491,0,zero
5,4582,2503,2504,3,a
5,4583,7390,7391,3,a
5,4584,2780,2781,3,a
5,4585,4397,4398,4,not_implied_by
5,4586,1602,1603,6,xor
5,4587,2108,2109,13,implies
5,4588,6132,6133,5,b
5,4589,2966,2967,1,and
5,4590,1178,1179,3,a
5,4591,2676,2677,14,not_and
5,4592,6332,6333,8,not_or
5,4593,2540,2541,14,not_and
5,4594,1630,1631,10,not_b
5,4595,5147,5148,4,not_implied_by
5,4596,6610,6611,10,not_b
5,4597,1349,1350,12,not_a
5,4598,6694,6695,1,and
5,4599,93,94,1,and
5,4600,4073,4074,6,xor
5,4601,6244,6245,0,zero
5,4602,5141,5142,9,not_xor
5,4603,1459,1460,12,not_a
5,4604,1250,1251,5,b
5,4605,7125,7126,1,and
5,4606,2156,2157,0,zero
5,4607,3559,3560,13,implies
5,4608,904,905,15,one
5,4609,7754,7755,12,not_a
5,4610,1482,1483,11,implied_by
5,4611,2669,2670,3,a
5,4612,1671,1672,5,b
5,4613,368,369,7,or
5,4614,4290,4291,6,xor
5,4615,4543,4544,11,implied_by
5,4616,4033,4034,9,not_xor
5,4617,4798,4799,11,implied_by
5,4618,588,589,8,not_or
5,4619,5449,5450,6,xor
5,4620,6669,6670,11,implied_by
5,4621,3341,3342,9,not_xor
5,4622,3634,3635,6,xor
5,4623,1499,1500,1,and
5,4624,5896,5897,15,one
5,4625,5608,5609,3,a
5,4626,6327,6328,13,implies
5,4627,3855,3856,3,a
5,4628,2634,2635,6,xor
5,4629,6298,6299,12,not_a
5,4630,2535,2536,10,not_b
5,4631,4457,4458,14,not_and
5,4632,1216,1217,2,not_implies
5,4633,6516,6517,9,not_xor
5,4634,2409,2410,3,a
5,4635,2240,2241,8,not_or
5,4636,5118,5119,2,not_implies
5,4637,5736,5737,2,not_implies
5,4638,6177,6178,0,zero
5,4639,1702,1703,8,not_or
5,4640,958,959,2,not_implies
5,4641,2014,2015,14,not_and
5,4642,4672,4673,0,zero
5,4643,5393,5394,4,not_implied_by
5,4644,6156,6157,10,not_b
5,4645,6759,6760,11,implied_by
5,4646,2854,2855,0,zero
5,4647,6789,6790,0,zero
5,4648,6301,6302,13,implies
5,4649,3116,3117,15,one
5,4650,2390,2391,13,implies
5,4651,4909,4910,8,not_or
5,4652,3714,3715,10,not_b
5,4653,4426,4427,2,not_implies
5,4654,7975,7976,4,not_implied_by
5,4655,59,60,5,b
5,4656,4758,4759,2,not_implies
5,4657,4176,4177,5,b
5,4658,7049,7050,4,not_implied_by
5,4659,7061,7062,14,not_and
5,4660,2440,2441,5,b
5,4661,4872,4873,12,not_a
5,4662,5365,5366,9,not_xor
5,4663,1224,1225,5,b
5,4664,3012,3013,4,not_implied_by
5,4665,5975,5976,2,not_implies
5,4666,6065,6066,1,and
5,4667,4862,4863,4,not_implied_by
5,4668,3182,3183,5,b
5,4669,1199,1200,10,not_b
5,4670,2443,2444,8,not_or
5,4671,7372,7373,14,not_and
5,4672,5981,5982,6,xor
5,4673,6567,6568,5,b
5,4674,6520,6521,3,a
5,4675,1703,1704,14,not_and
5,4676,1251,1252,2,not_implies
5,4677,2393,2394,7,or
5,4678,7864,7865,4,not_implied_by
5,4679,7899,7900,2,not_implies
5,4680,2818,2819,5,b
5,4681,853,854,10,not_b
5,4682,6069,6070,1,and
5,4683,6838,6839,12,not_a
5,4684,4049,4050,3,a
5,4685,1713,1714,15,one
5,4686,6351,6352,4,not_implied_by
5,4687,3605,3606,0,zero
5,4688,2874,2875,0,zero
5,4689,7616,7617,3,a
5,4690,1933,1934,1,and
5,4691,4152,4153,2,not_implies
5,4692,2528,2529,12,not_a
5,4693,1528,1529,4,not_implied_by
5,4694,680,681,13,implies
5,4695,3761,3762,15,one
5,4696,4777,4778,5,b
5,4697,2914,2915,5,b
5,4698,7117,7118,2,not_implies
5,4699,72,73,7,or
5,4700,6624,6625,12,not_a
5,4701,4051,4052,14,not_and
5,4702,4000,4001,10,not_b
5,4703,4504,4505,6,xor
5,4704,5596,5597,13,implies
5,4705,4865,4866,4,not_implied_by
5,4706,182,183,10,not_b
5,4707,7330,7331,4,not_implied_by
5,4708,7647,7648,10,not_b
5,4709,3557,3558,7,or
5,4710,2207,2208,5,b
5,4711,6191,6192,12,not_a
5,4712,1794,1795,0,zero
5,4713,6984,6985,10,not_b
5,4714,4532,4533,9,not_xor
5,4715,2290,2291,6,xor
5,4716,2721,2722,15,one
5,4717,3957,3958,12,not_a
5,4718,2446,2447,3,a
5,4719,4776,4777,10,not_b
5,4720,315,316,5,b
5,4721,1469,1470,1,and
5,4722,6625,6626,0,zero
5,4723,6561,6562,13,implies
5,4724,6928,6929,4,not_implied_by
5,4725,5162,5163,2,not_implies
5,4726,468,469,4,not_implied_by
5,4727,2507,2508,15,one
5,4728,1617,1618,10,not_b
5,4729,4133,4134,10,not_b
5,4730,792,793,9,not_xor
5,4731,6482,6483,8,not_or
5,4732,6687,6688,10,not_b
5,4733,321,322,13,implies
5,4734,7041,7042,4,not_implied_by
5,4735,2169,2170,9,not_xor
5,4736,7040,7041,8,not_or
5,4737,4020,4021,12,not_a
5,4738,284,285,10,not_b
5,4739,3616,3617,4,not_implied_by
5,4740,6466,6467,7,or
5,4741,1974,1975,10,not_b
5,4742,7503,7504,12,not_a
5,4743,585,586,13,implies
5,4744,1745,1746,5,b
5,4745,2625,2626,13,implies
5,4746,1219,1220,3,a
5,4747,3361,3362,7,or
5,4748,7553,7554,10,not_b
5,4749,6670,6671,11,implied_by
5,4750,3238,3239,14,not_and
5,4751,3384,3385,9,not_xor
5,4752,6030,6031,9,not_xor
5,4753,6160,6161,13,implies
5,4754,5581,5582,15,one
5,4755,2901,2902,13,implies
5,4756,5910,5911,14,not_and
5,4757,129,130,6,xor
5,4758,6615,6616,5,b
5,4759,5036,5037,6,xor
5,4760,189,190,12,not_a
5,4761,1957,1958,6,xor
5,4762,5554,5555,7,or
5,4763,5377,5378,15,one
5,4764,7377,7378,1,and
5,4765,5012,5013,5,b
5,4766,4884,4885,2,not_implies
5,4767,1302,1303,12,not_a
5,4768,6951,6952,7,or
5,4769,5228,5229,5,b
5,4770,3448,3449,6,xor
5,4771,7367,7368,0,zero
5,4772,0,2,12,not_a
5,4773,7466,7467,9,not_xor
5,4774,1220,1221,10,not_b
5,4775,5282,5283,15,one
5,4776,1662,1663,6,xor
5,4777,2098,2099,0,zero
5,4778,7378,7379,6,xor
5,4779,4096,4097,10,not_b
5,4780,704,705,0,zero
5,4781,7926,7927,15,one
5,4782,6589,6590,12,not_a
5,4783,5721,5722,0,zero
5,4784,1690,1691,14,not_and
5,4785,3447,3448,9,not_xor
5,4786,374,375,15,one
5,4787,4019,4020,12,not_a
5,4788,2667,2668,7,or
5,4789,5645,5646,3,a
5,4790,1692,1693,9,not_xor
5,4791,5232,5233,8,not_or
5,4792,6542,6543,12,not_a
5,4793,2193,2194,3,a
5,4794,5112,5113,13,implies
5,4795,969,970,3,a
5,4796,4387,4388,12,not_a
5,4797,4296,4297,1,and
5,4798,2911,2912,6,xor
5,4799,1872,1873,4,not_implied_by
5,4800,1812,1813,11,implied_by
5,4801,4795,4796,13,implies
5,4802,3651,3652,14,not_and
5,4803,2368,2369,12,not_a
5,4804,800,801,9,not_xor
5,4805,2758,2759,5,b
5,4806,2444,2445,0,zero
5,4807,57,58,10,not_b
5,4808,7685,7686,10,not_b
5,4809,1914,1915,7,or
5,4810,5677,5678,4,not_implied_by
5,4811,2324,2325,3,a
5,4812,2691,2692,3,a
5,4813,5825,5826,12,not_a
5,4814,6523,6524,7,or
5,4815,5584,5585,10,not_b
5,4816,4291,4292,13,implies
5,4817,2166,2167,12,not_a
5,4818,6060,6061,6,xor
5,4819,4700,4701,3,a
5,4820,7824,7825,4,not_implied_by
5,4821,3,4,14,not_and
5,4822,5281,5282,2,not_implies
5,4823,7086,7087,9,not_xor
5,4824,2617,2618,10,not_b
5,4825,6123,6124,2,not_implies
5,4826,6297,6298,1,and
5,4827,898,899,10,not_b
5,4828,4925,4926,14,not_and
5,4829,1404,1405,9,not_xor
5,4830,4350,4351,13,implies
5,4831,4710,4711,12,not_a
5,4832,414,415,9,not_xor
5,4833,495,496,4,not_implied_by
5,4834,942,943,12,not_a
5,4835,1791,1792,10,not_b
5,4836,3715,3716,4,not_implied_by
5,4837,3180,3181,5,b
5,4838,6665,6666,4,not_implied_by
5,4839,7060,7061,12,not_a
5,4840,3653,3654,1,and
5,4841,5830,5831,10,not_b
5,4842,1060,1061,11,implied_by
5,4843,2987,2988,13,implies
5,4844,3293,3294,12,not_a
5,4845,1805,1806,5,b
5,4846,5396,5397,5,b
5,4847,2765,2766,6,xor
5,4848,634,635,12,not_a
5,4849,4827,4828,12,not_a
5,4850,1001,1002,1,and
5,4851,6961,6962,9,not_xor
5,4852,559,560,12,not_a
5,4853,5666,5667,0,zero
5,4854,6676,6677,3,a
5,4855,4645,4646,5,b
5,4856,228,229,5,b
5,4857,4767,4768,0,zero
5,4858,2627,2628,1,and
5,4859,2693,2694,8,not_or
5,4860,674,675,0,zero
5,4861,3105,3106,10,not_b
5,4862,778,779,10,not_b
5,4863,2515,2516,5,b
5,4864,2738,2739,9,not_xor
5,4865,6513,6514,0,zero
5,4866,7893,7894,3,a
5,4867,6519,6520,5,b
5,4868,4293,4294,5,b
5,4869,6871,6872,5,b
5,4870,843,844,8,not_or
5,4871,3590,3591,9,not_xor
5,4872,3233,3234,5,b
5,4873,1560,1561,12,not_a
5,4874,7586,7587,4,not_implied_by
5,4875,4267,4268,8,not_or
5,4876,743,744,4,not_implied_by
5,4877,420,421,3,a
5,4878,2333,2334,2,not_implies
5,4879,3184,3185,9,not_xor
5,4880,2948,2949,14,not_and
5,4881,5306,5307,14,not_and
5,4882,4402,4403,12,not_a
5,4883,1911,1912,3,a
5,4884,6981,6982,12,not_a
5,4885,7029,7030,0,zero
5,4886,4819,4820,12,not_a
5,4887,7608,7609,8,not_or
5,4888,6777,6778,2,not_implies
5,4889,164,165,12,not_a
5,4890,702,703,2,not_implies
5,4891,3911,3912,12,not_a
5,4892,2484,2485,2,not_implies
5,4893,580,581,6,xor
5,4894,5904,5905,3,a
5,4895,105,106,2,not_implies
5,4896,1577,1578,10,not_b
5,4897,959,960,5,b
5,4898,2512,2513,10,not_b
5,4899,4087,4088,8,not_or
5,4900,366,367,10,not_b
5,4901,3364,3365,12,not_a
5,4902,1863,1864,9,not_xor
5,4903,5245,5246,4,not_implied_by
5,4904,211,212,5,b
5,4905,3307,3308,4,not_implied_by
5,4906,5249,5250,5,b
5,4907,3325,3326,9,not_xor
5,4908,2861,2862,5,b
5,4909,4901,4902,15,one
5,4910,1124,1125,13,implies
5,4911,4430,4431,8,not_or
5,4912,7311,7312,7,or
5,4913,2127,2128,13,implies
5,4914,2157,2158,4,not_implied_by
5,4915,2682,2683,4,not_implied_by
5,4916,2704,2705,6,xor
5,4917,5618,5619,10,not_b
5,4918,7150,7151,1,and
5,4919,3877,3878,5,b
5,4920,4331,4332,8,not_or
5,4921,1211,1212,5,b
5,4922,4354,4355,4,not_implied_by
5,4923,1445,1446,1,and
5,4924,2760,2761,2,not_implies
5,4925,2226,2227,14,not_and
5,4926,1660,1661,14,not_and
5,4927,472,473,3,a
5,4928,3575,3576,9,not_xor
5,4929,7876,7877,7,or
5,4930,5298,5299,8,not_or
5,4931,69,70,9,not_xor
5,4932,1709,1710,10,not_b
5,4933,5878,5879,14,not_and
5,4934,4090,4091,15,one
5,4935,3016,3017,8,not_or
5,4936,1345,1346,13,implies
5,4937,731,732,1,and
5,4938,2947,2948,15,one
5,4939,2939,2940,2,not_implies
5,4940,3259,3260,13,implies
5,4941,3854,3855,9,not_xor
5,4942,1379,1380,14,not_and
5,4943,2408,2409,3,a
5,4944,2534,2535,6,xor
5,4945,2421,2422,9,not_xor
5,4946,3943,3944,0,zero
5,4947,4217,4218,12,not_a
5,4948,703,704,2,not_implies
5,4949,3754,3755,11,implied_by
5,4950,4198,4199,3,a
5,4951,2744,2745,3,a
5,4952,2995,2996,3,a
5,4953,3597,3598,3,a
5,4954,5555,5556,3,a
5,4955,835,836,6,xor
5,4956,4353,4354,9,not_xor
5,4957,7426,7427,13,implies
5,4958,7050,7051,2,not_implies
5,4959,5646,5647,12,not_a
5,4960,1699,1700,8,not_or
5,4961,7868,7869,12,not_a
5,4962,4625,4626,2,not_implies
5,4963,6115,6116,11,implied_by
5,4964,7592,7593,12,not_a
5,4965,1570,1571,4,not_implied_by
5,4966,1886,1887,1,and
5,4967,6526,6527,1,and
5,4968,564,565,3,a
5,4969,1098,1099,9,not_xor
5,4970,7566,7567,7,or
5,4971,6507,6508,6,xor
5,4972,6384,6385,9,not_xor
5,4973,4334,4335,5,b
5,4974,2053,2054,13,implies
5,4975,5066,5067,1,and
5,4976,2504,2505,9,not_xor
5,4977,2907,2908,2,not_implies
5,4978,3410,3411,14,not_and
5,4979,4923,4924,13,implies
5,4980,7718,7719,12,not_a
5,4981,514,515,2,not_implies
5,4982,6389,6390,15,one
5,4983,1596,1597,3,a
5,4984,2899,2900,12,not_a
5,4985,2269,2270,5,b
5,4986,4173,4174,1,and
5,4987,2718,2719,10,not_b
5,4988,1633,1634,14,not_and
5,4989,3707,3708,11,implied_by
5,4990,7917,7918,3,a
5,4991,5038,5039,8,not_or
5,4992,429,430,0,zero
5,4993,1284,1285,9,not_xor
5,4994,628,629,14,not_and
5,4995,603,604,11,implied_by
5,4996,2771,2772,13,implies
5,4997,3317,3318,0,zero
5,4998,5580,5581,2,not_implies
5,4999,7605,7606,8,not_or
5,5000,2434,2435,4,not_implied_by
5,5001,3595,3596,5,b
5,5002,880,881,6,xor
5,5003,5054,5055,3,a
5,5004,428,429,9,not_xor
5,5005,4652,4653,12,not_a
5,5006,4258,4259,10,not_b
5,5007,4669,4670,7,or
5,5008,6895,6896,7,or
5,5009,7850,7851,5,b
5,5010,3986,3987,6,xor
5,5011,4368,4369,7,or
5,5012,2806,2807,3,a
5,5013,6923,6924,12,not_a
5,5014,5926,5927,8,not_or
5,5015,6475,6476,13,implies
5,5016,1094,1095,11,implied_by
5,5017,5322,5323,15,one
5,5018,4866,4867,7,or
5,5019,5993,5994,9,not_xor
5,5020,3084,3085,9,not_xor
5,5021,5623,5624,7,or
5,5022,5919,5920,6,xor
5,5023,4170,4171,5,b
5,5024,4161,4162,3,a
5,5025,2264,2265,6,xor
5,5026,2970,2971,10,not_b
5,5027,4746,4747,2,not_implies
5,5028,2266,2267,6,xor
5,5029,1529,1530,9,not_xor
5,5030,5814,5815,10,not_b
5,5031,6750,6751,6,xor
5,5032,1305,1306,10,not_b
5,5033,4626,4627,11,implied_by
5,5034,161,162,0,zero
5,5035,4121,4122,10,not_b
5,5036,1821,1822,13,implies
5,5037,5311,5312,2,not_implies
5,5038,5011,5012,3,a
5,5039,7997,7998,5,b
5,5040,5521,5522,11,implied_by
5,5041,3970,3971,7,or
5,5042,3202,3203,8,not_or
5,5043,1,2,12,not_a
5,5044,272,273,5,b
5,5045,2876,2877,11,implied_by
5,5046,3657,3658,2,not_implies
5,5047,3635,3636,8,not_or
5,5048,7982,7983,2,not_implies
5,5049,6536,6537,5,b
5,5050,167,168,9,not_xor
5,5051,190,191,2,not_implies
5,5052,5379,5380,1,and
5,5053,754,755,6,xor
5,5054,6256,6257,5,b
5,5055,600,601,13,implies
5,5056,6686,6687,5,b
5,5057,1590,1591,3,a
5,5058,1725,1726,5,b
5,5059,6449,6450,2,not_implies
5,5060,6710,6711,14,not_and
5,5061,1279,1280,9,not_xor
5,5062,1004,1005,9,not_xor
5,5063,5009,5010,10,not_b
5,5064,5095,5096,5,b
5,5065,4082,4083,9,not_xor
5,5066,595,596,5,b
5,5067,4015,4016,9,not_xor
5,5068,77,78,1,and
5,5069,7394,7395,0,zero
5,5070,365,366,10,not_b
5,5071,6090,6091,10,not_b
5,5072,1501,1502,9,not_xor
5,5073,6802,6803,8,not_or
5,5074,5579,5580,13,implies
5,5075,3919,3920,9,not_xor
5,5076,1304,1305,7,or
5,5077,7438,7439,0,zero
5,5078,5042,5043,10,not_b
5,5079,4972,4973,5,b
5,5080,249,250,3,a
5,5081,4717,4718,9,not_xor
5,5082,2153,2154,11,implied_by
5,5083,789,790,12,not_a
5,5084,6742,6743,7,or
5,5085,2138,2139,10,not_b
5,5086,5151,5152,3,a
5,5087,6481,6482,5,b
5,5088,4852,4853,7,or
5,5089,6498,6499,13,implies
5,5090,5664,5665,5,b
5,5091,1454,1455,1,and
5,5092,6497,6498,14,not_and
5,5093,5314,5315,10,not_b
5,5094,7960,7961,11,implied_by
5,5095,179,180,3,a
5,5096,6489,6490,0,zero
5,5097,4264,4265,12,not_a
5,5098,688,689,0,zero
5,5099,5659,5660,15,one
5,5100,6102,6103,13,implies
5,5101,2097,2098,5,b
5,5102,2624,2625,15,one
5,5103,984,985,14,not_and
5,5104,1879,1880,12,not_a
5,5105,3232,3233,12,not_a
5,5106,2623,2624,11,implied_by
5,5107,1800,1801,3,a
5,5108,7733,7734,15,one
5,5109,7130,7131,14,not_and
5,5110,2918,2919,9,not_xor
5,5111,555,556,6,xor
5,5112,5923,5924,7,or
5,5113,7141,7142,7,or
5,5114,6729,6730,10,not_b
5,5115,2495,2496,12,not_a
5,5116,1014,1015,9,not_xor
5,5117,2869,2870,3,a
5,5118,4185,4186,15,one
5,5119,6800,6801,5,b
5,5120,2731,2732,5,b
5,5121,3528,3529,8,not_or
5,5122,723,724,6,xor
5,5123,497,498,7,or
5,5124,6775,6776,10,not_b
5,5125,186,187,14,not_and
5,5126,1754,1755,6,xor
5,5127,4292,4293,3,a
5,5128,157,158,14,not_and
5,5129,1550,1551,1,and
5,5130,807,808,6,xor
5,5131,3126,3127,10,not_b
5,5132,7138,7139,7,or
5,5133,1991,1992,2,not_implies
5,5134,2631,2632,11,implied_by
5,5135,2993,2994,9,not_xor
5,5136,3454,3455,15,one
5,5137,2286,2287,3,a
5,5138,1636,1637,15,one
5,5139,6873,6874,15,one
5,5140,6012,6013,4,not_implied_by
5,5141,550,551,11,implied_by
5,5142,4391,4392,13,implies
5,5143,7765,7766,8,not_or
5,5144,1732,1733,14,not_and
5,5145,4632,4633,5,b
5,5146,4858,4859,7,or
5,5147,2647,2648,12,not_a
5,5148,2209,2210,11,implied_by
5,5149,3129,3130,1,and
5,5150,7708,7709,3,a
5,5151,615,616,14,not_and
5,5152,5371,5372,12,not_a
5,5153,3925,3926,8,not_or
5,5154,6645,6646,2,not_implies
5,5155,1444,1445,2,not_implies
5,5156,5745,5746,1,and
5,5157,3732,3733,12,not_a
5,5158,6531,6532,14,not_and
5,5159,682,683,8,not_or
5,5160,2879,2880,7,or
5,5161,2035,2036,13,implies
5,5162,3512,3513,3,a
5,5163,3555,3556,9,not_xor
5,5164,7594,7595,11,implied_by
5,5165,7653,7654,7,or
5,5166,2297,2298,0,zero
5,5167,5321,5322,11,implied_by
5,5168,6299,6300,10,not_b
5,5169,3700,3701,1,and
5,5170,4453,4454,10,not_b
5,5171,2091,2092,4,not_implied_by
5,5172,4511,4512,12,not_a
5,5173,7352,7353,10,not_b
5,5174,5886,5887,5,b
5,5175,6312,6313,12,not_a
5,5176,3094,3095,5,b
5,5177,966,967,8,not_or
5,5178,3185,3186,15,one
5,5179,6376,6377,10,not_b
5,5180,2809,2810,12,not_a
5,5181,5254,5255,15,one
5,5182,4243,4244,12,not_a
5,5183,6085,6086,12,not_a
5,5184,6326,6327,6,xor
5,5185,4673,4674,6,xor
5,5186,6528,6529,1,and
5,5187,5928,5929,9,not_xor
5,5188,1274,1275,14,not_and
5,5189,4282,4283,11,implied_by
5,5190,7702,7703,3,a
5,5191,1905,1906,1,and
5,5192,4697,4698,12,not_a
5,5193,7119,7120,11,implied_by
5,5194,6179,6180,12,not_a
5,5195,7768,7769,13,implies
5,5196,671,672,6,xor
5,5197,3704,3705,15,one
5,5198,3876,3877,13,implies
5,5199,4089,4090,13,implies
5,5200,7739,7740,2,not_implies
5,5201,6374,6375,0,zero
5,5202,458,459,8,not_or
5,5203,3253,3254,2,not_implies
5,5204,1573,1574,10,not_b
5,5205,5086,5087,10,not_b
5,5206,2981,2982,7,or
5,5207,5762,5763,1,and
5,5208,7471,7472,12,not_a
5,5209,6911,6912,15,one
5,5210,6322,6323,1,and
5,5211,1005,1006,15,one
5,5212,6439,6440,4,not_implied_by
5,5213,6002,6003,0,zero
5,5214,6460,6461,3,a
5,5215,5492,5493,2,not_implies
5,5216,4807,4808,7,or
5,5217,1992,1993,12,not_a
5,5218,5283,5284,5,b
5,5219,1704,1705,13,implies
5,5220,3687,3688,6,xor
5,5221,604,605,10,not_b
5,5222,5924,5925,12,not_a
5,5223,3934,3935,14,not_and
5,5224,5186,5187,2,not_implies
5,5225,5041,5042,15,one
5,5226,4473,4474,2,not_implies
5,5227,3163,3164,6,xor
5,5228,3751,3752,8,not_or
5,5229,4782,4783,15,one
5,5230,3903,3904,9,not_xor
5,5231,3048,3049,0,zero
5,5232,4787,4788,2,not_implies
5,5233,183,184,15,one
5,5234,477,478,15,one
5,5235,7374,7375,4,not_implied_by
5,5236,2755,2756,6,xor
5,5237,3564,3565,9,not_xor
5,5238,4181,4182,5,b
5,5239,3526,3527,8,not_or
5,5240,6336,6337,14,not_and
5,5241,3209,3210,5,b
5,5242,4369,4370,3,a
5,5243,4797,4798,2,not_implies
5,5244,3550,3551,11,implied_by
5,5245,1011,1012,7,or
5,5246,1619,1620,15,one
5,5247,6940,6941,5,b
5,5248,2960,2961,0,zero
5,5249,4151,4152,13,implies
5,5250,5662,5663,14,not_and
5,5251,4815,4816,3,a
5,5252,5481,5482,2,not_implies
5,5253,2337,2338,12,not_a
5,5254,1427,1428,2,not_implies
5,5255,5239,5240,5,b
5,5256,5563,5564,15,one
5,5257,4312,4313,4,not_implied_by
5,5258,2000,2001,0,zero
5,5259,6505,6506,12,not_a
5,5260,1080,1081,2,not_implies
5,5261,1715,1716,7,or
5,5262,7816,7817,6,xor
5,5263,3366,3367,13,implies
5,5264,1856,1857,12,not_a
5,5265,6627,6628,4,not_implied_by
5,5266,867,868,8,not_or
5,5267,4521,4522,3,a
5,5268,1118,1119,12,not_a
5,5269,5841,5842,9,not_xor
5,5270,5626,5627,0,zero
5,5271,1757,1758,11,implied_by
5,5272,4841,4842,5,b
5,5273,5238,5239,2,not_implies
5,5274,448,449,12,not_a
5,5275,1180,1181,5,b
5,5276,5675,5676,5,b
5,5277,3946,3947,7,or
5,5278,7356,7357,15,one
5,5279,6445,6446,3,a
5,5280,506,507,9,not_xor
5,5281,3148,3149,11,implied_by
5,5282,6321,6322,11,implied_by
5,5283,2607,2608,6,xor
5,5284,5083,5084,8,not_or
5,5285,981,982,12,not_a
5,5286,1742,1743,11,implied_by
5,5287,6073,6074,13,implies
5,5288,1523,1524,1,and
5,5289,2903,2904,11,implied_by
5,5290,7689,7690,12,not_a
5,5291,2414,2415,9,not_xor
5,5292,6727,6728,7,or
5,5293,6008,6009,0,zero
5,5294,2932,2933,6,xor
5,5295,7705,7706,14,not_and
5,5296,3897,3898,0,zero
5,5297,4860,4861,9,not_xor
5,5298,1036,1037,10,not_b
5,5299,1782,1783,10,not_b
5,5300,3409,3410,5,b
5,5301,6251,6252,5,b
5,5302,7191,7192,7,or
5,5303,566,567,12,not_a
5,5304,1814,1815,7,or
5,5305,6114,6115,12,not_a
5,5306,608,609,11,implied_by
5,5307,1878,1879,3,a
5,5308,7505,7506,14,not_and
5,5309,113,114,11,implied_by
5,5310,2257,2258,3,a
5,5311,6164,6165,4,not_implied_by
5,5312,2327,2328,6,xor
5,5313,4106,4107,3,a
5,5314,1999,2000,5,b
5,5315,3740,3741,2,not_implies
5,5316,7629,7630,13,implies
5,5317,3230,3231,10,not_b
5,5318,6832,6833,7,or
5,5319,5325,5326,5,b
5,5320,1106,1107,12,not_a
5,5321,6798,6799,5,b
5,5322,6593,6594,10,not_b
5,5323,6215,6216,9,not_xor
5,5324,320,321,6,xor
5,5325,337,338,8,not_or
5,5326,1561,1562,5,b
5,5327,2919,2920,14,not_and
5,5328,2311,2312,12,not_a
5,5329,1907,1908,12,not_a
5,5330,6283,6284,10,not_b
5,5331,7423,7424,6,xor
5,5332,246,247,5,b
5,5333,5152,5153,5,b
5,5334,2729,2730,10,not_b
5,5335,346,347,13,implies
5,5336,7275,7276,10,not_b
5,5337,5074,5075,13,implies
5,5338,659,660,12,not_a
5,5339,4449,4450,15,one
5,5340,488,489,11,implied_by
5,5341,7857,7858,8,not_or
5,5342,627,628,9,not_xor
5,5343,3044,3045,12,not_a
5,5344,572,573,12,not_a
5,5345,5653,5654,12,not_a
5,5346,1718,1719,7,or
5,5347,6109,6110,12,not_a
5,5348,6652,6653,11,implied_by
5,5349,5270,5271,1,and
5,5350,3467,3468,7,or
5,5351,7196,7197,14,not_and
5,5352,3208,3209,8,not_or
5,5353,1079,1080,11,implied_by
5,5354,536,537,4,not_implied_by
5,5355,4952,4953,3,a
5,5356,385,386,13,implies
5,5357,4273,4274,2,not_implies
5,5358,7357,7358,4,not_implied_by
5,5359,1191,1192,0,zero
5,5360,854,855,0,zero
5,5361,4337,4338,15,one
5,5362,3336,3337,3,a
5,5363,4753,4754,15,one
5,5364,6155,6156,12,not_a
5,5365,5442,5443,4,not_implied_by
5,5366,4749,4750,0,zero
5,5367,3381,3382,2,not_implies
5,5368,5004,5005,6,xor
5,5369,3800,3801,10,not_b
5,5370,2332,2333,4,not_implied_by
5,5371,1439,1440,8,not_or
5,5372,6733,6734,10,not_b
5,5373,4584,4585,0,zero
5,5374,1021,1022,7,or
5,5375,6196,6197,7,or
5,5376,2968,2969,14,not_and
5,5377,4794,4795,1,and
5,5378,3039,3040,7,or
5,5379,3941,3942,14,not_and
5,5380,4187,4188,4,not_implied_by
5,5381,7644,7645,15,one
5,5382,5380,5381,13,implies
5,5383,6865,6866,10,not_b
5,5384,504,505,6,xor
5,5385,1413,1414,11,implied_by
5,5386,6305,6306,6,xor
5,5387,4420,4421,12,not_a
5,5388,4639,4640,6,xor
5,5389,4213,4214,1,and
5,5390,1028,1029,13,implies
5,5391,6370,6371,3,a
5,5392,7075,7076,11,implied_by
5,5393,2881,2882,8,not_or
5,5394,2254,2255,13,implies
5,5395,4709,4710,10,not_b
5,5396,7560,7561,6,xor
5,5397,2581,2582,14,not_and
5,5398,7905,7906,2,not_implies
5,5399,929,930,1,and
5,5400,1958,1959,12,not_a
5,5401,4236,4237,3,a
5,5402,4062,4063,0,zero
5,5403,5761,5762,4,not_implied_by
5,5404,5595,5596,1,and
5,5405,1240,1241,0,zero
5,5406,5351,5352,1,and
5,5407,5767,5768,6,xor
5,5408,7250,7251,5,b
5,5409,2137,2138,10,not_b
5,5410,2374,2375,0,zero
5,5411,5173,5174,10,not_b
5,5412,6959,6960,11,implied_by
5,5413,5241,5242,11,implied_by
5,5414,7602,7603,11,implied_by
5,5415,7670,7671,3,a
5,5416,5177,5178,11,implied_by
5,5417,2362,2363,0,zero
5,5418,3523,3524,7,or
5,5419,3837,3838,6,xor
5,5420,1556,1557,14,not_and
5,5421,3973,3974,13,implies
5,5422,7265,7266,15,one
5,5423,5376,5377,9,not_xor
5,5424,3192,3193,13,implies
5,5425,4271,4272,2,not_implies
5,5426,280,281,10,not_b
5,5427,1830,1831,3,a
5,5428,6964,6965,5,b
5,5429,371,372,14,not_and
5,5430,650,651,5,b
5,5431,4150,4151,7,or
5,5432,7549,7550,12,not_a
5,5433,1527,1528,8,not_or
5,5434,1182,1183,0,zero
5,5435,4933,4934,2,not_implies
5,5436,2450,2451,6,xor
5,5437,2462,2463,4,not_implied_by
5,5438,3090,3091,3,a
5,5439,6229,6230,14,not_and
5,5440,755,756,13,implies
5,5441,7340,7341,15,one
5,5442,1682,1683,12,not_a
5,5443,278,279,12,not_a
5,5444,5420,5421,3,a
5,5445,1787,1788,12,not_a
5,5446,6631,6632,10,not_b
5,5447,3601,3602,7,or
5,5448,7495,7496,0,zero
5,5449,4842,4843,13,implies
5,5450,3627,3628,5,b
5,5451,6122,6123,0,zero
5,5452,7253,7254,12,not_a
5,5453,3908,3909,10,not_b
5,5454,67,68,10,not_b
5,5455,4436,4437,4,not_implied_by
5,5456,2179,2180,12,not_a
5,5457,1536,1537,6,xor
5,5458,689,690,8,not_or
5,5459,3937,3938,5,b
5,5460,4780,4781,7,or
5,5461,1949,1950,10,not_b
5,5462,1988,1989,0,zero
5,5463,6596,6597,1,and
5,5464,510,511,7,or
5,5465,1820,1821,14,not_and
5,5466,7018,7019,6,xor
5,5467,5898,5899,1,and
5,5468,3829,3830,11,implied_by
5,5469,6790,6791,13,implies
5,5470,7183,7184,4,not_implied_by
5,5471,5370,5371,8,not_or
5,5472,5035,5036,13,implies
5,5473,2733,2734,10,not_b
5,5474,6309,6310,9,not_xor
5,5475,3496,3497,5,b
5,5476,7231,7232,7,or
5,5477,372,373,14,not_and
5,5478,5154,5155,3,a
5,5479,3347,3348,1,and
5,5480,7189,7190,8,not_or
5,5481,1972,1973,7,or
5,5482,3808,3809,14,not_and
5,5483,5455,5456,7,or
5,5484,2705,2706,5,b
5,5485,5385,5386,13,implies
5,5486,6925,6926,5,b
5,5487,2712,2713,3,a
5,5488,845,846,5,b
5,5489,5612,5613,13,implies
5,5490,5600,5601,12,not_a
5,5491,5138,5139,3,a
5,5492,3017,3018,0,zero
5,5493,6843,6844,12,not_a
5,5494,7279,7280,13,implies
5,5495,4829,4830,6,xor
5,5496,2906,2907,3,a
5,5497,5988,5989,10,not_b
5,5498,160,161,0,zero
5,5499,257,258,0,zero
5,5500,5799,5800,4,not_implied_by
5,5501,967,968,12,not_a
5,5502,1904,1905,9,not_xor
5,5503,4960,4961,8,not_or
5,5504,1082,1083,7,or
5,5505,6739,6740,13,implies
5,5506,2067,2068,10,not_b
5,5507,3440,3441,14,not_and
5,5508,3401,3402,10,not_b
5,5509,806,807,9,not_xor
5,5510,3053,3054,10,not_b
5,5511,3310,3311,5,b
5,5512,96,97,4,not_implied_by
5,5513,5790,5791,5,b
5,5514,6774,6775,0,zero
5,5515,1177,1178,1,and
5,5516,7659,7660,13,implies
5,5517,7922,7923,6,xor
5,5518,6887,6888,5,b
5,5519,7344,7345,3,a
5,5520,7631,7632,4,not_implied_by
5,5521,5091,5092,5,b
5,5522,7576,7577,6,xor
5,5523,2974,2975,10,not_b
5,5524,210,211,14,not_and
5,5525,6954,6955,15,one
5,5526,3411,3412,15,one
5,5527,7514,7515,1,and
5,5528,7972,7973,14,not_and
5,5529,6159,6160,7,or
5,5530,7446,7447,4,not_implied_by
5,5531,7334,7335,1,and
5,5532,3333,3334,0,zero
5,5533,2136,2137,6,xor
5,5534,6689,6690,3,a
5,5535,5107,5108,10,not_b
5,5536,4298,4299,12,not_a
5,5537,4803,4804,0,zero
5,5538,7148,7149,5,b
5,5539,117,118,12,not_a
5,5540,4359,4360,1,and
5,5541,3229,3230,13,implies
5,5542,2764,2765,6,xor
5,5543,3566,3567,15,one
5,5544,7133,7134,1,and
5,5545,4460,4461,10,not_b
5,5546,3387,3388,9,not_xor
5,5547,277,278,6,xor
5,5548,6582,6583,10,not_b
5,5549,4816,4817,15,one
5,5550,3924,3925,10,not_b
5,5551,6247,6248,6,xor
5,5552,6190,6191,13,implies
5,5553,6295,6296,5,b
5,5554,4705,4706,9,not_xor
5,5555,5447,5448,12,not_a
5,5556,4434,4435,4,not_implied_by
5,5557,4885,4886,3,a
5,5558,3993,3994,6,xor
5,5559,7792,7793,11,implied_by
5,5560,4637,4638,15,one
5,5561,873,874,10,not_b
5,5562,6242,6243,12,not_a
5,5563,6921,6922,9,not_xor
5,5564,5361,5362,5,b
5,5565,5108,5109,8,not_or
5,5566,1485,1486,12,not_a
5,5567,3791,3792,0,zero
5,5568,3676,3677,9,not_xor
5,5569,6035,6036,2,not_implies
5,5570,6969,6970,4,not_implied_by
5,5571,7433,7434,3,a
5,5572,4165,4166,3,a
5,5573,2551,2552,12,not_a
5,5574,1170,1171,10,not_b
5,5575,4689,4690,10,not_b
5,5576,7297,7298,11,implied_by
5,5577,3453,3454,11,implied_by
5,5578,2994,2995,1,and
5,5579,6827,6828,11,implied_by
5,5580,5100,5101,13,implies
5,5581,7909,7910,13,implies
5,5582,7127,7128,7,or
5,5583,3785,3786,5,b
5,5584,2399,2400,5,b
5,5585,1836,1837,0,zero
5,5586,7706,7707,3,a
5,5587,2463,2464,11,implied_by
5,5588,2250,2251,12,not_a
5,5589,6743,6744,6,xor
5,5590,5022,5023,11,implied_by
5,5591,2448,2449,13,implies
5,5592,7701,7702,5,b
5,5593,4306,4307,11,implied_by
5,5594,3875,3876,4,not_implied_by
5,5595,3768,3769,14,not_and
5,5596,7461,7462,9,not_xor
5,5597,7902,7903,0,zero
5,5598,5472,5473,5,b
5,5599,2961,2962,12,not_a
5,5600,5334,5335,8,not_or
5,5601,395,396,0,zero
5,5602,1695,1696,7,or
5,5603,2445,2446,10,not_b
5,5604,3670,3671,3,a
5,5605,7620,7621,12,not_a
5,5606,6235,6236,12,not_a
5,5607,2857,2858,8,not_or
5,5608,2143,2144,6,xor
5,5609,502,503,12,not_a
5,5610,4078,4079,9,not_xor
5,5611,7952,7953,14,not_and
5,5612,5516,5517,15,one
5,5613,195,196,1,and
5,5614,3822,3823,5,b
5,5615,5279,5280,11,implied_by
5,5616,4695,4696,3,a
5,5617,7596,7597,0,zero
5,5618,1672,1673,3,a
5,5619,6047,6048,12,not_a
5,5620,7789,7790,13,implies
5,5621,3611,3612,10,not_b
5,5622,4468,4469,0,zero
5,5623,3797,3798,6,xor
5,5624,4200,4201,14,not_and
5,5625,1796,1797,6,xor
5,5626,6899,6900,10,not_b
5,5627,7026,7027,0,zero
5,5628,6587,6588,10,not_b
5,5629,7067,7068,15,one
5,5630,3520,3521,14,not_and
5,5631,1744,1745,0,zero
5,5632,4835,4836,8,not_or
5,5633,261,262,3,a
5,5634,7654,7655,13,implies
5,5635,5587,5588,3,a
5,5636,5624,5625,6,xor
5,5637,4196,4197,5,b
5,5638,1733,1734,6,xor
5,5639,380,381,14,not_and
5,5640,2478,2479,9,not_xor
5,5641,1854,1855,4,not_implied_by
5,5642,2017,2018,2,not_implies
5,5643,2511,2512,5,b
5,5644,6165,6166,15,one
5,5645,4876,4877,10,not_b
5,5646,5536,5537,2,not_implies
5,5647,6879,6880,15,one
5,5648,2543,2544,5,b
5,5649,6960,6961,14,not_and
5,5650,2060,2061,11,implied_by
5,5651,6118,6119,8,not_or
5,5652,6706,6707,7,or
5,5653,7727,7728,12,not_a
5,5654,6718,6719,10,not_b
5,5655,3337,3338,15,one
5,5656,3795,3796,12,not_a
5,5657,2268,2269,11,implied_by
5,5658,3889,3890,11,implied_by
5,5659,2216,2217,12,not_a
5,5660,334,335,15,one
5,5661,5643,5644,13,implies
5,5662,1784,1785,12,not_a
5,5663,7913,7914,6,xor
5,5664,4178,4179,7,or
5,5665,3817,3818,10,not_b
5,5666,647,648,3,a
5,5667,751,752,11,implied_by
5,5668,192,193,2,not_implies
5,5669,2785,2786,3,a
5,5670,668,669,5,b
5,5671,6091,6092,4,not_implied_by
5,5672,7451,7452,12,not_a
5,5673,4846,4847,12,not_a
5,5674,6880,6881,12,not_a
5,5675,7031,7032,2,not_implies
5,5676,3622,3623,2,not_implies
5,5677,1620,1621,0,zero
5,5678,7043,7044,10,not_b
5,5679,5196,5197,6,xor
5,5680,5508,5509,0,zero
5,5681,3998,3999,15,one
5,5682,4201,4202,8,not_or
5,5683,3222,3223,13,implies
5,5684,3980,3981,10,not_b
5,5685,3103,3104,0,zero
5,5686,5764,5765,0,zero
5,5687,4134,4135,8,not_or
5,5688,6565,6566,3,a
5,5689,1370,1371,5,b
5,5690,1398,1399,11,implied_by
5,5691,5084,5085,8,not_or
5,5692,7828,7829,7,or
5,5693,2575,2576,7,or
5,5694,7669,7670,1,and
5,5695,6998,6999,7,or
5,5696,1676,1677,12,not_a
5,5697,6468,6469,8,not_or
5,5698,6474,6475,15,one
5,5699,7149,7150,3,a
5,5700,3852,3853,7,or
5,5701,3668,3669,5,b
5,5702,6855,6856,8,not_or
5,5703,3883,3884,0,zero
5,5704,3436,3437,8,not_or
5,5705,692,693,15,one
5,5706,1200,1201,10,not_b
5,5707,584,585,12,not_a
5,5708,2873,2874,14,not_and
5,5709,2709,2710,7,or
5,5710,3918,3919,5,b
5,5711,3681,3682,8,not_or
5,5712,4257,4258,3,a
5,5713,2076,2077,12,not_a
5,5714,6238,6239,12,not_a
5,5715,7206,7207,3,a
5,5716,3742,3743,6,xor
5,5717,1458,1459,10,not_b
5,5718,6210,6211,14,not_and
5,5719,7963,7964,8,not_or
5,5720,6713,6714,6,xor
5,5721,377,378,0,zero
5,5722,4982,4983,6,xor
5,5723,3478,3479,9,not_xor
5,5724,4193,4194,7,or
5,5725,5566,5567,3,a
5,5726,574,575,7,or
5,5727,6453,6454,1,and
5,5728,1846,1847,4,not_implied_by
5,5729,6120,6121,5,b
5,5730,3026,3027,12,not_a
5,5731,2034,2035,11,implied_by
5,5732,2477,2478,9,not_xor
5,5733,7613,7614,10,not_b
5,5734,2272,2273,8,not_or
5,5735,5614,5615,8,not_or
5,5736,3256,3257,13,implies
5,5737,1544,1545,13,implies
5,5738,6883,6884,14,not_and
5,5739,3391,3392,5,b
5,5740,4466,4467,5,b
5,5741,2260,2261,6,xor
5,5742,5538,5539,4,not_implied_by
5,5743,181,182,11,implied_by
5,5744,2564,2565,11,implied_by
5,5745,2725,2726,15,one
5,5746,1190,1191,4,not_implied_by
5,5747,1382,1383,2,not_implies
5,5748,673,674,11,implied_by
5,5749,439,440,5,b
5,5750,6552,6553,7,or
5,5751,6914,6915,1,and
5,5752,6941,6942,3,a
5,5753,6975,6976,8,not_or
5,5754,6130,6131,2,not_implies
5,5755,2026,2027,2,not_implies
5,5756,446,447,2,not_implies
5,5757,1245,1246,11,implied_by
5,5758,2364,2365,13,implies
5,5759,1318,1319,11,implied_by
5,5760,5980,5981,8,not_or
5,5761,5119,5120,11,implied_by
5,5762,6716,6717,10,not_b
5,5763,4799,4800,9,not_xor
5,5764,2273,2274,2,not_implies
5,5765,7668,7669,5,b
5,5766,4856,4857,3,a
5,5767,7218,7219,3,a
5,5768,7915,7916,13,implies
5,5769,2191,2192,9,not_xor
5,5770,3371,3372,15,one
5,5771,4390,4391,11,implied_by
5,5772,5794,5795,3,a
5,5773,3805,3806,12,not_a
5,5774,2401,2402,12,not_a
5,5775,725,726,2,not_implies
5,5776,5082,5083,10,not_b
5,5777,4879,4880,2,not_implies
5,5778,1986,1987,8,not_or
5,5779,1323,1324,11,implied_by
5,5780,80,81,3,a
5,5781,4305,4306,0,zero
5,5782,520,521,6,xor
5,5783,13,14,9,not_xor
5,5784,6167,6168,15,one
5,5785,7327,7328,13,implies
5,5786,1163,1164,4,not_implied_by
5,5787,242,243,1,and
5,5788,7527,7528,12,not_a
5,5789,1665,1666,12,not_a
5,5790,4900,4901,4,not_implied_by
5,5791,3728,3729,1,and
5,5792,6248,6249,11,implied_by
5,5793,2569,2570,6,xor
5,5794,2805,2806,2,not_implies
5,5795,6852,6853,5,b
5,5796,1626,1627,9,not_xor
5,5797,3088,3089,11,implied_by
5,5798,3672,3673,12,not_a
5,5799,1340,1341,12,not_a
5,5800,7822,7823,13,implies
5,5801,1950,1951,12,not_a
5,5802,3629,3630,10,not_b
5,5803,1201,1202,0,zero
5,5804,4248,4249,7,or
5,5805,7993,7994,12,not_a
5,5806,7808,7809,15,one
5,5807,3376,3377,14,not_and
5,5808,6583,6584,12,not_a
5,5809,4399,4400,9,not_xor
5,5810,3646,3647,4,not_implied_by
5,5811,4748,4749,7,or
5,5812,4183,4184,7,or
5,5813,4948,4949,4,not_implied_by
5,5814,49,50,6,xor
5,5815,3397,3398,6,xor
5,5816,6653,6654,8,not_or
5,5817,2666,2667,9,not_xor
5,5818,3951,3952,14,not_and
5,5819,2642,2643,5,b
5,5820,348,349,0,zero
5,5821,6796,6797,1,and
5,5822,3542,3543,4,not_implied_by
5,5823,6180,6181,13,implies
5,5824,1623,1624,14,not_and
5,5825,1252,1253,3,a
5,5826,7825,7826,5,b
5,5827,6101,6102,5,b
5,5828,2022,2023,4,not_implied_by
5,5829,5954,5955,1,and
5,5830,2317,2318,4,not_implied_by
5,5831,1629,1630,3,a
5,5832,4928,4929,3,a
5,5833,4970,4971,12,not_a
5,5834,2531,2532,5,b
5,5835,1053,1054,9,not_xor
5,5836,4565,4566,6,xor
5,5837,1984,1985,4,not_implied_by
5,5838,7614,7615,8,not_or
5,5839,3243,3244,15,one
5,5840,4579,4580,12,not_a
5,5841,2011,2012,6,xor
5,5842,2070,2071,15,one
5,5843,6092,6093,15,one
5,5844,3719,3720,9,not_xor
5,5845,546,547,15,one
5,5846,2223,2224,5,b
5,5847,109,110,0,zero
5,5848,131,132,3,a
5,5849,1086,1087,13,implies
5,5850,491,492,1,and
5,5851,2817,2818,12,not_a
5,5852,1430,1431,13,implies
5,5853,256,257,0,zero
5,5854,7480,7481,13,implies
5,5855,3162,3163,0,zero
5,5856,1344,1345,15,one
5,5857,6539,6540,0,zero
5,5858,1993,1994,6,xor
5,5859,4493,4494,15,one
5,5860,5707,5708,1,and
5,5861,5632,5633,15,one
5,5862,1515,1516,10,not_b
5,5863,2808,2809,12,not_a
5,5864,2261,2262,12,not_a
5,5865,3332,3333,5,b
5,5866,2420,2421,10,not_b
5,5867,2244,2245,1,and
5,5868,1638,1639,10,not_b
5,5869,4272,4273,3,a
5,5870,741,742,15,one
5,5871,7016,7017,2,not_implies
5,5872,2289,2290,8,not_or
5,5873,6977,6978,2,not_implies
5,5874,2447,2448,11,implied_by
5,5875,6864,6865,12,not_a
5,5876,215,216,1,and
5,5877,4713,4714,15,one
5,5878,3389,3390,8,not_or
5,5879,2295,2296,1,and
5,5880,624,625,3,a
5,5881,475,476,1,and
5,5882,780,781,2,not_implies
5,5883,4664,4665,2,not_implies
5,5884,2651,2652,5,b
5,5885,7101,7102,14,not_and
5,5886,6100,6101,10,not_b
5,5887,2165,2166,0,zero
5,5888,1259,1260,5,b
5,5889,3796,3797,3,a
5,5890,6681,6682,10,not_b
5,5891,3274,3275,12,not_a
5,5892,7254,7255,9,not_xor
5,5893,815,816,10,not_b
5,5894,5747,5748,3,a
5,5895,9,10,7,or
5,5896,6892,6893,9,not_xor
5,5897,4376,4377,13,implies
5,5898,7642,7643,10,not_b
5,5899,4168,4169,10,not_b
5,5900,4192,4193,3,a
5,5901,7273,7274,9,not_xor
5,5902,3750,3751,7,or
5,5903,3608,3609,12,not_a
5,5904,4740,4741,10,not_b
5,5905,1337,1338,12,not_a
5,5906,641,642,13,implies
5,5907,7577,7578,15,one
5,5908,2400,2401,4,not_implied_by
5,5909,1535,1536,3,a
5,5910,2969,2970,8,not_or
5,5911,2963,2964,0,zero
5,5912,7346,7347,15,one
5,5913,7080,7081,13,implies
5,5914,4034,4035,11,implied_by
5,5915,5462,5463,8,not_or
5,5916,2769,2770,0,zero
5,5917,6223,6224,2,not_implies
5,5918,5193,5194,6,xor
5,5919,133,134,8,not_or
5,5920,3255,3256,13,implies
5,5921,2028,2029,12,not_a
5,5922,5831,5832,11,implied_by
5,5923,7740,7741,5,b
5,5924,7134,7135,9,not_xor
5,5925,2546,2547,13,implies
5,5926,5565,5566,12,not_a
5,5927,728,729,14,not_and
5,5928,3703,3704,5,b
5,5929,392,393,0,zero
5,5930,5500,5501,7,or
5,5931,7575,7576,13,implies
5,5932,1661,1662,8,not_or
5,5933,5076,5077,3,a
5,5934,4867,4868,0,zero
5,5935,37,38,1,and
5,5936,658,659,7,or
5,5937,5205,5206,0,zero
5,5938,406,407,4,not_implied_by
5,5939,2429,2430,7,or
5,5940,1806,1807,3,a
5,5941,7533,7534,3,a
5,5942,1736,1737,2,not_implies
5,5943,7163,7164,12,not_a
5,5944,2811,2812,8,not_or
5,5945,7123,7124,10,not_b
5,5946,4349,4350,1,and
5,5947,1659,1660,4,not_implied_by
5,5948,7675,7676,3,a
5,5949,4351,4352,12,not_a
5,5950,2436,2437,11,implied_by
5,5951,2397,2398,13,implies
5,5952,4712,4713,11,implied_by
5,5953,5340,5341,0,zero
5,5954,229,230,11,implied_by
5,5955,5815,5816,0,zero
5,5956,2489,2490,2,not_implies
5,5957,196,197,15,one
5,5958,2112,2113,6,xor
5,5959,5378,5379,12,not_a
5,5960,4398,4399,11,implied_by
5,5961,6448,6449,4,not_implied_by
5,5962,7385,7386,6,xor
5,5963,1239,1240,12,not_a
5,5964,12,13,3,a
5,5965,6259,6260,12,not_a
5,5966,5970,5971,15,one
5,5967,3077,3078,8,not_or
5,5968,3475,3476,8,not_or
5,5969,7782,7783,5,b
5,5970,7504,7505,7,or
5,5971,2043,2044,3,a
5,5972,221,222,15,one
5,5973,5751,5752,6,xor
5,5974,5573,5574,5,b
5,5975,7788,7789,12,not_a
5,5976,2048,2049,8,not_or
5,5977,5670,5671,5,b
5,5978,5382,5383,6,xor
5,5979,4920,4921,10,not_b
5,5980,2779,2780,13,implies
5,5981,646,647,5,b
5,5982,3802,3803,8,not_or
5,5983,888,889,9,not_xor
5,5984,219,220,3,a
5,5985,3727,3728,11,implied_by
5,5986,4599,4600,9,not_xor
5,5987,5033,5034,14,not_and
5,5988,7844,7845,9,not_xor
5,5989,1966,1967,2,not_implies
5,5990,1553,1554,3,a
5,5991,1309,1310,8,not_or
5,5992,991,992,14,not_and
5,5993,6607,6608,3,a
5,5994,5518,5519,12,not_a
5,5995,1870,1871,10,not_b
5,5996,928,929,4,not_implied_by
5,5997,4167,4168,10,not_b
5,5998,5693,5694,10,not_b
5,5999,1456,1457,9,not_xor
5,6000,7339,7340,4,not_implied_by
5,6001,6020,6021,6,xor
5,6002,6976,6977,9,not_xor
5,6003,5208,5209,11,implied_by
5,6004,7056,7057,4,not_implied_by
5,6005,3264,3265,13,implies
5,6006,7559,7560,6,xor
5,6007,2020,2021,4,not_implied_by
5,6008,4631,4632,6,xor
5,6009,2475,2476,6,xor
5,6010,3962,3963,15,one
5,6011,1711,1712,7,or
5,6012,2761,2762,10,not_b
5,6013,2846,2847,9,not_xor
5,6014,2781,2782,8,not_or
5,6015,5669,5670,4,not_implied_by
5,6016,1260,1261,3,a
5,6017,5947,5948,6,xor
5,6018,2996,2997,5,b
5,6019,2895,2896,4,not_implied_by
5,6020,3556,3557,1,and
5,6021,3673,3674,0,zero
5,6022,2140,2141,12,not_a
5,6023,7439,7440,10,not_b
5,6024,1392,1393,2,not_implies
5,6025,684,685,3,a
5,6026,5448,5449,9,not_xor
5,6027,2924,2925,1,and
5,6028,568,569,13,implies
5,6029,3509,3510,11,implied_by
5,6030,3596,3597,3,a
5,6031,7719,7720,1,and
5,6032,1256,1257,2,not_implies
5,6033,1558,1559,13,implies
5,6034,7432,7433,10,not_b
5,6035,4506,4507,9,not_xor
5,6036,5785,5786,2,not_implies
5,6037,398,399,13,implies
5,6038,5997,5998,3,a
5,6039,6348,6349,3,a
5,6040,1367,1368,5,b
5,6041,3745,3746,0,zero
5,6042,2838,2839,6,xor
5,6043,859,860,10,not_b
5,6044,1412,1413,8,not_or
5,6045,4365,4366,14,not_and
5,6046,2900,2901,8,not_or
5,6047,4524,4525,2,not_implies
5,6048,2597,2598,5,b
5,6049,5079,5080,12,not_a
5,6050,3470,3471,15,one
5,6051,5549,5550,6,xor
5,6052,5568,5569,7,or
5,6053,1046,1047,5,b
5,6054,5259,5260,0,zero
5,6055,6702,6703,10,not_b
5,6056,4589,4590,13,implies
5,6057,2370,2371,14,not_and
5,6058,101,102,11,implied_by
5,6059,5055,5056,15,one
5,6060,1746,1747,7,or
5,6061,4268,4269,13,implies
5,6062,4733,4734,4,not_implied_by
5,6063,6662,6663,14,not_and
5,6064,319,320,7,or
5,6065,3378,3379,6,xor
5,6066,1740,1741,12,not_a
5,6067,6723,6724,13,implies
5,6068,5840,5841,11,implied_by
5,6069,2109,2110,7,or
5,6070,6950,6951,8,not_or
5,6071,409,410,10,not_b
5,6072,7780,7781,8,not_or
5,6073,375,376,1,and
5,6074,3231,3232,2,not_implies
5,6075,4825,4826,9,not_xor
5,6076,6084,6085,14,not_and
5,6077,1301,1302,11,implied_by
5,6078,6512,6513,2,not_implies
5,6079,2793,2794,12,not_a
5,6080,7304,7305,2,not_implies
5,6081,2355,2356,3,a
5,6082,5405,5406,2,not_implies
5,6083,5774,5775,9,not_xor
5,6084,5302,5303,7,or
5,6085,3639,3640,15,one
5,6086,1973,1974,3,a
5,6087,4481,4482,9,not_xor
5,6088,3154,3155,8,not_or
5,6089,5513,5514,8,not_or
5,6090,4893,4894,2,not_implies
5,6091,4360,4361,14,not_and
5,6092,7536,7537,14,not_and
5,6093,7881,7882,10,not_b
5,6094,2701,2702,11,implied_by
5,6095,4788,4789,14,not_and
5,6096,289,290,6,xor
5,6097,4808,4809,10,not_b
5,6098,2432,2433,5,b
5,6099,5129,5130,3,a
5,6100,445,446,6,xor
5,6101,5480,5481,12,not_a
5,6102,5389,5390,6,xor
5,6103,4559,4560,6,xor
5,6104,1273,1274,11,implied_by
5,6105,7666,7667,2,not_implies
5,6106,5262,5263,4,not_implied_by
5,6107,539,540,5,b
5,6108,2320,2321,3,a
5,6109,7157,7158,0,zero
5,6110,3664,3665,4,not_implied_by
5,6111,1121,1122,3,a
5,6112,7548,7549,10,not_b
5,6113,294,295,3,a
5,6114,7111,7112,0,zero
5,6115,788,789,0,zero
5,6116,4059,4060,5,b
5,6117,7688,7689,1,and
5,6118,5734,5735,5,b
5,6119,2308,2309,12,not_a
5,6120,5366,5367,15,one
5,6121,4643,4644,0,zero
5,6122,2170,2171,12,not_a
5,6123,1123,1124,15,one
5,6124,7190,7191,3,a
5,6125,7379,7380,10,not_b
5,6126,6572,6573,11,implied_by
5,6127,3299,3300,11,implied_by
5,6128,3928,3929,6,xor
5,6129,6368,6369,3,a
5,6130,4597,4598,14,not_and
5,6131,4550,4551,15,one
5,6132,4578,4579,14,not_and
5,6133,3430,3431,13,implies
5,6134,826,827,12,not_a
5,6135,4464,4465,8,not_or
5,6136,3203,3204,12,not_a
5,6137,2852,2853,3,a
5,6138,5843,5844,7,or
5,6139,5699,5700,8,not_or
5,6140,175,176,13,implies
5,6141,6304,6305,1,and
5,6142,2288,2289,5,b
5,6143,3221,3222,3,a
5,6144,2537,2538,10,not_b
5,6145,6303,6304,6,xor
5,6146,2661,2662,12,not_a
5,6147,1548,1549,6,xor
5,6148,5155,5156,0,zero
5,6149,3339,3340,10,not_b
5,6150,1839,1840,3,a
5,6151,1969,1970,10,not_b
5,6152,7109,7110,1,and
5,6153,1447,1448,11,implied_by
5,6154,5863,5864,7,or
5,6155,4114,4115,5,b
5,6156,863,864,2,not_implies
5,6157,1097,1098,7,or
5,6158,576,577,3,a
5,6159,7593,7594,9,not_xor
5,6160,5793,5794,3,a
5,6161,1883,1884,8,not_or
5,6162,2550,2551,10,not_b
5,6163,460,461,13,implies
5,6164,6649,6650,6,xor
5,6165,5887,5888,11,implied_by
5,6166,3064,3065,10,not_b
5,6167,1214,1215,6,xor
5,6168,3489,3490,6,xor
5,6169,1324,1325,10,not_b
5,6170,4696,4697,2,not_implies
5,6171,6355,6356,6,xor
5,6172,782,783,8,not_or
5,6173,6737,6738,10,not_b
5,6174,1918,1919,2,not_implies
5,6175,5692,5693,1,and
5,6176,4061,4062,10,not_b
5,6177,3771,3772,5,b
5,6178,7798,7799,10,not_b
5,6179,3175,3176,11,implied_by
5,6180,2003,2004,5,b
5,6181,5558,5559,6,xor
5,6182,2458,2459,2,not_implies
5,6183,667,668,0,zero
5,6184,6411,6412,9,not_xor
5,6185,4491,4492,1,and
5,6186,2603,2604,10,not_b
5,6187,963,964,8,not_or
5,6188,6415,6416,14,not_and
5,6189,565,566,6,xor
5,6190,76,77,11,implied_by
5,6191,1477,1478,2,not_implies
5,6192,3867,3868,6,xor
5,6193,7632,7633,2,not_implies
5,6194,2348,2349,0,zero
5,6195,4503,4504,3,a
5,6196,5243,5244,1,and
5,6197,1360,1361,12,not_a
5,6198,7729,7730,7,or
5,6199,423,424,1,and
5,6200,3362,3363,4,not_implied_by
5,6201,2890,2891,9,not_xor
5,6202,5888,5889,10,not_b
5,6203,4962,4963,6,xor
5,6204,3167,3168,4,not_implied_by
5,6205,6176,6177,3,a
5,6206,5330,5331,8,not_or
5,6207,6189,6190,13,implies
5,6208,3842,3843,5,b
5,6209,4779,4780,3,a
5,6210,4488,4489,8,not_or
5,6211,3365,3366,10,not_b
5,6212,362,363,5,b
5,6213,6920,6921,3,a
5,6214,7396,7397,6,xor
5,6215,2587,2588,5,b
5,6216,6913,6914,9,not_xor
5,6217,18,19,9,not_xor
5,6218,742,743,2,not_implies
5,6219,6938,6939,5,b
5,6220,2285,2286,0,zero
5,6221,811,812,7,or
5,6222,6640,6641,0,zero
5,6223,5822,5823,11,implied_by
5,6224,1798,1799,5,b
5,6225,1437,1438,13,implies
5,6226,6427,6428,7,or
5,6227,5349,5350,0,zero
5,6228,2115,2116,7,or
5,6229,6207,6208,6,xor
5,6230,4742,4743,5,b
5,6231,774,775,8,not_or
5,6232,5817,5818,14,not_and
5,6233,4006,4007,8,not_or
5,6234,7538,7539,0,zero
5,6235,4922,4923,6,xor
5,6236,4043,4044,6,xor
5,6237,1913,1914,10,not_b
5,6238,7280,7281,8,not_or
5,6239,148,149,5,b
5,6240,1277,1278,12,not_a
5,6241,2029,2030,10,not_b
5,6242,7552,7553,3,a
5,6243,1313,1314,5,b
5,6244,5045,5046,4,not_implied_by
5,6245,3506,3507,7,or
5,6246,74,75,15,one
5,6247,2555,2556,8,not_or
5,6248,5263,5264,4,not_implied_by
5,6249,837,838,15,one
5,6250,4666,4667,11,implied_by
5,6251,747,748,7,or
5,6252,2403,2404,10,not_b
5,6253,4148,4149,15,one
5,6254,7662,7663,13,implies
5,6255,2105,2106,3,a
5,6256,711,712,1,and
5,6257,3547,3548,1,and
5,6258,3647,3648,13,implies
5,6259,5354,5355,5,b
5,6260,263,264,9,not_xor
5,6261,1042,1043,12,not_a
5,6262,6544,6545,5,b
5,6263,4848,4849,4,not_implied_by
5,6264,4665,4666,1,and
5,6265,6712,6713,5,b
5,6266,1421,1422,3,a
5,6267,4591,4592,1,and
5,6268,7170,7171,1,and
5,6269,1625,1626,4,not_implied_by
5,6270,1174,1175,4,not_implied_by
5,6271,677,678,4,not_implied_by
5,6272,4627,4628,7,or
5,6273,1061,1062,1,and
5,6274,4896,4897,0,zero
5,6275,805,806,7,or
5,6276,2135,2136,2,not_implies
5,6277,2044,2045,4,not_implied_by
5,6278,3395,3396,3,a
5,6279,204,205,9,not_xor
5,6280,254,255,12,not_a
5,6281,7238,7239,5,b
5,6282,456,457,14,not_and
5,6283,4255,4256,15,one
5,6284,7288,7289,10,not_b
5,6285,5185,5186,5,b
5,6286,5950,5951,15,one
5,6287,3747,3748,0,zero
5,6288,4120,4121,5,b
5,6289,602,603,5,b
5,6290,1818,1819,3,a
5,6291,2952,2953,14,not_and
5,6292,5444,5445,15,one
5,6293,2104,2105,5,b
5,6294,4378,4379,13,implies
5,6295,7649,7650,1,and
5,6296,6813,6814,0,zero
5,6297,7044,7045,12,not_a
5,6298,1362,1363,7,or
5,6299,3367,3368,5,b
5,6300,6804,6805,9,not_xor
5,6301,6133,6134,4,not_implied_by
5,6302,4275,4276,3,a
5,6303,255,256,14,not_and
5,6304,3479,3480,13,implies
5,6305,4623,4624,0,zero
5,6306,2146,2147,12,not_a
5,6307,7610,7611,6,xor
5,6308,2088,2089,7,or
5,6309,1450,1451,15,one
5,6310,4027,4028,2,not_implies
5,6311,644,645,10,not_b
5,6312,1641,1642,9,not_xor
5,6313,3823,3824,3,a
5,6314,1868,1869,13,implies
5,6315,5680,5681,8,not_or
5,6316,507,508,3,a
5,6317,4618,4619,7,or
5,6318,5324,5325,0,zero
5,6319,6356,6357,7,or
5,6320,89,90,2,not_implies
5,6321,3109,3110,1,and
5,6322,1085,1086,0,zero
5,6323,1481,1482,0,zero
5,6324,823,824,14,not_and
5,6325,4499,4500,14,not_and
5,6326,1111,1112,7,or
5,6327,2196,2197,3,a
5,6328,4640,4641,3,a
5,6329,5655,5656,7,or
5,6330,5088,5089,7,or
5,6331,7924,7925,0,zero
5,6332,3844,3845,11,implied_by
5,6333,4130,4131,0,zero
5,6334,2675,2676,5,b
5,6335,1537,1538,7,or
5,6336,5201,5202,7,or
5,6337,6629,6630,5,b
5,6338,4247,4248,3,a
5,6339,1712,1713,8,not_or
5,6340,5735,5736,9,not_xor
5,6341,976,977,12,not_a
5,6342,1000,1001,11,implied_by
5,6343,3372,3373,8,not_or
5,6344,6036,6037,4,not_implied_by
5,6345,5486,5487,5,b
5,6346,6650,6651,14,not_and
5,6347,7684,7685,9,not_xor
5,6348,4356,4357,12,not_a
5,6349,5901,5902,5,b
5,6350,6637,6638,3,a
5,6351,3975,3976,12,not_a
5,6352,1731,1732,2,not_implies
5,6353,3861,3862,5,b
5,6354,3046,3047,12,not_a
5,6355,1221,1222,5,b
5,6356,7205,7206,15,one
5,6357,7750,7751,6,xor
5,6358,931,932,7,or
5,6359,4045,4046,3,a
5,6360,1586,1587,1,and
5,6361,890,891,0,zero
5,6362,417,418,11,implied_by
5,6363,4800,4801,14,not_and
5,6364,3551,3552,8,not_or
5,6365,5995,5996,14,not_and
5,6366,15,16,5,b
5,6367,1446,1447,11,implied_by
5,6368,4941,4942,7,or
5,6369,2692,2693,13,implies
5,6370,2796,2797,1,and
5,6371,4561,4562,1,and
5,6372,2594,2595,4,not_implied_by
5,6373,1607,1608,5,b
5,6374,1434,1435,8,not_or
5,6375,3958,3959,12,not_a
5,6376,2334,2335,14,not_and
5,6377,5786,5787,6,xor
5,6378,4014,4015,2,not_implies
5,6379,7249,7250,5,b
5,6380,6918,6919,12,not_a
5,6381,3912,3913,4,not_implied_by
5,6382,6893,6894,14,not_and
5,6383,2287,2288,6,xor
5,6384,6495,6496,4,not_implied_by
5,6385,5998,5999,0,zero
5,6386,1407,1408,8,not_or
5,6387,2904,2905,15,one
5,6388,4406,4407,10,not_b
5,6389,6549,6550,9,not_xor
5,6390,7201,7202,5,b
5,6391,657,658,15,one
5,6392,5603,5604,10,not_b
5,6393,1766,1767,8,not_or
5,6394,1906,1907,7,or
5,6395,3952,3953,8,not_or
5,6396,6818,6819,14,not_and
5,6397,759,760,9,not_xor
5,6398,2198,2199,7,or
5,6399,1168,1169,14,not_and
5,6400,4546,4547,5,b
5,6401,7213,7214,10,not_b
5,6402,3396,3397,4,not_implied_by
5,6403,6281,6282,11,implied_by
5,6404,5753,5754,0,zero
5,6405,1714,1715,5,b
5,6406,930,931,15,one
5,6407,6788,6789,3,a
5,6408,5234,5235,0,zero
5,6409,4750,4751,12,not_a
5,6410,1244,1245,15,one
5,6411,655,656,1,and
5,6412,5656,5657,2,not_implies
5,6413,2659,2660,1,and
5,6414,3210,3211,9,not_xor
5,6415,2236,2237,5,b
5,6416,247,248,0,zero
5,6417,4141,4142,5,b
5,6418,5847,5848,13,implies
5,6419,4651,4652,7,or
5,6420,4375,4376,4,not_implied_by
5,6421,2222,2223,10,not_b
5,6422,5029,5030,12,not_a
5,6423,6612,6613,3,a
5,6424,2325,2326,13,implies
5,6425,6471,6472,7,or
5,6426,7815,7816,5,b
5,6427,3753,3754,7,or
5,6428,4461,4462,15,one
5,6429,1104,1105,5,b
5,6430,775,776,4,not_implied_by
5,6431,2305,2306,10,not_b
5,6432,7810,7811,5,b
5,6433,4080,4081,7,or
5,6434,7521,7522,3,a
5,6435,6569,6570,12,not_a
5,6436,5534,5535,14,not_and
5,6437,1994,1995,0,zero
5,6438,1401,1402,11,implied_by
5,6439,2204,2205,8,not_or
5,6440,7544,7545,12,not_a
5,6441,1083,1084,13,implies
5,6442,2366,2367,0,zero
5,6443,7852,7853,0,zero
5,6444,571,572,7,or
5,6445,2016,2017,12,not_a
5,6446,5280,5281,13,implies
5,6447,3285,3286,14,not_and
5,6448,5363,5364,15,one
5,6449,3997,3998,14,not_and
5,6450,3040,3041,15,one
5,6451,5213,5214,15,one
5,6452,2148,2149,7,or
5,6453,4914,4915,10,not_b
5,6454,818,819,9,not_xor
5,6455,2867,2868,5,b
5,6456,2192,2193,4,not_implied_by
5,6457,3212,3213,5,b
5,6458,489,490,4,not_implied_by
5,6459,7795,7796,6,xor
5,6460,4108,4109,10,not_b
5,6461,5718,5719,3,a
5,6462,3631,3632,12,not_a
5,6463,469,470,11,implied_by
5,6464,5156,5157,9,not_xor
5,6465,1441,1442,12,not_a
5,6466,1271,1272,0,zero
5,6467,5456,5457,6,xor
5,6468,6807,6808,5,b
5,6469,4619,4620,10,not_b
5,6470,6339,6340,9,not_xor
5,6471,2485,2486,6,xor
5,6472,5105,5106,12,not_a
5,6473,7368,7369,5,b
5,6474,3421,3422,3,a
5,6475,5493,5494,10,not_b
5,6476,932,933,9,not_xor
5,6477,1207,1208,1,and
5,6478,492,493,8,not_or
5,6479,2763,2764,15,one
5,6480,7000,7001,0,zero
5,6481,5347,5348,8,not_or
5,6482,5223,5224,7,or
5,6483,7655,7656,5,b
5,6484,7812,7813,13,implies
5,6485,4932,4933,5,b
5,6486,1734,1735,9,not_xor
5,6487,6820,6821,0,zero
5,6488,496,497,5,b
5,6489,7598,7599,3,a
5,6490,5828,5829,0,zero
5,6491,808,809,3,a
5,6492,1647,1648,13,implies
5,6493,1608,1609,3,a
5,6494,3545,3546,13,implies
5,6495,3731,3732,12,not_a
5,6496,2933,2934,4,not_implied_by
5,6497,749,750,5,b
5,6498,7699,7700,5,b
5,6499,4377,4378,13,implies
5,6500,1420,1421,2,not_implies
5,6501,4764,4765,10,not_b
5,6502,466,467,0,zero
5,6503,4393,4394,14,not_and
5,6504,3443,3444,7,or
5,6505,5933,5934,3,a
5,6506,1431,1432,12,not_a
5,6507,7757,7758,11,implied_by
5,6508,2385,2386,12,not_a
5,6509,2842,2843,13,implies
5,6510,1343,1344,3,a
5,6511,7933,7934,7,or
5,6512,2702,2703,1,and
5,6513,2602,2603,13,implies
5,6514,441,442,1,and
5,6515,645,646,12,not_a
5,6516,3784,3785,14,not_and
5,6517,6726,6727,9,not_xor
5,6518,1651,1652,11,implied_by
5,6519,399,400,11,implied_by
5,6520,2095,2096,7,or
5,6521,53,54,15,one
5,6522,4256,4257,7,or
5,6523,7497,7498,10,not_b
5,6524,5949,5950,12,not_a
5,6525,4633,4634,3,a
5,6526,6617,6618,8,not_or
5,6527,3825,3826,14,not_and
5,6528,2042,2043,5,b
5,6529,4944,4945,5,b
5,6530,7567,7568,8,not_or
5,6531,1505,1506,12,not_a
5,6532,4868,4869,2,not_implies
5,6533,1371,1372,3,a
5,6534,1575,1576,0,zero
5,6535,3914,3915,14,not_and
5,6536,770,771,14,not_and
5,6537,4886,4887,9,not_xor
5,6538,1941,1942,10,not_b
5,6539,7244,7245,8,not_or
5,6540,1525,1526,4,not_implied_by
5,6541,3160,3161,14,not_and
5,6542,7342,7343,6,xor
5,6543,3628,3629,10,not_b
5,6544,5556,5557,6,xor
5,6545,5252,5253,0,zero
5,6546,4002,4003,5,b
5,6547,4366,4367,9,not_xor
5,6548,616,617,5,b
5,6549,4259,4260,5,b
5,6550,1031,1032,4,not_implied_by
5,6551,7485,7486,14,not_and
5,6552,7674,7675,3,a
5,6553,5207,5208,5,b
5,6554,5160,5161,0,zero
5,6555,5891,5892,11,implied_by
5,6556,1380,1381,8,not_or
5,6557,1443,1444,11,implied_by
5,6558,2885,2886,12,not_a
5,6559,2312,2313,6,xor
5,6560,4044,4045,13,implies
5,6561,5313,5314,5,b
5,6562,4701,4702,4,not_implied_by
5,6563,7818,7819,3,a
5,6564,3794,3795,11,implied_by
5,6565,3853,3854,14,not_and
5,6566,7964,7965,12,not_a
5,6567,3723,3724,1,and
5,6568,3814,3815,4,not_implied_by
5,6569,4261,4262,7,or
5,6570,6383,6384,1,and
5,6571,5286,5287,4,not_implied_by
5,6572,5977,5978,0,zero
5,6573,1697,1698,5,b
5,6574,1310,1311,12,not_a
5,6575,5776,5777,14,not_and
5,6576,2079,2080,12,not_a
5,6577,4519,4520,7,or
5,6578,513,514,8,not_or
5,6579,1122,1123,10,not_b
5,6580,886,887,3,a
5,6581,5466,5467,14,not_and
5,6582,4207,4208,6,xor
5,6583,6527,6528,13,implies
5,6584,3872,3873,1,and
5,6585,1552,1553,13,implies
5,6586,2578,2579,11,implied_by
5,6587,5502,5503,12,not_a
5,6588,3169,3170,10,not_b
5,6589,4232,4233,0,zero
5,6590,2920,2921,13,implies
5,6591,5381,5382,12,not_a
5,6592,7748,7749,9,not_xor
5,6593,5905,5906,11,implied_by
5,6594,6262,6263,9,not_xor
5,6595,3344,3345,7,or
5,6596,3398,3399,4,not_implied_by
5,6597,1841,1842,7,or
5,6598,2175,2176,1,and
5,6599,3110,3111,10,not_b
5,6600,5171,5172,3,a
5,6601,1233,1234,1,and
5,6602,5097,5098,12,not_a
5,6603,7182,7183,9,not_xor
5,6604,7216,7217,13,implies
5,6605,5403,5404,13,implies
5,6606,4873,4874,4,not_implied_by
5,6607,7888,7889,0,zero
5,6608,2506,2507,13,implies
5,6609,4186,4187,11,implied_by
5,6610,2411,2412,10,not_b
5,6611,1530,1531,10,not_b
5,6612,3468,3469,4,not_implied_by
5,6613,965,966,2,not_implies
5,6614,6773,6774,3,a
5,6615,3669,3670,2,not_implies
5,6616,2832,2833,2,not_implies
5,6617,7278,7279,13,implies
5,6618,3087,3088,7,or
5,6619,7004,7005,14,not_and
5,6620,6766,6767,8,not_or
5,6621,7325,7326,8,not_or
5,6622,7751,7752,9,not_xor
5,6623,3342,3343,10,not_b
5,6624,7219,7220,12,not_a
5,6625,4052,4053,5,b
5,6626,7981,7982,6,xor
5,6627,5545,5546,0,zero
5,6628,6917,6918,12,not_a
5,6629,1866,1867,11,implied_by
5,6630,5851,5852,10,not_b
5,6631,556,557,10,not_b
5,6632,26,27,11,implied_by
5,6633,1927,1928,15,one
5,6634,1473,1474,3,a
5,6635,3977,3978,10,not_b
5,6636,3276,3277,7,or
5,6637,3748,3749,12,not_a
5,6638,4593,4594,13,implies
5,6639,2787,2788,7,or
5,6640,287,288,12,not_a
5,6641,5163,5164,9,not_xor
5,6642,4912,4913,13,implies
5,6643,1466,1467,13,implies
5,6644,4650,4651,3,a
5,6645,4072,4073,12,not_a
5,6646,1448,1449,1,and
5,6647,6444,6445,6,xor
5,6648,5654,5655,12,not_a
5,6649,7839,7840,5,b
5,6650,329,330,14,not_and
5,6651,4364,4365,13,implies
5,6652,5195,5196,2,not_implies
5,6653,478,479,6,xor
5,6654,793,794,7,or
5,6655,5476,5477,10,not_b
5,6656,42,43,9,not_xor
5,6657,4607,4608,7,or
5,6658,7677,7678,15,one
5,6659,5375,5376,14,not_and
5,6660,5343,5344,0,zero
5,6661,3767,3768,0,zero
5,6662,2757,2758,15,one
5,6663,1424,1425,2,not_implies
5,6664,2922,2923,3,a
5,6665,3027,3028,5,b
5,6666,5233,5234,12,not_a
5,6667,3507,3508,15,one
5,6668,708,709,6,xor
5,6669,87,88,14,not_and
5,6670,7229,7230,5,b
5,6671,1861,1862,1,and
5,6672,271,272,14,not_and
5,6673,191,192,14,not_and
5,6674,2678,2679,5,b
5,6675,7845,7846,14,not_and
5,6676,2615,2616,12,not_a
5,6677,715,716,4,not_implied_by
5,6678,6781,6782,9,not_xor
5,6679,6648,6649,6,xor
5,6680,7431,7432,8,not_or
5,6681,944,945,13,implies
5,6682,803,804,12,not_a
5,6683,7758,7759,13,implies
5,6684,3314,3315,0,zero
5,6685,6397,6398,9,not_xor
5,6686,1238,1239,8,not_or
5,6687,6833,6834,14,not_and
5,6688,7017,7018,6,xor
5,6689,2830,2831,10,not_b
5,6690,7354,7355,1,and
5,6691,5357,5358,10,not_b
5,6692,7482,7483,0,zero
5,6693,3432,3433,10,not_b
5,6694,6098,6099,3,a
5,6695,2363,2364,13,implies
5,6696,3591,3592,4,not_implied_by
5,6697,1514,1515,9,not_xor
5,6698,570,571,0,zero
5,6699,1819,1820,0,zero
5,6700,1055,1056,6,xor
5,6701,7264,7265,12,not_a
5,6702,2184,2185,7,or
5,6703,1835,1836,14,not_and
5,6704,5222,5223,1,and
5,6705,3819,3820,12,not_a
5,6706,7643,7644,6,xor
5,6707,5053,5054,0,zero
5,6708,1922,1923,14,not_and
5,6709,7225,7226,14,not_and
5,6710,7734,7735,12,not_a
5,6711,6009,6010,3,a
5,6712,1533,1534,7,or
5,6713,5835,5836,5,b
5,6714,6375,6376,13,implies
5,6715,2252,2253,3,a
5,6716,4009,4010,11,implied_by
5,6717,763,764,5,b
5,6718,6734,6735,12,not_a
5,6719,2601,2602,6,xor
5,6720,821,822,1,and
5,6721,5027,5028,12,not_a
5,6722,7714,7715,15,one
5,6723,2218,2219,3,a
5,6724,5297,5298,10,not_b
5,6725,330,331,4,not_implied_by
5,6726,552,553,4,not_implied_by
5,6727,4998,4999,2,not_implies
5,6728,1291,1292,3,a
5,6729,7661,7662,12,not_a
5,6730,2200,2201,10,not_b
5,6731,3345,3346,9,not_xor
5,6732,7760,7761,4,not_implied_by
5,6733,464,465,15,one
5,6734,7399,7400,10,not_b
5,6735,7071,7072,5,b
5,6736,6566,6567,13,implies
5,6737,5013,5014,3,a
5,6738,6288,6289,1,and
5,6739,3659,3660,0,zero
5,6740,5548,5549,1,and
5,6741,5813,5814,5,b
5,6742,2916,2917,3,a
5,6743,948,949,9,not_xor
5,6744,6902,6903,4,not_implied_by
5,6745,6682,6683,4,not_implied_by
5,6746,120,121,13,implies
5,6747,974,975,4,not_implied_by
5,6748,3841,3842,11,implied_by
5,6749,1156,1157,10,not_b
5,6750,4249,4250,6,xor
5,6751,6579,6580,11,implied_by
5,6752,5072,5073,3,a
5,6753,1018,1019,7,or
5,6754,6869,6870,7,or
5,6755,6901,6902,10,not_b
5,6756,7515,7516,12,not_a
5,6757,3539,3540,12,not_a
5,6758,2147,2148,5,b
5,6759,2350,2351,3,a
5,6760,2215,2216,11,implied_by
5,6761,1938,1939,0,zero
5,6762,5392,5393,3,a
5,6763,4361,4362,7,or
5,6764,4630,4631,15,one
5,6765,3140,3141,5,b
5,6766,4197,4198,5,b
5,6767,232,233,5,b
5,6768,6300,6301,0,zero
5,6769,7730,7731,10,not_b
5,6770,7936,7937,0,zero
5,6771,2915,2916,10,not_b
5,6772,1236,1237,3,a
5,6773,1161,1162,6,xor
5,6774,779,780,12,not_a
5,6775,7660,7661,3,a
5,6776,4128,4129,5,b
5,6777,2182,2183,11,implied_by
5,6778,5709,5710,7,or
5,6779,3954,3955,13,implies
5,6780,4906,4907,4,not_implied_by
5,6781,1395,1396,10,not_b
5,6782,7873,7874,6,xor
5,6783,4497,4498,1,and
5,6784,1753,1754,13,implies
5,6785,6172,6173,3,a
5,6786,3923,3924,10,not_b
5,6787,275,276,9,not_xor
5,6788,2736,2737,7,or
5,6789,3540,3541,9,not_xor
5,6790,4600,4601,10,not_b
5,6791,6294,6295,0,zero
5,6792,449,450,3,a
5,6793,4407,4408,5,b
5,6794,2926,2927,2,not_implies
5,6795,5945,5946,3,a
5,6796,88,89,2,not_implies
5,6797,862,863,9,not_xor
5,6798,5837,5838,15,one
5,6799,5383,5384,13,implies
5,6800,2973,2974,2,not_implies
5,6801,2488,2489,9,not_xor
5,6802,6324,6325,6,xor
5,6803,2092,2093,6,xor
5,6804,6525,6526,10,not_b
5,6805,4634,4635,9,not_xor
5,6806,2891,2892,12,not_a
5,6807,6396,6397,9,not_xor
5,6808,2525,2526,11,implied_by
5,6809,7315,7316,5,b
5,6810,4817,4818,7,or
5,6811,6492,6493,12,not_a
5,6812,1959,1960,10,not_b
5,6813,7146,7147,12,not_a
5,6814,5893,5894,2,not_implies
5,6815,3813,3814,14,not_and
5,6816,2997,2998,1,and
5,6817,7220,7221,3,a
5,6818,6058,6059,11,implied_by
5,6819,2425,2426,11,implied_by
5,6820,4801,4802,8,not_or
5,6821,1807,1808,11,implied_by
5,6822,5337,5338,7,or
5,6823,717,718,3,a
5,6824,2556,2557,3,a
5,6825,7949,7950,14,not_and
5,6826,5203,5204,6,xor
5,6827,3201,3202,3,a
5,6828,2082,2083,12,not_a
5,6829,985,986,5,b
5,6830,7353,7354,13,implies
5,6831,2532,2533,0,zero
5,6832,3008,3009,12,not_a
5,6833,3476,3477,6,xor
5,6834,6228,6229,5,b
5,6835,5248,5249,5,b
5,6836,3143,3144,1,and
5,6837,2422,2423,3,a
5,6838,7584,7585,10,not_b
5,6839,5854,5855,0,zero
5,6840,32,33,0,zero
5,6841,1114,1115,10,not_b
5,6842,971,972,6,xor
5,6843,3153,3154,4,not_implied_by
5,6844,2084,2085,0,zero
5,6845,654,655,14,not_and
5,6846,727,728,3,a
5,6847,1931,1932,2,not_implies
5,6848,2237,2238,11,implied_by
5,6849,5454,5455,8,not_or
5,6850,4975,4976,5,b
5,6851,7425,7426,7,or
5,6852,2271,2272,14,not_and
5,6853,4263,4264,12,not_a
5,6854,1008,1009,14,not_and
5,6855,7415,7416,14,not_and
5,6856,3827,3828,15,one
5,6857,1428,1429,0,zero
5,6858,2773,2774,9,not_xor
5,6859,6808,6809,8,not_or
5,6860,1235,1236,4,not_implied_by
5,6861,3694,3695,5,b
5,6862,2529,2530,6,xor
5,6863,4286,4287,9,not_xor
5,6864,2621,2622,5,b
5,6865,5900,5901,8,not_or
5,6866,7491,7492,15,one
5,6867,5003,5004,7,or
5,6868,5244,5245,10,not_b
5,6869,86,87,12,not_a
5,6870,3483,3484,7,or
5,6871,6227,6228,10,not_b
5,6872,1758,1759,10,not_b
5,6873,1415,1416,6,xor
5,6874,7474,7475,14,not_and
5,6875,6476,6477,11,implied_by
5,6876,4562,4563,8,not_or
5,6877,447,448,13,implies
5,6878,4174,4175,10,not_b
5,6879,1987,1988,7,or
5,6880,387,388,15,one
5,6881,4720,4721,15,one
5,6882,7859,7860,2,not_implies
5,6883,1339,1340,7,or
5,6884,2321,2322,3,a
5,6885,3968,3969,2,not_implies
5,6886,1832,1833,8,not_or
5,6887,6891,6892,9,not_xor
5,6888,218,219,9,not_xor
5,6889,4624,4625,8,not_or
5,6890,652,653,0,zero
5,6891,1770,1771,10,not_b
5,6892,1748,1749,15,one
5,6893,1385,1386,14,not_and
5,6894,136,137,7,or
5,6895,5507,5508,5,b
5,6896,4280,4281,3,a
5,6897,7891,7892,5,b
5,6898,5660,5661,12,not_a
5,6899,2558,2559,9,not_xor
5,6900,6740,6741,12,not_a
5,6901,4341,4342,10,not_b
5,6902,4967,4968,0,zero
5,6903,1657,1658,8,not_or
5,6904,4283,4284,13,implies
5,6905,1985,1986,3,a
5,6906,2749,2750,3,a
5,6907,4895,4896,9,not_xor
5,6908,1867,1868,2,not_implies
5,6909,7046,7047,15,one
5,6910,2591,2592,8,not_or
5,6911,3368,3369,7,or
5,6912,7820,7821,2,not_implies
5,6913,462,463,9,not_xor
5,6914,2590,2591,14,not_and
5,6915,145,146,12,not_a
5,6916,7916,7917,11,implied_by
5,6917,7277,7278,3,a
5,6918,2258,2259,14,not_and
5,6919,2734,2735,14,not_and
5,6920,2294,2295,1,and
5,6921,4270,4271,2,not_implies
5,6922,4838,4839,7,or
5,6923,6319,6320,2,not_implies
5,6924,3895,3896,4,not_implied_by
5,6925,6606,6607,12,not_a
5,6926,6018,6019,3,a
5,6927,1597,1598,3,a
5,6928,1694,1695,12,not_a
5,6929,1540,1541,5,b
5,6930,239,240,14,not_and
5,6931,1105,1106,14,not_and
5,6932,3584,3585,3,a
5,6933,5229,5230,1,and
5,6934,2608,2609,2,not_implies
5,6935,5520,5521,4,not_implied_by
5,6936,6308,6309,12,not_a
5,6937,1308,1309,15,one
5,6938,6193,6194,7,or
5,6939,358,359,10,not_b
5,6940,7930,7931,3,a
5,6941,5315,5316,15,one
5,6942,4804,4805,4,not_implied_by
5,6943,1300,1301,0,zero
5,6944,6181,6182,0,zero
5,6945,5058,5059,12,not_a
5,6946,4615,4616,1,and
5,6947,6683,6684,15,one
5,6948,638,639,11,implied_by
5,6949,5598,5599,8,not_or
5,6950,7085,7086,4,not_implied_by
5,6951,296,297,1,and
5,6952,5697,5698,8,not_or
5,6953,7164,7165,2,not_implies
5,6954,7956,7957,1,and
5,6955,4647,4648,11,implied_by
5,6956,7420,7421,2,not_implies
5,6957,6108,6109,14,not_and
5,6958,5189,5190,15,one
5,6959,1222,1223,13,implies
5,6960,5218,5219,9,not_xor
5,6961,4115,4116,7,or
5,6962,7494,7495,14,not_and
5,6963,6647,6648,2,not_implies
5,6964,3206,3207,14,not_and
5,6965,6983,6984,0,zero
5,6966,7875,7876,4,not_implied_by
5,6967,2750,2751,1,and
5,6968,726,727,7,or
5,6969,937,938,10,not_b
5,6970,4023,4024,1,and
5,6971,2301,2302,1,and
5,6972,6991,6992,7,or
5,6973,4340,4341,2,not_implies
5,6974,2859,2860,6,xor
5,6975,3022,3023,5,b
5,6976,2024,2025,3,a
5,6977,2323,2324,9,not_xor
5,6978,54,55,15,one
5,6979,7274,7275,10,not_b
5,6980,7869,7870,7,or
5,6981,4936,4937,9,not_xor
5,6982,298,299,15,one
5,6983,3041,3042,12,not_a
5,6984,5627,5628,12,not_a
5,6985,2988,2989,2,not_implies
5,6986,2313,2314,6,xor
5,6987,5350,5351,14,not_and
5,6988,7672,7673,6,xor
5,6989,7781,7782,3,a
5,6990,5146,5147,1,and
5,6991,5892,5893,12,not_a
5,6992,4423,4424,6,xor
5,6993,6272,6273,10,not_b
5,6994,913,914,5,b
5,6995,3896,3897,5,b
5,6996,5874,5875,10,not_b
5,6997,3334,3335,3,a
5,6998,6399,6400,5,b
5,6999,920,921,13,implies
5,7000,6204,6205,13,implies
5,7001,6876,6877,5,b
5,7002,3650,3651,0,zero
5,7003,3353,3354,10,not_b
5,7004,6343,6344,9,not_xor
5,7005,7298,7299,6,xor
5,7006,5858,5859,0,zero
5,7007,2056,2057,4,not_implied_by
5,7008,3996,3997,9,not_xor
5,7009,2638,2639,0,zero
5,7010,1479,1480,1,and
5,7011,6862,6863,5,b
5,7012,4485,4486,14,not_and
5,7013,2636,2637,12,not_a
5,7014,3695,3696,3,a
5,7015,4459,4460,5,b
5,7016,1743,1744,8,not_or
5,7017,7025,7026,3,a
5,7018,3043,3044,10,not_b
5,7019,3286,3287,10,not_b
5,7020,431,432,3,a
5,7021,2802,2803,12,not_a
5,7022,6243,6244,13,implies
5,7023,4156,4157,2,not_implies
5,7024,2343,2344,15,one
5,7025,4525,4526,1,and
5,7026,1735,1736,0,zero
5,7027,5018,5019,1,and
5,7028,3661,3662,1,and
5,7029,5169,5170,13,implies
5,7030,6934,6935,11,implied_by
5,7031,5780,5781,0,zero
5,7032,5165,5166,5,b
5,7033,1609,1610,5,b
5,7034,1979,1980,9,not_xor
5,7035,2589,2590,11,implied_by
5,7036,4327,4328,9,not_xor
5,7037,2972,2973,14,not_and
5,7038,5620,5621,1,and
5,7039,3697,3698,12,not_a
5,7040,7522,7523,0,zero
5,7041,2205,2206,1,and
5,7042,3755,3756,1,and
5,7043,4239,4240,5,b
5,7044,7692,7693,13,implies
5,7045,5211,5212,1,and
5,7046,6435,6436,12,not_a
5,7047,5400,5401,11,implied_by
5,7048,143,144,14,not_and
5,7049,1147,1148,6,xor
5,7050,301,302,10,not_b
5,7051,3426,3427,1,and
5,7052,4594,4595,11,implied_by
5,7053,282,283,1,and
5,7054,5446,5447,14,not_and
5,7055,3959,3960,9,not_xor
5,7056,1810,1811,1,and
5,7057,2577,2578,10,not_b
5,7058,4516,4517,2,not_implies
5,7059,2110,2111,10,not_b
5,7060,3235,3236,3,a
5,7061,6952,6953,10,not_b
5,7062,993,994,1,and
5,7063,1255,1256,13,implies
5,7064,3104,3105,6,xor
5,7065,2566,2567,6,xor
5,7066,3482,3483,9,not_xor
5,7067,7168,7169,4,not_implied_by
5,7068,7829,7830,13,implies
5,7069,6441,6442,4,not_implied_by
5,7070,960,961,10,not_b
5,7071,7581,7582,10,not_b
5,7072,7772,7773,10,not_b
5,7073,437,438,10,not_b
5,7074,7302,7303,1,and
5,7075,1763,1764,4,not_implied_by
5,7076,2036,2037,14,not_and
5,7077,6231,6232,14,not_and
5,7078,5731,5732,15,one
5,7079,6198,6199,12,not_a
5,7080,2032,2033,10,not_b
5,7081,6430,6431,4,not_implied_by
5,7082,6554,6555,13,implies
5,7083,6434,6435,5,b
5,7084,3382,3383,5,b
5,7085,5832,5833,3,a
5,7086,6823,6824,0,zero
5,7087,1823,1824,10,not_b
5,7088,5673,5674,1,and
5,7089,1996,1997,12,not_a
5,7090,1943,1944,4,not_implied_by
5,7091,4444,4445,3,a
5,7092,2759,2760,10,not_b
5,7093,7561,7562,8,not_or
5,7094,7775,7776,2,not_implies
5,7095,4433,4434,7,or
5,7096,344,345,4,not_implied_by
5,7097,1223,1224,0,zero
5,7098,4727,4728,5,b
5,7099,82,83,8,not_or
5,7100,6906,6907,6,xor
5,7101,1889,1890,6,xor
5,7102,1508,1509,1,and
5,7103,308,309,1,and
5,7104,2085,2086,10,not_b
5,7105,2545,2546,4,not_implied_by
5,7106,6268,6269,8,not_or
5,7107,63,64,2,not_implies
5,7108,2133,2134,12,not_a
5,7109,3226,3227,11,implied_by
5,7110,6213,6214,0,zero
5,7111,5885,5886,5,b
5,7112,3318,3319,15,one
5,7113,7174,7175,6,xor
5,7114,2844,2845,2,not_implies
5,7115,4656,4657,12,not_a
5,7116,6000,6001,6,xor
5,7117,2141,2142,8,not_or
5,7118,2367,2368,10,not_b
5,7119,5266,5267,13,implies
5,7120,6978,6979,5,b
5,7121,3294,3295,9,not_xor
5,7122,7621,7622,7,or
5,7123,7303,7304,3,a
5,7124,5431,5432,7,or
5,7125,310,311,12,not_a
5,7126,730,731,15,one
5,7127,3692,3693,4,not_implied_by
5,7128,1808,1809,10,not_b
5,7129,2819,2820,2,not_implies
5,7130,2728,2729,15,one
5,7131,4110,4111,10,not_b
5,7132,1151,1152,0,zero
5,7133,5353,5354,3,a
5,7134,5327,5328,12,not_a
5,7135,6443,6444,7,or
5,7136,4139,4140,8,not_or
5,7137,7106,7107,11,implied_by
5,7138,3972,3973,8,not_or
5,7139,7496,7497,8,not_or
5,7140,3667,3668,4,not_implied_by
5,7141,5090,5091,0,zero
5,7142,4092,4093,0,zero
5,7143,6124,6125,3,a
5,7144,6912,6913,1,and
5,7145,4289,4290,2,not_implies
5,7146,949,950,4,not_implied_by
5,7147,4041,4042,1,and
5,7148,7460,7461,10,not_b
5,7149,7400,7401,5,b
5,7150,1910,1911,11,implied_by
5,7151,1185,1186,14,not_and
5,7152,1451,1452,1,and
5,7153,3474,3475,3,a
5,7154,5056,5057,14,not_and
5,7155,5743,5744,9,not_xor
5,7156,5961,5962,2,not_implies
5,7157,2171,2172,10,not_b
5,7158,7171,7172,8,not_or
5,7159,3906,3907,6,xor
5,7160,3775,3776,1,and
5,7161,4403,4404,4,not_implied_by
5,7162,3195,3196,0,zero
5,7163,2395,2396,0,zero
5,7164,7455,7456,7,or
5,7165,3967,3968,9,not_xor
5,7166,5326,5327,10,not_b
5,7167,581,582,8,not_or
5,7168,1983,1984,1,and
5,7169,4099,4100,9,not_xor
5,7170,7779,7780,1,and
5,7171,5884,5885,13,implies
5,7172,5264,5265,12,not_a
5,7173,3594,3595,13,implies
5,7174,926,927,12,not_a
5,7175,6704,6705,7,or
5,7176,6194,6195,11,implied_by
5,7177,159,160,3,a
5,7178,5451,5452,4,not_implied_by
5,7179,4938,4939,12,not_a
5,7180,1935,1936,7,or
5,7181,7927,7928,4,not_implied_by
5,7182,2121,2122,10,not_b
5,7183,5628,5629,5,b
5,7184,1598,1599,1,and
5,7185,7953,7954,8,not_or
5,7186,5647,5648,10,not_b
5,7187,3612,3613,9,not_xor
5,7188,2118,2119,11,implied_by
5,7189,7312,7313,6,xor
5,7190,5672,5673,0,zero
5,7191,1786,1787,11,implied_by
5,7192,7995,7996,14,not_and
5,7193,2123,2124,12,not_a
5,7194,6882,6883,9,not_xor
5,7195,3701,3702,2,not_implies
5,7196,132,133,7,or
5,7197,5475,5476,11,implied_by
5,7198,4737,4738,5,b
5,7199,6541,6542,14,not_and
5,7200,6363,6364,0,zero
5,7201,2181,2182,5,b
5,7202,5048,5049,12,not_a
5,7203,1393,1394,12,not_a
5,7204,7518,7519,8,not_or
5,7205,7508,7509,3,a
5,7206,927,928,2,not_implies
5,7207,200,201,7,or
5,7208,6325,6326,0,zero
5,7209,5772,5773,3,a
5,7210,7319,7320,13,implies
5,7211,1286,1287,3,a
5,7212,3079,3080,2,not_implies
5,7213,47,48,1,and
5,7214,3656,3657,5,b
5,7215,6782,6783,12,not_a
5,7216,2719,2720,0,zero
5,7217,7404,7405,2,not_implies
5,7218,6642,6643,7,or
5,7219,5550,5551,1,and
5,7220,2742,2743,6,xor
5,7221,5715,5716,15,one
5,7222,1294,1295,5,b
5,7223,7009,7010,4,not_implied_by
5,7224,5582,5583,2,not_implies
5,7225,2340,2341,9,not_xor
5,7226,3071,3072,6,xor
5,7227,5359,5360,2,not_implies
5,7228,902,903,12,not_a
5,7229,2336,2337,10,not_b
5,7230,3693,3694,8,not_or
5,7231,1678,1679,12,not_a
5,7232,6353,6354,8,not_or
5,7233,5547,5548,3,a
5,7234,6381,6382,3,a
5,7235,7037,7038,3,a
5,7236,7749,7750,3,a
5,7237,5730,5731,2,not_implies
5,7238,7892,7893,5,b
5,7239,5295,5296,4,not_implied_by
5,7240,6755,6756,3,a
5,7241,6119,6120,9,not_xor
5,7242,2030,2031,13,implies
5,7243,1100,1101,5,b
5,7244,1773,1774,2,not_implies
5,7245,4954,4955,6,xor
5,7246,6957,6958,15,one
5,7247,5922,5923,0,zero
5,7248,6780,6781,12,not_a
5,7249,6094,6095,5,b
5,7250,2396,2397,4,not_implied_by
5,7251,7986,7987,8,not_or
5,7252,3671,3672,10,not_b
5,7253,6776,6777,12,not_a
5,7254,5271,5272,1,and
5,7255,6392,6393,3,a
5,7256,804,805,6,xor
5,7257,6317,6318,9,not_xor
5,7258,5640,5641,2,not_implies
5,7259,465,466,11,implied_by
5,7260,2243,2244,5,b
5,7261,2381,2382,14,not_and
5,7262,6442,6443,4,not_implied_by
5,7263,3910,3911,9,not_xor
5,7264,885,886,6,xor
5,7265,3466,3467,4,not_implied_by
5,7266,6591,6592,2,not_implies
5,7267,6095,6096,3,a
5,7268,3652,3653,10,not_b
5,7269,3953,3954,11,implied_by
5,7270,3529,3530,11,implied_by
5,7271,4046,4047,2,not_implies
5,7272,5098,5099,7,or
5,7273,3801,3802,12,not_a
5,7274,7978,7979,5,b
5,7275,683,684,12,not_a
5,7276,5356,5357,4,not_implied_by
5,7277,7045,7046,7,or
5,7278,3032,3033,0,zero
5,7279,6551,6552,9,not_xor
5,7280,962,963,15,one
5,7281,7539,7540,1,and
5,7282,6824,6825,8,not_or
5,7283,5457,5458,13,implies
5,7284,6955,6956,8,not_or
5,7285,4424,4425,15,one
5,7286,7693,7694,6,xor
5,7287,3702,3703,11,implied_by
5,7288,2219,2220,8,not_or
5,7289,2505,2506,10,not_b
5,7290,5982,5983,5,b
5,7291,4317,4318,9,not_xor
5,7292,6273,6274,12,not_a
5,7293,5965,5966,1,and
5,7294,4143,4144,15,one
5,7295,4314,4315,11,implied_by
5,7296,434,435,15,one
5,7297,1785,1786,8,not_or
5,7298,6668,6669,13,implies
5,7299,6502,6503,5,b
5,7300,5877,5878,14,not_and
5,7301,7096,7097,7,or
5,7302,6146,6147,1,and
5,7303,3936,3937,11,implied_by
5,7304,5602,5603,14,not_and
5,7305,6472,6473,1,and
5,7306,784,785,14,not_and
5,7307,5639,5640,0,zero
5,7308,2925,2926,8,not_or
5,7309,2878,2879,3,a
5,7310,4370,4371,15,one
5,7311,7542,7543,7,or
5,7312,1188,1189,11,implied_by
5,7313,7309,7310,7,or
5,7314,2071,2072,3,a
5,7315,5028,5029,5,b
5,7316,6919,6920,12,not_a
5,7317,2178,2179,8,not_or
5,7318,6762,6763,7,or
5,7319,3654,3655,9,not_xor
5,7320,2359,2360,0,zero
5,7321,7198,7199,12,not_a
5,7322,4495,4496,7,or
5,7323,4454,4455,15,one
5,7324,6424,6425,6,xor
5,7325,1640,1641,1,and
5,7326,39,40,8,not_or
5,7327,5148,5149,1,and
5,7328,7181,7182,5,b
5,7329,3172,3173,0,zero
5,7330,7929,7930,6,xor
5,7331,43,44,10,not_b
5,7332,3297,3298,5,b
5,7333,5372,5373,8,not_or
5,7334,2276,2277,5,b
5,7335,4138,4139,2,not_implies
5,7336,5260,5261,12,not_a
5,7337,7630,7631,10,not_b
5,7338,6485,6486,3,a
5,7339,1383,1384,2,not_implies
5,7340,7255,7256,12,not_a
5,7341,5514,5515,9,not_xor
5,7342,4446,4447,7,or
5,7343,3963,3964,0,zero
5,7344,5605,5606,11,implied_by
5,7345,6933,6934,5,b
5,7346,3947,3948,13,implies
5,7347,6874,6875,12,not_a
5,7348,7600,7601,14,not_and
5,7349,2212,2213,5,b
5,7350,493,494,11,implied_by
5,7351,6837,6838,12,not_a
5,7352,336,337,0,zero
5,7353,4540,4541,3,a
5,7354,998,999,3,a
5,7355,2598,2599,1,and
5,7356,5468,5469,12,not_a
5,7357,4931,4932,7,or
5,7358,4547,4548,3,a
5,7359,1332,1333,7,or
5,7360,4648,4649,11,implied_by
5,7361,2120,2121,7,or
5,7362,7082,7083,10,not_b
5,7363,7477,7478,8,not_or
5,7364,6224,6225,9,not_xor
5,7365,1442,1443,5,b
5,7366,3390,3391,15,one
5,7367,941,942,10,not_b
5,7368,3289,3290,9,not_xor
5,7369,5428,5429,3,a
5,7370,1803,1804,8,not_or
5,7371,4053,4054,3,a
5,7372,7204,7205,10,not_b
5,7373,1065,1066,2,not_implies
5,7374,640,641,6,xor
5,7375,1133,1134,5,b
5,7376,1772,1773,5,b
5,7377,802,803,10,not_b
5,7378,68,69,5,b
5,7379,7364,7365,5,b
5,7380,3461,3462,7,or
5,7381,2583,2584,2,not_implies
5,7382,2815,2816,3,a
5,7383,153,154,8,not_or
5,7384,7724,7725,8,not_or
5,7385,6323,6324,10,not_b
5,7386,3144,3145,10,not_b
5,7387,4330,4331,7,or
5,7388,3498,3499,0,zero
5,7389,3722,3723,3,a
5,7390,7974,7975,9,not_xor
5,7391,906,907,15,one
5,7392,7267,7268,12,not_a
5,7393,1679,1680,6,xor
5,7394,1498,1499,6,xor
5,7395,3942,3943,4,not_implied_by
5,7396,1547,1548,1,and
5,7397,4987,4988,9,not_xor
5,7398,5551,5552,13,implies
5,7399,5591,5592,6,xor
5,7400,2018,2019,0,zero
5,7401,2650,2651,1,and
5,7402,819,820,7,or
5,7403,6890,6891,3,a
5,7404,6346,6347,14,not_and
5,7405,2117,2118,1,and
5,7406,3609,3610,8,not_or
5,7407,2962,2963,2,not_implies
5,7408,719,720,8,not_or
5,7409,4367,4368,6,xor
5,7410,3978,3979,4,not_implied_by
5,7411,517,518,12,not_a
5,7412,4250,4251,10,not_b
5,7413,7801,7802,11,implied_by
5,7414,1150,1151,3,a
5,7415,6851,6852,11,implied_by
5,7416,5890,5891,3,a
5,7417,2572,2573,7,or
5,7418,3183,3184,7,or
5,7419,4101,4102,13,implies
5,7420,2437,2438,10,not_b
5,7421,6054,6055,6,xor
5,7422,4465,4466,6,xor
5,7423,4718,4719,0,zero
5,7424,3790,3791,10,not_b
5,7425,3850,3851,1,and
5,7426,7652,7653,4,not_implied_by
5,7427,7648,7649,6,xor
5,7428,2054,2055,4,not_implied_by
5,7429,3578,3579,6,xor
5,7430,4408,4409,9,not_xor
5,7431,4180,4181,14,not_and
5,7432,1877,1878,14,not_and
5,7433,2860,2861,14,not_and
5,7434,7987,7988,3,a
5,7435,7287,7288,13,implies
5,7436,5069,5070,0,zero
5,7437,1225,1226,5,b
5,7438,1354,1355,6,xor
5,7439,7797,7798,1,and
5,7440,7541,7542,11,implied_by
5,7441,7799,7800,15,one
5,7442,2836,2837,5,b
5,7443,4063,4064,12,not_a
5,7444,7007,7008,0,zero
5,7445,5698,5699,8,not_or
5,7446,3428,3429,1,and
5,7447,6929,6930,2,not_implies
5,7448,1292,1293,11,implied_by
5,7449,2412,2413,15,one
5,7450,511,512,4,not_implied_by
5,7451,5576,5577,6,xor
5,7452,7738,7739,1,and
5,7453,7510,7511,14,not_and
5,7454,430,431,3,a
5,7455,3873,3874,11,implied_by
5,7456,4661,4662,5,b
5,7457,3380,3381,11,implied_by
5,7458,3257,3258,3,a
5,7459,5367,5368,11,implied_by
5,7460,1581,1582,9,not_xor
5,7461,707,708,14,not_and
5,7462,2835,2836,3,a
5,7463,5638,5639,14,not_and
5,7464,7712,7713,2,not_implies
5,7465,418,419,11,implied_by
5,7466,4251,4252,13,implies
5,7467,3939,3940,5,b
5,7468,2068,2069,14,not_and
5,7469,996,997,4,not_implied_by
5,7470,6715,6716,3,a
5,7471,839,840,13,implies
5,7472,3147,3148,14,not_and
5,7473,3248,3249,0,zero
5,7474,4011,4012,13,implies
5,7475,1497,1498,3,a
5,7476,3035,3036,7,or
5,7477,3083,3084,6,xor
5,7478,4416,4417,12,not_a
5,7479,408,409,3,a
5,7480,2004,2005,10,not_b
5,7481,1438,1439,5,b
5,7482,7673,7674,5,b
5,7483,7129,7130,11,implied_by
5,7484,2096,2097,8,not_or
5,7485,2898,2899,8,not_or
5,7486,4729,4730,2,not_implies
5,7487,2373,2374,0,zero
5,7488,3433,3434,4,not_implied_by
5,7489,5484,5485,3,a
5,7490,3019,3020,13,implies
5,7491,5967,5968,6,xor
5,7492,6703,6704,14,not_and
5,7493,2002,2003,4,not_implied_by
5,7494,5906,5907,9,not_xor
5,7495,7008,7009,15,one
5,7496,1022,1023,10,not_b
5,7497,5197,5198,1,and
5,7498,4379,4380,3,a
5,7499,5303,5304,6,xor
5,7500,4047,4048,6,xor
5,7501,6717,6718,3,a
5,7502,887,888,11,implied_by
5,7503,2199,2200,15,one
5,7504,4401,4402,1,and
5,7505,5288,5289,7,or
5,7506,6150,6151,13,implies
5,7507,6674,6675,5,b
5,7508,5256,5257,15,one
5,7509,243,244,9,not_xor
5,7510,3359,3360,8,not_or
5,7511,7073,7074,11,implied_by
5,7512,2735,2736,12,not_a
5,7513,4372,4373,3,a
5,7514,1452,1453,12,not_a
5,7515,6414,6415,12,not_a
5,7516,5572,5573,9,not_xor
5,7517,4745,4746,15,one
5,7518,1172,1173,5,b
5,7519,617,618,13,implies
5,7520,7202,7203,12,not_a
5,7521,7262,7263,3,a
5,7522,199,200,12,not_a
5,7523,165,166,4,not_implied_by
5,7524,6868,6869,1,and
5,7525,1289,1290,9,not_xor
5,7526,5226,5227,9,not_xor
5,7527,5414,5415,2,not_implies
5,7528,1472,1473,0,zero
5,7529,212,213,3,a
5,7530,7665,7666,6,xor
5,7531,4332,4333,9,not_xor
5,7532,922,923,6,xor
5,7533,3863,3864,1,and
5,7534,3462,3463,3,a
5,7535,2582,2583,13,implies
5,7536,2061,2062,4,not_implied_by
5,7537,3558,3559,8,not_or
5,7538,248,249,7,or
5,7539,390,391,4,not_implied_by
5,7540,3121,3122,1,and
5,7541,5996,5997,15,one
5,7542,1587,1588,7,or
5,7543,1358,1359,7,or
5,7544,4042,4043,3,a
5,7545,2680,2681,5,b
5,7546,3363,3364,9,not_xor
5,7547,7554,7555,9,not_xor
5,7548,5506,5507,1,and
5,7549,2774,2775,3,a
5,7550,1952,1953,8,not_or
5,7551,130,131,5,b
5,7552,5757,5758,12,not_a
5,7553,4575,4576,12,not_a
5,7554,1980,1981,5,b
5,7555,4238,4239,8,not_or
5,7556,990,991,6,xor
5,7557,7704,7705,7,or
5,7558,5667,5668,14,not_and
5,7559,4496,4497,11,implied_by
5,7560,7588,7589,3,a
5,7561,4610,4611,1,and
5,7562,4926,4927,12,not_a
5,7563,7158,7159,15,one
5,7564,6677,6678,12,not_a
5,7565,1409,1410,11,implied_by
5,7566,5938,5939,5,b
5,7567,5649,5650,1,and
5,7568,7994,7995,6,xor
5,7569,6010,6011,6,xor
5,7570,333,334,0,zero
5,7571,396,397,8,not_or
5,7572,6746,6747,3,a
5,7573,4667,4668,15,one
5,7574,1326,1327,6,xor
5,7575,20,21,13,implies
5,7576,5913,5914,12,not_a
5,7577,7421,7422,9,not_xor
5,7578,7104,7105,2,not_implies
5,7579,5934,5935,12,not_a
5,7580,7923,7924,4,not_implied_by
5,7581,5006,5007,3,a
5,7582,3298,3299,3,a
5,7583,7094,7095,4,not_implied_by
5,7584,3283,3284,13,implies
5,7585,6459,6460,8,not_or
5,7586,938,939,10,not_b
5,7587,6050,6051,15,one
5,7588,5285,5286,5,b
5,7589,6387,6388,3,a
5,7590,1948,1949,11,implied_by
5,7591,154,155,6,xor
5,7592,151,152,10,not_b
5,7593,4441,4442,2,not_implies
5,7594,3355,3356,10,not_b
5,7595,91,92,0,zero
5,7596,1184,1185,0,zero
5,7597,4907,4908,1,and
5,7598,233,234,10,not_b
5,7599,3858,3859,3,a
5,7600,3277,3278,3,a
5,7601,7971,7972,4,not_implied_by
5,7602,809,810,4,not_implied_by
5,7603,102,103,5,b
5,7604,2360,2361,9,not_xor
5,7605,2950,2951,14,not_and
5,7606,7663,7664,1,and
5,7607,3127,3128,13,implies
5,7608,7166,7167,8,not_or
5,7609,5348,5349,15,one
5,7610,7266,7267,14,not_and
5,7611,5527,5528,10,not_b
5,7612,7020,7021,9,not_xor
5,7613,4708,4709,6,xor
5,7614,1658,1659,2,not_implies
5,7615,31,32,4,not_implied_by
5,7616,5927,5928,0,zero
5,7617,7989,7990,14,not_and
5,7618,7408,7409,15,one
5,7619,6286,6287,12,not_a
5,7620,7507,7508,4,not_implied_by
5,7621,7625,7626,0,zero
5,7622,79,80,5,b
5,7623,2479,2480,3,a
5,7624,1470,1471,0,zero
5,7625,7464,7465,15,one
5,7626,7690,7691,12,not_a
5,7627,5856,5857,10,not_b
5,7628,1024,1025,15,one
5,7629,7347,7348,2,not_implies
5,7630,722,723,6,xor
5,7631,3108,3109,8,not_or
5,7632,7234,7235,3,a
5,7633,1582,1583,11,implied_by
5,7634,4300,4301,15,one
5,7635,7572,7573,14,not_and
5,7636,7998,7999,10,not_b
5,7637,5067,5068,14,not_and
5,7638,3969,3970,5,b
5,7639,7137,7138,13,implies
5,7640,5284,5285,3,a
5,7641,7011,7012,12,not_a
5,7642,7192,7193,9,not_xor
5,7643,2185,2186,15,one
5,7644,2810,2811,5,b
5,7645,2144,2145,4,not_implied_by
5,7646,5130,5131,9,not_xor
5,7647,4206,4207,7,or
5,7648,2455,2456,11,implied_by
5,7649,4205,4206,5,b
5,7650,2649,2650,0,zero
5,7651,5111,5112,11,implied_by
5,7652,2225,2226,7,or
5,7653,5754,5755,5,b
5,7654,7786,7787,10,not_b
5,7655,6239,6240,1,and
5,7656,4679,4680,10,not_b
5,7657,4067,4068,1,and
5,7658,3150,3151,9,not_xor
5,7659,2657,2658,14,not_and
5,7660,554,555,11,implied_by
5,7661,7155,7156,5,b
5,7662,5651,5652,5,b
5,7663,7329,7330,14,not_and
5,7664,7979,7980,14,not_and
5,7665,3713,3714,6,xor
5,7666,6490,6491,14,not_and
5,7667,3329,3330,5,b
5,7668,3683,3684,1,and
5,7669,2801,2802,12,not_a
5,7670,5684,5685,4,not_implied_by
5,7671,7894,7895,4,not_implied_by
5,7672,4040,4041,12,not_a
5,7673,1538,1539,4,not_implied_by
5,7674,0,1,3,a
5,7675,6518,6519,12,not_a
5,7676,6509,6510,12,not_a
5,7677,7445,7446,10,not_b
5,7678,6786,6787,11,implied_by
5,7679,4450,4451,1,and
5,7680,4993,4994,11,implied_by
5,7681,5167,5168,4,not_implied_by
5,7682,5049,5050,9,not_xor
5,7683,291,292,11,implied_by
5,7684,4654,4655,8,not_or
5,7685,936,937,5,b
5,7686,2404,2405,12,not_a
5,7687,5096,5097,14,not_and
5,7688,924,925,3,a
5,7689,1206,1207,11,implied_by
5,7690,7369,7370,5,b
5,7691,639,640,0,zero
5,7692,1068,1069,7,or
5,7693,1518,1519,3,a
5,7694,36,37,3,a
5,7695,1377,1378,5,b
5,7696,7095,7096,3,a
5,7697,1364,1365,13,implies
5,7698,3531,3532,12,not_a
5,7699,6269,6270,6,xor
5,7700,3764,3765,4,not_implied_by
5,7701,3261,3262,10,not_b
5,7702,4531,4532,3,a
5,7703,4362,4363,7,or
5,7704,5759,5760,5,b
5,7705,1898,1899,7,or
5,7706,1571,1572,9,not_xor
5,7707,3636,3637,12,not_a
5,7708,4887,4888,6,xor
5,7709,6576,6577,11,implied_by
5,7710,4425,4426,11,implied_by
5,7711,6701,6702,3,a
5,7712,6922,6923,12,not_a
5,7713,537,538,13,implies
5,7714,4734,4735,10,not_b
5,7715,4022,4023,9,not_xor
5,7716,4793,4794,7,or
5,7717,3532,3533,12,not_a
5,7718,4225,4226,2,not_implies
5,7719,6024,6025,11,implied_by
5,7720,137,138,4,not_implied_by
5,7721,4934,4935,6,xor
5,7722,7907,7908,3,a
5,7723,4929,4930,12,not_a
5,7724,3961,3962,6,xor
5,7725,6112,6113,13,implies
5,7726,6666,6667,14,not_and
5,7727,1777,1778,6,xor
5,7728,7951,7952,11,implied_by
5,7729,6089,6090,14,not_and
5,7730,3350,3351,12,not_a
5,7731,3096,3097,0,zero
5,7732,7126,7127,7,or
5,7733,304,305,3,a
5,7734,2580,2581,12,not_a
5,7735,5629,5630,2,not_implies
5,7736,166,167,3,a
5,7737,7622,7623,8,not_or
5,7738,7529,7530,2,not_implies
5,7739,7543,7544,10,not_b
5,7740,4871,4872,10,not_b
5,7741,2086,2087,5,b
5,7742,5404,5405,6,xor
5,7743,884,885,7,or
5,7744,7024,7025,0,zero
5,7745,2927,2928,3,a
5,7746,6939,6940,13,implies
5,7747,5529,5530,1,and
5,7748,6756,6757,8,not_or
5,7749,7540,7541,5,b
5,7750,1595,1596,6,xor
5,7751,978,979,15,one
5,7752,50,51,3,a
5,7753,4564,4565,11,implied_by
5,7754,2699,2700,0,zero
5,7755,1698,1699,10,not_b
5,7756,2107,2108,12,not_a
5,7757,6274,6275,7,or
5,7758,471,472,0,zero
5,7759,7405,7406,9,not_xor
5,7760,7556,7557,13,implies
5,7761,5001,5002,7,or
5,7762,3981,3982,14,not_and
5,7763,563,564,8,not_or
5,7764,4479,4480,12,not_a
5,7765,5461,5462,4,not_implied_by
5,7766,5114,5115,1,and
5,7767,6747,6748,14,not_and
5,7768,3151,3152,1,and
5,7769,5182,5183,7,or
5,7770,7012,7013,12,not_a
5,7771,7222,7223,11,implied_by
5,7772,1335,1336,12,not_a
5,7773,2753,2754,0,zero
5,7774,6560,6561,12,not_a
5,7775,4274,4275,5,b
5,7776,6040,6041,7,or
5,7777,6863,6864,0,zero
5,7778,4732,4733,1,and
5,7779,4413,4414,11,implied_by
5,7780,5064,5065,9,not_xor
5,7781,4095,4096,12,not_a
5,7782,4482,4483,9,not_xor
5,7783,1504,1505,5,b
5,7784,4642,4643,3,a
5,7785,6455,6456,5,b
5,7786,1471,1472,12,not_a
5,7787,7509,7510,4,not_implied_by
5,7788,1564,1565,7,or
5,7789,7870,7871,5,b
5,7790,5728,5729,14,not_and
5,7791,4551,4552,2,not_implies
5,7792,1092,1093,5,b
5,7793,6630,6631,7,or
5,7794,7102,7103,0,zero
5,7795,7120,7121,3,a
5,7796,4902,4903,10,not_b
5,7797,5174,5175,10,not_b
5,7798,6042,6043,15,one
5,7799,6398,6399,4,not_implied_by
5,7800,1162,1163,3,a
5,7801,6129,6130,3,a
5,7802,2954,2955,2,not_implies
5,7803,4325,4326,14,not_and
5,7804,5210,5211,13,implies
5,7805,7124,7125,0,zero
5,7806,3194,3195,8,not_or
5,7807,2329,2330,13,implies
5,7808,5308,5309,14,not_and
5,7809,6163,6164,6,xor
5,7810,1248,1249,11,implied_by
5,7811,3519,3520,7,or
5,7812,6404,6405,12,not_a
5,7813,7214,7215,6,xor
5,7814,2180,2181,5,b
5,7815,5216,5217,3,a
5,7816,2087,2088,4,not_implied_by
5,7817,1503,1504,7,or
5,7818,4216,4217,10,not_b
5,7819,4498,4499,13,implies
5,7820,734,735,12,not_a
5,7821,2714,2715,10,not_b
5,7822,5255,5256,13,implies
5,7823,5694,5695,5,b
5,7824,5574,5575,9,not_xor
5,7825,7512,7513,8,not_or
5,7826,538,539,0,zero
5,7827,6586,6587,13,implies
5,7828,5541,5542,5,b
5,7829,3215,3216,2,not_implies
5,7830,360,361,1,and
5,7831,490,491,15,one
5,7832,1361,1362,2,not_implies
5,7833,3165,3166,6,xor
5,7834,3449,3450,10,not_b
5,7835,4821,4822,10,not_b
5,7836,7343,7344,13,implies
5,7837,1562,1563,0,zero
5,7838,7970,7971,3,a
5,7839,4381,4382,3,a
5,7840,6296,6297,3,a
5,7841,5333,5334,15,one
5,7842,7854,7855,10,not_b
5,7843,7863,7864,0,zero
5,7844,3081,3082,8,not_or
5,7845,4309,4310,15,one
5,7846,3835,3836,4,not_implied_by
5,7847,3610,3611,1,and
5,7848,6028,6029,13,implies
5,7849,4253,4254,14,not_and
5,7850,6793,6794,13,implies
5,7851,6678,6679,9,not_xor
5,7852,4974,4975,0,zero
5,7853,3001,3002,8,not_or
5,7854,4833,4834,11,implied_by
5,7855,1049,1050,3,a
5,7856,3072,3073,3,a
5,7857,5682,5683,10,not_b
5,7858,267,268,6,xor
5,7859,494,495,14,not_and
5,7860,5150,5151,13,implies
5,7861,1167,1168,12,not_a
5,7862,6183,6184,13,implies
5,7863,4744,4745,11,implied_by
5,7864,118,119,3,a
5,7865,2376,2377,1,and
5,7866,7332,7333,0,zero
5,7867,1353,1354,5,b
5,7868,7131,7132,10,not_b
5,7869,5172,5173,0,zero
5,7870,5099,5100,10,not_b
5,7871,4585,4586,1,and
5,7872,1218,1219,11,implied_by
5,7873,2807,2808,0,zero
5,7874,4726,4727,12,not_a
5,7875,6007,6008,11,implied_by
5,7876,7583,7584,9,not_xor
5,7877,7178,7179,1,and
5,7878,637,638,0,zero
5,7879,207,208,5,b
5,7880,651,652,1,and
5,7881,2023,2024,3,a
5,7882,2090,2091,5,b
5,7883,5539,5540,12,not_a
5,7884,6860,6861,5,b
5,7885,5712,5713,14,not_and
5,7886,1120,1121,1,and
5,7887,5700,5701,11,implied_by
5,7888,3726,3727,10,not_b
5,7889,7645,7646,6,xor
5,7890,5852,5853,6,xor
5,7891,2398,2399,3,a
5,7892,2800,2801,12,not_a
5,7893,6761,6762,5,b
5,7894,7375,7376,3,a
5,7895,6140,6141,12,not_a
5,7896,2015,2016,13,implies
5,7897,5519,5520,8,not_or
5,7898,3881,3882,5,b
5,7899,6096,6097,3,a
5,7900,4010,4011,10,not_b
5,7901,1067,1068,3,a
5,7902,4456,4457,3,a
5,7903,4395,4396,10,not_b
5,7904,340,341,15,one
5,7905,5787,5788,12,not_a
5,7906,2114,2115,5,b
5,7907,7657,7658,15,one
5,7908,607,608,5,b
5,7909,2824,2825,0,zero
5,7910,3614,3615,0,zero
5,7911,359,360,1,and
5,7912,6573,6574,1,and
5,7913,4467,4468,6,xor
5,7914,6064,6065,3,a
5,7915,4714,4715,13,implies
5,7916,7897,7898,15,one
5,7917,6736,6737,4,not_implied_by
5,7918,2220,2221,12,not_a
5,7919,3960,3961,10,not_b
5,7920,1110,1111,9,not_xor
5,7921,7435,7436,6,xor
5,7922,6221,6222,10,not_b
5,7923,7014,7015,10,not_b
5,7924,2386,2387,5,b
5,7925,299,300,5,b
5,7926,2641,2642,13,implies
5,7927,5034,5035,12,not_a
5,7928,7992,7993,15,one
5,7929,6226,6227,8,not_or
5,7930,4635,4636,15,one
5,7931,4530,4531,5,b
5,7932,7732,7733,7,or
5,7933,2872,2873,7,or
5,7934,4783,4784,10,not_b
5,7935,150,151,9,not_xor
5,7936,7429,7430,0,zero
5,7937,4346,4347,7,or
5,7938,7389,7390,3,a
5,7939,2239,2240,3,a
5,7940,945,946,3,a
5,7941,1502,1503,12,not_a
5,7942,6454,6455,0,zero
5,7943,58,59,10,not_b
5,7944,5985,5986,3,a
5,7945,3315,3316,14,not_and
5,7946,17,18,11,implied_by
5,7947,4989,4990,2,not_implies
5,7948,6170,6171,3,a
5,7949,2896,2897,2,not_implies
5,7950,324,325,6,xor
5,7951,5537,5538,11,implied_by
5,7952,4352,4353,14,not_and
5,7953,6814,6815,14,not_and
5,7954,758,759,3,a
5,7955,3068,3069,8,not_or
5,7956,3508,3509,5,b
5,7957,4008,4009,7,or
5,7958,2492,2493,8,not_or
5,7959,3425,3426,0,zero
5,7960,3099,3100,3,a
5,7961,1825,1826,15,one
5,7962,1038,1039,5,b
5,7963,6407,6408,2,not_implies
5,7964,980,981,10,not_b
5,7965,5621,5622,8,not_or
5,7966,2372,2373,0,zero
5,7967,672,673,10,not_b
5,7968,4269,4270,10,not_b
5,7969,6022,6023,15,one
5,7970,3234,3235,3,a
5,7971,3521,3522,4,not_implied_by
5,7972,6930,6931,11,implied_by
5,7973,5918,5919,7,or
5,7974,1793,1794,12,not_a
5,7975,139,140,1,and
5,7976,1314,1315,8,not_or
5,7977,5399,5400,10,not_b
5,7978,5419,5420,12,not_a
5,7979,1372,1373,15,one
5,7980,5955,5956,9,not_xor
5,7981,6134,6135,9,not_xor
5,7982,2419,2420,5,b
5,7983,4155,4156,3,a
5,7984,4489,4490,13,implies
5,7985,3847,3848,9,not_xor
5,7986,3340,3341,9,not_xor
5,7987,3002,3003,14,not_and
5,7988,2599,2600,0,zero
5,7989,7769,7770,11,implied_by
5,7990,1298,1299,3,a
5,7991,5092,5093,10,not_b
5,7992,5338,5339,14,not_and
5,7993,3437,3438,10,not_b
5,7994,865,866,14,not_and
5,7995,2247,2248,14,not_and
5,7996,5342,5343,14,not_and
5,7997,6770,6771,10,not_b
5,7998,6506,6507,10,not_b
5,7999,5533,5534,10,not_b
