layer,neuron,input_a,input_b,gate_id,gate_name
1,0,651,653,9,not_xor
1,1,108,115,5,b
1,2,470,472,7,or
1,3,366,374,5,b
1,4,556,558,12,not_a
1,5,326,334,12,not_a
1,6,472,479,3,a
1,7,51,58,13,implies
1,8,193,197,13,implies
1,9,430,436,10,not_b
1,10,78,86,11,implied_by
1,11,103,110,10,not_b
1,12,581,588,10,not_b
1,13,546,549,13,implies
1,14,366,371,4,not_implied_by
1,15,14,19,10,not_b
1,16,715,717,8,not_or
1,17,45,49,15,one
1,18,349,353,10,not_b
1,19,662,665,13,implies
1,20,232,236,8,not_or
1,21,457,463,2,not_implies
1,22,90,93,3,a
1,23,462,468,12,not_a
1,24,186,191,14,not_and
1,25,420,422,2,not_implies
1,26,638,640,14,not_and
1,27,701,705,13,implies
1,28,366,370,7,or
1,29,258,260,11,implied_by
1,30,53,60,2,not_implies
1,31,241,246,6,xor
1,32,555,559,10,not_b
1,33,344,351,10,not_b
1,34,16,24,13,implies
1,35,210,215,7,or
1,36,464,466,12,not_a
1,37,572,577,11,implied_by
1,38,551,556,5,b
1,39,87,91,8,not_or
1,40,604,607,8,not_or
1,41,419,422,4,not_implied_by
1,42,340,342,6,xor
1,43,408,413,12,not_a
1,44,416,422,7,or
1,45,101,104,10,not_b
1,46,556,563,11,implied_by
1,47,738,745,5,b
1,48,94,95,14,not_and
1,49,98,103,8,not_or
1,50,400,402,6,xor
1,51,367,375,2,not_implies
1,52,196,200,15,one
1,53,678,679,14,not_and
1,54,193,200,12,not_a
1,55,234,237,4,not_implied_by
1,56,364,372,7,or
1,57,80,82,13,implies
1,58,78,82,12,not_a
1,59,163,170,8,not_or
1,60,605,609,12,not_a
1,61,1,7,5,b
1,62,131,136,8,not_or
1,63,304,308,4,not_implied_by
1,64,648,650,4,not_implied_by
1,65,673,674,7,or
1,66,212,216,7,or
1,67,143,148,10,not_b
1,68,690,694,12,not_a
1,69,421,424,5,b
1,70,632,635,11,implied_by
1,71,533,537,13,implies
1,72,178,184,5,b
1,73,344,349,14,not_and
1,74,545,548,9,not_xor
1,75,118,120,11,implied_by
1,76,340,341,14,not_and
1,77,374,378,10,not_b
1,78,94,101,4,not_implied_by
1,79,359,362,7,or
1,80,362,364,4,not_implied_by
1,81,214,217,6,xor
1,82,220,224,4,not_implied_by
1,83,523,527,15,one
1,84,397,405,11,implied_by
1,85,147,153,5,b
1,86,352,355,12,not_a
1,87,154,162,6,xor
1,88,496,504,6,xor
1,89,732,735,10,not_b
1,90,165,172,15,one
1,91,723,727,3,a
1,92,654,656,1,and
1,93,194,198,13,implies
1,94,34,38,10,not_b
1,95,57,61,6,xor
1,96,180,188,6,xor
1,97,715,720,0,zero
1,98,768,769,6,xor
1,99,477,481,7,or
1,100,355,362,8,not_or
1,101,190,193,9,not_xor
1,102,353,356,4,not_implied_by
1,103,582,584,9,not_xor
1,104,649,655,6,xor
1,105,476,479,2,not_implies
1,106,272,280,2,not_implies
1,107,289,295,10,not_b
1,108,411,416,12,not_a
1,109,644,646,0,zero
1,110,439,443,7,or
1,111,371,376,6,xor
1,112,723,728,1,and
1,113,424,431,10,not_b
1,114,56,59,2,not_implies
1,115,537,544,6,xor
1,116,277,283,13,implies
1,117,7,11,11,implied_by
1,118,750,756,6,xor
1,119,673,679,6,xor
1,120,1,9,11,implied_by
1,121,130,138,12,not_a
1,122,645,646,6,xor
1,123,339,344,2,not_implies
1,124,196,197,5,b
1,125,193,201,8,not_or
1,126,477,479,9,not_xor
1,127,695,701,12,not_a
1,128,306,313,8,not_or
1,129,484,487,6,xor
1,130,629,630,3,a
1,131,646,649,0,zero
1,132,77,78,3,a
1,133,246,249,6,xor
1,134,309,310,5,b
1,135,380,382,12,not_a
1,136,388,396,6,xor
1,137,755,757,8,not_or
1,138,47,52,10,not_b
1,139,294,300,5,b
1,140,501,505,13,implies
1,141,55,62,10,not_b
1,142,602,609,3,a
1,143,222,230,8,not_or
1,144,686,693,9,not_xor
1,145,308,311,15,one
1,146,291,292,1,and
1,147,731,737,4,not_implied_by
1,148,693,698,8,not_or
1,149,207,214,5,b
1,150,589,593,12,not_a
1,151,652,656,6,xor
1,152,408,412,12,not_a
1,153,460,466,12,not_a
1,154,397,400,6,xor
1,155,28,35,14,not_and
1,156,347,348,8,not_or
1,157,699,704,8,not_or
1,158,37,44,10,not_b
1,159,333,339,13,implies
1,160,183,188,2,not_implies
1,161,248,250,9,not_xor
1,162,163,168,13,implies
1,163,267,271,5,b
1,164,404,411,9,not_xor
1,165,341,344,0,zero
1,166,17,22,11,implied_by
1,167,774,781,7,or
1,168,637,639,3,a
1,169,687,694,13,implies
1,170,677,679,8,not_or
1,171,0,7,9,not_xor
1,172,44,45,15,one
1,173,461,466,12,not_a
1,174,398,406,10,not_b
1,175,477,478,8,not_or
1,176,623,629,6,xor
1,177,324,331,12,not_a
1,178,738,744,12,not_a
1,179,588,591,8,not_or
1,180,156,158,7,or
1,181,654,658,7,or
1,182,339,346,15,one
1,183,401,407,10,not_b
1,184,0,2,12,not_a
1,185,235,242,5,b
1,186,14,15,11,implied_by
1,187,771,775,15,one
1,188,572,574,3,a
1,189,326,333,15,one
1,190,742,744,7,or
1,191,141,142,12,not_a
1,192,252,260,3,a
1,193,542,544,3,a
1,194,474,477,7,or
1,195,551,555,2,not_implies
1,196,95,96,0,zero
1,197,453,458,6,xor
1,198,536,539,7,or
1,199,283,291,3,a
1,200,64,65,11,implied_by
1,201,276,280,12,not_a
1,202,482,486,6,xor
1,203,9,10,15,one
1,204,602,605,8,not_or
1,205,679,681,10,not_b
1,206,752,757,10,not_b
1,207,441,449,6,xor
1,208,403,411,9,not_xor
1,209,365,371,4,not_implied_by
1,210,114,115,4,not_implied_by
1,211,759,760,1,and
1,212,734,739,7,or
1,213,412,420,0,zero
1,214,525,533,3,a
1,215,314,318,10,not_b
1,216,48,55,10,not_b
1,217,294,297,3,a
1,218,369,377,10,not_b
1,219,407,412,12,not_a
1,220,628,632,3,a
1,221,658,662,1,and
1,222,771,772,5,b
1,223,350,356,12,not_a
1,224,128,135,7,or
1,225,86,88,4,not_implied_by
1,226,159,165,0,zero
1,227,680,681,12,not_a
1,228,508,511,6,xor
1,229,267,273,7,or
1,230,561,566,14,not_and
1,231,69,70,13,implies
1,232,722,725,1,and
1,233,634,640,15,one
1,234,637,643,12,not_a
1,235,763,764,13,implies
1,236,401,405,2,not_implies
1,237,574,580,2,not_implies
1,238,102,103,8,not_or
1,239,770,776,13,implies
1,240,331,332,3,a
1,241,27,28,8,not_or
1,242,764,769,15,one
1,243,395,401,6,xor
1,244,371,374,6,xor
1,245,457,458,7,or
1,246,387,390,15,one
1,247,451,454,4,not_implied_by
1,248,462,466,12,not_a
1,249,761,764,15,one
1,250,618,625,7,or
1,251,471,479,2,not_implies
1,252,256,262,8,not_or
1,253,633,635,8,not_or
1,254,742,748,9,not_xor
1,255,715,716,8,not_or
1,256,491,498,12,not_a
1,257,111,117,10,not_b
1,258,606,608,11,implied_by
1,259,344,346,6,xor
1,260,506,514,6,xor
1,261,646,647,13,implies
1,262,99,107,9,not_xor
1,263,527,528,3,a
1,264,197,199,14,not_and
1,265,382,387,4,not_implied_by
1,266,767,772,11,implied_by
1,267,173,181,5,b
1,268,732,738,4,not_implied_by
1,269,14,18,4,not_implied_by
1,270,627,629,3,a
1,271,207,212,7,or
1,272,402,403,6,xor
1,273,717,722,1,and
1,274,3,7,10,not_b
1,275,653,656,7,or
1,276,132,134,14,not_and
1,277,603,610,15,one
1,278,698,700,10,not_b
1,279,363,367,11,implied_by
1,280,514,516,2,not_implies
1,281,655,656,7,or
1,282,113,117,8,not_or
1,283,587,592,0,zero
1,284,350,352,10,not_b
1,285,158,164,0,zero
1,286,294,298,5,b
1,287,152,155,6,xor
1,288,612,619,5,b
1,289,582,586,7,or
1,290,394,400,4,not_implied_by
1,291,278,283,15,one
1,292,712,717,8,not_or
1,293,406,411,12,not_a
1,294,408,409,12,not_a
1,295,414,421,7,or
1,296,606,607,6,xor
1,297,494,501,10,not_b
1,298,215,221,6,xor
1,299,64,69,10,not_b
1,300,1,4,12,not_a
1,301,303,306,2,not_implies
1,302,222,224,13,implies
1,303,583,590,12,not_a
1,304,743,746,12,not_a
1,305,653,660,2,not_implies
1,306,743,748,10,not_b
1,307,94,102,14,not_and
1,308,438,444,5,b
1,309,319,320,6,xor
1,310,173,179,11,implied_by
1,311,472,475,3,a
1,312,467,471,6,xor
1,313,455,458,6,xor
1,314,329,333,6,xor
1,315,622,624,7,or
1,316,191,196,12,not_a
1,317,752,758,3,a
1,318,484,489,10,not_b
1,319,164,170,14,not_and
1,320,520,526,6,xor
1,321,462,469,12,not_a
1,322,708,709,11,implied_by
1,323,706,712,10,not_b
1,324,782,783,9,not_xor
1,325,559,562,1,and
1,326,434,442,12,not_a
1,327,372,379,10,not_b
1,328,1,3,6,xor
1,329,122,128,1,and
1,330,374,379,10,not_b
1,331,685,686,13,implies
1,332,139,140,6,xor
1,333,646,650,0,zero
1,334,284,291,3,a
1,335,730,735,1,and
1,336,140,145,14,not_and
1,337,563,565,10,not_b
1,338,390,395,10,not_b
1,339,192,194,0,zero
1,340,629,631,5,b
1,341,387,395,2,not_implies
1,342,373,374,6,xor
1,343,394,397,15,one
1,344,2,6,3,a
1,345,94,96,7,or
1,346,599,602,3,a
1,347,611,615,6,xor
1,348,68,72,15,one
1,349,71,74,8,not_or
1,350,518,524,12,not_a
1,351,399,400,6,xor
1,352,90,92,8,not_or
1,353,716,720,8,not_or
1,354,662,669,12,not_a
1,355,618,619,12,not_a
1,356,714,720,1,and
1,357,459,460,10,not_b
1,358,214,222,7,or
1,359,519,527,12,not_a
1,360,17,24,1,and
1,361,31,37,14,not_and
1,362,661,668,5,b
1,363,344,347,6,xor
1,364,505,508,5,b
1,365,333,336,1,and
1,366,118,121,8,not_or
1,367,477,482,5,b
1,368,306,312,15,one
1,369,175,183,6,xor
1,370,321,328,1,and
1,371,546,550,8,not_or
1,372,745,749,15,one
1,373,193,195,11,implied_by
1,374,16,20,1,and
1,375,308,312,2,not_implies
1,376,114,116,12,not_a
1,377,301,309,3,a
1,378,627,631,5,b
1,379,210,217,2,not_implies
1,380,368,376,8,not_or
1,381,375,378,10,not_b
1,382,90,97,8,not_or
1,383,298,306,7,or
1,384,109,117,1,and
1,385,566,571,7,or
1,386,177,185,6,xor
1,387,325,327,4,not_implied_by
1,388,358,365,3,a
1,389,603,604,1,and
1,390,577,583,14,not_and
1,391,347,352,10,not_b
1,392,374,382,8,not_or
1,393,678,683,1,and
1,394,605,612,11,implied_by
1,395,138,139,1,and
1,396,705,708,9,not_xor
1,397,314,315,1,and
1,398,667,672,0,zero
1,399,96,98,8,not_or
1,400,494,498,6,xor
1,401,758,762,8,not_or
1,402,629,635,2,not_implies
1,403,54,56,1,and
1,404,667,674,11,implied_by
1,405,609,612,9,not_xor
1,406,475,476,13,implies
1,407,525,528,7,or
1,408,67,68,10,not_b
1,409,373,379,10,not_b
1,410,718,719,10,not_b
1,411,374,375,6,xor
1,412,656,660,7,or
1,413,55,57,9,not_xor
1,414,775,782,12,not_a
1,415,621,623,4,not_implied_by
1,416,124,126,6,xor
1,417,560,565,6,xor
1,418,516,523,12,not_a
1,419,322,325,14,not_and
1,420,95,103,11,implied_by
1,421,283,286,8,not_or
1,422,465,472,12,not_a
1,423,700,706,10,not_b
1,424,213,219,6,xor
1,425,281,287,15,one
1,426,576,577,0,zero
1,427,720,724,15,one
1,428,180,182,4,not_implied_by
1,429,463,471,12,not_a
1,430,218,222,3,a
1,431,656,663,1,and
1,432,226,230,12,not_a
1,433,192,198,13,implies
1,434,529,534,10,not_b
1,435,327,335,6,xor
1,436,71,73,14,not_and
1,437,322,329,13,implies
1,438,36,42,1,and
1,439,549,551,2,not_implies
1,440,31,38,7,or
1,441,231,233,12,not_a
1,442,94,100,10,not_b
1,443,506,513,6,xor
1,444,257,261,5,b
1,445,24,29,2,not_implies
1,446,357,361,6,xor
1,447,46,54,11,implied_by
1,448,686,690,9,not_xor
1,449,653,659,3,a
1,450,217,225,2,not_implies
1,451,15,18,6,xor
1,452,72,76,8,not_or
1,453,558,560,6,xor
1,454,152,158,6,xor
1,455,294,302,5,b
1,456,43,45,15,one
1,457,378,384,12,not_a
1,458,269,270,7,or
1,459,95,98,9,not_xor
1,460,141,147,11,implied_by
1,461,362,370,5,b
1,462,206,209,4,not_implied_by
1,463,230,232,12,not_a
1,464,639,645,5,b
1,465,105,107,5,b
1,466,333,340,0,zero
1,467,87,90,3,a
1,468,578,584,9,not_xor
1,469,532,538,5,b
1,470,569,570,7,or
1,471,626,633,3,a
1,472,190,198,6,xor
1,473,224,230,0,zero
1,474,389,391,3,a
1,475,2,5,14,not_and
1,476,681,684,1,and
1,477,76,78,4,not_implied_by
1,478,170,177,8,not_or
1,479,430,435,10,not_b
1,480,583,588,5,b
1,481,114,118,9,not_xor
1,482,223,228,2,not_implies
1,483,522,523,6,xor
1,484,698,699,8,not_or
1,485,641,644,7,or
1,486,488,496,12,not_a
1,487,516,522,12,not_a
1,488,452,454,6,xor
1,489,284,285,14,not_and
1,490,740,742,5,b
1,491,303,307,2,not_implies
1,492,663,667,4,not_implied_by
1,493,228,232,14,not_and
1,494,117,123,14,not_and
1,495,98,100,3,a
1,496,90,96,12,not_a
1,497,161,168,8,not_or
1,498,550,556,1,and
1,499,599,603,3,a
1,500,552,555,7,or
1,501,432,434,10,not_b
1,502,598,600,7,or
1,503,372,373,6,xor
1,504,255,262,5,b
1,505,356,360,6,xor
1,506,727,728,12,not_a
1,507,748,752,8,not_or
1,508,194,201,11,implied_by
1,509,234,235,0,zero
1,510,701,702,1,and
1,511,168,171,10,not_b
1,512,729,730,3,a
1,513,295,302,13,implies
1,514,675,681,9,not_xor
1,515,35,37,7,or
1,516,581,584,5,b
1,517,356,362,2,not_implies
1,518,323,328,12,not_a
1,519,561,565,14,not_and
1,520,23,27,0,zero
1,521,104,108,5,b
1,522,359,365,7,or
1,523,584,590,12,not_a
1,524,600,602,1,and
1,525,250,258,0,zero
1,526,358,360,6,xor
1,527,82,87,4,not_implied_by
1,528,81,85,0,zero
1,529,86,94,11,implied_by
1,530,263,269,5,b
1,531,517,522,12,not_a
1,532,662,663,12,not_a
1,533,443,446,7,or
1,534,358,364,6,xor
1,535,703,705,5,b
1,536,776,777,12,not_a
1,537,374,381,10,not_b
1,538,270,278,2,not_implies
1,539,179,186,6,xor
1,540,392,399,7,or
1,541,9,11,1,and
1,542,696,697,8,not_or
1,543,117,125,15,one
1,544,61,69,3,a
1,545,267,268,1,and
1,546,37,43,2,not_implies
1,547,369,375,6,xor
1,548,125,128,4,not_implied_by
1,549,547,549,14,not_and
1,550,4,10,1,and
1,551,584,591,12,not_a
1,552,168,172,9,not_xor
1,553,545,546,9,not_xor
1,554,26,30,14,not_and
1,555,303,305,2,not_implies
1,556,120,127,14,not_and
1,557,709,714,8,not_or
1,558,486,493,11,implied_by
1,559,409,416,12,not_a
1,560,372,378,8,not_or
1,561,468,473,2,not_implies
1,562,580,586,7,or
1,563,631,632,5,b
1,564,746,750,14,not_and
1,565,618,622,1,and
1,566,20,28,15,one
1,567,449,456,4,not_implied_by
1,568,197,201,14,not_and
1,569,529,531,10,not_b
1,570,313,319,2,not_implies
1,571,587,591,10,not_b
1,572,91,94,9,not_xor
1,573,67,74,1,and
1,574,22,26,8,not_or
1,575,188,189,3,a
1,576,221,227,10,not_b
1,577,32,35,7,or
1,578,389,395,14,not_and
1,579,15,20,9,not_xor
1,580,418,426,13,implies
1,581,548,553,7,or
1,582,702,708,10,not_b
1,583,489,492,12,not_a
1,584,532,539,4,not_implied_by
1,585,291,293,7,or
1,586,649,652,15,one
1,587,204,210,12,not_a
1,588,599,606,3,a
1,589,184,188,6,xor
1,590,533,534,10,not_b
1,591,296,298,4,not_implied_by
1,592,576,581,3,a
1,593,570,576,3,a
1,594,547,553,12,not_a
1,595,155,158,6,xor
1,596,329,331,6,xor
1,597,388,391,7,or
1,598,312,318,8,not_or
1,599,382,385,6,xor
1,600,362,365,0,zero
1,601,196,199,5,b
1,602,349,357,6,xor
1,603,524,525,9,not_xor
1,604,21,25,0,zero
1,605,709,710,8,not_or
1,606,508,509,8,not_or
1,607,590,591,3,a
1,608,458,462,4,not_implied_by
1,609,177,179,12,not_a
1,610,115,123,10,not_b
1,611,760,765,4,not_implied_by
1,612,767,769,4,not_implied_by
1,613,536,540,9,not_xor
1,614,500,502,4,not_implied_by
1,615,531,538,0,zero
1,616,354,356,10,not_b
1,617,332,336,0,zero
1,618,648,654,10,not_b
1,619,167,169,2,not_implies
1,620,523,529,13,implies
1,621,757,762,2,not_implies
1,622,30,35,5,b
1,623,482,484,10,not_b
1,624,593,595,13,implies
1,625,228,234,11,implied_by
1,626,103,108,15,one
1,627,108,111,1,and
1,628,478,486,2,not_implies
1,629,224,228,14,not_and
1,630,522,527,12,not_a
1,631,266,271,6,xor
1,632,717,719,8,not_or
1,633,481,487,9,not_xor
1,634,773,776,15,one
1,635,184,190,12,not_a
1,636,408,415,8,not_or
1,637,571,573,1,and
1,638,582,587,13,implies
1,639,515,518,7,or
1,640,687,689,12,not_a
1,641,196,201,1,and
1,642,217,218,3,a
1,643,269,271,9,not_xor
1,644,343,344,8,not_or
1,645,262,266,4,not_implied_by
1,646,315,322,5,b
1,647,544,551,4,not_implied_by
1,648,202,205,8,not_or
1,649,466,471,8,not_or
1,650,157,159,6,xor
1,651,201,206,11,implied_by
1,652,738,743,9,not_xor
1,653,562,568,12,not_a
1,654,8,16,12,not_a
1,655,237,245,6,xor
1,656,300,305,12,not_a
1,657,379,384,6,xor
1,658,419,420,8,not_or
1,659,229,230,10,not_b
1,660,492,493,10,not_b
1,661,423,430,10,not_b
1,662,306,309,14,not_and
1,663,272,277,8,not_or
1,664,438,442,12,not_a
1,665,570,573,7,or
1,666,634,641,3,a
1,667,403,405,4,not_implied_by
1,668,579,582,8,not_or
1,669,378,381,3,a
1,670,351,354,3,a
1,671,348,352,5,b
1,672,739,740,1,and
1,673,302,308,13,implies
1,674,766,772,7,or
1,675,320,327,6,xor
1,676,325,329,8,not_or
1,677,429,431,8,not_or
1,678,15,21,11,implied_by
1,679,195,199,1,and
1,680,539,544,12,not_a
1,681,326,330,0,zero
1,682,659,663,2,not_implies
1,683,761,766,7,or
1,684,720,722,14,not_and
1,685,600,601,8,not_or
1,686,432,433,5,b
1,687,717,720,2,not_implies
1,688,205,206,12,not_a
1,689,353,355,14,not_and
1,690,14,21,2,not_implies
1,691,448,451,1,and
1,692,51,56,14,not_and
1,693,751,752,11,implied_by
1,694,68,69,12,not_a
1,695,80,84,0,zero
1,696,261,268,4,not_implied_by
1,697,435,440,2,not_implies
1,698,595,596,6,xor
1,699,373,380,12,not_a
1,700,469,472,13,implies
1,701,427,430,8,not_or
1,702,306,308,12,not_a
1,703,716,722,7,or
1,704,589,595,0,zero
1,705,331,337,1,and
1,706,537,539,8,not_or
1,707,20,26,12,not_a
1,708,705,707,14,not_and
1,709,301,306,5,b
1,710,630,632,4,not_implied_by
1,711,438,440,8,not_or
1,712,179,181,10,not_b
1,713,510,516,4,not_implied_by
1,714,370,377,6,xor
1,715,469,474,4,not_implied_by
1,716,298,299,8,not_or
1,717,299,306,12,not_a
1,718,399,402,8,not_or
1,719,406,409,2,not_implies
1,720,59,66,11,implied_by
1,721,508,513,12,not_a
1,722,1,8,2,not_implies
1,723,726,732,7,or
1,724,315,319,8,not_or
1,725,625,630,2,not_implies
1,726,253,259,12,not_a
1,727,677,684,8,not_or
1,728,701,704,4,not_implied_by
1,729,476,481,9,not_xor
1,730,600,606,13,implies
1,731,762,768,0,zero
1,732,385,388,12,not_a
1,733,227,231,10,not_b
1,734,540,545,6,xor
1,735,546,552,8,not_or
1,736,361,368,8,not_or
1,737,236,238,8,not_or
1,738,46,52,15,one
1,739,154,158,6,xor
1,740,769,776,10,not_b
1,741,53,56,9,not_xor
1,742,276,277,13,implies
1,743,126,127,6,xor
1,744,733,737,2,not_implies
1,745,47,53,15,one
1,746,483,488,4,not_implied_by
1,747,398,401,9,not_xor
1,748,612,616,12,not_a
1,749,704,711,11,implied_by
1,750,690,691,5,b
1,751,594,595,0,zero
1,752,3,9,3,a
1,753,176,177,8,not_or
1,754,6,13,6,xor
1,755,657,660,12,not_a
1,756,604,610,2,not_implies
1,757,75,76,4,not_implied_by
1,758,48,53,13,implies
1,759,256,260,11,implied_by
1,760,139,143,0,zero
1,761,311,317,9,not_xor
1,762,121,126,2,not_implies
1,763,307,311,4,not_implied_by
1,764,516,517,5,b
1,765,527,529,12,not_a
1,766,177,182,14,not_and
1,767,425,430,11,implied_by
1,768,49,53,3,a
1,769,765,769,11,implied_by
1,770,45,47,6,xor
1,771,398,404,9,not_xor
1,772,160,165,2,not_implies
1,773,634,639,6,xor
1,774,729,736,6,xor
1,775,439,441,8,not_or
1,776,341,343,8,not_or
1,777,642,648,7,or
1,778,354,357,11,implied_by
1,779,491,492,8,not_or
1,780,64,72,8,not_or
1,781,90,91,10,not_b
1,782,18,20,13,implies
1,783,453,457,8,not_or
1,784,677,680,8,not_or
1,785,487,488,9,not_xor
1,786,372,374,8,not_or
1,787,526,532,2,not_implies
1,788,505,507,5,b
1,789,679,682,8,not_or
1,790,530,534,8,not_or
1,791,242,247,10,not_b
1,792,343,346,9,not_xor
1,793,130,134,2,not_implies
1,794,25,33,4,not_implied_by
1,795,264,267,7,or
1,796,512,518,6,xor
1,797,166,172,7,or
1,798,419,427,10,not_b
1,799,290,291,9,not_xor
1,800,71,79,4,not_implied_by
1,801,605,610,2,not_implies
1,802,3,6,2,not_implies
1,803,166,169,6,xor
1,804,28,33,3,a
1,805,57,60,11,implied_by
1,806,250,251,9,not_xor
1,807,712,715,9,not_xor
1,808,722,729,12,not_a
1,809,723,726,9,not_xor
1,810,342,348,8,not_or
1,811,667,668,2,not_implies
1,812,11,15,0,zero
1,813,49,52,2,not_implies
1,814,55,58,4,not_implied_by
1,815,225,233,3,a
1,816,286,287,9,not_xor
1,817,499,500,14,not_and
1,818,313,320,9,not_xor
1,819,147,155,5,b
1,820,608,612,1,and
1,821,696,701,3,a
1,822,576,583,10,not_b
1,823,670,672,6,xor
1,824,44,49,0,zero
1,825,21,23,0,zero
1,826,230,231,8,not_or
1,827,655,658,9,not_xor
1,828,239,244,6,xor
1,829,55,59,15,one
1,830,472,478,5,b
1,831,275,282,9,not_xor
1,832,256,261,8,not_or
1,833,165,170,5,b
1,834,429,437,8,not_or
1,835,461,463,3,a
1,836,207,211,8,not_or
1,837,560,562,9,not_xor
1,838,762,766,1,and
1,839,604,611,12,not_a
1,840,668,669,7,or
1,841,662,668,10,not_b
1,842,378,383,2,not_implies
1,843,721,725,2,not_implies
1,844,690,695,11,implied_by
1,845,215,220,10,not_b
1,846,406,410,2,not_implies
1,847,724,728,2,not_implies
1,848,486,491,6,xor
1,849,554,560,9,not_xor
1,850,525,532,8,not_or
1,851,133,134,5,b
1,852,739,746,13,implies
1,853,543,550,4,not_implied_by
1,854,492,497,12,not_a
1,855,580,581,14,not_and
1,856,205,208,10,not_b
1,857,558,564,1,and
1,858,623,626,2,not_implies
1,859,228,236,9,not_xor
1,860,422,423,1,and
1,861,86,87,3,a
1,862,692,698,8,not_or
1,863,328,336,0,zero
1,864,293,299,6,xor
1,865,254,259,0,zero
1,866,104,111,14,not_and
1,867,8,11,1,and
1,868,111,119,15,one
1,869,631,635,2,not_implies
1,870,526,527,10,not_b
1,871,18,23,1,and
1,872,497,500,8,not_or
1,873,14,16,0,zero
1,874,539,540,12,not_a
1,875,245,246,10,not_b
1,876,521,529,13,implies
1,877,617,619,10,not_b
1,878,766,773,13,implies
1,879,375,382,12,not_a
1,880,115,122,9,not_xor
1,881,9,15,6,xor
1,882,726,729,5,b
1,883,234,239,12,not_a
1,884,719,726,0,zero
1,885,19,24,2,not_implies
1,886,591,598,11,implied_by
1,887,392,395,6,xor
1,888,431,432,4,not_implied_by
1,889,350,353,3,a
1,890,578,583,6,xor
1,891,223,230,14,not_and
1,892,464,471,12,not_a
1,893,320,328,8,not_or
1,894,741,743,10,not_b
1,895,238,239,1,and
1,896,519,523,8,not_or
1,897,198,205,10,not_b
1,898,225,231,11,implied_by
1,899,592,593,1,and
1,900,135,141,4,not_implied_by
1,901,329,330,14,not_and
1,902,685,689,13,implies
1,903,675,680,9,not_xor
1,904,349,350,5,b
1,905,137,142,4,not_implied_by
1,906,3,11,7,or
1,907,728,735,0,zero
1,908,129,137,2,not_implies
1,909,649,653,3,a
1,910,68,76,1,and
1,911,560,566,13,implies
1,912,243,245,9,not_xor
1,913,535,541,15,one
1,914,669,676,2,not_implies
1,915,197,203,12,not_a
1,916,196,202,11,implied_by
1,917,287,295,6,xor
1,918,617,618,3,a
1,919,135,143,7,or
1,920,724,727,9,not_xor
1,921,391,395,0,zero
1,922,101,103,8,not_or
1,923,771,777,7,or
1,924,309,312,5,b
1,925,611,617,12,not_a
1,926,130,135,6,xor
1,927,12,17,12,not_a
1,928,18,24,3,a
1,929,348,351,5,b
1,930,544,549,6,xor
1,931,522,528,8,not_or
1,932,613,619,15,one
1,933,628,635,12,not_a
1,934,43,50,4,not_implied_by
1,935,184,186,6,xor
1,936,309,313,10,not_b
1,937,342,346,8,not_or
1,938,463,467,10,not_b
1,939,411,412,12,not_a
1,940,303,304,4,not_implied_by
1,941,709,712,10,not_b
1,942,560,567,8,not_or
1,943,749,752,5,b
1,944,682,687,9,not_xor
1,945,220,222,0,zero
1,946,181,186,6,xor
1,947,442,445,11,implied_by
1,948,233,234,10,not_b
1,949,391,396,6,xor
1,950,317,325,4,not_implied_by
1,951,126,132,7,or
1,952,84,85,8,not_or
1,953,567,570,9,not_xor
1,954,695,697,2,not_implies
1,955,40,46,2,not_implies
1,956,493,501,12,not_a
1,957,32,37,9,not_xor
1,958,710,711,8,not_or
1,959,81,82,14,not_and
1,960,258,261,9,not_xor
1,961,637,641,9,not_xor
1,962,224,227,2,not_implies
1,963,227,229,0,zero
1,964,75,79,5,b
1,965,580,582,4,not_implied_by
1,966,130,133,14,not_and
1,967,319,321,13,implies
1,968,122,127,10,not_b
1,969,199,201,3,a
1,970,637,642,1,and
1,971,530,532,6,xor
1,972,678,681,0,zero
1,973,591,596,7,or
1,974,424,432,12,not_a
1,975,312,320,11,implied_by
1,976,287,293,4,not_implied_by
1,977,198,201,1,and
1,978,315,323,4,not_implied_by
1,979,120,126,7,or
1,980,533,538,8,not_or
1,981,689,695,12,not_a
1,982,617,622,6,xor
1,983,226,232,8,not_or
1,984,114,121,2,not_implies
1,985,713,719,12,not_a
1,986,308,313,7,or
1,987,682,685,8,not_or
1,988,426,429,10,not_b
1,989,149,156,10,not_b
1,990,576,580,9,not_xor
1,991,7,8,9,not_xor
1,992,547,554,12,not_a
1,993,565,569,4,not_implied_by
1,994,11,13,9,not_xor
1,995,347,349,12,not_a
1,996,253,256,5,b
1,997,170,176,9,not_xor
1,998,293,295,5,b
1,999,311,318,10,not_b
1,1000,758,763,0,zero
1,1001,209,216,6,xor
1,1002,568,569,1,and
1,1003,622,628,10,not_b
1,1004,643,650,7,or
1,1005,102,104,9,not_xor
1,1006,171,177,8,not_or
1,1007,402,405,4,not_implied_by
1,1008,601,607,12,not_a
1,1009,646,653,0,zero
1,1010,404,408,9,not_xor
1,1011,205,210,8,not_or
1,1012,595,601,6,xor
1,1013,60,66,13,implies
1,1014,557,562,8,not_or
1,1015,42,47,2,not_implies
1,1016,38,39,1,and
1,1017,489,494,2,not_implies
1,1018,354,358,13,implies
1,1019,649,650,5,b
1,1020,300,304,9,not_xor
1,1021,42,46,9,not_xor
1,1022,256,258,8,not_or
1,1023,312,316,8,not_or
1,1024,191,195,0,zero
1,1025,503,507,3,a
1,1026,297,301,10,not_b
1,1027,526,531,12,not_a
1,1028,269,275,10,not_b
1,1029,310,315,11,implied_by
1,1030,630,636,2,not_implies
1,1031,431,433,4,not_implied_by
1,1032,327,328,14,not_and
1,1033,340,348,10,not_b
1,1034,674,679,9,not_xor
1,1035,469,475,12,not_a
1,1036,193,196,1,and
1,1037,171,179,8,not_or
1,1038,344,352,5,b
1,1039,678,684,11,implied_by
1,1040,114,122,1,and
1,1041,475,478,6,xor
1,1042,161,167,6,xor
1,1043,21,24,2,not_implies
1,1044,72,73,3,a
1,1045,297,304,7,or
1,1046,578,582,14,not_and
1,1047,550,557,12,not_a
1,1048,67,73,4,not_implied_by
1,1049,31,35,4,not_implied_by
1,1050,129,136,4,not_implied_by
1,1051,381,385,8,not_or
1,1052,505,511,8,not_or
1,1053,670,674,4,not_implied_by
1,1054,106,110,8,not_or
1,1055,328,335,8,not_or
1,1056,632,636,4,not_implied_by
1,1057,33,36,1,and
1,1058,696,698,3,a
1,1059,292,295,5,b
1,1060,257,265,7,or
1,1061,345,346,8,not_or
1,1062,714,718,0,zero
1,1063,2,4,6,xor
1,1064,474,481,0,zero
1,1065,467,473,12,not_a
1,1066,32,40,0,zero
1,1067,754,758,3,a
1,1068,12,20,5,b
1,1069,179,185,10,not_b
1,1070,112,115,7,or
1,1071,573,580,2,not_implies
1,1072,659,665,13,implies
1,1073,266,274,2,not_implies
1,1074,680,683,10,not_b
1,1075,23,24,2,not_implies
1,1076,647,652,6,xor
1,1077,390,397,11,implied_by
1,1078,725,726,4,not_implied_by
1,1079,226,227,2,not_implies
1,1080,448,449,0,zero
1,1081,693,697,2,not_implies
1,1082,635,636,2,not_implies
1,1083,60,65,14,not_and
1,1084,749,756,15,one
1,1085,774,775,3,a
1,1086,260,267,6,xor
1,1087,616,619,0,zero
1,1088,488,494,10,not_b
1,1089,610,611,6,xor
1,1090,628,630,14,not_and
1,1091,370,376,8,not_or
1,1092,754,756,11,implied_by
1,1093,557,563,8,not_or
1,1094,244,252,9,not_xor
1,1095,37,45,0,zero
1,1096,457,462,6,xor
1,1097,148,153,2,not_implies
1,1098,767,770,10,not_b
1,1099,45,48,2,not_implies
1,1100,15,23,2,not_implies
1,1101,613,620,12,not_a
1,1102,41,43,5,b
1,1103,505,513,8,not_or
1,1104,53,55,0,zero
1,1105,651,657,11,implied_by
1,1106,255,259,3,a
1,1107,327,329,8,not_or
1,1108,619,622,5,b
1,1109,522,530,8,not_or
1,1110,329,332,9,not_xor
1,1111,73,81,4,not_implied_by
1,1112,118,125,5,b
1,1113,113,115,9,not_xor
1,1114,397,402,8,not_or
1,1115,444,452,11,implied_by
1,1116,94,98,4,not_implied_by
1,1117,492,498,9,not_xor
1,1118,170,171,4,not_implied_by
1,1119,127,130,6,xor
1,1120,286,288,12,not_a
1,1121,164,172,10,not_b
1,1122,387,394,14,not_and
1,1123,300,301,10,not_b
1,1124,531,536,10,not_b
1,1125,453,455,11,implied_by
1,1126,213,214,12,not_a
1,1127,419,421,6,xor
1,1128,101,105,8,not_or
1,1129,102,105,4,not_implied_by
1,1130,513,516,9,not_xor
1,1131,261,264,13,implies
1,1132,362,363,10,not_b
1,1133,687,688,10,not_b
1,1134,104,105,15,one
1,1135,647,650,6,xor
1,1136,487,493,10,not_b
1,1137,41,42,2,not_implies
1,1138,562,565,1,and
1,1139,520,522,9,not_xor
1,1140,530,538,9,not_xor
1,1141,571,572,8,not_or
1,1142,348,355,8,not_or
1,1143,461,462,7,or
1,1144,381,382,8,not_or
1,1145,316,321,5,b
1,1146,562,563,8,not_or
1,1147,24,32,0,zero
1,1148,413,418,11,implied_by
1,1149,662,667,3,a
1,1150,353,361,8,not_or
1,1151,3,8,7,or
1,1152,730,734,4,not_implied_by
1,1153,764,766,11,implied_by
1,1154,191,192,4,not_implied_by
1,1155,773,780,9,not_xor
1,1156,577,584,2,not_implies
1,1157,29,36,5,b
1,1158,0,6,2,not_implies
1,1159,43,51,7,or
1,1160,665,671,9,not_xor
1,1161,380,385,0,zero
1,1162,749,750,14,not_and
1,1163,250,257,0,zero
1,1164,725,732,14,not_and
1,1165,239,241,0,zero
1,1166,304,306,0,zero
1,1167,484,486,8,not_or
1,1168,85,86,5,b
1,1169,158,160,4,not_implied_by
1,1170,256,257,0,zero
1,1171,370,374,11,implied_by
1,1172,461,468,2,not_implies
1,1173,384,386,8,not_or
1,1174,26,31,1,and
1,1175,8,9,3,a
1,1176,734,736,0,zero
1,1177,492,500,12,not_a
1,1178,453,460,9,not_xor
1,1179,644,648,3,a
1,1180,564,565,9,not_xor
1,1181,279,287,15,one
1,1182,549,553,8,not_or
1,1183,660,661,3,a
1,1184,250,254,3,a
1,1185,62,65,2,not_implies
1,1186,715,719,12,not_a
1,1187,297,298,9,not_xor
1,1188,353,359,10,not_b
1,1189,17,19,0,zero
1,1190,684,687,8,not_or
1,1191,607,614,0,zero
1,1192,236,241,6,xor
1,1193,459,462,5,b
1,1194,238,240,6,xor
1,1195,509,510,8,not_or
1,1196,529,530,5,b
1,1197,483,487,8,not_or
1,1198,639,642,5,b
1,1199,169,175,11,implied_by
1,1200,737,743,10,not_b
1,1201,237,240,12,not_a
1,1202,323,324,14,not_and
1,1203,747,754,4,not_implied_by
1,1204,6,9,15,one
1,1205,548,551,13,implies
1,1206,384,388,14,not_and
1,1207,488,491,7,or
1,1208,149,151,7,or
1,1209,474,479,4,not_implied_by
1,1210,283,288,10,not_b
1,1211,769,772,10,not_b
1,1212,220,228,0,zero
1,1213,164,169,15,one
1,1214,509,512,3,a
1,1215,132,139,8,not_or
1,1216,272,274,0,zero
1,1217,352,353,10,not_b
1,1218,183,186,1,and
1,1219,241,244,6,xor
1,1220,175,178,1,and
1,1221,132,138,0,zero
1,1222,318,319,8,not_or
1,1223,89,92,1,and
1,1224,422,429,11,implied_by
1,1225,181,187,9,not_xor
1,1226,575,580,9,not_xor
1,1227,245,248,2,not_implies
1,1228,64,66,13,implies
1,1229,277,278,12,not_a
1,1230,718,722,9,not_xor
1,1231,435,439,8,not_or
1,1232,231,238,13,implies
1,1233,128,130,15,one
1,1234,202,209,7,or
1,1235,242,248,15,one
1,1236,300,302,6,xor
1,1237,257,264,5,b
1,1238,163,165,8,not_or
1,1239,372,377,9,not_xor
1,1240,165,167,14,not_and
1,1241,230,234,5,b
1,1242,446,450,3,a
1,1243,210,212,15,one
1,1244,134,138,8,not_or
1,1245,365,367,8,not_or
1,1246,459,466,3,a
1,1247,441,442,11,implied_by
1,1248,344,348,8,not_or
1,1249,676,680,10,not_b
1,1250,313,316,9,not_xor
1,1251,375,379,8,not_or
1,1252,628,629,8,not_or
1,1253,200,208,14,not_and
1,1254,17,25,11,implied_by
1,1255,710,714,9,not_xor
1,1256,66,74,10,not_b
1,1257,521,523,9,not_xor
1,1258,306,307,3,a
1,1259,526,528,5,b
1,1260,753,759,11,implied_by
1,1261,290,297,13,implies
1,1262,243,250,8,not_or
1,1263,434,440,8,not_or
1,1264,142,146,0,zero
1,1265,266,270,4,not_implied_by
1,1266,527,535,7,or
1,1267,301,302,10,not_b
1,1268,473,480,3,a
1,1269,622,627,1,and
1,1270,51,57,13,implies
1,1271,411,415,9,not_xor
1,1272,144,146,15,one
1,1273,140,144,3,a
1,1274,383,387,8,not_or
1,1275,292,300,8,not_or
1,1276,507,512,15,one
1,1277,403,406,11,implied_by
1,1278,348,353,12,not_a
1,1279,86,89,11,implied_by
1,1280,41,47,11,implied_by
1,1281,691,693,9,not_xor
1,1282,334,338,7,or
1,1283,113,114,4,not_implied_by
1,1284,92,96,7,or
1,1285,526,534,6,xor
1,1286,583,584,7,or
1,1287,333,341,11,implied_by
1,1288,539,541,6,xor
1,1289,713,714,12,not_a
1,1290,605,607,1,and
1,1291,169,177,7,or
1,1292,691,695,14,not_and
1,1293,167,175,6,xor
1,1294,127,128,1,and
1,1295,280,281,9,not_xor
1,1296,609,614,6,xor
1,1297,264,271,7,or
1,1298,443,450,13,implies
1,1299,513,521,7,or
1,1300,561,563,5,b
1,1301,625,632,11,implied_by
1,1302,702,705,12,not_a
1,1303,295,303,14,not_and
1,1304,682,684,12,not_a
1,1305,415,419,8,not_or
1,1306,414,419,12,not_a
1,1307,429,433,5,b
1,1308,157,160,9,not_xor
1,1309,156,159,11,implied_by
1,1310,683,688,9,not_xor
1,1311,180,184,7,or
1,1312,730,732,9,not_xor
1,1313,439,445,11,implied_by
1,1314,315,316,8,not_or
1,1315,285,286,7,or
1,1316,28,31,4,not_implied_by
1,1317,185,190,11,implied_by
1,1318,714,716,10,not_b
1,1319,110,116,7,or
1,1320,194,202,2,not_implies
1,1321,554,561,2,not_implies
1,1322,340,344,11,implied_by
1,1323,640,647,3,a
1,1324,48,51,15,one
1,1325,393,399,9,not_xor
1,1326,170,174,0,zero
1,1327,159,160,13,implies
1,1328,473,478,2,not_implies
1,1329,235,241,3,a
1,1330,491,495,11,implied_by
1,1331,102,109,1,and
1,1332,209,213,6,xor
1,1333,358,366,4,not_implied_by
1,1334,146,149,5,b
1,1335,307,312,13,implies
1,1336,55,61,14,not_and
1,1337,44,48,2,not_implies
1,1338,748,749,8,not_or
1,1339,304,309,13,implies
1,1340,20,25,11,implied_by
1,1341,202,203,6,xor
1,1342,317,320,9,not_xor
1,1343,581,583,7,or
1,1344,231,237,1,and
1,1345,282,285,11,implied_by
1,1346,331,336,12,not_a
1,1347,111,115,10,not_b
1,1348,629,633,9,not_xor
1,1349,645,647,2,not_implies
1,1350,207,213,3,a
1,1351,596,601,15,one
1,1352,388,390,6,xor
1,1353,512,513,7,or
1,1354,75,83,11,implied_by
1,1355,48,50,6,xor
1,1356,536,541,5,b
1,1357,166,170,1,and
1,1358,176,182,5,b
1,1359,479,485,5,b
1,1360,461,469,3,a
1,1361,135,142,1,and
1,1362,474,478,7,or
1,1363,458,465,6,xor
1,1364,99,101,15,one
1,1365,588,592,15,one
1,1366,225,229,6,xor
1,1367,138,140,13,implies
1,1368,137,144,14,not_and
1,1369,134,141,9,not_xor
1,1370,263,264,9,not_xor
1,1371,402,408,5,b
1,1372,702,709,11,implied_by
1,1373,302,307,14,not_and
1,1374,498,504,7,or
1,1375,19,23,15,one
1,1376,464,470,9,not_xor
1,1377,108,110,11,implied_by
1,1378,450,453,12,not_a
1,1379,521,526,1,and
1,1380,110,111,15,one
1,1381,330,334,14,not_and
1,1382,52,55,8,not_or
1,1383,196,198,10,not_b
1,1384,357,362,10,not_b
1,1385,777,782,10,not_b
1,1386,41,48,5,b
1,1387,423,429,4,not_implied_by
1,1388,710,717,12,not_a
1,1389,152,157,5,b
1,1390,364,366,11,implied_by
1,1391,296,299,6,xor
1,1392,105,108,5,b
1,1393,476,480,6,xor
1,1394,189,195,13,implies
1,1395,145,151,5,b
1,1396,631,636,13,implies
1,1397,189,192,10,not_b
1,1398,233,235,13,implies
1,1399,165,171,3,a
1,1400,148,155,7,or
1,1401,684,688,13,implies
1,1402,683,685,9,not_xor
1,1403,616,620,4,not_implied_by
1,1404,124,125,3,a
1,1405,425,432,5,b
1,1406,469,476,7,or
1,1407,494,496,9,not_xor
1,1408,448,452,5,b
1,1409,352,357,12,not_a
1,1410,463,465,9,not_xor
1,1411,149,153,5,b
1,1412,491,496,11,implied_by
1,1413,205,209,9,not_xor
1,1414,659,661,13,implies
1,1415,363,371,10,not_b
1,1416,568,573,1,and
1,1417,432,438,3,a
1,1418,481,489,7,or
1,1419,665,672,2,not_implies
1,1420,597,602,9,not_xor
1,1421,400,401,8,not_or
1,1422,592,599,7,or
1,1423,685,690,12,not_a
1,1424,455,456,1,and
1,1425,49,55,7,or
1,1426,684,691,9,not_xor
1,1427,618,624,6,xor
1,1428,621,627,7,or
1,1429,3,4,15,one
1,1430,281,285,2,not_implies
1,1431,690,692,13,implies
1,1432,778,781,11,implied_by
1,1433,97,98,1,and
1,1434,657,661,8,not_or
1,1435,501,503,3,a
1,1436,455,460,5,b
1,1437,129,131,1,and
1,1438,553,555,7,or
1,1439,119,126,5,b
1,1440,608,609,7,or
1,1441,694,696,7,or
1,1442,274,278,0,zero
1,1443,514,521,7,or
1,1444,239,245,2,not_implies
1,1445,286,291,9,not_xor
1,1446,241,247,0,zero
1,1447,578,581,5,b
1,1448,246,248,11,implied_by
1,1449,666,668,6,xor
1,1450,705,706,10,not_b
1,1451,376,379,10,not_b
1,1452,481,488,7,or
1,1453,608,611,7,or
1,1454,51,59,4,not_implied_by
1,1455,64,67,12,not_a
1,1456,404,406,5,b
1,1457,248,249,12,not_a
1,1458,713,717,13,implies
1,1459,702,704,7,or
1,1460,644,651,2,not_implies
1,1461,490,497,13,implies
1,1462,569,573,3,a
1,1463,188,193,12,not_a
1,1464,188,194,13,implies
1,1465,177,183,1,and
1,1466,517,520,3,a
1,1467,528,529,3,a
1,1468,451,458,7,or
1,1469,723,730,8,not_or
1,1470,411,418,0,zero
1,1471,237,239,0,zero
1,1472,259,266,9,not_xor
1,1473,401,404,13,implies
1,1474,442,446,13,implies
1,1475,216,224,9,not_xor
1,1476,511,514,5,b
1,1477,107,111,10,not_b
1,1478,466,474,7,or
1,1479,289,294,9,not_xor
1,1480,74,79,10,not_b
1,1481,323,331,12,not_a
1,1482,730,733,10,not_b
1,1483,590,597,4,not_implied_by
1,1484,346,349,8,not_or
1,1485,111,114,2,not_implies
1,1486,290,294,9,not_xor
1,1487,202,204,3,a
1,1488,103,105,8,not_or
1,1489,760,761,14,not_and
1,1490,753,757,12,not_a
1,1491,259,261,9,not_xor
1,1492,780,782,12,not_a
1,1493,60,61,0,zero
1,1494,265,273,1,and
1,1495,413,416,9,not_xor
1,1496,751,758,4,not_implied_by
1,1497,723,725,11,implied_by
1,1498,270,271,6,xor
1,1499,404,407,7,or
1,1500,351,356,14,not_and
1,1501,281,284,15,one
1,1502,513,515,5,b
1,1503,211,218,11,implied_by
1,1504,289,292,9,not_xor
1,1505,179,183,5,b
1,1506,299,301,6,xor
1,1507,421,425,9,not_xor
1,1508,701,703,4,not_implied_by
1,1509,91,93,5,b
1,1510,493,500,5,b
1,1511,45,53,14,not_and
1,1512,248,256,12,not_a
1,1513,210,211,5,b
1,1514,241,249,10,not_b
1,1515,61,65,2,not_implies
1,1516,271,278,2,not_implies
1,1517,578,580,7,or
1,1518,319,322,8,not_or
1,1519,290,296,9,not_xor
1,1520,225,232,7,or
1,1521,750,752,5,b
1,1522,509,514,7,or
1,1523,434,436,6,xor
1,1524,314,320,9,not_xor
1,1525,685,692,10,not_b
1,1526,686,688,9,not_xor
1,1527,215,219,10,not_b
1,1528,283,284,14,not_and
1,1529,261,263,9,not_xor
1,1530,399,403,9,not_xor
1,1531,132,135,8,not_or
1,1532,608,615,7,or
1,1533,445,451,3,a
1,1534,746,749,13,implies
1,1535,727,731,14,not_and
1,1536,169,176,7,or
1,1537,52,53,10,not_b
1,1538,429,430,1,and
1,1539,601,603,9,not_xor
1,1540,354,362,14,not_and
1,1541,422,425,10,not_b
1,1542,352,360,13,implies
1,1543,20,23,0,zero
1,1544,120,128,7,or
1,1545,667,673,14,not_and
1,1546,98,105,2,not_implies
1,1547,369,376,8,not_or
1,1548,189,191,12,not_a
1,1549,331,339,9,not_xor
1,1550,55,63,13,implies
1,1551,736,741,14,not_and
1,1552,544,546,1,and
1,1553,293,297,12,not_a
1,1554,404,410,7,or
1,1555,589,592,7,or
1,1556,12,15,8,not_or
1,1557,255,260,4,not_implied_by
1,1558,393,396,11,implied_by
1,1559,376,381,10,not_b
1,1560,116,117,7,or
1,1561,170,175,5,b
1,1562,434,437,3,a
1,1563,692,696,10,not_b
1,1564,248,252,8,not_or
1,1565,501,508,7,or
1,1566,156,160,3,a
1,1567,617,621,15,one
1,1568,490,496,3,a
1,1569,276,282,13,implies
1,1570,522,529,6,xor
1,1571,419,423,0,zero
1,1572,318,323,8,not_or
1,1573,10,16,15,one
1,1574,217,223,10,not_b
1,1575,284,288,8,not_or
1,1576,6,7,0,zero
1,1577,552,554,5,b
1,1578,315,321,8,not_or
1,1579,456,464,9,not_xor
1,1580,769,770,6,xor
1,1581,172,175,7,or
1,1582,53,57,13,implies
1,1583,595,600,3,a
1,1584,602,608,1,and
1,1585,367,373,11,implied_by
1,1586,121,122,7,or
1,1587,602,603,10,not_b
1,1588,151,158,6,xor
1,1589,233,238,7,or
1,1590,100,101,3,a
1,1591,703,704,12,not_a
1,1592,506,511,5,b
1,1593,268,270,6,xor
1,1594,162,170,13,implies
1,1595,643,648,3,a
1,1596,479,482,5,b
1,1597,237,244,15,one
1,1598,181,182,7,or
1,1599,615,616,1,and
1,1600,433,435,3,a
1,1601,683,689,13,implies
1,1602,511,512,3,a
1,1603,751,753,8,not_or
1,1604,532,533,1,and
1,1605,175,177,7,or
1,1606,141,146,7,or
1,1607,234,242,3,a
1,1608,83,86,13,implies
1,1609,334,336,12,not_a
1,1610,267,272,3,a
1,1611,60,67,12,not_a
1,1612,743,745,12,not_a
1,1613,160,167,13,implies
1,1614,759,765,4,not_implied_by
1,1615,80,85,4,not_implied_by
1,1616,507,509,6,xor
1,1617,559,560,13,implies
1,1618,296,303,14,not_and
1,1619,155,162,7,or
1,1620,455,462,1,and
1,1621,31,39,15,one
1,1622,99,106,10,not_b
1,1623,105,110,8,not_or
1,1624,497,505,7,or
1,1625,774,778,1,and
1,1626,353,358,12,not_a
1,1627,660,667,12,not_a
1,1628,459,467,7,or
1,1629,632,638,0,zero
1,1630,760,763,11,implied_by
1,1631,88,90,9,not_xor
1,1632,87,88,13,implies
1,1633,41,46,15,one
1,1634,120,125,6,xor
1,1635,473,479,3,a
1,1636,74,77,12,not_a
1,1637,689,690,1,and
1,1638,279,280,14,not_and
1,1639,350,357,8,not_or
1,1640,270,273,6,xor
1,1641,647,649,10,not_b
1,1642,405,407,2,not_implies
1,1643,316,318,9,not_xor
1,1644,425,429,11,implied_by
1,1645,442,443,9,not_xor
1,1646,495,502,11,implied_by
1,1647,744,748,8,not_or
1,1648,235,240,7,or
1,1649,702,706,7,or
1,1650,602,604,9,not_xor
1,1651,657,663,9,not_xor
1,1652,588,590,10,not_b
1,1653,133,139,15,one
1,1654,26,27,2,not_implies
1,1655,70,74,10,not_b
1,1656,65,67,15,one
1,1657,350,354,12,not_a
1,1658,539,547,7,or
1,1659,205,211,1,and
1,1660,265,267,9,not_xor
1,1661,179,182,1,and
1,1662,143,147,6,xor
1,1663,125,126,7,or
1,1664,498,502,6,xor
1,1665,181,183,11,implied_by
1,1666,264,268,13,implies
1,1667,399,406,9,not_xor
1,1668,476,478,10,not_b
1,1669,237,241,7,or
1,1670,544,545,1,and
1,1671,126,134,2,not_implies
1,1672,461,467,3,a
1,1673,605,608,3,a
1,1674,716,721,12,not_a
1,1675,157,158,3,a
1,1676,110,112,3,a
1,1677,548,552,1,and
1,1678,115,119,5,b
1,1679,700,707,1,and
1,1680,76,83,13,implies
1,1681,169,170,11,implied_by
1,1682,9,17,12,not_a
1,1683,326,331,14,not_and
1,1684,478,479,7,or
1,1685,8,13,14,not_and
1,1686,191,197,9,not_xor
1,1687,52,59,15,one
1,1688,341,342,8,not_or
1,1689,375,380,14,not_and
1,1690,72,74,6,xor
1,1691,432,440,10,not_b
1,1692,324,326,6,xor
1,1693,115,118,11,implied_by
1,1694,331,338,13,implies
1,1695,122,130,6,xor
1,1696,236,242,11,implied_by
1,1697,73,76,14,not_and
1,1698,33,40,11,implied_by
1,1699,505,509,4,not_implied_by
1,1700,650,651,12,not_a
1,1701,485,492,15,one
1,1702,137,139,12,not_a
1,1703,324,328,4,not_implied_by
1,1704,634,638,3,a
1,1705,732,733,7,or
1,1706,187,189,3,a
1,1707,174,179,3,a
1,1708,380,381,6,xor
1,1709,562,567,7,or
1,1710,364,367,14,not_and
1,1711,120,121,7,or
1,1712,774,776,11,implied_by
1,1713,176,180,0,zero
1,1714,444,446,7,or
1,1715,42,50,3,a
1,1716,487,494,6,xor
1,1717,328,333,0,zero
1,1718,707,710,11,implied_by
1,1719,268,269,3,a
1,1720,230,237,13,implies
1,1721,398,402,13,implies
1,1722,422,426,6,xor
1,1723,326,332,15,one
1,1724,597,599,7,or
1,1725,139,141,11,implied_by
1,1726,270,272,6,xor
1,1727,427,435,13,implies
1,1728,375,383,12,not_a
1,1729,213,221,12,not_a
1,1730,90,94,4,not_implied_by
1,1731,355,358,6,xor
1,1732,186,193,14,not_and
1,1733,543,544,3,a
1,1734,368,375,8,not_or
1,1735,767,771,7,or
1,1736,111,118,13,implies
1,1737,219,220,11,implied_by
1,1738,107,109,12,not_a
1,1739,500,503,3,a
1,1740,754,759,8,not_or
1,1741,365,370,11,implied_by
1,1742,245,253,13,implies
1,1743,588,589,13,implies
1,1744,396,398,8,not_or
1,1745,178,181,3,a
1,1746,81,84,7,or
1,1747,58,65,9,not_xor
1,1748,391,392,7,or
1,1749,302,303,15,one
1,1750,110,118,6,xor
1,1751,452,455,6,xor
1,1752,148,154,5,b
1,1753,313,318,9,not_xor
1,1754,366,373,9,not_xor
1,1755,277,280,4,not_implied_by
1,1756,8,10,5,b
1,1757,50,58,2,not_implies
1,1758,665,668,6,xor
1,1759,373,377,9,not_xor
1,1760,535,539,6,xor
1,1761,758,761,12,not_a
1,1762,541,545,7,or
1,1763,334,335,4,not_implied_by
1,1764,237,243,6,xor
1,1765,305,313,13,implies
1,1766,404,409,2,not_implies
1,1767,118,124,7,or
1,1768,539,542,5,b
1,1769,518,520,5,b
1,1770,465,466,9,not_xor
1,1771,320,323,12,not_a
1,1772,752,759,8,not_or
1,1773,558,565,7,or
1,1774,414,417,9,not_xor
1,1775,333,338,6,xor
1,1776,273,278,11,implied_by
1,1777,314,321,9,not_xor
1,1778,439,447,2,not_implies
1,1779,144,150,4,not_implied_by
1,1780,396,402,9,not_xor
1,1781,649,656,14,not_and
1,1782,365,369,10,not_b
1,1783,135,139,13,implies
1,1784,106,108,12,not_a
1,1785,387,393,12,not_a
1,1786,12,13,0,zero
1,1787,259,264,9,not_xor
1,1788,570,572,3,a
1,1789,579,586,7,or
1,1790,5,9,5,b
1,1791,529,535,3,a
1,1792,324,330,4,not_implied_by
1,1793,95,97,5,b
1,1794,279,285,12,not_a
1,1795,678,685,13,implies
1,1796,109,113,12,not_a
1,1797,248,255,12,not_a
1,1798,136,143,9,not_xor
1,1799,553,556,1,and
1,1800,456,463,8,not_or
1,1801,424,430,8,not_or
1,1802,240,242,6,xor
1,1803,143,149,7,or
1,1804,708,714,7,or
1,1805,239,247,2,not_implies
1,1806,205,207,9,not_xor
1,1807,214,219,10,not_b
1,1808,378,382,3,a
1,1809,365,366,3,a
1,1810,286,289,9,not_xor
1,1811,502,505,9,not_xor
1,1812,359,367,4,not_implied_by
1,1813,319,327,4,not_implied_by
1,1814,70,71,2,not_implies
1,1815,355,363,3,a
1,1816,36,41,4,not_implied_by
1,1817,223,229,4,not_implied_by
1,1818,407,408,1,and
1,1819,688,689,9,not_xor
1,1820,492,499,12,not_a
1,1821,669,673,14,not_and
1,1822,247,248,12,not_a
1,1823,518,523,12,not_a
1,1824,642,649,5,b
1,1825,169,173,5,b
1,1826,354,361,6,xor
1,1827,164,171,13,implies
1,1828,85,92,9,not_xor
1,1829,108,109,3,a
1,1830,707,709,6,xor
1,1831,466,467,3,a
1,1832,516,519,8,not_or
1,1833,213,220,6,xor
1,1834,92,94,6,xor
1,1835,63,67,10,not_b
1,1836,664,667,8,not_or
1,1837,25,30,13,implies
1,1838,569,571,9,not_xor
1,1839,222,229,6,xor
1,1840,19,22,4,not_implied_by
1,1841,638,639,15,one
1,1842,315,317,9,not_xor
1,1843,459,465,12,not_a
1,1844,98,101,6,xor
1,1845,471,478,0,zero
1,1846,159,167,0,zero
1,1847,290,295,5,b
1,1848,409,410,15,one
1,1849,104,112,12,not_a
1,1850,399,404,4,not_implied_by
1,1851,156,157,7,or
1,1852,650,655,3,a
1,1853,519,520,9,not_xor
1,1854,716,723,12,not_a
1,1855,281,283,14,not_and
1,1856,393,401,8,not_or
1,1857,330,336,8,not_or
1,1858,155,160,11,implied_by
1,1859,479,486,10,not_b
1,1860,500,507,9,not_xor
1,1861,740,741,0,zero
1,1862,447,451,6,xor
1,1863,247,254,1,and
1,1864,79,85,15,one
1,1865,186,194,6,xor
1,1866,150,152,3,a
1,1867,131,135,15,one
1,1868,410,415,10,not_b
1,1869,204,208,5,b
1,1870,734,737,12,not_a
1,1871,350,351,3,a
1,1872,144,147,7,or
1,1873,484,490,8,not_or
1,1874,71,75,10,not_b
1,1875,770,777,10,not_b
1,1876,551,552,7,or
1,1877,775,777,15,one
1,1878,230,233,9,not_xor
1,1879,346,351,13,implies
1,1880,29,37,11,implied_by
1,1881,180,186,7,or
1,1882,543,546,9,not_xor
1,1883,0,4,3,a
1,1884,771,776,4,not_implied_by
1,1885,762,767,9,not_xor
1,1886,81,89,11,implied_by
1,1887,72,79,4,not_implied_by
1,1888,298,303,3,a
1,1889,573,577,1,and
1,1890,731,736,6,xor
1,1891,138,144,6,xor
1,1892,614,616,13,implies
1,1893,311,314,9,not_xor
1,1894,623,628,7,or
1,1895,362,367,15,one
1,1896,408,414,8,not_or
1,1897,310,317,8,not_or
1,1898,542,548,12,not_a
1,1899,65,68,15,one
1,1900,667,669,8,not_or
1,1901,61,67,13,implies
1,1902,528,532,9,not_xor
1,1903,185,191,2,not_implies
1,1904,514,519,12,not_a
1,1905,778,779,13,implies
1,1906,64,70,8,not_or
1,1907,267,274,6,xor
1,1908,734,740,11,implied_by
1,1909,720,726,12,not_a
1,1910,241,245,6,xor
1,1911,702,707,14,not_and
1,1912,400,403,12,not_a
1,1913,765,766,8,not_or
1,1914,252,258,13,implies
1,1915,545,547,9,not_xor
1,1916,545,549,13,implies
1,1917,432,436,9,not_xor
1,1918,401,408,12,not_a
1,1919,524,530,6,xor
1,1920,336,338,13,implies
1,1921,594,600,3,a
1,1922,572,573,9,not_xor
1,1923,373,375,9,not_xor
1,1924,259,263,9,not_xor
1,1925,706,708,7,or
1,1926,507,511,3,a
1,1927,626,632,2,not_implies
1,1928,631,638,2,not_implies
1,1929,212,218,15,one
1,1930,626,631,15,one
1,1931,199,204,12,not_a
1,1932,63,66,3,a
1,1933,420,424,12,not_a
1,1934,166,171,8,not_or
1,1935,288,289,9,not_xor
1,1936,594,599,3,a
1,1937,550,554,7,or
1,1938,89,93,10,not_b
1,1939,594,597,9,not_xor
1,1940,369,372,8,not_or
1,1941,271,275,2,not_implies
1,1942,18,26,3,a
1,1943,197,204,15,one
1,1944,412,413,0,zero
1,1945,84,87,6,xor
1,1946,464,467,4,not_implied_by
1,1947,244,248,2,not_implies
1,1948,359,361,14,not_and
1,1949,624,625,7,or
1,1950,460,464,8,not_or
1,1951,741,745,13,implies
1,1952,227,232,6,xor
1,1953,139,144,9,not_xor
1,1954,702,703,13,implies
1,1955,129,135,10,not_b
1,1956,278,286,11,implied_by
1,1957,501,506,8,not_or
1,1958,364,365,14,not_and
1,1959,202,206,7,or
1,1960,501,509,12,not_a
1,1961,48,54,10,not_b
1,1962,716,717,1,and
1,1963,352,359,2,not_implies
1,1964,743,744,1,and
1,1965,436,442,5,b
1,1966,172,179,7,or
1,1967,259,260,10,not_b
1,1968,617,624,7,or
1,1969,107,108,9,not_xor
1,1970,6,14,14,not_and
1,1971,25,28,12,not_a
1,1972,240,244,6,xor
1,1973,517,524,12,not_a
1,1974,633,636,2,not_implies
1,1975,524,528,1,and
1,1976,127,134,11,implied_by
1,1977,351,352,2,not_implies
1,1978,166,174,5,b
1,1979,242,245,6,xor
1,1980,278,280,2,not_implies
1,1981,87,94,15,one
1,1982,681,687,3,a
1,1983,106,112,1,and
1,1984,754,757,4,not_implied_by
1,1985,705,711,6,xor
1,1986,254,255,10,not_b
1,1987,524,527,6,xor
1,1988,736,737,9,not_xor
1,1989,618,620,15,one
1,1990,84,90,10,not_b
1,1991,479,487,11,implied_by
1,1992,505,506,7,or
1,1993,549,550,7,or
1,1994,761,762,8,not_or
1,1995,668,673,5,b
1,1996,121,123,11,implied_by
1,1997,0,8,5,b
1,1998,107,113,12,not_a
1,1999,493,496,7,or
1,2000,485,486,8,not_or
1,2001,115,116,9,not_xor
1,2002,213,216,6,xor
1,2003,673,675,7,or
1,2004,107,114,9,not_xor
1,2005,23,29,2,not_implies
1,2006,547,551,6,xor
1,2007,124,132,11,implied_by
1,2008,403,410,6,xor
1,2009,593,598,3,a
1,2010,447,453,3,a
1,2011,114,120,0,zero
1,2012,63,68,2,not_implies
1,2013,125,127,5,b
1,2014,670,677,5,b
1,2015,5,10,0,zero
1,2016,123,128,7,or
1,2017,407,414,7,or
1,2018,56,61,8,not_or
1,2019,358,363,9,not_xor
1,2020,609,616,4,not_implied_by
1,2021,143,151,6,xor
1,2022,361,362,14,not_and
1,2023,728,732,2,not_implies
1,2024,703,707,5,b
1,2025,342,343,10,not_b
1,2026,348,349,5,b
1,2027,37,38,13,implies
1,2028,160,161,14,not_and
1,2029,774,779,4,not_implied_by
1,2030,392,393,15,one
1,2031,281,288,11,implied_by
1,2032,175,182,3,a
1,2033,368,369,11,implied_by
1,2034,523,526,6,xor
1,2035,84,92,7,or
1,2036,24,26,15,one
1,2037,664,665,14,not_and
1,2038,341,345,8,not_or
1,2039,619,620,0,zero
1,2040,304,311,0,zero
1,2041,535,542,11,implied_by
1,2042,9,13,9,not_xor
1,2043,473,474,8,not_or
1,2044,113,116,6,xor
1,2045,162,166,13,implies
1,2046,467,468,3,a
1,2047,254,258,7,or
1,2048,115,121,4,not_implied_by
1,2049,177,181,7,or
1,2050,309,316,11,implied_by
1,2051,404,405,1,and
1,2052,635,637,0,zero
1,2053,411,419,8,not_or
1,2054,476,484,8,not_or
1,2055,761,765,2,not_implies
1,2056,618,621,4,not_implied_by
1,2057,401,409,14,not_and
1,2058,66,72,11,implied_by
1,2059,520,524,6,xor
1,2060,626,628,9,not_xor
1,2061,603,608,6,xor
1,2062,589,590,15,one
1,2063,498,503,2,not_implies
1,2064,779,781,15,one
1,2065,716,718,11,implied_by
1,2066,288,293,9,not_xor
1,2067,42,48,0,zero
1,2068,585,591,4,not_implied_by
1,2069,634,635,9,not_xor
1,2070,85,87,9,not_xor
1,2071,110,115,9,not_xor
1,2072,98,99,3,a
1,2073,25,31,13,implies
1,2074,683,684,5,b
1,2075,220,225,13,implies
1,2076,56,57,4,not_implied_by
1,2077,140,143,7,or
1,2078,322,330,2,not_implies
1,2079,146,151,3,a
1,2080,389,393,14,not_and
1,2081,398,399,8,not_or
1,2082,375,381,6,xor
1,2083,63,71,5,b
1,2084,642,644,13,implies
1,2085,751,754,12,not_a
1,2086,509,516,11,implied_by
1,2087,236,243,13,implies
1,2088,411,417,1,and
1,2089,456,461,8,not_or
1,2090,599,601,9,not_xor
1,2091,58,61,11,implied_by
1,2092,636,639,13,implies
1,2093,85,88,13,implies
1,2094,747,753,13,implies
1,2095,746,748,11,implied_by
1,2096,339,341,8,not_or
1,2097,621,622,1,and
1,2098,335,337,2,not_implies
1,2099,307,313,8,not_or
1,2100,310,318,11,implied_by
1,2101,684,685,5,b
1,2102,479,483,8,not_or
1,2103,568,571,9,not_xor
1,2104,436,444,4,not_implied_by
1,2105,253,260,14,not_and
1,2106,34,42,12,not_a
1,2107,85,93,14,not_and
1,2108,541,544,9,not_xor
1,2109,250,253,4,not_implied_by
1,2110,483,489,9,not_xor
1,2111,290,298,5,b
1,2112,79,82,5,b
1,2113,247,255,1,and
1,2114,148,152,7,or
1,2115,628,634,5,b
1,2116,601,602,9,not_xor
1,2117,325,330,3,a
1,2118,269,273,6,xor
1,2119,77,79,8,not_or
1,2120,755,760,3,a
1,2121,49,57,11,implied_by
1,2122,200,201,2,not_implies
1,2123,459,464,12,not_a
1,2124,226,228,6,xor
1,2125,235,238,9,not_xor
1,2126,75,82,0,zero
1,2127,321,324,6,xor
1,2128,564,569,9,not_xor
1,2129,208,212,1,and
1,2130,287,290,9,not_xor
1,2131,277,279,14,not_and
1,2132,70,72,3,a
1,2133,129,132,9,not_xor
1,2134,193,194,11,implied_by
1,2135,494,497,6,xor
1,2136,433,437,0,zero
1,2137,534,536,4,not_implied_by
1,2138,246,250,5,b
1,2139,592,598,3,a
1,2140,183,190,7,or
1,2141,541,543,9,not_xor
1,2142,735,739,15,one
1,2143,5,7,0,zero
1,2144,728,731,5,b
1,2145,351,353,1,and
1,2146,155,159,11,implied_by
1,2147,363,366,9,not_xor
1,2148,543,545,9,not_xor
1,2149,193,198,8,not_or
1,2150,492,496,6,xor
1,2151,704,710,7,or
1,2152,337,342,11,implied_by
1,2153,630,635,7,or
1,2154,607,612,3,a
1,2155,139,142,10,not_b
1,2156,775,778,7,or
1,2157,31,36,12,not_a
1,2158,297,302,6,xor
1,2159,737,741,13,implies
1,2160,414,416,14,not_and
1,2161,240,245,7,or
1,2162,760,767,15,one
1,2163,700,705,15,one
1,2164,626,627,9,not_xor
1,2165,195,198,13,implies
1,2166,44,50,13,implies
1,2167,109,116,15,one
1,2168,468,475,3,a
1,2169,286,290,9,not_xor
1,2170,405,413,6,xor
1,2171,390,396,13,implies
1,2172,218,220,8,not_or
1,2173,339,347,9,not_xor
1,2174,86,91,5,b
1,2175,663,665,10,not_b
1,2176,308,315,11,implied_by
1,2177,503,506,7,or
1,2178,332,337,1,and
1,2179,334,340,9,not_xor
1,2180,93,97,4,not_implied_by
1,2181,498,499,1,and
1,2182,535,537,7,or
1,2183,374,377,5,b
1,2184,35,43,3,a
1,2185,128,136,10,not_b
1,2186,604,609,3,a
1,2187,74,80,15,one
1,2188,770,772,15,one
1,2189,187,192,6,xor
1,2190,463,468,12,not_a
1,2191,760,766,3,a
1,2192,548,550,1,and
1,2193,493,499,7,or
1,2194,189,196,13,implies
1,2195,230,235,9,not_xor
1,2196,296,302,6,xor
1,2197,735,736,0,zero
1,2198,13,20,8,not_or
1,2199,120,123,3,a
1,2200,346,352,4,not_implied_by
1,2201,533,535,6,xor
1,2202,535,540,11,implied_by
1,2203,46,48,8,not_or
1,2204,201,207,3,a
1,2205,375,377,5,b
1,2206,183,185,7,or
1,2207,596,600,9,not_xor
1,2208,641,647,4,not_implied_by
1,2209,672,679,7,or
1,2210,660,664,2,not_implies
1,2211,123,126,5,b
1,2212,80,88,3,a
1,2213,646,651,4,not_implied_by
1,2214,442,450,15,one
1,2215,363,369,10,not_b
1,2216,721,723,13,implies
1,2217,190,192,12,not_a
1,2218,263,268,13,implies
1,2219,410,417,2,not_implies
1,2220,194,196,15,one
1,2221,721,724,5,b
1,2222,186,188,1,and
1,2223,516,524,12,not_a
1,2224,327,334,3,a
1,2225,737,738,3,a
1,2226,274,282,4,not_implied_by
1,2227,117,118,13,implies
1,2228,336,343,8,not_or
1,2229,388,395,13,implies
1,2230,17,21,2,not_implies
1,2231,629,636,3,a
1,2232,218,223,0,zero
1,2233,385,393,12,not_a
1,2234,48,56,2,not_implies
1,2235,557,559,11,implied_by
1,2236,651,655,1,and
1,2237,592,597,7,or
1,2238,30,34,10,not_b
1,2239,600,607,5,b
1,2240,40,48,5,b
1,2241,524,529,2,not_implies
1,2242,275,281,12,not_a
1,2243,10,14,1,and
1,2244,210,218,2,not_implies
1,2245,503,509,6,xor
1,2246,378,379,1,and
1,2247,131,132,8,not_or
1,2248,698,701,8,not_or
1,2249,554,558,15,one
1,2250,123,125,7,or
1,2251,117,124,7,or
1,2252,394,399,11,implied_by
1,2253,671,672,10,not_b
1,2254,695,698,13,implies
1,2255,218,224,11,implied_by
1,2256,259,262,9,not_xor
1,2257,586,587,6,xor
1,2258,124,128,2,not_implies
1,2259,444,448,14,not_and
1,2260,697,701,3,a
1,2261,661,665,10,not_b
1,2262,450,455,11,implied_by
1,2263,43,44,5,b
1,2264,489,491,9,not_xor
1,2265,519,525,4,not_implied_by
1,2266,46,47,12,not_a
1,2267,341,348,4,not_implied_by
1,2268,246,252,0,zero
1,2269,521,528,7,or
1,2270,609,610,14,not_and
1,2271,140,142,6,xor
1,2272,197,200,4,not_implied_by
1,2273,155,161,2,not_implies
1,2274,280,288,10,not_b
1,2275,312,319,9,not_xor
1,2276,340,346,8,not_or
1,2277,444,451,13,implies
1,2278,722,727,6,xor
1,2279,300,307,15,one
1,2280,97,103,6,xor
1,2281,305,309,12,not_a
1,2282,668,675,4,not_implied_by
1,2283,466,469,6,xor
1,2284,182,189,2,not_implies
1,2285,777,783,12,not_a
1,2286,537,545,11,implied_by
1,2287,661,666,8,not_or
1,2288,446,453,1,and
1,2289,454,457,8,not_or
1,2290,284,289,10,not_b
1,2291,379,383,11,implied_by
1,2292,413,415,0,zero
1,2293,79,81,6,xor
1,2294,433,440,6,xor
1,2295,308,316,8,not_or
1,2296,290,292,9,not_xor
1,2297,425,427,8,not_or
1,2298,226,234,6,xor
1,2299,228,230,5,b
1,2300,682,688,7,or
1,2301,755,756,15,one
1,2302,729,733,11,implied_by
1,2303,720,721,12,not_a
1,2304,3,10,13,implies
1,2305,23,30,14,not_and
1,2306,307,310,1,and
1,2307,410,411,14,not_and
1,2308,90,95,12,not_a
1,2309,619,621,7,or
1,2310,310,312,4,not_implied_by
1,2311,438,446,15,one
1,2312,137,140,11,implied_by
1,2313,351,355,7,or
1,2314,368,371,8,not_or
1,2315,369,371,8,not_or
1,2316,277,281,6,xor
1,2317,672,676,7,or
1,2318,306,310,11,implied_by
1,2319,117,122,6,xor
1,2320,60,68,4,not_implied_by
1,2321,119,122,6,xor
1,2322,648,649,7,or
1,2323,273,275,14,not_and
1,2324,780,783,6,xor
1,2325,229,233,2,not_implies
1,2326,275,277,11,implied_by
1,2327,561,568,15,one
1,2328,278,285,3,a
1,2329,155,157,11,implied_by
1,2330,260,264,9,not_xor
1,2331,522,524,6,xor
1,2332,275,278,15,one
1,2333,142,143,2,not_implies
1,2334,742,749,11,implied_by
1,2335,647,653,7,or
1,2336,47,48,14,not_and
1,2337,381,386,10,not_b
1,2338,226,229,7,or
1,2339,321,322,1,and
1,2340,245,250,2,not_implies
1,2341,394,395,6,xor
1,2342,200,205,3,a
1,2343,240,247,2,not_implies
1,2344,581,582,0,zero
1,2345,587,593,0,zero
1,2346,3,5,0,zero
1,2347,285,287,15,one
1,2348,136,140,2,not_implies
1,2349,75,81,8,not_or
1,2350,320,325,4,not_implied_by
1,2351,283,287,2,not_implies
1,2352,742,743,10,not_b
1,2353,92,97,11,implied_by
1,2354,415,422,13,implies
1,2355,649,651,5,b
1,2356,503,508,6,xor
1,2357,163,166,4,not_implied_by
1,2358,568,572,9,not_xor
1,2359,153,156,3,a
1,2360,767,773,12,not_a
1,2361,732,737,3,a
1,2362,168,175,4,not_implied_by
1,2363,145,147,5,b
1,2364,77,84,1,and
1,2365,154,156,1,and
1,2366,249,254,0,zero
1,2367,418,420,14,not_and
1,2368,314,316,10,not_b
1,2369,85,89,5,b
1,2370,779,783,13,implies
1,2371,201,204,1,and
1,2372,721,722,12,not_a
1,2373,478,484,11,implied_by
1,2374,445,447,5,b
1,2375,189,197,8,not_or
1,2376,677,682,7,or
1,2377,32,38,15,one
1,2378,271,274,2,not_implies
1,2379,419,424,10,not_b
1,2380,99,102,7,or
1,2381,772,777,3,a
1,2382,260,268,1,and
1,2383,527,532,11,implied_by
1,2384,138,146,4,not_implied_by
1,2385,236,240,9,not_xor
1,2386,694,701,5,b
1,2387,313,315,10,not_b
1,2388,245,247,6,xor
1,2389,199,203,5,b
1,2390,211,212,7,or
1,2391,467,472,2,not_implies
1,2392,342,345,8,not_or
1,2393,469,471,7,or
1,2394,495,500,10,not_b
1,2395,635,642,6,xor
1,2396,380,388,2,not_implies
1,2397,92,99,6,xor
1,2398,707,714,7,or
1,2399,599,600,9,not_xor
1,2400,719,722,13,implies
1,2401,102,107,1,and
1,2402,760,764,9,not_xor
1,2403,740,744,9,not_xor
1,2404,409,417,3,a
1,2405,772,778,13,implies
1,2406,564,570,8,not_or
1,2407,521,527,8,not_or
1,2408,182,186,12,not_a
1,2409,541,542,8,not_or
1,2410,452,460,4,not_implied_by
1,2411,194,200,6,xor
1,2412,577,578,9,not_xor
1,2413,514,522,9,not_xor
1,2414,601,608,14,not_and
1,2415,718,724,12,not_a
1,2416,504,509,6,xor
1,2417,727,733,7,or
1,2418,145,149,7,or
1,2419,157,163,5,b
1,2420,606,613,12,not_a
1,2421,150,158,8,not_or
1,2422,750,754,8,not_or
1,2423,325,332,3,a
1,2424,350,355,13,implies
1,2425,711,714,9,not_xor
1,2426,150,155,10,not_b
1,2427,588,593,10,not_b
1,2428,590,593,2,not_implies
1,2429,593,599,8,not_or
1,2430,653,658,8,not_or
1,2431,315,318,6,xor
1,2432,342,349,13,implies
1,2433,759,764,6,xor
1,2434,263,265,6,xor
1,2435,502,509,0,zero
1,2436,485,487,1,and
1,2437,706,707,3,a
1,2438,763,766,10,not_b
1,2439,614,620,9,not_xor
1,2440,460,463,5,b
1,2441,521,522,8,not_or
1,2442,694,700,15,one
1,2443,383,390,6,xor
1,2444,455,461,3,a
1,2445,98,104,9,not_xor
1,2446,731,738,8,not_or
1,2447,193,199,14,not_and
1,2448,693,699,1,and
1,2449,569,575,12,not_a
1,2450,89,96,13,implies
1,2451,567,572,8,not_or
1,2452,184,187,12,not_a
1,2453,223,224,12,not_a
1,2454,545,552,2,not_implies
1,2455,169,171,4,not_implied_by
1,2456,582,589,5,b
1,2457,286,294,8,not_or
1,2458,130,137,8,not_or
1,2459,743,749,8,not_or
1,2460,563,564,15,one
1,2461,601,606,6,xor
1,2462,441,448,14,not_and
1,2463,320,324,7,or
1,2464,752,754,13,implies
1,2465,530,531,2,not_implies
1,2466,360,363,3,a
1,2467,333,337,14,not_and
1,2468,4,5,6,xor
1,2469,215,218,6,xor
1,2470,0,1,2,not_implies
1,2471,232,239,10,not_b
1,2472,268,274,14,not_and
1,2473,36,40,12,not_a
1,2474,270,277,0,zero
1,2475,590,594,8,not_or
1,2476,401,402,5,b
1,2477,654,660,6,xor
1,2478,705,709,10,not_b
1,2479,386,387,1,and
1,2480,266,272,12,not_a
1,2481,330,337,8,not_or
1,2482,218,219,15,one
1,2483,526,530,8,not_or
1,2484,689,692,10,not_b
1,2485,728,730,0,zero
1,2486,183,189,12,not_a
1,2487,261,262,6,xor
1,2488,261,267,10,not_b
1,2489,719,724,4,not_implied_by
1,2490,534,540,8,not_or
1,2491,205,213,9,not_xor
1,2492,754,755,10,not_b
1,2493,150,157,3,a
1,2494,279,283,12,not_a
1,2495,57,59,15,one
1,2496,418,419,13,implies
1,2497,7,9,12,not_a
1,2498,392,397,0,zero
1,2499,475,481,5,b
1,2500,728,734,8,not_or
1,2501,589,594,11,implied_by
1,2502,577,581,8,not_or
1,2503,437,439,3,a
1,2504,224,232,11,implied_by
1,2505,208,215,8,not_or
1,2506,268,275,12,not_a
1,2507,410,414,7,or
1,2508,158,159,6,xor
1,2509,171,178,10,not_b
1,2510,122,129,8,not_or
1,2511,211,219,13,implies
1,2512,697,702,9,not_xor
1,2513,42,43,2,not_implies
1,2514,84,89,4,not_implied_by
1,2515,766,767,11,implied_by
1,2516,383,384,1,and
1,2517,553,554,12,not_a
1,2518,286,292,6,xor
1,2519,338,341,1,and
1,2520,269,276,14,not_and
1,2521,606,610,7,or
1,2522,668,671,6,xor
1,2523,100,103,3,a
1,2524,531,535,3,a
1,2525,597,598,14,not_and
1,2526,216,220,6,xor
1,2527,106,107,6,xor
1,2528,570,574,12,not_a
1,2529,151,156,10,not_b
1,2530,214,221,8,not_or
1,2531,171,175,3,a
1,2532,10,17,4,not_implied_by
1,2533,297,300,6,xor
1,2534,268,273,6,xor
1,2535,555,557,12,not_a
1,2536,29,33,1,and
1,2537,79,87,0,zero
1,2538,18,25,1,and
1,2539,372,380,5,b
1,2540,92,93,9,not_xor
1,2541,5,8,2,not_implies
1,2542,549,555,9,not_xor
1,2543,104,106,3,a
1,2544,602,607,12,not_a
1,2545,711,712,8,not_or
1,2546,514,515,12,not_a
1,2547,753,758,1,and
1,2548,606,609,4,not_implied_by
1,2549,615,618,1,and
1,2550,95,99,0,zero
1,2551,48,49,11,implied_by
1,2552,274,279,11,implied_by
1,2553,709,715,9,not_xor
1,2554,381,384,7,or
1,2555,567,571,12,not_a
1,2556,166,167,8,not_or
1,2557,767,774,8,not_or
1,2558,505,510,10,not_b
1,2559,502,507,7,or
1,2560,567,573,8,not_or
1,2561,429,435,5,b
1,2562,232,234,14,not_and
1,2563,29,30,11,implied_by
1,2564,753,760,12,not_a
1,2565,667,671,13,implies
1,2566,466,472,6,xor
1,2567,745,752,9,not_xor
1,2568,10,15,0,zero
1,2569,360,361,8,not_or
1,2570,712,716,9,not_xor
1,2571,222,223,3,a
1,2572,686,687,6,xor
1,2573,546,547,0,zero
1,2574,302,306,13,implies
1,2575,170,178,14,not_and
1,2576,251,253,4,not_implied_by
1,2577,181,189,12,not_a
1,2578,263,271,9,not_xor
1,2579,438,441,3,a
1,2580,497,499,10,not_b
1,2581,266,269,12,not_a
1,2582,45,46,0,zero
1,2583,240,241,14,not_and
1,2584,745,746,10,not_b
1,2585,36,44,11,implied_by
1,2586,504,512,0,zero
1,2587,355,359,3,a
1,2588,739,744,8,not_or
1,2589,121,124,8,not_or
1,2590,77,85,6,xor
1,2591,464,469,3,a
1,2592,125,131,4,not_implied_by
1,2593,577,579,12,not_a
1,2594,156,163,4,not_implied_by
1,2595,568,575,12,not_a
1,2596,64,68,1,and
1,2597,465,469,3,a
1,2598,10,12,4,not_implied_by
1,2599,8,14,8,not_or
1,2600,643,649,1,and
1,2601,354,359,7,or
1,2602,399,405,7,or
1,2603,711,713,8,not_or
1,2604,355,361,12,not_a
1,2605,191,194,2,not_implies
1,2606,27,33,4,not_implied_by
1,2607,125,132,8,not_or
1,2608,298,304,10,not_b
1,2609,396,403,6,xor
1,2610,496,499,10,not_b
1,2611,186,192,12,not_a
1,2612,51,53,1,and
1,2613,151,155,6,xor
1,2614,636,637,4,not_implied_by
1,2615,742,747,13,implies
1,2616,598,601,14,not_and
1,2617,302,309,9,not_xor
1,2618,276,279,8,not_or
1,2619,614,619,13,implies
1,2620,577,580,8,not_or
1,2621,701,708,10,not_b
1,2622,773,775,2,not_implies
1,2623,322,324,4,not_implied_by
1,2624,670,676,4,not_implied_by
1,2625,442,447,13,implies
1,2626,327,330,14,not_and
1,2627,405,409,5,b
1,2628,641,643,9,not_xor
1,2629,657,662,12,not_a
1,2630,38,42,4,not_implied_by
1,2631,624,626,12,not_a
1,2632,33,41,2,not_implies
1,2633,339,343,6,xor
1,2634,105,106,7,or
1,2635,148,149,6,xor
1,2636,337,344,6,xor
1,2637,675,678,12,not_a
1,2638,356,363,0,zero
1,2639,286,293,10,not_b
1,2640,363,370,7,or
1,2641,252,254,8,not_or
1,2642,419,426,6,xor
1,2643,295,298,6,xor
1,2644,424,427,7,or
1,2645,371,378,7,or
1,2646,468,472,2,not_implies
1,2647,763,770,10,not_b
1,2648,13,17,7,or
1,2649,142,147,2,not_implies
1,2650,39,46,1,and
1,2651,682,689,5,b
1,2652,38,45,2,not_implies
1,2653,297,305,3,a
1,2654,527,533,9,not_xor
1,2655,387,388,6,xor
1,2656,440,446,6,xor
1,2657,320,326,3,a
1,2658,27,34,4,not_implied_by
1,2659,453,461,9,not_xor
1,2660,586,588,12,not_a
1,2661,175,181,10,not_b
1,2662,558,559,0,zero
1,2663,388,389,1,and
1,2664,776,778,4,not_implied_by
1,2665,689,693,1,and
1,2666,435,438,3,a
1,2667,691,696,6,xor
1,2668,556,560,8,not_or
1,2669,108,116,7,or
1,2670,29,35,11,implied_by
1,2671,4,8,4,not_implied_by
1,2672,501,502,8,not_or
1,2673,245,252,12,not_a
1,2674,53,54,2,not_implies
1,2675,154,159,4,not_implied_by
1,2676,357,365,2,not_implies
1,2677,326,327,2,not_implies
1,2678,608,613,6,xor
1,2679,45,50,8,not_or
1,2680,676,683,10,not_b
1,2681,533,540,10,not_b
1,2682,22,28,3,a
1,2683,225,230,7,or
1,2684,769,773,2,not_implies
1,2685,200,207,10,not_b
1,2686,491,497,3,a
1,2687,291,297,1,and
1,2688,694,697,13,implies
1,2689,480,484,5,b
1,2690,340,343,12,not_a
1,2691,409,413,3,a
1,2692,473,481,0,zero
1,2693,269,274,6,xor
1,2694,73,77,7,or
1,2695,407,413,3,a
1,2696,148,151,2,not_implies
1,2697,546,551,8,not_or
1,2698,57,58,5,b
1,2699,207,209,14,not_and
1,2700,693,694,8,not_or
1,2701,336,339,0,zero
1,2702,186,189,4,not_implied_by
1,2703,16,23,15,one
1,2704,709,716,9,not_xor
1,2705,407,409,3,a
1,2706,16,17,4,not_implied_by
1,2707,532,535,6,xor
1,2708,503,510,8,not_or
1,2709,13,19,15,one
1,2710,138,142,4,not_implied_by
1,2711,563,568,10,not_b
1,2712,362,368,14,not_and
1,2713,128,132,4,not_implied_by
1,2714,504,511,10,not_b
1,2715,113,119,14,not_and
1,2716,413,421,3,a
1,2717,231,234,2,not_implies
1,2718,179,184,10,not_b
1,2719,138,141,11,implied_by
1,2720,34,35,14,not_and
1,2721,399,401,5,b
1,2722,303,311,13,implies
1,2723,553,559,8,not_or
1,2724,163,164,3,a
1,2725,458,466,1,and
1,2726,748,755,4,not_implied_by
1,2727,620,626,10,not_b
1,2728,4,12,1,and
1,2729,527,530,0,zero
1,2730,16,18,11,implied_by
1,2731,145,148,11,implied_by
1,2732,764,771,12,not_a
1,2733,655,662,5,b
1,2734,680,685,9,not_xor
1,2735,614,621,9,not_xor
1,2736,775,779,8,not_or
1,2737,208,216,9,not_xor
1,2738,249,250,9,not_xor
1,2739,511,519,4,not_implied_by
1,2740,470,474,11,implied_by
1,2741,480,486,8,not_or
1,2742,410,413,3,a
1,2743,533,536,9,not_xor
1,2744,706,709,9,not_xor
1,2745,580,584,8,not_or
1,2746,552,558,1,and
1,2747,63,69,10,not_b
1,2748,352,354,7,or
1,2749,90,98,1,and
1,2750,547,552,2,not_implies
1,2751,552,557,13,implies
1,2752,93,96,10,not_b
1,2753,738,742,8,not_or
1,2754,147,149,2,not_implies
1,2755,616,617,5,b
1,2756,392,394,3,a
1,2757,640,646,0,zero
1,2758,38,46,11,implied_by
1,2759,428,432,3,a
1,2760,406,413,3,a
1,2761,332,339,13,implies
1,2762,438,443,6,xor
1,2763,219,226,1,and
1,2764,735,738,8,not_or
1,2765,754,761,0,zero
1,2766,91,95,9,not_xor
1,2767,97,99,8,not_or
1,2768,65,66,12,not_a
1,2769,80,87,4,not_implied_by
1,2770,606,612,6,xor
1,2771,460,468,1,and
1,2772,688,691,2,not_implies
1,2773,496,501,2,not_implies
1,2774,615,622,11,implied_by
1,2775,277,282,5,b
1,2776,571,577,12,not_a
1,2777,74,78,13,implies
1,2778,101,106,15,one
1,2779,460,462,5,b
1,2780,289,293,6,xor
1,2781,277,285,8,not_or
1,2782,516,521,5,b
1,2783,322,327,12,not_a
1,2784,214,218,4,not_implied_by
1,2785,484,488,1,and
1,2786,374,376,3,a
1,2787,69,75,13,implies
1,2788,766,771,10,not_b
1,2789,345,351,3,a
1,2790,688,695,9,not_xor
1,2791,503,504,1,and
1,2792,644,649,2,not_implies
1,2793,305,310,12,not_a
1,2794,431,439,3,a
1,2795,172,180,11,implied_by
1,2796,162,168,7,or
1,2797,355,360,2,not_implies
1,2798,693,696,8,not_or
1,2799,441,443,8,not_or
1,2800,166,168,13,implies
1,2801,596,598,12,not_a
1,2802,639,641,14,not_and
1,2803,756,760,2,not_implies
1,2804,18,21,15,one
1,2805,307,315,15,one
1,2806,54,61,12,not_a
1,2807,123,130,9,not_xor
1,2808,586,589,6,xor
1,2809,766,769,5,b
1,2810,590,596,9,not_xor
1,2811,595,598,8,not_or
1,2812,423,425,4,not_implied_by
1,2813,284,286,12,not_a
1,2814,443,447,8,not_or
1,2815,613,618,1,and
1,2816,368,372,5,b
1,2817,246,253,3,a
1,2818,244,246,6,xor
1,2819,136,138,7,or
1,2820,37,41,1,and
1,2821,415,418,9,not_xor
1,2822,688,693,1,and
1,2823,22,24,1,and
1,2824,773,779,12,not_a
1,2825,299,305,6,xor
1,2826,103,109,10,not_b
1,2827,517,525,11,implied_by
1,2828,266,268,12,not_a
1,2829,71,77,0,zero
1,2830,765,767,7,or
1,2831,247,251,0,zero
1,2832,453,456,5,b
1,2833,181,188,9,not_xor
1,2834,645,651,9,not_xor
1,2835,572,578,14,not_and
1,2836,397,403,5,b
1,2837,715,718,8,not_or
1,2838,147,154,3,a
1,2839,121,127,10,not_b
1,2840,382,390,7,or
1,2841,670,671,15,one
1,2842,674,678,1,and
1,2843,174,175,2,not_implies
1,2844,421,423,6,xor
1,2845,537,538,12,not_a
1,2846,518,521,3,a
1,2847,195,201,7,or
1,2848,575,576,0,zero
1,2849,58,64,0,zero
1,2850,38,44,4,not_implied_by
1,2851,578,585,0,zero
1,2852,565,571,12,not_a
1,2853,205,212,10,not_b
1,2854,295,300,14,not_and
1,2855,390,398,5,b
1,2856,687,693,13,implies
1,2857,208,213,10,not_b
1,2858,202,207,10,not_b
1,2859,102,108,7,or
1,2860,571,576,14,not_and
1,2861,327,333,10,not_b
1,2862,698,703,2,not_implies
1,2863,135,137,4,not_implied_by
1,2864,33,39,3,a
1,2865,101,108,2,not_implies
1,2866,91,97,8,not_or
1,2867,116,123,4,not_implied_by
1,2868,686,692,1,and
1,2869,456,462,7,or
1,2870,325,326,6,xor
1,2871,322,328,12,not_a
1,2872,418,425,12,not_a
1,2873,557,561,15,one
1,2874,606,611,8,not_or
1,2875,449,451,0,zero
1,2876,430,434,1,and
1,2877,666,671,4,not_implied_by
1,2878,224,226,15,one
1,2879,327,332,14,not_and
1,2880,455,457,3,a
1,2881,528,531,9,not_xor
1,2882,428,434,3,a
1,2883,400,408,1,and
1,2884,204,207,6,xor
1,2885,229,232,2,not_implies
1,2886,146,148,3,a
1,2887,336,344,7,or
1,2888,117,121,13,implies
1,2889,269,277,12,not_a
1,2890,476,482,11,implied_by
1,2891,437,441,3,a
1,2892,131,134,5,b
1,2893,491,493,3,a
1,2894,332,338,12,not_a
1,2895,389,390,4,not_implied_by
1,2896,82,83,7,or
1,2897,59,64,4,not_implied_by
1,2898,568,570,12,not_a
1,2899,748,751,9,not_xor
1,2900,532,536,9,not_xor
1,2901,118,119,12,not_a
1,2902,534,538,10,not_b
1,2903,720,725,5,b
1,2904,306,311,14,not_and
1,2905,428,431,1,and
1,2906,287,292,6,xor
1,2907,161,164,6,xor
1,2908,417,423,1,and
1,2909,161,169,5,b
1,2910,364,370,7,or
1,2911,417,419,12,not_a
1,2912,249,252,0,zero
1,2913,262,270,12,not_a
1,2914,398,403,5,b
1,2915,727,729,0,zero
1,2916,514,520,13,implies
1,2917,647,651,11,implied_by
1,2918,437,442,3,a
1,2919,47,49,0,zero
1,2920,345,353,7,or
1,2921,356,359,0,zero
1,2922,295,301,12,not_a
1,2923,721,727,10,not_b
1,2924,657,664,13,implies
1,2925,733,736,8,not_or
1,2926,752,755,5,b
1,2927,16,22,4,not_implied_by
1,2928,279,284,9,not_xor
1,2929,197,202,6,xor
1,2930,745,751,4,not_implied_by
1,2931,537,540,9,not_xor
1,2932,54,60,14,not_and
1,2933,267,269,14,not_and
1,2934,535,543,10,not_b
1,2935,39,44,0,zero
1,2936,512,515,9,not_xor
1,2937,437,438,7,or
1,2938,490,491,1,and
1,2939,651,654,12,not_a
1,2940,769,775,4,not_implied_by
1,2941,40,42,3,a
1,2942,493,494,9,not_xor
1,2943,687,690,9,not_xor
1,2944,487,492,5,b
1,2945,613,617,5,b
1,2946,103,111,12,not_a
1,2947,145,153,10,not_b
1,2948,414,418,7,or
1,2949,656,662,12,not_a
1,2950,398,405,7,or
1,2951,627,630,14,not_and
1,2952,517,518,1,and
1,2953,146,154,9,not_xor
1,2954,237,242,12,not_a
1,2955,600,604,12,not_a
1,2956,368,373,5,b
1,2957,28,30,6,xor
1,2958,359,360,11,implied_by
1,2959,258,262,10,not_b
1,2960,299,304,0,zero
1,2961,292,298,2,not_implies
1,2962,504,510,10,not_b
1,2963,185,189,4,not_implied_by
1,2964,434,438,1,and
1,2965,93,94,15,one
1,2966,34,41,14,not_and
1,2967,251,255,4,not_implied_by
1,2968,713,720,1,and
1,2969,695,700,9,not_xor
1,2970,233,241,8,not_or
1,2971,150,154,7,or
1,2972,32,36,14,not_and
1,2973,704,708,11,implied_by
1,2974,258,259,2,not_implies
1,2975,705,712,8,not_or
1,2976,343,345,5,b
1,2977,204,206,6,xor
1,2978,256,264,10,not_b
1,2979,735,737,3,a
1,2980,502,503,10,not_b
1,2981,426,433,7,or
1,2982,620,625,10,not_b
1,2983,88,93,11,implied_by
1,2984,147,151,10,not_b
1,2985,389,394,9,not_xor
1,2986,543,547,10,not_b
1,2987,493,498,3,a
1,2988,664,670,3,a
1,2989,56,60,5,b
1,2990,382,386,14,not_and
1,2991,430,438,3,a
1,2992,647,654,10,not_b
1,2993,660,665,13,implies
1,2994,703,709,10,not_b
1,2995,242,244,6,xor
1,2996,550,555,8,not_or
1,2997,462,465,1,and
1,2998,675,677,0,zero
1,2999,294,299,14,not_and
1,3000,488,489,8,not_or
1,3001,45,51,1,and
1,3002,288,291,7,or
1,3003,119,123,11,implied_by
1,3004,9,16,10,not_b
1,3005,149,155,9,not_xor
1,3006,77,83,4,not_implied_by
1,3007,621,626,7,or
1,3008,268,271,9,not_xor
1,3009,472,480,0,zero
1,3010,534,541,4,not_implied_by
1,3011,223,231,8,not_or
1,3012,140,147,1,and
1,3013,529,533,12,not_a
1,3014,402,406,1,and
1,3015,441,445,13,implies
1,3016,301,308,13,implies
1,3017,111,116,3,a
1,3018,580,587,3,a
1,3019,116,120,3,a
1,3020,312,313,14,not_and
1,3021,679,685,5,b
1,3022,613,614,9,not_xor
1,3023,249,257,2,not_implies
1,3024,350,358,11,implied_by
1,3025,458,464,14,not_and
1,3026,210,216,1,and
1,3027,499,505,11,implied_by
1,3028,556,559,15,one
1,3029,263,270,2,not_implies
1,3030,80,81,3,a
1,3031,659,664,11,implied_by
1,3032,732,739,14,not_and
1,3033,620,622,12,not_a
1,3034,766,770,8,not_or
1,3035,624,628,3,a
1,3036,225,226,14,not_and
1,3037,422,424,14,not_and
1,3038,500,508,11,implied_by
1,3039,149,154,9,not_xor
1,3040,288,295,14,not_and
1,3041,52,58,12,not_a
1,3042,622,623,6,xor
1,3043,231,235,0,zero
1,3044,117,119,10,not_b
1,3045,735,741,11,implied_by
1,3046,408,410,8,not_or
1,3047,199,205,4,not_implied_by
1,3048,39,42,3,a
1,3049,2,7,15,one
1,3050,440,445,8,not_or
1,3051,110,117,15,one
1,3052,157,164,5,b
1,3053,112,114,7,or
1,3054,685,691,2,not_implies
1,3055,6,11,15,one
1,3056,242,250,5,b
1,3057,307,314,3,a
1,3058,283,290,4,not_implied_by
1,3059,313,314,6,xor
1,3060,636,641,10,not_b
1,3061,534,542,6,xor
1,3062,173,176,9,not_xor
1,3063,672,678,10,not_b
1,3064,717,723,15,one
1,3065,409,412,8,not_or
1,3066,579,580,4,not_implied_by
1,3067,127,129,8,not_or
1,3068,331,333,9,not_xor
1,3069,484,492,8,not_or
1,3070,343,349,5,b
1,3071,598,602,1,and
1,3072,500,505,14,not_and
1,3073,378,386,8,not_or
1,3074,441,446,4,not_implied_by
1,3075,574,578,5,b
1,3076,473,477,9,not_xor
1,3077,88,92,12,not_a
1,3078,531,539,4,not_implied_by
1,3079,196,203,3,a
1,3080,370,371,15,one
1,3081,171,172,2,not_implies
1,3082,584,585,5,b
1,3083,641,642,3,a
1,3084,383,389,4,not_implied_by
1,3085,405,406,2,not_implies
1,3086,187,190,5,b
1,3087,241,242,9,not_xor
1,3088,395,402,5,b
1,3089,420,421,10,not_b
1,3090,199,207,13,implies
1,3091,718,725,12,not_a
1,3092,733,734,8,not_or
1,3093,364,369,12,not_a
1,3094,671,673,6,xor
1,3095,273,277,5,b
1,3096,560,561,11,implied_by
1,3097,70,76,11,implied_by
1,3098,280,282,2,not_implies
1,3099,462,463,12,not_a
1,3100,78,84,0,zero
1,3101,323,326,9,not_xor
1,3102,307,309,15,one
1,3103,144,148,14,not_and
1,3104,697,704,2,not_implies
1,3105,282,284,15,one
1,3106,426,427,10,not_b
1,3107,745,750,0,zero
1,3108,367,368,9,not_xor
1,3109,497,501,2,not_implies
1,3110,54,58,14,not_and
1,3111,448,453,11,implied_by
1,3112,89,97,11,implied_by
1,3113,221,223,2,not_implies
1,3114,556,557,9,not_xor
1,3115,162,167,10,not_b
1,3116,532,540,5,b
1,3117,482,483,11,implied_by
1,3118,178,185,9,not_xor
1,3119,135,136,5,b
1,3120,96,103,9,not_xor
1,3121,400,404,5,b
1,3122,105,111,1,and
1,3123,377,379,11,implied_by
1,3124,396,397,1,and
1,3125,164,166,10,not_b
1,3126,708,710,5,b
1,3127,420,427,15,one
1,3128,454,460,8,not_or
1,3129,384,390,13,implies
1,3130,453,454,9,not_xor
1,3131,444,445,3,a
1,3132,35,39,11,implied_by
1,3133,134,136,8,not_or
1,3134,585,587,5,b
1,3135,625,631,1,and
1,3136,292,296,3,a
1,3137,199,202,8,not_or
1,3138,29,34,9,not_xor
1,3139,587,588,9,not_xor
1,3140,446,449,6,xor
1,3141,572,575,10,not_b
1,3142,180,181,9,not_xor
1,3143,560,563,12,not_a
1,3144,543,548,6,xor
1,3145,770,773,11,implied_by
1,3146,445,449,9,not_xor
1,3147,699,702,4,not_implied_by
1,3148,676,681,7,or
1,3149,779,780,8,not_or
1,3150,443,448,14,not_and
1,3151,566,572,11,implied_by
1,3152,99,104,13,implies
1,3153,611,616,15,one
1,3154,332,340,14,not_and
1,3155,394,396,1,and
1,3156,439,440,1,and
1,3157,216,218,1,and
1,3158,326,328,8,not_or
1,3159,8,15,1,and
1,3160,255,263,6,xor
1,3161,361,369,10,not_b
1,3162,554,555,1,and
1,3163,511,516,9,not_xor
1,3164,155,156,9,not_xor
1,3165,427,431,13,implies
1,3166,736,743,13,implies
1,3167,324,325,8,not_or
1,3168,648,652,13,implies
1,3169,580,583,5,b
1,3170,78,80,3,a
1,3171,150,151,13,implies
1,3172,1,6,9,not_xor
1,3173,27,30,4,not_implied_by
1,3174,300,303,9,not_xor
1,3175,69,74,13,implies
1,3176,21,28,6,xor
1,3177,231,239,1,and
1,3178,338,339,7,or
1,3179,25,29,1,and
1,3180,696,699,14,not_and
1,3181,161,166,2,not_implies
1,3182,664,671,6,xor
1,3183,518,526,12,not_a
1,3184,495,498,11,implied_by
1,3185,681,686,1,and
1,3186,429,436,10,not_b
1,3187,591,593,15,one
1,3188,222,228,11,implied_by
1,3189,725,730,8,not_or
1,3190,93,99,8,not_or
1,3191,203,204,7,or
1,3192,41,44,0,zero
1,3193,95,101,8,not_or
1,3194,311,313,10,not_b
1,3195,669,674,5,b
1,3196,725,729,1,and
1,3197,198,206,13,implies
1,3198,673,677,14,not_and
1,3199,489,490,8,not_or
1,3200,161,163,7,or
1,3201,116,121,0,zero
1,3202,272,278,7,or
1,3203,19,20,0,zero
1,3204,574,577,8,not_or
1,3205,211,213,9,not_xor
1,3206,593,594,4,not_implied_by
1,3207,243,244,9,not_xor
1,3208,442,448,11,implied_by
1,3209,442,449,9,not_xor
1,3210,450,456,10,not_b
1,3211,252,257,9,not_xor
1,3212,617,623,2,not_implies
1,3213,765,770,14,not_and
1,3214,495,496,9,not_xor
1,3215,583,589,3,a
1,3216,67,75,2,not_implies
1,3217,335,342,15,one
1,3218,656,661,9,not_xor
1,3219,283,289,6,xor
1,3220,426,428,10,not_b
1,3221,97,102,12,not_a
1,3222,360,365,12,not_a
1,3223,280,287,4,not_implied_by
1,3224,14,17,9,not_xor
1,3225,157,165,6,xor
1,3226,553,558,6,xor
1,3227,336,342,6,xor
1,3228,704,707,2,not_implies
1,3229,447,452,15,one
1,3230,225,228,10,not_b
1,3231,383,388,8,not_or
1,3232,323,325,9,not_xor
1,3233,612,613,0,zero
1,3234,669,675,5,b
1,3235,256,263,14,not_and
1,3236,544,547,13,implies
1,3237,275,276,1,and
1,3238,564,571,6,xor
1,3239,512,520,9,not_xor
1,3240,37,42,2,not_implies
1,3241,273,279,2,not_implies
1,3242,50,56,6,xor
1,3243,758,760,14,not_and
1,3244,598,599,1,and
1,3245,725,727,12,not_a
1,3246,711,715,8,not_or
1,3247,144,149,9,not_xor
1,3248,301,303,9,not_xor
1,3249,402,409,2,not_implies
1,3250,417,422,8,not_or
1,3251,415,420,1,and
1,3252,461,464,12,not_a
1,3253,422,430,6,xor
1,3254,627,634,2,not_implies
1,3255,188,196,3,a
1,3256,168,169,11,implied_by
1,3257,386,394,9,not_xor
1,3258,661,662,13,implies
1,3259,730,737,7,or
1,3260,450,458,9,not_xor
1,3261,582,585,7,or
1,3262,697,703,6,xor
1,3263,418,423,4,not_implied_by
1,3264,232,235,6,xor
1,3265,737,740,14,not_and
1,3266,463,469,12,not_a
1,3267,707,711,4,not_implied_by
1,3268,609,613,2,not_implies
1,3269,316,317,3,a
1,3270,162,165,6,xor
1,3271,697,700,1,and
1,3272,469,477,1,and
1,3273,120,124,8,not_or
1,3274,457,464,12,not_a
1,3275,633,637,3,a
1,3276,174,177,10,not_b
1,3277,298,305,9,not_xor
1,3278,703,706,11,implied_by
1,3279,636,642,5,b
1,3280,136,142,3,a
1,3281,772,775,14,not_and
1,3282,49,51,5,b
1,3283,254,256,10,not_b
1,3284,140,141,2,not_implies
1,3285,631,634,9,not_xor
1,3286,611,618,0,zero
1,3287,258,266,14,not_and
1,3288,362,369,8,not_or
1,3289,711,717,6,xor
1,3290,35,41,0,zero
1,3291,648,653,7,or
1,3292,139,146,3,a
1,3293,438,445,0,zero
1,3294,201,203,10,not_b
1,3295,4,9,14,not_and
1,3296,254,261,6,xor
1,3297,471,474,4,not_implied_by
1,3298,338,345,5,b
1,3299,781,783,10,not_b
1,3300,273,280,2,not_implies
1,3301,624,631,12,not_a
1,3302,468,476,7,or
1,3303,454,458,10,not_b
1,3304,498,506,14,not_and
1,3305,324,329,9,not_xor
1,3306,159,164,15,one
1,3307,605,606,9,not_xor
1,3308,644,645,8,not_or
1,3309,265,270,9,not_xor
1,3310,377,382,3,a
1,3311,335,338,6,xor
1,3312,708,711,13,implies
1,3313,234,238,9,not_xor
1,3314,733,738,3,a
1,3315,775,776,5,b
1,3316,227,235,14,not_and
1,3317,28,32,15,one
1,3318,753,755,1,and
1,3319,520,523,14,not_and
1,3320,283,285,8,not_or
1,3321,416,419,15,one
1,3322,388,393,4,not_implied_by
1,3323,680,682,0,zero
1,3324,174,182,4,not_implied_by
1,3325,165,169,5,b
1,3326,599,605,3,a
1,3327,468,474,4,not_implied_by
1,3328,144,151,0,zero
1,3329,680,686,0,zero
1,3330,130,132,9,not_xor
1,3331,626,630,1,and
1,3332,223,227,12,not_a
1,3333,102,106,12,not_a
1,3334,584,589,3,a
1,3335,258,263,4,not_implied_by
1,3336,759,762,14,not_and
1,3337,691,698,9,not_xor
1,3338,163,167,6,xor
1,3339,76,84,2,not_implies
1,3340,734,735,3,a
1,3341,173,178,1,and
1,3342,489,496,12,not_a
1,3343,478,480,8,not_or
1,3344,446,451,2,not_implies
1,3345,448,450,0,zero
1,3346,63,65,15,one
1,3347,153,154,13,implies
1,3348,570,577,7,or
1,3349,472,474,4,not_implied_by
1,3350,699,700,0,zero
1,3351,10,18,1,and
1,3352,487,495,12,not_a
1,3353,772,779,14,not_and
1,3354,497,503,4,not_implied_by
1,3355,597,604,3,a
1,3356,10,11,10,not_b
1,3357,260,266,2,not_implies
1,3358,302,305,9,not_xor
1,3359,600,605,11,implied_by
1,3360,421,429,4,not_implied_by
1,3361,518,519,10,not_b
1,3362,755,762,9,not_xor
1,3363,230,236,15,one
1,3364,661,663,1,and
1,3365,209,217,5,b
1,3366,220,227,3,a
1,3367,141,148,8,not_or
1,3368,201,208,5,b
1,3369,200,202,11,implied_by
1,3370,7,10,5,b
1,3371,768,771,2,not_implies
1,3372,475,482,6,xor
1,3373,530,535,1,and
1,3374,89,91,6,xor
1,3375,729,735,14,not_and
1,3376,22,25,9,not_xor
1,3377,525,526,0,zero
1,3378,390,394,5,b
1,3379,487,491,8,not_or
1,3380,665,669,10,not_b
1,3381,674,675,6,xor
1,3382,741,748,14,not_and
1,3383,688,690,9,not_xor
1,3384,671,678,6,xor
1,3385,203,206,12,not_a
1,3386,757,759,3,a
1,3387,585,586,6,xor
1,3388,163,171,14,not_and
1,3389,637,638,6,xor
1,3390,476,477,2,not_implies
1,3391,425,433,8,not_or
1,3392,12,18,10,not_b
1,3393,110,113,11,implied_by
1,3394,551,553,11,implied_by
1,3395,321,329,3,a
1,3396,81,86,6,xor
1,3397,577,582,7,or
1,3398,427,432,13,implies
1,3399,471,475,13,implies
1,3400,424,426,8,not_or
1,3401,722,724,0,zero
1,3402,609,615,14,not_and
1,3403,658,665,7,or
1,3404,466,468,2,not_implies
1,3405,235,236,11,implied_by
1,3406,323,330,9,not_xor
1,3407,420,426,2,not_implies
1,3408,397,401,5,b
1,3409,316,323,4,not_implied_by
1,3410,640,641,9,not_xor
1,3411,237,238,9,not_xor
1,3412,539,543,9,not_xor
1,3413,585,590,3,a
1,3414,229,236,8,not_or
1,3415,741,746,9,not_xor
1,3416,294,295,9,not_xor
1,3417,27,32,10,not_b
1,3418,658,660,9,not_xor
1,3419,184,192,5,b
1,3420,234,240,10,not_b
1,3421,45,52,11,implied_by
1,3422,541,546,9,not_xor
1,3423,173,180,9,not_xor
1,3424,289,291,5,b
1,3425,660,666,7,or
1,3426,182,185,9,not_xor
1,3427,60,64,7,or
1,3428,408,411,12,not_a
1,3429,7,14,6,xor
1,3430,449,455,8,not_or
1,3431,778,783,14,not_and
1,3432,329,337,9,not_xor
1,3433,607,608,7,or
1,3434,644,650,13,implies
1,3435,330,332,9,not_xor
1,3436,513,520,8,not_or
1,3437,321,325,11,implied_by
1,3438,26,29,5,b
1,3439,255,261,0,zero
1,3440,525,530,4,not_implied_by
1,3441,37,40,12,not_a
1,3442,376,382,3,a
1,3443,89,90,15,one
1,3444,176,181,15,one
1,3445,676,682,5,b
1,3446,56,64,2,not_implies
1,3447,611,612,0,zero
1,3448,255,257,8,not_or
1,3449,630,637,3,a
1,3450,387,392,12,not_a
1,3451,506,507,12,not_a
1,3452,553,560,1,and
1,3453,62,63,10,not_b
1,3454,52,56,5,b
1,3455,227,230,11,implied_by
1,3456,677,681,6,xor
1,3457,346,347,5,b
1,3458,130,136,7,or
1,3459,312,317,5,b
1,3460,222,226,2,not_implies
1,3461,258,264,4,not_implied_by
1,3462,509,513,9,not_xor
1,3463,636,640,1,and
1,3464,159,163,1,and
1,3465,116,118,8,not_or
1,3466,164,168,3,a
1,3467,358,362,9,not_xor
1,3468,200,206,4,not_implied_by
1,3469,429,434,8,not_or
1,3470,605,611,5,b
1,3471,109,110,0,zero
1,3472,449,450,1,and
1,3473,58,66,13,implies
1,3474,632,634,1,and
1,3475,665,670,5,b
1,3476,570,575,3,a
1,3477,188,195,7,or
1,3478,310,316,0,zero
1,3479,382,383,9,not_xor
1,3480,368,370,0,zero
1,3481,470,478,12,not_a
1,3482,198,199,15,one
1,3483,320,321,3,a
1,3484,122,124,14,not_and
1,3485,639,646,13,implies
1,3486,405,411,3,a
1,3487,746,752,6,xor
1,3488,454,455,10,not_b
1,3489,733,739,9,not_xor
1,3490,75,78,13,implies
1,3491,305,307,2,not_implies
1,3492,745,748,12,not_a
1,3493,587,594,6,xor
1,3494,630,631,9,not_xor
1,3495,445,446,5,b
1,3496,218,221,7,or
1,3497,634,637,5,b
1,3498,625,629,1,and
1,3499,662,664,1,and
1,3500,456,460,9,not_xor
1,3501,335,341,1,and
1,3502,250,252,1,and
1,3503,4,7,14,not_and
1,3504,598,604,15,one
1,3505,552,553,2,not_implies
1,3506,464,472,8,not_or
1,3507,5,11,5,b
1,3508,383,391,12,not_a
1,3509,86,90,8,not_or
1,3510,273,281,3,a
1,3511,187,195,2,not_implies
1,3512,468,471,2,not_implies
1,3513,349,352,9,not_xor
1,3514,379,385,9,not_xor
1,3515,612,617,13,implies
1,3516,192,195,2,not_implies
1,3517,483,484,9,not_xor
1,3518,122,123,12,not_a
1,3519,400,406,11,implied_by
1,3520,624,630,13,implies
1,3521,555,561,11,implied_by
1,3522,13,15,4,not_implied_by
1,3523,40,41,8,not_or
1,3524,449,454,5,b
1,3525,770,775,2,not_implies
1,3526,615,617,0,zero
1,3527,689,696,6,xor
1,3528,509,517,11,implied_by
1,3529,80,86,13,implies
1,3530,688,694,4,not_implied_by
1,3531,711,716,9,not_xor
1,3532,739,741,8,not_or
1,3533,695,696,1,and
1,3534,79,83,9,not_xor
1,3535,121,129,9,not_xor
1,3536,189,190,1,and
1,3537,372,376,5,b
1,3538,167,168,3,a
1,3539,746,753,12,not_a
1,3540,650,654,7,or
1,3541,66,71,3,a
1,3542,478,485,10,not_b
1,3543,726,731,11,implied_by
1,3544,226,231,14,not_and
1,3545,621,628,7,or
1,3546,397,404,5,b
1,3547,531,532,7,or
1,3548,651,656,5,b
1,3549,533,539,7,or
1,3550,80,83,9,not_xor
1,3551,469,470,9,not_xor
1,3552,452,457,11,implied_by
1,3553,397,398,2,not_implies
1,3554,108,112,10,not_b
1,3555,712,719,11,implied_by
1,3556,93,100,15,one
1,3557,755,761,4,not_implied_by
1,3558,698,705,9,not_xor
1,3559,676,679,12,not_a
1,3560,76,80,9,not_xor
1,3561,129,133,1,and
1,3562,342,350,13,implies
1,3563,652,659,1,and
1,3564,652,658,5,b
1,3565,37,39,10,not_b
1,3566,221,226,2,not_implies
1,3567,619,624,6,xor
1,3568,371,375,5,b
1,3569,507,513,9,not_xor
1,3570,174,176,6,xor
1,3571,757,761,4,not_implied_by
1,3572,100,106,8,not_or
1,3573,498,505,11,implied_by
1,3574,579,583,7,or
1,3575,652,655,5,b
1,3576,87,95,9,not_xor
1,3577,324,327,9,not_xor
1,3578,179,187,9,not_xor
1,3579,11,16,14,not_and
1,3580,365,368,11,implied_by
1,3581,293,296,9,not_xor
1,3582,153,158,9,not_xor
1,3583,239,246,1,and
1,3584,598,603,1,and
1,3585,446,447,3,a
1,3586,135,138,10,not_b
1,3587,118,122,0,zero
1,3588,667,670,12,not_a
1,3589,739,743,10,not_b
1,3590,190,191,1,and
1,3591,639,643,6,xor
1,3592,544,548,15,one
1,3593,485,493,12,not_a
1,3594,670,673,10,not_b
1,3595,756,763,1,and
1,3596,699,706,4,not_implied_by
1,3597,604,605,9,not_xor
1,3598,60,62,7,or
1,3599,427,433,9,not_xor
1,3600,109,112,15,one
1,3601,724,726,14,not_and
1,3602,742,745,12,not_a
1,3603,538,539,12,not_a
1,3604,359,363,6,xor
1,3605,772,774,0,zero
1,3606,536,543,4,not_implied_by
1,3607,491,494,6,xor
1,3608,522,525,6,xor
1,3609,217,220,12,not_a
1,3610,16,21,12,not_a
1,3611,593,600,4,not_implied_by
1,3612,360,364,3,a
1,3613,481,484,4,not_implied_by
1,3614,773,774,6,xor
1,3615,684,686,12,not_a
1,3616,270,274,8,not_or
1,3617,108,113,14,not_and
1,3618,166,173,5,b
1,3619,659,662,8,not_or
1,3620,722,723,8,not_or
1,3621,120,122,6,xor
1,3622,337,345,5,b
1,3623,231,232,13,implies
1,3624,563,570,0,zero
1,3625,342,347,6,xor
1,3626,684,690,8,not_or
1,3627,385,390,6,xor
1,3628,661,667,12,not_a
1,3629,11,14,3,a
1,3630,353,357,9,not_xor
1,3631,748,753,14,not_and
1,3632,304,307,13,implies
1,3633,363,364,12,not_a
1,3634,650,652,9,not_xor
1,3635,513,518,5,b
1,3636,59,60,1,and
1,3637,485,488,6,xor
1,3638,253,254,6,xor
1,3639,377,381,1,and
1,3640,361,365,2,not_implies
1,3641,436,443,1,and
1,3642,412,414,5,b
1,3643,736,738,11,implied_by
1,3644,485,491,2,not_implies
1,3645,232,237,14,not_and
1,3646,597,603,4,not_implied_by
1,3647,152,154,6,xor
1,3648,744,751,3,a
1,3649,180,185,14,not_and
1,3650,68,70,7,or
1,3651,439,446,5,b
1,3652,244,250,12,not_a
1,3653,173,177,12,not_a
1,3654,0,5,0,zero
1,3655,69,73,14,not_and
1,3656,729,734,12,not_a
1,3657,73,74,13,implies
1,3658,581,586,14,not_and
1,3659,507,510,9,not_xor
1,3660,203,209,2,not_implies
1,3661,614,615,15,one
1,3662,458,461,3,a
1,3663,175,179,15,one
1,3664,663,666,1,and
1,3665,319,325,10,not_b
1,3666,160,162,7,or
1,3667,174,180,10,not_b
1,3668,19,27,7,or
1,3669,510,511,6,xor
1,3670,666,669,12,not_a
1,3671,554,559,11,implied_by
1,3672,710,716,2,not_implies
1,3673,486,494,3,a
1,3674,410,416,4,not_implied_by
1,3675,262,264,2,not_implies
1,3676,468,470,6,xor
1,3677,496,497,6,xor
1,3678,644,647,1,and
1,3679,87,92,0,zero
1,3680,668,674,1,and
1,3681,472,476,3,a
1,3682,526,529,7,or
1,3683,672,675,0,zero
1,3684,133,140,2,not_implies
1,3685,540,541,6,xor
1,3686,737,744,15,one
1,3687,416,423,2,not_implies
1,3688,515,522,3,a
1,3689,411,413,4,not_implied_by
1,3690,278,284,9,not_xor
1,3691,663,670,5,b
1,3692,506,510,10,not_b
1,3693,407,410,1,and
1,3694,318,321,6,xor
1,3695,495,499,14,not_and
1,3696,682,686,11,implied_by
1,3697,40,47,3,a
1,3698,539,546,4,not_implied_by
1,3699,276,281,13,implies
1,3700,288,296,10,not_b
1,3701,73,78,6,xor
1,3702,44,47,4,not_implied_by
1,3703,210,214,10,not_b
1,3704,126,131,4,not_implied_by
1,3705,132,140,2,not_implies
1,3706,739,745,10,not_b
1,3707,124,127,14,not_and
1,3708,209,215,9,not_xor
1,3709,361,367,8,not_or
1,3710,5,6,6,xor
1,3711,726,728,7,or
1,3712,128,131,6,xor
1,3713,200,204,11,implied_by
1,3714,511,518,8,not_or
1,3715,319,326,10,not_b
1,3716,440,443,6,xor
1,3717,737,739,9,not_xor
1,3718,304,305,8,not_or
1,3719,418,424,9,not_xor
1,3720,43,47,11,implied_by
1,3721,414,422,6,xor
1,3722,284,287,2,not_implies
1,3723,614,617,1,and
1,3724,123,124,14,not_and
1,3725,446,454,4,not_implied_by
1,3726,571,575,7,or
1,3727,721,728,6,xor
1,3728,32,33,12,not_a
1,3729,272,279,8,not_or
1,3730,216,219,8,not_or
1,3731,403,407,7,or
1,3732,522,526,6,xor
1,3733,594,601,4,not_implied_by
1,3734,274,281,12,not_a
1,3735,393,398,7,or
1,3736,141,143,9,not_xor
1,3737,727,732,14,not_and
1,3738,593,596,14,not_and
1,3739,443,451,6,xor
1,3740,477,480,12,not_a
1,3741,151,157,6,xor
1,3742,344,350,8,not_or
1,3743,291,295,10,not_b
1,3744,257,260,7,or
1,3745,477,485,7,or
1,3746,423,426,15,one
1,3747,39,45,8,not_or
1,3748,445,448,7,or
1,3749,236,239,14,not_and
1,3750,559,563,7,or
1,3751,49,54,15,one
1,3752,216,217,14,not_and
1,3753,495,503,3,a
1,3754,603,607,3,a
1,3755,579,581,2,not_implies
1,3756,500,506,15,one
1,3757,473,475,15,one
1,3758,182,190,8,not_or
1,3759,472,477,14,not_and
1,3760,683,687,9,not_xor
1,3761,97,104,7,or
1,3762,521,525,7,or
1,3763,11,18,9,not_xor
1,3764,469,473,6,xor
1,3765,348,356,2,not_implies
1,3766,233,237,6,xor
1,3767,517,519,7,or
1,3768,475,477,6,xor
1,3769,604,606,3,a
1,3770,566,570,12,not_a
1,3771,536,537,8,not_or
1,3772,152,160,6,xor
1,3773,622,625,10,not_b
1,3774,36,38,14,not_and
1,3775,264,265,10,not_b
1,3776,433,434,7,or
1,3777,434,435,7,or
1,3778,206,212,10,not_b
1,3779,674,680,9,not_xor
1,3780,172,177,8,not_or
1,3781,676,677,11,implied_by
1,3782,749,753,8,not_or
1,3783,548,554,2,not_implies
1,3784,620,627,8,not_or
1,3785,134,137,3,a
1,3786,259,265,14,not_and
1,3787,750,753,6,xor
1,3788,211,215,8,not_or
1,3789,687,692,12,not_a
1,3790,508,514,4,not_implied_by
1,3791,151,152,14,not_and
1,3792,338,346,2,not_implies
1,3793,58,60,7,or
1,3794,153,155,6,xor
1,3795,146,150,6,xor
1,3796,377,380,4,not_implied_by
1,3797,714,719,8,not_or
1,3798,296,297,8,not_or
1,3799,214,215,8,not_or
1,3800,26,33,5,b
1,3801,543,549,3,a
1,3802,448,455,4,not_implied_by
1,3803,488,495,3,a
1,3804,172,174,15,one
1,3805,611,614,13,implies
1,3806,602,606,3,a
1,3807,1,5,3,a
1,3808,101,109,7,or
1,3809,638,642,8,not_or
1,3810,655,659,9,not_xor
1,3811,715,722,8,not_or
1,3812,750,755,10,not_b
1,3813,645,649,11,implied_by
1,3814,42,44,11,implied_by
1,3815,397,399,6,xor
1,3816,100,108,6,xor
1,3817,499,503,12,not_a
1,3818,32,34,13,implies
1,3819,96,97,6,xor
1,3820,10,13,14,not_and
1,3821,449,453,13,implies
1,3822,503,511,2,not_implies
1,3823,673,678,13,implies
1,3824,573,576,5,b
1,3825,235,239,14,not_and
1,3826,391,397,14,not_and
1,3827,398,400,7,or
1,3828,395,397,13,implies
1,3829,412,417,13,implies
1,3830,555,556,13,implies
1,3831,594,596,12,not_a
1,3832,729,731,4,not_implied_by
1,3833,567,568,12,not_a
1,3834,142,145,10,not_b
1,3835,244,245,8,not_or
1,3836,170,172,14,not_and
1,3837,81,83,4,not_implied_by
1,3838,30,38,9,not_xor
1,3839,247,250,12,not_a
1,3840,168,170,3,a
1,3841,438,439,10,not_b
1,3842,217,219,9,not_xor
1,3843,158,163,2,not_implies
1,3844,121,128,6,xor
1,3845,173,174,9,not_xor
1,3846,416,421,2,not_implies
1,3847,572,579,7,or
1,3848,82,90,10,not_b
1,3849,290,293,4,not_implied_by
1,3850,221,229,15,one
1,3851,356,361,10,not_b
1,3852,201,205,8,not_or
1,3853,287,288,2,not_implies
1,3854,141,149,5,b
1,3855,632,633,10,not_b
1,3856,103,107,7,or
1,3857,301,305,8,not_or
1,3858,354,360,13,implies
1,3859,551,558,11,implied_by
1,3860,164,167,3,a
1,3861,411,414,7,or
1,3862,249,255,0,zero
1,3863,77,81,11,implied_by
1,3864,642,646,13,implies
1,3865,646,652,10,not_b
1,3866,404,412,7,or
1,3867,73,80,5,b
1,3868,608,610,12,not_a
1,3869,328,329,1,and
1,3870,417,418,6,xor
1,3871,119,127,13,implies
1,3872,575,578,5,b
1,3873,446,448,2,not_implies
1,3874,144,152,8,not_or
1,3875,260,262,14,not_and
1,3876,66,73,2,not_implies
1,3877,276,284,13,implies
1,3878,59,61,15,one
1,3879,565,570,6,xor
1,3880,338,343,15,one
1,3881,366,368,13,implies
1,3882,56,62,4,not_implied_by
1,3883,677,678,13,implies
1,3884,697,699,15,one
1,3885,658,659,9,not_xor
1,3886,499,501,14,not_and
1,3887,126,133,4,not_implied_by
1,3888,770,771,14,not_and
1,3889,337,343,1,and
1,3890,746,747,6,xor
1,3891,126,128,6,xor
1,3892,641,648,5,b
1,3893,518,525,0,zero
1,3894,447,448,9,not_xor
1,3895,50,51,2,not_implies
1,3896,279,286,3,a
1,3897,682,683,12,not_a
1,3898,481,486,6,xor
1,3899,391,394,5,b
1,3900,30,32,1,and
1,3901,395,403,7,or
1,3902,271,272,8,not_or
1,3903,72,78,7,or
1,3904,478,481,11,implied_by
1,3905,681,688,9,not_xor
1,3906,114,117,11,implied_by
1,3907,599,604,6,xor
1,3908,127,131,4,not_implied_by
1,3909,480,481,8,not_or
1,3910,35,40,15,one
1,3911,209,214,10,not_b
1,3912,708,712,12,not_a
1,3913,70,73,7,or
1,3914,276,278,12,not_a
1,3915,130,131,7,or
1,3916,238,246,8,not_or
1,3917,721,726,1,and
1,3918,569,574,6,xor
1,3919,623,630,12,not_a
1,3920,343,348,6,xor
1,3921,119,120,13,implies
1,3922,62,66,4,not_implied_by
1,3923,360,362,3,a
1,3924,709,713,9,not_xor
1,3925,373,381,1,and
1,3926,432,435,6,xor
1,3927,494,502,6,xor
1,3928,597,601,6,xor
1,3929,629,632,9,not_xor
1,3930,494,500,2,not_implies
1,3931,584,588,10,not_b
1,3932,13,14,15,one
1,3933,334,341,12,not_a
1,3934,201,202,10,not_b
1,3935,17,18,4,not_implied_by
1,3936,296,301,8,not_or
1,3937,446,452,9,not_xor
1,3938,574,579,7,or
1,3939,538,542,4,not_implied_by
1,3940,245,251,9,not_xor
1,3941,601,605,3,a
1,3942,334,342,0,zero
1,3943,726,727,13,implies
1,3944,222,225,10,not_b
1,3945,251,252,12,not_a
1,3946,15,19,6,xor
1,3947,742,746,11,implied_by
1,3948,452,459,4,not_implied_by
1,3949,401,403,6,xor
1,3950,565,572,6,xor
1,3951,683,686,9,not_xor
1,3952,514,518,7,or
1,3953,338,344,7,or
1,3954,679,680,14,not_and
1,3955,731,732,14,not_and
1,3956,75,80,7,or
1,3957,220,223,9,not_xor
1,3958,396,404,13,implies
1,3959,219,221,8,not_or
1,3960,57,63,6,xor
1,3961,385,386,7,or
1,3962,347,351,10,not_b
1,3963,640,642,12,not_a
1,3964,730,731,3,a
1,3965,158,166,6,xor
1,3966,57,62,13,implies
1,3967,131,139,2,not_implies
1,3968,131,133,6,xor
1,3969,370,375,6,xor
1,3970,472,473,14,not_and
1,3971,209,212,12,not_a
1,3972,268,276,9,not_xor
1,3973,96,102,6,xor
1,3974,172,178,8,not_or
1,3975,71,72,7,or
1,3976,61,66,6,xor
1,3977,496,502,6,xor
1,3978,448,454,2,not_implies
1,3979,2,10,14,not_and
1,3980,633,634,11,implied_by
1,3981,470,473,6,xor
1,3982,512,516,6,xor
1,3983,293,301,14,not_and
1,3984,49,56,10,not_b
1,3985,304,312,3,a
1,3986,127,133,4,not_implied_by
1,3987,1,2,10,not_b
1,3988,318,322,2,not_implies
1,3989,563,567,10,not_b
1,3990,554,557,4,not_implied_by
1,3991,307,308,2,not_implies
1,3992,208,211,14,not_and
1,3993,228,231,8,not_or
1,3994,188,190,10,not_b
1,3995,490,494,9,not_xor
1,3996,82,88,5,b
1,3997,502,506,5,b
1,3998,416,420,3,a
1,3999,688,692,12,not_a
1,4000,692,699,8,not_or
1,4001,349,356,15,one
1,4002,497,498,5,b
1,4003,637,644,14,not_and
1,4004,83,84,13,implies
1,4005,576,578,3,a
1,4006,204,205,10,not_b
1,4007,747,749,11,implied_by
1,4008,9,14,1,and
1,4009,343,347,6,xor
1,4010,528,530,5,b
1,4011,280,284,14,not_and
1,4012,233,236,2,not_implies
1,4013,558,562,10,not_b
1,4014,529,532,9,not_xor
1,4015,590,595,9,not_xor
1,4016,491,499,9,not_xor
1,4017,675,676,14,not_and
1,4018,666,672,13,implies
1,4019,68,74,6,xor
1,4020,335,336,13,implies
1,4021,40,43,14,not_and
1,4022,724,730,10,not_b
1,4023,198,200,7,or
1,4024,546,553,1,and
1,4025,561,562,13,implies
1,4026,717,718,9,not_xor
1,4027,451,452,12,not_a
1,4028,74,76,7,or
1,4029,451,457,5,b
1,4030,630,633,9,not_xor
1,4031,439,442,6,xor
1,4032,50,55,6,xor
1,4033,633,640,9,not_xor
1,4034,744,749,2,not_implies
1,4035,588,595,9,not_xor
1,4036,265,272,8,not_or
1,4037,481,485,6,xor
1,4038,74,81,3,a
1,4039,554,556,12,not_a
1,4040,437,444,5,b
1,4041,650,657,9,not_xor
1,4042,215,216,9,not_xor
1,4043,613,616,6,xor
1,4044,153,157,6,xor
1,4045,676,678,0,zero
1,4046,681,685,8,not_or
1,4047,547,548,1,and
1,4048,557,558,2,not_implies
1,4049,317,323,10,not_b
1,4050,137,145,12,not_a
1,4051,424,428,8,not_or
1,4052,391,399,14,not_and
1,4053,447,455,5,b
1,4054,377,384,12,not_a
1,4055,551,557,6,xor
1,4056,422,428,3,a
1,4057,219,225,8,not_or
1,4058,488,493,11,implied_by
1,4059,574,575,7,or
1,4060,510,513,6,xor
1,4061,526,533,7,or
1,4062,435,437,7,or
1,4063,451,453,3,a
1,4064,102,110,6,xor
1,4065,33,37,2,not_implies
1,4066,396,400,4,not_implied_by
1,4067,287,291,2,not_implies
1,4068,243,248,8,not_or
1,4069,265,266,14,not_and
1,4070,538,540,12,not_a
1,4071,450,454,2,not_implies
1,4072,289,297,10,not_b
1,4073,730,736,7,or
1,4074,53,58,8,not_or
1,4075,643,646,13,implies
1,4076,227,234,9,not_xor
1,4077,550,552,7,or
1,4078,126,129,6,xor
1,4079,670,675,7,or
1,4080,195,200,3,a
1,4081,741,747,1,and
1,4082,11,19,9,not_xor
1,4083,115,117,9,not_xor
1,4084,499,504,11,implied_by
1,4085,740,745,12,not_a
1,4086,680,684,1,and
1,4087,257,262,8,not_or
1,4088,15,17,12,not_a
1,4089,172,176,10,not_b
1,4090,117,120,5,b
1,4091,405,412,9,not_xor
1,4092,229,235,2,not_implies
1,4093,62,64,15,one
1,4094,762,765,15,one
1,4095,116,124,8,not_or
1,4096,136,137,3,a
1,4097,96,101,4,not_implied_by
1,4098,252,256,9,not_xor
1,4099,84,86,13,implies
1,4100,305,311,5,b
1,4101,535,536,11,implied_by
1,4102,707,712,11,implied_by
1,4103,149,152,10,not_b
1,4104,376,380,6,xor
1,4105,78,81,1,and
1,4106,100,102,6,xor
1,4107,692,693,4,not_implied_by
1,4108,68,75,6,xor
1,4109,24,31,4,not_implied_by
1,4110,718,721,2,not_implies
1,4111,305,306,1,and
1,4112,451,455,5,b
1,4113,359,366,7,or
1,4114,447,454,11,implied_by
1,4115,26,34,4,not_implied_by
1,4116,618,623,11,implied_by
1,4117,713,716,10,not_b
1,4118,348,350,2,not_implies
1,4119,675,682,10,not_b
1,4120,413,419,2,not_implies
1,4121,669,671,15,one
1,4122,694,698,8,not_or
1,4123,394,401,7,or
1,4124,348,354,6,xor
1,4125,575,579,3,a
1,4126,231,236,8,not_or
1,4127,643,645,7,or
1,4128,195,196,6,xor
1,4129,757,764,9,not_xor
1,4130,536,542,4,not_implied_by
1,4131,282,283,4,not_implied_by
1,4132,512,517,5,b
1,4133,689,694,0,zero
1,4134,148,156,14,not_and
1,4135,697,698,4,not_implied_by
1,4136,176,178,2,not_implies
1,4137,345,348,6,xor
1,4138,99,100,2,not_implies
1,4139,484,491,3,a
1,4140,292,297,10,not_b
1,4141,139,147,15,one
1,4142,262,267,10,not_b
1,4143,423,424,2,not_implies
1,4144,417,421,6,xor
1,4145,356,358,13,implies
1,4146,436,439,8,not_or
1,4147,677,683,11,implied_by
1,4148,731,733,2,not_implies
1,4149,96,104,7,or
1,4150,520,527,3,a
1,4151,763,765,15,one
1,4152,542,546,7,or
1,4153,703,708,0,zero
1,4154,668,670,14,not_and
1,4155,54,59,12,not_a
1,4156,727,730,6,xor
1,4157,158,161,1,and
1,4158,655,661,8,not_or
1,4159,92,95,6,xor
1,4160,700,703,4,not_implied_by
1,4161,413,417,3,a
1,4162,531,537,9,not_xor
1,4163,298,302,9,not_xor
1,4164,377,385,5,b
1,4165,247,249,11,implied_by
1,4166,542,549,1,and
1,4167,366,369,6,xor
1,4168,569,572,6,xor
1,4169,596,597,10,not_b
1,4170,171,174,8,not_or
1,4171,27,35,12,not_a
1,4172,587,589,6,xor
1,4173,70,77,6,xor
1,4174,187,188,9,not_xor
1,4175,113,118,8,not_or
1,4176,379,382,9,not_xor
1,4177,475,479,10,not_b
1,4178,389,392,10,not_b
1,4179,93,101,6,xor
1,4180,422,427,7,or
1,4181,332,334,2,not_implies
1,4182,755,759,11,implied_by
1,4183,444,449,0,zero
1,4184,623,625,8,not_or
1,4185,418,422,9,not_xor
1,4186,558,563,9,not_xor
1,4187,98,106,6,xor
1,4188,285,288,5,b
1,4189,131,138,7,or
1,4190,714,721,9,not_xor
1,4191,705,710,15,one
1,4192,612,615,3,a
1,4193,374,380,1,and
1,4194,686,691,9,not_xor
1,4195,770,774,6,xor
1,4196,655,657,8,not_or
1,4197,759,766,5,b
1,4198,262,265,6,xor
1,4199,497,502,5,b
1,4200,39,40,14,not_and
1,4201,328,330,5,b
1,4202,561,567,9,not_xor
1,4203,252,253,15,one
1,4204,777,778,1,and
1,4205,508,516,15,one
1,4206,463,466,7,or
1,4207,447,449,3,a
1,4208,269,272,3,a
1,4209,456,457,14,not_and
1,4210,337,339,12,not_a
1,4211,492,495,0,zero
1,4212,229,234,5,b
1,4213,332,333,1,and
1,4214,756,762,7,or
1,4215,620,621,0,zero
1,4216,633,638,8,not_or
1,4217,308,310,6,xor
1,4218,225,227,2,not_implies
1,4219,310,314,11,implied_by
1,4220,240,243,1,and
1,4221,615,619,12,not_a
1,4222,414,420,2,not_implies
1,4223,559,566,9,not_xor
1,4224,22,29,15,one
1,4225,206,210,9,not_xor
1,4226,392,400,10,not_b
1,4227,376,384,12,not_a
1,4228,775,781,8,not_or
1,4229,271,276,14,not_and
1,4230,449,452,3,a
1,4231,314,319,9,not_xor
1,4232,558,561,2,not_implies
1,4233,393,395,7,or
1,4234,36,37,6,xor
1,4235,24,27,7,or
1,4236,296,304,2,not_implies
1,4237,309,311,1,and
1,4238,299,303,3,a
1,4239,61,63,13,implies
1,4240,88,95,11,implied_by
1,4241,277,284,4,not_implied_by
1,4242,7,15,9,not_xor
1,4243,637,640,8,not_or
1,4244,215,222,6,xor
1,4245,746,751,1,and
1,4246,135,140,2,not_implies
1,4247,136,144,11,implied_by
1,4248,211,216,1,and
1,4249,91,92,12,not_a
1,4250,300,306,7,or
1,4251,6,8,0,zero
1,4252,335,339,15,one
1,4253,452,456,11,implied_by
1,4254,640,645,12,not_a
1,4255,0,3,0,zero
1,4256,83,89,7,or
1,4257,261,269,7,or
1,4258,71,76,6,xor
1,4259,162,164,2,not_implies
1,4260,456,459,10,not_b
1,4261,169,172,0,zero
1,4262,46,49,1,and
1,4263,703,710,5,b
1,4264,698,702,7,or
1,4265,603,605,14,not_and
1,4266,244,251,11,implied_by
1,4267,610,613,9,not_xor
1,4268,623,624,15,one
1,4269,287,294,9,not_xor
1,4270,360,366,5,b
1,4271,507,508,3,a
1,4272,345,352,6,xor
1,4273,764,767,5,b
1,4274,281,289,6,xor
1,4275,613,615,4,not_implied_by
1,4276,186,190,9,not_xor
1,4277,54,57,9,not_xor
1,4278,217,221,11,implied_by
1,4279,555,558,12,not_a
1,4280,58,59,6,xor
1,4281,747,752,10,not_b
1,4282,234,241,1,and
1,4283,181,185,9,not_xor
1,4284,574,576,10,not_b
1,4285,107,110,5,b
1,4286,66,70,11,implied_by
1,4287,480,487,14,not_and
1,4288,206,213,9,not_xor
1,4289,236,237,1,and
1,4290,549,556,8,not_or
1,4291,174,181,3,a
1,4292,536,544,0,zero
1,4293,96,100,9,not_xor
1,4294,284,292,7,or
1,4295,370,373,9,not_xor
1,4296,723,729,2,not_implies
1,4297,501,504,0,zero
1,4298,36,39,0,zero
1,4299,624,627,14,not_and
1,4300,76,81,2,not_implies
1,4301,316,324,5,b
1,4302,47,54,3,a
1,4303,437,445,7,or
1,4304,665,666,12,not_a
1,4305,318,325,5,b
1,4306,66,69,13,implies
1,4307,756,757,15,one
1,4308,79,84,3,a
1,4309,53,61,15,one
1,4310,144,145,0,zero
1,4311,20,27,12,not_a
1,4312,500,501,0,zero
1,4313,744,746,3,a
1,4314,251,256,6,xor
1,4315,13,18,7,or
1,4316,656,658,6,xor
1,4317,712,718,7,or
1,4318,339,340,3,a
1,4319,195,197,8,not_or
1,4320,41,49,6,xor
1,4321,617,620,6,xor
1,4322,393,397,8,not_or
1,4323,563,566,10,not_b
1,4324,515,519,12,not_a
1,4325,557,564,9,not_xor
1,4326,158,162,8,not_or
1,4327,270,275,3,a
1,4328,101,107,14,not_and
1,4329,437,443,5,b
1,4330,409,411,7,or
1,4331,246,251,10,not_b
1,4332,504,506,6,xor
1,4333,187,193,10,not_b
1,4334,744,750,2,not_implies
1,4335,696,702,14,not_and
1,4336,313,317,9,not_xor
1,4337,328,332,2,not_implies
1,4338,768,772,12,not_a
1,4339,747,748,7,or
1,4340,107,112,13,implies
1,4341,285,292,9,not_xor
1,4342,481,483,8,not_or
1,4343,221,222,12,not_a
1,4344,564,568,9,not_xor
1,4345,430,437,12,not_a
1,4346,59,67,5,b
1,4347,421,422,0,zero
1,4348,616,621,0,zero
1,4349,153,161,8,not_or
1,4350,282,289,6,xor
1,4351,631,633,6,xor
1,4352,367,371,15,one
1,4353,758,764,8,not_or
1,4354,765,772,6,xor
1,4355,565,567,10,not_b
1,4356,519,521,10,not_b
1,4357,437,440,5,b
1,4358,717,721,6,xor
1,4359,777,780,8,not_or
1,4360,729,732,4,not_implied_by
1,4361,387,389,9,not_xor
1,4362,570,571,8,not_or
1,4363,504,505,5,b
1,4364,732,734,4,not_implied_by
1,4365,387,391,14,not_and
1,4366,773,777,3,a
1,4367,77,82,5,b
1,4368,748,750,10,not_b
1,4369,550,553,8,not_or
1,4370,658,663,8,not_or
1,4371,168,173,2,not_implies
1,4372,448,456,9,not_xor
1,4373,417,425,10,not_b
1,4374,364,368,6,xor
1,4375,757,758,0,zero
1,4376,625,628,6,xor
1,4377,57,65,1,and
1,4378,229,231,5,b
1,4379,712,713,7,or
1,4380,385,392,10,not_b
1,4381,382,388,2,not_implies
1,4382,579,584,12,not_a
1,4383,751,756,0,zero
1,4384,369,370,1,and
1,4385,571,578,10,not_b
1,4386,211,214,9,not_xor
1,4387,488,492,12,not_a
1,4388,189,194,14,not_and
1,4389,490,492,7,or
1,4390,82,85,13,implies
1,4391,490,493,7,or
1,4392,155,163,8,not_or
1,4393,465,473,2,not_implies
1,4394,542,547,12,not_a
1,4395,596,603,12,not_a
1,4396,152,153,8,not_or
1,4397,370,372,9,not_xor
1,4398,31,33,14,not_and
1,4399,450,452,0,zero
1,4400,639,640,14,not_and
1,4401,391,398,9,not_xor
1,4402,253,255,4,not_implied_by
1,4403,234,236,1,and
1,4404,122,125,8,not_or
1,4405,744,747,2,not_implies
1,4406,156,164,8,not_or
1,4407,420,425,4,not_implied_by
1,4408,213,217,15,one
1,4409,96,99,1,and
1,4410,330,338,15,one
1,4411,134,135,14,not_and
1,4412,11,12,9,not_xor
1,4413,137,138,4,not_implied_by
1,4414,761,767,7,or
1,4415,628,631,6,xor
1,4416,218,225,8,not_or
1,4417,341,347,9,not_xor
1,4418,335,340,7,or
1,4419,495,501,8,not_or
1,4420,707,713,6,xor
1,4421,487,490,13,implies
1,4422,170,173,11,implied_by
1,4423,12,16,15,one
1,4424,519,522,11,implied_by
1,4425,50,57,9,not_xor
1,4426,177,184,9,not_xor
1,4427,583,587,15,one
1,4428,138,145,0,zero
1,4429,278,279,12,not_a
1,4430,611,613,0,zero
1,4431,43,48,9,not_xor
1,4432,465,467,1,and
1,4433,329,336,3,a
1,4434,174,178,5,b
1,4435,335,343,4,not_implied_by
1,4436,160,164,12,not_a
1,4437,299,300,0,zero
1,4438,724,731,11,implied_by
1,4439,678,682,6,xor
1,4440,762,763,14,not_and
1,4441,247,252,13,implies
1,4442,717,724,7,or
1,4443,586,591,4,not_implied_by
1,4444,504,508,15,one
1,4445,764,768,6,xor
1,4446,267,270,1,and
1,4447,221,224,15,one
1,4448,650,653,6,xor
1,4449,738,741,7,or
1,4450,532,534,7,or
1,4451,243,246,2,not_implies
1,4452,76,82,14,not_and
1,4453,559,561,6,xor
1,4454,508,515,9,not_xor
1,4455,347,355,13,implies
1,4456,178,179,8,not_or
1,4457,38,41,1,and
1,4458,224,229,4,not_implied_by
1,4459,545,550,2,not_implies
1,4460,78,79,5,b
1,4461,752,756,15,one
1,4462,467,475,2,not_implies
1,4463,758,765,1,and
1,4464,583,586,12,not_a
1,4465,371,372,9,not_xor
1,4466,502,510,9,not_xor
1,4467,326,329,7,or
1,4468,555,560,12,not_a
1,4469,288,290,9,not_xor
1,4470,103,106,4,not_implied_by
1,4471,114,119,1,and
1,4472,519,526,11,implied_by
1,4473,778,780,12,not_a
1,4474,756,761,0,zero
1,4475,701,706,12,not_a
1,4476,384,391,3,a
1,4477,187,191,8,not_or
1,4478,41,45,5,b
1,4479,209,211,9,not_xor
1,4480,686,689,6,xor
1,4481,199,206,4,not_implied_by
1,4482,679,684,6,xor
1,4483,256,259,5,b
1,4484,34,36,14,not_and
1,4485,513,519,12,not_a
1,4486,660,663,10,not_b
1,4487,708,713,6,xor
1,4488,167,170,1,and
1,4489,771,774,1,and
1,4490,547,550,8,not_or
1,4491,776,783,12,not_a
1,4492,389,396,6,xor
1,4493,357,364,10,not_b
1,4494,700,701,10,not_b
1,4495,228,229,5,b
1,4496,511,517,12,not_a
1,4497,150,153,10,not_b
1,4498,143,150,9,not_xor
1,4499,657,659,6,xor
1,4500,393,394,6,xor
1,4501,59,63,11,implied_by
1,4502,337,338,7,or
1,4503,55,60,14,not_and
1,4504,462,467,5,b
1,4505,346,353,6,xor
1,4506,354,355,3,a
1,4507,317,318,9,not_xor
1,4508,663,664,8,not_or
1,4509,530,533,10,not_b
1,4510,658,664,10,not_b
1,4511,241,243,3,a
1,4512,569,576,10,not_b
1,4513,433,438,12,not_a
1,4514,465,470,6,xor
1,4515,410,418,6,xor
1,4516,113,121,8,not_or
1,4517,222,227,6,xor
1,4518,430,432,8,not_or
1,4519,384,392,3,a
1,4520,357,363,4,not_implied_by
1,4521,353,360,3,a
1,4522,14,22,3,a
1,4523,381,383,4,not_implied_by
1,4524,167,173,14,not_and
1,4525,521,524,8,not_or
1,4526,227,233,7,or
1,4527,450,451,0,zero
1,4528,299,307,7,or
1,4529,654,657,6,xor
1,4530,21,29,15,one
1,4531,242,243,2,not_implies
1,4532,450,457,8,not_or
1,4533,329,334,6,xor
1,4534,266,267,1,and
1,4535,42,49,9,not_xor
1,4536,142,149,7,or
1,4537,275,279,8,not_or
1,4538,656,657,6,xor
1,4539,282,290,5,b
1,4540,423,431,11,implied_by
1,4541,250,256,5,b
1,4542,668,672,5,b
1,4543,456,458,10,not_b
1,4544,28,34,4,not_implied_by
1,4545,610,614,9,not_xor
1,4546,520,528,12,not_a
1,4547,105,112,0,zero
1,4548,591,592,10,not_b
1,4549,736,742,7,or
1,4550,321,326,13,implies
1,4551,466,473,6,xor
1,4552,35,36,8,not_or
1,4553,659,660,0,zero
1,4554,215,217,8,not_or
1,4555,207,210,1,and
1,4556,698,704,3,a
1,4557,738,739,3,a
1,4558,116,122,11,implied_by
1,4559,470,475,3,a
1,4560,291,296,5,b
1,4561,509,515,8,not_or
1,4562,74,75,0,zero
1,4563,367,369,1,and
1,4564,451,459,10,not_b
1,4565,142,144,7,or
1,4566,529,537,10,not_b
1,4567,427,429,10,not_b
1,4568,211,217,6,xor
1,4569,379,380,12,not_a
1,4570,50,53,14,not_and
1,4571,51,55,0,zero
1,4572,660,662,0,zero
1,4573,537,542,10,not_b
1,4574,360,368,7,or
1,4575,436,438,5,b
1,4576,776,779,8,not_or
1,4577,561,564,9,not_xor
1,4578,639,644,3,a
1,4579,270,276,6,xor
1,4580,351,359,9,not_xor
1,4581,192,200,12,not_a
1,4582,48,52,5,b
1,4583,403,404,8,not_or
1,4584,691,692,8,not_or
1,4585,591,594,8,not_or
1,4586,640,643,2,not_implies
1,4587,293,298,1,and
1,4588,147,150,9,not_xor
1,4589,675,679,7,or
1,4590,264,270,3,a
1,4591,314,317,9,not_xor
1,4592,213,215,9,not_xor
1,4593,154,160,8,not_or
1,4594,255,258,5,b
1,4595,565,568,8,not_or
1,4596,313,321,9,not_xor
1,4597,182,183,8,not_or
1,4598,493,495,11,implied_by
1,4599,91,99,15,one
1,4600,774,780,6,xor
1,4601,251,258,6,xor
1,4602,230,238,7,or
1,4603,150,156,10,not_b
1,4604,390,392,3,a
1,4605,499,507,8,not_or
1,4606,626,629,6,xor
1,4607,482,487,15,one
1,4608,22,27,12,not_a
1,4609,206,214,6,xor
1,4610,460,467,13,implies
1,4611,372,375,10,not_b
1,4612,346,354,12,not_a
1,4613,766,768,5,b
1,4614,151,159,9,not_xor
1,4615,54,62,3,a
1,4616,443,449,3,a
1,4617,343,351,10,not_b
1,4618,275,280,9,not_xor
1,4619,106,109,4,not_implied_by
1,4620,731,735,4,not_implied_by
1,4621,249,256,14,not_and
1,4622,525,531,13,implies
1,4623,642,643,6,xor
1,4624,247,253,8,not_or
1,4625,40,45,0,zero
1,4626,592,595,10,not_b
1,4627,53,59,13,implies
1,4628,161,162,12,not_a
1,4629,552,556,9,not_xor
1,4630,760,762,5,b
1,4631,382,384,6,xor
1,4632,59,65,11,implied_by
1,4633,258,265,5,b
1,4634,726,730,6,xor
1,4635,650,656,14,not_and
1,4636,663,668,1,and
1,4637,214,216,11,implied_by
1,4638,560,564,8,not_or
1,4639,504,507,8,not_or
1,4640,127,132,8,not_or
1,4641,525,529,0,zero
1,4642,625,627,1,and
1,4643,351,357,9,not_xor
1,4644,288,294,9,not_xor
1,4645,423,428,9,not_xor
1,4646,581,585,9,not_xor
1,4647,272,273,14,not_and
1,4648,699,703,4,not_implied_by
1,4649,122,126,12,not_a
1,4650,291,299,9,not_xor
1,4651,147,148,14,not_and
1,4652,596,599,0,zero
1,4653,674,676,7,or
1,4654,273,276,6,xor
1,4655,302,304,14,not_and
1,4656,253,258,7,or
1,4657,226,233,5,b
1,4658,696,700,4,not_implied_by
1,4659,562,564,4,not_implied_by
1,4660,35,38,2,not_implies
1,4661,203,208,3,a
1,4662,586,592,10,not_b
1,4663,581,587,8,not_or
1,4664,61,68,15,one
1,4665,67,69,8,not_or
1,4666,486,487,8,not_or
1,4667,454,462,12,not_a
1,4668,151,154,9,not_xor
1,4669,664,668,9,not_xor
1,4670,704,706,6,xor
1,4671,714,717,7,or
1,4672,228,233,5,b
1,4673,88,89,4,not_implied_by
1,4674,436,441,5,b
1,4675,176,179,3,a
1,4676,204,212,3,a
1,4677,262,263,5,b
1,4678,235,243,3,a
1,4679,181,184,9,not_xor
1,4680,206,208,1,and
1,4681,251,254,7,or
1,4682,750,757,8,not_or
1,4683,486,488,12,not_a
1,4684,328,334,7,or
1,4685,64,71,13,implies
1,4686,18,19,6,xor
1,4687,559,564,1,and
1,4688,305,312,7,or
1,4689,304,310,12,not_a
1,4690,280,285,6,xor
1,4691,672,673,10,not_b
1,4692,754,760,1,and
1,4693,751,757,2,not_implies
1,4694,651,658,6,xor
1,4695,483,490,4,not_implied_by
1,4696,190,196,8,not_or
1,4697,49,50,0,zero
1,4698,252,259,5,b
1,4699,65,69,3,a
1,4700,75,77,12,not_a
1,4701,167,174,7,or
1,4702,696,703,8,not_or
1,4703,282,288,15,one
1,4704,512,514,8,not_or
1,4705,562,569,8,not_or
1,4706,39,43,11,implied_by
1,4707,752,753,8,not_or
1,4708,445,452,10,not_b
1,4709,2,3,3,a
1,4710,110,114,15,one
1,4711,182,188,9,not_xor
1,4712,777,781,2,not_implies
1,4713,182,187,9,not_xor
1,4714,687,691,14,not_and
1,4715,99,105,4,not_implied_by
1,4716,596,602,14,not_and
1,4717,213,218,2,not_implies
1,4718,409,414,15,one
1,4719,552,559,8,not_or
1,4720,87,93,0,zero
1,4721,482,485,8,not_or
1,4722,534,539,8,not_or
1,4723,309,317,5,b
1,4724,275,283,5,b
1,4725,28,29,4,not_implied_by
1,4726,97,105,13,implies
1,4727,403,409,12,not_a
1,4728,566,569,8,not_or
1,4729,89,94,0,zero
1,4730,735,742,15,one
1,4731,294,301,3,a
1,4732,692,697,13,implies
1,4733,463,470,11,implied_by
1,4734,528,533,9,not_xor
1,4735,154,155,10,not_b
1,4736,30,37,10,not_b
1,4737,265,268,1,and
1,4738,50,52,10,not_b
1,4739,538,544,12,not_a
1,4740,133,141,11,implied_by
1,4741,305,308,10,not_b
1,4742,183,187,8,not_or
1,4743,128,134,5,b
1,4744,700,704,4,not_implied_by
1,4745,743,747,7,or
1,4746,239,240,1,and
1,4747,460,465,4,not_implied_by
1,4748,158,165,8,not_or
1,4749,694,699,8,not_or
1,4750,773,778,13,implies
1,4751,266,273,2,not_implies
1,4752,489,493,4,not_implied_by
1,4753,771,778,8,not_or
1,4754,556,561,0,zero
1,4755,757,760,9,not_xor
1,4756,590,592,15,one
1,4757,208,210,9,not_xor
1,4758,482,488,12,not_a
1,4759,97,100,13,implies
1,4760,321,323,13,implies
1,4761,595,599,8,not_or
1,4762,190,195,12,not_a
1,4763,297,303,2,not_implies
1,4764,591,595,9,not_xor
1,4765,584,586,5,b
1,4766,184,189,13,implies
1,4767,406,408,12,not_a
1,4768,316,319,9,not_xor
1,4769,419,425,11,implied_by
1,4770,303,310,15,one
1,4771,428,430,10,not_b
1,4772,282,287,3,a
1,4773,291,294,9,not_xor
1,4774,351,358,9,not_xor
1,4775,600,603,6,xor
1,4776,762,769,11,implied_by
1,4777,528,535,12,not_a
1,4778,233,240,5,b
1,4779,431,436,12,not_a
1,4780,631,637,8,not_or
1,4781,749,751,3,a
1,4782,610,616,12,not_a
1,4783,94,99,8,not_or
1,4784,415,421,9,not_xor
1,4785,695,702,9,not_xor
1,4786,381,389,6,xor
1,4787,776,780,9,not_xor
1,4788,30,36,12,not_a
1,4789,753,756,15,one
1,4790,338,342,5,b
1,4791,52,60,10,not_b
1,4792,357,358,5,b
1,4793,440,442,3,a
1,4794,523,531,8,not_or
1,4795,21,26,11,implied_by
1,4796,487,489,9,not_xor
1,4797,480,488,15,one
1,4798,68,71,12,not_a
1,4799,85,90,1,and
1,4800,607,613,3,a
1,4801,524,531,4,not_implied_by
1,4802,212,217,0,zero
1,4803,57,64,13,implies
1,4804,388,394,6,xor
1,4805,161,165,14,not_and
1,4806,433,441,3,a
1,4807,449,457,7,or
1,4808,99,103,9,not_xor
1,4809,583,585,10,not_b
1,4810,2,9,13,implies
1,4811,566,568,6,xor
1,4812,19,21,2,not_implies
1,4813,655,660,7,or
1,4814,645,650,8,not_or
1,4815,720,727,5,b
1,4816,434,441,3,a
1,4817,151,153,4,not_implied_by
1,4818,15,16,6,xor
1,4819,635,641,2,not_implies
1,4820,282,286,7,or
1,4821,43,46,14,not_and
1,4822,681,683,13,implies
1,4823,131,137,10,not_b
1,4824,302,310,2,not_implies
1,4825,22,30,13,implies
1,4826,624,629,5,b
1,4827,292,293,6,xor
1,4828,740,746,7,or
1,4829,238,244,9,not_xor
1,4830,192,193,3,a
1,4831,91,98,14,not_and
1,4832,699,705,8,not_or
1,4833,759,763,10,not_b
1,4834,223,226,13,implies
1,4835,195,203,2,not_implies
1,4836,88,94,2,not_implies
1,4837,109,115,1,and
1,4838,239,243,5,b
1,4839,250,255,2,not_implies
1,4840,496,498,12,not_a
1,4841,771,773,15,one
1,4842,693,700,5,b
1,4843,435,443,3,a
1,4844,260,261,7,or
1,4845,183,184,6,xor
1,4846,287,289,7,or
1,4847,206,207,0,zero
1,4848,480,483,6,xor
1,4849,82,89,3,a
1,4850,614,618,14,not_and
1,4851,246,254,10,not_b
1,4852,610,612,12,not_a
1,4853,318,326,15,one
1,4854,83,90,0,zero
1,4855,436,437,6,xor
1,4856,468,469,12,not_a
1,4857,333,335,10,not_b
1,4858,212,220,5,b
1,4859,680,687,5,b
1,4860,253,261,4,not_implied_by
1,4861,19,26,5,b
1,4862,464,468,11,implied_by
1,4863,632,637,7,or
1,4864,240,248,15,one
1,4865,478,483,7,or
1,4866,706,710,9,not_xor
1,4867,514,517,6,xor
1,4868,390,393,13,implies
1,4869,82,84,12,not_a
1,4870,778,782,5,b
1,4871,303,308,6,xor
1,4872,204,211,7,or
1,4873,89,95,6,xor
1,4874,337,341,12,not_a
1,4875,524,526,10,not_b
1,4876,129,130,7,or
1,4877,763,768,10,not_b
1,4878,638,645,2,not_implies
1,4879,105,109,3,a
1,4880,462,464,3,a
1,4881,405,410,3,a
1,4882,634,636,7,or
1,4883,260,265,6,xor
1,4884,480,482,13,implies
1,4885,630,634,3,a
1,4886,207,215,7,or
1,4887,33,35,3,a
1,4888,111,113,2,not_implies
1,4889,451,456,11,implied_by
1,4890,519,524,0,zero
1,4891,325,328,6,xor
1,4892,740,743,11,implied_by
1,4893,380,387,7,or
1,4894,385,387,5,b
1,4895,31,32,1,and
1,4896,309,314,3,a
1,4897,768,775,9,not_xor
1,4898,507,514,4,not_implied_by
1,4899,257,263,6,xor
1,4900,685,687,5,b
1,4901,462,470,3,a
1,4902,597,600,6,xor
1,4903,365,373,8,not_or
1,4904,589,591,8,not_or
1,4905,66,68,12,not_a
1,4906,744,745,8,not_or
1,4907,227,228,9,not_xor
1,4908,654,661,6,xor
1,4909,750,751,9,not_xor
1,4910,718,723,7,or
1,4911,427,428,8,not_or
1,4912,671,677,14,not_and
1,4913,616,623,14,not_and
1,4914,753,754,2,not_implies
1,4915,133,135,12,not_a
1,4916,728,729,8,not_or
1,4917,738,740,0,zero
1,4918,692,694,4,not_implied_by
1,4919,719,720,8,not_or
1,4920,36,43,4,not_implied_by
1,4921,563,569,15,one
1,4922,208,214,12,not_a
1,4923,621,624,6,xor
1,4924,417,420,11,implied_by
1,4925,224,231,7,or
1,4926,243,251,9,not_xor
1,4927,6,12,1,and
1,4928,567,574,3,a
1,4929,635,639,6,xor
1,4930,47,51,10,not_b
1,4931,732,736,13,implies
1,4932,208,209,15,one
1,4933,119,121,11,implied_by
1,4934,345,349,6,xor
1,4935,377,378,3,a
1,4936,719,725,5,b
1,4937,129,134,15,one
1,4938,502,504,10,not_b
1,4939,271,277,7,or
1,4940,203,205,7,or
1,4941,485,489,6,xor
1,4942,127,135,6,xor
1,4943,115,120,3,a
1,4944,431,435,7,or
1,4945,197,205,14,not_and
1,4946,457,459,6,xor
1,4947,189,193,4,not_implied_by
1,4948,386,390,14,not_and
1,4949,530,537,8,not_or
1,4950,633,639,7,or
1,4951,659,666,6,xor
1,4952,377,383,3,a
1,4953,203,207,0,zero
1,4954,484,485,5,b
1,4955,248,251,6,xor
1,4956,232,240,9,not_xor
1,4957,516,518,2,not_implies
1,4958,400,405,5,b
1,4959,607,609,6,xor
1,4960,109,111,11,implied_by
1,4961,542,543,6,xor
1,4962,609,611,6,xor
1,4963,412,418,14,not_and
1,4964,178,182,6,xor
1,4965,105,113,12,not_a
1,4966,648,651,2,not_implies
1,4967,379,386,7,or
1,4968,575,582,12,not_a
1,4969,219,222,7,or
1,4970,140,146,3,a
1,4971,325,333,15,one
1,4972,692,695,7,or
1,4973,238,245,0,zero
1,4974,44,51,13,implies
1,4975,309,315,7,or
1,4976,333,334,7,or
1,4977,384,387,7,or
1,4978,124,129,6,xor
1,4979,263,266,2,not_implies
1,4980,565,566,2,not_implies
1,4981,376,383,3,a
1,4982,421,426,8,not_or
1,4983,8,12,9,not_xor
1,4984,693,695,3,a
1,4985,141,144,7,or
1,4986,23,26,8,not_or
1,4987,406,414,2,not_implies
1,4988,620,624,4,not_implied_by
1,4989,494,495,8,not_or
1,4990,320,322,6,xor
1,4991,433,436,3,a
1,4992,162,163,14,not_and
1,4993,603,609,5,b
1,4994,9,12,11,implied_by
1,4995,474,480,9,not_xor
1,4996,184,191,9,not_xor
1,4997,126,130,15,one
1,4998,153,160,6,xor
1,4999,43,49,1,and
1,5000,44,46,3,a
1,5001,125,133,11,implied_by
1,5002,245,249,0,zero
1,5003,375,376,7,or
1,5004,619,625,15,one
1,5005,777,779,4,not_implied_by
1,5006,647,648,9,not_xor
1,5007,288,292,7,or
1,5008,156,161,3,a
1,5009,426,434,4,not_implied_by
1,5010,532,537,3,a
1,5011,454,456,12,not_a
1,5012,248,253,11,implied_by
1,5013,202,208,7,or
1,5014,499,506,14,not_and
1,5015,192,196,4,not_implied_by
1,5016,178,183,6,xor
1,5017,238,241,9,not_xor
1,5018,518,522,12,not_a
1,5019,344,345,5,b
1,5020,352,356,4,not_implied_by
1,5021,656,659,7,or
1,5022,585,589,10,not_b
1,5023,238,243,12,not_a
1,5024,25,32,0,zero
1,5025,473,476,2,not_implies
1,5026,311,319,5,b
1,5027,285,289,7,or
1,5028,494,499,12,not_a
1,5029,740,747,9,not_xor
1,5030,509,511,15,one
1,5031,735,740,8,not_or
1,5032,424,429,10,not_b
1,5033,478,482,10,not_b
1,5034,685,688,7,or
1,5035,553,557,7,or
1,5036,534,537,10,not_b
1,5037,241,248,9,not_xor
1,5038,503,505,15,one
1,5039,22,23,10,not_b
1,5040,643,647,0,zero
1,5041,137,143,8,not_or
1,5042,73,75,15,one
1,5043,289,290,6,xor
1,5044,556,562,10,not_b
1,5045,568,574,11,implied_by
1,5046,76,79,14,not_and
1,5047,26,32,8,not_or
1,5048,763,769,14,not_and
1,5049,198,202,8,not_or
1,5050,149,157,6,xor
1,5051,679,686,5,b
1,5052,538,543,6,xor
1,5053,417,424,11,implied_by
1,5054,761,763,8,not_or
1,5055,236,244,5,b
1,5056,781,782,12,not_a
1,5057,402,407,5,b
1,5058,323,329,15,one
1,5059,311,312,2,not_implies
1,5060,199,200,14,not_and
1,5061,539,545,2,not_implies
1,5062,271,279,14,not_and
1,5063,175,180,6,xor
1,5064,515,517,6,xor
1,5065,706,711,15,one
1,5066,83,88,3,a
1,5067,167,172,5,b
1,5068,395,398,14,not_and
1,5069,328,331,7,or
1,5070,142,148,11,implied_by
1,5071,454,459,6,xor
1,5072,378,385,6,xor
1,5073,724,725,15,one
1,5074,458,459,6,xor
1,5075,327,331,7,or
1,5076,495,497,8,not_or
1,5077,540,544,6,xor
1,5078,254,260,6,xor
1,5079,666,673,12,not_a
1,5080,395,399,8,not_or
1,5081,691,697,2,not_implies
1,5082,104,109,9,not_xor
1,5083,91,96,9,not_xor
1,5084,188,191,15,one
1,5085,399,407,12,not_a
1,5086,180,187,6,xor
1,5087,470,477,8,not_or
1,5088,642,645,15,one
1,5089,616,622,9,not_xor
1,5090,357,359,7,or
1,5091,426,432,4,not_implied_by
1,5092,212,214,7,or
1,5093,340,345,6,xor
1,5094,312,315,6,xor
1,5095,185,187,6,xor
1,5096,221,228,13,implies
1,5097,653,657,5,b
1,5098,689,691,3,a
1,5099,511,513,6,xor
1,5100,679,683,4,not_implied_by
1,5101,381,387,11,implied_by
1,5102,124,130,10,not_b
1,5103,506,508,8,not_or
1,5104,25,27,2,not_implies
1,5105,343,350,7,or
1,5106,185,186,7,or
1,5107,157,162,3,a
1,5108,386,389,10,not_b
1,5109,515,521,1,and
1,5110,768,774,14,not_and
1,5111,268,272,14,not_and
1,5112,52,57,11,implied_by
1,5113,183,191,2,not_implies
1,5114,674,677,9,not_xor
1,5115,84,88,13,implies
1,5116,77,80,10,not_b
1,5117,285,290,7,or
1,5118,17,20,13,implies
1,5119,431,434,6,xor
1,5120,311,315,14,not_and
1,5121,510,517,6,xor
1,5122,725,728,12,not_a
1,5123,578,579,7,or
1,5124,164,165,5,b
1,5125,493,497,12,not_a
1,5126,402,404,7,or
1,5127,671,674,15,one
1,5128,615,620,12,not_a
1,5129,347,353,13,implies
1,5130,112,118,8,not_or
1,5131,511,515,6,xor
1,5132,610,617,10,not_b
1,5133,562,566,6,xor
1,5134,133,137,4,not_implied_by
1,5135,67,72,8,not_or
1,5136,483,486,5,b
1,5137,652,657,5,b
1,5138,612,618,3,a
1,5139,690,697,2,not_implies
1,5140,202,210,14,not_and
1,5141,167,171,4,not_implied_by
1,5142,218,226,6,xor
1,5143,513,514,7,or
1,5144,439,444,8,not_or
1,5145,341,346,8,not_or
1,5146,330,333,3,a
1,5147,723,724,12,not_a
1,5148,17,23,8,not_or
1,5149,334,337,15,one
1,5150,424,425,10,not_b
1,5151,409,415,14,not_and
1,5152,497,504,13,implies
1,5153,479,481,8,not_or
1,5154,467,469,8,not_or
1,5155,272,276,4,not_implied_by
1,5156,83,85,2,not_implies
1,5157,18,22,9,not_xor
1,5158,61,62,11,implied_by
1,5159,615,621,11,implied_by
1,5160,160,166,4,not_implied_by
1,5161,407,415,2,not_implies
1,5162,641,645,8,not_or
1,5163,314,322,6,xor
1,5164,726,733,15,one
1,5165,415,416,13,implies
1,5166,748,754,11,implied_by
1,5167,359,364,6,xor
1,5168,395,396,2,not_implies
1,5169,572,576,9,not_xor
1,5170,458,463,2,not_implies
1,5171,394,398,11,implied_by
1,5172,716,719,6,xor
1,5173,594,598,14,not_and
1,5174,588,594,12,not_a
1,5175,629,634,3,a
1,5176,69,76,15,one
1,5177,293,300,5,b
1,5178,537,543,4,not_implied_by
1,5179,638,643,10,not_b
1,5180,391,393,9,not_xor
1,5181,2,8,2,not_implies
1,5182,215,223,4,not_implied_by
1,5183,299,302,6,xor
1,5184,357,360,2,not_implies
1,5185,239,242,0,zero
1,5186,246,247,4,not_implied_by
1,5187,204,209,7,or
1,5188,367,374,2,not_implies
1,5189,93,98,10,not_b
1,5190,573,574,14,not_and
1,5191,442,444,4,not_implied_by
1,5192,523,528,8,not_or
1,5193,386,388,6,xor
1,5194,51,54,15,one
1,5195,293,294,14,not_and
1,5196,645,652,12,not_a
1,5197,356,364,7,or
1,5198,191,193,10,not_b
1,5199,628,633,6,xor
1,5200,471,477,12,not_a
1,5201,11,17,8,not_or
1,5202,319,324,9,not_xor
1,5203,263,267,11,implied_by
1,5204,295,296,14,not_and
1,5205,134,142,10,not_b
1,5206,141,145,10,not_b
1,5207,463,464,0,zero
1,5208,30,33,15,one
1,5209,154,161,2,not_implies
1,5210,160,163,14,not_and
1,5211,349,351,3,a
1,5212,428,435,5,b
1,5213,224,225,0,zero
1,5214,44,52,10,not_b
1,5215,528,534,8,not_or
1,5216,46,50,6,xor
1,5217,103,104,12,not_a
1,5218,416,417,12,not_a
1,5219,527,531,2,not_implies
1,5220,490,498,15,one
1,5221,371,377,7,or
1,5222,118,126,4,not_implied_by
1,5223,249,253,14,not_and
1,5224,192,199,3,a
1,5225,710,712,9,not_xor
1,5226,671,676,14,not_and
1,5227,480,485,4,not_implied_by
1,5228,575,581,9,not_xor
1,5229,718,720,10,not_b
1,5230,190,197,13,implies
1,5231,719,721,11,implied_by
1,5232,143,146,8,not_or
1,5233,392,398,11,implied_by
1,5234,147,152,5,b
1,5235,252,255,5,b
1,5236,106,114,11,implied_by
1,5237,145,152,7,or
1,5238,447,450,0,zero
1,5239,34,37,13,implies
1,5240,381,388,10,not_b
1,5241,93,95,8,not_or
1,5242,538,545,10,not_b
1,5243,400,407,1,and
1,5244,479,480,3,a
1,5245,62,67,10,not_b
1,5246,317,319,6,xor
1,5247,758,759,13,implies
1,5248,274,275,7,or
1,5249,476,483,6,xor
1,5250,550,551,14,not_and
1,5251,168,176,7,or
1,5252,336,340,11,implied_by
1,5253,434,439,10,not_b
1,5254,60,63,2,not_implies
1,5255,531,533,7,or
1,5256,220,226,7,or
1,5257,396,399,9,not_xor
1,5258,715,721,15,one
1,5259,529,536,9,not_xor
1,5260,133,138,12,not_a
1,5261,185,188,2,not_implies
1,5262,587,590,11,implied_by
1,5263,741,742,12,not_a
1,5264,483,491,10,not_b
1,5265,776,782,8,not_or
1,5266,421,427,11,implied_by
1,5267,722,726,10,not_b
1,5268,104,107,13,implies
1,5269,146,153,6,xor
1,5270,149,150,9,not_xor
1,5271,482,490,6,xor
1,5272,420,428,15,one
1,5273,441,444,11,implied_by
1,5274,331,334,11,implied_by
1,5275,15,22,2,not_implies
1,5276,339,342,7,or
1,5277,301,304,7,or
1,5278,308,314,6,xor
1,5279,440,448,8,not_or
1,5280,445,453,2,not_implies
1,5281,371,373,9,not_xor
1,5282,573,579,9,not_xor
1,5283,175,176,4,not_implied_by
1,5284,272,275,7,or
1,5285,651,652,12,not_a
1,5286,423,427,11,implied_by
1,5287,496,503,12,not_a
1,5288,280,286,7,or
1,5289,636,638,7,or
1,5290,428,436,12,not_a
1,5291,737,742,0,zero
1,5292,279,282,6,xor
1,5293,557,560,10,not_b
1,5294,747,751,14,not_and
1,5295,62,69,12,not_a
1,5296,265,269,9,not_xor
1,5297,20,24,2,not_implies
1,5298,79,86,13,implies
1,5299,62,70,3,a
1,5300,645,648,11,implied_by
1,5301,542,545,6,xor
1,5302,274,280,3,a
1,5303,347,354,7,or
1,5304,389,397,11,implied_by
1,5305,641,646,12,not_a
1,5306,432,437,3,a
1,5307,192,197,8,not_or
1,5308,512,519,6,xor
1,5309,524,532,4,not_implied_by
1,5310,339,345,3,a
1,5311,251,259,6,xor
1,5312,78,83,12,not_a
1,5313,223,225,15,one
1,5314,280,283,13,implies
1,5315,376,378,7,or
1,5316,67,70,0,zero
1,5317,499,502,15,one
1,5318,186,187,6,xor
1,5319,358,361,3,a
1,5320,345,347,6,xor
1,5321,159,161,1,and
1,5322,176,184,7,or
1,5323,132,136,13,implies
1,5324,7,12,10,not_b
1,5325,194,197,6,xor
1,5326,361,366,3,a
1,5327,380,384,3,a
1,5328,63,70,0,zero
1,5329,453,459,12,not_a
1,5330,523,525,14,not_and
1,5331,485,490,3,a
1,5332,486,490,6,xor
1,5333,33,34,10,not_b
1,5334,360,367,7,or
1,5335,322,326,3,a
1,5336,67,71,9,not_xor
1,5337,640,644,9,not_xor
1,5338,465,468,14,not_and
1,5339,366,367,14,not_and
1,5340,112,119,8,not_or
1,5341,13,21,4,not_implied_by
1,5342,82,86,12,not_a
1,5343,749,755,1,and
1,5344,490,495,9,not_xor
1,5345,627,633,6,xor
1,5346,177,178,11,implied_by
1,5347,534,535,14,not_and
1,5348,244,247,5,b
1,5349,515,520,9,not_xor
1,5350,582,583,2,not_implies
1,5351,361,364,1,and
1,5352,589,596,13,implies
1,5353,65,72,11,implied_by
1,5354,259,267,11,implied_by
1,5355,92,98,10,not_b
1,5356,573,578,9,not_xor
1,5357,510,515,6,xor
1,5358,477,483,5,b
1,5359,56,63,12,not_a
1,5360,187,194,15,one
1,5361,12,19,8,not_or
1,5362,76,77,15,one
1,5363,30,31,2,not_implies
1,5364,5,12,8,not_or
1,5365,367,372,8,not_or
1,5366,440,441,8,not_or
1,5367,197,198,3,a
1,5368,582,588,2,not_implies
1,5369,619,623,4,not_implied_by
1,5370,517,521,9,not_xor
1,5371,95,102,8,not_or
1,5372,112,113,8,not_or
1,5373,592,594,4,not_implied_by
1,5374,388,392,3,a
1,5375,362,366,14,not_and
1,5376,219,223,6,xor
1,5377,7,13,0,zero
1,5378,210,213,6,xor
1,5379,690,696,6,xor
1,5380,455,459,6,xor
1,5381,106,111,13,implies
1,5382,146,152,12,not_a
1,5383,165,173,10,not_b
1,5384,416,424,14,not_and
1,5385,593,597,7,or
1,5386,298,300,6,xor
1,5387,720,723,12,not_a
1,5388,221,225,10,not_b
1,5389,188,192,7,or
1,5390,571,574,12,not_a
1,5391,541,548,3,a
1,5392,195,202,4,not_implied_by
1,5393,312,314,6,xor
1,5394,363,365,9,not_xor
1,5395,341,349,7,or
1,5396,92,100,1,and
1,5397,574,581,9,not_xor
1,5398,669,670,0,zero
1,5399,265,271,13,implies
1,5400,367,370,5,b
1,5401,203,210,4,not_implied_by
1,5402,249,251,13,implies
1,5403,261,265,6,xor
1,5404,111,112,0,zero
1,5405,653,655,10,not_b
1,5406,627,632,10,not_b
1,5407,762,764,14,not_and
1,5408,136,139,13,implies
1,5409,520,525,8,not_or
1,5410,169,174,5,b
1,5411,706,713,6,xor
1,5412,435,441,2,not_implies
1,5413,731,734,9,not_xor
1,5414,540,542,8,not_or
1,5415,759,761,12,not_a
1,5416,467,470,13,implies
1,5417,536,538,0,zero
1,5418,50,54,0,zero
1,5419,429,432,1,and
1,5420,664,666,6,xor
1,5421,207,208,5,b
1,5422,672,674,5,b
1,5423,119,125,9,not_xor
1,5424,384,385,6,xor
1,5425,281,286,8,not_or
1,5426,385,389,6,xor
1,5427,394,402,4,not_implied_by
1,5428,346,348,2,not_implies
1,5429,267,275,2,not_implies
1,5430,58,63,0,zero
1,5431,171,176,0,zero
1,5432,178,186,15,one
1,5433,508,512,4,not_implied_by
1,5434,523,530,8,not_or
1,5435,24,30,10,not_b
1,5436,710,715,3,a
1,5437,342,344,6,xor
1,5438,154,157,9,not_xor
1,5439,214,220,3,a
1,5440,349,355,7,or
1,5441,355,357,7,or
1,5442,235,237,6,xor
1,5443,257,259,12,not_a
1,5444,566,573,10,not_b
1,5445,25,26,5,b
1,5446,402,410,5,b
1,5447,441,447,8,not_or
1,5448,461,465,13,implies
1,5449,160,168,13,implies
1,5450,712,714,6,xor
1,5451,71,78,8,not_or
1,5452,435,442,8,not_or
1,5453,595,602,8,not_or
1,5454,412,415,10,not_b
1,5455,346,350,13,implies
1,5456,46,51,3,a
1,5457,395,400,3,a
1,5458,414,415,4,not_implied_by
1,5459,191,198,8,not_or
1,5460,741,744,7,or
1,5461,464,465,7,or
1,5462,406,407,6,xor
1,5463,749,754,2,not_implies
1,5464,12,14,0,zero
1,5465,106,113,3,a
1,5466,648,655,11,implied_by
1,5467,684,689,4,not_implied_by
1,5468,278,281,5,b
1,5469,465,471,6,xor
1,5470,62,68,11,implied_by
1,5471,31,34,3,a
1,5472,713,715,6,xor
1,5473,4,6,13,implies
1,5474,330,331,5,b
1,5475,704,709,5,b
1,5476,165,168,15,one
1,5477,535,538,3,a
1,5478,303,309,0,zero
1,5479,242,249,2,not_implies
1,5480,74,82,15,one
1,5481,163,169,7,or
1,5482,548,549,2,not_implies
1,5483,229,237,4,not_implied_by
1,5484,238,242,3,a
1,5485,124,131,8,not_or
1,5486,396,401,2,not_implies
1,5487,85,91,0,zero
1,5488,370,378,7,or
1,5489,146,147,14,not_and
1,5490,601,604,12,not_a
1,5491,471,472,12,not_a
1,5492,772,776,11,implied_by
1,5493,47,50,15,one
1,5494,145,146,1,and
1,5495,83,91,6,xor
1,5496,603,606,8,not_or
1,5497,198,204,9,not_xor
1,5498,289,296,3,a
1,5499,623,627,8,not_or
1,5500,540,543,9,not_xor
1,5501,134,139,15,one
1,5502,407,411,6,xor
1,5503,244,249,11,implied_by
1,5504,652,653,10,not_b
1,5505,125,129,8,not_or
1,5506,352,358,7,or
1,5507,72,75,5,b
1,5508,496,500,10,not_b
1,5509,408,416,3,a
1,5510,479,484,6,xor
1,5511,184,185,1,and
1,5512,575,577,10,not_b
1,5513,366,372,5,b
1,5514,413,420,7,or
1,5515,719,723,6,xor
1,5516,700,702,15,one
1,5517,627,628,10,not_b
1,5518,638,644,3,a
1,5519,625,626,9,not_xor
1,5520,200,203,11,implied_by
1,5521,520,521,2,not_implies
1,5522,373,376,6,xor
1,5523,690,693,7,or
1,5524,506,512,12,not_a
1,5525,251,257,8,not_or
1,5526,704,705,15,one
1,5527,555,562,0,zero
1,5528,378,380,5,b
1,5529,646,648,5,b
1,5530,467,474,5,b
1,5531,332,335,4,not_implied_by
1,5532,81,88,6,xor
1,5533,69,72,13,implies
1,5534,452,458,7,or
1,5535,79,80,2,not_implies
1,5536,212,219,2,not_implies
1,5537,219,227,12,not_a
1,5538,674,681,5,b
1,5539,5,13,0,zero
1,5540,489,497,10,not_b
1,5541,257,258,13,implies
1,5542,540,546,12,not_a
1,5543,386,393,6,xor
1,5544,24,28,3,a
1,5545,410,412,7,or
1,5546,775,780,4,not_implied_by
1,5547,59,62,8,not_or
1,5548,254,257,3,a
1,5549,336,337,4,not_implied_by
1,5550,669,672,15,one
1,5551,426,431,6,xor
1,5552,477,484,7,or
1,5553,87,89,3,a
1,5554,764,770,10,not_b
1,5555,483,485,9,not_xor
1,5556,118,123,9,not_xor
1,5557,69,71,7,or
1,5558,471,476,14,not_and
1,5559,621,625,9,not_xor
1,5560,179,180,9,not_xor
1,5561,549,552,12,not_a
1,5562,316,320,6,xor
1,5563,216,221,6,xor
1,5564,203,211,4,not_implied_by
1,5565,691,694,7,or
1,5566,349,354,5,b
1,5567,271,273,14,not_and
1,5568,318,320,6,xor
1,5569,745,747,6,xor
1,5570,107,115,0,zero
1,5571,123,129,8,not_or
1,5572,273,274,10,not_b
1,5573,662,666,14,not_and
1,5574,709,711,6,xor
1,5575,353,354,1,and
1,5576,72,77,0,zero
1,5577,538,546,8,not_or
1,5578,772,773,3,a
1,5579,88,96,9,not_xor
1,5580,81,87,11,implied_by
1,5581,308,309,15,one
1,5582,416,418,12,not_a
1,5583,292,294,0,zero
1,5584,294,296,8,not_or
1,5585,317,321,10,not_b
1,5586,140,148,14,not_and
1,5587,100,104,9,not_xor
1,5588,436,440,6,xor
1,5589,769,774,3,a
1,5590,743,750,10,not_b
1,5591,132,137,11,implied_by
1,5592,153,159,9,not_xor
1,5593,279,281,9,not_xor
1,5594,470,476,13,implies
1,5595,622,629,8,not_or
1,5596,291,298,5,b
1,5597,604,608,12,not_a
1,5598,88,91,15,one
1,5599,431,437,5,b
1,5600,756,759,4,not_implied_by
1,5601,460,461,7,or
1,5602,284,290,7,or
1,5603,576,582,8,not_or
1,5604,546,548,6,xor
1,5605,297,299,7,or
1,5606,510,518,10,not_b
1,5607,481,482,12,not_a
1,5608,591,597,8,not_or
1,5609,440,444,4,not_implied_by
1,5610,564,567,8,not_or
1,5611,310,313,10,not_b
1,5612,172,173,13,implies
1,5613,654,659,10,not_b
1,5614,232,233,0,zero
1,5615,701,707,5,b
1,5616,209,210,7,or
1,5617,616,618,1,and
1,5618,527,534,1,and
1,5619,21,27,3,a
1,5620,405,408,1,and
1,5621,756,758,1,and
1,5622,580,585,12,not_a
1,5623,301,307,3,a
1,5624,444,450,13,implies
1,5625,325,331,2,not_implies
1,5626,185,193,6,xor
1,5627,725,731,13,implies
1,5628,324,332,2,not_implies
1,5629,638,641,4,not_implied_by
1,5630,376,377,5,b
1,5631,182,184,3,a
1,5632,380,386,3,a
1,5633,713,718,6,xor
1,5634,498,501,9,not_xor
1,5635,566,567,8,not_or
1,5636,530,536,13,implies
1,5637,216,223,6,xor
1,5638,336,341,7,or
1,5639,769,771,14,not_and
1,5640,86,92,13,implies
1,5641,191,199,12,not_a
1,5642,673,676,2,not_implies
1,5643,133,136,12,not_a
1,5644,100,105,13,implies
1,5645,475,480,5,b
1,5646,136,141,9,not_xor
1,5647,337,340,5,b
1,5648,401,406,5,b
1,5649,298,301,2,not_implies
1,5650,109,114,10,not_b
1,5651,435,436,5,b
1,5652,23,31,5,b
1,5653,334,339,4,not_implied_by
1,5654,678,680,7,or
1,5655,541,547,15,one
1,5656,228,235,13,implies
1,5657,65,71,13,implies
1,5658,635,640,8,not_or
1,5659,418,421,11,implied_by
1,5660,510,512,12,not_a
1,5661,586,590,8,not_or
1,5662,264,269,6,xor
1,5663,52,54,0,zero
1,5664,27,31,7,or
1,5665,358,359,12,not_a
1,5666,311,316,7,or
1,5667,27,29,0,zero
1,5668,123,131,11,implied_by
1,5669,724,729,7,or
1,5670,548,555,8,not_or
1,5671,176,183,6,xor
1,5672,757,763,0,zero
1,5673,768,773,7,or
1,5674,128,133,9,not_xor
1,5675,779,782,14,not_and
1,5676,445,450,1,and
1,5677,369,374,7,or
1,5678,501,507,2,not_implies
1,5679,470,471,6,xor
1,5680,459,461,10,not_b
1,5681,466,470,11,implied_by
1,5682,194,199,10,not_b
1,5683,502,508,13,implies
1,5684,316,322,11,implied_by
1,5685,663,669,8,not_or
1,5686,544,550,8,not_or
1,5687,755,758,10,not_b
1,5688,765,768,12,not_a
1,5689,420,423,14,not_and
1,5690,112,117,13,implies
1,5691,505,512,10,not_b
1,5692,148,150,9,not_xor
1,5693,699,701,1,and
1,5694,653,654,12,not_a
1,5695,525,527,12,not_a
1,5696,430,431,12,not_a
1,5697,763,767,13,implies
1,5698,528,536,9,not_xor
1,5699,318,324,3,a
1,5700,47,55,15,one
1,5701,310,311,14,not_and
1,5702,296,300,2,not_implies
1,5703,559,565,14,not_and
1,5704,486,489,9,not_xor
1,5705,379,387,2,not_implies
1,5706,371,379,3,a
1,5707,425,431,6,xor
1,5708,13,16,15,one
1,5709,178,180,13,implies
1,5710,711,718,6,xor
1,5711,657,658,10,not_b
1,5712,317,322,10,not_b
1,5713,300,308,10,not_b
1,5714,482,489,8,not_or
1,5715,295,297,12,not_a
1,5716,489,495,8,not_or
1,5717,517,523,9,not_xor
1,5718,765,771,1,and
1,5719,322,323,14,not_and
1,5720,97,101,11,implied_by
1,5721,515,516,9,not_xor
1,5722,132,133,8,not_or
1,5723,276,283,9,not_xor
1,5724,168,174,8,not_or
1,5725,457,460,1,and
1,5726,428,429,6,xor
1,5727,35,42,5,b
1,5728,58,62,7,or
1,5729,393,400,4,not_implied_by
1,5730,137,141,3,a
1,5731,671,675,6,xor
1,5732,16,19,4,not_implied_by
1,5733,551,554,6,xor
1,5734,157,161,8,not_or
1,5735,65,70,15,one
1,5736,649,654,4,not_implied_by
1,5737,123,127,8,not_or
1,5738,278,282,0,zero
1,5739,658,661,12,not_a
1,5740,14,20,14,not_and
1,5741,444,447,1,and
1,5742,531,534,7,or
1,5743,156,162,8,not_or
1,5744,219,224,9,not_xor
1,5745,513,517,9,not_xor
1,5746,768,770,6,xor
1,5747,198,203,9,not_xor
1,5748,217,224,8,not_or
1,5749,454,461,8,not_or
1,5750,206,211,5,b
1,5751,24,25,8,not_or
1,5752,112,120,7,or
1,5753,177,180,9,not_xor
1,5754,538,541,8,not_or
1,5755,475,483,9,not_xor
1,5756,69,77,3,a
1,5757,356,357,3,a
1,5758,240,246,2,not_implies
1,5759,128,129,8,not_or
1,5760,533,541,8,not_or
1,5761,747,750,6,xor
1,5762,443,445,8,not_or
1,5763,281,282,8,not_or
1,5764,355,356,7,or
1,5765,134,140,0,zero
1,5766,86,93,15,one
1,5767,428,433,6,xor
1,5768,728,733,12,not_a
1,5769,196,204,10,not_b
1,5770,243,247,8,not_or
1,5771,515,523,9,not_xor
1,5772,415,423,9,not_xor
1,5773,734,738,7,or
1,5774,159,162,8,not_or
1,5775,46,53,4,not_implied_by
1,5776,95,100,11,implied_by
1,5777,19,25,5,b
1,5778,764,765,14,not_and
1,5779,612,614,3,a
1,5780,66,67,15,one
1,5781,295,299,13,implies
1,5782,380,383,7,or
1,5783,194,195,4,not_implied_by
1,5784,216,222,13,implies
1,5785,217,222,8,not_or
1,5786,369,373,6,xor
1,5787,159,166,8,not_or
1,5788,42,45,0,zero
1,5789,373,378,13,implies
1,5790,610,615,12,not_a
1,5791,21,22,5,b
1,5792,661,664,4,not_implied_by
1,5793,607,611,8,not_or
1,5794,714,715,2,not_implies
1,5795,113,120,12,not_a
1,5796,622,626,12,not_a
1,5797,212,215,3,a
1,5798,386,392,7,or
1,5799,412,416,9,not_xor
1,5800,363,368,6,xor
1,5801,34,39,15,one
1,5802,261,266,4,not_implied_by
1,5803,121,125,9,not_xor
1,5804,727,734,10,not_b
1,5805,694,695,10,not_b
1,5806,112,116,9,not_xor
1,5807,340,347,2,not_implies
1,5808,683,690,4,not_implied_by
1,5809,406,412,6,xor
1,5810,598,605,9,not_xor
1,5811,232,238,5,b
1,5812,415,417,3,a
1,5813,321,327,4,not_implied_by
1,5814,264,266,6,xor
1,5815,586,593,8,not_or
1,5816,84,91,8,not_or
1,5817,162,169,8,not_or
1,5818,412,419,3,a
1,5819,33,38,15,one
1,5820,510,514,12,not_a
1,5821,142,150,11,implied_by
1,5822,666,670,7,or
1,5823,68,73,11,implied_by
1,5824,368,374,7,or
1,5825,201,209,4,not_implied_by
1,5826,567,569,8,not_or
1,5827,28,36,11,implied_by
1,5828,652,654,5,b
1,5829,492,494,6,xor
1,5830,608,614,4,not_implied_by
1,5831,736,739,6,xor
1,5832,323,327,5,b
1,5833,23,25,1,and
1,5834,673,680,1,and
1,5835,733,740,6,xor
1,5836,274,276,12,not_a
1,5837,500,504,11,implied_by
1,5838,459,463,4,not_implied_by
1,5839,471,473,0,zero
1,5840,78,85,13,implies
1,5841,38,43,9,not_xor
1,5842,20,22,9,not_xor
1,5843,185,192,2,not_implies
1,5844,220,221,8,not_or
1,5845,507,515,12,not_a
1,5846,190,194,13,implies
1,5847,345,350,5,b
1,5848,319,323,11,implied_by
1,5849,152,156,8,not_or
1,5850,508,510,3,a
1,5851,443,444,12,not_a
1,5852,545,551,8,not_or
1,5853,139,145,5,b
1,5854,54,55,14,not_and
1,5855,579,585,14,not_and
1,5856,125,130,8,not_or
1,5857,739,742,5,b
1,5858,63,64,13,implies
1,5859,285,293,9,not_xor
1,5860,585,588,10,not_b
1,5861,421,428,2,not_implies
1,5862,274,277,9,not_xor
1,5863,285,291,6,xor
1,5864,710,713,6,xor
1,5865,180,183,5,b
1,5866,138,143,10,not_b
1,5867,242,246,3,a
1,5868,452,453,1,and
1,5869,474,482,2,not_implies
1,5870,330,335,6,xor
1,5871,56,58,14,not_and
1,5872,592,596,10,not_b
1,5873,584,587,14,not_and
1,5874,573,575,12,not_a
1,5875,632,639,12,not_a
1,5876,767,768,11,implied_by
1,5877,364,371,6,xor
1,5878,101,102,10,not_b
1,5879,474,475,13,implies
1,5880,425,428,6,xor
1,5881,73,79,1,and
1,5882,681,682,6,xor
1,5883,55,56,4,not_implied_by
1,5884,707,708,5,b
1,5885,152,159,10,not_b
1,5886,654,655,12,not_a
1,5887,734,741,13,implies
1,5888,413,414,10,not_b
1,5889,761,768,8,not_or
1,5890,506,509,11,implied_by
1,5891,23,28,9,not_xor
1,5892,385,391,11,implied_by
1,5893,607,610,14,not_and
1,5894,317,324,1,and
1,5895,6,10,15,one
1,5896,433,439,14,not_and
1,5897,382,389,2,not_implies
1,5898,51,52,10,not_b
1,5899,455,463,12,not_a
1,5900,431,438,5,b
1,5901,488,490,6,xor
1,5902,523,524,14,not_and
1,5903,392,396,5,b
1,5904,29,32,5,b
1,5905,83,87,12,not_a
1,5906,576,579,14,not_and
1,5907,143,145,8,not_or
1,5908,516,520,14,not_and
1,5909,722,728,3,a
1,5910,427,434,11,implied_by
1,5911,774,777,4,not_implied_by
1,5912,643,644,2,not_implies
1,5913,425,426,3,a
1,5914,564,566,9,not_xor
1,5915,386,391,1,and
1,5916,39,47,3,a
1,5917,171,173,1,and
1,5918,254,262,1,and
1,5919,243,249,8,not_or
1,5920,255,256,13,implies
1,5921,70,78,0,zero
1,5922,537,541,8,not_or
1,5923,331,335,12,not_a
1,5924,29,31,11,implied_by
1,5925,72,80,12,not_a
1,5926,549,554,8,not_or
1,5927,619,626,11,implied_by
1,5928,119,124,10,not_b
1,5929,145,150,1,and
1,5930,338,340,7,or
1,5931,165,166,2,not_implies
1,5932,365,372,4,not_implied_by
1,5933,751,755,11,implied_by
1,5934,40,44,4,not_implied_by
1,5935,733,735,5,b
1,5936,39,41,5,b
1,5937,708,715,3,a
1,5938,430,433,13,implies
1,5939,4,11,4,not_implied_by
1,5940,315,320,2,not_implies
1,5941,666,667,7,or
1,5942,116,119,9,not_xor
1,5943,173,175,10,not_b
1,5944,458,460,9,not_xor
1,5945,664,669,5,b
1,5946,457,465,1,and
1,5947,665,667,7,or
1,5948,104,110,5,b
1,5949,20,21,0,zero
1,5950,61,64,8,not_or
1,5951,361,363,14,not_and
1,5952,736,740,6,xor
1,5953,432,439,6,xor
1,5954,486,492,9,not_xor
1,5955,260,263,6,xor
1,5956,636,643,14,not_and
1,5957,329,335,2,not_implies
1,5958,94,97,5,b
1,5959,262,269,1,and
1,5960,776,781,14,not_and
1,5961,26,28,1,and
1,5962,595,597,8,not_or
1,5963,383,385,7,or
1,5964,672,677,4,not_implied_by
1,5965,292,299,5,b
1,5966,306,314,6,xor
1,5967,347,350,9,not_xor
1,5968,642,647,0,zero
1,5969,98,102,9,not_xor
1,5970,212,213,7,or
1,5971,108,114,3,a
1,5972,262,268,8,not_or
1,5973,498,500,5,b
1,5974,384,389,6,xor
1,5975,379,381,5,b
1,5976,233,239,5,b
1,5977,383,386,6,xor
1,5978,540,547,14,not_and
1,5979,253,257,5,b
1,5980,34,40,0,zero
1,5981,143,144,13,implies
1,5982,695,699,5,b
1,5983,248,254,8,not_or
1,5984,32,39,15,one
1,5985,635,638,11,implied_by
1,5986,38,40,12,not_a
1,5987,457,461,9,not_xor
1,5988,264,272,14,not_and
1,5989,100,107,8,not_or
1,5990,390,391,15,one
1,5991,65,73,12,not_a
1,5992,585,592,4,not_implied_by
1,5993,474,476,8,not_or
1,5994,70,75,2,not_implies
1,5995,620,623,10,not_b
1,5996,403,408,5,b
1,5997,426,430,6,xor
1,5998,440,447,8,not_or
1,5999,780,781,12,not_a
